time,Cx,Cy,Cz,Mx,My,Mz,Cx_p,Cy_p,Cz_p,Cx_v,Cy_v,Cz_v,Mx_p,My_p,Mz_p,Mx_v,My_v,Mz_v
1.00000000e+00,3.25475522e+00,-2.34391673e-05,6.35497221e-06,-1.59803438e-03,-5.25885264e-05,-2.22349575e-04,4.84005350e-01,-2.31430937e-05,6.41995299e-06,2.77074987e+00,-2.96073592e-07,-6.49807965e-08,-1.60892248e-03,-5.73188435e-05,-1.91453868e-04,1.08880920e-05,4.73031726e-06,-3.08957076e-05
2.00000000e+00,3.42643066e+00,-3.84077534e-05,-1.49884122e-06,-1.35590932e-03,1.79150413e-05,-3.48951657e-04,6.35767868e-01,-3.81003610e-05,-1.41419743e-06,2.79066280e+00,-3.07392501e-07,-8.46437954e-08,-1.36001918e-03,1.29521554e-05,-3.17074578e-04,4.10985734e-06,4.96288590e-06,-3.18770787e-05
3.00000000e+00,3.49211269e+00,-5.16565406e-05,-6.67257154e-06,-9.83434294e-04,1.92334536e-05,-4.64510559e-04,7.11586098e-01,-5.19479257e-05,-6.92338640e-06,2.78052659e+00,2.91384764e-07,2.50814861e-07,-9.82300297e-04,1.47745882e-05,-4.37540451e-04,-1.13399908e-06,4.45886537e-06,-2.69701088e-05
4.00000000e+00,3.52274348e+00,-6.10710643e-05,5.32014777e-06,-5.93409459e-04,-5.08002158e-06,-5.48978283e-04,7.59160624e-01,-6.20545507e-05,5.15693747e-06,2.76358285e+00,9.83486373e-07,1.63210341e-07,-5.89023209e-04,-1.01159311e-05,-5.28486364e-04,-4.38624976e-06,5.03590952e-06,-2.04919197e-05
5.00000000e+00,3.52444679e+00,-7.07368437e-05,-3.32908895e-06,-5.53985355e-04,2.05330840e-05,-6.13143188e-04,7.97858392e-01,-7.25646067e-05,-3.76466102e-06,2.72658839e+00,1.82776331e-06,4.35572073e-07,-5.46534634e-04,1.61912929e-05,-6.00007416e-04,-7.45071925e-06,4.34179109e-06,-1.31357701e-05
6.00000000e+00,3.49479337e+00,-6.50069676e-05,1.09112470e-05,-6.45526299e-04,-6.18508843e-06,-5.63070580e-04,8.23907174e-01,-6.76047308e-05,1.03219847e-05,2.67088620e+00,2.59776305e-06,5.89262259e-07,-6.45798930e-04,-9.91763922e-06,-5.56434037e-04,2.72627227e-07,3.73255078e-06,-6.63654253e-06
7.00000000e+00,3.43813653e+00,-5.34218052e-05,1.24500530e-05,-8.62708027e-04,-1.81223874e-05,-4.75771497e-04,8.45289628e-01,-5.63179347e-05,1.19745848e-05,2.59284691e+00,2.89612911e-06,4.75468150e-07,-8.59780239e-04,-2.16267956e-05,-4.72687178e-04,-2.92778802e-06,3.50440823e-06,-3.08431854e-06
8.00000000e+00,3.35309974e+00,-4.31999983e-05,-4.54328060e-06,-9.32246173e-04,8.30062974e-06,-3.66811697e-04,8.57464778e-01,-4.60871453e-05,-5.81557286e-06,2.49563496e+00,2.88714694e-06,1.27229225e-06,-9.30301845e-04,6.49685927e-06,-3.63713667e-04,-1.94432563e-06,1.80377049e-06,-3.09802971e-06
9.00000000e+00,3.25393752e+00,-3.20988829e-05,3.52139459e-06,-1.13966083e-03,-1.77928785e-05,-3.06461766e-04,8.73608490e-01,-3.44045294e-05,2.41591015e-06,2.38032903e+00,2.30564650e-06,1.10548444e-06,-1.13592228e-03,-1.90213126e-05,-2.99748473e-04,-3.73855922e-06,1.22843406e-06,-6.71329335e-06
1.00000000e+01,3.13788277e+00,-1.99638913e-05,1.95634609e-06,-1.30136224e-03,5.34887474e-05,-2.16140020e-04,8.85344455e-01,-2.13816567e-05,1.19464087e-06,2.25253831e+00,1.41776544e-06,7.61705222e-07,-1.31312543e-03,5.20833929e-05,-2.04451133e-04,1.17631905e-05,1.40535441e-06,-1.16888862e-05
1.10000000e+01,3.01115420e+00,-3.12711503e-05,4.72801885e-06,-1.02130959e-03,5.72615985e-05,-3.03228324e-04,8.93640360e-01,-3.20289214e-05,4.95646242e-06,2.11751384e+00,7.57771077e-07,-2.28443593e-07,-1.03368928e-03,5.52946651e-05,-2.87774838e-04,1.23796881e-05,1.96693363e-06,-1.54534860e-05
1.20000000e+01,2.87504772e+00,-1.06281719e-05,1.69723407e-05,-1.11166878e-03,-9.03869230e-05,-1.26181854e-04,8.97942847e-01,-1.08388543e-05,1.72029194e-05,1.97710488e+00,2.10682441e-07,-2.30578625e-07,-1.12047583e-03,-9.25434121e-05,-1.08676195e-04,8.80705182e-06,2.15648895e-06,-1.75056586e-05
1.30000000e+01,2.73747693e+00,-2.56136395e-05,2.45779050e-05,-7.54358681e-04,-1.45246058e-04,-2.26799648e-04,9.02145500e-01,-2.56819023e-05,2.44158630e-05,1.83533144e+00,6.82627434e-08,1.62042045e-07,-7.53078557e-04,-1.46771308e-04,-2.09695108e-04,-1.28011996e-06,1.52525005e-06,-1.71045396e-05
1.40000000e+01,2.60278196e+00,-7.25746278e-06,4.01414422e-05,-5.28681310e-04,-3.40278177e-04,-5.05496390e-05,9.10730115e-01,-7.30233720e-06,4.02997124e-05,1.69205185e+00,4.48744252e-08,-1.58270056e-07,-5.39699031e-04,-3.42336053e-04,-3.46754725e-05,1.10177219e-05,2.05787648e-06,-1.58741663e-05
1.50000000e+01,2.46999516e+00,-1.54192373e-05,2.34370961e-05,5.31474287e-04,-3.24709058e-04,-6.76376258e-05,9.19368923e-01,-1.52513120e-05,2.32787667e-05,1.55062623e+00,-1.67925273e-07,1.58329399e-07,4.65737581e-04,-3.25215494e-04,-5.25532711e-05,6.57367063e-05,5.06435992e-07,-1.50843546e-05
1.60000000e+01,2.33881527e+00,-1.37550834e-05,3.75858089e-05,2.94183577e-03,-4.34061745e-04,3.55187515e-05,9.26142843e-01,-1.34538921e-05,3.68311718e-05,1.41267243e+00,-3.01191322e-07,7.54637189e-07,2.90393817e-03,-4.32436276e-04,4.82383169e-05,3.78975949e-05,-1.62546921e-06,-1.27195654e-05
1.70000000e+01,2.21268686e+00,-5.45415981e-05,7.80704936e-05,4.64616050e-03,-5.76863224e-04,-2.61129435e-06,9.28658007e-01,-5.33736882e-05,7.60467539e-05,1.28402886e+00,-1.16790988e-06,2.02373983e-06,4.60913009e-03,-5.69595257e-04,1.15646314e-05,3.70304091e-05,-7.26796707e-06,-1.41759257e-05
1.80000000e+01,2.09660746e+00,-1.30368244e-04,1.99279446e-04,6.50176563e-03,-1.21143635e-03,-8.11459396e-05,9.28319391e-01,-1.28210597e-04,1.95705999e-04,1.16828806e+00,-2.15764699e-06,3.57344767e-06,6.47940518e-03,-1.19511744e-03,-6.57326793e-05,2.23604345e-05,-1.63189096e-05,-1.54132604e-05
1.90000000e+01,1.98442256e+00,-2.18353233e-04,2.93106407e-04,9.06590513e-03,-1.55798713e-03,-7.21268854e-05,9.19865939e-01,-2.15180670e-04,2.88178721e-04,1.06455661e+00,-3.17256252e-06,4.92768556e-06,9.04588506e-03,-1.53571588e-03,-5.45862742e-05,2.00200701e-05,-2.22712528e-05,-1.75406113e-05
2.00000000e+01,1.88005704e+00,-3.00326698e-04,5.11599658e-04,1.25283699e-02,-2.55787494e-03,9.06182255e-05,9.08676930e-01,-2.97204720e-04,5.03141280e-04,9.71380114e-01,-3.12197739e-06,8.45838093e-06,1.24785219e-02,-2.51451777e-03,1.06163957e-04,4.98480674e-05,-4.33571635e-05,-1.55457315e-05
2.10000000e+01,1.77948847e+00,-3.74682573e-04,7.55244106e-04,1.76827120e-02,-3.31104037e-03,3.26529621e-04,8.91407448e-01,-3.71274427e-04,7.45207733e-04,8.88081018e-01,-3.40814579e-06,1.00363736e-05,1.75747457e-02,-3.25405679e-03,3.44696499e-04,1.07966220e-04,-5.69835797e-05,-1.81668781e-05
2.20000000e+01,1.68810171e+00,-4.86788956e-04,1.10014468e-03,2.52038380e-02,-4.85154230e-03,5.92879084e-05,8.74460418e-01,-4.83359163e-04,1.08946914e-03,8.13641294e-01,-3.42979274e-06,1.06755336e-05,2.50193297e-02,-4.78139044e-03,8.13885728e-05,1.84508350e-04,-7.01518581e-05,-2.21006645e-05
2.30000000e+01,1.60330522e+00,-5.23043407e-04,1.32433105e-03,3.43775176e-02,-5.71667139e-03,9.30241248e-05,8.55757347e-01,-5.19537632e-04,1.31465643e-03,7.47547871e-01,-3.50577242e-06,9.67461604e-06,3.41251982e-02,-5.64286100e-03,1.23310364e-04,2.52319417e-04,-7.38103802e-05,-3.02862395e-05
2.40000000e+01,1.53041044e+00,-6.31563080e-04,1.59695219e-03,4.32824573e-02,-7.17720998e-03,-8.80151960e-04,8.41735765e-01,-6.29236240e-04,1.58868884e-03,6.88674671e-01,-2.32684276e-06,8.26334829e-06,4.30031356e-02,-7.10070795e-03,-8.48663829e-04,2.79321714e-04,-7.65019959e-05,-3.14881318e-05
2.50000000e+01,1.46654832e+00,-6.55219944e-04,1.78463505e-03,4.97396760e-02,-8.42940821e-03,-1.54549778e-03,8.29781396e-01,-6.54961551e-04,1.77871482e-03,6.36766921e-01,-2.58390983e-07,5.92023631e-06,4.95075210e-02,-8.35704474e-03,-1.51628499e-03,2.32155018e-04,-7.23634754e-05,-2.92127891e-05
2.60000000e+01,1.41592446e+00,-6.30096275e-04,1.97313163e-03,5.24668596e-02,-1.01753865e-02,-2.19479310e-03,8.24870136e-01,-6.32083297e-04,1.96832515e-03,5.91054320e-01,1.98701920e-06,4.80647657e-06,5.23646033e-02,-1.00940583e-02,-2.16827903e-03,1.02256391e-04,-8.13282549e-05,-2.65140664e-05
2.70000000e+01,1.37506375e+00,-4.57492943e-04,2.04739649e-03,5.18739872e-02,-1.15864748e-02,-1.86117203e-03,8.23678674e-01,-4.63747478e-04,2.04741832e-03,5.51385074e-01,6.25453604e-06,-2.18261068e-08,5.19160477e-02,-1.15229910e-02,-1.86057810e-03,-4.20605739e-05,-6.34838401e-05,-5.93926759e-07
2.80000000e+01,1.34524427e+00,-1.96257316e-04,2.04676941e-03,4.84150683e-02,-1.29183399e-02,-9.14598006e-04,8.28156659e-01,-2.06866952e-04,2.05058659e-03,5.17087608e-01,1.06096358e-05,-3.81718366e-06,4.85962568e-02,-1.28671372e-02,-9.45653059e-04,-1.81188443e-04,-5.12026990e-05,3.10550561e-05
2.90000000e+01,1.32242945e+00,1.02225263e-04,1.87782328e-03,4.31762104e-02,-1.31825124e-02,3.38874318e-04,8.34517439e-01,9.00379134e-05,1.88603063e-03,4.87912009e-01,1.21873502e-05,-8.20735043e-06,4.34571833e-02,-1.31593018e-02,2.87089666e-04,-2.80972946e-04,-2.32105035e-05,5.17846517e-05
3.00000000e+01,1.30603235e+00,4.25324233e-04,1.62955035e-03,3.70555343e-02,-1.29369703e-02,2.09545662e-03,8.43078577e-01,4.12310554e-04,1.64221285e-03,4.62953770e-01,1.30136785e-05,-1.26625004e-05,3.73960998e-02,-1.29403060e-02,2.02478497e-03,-3.40565424e-04,3.33566304e-06,7.06716387e-05
3.10000000e+01,1.29140185e+00,6.91834976e-04,1.22228767e-03,3.10101683e-02,-1.16770534e-02,3.56644195e-03,8.49768344e-01,6.79956481e-04,1.23778080e-03,4.41633510e-01,1.18784979e-05,-1.54931361e-05,3.13588328e-02,-1.17148830e-02,3.48167335e-03,-3.48664493e-04,3.78297134e-05,8.47686038e-05
3.20000000e+01,1.27608797e+00,8.72314471e-04,8.36547282e-04,2.55236658e-02,-1.02640798e-02,4.77423294e-03,8.52986054e-01,8.63541076e-04,8.51740820e-04,4.23101914e-01,8.77339341e-06,-1.51935371e-05,2.58491220e-02,-1.03275668e-02,4.69062921e-03,-3.25456162e-04,6.34870438e-05,8.36037259e-05
3.30000000e+01,1.25944740e+00,1.02280096e-03,4.30651491e-04,2.08744906e-02,-8.18806001e-03,6.08344027e-03,8.52135675e-01,1.01649915e-03,4.50009273e-04,4.07311730e-01,6.30180933e-06,-1.93577811e-05,2.11630562e-02,-8.30416495e-03,6.00356283e-03,-2.88565540e-04,1.16104920e-04,7.98774636e-05
3.40000000e+01,1.24083086e+00,1.07295656e-03,8.23528433e-05,1.69949615e-02,-6.20645505e-03,6.83715768e-03,8.47158683e-01,1.07006502e-03,1.02421854e-04,3.93672179e-01,2.89153863e-06,-2.00690107e-05,1.72535030e-02,-6.35425231e-03,6.77090040e-03,-2.58541472e-04,1.47797248e-04,6.62572819e-05
3.50000000e+01,1.22129192e+00,1.01623364e-03,-2.51440285e-04,1.35823381e-02,-3.92038936e-03,6.90006304e-03,8.39479488e-01,1.01854937e-03,-2.35726270e-04,3.81812430e-01,-2.31573297e-06,-1.57140153e-05,1.38204264e-02,-4.06870080e-03,6.86618454e-03,-2.38088325e-04,1.48311441e-04,3.38784708e-05
3.60000000e+01,1.20244603e+00,8.61046730e-04,-4.86007346e-04,1.03371557e-02,-1.94443222e-03,6.33116106e-03,8.31268976e-01,8.67673960e-04,-4.80110054e-04,3.71177055e-01,-6.62723074e-06,-5.89729178e-06,1.05578711e-02,-2.05001340e-03,6.32905229e-03,-2.20715386e-04,1.05581179e-04,2.10874854e-06
3.70000000e+01,1.18288957e+00,5.60101440e-04,-4.94495777e-04,7.24773974e-03,-1.18989187e-03,4.72402779e-03,8.21633243e-01,5.68711771e-04,-4.99325024e-04,3.61256324e-01,-8.61033222e-06,4.82924821e-06,7.44858321e-03,-1.23507801e-03,4.73936138e-03,-2.00843452e-04,4.51861418e-05,-1.53335876e-05
3.80000000e+01,1.16344416e+00,2.64386685e-04,-2.98963069e-04,4.54585194e-03,-1.58557210e-03,3.04565487e-03,8.11640189e-01,2.74327864e-04,-3.10357887e-04,3.51803974e-01,-9.94117981e-06,1.13948178e-05,4.72131300e-03,-1.59289864e-03,3.08176215e-03,-1.75461058e-04,7.32653183e-06,-3.61072794e-05
3.90000000e+01,1.14322913e+00,-1.49705792e-05,-3.15615931e-05,2.45938810e-03,-2.54797599e-03,1.39704180e-03,8.00759564e-01,-3.65283165e-06,-4.45227157e-05,3.42469569e-01,-1.13177476e-05,1.29611224e-05,2.60970345e-03,-2.53794031e-03,1.45273989e-03,-1.50315358e-04,-1.00356766e-05,-5.56980913e-05
4.00000000e+01,1.12318331e+00,-3.66660536e-04,2.45491540e-04,9.00228030e-04,-3.58553402e-03,-1.01326416e-03,7.90000723e-01,-3.55474547e-04,2.31434619e-04,3.33182583e-01,-1.11859892e-05,1.40569208e-05,1.02886810e-03,-3.56269863e-03,-9.50340174e-04,-1.28640066e-04,-2.28353907e-05,-6.29239880e-05
4.10000000e+01,1.10280571e+00,-7.22518663e-04,5.35698851e-04,-2.28049489e-04,-4.83896935e-03,-3.59639054e-03,7.79011538e-01,-7.10986965e-04,5.21677653e-04,3.23794168e-01,-1.15316950e-05,1.40211965e-05,-1.17284826e-04,-4.79954528e-03,-3.52056331e-03,-1.10764662e-04,-3.94240700e-05,-7.58272385e-05
4.20000000e+01,1.08275229e+00,-1.04528353e-03,7.84785265e-04,-9.66133340e-04,-5.95776381e-03,-6.15343029e-03,7.68405630e-01,-1.03787816e-03,7.72647871e-04,3.14346663e-01,-7.40537854e-06,1.21373953e-05,-8.71590332e-04,-5.91601532e-03,-6.10309420e-03,-9.45430088e-05,-4.17484561e-05,-5.03360449e-05
4.30000000e+01,1.06311696e+00,-1.23574146e-03,9.73102087e-04,-1.30717798e-03,-6.81880263e-03,-7.71839188e-03,7.58296072e-01,-1.23028513e-03,9.63331884e-04,3.04820886e-01,-5.45632164e-06,9.77020301e-06,-1.23088435e-03,-6.77269920e-03,-7.68056010e-03,-7.62936260e-05,-4.61034482e-05,-3.78317777e-05
4.40000000e+01,1.04442637e+00,-1.34582336e-03,1.11440265e-03,-1.24453719e-03,-7.54126130e-03,-8.85541832e-03,7.49102489e-01,-1.34686370e-03,1.10797786e-03,2.95323881e-01,1.04034596e-06,6.42479262e-06,-1.18908995e-03,-7.50753345e-03,-8.86456322e-03,-5.54472392e-05,-3.37278142e-05,9.14489397e-06
4.50000000e+01,1.02630131e+00,-1.35785174e-03,1.16294621e-03,-7.48074072e-04,-7.77676416e-03,-9.21340440e-03,7.40375039e-01,-1.35991369e-03,1.16268700e-03,2.85926266e-01,2.06194842e-06,2.59215104e-07,-7.15982485e-04,-7.77718291e-03,-9.22805311e-03,-3.20915876e-05,4.18729397e-07,1.46487097e-05
4.60000000e+01,1.00946821e+00,-1.32364590e-03,1.17161095e-03,2.05082743e-04,-7.82719474e-03,-9.34053103e-03,7.32690229e-01,-1.33174653e-03,1.17461178e-03,2.76777976e-01,8.10063412e-06,-3.00082221e-06,2.13046952e-04,-7.84402107e-03,-9.40195315e-03,-7.96420956e-06,1.68263113e-05,6.14221199e-05
4.70000000e+01,9.92797060e-01,-1.21767780e-03,1.09001143e-03,1.57434920e-03,-7.34267472e-03,-8.80651714e-03,7.24795855e-01,-1.22663358e-03,1.09935332e-03,2.68001205e-01,8.95578181e-06,-9.34189439e-06,1.55803689e-03,-7.40476423e-03,-8.87411460e-03,1.63123126e-05,6.20895328e-05,6.75974653e-05
4.80000000e+01,9.77336742e-01,-1.03323343e-03,9.81487435e-04,3.31184593e-03,-6.70799285e-03,-7.69892619e-03,7.17656491e-01,-1.04615315e-03,9.95118450e-04,2.59680247e-01,1.29197260e-05,-1.36310160e-05,3.27398305e-03,-6.80316908e-03,-7.79868831e-03,3.78628793e-05,9.51762266e-05,9.97621039e-05
4.90000000e+01,9.62050123e-01,-7.63427234e-04,8.01637145e-04,5.31895977e-03,-5.45828376e-03,-5.82385012e-03,7.10092108e-01,-7.76870061e-04,8.19214127e-04,2.51958017e-01,1.34428268e-05,-1.75769823e-05,5.26258387e-03,-5.58983051e-03,-5.93554414e-03,5.63758593e-05,1.31546723e-04,1.11694002e-04
5.00000000e+01,9.48618485e-01,-4.60841844e-04,5.63423178e-04,7.49154538e-03,-3.77293604e-03,-3.62254167e-03,7.03780190e-01,-4.74732987e-04,5.83169232e-04,2.44838295e-01,1.38911409e-05,-1.97460551e-05,7.42166915e-03,-3.92431856e-03,-3.73613384e-03,6.98762047e-05,1.51382529e-04,1.13592164e-04
5.10000000e+01,9.35793247e-01,-2.16879593e-04,2.84171005e-04,9.71572518e-03,-1.76106214e-03,-1.79120643e-03,6.97383245e-01,-2.28002592e-04,3.05376781e-04,2.38410002e-01,1.11229994e-05,-2.12057761e-05,9.63862997e-03,-1.93194963e-03,-1.88849951e-03,7.70952174e-05,1.70887492e-04,9.72930769e-05
5.20000000e+01,9.25452018e-01,-2.05960502e-05,3.64578473e-06,1.18647262e-02,3.96696224e-04,-2.88576628e-04,6.92885117e-01,-2.89824747e-05,2.38229752e-05,2.32566901e-01,8.38642452e-06,-2.01771905e-05,1.17892472e-02,2.24192113e-04,-3.59200715e-04,7.54789449e-05,1.72504110e-04,7.06240870e-05
5.30000000e+01,9.15682994e-01,1.51606701e-04,-2.15416832e-04,1.37658229e-02,2.19673361e-03,1.23016861e-03,6.88344113e-01,1.45745929e-04,-1.97324485e-04,2.27338882e-01,5.86077192e-06,-1.80923469e-05,1.37006347e-02,2.03520233e-03,1.17026051e-03,6.51882164e-05,1.61531286e-04,5.99081002e-05
5.40000000e+01,9.08060637e-01,2.80121262e-04,-3.68356960e-04,1.52142858e-02,3.39898683e-03,2.37025359e-03,6.85490169e-01,2.75092126e-04,-3.54223031e-04,2.22570470e-01,5.02913590e-06,-1.41339288e-05,1.51691256e-02,3.27392025e-03,2.32344886e-03,4.51601754e-05,1.25066581e-04,4.68047346e-05
5.50000000e+01,9.00794997e-01,3.51604668e-04,-4.29903265e-04,1.60431245e-02,3.83690320e-03,3.09547669e-03,6.82564612e-01,3.50422089e-04,-4.21531790e-04,2.18230387e-01,1.18257909e-06,-8.37147547e-06,1.60257007e-02,3.76259544e-03,3.08022784e-03,1.74237535e-05,7.43077626e-05,1.52488520e-05
5.60000000e+01,8.95251014e-01,3.93145570e-04,-4.46825331e-04,1.61236519e-02,3.89077337e-03,3.45792448e-03,6.81082651e-01,3.95588401e-04,-4.44570057e-04,2.14168364e-01,-2.44283115e-06,-2.25527418e-06,1.61400088e-02,3.87299477e-03,3.48554448e-03,-1.63569166e-05,1.77785993e-05,-2.76200004e-05
5.70000000e+01,8.89598032e-01,4.07397053e-04,-3.78465873e-04,1.54122755e-02,3.38337534e-03,3.82594618e-03,6.79257342e-01,4.11447570e-04,-3.82931428e-04,2.10340689e-01,-4.05051418e-06,4.46555551e-06,1.54636344e-02,3.42354602e-03,3.86055627e-03,-5.13589179e-05,-4.01706849e-05,-3.46100907e-05
5.80000000e+01,8.84996879e-01,4.17438837e-04,-2.99494409e-04,1.39449304e-02,2.74108813e-03,4.04437759e-03,6.78294030e-01,4.16782189e-04,-3.09262595e-04,2.06702849e-01,6.56648686e-07,9.76818520e-06,1.40299018e-02,2.83809761e-03,4.04114443e-03,-8.49713595e-05,-9.70094828e-05,3.23316328e-06
5.90000000e+01,8.80571057e-01,4.13923227e-04,-2.69231295e-04,1.18507217e-02,2.48387608e-03,4.15158476e-03,6.77374348e-01,4.10142055e-04,-2.82968500e-04,2.03196710e-01,3.78117054e-06,1.37372045e-05,1.19634780e-02,2.61657088e-03,4.11597577e-03,-1.12756361e-04,-1.32694799e-04,3.56089873e-05
6.00000000e+01,8.77299025e-01,4.22570886e-04,-2.53366842e-04,9.31767903e-03,2.33228939e-03,4.17641947e-03,6.77501135e-01,4.15704423e-04,-2.70621045e-04,1.99797891e-01,6.86646182e-06,1.72542027e-05,9.45095061e-03,2.50334114e-03,4.12009187e-03,-1.33271558e-04,-1.71051742e-04,5.63276020e-05
6.10000000e+01,8.74157169e-01,3.99869911e-04,-2.06307490e-04,6.54448602e-03,1.98264686e-03,4.07645669e-03,6.77685203e-01,3.93519265e-04,-2.26995063e-04,1.96471968e-01,6.35064758e-06,2.06875727e-05,6.68910492e-03,2.18037904e-03,4.01992420e-03,-1.44618913e-04,-1.97732175e-04,5.65324935e-05
6.20000000e+01,8.71983609e-01,3.98239576e-04,-1.67731584e-04,3.70001372e-03,1.62541040e-03,4.03382672e-03,6.78768520e-01,3.91470017e-04,-1.90324415e-04,1.93215087e-01,6.76956085e-06,2.25928310e-05,3.84791631e-03,1.84907644e-03,3.97970466e-03,-1.47902585e-04,-2.23666043e-04,5.41220590e-05
6.30000000e+01,8.69721469e-01,3.76816677e-04,-1.07727840e-04,9.17927010e-04,1.09721460e-03,3.90302159e-03,6.79672622e-01,3.73130566e-04,-1.31471984e-04,1.90048849e-01,3.68611097e-06,2.37441439e-05,1.06208488e-03,1.32524773e-03,3.87377339e-03,-1.44157876e-04,-2.28033124e-04,2.92482068e-05
6.40000000e+01,8.68513228e-01,3.81402373e-04,-6.59585283e-05,-1.65316557e-03,7.11153829e-04,3.86043409e-03,6.81563572e-01,3.79373123e-04,-8.80133891e-05,1.86949659e-01,2.02924965e-06,2.20548606e-05,-1.51852760e-03,9.27375098e-04,3.85625259e-03,-1.34637967e-04,-2.16221268e-04,4.18150283e-06
6.50000000e+01,8.67020156e-01,3.54353174e-04,-7.88459200e-06,-3.90911812e-03,3.22645701e-04,3.66330678e-03,6.83067187e-01,3.55570985e-04,-2.92402408e-05,1.83952970e-01,-1.21781095e-06,2.13556488e-05,-3.78869244e-03,5.22582787e-04,3.68374953e-03,-1.20425674e-04,-1.99937087e-04,-2.04427547e-05
6.60000000e+01,8.66168827e-01,3.34272585e-04,1.09857842e-05,-5.77243554e-03,1.79847462e-04,3.44002939e-03,6.85132950e-01,3.37336954e-04,-6.25707593e-06,1.81035877e-01,-3.06436941e-06,1.72428601e-05,-5.67034480e-03,3.47153343e-04,3.48487049e-03,-1.02090706e-04,-1.67305881e-04,-4.48410908e-05
6.70000000e+01,8.65079814e-01,2.87276985e-04,-7.34362752e-06,-7.20966944e-03,3.39480981e-04,3.07250775e-03,6.86877440e-01,2.93249622e-04,-2.21675102e-05,1.78202377e-01,-5.97263676e-06,1.48238826e-05,-7.12772564e-03,4.77171652e-04,3.13952979e-03,-8.19437837e-05,-1.37690670e-04,-6.70220430e-05
6.80000000e+01,8.64130958e-01,2.70949968e-04,-7.10336931e-05,-8.21944028e-03,8.12710799e-04,2.82795795e-03,6.88666638e-01,2.77510297e-04,-8.24218145e-05,1.75464321e-01,-6.56032968e-06,1.13881213e-05,-8.15860594e-03,9.23842517e-04,2.90747136e-03,-6.08343424e-05,-1.11131720e-04,-7.95134073e-05
6.90000000e+01,8.63098479e-01,2.36572864e-04,-1.13436872e-04,-8.83577455e-03,1.24279170e-03,2.53091953e-03,6.90285941e-01,2.46286070e-04,-1.23419425e-04,1.72812538e-01,-9.71320650e-06,9.98255284e-06,-8.79436584e-03,1.32961172e-03,2.63164961e-03,-4.14086943e-05,-8.68200239e-05,-1.00730088e-04
7.00000000e+01,8.62060496e-01,2.27989940e-04,-1.49658732e-04,-9.08622733e-03,1.55361154e-03,2.38536717e-03,6.91792069e-01,2.37778297e-04,-1.56670638e-04,1.70268426e-01,-9.78835782e-06,7.01190569e-06,-9.06297687e-03,1.61897265e-03,2.49289746e-03,-2.32504410e-05,-6.53611132e-05,-1.07530290e-04
7.10000000e+01,8.60842342e-01,2.06627959e-04,-1.68960693e-04,-9.05090896e-03,1.70986126e-03,2.18469661e-03,6.93022808e-01,2.18251388e-04,-1.75786830e-04,1.67819535e-01,-1.16234289e-05,6.82613658e-06,-9.04198319e-03,1.76616029e-03,2.30392105e-03,-8.92578133e-06,-5.62990240e-05,-1.19224443e-04
7.20000000e+01,8.59782343e-01,1.79841299e-04,-1.77809858e-04,-8.80227345e-03,1.72308701e-03,1.85534145e-03,6.94334613e-01,1.91005328e-04,-1.84131464e-04,1.65447731e-01,-1.11640290e-05,6.32160664e-06,-8.80532125e-03,1.78180470e-03,1.97551683e-03,3.04782714e-06,-5.87176836e-05,-1.20175383e-04
7.30000000e+01,8.58213285e-01,1.29268280e-04,-1.60854169e-04,-8.47866726e-03,1.63557368e-03,1.41535173e-03,6.95085108e-01,1.42158173e-04,-1.69176268e-04,1.63128174e-01,-1.28898925e-05,8.32209903e-06,-8.48900707e-03,1.70491397e-03,1.54397184e-03,1.03398189e-05,-6.93402821e-05,-1.28620118e-04
7.40000000e+01,8.56230627e-01,8.53359878e-05,-1.51544761e-04,-8.16751790e-03,1.57038157e-03,9.87737689e-04,6.95378347e-01,9.77870824e-05,-1.59611391e-04,1.60852280e-01,-1.24510943e-05,8.06662972e-06,-8.18239552e-03,1.64615962e-03,1.11621388e-03,1.48776216e-05,-7.57780538e-05,-1.28476194e-04
7.50000000e+01,8.53627409e-01,4.65792373e-05,-1.49436750e-04,-7.94703932e-03,1.57443594e-03,6.56095970e-04,6.95023967e-01,6.00022322e-05,-1.58786270e-04,1.58603441e-01,-1.34229949e-05,9.34952006e-06,-7.96171551e-03,1.65751675e-03,7.86372335e-04,1.46761672e-05,-8.30808009e-05,-1.30276364e-04
7.60000000e+01,8.50401350e-01,3.47994264e-05,-1.41957949e-04,-7.80970228e-03,1.50946000e-03,4.65949454e-04,6.94015975e-01,4.70284308e-05,-1.51547869e-04,1.56385375e-01,-1.22290047e-05,9.58991976e-06,-7.82274287e-03,1.60418177e-03,5.89047174e-04,1.30405831e-05,-9.47217732e-05,-1.23097718e-04
7.70000000e+01,8.46410052e-01,1.98566621e-05,-1.03704929e-04,-7.76419236e-03,1.26084476e-03,3.41493050e-04,6.92220140e-01,3.25725160e-05,-1.15344840e-04,1.54189913e-01,-1.27158539e-05,1.16399103e-05,-7.77311443e-03,1.36753350e-03,4.60292479e-04,8.92211585e-06,-1.06688739e-04,-1.18799429e-04
7.80000000e+01,8.42051315e-01,4.74552191e-06,-6.00239738e-05,-7.79314719e-03,8.80360716e-04,1.73986932e-04,6.90021214e-01,1.54863054e-05,-7.18379987e-05,1.52030097e-01,-1.07407835e-05,1.18140251e-05,-7.79943370e-03,9.97571155e-04,2.77830704e-04,6.28652807e-06,-1.17210437e-04,-1.03843773e-04
7.90000000e+01,8.37244643e-01,-1.66627000e-05,-3.64350797e-06,-7.93626870e-03,3.31070907e-04,-5.89433962e-06,6.87326448e-01,-7.16925837e-06,-1.62725753e-05,1.49918193e-01,-9.49344163e-06,1.26290673e-05,-7.93936673e-03,4.49182015e-04,7.93433403e-05,3.09799823e-06,-1.18111108e-04,-8.52376796e-05
8.00000000e+01,8.32575724e-01,-6.54754736e-06,5.45804028e-05,-8.19314425e-03,-2.83544217e-04,-1.14868671e-05,6.84692236e-01,1.96314313e-07,4.29616359e-05,1.47883486e-01,-6.74386168e-06,1.16187668e-05,-8.19563777e-03,-1.66636993e-04,5.35772878e-05,2.49352783e-06,-1.16907224e-04,-6.50641547e-05
8.10000000e+01,8.28194469e-01,2.10936559e-06,1.12180892e-04,-8.59968060e-03,-8.39317536e-04,5.22668695e-05,6.82275548e-01,7.58408133e-06,9.94006452e-05,1.45918920e-01,-5.47471575e-06,1.27802465e-05,-8.60152569e-03,-7.18215354e-04,9.76108113e-05,1.84513713e-06,-1.21102179e-04,-4.53439419e-05
8.20000000e+01,8.24561803e-01,2.10032927e-05,1.39485950e-04,-9.10661027e-03,-1.20387023e-03,1.81767214e-04,6.80537485e-01,2.29418825e-05,1.28280703e-04,1.44024320e-01,-1.93858977e-06,1.12052472e-05,-9.11094368e-03,-1.08856567e-03,1.97802780e-04,4.33337846e-06,-1.15304559e-04,-1.60355662e-05
8.30000000e+01,8.21466207e-01,3.09270640e-05,1.42827915e-04,-9.67154484e-03,-1.33664657e-03,3.15714004e-04,6.79291352e-01,3.13595177e-05,1.31976016e-04,1.42174856e-01,-4.32453640e-07,1.08518983e-05,-9.67894744e-03,-1.22999144e-03,3.10199931e-04,7.40261360e-06,-1.06655136e-04,5.51407319e-06
8.40000000e+01,8.18806174e-01,6.56169757e-05,1.27883354e-04,-1.02056323e-02,-1.29354859e-03,6.28304631e-04,6.78423318e-01,6.21938547e-05,1.21191193e-04,1.40382854e-01,3.42312103e-06,6.69216126e-06,-1.02195515e-02,-1.22079026e-03,5.89078783e-04,1.39190978e-05,-7.27583306e-05,3.92258457e-05
8.50000000e+01,8.16246777e-01,9.97398625e-05,1.18993755e-04,-1.06863625e-02,-1.17631271e-03,1.02621144e-03,6.77617293e-01,9.53358546e-05,1.15015353e-04,1.38629484e-01,4.40400795e-06,3.97840177e-06,-1.07068191e-02,-1.13805771e-03,9.67993573e-04,2.04566123e-05,-3.82549940e-05,5.82178610e-05
8.60000000e+01,8.13813847e-01,1.55344281e-04,7.77097615e-05,-1.10920651e-02,-8.51364595e-04,1.59411570e-03,6.76885989e-01,1.47422453e-04,7.96853515e-05,1.36927858e-01,7.92182764e-06,-1.97558999e-06,-1.11217821e-02,-8.62992158e-04,1.50422226e-03,2.97169371e-05,1.16275605e-05,8.98934407e-05
8.70000000e+01,8.11270820e-01,1.85518683e-04,1.75293157e-05,-1.14608310e-02,-3.99329738e-04,2.04004683e-03,6.75992933e-01,1.77960497e-04,2.22929251e-05,1.35277887e-01,7.55818570e-06,-4.76360934e-06,-1.14985324e-02,-4.41683917e-04,1.94621126e-03,3.77014260e-05,4.23541784e-05,9.38355599e-05
8.80000000e+01,8.08726435e-01,2.06776814e-04,-3.84138734e-05,-1.17461163e-02,-3.75447583e-05,2.31763660e-03,6.75030943e-01,1.98726372e-04,-3.08920623e-05,1.33695495e-01,8.05044124e-06,-7.52181103e-06,-1.17937319e-02,-9.57992064e-05,2.22334926e-03,4.76156326e-05,5.82544483e-05,9.42873391e-05
8.90000000e+01,8.06283472e-01,1.98400180e-04,-5.80491599e-05,-1.19486420e-02,8.37245567e-05,2.39381081e-03,6.74113109e-01,1.92698276e-04,-5.29935320e-05,1.32170365e-01,5.70190410e-06,-5.05562784e-06,-1.20039521e-02,4.69830151e-05,2.31679946e-03,5.53100991e-05,3.67415416e-05,7.70113523e-05
9.00000000e+01,8.03968043e-01,1.88294790e-04,-6.13903941e-05,-1.20390045e-02,7.68989008e-06,2.31608186e-03,6.73255801e-01,1.85156637e-04,-5.91824434e-05,1.30712242e-01,3.13815300e-06,-2.20795088e-06,-1.21032683e-02,1.17810185e-05,2.27259407e-03,6.42638572e-05,-4.09112836e-06,4.34877909e-05
9.10000000e+01,8.01659549e-01,1.69152471e-04,-5.28067923e-05,-1.20749673e-02,-1.54408090e-04,2.13520175e-03,6.72363441e-01,1.71172005e-04,-5.79642079e-05,1.29296109e-01,-2.01953392e-06,5.15741590e-06,-1.21447560e-02,-8.02926031e-05,2.14225279e-03,6.97886636e-05,-7.41154861e-05,-7.05104057e-06
9.20000000e+01,7.99285768e-01,1.74696867e-04,-5.92380069e-05,-1.20749916e-02,-2.05079611e-04,2.01829441e-03,6.71351966e-01,1.79923547e-04,-7.18430838e-05,1.27933801e-01,-5.22668019e-06,1.26050769e-05,-1.21508714e-02,-5.00195092e-05,2.06687701e-03,7.58797124e-05,-1.55060102e-04,-4.85825988e-05
9.30000000e+01,7.96841323e-01,1.77535384e-04,-6.66195559e-05,-1.20788692e-02,-1.48913906e-04,1.91804160e-03,6.70239280e-01,1.85716905e-04,-8.91548430e-05,1.26602043e-01,-8.18152062e-06,2.25352874e-05,-1.21573816e-02,9.55408771e-05,1.99348160e-03,7.85124812e-05,-2.44454783e-04,-7.54400064e-05
9.40000000e+01,7.94339588e-01,1.97096270e-04,-8.57495356e-05,-1.20516107e-02,-2.06201335e-05,1.89045983e-03,6.69022076e-01,2.03068872e-04,-1.17030516e-04,1.25317513e-01,-5.97260152e-06,3.12809808e-05,-1.21335505e-02,3.14623656e-04,1.95083545e-03,8.19398598e-05,-3.35243789e-04,-6.03756140e-05
9.50000000e+01,7.91877255e-01,2.00754910e-04,-9.35980372e-05,-1.19967684e-02,3.23934537e-05,1.78578169e-03,6.67816776e-01,2.03571969e-04,-1.34797077e-04,1.24060481e-01,-2.81705932e-06,4.11990394e-05,-1.20788618e-02,4.56874551e-04,1.81028393e-03,8.20934215e-05,-4.24481097e-04,-2.45022399e-05
9.60000000e+01,7.89588634e-01,2.06091751e-04,-8.73699194e-05,-1.18878990e-02,-5.37583874e-05,1.62167357e-03,6.66738784e-01,2.01871833e-04,-1.36617554e-04,1.22849851e-01,4.21991788e-06,4.92476344e-05,-1.19706343e-02,4.53317190e-04,1.58086625e-03,8.27353167e-05,-5.07075580e-04,4.08073220e-05
9.70000000e+01,7.87695427e-01,1.85748757e-04,-5.78004418e-05,-1.17579965e-02,-2.68014001e-04,1.33145882e-03,6.66037277e-01,1.76378999e-04,-1.14390052e-04,1.21658152e-01,9.36975846e-06,5.65896105e-05,-1.18378880e-02,3.02500352e-04,1.23368550e-03,7.98914440e-05,-5.70514352e-04,9.77733223e-05
9.80000000e+01,7.86455173e-01,1.77085863e-04,-4.04165508e-05,-1.16050835e-02,-4.28546824e-04,1.10201485e-03,6.65948600e-01,1.63851498e-04,-1.01142633e-04,1.20506576e-01,1.32343646e-05,6.07260823e-05,-1.16828368e-02,1.88181383e-04,9.71649751e-04,7.77533329e-05,-6.16728207e-04,1.30365100e-04
9.90000000e+01,7.85771678e-01,1.58343046e-04,-2.45451501e-05,-1.14800201e-02,-5.70875332e-04,8.58791142e-04,6.66393823e-01,1.48488319e-04,-8.82279398e-05,1.19377855e-01,9.85472660e-06,6.36827899e-05,-1.15531603e-02,6.85182021e-05,7.58944612e-04,7.31402621e-05,-6.39393536e-04,9.98465332e-05
1.00000000e+02,7.85823412e-01,1.49237738e-04,-2.25295341e-05,-1.13623907e-02,-5.99030973e-04,6.54645945e-04,6.67525230e-01,1.46800720e-04,-8.45813942e-05,1.18298181e-01,2.43701826e-06,6.20518601e-05,-1.14330970e-02,2.81665183e-05,6.35791031e-04,7.07062662e-05,-6.27197491e-04,1.88549166e-05
1.01000000e+02,7.86422910e-01,1.21566854e-04,-1.58513815e-05,-1.12709713e-02,-5.84557553e-04,3.97185015e-04,6.69182502e-01,1.33320003e-04,-7.23629104e-05,1.17240409e-01,-1.17531484e-05,5.65115292e-05,-1.13380809e-02,-2.25077544e-05,5.16086237e-04,6.71096318e-05,-5.62049797e-04,-1.18901222e-04
1.02000000e+02,7.87620437e-01,1.04091844e-04,-2.09840657e-05,-1.11588009e-02,-5.03280205e-04,2.07733428e-04,6.71397460e-01,1.30955560e-04,-6.64055542e-05,1.16222977e-01,-2.68637152e-05,4.54214882e-05,-1.12251013e-02,-4.96788339e-05,4.83172504e-04,6.63003490e-05,-4.53601373e-04,-2.75439075e-04
1.03000000e+02,7.89177525e-01,7.95287370e-05,-2.54281052e-05,-1.10401189e-02,-4.12211876e-04,3.28530290e-05,6.73940428e-01,1.23032354e-04,-5.60350376e-05,1.15237094e-01,-4.35036166e-05,3.06069324e-05,-1.11041035e-02,-1.16216584e-04,4.70463213e-04,6.39846300e-05,-2.95995293e-04,-4.37610185e-04
1.04000000e+02,7.90937215e-01,7.34060639e-05,-3.42093304e-05,-1.08845591e-02,-2.76309016e-04,-2.89426977e-05,6.76656711e-01,1.28427958e-04,-4.57215464e-05,1.14280503e-01,-5.50218938e-05,1.15122162e-05,-1.09482126e-02,-1.69687392e-04,5.28482858e-04,6.36534038e-05,-1.06621624e-04,-5.57425555e-04
1.05000000e+02,7.92548920e-01,6.17939978e-05,-3.19073993e-05,-1.07314193e-02,-1.49288338e-04,-5.23296442e-05,6.79206496e-01,1.23120389e-04,-2.47611355e-05,1.13342426e-01,-6.13263909e-05,-7.14626385e-06,-1.07924098e-02,-2.37186377e-04,5.62386239e-04,6.09904615e-05,8.78980387e-05,-6.14715881e-04
1.06000000e+02,7.93760907e-01,6.45037843e-05,-3.50312606e-05,-1.05747406e-02,2.51629163e-06,7.86940802e-06,6.81336231e-01,1.24721611e-04,-8.28934623e-06,1.12424675e-01,-6.02178267e-05,-2.67419144e-05,-1.06350280e-02,-2.75051753e-04,6.15214293e-04,6.02873488e-05,2.77568045e-04,-6.07344883e-04
1.07000000e+02,7.94032866e-01,6.49817850e-05,-3.49118605e-05,-1.04451994e-02,1.14930996e-04,1.03613277e-04,6.82520955e-01,1.19357565e-04,6.96127822e-06,1.11511910e-01,-5.43757799e-05,-4.18731385e-05,-1.05031145e-02,-3.15695667e-04,6.46568791e-04,5.79151764e-05,4.30626662e-04,-5.42955515e-04
1.08000000e+02,7.93041123e-01,7.35969967e-05,-3.66513692e-05,-1.03097559e-02,1.69593960e-04,2.00996644e-04,6.82432979e-01,1.16891273e-04,1.61723842e-05,1.10608144e-01,-4.32942766e-05,-5.28237534e-05,-1.03679582e-02,-3.59844376e-04,6.34808426e-04,5.82023123e-05,5.29438337e-04,-4.33811784e-04
1.09000000e+02,7.90506262e-01,7.41181901e-05,-3.24074312e-05,-1.01883422e-02,1.67569042e-04,2.96439933e-04,6.80788937e-01,1.04050800e-04,2.32515811e-05,1.09717324e-01,-2.99326100e-05,-5.56590121e-05,-1.02454475e-02,-3.89016169e-04,5.88953577e-04,5.71052873e-05,5.56585211e-04,-2.92513646e-04
1.10000000e+02,7.86549728e-01,8.21421654e-05,-3.06399089e-05,-1.00519095e-02,7.63375937e-05,4.12400203e-04,6.77685238e-01,9.59442750e-05,2.02768094e-05,1.08864489e-01,-1.38021097e-05,-5.09167183e-05,-1.01103474e-02,-4.21355213e-04,5.45750481e-04,5.84379953e-05,4.97692806e-04,-1.33350277e-04
1.11000000e+02,7.81431349e-01,8.29510406e-05,-2.53703511e-05,-9.93020995e-03,-1.09133958e-04,4.77845125e-04,6.73375199e-01,8.27774961e-05,1.26088855e-05,1.08056150e-01,1.73544354e-07,-3.79792366e-05,-9.98796410e-03,-4.78131884e-04,4.66795146e-04,5.77541812e-05,3.68997927e-04,1.10499790e-05
1.12000000e+02,7.75537426e-01,9.09880599e-05,-1.99397712e-05,-9.79622357e-03,-3.21626775e-04,4.80761464e-04,6.68244625e-01,7.96623557e-05,2.48526991e-06,1.07292803e-01,1.13257042e-05,-2.24250411e-05,-9.85494646e-03,-5.29589550e-04,3.63182830e-04,5.87229006e-05,2.07962776e-04,1.17578634e-04
1.13000000e+02,7.69011338e-01,8.05803462e-05,-9.37636734e-06,-9.68493775e-03,-4.44266684e-04,3.49556592e-04,6.62463183e-01,6.54089028e-05,-3.55637024e-07,1.06548154e-01,1.51714431e-05,-9.02073030e-06,-9.74222535e-03,-5.25906656e-04,1.90412571e-04,5.72876147e-05,8.16399699e-05,1.59144022e-04
1.14000000e+02,7.62086484e-01,7.32749316e-05,-7.93885499e-06,-9.56946553e-03,-3.83579040e-04,2.12702426e-04,6.56261363e-01,5.63096105e-05,-3.39056484e-06,1.05825119e-01,1.69653211e-05,-4.54829012e-06,-9.62715072e-03,-4.20555521e-04,4.09229471e-05,5.76851956e-05,3.69764808e-05,1.71779478e-04
1.15000000e+02,7.54903615e-01,5.44863649e-05,-9.77087351e-06,-9.47688143e-03,-2.25781163e-04,2.52823740e-05,6.49779196e-01,4.11342592e-05,-4.15394179e-06,1.05124422e-01,1.33521057e-05,-5.61693176e-06,-9.53325451e-03,-2.81751535e-04,-1.12288481e-04,5.63730719e-05,5.59703718e-05,1.37570855e-04
1.16000000e+02,7.47852901e-01,5.01723548e-05,-1.64181851e-05,-9.37165245e-03,-3.15965152e-05,-8.96090383e-05,6.43397104e-01,3.88797833e-05,-4.39140821e-06,1.04455798e-01,1.12925715e-05,-1.20267769e-05,-9.42900195e-03,-1.49941915e-04,-2.00156634e-04,5.73494927e-05,1.18345400e-04,1.10547596e-04
1.17000000e+02,7.41150914e-01,3.66380844e-05,-1.44024617e-05,-9.28941186e-03,9.90593151e-05,-2.50192139e-04,6.37335974e-01,3.20849090e-05,1.46227923e-06,1.03814939e-01,4.55317539e-06,-1.58647409e-05,-9.34606164e-03,-6.35939219e-05,-2.96124299e-04,5.66497826e-05,1.62653237e-04,4.59321595e-05
1.18000000e+02,7.35174920e-01,3.53831957e-05,-1.85827228e-05,-9.20835891e-03,2.42107036e-04,-3.35224783e-04,6.31973932e-01,3.31333290e-05,8.92750855e-07,1.03200988e-01,2.24986673e-06,-1.94754737e-05,-9.26621474e-03,4.87740718e-05,-3.54249073e-04,5.78558044e-05,1.93332965e-04,1.90242898e-05
1.19000000e+02,7.29932553e-01,3.03412262e-05,-2.14359187e-05,-9.15754304e-03,3.41349054e-04,-4.02293028e-04,6.27323216e-01,3.04075265e-05,-4.47860490e-06,1.02609336e-01,-6.63002249e-08,-1.69573138e-05,-9.21444312e-03,1.70986946e-04,-4.03008822e-04,5.69000676e-05,1.70362108e-04,7.15793584e-07
1.20000000e+02,7.25786921e-01,4.31726671e-05,-2.26576048e-05,-9.09597475e-03,4.08872316e-04,-3.19985135e-04,6.23739793e-01,3.99444506e-05,-1.17300565e-05,1.02047126e-01,3.22821660e-06,-1.09275482e-05,-9.15340785e-03,3.04233873e-04,-3.51511074e-04,5.74331099e-05,1.04638443e-04,3.15259393e-05
1.21000000e+02,7.22492123e-01,4.79583029e-05,-1.73572619e-05,-9.05766241e-03,4.65002568e-04,-2.01532248e-04,6.20982704e-01,3.98669856e-05,-1.54270463e-05,1.01509420e-01,8.09131732e-06,-1.93021557e-06,-9.11273806e-03,4.46537626e-04,-2.87857032e-04,5.50756488e-05,1.84649414e-05,8.63247841e-05
1.22000000e+02,7.19958698e-01,5.86078647e-05,-1.17744846e-05,-9.01277855e-03,4.82058777e-04,-3.16089793e-05,6.18964443e-01,4.29460302e-05,-1.84307740e-05,1.00994254e-01,1.56618347e-05,6.65628934e-06,-9.06702774e-03,5.53872087e-04,-1.91510521e-04,5.42491737e-05,-7.18133122e-05,1.59901541e-04
1.23000000e+02,7.17951450e-01,6.30964865e-05,-6.65052175e-06,-8.99438547e-03,4.62713652e-04,1.44565139e-04,6.17457785e-01,4.06570583e-05,-2.02667165e-05,1.00493666e-01,2.24394282e-05,1.36161948e-05,-9.04560097e-03,6.00123241e-04,-8.73625436e-05,5.12155060e-05,-1.37409588e-04,2.31927683e-04
1.24000000e+02,7.16267949e-01,7.91042678e-05,-6.38054459e-06,-8.96023863e-03,4.36326807e-04,3.79661104e-04,6.16260772e-01,4.98365836e-05,-2.23779652e-05,1.00007178e-01,2.92676841e-05,1.59974206e-05,-9.01085069e-03,6.00613697e-04,8.33514135e-05,5.06120816e-05,-1.64286888e-04,2.96309690e-04
1.25000000e+02,7.14719653e-01,8.31342577e-05,-4.59968068e-06,-8.94923186e-03,4.08201169e-04,6.18476081e-04,6.15191113e-01,5.06129759e-05,-1.90797206e-05,9.95285377e-02,3.25212818e-05,1.44800399e-05,-8.99725115e-03,5.51726955e-04,2.85296396e-04,4.80193286e-05,-1.43525787e-04,3.33179685e-04
1.26000000e+02,7.13333996e-01,8.94815801e-05,-8.88263192e-06,-8.93596695e-03,3.80523890e-04,8.96442328e-04,6.14256539e-01,5.47510136e-05,-1.85486500e-05,9.90774585e-02,3.47305666e-05,9.66601806e-06,-8.98385153e-03,4.79401781e-04,5.44441997e-04,4.78845929e-05,-9.88778907e-05,3.52000330e-04
1.27000000e+02,7.12191810e-01,8.19366893e-05,-1.43290490e-05,-8.95181938e-03,3.29233952e-04,1.10663527e-03,6.13534541e-01,4.81905332e-05,-1.93256115e-05,9.86572664e-02,3.37461562e-05,4.99656249e-06,-8.99753874e-03,3.78154522e-04,7.61401683e-04,4.57193521e-05,-4.89205702e-05,3.45233580e-04
1.28000000e+02,7.11543950e-01,8.38289267e-05,-1.76755847e-05,-8.95142354e-03,2.19581885e-04,1.33232493e-03,6.13270954e-01,5.06291695e-05,-1.98218085e-05,9.82729977e-02,3.31997570e-05,2.14622372e-06,-8.99741586e-03,2.44331555e-04,9.96839702e-04,4.59923419e-05,-2.47496692e-05,3.35485234e-04
1.29000000e+02,7.11431885e-01,7.58760109e-05,-1.20667836e-05,-8.97037337e-03,7.08450529e-05,1.52112747e-03,6.13513984e-01,4.45497991e-05,-1.56420735e-05,9.79179043e-02,3.13262118e-05,3.57528992e-06,-9.01428377e-03,1.06378621e-04,1.20047699e-03,4.39104318e-05,-3.55335679e-05,3.20650487e-04
1.30000000e+02,7.11879563e-01,7.29566961e-05,-4.24037597e-06,-8.97798751e-03,-1.20707576e-04,1.70581053e-03,6.14297932e-01,4.17723315e-05,-1.34771174e-05,9.75816300e-02,3.11843645e-05,9.23674145e-06,-9.02194523e-03,-2.34830514e-05,1.39027740e-03,4.39576892e-05,-9.72245251e-05,3.15533127e-04
1.31000000e+02,7.12633625e-01,6.48325241e-05,6.36175954e-06,-9.00707340e-03,-3.35468678e-04,1.83467028e-03,6.15378344e-01,3.44717346e-05,-1.32089368e-05,9.72552812e-02,3.03607894e-05,1.95706963e-05,-9.04871913e-03,-1.37101554e-04,1.52496437e-03,4.16456961e-05,-1.98367124e-04,3.09705907e-04
1.32000000e+02,7.13645819e-01,6.83101274e-05,1.93365859e-05,-9.01543590e-03,-5.82891628e-04,1.92885042e-03,6.16702700e-01,3.76982057e-05,-1.35747233e-05,9.69431198e-02,3.06119216e-05,3.29113093e-05,-9.05710886e-03,-2.46437485e-04,1.62227269e-03,4.16729566e-05,-3.36454142e-04,3.06577732e-04
1.33000000e+02,7.14704877e-01,6.02963082e-05,3.72711458e-05,-9.04078672e-03,-8.43038644e-04,1.90097143e-03,6.18061042e-01,3.24248653e-05,-1.08562339e-05,9.66438357e-02,2.78714428e-05,4.81273797e-05,-9.08015144e-03,-3.57523027e-04,1.62013556e-03,3.93647053e-05,-4.85515619e-04,2.80835873e-04
1.34000000e+02,7.15678258e-01,5.51642833e-05,5.05307663e-05,-9.05253576e-03,-1.09778663e-03,1.79331294e-03,6.19319923e-01,3.21284156e-05,-1.09978939e-05,9.63583360e-02,2.30358676e-05,6.15286605e-05,-9.09204467e-03,-4.73831228e-04,1.56687464e-03,3.95089335e-05,-6.23955398e-04,2.26438305e-04
1.35000000e+02,7.16443862e-01,3.89700917e-05,5.59578406e-05,-9.08889718e-03,-1.29396393e-03,1.54393334e-03,6.20362999e-01,2.74370375e-05,-1.44617720e-05,9.60808643e-02,1.15330542e-05,7.04196123e-05,-9.12652764e-03,-5.84086558e-04,1.43238889e-03,3.76304691e-05,-7.09877367e-04,1.11544448e-04
1.36000000e+02,7.17078588e-01,3.19721522e-05,5.37749562e-05,-9.09927352e-03,-1.43230783e-03,1.25141942e-03,6.21253978e-01,3.47130651e-05,-1.93128569e-05,9.58246075e-02,-2.74091290e-06,7.30878133e-05,-9.13775771e-03,-6.92783521e-04,1.28927368e-03,3.84842039e-05,-7.39524309e-04,-3.78542681e-05
1.37000000e+02,7.17468183e-01,1.31775865e-05,4.77609249e-05,-9.12107765e-03,-1.49497829e-03,8.94096487e-04,6.21892318e-01,3.38941407e-05,-2.20636955e-05,9.55758638e-02,-2.07165542e-05,6.98246202e-05,-9.15828649e-03,-7.93115620e-04,1.10912067e-03,3.72088252e-05,-7.01862673e-04,-2.15024180e-04
1.38000000e+02,7.17702036e-01,-5.87381894e-07,3.54322160e-05,-9.11885743e-03,-1.54235345e-03,5.63993278e-04,6.22357172e-01,3.59635739e-05,-2.64944194e-05,9.53448647e-02,-3.65509558e-05,6.19266353e-05,-9.15738986e-03,-9.16584480e-04,9.40581913e-04,3.85324353e-05,-6.25768971e-04,-3.76588636e-04
1.39000000e+02,7.17670263e-01,-1.85634704e-05,2.01121295e-05,-9.13058819e-03,-1.58827211e-03,2.63115950e-04,6.22551331e-01,3.16163993e-05,-3.20708284e-05,9.51189324e-02,-5.01798698e-05,5.21829579e-05,-9.16842250e-03,-1.06311907e-03,7.70911739e-04,3.78343249e-05,-5.25153042e-04,-5.07795790e-04
1.40000000e+02,7.17459165e-01,-1.83027283e-05,6.37005392e-06,-9.11127675e-03,-1.68944647e-03,1.02048617e-04,6.22546001e-01,3.88563604e-05,-3.67064804e-05,9.49131664e-02,-5.71590889e-05,4.30765342e-05,-9.15114284e-03,-1.25121732e-03,6.80719957e-04,3.98660976e-05,-4.38229150e-04,-5.78671340e-04
1.41000000e+02,7.16949899e-01,-2.04792615e-05,-7.46373169e-07,-9.10367355e-03,-1.86150972e-03,3.90041420e-05,6.22235104e-01,3.80991031e-05,-3.86223559e-05,9.47147957e-02,-5.85783646e-05,3.78759828e-05,-9.14333807e-03,-1.47758409e-03,6.24814980e-04,3.96645095e-05,-3.83925630e-04,-5.85810838e-04
1.42000000e+02,7.16238845e-01,-1.37770159e-05,-5.78887648e-06,-9.07459549e-03,-2.14428088e-03,7.63280487e-05,6.21704333e-01,3.86067476e-05,-4.33347767e-05,9.45345115e-02,-5.23837637e-05,3.75459001e-05,-9.11657715e-03,-1.75788982e-03,6.00518797e-04,4.19816411e-05,-3.86391064e-04,-5.24190750e-04
1.43000000e+02,7.15212408e-01,-1.02328622e-05,-8.64758113e-06,-9.06457386e-03,-2.51017451e-03,1.33220910e-04,6.20841769e-01,3.29604038e-05,-5.16437009e-05,9.43706369e-02,-4.31932661e-05,4.29961200e-05,-9.10663950e-03,-2.07051757e-03,5.60459977e-04,4.20656400e-05,-4.39656940e-04,-4.27239069e-04
1.44000000e+02,7.14053999e-01,4.86263230e-06,-7.32894313e-06,-9.02399850e-03,-2.97802930e-03,2.06385650e-04,6.19830352e-01,3.65571929e-05,-5.94965236e-05,9.42236452e-02,-3.16945607e-05,5.21675806e-05,-9.06861962e-03,-2.44251133e-03,5.21966196e-04,4.46211202e-05,-5.35517963e-04,-3.15580546e-04
1.45000000e+02,7.12822735e-01,9.81350880e-06,-3.73593136e-06,-8.99469660e-03,-3.47235206e-03,2.27166082e-04,6.18731777e-01,3.30640234e-05,-6.59709872e-05,9.40909582e-02,-2.32505146e-05,6.22350558e-05,-9.03908858e-03,-2.84045071e-03,4.54502145e-04,4.43919805e-05,-6.31901354e-04,-2.27336063e-04
1.46000000e+02,7.11778433e-01,1.69049475e-05,-4.21550852e-06,-8.94362047e-03,-3.98155767e-03,2.27703289e-04,6.17801042e-01,3.29761157e-05,-7.35543013e-05,9.39773901e-02,-1.60711683e-05,6.93387928e-05,-8.98981285e-03,-3.27740343e-03,3.86743735e-04,4.61924182e-05,-7.04154238e-04,-1.59040446e-04
1.47000000e+02,7.10976808e-01,1.76845420e-05,-1.19254980e-05,-8.91147667e-03,-4.38913830e-03,2.02999336e-04,6.17106187e-01,3.05507147e-05,-8.21806231e-05,9.38706210e-02,-1.28661727e-05,7.02551249e-05,-8.95662678e-03,-3.68268688e-03,3.26613959e-04,4.51501434e-05,-7.06451425e-04,-1.23614623e-04
1.48000000e+02,7.10407720e-01,3.09912894e-05,-2.69195166e-05,-8.85155686e-03,-4.65263538e-03,2.49060573e-04,6.16639563e-01,4.09491503e-05,-9.00414976e-05,9.37681590e-02,-9.95786068e-06,6.31219807e-05,-8.89791001e-03,-4.01909208e-03,3.46559600e-04,4.63531591e-05,-6.33543295e-04,-9.74990276e-05
1.49000000e+02,7.09829109e-01,3.54246184e-05,-4.52722950e-05,-8.80797262e-03,-4.73761266e-03,3.03823095e-04,6.16165633e-01,4.44819495e-05,-9.49125203e-05,9.36634736e-02,-9.05733085e-06,4.96402253e-05,-8.85271837e-03,-4.24765338e-03,3.87841251e-04,4.47457681e-05,-4.89959281e-04,-8.40181558e-05
1.50000000e+02,7.09111013e-01,4.50923602e-05,-7.10031702e-05,-8.74661328e-03,-4.67868853e-03,3.95349645e-04,6.15548266e-01,5.25481161e-05,-1.03263235e-04,9.35627448e-02,-7.45575624e-06,3.22600642e-05,-8.79219279e-03,-4.36266010e-03,4.66205157e-04,4.55795090e-05,-3.16028422e-04,-7.08555116e-05
1.51000000e+02,7.08155874e-01,4.80087074e-05,-9.67931126e-05,-8.70688063e-03,-4.49859622e-03,4.34011732e-04,6.14691686e-01,5.57712241e-05,-1.11819905e-04,9.34641902e-02,-7.76251644e-06,1.50267928e-05,-8.75106360e-03,-4.35971597e-03,5.05599217e-04,4.41829370e-05,-1.38880245e-04,-7.15874834e-05
1.52000000e+02,7.07023962e-01,6.14650226e-05,-1.15374014e-04,-8.63854332e-03,-4.26609458e-03,4.70482698e-04,6.13645595e-01,6.94802770e-05,-1.15613248e-04,9.33783699e-02,-8.01525414e-06,2.39233457e-07,-8.68426341e-03,-4.27203015e-03,5.49960085e-04,4.57201041e-05,5.93556048e-06,-7.94773876e-05
1.53000000e+02,7.05814005e-01,6.06111641e-05,-1.23430608e-04,-8.58805172e-03,-3.96880822e-03,4.35116243e-04,6.12511675e-01,7.21886513e-05,-1.13006303e-04,9.33023292e-02,-1.15774871e-05,-1.04243053e-05,-8.63292230e-03,-4.08315880e-03,5.48497106e-04,4.48705752e-05,1.14350586e-04,-1.13380861e-04
1.54000000e+02,7.04668582e-01,6.13530382e-05,-1.32643121e-04,-8.52094998e-03,-3.57439824e-03,3.87044635e-04,6.11424724e-01,7.76509321e-05,-1.14719412e-04,9.32438581e-02,-1.62978938e-05,-1.79237087e-05,-8.56764091e-03,-3.75783381e-03,5.53678669e-04,4.66909489e-05,1.83435567e-04,-1.66634033e-04
1.55000000e+02,7.03576157e-01,5.34855672e-05,-1.37882142e-04,-8.48056589e-03,-3.11235735e-03,2.66842272e-04,6.10377594e-01,7.84341497e-05,-1.14639738e-04,9.31985635e-02,-2.49485822e-05,-2.32424039e-05,-8.52656453e-03,-3.35006779e-03,5.20147356e-04,4.59986625e-05,2.37710440e-04,-2.53305084e-04
1.56000000e+02,7.02615393e-01,5.56436787e-05,-1.40962551e-04,-8.42032459e-03,-2.58944158e-03,1.20206093e-04,6.09443109e-01,9.02791869e-05,-1.12023862e-04,9.31722807e-02,-3.46355083e-05,-2.89386888e-05,-8.46819537e-03,-2.88042300e-03,4.76815329e-04,4.78707711e-05,2.90981425e-04,-3.56609236e-04
1.57000000e+02,7.01776677e-01,4.53455171e-05,-1.42911550e-04,-8.38371044e-03,-1.97153393e-03,-1.26225334e-04,6.08618632e-01,9.20706273e-05,-1.06631292e-04,9.31580483e-02,-4.67251102e-05,-3.62802574e-05,-8.43054152e-03,-2.34044210e-03,3.48863146e-04,4.68310499e-05,3.68908167e-04,-4.75088480e-04
1.58000000e+02,7.01102557e-01,3.79285093e-05,-1.48642719e-04,-8.33691092e-03,-1.28207915e-03,-3.92275800e-04,6.07946197e-01,9.48258219e-05,-1.02175274e-04,9.31563599e-02,-5.68973128e-05,-4.64674451e-05,-8.38501935e-03,-1.75196639e-03,1.87236692e-04,4.81084421e-05,4.69887236e-04,-5.79512492e-04
1.59000000e+02,7.00498270e-01,2.34135553e-05,-1.58324773e-04,-8.32198599e-03,-5.04079638e-04,-6.96663880e-04,6.07341446e-01,8.93224859e-05,-9.99446551e-05,9.31568244e-02,-6.59089307e-05,-5.83801180e-05,-8.36863500e-03,-1.09820310e-03,-3.15883687e-05,4.66489776e-05,5.94123460e-04,-6.65075509e-04
1.60000000e+02,7.00014929e-01,2.39185957e-05,-1.65753164e-04,-8.28700448e-03,2.68141980e-04,-9.29740531e-04,6.06847711e-01,9.39166143e-05,-9.48605907e-05,9.31672213e-02,-6.99980184e-05,-7.08925735e-05,-8.33474706e-03,-4.49602396e-04,-2.22527584e-04,4.77425637e-05,7.17744374e-04,-7.07212946e-04
1.61000000e+02,6.99628906e-01,1.92680426e-05,-1.71435277e-04,-8.27910707e-03,1.04286407e-03,-1.13029018e-03,6.06448927e-01,9.04387456e-05,-8.95807299e-05,9.31799793e-02,-7.11707030e-05,-8.18545474e-05,-8.32522393e-03,2.11828975e-04,-4.17826127e-04,4.61168806e-05,8.31035094e-04,-7.12464050e-04
1.62000000e+02,6.99396951e-01,2.25703318e-05,-1.72973204e-04,-8.26061883e-03,1.71629628e-03,-1.25402373e-03,6.06196070e-01,8.96024676e-05,-8.26920022e-05,9.32008798e-02,-6.70321358e-05,-9.02812021e-05,-8.30768634e-03,8.04979852e-04,-5.82747335e-04,4.70675082e-05,9.11316429e-04,-6.71276392e-04
1.63000000e+02,6.99221392e-01,1.96993219e-05,-1.71074202e-04,-8.27479973e-03,2.30524442e-03,-1.36746344e-03,6.06000047e-01,8.07971381e-05,-7.62020784e-05,9.32213450e-02,-6.10978162e-05,-9.48721244e-05,-8.32039742e-03,1.34677476e-03,-7.60915667e-04,4.55977002e-05,9.58469658e-04,-6.06547775e-04
1.64000000e+02,6.99092543e-01,2.97608923e-05,-1.64258394e-04,-8.27014099e-03,2.76472070e-03,-1.39460765e-03,6.05846985e-01,8.22032548e-05,-6.82303722e-05,9.32455581e-02,-5.24423628e-05,-9.60280221e-05,-8.31713434e-03,1.80019907e-03,-8.72005582e-04,4.69933815e-05,9.64521628e-04,-5.22602058e-04
1.65000000e+02,6.98920893e-01,2.93794762e-05,-1.55273003e-04,-8.29231383e-03,3.12768522e-03,-1.42301138e-03,6.05652436e-01,7.47326806e-05,-6.13984436e-05,9.32684579e-02,-4.53532041e-05,-9.38745588e-05,-8.33816186e-03,2.18434702e-03,-9.74788075e-04,4.58480449e-05,9.43338200e-04,-4.48223301e-04
1.66000000e+02,6.98746804e-01,3.40285008e-05,-1.46250054e-04,-8.30618656e-03,3.37260599e-03,-1.40860872e-03,6.05450364e-01,7.24579228e-05,-5.66409669e-05,9.32964388e-02,-3.84294219e-05,-8.96090866e-05,-8.35362084e-03,2.47722504e-03,-1.02534204e-03,4.74342519e-05,8.95380949e-04,-3.83266683e-04
1.67000000e+02,6.98520234e-01,2.84507980e-05,-1.36597473e-04,-8.35187461e-03,3.52170372e-03,-1.44858112e-03,6.05195262e-01,6.31702206e-05,-5.28174467e-05,9.33249757e-02,-3.47194224e-05,-8.37800266e-05,-8.39847246e-03,2.68354935e-03,-1.10375105e-03,4.65978405e-05,8.38154371e-04,-3.44830072e-04
1.68000000e+02,6.98319240e-01,3.30370271e-05,-1.26374509e-04,-8.37737885e-03,3.55349105e-03,-1.47560818e-03,6.04957593e-01,6.45822211e-05,-4.88399517e-05,9.33616465e-02,-3.15451938e-05,-7.75345570e-05,-8.42593078e-03,2.78223656e-03,-1.15703755e-03,4.85519232e-05,7.71254489e-04,-3.18570628e-04
1.69000000e+02,6.98139646e-01,2.72787578e-05,-1.17608615e-04,-8.42788329e-03,3.52316245e-03,-1.55843939e-03,6.04737827e-01,5.80656974e-05,-4.65974029e-05,9.34018186e-02,-3.07869395e-05,-7.10112124e-05,-8.47572465e-03,2.81484243e-03,-1.24966029e-03,4.78413420e-05,7.08320017e-04,-3.08779098e-04
1.70000000e+02,6.98075054e-01,2.64269276e-05,-1.09611707e-04,-8.46257279e-03,3.39460691e-03,-1.63366068e-03,6.04626038e-01,5.54237364e-05,-4.47951979e-05,9.34490159e-02,-2.89968087e-05,-6.48165095e-05,-8.51226780e-03,2.75155304e-03,-1.33919755e-03,4.96949910e-05,6.43053876e-04,-2.94463126e-04
1.71000000e+02,6.98071631e-01,2.06173300e-05,-1.01852621e-04,-8.52216941e-03,3.20787103e-03,-1.73025640e-03,6.04574732e-01,4.85838769e-05,-4.31726881e-05,9.34968987e-02,-2.79665470e-05,-5.86799334e-05,-8.57115307e-03,2.62344824e-03,-1.44944786e-03,4.89836167e-05,5.84422786e-04,-2.80808547e-04
1.72000000e+02,6.98158401e-01,2.81074657e-05,-9.42968090e-05,-8.55434502e-03,2.94853280e-03,-1.78619209e-03,6.04609100e-01,5.29071819e-05,-4.13985562e-05,9.35493009e-02,-2.47997163e-05,-5.28982528e-05,-8.60529276e-03,2.42547240e-03,-1.53397352e-03,5.09477636e-05,5.23060404e-04,-2.52218565e-04
1.73000000e+02,6.98272135e-01,2.82849065e-05,-8.57831431e-05,-8.60407348e-03,2.63767777e-03,-1.85007477e-03,6.04670906e-01,5.05250327e-05,-3.87499190e-05,9.36012304e-02,-2.22401261e-05,-4.70332241e-05,-8.65425366e-03,2.17101514e-03,-1.62829518e-03,5.01802039e-05,4.66662626e-04,-2.21779586e-04
1.74000000e+02,6.98453900e-01,3.35656059e-05,-7.91684080e-05,-8.63385852e-03,2.27751350e-03,-1.87766080e-03,6.04796035e-01,5.14496352e-05,-3.79225254e-05,9.36578649e-02,-1.78840293e-05,-4.12458826e-05,-8.68586726e-03,1.87260304e-03,-1.69759195e-03,5.20087513e-05,4.04910454e-04,-1.80068847e-04
1.75000000e+02,6.98629012e-01,3.16438866e-05,-7.11194788e-05,-8.68292752e-03,1.88109737e-03,-1.91522548e-03,6.04914947e-01,4.61816781e-05,-3.59661782e-05,9.37140665e-02,-1.45377917e-05,-3.51533004e-05,-8.73422111e-03,1.53499040e-03,-1.77257132e-03,5.12936019e-05,3.46106979e-04,-1.42654163e-04
1.76000000e+02,6.98823728e-01,4.22938819e-05,-6.43349533e-05,-8.70125854e-03,1.45715907e-03,-1.88723307e-03,6.05049215e-01,5.23557800e-05,-3.52376022e-05,9.37745143e-02,-1.00618981e-05,-2.90973511e-05,-8.75455348e-03,1.17557288e-03,-1.78611527e-03,5.32949867e-05,2.81586191e-04,-1.01117803e-04
1.77000000e+02,6.98959801e-01,4.39746812e-05,-5.64511499e-05,-8.73423687e-03,1.02388055e-03,-1.86461151e-03,6.05127095e-01,5.12995694e-05,-3.35776347e-05,9.38327073e-02,-7.32488822e-06,-2.28735152e-05,-8.78684740e-03,8.02367843e-04,-1.79456122e-03,5.26105234e-05,2.21512712e-04,-7.00502846e-05
1.78000000e+02,6.99069131e-01,5.04405273e-05,-4.97591703e-05,-8.74224510e-03,5.74990678e-04,-1.79522837e-03,6.05175083e-01,5.42434205e-05,-3.28444779e-05,9.38940456e-02,-3.80289339e-06,-1.69146924e-05,-8.79676672e-03,4.16458993e-04,-1.75741950e-03,5.45216317e-05,1.58531682e-04,-3.78088742e-05
1.79000000e+02,6.99068369e-01,4.98975274e-05,-4.29227095e-05,-8.76463478e-03,1.36057706e-04,-1.72738980e-03,6.05117054e-01,5.17756358e-05,-3.17579512e-05,9.39513166e-02,-1.87810844e-06,-1.11647582e-05,-8.81856978e-03,3.23300512e-05,-1.71198776e-03,5.39349843e-05,1.03727654e-04,-1.54020388e-05
1.80000000e+02,6.98973592e-01,6.28330652e-05,-3.68606959e-05,-8.75352356e-03,-3.08069978e-04,-1.59504861e-03,6.04962896e-01,6.16677475e-05,-3.07382355e-05,9.40106961e-02,1.16531752e-06,-6.12246038e-06,-8.80956635e-03,-3.58234543e-04,-1.60620497e-03,5.60428033e-05,5.01645652e-05,1.11563635e-05
1.81000000e+02,6.98710367e-01,6.67865549e-05,-3.13160453e-05,-8.75697829e-03,-7.22241421e-04,-1.47585952e-03,6.04645284e-01,6.39698660e-05,-2.97464906e-05,9.40650843e-02,2.81668885e-06,-1.56955466e-06,-8.81247020e-03,-7.29798519e-04,-1.50757799e-03,5.54918990e-05,7.55709672e-06,3.17184744e-05
1.82000000e+02,6.98313190e-01,7.52821684e-05,-2.66784537e-05,-8.73994809e-03,-1.12782308e-03,-1.32257642e-03,6.04192366e-01,6.93199900e-05,-2.89171022e-05,9.41208279e-02,5.96217846e-06,2.23864848e-06,-8.79738708e-03,-1.09479329e-03,-1.38340615e-03,5.74389828e-05,-3.30297967e-05,6.08297352e-05
1.83000000e+02,6.97714185e-01,7.56031726e-05,-2.19560604e-05,-8.74391338e-03,-1.50782878e-03,-1.18362161e-03,6.03539775e-01,6.73681440e-05,-2.74908221e-05,9.41744089e-02,8.23502874e-06,5.53476167e-06,-8.80078758e-03,-1.44528551e-03,-1.27125080e-03,5.68742080e-05,-6.25432645e-05,8.76291875e-05
1.84000000e+02,6.96978497e-01,8.67826403e-05,-2.02879469e-05,-8.71767357e-03,-1.85943795e-03,-1.00488702e-03,6.02746580e-01,7.45760194e-05,-2.83233797e-05,9.42319184e-02,1.22066210e-05,8.03543287e-06,-8.77666305e-03,-1.76925668e-03,-1.12919105e-03,5.89894881e-05,-9.01812714e-05,1.24304037e-04
1.85000000e+02,6.96100586e-01,8.97951378e-05,-1.92841036e-05,-8.70578370e-03,-2.16724124e-03,-8.32523458e-04,6.01812660e-01,7.46376304e-05,-2.94062859e-05,9.42879238e-02,1.51575076e-05,1.01221823e-05,-8.76424677e-03,-2.05952754e-03,-9.90755991e-04,5.84631119e-05,-1.07713699e-04,1.58232532e-04
1.86000000e+02,6.95185109e-01,9.82891753e-05,-1.90662341e-05,-8.67437785e-03,-2.45843330e-03,-6.12694563e-04,6.00836536e-01,7.87249636e-05,-3.06222115e-05,9.43485712e-02,1.95642117e-05,1.15559774e-05,-8.73477529e-03,-2.33394075e-03,-8.12852048e-04,6.03974777e-05,-1.24492550e-04,2.00157481e-04
1.87000000e+02,6.94209111e-01,9.86583922e-05,-1.99221175e-05,-8.66407139e-03,-2.69591407e-03,-4.10165940e-04,5.99801043e-01,7.58887288e-05,-3.24842369e-05,9.44080682e-02,2.27696634e-05,1.25621194e-05,-8.72385699e-03,-2.56491154e-03,-6.46140284e-04,5.97856068e-05,-1.31002529e-04,2.35974342e-04
1.88000000e+02,6.93240088e-01,1.11966195e-04,-2.08393313e-05,-8.62643004e-03,-2.92146713e-03,-1.55847051e-04,5.98768879e-01,8.48860531e-05,-3.35386716e-05,9.44712082e-02,2.70801421e-05,1.26993403e-05,-8.68810372e-03,-2.78652698e-03,-4.31135964e-04,6.16736921e-05,-1.34940146e-04,2.75288913e-04
1.89000000e+02,6.92245318e-01,1.14941837e-04,-2.33779853e-05,-8.60859557e-03,-3.08712912e-03,5.65798808e-05,5.97713397e-01,8.53329607e-05,-3.55547197e-05,9.45319221e-02,2.96088762e-05,1.21767344e-05,-8.66948107e-03,-2.96092881e-03,-2.47627891e-04,6.08854751e-05,-1.26200313e-04,3.04207771e-04
1.90000000e+02,6.91292941e-01,1.22515137e-04,-2.65388779e-05,-8.57324058e-03,-3.21758065e-03,2.85050615e-04,5.96697144e-01,8.95828536e-05,-3.72151246e-05,9.45957977e-02,3.29322832e-05,1.06762467e-05,-8.63578871e-03,-3.10451028e-03,-4.90961595e-05,6.25481415e-05,-1.13070368e-04,3.34146775e-04
1.91000000e+02,6.90329003e-01,1.20761293e-04,-2.92486960e-05,-8.56046969e-03,-3.30364821e-03,4.71455538e-04,5.95672742e-01,8.63465429e-05,-3.75733131e-05,9.46562627e-02,3.44147498e-05,8.32461717e-06,-8.62224257e-03,-3.21804845e-03,1.19566477e-04,6.17728605e-05,-8.55997610e-05,3.51889062e-04
1.92000000e+02,6.89393790e-01,1.32545173e-04,-3.34825065e-05,-8.52166182e-03,-3.34960136e-03,6.96499440e-04,5.94675000e-01,9.58920385e-05,-3.82342205e-05,9.47187903e-02,3.66531345e-05,4.75171406e-06,-8.58527683e-03,-3.29783476e-03,3.26931028e-04,6.36150372e-05,-5.17666034e-05,3.69568411e-04
1.93000000e+02,6.88434353e-01,1.35751831e-04,-3.94203254e-05,-8.50072173e-03,-3.31844125e-03,8.77958646e-04,5.93657371e-01,9.89035121e-05,-3.95464326e-05,9.47769806e-02,3.68483193e-05,1.26107203e-07,-8.56360973e-03,-3.31680215e-03,5.03724965e-04,6.28880145e-05,-1.63910095e-06,3.74233681e-04
1.94000000e+02,6.87509361e-01,1.43884539e-04,-4.89053850e-05,-8.46145461e-03,-3.22255479e-03,1.07283236e-03,5.92672249e-01,1.06176890e-04,-4.32231529e-05,9.48371129e-02,3.77076493e-05,-5.68223194e-06,-8.52604751e-03,-3.27725498e-03,6.93944581e-04,6.45928979e-05,5.47001987e-05,3.78887782e-04
1.95000000e+02,6.86570211e-01,1.40931276e-04,-5.69806297e-05,-8.44295990e-03,-3.07242993e-03,1.20366255e-03,5.91678651e-01,1.04168519e-04,-4.46738490e-05,9.48915602e-02,3.67627567e-05,-1.23067804e-05,-8.50684475e-03,-3.19792726e-03,8.31688881e-04,6.38848435e-05,1.25497324e-04,3.71973671e-04
1.96000000e+02,6.85679847e-01,1.48723252e-04,-6.68964526e-05,-8.39959697e-03,-2.87245270e-03,1.35511937e-03,5.90732332e-01,1.12005753e-04,-4.69232499e-05,9.49475159e-02,3.67174987e-05,-1.99732028e-05,-8.46535993e-03,-3.07291662e-03,9.88330695e-04,6.57629695e-05,2.00463927e-04,3.66788671e-04
1.97000000e+02,6.84797505e-01,1.48203501e-04,-7.61621876e-05,-8.37181925e-03,-2.61377255e-03,1.47213989e-03,5.89799029e-01,1.13328010e-04,-4.79061236e-05,9.49984763e-02,3.48754910e-05,-2.82560640e-05,-8.43684617e-03,-2.90133165e-03,1.12085547e-03,6.50269275e-05,2.87559101e-04,3.51284417e-04
1.98000000e+02,6.83995914e-01,1.51585527e-04,-8.38961663e-05,-8.32839325e-03,-2.32371400e-03,1.59492507e-03,5.88945273e-01,1.17529441e-04,-4.67645521e-05,9.50506420e-02,3.40560858e-05,-3.71316145e-05,-8.39506466e-03,-2.69890305e-03,1.25571940e-03,6.66713725e-05,3.75189052e-04,3.39205668e-04
1.99000000e+02,6.83223046e-01,1.43869269e-04,-8.87084552e-05,-8.30645733e-03,-1.99550102e-03,1.65788273e-03,5.88125842e-01,1.12127079e-04,-4.25182270e-05,9.50972013e-02,3.17421901e-05,-4.61902279e-05,-8.37232495e-03,-2.46563830e-03,1.33886982e-03,6.58676452e-05,4.70137276e-04,3.19012914e-04
2.00000000e+02,6.82524802e-01,1.48315616e-04,-9.45286842e-05,-8.25946111e-03,-1.63649866e-03,1.75550376e-03,5.87381408e-01,1.17609820e-04,-3.90984210e-05,9.51433929e-02,3.07057968e-05,-5.54302632e-05,-8.32709285e-03,-2.19656877e-03,1.45102192e-03,6.76317222e-05,5.60070106e-04,3.04481840e-04
2.01000000e+02,6.81846917e-01,1.42099695e-04,-1.00152304e-04,-8.22882633e-03,-1.23602902e-03,1.80186276e-03,5.86663285e-01,1.13841691e-04,-3.59114709e-05,9.51836323e-02,2.82580037e-05,-6.42408334e-05,-8.29563079e-03,-1.88727681e-03,1.51801808e-03,6.68044442e-05,6.51247794e-04,2.83844683e-04
2.02000000e+02,6.81253165e-01,1.40914312e-04,-1.07983285e-04,-8.18342266e-03,-8.06671968e-04,1.87118332e-03,5.86028528e-01,1.13645909e-04,-3.55146223e-05,9.52246386e-02,2.72684029e-05,-7.24686622e-05,-8.25177315e-03,-1.53743446e-03,1.60002730e-03,6.83504970e-05,7.30762488e-04,2.71156012e-04
2.03000000e+02,6.80685295e-01,1.31488214e-04,-1.19406842e-04,-8.15905260e-03,-3.33004234e-04,1.91406077e-03,5.85425279e-01,1.06219159e-04,-3.97377720e-05,9.52600162e-02,2.52690554e-05,-7.96690700e-05,-8.22647777e-03,-1.13842736e-03,1.65892135e-03,6.74251652e-05,8.05423123e-04,2.55139426e-04
2.04000000e+02,6.80192668e-01,1.36164119e-04,-1.30536258e-04,-8.11072612e-03,1.07578538e-04,2.01275267e-03,5.84896437e-01,1.11194034e-04,-4.46898115e-05,9.52962287e-02,2.49700852e-05,-8.58464465e-05,-8.17973189e-03,-7.55712283e-04,1.76388194e-03,6.90057360e-05,8.63290820e-04,2.48870724e-04
2.05000000e+02,6.79717559e-01,1.30412164e-04,-1.38411096e-04,-8.08096385e-03,5.16155441e-04,2.06377839e-03,5.84390867e-01,1.06832144e-04,-4.77837146e-05,9.53266913e-02,2.35800208e-05,-9.06273816e-05,-8.14892029e-03,-3.97199540e-04,1.82428137e-03,6.79564553e-05,9.13354981e-04,2.39497014e-04
2.06000000e+02,6.79319277e-01,1.30669894e-04,-1.43650228e-04,-8.03800897e-03,8.61486083e-04,2.13990748e-03,5.83961244e-01,1.06795534e-04,-4.94083131e-05,9.53580308e-02,2.38743599e-05,-9.42419150e-05,-8.10730194e-03,-8.45361867e-05,1.90003774e-03,6.92929750e-05,9.46022272e-04,2.39869736e-04
2.07000000e+02,6.78939466e-01,1.19397194e-04,-1.46465576e-04,-8.01796556e-03,1.15894485e-03,2.16176800e-03,5.83554925e-01,9.62707514e-05,-4.98258108e-05,9.53845423e-02,2.31264427e-05,-9.66397649e-05,-8.08614929e-03,1.86747436e-04,1.92509334e-03,6.81837299e-05,9.72197410e-04,2.36674657e-04
2.08000000e+02,6.78630950e-01,1.21154871e-04,-1.50033535e-04,-7.97306550e-03,1.39701904e-03,2.22254317e-03,5.83218063e-01,9.71438465e-05,-5.18598584e-05,9.54128862e-02,2.40110247e-05,-9.81736767e-05,-8.04269309e-03,4.13682216e-04,1.98051398e-03,6.96276197e-05,9.83336826e-04,2.42029191e-04
2.09000000e+02,6.78324608e-01,1.13758338e-04,-1.52299001e-04,-7.94544681e-03,1.59179770e-03,2.24188276e-03,5.82888613e-01,9.01921987e-05,-5.36277003e-05,9.54359949e-02,2.35661399e-05,-9.86713008e-05,-8.01391673e-03,6.01520848e-04,2.00007153e-03,6.84699447e-05,9.90276846e-04,2.41811234e-04
2.10000000e+02,6.78057520e-01,1.12503760e-04,-1.53965056e-04,-7.90610766e-03,1.72248731e-03,2.28321719e-03,5.82597790e-01,8.79953199e-05,-5.56234621e-05,9.54597311e-02,2.45084405e-05,-9.83415935e-05,-7.97583830e-03,7.39201736e-04,2.03510291e-03,6.97306468e-05,9.83285571e-04,2.48114275e-04
2.11000000e+02,6.77740710e-01,1.01241041e-04,-1.56572873e-04,-7.88971802e-03,1.81738707e-03,2.27112770e-03,5.82263275e-01,7.72483640e-05,-5.94321940e-05,9.54774314e-02,2.39926770e-05,-9.71406790e-05,-7.95828500e-03,8.44209303e-04,2.02474390e-03,6.85669661e-05,9.73177763e-04,2.46383802e-04
2.12000000e+02,6.77407245e-01,1.04248367e-04,-1.58766586e-04,-7.85013913e-03,1.83536915e-03,2.30149938e-03,5.81912007e-01,7.97102093e-05,-6.34793243e-05,9.54952371e-02,2.45381585e-05,-9.52872619e-05,-7.92015503e-03,8.85102082e-04,2.05411724e-03,7.00158638e-05,9.50267059e-04,2.47382133e-04
2.13000000e+02,6.77001987e-01,9.87593436e-05,-1.60525353e-04,-7.82785434e-03,1.82278767e-03,2.28415215e-03,5.81495056e-01,7.56219198e-05,-6.80207509e-05,9.55069354e-02,2.31374238e-05,-9.25046018e-05,-7.89678712e-03,8.98262592e-04,2.04760810e-03,6.89327730e-05,9.24525073e-04,2.36544050e-04
2.14000000e+02,6.76589902e-01,9.79260767e-05,-1.61418882e-04,-7.79042201e-03,1.74368427e-03,2.25925845e-03,5.81070413e-01,7.53847958e-05,-7.24675024e-05,9.55194930e-02,2.25412807e-05,-8.89513802e-05,-7.86076177e-03,8.58744118e-04,2.03288591e-03,7.03397668e-05,8.84940151e-04,2.26372540e-04
2.15000000e+02,6.76116474e-01,8.84766571e-05,-1.62916889e-04,-7.77498472e-03,1.62581562e-03,2.17550103e-03,5.80589157e-01,6.84279590e-05,-7.84672970e-05,9.55273181e-02,2.00486984e-05,-8.44495920e-05,-7.84439518e-03,7.84001309e-04,1.97165344e-03,6.94104639e-05,8.41814308e-04,2.03847589e-04
2.16000000e+02,6.75633511e-01,9.25218823e-05,-1.64682606e-04,-7.73507316e-03,1.45128462e-03,2.10698187e-03,5.80096993e-01,7.41224302e-05,-8.54736271e-05,9.55365195e-02,1.83994522e-05,-7.92089785e-05,-7.80624458e-03,6.66162817e-04,1.92504156e-03,7.11714681e-05,7.85121807e-04,1.81940305e-04
2.17000000e+02,6.75078440e-01,8.80059036e-05,-1.67567008e-04,-7.71240410e-03,1.27914177e-03,1.97728071e-03,5.79538448e-01,7.31697148e-05,-9.45071087e-05,9.55399917e-02,1.48361887e-05,-7.30598993e-05,-7.78284118e-03,5.53275760e-04,1.82832962e-03,7.04370955e-05,7.25866014e-04,1.48951092e-04
2.18000000e+02,6.74507641e-01,8.92505121e-05,-1.69374549e-04,-7.67525800e-03,1.06955859e-03,1.84285761e-03,5.78963132e-01,7.68350157e-05,-1.03028760e-04,9.55445076e-02,1.24154963e-05,-6.63457887e-05,-7.74750865e-03,4.14279526e-04,1.72234580e-03,7.22506485e-05,6.55279065e-04,1.20511813e-04
2.19000000e+02,6.73855299e-01,8.01770448e-05,-1.70350441e-04,-7.66049899e-03,8.40087752e-04,1.64007712e-03,5.78312067e-01,7.14750021e-05,-1.11208612e-04,9.55432312e-02,8.70204261e-06,-5.91418289e-05,-7.73220597e-03,2.54213635e-04,1.55372818e-03,7.17069992e-05,5.85874119e-04,8.63489398e-05
2.20000000e+02,6.73183615e-01,8.55310000e-05,-1.71825707e-04,-7.62140970e-03,5.88018532e-04,1.47565253e-03,5.77640484e-01,7.88955639e-05,-1.19832276e-04,9.55431320e-02,6.63543607e-06,-5.19934307e-05,-7.69520196e-03,7.70410492e-05,1.41449366e-03,7.37922182e-05,5.10977481e-04,6.11588635e-05
2.21000000e+02,6.72456587e-01,8.18670004e-05,-1.71925802e-04,-7.59789785e-03,3.52986171e-04,1.26891762e-03,5.76918914e-01,7.84659552e-05,-1.26899723e-04,9.55376711e-02,3.40104519e-06,-4.50260791e-05,-7.67122327e-03,-9.20182269e-05,1.23617032e-03,7.33254241e-05,4.45004399e-04,3.27472972e-05
2.22000000e+02,6.71757990e-01,8.43167308e-05,-1.72770841e-04,-7.55940724e-03,1.35139620e-04,1.08061779e-03,5.76224864e-01,8.24037851e-05,-1.33817333e-04,9.55331240e-02,1.91294570e-06,-3.89535083e-05,-7.63472082e-03,-2.47088952e-04,1.06611907e-03,7.53135405e-05,3.82228572e-04,1.44987187e-05
2.23000000e+02,6.71036957e-01,7.71071564e-05,-1.75409452e-04,-7.54135131e-03,-3.32688996e-05,8.45318889e-04,5.75514759e-01,7.77542504e-05,-1.41335074e-04,9.55221957e-02,-6.47093926e-07,-3.40743775e-05,-7.61621993e-03,-3.71007812e-04,8.52696772e-04,7.48685927e-05,3.37738913e-04,-7.37788519e-06
2.24000000e+02,6.70345852e-01,8.44948577e-05,-1.78167507e-04,-7.49624026e-03,-1.80441091e-04,6.49492372e-04,5.74834298e-01,8.60561358e-05,-1.47062320e-04,9.55115528e-02,-1.56127802e-06,-3.11051877e-05,-7.57320611e-03,-4.86671369e-04,6.70395175e-04,7.69658289e-05,3.06230275e-04,-2.09028016e-05
2.25000000e+02,6.69626293e-01,8.10596844e-05,-1.81464919e-04,-7.46537594e-03,-2.50246956e-04,3.91479695e-04,5.74131394e-01,8.49896056e-05,-1.51300443e-04,9.54948975e-02,-3.92992096e-06,-3.01644753e-05,-7.54180911e-03,-5.52143509e-04,4.32453051e-04,7.64331698e-05,3.01896553e-04,-4.09733564e-05
2.26000000e+02,6.68946303e-01,8.33679023e-05,-1.86800004e-04,-7.41585352e-03,-2.59775197e-04,1.40449764e-04,5.73467067e-01,8.83514081e-05,-1.55091812e-04,9.54792384e-02,-4.98350590e-06,-3.17081917e-05,-7.49410183e-03,-5.75702329e-04,1.95784300e-04,7.82482780e-05,3.15927132e-04,-5.53345359e-05
2.27000000e+02,6.68250324e-01,7.77584418e-05,-1.98438757e-04,-7.38409705e-03,-1.58789202e-04,-1.53323249e-04,5.72792193e-01,8.52484888e-05,-1.63168306e-04,9.54581314e-02,-7.49004697e-06,-3.52704509e-05,-7.46164340e-03,-5.14943895e-04,-7.60040027e-05,7.75463300e-05,3.56154692e-04,-7.73192465e-05
2.28000000e+02,6.67601465e-01,8.82504890e-05,-2.09658242e-04,-7.32339129e-03,-2.98955917e-05,-3.98243637e-04,5.72163023e-01,9.68489998e-05,-1.68998753e-04,9.54384423e-02,-8.59851066e-06,-4.06594898e-05,-7.40270993e-03,-4.38017139e-04,-3.05101571e-04,7.93186672e-05,4.08121547e-04,-9.31420660e-05
2.29000000e+02,6.66950925e-01,8.83871907e-05,-2.18677518e-04,-7.27839043e-03,1.53845224e-04,-6.98306292e-04,5.71537318e-01,9.95397372e-05,-1.71686197e-04,9.54136071e-02,-1.11525464e-05,-4.69913220e-05,-7.35679129e-03,-3.21922571e-04,-5.83453560e-04,7.84008390e-05,4.75767795e-04,-1.14852732e-04
2.30000000e+02,6.66367672e-01,9.48432635e-05,-2.23773388e-04,-7.21982407e-03,3.36552519e-04,-9.80090808e-04,5.70977116e-01,1.06806830e-04,-1.69894883e-04,9.53905556e-02,-1.19635664e-05,-5.38785048e-05,-7.29961889e-03,-2.05631489e-04,-8.53755603e-04,7.97948112e-05,5.42184005e-04,-1.26335203e-04
2.31000000e+02,6.65795569e-01,9.23121977e-05,-2.29218432e-04,-7.18267675e-03,5.59996267e-04,-1.29270274e-03,5.70433036e-01,1.05866276e-04,-1.68736019e-04,9.53625366e-02,-1.35540783e-05,-6.04824127e-05,-7.26136004e-03,-5.17586900e-05,-1.15480823e-03,7.86833064e-05,6.11754957e-04,-1.37894511e-04
2.32000000e+02,6.65295368e-01,1.05633120e-04,-2.30776895e-04,-7.12195489e-03,7.57721176e-04,-1.53165291e-03,5.69959082e-01,1.18505224e-04,-1.64155298e-04,9.53362834e-02,-1.28721043e-05,-6.66215972e-05,-7.20200443e-03,8.78529257e-05,-1.39717839e-03,8.00495006e-05,6.69868252e-04,-1.34474520e-04
2.33000000e+02,6.64813685e-01,1.11174798e-04,-2.29174462e-04,-7.07998466e-03,9.71753915e-04,-1.76011922e-03,5.69508716e-01,1.23970239e-04,-1.57405159e-04,9.53049672e-02,-1.27954411e-05,-7.17693030e-05,-7.15875772e-03,2.47516831e-04,-1.63184909e-03,7.87731024e-05,7.24237087e-04,-1.28270130e-04
2.34000000e+02,6.64413002e-01,1.23011777e-04,-2.24446088e-04,-7.02643213e-03,1.16061773e-03,-1.91777772e-03,5.69137772e-01,1.33337253e-04,-1.48301001e-04,9.52752337e-02,-1.03254758e-05,-7.61450864e-05,-7.10630675e-03,3.95955146e-04,-1.81229424e-03,7.98746086e-05,7.64662587e-04,-1.05483484e-04
2.35000000e+02,6.64019482e-01,1.26045606e-04,-2.18586677e-04,-6.99487431e-03,1.34696943e-03,-2.05603925e-03,5.68779529e-01,1.34315755e-04,-1.38945721e-04,9.52399549e-02,-8.27014943e-06,-7.96409564e-05,-7.07340661e-03,5.44180585e-04,-1.97642160e-03,7.85322850e-05,8.02788842e-04,-7.96176506e-05
2.36000000e+02,6.63676108e-01,1.46138149e-04,-2.08850073e-04,-6.94057498e-03,1.48325420e-03,-2.06714056e-03,5.68470157e-01,1.49968344e-04,-1.26072724e-04,9.52059513e-02,-3.83019539e-06,-8.27773491e-05,-7.02030152e-03,6.52390608e-04,-2.02889626e-03,7.97265745e-05,8.30863593e-04,-3.82443004e-05
2.37000000e+02,6.63311734e-01,1.55233200e-04,-1.97461535e-04,-6.90306824e-03,1.62693676e-03,-2.06745488e-03,5.68145126e-01,1.55432991e-04,-1.12024106e-04,9.51666078e-02,-1.99791132e-07,-8.54374282e-05,-6.98135813e-03,7.66113915e-04,-2.07077784e-03,7.82898663e-05,8.60822842e-04,3.32296773e-06
2.38000000e+02,6.62988015e-01,1.68762525e-04,-1.85085659e-04,-6.85216013e-03,1.74101791e-03,-1.99919355e-03,5.67858513e-01,1.63302142e-04,-9.70779001e-05,9.51295048e-02,5.46038243e-06,-8.80077589e-05,-6.93139196e-03,8.57543449e-04,-2.05662566e-03,7.92318386e-05,8.83474453e-04,5.74321047e-05
2.39000000e+02,6.62637160e-01,1.73313630e-04,-1.73058501e-04,-6.82299604e-03,1.85833194e-03,-1.91292447e-03,5.67549495e-01,1.63069849e-04,-8.29510060e-05,9.50876653e-02,1.02437800e-05,-9.01074950e-05,-6.90075859e-03,9.50285159e-04,-2.02274769e-03,7.77625852e-05,9.08046777e-04,1.09823226e-04
2.40000000e+02,6.62318058e-01,1.90532226e-04,-1.58563654e-04,-6.77175914e-03,1.93149226e-03,-1.75605833e-03,5.67269537e-01,1.73694618e-04,-6.66424304e-05,9.50485237e-02,1.68376081e-05,-9.19212228e-05,-6.85067426e-03,1.00847256e-03,-1.92780359e-03,7.89151113e-05,9.23019708e-04,1.71745259e-04
2.41000000e+02,6.61965830e-01,1.96133473e-04,-1.46993304e-04,-6.73690401e-03,2.04306126e-03,-1.61943477e-03,5.66960854e-01,1.74143506e-04,-5.40171330e-05,9.50049744e-02,2.19899670e-05,-9.29761710e-05,-6.81445002e-03,1.10657215e-03,-1.84717776e-03,7.75460484e-05,9.36489107e-04,2.27742989e-04
2.42000000e+02,6.61648171e-01,2.05654452e-04,-1.31771210e-04,-6.68640448e-03,2.09016035e-03,-1.44612263e-03,5.66683842e-01,1.77180595e-04,-3.84984715e-05,9.49643288e-02,2.84738569e-05,-9.32727388e-05,-6.76504236e-03,1.15426458e-03,-1.73535458e-03,7.86378739e-05,9.35895766e-04,2.89231951e-04
2.43000000e+02,6.61300203e-01,2.03615584e-04,-1.18386883e-04,-6.65418623e-03,2.15493492e-03,-1.30853369e-03,5.66381013e-01,1.70276505e-04,-2.60141014e-05,9.49191906e-02,3.33390794e-05,-9.23727816e-05,-6.73151929e-03,1.22506999e-03,-1.65039775e-03,7.73330767e-05,9.29864930e-04,3.41864054e-04
2.44000000e+02,6.60978716e-01,2.14433060e-04,-1.02578457e-04,-6.59597472e-03,2.16702404e-03,-1.12940205e-03,5.66102488e-01,1.75069594e-04,-1.19916213e-05,9.48762272e-02,3.93634657e-05,-9.05868356e-05,-6.67455765e-03,1.25915669e-03,-1.52688973e-03,7.85829359e-05,9.07867359e-04,3.97487679e-04
2.45000000e+02,6.60621446e-01,2.13487764e-04,-8.80602495e-05,-6.55148685e-03,2.19134640e-03,-9.97575576e-04,5.65793248e-01,1.70178374e-04,-3.72078717e-07,9.48281962e-02,4.33093894e-05,-8.76881708e-05,-6.62870907e-03,1.31012660e-03,-1.43856957e-03,7.72222139e-05,8.81219797e-04,4.40993993e-04
2.46000000e+02,6.60289526e-01,2.15301192e-04,-7.29563483e-05,-6.49158328e-03,2.18314872e-03,-8.63129210e-04,5.65507334e-01,1.67210786e-04,1.10135766e-05,9.47821901e-02,4.80904054e-05,-8.39699250e-05,-6.56982196e-03,1.34293863e-03,-1.34831113e-03,7.82386810e-05,8.40210089e-04,4.85181925e-04
2.47000000e+02,6.59919962e-01,2.07849580e-04,-5.73519703e-05,-6.44995777e-03,2.16572234e-03,-7.65475207e-04,5.65188980e-01,1.56965867e-04,2.20448852e-05,9.47309842e-02,5.08837130e-05,-7.93968554e-05,-6.52672386e-03,1.36862301e-03,-1.28217733e-03,7.67660678e-05,7.97099326e-04,5.16702123e-04
2.48000000e+02,6.59575266e-01,2.15380126e-04,-3.94305897e-05,-6.38270116e-03,2.08705330e-03,-6.28408732e-04,5.64893632e-01,1.60796438e-04,3.51411685e-05,9.46816340e-02,5.45836878e-05,-7.45717583e-05,-6.46050402e-03,1.34239750e-03,-1.17702320e-03,7.78028449e-05,7.44655794e-04,5.48614468e-04
2.49000000e+02,6.59197058e-01,2.09671703e-04,-2.61634629e-05,-6.33199213e-03,2.05460921e-03,-5.67738098e-04,5.64569757e-01,1.53573961e-04,4.32345948e-05,9.46272983e-02,5.60977414e-05,-6.93980576e-05,-6.40821590e-03,1.35895253e-03,-1.13533964e-03,7.62237845e-05,6.95656679e-04,5.67601537e-04
2.50000000e+02,6.58856726e-01,2.07289632e-04,-1.36970638e-05,-6.26425005e-03,1.99808392e-03,-5.07642253e-04,5.64281369e-01,1.48737321e-04,5.05383587e-05,9.45753579e-02,5.85523114e-05,-6.42354227e-05,-6.34128121e-03,1.35749644e-03,-1.09610947e-03,7.70311687e-05,6.40587479e-04,5.88467211e-04
2.51000000e+02,6.58495500e-01,1.95462992e-04,-3.19353366e-06,-6.21614230e-03,1.95609082e-03,-4.90496971e-04,5.63976689e-01,1.36220259e-04,5.58106929e-05,9.45188097e-02,5.92427321e-05,-5.90042266e-05,-6.29154482e-03,1.36465000e-03,-1.08945578e-03,7.54025351e-05,5.91440827e-04,5.98958807e-04
2.52000000e+02,6.58176028e-01,1.98060373e-04,6.35069516e-06,-6.13914260e-03,1.88630380e-03,-4.42525458e-04,5.63711044e-01,1.36993433e-04,6.04376325e-05,9.44649813e-02,6.10669401e-05,-5.40869375e-05,-6.21544369e-03,1.34771515e-03,-1.05484254e-03,7.63011163e-05,5.38588644e-04,6.12317083e-04
2.53000000e+02,6.57838486e-01,1.88883443e-04,1.47769966e-05,-6.07582253e-03,1.83194430e-03,-4.58192377e-04,5.63431570e-01,1.27926657e-04,6.40033553e-05,9.44069167e-02,6.09567865e-05,-4.92263585e-05,-6.15039052e-03,1.33861430e-03,-1.07344832e-03,7.45680380e-05,4.93330000e-04,6.15255944e-04
2.54000000e+02,6.57554767e-01,1.82376562e-04,2.13570355e-05,-5.99403065e-03,1.76380434e-03,-4.86567215e-04,5.63202673e-01,1.20373803e-04,6.59757898e-05,9.43520904e-02,6.20027597e-05,-4.46187543e-05,-6.06925762e-03,1.31972423e-03,-1.10839660e-03,7.52269379e-05,4.44080105e-04,6.21829381e-04
2.55000000e+02,6.57260209e-01,1.67335093e-04,2.90146479e-05,-5.93362756e-03,1.68418876e-03,-5.54585246e-04,5.62967043e-01,1.05952087e-04,6.89758343e-05,9.42931657e-02,6.13830071e-05,-3.99611864e-05,-6.00703574e-03,1.28329199e-03,-1.17365821e-03,7.34082000e-05,4.00896772e-04,6.19072963e-04
2.56000000e+02,6.57012204e-01,1.69093721e-04,3.72425418e-05,-5.84625877e-03,1.56210831e-03,-5.67905893e-04,5.62774949e-01,1.07178085e-04,7.27305817e-05,9.42372548e-02,6.19156357e-05,-3.54880397e-05,-5.92036731e-03,1.20954203e-03,-1.18745652e-03,7.41085462e-05,3.52566280e-04,6.19550620e-04
2.57000000e+02,6.56748104e-01,1.59433725e-04,4.53917695e-05,-5.77813645e-03,1.44799545e-03,-6.43473567e-04,5.62571122e-01,9.89265885e-05,7.63771584e-05,9.41769824e-02,6.05071362e-05,-3.09853891e-05,-5.85035248e-03,1.13723837e-03,-1.25302472e-03,7.22160429e-05,3.10757079e-04,6.09551153e-04
2.58000000e+02,6.56534123e-01,1.54191850e-04,5.14552389e-05,-5.69371154e-03,1.32520998e-03,-7.19349376e-04,5.62414652e-01,9.39055637e-05,7.81052994e-05,9.41194691e-02,6.02862863e-05,-2.66500607e-05,-5.76645218e-03,1.06119334e-03,-1.32258951e-03,7.27406490e-05,2.64016652e-04,6.03240139e-04
2.59000000e+02,6.56299531e-01,1.40959606e-04,5.55340063e-05,-5.63414764e-03,1.21112143e-03,-8.34052423e-04,5.62242318e-01,8.25620911e-05,7.78848065e-05,9.40572149e-02,5.83975152e-05,-2.23508002e-05,-5.70498518e-03,9.86943407e-04,-1.42161384e-03,7.08375649e-05,2.24178022e-04,5.87561421e-04
2.60000000e+02,6.56100256e-01,1.42669173e-04,5.88015655e-05,-5.55304114e-03,1.07474716e-03,-9.05578415e-04,5.62102934e-01,8.49363767e-05,7.71120186e-05,9.39973230e-02,5.77327961e-05,-1.83104529e-05,-5.62454208e-03,8.94414553e-04,-1.48171290e-03,7.15009363e-05,1.80332611e-04,5.76134489e-04
2.61000000e+02,6.55868687e-01,1.34327828e-04,6.26842606e-05,-5.49149084e-03,9.59061389e-04,-1.02367833e-03,5.61936015e-01,7.89843996e-05,7.70587134e-05,9.39326713e-02,5.53434275e-05,-1.43744527e-05,-5.56111186e-03,8.14267346e-04,-1.57991726e-03,6.96210198e-05,1.44794044e-04,5.56238936e-04
2.62000000e+02,6.55670489e-01,1.32089770e-04,6.54661407e-05,-5.41233015e-03,8.32208573e-04,-1.13164142e-03,5.61799732e-01,7.76860821e-05,7.63556888e-05,9.38707560e-02,5.44036877e-05,-1.08895482e-05,-5.48252412e-03,7.25460592e-04,-1.67413015e-03,7.01939434e-05,1.06747982e-04,5.42488727e-04
2.63000000e+02,6.55438718e-01,1.21183615e-04,6.60125828e-05,-5.35648115e-03,7.31340570e-04,-1.27186582e-03,5.61634404e-01,6.92186364e-05,7.36885335e-05,9.38043140e-02,5.19649787e-05,-7.67595049e-06,-5.42483912e-03,6.53101666e-04,-1.79375290e-03,6.83580083e-05,7.82389047e-05,5.21887085e-04
2.64000000e+02,6.55233770e-01,1.23044235e-04,6.85703878e-05,-5.27604807e-03,5.96876036e-04,-1.38422447e-03,5.61493126e-01,7.19200640e-05,7.35316062e-05,9.37406449e-02,5.11241707e-05,-4.96121829e-06,-5.34518475e-03,5.48755609e-04,-1.89298803e-03,6.91366579e-05,4.81204266e-05,5.08763563e-04
2.65000000e+02,6.54994203e-01,1.16359361e-04,7.18096252e-05,-5.21269799e-03,4.87617166e-04,-1.52077555e-03,5.61321336e-01,6.75254930e-05,7.44457433e-05,9.36728673e-02,4.88338683e-05,-2.63611792e-06,-5.28009597e-03,4.59034461e-04,-2.01092178e-03,6.73979882e-05,2.85827073e-05,4.90146232e-04
2.66000000e+02,6.54790103e-01,1.15235945e-04,7.32849913e-05,-5.13268410e-03,3.85662016e-04,-1.64223691e-03,5.61181774e-01,6.69637599e-05,7.41640697e-05,9.36083291e-02,4.82721858e-05,-8.79078237e-07,-5.20077923e-03,3.77726309e-04,-2.12290133e-03,6.80951282e-05,7.93570688e-06,4.80664418e-04
2.67000000e+02,6.54554558e-01,1.06226182e-04,7.26290122e-05,-5.07055933e-03,3.21387239e-04,-1.78662808e-03,5.61014575e-01,5.96935187e-05,7.20669340e-05,9.35399870e-02,4.65326629e-05,5.62078281e-07,-5.13693061e-03,3.24119053e-04,-2.25361286e-03,6.63713041e-05,-2.73181443e-06,4.66984777e-04
2.68000000e+02,6.54351914e-01,1.11885606e-04,7.21009562e-05,-4.98229504e-03,2.49777011e-04,-1.87462638e-03,5.60877132e-01,6.53426167e-05,7.05705231e-05,9.34747821e-02,4.65429894e-05,1.53043308e-06,-5.04948450e-03,2.65250107e-04,-2.33738386e-03,6.71894651e-05,-1.54730953e-05,4.62757471e-04
2.69000000e+02,6.54119832e-01,1.08685109e-04,6.93541410e-05,-4.91029662e-03,2.37312908e-04,-1.98167801e-03,5.60714244e-01,6.34408955e-05,6.71499667e-05,9.34055868e-02,4.52442140e-05,2.20417416e-06,-4.97574938e-03,2.55676578e-04,-2.43594580e-03,6.54527605e-05,-1.83636697e-05,4.54267793e-04
2.70000000e+02,6.53927504e-01,1.10989564e-04,6.63582923e-05,-4.81993603e-03,2.27497102e-04,-2.07235252e-03,5.60587761e-01,6.52011438e-05,6.39246559e-05,9.33397446e-02,4.57884203e-05,2.43363647e-06,-4.88604988e-03,2.51123893e-04,-2.52804258e-03,6.61138458e-05,-2.36267910e-05,4.55690057e-04
2.71000000e+02,6.53703576e-01,1.05409364e-04,6.69435557e-05,-4.74966938e-03,2.12286431e-04,-2.17675612e-03,5.60433812e-01,6.02057242e-05,6.44761173e-05,9.32697662e-02,4.52036400e-05,2.46743861e-06,-4.81402317e-03,2.32204126e-04,-2.63072015e-03,6.43537982e-05,-1.99176949e-05,4.53964038e-04
2.72000000e+02,6.53506868e-01,1.16031118e-04,7.11060368e-05,-4.65065720e-03,1.64738972e-04,-2.20233079e-03,5.60303944e-01,6.95668096e-05,6.90271737e-05,9.32029277e-02,4.64643079e-05,2.07886309e-06,-4.71580681e-03,1.83698995e-04,-2.66454656e-03,6.51496076e-05,-1.89600227e-05,4.62215764e-04
2.73000000e+02,6.53272331e-01,1.15966217e-04,7.45595554e-05,-4.56640580e-03,1.63813499e-04,-2.25953629e-03,5.60140413e-01,6.95501142e-05,7.31669745e-05,9.31319203e-02,4.64161034e-05,1.39258080e-06,-4.62978664e-03,1.72141500e-04,-2.72595129e-03,6.33808398e-05,-8.32800067e-06,4.66415001e-04
2.74000000e+02,6.53068399e-01,1.22142419e-04,7.77694920e-05,-4.46559705e-03,1.69646862e-04,-2.28398260e-03,5.60004142e-01,7.39161908e-05,7.74152603e-05,9.30642578e-02,4.82262284e-05,3.54231578e-07,-4.52961173e-03,1.70300871e-04,-2.76470751e-03,6.40146746e-05,-6.54009236e-07,4.80724902e-04
2.75000000e+02,6.52826346e-01,1.18497487e-04,7.88594000e-05,-4.38671403e-03,2.31442126e-04,-2.33487014e-03,5.59833858e-01,6.95676219e-05,7.97193901e-05,9.29924895e-02,4.89298646e-05,-8.59990026e-07,-4.44897187e-03,2.15982861e-04,-2.82687948e-03,6.22578394e-05,1.54592649e-05,4.92009339e-04
2.76000000e+02,6.52607401e-01,1.27284623e-04,8.06229715e-05,-4.28008494e-03,2.87541647e-04,-2.33923387e-03,5.59683410e-01,7.57405272e-05,8.29766994e-05,9.29239910e-02,5.15440960e-05,-2.35372795e-06,-4.34312742e-03,2.60225215e-04,-2.85329159e-03,6.30424753e-05,2.73164315e-05,5.14057722e-04
2.77000000e+02,6.52347759e-01,1.26354051e-04,8.36576320e-05,-4.19115096e-03,3.70239162e-04,-2.35541891e-03,5.59496219e-01,7.34403803e-05,8.75298702e-05,9.28515399e-02,5.29136702e-05,-3.87223834e-06,-4.25235196e-03,3.23903640e-04,-2.88810677e-03,6.12010018e-05,4.63355211e-05,5.32687862e-04
2.78000000e+02,6.52121438e-01,1.31030513e-04,8.74922117e-05,-4.08704464e-03,4.47827966e-04,-2.34197894e-03,5.59338632e-01,7.48577856e-05,9.29411933e-05,9.27828083e-02,5.61727271e-05,-5.44898168e-06,-4.14879195e-03,3.88571871e-04,-2.90353303e-03,6.17473155e-05,5.92560955e-05,5.61554084e-04
2.79000000e+02,6.51862535e-01,1.27439616e-04,8.98056021e-05,-4.00709777e-03,5.71497467e-04,-2.33456064e-03,5.59152203e-01,6.91943509e-05,9.66884265e-05,9.27103350e-02,5.82452649e-05,-6.88282443e-06,-4.06697527e-03,4.94178621e-04,-2.92126483e-03,5.98774983e-05,7.73188439e-05,5.86704188e-04
2.80000000e+02,6.51634919e-01,1.36699912e-04,9.22135680e-05,-3.90123138e-03,6.88613054e-04,-2.27689915e-03,5.58993313e-01,7.45572415e-05,1.00480875e-04,9.26416054e-02,6.21426702e-05,-8.26730687e-06,-3.96179586e-03,6.00695920e-04,-2.89835997e-03,6.05644772e-05,8.79171335e-05,6.21460824e-04
2.81000000e+02,6.51378148e-01,1.34995267e-04,9.66397124e-05,-3.81527387e-03,8.18242114e-04,-2.24645772e-03,5.58808818e-01,7.03635368e-05,1.06048120e-04,9.25693306e-02,6.46317304e-05,-9.40840712e-06,-3.87399218e-03,7.15443886e-04,-2.89763641e-03,5.87183099e-05,1.02798229e-04,6.51178692e-04
2.82000000e+02,6.51167400e-01,1.38576134e-04,1.02722864e-04,-3.71544270e-03,9.33415592e-04,-2.18621106e-03,5.58666217e-01,6.97238190e-05,1.13002128e-04,9.25011845e-02,6.88523146e-05,-1.02792638e-05,-3.77468984e-03,8.24798517e-04,-2.87595063e-03,5.92471356e-05,1.08617077e-04,6.89739563e-04
2.83000000e+02,6.50937111e-01,1.34066141e-04,1.06098781e-04,-3.63970174e-03,1.09034664e-03,-2.13175643e-03,5.58507569e-01,6.23978863e-05,1.16896360e-04,9.24295422e-02,7.16682543e-05,-1.07975788e-05,-3.69705709e-03,9.73287456e-04,-2.85403331e-03,5.73553549e-05,1.17059183e-04,7.22276882e-04
2.84000000e+02,6.50750744e-01,1.42505038e-04,1.10587206e-04,-3.54125192e-03,1.21795359e-03,-2.02212798e-03,5.58388963e-01,6.64700040e-05,1.21578625e-04,9.23617809e-02,7.60350339e-05,-1.09914187e-05,-3.59923366e-03,1.10257466e-03,-2.78392670e-03,5.79817490e-05,1.15378928e-04,7.61798717e-04
2.85000000e+02,6.50546365e-01,1.38606663e-04,1.14395992e-04,-3.46273482e-03,1.38642189e-03,-1.95469099e-03,5.58255956e-01,5.99158217e-05,1.25055183e-04,9.22904070e-02,7.86908410e-05,-1.06591909e-05,-3.51880235e-03,1.27086396e-03,-2.74788255e-03,5.60675264e-05,1.15557931e-04,7.93191559e-04
2.86000000e+02,6.50395260e-01,1.40356761e-04,1.19696682e-04,-3.36833116e-03,1.52917830e-03,-1.86319220e-03,5.58172193e-01,5.75269407e-05,1.29660307e-04,9.22230682e-02,8.28298201e-05,-9.96362528e-06,-3.42486377e-03,1.42390894e-03,-2.69386541e-03,5.65326116e-05,1.05269360e-04,8.30673214e-04
2.87000000e+02,6.50227722e-01,1.30665234e-04,1.24002246e-04,-3.29863092e-03,1.68662989e-03,-1.81248182e-03,5.58075650e-01,4.54209370e-05,1.32750094e-04,9.21520741e-02,8.52442970e-05,-8.74784791e-06,-3.35320377e-03,1.59043700e-03,-2.67150419e-03,5.45728467e-05,9.61928935e-05,8.59022370e-04
2.88000000e+02,6.50104114e-01,1.32851902e-04,1.29687793e-04,-3.20269973e-03,1.80632512e-03,-1.72493608e-03,5.58019229e-01,4.38793798e-05,1.36804471e-04,9.20848847e-02,8.89725223e-05,-7.11667831e-06,-3.25780869e-03,1.73008736e-03,-2.61676650e-03,5.51089623e-05,7.62377576e-05,8.91830418e-04
2.89000000e+02,6.49958366e-01,1.23114947e-04,1.36630090e-04,-3.12379749e-03,1.94246238e-03,-1.68499504e-03,5.57944297e-01,3.23499089e-05,1.41588714e-04,9.20140694e-02,9.07650376e-05,-4.95862475e-06,-3.17690459e-03,1.88442302e-03,-2.59939696e-03,5.31070965e-05,5.80393553e-05,9.14401922e-04
2.90000000e+02,6.49861127e-01,1.17733167e-04,1.44884176e-04,-3.02724046e-03,2.04790878e-03,-1.64006942e-03,5.57913839e-01,2.39056370e-05,1.47343152e-04,9.19472870e-02,9.38275300e-05,-2.45897707e-06,-3.08071017e-03,2.01834774e-03,-2.58092949e-03,5.34697046e-05,2.95610415e-05,9.40860068e-04
2.91000000e+02,6.49739032e-01,1.00922713e-04,1.50853462e-04,-2.95204825e-03,2.17104612e-03,-1.64154240e-03,5.57862315e-01,5.92085814e-06,1.50362325e-04,9.18767176e-02,9.50018551e-05,4.91137014e-07,-3.00350442e-03,2.16796727e-03,-2.59824360e-03,5.14561736e-05,3.07884822e-06,9.56701198e-04
2.92000000e+02,6.49652744e-01,9.63114297e-05,1.55759012e-04,-2.84748700e-03,2.27284067e-03,-1.61304729e-03,5.57842623e-01,-1.05292684e-06,1.51958521e-04,9.18101191e-02,9.73643569e-05,3.80049186e-06,-2.89939154e-03,2.30652476e-03,-2.58861120e-03,5.19045454e-05,-3.36840883e-05,9.75563902e-04
2.93000000e+02,6.49536528e-01,7.93850494e-05,1.59971790e-04,-2.75851789e-03,2.39678627e-03,-1.64466421e-03,5.57796701e-01,-1.82973395e-05,1.52429595e-04,9.17398260e-02,9.76823889e-05,7.54219579e-06,-2.80827931e-03,2.46462375e-03,-2.62762855e-03,4.97614235e-05,-6.78374837e-05,9.82964340e-04
2.94000000e+02,6.49459281e-01,6.58459370e-05,1.65383395e-04,-2.65214886e-03,2.49028806e-03,-1.68752142e-03,5.57785469e-01,-3.33660035e-05,1.53770842e-04,9.16738092e-02,9.92119404e-05,1.16125533e-05,-2.70209126e-03,2.60197349e-03,-2.68139486e-03,4.99423933e-05,-1.11685439e-04,9.93873438e-04
2.95000000e+02,6.49350375e-01,4.20554955e-05,1.69478189e-04,-2.56638052e-03,2.58608458e-03,-1.77543349e-03,5.57746212e-01,-5.67494532e-05,1.53526720e-04,9.16041614e-02,9.88049486e-05,1.59514689e-05,-2.61406991e-03,2.73825127e-03,-2.76901024e-03,4.76893908e-05,-1.52166686e-04,9.93576751e-04
2.96000000e+02,6.49271657e-01,3.01943864e-05,1.75511620e-04,-2.45552085e-03,2.63025413e-03,-1.83997014e-03,5.57733063e-01,-6.94188815e-05,1.55004407e-04,9.15385943e-02,9.96132679e-05,2.05072131e-05,-2.50340779e-03,2.83154384e-03,-2.83673186e-03,4.78869305e-05,-2.01289707e-04,9.96761720e-04
2.97000000e+02,6.49154978e-01,6.09338159e-06,1.80939896e-04,-2.36336618e-03,2.68949556e-03,-1.96796792e-03,5.57685445e-01,-9.22720998e-05,1.55588624e-04,9.14695321e-02,9.83654814e-05,2.53512726e-05,-2.40889802e-03,2.93609947e-03,-2.95639897e-03,4.55318417e-05,-2.46603914e-04,9.88431047e-04
2.98000000e+02,6.49073596e-01,-1.12645256e-05,1.86420661e-04,-2.25363454e-03,2.72207102e-03,-2.08488265e-03,5.57668895e-01,-1.09608413e-04,1.56004261e-04,9.14046998e-02,9.83438876e-05,3.04163994e-05,-2.29912808e-03,3.02258264e-03,-3.06836046e-03,4.54935412e-05,-3.00511620e-04,9.83477808e-04
2.99000000e+02,6.48955983e-01,-3.96834316e-05,1.92288926e-04,-2.16583512e-03,2.74832256e-03,-2.26154038e-03,5.57619663e-01,-1.36070865e-04,1.56584017e-04,9.13363203e-02,9.63874338e-05,3.57049082e-05,-2.20891401e-03,3.09831525e-03,-3.22899847e-03,4.30788891e-05,-3.49992690e-04,9.67458091e-04
3.00000000e+02,6.48866279e-01,-5.41692900e-05,1.97677754e-04,-2.05038313e-03,2.73799026e-03,-2.39900916e-03,5.57594041e-01,-1.49836746e-04,1.56634103e-04,9.12722382e-02,9.56674562e-05,4.10436511e-05,-2.09350507e-03,3.14510519e-03,-3.35435214e-03,4.31219430e-05,-4.07114932e-04,9.55342985e-04
3.01000000e+02,6.48737913e-01,-8.05866392e-05,2.03405795e-04,-1.95399199e-03,2.73140644e-03,-2.59889744e-03,5.57533227e-01,-1.73505915e-04,1.56880269e-04,9.12046893e-02,9.29192759e-05,4.65255260e-05,-1.99460614e-03,3.19016568e-03,-3.53089603e-03,4.06141552e-05,-4.58759243e-04,9.31998581e-04
3.02000000e+02,6.48645070e-01,-1.01460598e-04,2.09114676e-04,-1.84101073e-03,2.70050954e-03,-2.79684442e-03,5.57503353e-01,-1.92961661e-04,1.56965654e-04,9.11417151e-02,9.15010626e-05,5.21490217e-05,-1.88137992e-03,3.21855744e-03,-3.71004891e-03,4.03691900e-05,-5.18047906e-04,9.13204483e-04
3.03000000e+02,6.48517085e-01,-1.30851044e-04,2.12144966e-04,-1.75293243e-03,2.68015360e-03,-3.03154675e-03,5.57441855e-01,-2.19159370e-04,1.54297557e-04,9.10752306e-02,8.83083260e-05,5.78474096e-05,-1.79070277e-03,3.25214397e-03,-3.91622319e-03,3.77703399e-05,-5.71990374e-04,8.84676434e-04
3.04000000e+02,6.48416722e-01,-1.46119096e-04,2.14541621e-04,-1.64108696e-03,2.62303694e-03,-3.23289295e-03,5.57403593e-01,-2.32587882e-04,1.50976522e-04,9.10131290e-02,8.64687869e-05,6.35650987e-05,-1.67867832e-03,3.25609603e-03,-4.09409294e-03,3.75913708e-05,-6.33059093e-04,8.61199992e-04
3.05000000e+02,6.48278701e-01,-1.71573309e-04,2.16532909e-04,-1.54884214e-03,2.58049389e-03,-3.48001488e-03,5.57331104e-01,-2.54269401e-04,1.47147186e-04,9.09475937e-02,8.26960914e-05,6.93857237e-05,-1.58377672e-03,3.26847397e-03,-4.30770178e-03,3.49345770e-05,-6.87980085e-04,8.27686905e-04
3.06000000e+02,6.48176178e-01,-1.89292258e-04,2.19576996e-04,-1.44013662e-03,2.50884740e-03,-3.70367865e-03,5.57289536e-01,-2.69679366e-04,1.44337349e-04,9.08866440e-02,8.03871076e-05,7.52396461e-05,-1.47467299e-03,3.25840896e-03,-4.50363747e-03,3.45363702e-05,-7.49561561e-04,7.99958819e-04
3.07000000e+02,6.48038234e-01,-2.16284767e-04,2.20462220e-04,-1.35694523e-03,2.44208292e-03,-3.96247753e-03,5.57215997e-01,-2.92657325e-04,1.39436795e-04,9.08222405e-02,7.63725585e-05,8.10254253e-05,-1.38876787e-03,3.24647090e-03,-4.72619567e-03,3.18226441e-05,-8.04387989e-04,7.63718142e-04
3.08000000e+02,6.47928830e-01,-2.27304588e-04,2.22650938e-04,-1.24843382e-03,2.32273785e-03,-4.16554615e-03,5.57166554e-01,-3.01192162e-04,1.35935092e-04,9.07622755e-02,7.38875742e-05,8.67158469e-05,-1.27993269e-03,3.18771214e-03,-4.89962715e-03,3.14988713e-05,-8.64974295e-04,7.34080979e-04
3.09000000e+02,6.47780970e-01,-2.48724007e-04,2.25103055e-04,-1.15876485e-03,2.22156036e-03,-4.41023196e-03,5.57082040e-01,-3.18398199e-04,1.32792907e-04,9.06989293e-02,6.96741925e-05,9.23101478e-05,-1.18755102e-03,3.13907361e-03,-5.10665456e-03,2.87861662e-05,-9.17513242e-04,6.96422606e-04
3.10000000e+02,6.47670223e-01,-2.62749663e-04,2.28305137e-04,-1.05534495e-03,2.09719754e-03,-4.63185669e-03,5.57029991e-01,-3.29952544e-04,1.30519554e-04,9.06402325e-02,6.72028805e-05,9.77855831e-05,-1.08366795e-03,3.07264996e-03,-5.29905942e-03,2.83230062e-05,-9.75452425e-04,6.67202722e-04
3.11000000e+02,6.47525086e-01,-2.83853764e-04,2.28814062e-04,-9.76090583e-04,1.97732614e-03,-4.86508047e-03,5.56947065e-01,-3.47140925e-04,1.25785897e-04,9.05780220e-02,6.32871606e-05,1.03028165e-04,-1.00174226e-03,3.00228329e-03,-5.49712076e-03,2.56516791e-05,-1.02495714e-03,6.32040298e-04
3.12000000e+02,6.47410387e-01,-2.88455992e-04,2.28335362e-04,-8.70151774e-04,1.83106215e-03,-5.02982215e-03,5.56889989e-01,-3.49575942e-04,1.20339207e-04,9.05203970e-02,6.11199500e-05,1.07996155e-04,-8.95485089e-04,2.90929264e-03,-5.63550999e-03,2.53333142e-05,-1.07823049e-03,6.05687863e-04
3.13000000e+02,6.47258535e-01,-3.03981361e-04,2.26949395e-04,-7.83953638e-04,1.72403603e-03,-5.23953327e-03,5.56799313e-01,-3.61388242e-04,1.14268742e-04,9.04592221e-02,5.74068806e-05,1.12680654e-04,-8.06620436e-04,2.84563884e-03,-5.81284910e-03,2.26667981e-05,-1.12160282e-03,5.73315869e-04
3.14000000e+02,6.47144353e-01,-3.10392910e-04,2.27495522e-04,-6.81737930e-04,1.59065768e-03,-5.40117788e-03,5.56741534e-01,-3.65961877e-04,1.10433993e-04,9.04028214e-02,5.55689673e-05,1.17061529e-04,-7.03935299e-04,2.75918715e-03,-5.95213282e-03,2.21973724e-05,-1.16852947e-03,5.50954939e-04
3.15000000e+02,6.46993244e-01,-3.27054380e-04,2.26109556e-04,-5.99871638e-04,1.46112554e-03,-5.59106433e-03,5.56650457e-01,-3.79551780e-04,1.05081990e-04,9.03427851e-02,5.24974003e-05,1.21027567e-04,-6.19490208e-04,2.66618332e-03,-6.11577071e-03,1.96185724e-05,-1.20505777e-03,5.24706352e-04
3.16000000e+02,6.46872655e-01,-3.24836342e-04,2.25867260e-04,-4.92176152e-04,1.29211955e-03,-5.68384931e-03,5.56585356e-01,-3.76297448e-04,1.01275684e-04,9.02872987e-02,5.14611063e-05,1.24591576e-04,-5.11532678e-04,2.53606179e-03,-6.19375671e-03,1.93565240e-05,-1.24394224e-03,5.09907398e-04
3.17000000e+02,6.46713135e-01,-3.31648626e-04,2.28490266e-04,-4.00584790e-04,1.13439835e-03,-5.80011084e-03,5.56484965e-01,-3.80718657e-04,1.00771353e-04,9.02281716e-02,4.90700315e-05,1.27718914e-04,-4.17422551e-04,2.40586763e-03,-6.29082404e-03,1.68377613e-05,-1.27146928e-03,4.90713206e-04
3.18000000e+02,6.46589714e-01,-3.30147456e-04,2.32268247e-04,-2.92330266e-04,9.66646920e-04,-5.87370084e-03,5.56415978e-01,-3.78811323e-04,1.01910226e-04,9.01737355e-02,4.86638675e-05,1.30358020e-04,-3.08797893e-04,2.26738684e-03,-6.35639147e-03,1.64676271e-05,-1.30073992e-03,4.82690609e-04
3.19000000e+02,6.46426957e-01,-3.37173697e-04,2.32073520e-04,-2.04250856e-04,8.32764718e-04,-5.95858808e-03,5.56311312e-01,-3.84175305e-04,9.96521889e-05,9.01156484e-02,4.70016085e-05,1.32421331e-04,-2.18300156e-04,2.15092779e-03,-6.42913834e-03,1.40492997e-05,-1.31816307e-03,4.70550232e-04
3.20000000e+02,6.46293600e-01,-3.29497300e-04,2.32163409e-04,-8.93327273e-05,6.71530480e-04,-5.97876473e-03,5.56231501e-01,-3.76831324e-04,9.81605733e-05,9.00620997e-02,4.73340235e-05,1.34002835e-04,-1.03267914e-04,2.00867183e-03,-6.44835665e-03,1.39351865e-05,-1.33714134e-03,4.69591901e-04
3.21000000e+02,6.46120873e-01,-3.31731158e-04,2.31973925e-04,1.09979317e-05,5.52491179e-04,-6.02159099e-03,5.56115927e-01,-3.78044374e-04,9.68580659e-05,9.00049478e-02,4.63132158e-05,1.35115859e-04,-6.28721841e-07,1.89706751e-03,-6.48597840e-03,1.16266536e-05,-1.34457633e-03,4.64387455e-04
3.22000000e+02,6.45982034e-01,-3.22994020e-04,2.33850442e-04,1.27522416e-04,4.17235754e-04,-5.99678078e-03,5.56029479e-01,-3.70302098e-04,9.80406206e-05,8.99525510e-02,4.73080784e-05,1.35809822e-04,1.16101497e-04,1.77146949e-03,-6.46703479e-03,1.14209190e-05,-1.35423373e-03,4.70253985e-04
3.23000000e+02,6.45806929e-01,-3.23602017e-04,2.32166090e-04,2.23713402e-04,3.23314549e-04,-5.99201472e-03,5.55910275e-01,-3.70626399e-04,9.61755496e-05,8.98966568e-02,4.70243825e-05,1.35990541e-04,2.14543514e-04,1.67577524e-03,-6.46368905e-03,9.16988819e-06,-1.35246069e-03,4.71674332e-04
3.24000000e+02,6.45661197e-01,-3.08723572e-04,2.30180666e-04,3.45479886e-04,2.18278662e-04,-5.91670965e-03,5.55815802e-01,-3.57276209e-04,9.43953635e-05,8.98453945e-02,4.85526359e-05,1.35785303e-04,3.36341882e-04,1.57181379e-03,-6.39933701e-03,9.13800411e-06,-1.35353513e-03,4.82627348e-04
3.25000000e+02,6.45478475e-01,-3.04912155e-04,2.28519815e-04,4.52069138e-04,1.43261894e-04,-5.87120411e-03,5.55687891e-01,-3.53478578e-04,9.33504936e-05,8.97905818e-02,4.85664229e-05,1.35169322e-04,4.45148081e-04,1.48711700e-03,-6.35895054e-03,6.92105633e-06,-1.34385511e-03,4.87746452e-04
3.26000000e+02,6.45335287e-01,-2.92765318e-04,2.29641460e-04,5.73075090e-04,4.84833336e-05,-5.78081719e-03,5.55594671e-01,-3.43244366e-04,9.53420072e-05,8.97406165e-02,5.04790480e-05,1.34299453e-04,5.66289950e-04,1.38626456e-03,-6.28357977e-03,6.78513848e-06,-1.33778122e-03,5.02762570e-04
3.27000000e+02,6.45158156e-01,-2.91520952e-04,2.31608010e-04,6.74367317e-04,-3.80851385e-05,-5.72098054e-03,5.55471110e-01,-3.42474336e-04,9.85825764e-05,8.96870461e-02,5.09533837e-05,1.33025434e-04,6.69753433e-04,1.28325578e-03,-6.23295964e-03,4.61388285e-06,-1.32134091e-03,5.11979090e-04
3.28000000e+02,6.45014388e-01,-2.73909747e-04,2.34458370e-04,8.00709982e-04,-1.45336550e-04,-5.58246870e-03,5.55376267e-01,-3.27125738e-04,1.03003587e-04,8.96381215e-02,5.32159918e-05,1.31454783e-04,7.96067766e-04,1.16345180e-03,-6.11266801e-03,4.64221473e-06,-1.30878834e-03,5.30199294e-04
3.29000000e+02,6.44836591e-01,-2.67307559e-04,2.35002809e-04,9.10613619e-04,-2.00859635e-04,-5.47462677e-03,5.55250966e-01,-3.21168622e-04,1.05449377e-04,8.95856263e-02,5.38610628e-05,1.29553431e-04,9.08121968e-04,1.08547572e-03,-6.01622644e-03,2.49165219e-06,-1.28633535e-03,5.41599665e-04
3.30000000e+02,6.44700083e-01,-2.53118839e-04,2.37850934e-04,1.03501302e-03,-2.69587350e-04,-5.32958372e-03,5.55162080e-01,-3.09347990e-04,1.10267521e-04,8.95380034e-02,5.62291515e-05,1.27583413e-04,1.03264133e-03,9.99506754e-04,-5.89075311e-03,2.37168784e-06,-1.26909410e-03,5.61169387e-04
3.31000000e+02,6.44532759e-01,-2.50769125e-04,2.38696082e-04,1.13688595e-03,-2.98325380e-04,-5.22665199e-03,5.55046039e-01,-3.07866139e-04,1.13344642e-04,8.94867220e-02,5.70970137e-05,1.25351440e-04,1.13668379e-03,9.44951921e-04,-5.80089182e-03,2.02149974e-07,-1.24327730e-03,5.74239846e-04
3.32000000e+02,6.44402421e-01,-2.34146976e-04,2.38718188e-04,1.26171621e-03,-3.43817534e-04,-5.06314287e-03,5.54962381e-01,-2.93723192e-04,1.15752067e-04,8.94400386e-02,5.95762158e-05,1.22966120e-04,1.26154247e-03,8.79161765e-04,-5.65790283e-03,1.73740645e-07,-1.22297930e-03,5.94759950e-04
3.33000000e+02,6.44239606e-01,-2.29054911e-04,2.36589985e-04,1.36866901e-03,-3.35686193e-04,-4.93750367e-03,5.54849918e-01,-2.89482299e-04,1.16066856e-04,8.93896858e-02,6.04273876e-05,1.20523129e-04,1.37073182e-03,8.59182069e-04,-5.54541222e-03,-2.06280897e-06,-1.19486826e-03,6.07908565e-04
3.34000000e+02,6.44119767e-01,-2.14965886e-04,2.37612828e-04,1.48844218e-03,-3.51240108e-04,-4.76690220e-03,5.54775675e-01,-2.77902287e-04,1.19472987e-04,8.93440929e-02,6.29364007e-05,1.18139841e-04,1.49071420e-03,8.22339842e-04,-5.39545392e-03,-2.27202332e-06,-1.17357995e-03,6.28551736e-04
3.35000000e+02,6.43970787e-01,-2.11281372e-04,2.37949492e-04,1.58512086e-03,-3.45037232e-04,-4.62927829e-03,5.54676070e-01,-2.75054341e-04,1.22292713e-04,8.92947154e-02,6.37729685e-05,1.15656778e-04,1.58964186e-03,8.00253255e-04,-5.27041290e-03,-4.52100920e-06,-1.14529049e-03,6.41134593e-04
3.36000000e+02,6.43858768e-01,-1.94767130e-04,2.39311000e-04,1.70446916e-03,-3.72748134e-04,-4.45036542e-03,5.54608841e-01,-2.60826336e-04,1.26147507e-04,8.92499247e-02,6.60592066e-05,1.13163493e-04,1.70907908e-03,7.51275274e-04,-5.10991574e-03,-4.60992550e-06,-1.12402341e-03,6.59550306e-04
3.37000000e+02,6.43713339e-01,-1.92931640e-04,2.39746723e-04,1.80721141e-03,-3.57545888e-04,-4.34008031e-03,5.54511886e-01,-2.59431876e-04,1.29066708e-04,8.92014541e-02,6.65002359e-05,1.10680015e-04,1.81407942e-03,7.38072047e-04,-5.00877561e-03,-6.86801324e-06,-1.09561794e-03,6.68695288e-04
3.38000000e+02,6.43611750e-01,-1.83191538e-04,2.40526720e-04,1.92502843e-03,-3.40461625e-04,-4.19443852e-03,5.54453951e-01,-2.51724427e-04,1.32138840e-04,8.91578013e-02,6.85328895e-05,1.08387880e-04,1.93213884e-03,7.35099807e-04,-4.87910148e-03,-7.11041340e-06,-1.07556143e-03,6.84662941e-04
3.39000000e+02,6.43479144e-01,-1.84619747e-04,2.40585762e-04,2.02040859e-03,-3.10351108e-04,-4.08642959e-03,5.54368749e-01,-2.53473051e-04,1.34464058e-04,8.91103923e-02,6.88533043e-05,1.06121703e-04,2.02980865e-03,7.39276854e-04,-4.77863013e-03,-9.40005850e-06,-1.04962796e-03,6.92200538e-04
3.40000000e+02,6.43381150e-01,-1.70384379e-04,2.40363536e-04,2.13779755e-03,-3.12965195e-04,-3.91893546e-03,5.54313541e-01,-2.41024332e-04,1.36377412e-04,8.90676098e-02,7.06399530e-05,1.03986124e-04,2.14736864e-03,7.19216720e-04,-4.62425153e-03,-9.57109072e-06,-1.03218192e-03,7.05316061e-04
3.41000000e+02,6.43249765e-01,-1.69500973e-04,2.40640539e-04,2.23600264e-03,-2.84245491e-04,-3.81596670e-03,5.54228657e-01,-2.40041594e-04,1.38643348e-04,8.90211081e-02,7.05406211e-05,1.01997191e-04,2.24796415e-03,7.24385990e-04,-4.52476132e-03,-1.19615036e-05,-1.00863148e-03,7.08794616e-04
3.42000000e+02,6.43159630e-01,-1.61214903e-04,2.43875906e-04,2.34483255e-03,-2.72651239e-04,-3.68185208e-03,5.54180214e-01,-2.33070712e-04,1.43589278e-04,8.89794148e-02,7.18558087e-05,1.00286628e-04,2.35717274e-03,7.21555057e-04,-4.39952622e-03,-1.23401883e-05,-9.94206297e-04,7.17674144e-04
3.43000000e+02,6.43035722e-01,-1.66040733e-04,2.43161020e-04,2.43074530e-03,-2.31452324e-04,-3.61199246e-03,5.54101789e-01,-2.37480936e-04,1.44602185e-04,8.89339316e-02,7.14402025e-05,9.85588347e-05,2.44549744e-03,7.42552886e-04,-4.32949224e-03,-1.47521352e-05,-9.74005210e-04,7.17499783e-04
3.44000000e+02,6.42946267e-01,-1.56834899e-04,2.41902456e-04,2.53889290e-03,-2.19884764e-04,-3.49680014e-03,5.54053226e-01,-2.29300732e-04,1.44822132e-04,8.88930410e-02,7.24658331e-05,9.70803245e-05,2.55393844e-03,7.43056521e-04,-4.21979497e-03,-1.50455450e-05,-9.62941281e-04,7.22994831e-04
3.45000000e+02,6.42819372e-01,-1.58848737e-04,2.42165076e-04,2.62910764e-03,-1.85584609e-04,-3.42790650e-03,5.53970949e-01,-2.30450540e-04,1.46429460e-04,8.88484229e-02,7.16018033e-05,9.57356155e-05,2.64662510e-03,7.60436444e-04,-4.14683554e-03,-1.75174487e-05,-9.46021052e-04,7.18929039e-04
3.46000000e+02,6.42731018e-01,-1.54218816e-04,2.44727013e-04,2.73190433e-03,-1.69987593e-04,-3.34121625e-03,5.53922409e-01,-2.26404997e-04,1.50058083e-04,8.88086080e-02,7.21861805e-05,9.46689304e-05,2.74988985e-03,7.68453993e-04,-4.06144640e-03,-1.79855179e-05,-9.38441585e-04,7.20230156e-04
3.47000000e+02,6.42606298e-01,-1.61535353e-04,2.42455210e-04,2.81202925e-03,-1.21870292e-04,-3.29859887e-03,5.53841260e-01,-2.32499156e-04,1.48826467e-04,8.87650392e-02,7.09638026e-05,9.36287430e-05,2.83252276e-03,8.03192510e-04,-4.01089203e-03,-2.04935052e-05,-9.25062802e-04,7.12293166e-04
3.48000000e+02,6.42513653e-01,-1.56894620e-04,2.38654084e-04,2.91292935e-03,-9.40785393e-05,-3.23232462e-03,5.53787573e-01,-2.28088382e-04,1.45796013e-04,8.87260820e-02,7.11937622e-05,9.28580718e-05,2.93380301e-03,8.26894140e-04,-3.94217028e-03,-2.08736650e-05,-9.20972675e-04,7.09845661e-04
3.49000000e+02,6.42382899e-01,-1.62672730e-04,2.35688351e-04,2.99561722e-03,-4.06227683e-05,-3.21465312e-03,5.53699504e-01,-2.32290612e-04,1.43504605e-04,8.86833956e-02,6.96178821e-05,9.21837462e-05,3.01904413e-03,8.70015665e-04,-3.91305593e-03,-2.34269088e-05,-9.10638434e-04,6.98402817e-04
3.50000000e+02,6.42289946e-01,-1.61193348e-04,2.35933871e-04,3.09106583e-03,-1.38082658e-05,-3.17186324e-03,5.53644436e-01,-2.30732700e-04,1.44155495e-04,8.86455106e-02,6.95393519e-05,9.17783759e-05,3.11502755e-03,8.95850066e-04,-3.86513179e-03,-2.39617125e-05,-9.09658329e-04,6.93268555e-04
3.51000000e+02,6.42161802e-01,-1.70759391e-04,2.31861030e-04,3.16378805e-03,3.91470843e-05,-3.17109891e-03,5.53557950e-01,-2.38494784e-04,1.40504957e-04,8.86038528e-02,6.77353936e-05,9.13560728e-05,3.19026313e-03,9.41783938e-04,-3.85049231e-03,-2.64750860e-05,-9.02636855e-04,6.79393398e-04
3.52000000e+02,6.42066010e-01,-1.65164015e-04,2.28452442e-04,3.25904044e-03,4.78303334e-05,-3.11767257e-03,5.53499186e-01,-2.32599936e-04,1.37244657e-04,8.85668233e-02,6.74359212e-05,9.12077848e-05,3.28587956e-03,9.52669612e-04,-3.78908583e-03,-2.68391201e-05,-9.04839278e-04,6.71413264e-04
3.53000000e+02,6.41932058e-01,-1.71591500e-04,2.25533033e-04,3.33700445e-03,8.13386800e-05,-3.12362460e-03,5.53405950e-01,-2.36899160e-04,1.34402810e-04,8.85261112e-02,6.53076600e-05,9.11302230e-05,3.36633842e-03,9.81813867e-04,-3.77835703e-03,-2.93339765e-05,-9.00475189e-04,6.54732422e-04
3.54000000e+02,6.41836740e-01,-1.71754830e-04,2.25279333e-04,3.42899170e-03,8.90033754e-05,-3.11599002e-03,5.53346466e-01,-2.36500022e-04,1.34024339e-04,8.84902737e-02,6.47451916e-05,9.12549934e-05,3.45878687e-03,9.93875476e-04,-3.76071611e-03,-2.97951673e-05,-9.04872098e-04,6.44726103e-04
3.55000000e+02,6.41707009e-01,-1.82218789e-04,2.22092382e-04,3.49847429e-03,1.16447120e-04,-3.14581809e-03,5.53256214e-01,-2.44750370e-04,1.30832780e-04,8.84507944e-02,6.25315816e-05,9.12596019e-05,3.53074318e-03,1.01854224e-03,-3.77247979e-03,-3.22688843e-05,-9.02095120e-04,6.26661689e-04
3.56000000e+02,6.41610560e-01,-1.77722213e-04,2.17298153e-04,3.59039075e-03,1.24901472e-04,-3.12144440e-03,5.53194537e-01,-2.39612189e-04,1.25852343e-04,8.84160217e-02,6.18899766e-05,9.14458099e-05,3.62299453e-03,1.03245044e-03,-3.73695579e-03,-3.26037771e-05,-9.07548973e-04,6.15511398e-04
3.57000000e+02,6.41477770e-01,-1.85416483e-04,2.11639258e-04,3.66340957e-03,1.66176303e-04,-3.15266577e-03,5.53100168e-01,-2.44914614e-04,1.20015600e-04,8.83776007e-02,5.94981299e-05,9.16236571e-05,3.69850433e-03,1.07186775e-03,-3.74889876e-03,-3.50947647e-05,-9.05691449e-04,5.96232991e-04
3.58000000e+02,6.41385114e-01,-1.85391313e-04,2.07091192e-04,3.74930851e-03,1.96033247e-04,-3.15561633e-03,5.53041062e-01,-2.44119062e-04,1.15108390e-04,8.83440538e-02,5.87277493e-05,9.19828019e-05,3.78486150e-03,1.10850471e-03,-3.73978784e-03,-3.55529856e-05,-9.12471469e-04,5.84171509e-04
3.59000000e+02,6.41258242e-01,-1.96196878e-04,2.00505506e-04,3.81423406e-03,2.38707165e-04,-3.20421952e-03,5.52951382e-01,-2.52564560e-04,1.08259611e-04,8.83068586e-02,5.63676821e-05,9.22458941e-05,3.85223968e-03,1.15089322e-03,-3.76881194e-03,-3.80056141e-05,-9.12186053e-04,5.64592421e-04
3.60000000e+02,6.41166258e-01,-1.92051074e-04,1.96153166e-04,3.90100681e-03,2.27600670e-04,-3.19548058e-03,5.52891926e-01,-2.47678132e-04,1.03518764e-04,8.82743341e-02,5.56270580e-05,9.26344017e-05,3.93924591e-03,1.14742139e-03,-3.74805448e-03,-3.82390993e-05,-9.19820714e-04,5.52573893e-04
3.61000000e+02,6.41038585e-01,-2.00340515e-04,1.90209142e-04,3.97081252e-03,2.53580504e-04,-3.24673419e-03,5.52800402e-01,-2.53537162e-04,9.72638416e-05,8.82381834e-02,5.31966463e-05,9.29453000e-05,4.01148953e-03,1.17304637e-03,-3.77958914e-03,-4.06770131e-05,-9.19465866e-04,5.32854952e-04
3.62000000e+02,6.40953597e-01,-1.99889838e-04,1.87666523e-04,4.05397094e-03,2.42303382e-04,-3.25512106e-03,5.52746781e-01,-2.52375382e-04,9.43150010e-05,8.82068175e-02,5.24855433e-05,9.33515223e-05,4.09496541e-03,1.16894258e-03,-3.77666738e-03,-4.09944753e-05,-9.26639205e-04,5.21546325e-04
3.63000000e+02,6.40836034e-01,-2.11148141e-04,1.81942398e-04,4.11597610e-03,2.60249240e-04,-3.31561116e-03,5.52664313e-01,-2.61390036e-04,8.84021600e-05,8.81717242e-02,5.02418944e-05,9.35402379e-05,4.15935640e-03,1.18570769e-03,-3.81886910e-03,-4.33802945e-05,-9.25458450e-04,5.03257938e-04
3.64000000e+02,6.40752909e-01,-2.06756512e-04,1.76410788e-04,4.20176401e-03,2.47709927e-04,-3.31400905e-03,5.52611599e-01,-2.56470621e-04,8.25905058e-05,8.81413107e-02,4.97141088e-05,9.38202827e-05,4.24527326e-03,1.17958523e-03,-3.80731718e-03,-4.35092450e-05,-9.31875301e-04,4.93308127e-04
3.65000000e+02,6.40633810e-01,-2.13551208e-04,1.70793885e-04,4.27011777e-03,2.61648921e-04,-3.35320695e-03,5.52526634e-01,-2.61070225e-04,7.68509378e-05,8.81071756e-02,4.75190169e-05,9.39429469e-05,4.31598950e-03,1.19114063e-03,-3.82923818e-03,-4.58717315e-05,-9.29491709e-04,4.76031227e-04
3.66000000e+02,6.40556170e-01,-2.10932878e-04,1.70275404e-04,4.35358957e-03,2.24798957e-04,-3.34677662e-03,5.52478308e-01,-2.58023916e-04,7.60802421e-05,8.80778607e-02,4.70910378e-05,9.41951628e-05,4.39968772e-03,1.15973590e-03,-3.81407595e-03,-4.60981549e-05,-9.34936941e-04,4.67299335e-04
3.67000000e+02,6.40445323e-01,-2.19409298e-04,1.67897216e-04,4.41574996e-03,2.00853599e-04,-3.38849964e-03,5.52400528e-01,-2.64506981e-04,7.37821438e-05,8.80447931e-02,4.50976829e-05,9.41150718e-05,4.46418168e-03,1.13211301e-03,-3.84009132e-03,-4.84317208e-05,-9.31259415e-04,4.51591673e-04
3.68000000e+02,6.40369029e-01,-2.14019755e-04,1.64995177e-04,4.50185792e-03,1.52338578e-04,-3.38350786e-03,5.52352623e-01,-2.58833322e-04,7.09399007e-05,8.80164064e-02,4.48135658e-05,9.40552764e-05,4.55031433e-03,1.08671609e-03,-3.82768833e-03,-4.84564031e-05,-9.34377509e-04,4.44180469e-04
3.69000000e+02,6.40255754e-01,-2.21605594e-04,1.62525400e-04,4.57006803e-03,1.33674593e-04,-3.42686143e-03,5.52271349e-01,-2.64440710e-04,6.87261923e-05,8.79844029e-02,4.28351164e-05,9.37992079e-05,4.62081385e-03,1.06179252e-03,-3.85629656e-03,-5.07458249e-05,-9.28117926e-04,4.29435130e-04
3.70000000e+02,6.40183708e-01,-2.21871287e-04,1.62135403e-04,4.65351078e-03,9.06602554e-05,-3.44380415e-03,5.52226466e-01,-2.64565021e-04,6.85187014e-05,8.79572420e-02,4.26937342e-05,9.36167016e-05,4.70436393e-03,1.02005357e-03,-3.86738687e-03,-5.08531528e-05,-9.29393313e-04,4.23582719e-04
3.71000000e+02,6.40078973e-01,-2.30983564e-04,1.57824088e-04,4.71514074e-03,7.37635974e-05,-3.48737337e-03,5.52152523e-01,-2.72027669e-04,6.47558811e-05,8.79264480e-02,4.10441055e-05,9.30682065e-05,4.76818700e-03,9.94847781e-04,-3.89874076e-03,-5.30462617e-05,-9.21084182e-04,4.11367388e-04
3.72000000e+02,6.40007258e-01,-2.24744006e-04,1.54657712e-04,4.80097104e-03,2.07361438e-05,-3.46634119e-03,5.52106928e-01,-2.65832623e-04,6.20766825e-05,8.79003301e-02,4.10886169e-05,9.25810292e-05,4.85392650e-03,9.40599634e-04,-3.87370735e-03,-5.29554595e-05,-9.19863489e-04,4.07366165e-04
3.73000000e+02,6.39899130e-01,-2.30525177e-04,1.52527321e-04,4.86665884e-03,-5.10028135e-07,-3.49318228e-03,5.52028549e-01,-2.70076066e-04,6.06459236e-05,8.78705791e-02,3.95508898e-05,9.18813977e-05,4.92177708e-03,9.08562632e-04,-3.88985315e-03,-5.51182282e-05,-9.09072662e-04,3.96670865e-04
3.74000000e+02,6.39830399e-01,-2.27180999e-04,1.53994953e-04,4.94575334e-03,-5.94818042e-05,-3.47251739e-03,5.51984720e-01,-2.66935042e-04,6.27621936e-05,8.78456793e-02,3.97540437e-05,9.12327589e-05,5.00086994e-03,8.46261622e-04,-3.86696585e-03,-5.51165962e-05,-9.05743424e-04,3.94448454e-04
3.75000000e+02,6.39727176e-01,-2.32144635e-04,1.51426268e-04,5.00203612e-03,-9.03040172e-05,-3.46999823e-03,5.51910006e-01,-2.70614034e-04,6.12019951e-05,8.78171704e-02,3.84693995e-05,9.02242727e-05,5.05923619e-03,8.02523302e-04,-3.85585907e-03,-5.72000814e-05,-8.92827315e-04,3.85860839e-04
3.76000000e+02,6.39657776e-01,-2.20135874e-04,1.47874997e-04,5.08190573e-03,-1.36084615e-04,-3.38998828e-03,5.51864415e-01,-2.58970038e-04,5.85256835e-05,8.77933603e-02,3.88341643e-05,8.93493137e-05,5.13891746e-03,7.51525846e-04,-3.77496477e-03,-5.70117449e-05,-8.87610461e-04,3.84976485e-04
3.77000000e+02,6.39551648e-01,-2.20500542e-04,1.47350778e-04,5.14281106e-03,-1.67115510e-04,-3.36167860e-03,5.51785682e-01,-2.58007251e-04,5.91118608e-05,8.77659630e-02,3.75067094e-05,8.82389172e-05,5.20188569e-03,7.05553052e-04,-3.73818826e-03,-5.90746142e-05,-8.72668561e-04,3.76509662e-04
3.78000000e+02,6.39485516e-01,-2.11573283e-04,1.49386748e-04,5.21717617e-03,-2.25879368e-04,-3.28638089e-03,5.51742052e-01,-2.49474515e-04,6.22016280e-05,8.77434624e-02,3.79012319e-05,8.71851201e-05,5.27619080e-03,6.39567279e-04,-3.66248754e-03,-5.90146027e-05,-8.65446646e-04,3.76106646e-04
3.79000000e+02,6.39385397e-01,-2.14750909e-04,1.47526459e-04,5.26781167e-03,-2.57083750e-04,-3.25775564e-03,5.51668085e-01,-2.51414144e-04,6.17189456e-05,8.77173134e-02,3.66632350e-05,8.58075138e-05,5.32882510e-03,5.91668184e-04,-3.62619018e-03,-6.10134802e-05,-8.48751935e-04,3.68434533e-04
3.80000000e+02,6.39318853e-01,-2.03632079e-04,1.47511329e-04,5.34327677e-03,-3.26097542e-04,-3.17738480e-03,5.51623035e-01,-2.40808793e-04,6.29623605e-05,8.76958192e-02,3.71767140e-05,8.45489682e-05,5.40404361e-03,5.13467216e-04,-3.54645760e-03,-6.07668307e-05,-8.39564758e-04,3.69072798e-04
3.81000000e+02,6.39215358e-01,-2.04045641e-04,1.47989507e-04,5.39923188e-03,-3.54660296e-04,-3.13979006e-03,5.51544640e-01,-2.40103755e-04,6.49553894e-05,8.76707171e-02,3.60581144e-05,8.30341178e-05,5.46196432e-03,4.66087052e-04,-3.50243193e-03,-6.27324132e-05,-8.20747347e-04,3.62641869e-04
3.82000000e+02,6.39151490e-01,-1.95247475e-04,1.50077018e-04,5.46706510e-03,-3.97700581e-04,-3.05813284e-03,5.51501010e-01,-2.31887800e-04,6.84465105e-05,8.76504792e-02,3.66403255e-05,8.16305073e-05,5.52969853e-03,4.12104053e-04,-3.42216826e-03,-6.26334291e-05,-8.09804632e-04,3.64035425e-04
3.83000000e+02,6.39053349e-01,-1.96897837e-04,1.46242404e-04,5.51103278e-03,-3.95468558e-04,-3.00853849e-03,5.51426736e-01,-2.32501034e-04,6.63360675e-05,8.76266134e-02,3.56031975e-05,7.99063361e-05,5.57553995e-03,3.94189532e-04,-3.36674308e-03,-6.45071615e-05,-7.89658093e-04,3.58204587e-04
3.84000000e+02,6.38989255e-01,-1.85813295e-04,1.42486785e-04,5.58123892e-03,-4.23335559e-04,-2.91971204e-03,5.51381899e-01,-2.22040097e-04,6.41393120e-05,8.76073566e-02,3.62268029e-05,7.83474731e-05,5.64541180e-03,3.54529155e-04,-3.27961284e-03,-6.41728897e-05,-7.77864714e-04,3.59900796e-04
3.85000000e+02,6.38888024e-01,-1.85094068e-04,1.39253787e-04,5.63373356e-03,-4.10704629e-04,-2.86726992e-03,5.51303676e-01,-2.20292053e-04,6.26275588e-05,8.75843483e-02,3.51979846e-05,7.66262282e-05,5.69972728e-03,3.46209711e-04,-3.22169360e-03,-6.59937250e-05,-7.56914342e-04,3.54423675e-04
3.86000000e+02,6.38826343e-01,-1.73037849e-04,1.38450835e-04,5.70163175e-03,-4.24443744e-04,-2.75089425e-03,5.51260092e-01,-2.08874394e-04,6.33556638e-05,8.75662489e-02,3.58365441e-05,7.50951715e-05,5.76744130e-03,3.20294642e-04,-3.10725710e-03,-6.58095832e-05,-7.44738386e-04,3.56362845e-04
3.87000000e+02,6.38731041e-01,-1.74713002e-04,1.34675157e-04,5.74610012e-03,-4.11503051e-04,-2.69175240e-03,5.51186592e-01,-2.09520191e-04,6.14225416e-05,8.75444489e-02,3.48071890e-05,7.32526154e-05,5.81370886e-03,3.11885568e-04,-3.04235843e-03,-6.76087555e-05,-7.23388617e-04,3.50606031e-04
3.88000000e+02,6.38668694e-01,-1.61842772e-04,1.29450068e-04,5.81584102e-03,-4.14907591e-04,-2.58460791e-03,5.51141437e-01,-1.97258943e-04,5.78650472e-05,8.75272602e-02,3.54161713e-05,7.15850211e-05,5.88309277e-03,2.95548205e-04,-2.93659394e-03,-6.72517617e-05,-7.10455794e-04,3.51986034e-04
3.89000000e+02,6.38568732e-01,-1.62059593e-04,1.24959868e-04,5.86821613e-03,-3.84236516e-04,-2.53850177e-03,5.51062358e-01,-1.96335754e-04,5.51647213e-05,8.75063760e-02,3.42761610e-05,6.97951466e-05,5.93723863e-03,3.04569838e-04,-2.88377540e-03,-6.90224849e-05,-6.88806356e-04,3.45273628e-04
3.90000000e+02,6.38508428e-01,-1.54260140e-04,1.24557613e-04,5.93676517e-03,-3.96528845e-04,-2.45726465e-03,5.51018086e-01,-1.89021811e-04,5.62888781e-05,8.74903412e-02,3.47616716e-05,6.82687345e-05,6.00559631e-03,2.80073571e-04,-2.80310053e-03,-6.88311270e-05,-6.76602419e-04,3.45835882e-04
3.91000000e+02,6.38414460e-01,-1.57887782e-04,1.21137302e-04,5.98447386e-03,-3.80811940e-04,-2.41768317e-03,5.50943885e-01,-1.91526568e-04,5.46708526e-05,8.74705763e-02,3.36387857e-05,6.64664490e-05,6.05505240e-03,2.74794665e-04,-2.75668631e-03,-7.05785592e-05,-6.55606608e-04,3.39003137e-04
3.92000000e+02,6.38353930e-01,-1.47807816e-04,1.18172630e-04,6.05682791e-03,-3.99024733e-04,-2.33572640e-03,5.50898527e-01,-1.81980316e-04,5.32703108e-05,8.74554016e-02,3.41724994e-05,6.49023189e-05,6.12707679e-03,2.44546019e-04,-2.67532957e-03,-7.02488965e-05,-6.43570753e-04,3.39603172e-04
3.93000000e+02,6.38255847e-01,-1.49328741e-04,1.16278336e-04,6.11010160e-03,-3.89932363e-04,-2.29766454e-03,5.50819378e-01,-1.82308003e-04,5.31147549e-05,8.74364692e-02,3.29792625e-05,6.31635814e-05,6.18212758e-03,2.32552485e-04,-2.63006270e-03,-7.20260238e-05,-6.22484846e-04,3.32398157e-04
3.94000000e+02,6.38198184e-01,-1.41291398e-04,1.17397775e-04,6.17768072e-03,-4.07940887e-04,-2.21356413e-03,5.50775849e-01,-1.74674342e-04,5.56894436e-05,8.74223364e-02,3.33829438e-05,6.17083312e-05,6.24956860e-03,2.03024779e-04,-2.54567688e-03,-7.18878693e-05,-6.10965669e-04,3.32112745e-04
3.95000000e+02,6.38107395e-01,-1.46018400e-04,1.13688840e-04,6.22298965e-03,-3.87644069e-04,-2.18649582e-03,5.50702913e-01,-1.78159282e-04,5.36966392e-05,8.74044835e-02,3.21408820e-05,5.99922009e-05,6.29667930e-03,2.03139024e-04,-2.51046236e-03,-7.36896307e-05,-5.90783096e-04,3.23966538e-04
3.96000000e+02,6.38049335e-01,-1.38304331e-04,1.11902725e-04,6.29135789e-03,-4.20767950e-04,-2.12352931e-03,5.50658077e-01,-1.70795445e-04,5.33339522e-05,8.73912595e-02,3.24911141e-05,5.85687726e-05,6.36479603e-03,1.59635105e-04,-2.44652118e-03,-7.34381275e-05,-5.80403056e-04,3.22991861e-04
3.97000000e+02,6.37954003e-01,-1.42147845e-04,1.10450281e-04,6.34096833e-03,-4.14387858e-04,-2.10449305e-03,5.50579690e-01,-1.73314984e-04,5.34144988e-05,8.73743127e-02,3.11671387e-05,5.70357827e-05,6.41623250e-03,1.46861170e-04,-2.41887455e-03,-7.52641851e-05,-5.61249027e-04,3.14381501e-04
3.98000000e+02,6.37899191e-01,-1.36418604e-04,1.14822799e-04,6.40319230e-03,-4.58810809e-04,-2.04096102e-03,5.50537013e-01,-1.67875258e-04,5.90363916e-05,8.73621780e-02,3.14566543e-05,5.57864074e-05,6.47838182e-03,9.27632931e-05,-2.35392029e-03,-7.51895536e-05,-5.51574103e-04,3.12959268e-04
3.99000000e+02,6.37812017e-01,-1.40331516e-04,1.13597087e-04,6.44235730e-03,-4.60596734e-04,-2.00759380e-03,5.50465707e-01,-1.70443195e-04,5.93703366e-05,8.73463100e-02,3.01116794e-05,5.42267500e-05,6.51939994e-03,7.24853274e-05,-2.31121535e-03,-7.70426209e-05,-5.33082061e-04,3.03621555e-04
4.00000000e+02,6.37757836e-01,-1.30688524e-04,1.12742847e-04,6.50476144e-03,-5.02807732e-04,-1.93436808e-03,5.50422839e-01,-1.61047021e-04,5.97959457e-05,8.73349977e-02,3.03584970e-05,5.29469012e-05,6.58162965e-03,2.12918015e-05,-2.23562359e-03,-7.68682089e-05,-5.24099536e-04,3.01255511e-04
4.01000000e+02,6.37665525e-01,-1.32959563e-04,1.11149075e-04,6.54690528e-03,-4.93531189e-04,-1.90770005e-03,5.50345577e-01,-1.61844734e-04,5.96415693e-05,8.73199463e-02,2.88851713e-05,5.15075061e-05,6.62566541e-03,1.24487165e-05,-2.19881974e-03,-7.87600979e-05,-5.05979907e-04,2.91119690e-04
4.02000000e+02,6.37613395e-01,-1.26809088e-04,1.14544475e-04,6.60022371e-03,-5.30266057e-04,-1.84476762e-03,5.50303713e-01,-1.55820779e-04,6.41171285e-05,8.73096801e-02,2.90116909e-05,5.04273461e-05,6.67902444e-03,-3.21455284e-05,-2.13280827e-03,-7.88007278e-05,-4.98120530e-04,2.88040656e-04
4.03000000e+02,6.37528469e-01,-1.32109771e-04,1.10635006e-04,6.62944863e-03,-5.11910071e-04,-1.82695322e-03,5.50232823e-01,-1.59594746e-04,6.16118023e-05,8.72956491e-02,2.74849750e-05,4.90232041e-05,6.71017689e-03,-3.06024616e-05,-2.10423890e-03,-8.07282466e-05,-4.81307610e-04,2.77285683e-04
4.04000000e+02,6.37475929e-01,-1.23301065e-04,1.07839970e-04,6.68062197e-03,-5.42399978e-04,-1.75963075e-03,5.50189718e-01,-1.50952112e-04,5.99030015e-05,8.72862092e-02,2.76510470e-05,4.79369690e-05,6.76125705e-03,-6.81759969e-05,-2.03380371e-03,-8.06350737e-05,-4.74223981e-04,2.74172957e-04
4.05000000e+02,6.37386786e-01,-1.25382397e-04,1.07221206e-04,6.71154376e-03,-5.39921365e-04,-1.73069819e-03,5.50113825e-01,-1.51496563e-04,6.04690649e-05,8.72729591e-02,2.61141657e-05,4.67521419e-05,6.79412120e-03,-8.15492315e-05,-1.99406616e-03,-8.25774590e-05,-4.58372135e-04,2.63367967e-04
4.06000000e+02,6.37338989e-01,-1.19899118e-04,1.11497811e-04,6.75324357e-03,-5.84077440e-04,-1.67566898e-03,5.50074548e-01,-1.46087004e-04,6.56234138e-05,8.72644419e-02,2.61878851e-05,4.58743978e-05,6.83587051e-03,-1.31459997e-04,-1.93538204e-03,-8.26269331e-05,-4.52617445e-04,2.59713054e-04
4.07000000e+02,6.37257584e-01,-1.25796484e-04,1.11379488e-04,6.77109034e-03,-5.99309979e-04,-1.66817915e-03,5.50005483e-01,-1.50381273e-04,6.66974384e-05,8.72521029e-02,2.45847896e-05,4.46820495e-05,6.85564816e-03,-1.61669192e-04,-1.91611222e-03,-8.45577903e-05,-4.37640788e-04,2.47933066e-04
4.08000000e+02,6.37210160e-01,-1.17944193e-04,1.11106058e-04,6.81082839e-03,-6.55639048e-04,-1.61512913e-03,5.49965844e-01,-1.42574599e-04,6.73917946e-05,8.72443156e-02,2.46304061e-05,4.37142629e-05,6.89528652e-03,-2.23644233e-04,-1.85894654e-03,-8.44581128e-05,-4.31994814e-04,2.43817408e-04
4.09000000e+02,6.37127113e-01,-1.22117986e-04,1.12268749e-04,6.83244078e-03,-6.75155983e-04,-1.60650384e-03,5.49894343e-01,-1.45085136e-04,6.96908868e-05,8.72327718e-02,2.29671498e-05,4.25778625e-05,6.91884321e-03,-2.58417023e-04,-1.83840912e-03,-8.64023971e-05,-4.16738958e-04,2.31905283e-04
4.10000000e+02,6.37084981e-01,-1.17617646e-04,1.16814684e-04,6.86653861e-03,-7.29358788e-04,-1.56550563e-03,5.49859031e-01,-1.40640304e-04,7.50791639e-05,8.72259504e-02,2.30226586e-05,4.17355206e-05,6.95300639e-03,-3.17892206e-04,-1.79337797e-03,-8.64677943e-05,-4.11466583e-04,2.27872345e-04
4.11000000e+02,6.37008773e-01,-1.23308649e-04,1.15635577e-04,6.87706282e-03,-7.44042277e-04,-1.55754436e-03,5.49793482e-01,-1.44718476e-04,7.50633912e-05,8.72152909e-02,2.14098264e-05,4.05721857e-05,6.96549961e-03,-3.47076809e-04,-1.77361713e-03,-8.84367735e-05,-3.96965466e-04,2.16072761e-04
4.12000000e+02,6.36966064e-01,-1.16722184e-04,1.15365064e-04,6.90815827e-03,-8.04518953e-04,-1.51504194e-03,5.49756847e-01,-1.38171746e-04,7.56313465e-05,8.72092192e-02,2.14495613e-05,3.97337178e-05,6.99653486e-03,-4.12270222e-04,-1.72706453e-03,-8.83765709e-05,-3.92248731e-04,2.12022599e-04
4.13000000e+02,6.36887156e-01,-1.21481895e-04,1.15702384e-04,6.92104247e-03,-8.22252338e-04,-1.51654319e-03,5.49687801e-01,-1.41287880e-04,7.70110761e-05,8.71993556e-02,1.98059850e-05,3.86913079e-05,7.01140216e-03,-4.44215375e-04,-1.71664595e-03,-9.03596871e-05,-3.78036962e-04,2.00102753e-04
4.14000000e+02,6.36847992e-01,-1.18022610e-04,1.21311393e-04,6.94665370e-03,-8.82673426e-04,-1.48408587e-03,5.49653784e-01,-1.37859327e-04,8.33666904e-05,8.71942060e-02,1.98367170e-05,3.79447031e-05,7.03708370e-03,-5.09278533e-04,-1.68010548e-03,-9.04300042e-05,-3.73394892e-04,1.96019611e-04
4.15000000e+02,6.36775457e-01,-1.26088882e-04,1.18838535e-04,6.94966303e-03,-8.86988001e-04,-1.49691878e-03,5.49590188e-01,-1.44331656e-04,8.20882009e-05,8.71852679e-02,1.82427743e-05,3.67503341e-05,7.04207779e-03,-5.28090089e-04,-1.68131999e-03,-9.24147583e-05,-3.58897912e-04,1.84401206e-04
4.16000000e+02,6.36736868e-01,-1.20020862e-04,1.15410415e-04,6.97530392e-03,-9.22003690e-04,-1.46348131e-03,5.49555988e-01,-1.38391813e-04,7.95302138e-05,8.71808819e-02,1.83709507e-05,3.58802012e-05,7.06762721e-03,-5.68160439e-04,-1.64436140e-03,-9.23232763e-05,-3.53843250e-04,1.80880092e-04
4.17000000e+02,6.36662411e-01,-1.24498033e-04,1.13145868e-04,6.98554185e-03,-9.14620030e-04,-1.46273357e-03,5.49489681e-01,-1.41272750e-04,7.83178384e-05,8.71727282e-02,1.67747164e-05,3.48280296e-05,7.07985773e-03,-5.75271293e-04,-1.63230654e-03,-9.43158874e-05,-3.39348736e-04,1.69572970e-04
4.18000000e+02,6.36628503e-01,-1.20034955e-04,1.14809759e-04,7.00912465e-03,-9.45020975e-04,-1.42608646e-03,5.49459212e-01,-1.36896278e-04,8.07796611e-05,8.71692930e-02,1.68613229e-05,3.40300976e-05,7.10350959e-03,-6.10433552e-04,-1.59192521e-03,-9.43849027e-05,-3.34587421e-04,1.65838750e-04
4.19000000e+02,6.36562122e-01,-1.26990808e-04,1.11066224e-04,7.01112444e-03,-9.40150201e-04,-1.43559331e-03,5.49400043e-01,-1.42265240e-04,7.82214091e-05,8.71620783e-02,1.52744320e-05,3.28448150e-05,7.10752861e-03,-6.20209883e-04,-1.58993181e-03,-9.64041637e-05,-3.19940318e-04,1.54338502e-04
4.20000000e+02,6.36529439e-01,-1.21912576e-04,1.08568331e-04,7.03586724e-03,-9.82496827e-04,-1.41061884e-03,5.49370076e-01,-1.37296472e-04,7.65733953e-05,8.71593660e-02,1.53838963e-05,3.19949352e-05,7.13223815e-03,-6.67415636e-04,-1.56148666e-03,-9.63709017e-05,-3.15081188e-04,1.50867824e-04
4.21000000e+02,6.36461058e-01,-1.26962299e-04,1.05828023e-04,7.04319442e-03,-9.75916723e-04,-1.41980959e-03,5.49308150e-01,-1.40748694e-04,7.49280219e-05,8.71529100e-02,1.37863953e-05,3.09000010e-05,7.14164093e-03,-6.75693434e-04,-1.55930795e-03,-9.84465426e-05,-3.00223290e-04,1.39498368e-04
4.22000000e+02,6.36433822e-01,-1.24409046e-04,1.08482270e-04,7.06388275e-03,-1.01482240e-03,-1.39644858e-03,5.49282714e-01,-1.38304415e-04,7.84053315e-05,8.71511087e-02,1.38953686e-05,3.00769379e-05,7.16246882e-03,-7.19782557e-04,-1.53271213e-03,-9.85860757e-05,-2.95039848e-04,1.36263552e-04
4.23000000e+02,6.36373362e-01,-1.32411361e-04,1.07674289e-04,7.06207544e-03,-1.03103364e-03,-1.41259790e-03,5.49227868e-01,-1.44768533e-04,7.87697929e-05,8.71454926e-02,1.23571728e-05,2.89044959e-05,7.16278102e-03,-7.50739247e-04,-1.53774352e-03,-1.00705568e-04,-2.80294391e-04,1.25145615e-04
4.24000000e+02,6.36346562e-01,-1.26011113e-04,1.07138924e-04,7.08234440e-03,-1.08344771e-03,-1.38074233e-03,5.49202208e-01,-1.38579075e-04,7.91646048e-05,8.71443527e-02,1.25679623e-05,2.79743186e-05,7.18307152e-03,-8.08883869e-04,-1.50309375e-03,-1.00727143e-04,-2.74563835e-04,1.22351430e-04
4.25000000e+02,6.36283328e-01,-1.30344048e-04,1.04813790e-04,7.08503914e-03,-1.07939304e-03,-1.38563247e-03,5.49143934e-01,-1.41352885e-04,7.80744797e-05,8.71393945e-02,1.10088377e-05,2.67393104e-05,7.18792614e-03,-8.20657091e-04,-1.49709692e-03,-1.02886965e-04,-2.58735953e-04,1.11464444e-04
4.26000000e+02,6.36260838e-01,-1.26433251e-04,1.07703633e-04,7.09958413e-03,-1.12069153e-03,-1.35065718e-03,5.49121716e-01,-1.37590043e-04,8.18766815e-05,8.71391226e-02,1.11567925e-05,2.58269513e-05,7.20265334e-03,-8.67987471e-04,-1.45933337e-03,-1.03069231e-04,-2.52704059e-04,1.08676194e-04
4.27000000e+02,6.36205875e-01,-1.33543283e-04,1.05172470e-04,7.09135220e-03,-1.12145178e-03,-1.35836319e-03,5.49070803e-01,-1.43199038e-04,8.06694184e-05,8.71350688e-02,9.65575506e-06,2.45030515e-05,7.19655352e-03,-8.84818651e-04,-1.45639158e-03,-1.05201324e-04,-2.36633134e-04,9.80283930e-05
4.28000000e+02,6.36184311e-01,-1.26527753e-04,1.02437213e-04,7.10576200e-03,-1.15275368e-03,-1.31289992e-03,5.49048796e-01,-1.36441226e-04,7.89517028e-05,8.71355166e-02,9.91347349e-06,2.34855101e-05,7.21095879e-03,-9.22589674e-04,-1.40885601e-03,-1.05196822e-04,-2.30164000e-04,9.59560919e-05
4.29000000e+02,6.36126450e-01,-1.28431875e-04,9.94672569e-05,7.10236296e-03,-1.13977503e-03,-1.28779701e-03,5.48994245e-01,-1.36859584e-04,7.72284493e-05,8.71322032e-02,8.42770924e-06,2.22388077e-05,7.20968860e-03,-9.25829837e-04,-1.37357563e-03,-1.07325614e-04,-2.13945195e-04,8.57786149e-05
4.30000000e+02,6.36108356e-01,-1.22668941e-04,1.03748580e-04,7.11395459e-03,-1.18910235e-03,-1.23949621e-03,5.48974782e-01,-1.31343346e-04,8.24416549e-05,8.71335710e-02,8.67440508e-06,2.13069245e-05,7.22143341e-03,-9.81459223e-04,-1.32308426e-03,-1.07478847e-04,-2.07643124e-04,8.35880556e-05
4.31000000e+02,6.36057116e-01,-1.28450982e-04,1.03299646e-04,7.10360296e-03,-1.20307408e-03,-1.23887353e-03,5.48925939e-01,-1.35633662e-04,8.33151110e-05,8.71311777e-02,7.18267941e-06,1.99845345e-05,7.21319769e-03,-1.01152863e-03,-1.31190370e-03,-1.09594733e-04,-1.91545452e-04,7.30301754e-05
4.32000000e+02,6.36037578e-01,-1.20442549e-04,1.02871794e-04,7.11614203e-03,-1.24990636e-03,-1.18821014e-03,5.48904308e-01,-1.27867761e-04,8.39219811e-05,8.71332699e-02,7.42521285e-06,1.89498135e-05,7.22570608e-03,-1.06496855e-03,-1.25921374e-03,-1.09564048e-04,-1.84937814e-04,7.10035957e-05
4.33000000e+02,6.35982052e-01,-1.23693888e-04,1.02770360e-04,7.11253777e-03,-1.25732212e-03,-1.17965818e-03,5.48850419e-01,-1.29619843e-04,8.51075991e-05,8.71316348e-02,5.92595493e-06,1.76627601e-05,7.22421418e-03,-1.08911733e-03,-1.24036989e-03,-1.11676405e-04,-1.68204790e-04,6.07117103e-05
4.34000000e+02,6.35965903e-01,-1.19682582e-04,1.06391379e-04,7.12347344e-03,-1.29842395e-03,-1.14606416e-03,5.48831181e-01,-1.25836461e-04,8.97234815e-05,8.71347195e-02,6.15387914e-06,1.66678980e-05,7.23528110e-03,-1.13698757e-03,-1.20462327e-03,-1.11807677e-04,-1.61436379e-04,5.85591140e-05
4.35000000e+02,6.35916359e-01,-1.26460222e-04,1.03606610e-04,7.11205177e-03,-1.28835541e-03,-1.15290870e-03,5.48782322e-01,-1.31148373e-04,8.83317677e-05,8.71340383e-02,4.68815142e-06,1.52748424e-05,7.22599348e-03,-1.14359621e-03,-1.20112599e-03,-1.13941699e-04,-1.44759195e-04,4.82172890e-05
4.36000000e+02,6.35898938e-01,-1.20121714e-04,1.01990549e-04,7.12336699e-03,-1.32078031e-03,-1.11789974e-03,5.48761097e-01,-1.25104883e-04,8.77995433e-05,8.71378422e-02,4.98316888e-06,1.41910054e-05,7.23729256e-03,-1.18308281e-03,-1.16446264e-03,-1.13925544e-04,-1.37697497e-04,4.65628993e-05
4.37000000e+02,6.35845461e-01,-1.25084972e-04,1.00016212e-04,7.11795187e-03,-1.31051630e-03,-1.12174642e-03,5.48707546e-01,-1.28592140e-04,8.71433821e-05,8.71379166e-02,3.50716817e-06,1.28728295e-05,7.23402705e-03,-1.18968470e-03,-1.15839065e-03,-1.16075215e-04,-1.20831597e-04,3.66442274e-05
4.38000000e+02,6.35831822e-01,-1.19436758e-04,1.02482150e-04,7.12694203e-03,-1.33515338e-03,-1.07075168e-03,5.48689117e-01,-1.23212532e-04,9.05764106e-05,8.71427032e-02,3.77577430e-06,1.19057391e-05,7.24311159e-03,-1.22112890e-03,-1.10571057e-03,-1.16169592e-04,-1.14024470e-04,3.49588895e-05
4.39000000e+02,6.35785729e-01,-1.25602063e-04,9.90192348e-05,7.11576686e-03,-1.31290495e-03,-1.07351564e-03,5.48641990e-01,-1.27967860e-04,8.85018097e-05,8.71437408e-02,2.36579762e-06,1.05174252e-05,7.23403434e-03,-1.21552611e-03,-1.09853820e-03,-1.18267468e-04,-9.73788465e-05,2.50225610e-05
4.40000000e+02,6.35772004e-01,-1.17986863e-04,9.65628982e-05,7.12850283e-03,-1.32856866e-03,-1.02594752e-03,5.48622748e-01,-1.20638851e-04,8.70633557e-05,8.71492581e-02,2.65198749e-06,9.49954267e-06,7.24670224e-03,-1.23785557e-03,-1.04920404e-03,-1.18199416e-04,-9.07130844e-05,2.32565173e-05
4.41000000e+02,6.35721994e-01,-1.21889254e-04,9.51896768e-05,7.12547245e-03,-1.30807170e-03,-1.01985655e-03,5.48570925e-01,-1.23063165e-04,8.69447005e-05,8.71510687e-02,1.17391067e-06,8.24497600e-06,7.24579530e-03,-1.23382924e-03,-1.03311597e-03,-1.20322862e-04,-7.42424568e-05,1.32594183e-05
4.42000000e+02,6.35711186e-01,-1.15548765e-04,9.61909915e-05,7.13637777e-03,-1.31748053e-03,-9.71638279e-04,5.48553636e-01,-1.17000656e-04,8.89667553e-05,8.71575488e-02,1.45189058e-06,7.22423634e-06,7.25677381e-03,-1.24986511e-03,-9.83001474e-04,-1.20396059e-04,-6.76154197e-05,1.13631959e-05
4.43000000e+02,6.35666922e-01,-1.21155799e-04,9.16679184e-05,7.12677338e-03,-1.28811711e-03,-9.68241695e-04,5.48506629e-01,-1.21140985e-04,8.58094536e-05,8.71602923e-02,-1.48138104e-08,5.85846487e-06,7.24927789e-03,-1.23687925e-03,-9.69538678e-04,-1.22504539e-04,-5.12378639e-05,1.29698432e-06
4.44000000e+02,6.35654414e-01,-1.13905028e-04,8.84433868e-05,7.14064611e-03,-1.29751667e-03,-9.18922997e-04,5.48486971e-01,-1.14156292e-04,8.35341251e-05,8.71674408e-02,2.51263805e-07,4.90926196e-06,7.26306732e-03,-1.25214197e-03,-9.18491961e-04,-1.22421198e-04,-4.53747048e-05,-4.31034558e-07
4.45000000e+02,6.35605314e-01,-1.17297682e-04,8.56884692e-05,7.13806623e-03,-1.26504104e-03,-9.11043964e-04,5.48434413e-01,-1.16112490e-04,8.19518224e-05,8.71709016e-02,-1.18519127e-06,3.73664667e-06,7.26259611e-03,-1.23522532e-03,-9.00715393e-04,-1.24529901e-04,-2.98157244e-05,-1.03285712e-05
4.46000000e+02,6.35595370e-01,-1.10552642e-04,8.84306024e-05,7.14881448e-03,-1.28050888e-03,-8.56729457e-04,5.48416381e-01,-1.09624428e-04,8.55560846e-05,8.71789912e-02,-9.28214671e-07,2.87451785e-06,7.27338438e-03,-1.25631532e-03,-8.44529659e-04,-1.24569934e-04,-2.41935581e-05,-1.21997980e-05
4.47000000e+02,6.35551285e-01,-1.15486012e-04,8.45360001e-05,7.13829362e-03,-1.25096085e-03,-8.49252346e-04,5.48367993e-01,-1.13102530e-04,8.29219560e-05,8.71832908e-02,-2.38348224e-06,1.61404425e-06,7.26494223e-03,-1.24219828e-03,-8.26888854e-04,-1.26648574e-04,-8.76257236e-06,-2.23634918e-05
4.48000000e+02,6.35538813e-01,-1.07821853e-04,8.27794538e-05,7.15344584e-03,-1.26822047e-03,-8.01677929e-04,5.48346810e-01,-1.05729178e-04,8.20869427e-05,8.71920048e-02,-2.09267482e-06,6.92510749e-07,7.27996125e-03,-1.26492118e-03,-7.77555475e-04,-1.26515434e-04,-3.29928850e-06,-2.41224529e-05
4.49000000e+02,6.35490137e-01,-1.11142928e-04,8.01448778e-05,7.15308239e-03,-1.23522418e-03,-7.94957218e-04,5.48293096e-01,-1.07569571e-04,8.06324453e-05,8.71970413e-02,-3.57335707e-06,-4.87567628e-07,7.28166265e-03,-1.24728122e-03,-7.60815023e-04,-1.28580280e-04,1.20570457e-05,-3.41421960e-05
4.50000000e+02,6.35481422e-01,-1.04152956e-04,8.08652161e-05,7.16954712e-03,-1.23728844e-03,-7.39896547e-04,5.48274698e-01,-1.00855694e-04,8.21842788e-05,8.72067247e-02,-3.29726268e-06,-1.31906276e-06,7.29812796e-03,-1.25434870e-03,-7.04017784e-04,-1.28580839e-04,1.70602624e-05,-3.58787630e-05
4.51000000e+02,6.35439029e-01,-1.09108518e-04,7.50103253e-05,7.16593965e-03,-1.19370837e-03,-7.30805666e-04,5.48226349e-01,-1.04342623e-04,7.75129271e-05,8.72126836e-02,-4.76589449e-06,-2.50260182e-06,7.29657863e-03,-1.22537446e-03,-6.84716307e-04,-1.30639017e-04,3.16660846e-05,-4.60893602e-05
4.52000000e+02,6.35428685e-01,-1.00050822e-04,7.04531206e-05,7.18685002e-03,-1.18883142e-03,-6.70390472e-04,5.48205629e-01,-9.55659154e-05,7.37507203e-05,8.72230545e-02,-4.48490656e-06,-3.29759957e-06,7.31735479e-03,-1.22485454e-03,-6.22555539e-04,-1.30504748e-04,3.60231217e-05,-4.78349341e-05
4.53000000e+02,6.35381833e-01,-1.01932822e-04,6.59817825e-05,7.19208813e-03,-1.13903082e-03,-6.49343017e-04,5.48152125e-01,-9.59907059e-05,7.03138205e-05,8.72297074e-02,-5.94211644e-06,-4.33203816e-06,7.32467409e-03,-1.18916375e-03,-5.91540498e-04,-1.32585961e-04,5.01329410e-05,-5.78025163e-05
4.54000000e+02,6.35373395e-01,-9.40294857e-05,6.70682402e-05,7.21157512e-03,-1.13691908e-03,-5.84434165e-04,5.48132401e-01,-8.83854428e-05,7.20821227e-05,8.72409952e-02,-5.64404289e-06,-5.01388223e-06,7.34418141e-03,-1.19088482e-03,-5.25102253e-04,-1.32606286e-04,5.39657487e-05,-5.93319126e-05
4.55000000e+02,6.35331975e-01,-9.71491747e-05,6.10049684e-05,7.21050445e-03,-1.08539530e-03,-5.62193156e-04,5.48083437e-01,-9.00726628e-05,6.71203335e-05,8.72485374e-02,-7.07651171e-06,-6.11536509e-06,7.34519518e-03,-1.15295913e-03,-4.92860265e-04,-1.34690717e-04,6.75638254e-05,-6.93328914e-05
4.56000000e+02,6.35321342e-01,-8.45221185e-05,5.74442303e-05,7.23455395e-03,-1.08616775e-03,-4.71668293e-04,5.48060900e-01,-7.77704167e-05,6.42618035e-05,8.72604403e-02,-6.75170171e-06,-6.81757334e-06,7.36910594e-03,-1.15701651e-03,-4.00992977e-04,-1.34552036e-04,7.08487594e-05,-7.06753161e-05
4.57000000e+02,6.35274160e-01,-8.42857239e-05,5.28909043e-05,7.24300412e-03,-1.03516267e-03,-4.31488524e-04,5.48005537e-01,-7.60546463e-05,6.06228212e-05,8.72686217e-02,-8.23107770e-06,-7.73191695e-06,7.37961104e-03,-1.11890098e-03,-3.50865872e-04,-1.36606907e-04,8.37383129e-05,-8.06226523e-05
4.58000000e+02,6.35265317e-01,-7.49967340e-05,5.30322795e-05,7.26621899e-03,-1.02969694e-03,-3.53845256e-04,5.47983891e-01,-6.70279319e-05,6.13687105e-05,8.72814249e-02,-7.96880234e-06,-8.33643080e-06,7.40282854e-03,-1.11614659e-03,-2.71416111e-04,-1.36609545e-04,8.64496434e-05,-8.24291454e-05
4.59000000e+02,6.35224103e-01,-7.75786903e-05,4.77999579e-05,7.26798662e-03,-9.85953051e-04,-3.28098483e-04,5.47933612e-01,-6.81613376e-05,5.70941138e-05,8.72904894e-02,-9.41735278e-06,-9.29415586e-06,7.40666360e-03,-1.08483652e-03,-2.35490468e-04,-1.38677005e-04,9.88834670e-05,-9.26080152e-05
4.60000000e+02,6.35214225e-01,-6.57885890e-05,4.25960417e-05,7.29386399e-03,-9.68609513e-04,-2.44517622e-04,5.47910286e-01,-5.66650089e-05,5.24834137e-05,8.73039371e-02,-9.12358004e-06,-9.88737202e-06,7.43238964e-03,-1.06986366e-03,-1.50355044e-04,-1.38525639e-04,1.01254152e-04,-9.41625786e-05
4.61000000e+02,6.35167526e-01,-6.52714696e-05,3.73895955e-05,7.30274143e-03,-9.15149161e-04,-2.06366702e-04,5.47853860e-01,-5.47097440e-05,4.81549257e-05,8.73136669e-02,-1.05617255e-05,-1.07653304e-05,7.44332745e-03,-1.02867763e-03,-1.02341530e-04,-1.40586034e-04,1.13528469e-04,-1.04025171e-04
4.62000000e+02,6.35160146e-01,-5.53055815e-05,3.62997396e-05,7.32686732e-03,-8.96078138e-04,-1.22647824e-04,5.47832117e-01,-4.50134258e-05,4.75517969e-05,8.73280293e-02,-1.02921556e-05,-1.12520573e-05,7.46743330e-03,-1.01151665e-03,-1.71624082e-05,-1.40565971e-04,1.15438512e-04,-1.05485416e-04
4.63000000e+02,6.35120235e-01,-5.82596242e-05,3.04006953e-05,7.33116392e-03,-8.45727973e-04,-9.79414904e-05,5.47781566e-01,-4.65523698e-05,4.25309636e-05,8.73386674e-02,-1.17072541e-05,-1.21302681e-05,7.47377958e-03,-9.72698370e-04,1.73468904e-05,-1.42615702e-04,1.26970397e-04,-1.15288381e-04
4.64000000e+02,6.35110672e-01,-4.61272922e-05,2.64555227e-05,7.36037960e-03,-8.37769382e-04,-1.99028693e-05,5.47757025e-01,-3.47797808e-05,3.90858668e-05,8.73536457e-02,-1.13475115e-05,-1.26303441e-05,7.50283026e-03,-9.66195708e-04,9.67300527e-05,-1.42450656e-04,1.28426325e-04,-1.16632922e-04
4.65000000e+02,6.35064291e-01,-4.74487786e-05,2.26399859e-05,7.37492619e-03,-7.90509632e-04,2.04321274e-06,5.47699363e-01,-3.46083268e-05,3.60547756e-05,8.73649281e-02,-1.28404519e-05,-1.34147897e-05,7.51943310e-03,-9.30517302e-04,1.28570508e-04,-1.44506919e-04,1.40007667e-04,-1.26527295e-04
4.66000000e+02,6.35057440e-01,-3.89850477e-05,2.15814601e-05,7.40518201e-03,-7.73186459e-04,6.71880563e-05,5.47676686e-01,-2.64726921e-05,3.54728326e-05,8.73807559e-02,-1.25123555e-05,-1.38913726e-05,7.54966766e-03,-9.14652894e-04,1.95011667e-04,-1.44485640e-04,1.41466434e-04,-1.27823612e-04
4.67000000e+02,6.35016934e-01,-4.39189263e-05,1.40208611e-05,7.41485472e-03,-7.09375945e-04,6.97627694e-05,5.47624084e-01,-3.00071318e-05,2.87649747e-05,8.73928506e-02,-1.39117947e-05,-1.47441137e-05,7.56140883e-03,-8.62014616e-04,2.07155605e-04,-1.46554110e-04,1.52638673e-04,-1.37392836e-04
4.68000000e+02,6.35007804e-01,-3.38009863e-05,8.31874392e-06,7.44853035e-03,-6.90517856e-04,1.32974238e-04,5.47598505e-01,-2.02613119e-05,2.35101385e-05,8.74092986e-02,-1.35396745e-05,-1.51913946e-05,7.59493934e-03,-8.43966550e-04,2.71200044e-04,-1.46408981e-04,1.53448697e-04,-1.38225806e-04
4.69000000e+02,6.34962135e-01,-3.62947440e-05,3.77894786e-06,7.46597442e-03,-6.39617358e-04,1.45495854e-04,5.47540135e-01,-2.13281754e-05,1.96621572e-05,8.74219994e-02,-1.49665686e-05,-1.58832093e-05,7.61444379e-03,-8.03706215e-04,2.93062509e-04,-1.48469374e-04,1.64088860e-04,-1.47566655e-04
4.70000000e+02,6.34954514e-01,-2.90558235e-05,2.87463523e-06,7.49753312e-03,-6.25001483e-04,2.05483139e-04,5.47515232e-01,-1.44453052e-05,1.90854410e-05,8.74392839e-02,-1.46105183e-05,-1.62108057e-05,7.64598746e-03,-7.89256055e-04,3.53896486e-04,-1.48454323e-04,1.64254575e-04,-1.48413347e-04
4.71000000e+02,6.34913147e-01,-3.22685645e-05,-1.84657606e-06,7.50725830e-03,-5.84317212e-04,2.16834192e-04,5.47460371e-01,-1.63180202e-05,1.51216839e-05,8.74527744e-02,-1.59505443e-05,-1.69682600e-05,7.65777409e-03,-7.59021675e-04,3.74611555e-04,-1.50515786e-04,1.74704465e-04,-1.57777363e-04
4.72000000e+02,6.34902854e-01,-2.12231561e-05,-7.06195987e-06,7.53992934e-03,-5.67080055e-04,2.83875348e-04,5.47432244e-01,-5.68309470e-06,1.03164673e-05,8.74706078e-02,-1.55400614e-05,-1.73784272e-05,7.69029083e-03,-7.42154072e-04,4.42139198e-04,-1.50361497e-04,1.75074019e-04,-1.58263850e-04
4.73000000e+02,6.34856368e-01,-2.36329056e-05,-1.12351301e-05,7.55629939e-03,-5.17216407e-04,2.97922217e-04,5.47371690e-01,-6.69549175e-06,6.79513701e-06,8.74846792e-02,-1.69374138e-05,-1.80302671e-05,7.70874411e-03,-7.02506025e-04,4.65139654e-04,-1.52444694e-04,1.85289614e-04,-1.67217437e-04
4.74000000e+02,6.34848365e-01,-1.51439355e-05,-1.11744346e-05,7.58729763e-03,-5.08743056e-04,3.67339305e-04,5.47345135e-01,1.37466947e-06,7.14753300e-06,8.75032315e-02,-1.65186050e-05,-1.83219676e-05,7.73973841e-03,-6.93944328e-04,5.34929786e-04,-1.52440790e-04,1.85201275e-04,-1.67590484e-04
4.75000000e+02,6.34806214e-01,-1.74574140e-05,-1.73185276e-05,7.59543964e-03,-4.60022211e-04,3.86109337e-04,5.47288219e-01,3.69109803e-07,1.74428595e-06,8.75179942e-02,-1.78265238e-05,-1.90628135e-05,7.74995471e-03,-6.55029061e-04,5.62550820e-04,-1.54515066e-04,1.95006851e-04,-1.76441483e-04
4.76000000e+02,6.34795040e-01,-5.50868513e-06,-2.11507956e-05,7.62699960e-03,-4.56972904e-04,4.61596241e-04,5.47257999e-01,1.18833435e-05,-1.76469145e-06,8.75370386e-02,-1.73920286e-05,-1.93861042e-05,7.78136834e-03,-6.51703762e-04,6.38172356e-04,-1.54368754e-04,1.94730860e-04,-1.76576113e-04
4.77000000e+02,6.34747905e-01,-6.89736919e-06,-2.48334894e-05,7.64231925e-03,-4.08017518e-04,4.82597989e-04,5.47195563e-01,1.18354824e-05,-4.86069907e-06,8.75523428e-02,-1.87328516e-05,-1.99727904e-05,7.79874059e-03,-6.12429037e-04,6.67765441e-04,-1.56421381e-04,2.04411517e-04,-1.85167453e-04
4.78000000e+02,6.34740039e-01,2.05126363e-06,-2.42187684e-05,7.67209957e-03,-4.04354212e-04,5.54651611e-04,5.47167887e-01,2.03287692e-05,-3.99445665e-06,8.75721497e-02,-1.82775056e-05,-2.02243117e-05,7.82849868e-03,-6.08157606e-04,7.39744216e-04,-1.56399103e-04,2.03803393e-04,-1.85092607e-04
4.79000000e+02,6.34698704e-01,-1.26291605e-06,-2.81482618e-05,7.67924589e-03,-3.72937429e-04,5.66872272e-04,5.47110520e-01,1.83309633e-05,-7.27820837e-06,8.75881830e-02,-1.95938794e-05,-2.08700535e-05,7.83772109e-03,-5.86004898e-04,7.60733788e-04,-1.58475236e-04,2.13067470e-04,-1.93861516e-04
4.80000000e+02,6.34687970e-01,9.07870465e-06,-3.01498615e-05,7.70827703e-03,-3.82899273e-04,6.28268232e-04,5.47079475e-01,2.82091592e-05,-8.98585886e-06,8.76084938e-02,-1.91304545e-05,-2.11640027e-05,7.86661285e-03,-5.95331476e-04,8.22027481e-04,-1.58335831e-04,2.12432205e-04,-1.93759247e-04
4.81000000e+02,6.34640454e-01,6.02423436e-06,-3.05413891e-05,7.71913353e-03,-3.54557719e-04,6.34899319e-04,5.47015366e-01,2.64732116e-05,-8.81386835e-06,8.76250892e-02,-2.04489772e-05,-2.17275208e-05,7.87956601e-03,-5.76583809e-04,8.36991094e-04,-1.60432510e-04,2.22026090e-04,-2.02091775e-04
4.82000000e+02,6.34631611e-01,1.32846657e-05,-2.90921645e-05,7.74296623e-03,-3.56220109e-04,6.91597087e-04,5.46985383e-01,3.32546679e-05,-7.08750521e-06,8.76462278e-02,-1.99700022e-05,-2.20046593e-05,7.90339575e-03,-5.77509751e-04,8.93386888e-04,-1.60429497e-04,2.21289643e-04,-2.01789801e-04
4.83000000e+02,6.34590144e-01,8.52137916e-06,-3.49808585e-05,7.74407849e-03,-3.13555561e-04,6.94442049e-04,5.46926514e-01,2.97618655e-05,-1.23009210e-05,8.76636297e-02,-2.12404863e-05,-2.26799374e-05,7.90657173e-03,-5.44027476e-04,9.04509464e-04,-1.62493240e-04,2.30471914e-04,-2.10067411e-04
4.84000000e+02,6.34579504e-01,1.91512047e-05,-3.87433896e-05,7.76862303e-03,-3.09640694e-04,7.61007605e-04,5.46894123e-01,3.98441142e-05,-1.58364994e-05,8.76853830e-02,-2.06929093e-05,-2.29068902e-05,7.93092925e-03,-5.38974551e-04,9.70265750e-04,-1.62306216e-04,2.29333859e-04,-2.09258145e-04
4.85000000e+02,6.34533251e-01,1.74068031e-05,-4.05686790e-05,7.77770251e-03,-2.72568402e-04,7.77951678e-04,5.46829850e-01,3.93426196e-05,-1.71704423e-05,8.77034019e-02,-2.19358165e-05,-2.33982365e-05,7.94203395e-03,-5.10697128e-04,9.94997759e-04,-1.64331407e-04,2.38128724e-04,-2.17046082e-04
4.86000000e+02,6.34526385e-01,2.58681210e-05,-3.99574116e-05,7.80187961e-03,-2.67226695e-04,8.46099044e-04,5.46800447e-01,4.72867246e-05,-1.63877020e-05,8.77259410e-02,-2.14186036e-05,-2.35697099e-05,7.96613426e-03,-5.03888651e-04,1.06233308e-03,-1.64254615e-04,2.36661953e-04,-2.16234033e-04
4.87000000e+02,6.34486372e-01,2.38629724e-05,-4.71805162e-05,7.80302527e-03,-2.08483634e-04,8.72376211e-04,5.46741765e-01,4.64883561e-05,-2.30182910e-05,8.77446046e-02,-2.26253837e-05,-2.41622252e-05,7.96930412e-03,-4.53716606e-04,1.09635108e-03,-1.66278847e-04,2.45232972e-04,-2.23974864e-04
4.88000000e+02,6.34477086e-01,3.76285472e-05,-5.06083811e-05,7.82618816e-03,-2.03315563e-04,9.61917215e-04,5.46709584e-01,5.96721202e-05,-2.62671807e-05,8.77675012e-02,-2.20435730e-05,-2.43412001e-05,7.99225517e-03,-4.46988727e-04,1.18497388e-03,-1.66067043e-04,2.43673163e-04,-2.23056665e-04
4.89000000e+02,6.34431472e-01,3.81115197e-05,-5.31817327e-05,7.83306172e-03,-1.53048227e-04,9.95725263e-04,5.46644713e-01,6.14187722e-05,-2.83836378e-05,8.77867623e-02,-2.33072525e-05,-2.47980948e-05,8.00114919e-03,-4.05162525e-04,1.22649704e-03,-1.68087458e-04,2.52114298e-04,-2.30771780e-04
4.90000000e+02,6.34424714e-01,4.83545480e-05,-5.38479189e-05,7.85472707e-03,-1.35107365e-04,1.07539417e-03,5.46614208e-01,7.11300718e-05,-2.88611364e-05,8.78105047e-02,-2.27755239e-05,-2.49867825e-05,8.02272005e-03,-3.85536759e-04,1.30517920e-03,-1.67993008e-04,2.50429394e-04,-2.29785035e-04
4.91000000e+02,6.34385130e-01,4.65392115e-05,-6.16273641e-05,7.85409343e-03,-6.93492415e-05,1.10556858e-03,5.46554826e-01,7.05399870e-05,-3.60869917e-05,8.78303058e-02,-2.40007753e-05,-2.55403723e-05,8.02411537e-03,-3.27990416e-04,1.34321168e-03,-1.70021935e-04,2.58641175e-04,-2.37643099e-04
4.92000000e+02,6.34377077e-01,5.80597206e-05,-6.56852591e-05,7.87855360e-03,-5.68460102e-05,1.18302501e-03,5.46522789e-01,8.14899020e-05,-4.00210414e-05,8.78542875e-02,-2.34301814e-05,-2.56642177e-05,8.04836658e-03,-3.13309967e-04,1.41955644e-03,-1.69813014e-04,2.56463957e-04,-2.36531426e-04
4.93000000e+02,6.34332501e-01,5.71275607e-05,-6.96984088e-05,7.88856302e-03,2.37907711e-06,1.20693389e-03,5.46457887e-01,8.17951134e-05,-4.36370625e-05,8.78746149e-02,-2.46675530e-05,-2.60613464e-05,8.06039500e-03,-2.61778763e-04,1.45098041e-03,-1.71832004e-04,2.64157840e-04,-2.44046518e-04
4.94000000e+02,6.34326448e-01,6.55156100e-05,-7.03580934e-05,7.91379013e-03,2.01437808e-05,1.27577995e-03,5.46427129e-01,8.96365424e-05,-4.42307548e-05,8.78993175e-02,-2.41209326e-05,-2.61273388e-05,8.08550593e-03,-2.41481739e-04,1.51870090e-03,-1.71715803e-04,2.61625520e-04,-2.42920953e-04
4.95000000e+02,6.34287412e-01,6.34463645e-05,-7.82520180e-05,7.91677261e-03,9.18327336e-05,1.30082791e-03,5.46367288e-01,8.87373068e-05,-5.16557641e-05,8.79201273e-02,-2.52909425e-05,-2.65962536e-05,8.09050050e-03,-1.77251753e-04,1.55131925e-03,-1.73727878e-04,2.69084486e-04,-2.50491335e-04
4.96000000e+02,6.34278924e-01,7.52483317e-05,-8.06806179e-05,7.94375198e-03,9.50733177e-05,1.37326750e-03,5.46333777e-01,9.99347763e-05,-5.40170922e-05,8.79451477e-02,-2.46864446e-05,-2.66635258e-05,8.11722860e-03,-1.71290118e-04,1.62242988e-03,-1.73476593e-04,2.66363436e-04,-2.49162381e-04
4.97000000e+02,6.34234749e-01,7.34449880e-05,-8.44245401e-05,7.95533675e-03,1.54234407e-04,1.38980000e-03,5.46268228e-01,9.93819237e-05,-5.74128165e-05,8.79665213e-02,-2.59369360e-05,-2.70117235e-05,8.13082152e-03,-1.19364405e-04,1.64641043e-03,-1.75484769e-04,2.73598813e-04,-2.56610424e-04
4.98000000e+02,6.34229259e-01,8.17104995e-05,-8.40246559e-05,7.98244649e-03,1.62204226e-04,1.45594783e-03,5.46236954e-01,1.07044893e-04,-5.69590756e-05,8.79923057e-02,-2.53343937e-05,-2.70655804e-05,8.15781640e-03,-1.08536125e-04,1.71108810e-03,-1.75369866e-04,2.70740350e-04,-2.55140264e-04
4.99000000e+02,6.34190963e-01,7.83998022e-05,-9.03710065e-05,7.98734789e-03,2.17081366e-04,1.46601331e-03,5.46176681e-01,1.04893929e-04,-6.27999549e-05,8.80142831e-02,-2.64941267e-05,-2.75710515e-05,8.16474165e-03,-6.11744521e-05,1.72844927e-03,-1.77393761e-04,2.78255818e-04,-2.62435968e-04
5.00000000e+02,6.34183980e-01,8.97537784e-05,-9.56800671e-05,8.01578570e-03,2.44191387e-04,1.53085827e-03,5.46143414e-01,1.15595116e-04,-6.80285448e-05,8.80405659e-02,-2.58413371e-05,-2.76515224e-05,8.19294837e-03,-3.13661189e-05,1.79151962e-03,-1.77162679e-04,2.75557506e-04,-2.60661348e-04
5.01000000e+02,6.34141271e-01,8.88090639e-05,-1.00732621e-04,8.02761741e-03,3.10213476e-04,1.55640965e-03,5.46078204e-01,1.15860916e-04,-7.27450671e-05,8.80630649e-02,-2.70518521e-05,-2.79875540e-05,8.20680428e-03,2.75668062e-05,1.82413492e-03,-1.79186882e-04,2.82646670e-04,-2.67725271e-04
5.02000000e+02,6.34137891e-01,9.64518459e-05,-1.02653475e-04,8.05379405e-03,3.40725122e-04,1.61692646e-03,5.46047910e-01,1.22877678e-04,-7.46951644e-05,8.80899803e-02,-2.64258318e-05,-2.79583102e-05,8.23287209e-03,6.14258697e-05,1.88286607e-03,-1.79078047e-04,2.79299253e-04,-2.65939613e-04
5.03000000e+02,6.34101197e-01,9.33797603e-05,-1.10602433e-04,8.05719426e-03,4.14127953e-04,1.62417627e-03,5.45988092e-01,1.20926022e-04,-8.22723287e-05,8.81131049e-02,-2.75462617e-05,-2.83301047e-05,8.23829572e-03,1.28416533e-04,1.89721178e-03,-1.81101469e-04,2.85711421e-04,-2.73035502e-04
5.04000000e+02,6.34095074e-01,1.05053128e-04,-1.14017186e-04,8.08413550e-03,4.28206160e-04,1.69117919e-03,5.45954697e-01,1.31934494e-04,-8.57107286e-05,8.81403747e-02,-2.68813666e-05,-2.83064578e-05,8.26499980e-03,1.46180841e-04,1.96222280e-03,-1.80864283e-04,2.82025319e-04,-2.71043615e-04
5.05000000e+02,6.34053478e-01,1.02574697e-04,-1.17132446e-04,8.09290760e-03,4.87131714e-04,1.69990404e-03,5.45889635e-01,1.30672860e-04,-8.85794151e-05,8.81638428e-02,-2.80981629e-05,-2.85530303e-05,8.27580679e-03,1.98734205e-04,1.97797304e-03,-1.82899184e-04,2.88397508e-04,-2.78068989e-04
5.06000000e+02,6.34050323e-01,1.09352180e-04,-1.17593591e-04,8.11626992e-03,5.05211987e-04,1.75166356e-03,5.45858824e-01,1.36806980e-04,-8.90801577e-05,8.81915001e-02,-2.74547997e-05,-2.85134336e-05,8.29905400e-03,2.20642819e-04,2.02782016e-03,-1.82784093e-04,2.84569167e-04,-2.76156607e-04
5.07000000e+02,6.34014232e-01,1.04773159e-04,-1.24889285e-04,8.11637826e-03,5.67958758e-04,1.74416116e-03,5.45798749e-01,1.33342104e-04,-9.60034849e-05,8.82154837e-02,-2.85689451e-05,-2.88857999e-05,8.30120040e-03,2.77116091e-04,2.02737278e-03,-1.84822113e-04,2.90842665e-04,-2.83211618e-04
5.08000000e+02,6.34009237e-01,1.15064923e-04,-1.28081266e-04,8.13902052e-03,5.77719533e-04,1.79595511e-03,5.45765607e-01,1.42955199e-04,-9.92821608e-05,8.82436295e-02,-2.78902761e-05,-2.87991045e-05,8.32360243e-03,2.91038931e-04,2.07689898e-03,-1.84581930e-04,2.86680604e-04,-2.80943873e-04
5.09000000e+02,6.33969205e-01,1.10081776e-04,-1.31057423e-04,8.14344113e-03,6.28985724e-04,1.78435261e-03,5.45701054e-01,1.39152825e-04,-1.02042724e-04,8.82681492e-02,-2.90710492e-05,-2.90146992e-05,8.33003862e-03,3.36572995e-04,2.07207305e-03,-1.86597495e-04,2.92412728e-04,-2.87720438e-04
5.10000000e+02,6.33968019e-01,1.14769393e-04,-1.30164400e-04,8.16299853e-03,6.36239043e-04,1.81613849e-03,5.45671044e-01,1.43166787e-04,-1.01279611e-04,8.82969748e-02,-2.83973948e-05,-2.88847888e-05,8.34943137e-03,3.48193129e-04,2.10166830e-03,-1.86432843e-04,2.88045915e-04,-2.85529808e-04
5.11000000e+02,6.33933270e-01,1.09503617e-04,-1.36151606e-04,8.15976614e-03,6.88225790e-04,1.79987508e-03,5.45611289e-01,1.38975415e-04,-1.06974526e-04,8.83219804e-02,-2.94717976e-05,-2.91770803e-05,8.34817085e-03,3.94526094e-04,2.09195867e-03,-1.88404716e-04,2.93699697e-04,-2.92083598e-04
5.12000000e+02,6.33929049e-01,1.18523521e-04,-1.38308556e-04,8.17949876e-03,6.87899122e-04,1.83746330e-03,5.45577789e-01,1.47261722e-04,-1.09237363e-04,8.83512591e-02,-2.87382015e-05,-2.90711927e-05,8.36759881e-03,3.98635336e-04,2.12688285e-03,-1.88100079e-04,2.89263787e-04,-2.89419556e-04
5.13000000e+02,6.33889352e-01,1.12359810e-04,-1.39035055e-04,8.18206537e-03,7.28106047e-04,1.81475209e-03,5.45512548e-01,1.42254485e-04,-1.09769987e-04,8.83768024e-02,-2.98946747e-05,-2.92650680e-05,8.37214332e-03,4.33038029e-04,2.11058649e-03,-1.90077971e-04,2.95068018e-04,-2.95834401e-04
5.14000000e+02,6.33887734e-01,1.17051644e-04,-1.37565550e-04,8.20117515e-03,7.33914667e-04,1.83991317e-03,5.45481036e-01,1.46203201e-04,-1.08402852e-04,8.84066970e-02,-2.91515579e-05,-2.91626979e-05,8.39106689e-03,4.43296646e-04,2.13295259e-03,-1.89891757e-04,2.90618021e-04,-2.93039424e-04
5.15000000e+02,6.33853884e-01,1.10758055e-04,-1.44807087e-04,8.19942843e-03,7.89007651e-04,1.81546376e-03,5.45421109e-01,1.40965110e-04,-1.15339462e-04,8.84327732e-02,-3.02070551e-05,-2.94676244e-05,8.39126793e-03,4.93149279e-04,2.11484074e-03,-1.91839509e-04,2.95858374e-04,-2.99376984e-04
5.16000000e+02,6.33851250e-01,1.19038170e-04,-1.48060848e-04,8.22237584e-03,7.91335115e-04,1.84840628e-03,5.45388255e-01,1.48506525e-04,-1.18741645e-04,8.84629973e-02,-2.94683541e-05,-2.93192030e-05,8.41387333e-03,5.00374354e-04,2.14496473e-03,-1.91497455e-04,2.90960757e-04,-2.96558448e-04
5.17000000e+02,6.33812961e-01,1.13367439e-04,-1.50271301e-04,8.22965093e-03,8.34978865e-04,1.82254555e-03,5.45323535e-01,1.43945627e-04,-1.20792877e-04,8.84894267e-02,-3.05781882e-05,-2.94784238e-05,8.42308197e-03,5.38655023e-04,2.12529504e-03,-1.93431012e-04,2.96323841e-04,-3.02749492e-04
5.18000000e+02,6.33812981e-01,1.16714292e-04,-1.49672848e-04,8.25349745e-03,8.44864165e-04,1.83691373e-03,5.45292782e-01,1.46557091e-04,-1.20367988e-04,8.85201990e-02,-2.98427994e-05,-2.93048603e-05,8.44670718e-03,5.53408241e-04,2.13668493e-03,-1.93209714e-04,2.91455921e-04,-2.99771199e-04
5.19000000e+02,6.33780251e-01,1.10364218e-04,-1.55265256e-04,8.25580564e-03,8.90150960e-04,1.81218389e-03,5.45233112e-01,1.41193790e-04,-1.25733864e-04,8.85471412e-02,-3.08295724e-05,-2.95313917e-05,8.45093817e-03,5.93737946e-04,2.11756623e-03,-1.95132549e-04,2.96413018e-04,-3.05382340e-04
5.20000000e+02,6.33779068e-01,1.19274249e-04,-1.56600848e-04,8.28223146e-03,8.83732651e-04,1.84776978e-03,5.45200779e-01,1.49269529e-04,-1.27271392e-04,8.85782905e-02,-2.99952797e-05,-2.93294564e-05,8.47703020e-03,5.92530985e-04,2.14956987e-03,-1.94798732e-04,2.91201667e-04,-3.01800085e-04
5.21000000e+02,6.33742281e-01,1.13465988e-04,-1.57464439e-04,8.29080394e-03,9.20424593e-04,1.81996917e-03,5.45136678e-01,1.44534211e-04,-1.28024144e-04,8.86056011e-02,-3.10682237e-05,-2.94402954e-05,8.48753885e-03,6.24350696e-04,2.12756238e-03,-1.96734931e-04,2.96073899e-04,-3.07593211e-04
5.22000000e+02,6.33743448e-01,1.17330858e-04,-1.54875623e-04,8.31462327e-03,9.10349041e-04,1.83444304e-03,5.45106197e-01,1.47630971e-04,-1.25594931e-04,8.86372529e-02,-3.03001131e-05,-2.92806919e-05,8.51115978e-03,6.19404576e-04,2.13882505e-03,-1.96536504e-04,2.90944467e-04,-3.04382004e-04
5.23000000e+02,6.33712333e-01,1.09526505e-04,-1.59207537e-04,8.31583360e-03,9.40698993e-04,1.79323376e-03,5.45047278e-01,1.40822454e-04,-1.29707028e-04,8.86650569e-02,-3.12959493e-05,-2.95005091e-05,8.51431052e-03,6.45053486e-04,2.10321980e-03,-1.98476906e-04,2.95645509e-04,-3.09986044e-04
5.24000000e+02,6.33712384e-01,1.15443709e-04,-1.59576647e-04,8.34004562e-03,9.23308912e-04,1.80199962e-03,5.45015396e-01,1.45957019e-04,-1.30300132e-04,8.86969885e-02,-3.05133111e-05,-2.92765144e-05,8.53817095e-03,6.33046760e-04,2.10859988e-03,-1.98125319e-04,2.90262151e-04,-3.06600262e-04
5.25000000e+02,6.33677402e-01,1.07648825e-04,-1.59403104e-04,8.34687615e-03,9.47025923e-04,1.75702298e-03,5.44952299e-01,1.39183451e-04,-1.30013484e-04,8.87251044e-02,-3.15346254e-05,-2.93896196e-05,8.54690687e-03,6.51972012e-04,2.06904556e-03,-2.00030736e-04,2.95053915e-04,-3.12022588e-04
5.26000000e+02,6.33680281e-01,1.10191275e-04,-1.55697297e-04,8.36832674e-03,9.31095530e-04,1.76504443e-03,5.44922755e-01,1.40916990e-04,-1.26530922e-04,8.87575234e-02,-3.07257151e-05,-2.91663745e-05,8.56812784e-03,6.41391443e-04,2.07332909e-03,-1.99801086e-04,2.89704087e-04,-3.08284657e-04
5.27000000e+02,6.33650380e-01,1.02596903e-04,-1.59293063e-04,8.36610832e-03,9.62321019e-04,1.72701545e-03,5.44864276e-01,1.34253313e-04,-1.29906659e-04,8.87861039e-02,-3.16564098e-05,-2.93864042e-05,8.56781914e-03,6.67842815e-04,2.04048273e-03,-2.01710794e-04,2.94478206e-04,-3.13467282e-04
5.28000000e+02,6.33651255e-01,1.10823809e-04,-1.59286020e-04,8.38609201e-03,9.40930333e-04,1.74985902e-03,5.44832445e-01,1.41597507e-04,-1.30121144e-04,8.88188100e-02,-3.07736971e-05,-2.91648752e-05,8.58744526e-03,6.52062671e-04,2.05929788e-03,-2.01353250e-04,2.88867664e-04,-3.09438857e-04
5.29000000e+02,6.33616650e-01,1.05105212e-04,-1.57377324e-04,8.38811684e-03,9.52016704e-04,1.72227577e-03,5.44768919e-01,1.36899833e-04,-1.28147017e-04,8.88477277e-02,-3.17946209e-05,-2.92303070e-05,8.59137417e-03,6.58798482e-04,2.03674635e-03,-2.03257353e-04,2.93218220e-04,-3.14470576e-04
5.30000000e+02,6.33619798e-01,1.08981275e-04,-1.53094171e-04,8.40434854e-03,9.25699700e-04,1.73916341e-03,5.44738878e-01,1.39930159e-04,-1.24094277e-04,8.88809210e-02,-3.09488841e-05,-2.89998942e-05,8.60735533e-03,6.37975237e-04,2.04963568e-03,-2.03006799e-04,2.87724462e-04,-3.10472264e-04
5.31000000e+02,6.33590803e-01,1.02426094e-04,-1.55382336e-04,8.39794542e-03,9.45688398e-04,1.71197059e-03,5.44680558e-01,1.34272699e-04,-1.26180694e-04,8.89102421e-02,-3.18466047e-05,-2.92016427e-05,8.60281413e-03,6.53370280e-04,2.02722605e-03,-2.04868731e-04,2.92318116e-04,-3.15255454e-04
5.32000000e+02,6.33592985e-01,1.10731967e-04,-1.52831250e-04,8.41385212e-03,9.02327028e-04,1.73521504e-03,5.44649322e-01,1.41690287e-04,-1.23887665e-04,8.89436633e-02,-3.09583203e-05,-2.89435852e-05,8.61830782e-03,6.15977647e-04,2.04625028e-03,-2.04455684e-04,2.86349383e-04,-3.11035235e-04
5.33000000e+02,6.33559559e-01,1.05436951e-04,-1.50360685e-04,8.41276934e-03,9.01464110e-04,1.70557837e-03,5.44586240e-01,1.37370220e-04,-1.21322639e-04,8.89733226e-02,-3.19332700e-05,-2.90380459e-05,8.61903765e-03,6.10710408e-04,2.02155243e-03,-2.06268310e-04,2.90753699e-04,-3.15974053e-04
5.34000000e+02,6.33565006e-01,1.08759882e-04,-1.46205707e-04,8.42724625e-03,8.77196400e-04,1.71482188e-03,5.44557810e-01,1.39825493e-04,-1.17425662e-04,8.90071962e-02,-3.10656110e-05,-2.87800452e-05,8.63318388e-03,5.91983258e-04,2.02647666e-03,-2.05937646e-04,2.85213140e-04,-3.11654776e-04
5.35000000e+02,6.33539038e-01,1.00898018e-04,-1.47214298e-04,8.41924458e-03,8.87154712e-04,1.67151131e-03,5.44501730e-01,1.32830455e-04,-1.18285219e-04,8.90373048e-02,-3.19324377e-05,-2.89290783e-05,8.62695976e-03,5.97751535e-04,1.98768041e-03,-2.07715183e-04,2.89403179e-04,-3.16169107e-04
5.36000000e+02,6.33543551e-01,1.08131463e-04,-1.44673772e-04,8.43705916e-03,8.44233968e-04,1.68581895e-03,5.44472047e-01,1.39156464e-04,-1.15993922e-04,8.90715025e-02,-3.10250004e-05,-2.86798495e-05,8.64428455e-03,5.60723329e-04,1.99743169e-03,-2.07225387e-04,2.83510635e-04,-3.11612742e-04
5.37000000e+02,6.33511868e-01,1.01175349e-04,-1.42276292e-04,8.43969599e-03,8.50487059e-04,1.64588743e-03,5.44410031e-01,1.33160167e-04,-1.13528734e-04,8.91018382e-02,-3.19848189e-05,-2.87475586e-05,8.64867267e-03,5.62665741e-04,1.96206388e-03,-2.08976667e-04,2.87821318e-04,-3.16176446e-04
5.38000000e+02,6.33519458e-01,1.03566523e-04,-1.37181035e-04,8.45640538e-03,8.17297207e-04,1.64686797e-03,5.44382931e-01,1.34620758e-04,-1.08670623e-04,8.91365269e-02,-3.10542357e-05,-2.85104119e-05,8.66501062e-03,5.35284635e-04,1.95837694e-03,-2.08605256e-04,2.82012571e-04,-3.11508966e-04
5.39000000e+02,6.33493933e-01,9.47688742e-05,-1.39001743e-04,8.45307271e-03,8.27179584e-04,1.59849221e-03,5.44326614e-01,1.26696200e-04,-1.10322123e-04,8.91673159e-02,-3.19273256e-05,-2.86796201e-05,8.66342195e-03,5.40873012e-04,1.91433315e-03,-2.10349258e-04,2.86306571e-04,-3.15840935e-04
5.40000000e+02,6.33497975e-01,1.01698483e-04,-1.40040854e-04,8.47481212e-03,8.10505123e-04,1.61384950e-03,5.44295838e-01,1.32685098e-04,-1.11570477e-04,8.92021357e-02,-3.09866146e-05,-2.84703772e-05,8.68465201e-03,5.29776355e-04,1.92469827e-03,-2.09839885e-04,2.80728767e-04,-3.10848774e-04
5.41000000e+02,6.33466989e-01,9.47775353e-05,-1.40715378e-04,8.47958941e-03,8.41249410e-04,1.57376246e-03,5.44233713e-01,1.26642919e-04,-1.12180361e-04,8.92332752e-02,-3.18653840e-05,-2.85350172e-05,8.69116290e-03,5.56098971e-04,1.88861535e-03,-2.11573490e-04,2.85150438e-04,-3.14852888e-04
5.42000000e+02,6.33475298e-01,9.76297221e-05,-1.37920211e-04,8.50000338e-03,8.28719160e-04,1.58248114e-03,5.44206589e-01,1.28582205e-04,-1.09657222e-04,8.92687096e-02,-3.09524833e-05,-2.82629883e-05,8.71119225e-03,5.49557001e-04,1.89256880e-03,-2.11188864e-04,2.79162157e-04,-3.10087663e-04
5.43000000e+02,6.33450929e-01,8.80925969e-05,-1.41981205e-04,8.50039553e-03,8.59020245e-04,1.52783080e-03,5.44150673e-01,1.19860711e-04,-1.13613500e-04,8.93002553e-02,-3.17681136e-05,-2.83677040e-05,8.71330189e-03,5.76228017e-04,1.84194507e-03,-2.12906362e-04,2.82792230e-04,-3.14114271e-04
5.44000000e+02,6.33457274e-01,9.30544499e-05,-1.41978264e-04,8.52498179e-03,8.38952257e-04,1.52245514e-03,5.44121414e-01,1.23860830e-04,-1.13934242e-04,8.93358613e-02,-3.08063799e-05,-2.80440225e-05,8.73734161e-03,5.62395094e-04,1.83174521e-03,-2.12359790e-04,2.76557161e-04,-3.09290078e-04
5.45000000e+02,6.33429112e-01,8.48020333e-05,-1.41874748e-04,8.53396534e-03,8.64538440e-04,1.46374959e-03,5.44061370e-01,1.16505101e-04,-1.13798153e-04,8.93677396e-02,-3.17030679e-05,-2.80765956e-05,8.74803486e-03,5.83958036e-04,1.77704192e-03,-2.14069561e-04,2.80580402e-04,-3.13292331e-04
5.46000000e+02,6.33439628e-01,8.67094987e-05,-1.38953649e-04,8.55795657e-03,8.55749635e-04,1.45826184e-03,5.44035803e-01,1.17422783e-04,-1.11173333e-04,8.94038233e-02,-3.07132839e-05,-2.77803156e-05,8.77164076e-03,5.81359152e-04,1.76620175e-03,-2.13684180e-04,2.74390485e-04,-3.07939902e-04
5.47000000e+02,6.33416613e-01,7.69697245e-05,-1.42669508e-04,8.55929354e-03,8.82687246e-04,1.40219887e-03,5.43980560e-01,1.08471571e-04,-1.14761989e-04,8.94360529e-02,-3.15018462e-05,-2.79075188e-05,8.77470217e-03,6.04598891e-04,1.71356084e-03,-2.15408660e-04,2.78088352e-04,-3.11361969e-04
5.48000000e+02,6.33424693e-01,8.23328426e-05,-1.42639393e-04,8.58311628e-03,8.56699905e-04,1.40790032e-03,5.43952425e-01,1.12833180e-04,-1.15035431e-04,8.94722678e-02,-3.05003376e-05,-2.76039626e-05,8.79800531e-03,5.84980779e-04,1.71388822e-03,-2.14889034e-04,2.71719125e-04,-3.05987902e-04
5.49000000e+02,6.33398180e-01,7.42258951e-05,-1.42080434e-04,8.58964885e-03,8.72328155e-04,1.35495512e-03,5.43893510e-01,1.05551184e-04,-1.14480223e-04,8.95046709e-02,-3.13252884e-05,-2.76002106e-05,8.80626977e-03,5.97067412e-04,1.66444176e-03,-2.16620926e-04,2.75260744e-04,-3.09486634e-04
5.50000000e+02,6.33410505e-01,7.73600936e-05,-1.37081837e-04,8.60929773e-03,8.37960676e-04,1.36294247e-03,5.43869203e-01,1.07678082e-04,-1.09787395e-04,8.95412989e-02,-3.03179886e-05,-2.72944421e-05,8.82553053e-03,5.68873977e-04,1.66674072e-03,-2.16232799e-04,2.69086702e-04,-3.03798253e-04
5.51000000e+02,6.33389345e-01,6.94521755e-05,-1.38791067e-04,8.60602867e-03,8.50921597e-04,1.32325298e-03,5.43815341e-01,1.00514879e-04,-1.11407203e-04,8.95740043e-02,-3.10627033e-05,-2.73838632e-05,8.82398791e-03,5.78030799e-04,1.63038714e-03,-2.17959231e-04,2.72890798e-04,-3.07134154e-04
5.52000000e+02,6.33399048e-01,7.66378708e-05,-1.36818770e-04,8.62486885e-03,8.14524061e-04,1.34270520e-03,5.43788283e-01,1.06692112e-04,-1.09751416e-04,8.96107657e-02,-3.00542408e-05,-2.70673546e-05,8.84230158e-03,5.47901732e-04,1.64438715e-03,-2.17432749e-04,2.66622330e-04,-3.01681949e-04
5.53000000e+02,6.33374122e-01,6.97029352e-05,-1.34615932e-04,8.62594589e-03,8.19069547e-04,1.30050807e-03,5.43730453e-01,1.00608008e-04,-1.07568029e-04,8.96436683e-02,-3.09050734e-05,-2.70479022e-05,8.84508824e-03,5.48990226e-04,1.60572559e-03,-2.19142327e-04,2.70079319e-04,-3.05217509e-04
5.54000000e+02,6.33387820e-01,7.34124021e-05,-1.29684512e-04,8.63990660e-03,7.85228612e-04,1.31437443e-03,5.43707045e-01,1.03307506e-04,-1.02925690e-04,8.96807760e-02,-2.98951045e-05,-2.67588219e-05,8.85863739e-03,5.21407697e-04,1.61392719e-03,-2.18730797e-04,2.63820914e-04,-2.99552758e-04
5.55000000e+02,6.33368423e-01,6.58511201e-05,-1.30643446e-04,8.63211919e-03,7.92229880e-04,1.27859493e-03,5.43654432e-01,9.64973163e-05,-1.03767776e-04,8.97139933e-02,-3.06461962e-05,-2.68756701e-05,8.85252454e-03,5.24582333e-04,1.58158033e-03,-2.20405372e-04,2.67647549e-04,-3.02985410e-04
5.56000000e+02,6.33380032e-01,7.31113355e-05,-1.28537811e-04,8.64627028e-03,7.55139702e-04,1.30165557e-03,5.43628834e-01,1.02747060e-04,-1.01989836e-04,8.97511963e-02,-2.96357245e-05,-2.65479751e-05,8.86608901e-03,4.93849750e-04,1.59908391e-03,-2.19818717e-04,2.61289950e-04,-2.97428333e-04
5.57000000e+02,6.33356386e-01,6.72276674e-05,-1.26664894e-04,8.64528870e-03,7.59493784e-04,1.26730076e-03,5.43571673e-01,9.76517267e-05,-1.00123134e-04,8.97847129e-02,-3.04240595e-05,-2.65417596e-05,8.86673880e-03,4.94740246e-04,1.56794925e-03,-2.21450082e-04,2.64753534e-04,-3.00648495e-04
5.58000000e+02,6.33372103e-01,7.19483706e-05,-1.21083829e-04,8.65944689e-03,7.19649628e-04,1.28634200e-03,5.43549875e-01,1.01346965e-04,-9.48651370e-05,8.98222294e-02,-2.93985944e-05,-2.62186919e-05,8.88042139e-03,4.61286700e-04,1.58119975e-03,-2.20974472e-04,2.58362927e-04,-2.94857745e-04
5.59000000e+02,6.33354923e-01,6.57385409e-05,-1.21599637e-04,8.65121350e-03,7.26279724e-04,1.25862290e-03,5.43498931e-01,9.58925731e-05,-9.53165472e-05,8.98559930e-02,-3.01540320e-05,-2.62830895e-05,8.87380211e-03,4.64486274e-04,1.55682550e-03,-2.22588597e-04,2.61793451e-04,-2.98202602e-04
5.60000000e+02,6.33367882e-01,7.40131635e-05,-1.18451089e-04,8.66707727e-03,6.83456438e-04,1.28346347e-03,5.43474080e-01,1.03143365e-04,-9.25044508e-05,8.98938025e-02,-2.91302021e-05,-2.59466377e-05,8.88903000e-03,4.28248549e-04,1.57615538e-03,-2.21952722e-04,2.55207888e-04,-2.92691913e-04
5.61000000e+02,6.33346357e-01,6.78135390e-05,-1.15791317e-04,8.66651818e-03,6.83070997e-04,1.24722216e-03,5.43418697e-01,9.77850310e-05,-8.98944335e-05,8.99276602e-02,-2.99714923e-05,-2.58968833e-05,8.89007378e-03,4.24672250e-04,1.54324551e-03,-2.23555591e-04,2.58398747e-04,-2.96023347e-04
5.62000000e+02,6.33363354e-01,7.25828104e-05,-1.11088846e-04,8.68073535e-03,6.49499039e-04,1.26583070e-03,5.43397572e-01,1.01503624e-04,-8.54889204e-05,8.99657829e-02,-2.89208140e-05,-2.55999254e-05,8.90378405e-03,3.97476887e-04,1.55600169e-03,-2.23048707e-04,2.52022151e-04,-2.90170995e-04
5.63000000e+02,6.33347738e-01,6.62964404e-05,-1.13963664e-04,8.67263633e-03,6.71971495e-04,1.23869163e-03,5.43347674e-01,9.59919469e-05,-8.82759575e-05,9.00000619e-02,-2.96955064e-05,-2.56877062e-05,8.89727788e-03,4.16427459e-04,1.53217580e-03,-2.24641573e-04,2.55544034e-04,-2.93484173e-04
5.64000000e+02,6.33363147e-01,7.40837593e-05,-1.11334021e-04,8.68892682e-03,6.32844885e-04,1.26434177e-03,5.43324780e-01,1.02742195e-04,-8.59936681e-05,9.00383678e-02,-2.86584361e-05,-2.53403528e-05,8.91290511e-03,3.83956946e-04,1.55199995e-03,-2.23978304e-04,2.48887941e-04,-2.87658182e-04
5.65000000e+02,6.33344322e-01,6.92759295e-05,-1.10148274e-04,8.68811413e-03,6.40903754e-04,1.23925914e-03,5.43271482e-01,9.87173936e-05,-8.48398063e-05,9.00728374e-02,-2.94414640e-05,-2.53084678e-05,8.91366339e-03,3.88781230e-04,1.53003488e-03,-2.25549257e-04,2.52122524e-04,-2.90775746e-04
5.66000000e+02,6.33364128e-01,7.30600039e-05,-1.06819254e-04,8.70271664e-03,6.15562771e-04,1.25188155e-03,5.43252606e-01,1.01498504e-04,-8.18388533e-05,9.01115203e-02,-2.84385000e-05,-2.49804003e-05,8.92772208e-03,3.69978799e-04,1.53699428e-03,-2.25005416e-04,2.45583970e-04,-2.85112727e-04
5.67000000e+02,6.33351729e-01,6.66100261e-05,-1.09222773e-04,8.69639249e-03,6.35372595e-04,1.22447418e-03,5.43205455e-01,9.57926168e-05,-8.41899408e-05,9.01462751e-02,-2.91825904e-05,-2.50328323e-05,8.92295650e-03,3.86361574e-04,1.51275584e-03,-2.26564005e-04,2.49011019e-04,-2.88281659e-04
5.68000000e+02,6.33370434e-01,7.48199578e-05,-1.07808958e-04,8.71341729e-03,6.12594358e-04,1.25162697e-03,5.43185385e-01,1.02926334e-04,-8.31201863e-05,9.01850471e-02,-2.81063766e-05,-2.46887714e-05,8.93930734e-03,3.70171368e-04,1.53390418e-03,-2.25890091e-04,2.42422989e-04,-2.82277215e-04
5.69000000e+02,6.33354025e-01,6.90881070e-05,-1.06973434e-04,8.71374218e-03,6.23715494e-04,1.22295486e-03,5.43133923e-01,9.79972506e-05,-8.23578479e-05,9.02200988e-02,-2.89091437e-05,-2.46155858e-05,8.94120452e-03,3.78568659e-04,1.50830747e-03,-2.27462381e-04,2.45146837e-04,-2.85352613e-04
5.70000000e+02,6.33376285e-01,7.37674410e-05,-1.02911476e-04,8.72780063e-03,5.88314690e-04,1.24149521e-03,5.43116887e-01,1.01624286e-04,-7.86599221e-05,9.02593944e-02,-2.78568452e-05,-2.42515539e-05,8.95472858e-03,3.50040586e-04,1.52099331e-03,-2.26927913e-04,2.38274104e-04,-2.79498104e-04
5.71000000e+02,6.33366517e-01,6.61515452e-05,-1.04884236e-04,8.72018703e-03,6.04997093e-04,1.20186521e-03,5.43071685e-01,9.47566772e-05,-8.05750965e-05,9.02948327e-02,-2.86051321e-05,-2.43091394e-05,8.94868152e-03,3.63345864e-04,1.48454171e-03,-2.28494499e-04,2.41651230e-04,-2.82676500e-04
5.72000000e+02,6.33387738e-01,7.24569137e-05,-1.03276400e-04,8.73576568e-03,5.78085673e-04,1.21721964e-03,5.43053529e-01,1.00047198e-04,-7.93209049e-05,9.03342128e-02,-2.75902844e-05,-2.39554948e-05,8.96355821e-03,3.43015362e-04,1.49404868e-03,-2.27792557e-04,2.35070312e-04,-2.76829049e-04
5.73000000e+02,6.33374169e-01,6.58407920e-05,-1.01381698e-04,8.73347110e-03,5.79914481e-04,1.18067656e-03,5.43004340e-01,9.42158497e-05,-7.74528161e-05,9.03698277e-02,-2.83750578e-05,-2.39288817e-05,8.96280772e-03,3.41780660e-04,1.46060472e-03,-2.29336588e-04,2.38133821e-04,-2.79928159e-04
5.74000000e+02,6.33398215e-01,7.01077294e-05,-9.89984541e-05,8.74615320e-03,5.57416194e-04,1.19696843e-03,5.42988673e-01,9.74122319e-05,-7.54095100e-05,9.04095435e-02,-2.73045028e-05,-2.35889444e-05,8.97489785e-03,3.25952165e-04,1.47075057e-03,-2.28744676e-04,2.31464030e-04,-2.73782139e-04
5.75000000e+02,6.33389909e-01,6.28521451e-05,-1.00123893e-04,8.73671278e-03,5.68171521e-04,1.16318444e-03,5.42944518e-01,9.08674156e-05,-7.65525878e-05,9.04453915e-02,-2.80152707e-05,-2.35713050e-05,8.96698002e-03,3.33728226e-04,1.43988894e-03,-2.30267227e-04,2.34443298e-04,-2.76704496e-04
5.76000000e+02,6.33411991e-01,7.07952035e-05,-9.74098128e-05,8.75010910e-03,5.31581004e-04,1.19095424e-03,5.42926809e-01,9.77145726e-05,-7.42011062e-05,9.04851827e-02,-2.69193689e-05,-2.32087066e-05,8.97965423e-03,3.04036064e-04,1.46144354e-03,-2.29545114e-04,2.27544939e-04,-2.70489301e-04
5.77000000e+02,6.33399192e-01,6.56714826e-05,-9.46512013e-05,8.74714378e-03,5.28390900e-04,1.16369757e-03,5.42878001e-01,9.33337757e-05,-7.15132134e-05,9.05211922e-02,-2.76622933e-05,-2.31379876e-05,8.97819856e-03,2.97940537e-04,1.43683544e-03,-2.31054756e-04,2.30450363e-04,-2.73137863e-04
5.78000000e+02,6.33424339e-01,7.14405678e-05,-8.94102599e-05,8.75824109e-03,4.86275790e-04,1.19067597e-03,5.42863077e-01,9.80180298e-05,-6.66067863e-05,9.05612639e-02,-2.65774618e-05,-2.28034737e-05,8.98869924e-03,2.62314342e-04,1.45757583e-03,-2.30458136e-04,2.23961448e-04,-2.66899862e-04
5.79000000e+02,6.33417756e-01,6.57063794e-05,-9.06017683e-05,8.74687583e-03,4.97365166e-04,1.16902836e-03,5.42820248e-01,9.30091499e-05,-6.77492883e-05,9.05975049e-02,-2.73027708e-05,-2.28524798e-05,8.97885574e-03,2.70232811e-04,1.43886895e-03,-2.31979879e-04,2.27132356e-04,-2.69840590e-04
5.80000000e+02,6.33441312e-01,7.37785834e-05,-8.86329561e-05,8.75913753e-03,4.63062136e-04,1.19835955e-03,5.42803675e-01,1.00018673e-04,-6.61217595e-05,9.06376388e-02,-2.62400897e-05,-2.25111964e-05,8.99038119e-03,2.42708057e-04,1.46221067e-03,-2.31243694e-04,2.20354080e-04,-2.63851122e-04
5.81000000e+02,6.33430458e-01,6.84913149e-05,-8.68824919e-05,8.75468721e-03,4.63946044e-04,1.16518002e-03,5.42756501e-01,9.54915191e-05,-6.44144393e-05,9.06739580e-02,-2.70002043e-05,-2.24680523e-05,8.98741616e-03,2.40636184e-04,1.43196746e-03,-2.32728943e-04,2.23309860e-04,-2.66787434e-04
5.82000000e+02,6.33458095e-01,7.32737349e-05,-8.23684786e-05,8.76407997e-03,4.27438969e-04,1.18193188e-03,5.42743671e-01,9.92264845e-05,-6.02709556e-05,9.07144261e-02,-2.59527498e-05,-2.20975230e-05,8.99617406e-03,2.10675963e-04,1.44263887e-03,-2.32094068e-04,2.16763007e-04,-2.60706984e-04
5.83000000e+02,6.33453361e-01,6.59189355e-05,-8.29567279e-05,8.75336921e-03,4.34427586e-04,1.14310604e-03,5.42702336e-01,9.25726432e-05,-6.08487714e-05,9.07510242e-02,-2.66537075e-05,-2.21079564e-05,8.98692986e-03,2.14573858e-04,1.40664953e-03,-2.33560652e-04,2.19853727e-04,-2.63543490e-04
5.84000000e+02,6.33478897e-01,7.23196790e-05,-7.96536627e-05,8.76559672e-03,3.91837890e-04,1.15241467e-03,5.42687420e-01,9.79074852e-05,-5.78925886e-05,9.07914787e-02,-2.55878060e-05,-2.17610740e-05,8.99836457e-03,1.78807703e-04,1.40990603e-03,-2.32767858e-04,2.13030186e-04,-2.57491364e-04
5.85000000e+02,6.33470019e-01,6.59872399e-05,-7.63837969e-05,8.76164855e-03,3.88132226e-04,1.11101285e-03,5.42641876e-01,9.23062042e-05,-5.47093783e-05,9.08281441e-02,-2.63189645e-05,-2.16744185e-05,8.99584547e-03,1.72375885e-04,1.37104916e-03,-2.34196928e-04,2.15756342e-04,-2.60036312e-04
5.86000000e+02,6.33499033e-01,7.06956231e-05,-7.09061189e-05,8.77375400e-03,3.44634727e-04,1.12354746e-03,5.42630139e-01,9.59287074e-05,-4.95558374e-05,9.08688982e-02,-2.52330844e-05,-2.13502813e-05,9.00726631e-03,1.35407504e-04,1.37721188e-03,-2.33512333e-04,2.09227223e-04,-2.53664420e-04
5.87000000e+02,6.33495937e-01,6.25670935e-05,-7.20863383e-05,8.76513931e-03,3.50835638e-04,1.07842411e-03,5.42590212e-01,8.85088116e-05,-5.06962158e-05,9.09057274e-02,-2.59417179e-05,-2.13901224e-05,9.00008678e-03,1.38524992e-04,1.33477972e-03,-2.34947480e-04,2.12310647e-04,-2.56355603e-04
5.88000000e+02,6.33523321e-01,6.84312931e-05,-6.93047686e-05,8.77892179e-03,3.06335514e-04,1.08974748e-03,5.42576802e-01,9.32938455e-05,-4.82458454e-05,9.09465208e-02,-2.48625524e-05,-2.10589232e-05,9.01305997e-03,1.00710513e-04,1.33969393e-03,-2.34138146e-04,2.05625001e-04,-2.49946452e-04
5.89000000e+02,6.33516416e-01,6.21820121e-05,-6.67758872e-05,8.77740616e-03,3.01783978e-04,1.05534455e-03,5.42532942e-01,8.77625605e-05,-4.57686834e-05,9.09834701e-02,-2.55805483e-05,-2.10072037e-05,9.01296883e-03,9.31052147e-05,1.30775882e-03,-2.35562719e-04,2.08678763e-04,-2.52414276e-04
5.90000000e+02,6.33548231e-01,6.60832968e-05,-6.16397599e-05,8.79052057e-03,2.69521491e-04,1.06416671e-03,5.42523675e-01,9.05736461e-05,-4.09950930e-05,9.10245576e-02,-2.44903495e-05,-2.06446668e-05,9.02538308e-03,6.72529935e-05,1.31021463e-03,-2.34862529e-04,2.02268497e-04,-2.46047921e-04
5.91000000e+02,6.33547161e-01,5.93006695e-05,-6.32887490e-05,8.78318016e-03,2.78834139e-04,1.02917331e-03,5.42485437e-01,8.44459642e-05,-4.25620455e-05,9.10617248e-02,-2.51452944e-05,-2.07267035e-05,9.01946542e-03,7.33043501e-05,1.27777024e-03,-2.36285256e-04,2.05529789e-04,-2.48596928e-04
5.92000000e+02,6.33576374e-01,6.59725647e-05,-6.17798665e-05,8.79940179e-03,2.43297878e-04,1.04346387e-03,5.42473564e-01,9.00397037e-05,-4.13952132e-05,9.11028096e-02,-2.40671389e-05,-2.03846532e-05,9.03487971e-03,4.44274880e-05,1.28573290e-03,-2.35477905e-04,1.98870389e-04,-2.42269028e-04
5.93000000e+02,6.33571748e-01,5.86024996e-05,-5.87787424e-05,8.79751488e-03,2.41169052e-04,9.98507572e-04,5.42431661e-01,8.34375434e-05,-3.85089675e-05,9.11400858e-02,-2.48350441e-05,-2.02697751e-05,9.03441209e-03,3.95341968e-05,1.24340134e-03,-2.36897193e-04,2.01634855e-04,-2.44893769e-04
5.94000000e+02,6.33605866e-01,6.13715177e-05,-5.35168305e-05,8.81023116e-03,2.06435147e-04,9.99847597e-04,5.42424409e-01,8.51141384e-05,-3.35546768e-05,9.11814592e-02,-2.37426207e-05,-1.99621538e-05,9.04642310e-03,1.12176823e-05,1.23841032e-03,-2.36191923e-04,1.95217465e-04,-2.38562728e-04
5.95000000e+02,6.33606909e-01,5.29106879e-05,-5.45175006e-05,8.80199150e-03,2.15463533e-04,9.55495599e-04,5.42388023e-01,7.73509155e-05,-3.45109607e-05,9.12188879e-02,-2.44402277e-05,-2.00065397e-05,9.03957910e-03,1.69244236e-05,1.19669675e-03,-2.37587630e-04,1.98539109e-04,-2.41201151e-04
5.96000000e+02,6.33638374e-01,5.93874262e-05,-5.38493758e-05,8.81741133e-03,1.89323966e-04,9.66758159e-04,5.42378192e-01,8.26993025e-05,-3.41775642e-05,9.12601820e-02,-2.33118764e-05,-1.96718118e-05,9.05417943e-03,-2.44685173e-06,1.20144786e-03,-2.36768111e-04,1.91770818e-04,-2.34689693e-04
5.97000000e+02,6.33635347e-01,5.26487745e-05,-5.19897664e-05,8.81410478e-03,1.89518796e-04,9.23957000e-04,5.42337585e-01,7.66859116e-05,-3.24118613e-05,9.12977651e-02,-2.40371370e-05,-1.95779052e-05,9.05229008e-03,-4.88049398e-06,1.16110279e-03,-2.38185316e-04,1.94399290e-04,-2.37145795e-04
5.98000000e+02,6.33671154e-01,5.60695010e-05,-4.68107441e-05,8.82538008e-03,1.50679188e-04,9.30124081e-04,5.42331741e-01,7.89986990e-05,-2.75769056e-05,9.13394101e-02,-2.29291981e-05,-1.92338385e-05,9.06286376e-03,-3.70774168e-05,1.16068094e-03,-2.37483710e-04,1.87756605e-04,-2.30556860e-04
5.99000000e+02,6.33674200e-01,4.75696855e-05,-4.68292641e-05,8.81440375e-03,1.50945831e-04,8.82573274e-04,5.42297028e-01,7.11762094e-05,-2.76069711e-05,9.13771729e-02,-2.36065237e-05,-1.92222930e-05,9.05329496e-03,-3.97761188e-05,1.11563446e-03,-2.38891213e-04,1.90721950e-04,-2.33061179e-04
6.00000000e+02,6.33707669e-01,5.34001084e-05,-4.33734919e-05,8.82569563e-03,1.02628118e-04,8.90144303e-04,5.42288858e-01,7.59000174e-05,-2.44989937e-05,9.14188113e-02,-2.24999088e-05,-1.88744981e-05,9.06375338e-03,-8.14801788e-05,1.11677962e-03,-2.38057786e-04,1.84108296e-04,-2.26635320e-04
6.01000000e+02,6.33706093e-01,4.58336970e-05,-4.03119682e-05,8.82095529e-03,9.47076303e-05,8.43140479e-04,5.42249530e-01,6.90770028e-05,-2.14790770e-05,9.14565636e-02,-2.32433060e-05,-1.88328911e-05,9.06039922e-03,-9.24201532e-05,1.07229408e-03,-2.39443891e-04,1.87127784e-04,-2.29153604e-04
6.02000000e+02,6.33743958e-01,4.67001271e-05,-3.48561960e-05,8.82938854e-03,5.55026791e-05,8.27970667e-04,5.42245578e-01,6.88373454e-05,-1.63346544e-05,9.14983805e-02,-2.21372184e-05,-1.85215417e-05,9.06809613e-03,-1.25336343e-04,1.05053486e-03,-2.38707568e-04,1.80839022e-04,-2.22564190e-04
6.03000000e+02,6.33748510e-01,3.76132243e-05,-3.52731257e-05,8.81651996e-03,5.95461632e-05,7.72414104e-04,5.42212214e-01,6.03673257e-05,-1.67216518e-05,9.15362947e-02,-2.27541016e-05,-1.85514739e-05,9.05657268e-03,-1.24552278e-04,9.97284709e-04,-2.40052702e-04,1.84098442e-04,-2.24870608e-04
6.04000000e+02,6.33783694e-01,4.32902863e-05,-3.39457043e-05,8.82763239e-03,3.24566691e-05,7.79961441e-04,5.42205589e-01,6.49299512e-05,-1.57267282e-05,9.15781050e-02,-2.16396649e-05,-1.82189761e-05,9.06679043e-03,-1.45033724e-04,9.98070481e-04,-2.39158051e-04,1.77490393e-04,-2.18109040e-04
6.05000000e+02,6.33784145e-01,3.59053720e-05,-3.31692946e-05,8.82325094e-03,3.88498980e-05,7.37002192e-04,5.42168016e-01,5.82683004e-05,-1.49846949e-05,9.16161293e-02,-2.23629283e-05,-1.81845998e-05,9.06373028e-03,-1.41618730e-04,9.57351455e-04,-2.40479335e-04,1.80468628e-04,-2.20349258e-04
6.06000000e+02,6.33823492e-01,3.90812435e-05,-2.98028119e-05,8.83283029e-03,1.38713496e-05,7.41695395e-04,5.42165301e-01,6.03101465e-05,-1.19616429e-05,9.16581898e-02,-2.12289030e-05,-1.78411691e-05,9.07253146e-03,-1.60206187e-04,9.55320903e-04,-2.39701179e-04,1.74077537e-04,-2.13625506e-04
6.07000000e+02,6.33830036e-01,3.07832643e-05,-3.15961079e-05,8.82176823e-03,3.20978685e-05,6.93472764e-04,5.42133738e-01,5.26432226e-05,-1.37411247e-05,9.16962973e-02,-2.18599582e-05,-1.78549833e-05,9.06278780e-03,-1.44987406e-04,9.09406133e-04,-2.41019560e-04,1.77085274e-04,-2.15933371e-04
6.08000000e+02,6.33867799e-01,3.76059220e-05,-2.91235924e-05,8.83369618e-03,-3.03758348e-06,7.07540543e-04,5.42129470e-01,5.83161163e-05,-1.16372473e-05,9.17383321e-02,-2.07101942e-05,-1.74863451e-05,9.07380312e-03,-1.73275472e-04,9.16795284e-04,-2.40106988e-04,1.70237889e-04,-2.09254741e-04
6.09000000e+02,6.33870320e-01,3.10110364e-05,-2.64727763e-05,8.82942385e-03,-8.16561543e-06,6.66994569e-04,5.42093823e-01,5.24531464e-05,-9.06401022e-06,9.17764984e-02,-2.14421101e-05,-1.74087661e-05,9.07082681e-03,-1.81254788e-04,8.78567782e-04,-2.41402986e-04,1.73089173e-04,-2.11573216e-04
6.10000000e+02,6.33911278e-01,3.49694261e-05,-2.30178221e-05,8.84071208e-03,-3.52384784e-05,6.76593456e-04,5.42092574e-01,5.52851606e-05,-5.90261028e-06,9.18187048e-02,-2.03157344e-05,-1.71152118e-05,9.08131815e-03,-2.02032233e-04,8.81463737e-04,-2.40606074e-04,1.66793755e-04,-2.04870279e-04
6.11000000e+02,6.33920113e-01,2.76640566e-05,-2.48709052e-05,8.83152196e-03,-1.76184141e-05,6.35171157e-04,5.42063082e-01,4.86393035e-05,-7.70970785e-06,9.18570290e-02,-2.09752470e-05,-1.71611973e-05,9.07342605e-03,-1.87660874e-04,8.42427456e-04,-2.41904089e-04,1.70042460e-04,-2.07256299e-04
6.12000000e+02,6.33959724e-01,3.32615400e-05,-2.33611327e-05,8.84530857e-03,-4.79239980e-05,6.41842422e-04,5.42060518e-01,5.31583859e-05,-6.50463979e-06,9.18992100e-02,-1.98968461e-05,-1.68564930e-05,9.08628870e-03,-2.11621863e-04,8.42658295e-04,-2.40980115e-04,1.63697865e-04,-2.00815874e-04
6.13000000e+02,6.33964521e-01,2.55729676e-05,-2.23771246e-05,8.84312901e-03,-3.98865921e-05,5.97771784e-04,5.42026952e-01,4.61790256e-05,-5.61601799e-06,9.19375732e-02,-2.06060580e-05,-1.67611066e-05,9.08539397e-03,-2.06382989e-04,8.00991366e-04,-2.42264980e-04,1.66496396e-04,-2.03219582e-04
6.14000000e+02,6.34008078e-01,2.88346665e-05,-1.86555255e-05,8.85600450e-03,-6.61554088e-05,6.04262488e-04,5.42028084e-01,4.83322002e-05,-2.24459559e-06,9.19799954e-02,-1.94975338e-05,-1.64109299e-05,9.09745600e-03,-2.26145804e-04,8.00803758e-04,-2.41451507e-04,1.59990395e-04,-1.96541268e-04
6.15000000e+02,6.34018990e-01,2.22446059e-05,-2.05824349e-05,8.84824890e-03,-4.45579690e-05,5.65985812e-04,5.42000505e-01,4.23907115e-05,-4.14018101e-06,9.20184850e-02,-2.01461054e-05,-1.64422539e-05,9.09097283e-03,-2.07735603e-04,7.65050994e-04,-2.42723905e-04,1.63177634e-04,-1.99065183e-04
6.16000000e+02,6.34060959e-01,2.89603949e-05,-1.91518689e-05,8.86462041e-03,-6.59200233e-05,5.75451820e-04,5.42000151e-01,4.80033453e-05,-3.03701131e-06,9.20608104e-02,-1.90429502e-05,-1.61148576e-05,9.10640895e-03,-2.22613282e-04,7.68054016e-04,-2.41788556e-04,1.56693259e-04,-1.92602197e-04
6.17000000e+02,6.34067798e-01,2.02961891e-05,-1.76008061e-05,8.86422354e-03,-5.54907294e-05,5.26571740e-04,5.41968465e-01,4.01093375e-05,-1.54541801e-06,9.20993342e-02,-1.98131484e-05,-1.60553881e-05,9.10728758e-03,-2.15191918e-04,7.21692435e-04,-2.43064019e-04,1.59701188e-04,-1.95120692e-04
6.18000000e+02,6.34112930e-01,2.34576433e-05,-1.57870196e-05,8.87831253e-03,-6.47213927e-05,5.33729366e-04,5.41971052e-01,4.21391251e-05,-9.26607397e-10,9.21418759e-02,-1.86814818e-05,-1.57860930e-05,9.12055907e-03,-2.18375049e-04,7.22207512e-04,-2.42246540e-04,1.53653657e-04,-1.88478147e-04
6.19000000e+02,6.34125181e-01,1.63599859e-05,-2.02342804e-05,8.87094577e-03,-2.85715516e-05,4.95045030e-04,5.41944722e-01,3.56662881e-05,-4.40584937e-06,9.21804592e-02,-1.93063022e-05,-1.58284311e-05,9.11445662e-03,-1.85271710e-04,6.85695279e-04,-2.43510855e-04,1.56700159e-04,-1.90650250e-04
6.20000000e+02,6.34169216e-01,2.39589497e-05,-2.03297866e-05,8.88727156e-03,-4.28465638e-05,5.19691232e-04,5.41946336e-01,4.21723000e-05,-4.84343495e-06,9.22228811e-02,-1.82133504e-05,-1.54863517e-05,9.12983346e-03,-1.93015359e-04,7.03699753e-04,-2.42561899e-04,1.50168795e-04,-1.84008523e-04
6.21000000e+02,6.34177701e-01,1.73580282e-05,-1.92966125e-05,8.88663068e-03,-2.28528691e-05,4.88662575e-04,5.41916241e-01,3.62671571e-05,-3.92577152e-06,9.22614613e-02,-1.89091289e-05,-1.53708410e-05,9.13045125e-03,-1.75696931e-04,6.74855779e-04,-2.43820578e-04,1.52844062e-04,-1.86193201e-04
6.22000000e+02,6.34224206e-01,2.09431250e-05,-1.67125399e-05,8.89994014e-03,-3.92522480e-05,4.99726723e-04,5.41920205e-01,3.87211666e-05,-1.64092078e-06,9.23039987e-02,-1.77780416e-05,-1.50716191e-05,9.14293693e-03,-1.85738104e-04,6.79294923e-04,-2.42996784e-04,1.46485856e-04,-1.79568202e-04
6.23000000e+02,6.34238515e-01,1.45040367e-05,-2.09777193e-05,8.89176817e-03,-9.81479059e-06,4.66072292e-04,5.41895840e-01,3.29285892e-05,-5.85455643e-06,9.23426758e-02,-1.84245525e-05,-1.51231628e-05,9.13601790e-03,-1.59414789e-04,6.48027413e-04,-2.44249696e-04,1.49599998e-04,-1.81955123e-04
6.24000000e+02,6.34284277e-01,2.36644403e-05,-2.12336785e-05,8.90638538e-03,-2.31908440e-05,4.99327685e-04,5.41899041e-01,4.10008394e-05,-6.43947779e-06,9.23852343e-02,-1.73363990e-05,-1.47942007e-05,9.14967292e-03,-1.66521551e-04,6.74845606e-04,-2.43287521e-04,1.43330707e-04,-1.75517923e-04
6.25000000e+02,6.34295069e-01,1.89280525e-05,-2.04589223e-05,8.90481061e-03,-2.33195195e-06,4.80052620e-04,5.41871151e-01,3.69982272e-05,-5.75672392e-06,9.24239191e-02,-1.80701746e-05,-1.47021984e-05,9.14933572e-03,-1.48632242e-04,6.58057570e-04,-2.44525067e-04,1.46300290e-04,-1.78004950e-04
6.26000000e+02,6.34344095e-01,2.28771042e-05,-1.90101797e-05,8.91775278e-03,-6.63663896e-06,4.93875145e-04,5.41877388e-01,3.98577028e-05,-4.56586582e-06,9.24667044e-02,-1.69805988e-05,-1.44443139e-05,9.16143062e-03,-1.46848327e-04,6.65535698e-04,-2.43677853e-04,1.40211688e-04,-1.71660553e-04
6.27000000e+02,6.34359629e-01,1.56781931e-05,-2.36468726e-05,8.90961563e-03,3.04070006e-05,4.57520421e-04,5.41854011e-01,3.33323103e-05,-9.17763334e-06,9.25056176e-02,-1.76541172e-05,-1.44692393e-05,9.15451840e-03,-1.12813072e-04,6.31631709e-04,-2.44902752e-04,1.43220073e-04,-1.74111290e-04
6.28000000e+02,6.34406955e-01,2.38961043e-05,-2.43973453e-05,8.92433889e-03,1.86906471e-05,4.83885556e-04,5.41858562e-01,4.04529563e-05,-1.02582930e-05,9.25483935e-02,-1.65568522e-05,-1.41390523e-05,9.16824836e-03,-1.18035249e-04,6.51698831e-04,-2.43909453e-04,1.36725896e-04,-1.67813276e-04
6.29000000e+02,6.34419567e-01,1.83219871e-05,-2.40879058e-05,8.92325791e-03,3.83404388e-05,4.53088721e-04,5.41832213e-01,3.56086884e-05,-1.00563333e-05,9.25873522e-02,-1.72867014e-05,-1.40315725e-05,9.16837056e-03,-1.01006722e-04,6.23546989e-04,-2.45112680e-04,1.39347161e-04,-1.70458267e-04
6.30000000e+02,6.34470371e-01,2.23469174e-05,-2.23250183e-05,8.93611731e-03,2.70627620e-05,4.64947557e-04,5.41840083e-01,3.85582404e-05,-8.57511972e-06,9.26302872e-02,-1.62113230e-05,-1.37498986e-05,9.18036076e-03,-1.06182851e-04,6.29019015e-04,-2.44243472e-04,1.33245614e-04,-1.64071457e-04
6.31000000e+02,6.34487878e-01,1.41786872e-05,-2.63834708e-05,8.92797914e-03,5.94604161e-05,4.19544290e-04,5.41818554e-01,3.10838387e-05,-1.26118224e-05,9.26693234e-02,-1.69051514e-05,-1.37716484e-05,9.17342296e-03,-7.68281154e-05,5.86154847e-04,-2.45443815e-04,1.36288532e-04,-1.66610558e-04
6.32000000e+02,6.34537099e-01,2.06381301e-05,-2.61289296e-05,8.94253774e-03,4.56022411e-05,4.32514813e-04,5.41824860e-01,3.64495500e-05,-1.26903578e-05,9.27122370e-02,-1.58114199e-05,-1.34385717e-05,9.18696564e-03,-8.44042363e-05,5.92847333e-04,-2.44427885e-04,1.30006477e-04,-1.60332519e-04
6.33000000e+02,6.34551878e-01,1.33928460e-05,-2.52311319e-05,8.94124804e-03,6.64262421e-05,3.91220092e-04,5.41800569e-01,2.99350714e-05,-1.18869995e-05,9.27513089e-02,-1.65422254e-05,-1.33441324e-05,9.18686104e-03,-6.63954627e-05,5.54066016e-04,-2.45612994e-04,1.32821705e-04,-1.62845925e-04
6.34000000e+02,6.34604853e-01,1.72117599e-05,-2.38763502e-05,8.95382573e-03,5.75266766e-05,4.01397215e-04,5.41810493e-01,3.26676179e-05,-1.07829065e-05,9.27943588e-02,-1.54558579e-05,-1.30934437e-05,9.19855708e-03,-6.91066813e-05,5.57882150e-04,-2.44731342e-04,1.26633358e-04,-1.56484935e-04
6.35000000e+02,6.34625616e-01,9.67951236e-06,-2.71015980e-05,8.94499187e-03,8.14919111e-05,3.61320164e-04,5.41792135e-01,2.57938758e-05,-1.40056999e-05,9.28334785e-02,-1.61143634e-05,-1.30958981e-05,9.19091230e-03,-4.81443575e-05,5.20229632e-04,-2.45920432e-04,1.29636268e-04,-1.58909467e-04
6.36000000e+02,6.34677330e-01,1.60293281e-05,-2.64295481e-05,8.95889213e-03,6.38887592e-05,3.76992759e-04,5.41800880e-01,3.10587231e-05,-1.36320804e-05,9.28764525e-02,-1.50293949e-05,-1.27974677e-05,9.20379684e-03,-5.95812615e-05,5.29453101e-04,-2.44904693e-04,1.23470021e-04,-1.52460341e-04
6.37000000e+02,6.34694078e-01,9.13582607e-06,-2.55841787e-05,8.95726592e-03,7.93888612e-05,3.35476745e-04,5.41778479e-01,2.48662775e-05,-1.28474812e-05,9.29155968e-02,-1.57304515e-05,-1.27366975e-05,9.20334041e-03,-4.70766345e-05,4.90298656e-04,-2.46074496e-04,1.26465496e-04,-1.54821912e-04
6.38000000e+02,6.34748527e-01,1.33344576e-05,-2.44946104e-05,8.96961077e-03,7.22096560e-05,3.50007699e-04,5.41789894e-01,2.79822234e-05,-1.19968166e-05,9.29586365e-02,-1.46477658e-05,-1.24977938e-05,9.21477725e-03,-4.84370993e-05,4.98512828e-04,-2.45166495e-04,1.20646755e-04,-1.48505130e-04
6.39000000e+02,6.34770426e-01,6.69110324e-06,-2.85039016e-05,8.96053974e-03,1.05007118e-04,3.16165288e-04,5.41772706e-01,2.20172473e-05,-1.59914900e-05,9.29977177e-02,-1.53261440e-05,-1.25124116e-05,9.20688208e-03,-1.87725855e-05,4.67309551e-04,-2.46342370e-04,1.23779703e-04,-1.51144263e-04
6.40000000e+02,6.34823273e-01,1.42509605e-05,-2.80838715e-05,8.97377003e-03,9.13575078e-05,3.35331808e-04,5.41782619e-01,2.85158189e-05,-1.59077356e-05,9.30406535e-02,-1.42648584e-05,-1.21761359e-05,9.21908489e-03,-2.59934853e-05,4.80364213e-04,-2.45314870e-04,1.17350993e-04,-1.45032404e-04
6.41000000e+02,6.34842028e-01,7.94878596e-06,-2.60503346e-05,8.97104232e-03,9.66702270e-05,2.98803720e-04,5.41762331e-01,2.29626417e-05,-1.39446716e-05,9.30796955e-02,-1.50138558e-05,-1.21056631e-05,9.21752437e-03,-2.35333084e-05,4.46460777e-04,-2.46482040e-04,1.20203536e-04,-1.47657056e-04
6.42000000e+02,6.34897987e-01,1.14317350e-05,-2.36427518e-05,8.98185340e-03,8.00847992e-05,3.07765462e-04,5.41775445e-01,2.53460498e-05,-1.17934568e-05,9.31225430e-02,-1.39143148e-05,-1.18492951e-05,9.22741539e-03,-3.41595663e-05,4.48911729e-04,-2.45561967e-04,1.14244366e-04,-1.41146267e-04
6.43000000e+02,6.34921064e-01,4.92362435e-06,-2.74738128e-05,8.97138472e-03,1.07521791e-04,2.79787835e-04,5.41759623e-01,1.95040532e-05,-1.55946201e-05,9.31614418e-02,-1.45804289e-05,-1.18791927e-05,9.21808896e-03,-9.82722920e-06,4.23252460e-04,-2.46704230e-04,1.17349020e-04,-1.43464625e-04
6.44000000e+02,6.34975930e-01,1.35304462e-05,-2.72530644e-05,8.98379760e-03,9.32202338e-05,3.11636582e-04,5.41771909e-01,2.70377060e-05,-1.56754102e-05,9.32040248e-02,-1.35072597e-05,-1.15776542e-05,9.22946059e-03,-1.80204585e-05,4.48890931e-04,-2.45662971e-04,1.11240692e-04,-1.37254348e-04
6.45000000e+02,6.34995732e-01,8.61440149e-06,-2.51683673e-05,8.97879383e-03,9.90442580e-05,2.90466233e-04,5.41752842e-01,2.28795228e-05,-1.36652402e-05,9.32428905e-02,-1.42651213e-05,-1.15031271e-05,9.22560448e-03,-1.51633442e-05,4.30482232e-04,-2.46810628e-04,1.14207602e-04,-1.40015998e-04
6.46000000e+02,6.35054538e-01,1.20235924e-05,-2.22479066e-05,8.98841583e-03,7.66668703e-05,3.05481119e-04,5.41768796e-01,2.52704153e-05,-1.10007899e-05,9.32857419e-02,-1.32468229e-05,-1.12471166e-05,9.23429921e-03,-3.15233737e-05,4.39591494e-04,-2.45883394e-04,1.08190244e-04,-1.34110375e-04
6.47000000e+02,6.35080063e-01,4.41306861e-06,-2.43140593e-05,8.97683373e-03,8.99821518e-05,2.67960305e-04,5.41755414e-01,1.83354880e-05,-1.30318425e-05,9.33246466e-02,-1.39224194e-05,-1.12822167e-05,9.22384176e-03,-2.14520751e-05,4.04730540e-04,-2.47008046e-04,1.11434227e-04,-1.36770235e-04
6.48000000e+02,6.35136586e-01,1.18582079e-05,-2.32619000e-05,8.98829980e-03,6.87616430e-05,2.87935542e-04,5.41769228e-01,2.46703592e-05,-1.22674016e-05,9.33673579e-02,-1.28121513e-05,-1.09944983e-05,9.23424416e-03,-3.68075075e-05,4.18364229e-04,-2.45944324e-04,1.05569151e-04,-1.30428687e-04
6.49000000e+02,6.35158656e-01,6.19321370e-06,-2.13007473e-05,8.98188112e-03,8.07463440e-05,2.63898943e-04,5.41752360e-01,1.97538056e-05,-1.03443888e-05,9.34062925e-02,-1.35605919e-05,-1.09563585e-05,9.22894614e-03,-2.82171415e-05,3.96781739e-04,-2.47065004e-04,1.08963486e-04,-1.32882796e-04
6.50000000e+02,6.35219929e-01,1.02011930e-05,-1.94464400e-05,8.98908079e-03,7.26697634e-05,2.83239245e-04,5.41770835e-01,2.27058878e-05,-8.67674477e-06,9.34490941e-02,-1.25046948e-05,-1.07696952e-05,9.23517079e-03,-3.08314009e-05,4.10038402e-04,-2.46090027e-04,1.03501164e-04,-1.26799157e-04
6.51000000e+02,6.35247321e-01,4.02407382e-06,-2.36854186e-05,8.97654852e-03,1.04362532e-04,2.54615225e-04,5.41759370e-01,1.71746379e-05,-1.28542300e-05,9.34879501e-02,-1.31505641e-05,-1.08311886e-05,9.22370818e-03,-2.47898877e-06,3.83889331e-04,-2.47159624e-04,1.06841521e-04,-1.29274106e-04
6.52000000e+02,6.35304820e-01,1.17665485e-05,-2.52560797e-05,8.98747028e-03,1.00668516e-04,2.83173082e-04,5.41774212e-01,2.38635218e-05,-1.47105955e-05,9.35306070e-02,-1.20969733e-05,-1.05454842e-05,9.23351822e-03,-1.13111548e-07,4.06315747e-04,-2.46047941e-04,1.00781627e-04,-1.23142665e-04
6.53000000e+02,6.35328232e-01,6.23302744e-06,-2.54525046e-05,8.98124495e-03,1.26781576e-04,2.57013616e-04,5.41758907e-01,1.90777417e-05,-1.49952147e-05,9.35693234e-02,-1.28447143e-05,-1.04572899e-05,9.22837251e-03,2.30885966e-05,3.82912411e-04,-2.47127560e-04,1.03692980e-04,-1.25898795e-04
6.54000000e+02,6.35390832e-01,1.01390034e-05,-2.45608969e-05,8.98851795e-03,1.26289431e-04,2.75198130e-04,5.41778748e-01,2.19432217e-05,-1.43501798e-05,9.36120841e-02,-1.18042183e-05,-1.02107172e-05,9.23465343e-03,2.83432724e-05,3.95074362e-04,-2.46135473e-04,9.79461588e-05,-1.19876231e-04
6.55000000e+02,6.35419924e-01,4.44343806e-06,-2.99658358e-05,8.97411428e-03,1.70476493e-04,2.50991972e-04,5.41769053e-01,1.69119278e-05,-1.97307689e-05,9.36508709e-02,-1.24684897e-05,-1.02350669e-05,9.22130788e-03,6.94938117e-05,3.73470866e-04,-2.47193611e-04,1.00982680e-04,-1.22478894e-04
6.56000000e+02,6.35479388e-01,1.19769200e-05,-3.11008791e-05,8.98319032e-03,1.66308512e-04,2.70750978e-04,5.41785980e-01,2.33998832e-05,-2.11573886e-05,9.36934068e-02,-1.14229633e-05,-9.94349044e-06,9.22924312e-03,7.14036907e-05,3.87330721e-04,-2.46052828e-04,9.49048209e-05,-1.16579743e-04
6.57000000e+02,6.35504189e-01,5.83027401e-06,-3.12514870e-05,8.97641980e-03,1.95172535e-04,2.42218649e-04,5.41772111e-01,1.80089241e-05,-2.13887283e-05,9.37320780e-02,-1.21786501e-05,-9.86275877e-06,9.22353151e-03,9.72215325e-05,3.61387236e-04,-2.47111688e-04,9.79510028e-05,-1.19168587e-04
6.58000000e+02,6.35567982e-01,9.72335311e-06,-3.18809798e-05,8.98309918e-03,2.06138403e-04,2.58968351e-04,5.41793278e-01,2.08355351e-05,-2.22241612e-05,9.37747065e-02,-1.11121820e-05,-9.65681856e-06,9.22920738e-03,1.13803714e-04,3.72073074e-04,-2.46108212e-04,9.23346891e-05,-1.13104722e-04
6.59000000e+02,6.35599062e-01,2.74790052e-06,-3.80602166e-05,8.96864533e-03,2.58747073e-04,2.24999690e-04,5.41785778e-01,1.45580014e-05,-2.83738299e-05,9.38132851e-02,-1.18101009e-05,-9.68638676e-06,9.21579302e-03,1.63214160e-04,3.40858752e-04,-2.47147729e-04,9.55329126e-05,-1.15859061e-04
6.60000000e+02,6.35660993e-01,9.79704142e-06,-4.15514286e-05,8.97742370e-03,2.68588096e-04,2.44475003e-04,5.41805389e-01,2.05416720e-05,-3.21209220e-05,9.38556058e-02,-1.07446306e-05,-9.43050651e-06,9.22340599e-03,1.79082763e-04,3.54266032e-04,-2.45982322e-04,8.95053333e-05,-1.09791030e-04
6.61000000e+02,6.35688035e-01,4.49177458e-06,-4.28803604e-05,8.96999129e-03,2.98963819e-04,2.21885971e-04,5.41793986e-01,1.59829031e-05,-3.35443309e-05,9.38940487e-02,-1.14911285e-05,-9.33602946e-06,9.21698634e-03,2.06709857e-04,3.34301871e-04,-2.46995084e-04,9.22539620e-05,-1.12415900e-04
6.62000000e+02,6.35754303e-01,8.72763760e-06,-4.22849034e-05,8.97727446e-03,2.98244662e-04,2.41971492e-04,5.41817877e-01,1.91781340e-05,-3.32148215e-05,9.39364259e-02,-1.04504964e-05,-9.07008196e-06,9.22321663e-03,2.11761533e-04,3.48405940e-04,-2.45942196e-04,8.64831296e-05,-1.06434448e-04
6.63000000e+02,6.35787375e-01,3.45668133e-06,-4.58796875e-05,8.96551170e-03,3.29657667e-04,2.20340273e-04,5.41812571e-01,1.45663598e-05,-3.68004513e-05,9.39748045e-02,-1.11096785e-05,-9.07923622e-06,9.21244674e-03,2.40026292e-04,3.29391774e-04,-2.46935051e-04,8.96313752e-05,-1.09051501e-04
6.64000000e+02,6.35851141e-01,1.13284762e-05,-4.64129931e-05,8.97790499e-03,3.23458969e-04,2.45920093e-04,5.41834209e-01,2.14039120e-05,-3.76107253e-05,9.40169319e-02,-1.00754358e-05,-8.80226773e-06,9.22364846e-03,2.39840273e-04,3.49110485e-04,-2.45743472e-04,8.36186959e-05,-1.03190392e-04
6.65000000e+02,6.35879903e-01,7.22815446e-06,-4.49861778e-05,8.97384872e-03,3.36504323e-04,2.31343436e-04,5.41824724e-01,1.80897734e-05,-3.62734432e-05,9.40551799e-02,-1.08616189e-05,-8.71273449e-06,9.22059206e-03,2.49991127e-04,3.37512598e-04,-2.46743341e-04,8.65131956e-05,-1.06169162e-04
6.66000000e+02,6.35947416e-01,1.19803005e-05,-4.31602032e-05,8.98543665e-03,3.21544969e-04,2.56361707e-04,5.41850105e-01,2.18053188e-05,-3.46409102e-05,9.40973089e-02,-9.82501831e-06,-8.51929300e-06,9.23113553e-03,2.40512386e-04,3.56624549e-04,-2.45698839e-04,8.10325836e-05,-1.00262842e-04
6.67000000e+02,6.35981192e-01,7.03612349e-06,-4.65633624e-05,8.97690804e-03,3.50833975e-04,2.42594815e-04,5.41845705e-01,1.75596843e-05,-3.79865384e-05,9.41354879e-02,-1.05235608e-05,-8.57682384e-06,9.22363047e-03,2.66451163e-04,3.45545547e-04,-2.46722459e-04,8.43828132e-05,-1.02950732e-04
6.68000000e+02,6.36046126e-01,1.61524907e-05,-4.67678340e-05,8.99081350e-03,3.38096102e-04,2.83249960e-04,5.41868747e-01,2.56336690e-05,-3.84473801e-05,9.41773800e-02,-9.48117832e-06,-8.32045384e-06,9.23637855e-03,2.59453524e-04,3.80259251e-04,-2.45565070e-04,7.86425788e-05,-9.70092907e-05
6.69000000e+02,6.36076031e-01,1.21494765e-05,-4.54523134e-05,8.98933352e-03,3.46596770e-04,2.72524574e-04,5.41860531e-01,2.23831770e-05,-3.71929994e-05,9.42154996e-02,-1.02337005e-05,-8.25931388e-06,9.23592168e-03,2.64830203e-04,3.72277217e-04,-2.46588182e-04,8.17665667e-05,-9.97526421e-05
6.70000000e+02,6.36145077e-01,1.82001545e-05,-4.33784696e-05,9.00088294e-03,3.33939856e-04,3.07589594e-04,5.41887658e-01,2.74226392e-05,-3.53346238e-05,9.42574177e-02,-9.22248473e-06,-8.04384582e-06,9.24643738e-03,2.57630499e-04,4.01821047e-04,-2.45554440e-04,7.63093571e-05,-9.42314533e-05
6.71000000e+02,6.36181183e-01,1.27883323e-05,-4.59985516e-05,8.99333785e-03,3.58046385e-04,2.85812582e-04,5.41885802e-01,2.27165575e-05,-3.79371260e-05,9.42953812e-02,-9.92822522e-06,-8.06142560e-06,9.23988623e-03,2.78534279e-04,3.83109655e-04,-2.46548388e-04,7.95121065e-05,-9.72970728e-05
6.72000000e+02,6.36247933e-01,2.04637620e-05,-4.60103985e-05,9.00830582e-03,3.43089613e-04,3.10614144e-04,5.41910841e-01,2.94028075e-05,-3.81821099e-05,9.43370943e-02,-8.93904557e-06,-7.82828844e-06,9.25366837e-03,2.69229914e-04,4.02404932e-04,-2.45362597e-04,7.38596996e-05,-9.17907884e-05
6.73000000e+02,6.36279029e-01,1.50931916e-05,-4.54811339e-05,9.00629071e-03,3.63965306e-04,2.85942861e-04,5.41904017e-01,2.48441387e-05,-3.77004075e-05,9.43750139e-02,-9.75094707e-06,-7.78072649e-06,9.25266544e-03,2.86742490e-04,3.80892577e-04,-2.46374722e-04,7.72228150e-05,-9.49497165e-05
6.74000000e+02,6.36349526e-01,1.97890140e-05,-4.39320672e-05,9.01760905e-03,3.57093649e-04,3.07790667e-04,5.41932712e-01,2.85486430e-05,-3.63377997e-05,9.44168153e-02,-8.75962905e-06,-7.59426755e-06,9.26294476e-03,2.85153318e-04,3.97222995e-04,-2.45335716e-04,7.19403306e-05,-8.94323280e-05
6.75000000e+02,6.36386582e-01,1.33698932e-05,-4.74867208e-05,9.00797912e-03,3.87493564e-04,2.82895984e-04,5.41931919e-01,2.28144191e-05,-3.98470230e-05,9.44546602e-02,-9.44452596e-06,-7.63969766e-06,9.25430328e-03,3.12264316e-04,3.75095867e-04,-2.46324146e-04,7.52292483e-05,-9.21998827e-05
6.76000000e+02,6.36454099e-01,2.16881799e-05,-4.83643236e-05,9.02044657e-03,3.82599515e-04,3.15587206e-04,5.41957914e-01,3.01103117e-05,-4.09751113e-05,9.44961846e-02,-8.42213184e-06,-7.38921247e-06,9.26560265e-03,3.13140591e-04,4.02056546e-04,-2.45156102e-04,6.94589245e-05,-8.64693397e-05
6.77000000e+02,6.36485957e-01,1.75759973e-05,-4.81560620e-05,9.01646062e-03,4.02474551e-04,2.98287597e-04,5.41952110e-01,2.67593927e-05,-4.08157098e-05,9.45338463e-02,-9.18339537e-06,-7.34035196e-06,9.26261875e-03,3.29872130e-04,3.87738247e-04,-2.46158126e-04,7.26024210e-05,-8.94506496e-05
6.78000000e+02,6.36556753e-01,2.22754942e-05,-4.73884078e-05,9.02534053e-03,3.96113179e-04,3.20175314e-04,5.41981342e-01,3.05000180e-05,-4.02409293e-05,9.45754084e-02,-8.22452382e-06,-7.14747862e-06,9.27044905e-03,3.28834702e-04,4.04267673e-04,-2.45108529e-04,6.72784772e-05,-8.40923593e-05
6.79000000e+02,6.36593984e-01,1.45447408e-05,-5.15404581e-05,9.01349598e-03,4.32641345e-04,2.83605709e-04,5.41981007e-01,2.34863138e-05,-4.43628290e-05,9.46129771e-02,-8.94157297e-06,-7.17762916e-06,9.25958530e-03,3.62056686e-04,3.70694384e-04,-2.46089343e-04,7.05846593e-05,-8.70886743e-05
6.80000000e+02,6.36662290e-01,2.12384987e-05,-5.27946166e-05,9.02393781e-03,4.32057506e-04,3.01219137e-04,5.42008037e-01,2.91490180e-05,-4.58515074e-05,9.46542529e-02,-7.91051934e-06,-6.94310906e-06,9.26883990e-03,3.67036083e-04,3.82731402e-04,-2.44902094e-04,6.50214236e-05,-8.15122644e-05
6.81000000e+02,6.36695522e-01,1.55438061e-05,-5.34561508e-05,9.01762840e-03,4.60983230e-04,2.76231618e-04,5.42003925e-01,2.42429579e-05,-4.65416601e-05,9.46915979e-02,-8.69915185e-06,-6.91449065e-06,9.26350740e-03,3.92610648e-04,3.60575026e-04,-2.45878999e-04,6.83725820e-05,-8.43434083e-05
6.82000000e+02,6.36767812e-01,2.02663215e-05,-5.39911793e-05,9.02512029e-03,4.66493325e-04,2.98150372e-04,5.42035102e-01,2.79413181e-05,-4.72430967e-05,9.47327115e-02,-7.67499657e-06,-6.74808267e-06,9.26992706e-03,4.03380356e-04,3.76816526e-04,-2.44806787e-04,6.31129689e-05,-7.86661538e-05
6.83000000e+02,6.36807124e-01,1.40338297e-05,-5.87334942e-05,9.01261311e-03,5.02067356e-04,2.71254167e-04,5.42037390e-01,2.24326368e-05,-5.19475417e-05,9.47697348e-02,-8.39880711e-06,-6.78595213e-06,9.25836670e-03,4.35599177e-04,3.53012762e-04,-2.45753575e-04,6.64681767e-05,-8.17585949e-05
6.84000000e+02,6.36877466e-01,1.93778071e-05,-6.00950286e-05,9.02156879e-03,4.95766811e-04,2.84583057e-04,5.42066999e-01,2.68284065e-05,-5.35431487e-05,9.48104675e-02,-7.45059943e-06,-6.55188020e-06,9.26611024e-03,4.34823889e-04,3.61091217e-04,-2.44541442e-04,6.09429244e-05,-7.65081596e-05
6.85000000e+02,6.36912541e-01,1.33047741e-05,-5.99570971e-05,9.01414776e-03,5.19179739e-04,2.58007743e-04,5.42065249e-01,2.15070043e-05,-5.34893000e-05,9.48472920e-02,-8.20223019e-06,-6.46779711e-06,9.25963145e-03,4.55265398e-04,3.37416603e-04,-2.45483738e-04,6.39143406e-05,-7.94088601e-05
6.86000000e+02,6.36987041e-01,1.82396340e-05,-5.88561848e-05,9.02061380e-03,5.11051738e-04,2.81110373e-04,5.42098974e-01,2.54224059e-05,-5.25712605e-05,9.48880675e-02,-7.18277189e-06,-6.28492433e-06,9.26499249e-03,4.52429277e-04,3.54891522e-04,-2.44378707e-04,5.86224615e-05,-7.37811487e-05
6.87000000e+02,6.37027999e-01,1.30753541e-05,-6.27843888e-05,9.00662713e-03,5.37575393e-04,2.60916695e-04,5.42103020e-01,2.09470223e-05,-5.64521174e-05,9.49249768e-02,-7.87166819e-06,-6.33227137e-06,9.25192350e-03,4.75577398e-04,3.37615788e-04,-2.45296341e-04,6.19979949e-05,-7.66990935e-05
6.88000000e+02,6.37099620e-01,2.15097120e-05,-6.22554055e-05,9.01474400e-03,5.20393216e-04,2.90021888e-04,5.42134042e-01,2.83841373e-05,-5.61738027e-05,9.49655799e-02,-6.87442528e-06,-6.08160275e-06,9.25881404e-03,4.63917717e-04,3.61314562e-04,-2.44070025e-04,5.64754974e-05,-7.12926743e-05
6.89000000e+02,6.37136691e-01,1.58594261e-05,-6.09060750e-05,9.00643650e-03,5.36000877e-04,2.65707234e-04,5.42134372e-01,2.35293143e-05,-5.49022633e-05,9.50023173e-02,-7.66988820e-06,-6.00381179e-06,9.25143400e-03,4.76340579e-04,3.40035160e-04,-2.44997468e-04,5.96602958e-05,-7.43279258e-05
6.90000000e+02,6.37213265e-01,2.07208544e-05,-5.95495085e-05,9.01175787e-03,5.28459618e-04,2.86658059e-04,5.42170335e-01,2.73695135e-05,-5.36807938e-05,9.50429290e-02,-6.64865905e-06,-5.86871473e-06,9.25564345e-03,4.73827137e-04,3.55428830e-04,-2.43885619e-04,5.46324813e-05,-6.87707707e-05
6.91000000e+02,6.37255934e-01,1.65602273e-05,-6.29002628e-05,8.99675158e-03,5.53194486e-04,2.75695233e-04,5.42176439e-01,2.39263912e-05,-5.69808892e-05,9.50794971e-02,-7.36616395e-06,-5.91937359e-06,9.24154056e-03,4.95148562e-04,3.47399030e-04,-2.44788968e-04,5.80459193e-05,-7.17037970e-05
6.92000000e+02,6.37329469e-01,2.58046747e-05,-6.22913519e-05,9.00519062e-03,5.33022334e-04,3.15244082e-04,5.42209709e-01,3.21938617e-05,-5.65800865e-05,9.51197583e-02,-6.38918700e-06,-5.71126533e-06,9.24871630e-03,4.80442196e-04,3.81563966e-04,-2.43525641e-04,5.25801363e-05,-6.63198839e-05
6.93000000e+02,6.37367937e-01,2.08183288e-05,-5.99946281e-05,8.99808869e-03,5.34050967e-04,2.99423018e-04,5.42211856e-01,2.79851621e-05,-5.43569802e-05,9.51560825e-02,-7.16683325e-06,-5.63764786e-06,9.24251037e-03,4.78288122e-04,3.68717797e-04,-2.44421644e-04,5.57628466e-05,-6.92947791e-05
6.94000000e+02,6.37445515e-01,2.67349059e-05,-5.81203435e-05,9.00375236e-03,5.19661068e-04,3.35984291e-04,5.42249235e-01,3.29259790e-05,-5.26267229e-05,9.51962783e-02,-6.19107308e-06,-5.49362070e-06,9.24703839e-03,4.68882834e-04,3.99856974e-04,-2.43285998e-04,5.07782315e-05,-6.38726833e-05
6.95000000e+02,6.37489223e-01,2.36914351e-05,-6.06848290e-05,8.99025242e-03,5.38819215e-04,3.31375238e-04,5.42256790e-01,3.05733213e-05,-5.51407572e-05,9.52324336e-02,-6.88188619e-06,-5.54407208e-06,9.23441791e-03,4.84504370e-04,3.98320185e-04,-2.44165466e-04,5.43148437e-05,-6.69449465e-05
6.96000000e+02,6.37563104e-01,3.28583573e-05,-5.95147269e-05,8.99867176e-03,5.15003884e-04,3.71712761e-04,5.42290873e-01,3.88166565e-05,-5.41702089e-05,9.52722296e-02,-5.95829920e-06,-5.34451815e-06,9.24156341e-03,4.65824066e-04,4.33705242e-04,-2.42891629e-04,4.91798181e-05,-6.19924803e-05
6.97000000e+02,6.37602004e-01,2.74695642e-05,-5.80603610e-05,8.99179732e-03,5.26607516e-04,3.56539927e-04,5.42293865e-01,3.42858453e-05,-5.27433076e-05,9.53081382e-02,-6.81628105e-06,-5.31705331e-06,9.23557519e-03,4.74094180e-04,4.21913904e-04,-2.43777871e-04,5.25133347e-05,-6.53739776e-05
6.98000000e+02,6.37680476e-01,3.13222110e-05,-5.66947175e-05,8.99839997e-03,5.11040490e-04,3.72574928e-04,5.42332605e-01,3.71528482e-05,-5.14959907e-05,9.53478688e-02,-5.83063721e-06,-5.19872672e-06,9.24103856e-03,4.63370750e-04,4.32886489e-04,-2.42638598e-04,4.76697428e-05,-6.03115609e-05
6.99000000e+02,6.37725165e-01,2.53198278e-05,-5.99208920e-05,8.98433029e-03,5.38169527e-04,3.47382219e-04,5.42341693e-01,3.18858571e-05,-5.46975812e-05,9.53834709e-02,-6.56602931e-06,-5.22331080e-06,9.22784561e-03,4.86984493e-04,4.10910011e-04,-2.43515330e-04,5.11850291e-05,-6.35277913e-05
7.00000000e+02,6.37799988e-01,3.23293866e-05,-5.96464354e-05,8.99297191e-03,5.21983372e-04,3.71682771e-04,5.42377216e-01,3.79532470e-05,-5.45972340e-05,9.54227716e-02,-5.62386043e-06,-5.04920126e-06,9.23521344e-03,4.75875943e-04,4.30115292e-04,-2.42241533e-04,4.61074263e-05,-5.84325207e-05
7.01000000e+02,6.37839973e-01,2.75829339e-05,-5.89852456e-05,8.98569395e-03,5.36136086e-04,3.55915308e-04,5.42381736e-01,3.39920001e-05,-5.39797577e-05,9.54582364e-02,-6.40906621e-06,-5.00548780e-06,9.22881961e-03,4.86793643e-04,4.17538463e-04,-2.43125645e-04,4.93424424e-05,-6.16231555e-05
7.02000000e+02,6.37920001e-01,3.21498101e-05,-5.72088526e-05,8.99168688e-03,5.22520604e-04,3.77137880e-04,5.42422453e-01,3.75879950e-05,-5.23396105e-05,9.54975511e-02,-5.43818488e-06,-4.86924215e-06,9.23367325e-03,4.77987803e-04,4.33494747e-04,-2.41986388e-04,4.45328023e-05,-5.63568671e-05
7.03000000e+02,6.37966421e-01,2.69175767e-05,-6.04297961e-05,8.97752612e-03,5.50795552e-04,3.58797750e-04,5.42433602e-01,3.31034680e-05,-5.55125359e-05,9.55328175e-02,-6.18589125e-06,-4.91726024e-06,9.22037361e-03,5.02678062e-04,4.18458521e-04,-2.42847487e-04,4.81174918e-05,-5.96607704e-05
7.04000000e+02,6.38042815e-01,3.38264266e-05,-6.04742278e-05,8.98653125e-03,5.37898228e-04,3.83667560e-04,5.42471051e-01,3.90915125e-05,-5.57266874e-05,9.55717649e-02,-5.26508582e-06,-4.74754049e-06,9.22809342e-03,4.94762494e-04,4.38378904e-04,-2.41562159e-04,4.31357327e-05,-5.47113435e-05
7.05000000e+02,6.38084189e-01,2.76750862e-05,-5.92713324e-05,8.97938867e-03,5.51797068e-04,3.58571606e-04,5.42477443e-01,3.37349472e-05,-5.45693009e-05,9.56067454e-02,-6.05986096e-06,-4.70203113e-06,9.22182189e-03,5.05215741e-04,4.16542986e-04,-2.42433249e-04,4.65813298e-05,-5.79713798e-05
7.06000000e+02,6.38164922e-01,3.23944454e-05,-5.88415291e-05,8.98522896e-03,5.52788305e-04,3.80060183e-04,5.42519314e-01,3.74799449e-05,-5.42367237e-05,9.56456045e-02,-5.08549948e-06,-4.60480567e-06,9.22650884e-03,5.10966973e-04,4.32896790e-04,-2.41279928e-04,4.18213314e-05,-5.28366070e-05
7.07000000e+02,6.38212820e-01,2.75194133e-05,-6.22052550e-05,8.97081959e-03,5.81696718e-04,3.63826636e-04,5.42532475e-01,3.33180530e-05,-5.75687004e-05,9.56803461e-02,-5.79863973e-06,-4.63655460e-06,9.21294884e-03,5.36411109e-04,4.19775525e-04,-2.42129265e-04,4.52856081e-05,-5.59488893e-05
7.08000000e+02,6.38290479e-01,3.62243267e-05,-6.35677488e-05,8.97883449e-03,5.76011276e-04,4.02174949e-04,5.42571768e-01,4.10770914e-05,-5.90808594e-05,9.57187080e-02,-4.85276451e-06,-4.48688939e-06,9.21966226e-03,5.35763220e-04,4.52946072e-04,-2.40827758e-04,4.02480574e-05,-5.07711228e-05
7.09000000e+02,6.38333117e-01,3.07011513e-05,-6.44015732e-05,8.97144502e-03,5.96541262e-04,3.82627844e-04,5.42579961e-01,3.63682961e-05,-5.99265995e-05,9.57531578e-02,-5.66714482e-06,-4.47497345e-06,9.21313008e-03,5.52830632e-04,4.36787797e-04,-2.41685046e-04,4.37106302e-05,-5.41599529e-05
7.10000000e+02,6.38414717e-01,3.65067674e-05,-6.40369309e-05,8.97661441e-03,5.91817724e-04,4.10225554e-04,5.42623350e-01,4.12127956e-05,-5.96935436e-05,9.57913672e-02,-4.70602819e-06,-4.34338739e-06,9.21714409e-03,5.52716129e-04,4.59386958e-04,-2.40529670e-04,3.91015928e-05,-4.91614041e-05
7.11000000e+02,6.38463210e-01,3.22695757e-05,-6.74298476e-05,8.96029100e-03,6.23354660e-04,4.00668056e-04,5.42637663e-01,3.77078039e-05,-6.30462890e-05,9.58255471e-02,-5.43822822e-06,-4.38355877e-06,9.20166775e-03,5.80664453e-04,4.52926133e-04,-2.41376799e-04,4.26902075e-05,-5.22580764e-05
7.12000000e+02,6.38541538e-01,4.14851254e-05,-6.80466731e-05,8.96653092e-03,6.17393232e-04,4.45789382e-04,5.42678091e-01,4.59670293e-05,-6.38387247e-05,9.58634476e-02,-4.48190387e-06,-4.20794837e-06,9.20659434e-03,5.79719342e-04,4.92936214e-04,-2.40063418e-04,3.76738941e-05,-4.71468298e-05
7.13000000e+02,6.38584811e-01,3.69358290e-05,-6.79402643e-05,8.95710403e-03,6.33991186e-04,4.31879661e-04,5.42687323e-01,4.22509150e-05,-6.37563202e-05,9.58974854e-02,-5.31508612e-06,-4.18394431e-06,9.19802736e-03,5.92829827e-04,4.82638876e-04,-2.40923318e-04,4.11613606e-05,-5.07592150e-05
7.14000000e+02,6.38668060e-01,4.20400936e-05,-6.78211442e-05,8.96026873e-03,6.29376426e-04,4.51527276e-04,5.42732731e-01,4.64223077e-05,-6.37304634e-05,9.59353292e-02,-4.38221396e-06,-4.09068093e-06,9.20003429e-03,5.92781519e-04,4.97550176e-04,-2.39765575e-04,3.65949082e-05,-4.60229002e-05
7.15000000e+02,6.38718421e-01,3.67505712e-05,-7.11946084e-05,8.94304504e-03,6.62215306e-04,4.33101494e-04,5.42749300e-01,4.19090706e-05,-6.70721590e-05,9.59691196e-02,-5.15849952e-06,-4.12244962e-06,9.18364601e-03,6.22058800e-04,4.82496072e-04,-2.40600967e-04,4.01565031e-05,-4.93945788e-05
7.16000000e+02,6.38798550e-01,4.42835219e-05,-7.06269087e-05,8.94862220e-03,6.42028921e-04,4.65815852e-04,5.42792008e-01,4.85122584e-05,-6.66604427e-05,9.60065408e-02,-4.22873660e-06,-3.96646603e-06,9.18789310e-03,6.06961655e-04,5.10232174e-04,-2.39270880e-04,3.50672703e-05,-4.44163220e-05
7.17000000e+02,6.38843569e-01,3.98214537e-05,-6.91551039e-05,8.93857046e-03,6.44572858e-04,4.53146310e-04,5.42803531e-01,4.48329246e-05,-6.52546583e-05,9.60400351e-02,-5.01147076e-06,-3.90044574e-06,9.17867945e-03,6.06275578e-04,5.00862860e-04,-2.40108992e-04,3.82972806e-05,-4.77165498e-05
7.18000000e+02,6.38927869e-01,4.61982225e-05,-6.55986969e-05,8.94200248e-03,6.15768828e-04,4.86091810e-04,5.42850515e-01,5.02739018e-05,-6.18422467e-05,9.60773533e-02,-4.07567924e-06,-3.75645027e-06,9.18092622e-03,5.82237787e-04,5.28883836e-04,-2.38923771e-04,3.35310425e-05,-4.27920250e-05
7.19000000e+02,6.38978930e-01,4.18008699e-05,-6.62865815e-05,8.92463626e-03,6.23616354e-04,4.73432836e-04,5.42868294e-01,4.66546996e-05,-6.24629893e-05,9.61106348e-02,-4.85383000e-06,-3.82359225e-06,9.16436418e-03,5.86330267e-04,5.19885545e-04,-2.39727914e-04,3.72860840e-05,-4.64527087e-05
7.20000000e+02,6.39059149e-01,4.97516515e-05,-6.46164818e-05,8.93163509e-03,5.94259500e-04,5.03371113e-04,5.42911671e-01,5.37068432e-05,-6.08845093e-05,9.61474791e-02,-3.95519149e-06,-3.73197262e-06,9.17000961e-03,5.61489110e-04,5.45211712e-04,-2.38374502e-04,3.27703885e-05,-4.18405966e-05
7.21000000e+02,6.39104199e-01,4.42012893e-05,-6.38206338e-05,8.92227477e-03,6.07886133e-04,4.85200217e-04,5.42923739e-01,4.90080182e-05,-6.01219101e-05,9.61804580e-02,-4.80672882e-06,-3.69872393e-06,9.16148032e-03,5.71376589e-04,5.30489081e-04,-2.39205519e-04,3.65095436e-05,-4.52888641e-05
7.22000000e+02,6.39188760e-01,4.82465924e-05,-6.18243464e-05,8.92668735e-03,5.89285516e-04,5.04990713e-04,5.42971489e-01,5.21143050e-05,-5.81905005e-05,9.62172696e-02,-3.86771252e-06,-3.63384596e-06,9.16471504e-03,5.57173937e-04,5.45334764e-04,-2.38027694e-04,3.21115773e-05,-4.03440505e-05
7.23000000e+02,6.39239797e-01,4.25597767e-05,-6.45895812e-05,8.91092065e-03,6.12167144e-04,4.82308625e-04,5.42989696e-01,4.71746667e-05,-6.08915037e-05,9.62501026e-02,-4.61488988e-06,-3.69807760e-06,9.14974679e-03,5.76383004e-04,5.26186586e-04,-2.38826135e-04,3.57841382e-05,-4.38779609e-05
7.24000000e+02,6.39320934e-01,5.01714612e-05,-6.37622973e-05,8.91866890e-03,5.89263575e-04,5.07734172e-04,5.43034276e-01,5.38647073e-05,-6.02244955e-05,9.62866567e-02,-3.69324624e-06,-3.53780171e-06,9.15613201e-03,5.58374761e-04,5.47016391e-04,-2.37463139e-04,3.08888111e-05,-3.92822194e-05
7.25000000e+02,6.39367992e-01,4.36799870e-05,-6.27908250e-05,8.91025068e-03,5.97607738e-04,4.75025427e-04,5.43048643e-01,4.81966158e-05,-5.92906787e-05,9.63193469e-02,-4.51662849e-06,-3.50014642e-06,9.14853485e-03,5.63241926e-04,5.17745164e-04,-2.38284151e-04,3.43658145e-05,-4.27197389e-05
7.26000000e+02,6.39454393e-01,4.72462693e-05,-6.03051000e-05,8.91407829e-03,5.79715792e-04,4.89526417e-04,5.43098564e-01,5.08522483e-05,-5.69031336e-05,9.63558294e-02,-3.60597906e-06,-3.40196627e-06,9.15116638e-03,5.49684960e-04,5.27319732e-04,-2.37088069e-04,3.00308314e-05,-3.77933162e-05
7.27000000e+02,6.39507772e-01,4.17326985e-05,-6.28540202e-05,8.89797114e-03,6.05342881e-04,4.71078671e-04,5.43119513e-01,4.61043450e-05,-5.93754089e-05,9.63882586e-02,-4.37164657e-06,-3.47861121e-06,9.13584429e-03,5.71444889e-04,5.12439941e-04,-2.37873126e-04,3.38979887e-05,-4.13612683e-05
7.28000000e+02,6.39590664e-01,4.84840393e-05,-6.30099803e-05,8.90638251e-03,5.87990881e-04,4.87741287e-04,5.43166493e-01,5.19511776e-05,-5.96274602e-05,9.64241704e-02,-3.46713810e-06,-3.38252015e-06,9.14287274e-03,5.58734102e-04,5.24565750e-04,-2.36490239e-04,2.92567820e-05,-3.68244616e-05
7.29000000e+02,6.39639892e-01,4.19066589e-05,-6.05492893e-05,8.89877031e-03,5.90113606e-04,4.61328922e-04,5.43183739e-01,4.62016643e-05,-5.72333813e-05,9.64561529e-02,-4.29500532e-06,-3.31590798e-06,9.13607280e-03,5.57392584e-04,5.01526320e-04,-2.37302477e-04,3.27210225e-05,-4.01973979e-05
7.30000000e+02,6.39728285e-01,4.49182982e-05,-5.84398360e-05,8.90445620e-03,5.75360601e-04,4.75764914e-04,5.43236375e-01,4.82899106e-05,-5.51889535e-05,9.64919083e-02,-3.37161232e-06,-3.25088222e-06,9.14055769e-03,5.46982574e-04,5.11060263e-04,-2.36101483e-04,2.83780269e-05,-3.52953488e-05
7.31000000e+02,6.39783182e-01,3.85057649e-05,-6.04489460e-05,8.88991987e-03,5.89435061e-04,4.43732848e-04,5.43259574e-01,4.26051708e-05,-5.71282143e-05,9.65236084e-02,-4.09940581e-06,-3.32073187e-06,9.12680872e-03,5.57253441e-04,4.82571685e-04,-2.36888837e-04,3.21816163e-05,-3.88388373e-05
7.32000000e+02,6.39867843e-01,4.52244040e-05,-6.06323797e-05,8.90026853e-03,5.68606744e-04,4.59304174e-04,5.43308872e-01,4.84346852e-05,-5.73978799e-05,9.65589705e-02,-3.21028124e-06,-3.23449945e-06,9.13578297e-03,5.40981762e-04,4.93609799e-04,-2.35514431e-04,2.76249835e-05,-3.43056267e-05
7.33000000e+02,6.39918990e-01,3.85466454e-05,-6.02688505e-05,8.89468598e-03,5.82196759e-04,4.32234995e-04,5.43328522e-01,4.25782270e-05,-5.70695902e-05,9.65904668e-02,-4.03158169e-06,-3.19926029e-06,9.13100922e-03,5.51033422e-04,4.69848711e-04,-2.36323241e-04,3.11633370e-05,-3.76137167e-05
7.34000000e+02,6.40009176e-01,4.18012258e-05,-5.78166412e-05,8.90176155e-03,5.62547095e-04,4.43237514e-04,5.43383516e-01,4.48749905e-05,-5.47193913e-05,9.66256631e-02,-3.07376447e-06,-3.09724986e-06,9.13689361e-03,5.35836057e-04,4.75847372e-04,-2.35132086e-04,2.67110354e-05,-3.26098583e-05
7.35000000e+02,6.40065033e-01,3.62837199e-05,-6.14616007e-05,8.88738434e-03,5.92226502e-04,4.19046994e-04,5.43408286e-01,4.00726531e-05,-5.83153950e-05,9.66567459e-02,-3.78893298e-06,-3.14620564e-06,9.12331066e-03,5.61818793e-04,4.54951144e-04,-2.35926297e-04,3.04077086e-05,-3.59041497e-05
7.36000000e+02,6.40150497e-01,4.46165197e-05,-6.12266424e-05,8.89614243e-03,5.73979878e-04,4.47389091e-04,5.43459145e-01,4.74989435e-05,-5.81968001e-05,9.66913497e-02,-2.88242367e-06,-3.02984235e-06,9.13069196e-03,5.48129969e-04,4.78491189e-04,-2.34549537e-04,2.58499085e-05,-3.11020984e-05
7.37000000e+02,6.40202149e-01,3.79330955e-05,-6.08890937e-05,8.88887278e-03,5.90228998e-04,4.18781625e-04,5.43479985e-01,4.16761776e-05,-5.78817656e-05,9.67221636e-02,-3.74308195e-06,-3.00732801e-06,9.12421069e-03,5.60748874e-04,4.53559232e-04,-2.35337898e-04,2.94801225e-05,-3.47776067e-05
7.38000000e+02,6.40292327e-01,4.02337683e-05,-5.95473148e-05,8.89379509e-03,5.79871211e-04,4.24681194e-04,5.43535524e-01,4.30708104e-05,-5.66043977e-05,9.67568052e-02,-2.83704235e-06,-2.94291705e-06,9.12792063e-03,5.54595964e-04,4.54799343e-04,-2.34125537e-04,2.52752465e-05,-3.01181488e-05
7.39000000e+02,6.40348422e-01,3.42438253e-05,-6.37029699e-05,8.87824771e-03,6.16554371e-04,4.00419789e-04,5.43560928e-01,3.78162420e-05,-6.06820077e-05,9.67874969e-02,-3.57241663e-06,-3.02096216e-06,9.11315496e-03,5.87406707e-04,4.33970964e-04,-2.34907228e-04,2.91476611e-05,-3.35511748e-05
7.40000000e+02,6.40433772e-01,4.12786312e-05,-6.44253942e-05,8.88604100e-03,6.02482251e-04,4.17262482e-04,5.43612039e-01,4.39420284e-05,-6.14929405e-05,9.68217335e-02,-2.66339727e-06,-2.93245376e-06,9.11958327e-03,5.77836715e-04,4.46248878e-04,-2.33542260e-04,2.46455336e-05,-2.89863958e-05
7.41000000e+02,6.40485506e-01,3.47022751e-05,-6.41252558e-05,8.87760750e-03,6.15019158e-04,3.86496920e-04,5.43633393e-01,3.82329840e-05,-6.12131246e-05,9.68521137e-02,-3.53070893e-06,-2.91213119e-06,9.11197103e-03,5.86663597e-04,4.19115271e-04,-2.34363498e-04,2.83555573e-05,-3.26183514e-05
7.42000000e+02,6.40576890e-01,3.78930230e-05,-6.31823613e-05,8.88199873e-03,6.05097352e-04,4.01127481e-04,5.43690647e-01,4.05069115e-05,-6.03414841e-05,9.68862452e-02,-2.61388840e-06,-2.84087707e-06,9.11516739e-03,5.81094701e-04,4.29017074e-04,-2.33168635e-04,2.40026503e-05,-2.78895932e-05
7.43000000e+02,6.40634888e-01,3.21778673e-05,-6.59831807e-05,8.86620125e-03,6.27667334e-04,3.77133579e-04,5.43718635e-01,3.55382442e-05,-6.31085030e-05,9.69162523e-02,-3.36037691e-06,-2.87467773e-06,9.10015570e-03,5.99944616e-04,4.08577524e-04,-2.33954477e-04,2.77227208e-05,-3.14439443e-05
7.44000000e+02,6.40721899e-01,3.95761813e-05,-6.63966231e-05,8.87378553e-03,6.09087044e-04,3.97864313e-04,5.43772096e-01,4.20205971e-05,-6.36056237e-05,9.69498042e-02,-2.44441590e-06,-2.79099946e-06,9.10636421e-03,5.85810079e-04,4.24582492e-04,-2.32578667e-04,2.32769654e-05,-2.67181790e-05
7.45000000e+02,6.40775041e-01,3.37052030e-05,-6.59120850e-05,8.86457362e-03,6.22686677e-04,3.78512468e-04,5.43795469e-01,3.69994241e-05,-6.31430543e-05,9.69795712e-02,-3.29422105e-06,-2.76903046e-06,9.09795177e-03,5.95606815e-04,4.08652262e-04,-2.33378140e-04,2.70798624e-05,-3.01397932e-05
7.46000000e+02,6.40867379e-01,3.91176074e-05,-6.45202276e-05,8.86825885e-03,6.12817284e-04,4.07260183e-04,5.43854260e-01,4.14756244e-05,-6.18272867e-05,9.70131168e-02,-2.35801692e-06,-2.69294081e-06,9.10041743e-03,5.89963122e-04,4.32689789e-04,-2.32158570e-04,2.28541618e-05,-2.54296064e-05
7.47000000e+02,6.40927274e-01,3.47970061e-05,-6.66138978e-05,8.85158147e-03,6.30696519e-04,3.92979987e-04,5.43884608e-01,3.79185124e-05,-6.38568082e-05,9.70426695e-02,-3.12150634e-06,-2.75708930e-06,9.08450697e-03,6.04010885e-04,4.22160117e-04,-2.32925521e-04,2.66856341e-05,-2.91801303e-05
7.48000000e+02,6.41015690e-01,4.41916634e-05,-6.66847216e-05,8.85985770e-03,6.12573719e-04,4.37732860e-04,5.43939933e-01,4.64765676e-05,-6.40149481e-05,9.70757581e-02,-2.28490423e-06,-2.66977345e-06,9.09139153e-03,5.90384243e-04,4.62448779e-04,-2.31533837e-04,2.21894747e-05,-2.47159182e-05
7.49000000e+02,6.41070245e-01,3.88774635e-05,-6.58615704e-05,8.85177735e-03,6.22882727e-04,4.19951740e-04,5.43965232e-01,4.19962412e-05,-6.32170437e-05,9.71050111e-02,-3.11877784e-06,-2.64452670e-06,9.08409144e-03,5.97004685e-04,4.48383270e-04,-2.32314094e-04,2.58780422e-05,-2.84315309e-05
7.50000000e+02,6.41164162e-01,4.55162081e-05,-6.36020391e-05,8.85744743e-03,6.03713964e-04,4.57061118e-04,5.44026104e-01,4.77194009e-05,-6.10176191e-05,9.71380538e-02,-2.20319279e-06,-2.58442008e-06,9.08854409e-03,5.82003851e-04,4.80907176e-04,-2.31096624e-04,2.17101090e-05,-2.38460581e-05
7.51000000e+02,6.41225621e-01,4.23503542e-05,-6.56066021e-05,8.84274104e-03,6.20339927e-04,4.56103934e-04,5.44058585e-01,4.53548271e-05,-6.29793921e-05,9.71670330e-02,-3.00447297e-06,-2.62720969e-06,9.07460161e-03,5.94876364e-04,4.83752136e-04,-2.31860560e-04,2.54635597e-05,-2.76482019e-05
7.52000000e+02,6.41316002e-01,5.08750013e-05,-6.36512971e-05,8.85206932e-03,5.85468249e-04,4.90811316e-04,5.44116388e-01,5.30138451e-05,-6.11192758e-05,9.71996147e-02,-2.13884344e-06,-2.53202114e-06,9.08253024e-03,5.64530526e-04,5.14272260e-04,-2.30460948e-04,2.09377242e-05,-2.34609448e-05
7.53000000e+02,6.41371700e-01,4.46363453e-05,-6.07746922e-05,8.84487232e-03,5.83896009e-04,4.68258122e-04,5.44143313e-01,4.76749307e-05,-5.82782994e-05,9.72283877e-02,-3.03858550e-06,-2.49639260e-06,9.07611486e-03,5.59245756e-04,4.95644635e-04,-2.31242548e-04,2.46502534e-05,-2.73865114e-05
7.54000000e+02,6.41466698e-01,4.86662644e-05,-5.70112144e-05,8.85152593e-03,5.54249004e-04,4.82678360e-04,5.44205947e-01,5.07703553e-05,-5.45412476e-05,9.72607495e-02,-2.10409106e-06,-2.46996681e-06,9.08155060e-03,5.33653660e-04,5.05425333e-04,-2.30024670e-04,2.05953441e-05,-2.27469715e-05
7.55000000e+02,6.41528504e-01,4.45913005e-05,-5.91111983e-05,8.83682523e-03,5.72263676e-04,4.74018478e-04,5.44239614e-01,4.74564792e-05,-5.65598236e-05,9.72888896e-02,-2.86517855e-06,-2.55137493e-06,9.06761577e-03,5.47518814e-04,5.00415782e-04,-2.30790524e-04,2.47448624e-05,-2.63973033e-05
7.56000000e+02,6.41618994e-01,5.16016046e-05,-5.85031249e-05,8.84720658e-03,5.42786260e-04,4.98388084e-04,5.44298386e-01,5.36146571e-05,-5.59365721e-05,9.73206056e-02,-2.01305227e-06,-2.56655295e-06,9.07662265e-03,5.21928946e-04,5.20526188e-04,-2.29416091e-04,2.08573173e-05,-2.21381041e-05
7.57000000e+02,6.41675108e-01,4.52578738e-05,-5.76126512e-05,8.84169697e-03,5.52854348e-04,4.72964603e-04,5.44326291e-01,4.81522024e-05,-5.50547202e-05,9.73488176e-02,-2.89432874e-06,-2.55793122e-06,9.07191509e-03,5.28015243e-04,4.99021408e-04,-2.30218119e-04,2.48391030e-05,-2.60568053e-05
7.58000000e+02,6.41771807e-01,4.87084626e-05,-5.57204750e-05,8.84861167e-03,5.39607793e-04,4.81737368e-04,5.44390976e-01,5.07142678e-05,-5.32281060e-05,9.73808301e-02,-2.00580498e-06,-2.49236889e-06,9.07762850e-03,5.18883261e-04,5.03439851e-04,-2.29016796e-04,2.07245325e-05,-2.17024813e-05
7.59000000e+02,6.41835733e-01,4.32878474e-05,-5.90766189e-05,8.83420640e-03,5.64175930e-04,4.57567436e-04,5.44426962e-01,4.60545621e-05,-5.65133157e-05,9.74087730e-02,-2.76671453e-06,-2.56330336e-06,9.06401126e-03,5.39604010e-04,4.83004949e-04,-2.29804837e-04,2.45719210e-05,-2.54375134e-05
7.60000000e+02,6.41927599e-01,4.92365955e-05,-5.84260163e-05,8.84367823e-03,5.39538647e-04,4.69426216e-04,5.44487410e-01,5.11321444e-05,-5.59591676e-05,9.74401914e-02,-1.89554870e-06,-2.46684869e-06,9.07211870e-03,5.19363582e-04,4.90488077e-04,-2.28440452e-04,2.01750638e-05,-2.10618612e-05
7.61000000e+02,6.41984893e-01,4.16079137e-05,-5.55661931e-05,8.83700210e-03,5.35641778e-04,4.33495814e-04,5.44517144e-01,4.43757372e-05,-5.31291534e-05,9.74677483e-02,-2.76782353e-06,-2.43703960e-06,9.06625881e-03,5.11688428e-04,4.58309152e-04,-2.29256706e-04,2.39533508e-05,-2.48133378e-05
7.62000000e+02,6.42081681e-01,4.41828432e-05,-5.18161281e-05,8.84246337e-03,5.07864902e-04,4.36052331e-04,5.44582782e-01,4.60661316e-05,-4.94051402e-05,9.74988999e-02,-1.88328872e-06,-2.41098782e-06,9.07054082e-03,4.87872616e-04,4.56436030e-04,-2.28077456e-04,1.99922881e-05,-2.03836986e-05
7.63000000e+02,6.42145723e-01,3.70655753e-05,-5.31119464e-05,8.82708979e-03,5.17233933e-04,3.97308358e-04,5.44619483e-01,3.97230081e-05,-5.06134257e-05,9.75262401e-02,-2.65743262e-06,-2.49852083e-06,9.05595824e-03,4.93191032e-04,4.21429140e-04,-2.28868461e-04,2.40429040e-05,-2.41207826e-05
7.64000000e+02,6.42237991e-01,4.30731216e-05,-5.26864459e-05,8.83490029e-03,4.85619377e-04,4.09658797e-04,5.44680931e-01,4.48572723e-05,-5.02055819e-05,9.75570621e-02,-1.78415087e-06,-2.48086415e-06,9.06240056e-03,4.65652608e-04,4.29417810e-04,-2.27500290e-04,1.99667691e-05,-1.97590127e-05
7.65000000e+02,6.42295521e-01,3.59616756e-05,-5.09755676e-05,8.82544966e-03,4.85356810e-04,3.77705149e-04,5.44711167e-01,3.85797616e-05,-4.85131286e-05,9.75843521e-02,-2.61808600e-06,-2.46243902e-06,9.05375806e-03,4.61525035e-04,4.01094387e-04,-2.28308428e-04,2.38317752e-05,-2.33892378e-05
7.66000000e+02,6.42392749e-01,3.93947865e-05,-4.73755183e-05,8.82757010e-03,4.53978719e-04,3.87932299e-04,5.44777400e-01,4.11152872e-05,-4.49571994e-05,9.76153492e-02,-1.72050092e-06,-2.41831898e-06,9.05467992e-03,4.34048811e-04,4.06719336e-04,-2.27109822e-04,1.99299076e-05,-1.87870369e-05
7.67000000e+02,6.42456905e-01,3.46443662e-05,-4.77595687e-05,8.80805650e-03,4.57220775e-04,3.68440295e-04,5.44814421e-01,3.71289294e-05,-4.52856225e-05,9.76424856e-02,-2.48456313e-06,-2.47394595e-06,9.03592203e-03,4.33241231e-04,3.90849766e-04,-2.27865522e-04,2.39795442e-05,-2.24094717e-05
7.68000000e+02,6.42549106e-01,4.18024412e-05,-4.68384309e-05,8.81302000e-03,4.24940409e-04,3.89443057e-04,5.44875939e-01,4.34108217e-05,-4.43758239e-05,9.76731676e-02,-1.60838071e-06,-2.46260679e-06,9.03947489e-03,4.05017082e-04,4.07484045e-04,-2.26454900e-04,1.99233277e-05,-1.80409873e-05
7.69000000e+02,6.42607978e-01,3.57277856e-05,-4.46862219e-05,8.80280040e-03,4.25489075e-04,3.68215501e-04,5.44908003e-01,3.81976520e-05,-4.22549306e-05,9.76999764e-02,-2.46986649e-06,-2.43129110e-06,9.03001580e-03,4.01695721e-04,3.89947958e-04,-2.27215390e-04,2.37933535e-05,-2.17324573e-05
7.70000000e+02,6.42706867e-01,4.02747492e-05,-4.13401668e-05,8.80594186e-03,4.01737076e-04,3.88625779e-04,5.44976314e-01,4.18629824e-05,-3.89413645e-05,9.77305525e-02,-1.58823335e-06,-2.39880228e-06,9.03191220e-03,3.81784852e-04,4.06015743e-04,-2.25970368e-04,1.99522244e-05,-1.73899644e-05
7.71000000e+02,6.42772108e-01,3.51373070e-05,-4.35142874e-05,8.78884154e-03,4.18825903e-04,3.67751988e-04,5.45014996e-01,3.75116527e-05,-4.10050180e-05,9.77571100e-02,-2.37434574e-06,-2.50926919e-06,9.01553530e-03,3.94660734e-04,3.88966794e-04,-2.26693746e-04,2.41651697e-05,-2.12148060e-05
7.72000000e+02,6.42866410e-01,4.21094659e-05,-4.33052976e-05,8.79589241e-03,3.92948547e-04,3.90074441e-04,5.45079225e-01,4.36360343e-05,-4.08455616e-05,9.77871851e-02,-1.52656812e-06,-2.45973612e-06,9.02117119e-03,3.72929208e-04,4.06993771e-04,-2.25278758e-04,2.00193396e-05,-1.69193308e-05
7.73000000e+02,6.42926427e-01,3.66656984e-05,-4.20054329e-05,8.78704236e-03,4.00300102e-04,3.70978433e-04,5.45113005e-01,3.90249557e-05,-3.95778262e-05,9.78134228e-02,-2.35925724e-06,-2.42760646e-06,9.01307276e-03,3.76517019e-04,3.91619786e-04,-2.26030405e-04,2.37830833e-05,-2.06413524e-05
7.74000000e+02,6.43025529e-01,4.08674510e-05,-3.95533648e-05,8.79135981e-03,3.82590735e-04,3.87015332e-04,5.45182121e-01,4.23536517e-05,-3.71287114e-05,9.78434096e-02,-1.48620046e-06,-2.42465349e-06,9.01614268e-03,3.62601624e-04,4.03368996e-04,-2.24782841e-04,1.99891112e-05,-1.63536640e-05
7.75000000e+02,6.43091802e-01,3.45679830e-05,-4.22572897e-05,8.77566649e-03,4.08085686e-04,3.60897922e-04,5.45222363e-01,3.68752843e-05,-3.97578283e-05,9.78694364e-02,-2.30730130e-06,-2.49946161e-06,9.00116810e-03,3.83977700e-04,3.81159751e-04,-2.25501600e-04,2.41079854e-05,-2.02618292e-05
7.76000000e+02,6.43187045e-01,4.10846433e-05,-4.24955638e-05,8.78421004e-03,3.86852861e-04,3.79567920e-04,5.45288102e-01,4.25290628e-05,-4.00458774e-05,9.78989423e-02,-1.44441972e-06,-2.44968630e-06,9.00828189e-03,3.66970668e-04,3.95616302e-04,-2.24071850e-04,1.98821936e-05,-1.60483818e-05
7.77000000e+02,6.43247590e-01,3.47954432e-05,-4.10856571e-05,8.77734644e-03,3.95713826e-04,3.53419996e-04,5.45323018e-01,3.70844724e-05,-3.86944288e-05,9.79245731e-02,-2.28902915e-06,-2.39122828e-06,9.00215780e-03,3.72223573e-04,3.73223356e-04,-2.24811370e-04,2.34902538e-05,-1.98033594e-05
7.78000000e+02,6.43347218e-01,3.81608992e-05,-3.86597458e-05,8.78328015e-03,3.77965487e-04,3.65304003e-04,5.45393254e-01,3.95815772e-05,-3.62668798e-05,9.79539631e-02,-1.42067808e-06,-2.39286607e-06,9.00685156e-03,3.58355667e-04,3.80790495e-04,-2.23571412e-04,1.96098200e-05,-1.54864922e-05
7.79000000e+02,6.43413821e-01,3.21736633e-05,-4.10118098e-05,8.76840312e-03,3.97368627e-04,3.39571276e-04,5.45434437e-01,3.43812447e-05,-3.85573342e-05,9.79793869e-02,-2.20758133e-06,-2.45447541e-06,8.99269823e-03,3.73828458e-04,3.59043809e-04,-2.24295111e-04,2.35401685e-05,-1.94725332e-05
7.80000000e+02,6.43509135e-01,3.71012997e-05,-4.13204766e-05,8.77808391e-03,3.74283888e-04,3.46651942e-04,5.45500698e-01,3.84930741e-05,-3.88833526e-05,9.80084373e-02,-1.39177433e-06,-2.43712404e-06,9.00097309e-03,3.54781947e-04,3.62150630e-04,-2.22889190e-04,1.95019406e-05,-1.54986878e-05
7.81000000e+02,6.43570310e-01,2.94886435e-05,-4.09583342e-05,8.77244198e-03,3.82361570e-04,3.09056490e-04,5.45536703e-01,3.17600391e-05,-3.85341113e-05,9.80336087e-02,-2.27139559e-06,-2.42422307e-06,8.99610919e-03,3.59003974e-04,3.28478706e-04,-2.23667213e-04,2.33575959e-05,-1.94222153e-05
7.82000000e+02,6.43670191e-01,3.13891552e-05,-3.82210102e-05,8.77863716e-03,3.60300684e-04,3.06902819e-04,5.45607733e-01,3.27691121e-05,-3.58603578e-05,9.80624603e-02,-1.37995686e-06,-2.36065242e-06,9.00109700e-03,3.40942723e-04,3.21858013e-04,-2.22459803e-04,1.93579615e-05,-1.49551934e-05
7.83000000e+02,6.43736681e-01,2.46707976e-05,-3.93199187e-05,8.76356688e-03,3.71686311e-04,2.82001616e-04,5.45649301e-01,2.68001422e-05,-3.69171572e-05,9.80873826e-02,-2.12934464e-06,-2.40276154e-06,8.98677119e-03,3.48573639e-04,3.00485547e-04,-2.23204344e-04,2.31126721e-05,-1.84839304e-05
7.84000000e+02,6.43832076e-01,3.04432071e-05,-3.83068744e-05,8.77235581e-03,3.45564354e-04,2.94910612e-04,5.45716277e-01,3.16822945e-05,-3.59319994e-05,9.81158008e-02,-1.23908736e-06,-2.37487501e-06,8.99417213e-03,3.26359799e-04,3.08982857e-04,-2.21816307e-04,1.92045548e-05,-1.40722450e-05
7.85000000e+02,6.43892668e-01,2.55878694e-05,-3.80396146e-05,8.76361619e-03,3.60152444e-04,2.78928818e-04,5.45752368e-01,2.76685676e-05,-3.56648582e-05,9.81403014e-02,-2.08069815e-06,-2.37475639e-06,8.98620529e-03,3.36954578e-04,2.96707615e-04,-2.22589087e-04,2.31978665e-05,-1.77787972e-05
7.86000000e+02,6.43992032e-01,2.97386154e-05,-3.64939320e-05,8.76705506e-03,3.42892298e-04,2.92762525e-04,5.45823418e-01,3.09403178e-05,-3.41182329e-05,9.81686154e-02,-1.20170242e-06,-2.37569905e-06,8.98842692e-03,3.23537410e-04,3.06274752e-04,-2.21371860e-04,1.93548873e-05,-1.35122272e-05
7.87000000e+02,6.44057740e-01,2.38881660e-05,-3.70408064e-05,8.75045048e-03,3.54270585e-04,2.73201493e-04,5.45864799e-01,2.58913474e-05,-3.46377643e-05,9.81929398e-02,-2.00318142e-06,-2.40304208e-06,8.97255255e-03,3.31053478e-04,2.90429548e-04,-2.22102070e-04,2.32171065e-05,-1.72280554e-05
7.88000000e+02,6.44152372e-01,3.05846560e-05,-3.61698203e-05,8.75739202e-03,3.26315232e-04,2.95346361e-04,5.45931507e-01,3.17171909e-05,-3.37703250e-05,9.82208651e-02,-1.13253491e-06,-2.39949523e-06,8.97809630e-03,3.07031885e-04,3.08313899e-04,-2.20704259e-04,1.92833470e-05,-1.29675379e-05
7.89000000e+02,6.44212295e-01,2.53001415e-05,-3.52830231e-05,8.74781832e-03,3.31609895e-04,2.77247400e-04,5.45967423e-01,2.73064361e-05,-3.28742176e-05,9.82448744e-02,-2.00629459e-06,-2.40880561e-06,8.96926409e-03,3.08272977e-04,2.94206052e-04,-2.21445756e-04,2.33369172e-05,-1.69586522e-05
7.90000000e+02,6.44311083e-01,2.97600323e-05,-3.35311971e-05,8.75173089e-03,3.13142835e-04,2.98207414e-04,5.46038441e-01,3.08903774e-05,-3.11623732e-05,9.82726417e-02,-1.13034509e-06,-2.36882390e-06,8.97194016e-03,2.93775542e-04,3.10834331e-04,-2.20209247e-04,1.93672930e-05,-1.26269169e-05
7.91000000e+02,6.44376978e-01,2.58610628e-05,-3.37707930e-05,8.73467210e-03,3.17820112e-04,2.85635727e-04,5.46080523e-01,2.77236953e-05,-3.13816735e-05,9.82964569e-02,-1.86263258e-06,-2.38911952e-06,8.95558217e-03,2.94844660e-04,3.01958408e-04,-2.20910083e-04,2.29754525e-05,-1.63226811e-05
7.92000000e+02,6.44471062e-01,3.31912741e-05,-3.11304272e-05,8.74260423e-03,2.76215995e-04,3.07981070e-04,5.46147324e-01,3.42532760e-05,-2.87645542e-05,9.83237407e-02,-1.06200187e-06,-2.36587303e-06,8.96208907e-03,2.57275235e-04,3.20428016e-04,-2.19484813e-04,1.89407595e-05,-1.24469462e-05
7.93000000e+02,6.44530503e-01,2.77779844e-05,-2.92828780e-05,8.73474651e-03,2.74847714e-04,2.91711867e-04,5.46183337e-01,2.97262768e-05,-2.69460471e-05,9.83471637e-02,-1.94829236e-06,-2.33683084e-06,8.95495549e-03,2.51969783e-04,3.07907285e-04,-2.20209011e-04,2.28779314e-05,-1.61954175e-05
7.94000000e+02,6.44628174e-01,3.30032942e-05,-2.65879647e-05,8.74017354e-03,2.47052915e-04,3.18454465e-04,5.46253900e-01,3.40587747e-05,-2.42258328e-05,9.83742728e-02,-1.05548054e-06,-2.36213193e-06,8.95913926e-03,2.27842990e-04,3.30321950e-04,-2.18965740e-04,1.92099253e-05,-1.18674846e-05
7.95000000e+02,6.44693139e-01,2.86651092e-05,-2.76428284e-05,8.72437902e-03,2.54791955e-04,3.05935206e-04,5.46295717e-01,3.04974822e-05,-2.52305600e-05,9.83974234e-02,-1.83237308e-06,-2.41226844e-06,8.94404515e-03,2.31651244e-04,3.21717782e-04,-2.19666164e-04,2.31407105e-05,-1.57825760e-05
7.96000000e+02,6.44786258e-01,3.64941825e-05,-2.57465694e-05,8.73337788e-03,2.21437357e-04,3.33855264e-04,5.46362211e-01,3.75061357e-05,-2.33513763e-05,9.84240463e-02,-1.01195318e-06,-2.39519306e-06,8.95163143e-03,2.02174895e-04,3.45654762e-04,-2.18253539e-04,1.92624620e-05,-1.17994986e-05
7.97000000e+02,6.44844975e-01,3.14246420e-05,-2.40609790e-05,8.72617544e-03,2.20176351e-04,3.19474659e-04,5.46398177e-01,3.33133405e-05,-2.16694729e-05,9.84467990e-02,-1.88869847e-06,-2.39150618e-06,8.94516684e-03,1.96930308e-04,3.35032679e-04,-2.18991368e-04,2.32460425e-05,-1.55580198e-05
7.98000000e+02,6.44941666e-01,3.57853447e-05,-2.15141335e-05,8.73193568e-03,1.98601118e-04,3.37158273e-04,5.46468437e-01,3.68201204e-05,-1.91362542e-05,9.84732304e-02,-1.03477573e-06,-2.37787923e-06,8.94969481e-03,1.79077893e-04,3.48782596e-04,-2.17759146e-04,1.95232255e-05,-1.16243224e-05
7.99000000e+02,6.45005354e-01,3.04859279e-05,-2.29794027e-05,8.71736750e-03,2.09753114e-04,3.15268533e-04,5.46509570e-01,3.23462926e-05,-2.05406930e-05,9.84957823e-02,-1.86036465e-06,-2.43870971e-06,8.93585062e-03,1.86213433e-04,3.31185853e-04,-2.18483121e-04,2.35396812e-05,-1.59173198e-05
8.00000000e+02,6.45098314e-01,3.55843079e-05,-2.22861023e-05,8.72583610e-03,1.87787187e-04,3.23755967e-04,5.46576363e-01,3.66573729e-05,-1.98687054e-05,9.85219523e-02,-1.07306501e-06,-2.41739690e-06,8.94292405e-03,1.68213224e-04,3.35805666e-04,-2.17087924e-04,1.95739628e-05,-1.20496996e-05
8.01000000e+02,6.45157475e-01,2.93306780e-05,-1.99819271e-05,8.71730394e-03,1.91276163e-04,3.04167888e-04,5.46613119e-01,3.12606524e-05,-1.75936015e-05,9.85443521e-02,-1.92997434e-06,-2.38832563e-06,8.93514064e-03,1.67760836e-04,3.19903015e-04,-2.17836707e-04,2.35153273e-05,-1.57351277e-05
8.02000000e+02,6.45254835e-01,3.42079680e-05,-1.80961019e-05,8.72170168e-03,1.76890849e-04,3.25722604e-04,5.46684367e-01,3.52403649e-05,-1.56838756e-05,9.85704653e-02,-1.03239694e-06,-2.41222629e-06,8.93832955e-03,1.56913908e-04,3.37199172e-04,-2.16627879e-04,1.99769412e-05,-1.14765685e-05
8.03000000e+02,6.45318955e-01,2.88973351e-05,-2.08283607e-05,8.70481874e-03,2.00712746e-04,3.07239024e-04,5.46726301e-01,3.07474827e-05,-1.83197679e-05,9.85926512e-02,-1.85014761e-06,-2.50859281e-06,8.92216905e-03,1.76572818e-04,3.22746760e-04,-2.17350309e-04,2.41399287e-05,-1.55077357e-05
8.04000000e+02,6.45411662e-01,3.40515596e-05,-2.12627335e-05,8.71223477e-03,1.84428315e-04,3.20015867e-04,5.46793289e-01,3.51179447e-05,-1.87535844e-05,9.86183746e-02,-1.06638514e-06,-2.50914914e-06,8.92818513e-03,1.64299818e-04,3.31793443e-04,-2.15950349e-04,2.01284962e-05,-1.17775757e-05
8.05000000e+02,6.45470796e-01,2.70165205e-05,-2.14299848e-05,8.70331046e-03,2.02702934e-04,2.91551439e-04,5.46830488e-01,2.89180383e-05,-1.89596404e-05,9.86403083e-02,-1.90151775e-06,-2.47034435e-06,8.92000986e-03,1.78716567e-04,3.07100722e-04,-2.16699381e-04,2.39863670e-05,-1.55492824e-05
8.06000000e+02,6.45568634e-01,3.10511031e-05,-1.99225291e-05,8.70783595e-03,1.89311989e-04,3.05291845e-04,5.46902666e-01,3.20786053e-05,-1.74295449e-05,9.86659698e-02,-1.02750223e-06,-2.49298417e-06,8.92330620e-03,1.68836735e-04,3.16696527e-04,-2.15470224e-04,2.04752545e-05,-1.14046817e-05
8.07000000e+02,6.45633926e-01,2.58543444e-05,-2.34318500e-05,8.69191188e-03,2.19160315e-04,2.86525473e-04,5.46946172e-01,2.76838001e-05,-2.08643566e-05,9.86877542e-02,-1.82945572e-06,-2.56749341e-06,8.90809105e-03,1.94704463e-04,3.01844472e-04,-2.16179209e-04,2.44558519e-05,-1.53189996e-05
8.08000000e+02,6.45727247e-01,3.11962214e-05,-2.42075554e-05,8.70121059e-03,2.05456146e-04,3.00449927e-04,5.47014226e-01,3.22122571e-05,-2.16785331e-05,9.87130201e-02,-1.01603569e-06,-2.52902229e-06,8.91598573e-03,1.85046551e-04,3.11828249e-04,-2.14775127e-04,2.04095949e-05,-1.13783217e-05
8.09000000e+02,6.45786276e-01,2.50079883e-05,-2.40087562e-05,8.69446804e-03,2.24784508e-04,2.77427603e-04,5.47051787e-01,2.68637718e-05,-2.15539411e-05,9.87344882e-02,-1.85578358e-06,-2.45481512e-06,8.90998030e-03,2.00745851e-04,2.92573792e-04,-2.15512280e-04,2.40386561e-05,-1.51461884e-05
8.10000000e+02,6.45883717e-01,2.95494098e-05,-2.17247385e-05,8.70059597e-03,2.09655059e-04,2.93964583e-04,5.47124011e-01,3.05435615e-05,-1.92902246e-05,9.87597085e-02,-9.94151698e-07,-2.43451387e-06,8.91489060e-03,1.89581893e-04,3.04968783e-04,-2.14294650e-04,2.00731654e-05,-1.10041996e-05
8.11000000e+02,6.45948126e-01,2.50269583e-05,-2.42982548e-05,8.68590183e-03,2.29172123e-04,2.84555253e-04,5.47167175e-01,2.68314540e-05,-2.17814480e-05,9.87809495e-02,-1.80449569e-06,-2.51680687e-06,8.90091054e-03,2.05256026e-04,2.99449161e-04,-2.15008697e-04,2.39160976e-05,-1.48939080e-05
8.12000000e+02,6.46040953e-01,3.15722482e-05,-2.43839255e-05,8.69609834e-03,2.06240792e-04,3.08264583e-04,5.47235283e-01,3.25578782e-05,-2.18841018e-05,9.88056695e-02,-9.85629986e-07,-2.49982370e-06,8.90970399e-03,1.86249926e-04,3.19353150e-04,-2.13605666e-04,1.99908660e-05,-1.10885660e-05
8.13000000e+02,6.46099095e-01,2.63888444e-05,-2.37592621e-05,8.69029797e-03,2.16910435e-04,2.90690799e-04,5.47272564e-01,2.82408251e-05,-2.12982134e-05,9.88265330e-02,-1.85198069e-06,-2.46104874e-06,8.90463832e-03,1.93061763e-04,3.05816855e-04,-2.14340340e-04,2.38486717e-05,-1.51260560e-05
8.14000000e+02,6.46195653e-01,3.22304585e-05,-2.13805597e-05,8.69749419e-03,1.99459781e-04,3.15687654e-04,5.47344602e-01,3.32112904e-05,-1.89140076e-05,9.88510504e-02,-9.80831814e-07,-2.46655209e-06,8.91062240e-03,1.79243555e-04,3.26686406e-04,-2.13128203e-04,2.02162263e-05,-1.09987523e-05
8.15000000e+02,6.46258902e-01,2.79701771e-05,-2.45954263e-05,8.68403627e-03,2.29433433e-04,3.05751825e-04,5.47387380e-01,2.97438989e-05,-2.20632569e-05,9.88715230e-02,-1.77372180e-06,-2.53216941e-06,8.89788832e-03,2.05082000e-04,3.20570065e-04,-2.13852074e-04,2.43514326e-05,-1.48182403e-05
8.16000000e+02,6.46349886e-01,3.53168585e-05,-2.46160105e-05,8.69451492e-03,2.06432286e-04,3.36615740e-04,5.47454547e-01,3.62882301e-05,-2.20563134e-05,9.88953412e-02,-9.71371656e-07,-2.55969713e-06,8.90697933e-03,1.85945049e-04,3.47655377e-04,-2.12464438e-04,2.04872362e-05,-1.10396368e-05
8.17000000e+02,6.46406549e-01,3.02120052e-05,-2.37418424e-05,8.68933453e-03,2.17611786e-04,3.21619403e-04,5.47491136e-01,3.20792363e-05,-2.12479238e-05,9.89154135e-02,-1.86723103e-06,-2.49391851e-06,8.90255051e-03,1.93349841e-04,3.36735879e-04,-2.13216005e-04,2.42619453e-05,-1.51164766e-05
8.18000000e+02,6.46500913e-01,3.55070927e-05,-2.19644768e-05,8.69698130e-03,2.02491313e-04,3.44264111e-04,5.47561753e-01,3.65299230e-05,-1.94505968e-05,9.89391602e-02,-1.02283032e-06,-2.51387996e-06,8.90898894e-03,1.81950954e-04,3.55455572e-04,-2.12007650e-04,2.05403595e-05,-1.11914607e-05
8.19000000e+02,6.46562552e-01,3.10822008e-05,-2.48444505e-05,8.68392923e-03,2.24027248e-04,3.32227865e-04,5.47603473e-01,3.29011819e-05,-2.22786529e-05,9.89590772e-02,-1.81898102e-06,-2.56579765e-06,8.89666505e-03,1.99521572e-04,3.47412698e-04,-2.12735791e-04,2.45056761e-05,-1.51848336e-05
8.20000000e+02,6.46652707e-01,3.75024686e-05,-2.30620199e-05,8.69442597e-03,1.93503806e-04,3.55092897e-04,5.47670200e-01,3.85316449e-05,-2.05424207e-05,9.89825064e-02,-1.02917629e-06,-2.51959913e-06,8.90580698e-03,1.73049427e-04,3.66512138e-04,-2.11380994e-04,2.04543789e-05,-1.14192404e-05
8.21000000e+02,6.46709346e-01,3.29368854e-05,-2.14833573e-05,8.68763260e-03,1.99235863e-04,3.42126284e-04,5.47707108e-01,3.48194461e-05,-1.90105909e-05,9.90022386e-02,-1.88256071e-06,-2.47276640e-06,8.89978073e-03,1.75137975e-04,3.57452671e-04,-2.12148152e-04,2.40978885e-05,-1.53263874e-05
8.22000000e+02,6.46804617e-01,3.85069243e-05,-1.88648729e-05,8.69312772e-03,1.76501205e-04,3.64753406e-04,5.47779010e-01,3.95419175e-05,-1.63835871e-05,9.90256087e-02,-1.03499322e-06,-2.48128576e-06,8.90409474e-03,1.56109131e-04,3.76072140e-04,-2.10967045e-04,2.03920739e-05,-1.13187333e-05
8.23000000e+02,6.46866676e-01,3.37091796e-05,-2.12335578e-05,8.67665146e-03,1.94964182e-04,3.52039312e-04,5.47821578e-01,3.55422478e-05,-1.86877174e-05,9.90450978e-02,-1.83306818e-06,-2.54584039e-06,8.88836524e-03,1.70569203e-04,3.67152424e-04,-2.11713792e-04,2.43949794e-05,-1.51131121e-05
8.24000000e+02,6.46957045e-01,4.12646368e-05,-1.99732717e-05,8.68360521e-03,1.67778120e-04,3.87875704e-04,5.47888947e-01,4.22781035e-05,-1.74597573e-05,9.90680991e-02,-1.01346672e-06,-2.51351440e-06,8.89396223e-03,1.47347187e-04,3.99117795e-04,-2.10357005e-04,2.04309335e-05,-1.12420914e-05
8.25000000e+02,6.47012684e-01,3.70579130e-05,-1.71713131e-05,8.67311295e-03,1.70078970e-04,3.78243984e-04,5.47925396e-01,3.89386351e-05,-1.47134641e-05,9.90872879e-02,-1.88072192e-06,-2.45784903e-06,8.88424166e-03,1.45804681e-04,3.93553918e-04,-2.11128732e-04,2.42742886e-05,-1.53099337e-05
8.26000000e+02,6.47106842e-01,4.21815828e-05,-1.50999453e-05,8.67486380e-03,1.52558355e-04,4.00811256e-04,5.47996531e-01,4.32539831e-05,-1.25970806e-05,9.91103086e-02,-1.07240052e-06,-2.50286478e-06,8.88480727e-03,1.31946297e-04,4.12280481e-04,-2.09943472e-04,2.06120583e-05,-1.14692252e-05
8.27000000e+02,6.47167964e-01,3.66481709e-05,-1.82709438e-05,8.65486508e-03,1.73567635e-04,3.79756265e-04,5.48038539e-01,3.85416512e-05,-1.56992608e-05,9.91294250e-02,-1.89348021e-06,-2.57168291e-06,8.86551956e-03,1.49034496e-04,3.95399534e-04,-2.10654511e-04,2.45331391e-05,-1.56432697e-05
8.28000000e+02,6.47257850e-01,4.28574023e-05,-1.84108507e-05,8.65821744e-03,1.53433851e-04,4.02332851e-04,5.48105725e-01,4.39834089e-05,-1.58303938e-05,9.91521283e-02,-1.12600670e-06,-2.58045688e-06,8.86748219e-03,1.32711278e-04,4.14511860e-04,-2.09264742e-04,2.07225728e-05,-1.21790090e-05
8.29000000e+02,6.47313365e-01,3.60166460e-05,-1.73590944e-05,8.64577951e-03,1.63817999e-04,3.75725905e-04,5.48142341e-01,3.80345628e-05,-1.48072715e-05,9.91710245e-02,-2.01791674e-06,-2.55182297e-06,8.85576948e-03,1.39102179e-04,3.91987741e-04,-2.09989943e-04,2.47158202e-05,-1.62618353e-05
8.30000000e+02,6.47407317e-01,3.98896254e-05,-1.69458566e-05,8.64546970e-03,1.56184171e-04,3.91202326e-04,5.48213639e-01,4.10490918e-05,-1.43529799e-05,9.91936807e-02,-1.15946651e-06,-2.59287671e-06,8.85421309e-03,1.34858515e-04,4.03439203e-04,-2.08743399e-04,2.13256560e-05,-1.22368778e-05
8.31000000e+02,6.47467765e-01,3.31823447e-05,-2.15880039e-05,8.62570790e-03,1.93778188e-04,3.59918951e-04,5.48255282e-01,3.51645618e-05,-1.89189301e-05,9.92124859e-02,-1.98221711e-06,-2.66907387e-06,8.83510419e-03,1.68308183e-04,3.76342548e-04,-2.09396325e-04,2.54700045e-05,-1.64235977e-05
8.32000000e+02,6.47556442e-01,3.95636723e-05,-2.18820835e-05,8.63103592e-03,1.81697826e-04,3.79724185e-04,5.48321624e-01,4.07305727e-05,-1.92474016e-05,9.92348211e-02,-1.16690022e-06,-2.63468184e-06,8.83898841e-03,1.60090375e-04,3.92436585e-04,-2.07952503e-04,2.16074507e-05,-1.27123997e-05
8.33000000e+02,6.47611078e-01,3.27232827e-05,-2.10358059e-05,8.62207577e-03,1.96398286e-04,3.49461559e-04,5.48357672e-01,3.47559734e-05,-1.84354173e-05,9.92534088e-02,-2.03269069e-06,-2.60038861e-06,8.83071914e-03,1.71075727e-04,3.66011445e-04,-2.08643395e-04,2.53225592e-05,-1.65498862e-05
8.34000000e+02,6.47704011e-01,3.59056555e-05,-2.03267109e-05,8.62604475e-03,1.84823769e-04,3.61229647e-04,5.48428305e-01,3.70917624e-05,-1.77092436e-05,9.92757059e-02,-1.18610698e-06,-2.61746737e-06,8.83345794e-03,1.63338837e-04,3.73692364e-04,-2.07413183e-04,2.14849321e-05,-1.24627173e-05
8.35000000e+02,6.47763284e-01,3.09035833e-05,-2.33518812e-05,8.61026356e-03,2.09122906e-04,3.42684800e-04,5.48469173e-01,3.28564651e-05,-2.07101244e-05,9.92941108e-02,-1.95288185e-06,-2.64175678e-06,8.81836223e-03,1.83803601e-04,3.58966942e-04,-2.08098639e-04,2.53193052e-05,-1.62821421e-05
8.36000000e+02,6.47851645e-01,3.89409841e-05,-2.42598593e-05,8.61914867e-03,1.97138785e-04,3.75744312e-04,5.48535639e-01,4.00703033e-05,-2.16188179e-05,9.93160092e-02,-1.12931948e-06,-2.64104142e-06,8.82582644e-03,1.75697605e-04,3.88078898e-04,-2.06677792e-04,2.14411799e-05,-1.23345863e-05
8.37000000e+02,6.47905908e-01,3.39225603e-05,-2.29353439e-05,8.61329108e-03,2.04878968e-04,3.61463764e-04,5.48571769e-01,3.59233427e-05,-2.03682239e-05,9.93341409e-02,-2.00078248e-06,-2.56712003e-06,8.82067066e-03,1.79842256e-04,3.77774888e-04,-2.07379588e-04,2.50367118e-05,-1.63111240e-05
8.38000000e+02,6.47998946e-01,3.83690993e-05,-2.08989098e-05,8.62041216e-03,1.90230518e-04,3.83823183e-04,5.48642974e-01,3.95412324e-05,-1.83468524e-05,9.93559689e-02,-1.17213323e-06,-2.55205736e-06,8.82656182e-03,1.69010914e-04,3.96294640e-04,-2.06149679e-04,2.12196048e-05,-1.24714570e-05
8.39000000e+02,6.48058445e-01,3.40034893e-05,-2.31931098e-05,8.60822239e-03,2.09718375e-04,3.69609605e-04,5.48684527e-01,3.59673223e-05,-2.05886481e-05,9.93739174e-02,-1.96383305e-06,-2.60446163e-06,8.81505432e-03,1.84578734e-04,3.86056619e-04,-2.06831883e-04,2.51396421e-05,-1.64470137e-05
8.40000000e+02,6.48146242e-01,4.27502076e-05,-2.25354251e-05,8.62028626e-03,1.83748521e-04,4.05688665e-04,5.48750931e-01,4.39074195e-05,-1.99091385e-05,9.93953116e-02,-1.15721204e-06,-2.62628656e-06,8.82572121e-03,1.62423804e-04,4.18393259e-04,-2.05434936e-04,2.13247176e-05,-1.27045940e-05
8.41000000e+02,6.48199800e-01,3.77258831e-05,-2.04634643e-05,8.61698092e-03,1.86586383e-04,3.93906364e-04,5.48786831e-01,3.97817193e-05,-1.78888795e-05,9.94129698e-02,-2.05583634e-06,-2.57458487e-06,8.82314940e-03,1.61481703e-04,4.10611597e-04,-2.06168480e-04,2.51046799e-05,-1.67052329e-05
8.42000000e+02,6.48291998e-01,4.18431521e-05,-1.86801404e-05,8.62573960e-03,1.68485139e-04,4.15349937e-04,5.48857721e-01,4.30664349e-05,-1.60864900e-05,9.94342777e-02,-1.22328266e-06,-2.59365039e-06,8.83072463e-03,1.47053560e-04,4.28160110e-04,-2.04985020e-04,2.14315787e-05,-1.28101724e-05
8.43000000e+02,6.48350688e-01,3.74131796e-05,-2.06593566e-05,8.61354964e-03,1.84418453e-04,4.01139902e-04,5.48898943e-01,3.94152439e-05,-1.80398552e-05,9.94517442e-02,-2.00206428e-06,-2.61950140e-06,8.81926119e-03,1.59180826e-04,4.17956790e-04,-2.05711571e-04,2.52376272e-05,-1.68168874e-05
8.44000000e+02,6.48437454e-01,4.50244685e-05,-1.92280057e-05,8.62470759e-03,1.55820313e-04,4.32145743e-04,5.48964819e-01,4.62474319e-05,-1.65965523e-05,9.94726346e-02,-1.22296364e-06,-2.63145348e-06,8.82906404e-03,1.34348971e-04,4.45210042e-04,-2.04356487e-04,2.14713421e-05,-1.30642988e-05
8.45000000e+02,6.48489834e-01,4.01142125e-05,-1.75478826e-05,8.61997912e-03,1.57919612e-04,4.14660534e-04,5.49000015e-01,4.21754489e-05,-1.49335352e-05,9.94898213e-02,-2.06123630e-06,-2.61434738e-06,8.82510099e-03,1.32511462e-04,4.31705625e-04,-2.05121899e-04,2.54081501e-05,-1.70450908e-05
8.46000000e+02,6.48580953e-01,4.51986192e-05,-1.57318472e-05,8.62652808e-03,1.43792275e-04,4.34317395e-04,5.49070294e-01,4.64255974e-05,-1.31051525e-05,9.95106580e-02,-1.22697851e-06,-2.62669475e-06,8.83048115e-03,1.21952861e-04,4.47537854e-04,-2.03953063e-04,2.18394136e-05,-1.32204592e-05
8.47000000e+02,6.48638289e-01,3.97754904e-05,-1.75463564e-05,8.61148975e-03,1.60681958e-04,4.16907368e-04,5.49110625e-01,4.18461177e-05,-1.48652375e-05,9.95276616e-02,-2.07062714e-06,-2.68111888e-06,8.81618033e-03,1.34888613e-04,4.34203660e-04,-2.04690551e-04,2.57933447e-05,-1.72962926e-05
8.48000000e+02,6.48723795e-01,4.68448228e-05,-1.81367209e-05,8.62008790e-03,1.45271606e-04,4.40596725e-04,5.49175718e-01,4.81274275e-05,-1.54409820e-05,9.95480750e-02,-1.28260479e-06,-2.69573898e-06,8.82342046e-03,1.23283113e-04,4.54322827e-04,-2.03332592e-04,2.19884937e-05,-1.37261030e-05
8.49000000e+02,6.48774829e-01,4.10336389e-05,-1.63700490e-05,8.61217649e-03,1.50596383e-04,4.17556211e-04,5.49210070e-01,4.31933170e-05,-1.37369102e-05,9.95647568e-02,-2.15967799e-06,-2.63313879e-06,8.81625585e-03,1.24785987e-04,4.35332366e-04,-2.04079378e-04,2.58103963e-05,-1.77761543e-05
8.50000000e+02,6.48864672e-01,4.52580131e-05,-1.39785200e-05,8.61664752e-03,1.33554559e-04,4.35251389e-04,5.49279513e-01,4.65742888e-05,-1.13206676e-05,9.95851586e-02,-1.31627570e-06,-2.65785238e-06,8.81954718e-03,1.11396590e-04,4.49049784e-04,-2.02899669e-04,2.21579691e-05,-1.37983952e-05
8.51000000e+02,6.48921378e-01,3.92966354e-05,-1.57935373e-05,8.60068898e-03,1.51355390e-04,4.10845297e-04,5.49319657e-01,4.14252872e-05,-1.30986377e-05,9.96017178e-02,-2.12865177e-06,-2.69489958e-06,8.80430096e-03,1.25403845e-04,4.28691738e-04,-2.03612013e-04,2.59515452e-05,-1.78464417e-05
8.52000000e+02,6.49005799e-01,4.46106445e-05,-1.55767677e-05,8.60848975e-03,1.25871547e-04,4.26384881e-04,5.49384066e-01,4.59678070e-05,-1.28856939e-05,9.96217348e-02,-1.35716238e-06,-2.69107379e-06,8.81073199e-03,1.03867304e-04,4.40668696e-04,-2.02242264e-04,2.20042438e-05,-1.42838151e-05
8.53000000e+02,6.49055661e-01,3.87936343e-05,-1.34313245e-05,8.60062143e-03,1.25109963e-04,4.01208792e-04,5.49417651e-01,4.10079241e-05,-1.07823125e-05,9.96380121e-02,-2.21428991e-06,-2.64901205e-06,8.80359685e-03,9.93007408e-05,4.19497940e-04,-2.02975453e-04,2.58092218e-05,-1.82891483e-05
8.54000000e+02,6.49144377e-01,4.34278851e-05,-1.24242104e-05,8.60496525e-03,1.18179597e-04,4.17830855e-04,5.49486363e-01,4.47900603e-05,-9.72988068e-06,9.96580143e-02,-1.36217546e-06,-2.69432971e-06,8.80674317e-03,9.57768281e-05,4.32106135e-04,-2.01777943e-04,2.24027689e-05,-1.42752795e-05
8.55000000e+02,6.49200141e-01,3.73044770e-05,-1.57278903e-05,8.58881515e-03,1.43472547e-04,3.94626302e-04,5.49526036e-01,3.94748463e-05,-1.29701041e-05,9.96741040e-02,-2.17036935e-06,-2.75778622e-06,8.79130661e-03,1.17223881e-04,4.12851430e-04,-2.02491470e-04,2.62486667e-05,-1.82251284e-05
8.56000000e+02,6.49283262e-01,4.30946318e-05,-1.65060323e-05,8.59718956e-03,1.27077494e-04,4.14882062e-04,5.49589589e-01,4.44704761e-05,-1.37830408e-05,9.96936724e-02,-1.37584422e-06,-2.72299151e-06,8.79829266e-03,1.04737907e-04,4.29443700e-04,-2.01103098e-04,2.23395862e-05,-1.45616381e-05
8.57000000e+02,6.49332393e-01,3.66850656e-05,-1.54354404e-05,8.59089469e-03,1.38757560e-04,3.84491270e-04,5.49622844e-01,3.89228060e-05,-1.27909082e-05,9.97095466e-02,-2.23774039e-06,-2.64453218e-06,8.79271589e-03,1.12672846e-04,4.03075407e-04,-2.01821221e-04,2.60847138e-05,-1.85841377e-05
8.58000000e+02,6.49420171e-01,4.01132625e-05,-1.38831770e-05,8.59749967e-03,1.28465334e-04,3.91086337e-04,5.49691131e-01,4.15345534e-05,-1.11932410e-05,9.97290403e-02,-1.42129111e-06,-2.68993598e-06,8.79811973e-03,1.06006515e-04,4.05794659e-04,-2.00620049e-04,2.24588195e-05,-1.47083212e-05
8.59000000e+02,6.49475204e-01,3.34440456e-05,-1.67195011e-05,8.58402438e-03,1.52622605e-04,3.64600189e-04,5.49730474e-01,3.56573338e-05,-1.39846474e-05,9.97447274e-02,-2.21328826e-06,-2.73485362e-06,8.78535239e-03,1.26299698e-04,3.83187281e-04,-2.01328000e-04,2.63229078e-05,-1.85870919e-05
8.60000000e+02,6.49558006e-01,3.89969000e-05,-1.84819055e-05,8.59583090e-03,1.47423251e-04,3.82631787e-04,5.49794136e-01,4.03884925e-05,-1.57377464e-05,9.97638726e-02,-1.39159227e-06,-2.74415900e-06,8.79578620e-03,1.24882431e-04,3.97373353e-04,-1.99955315e-04,2.25408200e-05,-1.47415657e-05
8.61000000e+02,6.49606025e-01,3.38443701e-05,-1.83897967e-05,8.59179535e-03,1.66294480e-04,3.62932292e-04,5.49826783e-01,3.60745271e-05,-1.56985086e-05,9.97792422e-02,-2.23015701e-06,-2.69128814e-06,8.79247352e-03,1.39936371e-04,3.81534802e-04,-2.00678202e-04,2.63581092e-05,-1.86025103e-05
8.62000000e+02,6.49692900e-01,3.82664515e-05,-1.79571325e-05,8.60076138e-03,1.60688476e-04,3.81069750e-04,5.49894584e-01,3.96760442e-05,-1.52266197e-05,9.97983146e-02,-1.40959266e-06,-2.73051275e-06,8.80026244e-03,1.37965885e-04,3.95780663e-04,-1.99501063e-04,2.27225906e-05,-1.47109132e-05
8.63000000e+02,6.49746575e-01,3.24641759e-05,-2.16158778e-05,8.58909939e-03,1.86734824e-04,3.58014523e-04,5.49933017e-01,3.46750453e-05,-1.88495023e-05,9.98135616e-02,-2.21086940e-06,-2.76637553e-06,8.78932789e-03,1.60249953e-04,3.76700391e-04,-2.00228495e-04,2.64848717e-05,-1.86858684e-05
8.64000000e+02,6.49827903e-01,3.91300378e-05,-2.21202339e-05,8.60115421e-03,1.73623068e-04,3.84117966e-04,5.49995601e-01,4.05355725e-05,-1.93630555e-05,9.98323038e-02,-1.40553450e-06,-2.75717839e-06,8.80002911e-03,1.51013037e-04,3.99032034e-04,-1.98874901e-04,2.26100311e-05,-1.49140674e-05
8.65000000e+02,6.49875295e-01,3.35374225e-05,-2.09508701e-05,8.59699679e-03,1.87543541e-04,3.66574526e-04,5.50027973e-01,3.57854937e-05,-1.82874020e-05,9.98473232e-02,-2.24807121e-06,-2.66346809e-06,8.79662054e-03,1.61268237e-04,3.85237802e-04,-1.99623745e-04,2.62753039e-05,-1.86632764e-05
8.66000000e+02,6.49960716e-01,3.82146900e-05,-2.00812531e-05,8.60550362e-03,1.79147135e-04,3.89082886e-04,5.50094758e-01,3.96461473e-05,-1.73839669e-05,9.98659576e-02,-1.43145744e-06,-2.69728627e-06,8.80397611e-03,1.56597287e-04,4.03998343e-04,-1.98472485e-04,2.25498483e-05,-1.49154564e-05
8.67000000e+02,6.50012796e-01,3.31570497e-05,-2.32021464e-05,8.59298691e-03,1.99542682e-04,3.68454098e-04,5.50132055e-01,3.53619772e-05,-2.04565508e-05,9.98807425e-02,-2.20492752e-06,-2.74559565e-06,8.79219828e-03,1.73310004e-04,3.87387697e-04,-1.99211362e-04,2.62326784e-05,-1.89335996e-05
8.68000000e+02,6.50092548e-01,4.07032624e-05,-2.26381102e-05,8.60451085e-03,1.77845406e-04,3.95340735e-04,5.50193519e-01,4.21035759e-05,-1.99151277e-05,9.98990291e-02,-1.40031344e-06,-2.72298255e-06,8.80237645e-03,1.55497850e-04,4.10529687e-04,-1.97865571e-04,2.23475556e-05,-1.51889525e-05
8.69000000e+02,6.50138322e-01,3.49481065e-05,-2.06154890e-05,8.60012721e-03,1.82613631e-04,3.74195151e-04,5.50224708e-01,3.72267611e-05,-1.79663708e-05,9.99136159e-02,-2.27865464e-06,-2.64911819e-06,8.79875211e-03,1.56666097e-04,3.93284314e-04,-1.98624867e-04,2.59475340e-05,-1.90891625e-05
8.70000000e+02,6.50222583e-01,3.90297941e-05,-1.90978633e-05,8.60807543e-03,1.61115688e-04,3.93429864e-04,5.50290707e-01,4.04995600e-05,-1.63847116e-05,9.99318729e-02,-1.46976565e-06,-2.71315168e-06,8.80556872e-03,1.38728154e-04,4.08754749e-04,-1.97493309e-04,2.23875339e-05,-1.53248849e-05
8.71000000e+02,6.50273834e-01,3.40856147e-05,-2.06144600e-05,8.59416146e-03,1.71968159e-04,3.75958647e-04,5.50327495e-01,3.63420162e-05,-1.78870619e-05,9.99463419e-02,-2.25640150e-06,-2.72739809e-06,8.79240924e-03,1.45771706e-04,3.95135720e-04,-1.98247803e-04,2.61964528e-05,-1.91770734e-05
8.72000000e+02,6.50352104e-01,4.21424840e-05,-1.91609165e-05,8.60395021e-03,1.47604067e-04,4.05225604e-04,5.50387966e-01,4.35632611e-05,-1.64508120e-05,9.99641395e-02,-1.42077684e-06,-2.71010446e-06,8.80088042e-03,1.25211825e-04,4.20546679e-04,-1.96930225e-04,2.23922413e-05,-1.53210752e-05
8.73000000e+02,6.50396267e-01,3.72076100e-05,-1.70745612e-05,8.59679197e-03,1.53594516e-04,3.93116365e-04,5.50418031e-01,3.95122011e-05,-1.44227781e-05,9.99782373e-02,-2.30459101e-06,-2.65178316e-06,8.79448936e-03,1.27467420e-04,4.12421958e-04,-1.97697422e-04,2.61270960e-05,-1.93055933e-05
8.74000000e+02,6.50478112e-01,4.19279609e-05,-1.48247895e-05,8.60103065e-03,1.33043321e-04,4.15073197e-04,5.50482081e-01,4.34023796e-05,-1.21181420e-05,9.99960326e-02,-1.47441852e-06,-2.70664751e-06,8.79759098e-03,1.10485817e-04,4.30544795e-04,-1.96560344e-04,2.25575040e-05,-1.54715976e-05
8.75000000e+02,6.50527368e-01,3.72656026e-05,-1.62992007e-05,8.58427331e-03,1.40847539e-04,3.96293480e-04,5.50517371e-01,3.95183548e-05,-1.35471198e-05,1.00009997e-01,-2.25275232e-06,-2.75208092e-06,8.78157788e-03,1.14402372e-04,4.15755602e-04,-1.97304609e-04,2.64451671e-05,-1.94621223e-05
8.76000000e+02,6.50604595e-01,4.41969815e-05,-1.42824729e-05,8.59150338e-03,1.05568666e-04,4.17435813e-04,5.50577263e-01,4.56778586e-05,-1.14934196e-05,1.00027334e-01,-1.48087701e-06,-2.78905337e-06,8.78748284e-03,8.27186315e-05,4.33224654e-04,-1.95979465e-04,2.28500350e-05,-1.57888414e-05
8.77000000e+02,6.50648183e-01,3.80590427e-05,-1.07406412e-05,8.58200991e-03,9.99221611e-05,3.97649751e-04,5.50607078e-01,4.04317699e-05,-8.01282582e-06,1.00041107e-01,-2.37272727e-06,-2.72781540e-06,8.77874697e-03,7.32919880e-05,4.17414443e-04,-1.96737030e-04,2.66301729e-05,-1.97646921e-05
8.78000000e+02,6.50729359e-01,4.10729174e-05,-8.83099483e-06,8.58505999e-03,7.83155669e-05,4.09227487e-04,5.50670779e-01,4.26191414e-05,-6.04369353e-06,1.00058579e-01,-1.54622403e-06,-2.78730129e-06,8.78065144e-03,5.51150794e-05,4.25231421e-04,-1.95591464e-04,2.32004874e-05,-1.60039337e-05
8.79000000e+02,6.50777486e-01,3.58817957e-05,-1.20270875e-05,8.56640305e-03,9.82787524e-05,3.87996653e-04,5.50705173e-01,3.81920015e-05,-9.18534117e-06,1.00072313e-01,-2.31020582e-06,-2.84174635e-06,8.76271553e-03,7.10928126e-05,4.07964322e-04,-1.96312504e-04,2.71859398e-05,-1.99676684e-05
8.80000000e+02,6.50853492e-01,4.21725082e-05,-1.09514868e-05,8.57232513e-03,7.80473445e-05,4.02715080e-04,5.50764023e-01,4.36997628e-05,-8.15090647e-06,1.00089472e-01,-1.52725466e-06,-2.80058035e-06,8.76728231e-03,5.46341513e-05,4.18979483e-04,-1.94957199e-04,2.34131932e-05,-1.62644033e-05
8.81000000e+02,6.50895718e-01,3.61783861e-05,-8.75079353e-06,8.56265149e-03,8.75257427e-05,3.78598603e-04,5.50792733e-01,3.85814793e-05,-5.99752740e-06,1.00102987e-01,-2.40309323e-06,-2.75326613e-06,8.75834394e-03,6.04323557e-05,3.98775355e-04,-1.95692461e-04,2.70933869e-05,-2.01767511e-05
8.82000000e+02,6.50975435e-01,3.91492534e-05,-7.02664656e-06,8.56603400e-03,6.61799773e-05,3.86847535e-04,5.50855333e-01,4.07221757e-05,-4.21318711e-06,1.00120105e-01,-1.57292249e-06,-2.81345943e-06,8.76055794e-03,4.27251150e-05,4.03176484e-04,-1.94523973e-04,2.34548621e-05,-1.63289495e-05
8.83000000e+02,6.51022500e-01,3.23688074e-05,-1.02339557e-05,8.54916278e-03,8.50082794e-05,3.57670108e-04,5.50889078e-01,3.47552357e-05,-7.37508666e-06,1.00133423e-01,-2.38642829e-06,-2.85886905e-06,8.74439068e-03,5.77289591e-05,3.77986363e-04,-1.95227897e-04,2.72793206e-05,-2.03162544e-05
8.84000000e+02,6.51097561e-01,3.78733805e-05,-1.04393842e-05,8.55719917e-03,6.67323877e-05,3.69874349e-04,5.50947344e-01,3.94594876e-05,-7.55547405e-06,1.00150218e-01,-1.58610709e-06,-2.88391009e-06,8.75107935e-03,4.30006097e-05,3.86429985e-04,-1.93880178e-04,2.37317780e-05,-1.65556364e-05
8.85000000e+02,6.51138966e-01,3.20013270e-05,-9.06298990e-06,8.54981660e-03,7.93582126e-05,3.46877648e-04,5.50975654e-01,3.44059817e-05,-6.23667612e-06,1.00163312e-01,-2.40465468e-06,-2.82631376e-06,8.74441927e-03,5.18098607e-05,3.67197870e-04,-1.94602679e-04,2.75483517e-05,-2.03202214e-05
8.86000000e+02,6.51217193e-01,3.54915630e-05,-8.35718946e-06,8.55603907e-03,6.69803088e-05,3.57247215e-04,5.51037242e-01,3.70714019e-05,-5.48424543e-06,1.00179953e-01,-1.57983886e-06,-2.87294404e-06,8.74947259e-03,4.29958218e-05,3.73746974e-04,-1.93433544e-04,2.39844869e-05,-1.64997592e-05
8.87000000e+02,6.51262702e-01,2.94079091e-05,-1.19957707e-05,8.54163195e-03,9.41302785e-05,3.27501706e-04,5.51069878e-01,3.17908963e-05,-9.11597822e-06,1.00192825e-01,-2.38298721e-06,-2.87979246e-06,8.73578868e-03,6.64531852e-05,3.48020692e-04,-1.94156722e-04,2.76770932e-05,-2.05189868e-05
8.88000000e+02,6.51336307e-01,3.42187400e-05,-1.17779275e-05,8.55201592e-03,7.59183990e-05,3.32156080e-04,5.51127202e-01,3.58112672e-05,-8.87044743e-06,1.00209105e-01,-1.59252710e-06,-2.90748009e-06,8.74483889e-03,5.18270886e-05,3.48964968e-04,-1.92822975e-04,2.40913105e-05,-1.68088873e-05
8.89000000e+02,6.51375728e-01,2.72823542e-05,-1.06725983e-05,8.54639845e-03,9.48447617e-05,3.03519870e-04,5.51153929e-01,2.97303789e-05,-7.83773988e-06,1.00221800e-01,-2.44802467e-06,-2.83485844e-06,8.73996575e-03,6.70043045e-05,3.24072494e-04,-1.93567297e-04,2.78404574e-05,-2.05526241e-05
8.90000000e+02,6.51452524e-01,3.06062919e-05,-1.05042271e-05,8.55411067e-03,8.83211286e-05,3.13860874e-04,5.51214428e-01,3.22125060e-05,-7.60701314e-06,1.00238093e-01,-1.60621410e-06,-2.89721402e-06,8.74653956e-03,6.40280968e-05,3.30408853e-04,-1.92428849e-04,2.42930318e-05,-1.65479789e-05
8.91000000e+02,6.51496808e-01,2.52109272e-05,-1.45862009e-05,8.54094851e-03,1.16577561e-04,2.92931504e-04,5.51246258e-01,2.75832879e-05,-1.16685809e-05,1.00250549e-01,-2.37236072e-06,-2.91761996e-06,8.73410659e-03,8.85953917e-05,3.13231658e-04,-1.93158077e-04,2.79821693e-05,-2.03001544e-05
8.92000000e+02,6.51568351e-01,3.09759285e-05,-1.39031863e-05,8.55208842e-03,9.66675879e-05,3.11740020e-04,5.51301922e-01,3.25435523e-05,-1.10024681e-05,1.00266429e-01,-1.56762384e-06,-2.90071814e-06,8.74393269e-03,7.25569220e-05,3.28133397e-04,-1.91844264e-04,2.41106658e-05,-1.63933764e-05
8.93000000e+02,6.51605477e-01,2.62849061e-05,-1.30457646e-05,8.54673934e-03,1.10523307e-04,2.97911396e-04,5.51326847e-01,2.86794326e-05,-1.01870815e-05,1.00278632e-01,-2.39452645e-06,-2.85868305e-06,8.73934728e-03,8.28204360e-05,3.18080280e-04,-1.92607955e-04,2.77028709e-05,-2.01688832e-05
8.94000000e+02,6.51680335e-01,3.06750885e-05,-1.22311549e-05,8.55401925e-03,9.49778602e-05,3.15938007e-04,5.51385875e-01,3.22540805e-05,-9.33786240e-06,1.00294460e-01,-1.57899200e-06,-2.89329247e-06,8.74550565e-03,7.08346978e-05,3.32276763e-04,-1.91486388e-04,2.41431625e-05,-1.63387558e-05
8.95000000e+02,6.51723428e-01,2.54521976e-05,-1.56381746e-05,8.54063436e-03,1.20403742e-04,2.99136613e-04,5.51416885e-01,2.78244948e-05,-1.27391347e-05,1.00306543e-01,-2.37229718e-06,-2.89903989e-06,8.73286684e-03,9.25548614e-05,3.19429485e-04,-1.92232463e-04,2.78488805e-05,-2.02928723e-05
8.96000000e+02,6.51794116e-01,3.11601984e-05,-1.50452418e-05,8.55222055e-03,9.90904296e-05,3.14773066e-04,5.51472066e-01,3.27310108e-05,-1.21576436e-05,1.00322052e-01,-1.57081243e-06,-2.88759817e-06,8.74315379e-03,7.50603168e-05,3.31427033e-04,-1.90933228e-04,2.40301130e-05,-1.66539666e-05
8.97000000e+02,6.51830693e-01,2.66665445e-05,-1.24357781e-05,8.54701876e-03,1.03876999e-04,3.02456430e-04,5.51496762e-01,2.90913063e-05,-9.62932026e-06,1.00333934e-01,-2.42476185e-06,-2.80645783e-06,8.73872361e-03,7.62339242e-05,3.22973239e-04,-1.91704829e-04,2.76430749e-05,-2.05168086e-05
8.98000000e+02,6.51905185e-01,3.11586184e-05,-1.09653742e-05,8.55483248e-03,8.54682430e-05,3.17723192e-04,5.51555693e-01,3.27585830e-05,-8.07992626e-06,1.00349494e-01,-1.59996460e-06,-2.88544792e-06,8.74543086e-03,6.12592335e-05,3.34334596e-04,-1.90598381e-04,2.42090094e-05,-1.66114031e-05
8.99000000e+02,6.51947209e-01,2.60667593e-05,-1.37751164e-05,8.54093061e-03,1.07889085e-04,3.02237649e-04,5.51585940e-01,2.84220420e-05,-1.08754885e-05,1.00361265e-01,-2.35528268e-06,-2.89962793e-06,8.73229812e-03,7.98953762e-05,3.22539413e-04,-1.91367470e-04,2.79937093e-05,-2.03017631e-05
9.00000000e+02,6.52016854e-01,3.24574644e-05,-1.33930801e-05,8.55178741e-03,8.32123112e-05,3.25672578e-04,5.51640339e-01,3.40086397e-05,-1.04609569e-05,1.00376514e-01,-1.55117533e-06,-2.93212315e-06,8.74186307e-03,5.89472836e-05,3.42100353e-04,-1.90075640e-04,2.42650277e-05,-1.64277754e-05
9.01000000e+02,6.52052680e-01,2.89542189e-05,-1.14627871e-05,8.54594479e-03,9.00179780e-05,3.22876067e-04,5.51664576e-01,3.13514696e-05,-8.61197920e-06,1.00388104e-01,-2.39725070e-06,-2.85080792e-06,8.73679575e-03,6.21346662e-05,3.43156412e-04,-1.90851003e-04,2.78833118e-05,-2.02803444e-05
9.02000000e+02,6.52126305e-01,3.43693657e-05,-9.14020734e-06,8.55187936e-03,6.94820313e-05,3.46904647e-04,5.51722869e-01,3.59821191e-05,-6.23220051e-06,1.00403433e-01,-1.61275344e-06,-2.90800685e-06,8.74162182e-03,4.49187692e-05,3.63636668e-04,-1.89742473e-04,2.45632620e-05,-1.67320215e-05
9.03000000e+02,6.52167325e-01,2.99973020e-05,-1.26728324e-05,8.53626623e-03,9.49284222e-05,3.33380906e-04,5.51752303e-01,3.24269975e-05,-9.71424771e-06,1.00415024e-01,-2.42969550e-06,-2.95858473e-06,8.72676721e-03,6.64599058e-05,3.54229208e-04,-1.90500987e-04,2.84685165e-05,-2.08483030e-05
9.04000000e+02,6.52235476e-01,3.65800666e-05,-1.21439554e-05,8.54477462e-03,7.49924365e-05,3.52689127e-04,5.51805500e-01,3.81967118e-05,-9.19005736e-06,1.00429976e-01,-1.61664525e-06,-2.95389803e-06,8.73397033e-03,5.02454513e-05,3.69833519e-04,-1.89195734e-04,2.47469851e-05,-1.71443918e-05
9.05000000e+02,6.52270388e-01,3.13759279e-05,-9.68620169e-06,8.53637273e-03,8.05921807e-05,3.38021906e-04,5.51829040e-01,3.38508539e-05,-6.80281336e-06,1.00441347e-01,-2.47492601e-06,-2.88338833e-06,8.72634092e-03,5.22720276e-05,3.58990169e-04,-1.89968167e-04,2.83201535e-05,-2.09682629e-05
9.06000000e+02,6.52343378e-01,3.51072965e-05,-7.61331337e-06,8.54099801e-03,6.05178597e-05,3.52333887e-04,5.51887041e-01,3.67927304e-05,-4.64494184e-06,1.00456338e-01,-1.68543392e-06,-2.96837152e-06,8.72984384e-03,3.55950391e-05,3.69512843e-04,-1.88845808e-04,2.49228205e-05,-1.71789554e-05
9.07000000e+02,6.52384044e-01,3.05009840e-05,-1.13795989e-05,8.52515915e-03,8.36545591e-05,3.39007319e-04,5.51916437e-01,3.29581364e-05,-8.38417189e-06,1.00467609e-01,-2.45715239e-06,-2.99542702e-06,8.71473436e-03,5.49821696e-05,3.60000575e-04,-1.89575225e-04,2.86723897e-05,-2.09932567e-05
9.08000000e+02,6.52452086e-01,3.68104566e-05,-1.13342030e-05,8.53439493e-03,6.40383843e-05,3.59621379e-04,5.51969801e-01,3.84602265e-05,-8.34741134e-06,1.00482285e-01,-1.64976986e-06,-2.98679169e-06,8.72266114e-03,3.91216559e-05,3.76804025e-04,-1.88266192e-04,2.49167283e-05,-1.71826470e-05
9.09000000e+02,6.52485858e-01,3.19972608e-05,-8.40974747e-06,8.52731503e-03,6.50476742e-05,3.49682911e-04,5.51992552e-01,3.44958651e-05,-5.52857310e-06,1.00493307e-01,-2.49860429e-06,-2.88117439e-06,8.71634385e-03,3.67778009e-05,3.70718372e-04,-1.89028803e-04,2.82698734e-05,-2.10354605e-05
9.10000000e+02,6.52557779e-01,3.59821232e-05,-4.63360151e-06,8.53344238e-03,3.37857112e-05,3.64099589e-04,5.52049728e-01,3.76669362e-05,-1.69868400e-06,1.00508052e-01,-1.68481306e-06,-2.93491751e-06,8.72133419e-03,8.99405839e-06,3.81427521e-04,-1.87891852e-04,2.47916527e-05,-1.73279320e-05
9.11000000e+02,6.52597037e-01,3.10737294e-05,-7.71837309e-06,8.51895900e-03,5.67493239e-05,3.45503115e-04,5.52077987e-01,3.35565276e-05,-4.76899253e-06,1.00519047e-01,-2.48279819e-06,-2.94938056e-06,8.70758327e-03,2.82938862e-05,3.66816501e-04,-1.88624239e-04,2.84554378e-05,-2.13133861e-05
9.12000000e+02,6.52663142e-01,3.71515151e-05,-7.45275507e-06,8.52863347e-03,3.37204843e-05,3.61267825e-04,5.52129675e-01,3.88459571e-05,-4.46421353e-06,1.00533465e-01,-1.69444199e-06,-2.98854157e-06,8.71596109e-03,8.79765790e-06,3.78923045e-04,-1.87327633e-04,2.49228264e-05,-1.76552199e-05
9.13000000e+02,6.52695319e-01,3.15982387e-05,-5.63219363e-06,8.52222115e-03,4.32534575e-05,3.42294299e-04,5.52151184e-01,3.41464748e-05,-2.71794366e-06,1.00544135e-01,-2.54823605e-06,-2.91424996e-06,8.71031722e-03,1.46240549e-05,3.63769299e-04,-1.88096054e-04,2.86294026e-05,-2.14750000e-05
9.14000000e+02,6.52765979e-01,3.45375519e-05,-4.09095921e-06,8.52810900e-03,2.89475179e-05,3.52117953e-04,5.52207408e-01,3.62793666e-05,-1.08407074e-06,1.00558572e-01,-1.74181466e-06,-3.00688847e-06,8.71509009e-03,3.61452091e-06,3.69841571e-04,-1.86981050e-04,2.53329970e-05,-1.77236178e-05
9.15000000e+02,6.52803474e-01,2.89950008e-05,-7.55651958e-06,8.51309814e-03,5.57429757e-05,3.28152652e-04,5.52234282e-01,3.14963731e-05,-4.52627115e-06,1.00569189e-01,-2.50137234e-06,-3.03024845e-06,8.70083089e-03,2.66711293e-05,3.49754881e-04,-1.87732751e-04,2.90718464e-05,-2.16022293e-05
9.16000000e+02,6.52868505e-01,3.46569149e-05,-7.46505565e-06,8.52257673e-03,3.68947426e-05,3.39117313e-04,5.52285203e-01,3.63892938e-05,-4.42015609e-06,1.00583303e-01,-1.73237890e-06,-3.04489958e-06,8.70900597e-03,1.14020379e-05,3.57031855e-04,-1.86429247e-04,2.54927048e-05,-1.79145419e-05
9.17000000e+02,6.52900106e-01,2.87495579e-05,-7.19889508e-06,8.51603487e-03,5.44804383e-05,3.18034506e-04,5.52306328e-01,3.13248733e-05,-4.20632905e-06,1.00593780e-01,-2.57531540e-06,-2.99256605e-06,8.70323168e-03,2.54099209e-05,3.39755481e-04,-1.87196810e-04,2.90705174e-05,-2.17209760e-05
9.18000000e+02,6.52969390e-01,3.11266696e-05,-6.56588381e-06,8.52279761e-03,4.33615979e-05,3.21011358e-04,5.52361516e-01,3.28881036e-05,-3.50156211e-06,1.00607874e-01,-1.76143405e-06,-3.06432170e-06,8.70888027e-03,1.76176226e-05,3.38950896e-04,-1.86082647e-04,2.57439754e-05,-1.79395386e-05
9.19000000e+02,6.53005943e-01,2.51519888e-05,-9.91583384e-06,8.50830650e-03,6.87618949e-05,2.97094246e-04,5.52387694e-01,2.76849580e-05,-6.85953031e-06,1.00618248e-01,-2.53296916e-06,-3.05630351e-06,8.69514082e-03,3.94576936e-05,3.18880642e-04,-1.86834288e-04,2.93042013e-05,-2.17863961e-05
9.20000000e+02,6.53070263e-01,3.06939558e-05,-9.55000876e-06,8.51852508e-03,5.06659079e-05,3.06933638e-04,5.52438206e-01,3.24367509e-05,-6.48823396e-06,1.00632056e-01,-1.74279513e-06,-3.06177480e-06,8.70406504e-03,2.50561149e-05,3.25008125e-04,-1.85539976e-04,2.56097928e-05,-1.80744872e-05
9.21000000e+02,6.53100743e-01,2.47023222e-05,-7.59697052e-06,8.51208340e-03,6.05775191e-05,2.83774293e-04,5.52458460e-01,2.72720701e-05,-4.61555929e-06,1.00642282e-01,-2.56974787e-06,-2.98141123e-06,8.69839257e-03,3.14611970e-05,3.05482554e-04,-1.86309153e-04,2.91163224e-05,-2.17082615e-05
9.22000000e+02,6.53168626e-01,2.87980298e-05,-6.97343778e-06,8.51856758e-03,4.81163994e-05,2.98542472e-04,5.52512528e-01,3.05251847e-05,-3.93753678e-06,1.00656099e-01,-1.72715495e-06,-3.03590098e-06,8.70376602e-03,2.24865218e-05,3.16208129e-04,-1.85198410e-04,2.56298775e-05,-1.76656571e-05
9.23000000e+02,6.53203873e-01,2.34565472e-05,-9.43593981e-06,8.50415978e-03,6.85198311e-05,2.79946373e-04,5.52537655e-01,2.59357030e-05,-6.41740466e-06,1.00666219e-01,-2.47915573e-06,-3.01853514e-06,8.69011741e-03,3.94076636e-05,3.01268277e-04,-1.85957627e-04,2.91121674e-05,-2.13219042e-05
9.24000000e+02,6.53266527e-01,2.92014521e-05,-8.51126445e-06,8.51382851e-03,4.18129426e-05,2.97936543e-04,5.52586744e-01,3.09096487e-05,-5.45834132e-06,1.00679783e-01,-1.70819657e-06,-3.05292312e-06,8.69849946e-03,1.64642646e-05,3.15617199e-04,-1.84670961e-04,2.53486780e-05,-1.76806561e-05
9.25000000e+02,6.53295708e-01,2.51544420e-05,-5.41640322e-06,8.50770627e-03,3.88514001e-05,2.84702669e-04,5.52605974e-01,2.76722662e-05,-2.46873877e-06,1.00689736e-01,-2.51782426e-06,-2.94766445e-06,8.69314284e-03,1.00788861e-05,3.06101072e-04,-1.85436558e-04,2.87725140e-05,-2.13984031e-05
9.26000000e+02,6.53362957e-01,2.96599669e-05,-2.91697530e-06,8.51518405e-03,1.28806705e-05,2.97314086e-04,5.52659657e-01,3.13574973e-05,8.99105434e-08,1.00703300e-01,-1.69753040e-06,-3.00688585e-06,8.69950516e-03,-1.25562530e-05,3.14854915e-04,-1.84321113e-04,2.54369235e-05,-1.75408298e-05
9.27000000e+02,6.53397308e-01,2.38174377e-05,-5.50601418e-06,8.50194714e-03,2.97733918e-05,2.78258898e-04,5.52684193e-01,2.63273429e-05,-2.47353966e-06,1.00713117e-01,-2.50990521e-06,-3.03247450e-06,8.68702483e-03,7.05790358e-07,2.99647636e-04,-1.85077716e-04,2.90676014e-05,-2.13887379e-05
9.28000000e+02,6.53458807e-01,2.95458191e-05,-3.25587145e-06,8.51314157e-03,-3.82695476e-07,2.96370165e-04,5.52732441e-01,3.12551807e-05,-2.32345154e-07,1.00726366e-01,-1.70936160e-06,-3.02352629e-06,8.69693009e-03,-2.57773435e-05,3.14059460e-04,-1.83788545e-04,2.53946480e-05,-1.76892946e-05
9.29000000e+02,6.53486607e-01,2.43271964e-05,3.43997597e-08,8.50857177e-03,8.67325023e-08,2.77665916e-04,5.52750594e-01,2.68648017e-05,2.97634442e-06,1.00736012e-01,-2.53760528e-06,-2.94194466e-06,8.69313258e-03,-2.87320049e-05,2.99095712e-04,-1.84560821e-04,2.88187374e-05,-2.14297963e-05
9.30000000e+02,6.53552238e-01,2.78768250e-05,1.96834784e-06,8.51714080e-03,-2.44263296e-05,2.85894145e-04,5.52802934e-01,2.96072787e-05,5.03460615e-06,1.00749307e-01,-1.73045372e-06,-3.06625832e-06,8.70060555e-03,-5.00173855e-05,3.03553873e-04,-1.83464761e-04,2.55910559e-05,-1.76597275e-05
9.31000000e+02,6.53585636e-01,2.16811778e-05,-2.11432998e-06,8.50507868e-03,2.58547073e-07,2.63877541e-04,5.52826798e-01,2.42147786e-05,9.80181939e-07,1.00758837e-01,-2.53360075e-06,-3.09451192e-06,8.68930258e-03,-2.91254573e-05,2.85423996e-04,-1.84223906e-04,2.93840043e-05,-2.15464555e-05
9.32000000e+02,6.53646427e-01,2.68850012e-05,-2.04160583e-06,8.51832770e-03,-1.63571007e-05,2.80287183e-04,5.52874657e-01,2.86238313e-05,1.04763646e-06,1.00771771e-01,-1.73883010e-06,-3.08924229e-06,8.70126885e-03,-4.21458249e-05,2.98124288e-04,-1.82941182e-04,2.57887242e-05,-1.78371055e-05
9.33000000e+02,6.53672924e-01,2.13002705e-05,2.00273941e-07,8.51576522e-03,-4.86461504e-06,2.58831226e-04,5.52891871e-01,2.38701744e-05,3.20214343e-06,1.00781051e-01,-2.56990388e-06,-3.00186949e-06,8.69950448e-03,-3.41208192e-05,2.80476621e-04,-1.83739272e-04,2.92562041e-05,-2.16453952e-05
9.34000000e+02,6.53736527e-01,2.53090967e-05,8.33303686e-07,8.52577217e-03,-1.46444717e-05,2.68555139e-04,5.52942602e-01,2.70637393e-05,3.94657869e-06,1.00793925e-01,-1.75464260e-06,-3.11327499e-06,8.70842476e-03,-4.08233364e-05,2.86540156e-04,-1.82652589e-04,2.61788647e-05,-1.79850165e-05
9.35000000e+02,6.53768327e-01,1.91328345e-05,-4.46363321e-06,8.51563869e-03,2.19803431e-05,2.38969071e-04,5.52965240e-01,2.16621035e-05,-1.34211027e-06,1.00803084e-01,-2.52926896e-06,-3.12152294e-06,8.69906706e-03,-7.84215643e-06,2.60786635e-04,-1.83428395e-04,2.98224995e-05,-2.18175635e-05
9.36000000e+02,6.53827538e-01,2.29682774e-05,-4.79790011e-06,8.52981385e-03,8.87113824e-06,2.43593769e-04,5.53011861e-01,2.47282407e-05,-1.70354526e-06,1.00815678e-01,-1.75996329e-06,-3.09435484e-06,8.71199707e-03,-1.69482128e-05,2.61709180e-04,-1.82183210e-04,2.58193511e-05,-1.81154110e-05
9.37000000e+02,6.53852763e-01,1.67870566e-05,-1.27260799e-06,8.52760039e-03,1.27703612e-05,2.21910179e-04,5.53028197e-01,1.93726312e-05,1.66724839e-06,1.00824565e-01,-2.58557467e-06,-2.93985637e-06,8.71059610e-03,-1.61055981e-05,2.43512646e-04,-1.82995731e-04,2.88759593e-05,-2.16024677e-05
9.38000000e+02,6.53915612e-01,2.20932622e-05,-5.70348708e-07,8.53854933e-03,-1.11749089e-06,2.43149578e-04,5.53078476e-01,2.37974705e-05,2.50922994e-06,1.00837136e-01,-1.70420829e-06,-3.07957866e-06,8.72048094e-03,-2.67933243e-05,2.60550891e-04,-1.81931633e-04,2.56758334e-05,-1.74013130e-05
9.39000000e+02,6.53945680e-01,1.95913263e-05,-5.53609932e-06,8.52806159e-03,3.02748383e-05,2.43075636e-04,5.53099690e-01,2.20093931e-05,-2.42474667e-06,1.00845991e-01,-2.41806680e-06,-3.11135266e-06,8.71079476e-03,7.22894582e-07,2.63996246e-04,-1.82733166e-04,2.95519437e-05,-2.09206109e-05
9.40000000e+02,6.54003148e-01,2.72465927e-05,-6.85015928e-06,8.54203888e-03,2.68340532e-05,2.78619298e-04,5.53144865e-01,2.89286814e-05,-3.74201496e-06,1.00858283e-01,-1.68208864e-06,-3.10814430e-06,8.72354829e-03,7.43276540e-07,2.95985391e-04,-1.81509414e-04,2.60907767e-05,-1.73660926e-05
9.41000000e+02,6.54026918e-01,2.31100881e-05,-6.17911835e-06,8.53899935e-03,5.27334710e-05,2.70993006e-04,5.53159944e-01,2.56541587e-05,-3.14929911e-06,1.00866973e-01,-2.54407064e-06,-3.02981925e-06,8.72134907e-03,2.32279976e-05,2.92448213e-04,-1.82349680e-04,2.95054736e-05,-2.14552061e-05
9.42000000e+02,6.54088705e-01,2.82693856e-05,-6.02536400e-06,8.54752952e-03,4.57404611e-05,2.90116662e-04,5.53209335e-01,3.00253081e-05,-2.90275794e-06,1.00879369e-01,-1.75592247e-06,-3.12260607e-06,8.72883318e-03,1.95786862e-05,3.08104215e-04,-1.81303686e-04,2.61617748e-05,-1.79875529e-05
9.43000000e+02,6.54117890e-01,2.28689744e-05,-1.00685066e-05,8.53506601e-03,7.21364673e-05,2.70180104e-04,5.53229892e-01,2.54466787e-05,-6.97737671e-06,1.00887997e-01,-2.57770430e-06,-3.09112990e-06,8.71717094e-03,4.26409276e-05,2.92168385e-04,-1.82104947e-04,2.94955397e-05,-2.19882807e-05
9.44000000e+02,6.54174261e-01,2.86482013e-05,-9.27853787e-06,8.54647353e-03,5.28819184e-05,2.91552319e-04,5.53274191e-01,3.04297555e-05,-6.18420638e-06,1.00900070e-01,-1.78155414e-06,-3.09433149e-06,8.72734196e-03,2.69817806e-05,3.09714385e-04,-1.80868426e-04,2.59001380e-05,-1.81620660e-05
9.45000000e+02,6.54197036e-01,2.36073093e-05,-7.16194335e-06,8.54077699e-03,6.29108493e-05,2.81168590e-04,5.53288457e-01,2.61786915e-05,-4.12703358e-06,1.00908582e-01,-2.57138224e-06,-3.03490979e-06,8.72247008e-03,3.34477701e-05,3.02818626e-04,-1.81693085e-04,2.94630794e-05,-2.16500352e-05
9.46000000e+02,6.54257791e-01,2.83753055e-05,-6.63558989e-06,8.54709764e-03,4.76874575e-05,2.97960418e-04,5.53337056e-01,3.01147645e-05,-3.47946660e-06,1.00920735e-01,-1.73945896e-06,-3.15612327e-06,8.72773600e-03,2.15004175e-05,3.15831261e-04,-1.80638386e-04,2.61870400e-05,-1.78708436e-05
9.47000000e+02,6.54286335e-01,2.33809303e-05,-1.01771879e-05,8.53251876e-03,6.80896195e-05,2.76571628e-04,5.53357188e-01,2.59147185e-05,-7.06255463e-06,1.00929145e-01,-2.53378823e-06,-3.11463332e-06,8.71396169e-03,3.85385471e-05,2.98376628e-04,-1.81442954e-04,2.95510725e-05,-2.18049998e-05
9.48000000e+02,6.54341772e-01,2.90421432e-05,-8.83224464e-06,8.54205935e-03,3.85307731e-05,2.95798123e-04,5.53400768e-01,3.07945502e-05,-5.71371796e-06,1.00941007e-01,-1.75240696e-06,-3.11852670e-06,8.72227279e-03,1.26626643e-05,3.13843159e-04,-1.80213456e-04,2.58681088e-05,-1.80450362e-05
9.49000000e+02,6.54363079e-01,2.35362892e-05,-6.78675214e-06,8.53451519e-03,4.47015668e-05,2.83352029e-04,5.53413812e-01,2.61291977e-05,-3.76899335e-06,1.00949267e-01,-2.59290853e-06,-3.01775880e-06,8.71555883e-03,1.55231439e-05,3.05085547e-04,-1.81043667e-04,2.91784230e-05,-2.17335179e-05
9.50000000e+02,6.54422516e-01,2.76311853e-05,-3.89424395e-06,8.53941226e-03,1.30783363e-05,2.95737098e-04,5.53461317e-01,2.94068440e-05,-8.30888655e-07,1.00961201e-01,-1.77565868e-06,-3.06335527e-06,8.71939777e-03,-1.27031547e-05,3.13863626e-04,-1.79985533e-04,2.57814909e-05,-1.81265275e-05
9.51000000e+02,6.54449465e-01,2.29680660e-05,-5.08501058e-06,8.52326664e-03,2.26259204e-05,2.76757678e-04,5.53480123e-01,2.55095971e-05,-2.03222327e-06,1.00969343e-01,-2.54153107e-06,-3.05278731e-06,8.70406008e-03,-6.61087806e-06,2.98689478e-04,-1.80793435e-04,2.92367985e-05,-2.19317999e-05
9.52000000e+02,6.54503704e-01,2.93958697e-05,-2.51819672e-06,8.53138482e-03,-1.05604548e-05,2.95517355e-04,5.53522722e-01,3.11395720e-05,5.37708024e-07,1.00980983e-01,-1.74370230e-06,-3.05590475e-06,8.71092484e-03,-3.62193531e-05,3.13747165e-04,-1.79540058e-04,2.56588983e-05,-1.82298101e-05
9.53000000e+02,6.54524307e-01,2.42059261e-05,1.15903566e-08,8.52384080e-03,-1.07619331e-05,2.79558490e-04,5.53535230e-01,2.67930487e-05,2.99600698e-06,1.00989079e-01,-2.58712264e-06,-2.98441662e-06,8.70418044e-03,-3.97502263e-05,3.01379719e-04,-1.80339646e-04,2.89882932e-05,-2.18212291e-05
9.54000000e+02,6.54582974e-01,2.84750679e-05,1.47449553e-06,8.52871692e-03,-3.26757255e-05,2.92388490e-04,5.53582144e-01,3.02437497e-05,4.56968120e-06,1.01000829e-01,-1.76868182e-06,-3.09518566e-06,8.70797960e-03,-5.85454847e-05,3.10483220e-04,-1.79262698e-04,2.58697593e-05,-1.80947295e-05
9.55000000e+02,6.54609152e-01,2.28425432e-05,-5.95621989e-07,8.51276708e-03,-1.64986503e-05,2.69222425e-04,5.53600300e-01,2.54198617e-05,2.51064445e-06,1.01008852e-01,-2.57731845e-06,-3.10626644e-06,8.69280569e-03,-4.62044715e-05,2.91317739e-04,-1.80038620e-04,2.97058211e-05,-2.20953142e-05
9.56000000e+02,6.54662800e-01,2.75865952e-05,-2.87872994e-07,8.52166853e-03,-3.31811770e-05,2.80924125e-04,5.53642561e-01,2.94089109e-05,2.88917022e-06,1.01020240e-01,-1.82231569e-06,-3.17704321e-06,8.70045003e-03,-5.96723797e-05,2.99443372e-04,-1.78781489e-04,2.64912026e-05,-1.85192469e-05
9.57000000e+02,6.54682598e-01,2.17248190e-05,-2.38752055e-07,8.51439825e-03,-1.19669057e-05,2.60333448e-04,5.53654492e-01,2.43725108e-05,2.85735165e-06,1.01028107e-01,-2.64769173e-06,-3.09610371e-06,8.69399799e-03,-4.19033308e-05,2.82568920e-04,-1.79599708e-04,2.99364251e-05,-2.22354730e-05
9.58000000e+02,6.54740276e-01,2.53944029e-05,-4.84914049e-07,8.51941942e-03,-1.87300404e-05,2.68031968e-04,5.53700647e-01,2.72085590e-05,2.68102802e-06,1.01039630e-01,-1.81415619e-06,-3.16594207e-06,8.69795491e-03,-4.53164798e-05,2.86465559e-04,-1.78535462e-04,2.65864394e-05,-1.84335908e-05
9.59000000e+02,6.54765190e-01,2.03161911e-05,-3.89147437e-06,8.50404973e-03,1.12326137e-05,2.46906520e-04,5.53717757e-01,2.29141729e-05,-7.84800274e-07,1.01047433e-01,-2.59798181e-06,-3.10667408e-06,8.68336037e-03,-1.86726155e-05,2.69250616e-04,-1.79310638e-04,2.99052292e-05,-2.23440961e-05
9.60000000e+02,6.54817931e-01,2.57584266e-05,-3.06927642e-06,8.51368996e-03,-4.91324059e-06,2.61550566e-04,5.53759271e-01,2.75930539e-05,6.12695358e-08,1.01058659e-01,-1.83462736e-06,-3.13054595e-06,8.69173521e-03,-3.12064580e-05,2.80280480e-04,-1.78045219e-04,2.62932175e-05,-1.87299141e-05
9.61000000e+02,6.54836854e-01,1.98429708e-05,-2.41571319e-06,8.50813751e-03,1.29915858e-05,2.43365163e-04,5.53770588e-01,2.25027988e-05,6.53926703e-07,1.01066266e-01,-2.65982799e-06,-3.06963989e-06,8.68697824e-03,-1.68451903e-05,2.65542929e-04,-1.78840740e-04,2.98367761e-05,-2.21777666e-05
9.62000000e+02,6.54893587e-01,2.44293073e-05,-2.95937748e-06,8.51527032e-03,7.62770273e-06,2.59635271e-04,5.53816047e-01,2.62410579e-05,2.01123032e-07,1.01077541e-01,-1.81175056e-06,-3.16050051e-06,8.69303600e-03,-1.89952633e-05,2.77920147e-04,-1.77765674e-04,2.66229660e-05,-1.82848760e-05
9.63000000e+02,6.54917232e-01,1.93629006e-05,-6.50075337e-06,8.50224714e-03,3.93491595e-05,2.44796712e-04,5.53832106e-01,2.19393131e-05,-3.37409398e-06,1.01085128e-01,-2.57641251e-06,-3.12665939e-06,8.68081496e-03,9.35664636e-06,2.66720902e-04,-1.78567842e-04,2.99925132e-05,-2.19241899e-05
9.64000000e+02,6.54969087e-01,2.55908906e-05,-5.56295599e-06,8.51269749e-03,2.02892312e-05,2.70532189e-04,5.53872970e-01,2.73924388e-05,-2.42342369e-06,1.01096113e-01,-1.80154823e-06,-3.13953229e-06,8.69002521e-03,-6.09683065e-06,2.88750006e-04,-1.77327727e-04,2.63860619e-05,-1.82178160e-05
9.65000000e+02,6.54987293e-01,2.09563395e-05,-4.48774309e-06,8.50819893e-03,3.07935314e-05,2.59267107e-04,5.53883836e-01,2.35616440e-05,-1.42110224e-06,1.01103458e-01,-2.60530444e-06,-3.06664084e-06,8.68634864e-03,1.20943984e-06,2.81216699e-04,-1.78149692e-04,2.95840916e-05,-2.19495926e-05
9.66000000e+02,6.55042494e-01,2.48406684e-05,-4.80098900e-06,8.51676747e-03,2.16870999e-05,2.69723156e-04,5.53928046e-01,2.66456069e-05,-1.66982104e-06,1.01114447e-01,-1.80493855e-06,-3.13116797e-06,8.69387933e-03,-4.53035876e-06,2.87970650e-04,-1.77111866e-04,2.62174587e-05,-1.82474940e-05
9.67000000e+02,6.55065147e-01,1.96340217e-05,-7.58357520e-06,8.50400387e-03,3.95928159e-05,2.51661344e-04,5.53943413e-01,2.21986130e-05,-4.46752745e-06,1.01121732e-01,-2.56459135e-06,-3.11604775e-06,8.68192050e-03,9.89294013e-06,2.73555339e-04,-1.77916613e-04,2.96998758e-05,-2.18939958e-05
9.68000000e+02,6.55115449e-01,2.58909295e-05,-6.15874810e-06,8.51590279e-03,1.58413139e-05,2.72611372e-04,5.53982951e-01,2.76575275e-05,-3.03507343e-06,1.01132498e-01,-1.76659792e-06,-3.12367468e-06,8.69259775e-03,-1.02834806e-05,2.90739055e-04,-1.76694947e-04,2.61247945e-05,-1.81276836e-05
9.69000000e+02,6.55132582e-01,2.11165766e-05,-3.98096924e-06,8.51092203e-03,2.47209646e-05,2.61886604e-04,5.53992886e-01,2.37144631e-05,-9.60547302e-07,1.01139698e-01,-2.59788647e-06,-3.02042193e-06,8.68845993e-03,-4.78163786e-06,2.83584636e-04,-1.77537884e-04,2.95026024e-05,-2.16980314e-05
9.70000000e+02,6.55187537e-01,2.63665740e-05,-3.41289108e-06,8.51773943e-03,1.01348991e-05,2.80477975e-04,5.54037085e-01,2.81026116e-05,-2.91408866e-07,1.01150451e-01,-1.73603768e-06,-3.12148222e-06,8.69423389e-03,-1.61481239e-05,2.98290943e-04,-1.76494417e-04,2.62830229e-05,-1.78129668e-05
9.71000000e+02,6.55209864e-01,2.15466169e-05,-6.28780085e-06,8.50403300e-03,2.94828317e-05,2.66110284e-04,5.54052277e-01,2.40899387e-05,-3.16994791e-06,1.01157589e-01,-2.54332183e-06,-3.11785294e-06,8.68132435e-03,-2.39693282e-07,2.87699509e-04,-1.77291375e-04,2.97225249e-05,-2.15892249e-05
9.72000000e+02,6.55260057e-01,2.76639241e-05,-5.43506533e-06,8.51438702e-03,3.79202401e-06,2.90239817e-04,5.54091857e-01,2.94466766e-05,-2.26938399e-06,1.01168200e-01,-1.78275253e-06,-3.16568135e-06,8.69045719e-03,-2.24141714e-05,3.08251022e-04,-1.76070155e-04,2.62061953e-05,-1.80112057e-05
9.73000000e+02,6.55276280e-01,2.24219838e-05,-2.72864463e-06,8.50835250e-03,6.83931230e-06,2.72253799e-04,5.54101194e-01,2.50378081e-05,2.93636744e-07,1.01175085e-01,-2.61582431e-06,-3.02228137e-06,8.68525856e-03,-2.26843103e-05,2.94078903e-04,-1.76906083e-04,2.95236226e-05,-2.18251033e-05
9.74000000e+02,6.55329430e-01,2.64199139e-05,-6.90218093e-07,8.51473574e-03,-1.87538583e-05,2.84930176e-04,5.54143739e-01,2.82445239e-05,2.42970883e-06,1.01185692e-01,-1.82460993e-06,-3.11992693e-06,8.69060361e-03,-4.50434624e-05,3.03121700e-04,-1.75867873e-04,2.62896042e-05,-1.81915243e-05
9.75000000e+02,6.55350049e-01,2.14800424e-05,-3.31302212e-06,8.50052158e-03,-5.17345363e-06,2.66933664e-04,5.54157429e-01,2.40424312e-05,-1.64955503e-07,1.01192619e-01,-2.56238874e-06,-3.14806662e-06,8.67720384e-03,-3.50331742e-05,2.88816808e-04,-1.76682242e-04,2.98597206e-05,-2.18831436e-05
9.76000000e+02,6.55398375e-01,2.77025211e-05,-2.01236391e-06,8.51042577e-03,-3.04584649e-05,2.87075781e-04,5.54195484e-01,2.94770299e-05,1.13182001e-06,1.01202890e-01,-1.77450880e-06,-3.14418392e-06,8.68589298e-03,-5.67904240e-05,3.05262822e-04,-1.75467216e-04,2.63319589e-05,-1.81870409e-05
9.77000000e+02,6.55413427e-01,2.26110603e-05,1.66983929e-06,8.50493119e-03,-3.34307618e-05,2.75974577e-04,5.54203736e-01,2.52561357e-05,4.71202730e-06,1.01209689e-01,-2.64507548e-06,-3.04218803e-06,8.68123021e-03,-6.30703764e-05,2.97838668e-04,-1.76299049e-04,2.96396145e-05,-2.18640913e-05
9.78000000e+02,6.55465896e-01,2.76305456e-05,3.74151015e-06,8.51160094e-03,-5.65091733e-05,2.90587133e-04,5.54245860e-01,2.94185306e-05,6.87824747e-06,1.01220037e-01,-1.78798503e-06,-3.13673732e-06,8.68687826e-03,-8.29167153e-05,3.08670257e-04,-1.75277314e-04,2.64075419e-05,-1.80831233e-05
9.79000000e+02,6.55485168e-01,2.30189680e-05,1.19346696e-06,8.49688862e-03,-4.19253637e-05,2.75193906e-04,5.54258574e-01,2.55700627e-05,4.32041205e-06,1.01226595e-01,-2.55109468e-06,-3.12694508e-06,8.67297465e-03,-7.18691139e-05,2.96960521e-04,-1.76086053e-04,2.99437502e-05,-2.17666156e-05
9.80000000e+02,6.55532837e-01,2.90420410e-05,2.06009842e-06,8.50776404e-03,-6.45183448e-05,2.98771167e-04,5.54296085e-01,3.08409176e-05,5.22325739e-06,1.01236751e-01,-1.79887660e-06,-3.16315896e-06,8.68263112e-03,-9.10041815e-05,3.16896502e-04,-1.74867082e-04,2.64858370e-05,-1.81253356e-05
9.81000000e+02,6.55547009e-01,2.40878655e-05,5.38923785e-06,8.50230953e-03,-6.47915794e-05,2.84225248e-04,5.54303729e-01,2.66890853e-05,8.47990428e-06,1.01243280e-01,-2.60121987e-06,-3.09066645e-06,8.67801026e-03,-9.47810198e-05,3.06066299e-04,-1.75700740e-04,2.99894405e-05,-2.18410516e-05
9.82000000e+02,6.55598016e-01,2.88681627e-05,6.04288220e-06,8.50931585e-03,-7.71705161e-05,2.97675962e-04,5.54344593e-01,3.06625862e-05,9.24563090e-06,1.01253422e-01,-1.79442347e-06,-3.20274870e-06,8.68398676e-03,-1.03997229e-04,3.15768924e-04,-1.74670907e-04,2.68267134e-05,-1.80929620e-05
9.83000000e+02,6.55616374e-01,2.41684048e-05,2.52540215e-06,8.49596316e-03,-5.70702003e-05,2.77319080e-04,5.54356412e-01,2.67319697e-05,5.70012785e-06,1.01259964e-01,-2.56356497e-06,-3.17472570e-06,8.67143733e-03,-8.73990491e-05,2.99091071e-04,-1.75474167e-04,3.03288487e-05,-2.17719903e-05
9.84000000e+02,6.55662409e-01,2.98034926e-05,3.35518501e-06,8.50680137e-03,-7.44459473e-05,2.95005472e-04,5.54392557e-01,3.15909639e-05,6.53923206e-06,1.01269853e-01,-1.78747131e-06,-3.18404705e-06,8.68106778e-03,-1.01301878e-04,3.13128540e-04,-1.74266415e-04,2.68559302e-05,-1.81230682e-05
9.85000000e+02,6.55675628e-01,2.34902573e-05,6.29289133e-06,8.50158597e-03,-6.67744268e-05,2.75314573e-04,5.54399350e-01,2.61217643e-05,9.40373391e-06,1.01276277e-01,-2.63150700e-06,-3.11084256e-06,8.67667446e-03,-9.70476787e-05,2.97138556e-04,-1.75088496e-04,3.02732519e-05,-2.18239823e-05
9.86000000e+02,6.55726316e-01,2.69124156e-05,6.28805625e-06,8.51019220e-03,-7.23001571e-05,2.81141913e-04,5.54439996e-01,2.87429669e-05,9.50368001e-06,1.01286321e-01,-1.83055131e-06,-3.21562375e-06,8.68425009e-03,-9.93479667e-05,2.99371143e-04,-1.74057892e-04,2.70478097e-05,-1.82292301e-05
9.87000000e+02,6.55744254e-01,2.11271089e-05,2.85275155e-06,8.49755878e-03,-5.26284603e-05,2.53922163e-04,5.54451597e-01,2.37318008e-05,6.05650546e-06,1.01292660e-01,-2.60469181e-06,-3.20375392e-06,8.67243856e-03,-8.31521903e-05,2.75924386e-04,-1.74879792e-04,3.05237297e-05,-2.20022229e-05
9.88000000e+02,6.55789705e-01,2.51943849e-05,3.06840384e-06,8.50960325e-03,-6.98777185e-05,2.62084570e-04,5.54487268e-01,2.70393513e-05,6.27077470e-06,1.01302437e-01,-1.84496635e-06,-3.20237087e-06,8.68328057e-03,-9.67997965e-05,2.80435821e-04,-1.73677324e-04,2.69220777e-05,-1.83512504e-05
9.89000000e+02,6.55801963e-01,1.80663325e-05,5.31752961e-06,8.50542866e-03,-6.10170277e-05,2.33722441e-04,5.54493306e-01,2.07132927e-05,8.43355814e-06,1.01308658e-01,-2.64696016e-06,-3.11602854e-06,8.67994381e-03,-9.12060147e-05,2.55785172e-04,-1.74515149e-04,3.01889869e-05,-2.20627311e-05
9.90000000e+02,6.55851982e-01,2.15427108e-05,6.34655603e-06,8.51379811e-03,-7.77125543e-05,2.38764427e-04,5.54533528e-01,2.33521038e-05,9.56800839e-06,1.01318454e-01,-1.80939305e-06,-3.22145240e-06,8.68732196e-03,-1.04731740e-04,2.57018774e-04,-1.73523862e-04,2.70191854e-05,-1.82543464e-05
9.91000000e+02,6.55868761e-01,1.56096695e-05,3.86773148e-06,8.50106340e-03,-6.38372952e-05,2.11526108e-04,5.54544153e-01,1.81894043e-05,7.07109464e-06,1.01324611e-01,-2.57973481e-06,-3.20336317e-06,8.67540806e-03,-9.43360905e-05,2.33355212e-04,-1.74344690e-04,3.04987952e-05,-2.18291035e-05
9.92000000e+02,6.55913305e-01,2.11648561e-05,5.10275026e-06,8.51255724e-03,-8.84613396e-05,2.24634317e-04,5.54579053e-01,2.29580967e-05,8.31610653e-06,1.01334250e-01,-1.79324063e-06,-3.21335628e-06,8.68571563e-03,-1.15402306e-04,2.42762959e-04,-1.73158395e-04,2.69409663e-05,-1.81286420e-05
9.93000000e+02,6.55924840e-01,1.44674896e-05,8.01365509e-06,8.50809132e-03,-8.92311533e-05,2.00323931e-04,5.54584589e-01,1.70807803e-05,1.11440824e-05,1.01340249e-01,-2.61329074e-06,-3.13042733e-06,8.68210952e-03,-1.19522877e-04,2.21964321e-04,-1.74018216e-04,3.02917237e-05,-2.16403903e-05
9.94000000e+02,6.55973609e-01,1.87393835e-05,8.49762956e-06,8.51593105e-03,-1.02754902e-04,2.14345901e-04,5.54623687e-01,2.05021301e-05,1.17417240e-05,1.01349923e-01,-1.76274666e-06,-3.24409446e-06,8.68895162e-03,-1.29896185e-04,2.32075282e-04,-1.73020550e-04,2.71412831e-05,-1.77293800e-05
9.95000000e+02,6.55989719e-01,1.44699038e-05,5.78874039e-06,8.50246120e-03,-8.54518947e-05,1.99191036e-04,5.54633833e-01,1.69916602e-05,8.99593117e-06,1.01355884e-01,-2.52175633e-06,-3.20719079e-06,8.67630532e-03,-1.16062581e-04,2.20568053e-04,-1.73844124e-04,3.06106864e-05,-2.13770172e-05
9.96000000e+02,6.56033237e-01,2.02455779e-05,6.91381801e-06,8.51358220e-03,-1.09835657e-04,2.15696362e-04,5.54667943e-01,2.19926962e-05,1.01622127e-05,1.01365292e-01,-1.74711833e-06,-3.24839472e-06,8.68625561e-03,-1.36973446e-04,2.33357175e-04,-1.72673393e-04,2.71377892e-05,-1.76608124e-05
9.97000000e+02,6.56043484e-01,1.52054311e-05,9.09963939e-06,8.50803962e-03,-1.06701347e-04,2.03347952e-04,5.54672363e-01,1.77653269e-05,1.22604494e-05,1.01371122e-01,-2.55989584e-06,-3.16081006e-06,8.68154625e-03,-1.37124265e-04,2.24530368e-04,-1.73506611e-04,3.04229186e-05,-2.11824168e-05
9.98000000e+02,6.56091409e-01,2.00460040e-05,9.57492986e-06,8.51606390e-03,-1.20775758e-04,2.22178767e-04,5.54710780e-01,2.17878902e-05,1.28105400e-05,1.01380626e-01,-1.74188616e-06,-3.23561016e-06,8.68857810e-03,-1.47946164e-04,2.39586912e-04,-1.72514211e-04,2.71704055e-05,-1.74081444e-05
9.99000000e+02,6.56107422e-01,1.57126118e-05,7.10219890e-06,8.50230583e-03,-1.04810649e-04,2.07894986e-04,5.54720934e-01,1.82084084e-05,1.03189125e-05,1.01386487e-01,-2.49579667e-06,-3.21671360e-06,8.67563856e-03,-1.35509949e-04,2.28938960e-04,-1.73332713e-04,3.06993005e-05,-2.10439743e-05
1.00000000e+03,6.56150188e-01,2.26019491e-05,8.82443928e-06,8.51337942e-03,-1.23582649e-04,2.32417834e-04,5.54754488e-01,2.43194801e-05,1.20424010e-05,1.01395699e-01,-1.71753106e-06,-3.21796166e-06,8.68552617e-03,-1.50847185e-04,2.49815378e-04,-1.72146771e-04,2.72645358e-05,-1.73975430e-05
