time,Cx,Cy,Cz,Mx,My,Mz,Cx_p,Cy_p,Cz_p,Cx_v,Cy_v,Cz_v,Mx_p,My_p,Mz_p,Mx_v,My_v,Mz_v
1.00000000e+00,2.62891342e+00,-5.64678185e-05,7.48522368e-05,2.10265667e-03,-5.56222489e-04,-8.89079291e-04,4.84801591e-01,-8.23823154e-05,5.28514546e-05,2.14411183e+00,2.59144970e-05,2.20007822e-05,2.09864902e-03,-3.98102654e-04,-8.65378799e-04,4.00764858e-06,-1.58119837e-04,-2.37004884e-05
2.00000000e+00,2.79796130e+00,-1.29884499e-04,1.01025233e-04,4.79435041e-03,-7.25969075e-04,-1.62937812e-03,6.36770687e-01,-1.48018142e-04,8.97228610e-05,2.16119061e+00,1.81336432e-05,1.13023714e-05,4.86869533e-03,-6.63029298e-04,-1.53613668e-03,-7.43449256e-05,-6.29397760e-05,-9.32414425e-05
3.00000000e+00,2.87029592e+00,-1.67392364e-04,1.34078492e-04,7.89255914e-03,-1.04065287e-03,-2.02611151e-03,7.14559067e-01,-1.80097121e-04,1.32133457e-04,2.15573685e+00,1.27047568e-05,1.94503474e-06,8.09096457e-03,-1.06211998e-03,-1.88603151e-03,-1.98405414e-04,2.14671142e-05,-1.40080002e-04
4.00000000e+00,2.90773358e+00,-1.86393347e-04,1.57449982e-04,1.02176877e-02,-1.13483930e-03,-2.27951109e-03,7.64622773e-01,-1.91948011e-04,1.66589009e-04,2.14311080e+00,5.55466394e-06,-9.13902732e-06,1.06238928e-02,-1.25378932e-03,-2.08069977e-03,-4.06205208e-04,1.18950016e-04,-1.98811310e-04
5.00000000e+00,2.91710684e+00,-2.02321672e-04,1.87310556e-04,9.88273259e-03,-1.31840365e-03,-2.46839273e-03,8.02141793e-01,-1.98536445e-04,2.11765211e-04,2.11496505e+00,-3.78522720e-06,-2.44546553e-05,1.04405985e-02,-1.56957256e-03,-2.19595082e-03,-5.57865947e-04,2.51168915e-04,-2.72441914e-04
6.00000000e+00,2.90204565e+00,-1.80869965e-04,1.58721269e-04,8.96288265e-03,-8.67160286e-04,-2.36904427e-03,8.29953673e-01,-1.70253200e-04,1.94420430e-04,2.07209198e+00,-1.06167650e-05,-3.56991609e-05,9.63010262e-03,-1.22113498e-03,-2.04153820e-03,-6.67219985e-04,3.53974694e-04,-3.27506073e-04
7.00000000e+00,2.86355283e+00,-1.49231693e-04,1.65961218e-04,6.91264224e-03,-8.26533860e-04,-2.13156030e-03,8.51486380e-01,-1.26545359e-04,2.19801128e-04,2.01206645e+00,-2.26863341e-05,-5.38399102e-05,7.60163769e-03,-1.33341060e-03,-1.71062735e-03,-6.88995495e-04,5.06876739e-04,-4.20932944e-04
8.00000000e+00,2.80583851e+00,-9.02083919e-05,9.27889582e-05,4.72514559e-03,-6.14862168e-05,-1.58620512e-03,8.69077974e-01,-5.78888756e-05,1.58760145e-04,1.93676054e+00,-3.23195164e-05,-6.59711871e-05,5.34158452e-03,-6.61317117e-04,-1.08764126e-03,-6.16438940e-04,5.99830901e-04,-4.98563864e-04
9.00000000e+00,2.72689626e+00,-2.49810083e-05,-7.85720858e-05,2.82420238e-03,1.11960252e-03,-9.14977057e-04,8.79125318e-01,1.68291765e-05,-6.24938764e-06,1.84777094e+00,-4.18101849e-05,-7.23226983e-05,3.28100595e-03,4.64679486e-04,-3.40745686e-04,-4.56803573e-04,6.54923039e-04,-5.74231374e-04
1.00000000e+01,2.63816808e+00,8.21979830e-05,3.69440438e-05,1.69738255e-03,-6.19330616e-05,1.79005925e-05,8.90488058e-01,1.37221948e-04,1.19037779e-04,1.74768003e+00,-5.50239654e-05,-8.20937357e-05,1.96739545e-03,-8.03796904e-04,6.97525889e-04,-2.70012902e-04,7.41863843e-04,-6.79625296e-04
1.10000000e+01,2.53664822e+00,1.45223235e-05,-9.24973300e-05,1.07458147e-03,8.84186644e-04,-4.30821181e-04,8.92687248e-01,7.91908285e-05,-5.04411101e-06,1.64396097e+00,-6.46685047e-05,-8.74532187e-05,1.19345602e-03,8.40982634e-05,3.24315134e-04,-1.18874550e-04,8.00088382e-04,-7.55136312e-04
1.20000000e+01,2.42979249e+00,1.15419572e-04,-1.10389994e-04,9.60633586e-04,9.34618983e-04,5.24087840e-04,8.96391524e-01,1.88613760e-04,-1.77075795e-05,1.53340097e+00,-7.31941882e-05,-9.26824144e-05,1.00210576e-03,7.97633621e-05,1.34354691e-03,-4.14721715e-05,8.54855623e-04,-8.19459068e-04
1.30000000e+01,2.32497600e+00,1.57158162e-04,-9.70697354e-05,2.09361079e-03,8.12147861e-04,9.20543682e-04,9.03427521e-01,2.35103280e-04,-1.11358073e-06,1.42154848e+00,-7.79451170e-05,-9.59561546e-05,2.09600966e-03,-7.68765600e-05,1.77121423e-03,-2.39887358e-06,8.89024423e-04,-8.50670548e-04
1.40000000e+01,2.22182168e+00,1.14047771e-04,-9.40434618e-05,2.81410134e-03,8.51130630e-04,6.64942702e-04,9.14565757e-01,1.94917409e-04,1.32334503e-06,1.30725592e+00,-8.08696379e-05,-9.53668070e-05,2.74522060e-03,-3.71000402e-05,1.53417420e-03,6.88807377e-05,8.88230670e-04,-8.69231502e-04
1.50000000e+01,2.11624386e+00,4.44754016e-05,-1.26915540e-06,6.78126151e-03,4.63524524e-05,2.10750872e-04,9.23455659e-01,1.24777160e-04,8.92428804e-05,1.19278820e+00,-8.03017580e-05,-9.05120359e-05,6.79194713e-03,-8.04426562e-04,1.06919452e-03,-1.06856345e-05,8.50779011e-04,-8.58443647e-04
1.60000000e+01,2.01087655e+00,-2.16339459e-05,1.97814523e-04,7.88232038e-03,-1.84638539e-03,-9.25254061e-05,9.26733616e-01,5.36859940e-05,2.80196397e-04,1.08414293e+00,-7.53199402e-05,-8.23818743e-05,7.83938660e-03,-2.63295566e-03,7.19434803e-04,4.29338008e-05,7.86570256e-04,-8.11960210e-04
1.70000000e+01,1.90757551e+00,-9.39402057e-05,4.19586842e-04,1.02785832e-02,-4.40713035e-03,-2.49139554e-04,9.23503129e-01,-2.44322274e-05,4.93347692e-04,9.84072376e-01,-6.95079786e-05,-7.37608512e-05,1.02169715e-02,-5.12508061e-03,5.07983616e-04,6.16116605e-05,7.17950271e-04,-7.57123171e-04
1.80000000e+01,1.81045548e+00,-1.10168092e-04,6.64876156e-04,1.28832263e-02,-7.28534370e-03,9.77677377e-05,9.16269017e-01,-4.64978275e-05,7.29896509e-04,8.94186463e-01,-6.36702649e-05,-6.50203524e-05,1.28240066e-02,-7.93570825e-03,7.99740711e-04,5.92198088e-05,6.50364569e-04,-7.01972974e-04
1.90000000e+01,1.71633413e+00,-6.89277621e-05,9.25969512e-04,1.55016374e-02,-1.01254771e-02,8.65411944e-04,9.01430493e-01,-1.05170603e-05,9.87158099e-04,8.14903638e-01,-5.84107019e-05,-6.11885839e-05,1.54510827e-02,-1.07545305e-02,1.51824872e-03,5.05546668e-05,6.29053367e-04,-6.52836777e-04
2.00000000e+01,1.62898211e+00,-1.27842596e-05,1.17110307e-03,1.86083175e-02,-1.28043333e-02,1.91409106e-03,8.84635015e-01,3.99977584e-05,1.22745609e-03,7.44347091e-01,-5.27820181e-05,-5.63530159e-05,1.85407618e-02,-1.34067793e-02,2.52174454e-03,6.75556961e-05,6.02446041e-04,-6.07653480e-04
2.10000000e+01,1.54591632e+00,6.61599316e-05,1.31933030e-03,2.37257581e-02,-1.41031729e-02,2.83124850e-03,8.63862551e-01,1.14764547e-04,1.37427428e-03,6.82053771e-01,-4.86046152e-05,-5.49439791e-05,2.36071754e-02,-1.47002462e-02,3.40140339e-03,1.18582708e-04,5.97073282e-04,-5.70154888e-04
2.20000000e+01,1.47304723e+00,7.85377706e-05,1.27855008e-03,3.15805887e-02,-1.40056028e-02,3.67055497e-03,8.46321099e-01,1.24583876e-04,1.33305491e-03,6.26726129e-01,-4.60461049e-05,-5.45048293e-05,3.13767970e-02,-1.46025156e-02,4.21981215e-03,2.03791795e-04,5.96912781e-04,-5.49257172e-04
2.30000000e+01,1.40770827e+00,1.02703242e-04,1.03899320e-03,4.15038031e-02,-1.20797343e-02,4.38426734e-03,8.30059607e-01,1.45604997e-04,1.09613395e-03,5.77648661e-01,-4.29017546e-05,-5.71407490e-05,4.12338143e-02,-1.26907472e-02,4.90505340e-03,2.69988795e-04,6.11012927e-04,-5.20786054e-04
2.40000000e+01,1.35512809e+00,1.67057764e-04,6.39378325e-04,5.07257828e-02,-8.61717466e-03,5.19900903e-03,8.21141612e-01,2.09120131e-04,6.96849443e-04,5.33986483e-01,-4.20623670e-05,-5.74711157e-05,5.04490984e-02,-9.22881606e-03,5.70168412e-03,2.76684470e-04,6.11641364e-04,-5.02675115e-04
2.50000000e+01,1.31185652e+00,2.33243320e-04,2.15328863e-04,5.62968999e-02,-4.71567947e-03,5.91407326e-03,8.16385176e-01,2.70993069e-04,2.75523287e-04,4.95471347e-01,-3.77497482e-05,-6.01944247e-05,5.61179580e-02,-5.34004735e-03,6.37564538e-03,1.78941916e-04,6.24367852e-04,-4.61572139e-04
2.60000000e+01,1.28118160e+00,3.93787182e-04,-1.25029516e-04,5.76369052e-02,-1.26569929e-03,6.91480809e-03,8.19497430e-01,4.26472959e-04,-6.66689591e-05,4.61684178e-01,-3.26857755e-05,-5.83605569e-05,5.76312978e-02,-1.86556455e-03,7.32832425e-03,5.60744007e-06,5.99865267e-04,-4.13516152e-04
2.70000000e+01,1.25842788e+00,5.57594636e-04,-3.35122326e-04,5.54846464e-02,1.25643912e-03,7.73612875e-03,8.25973645e-01,5.87502869e-04,-2.79923068e-04,4.32454240e-01,-2.99082321e-05,-5.51992583e-05,5.56441749e-02,6.92558790e-04,8.11362176e-03,-1.59528302e-04,5.63880327e-04,-3.77492993e-04
2.80000000e+01,1.24430901e+00,7.10199438e-04,-3.91643523e-04,5.04454176e-02,2.66137566e-03,8.30172691e-03,8.37012047e-01,7.38444446e-04,-3.42627678e-04,4.07296966e-01,-2.82450077e-05,-4.90158463e-05,5.07347564e-02,2.15399023e-03,8.65344340e-03,-2.89338705e-04,5.07385431e-04,-3.51716465e-04
2.90000000e+01,1.23346957e+00,8.42669203e-04,-2.99565447e-04,4.37538992e-02,2.72130234e-03,8.69444727e-03,8.47557339e-01,8.68287600e-04,-2.58585868e-04,3.85912229e-01,-2.56183953e-05,-4.09795790e-05,4.41284909e-02,2.29391909e-03,9.01257197e-03,-3.74591786e-04,4.27383249e-04,-3.18124696e-04
3.00000000e+01,1.22490969e+00,1.04469629e-03,-1.78391178e-05,3.65531973e-02,9.52685489e-04,9.53247615e-03,8.57119902e-01,1.06665653e-03,1.36801661e-05,3.67789785e-01,-2.19602404e-05,-3.15192839e-05,3.69581613e-02,6.06691796e-04,9.81105377e-03,-4.04964080e-04,3.45993691e-04,-2.78577580e-04
3.10000000e+01,1.21528055e+00,1.27667095e-03,3.66214266e-04,2.96869407e-02,-1.79249387e-03,1.07955284e-02,8.62977634e-01,1.29677991e-03,3.90481106e-04,3.52302924e-01,-2.01089567e-05,-2.42668390e-05,3.00785944e-02,-2.06513955e-03,1.10446474e-02,-3.91653742e-04,2.72645675e-04,-2.49119008e-04
3.20000000e+01,1.20392728e+00,1.47717698e-03,8.22526509e-04,2.34814295e-02,-5.26704731e-03,1.20291396e-02,8.65066956e-01,1.49565024e-03,8.42694304e-04,3.38860322e-01,-1.84732597e-05,-2.01677958e-05,2.38340092e-02,-5.49978924e-03,1.22500458e-02,-3.52579690e-04,2.32741915e-04,-2.20906149e-04
3.30000000e+01,1.19029229e+00,1.64070896e-03,1.31012337e-03,1.80561749e-02,-9.15047448e-03,1.31566662e-02,8.63353850e-01,1.66156009e-03,1.33330888e-03,3.26938434e-01,-2.08511297e-05,-2.31855123e-05,1.83681669e-02,-9.38842150e-03,1.33809379e-02,-3.11992027e-04,2.37946996e-04,-2.24271750e-04
3.40000000e+01,1.17418150e+00,1.75149349e-03,1.64078556e-03,1.31723797e-02,-1.20460230e-02,1.39742189e-02,8.57962237e-01,1.77038571e-03,1.66707931e-03,3.16219268e-01,-1.88922179e-05,-2.62937497e-05,1.34536190e-02,-1.23107540e-02,1.41772822e-02,-2.81239251e-04,2.64731021e-04,-2.03063233e-04
3.50000000e+01,1.15623530e+00,1.76202294e-03,1.73786564e-03,8.48995597e-03,-1.32019934e-02,1.41376035e-02,8.49907218e-01,1.78357641e-03,1.77115348e-03,3.06328084e-01,-2.15534683e-05,-3.32878405e-05,8.74642270e-03,-1.35138099e-02,1.43546384e-02,-2.56466746e-04,3.11816561e-04,-2.17034933e-04
3.60000000e+01,1.13748051e+00,1.69785151e-03,1.58991016e-03,3.96691825e-03,-1.22637968e-02,1.37775349e-02,8.40467924e-01,1.72204660e-03,1.62714896e-03,2.97012585e-01,-2.41950816e-05,-3.72388047e-05,4.19720548e-03,-1.26168948e-02,1.40126523e-02,-2.30287235e-04,3.53097983e-04,-2.35117402e-04
3.70000000e+01,1.11851618e+00,1.47429077e-03,1.31535514e-03,-1.38652504e-04,-1.04599981e-02,1.22413986e-02,8.30455570e-01,1.50238828e-03,1.35885057e-03,2.88060610e-01,-2.80975170e-05,-4.34954247e-05,5.85659450e-05,-1.08553089e-02,1.25042071e-02,-1.97218449e-04,3.95310856e-04,-2.62808537e-04
3.80000000e+01,1.09994461e+00,1.20290720e-03,9.13896944e-04,-3.55628912e-03,-7.48671717e-03,1.02370584e-02,8.20615699e-01,1.23222517e-03,9.57233216e-04,2.79328910e-01,-2.93179652e-05,-4.33362702e-05,-3.39226645e-03,-7.89345703e-03,1.05101690e-02,-1.64022677e-04,4.06739838e-04,-2.73110612e-04
3.90000000e+01,1.08153541e+00,8.68676526e-04,4.90163828e-04,-6.21861666e-03,-4.38155230e-03,7.68804173e-03,8.10770727e-01,8.99197503e-04,5.34755325e-04,2.70764681e-01,-3.05209773e-05,-4.45914970e-05,-6.08861292e-03,-4.79094256e-03,7.96889777e-03,-1.30003720e-04,4.09390264e-04,-2.80856073e-04
4.00000000e+01,1.06354510e+00,5.59183174e-04,8.62139108e-05,-8.10219664e-03,-1.19591825e-03,5.22392130e-03,8.01214832e-01,5.89239267e-04,1.27280498e-04,2.62330270e-01,-3.00560904e-05,-4.10665874e-05,-8.00706933e-03,-1.58970424e-03,5.50373911e-03,-9.51273050e-05,3.93785984e-04,-2.79817850e-04
4.10000000e+01,1.04597237e+00,2.42453574e-04,-2.87066417e-04,-9.11762239e-03,1.70764076e-03,2.67705377e-03,7.91915361e-01,2.71342104e-04,-2.48030890e-04,2.54057015e-01,-2.88885298e-05,-3.90355281e-05,-9.05967353e-03,1.33664979e-03,2.94532240e-03,-5.79488576e-05,3.70990970e-04,-2.68268628e-04
4.20000000e+01,1.02863235e+00,4.52347146e-06,-5.78920221e-04,-9.19816085e-03,4.28147801e-03,6.39775743e-04,7.82681423e-01,2.93445840e-05,-5.43865028e-04,2.45950930e-01,-2.48211125e-05,-3.50551925e-05,-9.17892527e-03,3.92999005e-03,8.77153003e-04,-1.92355791e-05,3.51487963e-04,-2.37377259e-04
4.30000000e+01,1.01164984e+00,-1.61675745e-04,-8.25347252e-04,-8.32017776e-03,6.46312456e-03,-9.16567718e-04,7.73549498e-01,-1.39504476e-04,-7.93829225e-04,2.38100344e-01,-2.21712688e-05,-3.15180265e-05,-8.34077336e-03,6.14401176e-03,-7.04852658e-04,2.05956328e-05,3.19112809e-04,-2.11715062e-04
4.40000000e+01,9.95342507e-01,-2.17174924e-04,-9.22428036e-04,-6.58378242e-03,7.52871994e-03,-1.53796312e-03,7.64832544e-01,-2.00631709e-04,-8.94715341e-04,2.30509960e-01,-1.65432146e-05,-2.77126966e-05,-6.64146523e-03,7.23216537e-03,-1.36909603e-03,5.76827836e-05,2.96554569e-04,-1.68867093e-04
4.50000000e+01,9.80302416e-01,-1.66300345e-04,-9.24064238e-04,-4.14143120e-03,7.73711890e-03,-1.21437567e-03,7.57049239e-01,-1.52269983e-04,-9.00081690e-04,2.23253177e-01,-1.40303623e-05,-2.39825514e-05,-4.23169285e-03,7.47442601e-03,-1.06974677e-03,9.02616533e-05,2.62692872e-04,-1.44628896e-04
4.60000000e+01,9.66449795e-01,-2.37573381e-05,-7.60484241e-04,-1.14479507e-03,6.71995207e-03,-1.97754737e-04,7.50119861e-01,-1.45474511e-05,-7.41029298e-04,2.16329936e-01,-9.20988701e-06,-1.94549417e-05,-1.26116182e-03,6.49568312e-03,-8.89294024e-05,1.16366748e-04,2.24268952e-04,-1.08825335e-04
4.70000000e+01,9.54055008e-01,1.60977363e-04,-5.66780988e-04,2.18720968e-03,5.43946017e-03,1.25542543e-03,7.44269051e-01,1.69340338e-04,-5.49831495e-04,2.09785960e-01,-8.36297483e-06,-1.69494937e-05,2.05233860e-03,5.23415243e-03,1.36084854e-03,1.34871075e-04,2.05307733e-04,-1.05423109e-04
4.80000000e+01,9.42055177e-01,3.46228189e-04,-3.56096493e-04,5.61979717e-03,3.89836035e-03,2.62360352e-03,7.38450282e-01,3.53673454e-04,-3.39584271e-04,2.03604895e-01,-7.44526499e-06,-1.65122226e-05,5.47731782e-03,3.70777614e-03,2.71861279e-03,1.42479324e-04,1.90584217e-04,-9.50092718e-05
4.90000000e+01,9.30428092e-01,5.04407468e-04,-1.75001086e-04,8.91806240e-03,2.40978060e-03,3.91503030e-03,7.32615998e-01,5.14115328e-04,-1.58649329e-04,1.97812097e-01,-9.70785988e-06,-1.63517573e-05,8.78155575e-03,2.22143892e-03,4.03088307e-03,1.36506652e-04,1.88341684e-04,-1.15852768e-04
5.00000000e+01,9.19187147e-01,6.08149218e-04,3.23354303e-05,1.18200994e-02,6.13014559e-04,4.79749968e-03,7.26818668e-01,6.20303948e-04,4.71372536e-05,1.92368481e-01,-1.21547299e-05,-1.48018234e-05,1.17049235e-02,4.49814962e-04,4.93602577e-03,1.15175952e-04,1.63199596e-04,-1.38526102e-04
5.10000000e+01,9.08610502e-01,6.88914788e-04,2.13050592e-04,1.40810420e-02,-9.12295688e-04,5.52037540e-03,7.21313729e-01,7.03777346e-04,2.27170134e-04,1.87296772e-01,-1.48625572e-05,-1.41195431e-05,1.40001206e-02,-1.07021274e-03,5.68722448e-03,8.09213639e-05,1.57917052e-04,-1.66849103e-04
5.20000000e+01,8.98739975e-01,7.30911804e-04,3.81034771e-04,1.55088801e-02,-2.48643083e-03,5.92590376e-03,7.16213009e-01,7.46778403e-04,3.96586458e-04,1.82526965e-01,-1.58665991e-05,-1.55516888e-05,1.54723186e-02,-2.64498539e-03,6.10259746e-03,3.65615169e-05,1.58554560e-04,-1.76693687e-04
5.30000000e+01,8.89962402e-01,7.34697384e-04,4.77392265e-04,1.60385273e-02,-3.52696032e-03,5.94325792e-03,7.11869670e-01,7.53956954e-04,4.91482909e-04,1.78092730e-01,-1.92595693e-05,-1.40906412e-05,1.60500576e-02,-3.67293469e-03,6.15278065e-03,-1.15303173e-05,1.45974365e-04,-2.09522721e-04
5.40000000e+01,8.81896105e-01,6.69460242e-04,5.60141456e-04,1.56761531e-02,-4.50858826e-03,5.42270668e-03,7.07972537e-01,6.89901570e-04,5.75595947e-04,1.73923566e-01,-2.04413259e-05,-1.54544919e-05,1.57349340e-02,-4.65914318e-03,5.64311222e-03,-5.87808852e-05,1.50554912e-04,-2.20405509e-04
5.50000000e+01,8.74170529e-01,5.53911150e-04,6.31453539e-04,1.45204543e-02,-5.29894831e-03,4.55701604e-03,7.04119751e-01,5.75045914e-04,6.45196608e-04,1.70050778e-01,-2.11347615e-05,-1.37430665e-05,1.46194195e-02,-5.44100731e-03,4.78789722e-03,-9.89652990e-05,1.42059025e-04,-2.30881187e-04
5.60000000e+01,8.67220232e-01,4.55163971e-04,7.06981444e-04,1.26978361e-02,-6.11422828e-03,3.64516519e-03,7.00831136e-01,4.76370010e-04,7.23853830e-04,1.66389099e-01,-2.12060379e-05,-1.68723867e-05,1.28293115e-02,-6.27829663e-03,3.87829043e-03,-1.31475351e-04,1.64068361e-04,-2.33125237e-04
5.70000000e+01,8.60402414e-01,3.69981484e-04,7.48599070e-04,1.03641254e-02,-6.68186022e-03,2.95319540e-03,6.97417052e-01,3.90502021e-04,7.63509923e-04,1.62985363e-01,-2.05205350e-05,-1.49108526e-05,1.05170956e-02,-6.83034636e-03,3.18059871e-03,-1.52970159e-04,1.48486161e-04,-2.27403306e-04
5.80000000e+01,8.54906353e-01,2.96442691e-04,7.92968774e-04,7.68045579e-03,-7.20448244e-03,2.29681920e-03,6.95157056e-01,3.17079145e-04,8.08906022e-04,1.59749298e-01,-2.06364535e-05,-1.59372489e-05,7.84541931e-03,-7.36158215e-03,2.52722576e-03,-1.64963561e-04,1.57099714e-04,-2.30406563e-04
5.90000000e+01,8.50143389e-01,2.32464280e-04,8.09846007e-04,4.88028264e-03,-7.31704755e-03,1.73824097e-03,6.93414138e-01,2.51164095e-04,8.25212043e-04,1.56729249e-01,-1.86998150e-05,-1.53660347e-05,5.04624627e-03,-7.47735826e-03,1.94907408e-03,-1.65963647e-04,1.60310697e-04,-2.10833110e-04
6.00000000e+01,8.46640337e-01,1.93783103e-04,8.16091727e-04,2.15487232e-03,-7.32846061e-03,1.26062981e-03,6.92795911e-01,2.10193778e-04,8.33262269e-04,1.53844426e-01,-1.64106743e-05,-1.71705424e-05,2.31342359e-03,-7.50242532e-03,1.45104754e-03,-1.58551268e-04,1.73964714e-04,-1.90417726e-04
6.10000000e+01,8.43857852e-01,1.78824050e-04,7.96118033e-04,-3.33864157e-04,-7.19447724e-03,1.16256513e-03,6.92724259e-01,1.92100024e-04,8.12465227e-04,1.51133595e-01,-1.32759741e-05,-1.63471940e-05,-1.90695906e-04,-7.36211017e-03,1.31938914e-03,-1.43168252e-04,1.67632969e-04,-1.56824014e-04
6.20000000e+01,8.41580093e-01,1.62876090e-04,7.64138432e-04,-2.53051821e-03,-6.91107628e-03,9.88909482e-04,6.93045609e-01,1.74812962e-04,7.83486247e-04,1.48534483e-01,-1.19368727e-05,-1.93478127e-05,-2.40626814e-03,-7.10741058e-03,1.13742900e-03,-1.24250073e-04,1.96334298e-04,-1.48519519e-04
6.30000000e+01,8.39656938e-01,1.82240127e-04,7.49221350e-04,-4.37696981e-03,-6.63985059e-03,1.18264630e-03,6.93585430e-01,1.93299734e-04,7.68386295e-04,1.46071506e-01,-1.10596069e-05,-1.91649463e-05,-4.27379792e-03,-6.83670922e-03,1.32006787e-03,-1.03171889e-04,1.96858627e-04,-1.37421574e-04
6.40000000e+01,8.37172574e-01,2.05690039e-04,7.46742133e-04,-5.87055588e-03,-6.46624209e-03,1.28253646e-03,6.93473143e-01,2.19254587e-04,7.67264688e-04,1.43699431e-01,-1.35645476e-05,-2.05225577e-05,-5.78762783e-03,-6.67174473e-03,1.44893105e-03,-8.29280693e-05,2.05502666e-04,-1.66394586e-04
6.50000000e+01,8.34650952e-01,2.49112065e-04,7.53737589e-04,-6.98471593e-03,-6.53205942e-03,1.69863504e-03,6.93215559e-01,2.65934213e-04,7.73632969e-04,1.41435394e-01,-1.68221483e-05,-1.98953807e-05,-6.92184520e-03,-6.72791755e-03,1.89031261e-03,-6.28707656e-05,1.95858159e-04,-1.91677568e-04
6.60000000e+01,8.31278982e-01,2.56847102e-04,7.51003721e-04,-7.74519127e-03,-6.52823920e-03,1.79300968e-03,6.92005365e-01,2.75790493e-04,7.69631770e-04,1.39273613e-01,-1.89433906e-05,-1.86280491e-05,-7.70010725e-03,-6.70959042e-03,2.01096382e-03,-4.50840319e-05,1.81351247e-04,-2.17954142e-04
6.70000000e+01,8.28906278e-01,2.47680464e-04,7.31980365e-04,-8.17681413e-03,-6.29984264e-03,1.73758244e-03,6.91720308e-01,2.68475386e-04,7.46806083e-04,1.37185970e-01,-2.07949218e-05,-1.48257201e-05,-8.14819129e-03,-6.44623257e-03,1.96707488e-03,-2.86228419e-05,1.46389937e-04,-2.29492440e-04
6.80000000e+01,8.26330117e-01,2.46710202e-04,6.56983547e-04,-8.33917092e-03,-5.56138035e-03,1.72846864e-03,6.91158382e-01,2.67588718e-04,6.71306904e-04,1.35171735e-01,-2.08785156e-05,-1.43233547e-05,-8.32246762e-03,-5.70021561e-03,1.96415699e-03,-1.67033218e-05,1.38835287e-04,-2.35688352e-04
6.90000000e+01,8.24450410e-01,2.51193022e-04,5.83299150e-04,-8.30932549e-03,-4.95611767e-03,1.83985785e-03,6.91207393e-01,2.72097189e-04,5.95285544e-04,1.33243019e-01,-2.09041673e-05,-1.19863947e-05,-8.30062458e-03,-5.07225188e-03,2.06993087e-03,-8.70092601e-06,1.16134231e-04,-2.30073024e-04
7.00000000e+01,8.23197271e-01,2.65994608e-04,5.24137209e-04,-8.19215713e-03,-4.42644566e-03,1.96792139e-03,6.91839726e-01,2.86886093e-04,5.33668249e-04,1.31357542e-01,-2.08914851e-05,-9.53103725e-06,-8.18623145e-03,-4.51710638e-03,2.20381156e-03,-5.92567404e-06,9.06607208e-05,-2.35890166e-04
7.10000000e+01,8.22231166e-01,2.63162029e-04,5.11951349e-04,-8.06590699e-03,-4.23226704e-03,1.94117504e-03,6.92682554e-01,2.85207233e-04,5.16467206e-04,1.29548610e-01,-2.20452040e-05,-4.51585556e-06,-8.05961625e-03,-4.27850254e-03,2.18472981e-03,-6.29074560e-06,4.62355009e-05,-2.43554777e-04
7.20000000e+01,8.21874257e-01,2.61039716e-04,5.02722239e-04,-8.00178648e-03,-4.01305347e-03,1.84370970e-03,6.94124037e-01,2.82961780e-04,5.05156445e-04,1.27750218e-01,-2.19220640e-05,-2.43420640e-06,-7.99199272e-03,-4.03591657e-03,2.08981595e-03,-9.79371147e-06,2.28630933e-05,-2.46106250e-04
7.30000000e+01,8.21606127e-01,2.22255268e-04,4.98222154e-04,-8.00794417e-03,-3.96571935e-03,1.55023599e-03,6.95609356e-01,2.44584815e-04,4.97320169e-04,1.25996772e-01,-2.23295475e-05,9.01985532e-07,-7.99489458e-03,-3.95813569e-03,1.79444711e-03,-1.30495511e-05,-7.58366030e-06,-2.44211119e-04
7.40000000e+01,8.20948518e-01,1.85963720e-04,4.69918184e-04,-8.09267948e-03,-3.71140766e-03,1.23970318e-03,6.96676704e-01,2.06439676e-04,4.69817389e-04,1.24271814e-01,-2.04759554e-05,1.00793968e-07,-8.07642610e-03,-3.71028529e-03,1.46830743e-03,-1.62533953e-05,-1.12236131e-06,-2.28604252e-04
7.50000000e+01,8.20038741e-01,1.61009687e-04,4.53453028e-04,-8.21798383e-03,-3.46428775e-03,1.04631360e-03,6.97454808e-01,1.79315359e-04,4.52852907e-04,1.22583930e-01,-1.83056721e-05,6.00118682e-07,-8.20031698e-03,-3.46343748e-03,1.25046013e-03,-1.76668519e-05,-8.50273513e-07,-2.04146529e-04
7.60000000e+01,8.18847524e-01,1.67550632e-04,4.13945507e-04,-8.39077765e-03,-3.05608791e-03,9.95516040e-04,6.97933566e-01,1.82455993e-04,4.16295246e-04,1.20913957e-01,-1.49053608e-05,-2.34973913e-06,-8.37163305e-03,-3.08083476e-03,1.16952347e-03,-1.91446107e-05,2.47468494e-05,-1.74007430e-04
7.70000000e+01,8.17091503e-01,1.97406951e-04,3.52859100e-04,-8.62222852e-03,-2.54308020e-03,1.18634814e-03,6.97799174e-01,2.10460205e-04,3.55387554e-04,1.19292330e-01,-1.30532540e-05,-2.52845345e-06,-8.60267130e-03,-2.57087057e-03,1.33726824e-03,-1.95571815e-05,2.77903656e-05,-1.50920098e-04
7.80000000e+01,8.14999912e-01,2.51102400e-04,2.69167342e-04,-8.91021406e-03,-1.92192913e-03,1.57592819e-03,6.97294876e-01,2.61523764e-04,2.74232337e-04,1.17705033e-01,-1.04213638e-05,-5.06499568e-06,-8.89035491e-03,-1.97324491e-03,1.70278002e-03,-1.98591610e-05,5.13157744e-05,-1.26851829e-04
7.90000000e+01,8.12866559e-01,2.81679043e-04,2.37657476e-04,-9.24156511e-03,-1.64717747e-03,1.79620556e-03,6.96695012e-01,2.90509949e-04,2.43138546e-04,1.16171549e-01,-8.83090582e-06,-5.48107036e-06,-9.22355305e-03,-1.70849285e-03,1.90469892e-03,-1.80120419e-05,6.13153814e-05,-1.08493357e-04
8.00000000e+01,8.10551393e-01,2.98782853e-04,2.39636754e-04,-9.63166887e-03,-1.69960554e-03,1.83741930e-03,6.95880459e-01,3.05652391e-04,2.46384299e-04,1.14670936e-01,-6.86953858e-06,-6.74754545e-06,-9.61615276e-03,-1.77238122e-03,1.93076518e-03,-1.55161248e-05,7.27756728e-05,-9.33458818e-05
8.10000000e+01,8.08188735e-01,2.60017291e-04,2.77220940e-04,-1.00851167e-02,-2.13763781e-03,1.54667259e-03,6.94955929e-01,2.66117966e-04,2.82806740e-04,1.13232807e-01,-6.10067522e-06,-5.58579983e-06,-1.00733862e-02,-2.20088726e-03,1.62746055e-03,-1.17304428e-05,6.32494496e-05,-8.07879654e-05
8.20000000e+01,8.05769410e-01,2.22105483e-04,2.82375121e-04,-1.06215912e-02,-2.35733034e-03,1.28652383e-03,6.93932387e-01,2.25604528e-04,2.90825736e-04,1.11837023e-01,-3.49904493e-06,-8.45061510e-06,-1.06126659e-02,-2.44829078e-03,1.34464928e-03,-8.92532325e-06,9.09604448e-05,-5.81254541e-05
8.30000000e+01,8.03244885e-01,2.04876890e-04,2.73576704e-04,-1.11814212e-02,-2.36651390e-03,1.20033440e-03,6.92749242e-01,2.07156714e-04,2.81629757e-04,1.10495643e-01,-2.27982381e-06,-8.05305334e-06,-1.11761016e-02,-2.45742041e-03,1.24340480e-03,-5.31956394e-06,9.09065153e-05,-4.30703975e-05
8.40000000e+01,8.00632288e-01,2.43677340e-04,1.95968360e-04,-1.16712045e-02,-1.77179387e-03,1.51095508e-03,6.91445933e-01,2.42283740e-04,2.08521323e-04,1.09186357e-01,1.39360023e-06,-1.25529630e-05,-1.16691122e-02,-1.90556146e-03,1.52274650e-03,-2.09226404e-06,1.33767585e-04,-1.17914195e-05
8.50000000e+01,7.98131938e-01,2.94965994e-04,7.57163884e-05,-1.19857065e-02,-8.67067112e-04,2.03790063e-03,6.90202660e-01,2.91857925e-04,8.95284230e-05,1.07929278e-01,3.10806881e-06,-1.38120346e-05,-1.19884467e-02,-1.01166280e-03,2.02719097e-03,2.74024601e-06,1.44595687e-04,1.07096592e-05
8.60000000e+01,7.95562441e-01,3.51910761e-04,-7.78295181e-05,-1.20721554e-02,3.10509899e-04,2.64789211e-03,6.88867185e-01,3.44985249e-04,-6.00729661e-05,1.06695254e-01,6.92551193e-06,-1.77565520e-05,-1.20797622e-02,1.28403573e-04,2.60339376e-03,7.60674776e-06,1.82106325e-04,4.44983483e-05
8.70000000e+01,7.92997761e-01,3.93860005e-04,-1.82334333e-04,-1.19393919e-02,1.21399828e-03,3.13998621e-03,6.87488256e-01,3.84461739e-04,-1.64961955e-04,1.05509504e-01,9.39826459e-06,-1.73723783e-05,-1.19523310e-02,1.03242647e-03,3.06691257e-03,1.29391582e-05,1.81571803e-04,7.30736374e-05
8.80000000e+01,7.90148968e-01,4.30579905e-04,-2.30908899e-04,-1.17106840e-02,1.65108117e-03,3.49476747e-03,6.85810100e-01,4.16772669e-04,-2.11449054e-04,1.04338870e-01,1.38072395e-05,-1.94598450e-05,-1.17274274e-02,1.44973554e-03,3.38305086e-03,1.67434401e-05,2.01345631e-04,1.11716610e-04
8.90000000e+01,7.87288909e-01,4.46792850e-04,-1.91723869e-04,-1.14973583e-02,1.30289600e-03,3.76333260e-03,6.84080436e-01,4.30105641e-04,-1.74743296e-04,1.03208477e-01,1.66872085e-05,-1.69805724e-05,-1.15171339e-02,1.12522921e-03,3.61709293e-03,1.97756832e-05,1.77666784e-04,1.46239667e-04
9.00000000e+01,7.84600481e-01,4.56623427e-04,-1.36144041e-04,-1.13739977e-02,7.64204026e-04,3.89051354e-03,6.82512501e-01,4.35355797e-04,-1.19470447e-04,1.02087981e-01,2.12676336e-05,-1.66735936e-05,-1.13949924e-02,5.89363712e-04,3.70134602e-03,2.09946888e-05,1.74840311e-04,1.89167521e-04
9.10000000e+01,7.82412966e-01,4.37292746e-04,-4.12558085e-05,-1.13239399e-02,-9.65185302e-06,3.69365555e-03,6.81409175e-01,4.12910861e-04,-2.76264141e-05,1.01003790e-01,2.43818841e-05,-1.36293943e-05,-1.13459103e-02,-1.56936081e-04,3.46800603e-03,2.19703944e-05,1.47284228e-04,2.25649521e-04
9.20000000e+01,7.80740478e-01,4.15448527e-04,2.65170327e-05,-1.13090002e-02,-5.32616255e-04,3.33029088e-03,6.80811447e-01,3.87054573e-04,4.09933765e-05,9.99290295e-02,2.83939547e-05,-1.44763437e-05,-1.13316120e-02,-6.86481552e-04,3.06707138e-03,2.26118051e-05,1.53865300e-04,2.63219498e-04
9.30000000e+01,7.79454820e-01,3.64327841e-04,5.53487787e-05,-1.12776880e-02,-7.96417572e-04,2.77076951e-03,6.80550685e-01,3.33825139e-04,6.90609816e-05,9.89041361e-02,3.05027023e-05,-1.37122031e-05,-1.13022817e-02,-9.39754047e-04,2.48029627e-03,2.45937274e-05,1.43336475e-04,2.90473241e-04
9.40000000e+01,7.78173503e-01,3.19402179e-04,1.19314948e-05,-1.12139649e-02,-5.35048510e-04,2.21788644e-03,6.80277956e-01,2.85870593e-04,2.68476435e-05,9.78955480e-02,3.35315863e-05,-1.49161486e-05,-1.12408957e-02,-6.88114759e-04,1.90060342e-03,2.69308203e-05,1.53066247e-04,3.17283020e-04
9.50000000e+01,7.76758245e-01,2.68803640e-04,-5.44938908e-05,-1.10942807e-02,6.47082521e-06,1.67323886e-03,6.79836985e-01,2.33897222e-04,-4.14660736e-05,9.69212615e-02,3.49064172e-05,-1.30278174e-05,-1.11245615e-02,-1.27496176e-04,1.34062856e-03,3.02807433e-05,1.33967001e-04,3.32610306e-04
9.60000000e+01,7.75006390e-01,2.44480713e-04,-1.33211338e-04,-1.09139828e-02,6.68624503e-04,1.32626047e-03,6.79046279e-01,2.06720258e-04,-1.22081671e-04,9.59601103e-02,3.77604553e-05,-1.11296668e-05,-1.09466190e-02,5.55500057e-04,9.70422273e-04,3.26362609e-05,1.13124444e-04,3.55838191e-04
9.70000000e+01,7.72965615e-01,2.11998544e-04,-1.79530498e-04,-1.07160299e-02,1.00265734e-03,1.09961550e-03,6.77926264e-01,1.72117398e-04,-1.74043826e-04,9.50393495e-02,3.98811460e-05,-5.48667211e-06,-1.07505366e-02,9.48010702e-04,7.19689018e-04,3.45066864e-05,5.46466330e-05,3.79926482e-04
9.80000000e+01,7.70673772e-01,1.82610172e-04,-1.84405031e-04,-1.05591337e-02,9.40955250e-04,9.36299988e-04,6.76532438e-01,1.38987746e-04,-1.86377757e-04,9.41413340e-02,4.36224266e-05,1.97272650e-06,-1.05934894e-02,9.59945738e-04,5.24287274e-04,3.43556917e-05,-1.89904852e-05,4.12012713e-04
9.90000000e+01,7.68487327e-01,1.56405504e-04,-1.62382800e-04,-1.04462330e-02,7.01532913e-04,8.83610829e-04,6.75202717e-01,1.10779238e-04,-1.74751310e-04,9.32846075e-02,4.56262660e-05,1.23685101e-05,-1.04800600e-02,8.23509421e-04,4.52140407e-04,3.38270120e-05,-1.21976512e-04,4.31470424e-04
1.00000000e+02,7.66767233e-01,1.43674116e-04,-1.42803757e-04,-1.03643229e-02,4.46731104e-04,8.82032933e-04,6.74323604e-01,9.73212413e-05,-1.66075787e-04,9.24436303e-02,4.63528747e-05,2.32720304e-05,-1.03969984e-02,6.76064048e-04,4.47825544e-04,3.26754607e-05,-2.29332944e-04,4.34207389e-04
1.01000000e+02,7.65853846e-01,1.34977099e-04,-1.44044594e-04,-1.02755504e-02,2.99784933e-04,9.64498140e-04,6.74216281e-01,9.35364760e-05,-1.78522203e-04,9.16375628e-02,4.14406229e-05,3.44776087e-05,-1.03084882e-02,6.42422998e-04,5.78561243e-04,3.29379027e-05,-3.42638067e-04,3.85936895e-04
1.02000000e+02,7.65423399e-01,1.26433181e-04,-1.11381665e-04,-1.01699122e-02,-1.61889986e-04,9.50724564e-04,6.74576426e-01,9.21888254e-05,-1.57017401e-04,9.08469714e-02,3.42443553e-05,4.56357370e-05,-1.02033686e-02,2.89594659e-04,6.40854473e-04,3.34563209e-05,-4.51484645e-04,3.09870091e-04
1.03000000e+02,7.65231355e-01,1.09922507e-04,-6.33905038e-05,-1.00526283e-02,-7.01598839e-04,8.50703222e-04,6.75139122e-01,8.44327347e-05,-1.18172456e-04,9.00922335e-02,2.54897724e-05,5.47819524e-05,-1.00876330e-02,-1.58374469e-04,6.27821245e-04,3.50046809e-05,-5.43224372e-04,2.22881978e-04
1.04000000e+02,7.64552976e-01,8.15206214e-05,3.34126470e-07,-9.93615499e-03,-1.40772435e-03,6.06054654e-04,6.75199959e-01,6.33503850e-05,-6.24738893e-05,8.93530173e-02,1.81702365e-05,6.28080157e-05,-9.97228669e-03,-7.87208725e-04,4.56319788e-04,3.61317456e-05,-6.20515625e-04,1.49734866e-04
1.05000000e+02,7.63231371e-01,4.25787371e-05,4.06600064e-05,-9.81612153e-03,-1.98416437e-03,3.32070632e-04,6.74580495e-01,3.13263204e-05,-2.59096402e-05,8.86508769e-02,1.12524165e-05,6.65696467e-05,-9.85399576e-03,-1.32347395e-03,2.48339728e-04,3.78742322e-05,-6.60690426e-04,8.37309038e-05
1.06000000e+02,7.60917688e-01,3.20671720e-06,7.82108690e-05,-9.69398845e-03,-2.56413842e-03,-4.35264329e-06,6.72955524e-01,-3.60320928e-06,1.21806403e-05,8.79621613e-02,6.80992648e-06,6.60302286e-05,-9.73287490e-03,-1.91148375e-03,-4.29393800e-05,3.88864744e-05,-6.52654680e-04,3.85867367e-05
1.07000000e+02,7.57932846e-01,-1.25344964e-05,8.05164305e-05,-9.55400942e-03,-2.70579434e-03,-1.37388584e-04,6.70622631e-01,-1.65325550e-05,2.19168219e-05,8.73102126e-02,3.99805868e-06,5.85996086e-05,-9.59429630e-03,-2.12740475e-03,-1.48631813e-04,4.02868647e-05,-5.78389587e-04,1.12432283e-05
1.08000000e+02,7.54289629e-01,-2.28055767e-05,6.48070820e-05,-9.38439081e-03,-2.59988800e-03,-2.68802847e-04,6.67625597e-01,-2.43982863e-05,1.67338621e-05,8.66640294e-02,1.59270962e-06,4.80732198e-05,-9.42537387e-03,-2.12938368e-03,-2.54782451e-04,4.09830598e-05,-4.70504324e-04,-1.40203969e-05
1.09000000e+02,7.50315771e-01,-2.67661053e-05,-2.20676414e-06,-9.16983085e-03,-2.00430084e-03,-2.81420042e-04,6.64274798e-01,-2.66017107e-05,-3.61574164e-05,8.60409716e-02,-1.64394524e-07,3.39506523e-05,-9.21224245e-03,-1.67241726e-03,-2.50444059e-04,4.24115686e-05,-3.31883575e-04,-3.09759824e-05
1.10000000e+02,7.46097915e-01,-3.46688298e-05,-5.15037912e-05,-8.92232680e-03,-1.52033760e-03,-3.63679285e-04,6.60677323e-01,-3.43662831e-05,-7.40365686e-05,8.54205912e-02,-3.02546642e-07,2.25327778e-05,-8.96561037e-03,-1.30682808e-03,-3.29986513e-04,4.32835561e-05,-2.13509519e-04,-3.36927723e-05
1.11000000e+02,7.41951552e-01,-3.29995439e-05,-9.56488113e-05,-8.65207171e-03,-9.75057423e-04,-3.18603062e-04,6.57126494e-01,-3.50689780e-05,-1.06665931e-04,8.48250548e-02,2.06943409e-06,1.10171198e-05,-8.69662752e-03,-8.76249942e-04,-3.10232326e-04,4.45558130e-05,-9.88074846e-05,-8.37073628e-06
1.12000000e+02,7.37684622e-01,-4.81035081e-05,-9.17184544e-05,-8.37766343e-03,-8.23598165e-04,-4.29922381e-04,6.53447669e-01,-5.52950771e-05,-9.56618128e-05,8.42369526e-02,7.19156913e-06,3.94335880e-06,-8.42231475e-03,-7.99271419e-04,-4.74442045e-04,4.46513146e-05,-2.43267484e-05,4.45196646e-05
1.13000000e+02,7.33504125e-01,-7.32321471e-05,-9.53160080e-05,-8.10940628e-03,-6.63848780e-04,-5.84512021e-04,6.49820395e-01,-8.71332754e-05,-9.14099047e-05,8.36837304e-02,1.39011279e-05,-3.90610340e-06,-8.15395479e-03,-7.14655964e-04,-6.98095810e-04,4.45484887e-05,5.08071834e-05,1.13583788e-04
1.14000000e+02,7.29403773e-01,-1.09473202e-04,-5.78087839e-05,-7.88067816e-03,-8.74290383e-04,-9.24069752e-04,6.46259085e-01,-1.29517405e-04,-5.10432561e-05,8.31446862e-02,2.00442025e-05,-6.76552765e-06,-7.92378968e-03,-9.56630924e-04,-1.09778782e-03,4.31114744e-05,8.23405398e-05,1.73718066e-04
1.15000000e+02,7.25789792e-01,-1.33068972e-04,-3.84227773e-05,-7.72032670e-03,-8.68686401e-04,-1.17110262e-03,6.43152958e-01,-1.56379837e-04,-2.75104035e-05,8.26368363e-02,2.33108644e-05,-1.09123737e-05,-7.76199728e-03,-9.89389375e-04,-1.37729801e-03,4.16705600e-05,1.20702977e-04,2.06195384e-04
1.16000000e+02,7.22660245e-01,-1.47313368e-04,-5.93479975e-06,-7.64394308e-03,-9.87466352e-04,-1.37805931e-03,6.40517893e-01,-1.71436707e-04,4.11077808e-06,8.21423530e-02,2.41233395e-05,-1.00455778e-05,-7.68332429e-03,-1.10114115e-03,-1.59159712e-03,3.93812198e-05,1.13674795e-04,2.13537811e-04
1.17000000e+02,7.20127768e-01,-1.42461513e-04,-2.59831139e-05,-7.62905142e-03,-6.83522447e-04,-1.34769494e-03,6.38448279e-01,-1.64930628e-04,-1.57986373e-05,8.16794891e-02,2.24691155e-05,-1.01844766e-05,-7.66680413e-03,-7.93365721e-04,-1.54528426e-03,3.77527168e-05,1.09843271e-04,1.97589325e-04
1.18000000e+02,7.17841092e-01,-1.27200427e-04,-1.85649539e-05,-7.65077079e-03,-6.21003368e-04,-1.21103428e-03,6.36617976e-01,-1.48322726e-04,-1.43264714e-05,8.12231160e-02,2.11222988e-05,-4.23848254e-06,-7.68675096e-03,-6.73508634e-04,-1.39353237e-03,3.59802017e-05,5.25052651e-05,1.82498089e-04
1.19000000e+02,7.15726443e-01,-1.05144274e-04,-3.31347586e-05,-7.67645029e-03,-3.04649298e-04,-9.17176727e-04,6.34934198e-01,-1.24048703e-04,-3.19940868e-05,8.07922472e-02,1.89044290e-05,-1.14067173e-06,-7.71170559e-03,-3.22915604e-04,-1.07867062e-03,3.52553216e-05,1.82663057e-05,1.61493893e-04
1.20000000e+02,7.13564585e-01,-1.01178921e-04,-9.80575339e-06,-7.69814014e-03,-3.05329107e-04,-7.44569146e-04,6.33200095e-01,-1.19019188e-04,-1.44020592e-05,8.03644930e-02,1.78402665e-05,4.59630576e-06,-7.73242568e-03,-2.70341391e-04,-8.96061794e-04,3.42855121e-05,-3.49877161e-05,1.51492647e-04
1.21000000e+02,7.11345982e-01,-1.12826371e-04,-2.35673168e-05,-7.71758113e-03,-2.51939035e-05,-6.37069545e-04,6.31384871e-01,-1.28930186e-04,-2.57413590e-05,7.99611118e-02,1.61038144e-05,2.17404226e-06,-7.75150521e-03,-9.87879848e-06,-7.73132452e-04,3.39240427e-05,-1.53151050e-05,1.36062907e-04
1.22000000e+02,7.08855004e-01,-1.32141564e-04,-4.38138399e-07,-7.75148070e-03,-6.63380173e-05,-6.03917195e-04,6.29289113e-01,-1.49052019e-04,-7.10853943e-07,7.95658930e-02,1.69104556e-05,2.72715546e-07,-7.78434567e-03,-7.50643832e-05,-7.46630194e-04,3.28649760e-05,8.72636558e-06,1.42712998e-04
1.23000000e+02,7.06256031e-01,-1.45063517e-04,-1.48391159e-05,-7.80125585e-03,2.45021229e-04,-4.65276227e-04,6.27057412e-01,-1.62526519e-04,-4.49321292e-06,7.91986208e-02,1.74630022e-05,-1.03459029e-05,-7.83352195e-03,1.33213787e-04,-6.14845094e-04,3.22661187e-05,1.11807442e-04,1.49568865e-04
1.24000000e+02,7.03558989e-01,-1.51561131e-04,4.09662394e-06,-7.87530603e-03,2.63047278e-04,-2.89569162e-04,6.24715189e-01,-1.72074186e-04,2.16399939e-05,7.88437986e-02,2.05130545e-05,-1.75433700e-05,-7.90643056e-03,7.42026877e-05,-4.69395567e-04,3.11245127e-05,1.88844590e-04,1.79826406e-04
1.25000000e+02,7.01097854e-01,-1.57166885e-04,-2.45466935e-05,-7.96146346e-03,6.80986582e-04,-1.03855859e-04,6.22574487e-01,-1.79409124e-04,4.74663105e-06,7.85233689e-02,2.22422389e-05,-2.92933246e-05,-7.99231620e-03,3.79322158e-04,-3.02210262e-04,3.08527412e-05,3.01664424e-04,1.98354403e-04
1.26000000e+02,6.98896361e-01,-1.58615853e-04,-7.29003771e-06,-8.05753588e-03,7.25252959e-04,2.61185392e-05,6.20681619e-01,-1.83888225e-04,2.51959022e-05,7.82147403e-02,2.52723718e-05,-3.24859400e-05,-8.08805697e-03,3.87467956e-04,-2.00134887e-04,3.05211244e-05,3.37785000e-04,2.26253427e-04
1.27000000e+02,6.97237151e-01,-1.60824935e-04,-2.86690115e-05,-8.14467651e-03,1.13690402e-03,1.19080370e-04,6.19300569e-01,-1.85534746e-04,9.33407335e-06,7.79365828e-02,2.47098114e-05,-3.80030849e-05,-8.17587821e-03,7.49601997e-04,-1.02457403e-04,3.12016608e-05,3.87302019e-04,2.21537773e-04
1.28000000e+02,6.96101936e-01,-1.65899286e-04,-8.64850112e-06,-8.22496024e-03,1.17363545e-03,8.49067199e-05,6.18435970e-01,-1.89720819e-04,2.50629963e-05,7.76659687e-02,2.38215335e-05,-3.37114974e-05,-8.25665996e-03,8.24893101e-04,-1.26815722e-04,3.16997198e-05,3.48742353e-04,2.11722442e-04
1.29000000e+02,6.95586278e-01,-1.79343009e-04,-4.01044430e-05,-8.28409970e-03,1.61445060e-03,-8.23510219e-05,6.18164832e-01,-1.97787469e-04,-6.95341264e-06,7.74214420e-02,1.84444601e-05,-3.31510302e-05,-8.31697182e-03,1.27727565e-03,-2.41070582e-04,3.28720907e-05,3.37174949e-04,1.58719560e-04
1.30000000e+02,6.95412205e-01,-1.90878441e-04,-2.33287285e-05,-8.33169689e-03,1.63418784e-03,-3.43002653e-04,6.18232268e-01,-2.03588272e-04,1.53828640e-06,7.71799382e-02,1.27098307e-05,-2.48670149e-05,-8.36522837e-03,1.37523448e-03,-4.41390428e-04,3.35314627e-05,2.58953362e-04,9.83877755e-05
1.31000000e+02,6.95613865e-01,-1.97312923e-04,-5.07977110e-05,-8.36223869e-03,2.07274054e-03,-5.79422211e-04,6.18653036e-01,-1.99501920e-04,-2.68641169e-05,7.69608292e-02,2.18899710e-06,-2.39335941e-05,-8.39668135e-03,1.82769276e-03,-5.72567969e-04,3.44426580e-05,2.45047778e-04,-6.85424579e-06
1.32000000e+02,6.96022371e-01,-2.01129869e-04,-3.19039181e-05,-8.38409345e-03,2.12953018e-03,-8.30701385e-04,6.19276176e-01,-1.92109487e-04,-1.39124267e-05,7.67461944e-02,-9.02038239e-06,-1.79914913e-05,-8.41863711e-03,1.93731770e-03,-7.09906506e-04,3.45436961e-05,1.92212488e-04,-1.20794876e-04
1.33000000e+02,6.96680785e-01,-2.11790715e-04,-6.67023838e-05,-8.39384990e-03,2.65081996e-03,-1.07225232e-03,6.20125707e-01,-1.88022086e-04,-4.50983350e-05,7.65550776e-02,-2.37686292e-05,-2.16040486e-05,-8.42866671e-03,2.42694783e-03,-8.04984827e-04,3.48167857e-05,2.23872129e-04,-2.67267488e-04
1.34000000e+02,6.97265632e-01,-2.13975645e-04,-4.91769289e-05,-8.40116283e-03,2.73799674e-03,-1.23463525e-03,6.20900315e-01,-1.79326619e-04,-2.90275304e-05,7.63653170e-02,-3.46490262e-05,-2.01493985e-05,-8.43559226e-03,2.52230291e-03,-8.56231605e-04,3.44294457e-05,2.15693828e-04,-3.78403645e-04
1.35000000e+02,6.97787837e-01,-2.05081749e-04,-7.27070027e-05,-8.40355598e-03,3.18910814e-03,-1.20246902e-03,6.21594773e-01,-1.61937718e-04,-4.54642820e-05,7.61930648e-02,-4.31440318e-05,-2.72427203e-05,-8.43796547e-03,2.90726859e-03,-7.42115923e-04,3.44094933e-05,2.81839551e-04,-4.60353097e-04
1.36000000e+02,6.98060057e-01,-1.86559300e-04,-4.50895439e-05,-8.40660655e-03,3.17817377e-03,-1.01545818e-03,6.22041626e-01,-1.44434913e-04,-1.87591996e-05,7.60184303e-02,-4.21243869e-05,-2.63303443e-05,-8.44053062e-03,2.89875956e-03,-5.67224090e-04,3.39240897e-05,2.79414209e-04,-4.48234096e-04
1.37000000e+02,6.98191609e-01,-1.69232397e-04,-7.08380841e-05,-8.40630840e-03,3.57173376e-03,-7.28852542e-04,6.22330383e-01,-1.33470756e-04,-3.88492056e-05,7.58612244e-02,-3.57616410e-05,-3.19888784e-05,-8.44023768e-03,3.24231598e-03,-3.48922994e-04,3.39292836e-05,3.29417783e-04,-3.79929549e-04
1.38000000e+02,6.97974430e-01,-1.47605692e-04,-3.85550788e-05,-8.40861805e-03,3.44501359e-03,-3.94635520e-04,6.22271713e-01,-1.26274347e-04,-1.08232736e-05,7.57027204e-02,-2.13313449e-05,-2.77318052e-05,-8.44213903e-03,3.15270109e-03,-1.59379125e-04,3.35209938e-05,2.92312505e-04,-2.35256395e-04
1.39000000e+02,6.97535043e-01,-1.22724211e-04,-5.76582990e-05,-8.40875003e-03,3.73578697e-03,2.58599789e-05,6.21970320e-01,-1.14820462e-04,-2.82194475e-05,7.55647212e-02,-7.90374892e-06,-2.94388515e-05,-8.44233555e-03,3.43321058e-03,1.23666134e-04,3.35855150e-05,3.02576382e-04,-9.78061544e-05
1.40000000e+02,6.96774495e-01,-1.00154147e-04,-2.96470735e-05,-8.40701104e-03,3.60694880e-03,4.13737403e-04,6.21340896e-01,-1.05208018e-04,-8.77111316e-06,7.54335978e-02,5.05387065e-06,-2.08759603e-05,-8.44025202e-03,3.38377534e-03,3.82668868e-04,3.32409766e-05,2.23173458e-04,3.10685350e-05
1.41000000e+02,6.95887045e-01,-9.57580729e-05,-5.88941593e-05,-8.39825961e-03,3.92664067e-03,6.68566765e-04,6.20558256e-01,-1.06239050e-04,-4.03726397e-05,7.53287884e-02,1.04809769e-05,-1.85215196e-05,-8.43170211e-03,3.73315598e-03,5.83294600e-04,3.34425253e-05,1.93484692e-04,8.52721626e-05
1.42000000e+02,6.94733510e-01,-9.36731703e-05,-2.61130432e-05,-8.38465186e-03,3.66885827e-03,8.31863835e-04,6.19505998e-01,-1.07006761e-04,-2.02971734e-05,7.52275125e-02,1.33335912e-05,-5.81586985e-06,-8.41808151e-03,3.59756208e-03,7.22244806e-04,3.34296501e-05,7.12961970e-05,1.09619030e-04
1.43000000e+02,6.93493579e-01,-9.81809906e-05,-4.25583579e-05,-8.36380358e-03,3.76205702e-03,9.38381951e-04,6.18347379e-01,-1.07969691e-04,-4.31655201e-05,7.51461980e-02,9.78870071e-06,6.07162381e-07,-8.39797221e-03,3.76197959e-03,8.63931264e-04,3.41686242e-05,7.74329784e-08,7.44506872e-05
1.44000000e+02,6.92074294e-01,-9.90248128e-05,-1.25954060e-05,-8.34140077e-03,3.37949619e-03,1.00770341e-03,6.17008220e-01,-1.05991822e-04,-2.82520383e-05,7.50660752e-02,6.96700956e-06,1.56566323e-05,-8.37606012e-03,3.52439773e-03,9.63890113e-04,3.46593388e-05,-1.44901543e-04,4.38132997e-05
1.45000000e+02,6.90646117e-01,-1.13186846e-04,-4.44946585e-05,-8.31648373e-03,3.44228413e-03,9.44107185e-04,6.15646443e-01,-1.14191296e-04,-6.59069353e-05,7.49996728e-02,1.00445086e-06,2.14122767e-05,-8.35210696e-03,3.65048372e-03,9.58719977e-04,3.56232042e-05,-2.08199587e-04,-1.46127922e-05
1.46000000e+02,6.89205848e-01,-1.16683714e-04,-2.07510915e-05,-8.29509061e-03,2.98684634e-03,8.98575119e-04,6.14278811e-01,-1.15094068e-04,-5.38076020e-05,7.49270365e-02,-1.58964571e-06,3.30565107e-05,-8.33111285e-03,3.30461200e-03,9.41025116e-04,3.60222601e-05,-3.17765657e-04,-4.24499978e-05
1.47000000e+02,6.87866382e-01,-1.21004805e-04,-4.95380881e-05,-8.27284677e-03,2.95106620e-03,8.65945457e-04,6.13000377e-01,-1.14923547e-04,-8.36840949e-05,7.48660047e-02,-6.08125779e-06,3.41460067e-05,-8.30946588e-03,3.28412129e-03,9.50313573e-04,3.66190858e-05,-3.33055093e-04,-8.43681164e-05
1.48000000e+02,6.86429649e-01,-1.16828448e-04,-3.16219979e-05,-8.25489097e-03,2.49909921e-03,8.84045833e-04,6.11628944e-01,-1.09270643e-04,-7.23558121e-05,7.48007033e-02,-7.55780546e-06,4.07338145e-05,-8.29137475e-03,2.89106749e-03,9.83233367e-04,3.64837789e-05,-3.91968287e-04,-9.91875322e-05
1.49000000e+02,6.85001573e-01,-1.27647989e-04,-6.92123021e-05,-8.23493261e-03,2.52651151e-03,8.14168794e-04,6.10247578e-01,-1.16129402e-04,-1.07738844e-04,7.47539950e-02,-1.15185868e-05,3.85265414e-05,-8.27148875e-03,2.90068243e-03,9.50541071e-04,3.65561441e-05,-3.74170927e-04,-1.36372276e-04
1.50000000e+02,6.83479891e-01,-1.28731916e-04,-5.12344041e-05,-8.21759197e-03,2.07492866e-03,8.14327282e-04,6.08769920e-01,-1.16174304e-04,-9.51456653e-05,7.47099699e-02,-1.25576121e-05,4.39112612e-05,-8.25370417e-03,2.49801285e-03,9.62621349e-04,3.61122236e-05,-4.23084193e-04,-1.48294068e-04
1.51000000e+02,6.82098070e-01,-1.28634329e-04,-7.71150721e-05,-8.19987489e-03,1.98327463e-03,8.59191449e-04,6.07411465e-01,-1.12712393e-04,-1.19760913e-04,7.46866076e-02,-1.59219357e-05,4.26458401e-05,-8.23601126e-03,2.39915042e-03,1.03923512e-03,3.61363457e-05,-4.15875790e-04,-1.80043667e-04
1.52000000e+02,6.80806568e-01,-1.20776100e-04,-6.21436074e-05,-8.18837517e-03,1.50437337e-03,9.28526305e-04,6.06142986e-01,-1.03996484e-04,-1.11387215e-04,7.46635806e-02,-1.67796153e-05,4.92436079e-05,-8.22415480e-03,1.98182992e-03,1.11904742e-03,3.57795959e-05,-4.77456558e-04,-1.90521118e-04
1.53000000e+02,6.79774377e-01,-1.30497603e-04,-9.33399963e-05,-8.18061656e-03,1.41855392e-03,8.54401172e-04,6.05116269e-01,-1.10270162e-04,-1.42924999e-04,7.46581069e-02,-2.02274409e-05,4.95850022e-05,-8.21649879e-03,1.90385326e-03,1.07780361e-03,3.58822107e-05,-4.85299342e-04,-2.23402438e-04
1.54000000e+02,6.78837317e-01,-1.35562873e-04,-7.47244023e-05,-8.18292222e-03,9.27791025e-04,7.67033418e-04,6.04187896e-01,-1.14852788e-04,-1.31043363e-04,7.46494205e-02,-2.07100855e-05,5.63189606e-05,-8.21847260e-03,1.47581325e-03,9.96837689e-04,3.55503756e-05,-5.48022221e-04,-2.29804271e-04
1.55000000e+02,6.78135001e-01,-1.42813232e-04,-9.32817391e-05,-8.19182635e-03,8.13622210e-04,6.87130545e-04,6.03478950e-01,-1.19713535e-04,-1.48673455e-04,7.46560516e-02,-2.30996967e-05,5.53917161e-05,-8.22753599e-03,1.35619207e-03,9.38895214e-04,3.57096585e-05,-5.42569860e-04,-2.51764671e-04
1.56000000e+02,6.77509736e-01,-1.38224629e-04,-7.70558743e-05,-8.20820549e-03,4.34445444e-04,6.84470403e-04,6.02851507e-01,-1.15514865e-04,-1.36235953e-04,7.46582263e-02,-2.27097640e-05,5.91800788e-05,-8.24373054e-03,1.01040388e-03,9.33952727e-04,3.55250383e-05,-5.75958436e-04,-2.49482324e-04
1.57000000e+02,6.77076803e-01,-1.47294103e-04,-1.06791387e-04,-8.22196083e-03,5.18183732e-04,6.12664608e-04,6.02401775e-01,-1.22339558e-04,-1.62629820e-04,7.46750272e-02,-2.49545454e-05,5.58384330e-05,-8.25783927e-03,1.06316073e-03,8.82879016e-04,3.58784080e-05,-5.44976993e-04,-2.70214411e-04
1.58000000e+02,6.76672059e-01,-1.46132896e-04,-9.01001562e-05,-8.23634204e-03,2.72594683e-04,5.97262396e-04,6.01983621e-01,-1.21667198e-04,-1.47728316e-04,7.46884364e-02,-2.44656976e-05,5.76281601e-05,-8.27221279e-03,8.30729094e-04,8.64263276e-04,3.58707545e-05,-5.58134415e-04,-2.67000880e-04
1.59000000e+02,6.76438222e-01,-1.49774862e-04,-1.10328931e-04,-8.24474227e-03,3.98879719e-04,5.80558266e-04,6.01719941e-01,-1.23409286e-04,-1.63588465e-04,7.47182816e-02,-2.63655760e-05,5.32595334e-05,-8.28107559e-03,9.16767190e-04,8.64868113e-04,3.63333239e-05,-5.17887473e-04,-2.84309847e-04
1.60000000e+02,6.76255617e-01,-1.42192357e-04,-9.95640134e-05,-8.25422587e-03,2.81488685e-04,6.26253713e-04,6.01512476e-01,-1.16161331e-04,-1.53484675e-04,7.47431398e-02,-2.60310262e-05,5.39206621e-05,-8.29059177e-03,8.02960173e-04,9.08991261e-04,3.63659272e-05,-5.21471489e-04,-2.82737551e-04
1.61000000e+02,6.76262580e-01,-1.51686924e-04,-1.30761603e-04,-8.25998655e-03,5.62023557e-04,5.47219686e-04,6.01480743e-01,-1.23086790e-04,-1.80488289e-04,7.47818390e-02,-2.86001341e-05,4.97266859e-05,-8.29674075e-03,1.04418203e-03,8.54373546e-04,3.67542124e-05,-4.82158468e-04,-3.07153859e-04
1.62000000e+02,6.76285662e-01,-1.51906903e-04,-1.19579405e-04,-8.26775368e-03,5.23981629e-04,4.88594338e-04,6.01472118e-01,-1.23235651e-04,-1.70065977e-04,7.48135453e-02,-2.86712528e-05,5.04865716e-05,-8.30439345e-03,1.01061294e-03,7.98932005e-04,3.66398034e-05,-4.86631313e-04,-3.10337664e-04
1.63000000e+02,6.76404652e-01,-1.55383650e-04,-1.39118853e-04,-8.27257586e-03,7.90018689e-04,4.23458032e-04,6.01547793e-01,-1.23960001e-04,-1.85770789e-04,7.48568554e-02,-3.14236493e-05,4.66519359e-05,-8.30945470e-03,1.24037114e-03,7.59698153e-04,3.68788229e-05,-4.50352450e-04,-3.36240120e-04
1.64000000e+02,6.76436588e-01,-1.49489831e-04,-1.31627663e-04,-8.27672608e-03,8.30996132e-04,3.99413657e-04,6.01542992e-01,-1.17500912e-04,-1.78219328e-04,7.48935962e-02,-3.19889192e-05,4.65916650e-05,-8.31336722e-03,1.27861098e-03,7.42887865e-04,3.66411320e-05,-4.47614839e-04,-3.43474209e-04
1.65000000e+02,6.76484548e-01,-1.62489160e-04,-1.56889738e-04,-8.27722463e-03,1.21132873e-03,2.47959257e-04,6.01543840e-01,-1.27021153e-04,-1.99385254e-04,7.49407068e-02,-3.54680076e-05,4.24955159e-05,-8.31401000e-03,1.61939715e-03,6.24282547e-04,3.67853479e-05,-4.08068422e-04,-3.76323291e-04
1.66000000e+02,6.76386990e-01,-1.68349408e-04,-1.51540630e-04,-8.27856928e-03,1.35522726e-03,1.06096006e-04,6.01405986e-01,-1.32275693e-04,-1.93527869e-04,7.49810045e-02,-3.60737152e-05,4.19872389e-05,-8.31504498e-03,1.75584425e-03,4.91076827e-04,3.64756922e-05,-4.00616990e-04,-3.84980821e-04
1.67000000e+02,6.76270268e-01,-1.73773669e-04,-1.66970810e-04,-8.27641549e-03,1.70783490e-03,3.75421966e-06,6.01237378e-01,-1.34480391e-04,-2.05089735e-04,7.50328889e-02,-3.92932788e-05,3.81189252e-05,-8.31307194e-03,2.07078075e-03,4.19045587e-04,3.66564615e-05,-3.62945844e-04,-4.15291367e-04
1.68000000e+02,6.75990664e-01,-1.73083151e-04,-1.61314534e-04,-8.27384465e-03,1.87086529e-03,-8.80478443e-05,6.00913861e-01,-1.32983709e-04,-1.98520435e-04,7.50768051e-02,-4.00994420e-05,3.72059008e-05,-8.31031918e-03,2.22316947e-03,3.36984999e-04,3.64745187e-05,-3.52304178e-04,-4.25032844e-04
1.69000000e+02,6.75706051e-01,-1.87395138e-04,-1.79492862e-04,-8.26617415e-03,2.27356177e-03,-2.78216326e-04,6.00572327e-01,-1.43684497e-04,-2.13492828e-04,7.51337221e-02,-4.37106406e-05,3.39999662e-05,-8.30293093e-03,2.59466457e-03,1.81150151e-04,3.67568102e-05,-3.21102795e-04,-4.59366478e-04
1.70000000e+02,6.75264663e-01,-1.99074112e-04,-1.77442632e-04,-8.25839554e-03,2.47750747e-03,-5.18306818e-04,6.00082778e-01,-1.54337882e-04,-2.11256478e-04,7.51818877e-02,-4.47362300e-05,3.38138465e-05,-8.29505633e-03,2.79625120e-03,-4.63687153e-05,3.66608092e-05,-3.18743734e-04,-4.71938104e-04
1.71000000e+02,6.74814157e-01,-2.10140838e-04,-1.83428768e-04,-8.24582389e-03,2.75062864e-03,-7.52807939e-04,5.99573247e-01,-1.61867362e-04,-2.15611229e-04,7.52409078e-02,-4.82734758e-05,3.21824608e-05,-8.28283514e-03,3.05319550e-03,-2.46822409e-04,3.70112776e-05,-3.02566857e-04,-5.05985529e-04
1.72000000e+02,6.74226707e-01,-2.11812182e-04,-1.80040557e-04,-8.23409882e-03,2.88909825e-03,-9.75854604e-04,5.98934853e-01,-1.62289009e-04,-2.12806072e-04,7.52918558e-02,-4.95231729e-05,3.27655152e-05,-8.27109641e-03,3.19775918e-03,-4.55642846e-04,3.69975653e-05,-3.08660930e-04,-5.20211761e-04
1.73000000e+02,6.73637479e-01,-2.25871587e-04,-1.90016529e-04,-8.21776660e-03,3.13677641e-03,-1.28475918e-03,5.98283865e-01,-1.72352397e-04,-2.22415635e-04,7.53536150e-02,-5.35191900e-05,3.23991060e-05,-8.25515333e-03,3.44224857e-03,-7.26388507e-04,3.73867399e-05,-3.05472158e-04,-5.58370676e-04
1.74000000e+02,6.72865264e-01,-2.37839481e-04,-1.88481578e-04,-8.20193663e-03,3.26113073e-03,-1.66134441e-03,5.97458758e-01,-1.82959568e-04,-2.22708434e-04,7.54065086e-02,-5.48799129e-05,3.42268563e-05,-8.23936207e-03,3.58466093e-03,-1.08676743e-03,3.74254194e-05,-3.23530194e-04,-5.74576983e-04
1.75000000e+02,6.72018865e-01,-2.45698021e-04,-1.85930330e-04,-8.18296492e-03,3.36464823e-03,-1.97925105e-03,5.96547977e-01,-1.87548345e-04,-2.21536144e-04,7.54708860e-02,-5.81496748e-05,3.56058132e-05,-8.22083939e-03,3.70215220e-03,-1.37288570e-03,3.78745076e-05,-3.37503972e-04,-6.06365352e-04
1.76000000e+02,6.70928782e-01,-2.43238133e-04,-1.81911902e-04,-8.16623526e-03,3.39907883e-03,-2.23639288e-03,5.95403355e-01,-1.84279348e-04,-2.20158963e-04,7.55254256e-02,-5.89587850e-05,3.82470603e-05,-8.20419323e-03,3.76423465e-03,-1.62081312e-03,3.79579615e-05,-3.65155814e-04,-6.15579757e-04
1.77000000e+02,6.69739164e-01,-2.51661771e-04,-1.83643559e-04,-8.14768759e-03,3.47342421e-03,-2.51143177e-03,5.94147601e-01,-1.89989798e-04,-2.24529831e-04,7.55915619e-02,-6.16719732e-05,4.08862714e-05,-8.18613253e-03,3.86484955e-03,-1.87075016e-03,3.84449256e-05,-3.91425342e-04,-6.40681616e-04
1.78000000e+02,6.68312216e-01,-2.59596225e-04,-1.81087808e-04,-8.12964469e-03,3.47026938e-03,-2.80778692e-03,5.92663858e-01,-1.98369107e-04,-2.25490722e-04,7.56483559e-02,-6.12271189e-05,4.44029128e-05,-8.16828036e-03,3.89800941e-03,-2.16912354e-03,3.86356438e-05,-4.27740029e-04,-6.38663371e-04
1.79000000e+02,6.66818735e-01,-2.63805776e-04,-1.67007289e-04,-8.10906602e-03,3.36700828e-03,-2.97617700e-03,5.91103813e-01,-2.01860713e-04,-2.15062186e-04,7.57149209e-02,-6.19450631e-05,4.80548971e-05,-8.14836976e-03,3.83039059e-03,-2.33200952e-03,3.93037386e-05,-4.63382316e-04,-6.44167479e-04
1.80000000e+02,6.65190344e-01,-2.59959032e-04,-1.59419740e-04,-8.08798048e-03,3.27733989e-03,-3.04052598e-03,5.89417888e-01,-1.99987624e-04,-2.10527085e-04,7.57724549e-02,-5.99714082e-05,5.11073453e-05,-8.12765055e-03,3.77308181e-03,-2.41574537e-03,3.96700387e-05,-4.95741918e-04,-6.24780608e-04
1.81000000e+02,6.63648012e-01,-2.64581953e-04,-1.51385715e-04,-8.06285263e-03,3.18975987e-03,-3.06749590e-03,5.87807459e-01,-2.05087143e-04,-2.05694546e-04,7.58405519e-02,-5.94948103e-05,5.43088313e-05,-8.10328875e-03,3.71602520e-03,-2.44942781e-03,4.04361339e-05,-5.26265336e-04,-6.18068091e-04
1.82000000e+02,6.62109843e-01,-2.72369276e-04,-1.46385073e-04,-8.04042575e-03,3.10137687e-03,-3.12151169e-03,5.86209954e-01,-2.15857437e-04,-2.02906320e-04,7.58998863e-02,-5.65118393e-05,5.65212469e-05,-8.08125421e-03,3.65143646e-03,-2.53178422e-03,4.08284984e-05,-5.50059586e-04,-5.89727469e-04
1.83000000e+02,6.60774115e-01,-2.78094746e-04,-1.28748644e-04,-8.01712553e-03,2.89342640e-03,-3.05271540e-03,5.84804843e-01,-2.23366706e-04,-1.87913647e-04,7.59692742e-02,-5.47280399e-05,5.91650029e-05,-8.05868957e-03,3.46839491e-03,-2.48199338e-03,4.15640331e-05,-5.74968508e-04,-5.70722023e-04
1.84000000e+02,6.59553908e-01,-2.76805213e-04,-1.28135336e-04,-7.99872648e-03,2.78120253e-03,-2.91130925e-03,5.83524875e-01,-2.25505366e-04,-1.88363717e-04,7.60290295e-02,-5.12998475e-05,6.02283819e-05,-8.04068548e-03,3.36889809e-03,-2.37453414e-03,4.19589786e-05,-5.87695565e-04,-5.36775109e-04
1.85000000e+02,6.58618944e-01,-2.80652128e-04,-1.23997186e-04,-7.98165558e-03,2.63968561e-03,-2.73130686e-03,5.82522360e-01,-2.31124150e-04,-1.86496749e-04,7.60965819e-02,-4.95279775e-05,6.24995633e-05,-8.02432832e-03,3.24789554e-03,-2.21385080e-03,4.26727139e-05,-6.08209931e-04,-5.17456058e-04
1.86000000e+02,6.57824430e-01,-2.90089000e-04,-1.28186945e-04,-7.97174269e-03,2.51562428e-03,-2.62977740e-03,5.81669647e-01,-2.43828979e-04,-1.91722021e-04,7.61547838e-02,-4.62600211e-05,6.35350757e-05,-8.01480854e-03,3.13688778e-03,-2.14388055e-03,4.30658639e-05,-6.21263501e-04,-4.85896854e-04
1.87000000e+02,6.57280622e-01,-2.96976419e-04,-1.12458601e-04,-7.96457049e-03,2.18959335e-03,-2.43288501e-03,5.81060636e-01,-2.53030233e-04,-1.78915633e-04,7.62199868e-02,-4.39461856e-05,6.64570320e-05,-8.00840420e-03,2.83815305e-03,-1.97101153e-03,4.38337196e-05,-6.48559700e-04,-4.61873479e-04
1.88000000e+02,6.56830264e-01,-3.01189022e-04,-1.16399703e-04,-7.96284887e-03,1.96681574e-03,-2.22556502e-03,5.80555451e-01,-2.60772662e-04,-1.83932856e-04,7.62748119e-02,-4.04163598e-05,6.75331535e-05,-8.00720607e-03,2.62945743e-03,-1.79927860e-03,4.43572070e-05,-6.62641683e-04,-4.26286427e-04
1.89000000e+02,6.56568183e-01,-3.03054062e-04,-1.15550354e-04,-7.96074273e-03,1.69010845e-03,-1.94803115e-03,5.80230245e-01,-2.65154901e-04,-1.86526517e-04,7.63379367e-02,-3.78991615e-05,7.09761634e-05,-8.00603303e-03,2.38531634e-03,-1.54801495e-03,4.52903106e-05,-6.95207888e-04,-4.00016195e-04
1.90000000e+02,6.56297652e-01,-3.12549259e-04,-1.21786305e-04,-7.96090267e-03,1.43205369e-03,-1.80595326e-03,5.79906452e-01,-2.78235400e-04,-1.94451056e-04,7.63911999e-02,-3.43138592e-05,7.26647512e-05,-8.00689839e-03,2.14703986e-03,-1.44062428e-03,4.59957334e-05,-7.14986162e-04,-3.65328984e-04
1.91000000e+02,6.56134051e-01,-3.13947191e-04,-1.06370233e-04,-7.95910932e-03,9.74246660e-04,-1.55352429e-03,5.79680415e-01,-2.82738454e-04,-1.82833838e-04,7.64536364e-02,-3.12087367e-05,7.64636051e-05,-8.00623057e-03,1.72477919e-03,-1.21944392e-03,4.71212628e-05,-7.50532529e-04,-3.34080374e-04
1.92000000e+02,6.55925357e-01,-3.14032156e-04,-1.12986949e-04,-7.95800159e-03,6.84008843e-04,-1.34710788e-03,5.79419933e-01,-2.86105445e-04,-1.89975264e-04,7.65054259e-02,-2.79267112e-05,7.69883153e-05,-8.00589026e-03,1.44302616e-03,-1.04619354e-03,4.78886427e-05,-7.59017313e-04,-3.00914338e-04
1.93000000e+02,6.55804570e-01,-3.08848332e-04,-1.10676815e-04,-7.95185931e-03,3.50788393e-04,-1.09059638e-03,5.79238670e-01,-2.83205800e-04,-1.90032178e-04,7.65658986e-02,-2.56425320e-05,7.93553629e-05,-8.00079040e-03,1.13063289e-03,-8.11926291e-04,4.89311043e-05,-7.79844497e-04,-2.78670095e-04
1.94000000e+02,6.55610796e-01,-3.15526632e-04,-1.21874550e-04,-7.94609640e-03,1.42502404e-04,-1.04398849e-03,5.78995861e-01,-2.91641286e-04,-1.99863055e-04,7.66149333e-02,-2.38853458e-05,7.79885049e-05,-7.99566219e-03,9.11566924e-04,-7.81498109e-04,4.95657848e-05,-7.69064520e-04,-2.62490374e-04
1.95000000e+02,6.55470996e-01,-3.10152794e-04,-1.11688857e-04,-7.93511205e-03,-1.95395135e-04,-8.74343681e-04,5.78800348e-01,-2.87118364e-04,-1.89944538e-04,7.66706474e-02,-2.30344303e-05,7.82556811e-05,-7.98558892e-03,5.72787273e-04,-6.19208595e-04,5.04768662e-05,-7.68182408e-04,-2.55135083e-04
1.96000000e+02,6.55230557e-01,-3.05646105e-04,-1.26376581e-04,-7.92565885e-03,-2.85081957e-04,-7.69506979e-04,5.78516664e-01,-2.82189721e-04,-2.00311988e-04,7.67138925e-02,-2.34563842e-05,7.39354068e-05,-7.97658330e-03,4.42323767e-04,-5.09905195e-04,5.09244157e-05,-7.27405726e-04,-2.59601781e-04
1.97000000e+02,6.55029901e-01,-2.97317906e-04,-1.29972669e-04,-7.91078551e-03,-3.80387775e-04,-6.11116716e-04,5.78266534e-01,-2.72223706e-04,-2.01701085e-04,7.67633664e-02,-2.50942003e-05,7.17284154e-05,-7.96234584e-03,3.20665553e-04,-3.34304304e-04,5.15603241e-05,-7.01053325e-04,-2.76812415e-04
1.98000000e+02,6.54748134e-01,-3.07113971e-04,-1.50201059e-04,-7.89712203e-03,-2.86639340e-04,-6.85562574e-04,5.77948199e-01,-2.79289256e-04,-2.15579985e-04,7.67999349e-02,-2.78247149e-05,6.53789261e-05,-7.94888135e-03,3.53485127e-04,-3.80727241e-04,5.17593270e-05,-6.40124469e-04,-3.04835336e-04
1.99000000e+02,6.54546859e-01,-3.03888404e-04,-1.46747660e-04,-7.88128540e-03,-3.15984706e-04,-6.04569052e-04,5.77703437e-01,-2.73459132e-04,-2.08576203e-04,7.68434193e-02,-3.04292725e-05,6.18285429e-05,-7.93352007e-03,2.84167538e-04,-2.72956360e-04,5.22346545e-05,-6.00152244e-04,-3.31612694e-04
2.00000000e+02,6.54314139e-01,-3.04966860e-04,-1.67834434e-04,-7.86927176e-03,-8.62011124e-05,-6.01604758e-04,5.77438598e-01,-2.71466735e-04,-2.21639906e-04,7.68755399e-02,-3.35001240e-05,5.38054724e-05,-7.92166273e-03,4.36889979e-04,-2.40132956e-04,5.23910105e-05,-5.23091090e-04,-3.61471800e-04
2.01000000e+02,6.54193795e-01,-2.99754581e-04,-1.78200406e-04,-7.85359468e-03,1.13903920e-04,-5.11878116e-04,5.77277814e-01,-2.63901930e-04,-2.27669073e-04,7.69159785e-02,-3.58526508e-05,4.94686664e-05,-7.90649957e-03,5.89745598e-04,-1.26910013e-04,5.29048816e-05,-4.75841681e-04,-3.84968102e-04
2.02000000e+02,6.54025712e-01,-3.07011744e-04,-2.01436853e-04,-7.84155970e-03,4.54024501e-04,-6.09209400e-04,5.77080363e-01,-2.69300635e-04,-2.42894230e-04,7.69453511e-02,-3.77111084e-05,4.14573767e-05,-7.89477566e-03,8.53245875e-04,-2.06219626e-04,5.32159664e-05,-3.99221376e-04,-4.02989775e-04
2.03000000e+02,6.53930298e-01,-3.01756353e-04,-1.97327629e-04,-7.82438853e-03,6.11799015e-04,-5.64079702e-04,5.76946808e-01,-2.63986305e-04,-2.35253890e-04,7.69834912e-02,-3.77700488e-05,3.79262614e-05,-7.87836448e-03,9.71722792e-04,-1.60676531e-04,5.39759521e-05,-3.59923779e-04,-4.03403173e-04
2.04000000e+02,6.53772848e-01,-3.00486700e-04,-2.16692459e-04,-7.80805899e-03,9.97864415e-04,-6.06559758e-04,5.76760993e-01,-2.63276371e-04,-2.47104596e-04,7.70118562e-02,-3.72103284e-05,3.04121372e-05,-7.86259208e-03,1.28710000e-03,-2.10450891e-04,5.45331107e-05,-2.89235582e-04,-3.96108866e-04
2.05000000e+02,6.53689777e-01,-2.93303798e-04,-2.23187961e-04,-7.78632051e-03,1.31376335e-03,-5.66440540e-04,5.76640781e-01,-2.58090344e-04,-2.51616329e-04,7.70489954e-02,-3.52134546e-05,2.84283683e-05,-7.84174128e-03,1.57985070e-03,-1.90497541e-04,5.54207678e-05,-2.66087353e-04,-3.75943001e-04
2.06000000e+02,6.53540006e-01,-2.98386263e-04,-2.42613558e-04,-7.76539963e-03,1.72593345e-03,-7.03938776e-04,5.76464591e-01,-2.65233981e-04,-2.66001583e-04,7.70754143e-02,-3.31522816e-05,2.33880248e-05,-7.82140245e-03,1.94629644e-03,-3.49213912e-04,5.60028134e-05,-2.20362985e-04,-3.54724866e-04
2.07000000e+02,6.53457224e-01,-2.91075282e-04,-2.32481502e-04,-7.74025296e-03,1.90175460e-03,-6.96696151e-04,5.76347266e-01,-2.60761115e-04,-2.56659659e-04,7.71099563e-02,-3.03141670e-05,2.41781562e-05,-7.79711452e-03,2.12623984e-03,-3.69863563e-04,5.68615293e-05,-2.24485240e-04,-3.26832586e-04
2.08000000e+02,6.53298182e-01,-2.90176514e-04,-2.46433110e-04,-7.71645332e-03,2.27347660e-03,-8.10006409e-04,5.76165307e-01,-2.61452260e-04,-2.67163086e-04,7.71328747e-02,-2.87242534e-05,2.07299767e-05,-7.77383254e-03,2.46817612e-03,-4.99860123e-04,5.73792096e-05,-1.94699521e-04,-3.10146286e-04
2.09000000e+02,6.53186887e-01,-2.87873385e-04,-2.44621207e-04,-7.68674877e-03,2.52190263e-03,-8.90183255e-04,5.76023434e-01,-2.60468023e-04,-2.67351860e-04,7.71634517e-02,-2.74053618e-05,2.27306536e-05,-7.74488067e-03,2.73256031e-03,-5.91776224e-04,5.81319145e-05,-2.10657671e-04,-2.98407030e-04
2.10000000e+02,6.52956450e-01,-2.96575635e-04,-2.59250765e-04,-7.65825572e-03,2.86181071e-03,-1.14375005e-03,5.75774389e-01,-2.68741058e-04,-2.79248344e-04,7.71820592e-02,-2.78345769e-05,1.99975795e-05,-7.71677880e-03,3.04947166e-03,-8.40325900e-04,5.85230952e-05,-1.87660945e-04,-3.03424149e-04
2.11000000e+02,6.52733907e-01,-2.98237280e-04,-2.44263077e-04,-7.62506877e-03,2.94109724e-03,-1.28742738e-03,5.75525827e-01,-2.69709715e-04,-2.66313753e-04,7.72080829e-02,-2.85275655e-05,2.20506760e-05,-7.68415624e-03,3.14448242e-03,-9.76065519e-04,5.90874519e-05,-2.03385185e-04,-3.11361861e-04
2.12000000e+02,6.52370490e-01,-3.06524353e-04,-2.58531187e-04,-7.59554609e-03,3.23418990e-03,-1.55047643e-03,5.75147736e-01,-2.75540622e-04,-2.76524270e-04,7.72227538e-02,-3.09837313e-05,1.79930832e-05,-7.65476214e-03,3.40132205e-03,-1.21464191e-03,5.92160794e-05,-1.67132145e-04,-3.35834520e-04
2.13000000e+02,6.52010119e-01,-3.10827287e-04,-2.56409856e-04,-7.56344304e-03,3.38962878e-03,-1.76339531e-03,5.74764747e-01,-2.77522669e-04,-2.75373718e-04,7.72453715e-02,-3.33046184e-05,1.89638621e-05,-7.62294965e-03,3.56197332e-03,-1.40276461e-03,5.95066427e-05,-1.72344537e-04,-3.60630700e-04
2.14000000e+02,6.51528899e-01,-3.21566600e-04,-2.75279171e-04,-7.53604230e-03,3.65070088e-03,-2.10969172e-03,5.74272653e-01,-2.84777199e-04,-2.89867949e-04,7.72562462e-02,-3.67894007e-05,1.45887782e-05,-7.59551993e-03,3.78366430e-03,-1.71360909e-03,5.94776270e-05,-1.32963417e-04,-3.96082628e-04
2.15000000e+02,6.51104591e-01,-3.27946063e-04,-2.60699664e-04,-7.50704137e-03,3.60706857e-03,-2.35735072e-03,5.73829877e-01,-2.88344433e-04,-2.76494443e-04,7.72747114e-02,-3.96016296e-05,1.57947794e-05,-7.56679137e-03,3.74723785e-03,-1.93294539e-03,5.97499902e-05,-1.40169280e-04,-4.24405330e-04
2.16000000e+02,6.50634462e-01,-3.36441796e-04,-2.76195180e-04,-7.48299255e-03,3.76842130e-03,-2.67675564e-03,5.73353123e-01,-2.93277695e-04,-2.87524946e-04,7.72813394e-02,-4.31641013e-05,1.13297664e-05,-7.54272966e-03,3.86886670e-03,-2.21766237e-03,5.97371068e-05,-1.00445400e-04,-4.59093267e-04
2.17000000e+02,6.50282233e-01,-3.42631161e-04,-2.69762406e-04,-7.45818454e-03,3.73547499e-03,-2.95447669e-03,5.72986574e-01,-2.96989124e-04,-2.83023642e-04,7.72956613e-02,-4.56420371e-05,1.32612361e-05,-7.51817924e-03,3.85091162e-03,-2.46981255e-03,5.99946979e-05,-1.15436627e-04,-4.84664140e-04
2.18000000e+02,6.49910250e-01,-3.50969530e-04,-2.88576149e-04,-7.43803239e-03,3.83293392e-03,-3.31450214e-03,5.72611961e-01,-3.02420726e-04,-2.98472505e-04,7.72982884e-02,-4.85488043e-05,9.89635604e-06,-7.49800390e-03,3.92043560e-03,-2.80073328e-03,5.99715037e-05,-8.75016843e-05,-5.13768859e-04
2.19000000e+02,6.49677572e-01,-3.56405256e-04,-2.70832531e-04,-7.41532823e-03,3.60329194e-03,-3.58142901e-03,5.72368371e-01,-3.06200095e-04,-2.83751947e-04,7.73092028e-02,-5.02051602e-05,1.29194155e-05,-7.47561898e-03,3.71596570e-03,-3.05117199e-03,6.02907733e-05,-1.12673754e-04,-5.30257017e-04
2.20000000e+02,6.49446120e-01,-3.63523514e-04,-2.83833108e-04,-7.39454760e-03,3.59507415e-03,-3.90464379e-03,5.72136568e-01,-3.11179218e-04,-2.93474230e-04,7.73095518e-02,-5.23442949e-05,9.64112190e-06,-7.45487988e-03,3.68027234e-03,-3.35434927e-03,6.03322755e-05,-8.51981852e-05,-5.50294519e-04
2.21000000e+02,6.49344146e-01,-3.68764854e-04,-2.70489796e-04,-7.36904608e-03,3.36491802e-03,-4.16453947e-03,5.72025328e-01,-3.15814891e-04,-2.83227572e-04,7.73188170e-02,-5.29499637e-05,1.27377758e-05,-7.42975684e-03,3.47630626e-03,-3.60739657e-03,6.07107971e-05,-1.11388241e-04,-5.57142907e-04
2.22000000e+02,6.49206120e-01,-3.68193316e-04,-2.86787398e-04,-7.34480775e-03,3.31540116e-03,-4.43770877e-03,5.71888547e-01,-3.14375220e-04,-2.96203534e-04,7.73175729e-02,-5.38180955e-05,9.41613584e-06,-7.40569067e-03,3.39936563e-03,-3.87158997e-03,6.08829309e-05,-8.39644676e-05,-5.66118799e-04
2.23000000e+02,6.49156791e-01,-3.67954491e-04,-2.63036547e-04,-7.31255551e-03,2.92733565e-03,-4.61787043e-03,5.71831386e-01,-3.14626915e-04,-2.75457893e-04,7.73254065e-02,-5.33275763e-05,1.24213461e-05,-7.37393838e-03,3.03578863e-03,-4.05714800e-03,6.13828775e-05,-1.08452986e-04,-5.60722425e-04
2.24000000e+02,6.49046896e-01,-3.63858144e-04,-2.76648244e-04,-7.28170360e-03,2.82785035e-03,-4.79000726e-03,5.71723985e-01,-3.10765228e-04,-2.84936915e-04,7.73229124e-02,-5.30929156e-05,8.28867075e-06,-7.34331094e-03,2.90058447e-03,-4.23279094e-03,6.16073515e-05,-7.27341166e-05,-5.57216317e-04
2.25000000e+02,6.48995194e-01,-3.57323138e-04,-2.58994637e-04,-7.24573685e-03,2.47816031e-03,-4.88070294e-03,5.71666175e-01,-3.06077973e-04,-2.69784904e-04,7.73290179e-02,-5.12451648e-05,1.07902672e-05,-7.30782874e-03,2.57109007e-03,-4.34125833e-03,6.20918597e-05,-9.29297596e-05,-5.39444632e-04
2.26000000e+02,6.48823800e-01,-3.48918151e-04,-2.77190304e-04,-7.21207956e-03,2.37650730e-03,-4.99823641e-03,5.71499967e-01,-2.99201099e-04,-2.83711675e-04,7.73238332e-02,-4.97170515e-05,6.52137046e-06,-7.27437365e-03,2.43287115e-03,-4.47432485e-03,6.22940664e-05,-5.63638493e-05,-5.23911569e-04
2.27000000e+02,6.48662304e-01,-3.42303403e-04,-2.48091392e-04,-7.17450201e-03,1.88709708e-03,-5.02953499e-03,5.71335620e-01,-2.95557819e-04,-2.57327458e-04,7.73266833e-02,-4.67455847e-05,9.23606624e-06,-7.23725900e-03,1.96429034e-03,-4.53607032e-03,6.27569764e-05,-7.71932620e-05,-4.93464684e-04
2.28000000e+02,6.48385164e-01,-3.34403029e-04,-2.61464677e-04,-7.14071833e-03,1.73651557e-03,-5.06926497e-03,5.71066929e-01,-2.90140213e-04,-2.65937034e-04,7.73182331e-02,-4.42628163e-05,4.47235611e-06,-7.20357020e-03,1.77196822e-03,-4.60168502e-03,6.28518872e-05,-3.54526469e-05,-4.67579930e-04
2.29000000e+02,6.48145577e-01,-3.23875430e-04,-2.36966496e-04,-7.10628039e-03,1.28993056e-03,-5.02154154e-03,5.70828112e-01,-2.83535984e-04,-2.43757273e-04,7.73174640e-02,-4.03394457e-05,6.79077713e-06,-7.16944135e-03,1.34326518e-03,-4.59237162e-03,6.31609695e-05,-5.33346245e-05,-4.29169943e-04
2.30000000e+02,6.47795508e-01,-3.11301995e-04,-2.53843735e-04,-7.07654326e-03,1.15980671e-03,-4.99321675e-03,5.70490729e-01,-2.74030632e-04,-2.55662321e-04,7.73047806e-02,-3.72713633e-05,1.81858571e-06,-7.13967440e-03,1.16915001e-03,-4.59490013e-03,6.31311266e-05,-9.34330028e-06,-3.98316604e-04
2.31000000e+02,6.47487038e-01,-3.02413789e-04,-2.20528207e-04,-7.04400137e-03,6.29911403e-04,-4.89847765e-03,5.70187049e-01,-2.69385853e-04,-2.24477939e-04,7.72999885e-02,-3.30279362e-05,3.94973193e-06,-7.10738958e-03,6.54356965e-04,-4.54301208e-03,6.33881843e-05,-2.44455647e-05,-3.55465571e-04
2.32000000e+02,6.47105885e-01,-2.93002187e-04,-2.36568631e-04,-7.01649647e-03,5.20045040e-04,-4.81786564e-03,5.69822084e-01,-2.63244578e-04,-2.34600213e-04,7.72837992e-02,-2.97576089e-05,-1.96841744e-06,-7.07983011e-03,4.91303494e-04,-4.49631477e-03,6.33336440e-05,2.87415436e-05,-3.21550868e-04
2.33000000e+02,6.46815661e-01,-2.83485108e-04,-2.10865360e-04,-6.98593420e-03,1.16305850e-04,-4.67218480e-03,5.69539971e-01,-2.58319887e-04,-2.10288405e-04,7.72756878e-02,-2.51652213e-05,-5.76954538e-07,-7.04946741e-03,9.50860799e-05,-4.39552221e-03,6.35332116e-05,2.12197704e-05,-2.76662592e-04
2.34000000e+02,6.46469094e-01,-2.70837952e-04,-2.32998841e-04,-6.95858933e-03,9.30925239e-05,-4.54452449e-03,5.69212883e-01,-2.49160508e-04,-2.25874267e-04,7.72562143e-02,-2.16774445e-05,-7.12457408e-06,-7.02204017e-03,1.30647080e-05,-4.30300763e-03,6.34508281e-05,8.00278158e-05,-2.41516856e-04
2.35000000e+02,6.46211778e-01,-2.61520172e-04,-2.00195324e-04,-6.92693280e-03,-3.39912405e-04,-4.34271227e-03,5.68966530e-01,-2.44487167e-04,-1.94042034e-04,7.72452482e-02,-1.70330058e-05,-6.15329061e-06,-6.99057027e-03,-4.17249147e-04,-4.14803562e-03,6.36374704e-05,7.73367424e-05,-1.94676649e-04
2.36000000e+02,6.45916960e-01,-2.53850313e-04,-2.18545908e-04,-6.89754803e-03,-3.17998091e-04,-4.18154684e-03,5.68693264e-01,-2.40397781e-04,-2.04838465e-04,7.72236972e-02,-1.34525319e-05,-1.37074430e-05,-6.96105061e-03,-4.64565626e-04,-4.02386112e-03,6.35026227e-05,1.46567535e-04,-1.57685721e-04
2.37000000e+02,6.45737498e-01,-2.45776029e-04,-1.96344787e-04,-6.86571662e-03,-5.75496963e-04,-3.96237611e-03,5.68526291e-01,-2.37316462e-04,-1.82645333e-04,7.72112100e-02,-8.45956788e-06,-1.36994542e-05,-6.92931170e-03,-7.28268776e-04,-3.85398309e-03,6.35950579e-05,1.52771813e-04,-1.08393026e-04
2.38000000e+02,6.45519938e-01,-2.35982682e-04,-2.22339431e-04,-6.83595731e-03,-4.16464484e-04,-3.77661718e-03,5.68331851e-01,-2.31477894e-04,-2.00604160e-04,7.71880850e-02,-4.50478768e-06,-2.17352707e-05,-6.89937236e-03,-6.43401960e-04,-3.70793527e-03,6.34150461e-05,2.26937477e-04,-6.86819089e-05
2.39000000e+02,6.45399735e-01,-2.26366330e-04,-1.93016945e-04,-6.80257298e-03,-6.57464788e-04,-3.50070121e-03,5.68225649e-01,-2.26937683e-04,-1.71106554e-04,7.71740833e-02,5.71352733e-07,-2.19103911e-05,-6.86608835e-03,-8.93426229e-04,-3.48311329e-03,6.35153699e-05,2.35961439e-04,-1.75879090e-05
2.40000000e+02,6.45236912e-01,-2.20985337e-04,-2.18159841e-04,-6.77117345e-03,-4.16905012e-04,-3.29947856e-03,5.68087269e-01,-2.25367961e-04,-1.87635560e-04,7.71496418e-02,4.38262357e-06,-3.05242816e-05,-6.83447645e-03,-7.32196310e-04,-3.32105060e-03,6.33029978e-05,3.15291299e-04,2.15720418e-05
2.41000000e+02,6.45172309e-01,-2.13622183e-04,-1.97144945e-04,-6.73572096e-03,-5.06814785e-04,-3.03750748e-03,5.68038173e-01,-2.23042875e-04,-1.66094366e-04,7.71341372e-02,9.42069171e-06,-3.10505787e-05,-6.79903096e-03,-8.33749637e-04,-3.10864553e-03,6.33100126e-05,3.26934850e-04,7.11380578e-05
2.42000000e+02,6.45035100e-01,-2.06789563e-04,-2.27167795e-04,-6.70352362e-03,-1.67038591e-04,-2.83621611e-03,5.67927201e-01,-2.19855778e-04,-1.87713345e-04,7.71078995e-02,1.30662142e-05,-3.94544504e-05,-6.76654968e-03,-5.71546334e-04,-2.94424545e-03,6.30260591e-05,4.04507744e-04,1.08029335e-04
2.43000000e+02,6.44956842e-01,-2.01543728e-04,-1.99518040e-04,-6.66639540e-03,-2.46742555e-04,-2.57386438e-03,5.67866507e-01,-2.19151111e-04,-1.60007395e-04,7.70903311e-02,1.76073829e-05,-3.95106449e-05,-6.72940289e-03,-6.58904591e-04,-2.72714168e-03,6.30074651e-05,4.12162037e-04,1.53277299e-04
2.44000000e+02,6.44798170e-01,-1.96688246e-04,-2.22472081e-04,-6.63104017e-03,1.10696569e-04,-2.37948887e-03,5.67735792e-01,-2.17229048e-04,-1.74856529e-04,7.70623793e-02,2.05408020e-05,-4.76155520e-05,-6.69374051e-03,-3.76108387e-04,-2.56236560e-03,6.27003738e-05,4.86804954e-04,1.82876729e-04
2.45000000e+02,6.44696815e-01,-1.94296663e-04,-1.99982989e-04,-6.59185615e-03,1.35468290e-04,-2.17054534e-03,5.67653476e-01,-2.18597151e-04,-1.52552984e-04,7.70433380e-02,2.43004870e-05,-4.74300050e-05,-6.65448948e-03,-3.55839540e-04,-2.39052932e-03,6.26333280e-05,4.91307831e-04,2.19983977e-04
2.46000000e+02,6.44501127e-01,-1.91315005e-04,-2.25953677e-04,-6.55422366e-03,5.49260489e-04,-2.01994353e-03,5.67487875e-01,-2.17682817e-04,-1.71116948e-04,7.70132497e-02,2.63678118e-05,-5.48367289e-05,-6.61652961e-03,-9.78052378e-06,-2.26087364e-03,6.23059344e-05,5.59041012e-04,2.40930114e-04
2.47000000e+02,6.44328247e-01,-1.90378154e-04,-1.97274803e-04,-6.51244745e-03,5.43682694e-04,-1.82745297e-03,5.67336420e-01,-2.19630767e-04,-1.43328814e-04,7.69918283e-02,2.92526130e-05,-5.39459883e-05,-6.57467507e-03,-1.32924889e-05,-2.09697819e-03,6.22276192e-05,5.56975184e-04,2.69525229e-04
2.48000000e+02,6.44047372e-01,-1.90902784e-04,-2.18064897e-04,-6.47274091e-03,9.53359954e-04,-1.72795623e-03,5.67087317e-01,-2.21235620e-04,-1.57072141e-04,7.69600538e-02,3.03328362e-05,-6.09927566e-05,-6.53459821e-03,3.32455762e-04,-2.00824098e-03,6.18573326e-05,6.20904193e-04,2.80284752e-04
2.49000000e+02,6.43801358e-01,-1.91291320e-04,-1.94727533e-04,-6.43049704e-03,1.02029960e-03,-1.59241820e-03,5.66863860e-01,-2.23605595e-04,-1.34926550e-04,7.69374988e-02,3.23142751e-05,-5.98009829e-05,-6.49220899e-03,4.04930906e-04,-1.89191127e-03,6.17119556e-05,6.15368696e-04,2.99493069e-04
2.50000000e+02,6.43461952e-01,-1.93442488e-04,-2.17997979e-04,-6.39167055e-03,1.43562991e-03,-1.54758228e-03,5.66557880e-01,-2.25973716e-04,-1.51930128e-04,7.69040741e-02,3.25312280e-05,-6.60678510e-05,-6.45296516e-03,7.63911088e-04,-1.84939082e-03,6.12946390e-05,6.71718827e-04,3.01808535e-04
2.51000000e+02,6.43164345e-01,-1.98648362e-04,-1.85206102e-04,-6.34850189e-03,1.41645175e-03,-1.47163471e-03,5.66284649e-01,-2.32395754e-04,-1.21018888e-04,7.68796944e-02,3.37473927e-05,-6.41872143e-05,-6.40965810e-03,7.56212558e-04,-1.78552391e-03,6.11562059e-05,6.60239190e-04,3.13889206e-04
2.52000000e+02,6.42788541e-01,-2.08192014e-04,-2.01241327e-04,-6.30904652e-03,1.77873342e-03,-1.50036345e-03,5.65943365e-01,-2.41360747e-04,-1.31107750e-04,7.68451769e-02,3.31687326e-05,-7.01335772e-05,-6.36975953e-03,1.06548889e-03,-1.80909604e-03,6.07129839e-05,7.13244526e-04,3.08732597e-04
2.53000000e+02,6.42491400e-01,-2.15487594e-04,-1.74742310e-04,-6.26575298e-03,1.79680017e-03,-1.47934251e-03,5.65671530e-01,-2.49447122e-04,-1.06769690e-04,7.68198691e-02,3.39595274e-05,-6.79726199e-05,-6.32628650e-03,1.09922259e-03,-1.79527313e-03,6.05335174e-05,6.97577582e-04,3.15930619e-04
2.54000000e+02,6.42138635e-01,-2.24245150e-04,-1.92280078e-04,-6.22461470e-03,2.12411199e-03,-1.54430948e-03,5.65354825e-01,-2.57244673e-04,-1.19374267e-04,7.67838083e-02,3.29995231e-05,-7.29058112e-05,-6.28472767e-03,1.38329773e-03,-1.85060524e-03,6.01129674e-05,7.40814261e-04,3.06295767e-04
2.55000000e+02,6.41869793e-01,-2.35597698e-04,-1.56896709e-04,-6.17812904e-03,2.03160924e-03,-1.56449868e-03,5.65113075e-01,-2.68918532e-04,-8.71221875e-05,7.67567194e-02,3.33208337e-05,-6.97745215e-05,-6.23807798e-03,1.31498064e-03,-1.87403000e-03,5.99489426e-05,7.16628598e-04,3.09531314e-04
2.56000000e+02,6.41542996e-01,-2.48574791e-04,-1.70369498e-04,-6.13313483e-03,2.30711791e-03,-1.67055036e-03,5.64823641e-01,-2.80518805e-04,-9.62699967e-05,7.67193569e-02,3.19440142e-05,-7.40995012e-05,-6.19262496e-03,1.55393924e-03,-1.96709159e-03,5.94901169e-05,7.53178665e-04,2.96541234e-04
2.57000000e+02,6.41306914e-01,-2.57589594e-04,-1.43093819e-04,-6.08330532e-03,2.23043087e-03,-1.70721977e-03,5.64615698e-01,-2.89732203e-04,-7.29180708e-05,7.66912192e-02,3.21426091e-05,-7.01757486e-05,-6.14255847e-03,1.51095761e-03,-2.00479672e-03,5.92531466e-05,7.19473259e-04,2.97576954e-04
2.58000000e+02,6.41013769e-01,-2.67268277e-04,-1.57979857e-04,-6.03676354e-03,2.43722660e-03,-1.81699922e-03,5.64361366e-01,-2.97808496e-04,-8.48430403e-05,7.66524028e-02,3.05402180e-05,-7.31368169e-05,-6.09551342e-03,1.69457631e-03,-2.09875499e-03,5.87498903e-05,7.42650296e-04,2.81755779e-04
2.59000000e+02,6.40803643e-01,-2.77990595e-04,-1.22752379e-04,-5.98629639e-03,2.23055263e-03,-1.87654773e-03,5.64181033e-01,-3.08289712e-04,-5.46683145e-05,7.66226090e-02,3.02991167e-05,-6.80840648e-05,-6.04476331e-03,1.53165120e-03,-2.15570327e-03,5.84668948e-05,6.98901433e-04,2.79155535e-04
2.60000000e+02,6.40539811e-01,-2.94859240e-04,-1.36862679e-04,-5.93969203e-03,2.39776581e-03,-2.05396971e-03,5.63957432e-01,-3.23024032e-04,-6.65455646e-05,7.65823785e-02,2.81647925e-05,-7.03171141e-05,-5.99760126e-03,1.68306588e-03,-2.31255521e-03,5.79092339e-05,7.14699930e-04,2.58585502e-04
2.61000000e+02,6.40363073e-01,-3.05473956e-04,-1.11549324e-04,-5.89079474e-03,2.21901834e-03,-2.14495454e-03,5.63811832e-01,-3.33268050e-04,-4.70577769e-05,7.65512433e-02,2.77940939e-05,-6.44915476e-05,-5.94837514e-03,1.55692613e-03,-2.39860515e-03,5.75804359e-05,6.62092206e-04,2.53650606e-04
2.62000000e+02,6.40122113e-01,-3.16206891e-04,-1.27491891e-04,-5.84402926e-03,2.32267818e-03,-2.29963785e-03,5.63612626e-01,-3.41583183e-04,-6.18128940e-05,7.65094866e-02,2.53762917e-05,-6.56789972e-05,-5.90108826e-03,1.65483011e-03,-2.52943686e-03,5.70589693e-05,6.67848077e-04,2.29799014e-04
2.63000000e+02,6.39952311e-01,-3.29479312e-04,-9.41398731e-05,-5.79151166e-03,2.01814203e-03,-2.41581579e-03,5.63475453e-01,-3.53794071e-04,-3.49048052e-05,7.64768602e-02,2.43147594e-05,-5.92350681e-05,-5.84830670e-03,1.40836722e-03,-2.63519936e-03,5.67949990e-05,6.09774814e-04,2.19383569e-04
2.64000000e+02,6.39732420e-01,-3.48130374e-04,-1.07541938e-04,-5.73986574e-03,2.07894770e-03,-2.64237286e-03,5.63298395e-01,-3.69499586e-04,-4.72353075e-05,7.64340236e-02,2.13692115e-05,-6.03066305e-05,-5.79612994e-03,1.46475443e-03,-2.83271669e-03,5.62642297e-05,6.14193266e-04,1.90343831e-04
2.65000000e+02,6.39612749e-01,-3.60227415e-04,-8.23527161e-05,-5.68496380e-03,1.81322936e-03,-2.76528866e-03,5.63212329e-01,-3.80549869e-04,-2.86390103e-05,7.64004231e-02,2.03224541e-05,-5.37137058e-05,-5.74092713e-03,1.25855716e-03,-2.94398542e-03,5.59633084e-05,5.54672205e-04,1.78696756e-04
2.66000000e+02,6.39418469e-01,-3.69954109e-04,-1.00203394e-04,-5.63074821e-03,1.84964559e-03,-2.93906839e-03,5.63062302e-01,-3.87238372e-04,-4.56262559e-05,7.63561684e-02,1.72842630e-05,-5.45771376e-05,-5.68619115e-03,1.29295025e-03,-3.08731448e-03,5.54429530e-05,5.56695346e-04,1.48246094e-04
2.67000000e+02,6.39284902e-01,-3.82408017e-04,-7.09958677e-05,-5.57108647e-03,1.51465770e-03,-3.05676731e-03,5.62963798e-01,-3.98243446e-04,-2.28884238e-05,7.63211063e-02,1.58354311e-05,-4.81074440e-05,-5.62625043e-03,1.01572914e-03,-3.19127359e-03,5.51639660e-05,4.98928555e-04,1.34506277e-04
2.68000000e+02,6.39090711e-01,-3.99317844e-04,-8.85941366e-05,-5.51320880e-03,1.56625780e-03,-3.27362694e-03,5.62814848e-01,-4.12045123e-04,-3.91406608e-05,7.62758619e-02,1.27272804e-05,-4.94534758e-05,-5.56781474e-03,1.06039367e-03,-3.37745527e-03,5.46059375e-05,5.05864126e-04,1.03828334e-04
2.69000000e+02,6.38978043e-01,-4.08561648e-04,-7.06224958e-05,-5.45136716e-03,1.31963043e-03,-3.37468884e-03,5.62738181e-01,-4.20371447e-04,-2.71342964e-05,7.62398630e-02,1.18097973e-05,-4.34881995e-05,-5.50562997e-03,8.67608989e-04,-3.46843571e-03,5.42628322e-05,4.52021447e-04,9.37468697e-05
2.70000000e+02,6.38779312e-01,-4.16183819e-04,-9.29391205e-05,-5.39140489e-03,1.37491899e-03,-3.51455017e-03,5.62585940e-01,-4.25204892e-04,-4.80256720e-05,7.61933737e-02,9.02107226e-06,-4.49134485e-05,-5.44511474e-03,9.14323162e-04,-3.58087895e-03,5.37098140e-05,4.60595831e-04,6.63287821e-05
2.71000000e+02,6.38634934e-01,-4.24423360e-04,-7.01225461e-05,-5.32499618e-03,1.07052599e-03,-3.58815145e-03,5.62478691e-01,-4.32634024e-04,-3.07770054e-05,7.61562392e-02,8.21066543e-06,-3.93455409e-05,-5.37836547e-03,6.59622934e-04,-3.64674639e-03,5.33692987e-05,4.10903054e-04,5.85949383e-05
2.72000000e+02,6.38411702e-01,-4.36860416e-04,-9.08165874e-05,-5.26114692e-03,1.14853229e-03,-3.74294859e-03,5.62302653e-01,-4.42524404e-04,-4.95136447e-05,7.61090470e-02,5.66398741e-06,-4.13029428e-05,-5.31388826e-03,7.23699018e-04,-3.77674790e-03,5.27413382e-05,4.24833272e-04,3.37993164e-05
2.73000000e+02,6.38272287e-01,-4.40779132e-04,-7.40671643e-05,-5.19395940e-03,9.20834048e-04,-3.77368721e-03,5.62200870e-01,-4.46239421e-04,-3.79428097e-05,7.60714184e-02,5.46028684e-06,-3.61243546e-05,-5.24623123e-03,5.41813605e-04,-3.80465129e-03,5.22718200e-05,3.79020440e-04,3.09640753e-05
2.74000000e+02,6.38057949e-01,-4.46234733e-04,-9.85822037e-05,-5.12907468e-03,1.00611832e-03,-3.87012597e-03,5.62034452e-01,-4.49411155e-04,-6.02927956e-05,7.60234947e-02,3.17642091e-06,-3.82894082e-05,-5.18062514e-03,6.11547295e-04,-3.87889623e-03,5.15504693e-05,3.94571027e-04,8.77025823e-06
2.75000000e+02,6.37906813e-01,-4.55877379e-04,-7.79911893e-05,-5.06072556e-03,7.49214338e-04,-3.91834915e-03,5.61921652e-01,-4.58740846e-04,-4.46285312e-05,7.59851600e-02,2.86346879e-06,-3.33626578e-05,-5.11172967e-03,3.97137524e-04,-3.92462659e-03,5.10041021e-05,3.52076816e-04,6.27743935e-06
2.76000000e+02,6.37682573e-01,-4.71433610e-04,-1.02643606e-04,-4.99621694e-03,8.87144544e-04,-4.07352589e-03,5.61745746e-01,-4.72072798e-04,-6.66171358e-05,7.59368287e-02,6.39189332e-07,-3.60264704e-05,-5.04635525e-03,5.14288094e-04,-4.05830313e-03,5.01383005e-05,3.72856449e-04,-1.52227577e-05
2.77000000e+02,6.37546893e-01,-4.77047343e-04,-9.04412778e-05,-4.92989313e-03,7.28956020e-04,-4.09343143e-03,5.61648639e-01,-4.77863892e-04,-5.88882378e-05,7.58982539e-02,8.16547983e-07,-3.15530401e-05,-4.97936521e-03,3.95008719e-04,-4.07914583e-03,4.94721179e-05,3.33947301e-04,-1.42855964e-05
2.78000000e+02,6.37350049e-01,-4.84191939e-04,-1.16301328e-04,-4.86581672e-03,8.61495960e-04,-4.18066364e-03,5.61500728e-01,-4.82969280e-04,-8.20125344e-05,7.58493204e-02,-1.22266084e-06,-3.42887936e-05,-4.91439646e-03,5.05829881e-04,-4.14585630e-03,4.85797275e-05,3.55666076e-04,-3.48073457e-05
2.79000000e+02,6.37219143e-01,-4.92277325e-04,-9.61281317e-05,-4.79806145e-03,6.57381457e-04,-4.20162988e-03,5.61409204e-01,-4.90833015e-04,-6.59783960e-05,7.58099368e-02,-1.44430929e-06,-3.01497354e-05,-4.84599330e-03,3.36387324e-04,-4.16552079e-03,4.79318518e-05,3.20994134e-04,-3.61090909e-05
2.80000000e+02,6.37017160e-01,-5.06279538e-04,-1.20309188e-04,-4.73411541e-03,8.42442006e-04,-4.33106904e-03,5.61256519e-01,-5.02687615e-04,-8.67597935e-05,7.57606418e-02,-3.59192397e-06,-3.35493944e-05,-4.78109664e-03,4.93474274e-04,-4.27383290e-03,4.69812240e-05,3.48967729e-04,-5.72361382e-05
2.81000000e+02,6.36904947e-01,-5.11423223e-04,-1.07299911e-04,-4.66775560e-03,7.26066367e-04,-4.33288672e-03,5.61183766e-01,-5.08049335e-04,-7.73883554e-05,7.57211836e-02,-3.37388636e-06,-2.99115558e-05,-4.71399125e-03,4.07829898e-04,-4.27713598e-03,4.62356501e-05,3.18236467e-04,-5.57507403e-05
2.82000000e+02,6.36726427e-01,-5.18231350e-04,-1.34649456e-04,-4.60511587e-03,9.20000118e-04,-4.40796369e-03,5.61055112e-01,-5.12730201e-04,-1.01195812e-04,7.56713164e-02,-5.50115120e-06,-3.34536440e-05,-4.65037070e-03,5.72092456e-04,-4.33126727e-03,4.52548283e-05,3.47907664e-04,-7.66964204e-05
2.83000000e+02,6.36630343e-01,-5.24566590e-04,-1.16343621e-04,-4.53883976e-03,7.82060969e-04,-4.40768695e-03,5.60999153e-01,-5.18937444e-04,-8.62842701e-05,7.56311890e-02,-5.62914519e-06,-3.00593504e-05,-4.58335287e-03,4.61161493e-04,-4.33080401e-03,4.45131158e-05,3.20899475e-04,-7.68829475e-05
2.84000000e+02,6.36469866e-01,-5.39026374e-04,-1.40880346e-04,-4.47642487e-03,1.01938069e-03,-4.53659551e-03,5.60888679e-01,-5.31280645e-04,-1.06840909e-04,7.55811875e-02,-7.74572628e-06,-3.40394367e-05,-4.51991293e-03,6.64462254e-04,-4.43910918e-03,4.34880613e-05,3.54918432e-04,-9.74863290e-05
2.85000000e+02,6.36392433e-01,-5.43599216e-04,-1.28866399e-04,-4.41064611e-03,9.50690514e-04,-4.53673074e-03,5.60851456e-01,-5.36258574e-04,-9.78062124e-05,7.55409745e-02,-7.34064004e-06,-3.10601864e-05,-4.45329907e-03,6.20287972e-04,-4.44246605e-03,4.26529554e-05,3.30402543e-04,-9.42646885e-05
2.86000000e+02,6.36238527e-01,-5.51310974e-04,-1.53399804e-04,-4.34905855e-03,1.16638602e-03,-4.63499527e-03,5.60748109e-01,-5.42078340e-04,-1.18444632e-04,7.54904179e-02,-9.23263418e-06,-3.49551722e-05,-4.39063905e-03,8.02093686e-04,-4.52188952e-03,4.15804921e-05,3.64292333e-04,-1.13105758e-04
2.87000000e+02,6.36153406e-01,-5.58812070e-04,-1.33911761e-04,-4.28390131e-03,1.06167043e-03,-4.66515317e-03,5.60703705e-01,-5.49725304e-04,-1.01841230e-04,7.54497008e-02,-9.08676331e-06,-3.20705309e-05,-4.32466039e-03,7.19561215e-04,-4.55455589e-03,4.07590796e-05,3.42109212e-04,-1.10597271e-04
2.88000000e+02,6.36014408e-01,-5.72905258e-04,-1.54300294e-04,-4.22125091e-03,1.30136299e-03,-4.81778034e-03,5.60615230e-01,-5.62002816e-04,-1.17989241e-04,7.53991753e-02,-1.09024409e-05,-3.63110537e-05,-4.26092600e-03,9.22888759e-04,-4.68958630e-03,3.96750909e-05,3.78474231e-04,-1.28194046e-04
2.89000000e+02,6.35953174e-01,-5.73572340e-04,-1.39653433e-04,-4.15424666e-03,1.23843943e-03,-4.80369803e-03,5.60594545e-01,-5.63468415e-04,-1.06126383e-04,7.53586289e-02,-1.01039249e-05,-3.35270496e-05,-4.19311856e-03,8.82379602e-04,-4.68318260e-03,3.88718940e-05,3.56059832e-04,-1.20515426e-04
2.90000000e+02,6.35799458e-01,-5.77054500e-04,-1.60195322e-04,-4.08853270e-03,1.44787723e-03,-4.87726830e-03,5.60491716e-01,-5.65397685e-04,-1.22803346e-04,7.53077435e-02,-1.16568128e-05,-3.73919757e-05,-4.12638102e-03,1.05828951e-03,-4.74126360e-03,3.78483141e-05,3.89587723e-04,-1.36004686e-04
2.91000000e+02,6.35712287e-01,-5.81966725e-04,-1.36219178e-04,-4.01613359e-03,1.32034685e-03,-4.90184494e-03,5.60445495e-01,-5.70743046e-04,-1.01700768e-04,7.52667891e-02,-1.12236792e-05,-3.45184104e-05,-4.05323920e-03,9.52935750e-04,-4.77118497e-03,3.71056079e-05,3.67411094e-04,-1.30659951e-04
2.92000000e+02,6.35546154e-01,-5.95558560e-04,-1.53004440e-04,-3.94578037e-03,1.54308843e-03,-5.07098732e-03,5.60330208e-01,-5.82752338e-04,-1.14475885e-04,7.52159450e-02,-1.28062225e-05,-3.85285552e-05,-3.98184392e-03,1.14168680e-03,-4.92494942e-03,3.60635439e-05,4.01401628e-04,-1.46037900e-04
2.93000000e+02,6.35460873e-01,-5.95245881e-04,-1.35906224e-04,-3.87102518e-03,1.46243051e-03,-5.06793729e-03,5.60285667e-01,-5.83475717e-04,-1.00368506e-04,7.51752049e-02,-1.17701642e-05,-3.55377175e-05,-3.90627265e-03,1.08578376e-03,-4.93194489e-03,3.52474700e-05,3.76646749e-04,-1.35992405e-04
2.94000000e+02,6.35287488e-01,-5.99045191e-04,-1.51925776e-04,-3.79784690e-03,1.63745031e-03,-5.16783650e-03,5.60163464e-01,-5.85927317e-04,-1.13040884e-04,7.51240246e-02,-1.31178731e-05,-3.88848920e-05,-3.83202394e-03,1.23216395e-03,-5.01838428e-03,3.41770317e-05,4.05286359e-04,-1.49452213e-04
2.95000000e+02,6.35156843e-01,-6.01234282e-04,-1.26574173e-04,-3.71911853e-03,1.48631512e-03,-5.18966689e-03,5.60074192e-01,-5.88841747e-04,-9.09668109e-05,7.50826539e-02,-1.23925362e-05,-3.56073621e-05,-3.75247748e-03,1.10786116e-03,-5.04826964e-03,3.33589536e-05,3.78453962e-04,-1.41397223e-04
2.96000000e+02,6.34956280e-01,-6.11615825e-04,-1.41085065e-04,-3.64271448e-03,1.66370068e-03,-5.35257709e-03,5.59924791e-01,-5.97850092e-04,-1.02129665e-04,7.50314919e-02,-1.37657312e-05,-3.89554005e-05,-3.67494706e-03,1.25769947e-03,-5.19778629e-03,3.22325808e-05,4.06001210e-04,-1.54790780e-04
2.97000000e+02,6.34823564e-01,-6.09664058e-04,-1.20981913e-04,-3.56306396e-03,1.53122326e-03,-5.35071512e-03,5.59833185e-01,-5.97096045e-04,-8.55282079e-05,7.49903783e-02,-1.25680115e-05,-3.54537049e-05,-3.59435863e-03,1.15548896e-03,-5.20786263e-03,3.12946665e-05,3.75734296e-04,-1.42852505e-04
2.98000000e+02,6.34604907e-01,-6.11593506e-04,-1.33052822e-04,-3.48752449e-03,1.63376246e-03,-5.44096558e-03,5.59666036e-01,-5.97780489e-04,-9.49664677e-05,7.49388713e-02,-1.38130176e-05,-3.80863544e-05,-3.51762677e-03,1.23625734e-03,-5.28582422e-03,3.01022778e-05,3.97505126e-04,-1.55141378e-04
2.99000000e+02,6.34440599e-01,-6.11722421e-04,-1.02397756e-04,-3.40736569e-03,1.41840565e-03,-5.45668726e-03,5.59543284e-01,-5.98861329e-04,-6.81638760e-05,7.48973131e-02,-1.28610918e-05,-3.42338805e-05,-3.43653245e-03,1.05301182e-03,-5.31173311e-03,2.91667544e-05,3.65393832e-04,-1.44954154e-04
3.00000000e+02,6.34207680e-01,-6.23614287e-04,-1.12427912e-04,-3.32876208e-03,1.52661547e-03,-5.63210200e-03,5.59361869e-01,-6.09508945e-04,-7.53694946e-05,7.48458103e-02,-1.41053433e-05,-3.70584170e-05,-3.35672357e-03,1.13923654e-03,-5.47528531e-03,2.79614894e-05,3.87378930e-04,-1.56816725e-04
3.01000000e+02,6.34038963e-01,-6.19978555e-04,-9.02133393e-05,-3.24668080e-03,1.33521879e-03,-5.61719395e-03,5.59234503e-01,-6.07335272e-04,-5.70901515e-05,7.48044602e-02,-1.26432853e-05,-3.31231876e-05,-3.27368201e-03,9.82451811e-04,-5.47491144e-03,2.70012131e-05,3.52766986e-04,-1.42282502e-04
3.02000000e+02,6.33794984e-01,-6.20949275e-04,-1.01087238e-04,-3.16774320e-03,1.38830315e-03,-5.70012774e-03,5.59042324e-01,-6.07335611e-04,-6.57284579e-05,7.47526594e-02,-1.36136659e-05,-3.53587803e-05,-3.19354201e-03,1.01775930e-03,-5.54807434e-03,2.57988120e-05,3.70543849e-04,-1.52053381e-04
3.03000000e+02,6.33602349e-01,-6.18773781e-04,-6.89415184e-05,-3.08284840e-03,1.11681359e-03,-5.69192470e-03,5.58891484e-01,-6.06385347e-04,-3.76939098e-05,7.47108654e-02,-1.23884346e-05,-3.12476084e-05,-3.10770433e-03,7.81345291e-04,-5.55292225e-03,2.48559238e-05,3.35468303e-04,-1.39002491e-04
3.04000000e+02,6.33345108e-01,-6.25927954e-04,-7.81941732e-05,-3.00177098e-03,1.17615261e-03,-5.81818763e-03,5.58685836e-01,-6.12568116e-04,-4.44426453e-05,7.46592732e-02,-1.33598394e-05,-3.37515282e-05,-3.02539269e-03,8.21885449e-04,-5.66987256e-03,2.36217069e-05,3.54267166e-04,-1.48315063e-04
3.05000000e+02,6.33163577e-01,-6.16436631e-04,-5.67614751e-05,-2.91638324e-03,9.51932610e-04,-5.74692050e-03,5.58545674e-01,-6.04878825e-04,-2.71114960e-05,7.46179033e-02,-1.15578053e-05,-2.96499791e-05,-2.93902088e-03,6.34193688e-04,-5.61623527e-03,2.26376403e-05,3.17738924e-04,-1.30685216e-04
3.06000000e+02,6.32891633e-01,-6.12068849e-04,-6.57894799e-05,-2.83248340e-03,9.54825705e-04,-5.77130135e-03,5.58325442e-01,-5.99758945e-04,-3.41493388e-05,7.45661896e-02,-1.23099057e-05,-3.16401409e-05,-2.85387719e-03,6.21527660e-04,-5.63322952e-03,2.13937821e-05,3.33298045e-04,-1.38071818e-04
3.07000000e+02,6.32689499e-01,-6.06045641e-04,-3.41869913e-05,-2.74351815e-03,6.55703754e-04,-5.70963186e-03,5.58164841e-01,-5.95121227e-04,-6.80226339e-06,7.45246567e-02,-1.09244117e-05,-2.73847279e-05,-2.76394626e-03,3.58366332e-04,-5.58658309e-03,2.04281118e-05,2.97337422e-04,-1.23048760e-04
3.08000000e+02,6.32418120e-01,-6.11513354e-04,-4.27170210e-05,-2.65418422e-03,6.76326112e-04,-5.80443486e-03,5.57944725e-01,-5.99832834e-04,-1.28474631e-05,7.44733940e-02,-1.16805180e-05,-2.98695577e-05,-2.67333398e-03,3.60664354e-04,-5.67410380e-03,1.91497628e-05,3.15661758e-04,-1.30331094e-04
3.09000000e+02,6.32223392e-01,-5.99641029e-04,-2.18574906e-05,-2.56019975e-03,4.26423933e-04,-5.69929997e-03,5.57791002e-01,-5.89970197e-04,4.05983549e-06,7.44323893e-02,-9.67083132e-06,-2.59173260e-05,-2.57829885e-03,1.46050080e-04,-5.58836778e-03,1.80991001e-05,2.80373853e-04,-1.10932170e-04
3.10000000e+02,6.31939168e-01,-5.92507559e-04,-3.16519305e-05,-2.46908262e-03,4.09254025e-04,-5.68537929e-03,5.57558090e-01,-5.82229273e-04,-3.65825177e-06,7.43810760e-02,-1.02782886e-05,-2.79936787e-05,-2.48585431e-03,1.11888418e-04,-5.56864197e-03,1.67716834e-05,2.97365606e-04,-1.16737321e-04
3.11000000e+02,6.31731271e-01,-5.85598987e-04,-1.30597340e-06,-2.37238179e-03,1.07375102e-04,-5.59837561e-03,5.57391327e-01,-5.76886204e-04,2.28750217e-05,7.43399422e-02,-8.71278479e-06,-2.41809950e-05,-2.38810912e-03,-1.57670439e-04,-5.49811498e-03,1.57273357e-05,2.65045541e-04,-1.00260647e-04
3.12000000e+02,6.31459772e-01,-5.88213670e-04,-1.49446144e-05,-2.27729995e-03,1.50325139e-04,-5.64597352e-03,5.57170674e-01,-5.78919937e-04,1.20123459e-05,7.42890977e-02,-9.29373170e-06,-2.69569604e-05,-2.29167816e-03,-1.36219453e-04,-5.54025265e-03,1.43782083e-05,2.86544592e-04,-1.05720867e-04
3.13000000e+02,6.31269086e-01,-5.72559480e-04,3.09904973e-06,-2.17719205e-03,-8.89935143e-05,-5.47833315e-03,5.57020367e-01,-5.65375148e-04,2.64341671e-05,7.42487194e-02,-7.18433168e-06,-2.33351174e-05,-2.19047080e-03,-3.43967929e-04,-5.39365419e-03,1.32787507e-05,2.54974414e-04,-8.46789639e-05
3.14000000e+02,6.30990712e-01,-5.61548054e-04,-8.56100499e-06,-2.07959149e-03,-9.32678667e-05,-5.41057687e-03,5.56792641e-01,-5.53902553e-04,1.72003669e-05,7.41980737e-02,-7.64549802e-06,-2.57613718e-05,-2.09151383e-03,-3.68682274e-04,-5.32096052e-03,1.19223387e-05,2.75414408e-04,-8.96163244e-05
3.15000000e+02,6.30783738e-01,-5.53113629e-04,1.88518148e-05,-1.97634132e-03,-3.69155506e-04,-5.28558282e-03,5.56626064e-01,-5.47072386e-04,4.12100806e-05,7.41576724e-02,-6.04124428e-06,-2.23582657e-05,-1.98721200e-03,-6.16440671e-04,-5.21303655e-03,1.08706841e-05,2.47285164e-04,-7.25463096e-05
3.16000000e+02,6.30518786e-01,-5.57481392e-04,3.20179873e-06,-1.87486652e-03,-3.08876226e-04,-5.32574983e-03,5.56411391e-01,-5.50847739e-04,2.88605508e-05,7.41073916e-02,-6.63365258e-06,-2.56587521e-05,-1.88435875e-03,-5.82419782e-04,-5.24749832e-03,9.49223440e-06,2.73543557e-04,-7.82515269e-05
3.17000000e+02,6.30342826e-01,-5.43979891e-04,1.78054330e-05,-1.77122936e-03,-5.15030368e-04,-5.16581152e-03,5.56275155e-01,-5.39506517e-04,4.03369181e-05,7.40676677e-02,-4.47337483e-06,-2.25314851e-05,-1.77959623e-03,-7.62185515e-04,-5.10882207e-03,8.36686840e-06,2.47155147e-04,-5.69894605e-05
3.18000000e+02,6.30077566e-01,-5.38673928e-04,2.32253148e-06,-1.67062504e-03,-4.77767869e-04,-5.12846575e-03,5.56060034e-01,-5.33722216e-04,2.78707849e-05,7.40175316e-02,-4.95171355e-06,-2.55482534e-05,-1.67755090e-03,-7.50970679e-04,-5.06671076e-03,6.92585950e-06,2.73202812e-04,-6.17549722e-05
3.19000000e+02,6.29883313e-01,-5.34515314e-04,2.57590247e-05,-1.56852055e-03,-7.06738246e-04,-5.02966629e-03,5.55905572e-01,-5.31187615e-04,4.84879402e-05,7.39777411e-02,-3.32769917e-06,-2.27289155e-05,-1.57427893e-03,-9.57624164e-04,-4.98501546e-03,5.75838292e-06,2.50885920e-04,-4.46508319e-05
3.20000000e+02,6.29630274e-01,-5.42857374e-04,7.61270352e-06,-1.47209574e-03,-6.02504834e-04,-5.09738411e-03,5.55702122e-01,-5.39019083e-04,3.41212410e-05,7.39281497e-02,-3.83829263e-06,-2.65085375e-05,-1.47634205e-03,-8.84546142e-04,-5.04757784e-03,4.24630582e-06,2.82041306e-04,-4.98062496e-05
3.21000000e+02,6.29466470e-01,-5.34194609e-04,2.22574407e-05,-1.37438746e-03,-7.84943760e-04,-4.96181202e-03,5.55577269e-01,-5.32531166e-04,4.61509828e-05,7.38892031e-02,-1.66344189e-06,-2.38935420e-05,-1.37739918e-03,-1.04570643e-03,-4.93348338e-03,3.01171282e-06,2.60762670e-04,-2.83286037e-05
3.22000000e+02,6.29224724e-01,-5.28350751e-04,5.75593881e-06,-1.28307793e-03,-7.16208665e-04,-4.90660716e-03,5.55384810e-01,-5.26283591e-04,3.31176696e-05,7.38399147e-02,-2.06715921e-06,-2.73617308e-05,-1.28456545e-03,-1.00748553e-03,-4.87406805e-03,1.48752866e-06,2.91276864e-04,-3.25390995e-05
3.23000000e+02,6.29047005e-01,-5.21580181e-04,2.87030664e-05,-1.18927806e-03,-9.20644743e-04,-4.77361906e-03,5.55245909e-01,-5.21102147e-04,5.36616136e-05,7.38010999e-02,-4.78035382e-07,-2.49585473e-05,-1.18957537e-03,-1.19386113e-03,-4.75776285e-03,2.97306900e-07,2.73216390e-04,-1.58562151e-05
3.24000000e+02,6.28812927e-01,-5.28116077e-04,1.02370332e-05,-1.09970668e-03,-7.87865440e-04,-4.80967766e-03,5.55060351e-01,-5.27002792e-04,3.93064962e-05,7.37525733e-02,-1.11328701e-06,-2.90694628e-05,-1.09846941e-03,-1.09594610e-03,-4.78748760e-03,-1.23727317e-06,3.08080658e-04,-2.21900615e-05
3.25000000e+02,6.28665942e-01,-5.20553479e-04,2.53321070e-05,-1.00908430e-03,-9.37059884e-04,-4.67031899e-03,5.54951009e-01,-5.21324888e-04,5.21535807e-05,7.37149314e-02,7.71408091e-07,-2.68214739e-05,-1.00659366e-03,-1.22736546e-03,-4.66686459e-03,-2.49063293e-06,2.90305576e-04,-3.45439597e-06
3.26000000e+02,6.28439862e-01,-5.17432670e-04,9.43906636e-06,-9.24193192e-04,-8.40931219e-04,-4.63481330e-03,5.54772995e-01,-5.17576379e-04,3.99999915e-05,7.36668643e-02,1.43710600e-07,-3.05609250e-05,-9.20159106e-04,-1.16403061e-03,-4.62447460e-03,-4.03408652e-06,3.23099389e-04,-1.03387030e-05
3.27000000e+02,6.28282299e-01,-5.14525452e-04,2.89128592e-05,-8.36483341e-04,-9.93465574e-04,-4.52637844e-03,5.54652829e-01,-5.16034413e-04,5.74649277e-05,7.36294695e-02,1.50895787e-06,-2.85520685e-05,-8.31229679e-04,-1.30204715e-03,-4.53038498e-03,-5.25365956e-06,3.08581577e-04,4.00653440e-06
3.28000000e+02,6.28062794e-01,-5.25380502e-04,5.18363560e-06,-7.54592656e-04,-7.87055752e-04,-4.59526504e-03,5.54480542e-01,-5.26009719e-04,3.80265888e-05,7.35822543e-02,6.29215450e-07,-3.28429532e-05,-7.47797658e-04,-1.13232525e-03,-4.59035978e-03,-6.79499872e-06,3.45269492e-04,-4.90525906e-06
3.29000000e+02,6.27932184e-01,-5.20789398e-04,1.26361545e-05,-6.71378450e-04,-8.42605877e-04,-4.48194849e-03,5.54386302e-01,-5.23074747e-04,4.34131061e-05,7.35458846e-02,2.28534811e-06,-3.07769516e-05,-6.63380378e-04,-1.17185486e-03,-4.49335301e-03,-7.99807329e-06,3.29248986e-04,1.14045193e-05
3.30000000e+02,6.27714717e-01,-5.18704957e-04,-6.53240862e-06,-5.92975861e-04,-6.85945744e-04,-4.46408390e-03,5.54215574e-01,-5.20164460e-04,2.79041712e-05,7.34991463e-02,1.45950126e-06,-3.44365798e-05,-5.83491593e-04,-1.04757773e-03,-4.46627602e-03,-9.48426862e-06,3.61631992e-04,2.19212705e-06
3.31000000e+02,6.27564775e-01,-5.18254050e-04,1.26370385e-05,-5.12852707e-04,-7.97111157e-04,-4.37422390e-03,5.54101696e-01,-5.20668700e-04,4.49394283e-05,7.34630766e-02,2.41465253e-06,-3.23023899e-05,-5.02228995e-04,-1.14340471e-03,-4.38690233e-03,-1.06237132e-05,3.46293553e-04,1.26784316e-05
3.32000000e+02,6.27358256e-01,-5.30636548e-04,-1.03756500e-05,-4.37556995e-04,-5.71134614e-04,-4.45606614e-03,5.53940970e-01,-5.31851803e-04,2.61687476e-05,7.34172833e-02,1.21525401e-06,-3.65443976e-05,-4.25479067e-04,-9.52985970e-04,-4.45638392e-03,-1.20779279e-05,3.81851358e-04,3.17787087e-07
3.33000000e+02,6.27236150e-01,-5.24498377e-04,-2.93512889e-06,-3.59436612e-04,-6.13936012e-04,-4.34077355e-03,5.53853772e-01,-5.26992961e-04,3.15246763e-05,7.33823752e-02,2.49458375e-06,-3.44598052e-05,-3.46230683e-04,-9.79174237e-04,-4.35367270e-03,-1.32059297e-05,3.65238227e-04,1.28991540e-05
3.34000000e+02,6.27026775e-01,-5.23273754e-04,-2.37461779e-05,-2.84416880e-04,-4.33450954e-04,-4.32819687e-03,5.53689607e-01,-5.24501236e-04,1.42614922e-05,7.33371698e-02,1.22748007e-06,-3.80076701e-05,-2.69788698e-04,-8.29891127e-04,-4.32781028e-03,-1.46281819e-05,3.96440172e-04,-3.86584239e-07
3.35000000e+02,6.26878464e-01,-5.23044694e-04,-5.27969905e-06,-2.06039786e-04,-5.23512234e-04,-4.25913566e-03,5.53575643e-01,-5.24761365e-04,3.04941607e-05,7.33028223e-02,1.71666853e-06,-3.57738598e-05,-1.90323726e-04,-9.03584267e-04,-4.26466571e-03,-1.57160588e-05,3.80072033e-04,5.53004992e-06
3.36000000e+02,6.26673217e-01,-5.37948689e-04,-2.89334365e-05,-1.32071782e-04,-2.75529406e-04,-4.37692346e-03,5.53414602e-01,-5.38061964e-04,1.07808548e-05,7.32586159e-02,1.13274211e-07,-3.97142914e-05,-1.14946561e-04,-6.88595353e-04,-4.36590853e-03,-1.71252209e-05,4.13065946e-04,-1.10149314e-05
3.37000000e+02,6.26564411e-01,-5.36732006e-04,-1.91592693e-05,-5.44863215e-05,-3.17542718e-04,-4.30574050e-03,5.53339009e-01,-5.37743691e-04,1.82262106e-05,7.32254012e-02,1.01168221e-06,-3.73854799e-05,-3.62829946e-05,-7.11964758e-04,-4.30346067e-03,-1.82033269e-05,3.94422040e-04,-2.27982706e-06
3.38000000e+02,6.26370170e-01,-5.36849783e-04,-3.95323861e-05,1.96813088e-05,-1.33462407e-04,-4.32583313e-03,5.53188308e-01,-5.36357125e-04,1.18778696e-06,7.31818632e-02,-4.92655716e-07,-4.07201730e-05,3.92424057e-05,-5.56323089e-04,-4.30721388e-03,-1.95610968e-05,4.22860680e-04,-1.86192492e-05
3.39000000e+02,6.26238462e-01,-5.37733071e-04,-2.00305098e-05,9.79550288e-05,-2.20922291e-04,-4.28294313e-03,5.53089237e-01,-5.37428437e-04,1.82200028e-05,7.31492267e-02,-3.04633722e-07,-3.82505125e-05,1.18520682e-04,-6.25002480e-04,-4.26739286e-03,-2.05656533e-05,4.04080187e-04,-1.55502727e-05
3.40000000e+02,6.26028353e-01,-5.53460158e-04,-4.05079363e-05,1.73520136e-04,1.38277756e-05,-4.42370848e-03,5.52921465e-01,-5.51163631e-04,1.36623667e-06,7.31068853e-02,-2.29652989e-06,-4.18741730e-05,1.95469953e-04,-4.19952163e-04,-4.38828101e-03,-2.19498170e-05,4.33779939e-04,-3.54274743e-05
3.41000000e+02,6.25921438e-01,-5.54148878e-04,-3.15418981e-05,2.51064043e-04,-2.38408272e-05,-4.38763587e-03,5.52845833e-01,-5.52426843e-04,7.75304951e-06,7.30756058e-02,-1.72203835e-06,-3.92949477e-05,2.74063587e-04,-4.36174427e-04,-4.35767170e-03,-2.29995440e-05,4.12333600e-04,-2.99641684e-05
3.42000000e+02,6.25749061e-01,-5.58527464e-04,-4.92445299e-05,3.25585547e-04,1.38102561e-04,-4.45652239e-03,5.52715222e-01,-5.55001514e-04,-6.97646525e-06,7.30338370e-02,-3.52594946e-06,-4.22680648e-05,3.49979141e-04,-2.99407329e-04,-4.40731779e-03,-2.43935942e-05,4.37509890e-04,-4.92046015e-05
3.43000000e+02,6.25631572e-01,-5.61940917e-04,-3.08672204e-05,4.03071270e-04,5.37389848e-05,-4.45786234e-03,5.52628612e-01,-5.58386295e-04,8.68820192e-06,7.30029597e-02,-3.55462180e-06,-3.95554224e-05,4.28499649e-04,-3.62249392e-04,-4.40936223e-03,-2.54283789e-05,4.15988377e-04,-4.85001105e-05
3.44000000e+02,6.25436222e-01,-5.80376604e-04,-5.30826331e-05,4.77198861e-04,2.93400578e-04,-4.63957631e-03,5.52474021e-01,-5.74649172e-04,-1.02093787e-05,7.29622037e-02,-5.72743132e-06,-4.28732543e-05,5.04027186e-04,-1.49164787e-04,-4.56941411e-03,-2.68283252e-05,4.42565365e-04,-7.01622094e-05
3.45000000e+02,6.25323783e-01,-5.82471506e-04,-4.61788447e-05,5.53917998e-04,2.68879993e-04,-4.63175196e-03,5.52391172e-01,-5.77141586e-04,-6.20579267e-06,7.29326121e-02,-5.32991947e-06,-3.99730520e-05,5.81806328e-04,-1.48961207e-04,-4.56546662e-03,-2.78883310e-05,4.17841200e-04,-6.62853474e-05
3.46000000e+02,6.25150301e-01,-5.87217099e-04,-6.51175916e-05,6.25518680e-04,4.37129087e-04,-4.72524771e-03,5.52257780e-01,-5.79995054e-04,-2.25632990e-05,7.28925190e-02,-7.22204743e-06,-4.25542928e-05,6.54800430e-04,-2.15330765e-06,-4.63849331e-03,-2.92817514e-05,4.39282394e-04,-8.67543967e-05
3.47000000e+02,6.25053937e-01,-5.94852941e-04,-4.72212898e-05,7.00466349e-04,3.50707481e-04,-4.77441791e-03,5.52190489e-01,-5.87393056e-04,-7.78390596e-06,7.28634484e-02,-7.45988402e-06,-3.94373838e-05,7.30790664e-04,-6.35061381e-05,-4.68701185e-03,-3.03243104e-05,4.14213619e-04,-8.74060702e-05
3.48000000e+02,6.24868504e-01,-6.17739073e-04,-7.05586774e-05,7.70119956e-04,5.94284209e-04,-5.00410301e-03,5.52043986e-01,-6.08096726e-04,-2.80985842e-05,7.28245196e-02,-9.64234647e-06,-4.24600931e-05,8.01856948e-04,1.56835819e-04,-4.89461983e-03,-3.17369925e-05,4.37448389e-04,-1.09483206e-04
3.49000000e+02,6.24770389e-01,-6.22002493e-04,-6.54886985e-05,8.41358782e-04,5.72768278e-04,-5.02816364e-03,5.51973609e-01,-6.12784921e-04,-2.62287991e-05,7.27967811e-02,-9.21757099e-06,-3.92598996e-05,8.74158010e-04,1.63138869e-04,-4.92274816e-03,-3.27992268e-05,4.09629410e-04,-1.05415490e-04
3.50000000e+02,6.24584913e-01,-6.27498624e-04,-8.67240696e-05,9.06780994e-04,7.45022124e-04,-5.13807923e-03,5.51826406e-01,-6.16465991e-04,-4.52258959e-05,7.27585086e-02,-1.10326314e-05,-4.14981732e-05,9.40979254e-04,3.17313452e-04,-5.01298759e-03,-3.41982567e-05,4.27708673e-04,-1.25091605e-04
3.51000000e+02,6.24486779e-01,-6.30142173e-04,-7.01608571e-05,9.74096600e-04,6.51981990e-04,-5.16659154e-03,5.51755489e-01,-6.19050392e-04,-3.20548691e-05,7.27312909e-02,-1.10917836e-05,-3.81059878e-05,1.00933233e-03,2.52381766e-04,-5.04218616e-03,-3.52357357e-05,3.99600223e-04,-1.24405411e-04
3.52000000e+02,6.24315993e-01,-6.48102413e-04,-9.37868354e-05,1.03518134e-03,8.82128048e-04,-5.37237365e-03,5.51621731e-01,-6.34897792e-04,-5.30158654e-05,7.26942618e-02,-1.32046234e-05,-4.07709700e-05,1.07182875e-03,4.62314577e-04,-5.22681772e-03,-3.66474084e-05,4.19813468e-04,-1.45555961e-04
3.53000000e+02,6.24224383e-01,-6.50584218e-04,-8.63036872e-05,1.09702416e-03,8.38762462e-04,-5.39507816e-03,5.51555829e-01,-6.37887120e-04,-4.90144960e-05,7.26685536e-02,-1.26970981e-05,-3.72891910e-05,1.13471557e-03,4.49257717e-04,-5.25431474e-03,-3.76914073e-05,3.89504747e-04,-1.40763447e-04
3.54000000e+02,6.24047271e-01,-6.56849572e-04,-1.08664424e-04,1.15302913e-03,1.00719418e-03,-5.51487703e-03,5.51415033e-01,-6.42403992e-04,-6.92457906e-05,7.26322353e-02,-1.44455791e-05,-3.94186335e-05,1.19208980e-03,6.01391052e-04,-5.35583992e-03,-3.90606742e-05,4.05803127e-04,-1.59037097e-04
3.55000000e+02,6.23931942e-01,-6.61019923e-04,-9.37745100e-05,1.21038165e-03,9.22434799e-04,-5.55179910e-03,5.51324785e-01,-6.46675201e-04,-5.78978083e-05,7.26071577e-02,-1.43447217e-05,-3.58767019e-05,1.25044649e-03,5.46102752e-04,-5.39514551e-03,-4.00648426e-05,3.76332047e-04,-1.56653590e-04
3.56000000e+02,6.23764629e-01,-6.77572130e-04,-1.19834190e-04,1.26076669e-03,1.16077808e-03,-5.74978136e-03,5.51192455e-01,-6.61428032e-04,-8.13349919e-05,7.25721746e-02,-1.61440974e-05,-3.84991981e-05,1.30218905e-03,7.65103451e-04,-5.57483954e-03,-4.14223615e-05,3.95674630e-04,-1.74941825e-04
3.57000000e+02,6.23683726e-01,-6.80142898e-04,-1.16930463e-04,1.31324681e-03,1.14666168e-03,-5.76529140e-03,5.51135037e-01,-6.64703903e-04,-8.20342468e-05,7.25486882e-02,-1.54389985e-05,-3.48962164e-05,1.35564573e-03,7.82052406e-04,-5.59754161e-03,-4.23989225e-05,3.64609278e-04,-1.67749799e-04
3.58000000e+02,6.23512161e-01,-6.82437025e-04,-1.41011789e-04,1.35976795e-03,1.32855337e-03,-5.86046734e-03,5.50997537e-01,-6.65605129e-04,-1.04059210e-04,7.25146243e-02,-1.68318983e-05,-3.69525790e-05,1.40344377e-03,9.48052538e-04,-5.67694890e-03,-4.36758251e-05,3.80500836e-04,-1.83518444e-04
3.59000000e+02,6.23405924e-01,-6.85173269e-04,-1.27922174e-04,1.40959180e-03,1.24758163e-03,-5.88030461e-03,5.50913984e-01,-6.68653026e-04,-9.45462164e-05,7.24919373e-02,-1.65202420e-05,-3.33759579e-05,1.45416318e-03,8.97291484e-04,-5.70170289e-03,-4.45713789e-05,3.50290142e-04,-1.78601716e-04
3.60000000e+02,6.23227380e-01,-7.00709551e-04,-1.55820283e-04,1.45491026e-03,1.48967324e-03,-6.06136906e-03,5.50767948e-01,-6.82643174e-04,-1.19847167e-04,7.24594327e-02,-1.80663768e-05,-3.59731152e-05,1.50074594e-03,1.12041665e-03,-5.86708910e-03,-4.58356811e-05,3.69256597e-04,-1.94279976e-04
3.61000000e+02,6.23140112e-01,-6.99857187e-04,-1.52360308e-04,1.50328805e-03,1.45649744e-03,-6.05000292e-03,5.50701843e-01,-6.82786596e-04,-1.19975331e-04,7.24382688e-02,-1.70705890e-05,-3.23849770e-05,1.55004185e-03,1.11846112e-03,-5.86555494e-03,-4.67538011e-05,3.38036312e-04,-1.84448003e-04
3.62000000e+02,6.22979915e-01,-7.01431654e-04,-1.75459319e-04,1.54676398e-03,1.61542577e-03,-6.13180239e-03,5.50573361e-01,-6.83213234e-04,-1.41122784e-04,7.24065570e-02,-1.82184189e-05,-3.43365350e-05,1.59476092e-03,1.26199850e-03,-5.93436959e-03,-4.79969471e-05,3.53427280e-04,-1.97432761e-04
3.63000000e+02,6.22877241e-01,-7.04462090e-04,-1.60972619e-04,1.59388677e-03,1.51841205e-03,-6.14445268e-03,5.50491002e-01,-6.86802092e-04,-1.30215414e-04,7.23862385e-02,-1.76599989e-05,-3.07572046e-05,1.64274588e-03,1.19454168e-03,-5.95439817e-03,-4.88591134e-05,3.23870377e-04,-1.90054472e-04
3.64000000e+02,6.22706183e-01,-7.18799320e-04,-1.86580821e-04,1.63548730e-03,1.74180171e-03,-6.31669606e-03,5.50350199e-01,-6.99923125e-04,-1.53157791e-04,7.23559864e-02,-1.88761954e-05,-3.34230307e-05,1.68559298e-03,1.39833988e-03,-6.11358983e-03,-5.01056784e-05,3.43461832e-04,-2.03106269e-04
3.65000000e+02,6.22607940e-01,-7.16540246e-04,-1.81022935e-04,1.67941088e-03,1.69534535e-03,-6.29661127e-03,5.50270730e-01,-6.98886199e-04,-1.51078510e-04,7.23372089e-02,-1.76540457e-05,-2.99444255e-05,1.73040772e-03,1.38207970e-03,-6.10565872e-03,-5.09968398e-05,3.13265645e-04,-1.90952548e-04
3.66000000e+02,6.22447210e-01,-7.17954628e-04,-2.04279727e-04,1.71927636e-03,1.83957599e-03,-6.35916397e-03,5.50139396e-01,-6.99344626e-04,-1.72159120e-04,7.23078165e-02,-1.86100014e-05,-3.21206062e-05,1.77151069e-03,1.50937690e-03,-6.15783373e-03,-5.22343316e-05,3.30199100e-04,-2.01330228e-04
3.67000000e+02,6.22346738e-01,-7.18353093e-04,-1.89756465e-04,1.76154116e-03,1.72823533e-03,-6.34233224e-03,5.50056987e-01,-7.00556905e-04,-1.61098650e-04,7.22897501e-02,-1.77961889e-05,-2.86578147e-05,1.81463686e-03,1.42623858e-03,-6.15069757e-03,-5.30957046e-05,3.01996755e-04,-1.91634662e-04
3.68000000e+02,6.22179231e-01,-7.28553106e-04,-2.11934892e-04,1.79836063e-03,1.91858468e-03,-6.47296125e-03,5.49917464e-01,-7.09840857e-04,-1.80607869e-04,7.22617665e-02,-1.87122500e-05,-3.13270225e-05,1.85271214e-03,1.59626994e-03,-6.27083461e-03,-5.43515166e-05,3.22314743e-04,-2.02126650e-04
3.69000000e+02,6.22093589e-01,-7.24657782e-04,-2.03120618e-04,1.83732010e-03,1.85084621e-03,-6.42387309e-03,5.49848332e-01,-7.07254442e-04,-1.75130721e-04,7.22452593e-02,-1.74033372e-05,-2.79898965e-05,1.89253455e-03,1.55695850e-03,-6.23547713e-03,-5.52144515e-05,2.93887710e-04,-1.88395993e-04
3.70000000e+02,6.21921900e-01,-7.25737358e-04,-2.23838799e-04,1.86974674e-03,1.98001766e-03,-6.48068155e-03,5.49703911e-01,-7.07625557e-04,-1.93474056e-04,7.22179915e-02,-1.81117998e-05,-3.03647434e-05,1.92614834e-03,1.66734915e-03,-6.28370300e-03,-5.64016022e-05,3.12668513e-04,-1.96978555e-04
3.71000000e+02,6.21818705e-01,-7.26514066e-04,-2.08404655e-04,1.90591354e-03,1.86789294e-03,-6.46403407e-03,5.49616487e-01,-7.09393039e-04,-1.81321976e-04,7.22022196e-02,-1.71210244e-05,-2.70826790e-05,1.96311911e-03,1.58154263e-03,-6.27857372e-03,-5.72055634e-05,2.86350310e-04,-1.85460345e-04
3.72000000e+02,6.21654672e-01,-7.39086820e-04,-2.27723152e-04,1.93712811e-03,2.03556153e-03,-6.59709762e-03,5.49478169e-01,-7.21125499e-04,-1.97739846e-04,7.21765021e-02,-1.79613235e-05,-2.99833064e-05,1.99550410e-03,1.72694769e-03,-6.40282728e-03,-5.83759851e-05,3.08613836e-04,-1.94270304e-04
3.73000000e+02,6.21578752e-01,-7.35283858e-04,-2.15974122e-04,1.97191494e-03,1.93639555e-03,-6.54592234e-03,5.49416449e-01,-7.18878593e-04,-1.89137277e-04,7.21623024e-02,-1.64052653e-05,-2.68368448e-05,2.03107946e-03,1.65448696e-03,-6.36713850e-03,-5.91645172e-05,2.81908591e-04,-1.78783820e-04
3.74000000e+02,6.21416350e-01,-7.33952067e-04,-2.31438699e-04,2.00237941e-03,2.02947940e-03,-6.57490426e-03,5.49279030e-01,-7.17006691e-04,-2.02107298e-04,7.21373209e-02,-1.69453790e-05,-2.93314006e-05,2.06268276e-03,1.72753475e-03,-6.38926510e-03,-6.03033522e-05,3.01944651e-04,-1.85639148e-04
3.75000000e+02,6.21315181e-01,-7.32418874e-04,-2.10348137e-04,2.03581528e-03,1.87136890e-03,-6.52752503e-03,5.49191439e-01,-7.16578811e-04,-1.84081528e-04,7.21237447e-02,-1.58400606e-05,-2.62666094e-05,2.09690784e-03,1.59390447e-03,-6.35456072e-03,-6.10925608e-05,2.77464426e-04,-1.72964275e-04
3.76000000e+02,6.21144928e-01,-7.42896960e-04,-2.26518581e-04,2.06164821e-03,2.01049924e-03,-6.64355235e-03,5.49044831e-01,-7.26353628e-04,-1.97211162e-04,7.21000973e-02,-1.65433335e-05,-2.93074189e-05,2.12394235e-03,1.70932694e-03,-6.46244370e-03,-6.22941471e-05,3.01172296e-04,-1.81108645e-04
3.77000000e+02,6.21076403e-01,-7.38668515e-04,-2.12133355e-04,2.08920594e-03,1.89413678e-03,-6.58298193e-03,5.48988398e-01,-7.23705912e-04,-1.85811568e-04,7.20880049e-02,-1.49625997e-05,-2.63217868e-05,2.15235029e-03,1.61760259e-03,-6.41788556e-03,-6.31443494e-05,2.76534187e-04,-1.65096416e-04
3.78000000e+02,6.20924726e-01,-7.38499129e-04,-2.25551131e-04,2.10925692e-03,1.97916796e-03,-6.61446739e-03,5.48859651e-01,-7.22933032e-04,-1.96626621e-04,7.20650744e-02,-1.55660962e-05,-2.89245099e-05,2.17358701e-03,1.68115794e-03,-6.44247493e-03,-6.43300933e-05,2.98010018e-04,-1.71992444e-04
3.79000000e+02,6.20824200e-01,-7.36289139e-04,-2.04021148e-04,2.13055765e-03,1.83262850e-03,-6.55482914e-03,5.48770558e-01,-7.21910053e-04,-1.77945117e-04,7.20536418e-02,-1.43790872e-05,-2.60760309e-05,2.19572314e-03,1.55707877e-03,-6.39627842e-03,-6.51654885e-05,2.75549735e-04,-1.58550714e-04
3.80000000e+02,6.20664661e-01,-7.43471432e-04,-2.20822879e-04,2.14387177e-03,1.98570561e-03,-6.64303168e-03,5.48632423e-01,-7.28416352e-04,-1.91574621e-04,7.20322368e-02,-1.50550802e-05,-2.92482580e-05,2.21020856e-03,1.68545373e-03,-6.47658638e-03,-6.63367943e-05,3.00251878e-04,-1.66445282e-04
3.81000000e+02,6.20600832e-01,-7.37360891e-04,-2.07893833e-04,2.15970732e-03,1.88692983e-03,-6.55946400e-03,5.48578359e-01,-7.23823213e-04,-1.81519613e-04,7.20224728e-02,-1.35376777e-05,-2.63742199e-05,2.22681271e-03,1.61029959e-03,-6.40860547e-03,-6.71053913e-05,2.76630237e-04,-1.50858503e-04
3.82000000e+02,6.20452921e-01,-7.36246972e-04,-2.22752875e-04,2.16951148e-03,1.99134000e-03,-6.57749314e-03,5.48451036e-01,-7.22075911e-04,-1.93673409e-04,7.20018878e-02,-1.41710619e-05,-2.90794661e-05,2.23769452e-03,1.69257372e-03,-6.41925943e-03,-6.81830331e-05,2.98766284e-04,-1.58233693e-04
3.83000000e+02,6.20368345e-01,-7.32121523e-04,-2.02584845e-04,2.18289527e-03,1.85492821e-03,-6.49844945e-03,5.48375485e-01,-7.19018607e-04,-1.76380286e-04,7.19928602e-02,-1.31029133e-05,-2.62045588e-05,2.25176558e-03,1.57853181e-03,-6.35263723e-03,-6.88703130e-05,2.76396399e-04,-1.45812225e-04
3.84000000e+02,6.20209358e-01,-7.39883128e-04,-2.17820401e-04,2.19026315e-03,2.00202149e-03,-6.59028946e-03,5.48235519e-01,-7.26001800e-04,-1.88491067e-04,7.19738407e-02,-1.38813283e-05,-2.93293342e-05,2.26018495e-03,1.70094787e-03,-6.43539363e-03,-6.99218049e-05,3.01073611e-04,-1.54895814e-04
3.85000000e+02,6.20148680e-01,-7.35123630e-04,-2.03957032e-04,2.20100885e-03,1.89604048e-03,-6.51178974e-03,5.48182275e-01,-7.22633063e-04,-1.77468757e-04,7.19664027e-02,-1.24905657e-05,-2.64882751e-05,2.27161409e-03,1.61855250e-03,-6.37150060e-03,-7.06052402e-05,2.77487974e-04,-1.40289125e-04
3.86000000e+02,6.20010860e-01,-7.33786016e-04,-2.15537848e-04,2.20643972e-03,1.97018209e-03,-6.53006659e-03,5.48062713e-01,-7.20559282e-04,-1.86421265e-04,7.19481465e-02,-1.32267365e-05,-2.91165823e-05,2.27807552e-03,1.67113953e-03,-6.38139108e-03,-7.16358073e-05,2.99042564e-04,-1.48675490e-04
3.87000000e+02,6.19940150e-01,-7.30501310e-04,-1.90411949e-04,2.21512005e-03,1.79276524e-03,-6.46103812e-03,5.47998760e-01,-7.18260020e-04,-1.64140232e-04,7.19413913e-02,-1.22412895e-05,-2.62717167e-05,2.28744064e-03,1.51619724e-03,-6.32376259e-03,-7.23205814e-05,2.76567994e-04,-1.37275538e-04
3.88000000e+02,6.19788943e-01,-7.38438152e-04,-2.00100141e-04,2.21701959e-03,1.89526893e-03,-6.55821754e-03,5.47864391e-01,-7.25318717e-04,-1.70816560e-04,7.19245508e-02,-1.31194327e-05,-2.92835804e-05,2.29036883e-03,1.59479400e-03,-6.41106291e-03,-7.33492379e-05,3.00474937e-04,-1.47154616e-04
3.89000000e+02,6.19734230e-01,-7.31637509e-04,-1.82506643e-04,2.22191754e-03,1.76388004e-03,-6.46664625e-03,5.47814844e-01,-7.19880354e-04,-1.56049530e-04,7.19193848e-02,-1.17571578e-05,-2.64571133e-05,2.29590235e-03,1.48680709e-03,-6.33323694e-03,-7.39847991e-05,2.77072948e-04,-1.33409281e-04
3.90000000e+02,6.19604700e-01,-7.29854769e-04,-1.94018953e-04,2.22262133e-03,1.83737890e-03,-6.48547266e-03,5.47701354e-01,-7.17217069e-04,-1.64878337e-04,7.19033457e-02,-1.26377006e-05,-2.91406162e-05,2.29755183e-03,1.53869032e-03,-6.34238067e-03,-7.49305075e-05,2.98688579e-04,-1.43091996e-04
3.91000000e+02,6.19541607e-01,-7.28789043e-04,-1.69238633e-04,2.22636934e-03,1.66968330e-03,-6.43947859e-03,5.47642824e-01,-7.16998373e-04,-1.43031616e-04,7.18987815e-02,-1.17906697e-05,-2.62070166e-05,2.30186009e-03,1.39378028e-03,-6.30658855e-03,-7.54907497e-05,2.75903019e-04,-1.32890051e-04
3.92000000e+02,6.19405130e-01,-7.37887593e-04,-1.78124011e-04,2.22585630e-03,1.77032659e-03,-6.54728362e-03,5.47521087e-01,-7.25107059e-04,-1.49014874e-04,7.18840406e-02,-1.27805366e-05,-2.91091375e-05,2.30226044e-03,1.47214365e-03,-6.40335934e-03,-7.64041366e-05,2.98182947e-04,-1.43924310e-04
3.93000000e+02,6.19358418e-01,-7.36382624e-04,-1.58306576e-04,2.22862081e-03,1.61518413e-03,-6.50285327e-03,5.47477352e-01,-7.24785215e-04,-1.32226785e-04,7.18810680e-02,-1.15974096e-05,-2.60797915e-05,2.30559262e-03,1.34202864e-03,-6.37147726e-03,-7.69718156e-05,2.73155490e-04,-1.31376002e-04
3.94000000e+02,6.19231920e-01,-7.36108767e-04,-1.65878511e-04,2.22565025e-03,1.65391368e-03,-6.54037893e-03,5.47364703e-01,-7.23602884e-04,-1.37292673e-04,7.18672195e-02,-1.25058849e-05,-2.85858379e-05,2.30353475e-03,1.36085275e-03,-6.39868411e-03,-7.78845013e-05,2.93060924e-04,-1.41694830e-04
3.95000000e+02,6.19180337e-01,-7.36007645e-04,-1.40781877e-04,2.22675377e-03,1.48144510e-03,-6.50441904e-03,5.47315284e-01,-7.24217667e-04,-1.15166913e-04,7.18650553e-02,-1.17899763e-05,-2.56149634e-05,2.30522843e-03,1.21184906e-03,-6.37197746e-03,-7.84746612e-05,2.69596037e-04,-1.32441563e-04
3.96000000e+02,6.19056889e-01,-7.48602377e-04,-1.51901489e-04,2.22128819e-03,1.59761631e-03,-6.64193300e-03,5.47204133e-01,-7.35743176e-04,-1.23418387e-04,7.18527556e-02,-1.28592019e-05,-2.84831024e-05,2.30072717e-03,1.30598746e-03,-6.49764098e-03,-7.94389796e-05,2.91628856e-04,-1.44291993e-04
3.97000000e+02,6.19019678e-01,-7.46626096e-04,-1.34281005e-04,2.21688067e-03,1.46955190e-03,-6.60919568e-03,5.47167459e-01,-7.34918406e-04,-1.08925271e-04,7.18522210e-02,-1.17076926e-05,-2.53557339e-05,2.29693804e-03,1.20382746e-03,-6.47661604e-03,-8.00573785e-05,2.65724430e-04,-1.32579651e-04
3.98000000e+02,6.18901936e-01,-7.49125193e-04,-1.46730698e-04,2.20634975e-03,1.55169257e-03,-6.67707883e-03,5.47061174e-01,-7.36417303e-04,-1.18941263e-04,7.18407624e-02,-1.27078914e-05,-2.77894352e-05,2.28734622e-03,1.26713721e-03,-6.53362777e-03,-8.09964714e-05,2.84555359e-04,-1.43451081e-04
3.99000000e+02,6.18853805e-01,-7.50415185e-04,-1.24476237e-04,2.19838608e-03,1.41171982e-03,-6.65973902e-03,5.47012891e-01,-7.38398143e-04,-9.98156601e-05,7.18409165e-02,-1.20170404e-05,-2.46605771e-05,2.27995032e-03,1.15199674e-03,-6.52540100e-03,-8.15642399e-05,2.59723079e-04,-1.34338002e-04
4.00000000e+02,6.18740024e-01,-7.63482870e-04,-1.39436746e-04,2.18480257e-03,1.56064944e-03,-6.81432450e-03,5.46909144e-01,-7.50357133e-04,-1.12111767e-04,7.18308794e-02,-1.31257368e-05,-2.73249787e-05,2.26726281e-03,1.28062186e-03,-6.66759913e-03,-8.24602395e-05,2.80027581e-04,-1.46725385e-04
4.01000000e+02,6.18714978e-01,-7.65701002e-04,-1.27866255e-04,2.17528582e-03,1.47305628e-03,-6.81126791e-03,5.46882300e-01,-7.53633094e-04,-1.03667417e-04,7.18326767e-02,-1.20679111e-05,-2.41988387e-05,2.25827445e-03,1.22000218e-03,-6.67589257e-03,-8.29886265e-05,2.53054097e-04,-1.35375334e-04
4.02000000e+02,6.18603278e-01,-7.70527655e-04,-1.42159878e-04,2.16193595e-03,1.56884797e-03,-6.90866480e-03,5.46779661e-01,-7.57493400e-04,-1.15753472e-04,7.18236149e-02,-1.30342540e-05,-2.64064059e-05,2.24575536e-03,1.29880819e-03,-6.76233210e-03,-8.38194135e-05,2.70039779e-04,-1.46332738e-04
4.03000000e+02,6.18563978e-01,-7.74452020e-04,-1.20569424e-04,2.15264276e-03,1.42951748e-03,-6.92296848e-03,5.46737785e-01,-7.62106193e-04,-9.74316642e-05,7.18261950e-02,-1.23458262e-05,-2.31377605e-05,2.23694470e-03,1.18548681e-03,-6.78556759e-03,-8.43019426e-05,2.44030670e-04,-1.37400858e-04
4.04000000e+02,6.18454068e-01,-7.90752707e-04,-1.37085945e-04,2.13903044e-03,1.58648941e-03,-7.10909340e-03,5.46635461e-01,-7.77263527e-04,-1.11316334e-04,7.18186077e-02,-1.34891784e-05,-2.57696115e-05,2.22416135e-03,1.32311107e-03,-6.95923678e-03,-8.51309104e-05,2.63378341e-04,-1.49856627e-04
4.05000000e+02,6.18438549e-01,-7.95811178e-04,-1.27762885e-04,2.12961040e-03,1.51421524e-03,-7.14217522e-03,5.46615695e-01,-7.83428448e-04,-1.05248071e-04,7.18228555e-02,-1.23827296e-05,-2.25148137e-05,2.21523122e-03,1.27852639e-03,-7.00382221e-03,-8.56208263e-05,2.35688849e-04,-1.38353010e-04
4.06000000e+02,6.18338976e-01,-8.00998217e-04,-1.43668534e-04,2.11561496e-03,1.62188726e-03,-7.24675451e-03,5.46522824e-01,-7.87617924e-04,-1.19057017e-04,7.18161509e-02,-1.33802952e-05,-2.46115167e-05,2.20205106e-03,1.37051415e-03,-7.09786800e-03,-8.64361098e-05,2.51373117e-04,-1.48886519e-04
4.07000000e+02,6.18309631e-01,-8.06839839e-04,-1.22478805e-04,2.10544969e-03,1.48011052e-03,-7.26934615e-03,5.46488496e-01,-7.94180006e-04,-1.01267176e-04,7.18211364e-02,-1.26598323e-05,-2.12116291e-05,2.19234498e-03,1.25618233e-03,-7.12967864e-03,-8.68952905e-05,2.23928191e-04,-1.39667500e-04
4.08000000e+02,6.18210334e-01,-8.21917962e-04,-1.37708358e-04,2.09417157e-03,1.62397959e-03,-7.44422510e-03,5.46394478e-01,-8.08210466e-04,-1.14072548e-04,7.18158556e-02,-1.37074958e-05,-2.36358103e-05,2.18185557e-03,1.38218869e-03,-7.29273803e-03,-8.76840000e-05,2.41790901e-04,-1.51487036e-04
4.09000000e+02,6.18202942e-01,-8.25256903e-04,-1.28645249e-04,2.08617732e-03,1.54379445e-03,-7.46459379e-03,5.46380531e-01,-8.12599498e-04,-1.08247198e-04,7.18224128e-02,-1.26574048e-05,-2.03980511e-05,2.17431735e-03,1.33014905e-03,-7.32449139e-03,-8.81400280e-05,2.13645400e-04,-1.40102368e-04
4.10000000e+02,6.18110371e-01,-8.30849818e-04,-1.43812436e-04,2.07588596e-03,1.63818741e-03,-7.57587552e-03,5.46292309e-01,-8.17293432e-04,-1.21427121e-04,7.18180634e-02,-1.35563857e-05,-2.23853147e-05,2.16481277e-03,1.40946007e-03,-7.42549526e-03,-8.89268090e-05,2.28727338e-04,-1.50380228e-04
4.11000000e+02,6.18091721e-01,-8.36679348e-04,-1.22311034e-04,2.07139753e-03,1.48938947e-03,-7.60556442e-03,5.46266310e-01,-8.23838708e-04,-1.03341468e-04,7.18254092e-02,-1.28406404e-05,-1.89695664e-05,2.16074940e-03,1.28815109e-03,-7.46467534e-03,-8.93518669e-05,2.01238372e-04,-1.40889047e-04
4.12000000e+02,6.17998543e-01,-8.52150680e-04,-1.35544599e-04,2.06431202e-03,1.61419688e-03,-7.79234413e-03,5.46176078e-01,-8.38316227e-04,-1.14206168e-04,7.18224649e-02,-1.38344551e-05,-2.13384314e-05,2.15441644e-03,1.39555729e-03,-7.64033634e-03,-9.01044181e-05,2.18639586e-04,-1.52007814e-04
4.13000000e+02,6.18000236e-01,-8.57015046e-04,-1.23107630e-04,2.06363703e-03,1.50529369e-03,-7.82452440e-03,5.46168818e-01,-8.44273940e-04,-1.05015072e-04,7.18314186e-02,-1.27411074e-05,-1.80925579e-05,2.15416233e-03,1.31468476e-03,-7.68448109e-03,-9.05252978e-05,1.90608935e-04,-1.40043322e-04
4.14000000e+02,6.17916858e-01,-8.63678748e-04,-1.36613836e-04,2.06056944e-03,1.58177620e-03,-7.94912664e-03,5.46087506e-01,-8.50167906e-04,-1.16521802e-04,7.18293505e-02,-1.35108409e-05,-2.00920348e-05,2.15183784e-03,1.37619431e-03,-7.79976647e-03,-9.12683974e-05,2.05581897e-04,-1.49360141e-04
4.15000000e+02,6.17905517e-01,-8.71086681e-04,-1.14087729e-04,2.06306972e-03,1.42313882e-03,-7.99268170e-03,5.46066576e-01,-8.58368474e-04,-9.73731969e-05,7.18389410e-02,-1.27182081e-05,-1.67145326e-05,2.15473729e-03,1.24460475e-03,-7.85356643e-03,-9.16675680e-05,1.78534071e-04,-1.39115291e-04
4.16000000e+02,6.17819159e-01,-8.90714838e-04,-1.26188369e-04,2.06231609e-03,1.53368895e-03,-8.20326188e-03,5.45980872e-01,-8.77034743e-04,-1.07063125e-04,7.18382866e-02,-1.36800946e-05,-1.91252441e-05,2.15474516e-03,1.33747159e-03,-8.05359560e-03,-9.24290689e-05,1.96217358e-04,-1.49666284e-04
4.17000000e+02,6.17824489e-01,-8.96490483e-04,-1.16160149e-04,2.06432821e-03,1.43472986e-03,-8.25185538e-03,5.45975098e-01,-8.84081827e-04,-1.00175929e-04,7.18493916e-02,-1.24086563e-05,-1.59842192e-05,2.15719227e-03,1.26590652e-03,-8.11514921e-03,-9.28640555e-05,1.68823350e-04,-1.36706160e-04
4.18000000e+02,6.17750518e-01,-9.04195693e-04,-1.29666746e-04,2.06306961e-03,1.50634273e-03,-8.38092447e-03,5.45901081e-01,-8.91044043e-04,-1.11735157e-04,7.18494352e-02,-1.31516507e-05,-1.79315892e-05,2.15668513e-03,1.32265139e-03,-8.23563978e-03,-9.36155160e-05,1.83691338e-04,-1.45284669e-04
4.19000000e+02,6.17744725e-01,-9.14447642e-04,-1.07426427e-04,2.06625054e-03,1.34406303e-03,-8.44505412e-03,5.45883578e-01,-9.02145414e-04,-9.28571707e-05,7.18611451e-02,-1.23022275e-05,-1.45692561e-05,2.16027635e-03,1.18716868e-03,-8.31067262e-03,-9.40258115e-05,1.56894353e-04,-1.34381496e-04
4.20000000e+02,6.17667681e-01,-9.32749279e-04,-1.18268061e-04,2.06441156e-03,1.44439569e-03,-8.65046918e-03,5.45805180e-01,-9.19616373e-04,-1.01214696e-04,7.18625028e-02,-1.31329049e-05,-1.70533643e-05,2.15921915e-03,1.26941132e-03,-8.50661050e-03,-9.48075948e-05,1.74984380e-04,-1.43858651e-04
4.21000000e+02,6.17683009e-01,-9.40616414e-04,-1.07858070e-04,2.06532175e-03,1.34746454e-03,-8.70250880e-03,5.45807397e-01,-9.28753480e-04,-9.39334824e-05,7.18756118e-02,-1.18629342e-05,-1.39245873e-05,2.16057764e-03,1.19922415e-03,-8.57221829e-03,-9.52558907e-05,1.48240382e-04,-1.30290512e-04
4.22000000e+02,6.17614710e-01,-9.48612498e-04,-1.19559905e-04,2.06109321e-03,1.41762501e-03,-8.84016291e-03,5.45737032e-01,-9.36225425e-04,-1.03669891e-04,7.18776760e-02,-1.23870730e-05,-1.58900141e-05,2.15714659e-03,1.25389675e-03,-8.70268790e-03,-9.60533856e-05,1.63728270e-04,-1.37475020e-04
4.23000000e+02,6.17618382e-01,-9.56752626e-04,-1.00512734e-04,2.06019954e-03,1.28254768e-03,-8.88738059e-03,5.45727007e-01,-9.45324053e-04,-8.77571999e-05,7.18913727e-02,-1.14285726e-05,-1.27555344e-05,2.15672939e-03,1.14398640e-03,-8.76182347e-03,-9.65298555e-05,1.38561276e-04,-1.25557143e-04
4.24000000e+02,6.17553192e-01,-9.74441129e-04,-1.16278704e-04,2.05378896e-03,1.42425925e-03,-9.08343878e-03,5.45658634e-01,-9.62285692e-04,-1.00942713e-04,7.18945581e-02,-1.21554381e-05,-1.53359914e-05,2.15114015e-03,1.26646275e-03,-8.94963879e-03,-9.73511929e-05,1.57796496e-04,-1.33799978e-04
4.25000000e+02,6.17579082e-01,-9.79455421e-04,-1.09506149e-04,2.05082476e-03,1.35661354e-03,-9.12530748e-03,5.45669620e-01,-9.68727741e-04,-9.71644595e-05,7.19094597e-02,-1.07276780e-05,-1.23416900e-05,2.14865241e-03,1.22447189e-03,-9.00587790e-03,-9.78276535e-05,1.32141650e-04,-1.19429605e-04
4.26000000e+02,6.17521237e-01,-9.87293335e-04,-1.26067809e-04,2.04292236e-03,1.46288669e-03,-9.25862346e-03,5.45607970e-01,-9.75987604e-04,-1.11667505e-04,7.19132637e-02,-1.13057294e-05,-1.44003048e-05,2.14152779e-03,1.31446202e-03,-9.13227888e-03,-9.86054346e-05,1.48424674e-04,-1.26344579e-04
4.27000000e+02,6.17534401e-01,-9.96333880e-04,-1.08250037e-04,2.03845951e-03,1.34457729e-03,-9.31315694e-03,5.45605792e-01,-9.86024463e-04,-9.69010363e-05,7.19286092e-02,-1.03094164e-05,-1.13490009e-05,2.13753025e-03,1.22055012e-03,-9.19886972e-03,-9.90707430e-05,1.24027170e-04,-1.14287192e-04
4.28000000e+02,6.17478155e-01,-1.01641966e-03,-1.24929747e-04,2.02771790e-03,1.49886886e-03,-9.52408657e-03,5.45544585e-01,-1.00538033e-03,-1.11045761e-04,7.19335705e-02,-1.10393248e-05,-1.38839869e-05,2.12759762e-03,1.35535542e-03,-9.40164085e-03,-9.98797203e-05,1.43513450e-04,-1.22445710e-04
4.29000000e+02,6.17513394e-01,-1.02328230e-03,-1.20048350e-04,2.01953734e-03,1.45432747e-03,-9.57592195e-03,5.45563138e-01,-1.01362638e-03,-1.09067487e-04,7.19502535e-02,-9.65592285e-06,-1.09808630e-05,2.11994012e-03,1.33541935e-03,-9.46770542e-03,-1.00402785e-04,1.18908124e-04,-1.08216488e-04
4.30000000e+02,6.17464846e-01,-1.02992838e-03,-1.39192988e-04,2.00532747e-03,1.58907572e-03,-9.70427511e-03,5.45509101e-01,-1.01982725e-03,-1.26079945e-04,7.19557463e-02,-1.01011338e-05,-1.31130428e-05,2.10656623e-03,1.45320079e-03,-9.58956515e-03,-1.01238762e-04,1.35874932e-04,-1.14709932e-04
4.31000000e+02,6.17487791e-01,-1.03668934e-03,-1.22718264e-04,1.99197775e-03,1.49917953e-03,-9.73589882e-03,5.45514851e-01,-1.02759406e-03,-1.12623782e-04,7.19729428e-02,-9.09527379e-06,-1.00944815e-05,2.09373810e-03,1.38697007e-03,-9.63375716e-03,-1.01760352e-04,1.12209464e-04,-1.02141683e-04
4.32000000e+02,6.17441095e-01,-1.05315811e-03,-1.40304838e-04,1.97264713e-03,1.66936340e-03,-9.91199277e-03,5.45461355e-01,-1.04339365e-03,-1.27572110e-04,7.19797373e-02,-9.76445930e-06,-1.27327276e-05,2.07524411e-03,1.53728276e-03,-9.80231094e-03,-1.02596976e-04,1.32080645e-04,-1.09681832e-04
4.33000000e+02,6.17485185e-01,-1.05381835e-03,-1.38552395e-04,1.95304359e-03,1.64845224e-03,-9.90282268e-03,5.45486836e-01,-1.04544874e-03,-1.28586940e-04,7.19983503e-02,-8.36960982e-06,-9.96545499e-06,2.05615920e-03,1.54013678e-03,-9.80755629e-03,-1.03115611e-04,1.08315449e-04,-9.52663796e-05
4.34000000e+02,6.17445137e-01,-1.05639726e-03,-1.58975374e-04,1.92797356e-03,1.80103965e-03,-9.99320007e-03,5.45439238e-01,-1.04755505e-03,-1.46939791e-04,7.20058999e-02,-8.84221300e-06,-1.20355826e-05,2.03191439e-03,1.67600823e-03,-9.89152419e-03,-1.03940829e-04,1.25031423e-04,-1.01675850e-04
4.35000000e+02,6.17474121e-01,-1.06020423e-03,-1.45224263e-04,1.90481702e-03,1.73009945e-03,-9.99965538e-03,5.45448999e-01,-1.05227589e-03,-1.36137283e-04,7.20251213e-02,-7.92834067e-06,-9.08698054e-06,2.00923870e-03,1.62844843e-03,-9.90962802e-03,-1.04421686e-04,1.01651025e-04,-9.00273260e-05
4.36000000e+02,6.17433097e-01,-1.07473550e-03,-1.65107455e-04,1.87543960e-03,1.92334721e-03,-1.01596854e-02,5.45399234e-01,-1.06615397e-03,-1.53405495e-04,7.20338606e-02,-8.58152506e-06,-1.17019598e-05,1.98065265e-03,1.80197582e-03,-1.00618737e-02,-1.05213050e-04,1.21371396e-04,-9.78116617e-05
4.37000000e+02,6.17484601e-01,-1.07721248e-03,-1.66098101e-04,1.84772804e-03,1.93034852e-03,-1.01648855e-02,5.45430294e-01,-1.06999436e-03,-1.57193208e-04,7.20543086e-02,-7.21811694e-06,-8.90489303e-06,1.95338211e-03,1.83249894e-03,-1.00811682e-02,-1.05654073e-04,9.78495838e-05,-8.37173235e-05
4.38000000e+02,6.17450926e-01,-1.07938361e-03,-1.85611025e-04,1.81426874e-03,2.08941025e-03,-1.02484055e-02,5.45387368e-01,-1.07172137e-03,-1.74613069e-04,7.20635576e-02,-7.66223826e-06,-1.09979553e-05,1.92066012e-03,1.97462398e-03,-1.01585353e-02,-1.06391380e-04,1.14786278e-04,-8.98701108e-05
4.39000000e+02,6.17488200e-01,-1.08219605e-03,-1.75348426e-04,1.78303239e-03,2.05196255e-03,-1.02458168e-02,5.45403906e-01,-1.07552746e-03,-1.67189341e-04,7.20842904e-02,-6.66858498e-06,-8.15908456e-06,1.88982073e-03,1.95998370e-03,-1.01682214e-02,-1.06788347e-04,9.19788444e-05,-7.75953824e-05
4.40000000e+02,6.17455571e-01,-1.09408123e-03,-1.98888785e-04,1.74420790e-03,2.27625360e-03,-1.03772562e-02,5.45361116e-01,-1.08676683e-03,-1.88140682e-04,7.20944559e-02,-7.31440097e-06,-1.07481027e-05,1.85168782e-03,2.16443009e-03,-1.02922149e-02,-1.07479921e-04,1.11823508e-04,-8.50413542e-05
4.41000000e+02,6.17511281e-01,-1.09490904e-03,-2.00787053e-04,1.70619301e-03,2.29861827e-03,-1.03575939e-02,5.45395075e-01,-1.08891303e-03,-1.92769029e-04,7.21162076e-02,-5.99601452e-06,-8.01802434e-06,1.81404108e-03,2.21016985e-03,-1.02864373e-02,-1.07848083e-04,8.84484173e-05,-7.11566104e-05
4.42000000e+02,6.17484605e-01,-1.09444769e-03,-2.22941774e-04,1.66068148e-03,2.47374198e-03,-1.04151681e-02,5.45357910e-01,-1.08802488e-03,-2.12913338e-04,7.21266963e-02,-6.42281333e-06,-1.00284359e-05,1.76917228e-03,2.36894019e-03,-1.03377447e-02,-1.08490797e-04,1.04801794e-04,-7.74233697e-05
4.43000000e+02,6.17529768e-01,-1.09727029e-03,-2.14769058e-04,1.61682376e-03,2.43996947e-03,-1.04055648e-02,5.45381031e-01,-1.09174201e-03,-2.07551128e-04,7.21487379e-02,-5.52827727e-06,-7.21793109e-06,1.72561599e-03,2.35779740e-03,-1.03395472e-02,-1.08792226e-04,8.21720630e-05,-6.60176287e-05
4.44000000e+02,6.17503477e-01,-1.10941797e-03,-2.36697882e-04,1.56621323e-03,2.65484300e-03,-1.05370598e-02,5.45343283e-01,-1.10324113e-03,-2.27021520e-04,7.21601946e-02,-6.17683273e-06,-9.67636203e-06,1.67560419e-03,2.55348955e-03,-1.04635969e-02,-1.09390961e-04,1.01353452e-04,-7.34629849e-05
4.45000000e+02,6.17563688e-01,-1.10911976e-03,-2.36899818e-04,1.51743299e-03,2.67089521e-03,-1.05080832e-02,5.45380377e-01,-1.10425759e-03,-2.30004077e-04,7.21833137e-02,-4.86217351e-06,-6.89574054e-06,1.62707454e-03,2.59323527e-03,-1.04483837e-02,-1.09641551e-04,7.76599451e-05,-5.96995095e-05
4.46000000e+02,6.17541778e-01,-1.10925968e-03,-2.58607033e-04,1.46256807e-03,2.84325122e-03,-1.05608040e-02,5.45346620e-01,-1.10398514e-03,-2.49694379e-04,7.21951552e-02,-5.27453878e-06,-8.91265415e-06,1.57273932e-03,2.74956028e-03,-1.04951085e-02,-1.10171244e-04,9.36909435e-05,-6.56955036e-05
4.47000000e+02,6.17592126e-01,-1.10860236e-03,-2.46451256e-04,1.40991013e-03,2.79015151e-03,-1.05281776e-02,5.45373530e-01,-1.10424569e-03,-2.40422327e-04,7.22185953e-02,-4.35667573e-06,-6.02892931e-06,1.52024623e-03,2.71944309e-03,-1.04739654e-02,-1.10336093e-04,7.07084171e-05,-5.42122776e-05
4.48000000e+02,6.17567917e-01,-1.11706921e-03,-2.67513583e-04,1.35220816e-03,3.00017170e-03,-1.06240476e-02,5.45336541e-01,-1.11215306e-03,-2.58936928e-04,7.22313759e-02,-4.91615005e-06,-8.57665500e-06,1.46301728e-03,2.90978260e-03,-1.05629224e-02,-1.10809114e-04,9.03890962e-05,-6.11252110e-05
4.49000000e+02,6.17632181e-01,-1.11368793e-03,-2.71316140e-04,1.29695529e-03,3.03752335e-03,-1.05650702e-02,5.45376378e-01,-1.11004314e-03,-2.65382437e-04,7.22558037e-02,-3.64478416e-06,-5.93370318e-06,1.40784319e-03,2.97028057e-03,-1.05172081e-02,-1.10887898e-04,6.72427794e-05,-4.78621404e-05
4.50000000e+02,6.17613842e-01,-1.11211074e-03,-2.94331259e-04,1.23796935e-03,3.22609416e-03,-1.06072034e-02,5.45344788e-01,-1.10795785e-03,-2.86417400e-04,7.22690523e-02,-4.15289190e-06,-7.91385885e-06,1.34923610e-03,3.14274974e-03,-1.05525961e-02,-1.11266755e-04,8.33444196e-05,-5.46073905e-05
4.51000000e+02,6.17664755e-01,-1.11184945e-03,-2.86657232e-04,1.18442258e-03,3.20835241e-03,-1.05799400e-02,5.45370962e-01,-1.10852133e-03,-2.81598855e-04,7.22937930e-02,-3.32811411e-06,-5.05837719e-06,1.29569169e-03,3.14793917e-03,-1.05359081e-02,-1.11269115e-04,6.04132322e-05,-4.40318727e-05
4.52000000e+02,6.17643440e-01,-1.12218485e-03,-3.09145875e-04,1.12714915e-03,3.43183219e-03,-1.06854411e-02,5.45335428e-01,-1.11824402e-03,-3.01644085e-04,7.23080106e-02,-3.94083284e-06,-7.50179037e-06,1.23874061e-03,3.35251660e-03,-1.06340530e-02,-1.11591460e-04,7.93155934e-05,-5.13881918e-05
4.53000000e+02,6.17710269e-01,-1.11776739e-03,-3.14995222e-04,1.07402317e-03,3.48369018e-03,-1.06232284e-02,5.45376518e-01,-1.11508972e-03,-3.10109847e-04,7.23337519e-02,-2.67767078e-06,-4.88537464e-06,1.18557776e-03,3.42720927e-03,-1.05851458e-02,-1.11554585e-04,5.64809036e-05,-3.80826450e-05
4.54000000e+02,6.17693929e-01,-1.11457872e-03,-3.38352584e-04,1.01702272e-03,3.68789836e-03,-1.06516584e-02,5.45345765e-01,-1.11146007e-03,-3.31537904e-04,7.23481629e-02,-3.11865167e-06,-6.81468040e-06,1.12884534e-03,3.61567560e-03,-1.06072529e-02,-1.11822621e-04,7.22227543e-05,-4.44054635e-05
4.55000000e+02,6.17747254e-01,-1.11334948e-03,-3.32100277e-04,9.66030587e-04,3.68839158e-03,-1.06125223e-02,5.45373262e-01,-1.11099472e-03,-3.28134614e-04,7.23739956e-02,-2.35476012e-06,-3.96566298e-06,1.07776547e-03,3.63913157e-03,-1.05783032e-02,-1.11734886e-04,4.92600093e-05,-3.42190394e-05
4.56000000e+02,6.17726627e-01,-1.12306196e-03,-3.57416308e-04,9.10841374e-04,3.92872799e-03,-1.07185682e-02,5.45337338e-01,-1.12011526e-03,-3.51001600e-04,7.23892893e-02,-2.94669980e-06,-6.41470791e-06,1.02283931e-03,3.86083322e-03,-1.06770290e-02,-1.11997937e-04,6.78947739e-05,-4.15392618e-05
4.57000000e+02,6.17795669e-01,-1.11854661e-03,-3.63582779e-04,8.59021358e-04,3.97833373e-03,-1.06496920e-02,5.45379369e-01,-1.11678938e-03,-3.59881467e-04,7.24163000e-02,-1.75723471e-06,-3.70131218e-06,9.70943254e-04,3.93416777e-03,-1.06211394e-02,-1.11921895e-04,4.41659631e-05,-2.85525870e-05
4.58000000e+02,6.17779867e-01,-1.11433979e-03,-3.85493628e-04,8.02213970e-04,4.16447688e-03,-1.06614097e-02,5.45347776e-01,-1.11217855e-03,-3.79943495e-04,7.24320925e-02,-2.16123805e-06,-5.55013290e-06,9.14384289e-04,4.10506687e-03,-1.06267318e-02,-1.12170320e-04,5.94100142e-05,-3.46779837e-05
4.59000000e+02,6.17830344e-01,-1.10936163e-03,-3.76900150e-04,7.48958027e-04,4.14648508e-03,-1.06027908e-02,5.45371064e-01,-1.10797446e-03,-3.74183097e-04,7.24592782e-02,-1.38717239e-06,-2.71705360e-06,8.61013309e-04,4.11000284e-03,-1.05778969e-02,-1.12055284e-04,3.64822422e-05,-2.48939292e-05
4.60000000e+02,6.17809612e-01,-1.11662500e-03,-3.98484920e-04,6.92308456e-04,4.36390015e-03,-1.06906981e-02,5.45333763e-01,-1.11444932e-03,-3.93378839e-04,7.24758488e-02,-2.17568000e-06,-5.10608148e-06,8.04587690e-04,4.30923547e-03,-1.06573086e-02,-1.12279230e-04,5.46646730e-05,-3.33895160e-05
4.61000000e+02,6.17879600e-01,-1.11338432e-03,-4.06328269e-04,6.38750578e-04,4.41585472e-03,-1.06317409e-02,5.45375639e-01,-1.11234090e-03,-4.03826173e-04,7.25039639e-02,-1.04342073e-06,-2.50209487e-06,7.50901129e-04,4.38418479e-03,-1.06105321e-02,-1.12150552e-04,3.16699333e-05,-2.12087401e-05
4.62000000e+02,6.17863603e-01,-1.10949284e-03,-4.28615011e-04,5.81157131e-04,4.60159982e-03,-1.06458255e-02,5.45342734e-01,-1.10800224e-03,-4.24276282e-04,7.25208698e-02,-1.49059126e-06,-4.33872882e-06,6.93515694e-04,4.55475268e-03,-1.06181687e-02,-1.12358564e-04,4.68471440e-05,-2.76568705e-05
4.63000000e+02,6.17916402e-01,-1.10432247e-03,-4.21804927e-04,5.29072873e-04,4.59603844e-03,-1.05811760e-02,5.45367263e-01,-1.10356842e-03,-4.20201380e-04,7.25491379e-02,-7.54047700e-07,-1.60354449e-06,6.41272491e-04,4.57154208e-03,-1.05632242e-02,-1.12199616e-04,2.44963558e-05,-1.79518534e-05
4.64000000e+02,6.17894628e-01,-1.11069889e-03,-4.46364535e-04,4.72813410e-04,4.83533874e-03,-1.06597110e-02,5.45327733e-01,-1.10921244e-03,-4.42384876e-04,7.25668954e-02,-1.48644504e-06,-3.97965660e-06,5.85217326e-04,4.79239753e-03,-1.06335877e-02,-1.12403915e-04,4.29412119e-05,-2.61233507e-05
4.65000000e+02,6.17964386e-01,-1.10439941e-03,-4.56284477e-04,4.20970523e-04,4.91075850e-03,-1.05831080e-02,5.45368282e-01,-1.10404009e-03,-4.54896522e-04,7.25961025e-02,-3.59322442e-07,-1.38795390e-06,5.33222999e-04,4.89059483e-03,-1.05686627e-02,-1.12252474e-04,2.01636548e-05,-1.44453203e-05
4.66000000e+02,6.17950066e-01,-1.09982955e-03,-4.79703730e-04,3.66044012e-04,5.10248265e-03,-1.05977408e-02,5.45336019e-01,-1.09895446e-03,-4.76488705e-04,7.26140468e-02,-8.75095863e-07,-3.21502516e-06,4.78482294e-04,5.06748299e-03,-1.05761992e-02,-1.12438282e-04,3.49996947e-05,-2.15415740e-05
4.67000000e+02,6.18002515e-01,-1.09792713e-03,-4.73204648e-04,3.15069318e-04,5.09303475e-03,-1.05599112e-02,5.45359132e-01,-1.09768078e-03,-4.72723412e-04,7.26433850e-02,-2.46349743e-07,-4.81234901e-07,4.27338371e-04,5.08020467e-03,-1.05470940e-02,-1.12269053e-04,1.28300949e-05,-1.28171193e-05
4.68000000e+02,6.17983075e-01,-1.10764180e-03,-4.96165525e-04,2.60605650e-04,5.32243973e-03,-1.06630712e-02,5.45320909e-01,-1.10657802e-03,-4.93332967e-04,7.26621684e-02,-1.06377490e-06,-2.83255807e-06,3.73074288e-04,5.29132327e-03,-1.06417579e-02,-1.12468639e-04,3.11164689e-05,-2.13133187e-05
4.69000000e+02,6.18053670e-01,-1.10595744e-03,-5.02688062e-04,2.09554170e-04,5.36400819e-03,-1.06213943e-02,5.45361050e-01,-1.10597352e-03,-5.02472164e-04,7.26926197e-02,1.60729841e-08,-2.15898806e-07,3.21860292e-04,5.35571426e-03,-1.06114608e-02,-1.12306122e-04,8.29393698e-06,-9.93347507e-06
4.70000000e+02,6.18039921e-01,-1.10441519e-03,-5.24551161e-04,1.54639130e-04,5.52975853e-03,-1.06590868e-02,5.45328293e-01,-1.10402153e-03,-5.22458715e-04,7.27116295e-02,-3.93657781e-07,-2.09244753e-06,2.67131238e-04,5.50621464e-03,-1.06424924e-02,-1.12492107e-04,2.35438898e-05,-1.65943522e-05
4.71000000e+02,6.18094985e-01,-1.10413642e-03,-5.16426311e-04,1.03806649e-04,5.49986078e-03,-1.06380330e-02,5.45352946e-01,-1.10435292e-03,-5.17016932e-04,7.27420369e-02,2.16501339e-07,5.90620935e-07,2.16132596e-04,5.49814693e-03,-1.06301221e-02,-1.12325947e-04,1.71382297e-06,-7.91090524e-06
4.72000000e+02,6.18076899e-01,-1.11557618e-03,-5.35346910e-04,4.92576182e-05,5.69728249e-03,-1.07657582e-02,5.45314980e-01,-1.11506899e-03,-5.33636045e-04,7.27619193e-02,-5.07184483e-07,-1.71086489e-06,1.61791338e-04,5.67737820e-03,-1.07497900e-02,-1.12533719e-04,1.99042711e-05,-1.59681892e-05
4.73000000e+02,6.18146758e-01,-1.11687219e-03,-5.39484237e-04,-6.03431276e-07,5.70589503e-03,-1.07452660e-02,5.45353646e-01,-1.11741273e-03,-5.40259567e-04,7.27931125e-02,5.40539450e-07,7.75329219e-07,1.11749036e-04,5.70814813e-03,-1.07403993e-02,-1.12352467e-04,-2.25309779e-06,-4.86670192e-06
4.74000000e+02,6.18135005e-01,-1.11569783e-03,-5.57996809e-04,-5.38919153e-05,5.83895785e-03,-1.07891628e-02,5.45321874e-01,-1.11580839e-03,-5.56889441e-04,7.28131306e-02,1.10564565e-07,-1.10736855e-06,5.86426286e-05,5.82563502e-03,-1.07776920e-02,-1.12534543e-04,1.33228429e-05,-1.14707339e-05
4.75000000e+02,6.18191948e-01,-1.11659764e-03,-5.47267830e-04,-1.02046895e-04,5.78599918e-03,-1.07779129e-02,5.45347507e-01,-1.11731889e-03,-5.48833014e-04,7.28444390e-02,7.21247126e-07,1.56518335e-06,1.02986054e-05,5.79412058e-03,-1.07749887e-02,-1.12345500e-04,-8.12139171e-06,-2.92418212e-06
4.76000000e+02,6.18174465e-01,-1.13019356e-03,-5.63777682e-04,-1.52885768e-04,5.95684612e-03,-1.09070378e-02,5.45309378e-01,-1.13013684e-03,-5.62960880e-04,7.28650843e-02,-5.67253159e-08,-8.16804909e-07,-4.03429278e-05,5.94608644e-03,-1.08961133e-02,-1.12542841e-04,1.07597138e-05,-1.09244494e-05
4.77000000e+02,6.18246456e-01,-1.13075342e-03,-5.65158790e-04,-1.98765288e-04,5.94849408e-03,-1.08885419e-02,5.45349161e-01,-1.13178923e-03,-5.66808979e-04,7.28972944e-02,1.03581178e-06,1.65019053e-06,-8.64085540e-05,5.95962160e-03,-1.08888130e-02,-1.12356734e-04,-1.11275092e-05,2.71019312e-07
4.78000000e+02,6.18236302e-01,-1.12758120e-03,-5.80989419e-04,-2.46094780e-04,6.05824458e-03,-1.09283501e-02,5.45318034e-01,-1.12822834e-03,-5.80744892e-04,7.29182661e-02,6.47141062e-07,-2.44526364e-07,-1.33556293e-04,6.05371957e-03,-1.09221501e-02,-1.12538487e-04,4.52499544e-06,-6.19997202e-06
4.79000000e+02,6.18293206e-01,-1.12957370e-03,-5.66673878e-04,-2.86575047e-04,5.96430095e-03,-1.09176193e-02,5.45342738e-01,-1.13075426e-03,-5.69027118e-04,7.29504716e-02,1.18056664e-06,2.35323699e-06,-1.74222494e-04,5.98079496e-03,-1.09197031e-02,-1.12352553e-04,-1.64939613e-05,2.08375170e-06
4.80000000e+02,6.18276481e-01,-1.14154543e-03,-5.79194767e-04,-3.30915351e-04,6.09946879e-03,-1.10414119e-02,5.45304484e-01,-1.14204380e-03,-5.79182695e-04,7.29719980e-02,4.98368007e-07,-1.20731829e-08,-2.18355699e-04,6.09686542e-03,-1.10357564e-02,-1.12559653e-04,2.60337970e-06,-5.65552987e-06
4.81000000e+02,6.18352417e-01,-1.14183011e-03,-5.78064493e-04,-3.69879825e-04,6.06452700e-03,-1.10217618e-02,5.45347414e-01,-1.14334713e-03,-5.80424008e-04,7.30050006e-02,1.51702388e-06,2.35951660e-06,-2.57505642e-04,6.08301588e-03,-1.10268833e-02,-1.12374183e-04,-1.84888429e-05,5.12149726e-06
4.82000000e+02,6.18345123e-01,-1.13880458e-03,-5.91888788e-04,-4.10996302e-04,6.14895493e-03,-1.10527720e-02,5.45318330e-01,-1.13998529e-03,-5.92333167e-04,7.30267916e-02,1.18071242e-06,4.44378707e-07,-2.98415176e-04,6.15144539e-03,-1.10516642e-02,-1.12581126e-04,-2.49041320e-06,-1.10778768e-06
4.83000000e+02,6.18405120e-01,-1.13786044e-03,-5.74014851e-04,-4.47209800e-04,6.03232397e-03,-1.10248796e-02,5.45345368e-01,-1.13958012e-03,-5.76990492e-04,7.30597538e-02,1.71968231e-06,2.97564115e-06,-3.34798377e-04,6.05504005e-03,-1.10319735e-02,-1.12411423e-04,-2.27160851e-05,7.09396715e-06
4.84000000e+02,6.18391698e-01,-1.14639851e-03,-5.85688298e-04,-4.87344788e-04,6.15607009e-03,-1.11175369e-02,5.45309592e-01,-1.14742339e-03,-5.86189666e-04,7.30821026e-02,1.02488358e-06,5.01367235e-07,-3.74676823e-04,6.15914283e-03,-1.11170779e-02,-1.12667964e-04,-3.07271120e-06,-4.58979767e-07
4.85000000e+02,6.18470240e-01,-1.14378773e-03,-5.83580776e-04,-5.21982749e-04,6.10307762e-03,-1.10672837e-02,5.45354374e-01,-1.14585331e-03,-5.86382503e-04,7.31158662e-02,2.06558272e-06,2.80172920e-06,-4.09451146e-04,6.12653574e-03,-1.10774006e-02,-1.12531605e-04,-2.34580883e-05,1.01169094e-05
4.86000000e+02,6.18465058e-01,-1.13830537e-03,-5.95223987e-04,-5.59677346e-04,6.16693145e-03,-1.10771208e-02,5.45326815e-01,-1.13995717e-03,-5.96107282e-04,7.31382411e-02,1.65179215e-06,8.83295479e-07,-4.46872780e-04,6.17407520e-03,-1.10809417e-02,-1.12804569e-04,-7.14372941e-06,3.82093382e-06
4.87000000e+02,6.18528840e-01,-1.13600774e-03,-5.76997973e-04,-5.91429730e-04,6.04024282e-03,-1.10306322e-02,5.45357023e-01,-1.13818940e-03,-5.80331324e-04,7.31718152e-02,2.18166618e-06,3.33334987e-06,-4.78761085e-04,6.06674737e-03,-1.10423935e-02,-1.12668644e-04,-2.65045191e-05,1.17612879e-05
4.88000000e+02,6.18519718e-01,-1.14402365e-03,-5.84726627e-04,-6.26554159e-04,6.13136726e-03,-1.11064287e-02,5.45325041e-01,-1.14553650e-03,-5.85570412e-04,7.31946765e-02,1.51285462e-06,8.43785336e-07,-5.13613002e-04,6.13783865e-03,-1.11106624e-02,-1.12941160e-04,-6.47143945e-06,4.23368631e-06
4.89000000e+02,6.18600652e-01,-1.13813758e-03,-5.78111294e-04,-6.55513161e-04,6.04567088e-03,-1.10324924e-02,5.45371659e-01,-1.14062631e-03,-5.81182256e-04,7.32289944e-02,2.48872855e-06,3.07096132e-06,-5.42702204e-04,6.07179874e-03,-1.10469464e-02,-1.12810956e-04,-2.61278846e-05,1.44540771e-05
4.90000000e+02,6.18596949e-01,-1.13006676e-03,-5.84318615e-04,-6.86682494e-04,6.06922197e-03,-1.10274046e-02,5.45345045e-01,-1.13215551e-03,-5.85405096e-04,7.32519062e-02,2.08875406e-06,1.08647906e-06,-5.73609984e-04,6.07845128e-03,-1.10354660e-02,-1.13072513e-04,-9.22930327e-06,8.06134385e-06
4.91000000e+02,6.18662505e-01,-1.12824121e-03,-5.64033340e-04,-7.11078789e-04,5.91039786e-03,-1.09803000e-02,5.45376440e-01,-1.13083669e-03,-5.67424980e-04,7.32860642e-02,2.59547770e-06,3.39164154e-06,-5.98137647e-04,5.93807233e-03,-1.09960174e-02,-1.12941145e-04,-2.76744929e-05,1.57173302e-05
4.92000000e+02,6.18655129e-01,-1.13571873e-03,-5.69858606e-04,-7.38924525e-04,5.98304227e-03,-1.10523076e-02,5.45345543e-01,-1.13769395e-03,-5.70719357e-04,7.33095864e-02,1.97522281e-06,8.60750690e-07,-6.25699285e-04,5.98993552e-03,-1.10608784e-02,-1.13225239e-04,-6.89323315e-06,8.57087578e-06
4.93000000e+02,6.18737904e-01,-1.13031979e-03,-5.61641986e-04,-7.60460034e-04,5.87776664e-03,-1.09778351e-02,5.45393484e-01,-1.13327095e-03,-5.64675391e-04,7.33444202e-02,2.95115604e-06,3.03340368e-06,-6.47332082e-04,5.90362272e-03,-1.09967108e-02,-1.13127952e-04,-2.58561012e-05,1.88756666e-05
4.94000000e+02,6.18736912e-01,-1.12269141e-03,-5.65549269e-04,-7.85292005e-04,5.88352008e-03,-1.09705489e-02,5.45368881e-01,-1.12531676e-03,-5.66618931e-04,7.33680319e-02,2.62535397e-06,1.06966105e-06,-6.71853058e-04,5.89226641e-03,-1.09834912e-02,-1.13438949e-04,-8.74629904e-06,1.29422970e-05
4.95000000e+02,6.18803767e-01,-1.11994582e-03,-5.42128529e-04,-8.04738402e-04,5.69720166e-03,-1.09185922e-02,5.45400883e-01,-1.12302906e-03,-5.45437550e-04,7.34028851e-02,3.08323735e-06,3.30902006e-06,-6.91401047e-04,5.72380323e-03,-1.09390201e-02,-1.13337355e-04,-2.66015312e-05,2.04279393e-05
4.96000000e+02,6.18798286e-01,-1.12758190e-03,-5.44174136e-04,-8.27061989e-04,5.73688194e-03,-1.09950580e-02,5.45371137e-01,-1.13006044e-03,-5.44912364e-04,7.34271492e-02,2.47854494e-06,7.38229555e-07,-7.13404765e-04,5.74239544e-03,-1.10086181e-02,-1.13657222e-04,-5.51352820e-06,1.35600904e-05
4.97000000e+02,6.18884675e-01,-1.12372344e-03,-5.35116431e-04,-8.43619137e-04,5.61169280e-03,-1.09289981e-02,5.45421801e-01,-1.12716296e-03,-5.37872905e-04,7.34628754e-02,3.43952469e-06,2.75647232e-06,-7.30058831e-04,5.63546331e-03,-1.09526396e-02,-1.13560306e-04,-2.37705161e-05,2.36415577e-05
4.98000000e+02,6.18888398e-01,-1.11742719e-03,-5.37521692e-04,-8.63740048e-04,5.59067972e-03,-1.09252078e-02,5.45401101e-01,-1.12054671e-03,-5.38297280e-04,7.34872975e-02,3.11952039e-06,7.75587845e-07,-7.49861181e-04,5.59699434e-03,-1.09431042e-02,-1.13878865e-04,-6.31460291e-06,1.78963278e-05
4.99000000e+02,6.18957817e-01,-1.11659159e-03,-5.11316336e-04,-8.79036223e-04,5.38055681e-03,-1.08847113e-02,5.45434974e-01,-1.12015845e-03,-5.14322594e-04,7.35228432e-02,3.56686192e-06,3.00625757e-06,-7.65274898e-04,5.40441412e-03,-1.09099351e-02,-1.13761322e-04,-2.38572914e-05,2.52238532e-05
5.00000000e+02,6.18955514e-01,-1.12297091e-03,-5.12159502e-04,-8.98660288e-04,5.39802043e-03,-1.09489552e-02,5.45407617e-01,-1.12600978e-03,-5.12594093e-04,7.35478970e-02,3.03887646e-06,4.34590367e-07,-7.84581613e-04,5.40053189e-03,-1.09675886e-02,-1.14078676e-04,-2.51146680e-06,1.86333793e-05
5.01000000e+02,6.19043673e-01,-1.11688414e-03,-4.98403121e-04,-9.13093939e-04,5.24073611e-03,-1.08699963e-02,5.45459390e-01,-1.12088252e-03,-5.00923739e-04,7.35842846e-02,3.99838287e-06,2.52061969e-06,-7.99136380e-04,5.26150318e-03,-1.08986623e-02,-1.13957560e-04,-2.07670534e-05,2.86660569e-05
5.02000000e+02,6.19048416e-01,-1.10715404e-03,-4.96212774e-04,-9.32088025e-04,5.18437052e-03,-1.08410823e-02,5.45439098e-01,-1.11085184e-03,-4.96725514e-04,7.36093175e-02,3.69780271e-06,5.12742031e-07,-8.17803147e-04,5.18754495e-03,-1.08642933e-02,-1.14284880e-04,-3.17444022e-06,2.32109362e-05
5.03000000e+02,6.19119675e-01,-1.10401151e-03,-4.67163378e-04,-9.45804160e-04,4.94728103e-03,-1.07800963e-02,5.45474018e-01,-1.10815610e-03,-4.69843559e-04,7.36456576e-02,4.14459212e-06,2.68018284e-06,-8.31609119e-04,4.96740604e-03,-1.08104626e-02,-1.14195039e-04,-2.01249861e-05,3.03662903e-05
5.04000000e+02,6.19120107e-01,-1.10788082e-03,-4.66001732e-04,-9.64050327e-04,4.94085471e-03,-1.08245061e-02,5.45448750e-01,-1.11149387e-03,-4.66036349e-04,7.36713549e-02,3.61305256e-06,3.46163395e-08,-8.49484454e-04,4.93936398e-03,-1.08483811e-02,-1.14565875e-04,1.49073658e-06,2.38749485e-05
5.05000000e+02,6.19209721e-01,-1.10102111e-03,-4.51938033e-04,-9.76853747e-04,4.76550862e-03,-1.07369839e-02,5.45501293e-01,-1.10554450e-03,-4.53948168e-04,7.37084303e-02,4.52339517e-06,2.01013408e-06,-8.62338035e-04,4.78155072e-03,-1.07706016e-02,-1.14515714e-04,-1.60420920e-05,3.36177593e-05
5.06000000e+02,6.19215409e-01,-1.09024702e-03,-4.50135546e-04,-9.93828772e-04,4.70630900e-03,-1.06953590e-02,5.45481281e-01,-1.09449224e-03,-4.50169617e-04,7.37341288e-02,4.24521693e-06,3.40714346e-08,-8.78928115e-04,4.70457496e-03,-1.07238080e-02,-1.14900661e-04,1.73405042e-06,2.84489888e-05
5.07000000e+02,6.19288228e-01,-1.08441083e-03,-4.19443879e-04,-1.00713536e-03,4.45173991e-03,-1.06132878e-02,5.45517173e-01,-1.08911811e-03,-4.21626096e-04,7.37710544e-02,4.70727828e-06,2.18221621e-06,-8.92295154e-04,4.46677754e-03,-1.06490962e-02,-1.14840203e-04,-1.50376278e-05,3.58083433e-05
5.08000000e+02,6.19289683e-01,-1.08697321e-03,-4.17093354e-04,-1.02474986e-03,4.42530129e-03,-1.06491394e-02,5.45492236e-01,-1.09120197e-03,-4.16614760e-04,7.37974477e-02,4.22877076e-06,-4.78594083e-07,-9.09536644e-04,4.41875765e-03,-1.06787260e-02,-1.15213221e-04,6.54363992e-06,2.95865185e-05
5.09000000e+02,6.19381811e-01,-1.08168760e-03,-4.00240292e-04,-1.03710951e-03,4.21615830e-03,-1.05613361e-02,5.45546919e-01,-1.08674070e-03,-4.01766214e-04,7.38348899e-02,5.05309231e-06,1.52592282e-06,-9.21967218e-04,4.22718215e-03,-1.06002196e-02,-1.15142287e-04,-1.10238573e-05,3.88835495e-05
5.10000000e+02,6.19388323e-01,-1.07070904e-03,-3.92805939e-04,-1.05505358e-03,4.10797541e-03,-1.05169940e-02,5.45527378e-01,-1.07560410e-03,-3.92381809e-04,7.38609459e-02,4.89505640e-06,-4.24127803e-07,-9.39561665e-04,4.10116178e-03,-1.05512422e-02,-1.15491914e-04,6.81362531e-06,3.42481234e-05
5.11000000e+02,6.19463045e-01,-1.06451476e-03,-3.58427437e-04,-1.06691636e-03,3.81620519e-03,-1.04460844e-02,5.45565005e-01,-1.06985598e-03,-3.60076777e-04,7.38980388e-02,5.34121299e-06,1.64934019e-06,-9.51528271e-04,3.82588130e-03,-1.04870716e-02,-1.15388091e-04,-9.67611882e-06,4.09872490e-05
5.12000000e+02,6.19467149e-01,-1.06709681e-03,-3.50553493e-04,-1.08337657e-03,3.74195167e-03,-1.04764490e-02,5.45542215e-01,-1.07188671e-03,-3.49576092e-04,7.39249312e-02,4.78989556e-06,-9.77400314e-07,-9.67630949e-04,3.73002243e-03,-1.05114837e-02,-1.15745618e-04,1.19292369e-05,3.50346740e-05
5.13000000e+02,6.19560915e-01,-1.06072124e-03,-3.30230140e-04,-1.09476217e-03,3.50075411e-03,-1.03807090e-02,5.45597867e-01,-1.06635354e-03,-3.31204714e-04,7.39630469e-02,5.63230571e-06,9.74574533e-07,-9.79102310e-04,3.50580787e-03,-1.04251149e-02,-1.15659857e-04,-5.05375863e-06,4.44059377e-05
5.14000000e+02,6.19569092e-01,-1.04970114e-03,-3.19095389e-04,-1.10985579e-03,3.35608794e-03,-1.03352363e-02,5.45579108e-01,-1.05515744e-03,-3.18053268e-04,7.39899848e-02,5.45629838e-06,-1.04212163e-06,-9.93844810e-04,3.34312690e-03,-1.03749262e-02,-1.16010982e-04,1.29610414e-05,3.96899114e-05
5.15000000e+02,6.19646915e-01,-1.04548390e-03,-2.79183427e-04,-1.11936052e-03,3.01468300e-03,-1.02675559e-02,5.45618770e-01,-1.05134698e-03,-2.80233243e-04,7.40281433e-02,5.86308547e-06,1.04981642e-06,-1.00343736e-03,3.01776083e-03,-1.03138126e-02,-1.15923161e-04,-3.07783549e-06,4.62567691e-05
5.16000000e+02,6.19651350e-01,-1.04868433e-03,-2.67852848e-04,-1.13334632e-03,2.90725790e-03,-1.03121243e-02,5.45595665e-01,-1.05408762e-03,-2.66159145e-04,7.40556850e-02,5.40328387e-06,-1.69370324e-06,-1.01705484e-03,2.88796345e-03,-1.03524779e-02,-1.16291483e-04,1.92944450e-05,4.03536119e-05
5.17000000e+02,6.19745764e-01,-1.04439114e-03,-2.45227996e-04,-1.14192239e-03,2.64125844e-03,-1.02403265e-02,5.45651262e-01,-1.05062110e-03,-2.45434984e-04,7.40945010e-02,6.22995302e-06,2.06988641e-07,-1.02571767e-03,2.63840696e-03,-1.02897361e-02,-1.16204718e-04,2.85148015e-06,4.94096360e-05
5.18000000e+02,6.19754319e-01,-1.03545342e-03,-2.29077594e-04,-1.15418648e-03,2.45729289e-03,-1.02137186e-02,5.45632347e-01,-1.04149293e-03,-2.27346729e-04,7.41219711e-02,6.03950826e-06,-1.73086505e-06,-1.03760993e-03,2.43648031e-03,-1.02587207e-02,-1.16576552e-04,2.08125853e-05,4.50021211e-05
5.19000000e+02,6.19834709e-01,-1.03123573e-03,-1.85931911e-04,-1.16198832e-03,2.08714922e-03,-1.01574918e-02,5.45674036e-01,-1.03767886e-03,-1.86189610e-04,7.41606731e-02,6.44313336e-06,2.57698929e-07,-1.04549854e-03,2.08206812e-03,-1.02091890e-02,-1.16489777e-04,5.08110402e-06,5.16971087e-05
5.20000000e+02,6.19841844e-01,-1.03364819e-03,-1.73280633e-04,-1.17374060e-03,1.96353988e-03,-1.01976347e-02,5.45653289e-01,-1.03968253e-03,-1.70789485e-04,7.41885540e-02,6.03434168e-06,-2.49114804e-06,-1.05686732e-03,1.93599385e-03,-1.02438537e-02,-1.16873274e-04,2.75460228e-05,4.62189715e-05
5.21000000e+02,6.19939406e-01,-1.03155593e-03,-1.48478075e-04,-1.18074488e-03,1.67635115e-03,-1.01356900e-02,5.45711714e-01,-1.03833361e-03,-1.47829987e-04,7.42276925e-02,6.77768557e-06,-6.48087642e-07,-1.06395528e-03,1.66475936e-03,-1.01903881e-02,-1.16789606e-04,1.15917876e-05,5.46980522e-05
5.22000000e+02,6.19950537e-01,-1.02485634e-03,-1.33200714e-04,-1.19264435e-03,1.49320274e-03,-1.01314651e-02,5.45695075e-01,-1.03143932e-03,-1.30511838e-04,7.42554633e-02,6.58298364e-06,-2.68887568e-06,-1.07548835e-03,1.46304131e-03,-1.01813949e-02,-1.17156007e-04,3.01614337e-05,4.99298425e-05
5.23000000e+02,6.20030701e-01,-1.02335486e-03,-9.15605040e-05,-1.19947388e-03,1.13342859e-03,-1.01004543e-02,5.45736289e-01,-1.03038883e-03,-9.08737845e-05,7.42944096e-02,7.03396711e-06,-6.86719461e-07,-1.08240730e-03,1.11857234e-03,-1.01570919e-02,-1.17066581e-04,1.48562518e-05,5.66376812e-05
5.24000000e+02,6.20039030e-01,-1.02918534e-03,-7.81335219e-05,-1.21156485e-03,1.00660803e-03,-1.01652931e-02,5.45716289e-01,-1.03581367e-03,-7.47258608e-05,7.43227406e-02,6.62832926e-06,-3.40766119e-06,-1.09409390e-03,9.69269140e-04,-1.02169308e-02,-1.17470947e-04,3.73388942e-05,5.16376977e-05
5.25000000e+02,6.20138783e-01,-1.02545632e-03,-5.22771985e-05,-1.22003272e-03,7.15921883e-04,-1.00992044e-02,5.45776488e-01,-1.03294162e-03,-5.07072511e-05,7.43622950e-02,7.48530895e-06,-1.56994711e-06,-1.10260674e-03,6.94398083e-04,-1.01601062e-02,-1.17425977e-04,2.15237993e-05,6.09018243e-05
5.26000000e+02,6.20152601e-01,-1.01778449e-03,-3.75261903e-05,-1.23409511e-03,5.33749810e-04,-1.00775890e-02,5.45762141e-01,-1.02509868e-03,-3.38800964e-05,7.43904615e-02,7.31419074e-06,-3.64609382e-06,-1.11623011e-03,4.93521687e-04,-1.01344841e-02,-1.17864999e-04,4.02281248e-05,5.68951336e-05
5.27000000e+02,6.20236026e-01,-1.01581673e-03,3.36424276e-06,-1.24504464e-03,1.72031796e-04,-1.00320145e-02,5.45806351e-01,-1.02349329e-03,5.11175521e-06,7.44296739e-02,7.67655625e-06,-1.74751243e-06,-1.12722318e-03,1.46538194e-04,-1.00951697e-02,-1.17821459e-04,2.54936023e-05,6.31552580e-05
5.28000000e+02,6.20245919e-01,-1.01954549e-03,1.53789967e-05,-1.26143111e-03,5.62724373e-05,-1.00877560e-02,5.45787689e-01,-1.02688644e-03,1.98469854e-05,7.44582333e-02,7.34094182e-06,-4.46798872e-06,-1.14315799e-03,8.03136902e-06,-1.01458717e-02,-1.18273127e-04,4.82410684e-05,5.81157457e-05
5.29000000e+02,6.20346706e-01,-1.01620740e-03,4.00641523e-05,-1.27463893e-03,-2.25346350e-04,-1.00208542e-02,5.45848969e-01,-1.02428448e-03,4.27427035e-05,7.44977401e-02,8.07707892e-06,-2.67855126e-06,-1.15640613e-03,-2.58283433e-04,-1.00876573e-02,-1.18232796e-04,3.29370820e-05,6.68030252e-05
5.30000000e+02,6.20361610e-01,-1.01005958e-03,5.36616809e-05,-1.29360427e-03,-3.96462751e-04,-1.00081153e-02,5.45835415e-01,-1.01801034e-03,5.84394286e-05,7.45261922e-02,7.95076463e-06,-4.77774776e-06,-1.17493007e-03,-4.48343812e-04,-1.00709733e-02,-1.18674199e-04,5.18810608e-05,6.28579873e-05
5.31000000e+02,6.20446280e-01,-1.00604549e-03,9.29492848e-05,-1.30923892e-03,-7.44792666e-04,-9.95199882e-03,5.45880695e-01,-1.01442359e-03,9.58653990e-05,7.45655816e-02,8.37810077e-06,-2.91611407e-06,-1.19062811e-03,-7.82321379e-04,-1.00213338e-02,-1.18610801e-04,3.75287109e-05,6.93349236e-05
5.32000000e+02,6.20458297e-01,-1.00688305e-03,1.03734948e-04,-1.32998390e-03,-8.44092753e-04,-9.98174188e-03,5.45864122e-01,-1.01492453e-03,1.09420101e-04,7.45941741e-02,8.04147528e-06,-5.68515273e-06,-1.21095872e-03,-9.04609077e-04,-1.00464199e-02,-1.19025182e-04,6.05163211e-05,6.46780139e-05
5.33000000e+02,6.20561115e-01,-1.00307137e-03,1.26644696e-04,-1.34690919e-03,-1.10448304e-03,-9.90466739e-03,5.45926979e-01,-1.01187554e-03,1.30539959e-04,7.46341373e-02,8.80417221e-06,-3.89526279e-06,-1.22798188e-03,-1.14973914e-03,-9.97802563e-03,-1.18927307e-04,4.52561032e-05,7.33582125e-05
5.34000000e+02,6.20577400e-01,-9.93294511e-04,1.38881618e-04,-1.36750039e-03,-1.25504296e-03,-9.86581609e-03,5.45915051e-01,-1.00197056e-03,1.44811006e-04,7.46623485e-02,8.67604677e-06,-5.92938750e-06,-1.24820410e-03,-1.31894051e-03,-9.93521800e-03,-1.19296280e-04,6.38975411e-05,6.94019096e-05
5.35000000e+02,6.20662999e-01,-9.86735381e-04,1.74838213e-04,-1.38259169e-03,-1.58075734e-03,-9.78807504e-03,5.45961295e-01,-9.95808636e-04,1.78928480e-04,7.47017064e-02,9.07325252e-06,-4.09026696e-06,-1.26342215e-03,-1.63025231e-03,-9.86361902e-03,-1.19169540e-04,4.94949663e-05,7.55439764e-05
5.36000000e+02,6.20677223e-01,-9.87508611e-04,1.83952362e-04,-1.40188455e-03,-1.66910396e-03,-9.81136349e-03,5.45946858e-01,-9.96205658e-04,1.90747917e-04,7.47303662e-02,8.69704729e-06,-6.79555506e-06,-1.28234767e-03,-1.74133732e-03,-9.88196653e-03,-1.19536880e-04,7.22333564e-05,7.06030436e-05
5.37000000e+02,6.20780511e-01,-9.81574042e-04,2.06056204e-04,-1.41544096e-03,-1.91838012e-03,-9.71713188e-03,5.46010185e-01,-9.90995611e-04,2.11065458e-04,7.47703243e-02,9.42156785e-06,-5.00925389e-06,-1.29605012e-03,-1.97545002e-03,-9.79600979e-03,-1.19390844e-04,5.70698934e-05,7.88779492e-05
5.38000000e+02,6.20798422e-01,-9.70576590e-04,2.17704841e-04,-1.43186301e-03,-2.06730130e-03,-9.66723637e-03,5.45999561e-01,-9.79895466e-04,2.24822266e-04,7.47988608e-02,9.31887719e-06,-7.11742486e-06,-1.31212775e-03,-2.14304615e-03,-9.74187313e-03,-1.19735259e-04,7.57448550e-05,7.46367746e-05
5.39000000e+02,6.20886737e-01,-9.66744792e-04,2.56400923e-04,-1.44259060e-03,-2.41014401e-03,-9.60206527e-03,5.46048186e-01,-9.76287351e-04,2.61632332e-04,7.48385533e-02,9.54256170e-06,-5.23140906e-06,-1.32300993e-03,-2.47151875e-03,-9.68200248e-03,-1.19580667e-04,6.13747301e-05,7.99371940e-05
5.40000000e+02,6.20902373e-01,-9.67612274e-04,2.68464298e-04,-1.45690901e-03,-2.52089971e-03,-9.62601226e-03,5.46035017e-01,-9.76771268e-04,2.76385455e-04,7.48673539e-02,9.15899286e-06,-7.92115698e-06,-1.33699339e-03,-2.60472383e-03,-9.70084703e-03,-1.19915624e-04,8.38241272e-05,7.48347749e-05
5.41000000e+02,6.21006992e-01,-9.61570471e-04,2.92294083e-04,-1.46439377e-03,-2.79067269e-03,-9.53676570e-03,5.46099694e-01,-9.71468666e-04,2.98475772e-04,7.49072957e-02,9.89819653e-06,-6.18168960e-06,-1.34465210e-03,-2.85949068e-03,-9.61964862e-03,-1.19741670e-04,6.88179854e-05,8.28829354e-05
5.42000000e+02,6.21029058e-01,-9.52893136e-04,3.07967576e-04,-1.47534346e-03,-2.96756619e-03,-9.48987612e-03,5.46093213e-01,-9.62659542e-04,3.16190182e-04,7.49358458e-02,9.76640377e-06,-8.22260561e-06,-1.35526841e-03,-3.05506630e-03,-9.56868658e-03,-1.20075051e-04,8.75001067e-05,7.88105042e-05
5.43000000e+02,6.21118816e-01,-9.45144568e-04,3.46550313e-04,-1.48059718e-03,-3.31556317e-03,-9.39847678e-03,5.46143286e-01,-9.55220591e-04,3.53038385e-04,7.49755308e-02,1.00760252e-05,-6.48807220e-06,-1.36068172e-03,-3.38921071e-03,-9.48282666e-03,-1.19915459e-04,7.36475347e-05,8.43498556e-05
5.44000000e+02,6.21136272e-01,-9.44440244e-04,3.58660989e-04,-1.48984108e-03,-3.41951426e-03,-9.40585487e-03,5.46131914e-01,-9.54128053e-04,3.67804852e-04,7.50043560e-02,9.68781086e-06,-9.14386326e-06,-1.36957487e-03,-3.51573355e-03,-9.48522924e-03,-1.20266209e-04,9.62192958e-05,7.93743585e-05
5.45000000e+02,6.21244715e-01,-9.36074659e-04,3.81700249e-04,-1.49425304e-03,-3.67913290e-03,-9.28875162e-03,5.46200198e-01,-9.46457502e-04,3.89178528e-04,7.50445195e-02,1.03828396e-05,-7.47827890e-06,-1.37412733e-03,-3.76091018e-03,-9.37578677e-03,-1.20125709e-04,8.17772729e-05,8.70351835e-05
5.46000000e+02,6.21267937e-01,-9.22079184e-04,3.94002384e-04,-1.50372124e-03,-3.83436518e-03,-9.20088623e-03,5.46194759e-01,-9.32300065e-04,4.03577914e-04,7.50731762e-02,1.02208798e-05,-9.57553080e-06,-1.38323530e-03,-3.93487602e-03,-9.28372058e-03,-1.20485936e-04,1.00510847e-04,8.28343333e-05
5.47000000e+02,6.21357423e-01,-9.11897819e-04,4.30703622e-04,-1.50857143e-03,-4.16144372e-03,-9.08290527e-03,5.46244517e-01,-9.22391221e-04,4.38504601e-04,7.51129060e-02,1.04934011e-05,-7.80097983e-06,-1.38821948e-03,-4.24832399e-03,-9.17071401e-03,-1.20351954e-04,8.68802669e-05,8.78087217e-05
5.48000000e+02,6.21376015e-01,-9.09265866e-04,4.40892337e-04,-1.51854699e-03,-4.24675131e-03,-9.06865979e-03,5.46234476e-01,-9.19326970e-04,4.51393641e-04,7.51415382e-02,1.00611028e-05,-1.05013041e-05,-1.39780340e-03,-4.35639045e-03,-9.15121087e-03,-1.20743596e-04,1.09639143e-04,8.25510343e-05
5.49000000e+02,6.21484423e-01,-8.99806673e-04,4.60818887e-04,-1.52496896e-03,-4.47803007e-03,-8.93866480e-03,5.46303070e-01,-9.10493672e-04,4.69661215e-04,7.51813555e-02,1.06869972e-05,-8.84232866e-06,-1.40436178e-03,-4.57343457e-03,-9.02826626e-03,-1.20607182e-04,9.54045015e-05,8.96014351e-05
5.50000000e+02,6.21507384e-01,-8.84142252e-04,4.70461914e-04,-1.53584774e-03,-4.60185067e-03,-8.83748611e-03,5.46297783e-01,-8.94702261e-04,4.81387449e-04,7.52096029e-02,1.05600085e-05,-1.09255347e-05,-1.41487698e-03,-4.71591556e-03,-8.92278494e-03,-1.20970763e-04,1.14064889e-04,8.52988280e-05
5.51000000e+02,6.21599527e-01,-8.75682147e-04,5.04487904e-04,-1.54131634e-03,-4.89951501e-03,-8.72312098e-03,5.46350338e-01,-8.86426337e-04,5.13626879e-04,7.52491888e-02,1.07441893e-05,-9.13897282e-06,-1.42051005e-03,-4.99980150e-03,-8.81285272e-03,-1.20806291e-04,1.00286487e-04,8.97317437e-05
5.52000000e+02,6.21619609e-01,-8.71160723e-04,5.11816300e-04,-1.55168663e-03,-4.95723775e-03,-8.69249850e-03,5.46341487e-01,-8.81479725e-04,5.23580255e-04,7.52781209e-02,1.03190055e-05,-1.17639563e-05,-1.43050086e-03,-5.07978719e-03,-8.77679401e-03,-1.21185774e-04,1.22549457e-04,8.42955327e-05
5.53000000e+02,6.21729130e-01,-8.60033843e-04,5.29536206e-04,-1.55730789e-03,-5.16720631e-03,-8.55451945e-03,5.46410926e-01,-8.70932289e-04,5.39674249e-04,7.53182035e-02,1.08984444e-05,-1.01380422e-05,-1.43628200e-03,-5.27533171e-03,-8.64550481e-03,-1.21025901e-04,1.08125381e-04,9.09853182e-05
5.54000000e+02,6.21754261e-01,-8.45210218e-04,5.37206757e-04,-1.56776009e-03,-5.27659709e-03,-8.45515400e-03,5.46407316e-01,-8.55922901e-04,5.49397795e-04,7.53469477e-02,1.07126833e-05,-1.21910359e-05,-1.44635837e-03,-5.40302025e-03,-8.54157160e-03,-1.21401713e-04,1.26423153e-04,8.64176039e-05
5.55000000e+02,6.21847462e-01,-8.36872811e-04,5.68484800e-04,-1.57378830e-03,-5.55876720e-03,-8.33615814e-03,5.46460797e-01,-8.47747943e-04,5.78892308e-04,7.53866655e-02,1.08751319e-05,-1.04075087e-05,-1.45253862e-03,-5.67144504e-03,-8.42684214e-03,-1.21249688e-04,1.12677806e-04,9.06840244e-05
5.56000000e+02,6.21867256e-01,-8.31444154e-04,5.73283197e-04,-1.58519847e-03,-5.59389782e-03,-8.30213049e-03,5.46451759e-01,-8.41950053e-04,5.86274923e-04,7.54154992e-02,1.05058997e-05,-1.29917261e-05,-1.46359128e-03,-5.72857002e-03,-8.38737194e-03,-1.21607196e-04,1.34672179e-04,8.52414138e-05
5.57000000e+02,6.21978843e-01,-8.21093745e-04,5.88395847e-04,-1.58918793e-03,-5.77549719e-03,-8.17297635e-03,5.46523318e-01,-8.32201753e-04,5.99728390e-04,7.54555250e-02,1.11080110e-05,-1.13325435e-05,-1.46774441e-03,-5.89569463e-03,-8.26473637e-03,-1.21443518e-04,1.20197440e-04,9.17600075e-05
5.58000000e+02,6.22003835e-01,-8.05752953e-04,5.93202169e-04,-1.59788389e-03,-5.85538193e-03,-8.07758037e-03,5.46519774e-01,-8.16607672e-04,6.06527523e-04,7.54840611e-02,1.08547192e-05,-1.33253523e-05,-1.47609634e-03,-5.99343742e-03,-8.16468043e-03,-1.21787548e-04,1.38055457e-04,8.71000579e-05
5.59000000e+02,6.22098016e-01,-7.96557160e-04,6.21153459e-04,-1.60176217e-03,-6.10092913e-03,-7.95868537e-03,5.46574336e-01,-8.07537802e-04,6.32644733e-04,7.55236812e-02,1.09806410e-05,-1.14912742e-05,-1.48016212e-03,-6.22496269e-03,-8.04956165e-03,-1.21600046e-04,1.24033607e-04,9.08762917e-05
5.60000000e+02,6.22120810e-01,-7.93672483e-04,6.24501648e-04,-1.60936050e-03,-6.11800226e-03,-7.93313376e-03,5.46568221e-01,-8.04204401e-04,6.38532482e-04,7.55525915e-02,1.05319176e-05,-1.40308351e-05,-1.48742282e-03,-6.26345535e-03,-8.01841368e-03,-1.21937682e-04,1.45453100e-04,8.52799083e-05
5.61000000e+02,6.22233848e-01,-7.82380365e-04,6.38277158e-04,-1.61020029e-03,-6.28468371e-03,-7.79527186e-03,5.46641169e-01,-7.93488205e-04,6.50622448e-04,7.55926819e-02,1.11078405e-05,-1.23452888e-05,-1.48846197e-03,-6.41546498e-03,-7.88690734e-03,-1.21738314e-04,1.30781281e-04,9.16354672e-05
5.62000000e+02,6.22259991e-01,-7.64371861e-04,6.40390356e-04,-1.61433123e-03,-6.34197739e-03,-7.67939324e-03,5.46638729e-01,-7.75315525e-04,6.54767749e-04,7.56212631e-02,1.09436648e-05,-1.43773919e-05,-1.49227079e-03,-6.49034473e-03,-7.76661240e-03,-1.22060444e-04,1.48367340e-04,8.72191317e-05
5.63000000e+02,6.22356654e-01,-7.53197270e-04,6.67454900e-04,-1.61214025e-03,-6.57637700e-03,-7.54233484e-03,5.46695882e-01,-7.64247494e-04,6.79988856e-04,7.56607696e-02,1.10502267e-05,-1.25339557e-05,-1.49029501e-03,-6.71076200e-03,-7.63330697e-03,-1.21845234e-04,1.34385023e-04,9.09721611e-05
5.64000000e+02,6.22381105e-01,-7.47080372e-04,6.68397410e-04,-1.61349149e-03,-6.57161283e-03,-7.49334462e-03,5.46691440e-01,-7.57693364e-04,6.83421742e-04,7.56896636e-02,1.06129916e-05,-1.50243284e-05,-1.49131198e-03,-6.72717532e-03,-7.57865347e-03,-1.22179513e-04,1.55562474e-04,8.53088744e-05
5.65000000e+02,6.22495586e-01,-7.35789206e-04,6.77869239e-04,-1.60860966e-03,-6.71022688e-03,-7.34857930e-03,5.46765971e-01,-7.46908753e-04,6.91196885e-04,7.57296140e-02,1.11195470e-05,-1.33276475e-05,-1.48662538e-03,-6.85079777e-03,-7.43979452e-03,-1.21984285e-04,1.40570885e-04,9.12152412e-05
5.66000000e+02,6.22524200e-01,-7.19052679e-04,6.80397658e-04,-1.60775588e-03,-6.76565018e-03,-7.24095542e-03,5.46766130e-01,-7.29989842e-04,6.95571888e-04,7.57580692e-02,1.09371616e-05,-1.51742311e-05,-1.48541442e-03,-6.92312760e-03,-7.32758134e-03,-1.22341457e-04,1.57477468e-04,8.66259291e-05
5.67000000e+02,6.22621599e-01,-7.08448187e-04,7.08611815e-04,-1.60150250e-03,-6.99889153e-03,-7.11086142e-03,5.46824027e-01,-7.19454727e-04,7.21945090e-04,7.57975717e-02,1.10065388e-05,-1.33332770e-05,-1.47933096e-03,-7.14201878e-03,-7.20089753e-03,-1.22171537e-04,1.43127210e-04,9.00361269e-05
5.68000000e+02,6.22646929e-01,-7.03216638e-04,7.10749965e-04,-1.59938506e-03,-6.99660406e-03,-7.06692778e-03,5.46820553e-01,-7.13771186e-04,7.26595444e-04,7.58263747e-02,1.05545490e-05,-1.58454765e-05,-1.47682205e-03,-7.16071058e-03,-7.15124225e-03,-1.22563009e-04,1.64106544e-04,8.43144787e-05
5.69000000e+02,6.22764277e-01,-6.92817993e-04,7.21584132e-04,-1.59150294e-03,-7.14374935e-03,-6.92899570e-03,5.46898002e-01,-7.03815118e-04,7.35798492e-04,7.58662792e-02,1.09971239e-05,-1.42143597e-05,-1.46907850e-03,-7.29300929e-03,-7.01883170e-03,-1.22424439e-04,1.49259902e-04,8.98360050e-05
5.70000000e+02,6.22795003e-01,-6.76589821e-04,7.23156077e-04,-1.58926845e-03,-7.19556231e-03,-6.82369192e-03,5.46900398e-01,-6.87385881e-04,7.39228693e-04,7.58946032e-02,1.07960628e-05,-1.60726153e-05,-1.46644479e-03,-7.36162913e-03,-6.90886388e-03,-1.22823659e-04,1.66066857e-04,8.51719604e-05
5.71000000e+02,6.22894199e-01,-6.66532701e-04,7.48728459e-04,-1.58125479e-03,-7.40471575e-03,-6.69999473e-03,5.46960305e-01,-6.77377682e-04,7.62879220e-04,7.59338930e-02,1.08449834e-05,-1.41507604e-05,-1.45858141e-03,-7.55648010e-03,-6.78822076e-03,-1.22673379e-04,1.51764335e-04,8.82259940e-05
5.72000000e+02,6.22923050e-01,-6.63296220e-04,7.48587609e-04,-1.57848997e-03,-7.38165323e-03,-6.67167694e-03,5.46960531e-01,-6.73676429e-04,7.65230188e-04,7.59625170e-02,1.03802122e-05,-1.66425786e-05,-1.45542347e-03,-7.55418333e-03,-6.75408009e-03,-1.23066503e-04,1.72530133e-04,8.24031438e-05
5.73000000e+02,6.23042091e-01,-6.54138797e-04,7.55830720e-04,-1.57046183e-03,-7.49198816e-03,-6.54622398e-03,5.47039988e-01,-6.64998496e-04,7.70796427e-04,7.60021064e-02,1.08596980e-05,-1.49657086e-05,-1.44754717e-03,-7.64974354e-03,-6.63409725e-03,-1.22914667e-04,1.57755374e-04,8.78732742e-05
5.74000000e+02,6.23075081e-01,-6.38082042e-04,7.54267897e-04,-1.56750648e-03,-7.50164589e-03,-6.44522424e-03,5.47044835e-01,-6.48699247e-04,7.71082364e-04,7.60302472e-02,1.06172049e-05,-1.68144677e-05,-1.44421475e-03,-7.67585998e-03,-6.52830991e-03,-1.23291730e-04,1.74214095e-04,8.30856493e-05
5.75000000e+02,6.23176144e-01,-6.29561967e-04,7.76050906e-04,-1.55874115e-03,-7.67561853e-03,-6.33750208e-03,5.47107030e-01,-6.40199293e-04,7.90996029e-04,7.60691160e-02,1.06373243e-05,-1.49451227e-05,-1.43560660e-03,-7.83566752e-03,-6.42332266e-03,-1.23134539e-04,1.60048995e-04,8.58205898e-05
5.76000000e+02,6.23205913e-01,-6.25931055e-04,7.72900864e-04,-1.55535829e-03,-7.61533925e-03,-6.30938221e-03,5.47108559e-01,-6.36135133e-04,7.90301843e-04,7.60973534e-02,1.02040798e-05,-1.74009778e-05,-1.43183151e-03,-7.79590550e-03,-6.38964518e-03,-1.23526783e-04,1.80566234e-04,8.02629917e-05
5.77000000e+02,6.23326724e-01,-6.16418833e-04,7.75023893e-04,-1.54626368e-03,-7.68427587e-03,-6.18590754e-03,5.47189976e-01,-6.27046534e-04,7.90807538e-04,7.61367501e-02,1.06277021e-05,-1.57836459e-05,-1.42289953e-03,-7.85012945e-03,-6.27134580e-03,-1.23364151e-04,1.65853597e-04,8.54382863e-05
5.78000000e+02,6.23360150e-01,-6.00924633e-04,7.70928310e-04,-1.54246714e-03,-7.67072015e-03,-6.08790673e-03,5.47195426e-01,-6.11300688e-04,7.88478823e-04,7.61647225e-02,1.03760567e-05,-1.75505135e-05,-1.41870382e-03,-7.85267904e-03,-6.16862643e-03,-1.23763325e-04,1.81958909e-04,8.07196966e-05
5.79000000e+02,6.23461252e-01,-5.92715137e-04,7.88117090e-04,-1.53387405e-03,-7.80828682e-03,-5.97637377e-03,5.47258026e-01,-6.03057104e-04,8.03855678e-04,7.62032260e-02,1.03419688e-05,-1.57385878e-05,-1.41025355e-03,-7.97618274e-03,-6.05964004e-03,-1.23620500e-04,1.67895941e-04,8.32662771e-05
5.80000000e+02,6.23491445e-01,-5.88117501e-04,7.81570398e-04,-1.53211180e-03,-7.71609988e-03,-5.94495440e-03,5.47260100e-01,-5.98066127e-04,7.99666318e-04,7.62313443e-02,9.94862570e-06,-1.80959196e-05,-1.40808647e-03,-7.90385729e-03,-6.02265359e-03,-1.24025323e-04,1.87757386e-04,7.76991842e-05
5.81000000e+02,6.23613419e-01,-5.81824973e-04,7.82017065e-04,-1.52489525e-03,-7.76079696e-03,-5.83686587e-03,5.47342454e-01,-5.92129939e-04,7.98435218e-04,7.62709636e-02,1.03049646e-05,-1.64181518e-05,-1.40104334e-03,-7.93376759e-03,-5.91952296e-03,-1.23851916e-04,1.72970641e-04,8.26570920e-05
5.82000000e+02,6.23649222e-01,-5.66225508e-04,7.75362610e-04,-1.52202261e-03,-7.72204122e-03,-5.74328915e-03,5.47350297e-01,-5.76350725e-04,7.93501156e-04,7.62989263e-02,1.01252164e-05,-1.81385457e-05,-1.39780936e-03,-7.91065519e-03,-5.82134678e-03,-1.24213257e-04,1.88613952e-04,7.80576437e-05
5.83000000e+02,6.23753098e-01,-5.57850236e-04,7.92638907e-04,-1.51347161e-03,-7.84241942e-03,-5.64244566e-03,5.47415231e-01,-5.67984902e-04,8.08874848e-04,7.63378702e-02,1.01346636e-05,-1.62359418e-05,-1.38945521e-03,-8.01661366e-03,-5.72312115e-03,-1.24016401e-04,1.74194247e-04,8.06754940e-05
5.84000000e+02,6.23785423e-01,-5.57374742e-04,7.83543018e-04,-1.50946577e-03,-7.73040849e-03,-5.63303136e-03,5.47419503e-01,-5.66995112e-04,8.02233796e-04,7.63659184e-02,9.62036989e-06,-1.86907775e-05,-1.38509217e-03,-7.92460622e-03,-5.70810995e-03,-1.24373600e-04,1.94197692e-04,7.50785985e-05
5.85000000e+02,6.23907557e-01,-5.50300305e-04,7.79771502e-04,-1.50032793e-03,-7.74243525e-03,-5.52801201e-03,5.47502760e-01,-5.60301124e-04,7.96820595e-04,7.64047951e-02,1.00008192e-05,-1.70490965e-05,-1.37615995e-03,-7.92209529e-03,-5.60791707e-03,-1.24167983e-04,1.79660062e-04,7.99050350e-05
5.86000000e+02,6.23945173e-01,-5.37409732e-04,7.70647373e-04,-1.49493321e-03,-7.67407942e-03,-5.45518767e-03,5.47512840e-01,-5.47218702e-04,7.89401730e-04,7.64323348e-02,9.80896993e-06,-1.87543593e-05,-1.37041557e-03,-7.86912480e-03,-5.53050655e-03,-1.24517644e-04,1.95045418e-04,7.53188542e-05
5.87000000e+02,6.24050582e-01,-5.31411349e-04,7.82772940e-04,-1.48519467e-03,-7.75558385e-03,-5.37285251e-03,5.47579894e-01,-5.41234465e-04,7.99677390e-04,7.64706886e-02,9.82311477e-06,-1.69044533e-05,-1.36088927e-03,-7.93636406e-03,-5.45078239e-03,-1.24305395e-04,1.80780209e-04,7.79299187e-05
5.88000000e+02,6.24083887e-01,-5.30352720e-04,7.73101174e-04,-1.48000518e-03,-7.62801367e-03,-5.36562619e-03,5.47586118e-01,-5.39732067e-04,7.92275265e-04,7.64977650e-02,9.37934486e-06,-1.91740886e-05,-1.35535504e-03,-7.82785002e-03,-5.43826466e-03,-1.24650139e-04,1.99836336e-04,7.26384398e-05
5.89000000e+02,6.24207308e-01,-5.24017962e-04,7.67944690e-04,-1.46974365e-03,-7.63010478e-03,-5.26495187e-03,5.47670979e-01,-5.33830122e-04,7.85516004e-04,7.65363312e-02,9.81215994e-06,-1.75713132e-05,-1.34532729e-03,-7.81537615e-03,-5.34265378e-03,-1.24416363e-04,1.85271390e-04,7.77019045e-05
5.90000000e+02,6.24243823e-01,-5.10707146e-04,7.58241195e-04,-1.46366711e-03,-7.55447433e-03,-5.19445027e-03,5.47680156e-01,-5.20302595e-04,7.77453372e-04,7.65636675e-02,9.59544697e-06,-1.92121772e-05,-1.33891297e-03,-7.75488986e-03,-5.26760174e-03,-1.24754145e-04,2.00415535e-04,7.31514595e-05
5.91000000e+02,6.24350014e-01,-5.04970564e-04,7.70694473e-04,-1.45288144e-03,-7.63546743e-03,-5.11980603e-03,5.47748719e-01,-5.14511630e-04,7.88078525e-04,7.66012946e-02,9.54106629e-06,-1.73840516e-05,-1.32837026e-03,-7.82163470e-03,-5.19538745e-03,-1.24511176e-04,1.86167258e-04,7.55813977e-05
5.92000000e+02,6.24385171e-01,-5.03579543e-04,7.59007441e-04,-1.44765551e-03,-7.49624210e-03,-5.11729894e-03,5.47756975e-01,-5.12733426e-04,7.78677232e-04,7.66281955e-02,9.15388355e-06,-1.96697909e-05,-1.32281975e-03,-7.70143186e-03,-5.18783415e-03,-1.24835765e-04,2.05189752e-04,7.05352490e-05
5.93000000e+02,6.24508865e-01,-4.99370608e-04,7.53557998e-04,-1.43587214e-03,-7.48077481e-03,-5.02754075e-03,5.47842508e-01,-5.08930876e-04,7.71605814e-04,7.66663595e-02,9.56026562e-06,-1.80478163e-05,-1.31128016e-03,-7.67154393e-03,-5.10311634e-03,-1.24591972e-04,1.90769110e-04,7.55756035e-05
5.94000000e+02,6.24546500e-01,-4.86458447e-04,7.42380155e-04,-1.42930930e-03,-7.39061319e-03,-4.94950335e-03,5.47853175e-01,-4.95799323e-04,7.62111157e-04,7.66933219e-02,9.34087582e-06,-1.97310033e-05,-1.30439776e-03,-7.59647063e-03,-5.02081103e-03,-1.24911536e-04,2.05857436e-04,7.13076507e-05
5.95000000e+02,6.24652944e-01,-4.80150634e-04,7.50432552e-04,-1.41772716e-03,-7.44183919e-03,-4.86851798e-03,5.47921964e-01,-4.89487223e-04,7.68389477e-04,7.67309812e-02,9.33658893e-06,-1.79569254e-05,-1.29304737e-03,-7.63387049e-03,-4.94231972e-03,-1.24679788e-04,1.92031295e-04,7.38017529e-05
5.96000000e+02,6.24688758e-01,-4.79706065e-04,7.36260020e-04,-1.41083756e-03,-7.27875612e-03,-4.87534822e-03,5.47930508e-01,-4.88639119e-04,7.56517903e-04,7.67582514e-02,8.93305576e-06,-2.02578830e-05,-1.28580148e-03,-7.49000267e-03,-4.94410019e-03,-1.25036088e-04,2.11246542e-04,6.87519614e-05
5.97000000e+02,6.24813580e-01,-4.75107266e-04,7.25169157e-04,-1.39895755e-03,-7.22897786e-03,-4.78989169e-03,5.48016893e-01,-4.84396870e-04,7.43835075e-04,7.67966869e-02,9.28960338e-06,-1.86659196e-05,-1.27414411e-03,-7.42601662e-03,-4.86342357e-03,-1.24813436e-04,1.97038766e-04,7.35318674e-05
5.98000000e+02,6.24853763e-01,-4.62638916e-04,7.13675892e-04,-1.39170323e-03,-7.11696076e-03,-4.72380907e-03,5.48030427e-01,-4.71760905e-04,7.33865270e-04,7.68233385e-02,9.12199009e-06,-2.01893760e-05,-1.26653571e-03,-7.32834891e-03,-4.79308141e-03,-1.25167519e-04,2.11388160e-04,6.92723459e-05
5.99000000e+02,6.24962880e-01,-4.59386302e-04,7.22052234e-04,-1.38047241e-03,-7.16567359e-03,-4.65760030e-03,5.48101916e-01,-4.68473966e-04,7.40472978e-04,7.68609667e-02,9.08766478e-06,-1.84207461e-05,-1.25555899e-03,-7.36313392e-03,-4.72949362e-03,-1.24913418e-04,1.97460348e-04,7.18933177e-05
6.00000000e+02,6.24999371e-01,-4.58411735e-04,7.07443878e-04,-1.37437793e-03,-7.00023190e-03,-4.66448695e-03,5.48111397e-01,-4.67199477e-04,7.28156399e-04,7.68879770e-02,8.78774078e-06,-2.07125245e-05,-1.24914126e-03,-7.21660894e-03,-4.73182238e-03,-1.25236667e-04,2.16377045e-04,6.73354343e-05
6.01000000e+02,6.25127496e-01,-4.52919548e-04,6.99528472e-04,-1.36323783e-03,-6.96199251e-03,-4.57870734e-03,5.48201404e-01,-4.62055025e-04,7.18552221e-04,7.69260923e-02,9.13547882e-06,-1.90237488e-05,-1.23828150e-03,-7.16376660e-03,-4.65089167e-03,-1.24956326e-04,2.01774116e-04,7.21843264e-05
6.02000000e+02,6.25169905e-01,-4.43008775e-04,6.88674006e-04,-1.35705405e-03,-6.86886401e-03,-4.52267002e-03,5.48217339e-01,-4.51916165e-04,7.09286238e-04,7.69525676e-02,8.90738966e-06,-2.06122335e-05,-1.23179044e-03,-7.08484346e-03,-4.59073217e-03,-1.25263607e-04,2.15979432e-04,6.80621410e-05
6.03000000e+02,6.25278889e-01,-4.38647766e-04,7.00352222e-04,-1.34619430e-03,-6.94755417e-03,-4.45414564e-03,5.48288937e-01,-4.47585905e-04,7.19223395e-04,7.69899516e-02,8.93813616e-06,-1.88711724e-05,-1.22123908e-03,-7.14957344e-03,-4.52488061e-03,-1.24955224e-04,2.02019276e-04,7.07349609e-05
6.04000000e+02,6.25317244e-01,-4.37024803e-04,6.87772410e-04,-1.34001592e-03,-6.80594970e-03,-4.45388817e-03,5.48300495e-01,-4.45598646e-04,7.08931395e-04,7.70167487e-02,8.57384512e-06,-2.11589843e-05,-1.21477103e-03,-7.02694337e-03,-4.52006144e-03,-1.25244892e-04,2.20993651e-04,6.61732660e-05
6.05000000e+02,6.25445571e-01,-4.35078077e-04,6.83320915e-04,-1.32764311e-03,-6.79873501e-03,-4.38495931e-03,5.48390992e-01,-4.44005086e-04,7.02768712e-04,7.70545799e-02,8.92701105e-06,-1.94477964e-05,-1.20272839e-03,-7.00529115e-03,-4.45576477e-03,-1.24914722e-04,2.06556122e-04,7.08054594e-05
6.06000000e+02,6.25487602e-01,-4.23060521e-04,6.74856014e-04,-1.32084478e-03,-6.72868969e-03,-4.32392042e-03,5.48406744e-01,-4.31833605e-04,6.95922011e-04,7.70808554e-02,8.77308545e-06,-2.10659968e-05,-1.19564408e-03,-6.94949949e-03,-4.39057355e-03,-1.25200693e-04,2.20809807e-04,6.66531340e-05
6.07000000e+02,6.25598936e-01,-4.19871747e-04,6.89140416e-04,-1.30798252e-03,-6.82919443e-03,-4.27241711e-03,5.48480910e-01,-4.28591409e-04,7.08449615e-04,7.71180237e-02,8.71966211e-06,-1.93091966e-05,-1.18308846e-03,-7.03611569e-03,-4.34152414e-03,-1.24894067e-04,2.06921240e-04,6.91070285e-05
6.08000000e+02,6.25637139e-01,-4.22132323e-04,6.79847874e-04,-1.30083506e-03,-6.71461986e-03,-4.29208349e-03,5.48492744e-01,-4.30455099e-04,7.01413614e-04,7.71443956e-02,8.32277373e-06,-2.15657397e-05,-1.17564574e-03,-6.94041222e-03,-4.35670043e-03,-1.25189312e-04,2.25792359e-04,6.46169364e-05
6.09000000e+02,6.25765299e-01,-4.19562811e-04,6.77030379e-04,-1.28867613e-03,-6.72528393e-03,-4.22141022e-03,5.48583611e-01,-4.28303710e-04,6.97026465e-04,7.71816897e-02,8.74089617e-06,-1.99960882e-05,-1.16376916e-03,-6.93745414e-03,-4.29108452e-03,-1.24906957e-04,2.12170218e-04,6.96742990e-05
6.10000000e+02,6.25809190e-01,-4.07569341e-04,6.69471870e-04,-1.28159807e-03,-6.67190258e-03,-4.16254118e-03,5.48601888e-01,-4.16229398e-04,6.91105929e-04,7.72073029e-02,8.66006028e-06,-2.16340615e-05,-1.15638335e-03,-6.89834215e-03,-4.22860093e-03,-1.25214720e-04,2.26439531e-04,6.60597539e-05
6.11000000e+02,6.25920392e-01,-4.05019762e-04,6.83321468e-04,-1.27014205e-03,-6.78074069e-03,-4.10484044e-03,5.48676964e-01,-4.13641368e-04,7.03251352e-04,7.72434260e-02,8.62160738e-06,-1.99298838e-05,-1.14520934e-03,-6.99386224e-03,-4.17369523e-03,-1.24932711e-04,2.13121511e-04,6.88547930e-05
6.12000000e+02,6.25958311e-01,-4.04657505e-04,6.76358789e-04,-1.26467175e-03,-6.67848874e-03,-4.11303042e-03,5.48689903e-01,-4.12943999e-04,6.98480673e-04,7.72684098e-02,8.28649309e-06,-2.21218870e-05,-1.13943414e-03,-6.91009537e-03,-4.17748507e-03,-1.25237611e-04,2.31606626e-04,6.44546462e-05
6.13000000e+02,6.26085883e-01,-3.99679965e-04,6.73097234e-04,-1.25494404e-03,-6.69104533e-03,-4.02451641e-03,5.48781509e-01,-4.08340450e-04,6.93725766e-04,7.73043757e-02,8.66048184e-06,-2.06285311e-05,-1.13001286e-03,-6.90942142e-03,-4.09389281e-03,-1.24931178e-04,2.18376082e-04,6.93764005e-05
6.14000000e+02,6.26128412e-01,-3.88510354e-04,6.67503230e-04,-1.25066935e-03,-6.65289026e-03,-3.95809375e-03,5.48799350e-01,-3.97067927e-04,6.89656521e-04,7.73290584e-02,8.55757343e-06,-2.21532911e-05,-1.12544978e-03,-6.88499806e-03,-4.02395715e-03,-1.25219575e-04,2.32107799e-04,6.58634008e-05
6.15000000e+02,6.26238626e-01,-3.81884231e-04,6.82051549e-04,-1.24231047e-03,-6.76543514e-03,-3.87836273e-03,5.48873936e-01,-3.90470159e-04,7.02518255e-04,7.73646928e-02,8.58592951e-06,-2.04667034e-05,-1.11741933e-03,-6.98442824e-03,-3.94702451e-03,-1.24891148e-04,2.18993135e-04,6.86617710e-05
6.16000000e+02,6.26276631e-01,-3.77853703e-04,6.75352064e-04,-1.23958613e-03,-6.66450056e-03,-3.85662728e-03,5.48887089e-01,-3.86093308e-04,6.98050724e-04,7.73895404e-02,8.23960522e-06,-2.26986597e-05,-1.11442826e-03,-6.90221236e-03,-3.92119267e-03,-1.25157869e-04,2.37711823e-04,6.45653917e-05
6.17000000e+02,6.26404448e-01,-3.72068177e-04,6.71514851e-04,-1.23189537e-03,-6.67504637e-03,-3.76268746e-03,5.48978906e-01,-3.80648163e-04,6.92793223e-04,7.74255394e-02,8.57998635e-06,-2.12783720e-05,-1.10707026e-03,-6.89963155e-03,-3.83184754e-03,-1.24825106e-04,2.24585188e-04,6.91600802e-05
6.18000000e+02,6.26447362e-01,-3.58963937e-04,6.65898691e-04,-1.22962451e-03,-6.64257743e-03,-3.68272234e-03,5.48997097e-01,-3.67421219e-04,6.88641724e-04,7.74502672e-02,8.45728210e-06,-2.27430314e-05,-1.10454202e-03,-6.88045681e-03,-3.74810965e-03,-1.25082493e-04,2.37879374e-04,6.53873142e-05
6.19000000e+02,6.26559342e-01,-3.57817693e-04,6.82493236e-04,-1.22231819e-03,-6.77191296e-03,-3.63736544e-03,5.49073352e-01,-3.66157126e-04,7.03514281e-04,7.74859911e-02,8.33943274e-06,-2.10210450e-05,-1.09759356e-03,-6.99659715e-03,-3.70464692e-03,-1.24724628e-04,2.24684233e-04,6.72814742e-05
6.20000000e+02,6.26598444e-01,-3.58115014e-04,6.77861354e-04,-1.21999605e-03,-6.68737289e-03,-3.65428805e-03,5.49087516e-01,-3.66177675e-04,7.01125164e-04,7.75109266e-02,8.06266121e-06,-2.32638113e-05,-1.09504037e-03,-6.93057903e-03,-3.71773384e-03,-1.24955688e-04,2.43206152e-04,6.34457882e-05
6.21000000e+02,6.26727794e-01,-3.54981683e-04,6.75160503e-04,-1.21208268e-03,-6.71444231e-03,-3.58816441e-03,5.49180951e-01,-3.63435870e-04,6.96993253e-04,7.75468408e-02,8.45418698e-06,-2.18327507e-05,-1.08749664e-03,-6.94472233e-03,-3.65659372e-03,-1.24586043e-04,2.30280042e-04,6.84293154e-05
6.22000000e+02,6.26772642e-01,-3.43191169e-04,6.69140568e-04,-1.20933687e-03,-6.68455652e-03,-3.53074168e-03,5.49201348e-01,-3.51588071e-04,6.92483644e-04,7.75712951e-02,8.39690271e-06,-2.33430756e-05,-1.08452456e-03,-6.92830842e-03,-3.59599425e-03,-1.24812310e-04,2.43751911e-04,6.52525730e-05
6.23000000e+02,6.26884513e-01,-3.43398606e-04,6.85404975e-04,-1.20134236e-03,-6.81286859e-03,-3.48902118e-03,5.49278104e-01,-3.51752646e-04,7.07056866e-04,7.76064086e-02,8.35404053e-06,-2.16518904e-05,-1.07688943e-03,-7.04369447e-03,-3.55701541e-03,-1.24452940e-04,2.30825893e-04,6.79942311e-05
6.24000000e+02,6.26924626e-01,-3.44393102e-04,6.80905014e-04,-1.19842578e-03,-6.72850193e-03,-3.50477072e-03,5.49293907e-01,-3.52478777e-04,7.04735165e-04,7.76307202e-02,8.08567433e-06,-2.38301526e-05,-1.07373598e-03,-6.97753289e-03,-3.56905684e-03,-1.24689802e-04,2.49030987e-04,6.42861158e-05
6.25000000e+02,6.27054665e-01,-3.41116821e-04,6.77450626e-04,-1.19109039e-03,-6.74810549e-03,-3.44365974e-03,5.49388544e-01,-3.49586044e-04,6.99875371e-04,7.76661243e-02,8.46922310e-06,-2.24247444e-05,-1.06677637e-03,-6.98417517e-03,-3.51284330e-03,-1.24314023e-04,2.36069720e-04,6.91835638e-05
6.26000000e+02,6.27100501e-01,-3.31269034e-04,6.73909527e-04,-1.18848845e-03,-6.73587224e-03,-3.40352438e-03,5.49410520e-01,-3.39722752e-04,6.97728412e-04,7.76899849e-02,8.45371687e-06,-2.38188870e-05,-1.06396541e-03,-6.98458152e-03,-3.46965251e-03,-1.24523042e-04,2.48709279e-04,6.61281345e-05
6.27000000e+02,6.27213364e-01,-3.31596848e-04,6.91975686e-04,-1.18036622e-03,-6.87901515e-03,-3.37545612e-03,5.49488790e-01,-3.39975945e-04,7.14091179e-04,7.77245744e-02,8.37909639e-06,-2.21154956e-05,-1.05625337e-03,-7.11456406e-03,-3.44400934e-03,-1.24112848e-04,2.35548936e-04,6.85532210e-05
6.28000000e+02,6.27254119e-01,-3.34383941e-04,6.88966323e-04,-1.17734998e-03,-6.81578601e-03,-3.41047657e-03,5.49505709e-01,-3.42514908e-04,7.13309087e-04,7.77484117e-02,8.13096661e-06,-2.43427645e-05,-1.05305012e-03,-7.06930196e-03,-3.47562665e-03,-1.24299859e-04,2.53515938e-04,6.51500784e-05
6.29000000e+02,6.27386239e-01,-3.34704270e-04,6.87496892e-04,-1.16887673e-03,-6.85025497e-03,-3.37251843e-03,5.49603147e-01,-3.43225790e-04,7.10440352e-04,7.77830891e-02,8.52152014e-06,-2.29434600e-05,-1.04499028e-03,-7.09129827e-03,-3.44263530e-03,-1.23886443e-04,2.41043284e-04,7.01168757e-05
6.30000000e+02,6.27432239e-01,-3.28469032e-04,6.83592960e-04,-1.16622326e-03,-6.83413381e-03,-3.35830286e-03,5.49626248e-01,-3.36967540e-04,7.07909650e-04,7.78059900e-02,8.49850831e-06,-2.43166907e-05,-1.04213916e-03,-7.08785089e-03,-3.42552899e-03,-1.24084107e-04,2.53717099e-04,6.72261272e-05
6.31000000e+02,6.27546712e-01,-3.30859509e-04,7.02522367e-04,-1.15896434e-03,-6.97990620e-03,-3.35022232e-03,5.49706895e-01,-3.39344945e-04,7.25229866e-04,7.78398166e-02,8.48543659e-06,-2.27074970e-05,-1.03526901e-03,-7.22098544e-03,-3.42032298e-03,-1.23695325e-04,2.41079225e-04,7.01006583e-05
6.32000000e+02,6.27587425e-01,-3.34470009e-04,7.00101474e-04,-1.15814673e-03,-6.92241717e-03,-3.39842650e-03,5.49724751e-01,-3.42763001e-04,7.24962214e-04,7.78626751e-02,8.29299211e-06,-2.48607405e-05,-1.03422522e-03,-7.18112999e-03,-3.46560625e-03,-1.23921509e-04,2.58712831e-04,6.71797441e-05
6.33000000e+02,6.27718269e-01,-3.34622901e-04,6.98993818e-04,-1.15252354e-03,-6.96234945e-03,-3.36093611e-03,5.49821672e-01,-3.43272529e-04,7.22463409e-04,7.78965966e-02,8.64962812e-06,-2.34695892e-05,-1.02898584e-03,-7.20862624e-03,-3.43299161e-03,-1.23537699e-04,2.46276793e-04,7.20554980e-05
6.34000000e+02,6.27764630e-01,-3.28025541e-04,6.96125593e-04,-1.15269627e-03,-6.95523648e-03,-3.34591979e-03,5.49845457e-01,-3.36674932e-04,7.21007858e-04,7.79191766e-02,8.64938999e-06,-2.48822641e-05,-1.02895970e-03,-7.21394240e-03,-3.41518580e-03,-1.23736571e-04,2.58705896e-04,6.92660149e-05
6.35000000e+02,6.27878637e-01,-3.31618993e-04,7.15658063e-04,-1.14682523e-03,-7.10758915e-03,-3.34226872e-03,5.49925910e-01,-3.40260031e-04,7.38901336e-04,7.79527273e-02,8.64103800e-06,-2.32432726e-05,-1.02349678e-03,-7.35336083e-03,-3.41449535e-03,-1.23328449e-04,2.45771644e-04,7.22266247e-05
6.36000000e+02,6.27918976e-01,-3.34958494e-04,7.12502719e-04,-1.14723831e-03,-7.05464780e-03,-3.38315578e-03,5.49943432e-01,-3.43411281e-04,7.37870075e-04,7.79755454e-02,8.45278650e-06,-2.53673563e-05,-1.02373730e-03,-7.31786943e-03,-3.45256148e-03,-1.23501013e-04,2.63221616e-04,6.94056958e-05
6.37000000e+02,6.28050174e-01,-3.34014160e-04,7.11134386e-04,-1.14125804e-03,-7.08945858e-03,-3.33725125e-03,5.50040873e-01,-3.42858120e-04,7.35134437e-04,7.80093019e-02,8.84396035e-06,-2.40000534e-05,-1.01818782e-03,-7.34042353e-03,-3.41197755e-03,-1.23070218e-04,2.50964981e-04,7.47262954e-05
6.38000000e+02,6.28096800e-01,-3.24843723e-04,7.07602495e-04,-1.14022028e-03,-7.07336231e-03,-3.29627184e-03,5.50065273e-01,-3.33801840e-04,7.33007884e-04,7.80315283e-02,8.95811652e-06,-2.54053891e-05,-1.01700339e-03,-7.33682320e-03,-3.36868046e-03,-1.23216887e-04,2.63460897e-04,7.24086258e-05
6.39000000e+02,6.28211732e-01,-3.25300097e-04,7.23929385e-04,-1.13303785e-03,-7.20577568e-03,-3.26539005e-03,5.50147165e-01,-3.34219218e-04,7.47752172e-04,7.80645670e-02,8.91912155e-06,-2.38227858e-05,-1.01027499e-03,-7.45680108e-03,-3.34072716e-03,-1.22762865e-04,2.51025429e-04,7.53371121e-05
6.40000000e+02,6.28253161e-01,-3.26322292e-04,7.19420367e-04,-1.13034427e-03,-7.13203789e-03,-3.28545878e-03,5.50166333e-01,-3.35017334e-04,7.45326335e-04,7.80868299e-02,8.69504170e-06,-2.59059692e-05,-1.00743004e-03,-7.40024020e-03,-3.35789812e-03,-1.22914229e-04,2.68202273e-04,7.24393411e-05
6.41000000e+02,6.28384293e-01,-3.23887917e-04,7.17516264e-04,-1.12104030e-03,-7.15449984e-03,-3.22802206e-03,5.50264272e-01,-3.33016442e-04,7.42032016e-04,7.81200204e-02,9.12852506e-06,-2.45157502e-05,-9.98562751e-04,-7.41043159e-03,-3.30567759e-03,-1.22477547e-04,2.55931719e-04,7.76555364e-05
6.42000000e+02,6.28430658e-01,-3.13155859e-04,7.11650184e-04,-1.11706524e-03,-7.12758826e-03,-3.18449604e-03,5.50288817e-01,-3.22280250e-04,7.37568099e-04,7.81418418e-02,9.12439051e-06,-2.59179132e-05,-9.94415942e-04,-7.39558126e-03,-3.25938625e-03,-1.22649299e-04,2.67992990e-04,7.48902094e-05
6.43000000e+02,6.28545800e-01,-3.11924584e-04,7.27693066e-04,-1.10766616e-03,-7.25231260e-03,-3.14102613e-03,5.50371413e-01,-3.21041184e-04,7.51992562e-04,7.81743900e-02,9.11660009e-06,-2.42994940e-05,-9.85459390e-04,-7.50780402e-03,-3.21894809e-03,-1.22206769e-04,2.55491405e-04,7.79219581e-05
6.44000000e+02,6.28588368e-01,-3.12736542e-04,7.22973546e-04,-1.10182654e-03,-7.17740761e-03,-3.15798995e-03,5.50392082e-01,-3.21630856e-04,7.49292925e-04,7.81962884e-02,8.89431389e-06,-2.63193784e-05,-9.79454114e-04,-7.44965806e-03,-3.23302578e-03,-1.22372424e-04,2.72250456e-04,7.50358207e-05
6.45000000e+02,6.28720796e-01,-3.10429338e-04,7.18623760e-04,-1.09068243e-03,-7.18912510e-03,-3.09312443e-03,5.50491679e-01,-3.19711953e-04,7.43660955e-04,7.82291136e-02,9.28261472e-06,-2.50371942e-05,-9.68758182e-04,-7.44941404e-03,-3.17307751e-03,-1.21924250e-04,2.60288928e-04,7.99530822e-05
6.46000000e+02,6.28767857e-01,-2.99108802e-04,7.12339433e-04,-1.08487037e-03,-7.15599106e-03,-3.04986573e-03,5.50517495e-01,-3.08439693e-04,7.38678229e-04,7.82503619e-02,9.33089082e-06,-2.63387957e-05,-9.62774434e-04,-7.42768854e-03,-3.12690206e-03,-1.22095935e-04,2.71697474e-04,7.70363366e-05
6.47000000e+02,6.28884144e-01,-2.98727176e-04,7.29182159e-04,-1.07311314e-03,-7.28114066e-03,-3.01848192e-03,5.50601772e-01,-3.07950041e-04,7.53817166e-04,7.82823693e-02,9.22286505e-06,-2.46350044e-05,-9.51456898e-04,-7.54005131e-03,-3.09805531e-03,-1.21656239e-04,2.58910641e-04,7.95733921e-05
6.48000000e+02,6.28928241e-01,-3.01602050e-04,7.26429816e-04,-1.06709840e-03,-7.21419872e-03,-3.04767270e-03,5.50624729e-01,-3.10569350e-04,7.53026332e-04,7.83035106e-02,8.96730000e-06,-2.65965176e-05,-9.45252523e-04,-7.48927473e-03,-3.12394539e-03,-1.21845871e-04,2.75076005e-04,7.62726920e-05
6.49000000e+02,6.29062403e-01,-3.00099518e-04,7.22877960e-04,-1.05536368e-03,-7.22681702e-03,-2.99587770e-03,5.50726843e-01,-3.09477362e-04,7.48211688e-04,7.83355578e-02,9.37784338e-06,-2.53337283e-05,-9.33940886e-04,-7.48989213e-03,-3.07722630e-03,-1.21422796e-04,2.63075101e-04,8.13485970e-05
6.50000000e+02,6.29111157e-01,-2.91196454e-04,7.16551108e-04,-1.04995074e-03,-7.19509080e-03,-2.96746316e-03,5.50755016e-01,-3.00620327e-04,7.43133342e-04,7.83561408e-02,9.42387276e-06,-2.65822337e-05,-9.28347729e-04,-7.46915308e-03,-3.04607211e-03,-1.21603010e-04,2.74062307e-04,7.86089473e-05
6.51000000e+02,6.29227949e-01,-2.93566364e-04,7.32443795e-04,-1.03891428e-03,-7.31322275e-03,-2.95189298e-03,5.50840235e-01,-3.02927761e-04,7.57348356e-04,7.83877121e-02,9.36139698e-06,-2.49045611e-05,-9.17750446e-04,-7.57458373e-03,-3.03336220e-03,-1.21163834e-04,2.61360959e-04,8.14692197e-05
6.52000000e+02,6.29272992e-01,-2.96525280e-04,7.27661597e-04,-1.03367773e-03,-7.23614033e-03,-2.98764916e-03,5.50864417e-01,-3.05685111e-04,7.54613714e-04,7.84085745e-02,9.15983041e-06,-2.69521181e-05,-9.12343185e-04,-7.51383703e-03,-3.06612843e-03,-1.21334542e-04,2.77696702e-04,7.84792693e-05
6.53000000e+02,6.29407804e-01,-2.98087209e-04,7.22739289e-04,-1.02305331e-03,-7.23654551e-03,-2.95791042e-03,5.50967410e-01,-3.07638155e-04,7.48386563e-04,7.84403941e-02,9.55094563e-06,-2.56472751e-05,-9.02162442e-04,-7.50248815e-03,-3.04141277e-03,-1.20890872e-04,2.65942662e-04,8.35023556e-05
6.54000000e+02,6.29457970e-01,-2.90602660e-04,7.15027025e-04,-1.01800038e-03,-7.19705659e-03,-2.94261843e-03,5.50997331e-01,-3.00171093e-04,7.41926692e-04,7.84606421e-02,9.56843356e-06,-2.68996688e-05,-8.96921838e-04,-7.47413832e-03,-3.02320006e-03,-1.21078539e-04,2.77081748e-04,8.05816233e-05
6.55000000e+02,6.29575178e-01,-2.93035152e-04,7.30283563e-04,-1.00783874e-03,-7.30936115e-03,-2.93565359e-03,5.51083541e-01,-3.02575665e-04,7.55534493e-04,7.84916377e-02,9.54051402e-06,-2.52509308e-05,-8.87163937e-04,-7.57370369e-03,-3.01908160e-03,-1.20674798e-04,2.64342535e-04,8.34280028e-05
6.56000000e+02,6.29620054e-01,-2.99614294e-04,7.26872864e-04,-1.00421618e-03,-7.22904881e-03,-2.99425253e-03,5.51108174e-01,-3.08908028e-04,7.54078756e-04,7.85118784e-02,9.29373430e-06,-2.72058922e-05,-8.83324038e-04,-7.50924374e-03,-3.07433535e-03,-1.20892140e-04,2.80194924e-04,8.00828161e-05
6.57000000e+02,6.29755064e-01,-3.00453960e-04,7.20543367e-04,-9.97566871e-04,-7.22601838e-03,-2.96784452e-03,5.51212218e-01,-3.10128459e-04,7.46447253e-04,7.85428456e-02,9.67449840e-06,-2.59038889e-05,-8.77064736e-04,-7.49423926e-03,-3.05295436e-03,-1.20502134e-04,2.68220904e-04,8.51098350e-05
6.58000000e+02,6.29804670e-01,-2.92425202e-04,7.13410990e-04,-9.97740789e-04,-7.18322495e-03,-2.95376763e-03,5.51242391e-01,-3.02100233e-04,7.40453367e-04,7.85622779e-02,9.67503200e-06,-2.70423794e-05,-8.77039702e-04,-7.46169319e-03,-3.03589303e-03,-1.20701088e-04,2.78468243e-04,8.21254050e-05
6.59000000e+02,6.29922069e-01,-2.97295925e-04,7.29224735e-04,-9.92985559e-04,-7.29529632e-03,-2.95281506e-03,5.51329407e-01,-3.06944477e-04,7.54618947e-04,7.85926623e-02,9.64855107e-06,-2.53942132e-05,-8.72694509e-04,-7.56098697e-03,-3.03801277e-03,-1.20291048e-04,2.65690614e-04,8.51977062e-05
6.60000000e+02,6.29966232e-01,-3.03189444e-04,7.24871580e-04,-9.94852848e-04,-7.21263233e-03,-3.00651572e-03,5.51354153e-01,-3.12663595e-04,7.52168452e-04,7.86120770e-02,9.47415115e-06,-2.72968705e-05,-8.74384360e-04,-7.49372344e-03,-3.08858595e-03,-1.20468487e-04,2.81091125e-04,8.20702278e-05
6.61000000e+02,6.30101414e-01,-3.01228224e-04,7.19365972e-04,-9.92166169e-04,-7.19765332e-03,-2.96789181e-03,5.51458784e-01,-3.11126236e-04,7.45364950e-04,7.86426283e-02,9.89801267e-06,-2.59989785e-05,-8.72132607e-04,-7.46697624e-03,-3.05508364e-03,-1.20033559e-04,2.69322900e-04,8.71918303e-05
6.62000000e+02,6.30151880e-01,-2.93705980e-04,7.11562997e-04,-9.95914918e-04,-7.14498434e-03,-2.95793206e-03,5.51490152e-01,-3.03544665e-04,7.38808676e-04,7.86617276e-02,9.83868518e-06,-2.72456792e-05,-8.75735852e-04,-7.42472546e-03,-3.04205891e-03,-1.20179065e-04,2.79741124e-04,8.41268429e-05
6.63000000e+02,6.30269037e-01,-2.97841525e-04,7.24512653e-04,-9.93758080e-04,-7.23895821e-03,-2.95437495e-03,5.51577366e-01,-3.07637296e-04,7.50130618e-04,7.86916700e-02,9.79577088e-06,-2.56179634e-05,-8.74051779e-04,-7.50614975e-03,-3.04148435e-03,-1.19706300e-04,2.67191562e-04,8.71093996e-05
6.64000000e+02,6.30314309e-01,-3.03204195e-04,7.16779105e-04,-9.96014151e-04,-7.13380781e-03,-3.00979040e-03,5.51603233e-01,-3.12795265e-04,7.44276166e-04,7.87110751e-02,9.59107072e-06,-2.74970597e-05,-8.76191314e-04,-7.41620779e-03,-3.09352943e-03,-1.19822836e-04,2.82399993e-04,8.37390307e-05
6.65000000e+02,6.30451222e-01,-3.05389901e-04,7.06753073e-04,-9.90738387e-04,-7.09963281e-03,-2.98787939e-03,5.51709856e-01,-3.15422571e-04,7.33000706e-04,7.87413650e-02,1.00326697e-05,-2.62476356e-05,-8.71400721e-04,-7.37033145e-03,-3.07702957e-03,-1.19337667e-04,2.70698661e-04,8.91501767e-05
6.66000000e+02,6.30502618e-01,-2.95601960e-04,6.96474094e-04,-9.91082591e-04,-7.03693062e-03,-2.97041557e-03,5.51742694e-01,-3.05631020e-04,7.23850749e-04,7.87599254e-02,1.00290595e-05,-2.73766566e-05,-8.71633310e-04,-7.31751016e-03,-3.05661955e-03,-1.19449278e-04,2.80579580e-04,8.62039855e-05
6.67000000e+02,6.30621075e-01,-2.97268583e-04,7.09525455e-04,-9.84097316e-04,-7.11911878e-03,-2.96030264e-03,5.51831736e-01,-3.07263318e-04,7.35256174e-04,7.87893360e-02,9.99473495e-06,-2.57307181e-05,-8.65132929e-04,-7.38714665e-03,-3.04953495e-03,-1.18964386e-04,2.68027863e-04,8.92323102e-05
6.68000000e+02,6.30667001e-01,-3.04647414e-04,7.03858884e-04,-9.80915829e-04,-7.01675601e-03,-3.02663690e-03,5.51859132e-01,-3.14368642e-04,7.31409406e-04,7.88078662e-02,9.72122843e-06,-2.75505213e-05,-8.61824422e-04,-7.29960148e-03,-3.11211689e-03,-1.19091411e-04,2.82845485e-04,8.54799937e-05
6.69000000e+02,6.30804236e-01,-3.06916670e-04,6.90800182e-04,-9.72037492e-04,-6.95733630e-03,-2.99876486e-03,5.51966934e-01,-3.17047255e-04,7.17166533e-04,7.88373033e-02,1.01305854e-05,-2.63663503e-05,-8.53429324e-04,-7.22893886e-03,-3.08957717e-03,-1.18608167e-04,2.71602589e-04,9.08123164e-05
6.70000000e+02,6.30855437e-01,-2.98028399e-04,6.78522557e-04,-9.68220667e-04,-6.86567626e-03,-2.97837390e-03,5.52000433e-01,-3.08186803e-04,7.05973735e-04,7.88550012e-02,1.01584034e-05,-2.74511779e-05,-8.49481127e-04,-7.14687023e-03,-3.06638119e-03,-1.18739540e-04,2.81193981e-04,8.80072952e-05
6.71000000e+02,6.30974035e-01,-2.97985516e-04,6.88944798e-04,-9.58763734e-04,-6.93365478e-03,-2.95347288e-03,5.52090557e-01,-3.08142221e-04,7.14750242e-04,7.88834755e-02,1.01567045e-05,-2.58054459e-05,-8.40479457e-04,-7.20191651e-03,-3.04477221e-03,-1.18284275e-04,2.68261746e-04,9.12993300e-05
6.72000000e+02,6.31019587e-01,-3.01850610e-04,6.84160266e-04,-9.55563505e-04,-6.84302841e-03,-2.99971300e-03,5.52118408e-01,-3.11750135e-04,7.11611047e-04,7.89011785e-02,9.89952527e-06,-2.74507811e-05,-8.37120482e-04,-7.12482893e-03,-3.08716183e-03,-1.18443020e-04,2.81800532e-04,8.74488295e-05
6.73000000e+02,6.31156258e-01,-3.03033278e-04,6.77180578e-04,-9.47112795e-04,-6.81967188e-03,-2.96921301e-03,5.52226416e-01,-3.13226831e-04,7.03357173e-04,7.89298414e-02,1.01935529e-05,-2.61765955e-05,-8.29145644e-04,-7.08972400e-03,-3.06125315e-03,-1.17967154e-04,2.70052100e-04,9.20401465e-05
6.74000000e+02,6.31208455e-01,-2.99124940e-04,6.69088025e-04,-9.42867312e-04,-6.77225181e-03,-2.98165112e-03,5.52261172e-01,-3.09229211e-04,6.96361761e-04,7.89472822e-02,1.01042708e-05,-2.72737370e-05,-8.24787784e-04,-7.05148791e-03,-3.06990581e-03,-1.18079532e-04,2.79236099e-04,8.82546965e-05
6.75000000e+02,6.31327399e-01,-3.02828481e-04,6.81956287e-04,-9.33233810e-04,-6.86801081e-03,-2.99552775e-03,5.52352097e-01,-3.12987825e-04,7.07660088e-04,7.89752985e-02,1.01593442e-05,-2.57038034e-05,-8.15627412e-04,-7.13507280e-03,-3.08684908e-03,-1.17606399e-04,2.67061973e-04,9.13213246e-05
6.76000000e+02,6.31374250e-01,-3.09847942e-04,6.78055381e-04,-9.30264926e-04,-6.78003532e-03,-3.07578451e-03,5.52381493e-01,-3.19711768e-04,7.05437054e-04,7.89927549e-02,9.86382589e-06,-2.73816735e-05,-8.12513495e-04,-7.06120760e-03,-3.16326585e-03,-1.17751431e-04,2.81172292e-04,8.74813489e-05
6.77000000e+02,6.31511661e-01,-3.14967441e-04,6.70353181e-04,-9.22500303e-04,-6.74715960e-03,-3.07353735e-03,5.52490104e-01,-3.25202318e-04,6.96582032e-04,7.90215567e-02,1.02348775e-05,-2.62288479e-05,-8.05187460e-04,-7.01733616e-03,-3.16647087e-03,-1.17312841e-04,2.70176583e-04,9.29335259e-05
6.78000000e+02,6.31565371e-01,-3.11117141e-04,6.59114540e-04,-9.23250590e-04,-6.67522158e-03,-3.08483719e-03,5.52526338e-01,-3.21307639e-04,6.86459080e-04,7.90390333e-02,1.01904979e-05,-2.73445396e-05,-8.05758442e-04,-6.95478409e-03,-3.17434524e-03,-1.17492150e-04,2.79562496e-04,8.95080565e-05
6.79000000e+02,6.31686443e-01,-3.16358841e-04,6.69786152e-04,-9.20776811e-04,-6.74829130e-03,-3.10748608e-03,5.52619174e-01,-3.26603051e-04,6.95536458e-04,7.90672664e-02,1.02442094e-05,-2.57503061e-05,-8.03695108e-04,-7.01561998e-03,-3.20023275e-03,-1.17081702e-04,2.67328654e-04,9.27466720e-05
6.80000000e+02,6.31734321e-01,-3.25285300e-04,6.63511865e-04,-9.26432705e-04,-6.64012092e-03,-3.20014902e-03,5.52649596e-01,-3.35255992e-04,6.90935119e-04,7.90847239e-02,9.97069187e-06,-2.74232546e-05,-8.09183961e-04,-6.92127774e-03,-3.28909185e-03,-1.17248748e-04,2.81156805e-04,8.89428323e-05
6.81000000e+02,6.31872324e-01,-3.29367211e-04,6.54212659e-04,-9.28277824e-04,-6.59573663e-03,-3.19731798e-03,5.52759199e-01,-3.39773057e-04,6.80437265e-04,7.91131258e-02,1.04058464e-05,-2.62246060e-05,-8.11487742e-04,-6.86564747e-03,-3.29195770e-03,-1.16790081e-04,2.69910808e-04,9.46397097e-05
6.82000000e+02,6.31925785e-01,-3.25508756e-04,6.42523107e-04,-9.36508189e-04,-6.52131628e-03,-3.21688552e-03,5.52795908e-01,-3.35811746e-04,6.69850766e-04,7.91298776e-02,1.03029896e-05,-2.73276584e-05,-8.19592483e-04,-6.80014958e-03,-3.30791403e-03,-1.16915707e-04,2.78833303e-04,9.10285050e-05
6.83000000e+02,6.32044818e-01,-3.30459703e-04,6.54243101e-04,-9.38999835e-04,-6.60093661e-03,-3.23507035e-03,5.52887378e-01,-3.40866925e-04,6.79926899e-04,7.91574423e-02,1.04072217e-05,-2.56837953e-05,-8.22591737e-04,-6.86727096e-03,-3.32959998e-03,-1.16408100e-04,2.66334391e-04,9.45296372e-05
6.84000000e+02,6.32092727e-01,-3.39034478e-04,6.49121560e-04,-9.47293623e-04,-6.51001229e-03,-3.32068700e-03,5.52918478e-01,-3.49125487e-04,6.76474534e-04,7.91742505e-02,1.00910094e-05,-2.73529757e-05,-8.30805408e-04,-6.79003648e-03,-3.41122601e-03,-1.16488215e-04,2.80024202e-04,9.05390078e-05
6.85000000e+02,6.32231177e-01,-3.42784647e-04,6.41145663e-04,-9.49851157e-04,-6.47598274e-03,-3.31855774e-03,5.53029146e-01,-3.53326383e-04,6.67328860e-04,7.92020327e-02,1.05417365e-05,-2.61831968e-05,-8.33907867e-04,-6.74508143e-03,-3.41472228e-03,-1.15943288e-04,2.69098663e-04,9.61645338e-05
6.86000000e+02,6.32282833e-01,-3.40116300e-04,6.33205538e-04,-9.56739090e-04,-6.41472980e-03,-3.34720514e-03,5.53064580e-01,-3.50573561e-04,6.60407897e-04,7.92182539e-02,1.04572613e-05,-2.72023572e-05,-8.40739201e-04,-6.69252998e-03,-3.43967598e-03,-1.15999891e-04,2.77800172e-04,9.24708406e-05
6.87000000e+02,6.32402025e-01,-3.45180351e-04,6.43389650e-04,-9.57532239e-04,-6.48912098e-03,-3.36420615e-03,5.53156645e-01,-3.55662483e-04,6.69042485e-04,7.92453824e-02,1.04821316e-05,-2.56528374e-05,-8.42080670e-04,-6.75482592e-03,-3.46013560e-03,-1.15451565e-04,2.65704904e-04,9.59294470e-05
6.88000000e+02,6.32449274e-01,-3.52330256e-04,6.36926142e-04,-9.63281881e-04,-6.38699304e-03,-3.44090262e-03,5.53187620e-01,-3.62528225e-04,6.64252829e-04,7.92616538e-02,1.01979687e-05,-2.73266880e-05,-8.47773630e-04,-6.66629819e-03,-3.53275758e-03,-1.15508251e-04,2.79305165e-04,9.18549611e-05
6.89000000e+02,6.32587070e-01,-3.55148996e-04,6.28236366e-04,-9.61907869e-04,-6.34085935e-03,-3.42385230e-03,5.53298281e-01,-3.65788701e-04,6.54383014e-04,7.92887858e-02,1.06397055e-05,-2.61466445e-05,-8.46956175e-04,-6.60930665e-03,-3.52148225e-03,-1.14951695e-04,2.68447306e-04,9.76299392e-05
6.90000000e+02,6.32639893e-01,-3.48778122e-04,6.16891105e-04,-9.64551481e-04,-6.27154182e-03,-3.42004981e-03,5.53335383e-01,-3.59292917e-04,6.44085599e-04,7.93045083e-02,1.05147956e-05,-2.71944937e-05,-8.49545649e-04,-6.54854545e-03,-3.51352054e-03,-1.15005830e-04,2.77003615e-04,9.34707357e-05
6.91000000e+02,6.32758864e-01,-3.49505175e-04,6.27281889e-04,-9.59817386e-04,-6.34057234e-03,-3.41529763e-03,5.53427814e-01,-3.60099942e-04,6.52878328e-04,7.93310482e-02,1.05947667e-05,-2.55964388e-05,-8.45378299e-04,-6.60557264e-03,-3.51209294e-03,-1.14439088e-04,2.65000271e-04,9.67953128e-05
6.92000000e+02,6.32806548e-01,-3.54479467e-04,6.21835850e-04,-9.59649877e-04,-6.23741516e-03,-3.47665966e-03,5.53459726e-01,-3.64642299e-04,6.49093884e-04,7.93468213e-02,1.01628317e-05,-2.72580369e-05,-8.45168060e-04,-6.51599355e-03,-3.56870482e-03,-1.14481815e-04,2.78578385e-04,9.20451583e-05
6.93000000e+02,6.32943998e-01,-3.55783413e-04,6.11344466e-04,-9.53527798e-04,-6.18454578e-03,-3.43974840e-03,5.53570648e-01,-3.66351831e-04,6.37483644e-04,7.93733492e-02,1.05684173e-05,-2.61391794e-05,-8.39589627e-04,-6.45247857e-03,-3.53732983e-03,-1.13938170e-04,2.67932814e-04,9.75814227e-05
6.94000000e+02,6.32996144e-01,-3.49038353e-04,6.00142821e-04,-9.51522616e-04,-6.11026358e-03,-3.42958603e-03,5.53607797e-01,-3.59443781e-04,6.27272976e-04,7.93883468e-02,1.04054280e-05,-2.71301532e-05,-8.37526459e-04,-6.38625304e-03,-3.52280768e-03,-1.13996153e-04,2.75989474e-04,9.32216484e-05
6.95000000e+02,6.33115406e-01,-3.50582810e-04,6.10955396e-04,-9.42862094e-04,-6.18071986e-03,-3.41491002e-03,5.53701161e-01,-3.61027805e-04,6.36470030e-04,7.94142468e-02,1.04449945e-05,-2.55146358e-05,-8.29408520e-04,-6.44454285e-03,-3.51152038e-03,-1.13453573e-04,2.63822996e-04,9.66103560e-05
6.96000000e+02,6.33163168e-01,-3.54403115e-04,6.04954469e-04,-9.38814173e-04,-6.07692909e-03,-3.46221191e-03,5.53733715e-01,-3.64530574e-04,6.32033808e-04,7.94294507e-02,1.01274584e-05,-2.70793380e-05,-8.25283594e-04,-6.35370966e-03,-3.55429589e-03,-1.13530580e-04,2.76780589e-04,9.20839791e-05
6.97000000e+02,6.33301890e-01,-3.52179410e-04,5.94572560e-04,-9.28556105e-04,-6.02387929e-03,-3.41069236e-03,5.53846220e-01,-3.62763749e-04,6.20535279e-04,7.94556689e-02,1.05843396e-05,-2.59627165e-05,-8.15541250e-04,-6.28998883e-03,-3.50850081e-03,-1.13014856e-04,2.66109494e-04,9.78084493e-05
6.98000000e+02,6.33354550e-01,-3.45551478e-04,5.83723789e-04,-9.22608951e-04,-5.94440100e-03,-3.40218333e-03,5.53884237e-01,-3.55923439e-04,6.10611528e-04,7.94703153e-02,1.03719611e-05,-2.68877401e-05,-8.09480254e-04,-6.21845448e-03,-3.49531822e-03,-1.13128696e-04,2.74053450e-04,9.31348991e-05
6.99000000e+02,6.33474870e-01,-3.47006074e-04,5.93972528e-04,-9.11642650e-04,-6.00736846e-03,-3.39358922e-03,5.53979060e-01,-3.57398857e-04,6.19264637e-04,7.94958087e-02,1.03927828e-05,-2.52921061e-05,-7.98998452e-04,-6.26939985e-03,-3.48992694e-03,-1.12644201e-04,2.62031375e-04,9.63377170e-05
7.00000000e+02,6.33522446e-01,-3.53709901e-04,5.87215138e-04,-9.07224051e-04,-5.90482177e-03,-3.46065523e-03,5.54011941e-01,-3.63685334e-04,6.14147870e-04,7.95105034e-02,9.97543338e-06,-2.69327319e-05,-7.94433140e-04,-6.17973852e-03,-3.55219344e-03,-1.12790910e-04,2.74916760e-04,9.15382056e-05
7.01000000e+02,6.33660090e-01,-3.56754052e-04,5.78366477e-04,-8.98328028e-04,-5.85917025e-03,-3.44199320e-03,5.54123816e-01,-3.67187185e-04,6.04151392e-04,7.95362750e-02,1.04331338e-05,-2.57849162e-05,-7.85987944e-04,-6.12343090e-03,-3.53920902e-03,-1.12340086e-04,2.64260606e-04,9.72158258e-05
7.02000000e+02,6.33711933e-01,-3.51511097e-04,5.67784810e-04,-8.96532599e-04,-5.78913996e-03,-3.44849167e-03,5.54161479e-01,-3.61766168e-04,5.94497861e-04,7.95504557e-02,1.02550706e-05,-2.67130523e-05,-7.84013097e-04,-6.06132145e-03,-3.54099233e-03,-1.12519504e-04,2.72181485e-04,9.25006625e-05
7.03000000e+02,6.33830884e-01,-3.53628635e-04,5.77662285e-04,-8.90166643e-04,-5.85496955e-03,-3.44412559e-03,5.54255345e-01,-3.63958674e-04,6.02846523e-04,7.95755371e-02,1.03300390e-05,-2.51842346e-05,-7.78081834e-04,-6.11530576e-03,-3.54012567e-03,-1.12084809e-04,2.60336238e-04,9.60000718e-05
7.04000000e+02,6.33877241e-01,-3.60345183e-04,5.71815961e-04,-8.90265901e-04,-5.75310829e-03,-3.51568534e-03,5.54287464e-01,-3.70214139e-04,5.98564099e-04,7.95897766e-02,9.86895551e-06,-2.67481391e-05,-7.77999422e-04,-6.02613895e-03,-3.60659904e-03,-1.12266481e-04,2.73030661e-04,9.09136960e-05
7.05000000e+02,6.34013874e-01,-3.62404452e-04,5.61297329e-04,-8.86734987e-04,-5.69480331e-03,-3.48230302e-03,5.54398879e-01,-3.72738811e-04,5.86928478e-04,7.96149934e-02,1.03343590e-05,-2.56311491e-05,-7.74906003e-04,-5.95749586e-03,-3.57910865e-03,-1.11828983e-04,2.62692525e-04,9.68056344e-05
7.06000000e+02,6.34064184e-01,-3.55654265e-04,5.49301112e-04,-8.90940302e-04,-5.60763410e-03,-3.47891558e-03,5.54435682e-01,-3.65840888e-04,5.75870508e-04,7.96285034e-02,1.01866231e-05,-2.65693959e-05,-7.78957055e-04,-5.87814133e-03,-3.57100274e-03,-1.11983245e-04,2.70507210e-04,9.20871672e-05
7.07000000e+02,6.34182151e-01,-3.56199574e-04,5.59533087e-04,-8.89240959e-04,-5.66513791e-03,-3.46781911e-03,5.54529268e-01,-3.66485154e-04,5.84554584e-04,7.96528807e-02,1.02855798e-05,-2.50214990e-05,-7.77721102e-04,-5.92398475e-03,-3.56359516e-03,-1.11519858e-04,2.58846809e-04,9.57760579e-05
7.08000000e+02,6.34227015e-01,-3.62276490e-04,5.50923772e-04,-8.93802742e-04,-5.55128986e-03,-3.53758167e-03,5.54560512e-01,-3.72116120e-04,5.77517078e-04,7.96665005e-02,9.83963061e-06,-2.65933044e-05,-7.82164924e-04,-5.82283776e-03,-3.62837090e-03,-1.11637817e-04,2.71547870e-04,9.07892253e-05
7.09000000e+02,6.34363395e-01,-3.64883887e-04,5.39461140e-04,-8.92696099e-04,-5.47609800e-03,-3.50912467e-03,5.54672340e-01,-3.75157304e-04,5.64941390e-04,7.96910540e-02,1.02734170e-05,-2.54802495e-05,-7.81563671e-04,-5.73748431e-03,-3.60568545e-03,-1.11132429e-04,2.61386321e-04,9.65607886e-05
7.10000000e+02,6.34413662e-01,-3.61018991e-04,5.27991022e-04,-8.96282712e-04,-5.38294713e-03,-3.52669614e-03,5.54709695e-01,-3.71116803e-04,5.54382750e-04,7.97039657e-02,1.00978122e-05,-2.63917285e-05,-7.85060738e-04,-5.65187168e-03,-3.61849561e-03,-1.11221975e-04,2.68924530e-04,9.17994648e-05
7.11000000e+02,6.34531022e-01,-3.63100162e-04,5.34834240e-04,-8.93893825e-04,-5.42191105e-03,-3.51668506e-03,5.54803331e-01,-3.73263164e-04,5.59768936e-04,7.97276886e-02,1.01630029e-05,-2.49346965e-05,-7.83195565e-04,-5.67947598e-03,-3.61228022e-03,-1.10698261e-04,2.57564883e-04,9.55951543e-05
7.12000000e+02,6.34575582e-01,-3.68750211e-04,5.24943888e-04,-8.97000705e-04,-5.29451667e-03,-3.57773319e-03,5.54834777e-01,-3.78558489e-04,5.51423693e-04,7.97408053e-02,9.80827756e-06,-2.64798041e-05,-7.86230716e-04,-5.56443617e-03,-3.66859525e-03,-1.10769988e-04,2.69919473e-04,9.08620584e-05
7.13000000e+02,6.34709970e-01,-3.68103916e-04,5.13795596e-04,-8.92735498e-04,-5.22102873e-03,-3.52964450e-03,5.54945267e-01,-3.78417034e-04,5.39145095e-04,7.97647053e-02,1.03131183e-05,-2.53495030e-05,-7.82496707e-04,-5.48085886e-03,-3.62650164e-03,-1.10238792e-04,2.59830142e-04,9.68571387e-05
7.14000000e+02,6.34759296e-01,-3.61141099e-04,5.02588088e-04,-8.92650888e-04,-5.12727433e-03,-3.51247649e-03,5.54982307e-01,-3.71166883e-04,5.28781972e-04,7.97769867e-02,1.00257842e-05,-2.61938858e-05,-7.82341984e-04,-5.39436491e-03,-3.60422556e-03,-1.10308907e-04,2.67090587e-04,9.17490707e-05
7.15000000e+02,6.34876742e-01,-3.59742913e-04,5.09595861e-04,-8.86059788e-04,-5.16231644e-03,-3.48624422e-03,5.55076445e-01,-3.69872066e-04,5.34381661e-04,7.98002985e-02,1.01291521e-05,-2.47858009e-05,-7.76264327e-04,-5.41825106e-03,-3.58157990e-03,-1.09795461e-04,2.55934621e-04,9.53356890e-05
7.16000000e+02,6.34920197e-01,-3.64168978e-04,5.00299778e-04,-8.84081629e-04,-5.04017387e-03,-3.53373386e-03,5.55107393e-01,-3.73828774e-04,5.26631836e-04,7.98128032e-02,9.65979611e-06,-2.63320594e-05,-7.74198144e-04,-5.30841518e-03,-3.62382806e-03,-1.09883486e-04,2.68241271e-04,9.00941938e-05
7.17000000e+02,6.35056943e-01,-3.63265895e-04,4.87121277e-04,-8.75926683e-04,-4.95776936e-03,-3.47039638e-03,5.55220276e-01,-3.73385965e-04,5.12329759e-04,7.98366666e-02,1.01200701e-05,-2.52084801e-05,-7.66552979e-04,-5.21581061e-03,-3.56632787e-03,-1.09373705e-04,2.58041258e-04,9.59314884e-05
7.18000000e+02,6.35105163e-01,-3.53574141e-04,4.74843671e-04,-8.72085660e-04,-4.85622393e-03,-3.43818207e-03,5.55256611e-01,-3.63466171e-04,5.00849006e-04,7.98485524e-02,9.89202994e-06,-2.60053338e-05,-7.62616274e-04,-5.12128645e-03,-3.52880001e-03,-1.09469382e-04,2.65062503e-04,9.06179328e-05
7.19000000e+02,6.35223263e-01,-3.52506844e-04,4.82178956e-04,-8.61393911e-04,-4.89531241e-03,-3.40953958e-03,5.55351761e-01,-3.62469054e-04,5.06685363e-04,7.98715027e-02,9.96220963e-06,-2.45064085e-05,-7.52418817e-04,-5.14876349e-03,-3.50371133e-03,-1.08975093e-04,2.53451081e-04,9.41717525e-05
7.20000000e+02,6.35267994e-01,-3.54950880e-04,4.73803773e-04,-8.56097072e-04,-4.78212469e-03,-3.44957087e-03,5.55384413e-01,-3.64458317e-04,4.99758320e-04,7.98835807e-02,9.50743778e-06,-2.59545493e-05,-7.47002277e-04,-5.04736100e-03,-3.53835665e-03,-1.09094793e-04,2.65236327e-04,8.87857873e-05
7.21000000e+02,6.35402997e-01,-3.53380900e-04,4.62766142e-04,-8.44873483e-04,-4.70970048e-03,-3.39157314e-03,5.55496272e-01,-3.63333978e-04,4.87607240e-04,7.99067251e-02,9.95307738e-06,-2.48410981e-05,-7.36249843e-04,-4.96484318e-03,-3.48607474e-03,-1.08623643e-04,2.55142686e-04,9.45016053e-05
7.22000000e+02,6.35450910e-01,-3.48430911e-04,4.51266754e-04,-8.38349900e-04,-4.62616776e-03,-3.39445892e-03,5.55532616e-01,-3.58110002e-04,4.76980946e-04,7.99182950e-02,9.67909134e-06,-2.57141934e-05,-7.29581559e-04,-4.88815792e-03,-3.48346129e-03,-1.08768343e-04,2.61990172e-04,8.90023697e-05
7.23000000e+02,6.35567130e-01,-3.50038812e-04,4.60836183e-04,-8.26503471e-04,-4.68566136e-03,-3.38707451e-03,5.55626467e-01,-3.59812076e-04,4.85063182e-04,7.99406645e-02,9.77326366e-06,-2.42269987e-05,-7.18196652e-04,-4.93635475e-03,-3.47982779e-03,-1.08306819e-04,2.50693387e-04,9.27532929e-05
7.24000000e+02,6.35612367e-01,-3.57267477e-04,4.55084157e-04,-8.18758334e-04,-4.58979367e-03,-3.46589672e-03,5.55660079e-01,-3.66586689e-04,4.80710031e-04,7.99522862e-02,9.31921188e-06,-2.56258708e-05,-7.10299504e-04,-4.85204824e-03,-3.55321427e-03,-1.08458833e-04,2.62254573e-04,8.73175473e-05
7.25000000e+02,6.35746312e-01,-3.60755856e-04,4.46608308e-04,-8.04555974e-04,-4.54203570e-03,-3.45097466e-03,5.55771339e-01,-3.70546838e-04,4.71158333e-04,7.99749743e-02,9.79098225e-06,-2.45500269e-05,-6.96556599e-04,-4.79437636e-03,-3.54430813e-03,-1.07999375e-04,2.52340664e-04,9.33334663e-05
7.26000000e+02,6.35794949e-01,-3.57320265e-04,4.36665595e-04,-7.94815702e-04,-4.47499428e-03,-3.47060988e-03,5.55808714e-01,-3.66838808e-04,4.62091420e-04,7.99862357e-02,9.51854371e-06,-2.54258243e-05,-6.86655568e-04,-4.73434145e-03,-3.55858938e-03,-1.08160136e-04,2.59347166e-04,8.79794909e-05
7.27000000e+02,6.35912267e-01,-3.60366021e-04,4.47362417e-04,-7.79685207e-04,-4.53967009e-03,-3.47382215e-03,5.55903907e-01,-3.69998119e-04,4.71270154e-04,8.00083597e-02,9.63209750e-06,-2.39077336e-05,-6.71963899e-04,-4.78779839e-03,-3.56581292e-03,-1.07721312e-04,2.48128293e-04,9.19907780e-05
7.28000000e+02,6.35954769e-01,-3.69184457e-04,4.43888130e-04,-7.70353810e-04,-4.45615243e-03,-3.55642487e-03,5.55935131e-01,-3.78363575e-04,4.69268029e-04,8.00196401e-02,9.17911763e-06,-2.53798999e-05,-6.62460237e-04,-4.71603115e-03,-3.64302023e-03,-1.07893570e-04,2.59878712e-04,8.65953617e-05
7.29000000e+02,6.36089231e-01,-3.70250429e-04,4.33110771e-04,-7.55810772e-04,-4.40094013e-03,-3.52539779e-03,5.56047352e-01,-3.79991038e-04,4.57455654e-04,8.00418777e-02,9.74060917e-06,-2.43448861e-05,-6.48342877e-04,-4.65116179e-03,-3.61840537e-03,-1.07467892e-04,2.50221652e-04,9.30075855e-05
7.30000000e+02,6.36135537e-01,-3.64126856e-04,4.21854089e-04,-7.46667303e-04,-4.32644093e-03,-3.53063872e-03,5.56082976e-01,-3.73618301e-04,4.47035242e-04,8.00525606e-02,9.49144549e-06,-2.51811538e-05,-6.39008737e-04,-4.58344607e-03,-3.61840207e-03,-1.07658563e-04,2.57005132e-04,8.77633485e-05
7.31000000e+02,6.36249420e-01,-3.65513071e-04,4.34044839e-04,-7.32808456e-04,-4.39322854e-03,-3.51763341e-03,5.56175387e-01,-3.75144262e-04,4.57708290e-04,8.00740322e-02,9.63119055e-06,-2.36634518e-05,-6.25558853e-04,-4.63922613e-03,-3.60952921e-03,-1.07249605e-04,2.45997592e-04,9.18957923e-05
7.32000000e+02,6.36290731e-01,-3.72996826e-04,4.29630318e-04,-7.26011766e-04,-4.30467692e-03,-3.59043503e-03,5.56206132e-01,-3.82091425e-04,4.54781025e-04,8.00845977e-02,9.09459800e-06,-2.51507064e-05,-6.18576370e-04,-4.56238447e-03,-3.67667667e-03,-1.07435399e-04,2.57707550e-04,8.62416416e-05
7.33000000e+02,6.36422342e-01,-3.74160464e-04,4.17364979e-04,-7.11969698e-04,-4.24221830e-03,-3.55642865e-03,5.56316171e-01,-3.83798258e-04,4.41554404e-04,8.01061704e-02,9.63779425e-06,-2.41894231e-05,-6.04957630e-04,-4.49051311e-03,-3.64899884e-03,-1.07012066e-04,2.48294812e-04,9.25701821e-05
7.34000000e+02,6.36467369e-01,-3.70008418e-04,4.07934975e-04,-7.03192690e-04,-4.17335711e-03,-3.57063072e-03,5.56351200e-01,-3.79420405e-04,4.32874409e-04,8.01161698e-02,9.41198752e-06,-2.49394358e-05,-5.96003956e-04,-4.42818414e-03,-3.65802214e-03,-1.07188733e-04,2.54827030e-04,8.73914221e-05
7.35000000e+02,6.36582219e-01,-3.72835834e-04,4.19317135e-04,-6.88482475e-04,-4.24149462e-03,-3.56898465e-03,5.56444992e-01,-3.82440749e-04,4.42761906e-04,8.01372278e-02,9.60491588e-06,-2.34447689e-05,-5.81698356e-04,-4.48527915e-03,-3.66070605e-03,-1.06784116e-04,2.43784532e-04,9.17214050e-05
7.36000000e+02,6.36622220e-01,-3.79093905e-04,4.15002254e-04,-6.78447727e-04,-4.15527607e-03,-3.64541664e-03,5.56474835e-01,-3.88196175e-04,4.39915529e-04,8.01473851e-02,9.10227054e-06,-2.49132773e-05,-5.71470254e-04,-4.41066117e-03,-3.73150771e-03,-1.06977474e-04,2.55385100e-04,8.60910696e-05
7.37000000e+02,6.36752515e-01,-3.81043153e-04,4.05109664e-04,-6.62784902e-04,-4.10519647e-03,-3.61544034e-03,5.56583737e-01,-3.90654495e-04,4.29025540e-04,8.01687758e-02,9.61134083e-06,-2.39158740e-05,-5.56214363e-04,-4.35113161e-03,-3.70813507e-03,-1.06570538e-04,2.45935131e-04,9.26947369e-05
7.38000000e+02,6.36798001e-01,-3.73666379e-04,3.94169965e-04,-6.52620635e-04,-4.03512378e-03,-3.61144671e-03,5.56619400e-01,-3.83130703e-04,4.18864840e-04,8.01786044e-02,9.46432440e-06,-2.46948736e-05,-5.45864580e-04,-4.28760801e-03,-3.69920771e-03,-1.06756059e-04,2.52484226e-04,8.77609978e-05
7.39000000e+02,6.36912934e-01,-3.72948209e-04,4.06000138e-04,-6.37449335e-04,-4.10289795e-03,-3.58246486e-03,5.56713574e-01,-3.82549741e-04,4.29224613e-04,8.01993606e-02,9.60153202e-06,-2.32244751e-05,-5.31110720e-04,-4.34443712e-03,-3.67459360e-03,-1.06338618e-04,2.41539170e-04,9.21287414e-05
7.40000000e+02,6.36952187e-01,-3.78626442e-04,4.01848530e-04,-6.27308498e-04,-4.02451252e-03,-3.63994256e-03,5.56742864e-01,-3.87723332e-04,4.26579593e-04,8.02093249e-02,9.09689000e-06,-2.47310645e-05,-5.20791019e-04,-4.27751659e-03,-3.72636131e-03,-1.06517477e-04,2.53004075e-04,8.64187589e-05
7.41000000e+02,6.37082786e-01,-3.78222687e-04,3.91978065e-04,-6.11080468e-04,-3.98522687e-03,-3.59426513e-03,5.56852471e-01,-3.87855303e-04,4.15665255e-04,8.02303137e-02,9.63261597e-06,-2.36871921e-05,-5.04996408e-04,-4.22863035e-03,-3.68697051e-03,-1.06084061e-04,2.43403484e-04,9.27053877e-05
7.42000000e+02,6.37126148e-01,-3.72335573e-04,3.82232500e-04,-6.00473105e-04,-3.92490324e-03,-3.60165294e-03,5.56886418e-01,-3.81682481e-04,4.06657817e-04,8.02397276e-02,9.34690812e-06,-2.44253162e-05,-4.94201302e-04,-4.17479008e-03,-3.68858726e-03,-1.06271802e-04,2.49886841e-04,8.69343126e-05
7.43000000e+02,6.37237996e-01,-3.74323905e-04,3.94901552e-04,-5.84628756e-04,-3.99564774e-03,-3.59360618e-03,5.56978090e-01,-3.83768085e-04,4.17836458e-04,8.02599057e-02,9.44417995e-06,-2.29349046e-05,-4.78772597e-04,-4.23470695e-03,-3.68458975e-03,-1.05856157e-04,2.39059215e-04,9.09835671e-05
7.44000000e+02,6.37278288e-01,-3.81146626e-04,3.90486747e-04,-5.73508105e-04,-3.91072198e-03,-3.66510359e-03,5.57008839e-01,-3.90098720e-04,4.14900113e-04,8.02694514e-02,8.95209271e-06,-2.44133663e-05,-4.67463753e-04,-4.16108584e-03,-3.75033422e-03,-1.06044353e-04,2.50363859e-04,8.52306337e-05
7.45000000e+02,6.37408276e-01,-3.79763249e-04,3.79949620e-04,-5.56358783e-04,-3.85997750e-03,-3.61799046e-03,5.57118380e-01,-3.89282444e-04,4.03354262e-04,8.02898948e-02,9.51919569e-06,-2.34046443e-05,-4.50711554e-04,-4.10096650e-03,-3.70982020e-03,-1.05647231e-04,2.40989002e-04,9.18297386e-05
7.46000000e+02,6.37450117e-01,-3.73589683e-04,3.70128089e-04,-5.44452418e-04,-3.79094680e-03,-3.62295683e-03,5.57151323e-01,-3.82832977e-04,3.94250145e-04,8.02987947e-02,9.24329338e-06,-2.41220555e-05,-4.38578586e-04,-4.03816462e-03,-3.70921642e-03,-1.05873832e-04,2.47217827e-04,8.62595810e-05
7.47000000e+02,6.37561949e-01,-3.75448304e-04,3.81719270e-04,-5.27421251e-04,-3.86449211e-03,-3.61490744e-03,5.57243420e-01,-3.84808713e-04,4.04384508e-04,8.03185277e-02,9.36040922e-06,-2.26652359e-05,-4.21920347e-04,-4.10077859e-03,-3.70529360e-03,-1.05500906e-04,2.36286480e-04,9.03861605e-05
7.48000000e+02,6.37598896e-01,-3.84133815e-04,3.77652771e-04,-5.15969104e-04,-3.78595432e-03,-3.70516504e-03,5.57271562e-01,-3.92984109e-04,4.01717900e-04,8.03273343e-02,8.85029348e-06,-2.40651294e-05,-4.10231550e-04,-4.03330299e-03,-3.78947972e-03,-1.05737555e-04,2.47348666e-04,8.43146835e-05
7.49000000e+02,6.37726386e-01,-3.87171920e-04,3.69074993e-04,-4.98865998e-04,-3.74398606e-03,-3.69980897e-03,5.57379165e-01,-3.96675784e-04,3.92149840e-04,8.03472214e-02,9.50386601e-06,-2.30748483e-05,-3.93493622e-04,-3.98215345e-03,-3.79108004e-03,-1.05372377e-04,2.38167391e-04,9.12710662e-05
7.50000000e+02,6.37768647e-01,-3.83716807e-04,3.60558385e-04,-4.86636010e-04,-3.69056805e-03,-3.72857487e-03,5.57412996e-01,-3.92890772e-04,3.84363212e-04,8.03556498e-02,9.17396463e-06,-2.38048274e-05,-3.81037985e-04,-3.93499025e-03,-3.81416696e-03,-1.05598028e-04,2.44422205e-04,8.55920941e-05
7.51000000e+02,6.37879604e-01,-3.88417643e-04,3.72614346e-04,-4.68210545e-04,-3.76128323e-03,-3.74097508e-03,5.57504512e-01,-3.97665520e-04,3.94971905e-04,8.03750876e-02,9.24787532e-06,-2.23575611e-05,-3.62999927e-04,-3.99510732e-03,-3.83072308e-03,-1.05210618e-04,2.33824094e-04,8.97479996e-05
7.52000000e+02,6.37915235e-01,-4.01463016e-04,3.67779344e-04,-4.53641394e-04,-3.67381764e-03,-3.86004934e-03,5.57531511e-01,-4.10251046e-04,3.91599550e-04,8.03837257e-02,8.78802929e-06,-2.38202067e-05,-3.48220365e-04,-3.91898553e-03,-3.94404618e-03,-1.05421029e-04,2.45167888e-04,8.39968396e-05
7.53000000e+02,6.38042442e-01,-4.03233879e-04,3.58693825e-04,-4.33582829e-04,-3.62711011e-03,-3.85114095e-03,5.57639010e-01,-4.12717262e-04,3.81502759e-04,8.04034315e-02,9.48338567e-06,-2.28089337e-05,-3.28549778e-04,-3.86313681e-03,-3.94233846e-03,-1.05033052e-04,2.36026699e-04,9.11975065e-05
7.54000000e+02,6.38084127e-01,-4.00341515e-04,3.47208544e-04,-4.18054410e-04,-3.55946854e-03,-3.89047669e-03,5.57672614e-01,-4.09539358e-04,3.70826098e-04,8.04115125e-02,9.19784494e-06,-2.36175536e-05,-3.12814608e-04,-3.80182263e-03,-3.97604444e-03,-1.05239802e-04,2.42354093e-04,8.55677430e-05
7.55000000e+02,6.38193453e-01,-4.06575699e-04,3.59125499e-04,-3.96549527e-04,-3.62493483e-03,-3.91422194e-03,5.57763010e-01,-4.15924441e-04,3.81272213e-04,8.04304429e-02,9.34874393e-06,-2.21467139e-05,-2.91697344e-04,-3.85653512e-03,-4.00426344e-03,-1.04852184e-04,2.31600289e-04,9.00414995e-05
7.56000000e+02,6.38228762e-01,-4.18360845e-04,3.54889532e-04,-3.80021712e-04,-3.54028100e-03,-4.02861275e-03,5.57790290e-01,-4.27181360e-04,3.78426024e-04,8.04384722e-02,8.82051198e-06,-2.35364920e-05,-2.74967273e-04,-3.78284158e-03,-4.11268708e-03,-1.05054440e-04,2.42560572e-04,8.40743359e-05
7.57000000e+02,6.38354350e-01,-4.21290670e-04,3.44494436e-04,-3.58225497e-04,-3.49144597e-03,-4.03354798e-03,5.57896792e-01,-4.30780682e-04,3.67086452e-04,8.04575614e-02,9.49001517e-06,-2.25920159e-05,-2.53555675e-04,-3.72490726e-03,-4.12468080e-03,-1.04669822e-04,2.33461287e-04,9.11328178e-05
7.58000000e+02,6.38393250e-01,-4.21617673e-04,3.35086715e-04,-3.41777314e-04,-3.42616972e-03,-4.08931015e-03,5.57928152e-01,-4.30795411e-04,3.58363231e-04,8.04650997e-02,9.17773476e-06,-2.32765157e-05,-2.36886394e-04,-3.66555414e-03,-4.17485762e-03,-1.04890920e-04,2.39384428e-04,8.55474723e-05
7.59000000e+02,6.38503662e-01,-4.28359532e-04,3.46615894e-04,-3.20250241e-04,-3.49402801e-03,-4.10877244e-03,5.58020073e-01,-4.37748928e-04,3.68432608e-04,8.04835921e-02,9.38939588e-06,-2.18167136e-05,-2.15711011e-04,-3.72281104e-03,-4.19942396e-03,-1.04539230e-04,2.28783033e-04,9.06515264e-05
7.60000000e+02,6.38538800e-01,-4.36963549e-04,3.41556628e-04,-3.04347323e-04,-3.40018016e-03,-4.20191972e-03,5.58047601e-01,-4.45972905e-04,3.64778282e-04,8.04911985e-02,9.00935520e-06,-2.32216533e-05,-1.99562174e-04,-3.63997463e-03,-4.28726429e-03,-1.04785149e-04,2.39794467e-04,8.53445722e-05
7.61000000e+02,6.38663084e-01,-4.36799540e-04,3.30692942e-04,-2.82884105e-04,-3.33215699e-03,-4.17216769e-03,5.58153243e-01,-4.46488886e-04,3.53015120e-04,8.05098410e-02,9.68934435e-06,-2.23221774e-05,-1.78435887e-04,-3.56337114e-03,-4.26499719e-03,-1.04448218e-04,2.31214157e-04,9.28294995e-05
7.62000000e+02,6.38702093e-01,-4.30665501e-04,3.15597772e-04,-2.68184053e-04,-3.23167401e-03,-4.18325782e-03,5.58185137e-01,-4.40083137e-04,3.38695086e-04,8.05169580e-02,9.41763615e-06,-2.30973135e-05,-1.63495445e-04,-3.46909088e-03,-4.27060811e-03,-1.04688608e-04,2.37416867e-04,8.73502822e-05
7.63000000e+02,6.38809797e-01,-4.32429831e-04,3.24538508e-04,-2.48198927e-04,-3.26668758e-03,-4.16538473e-03,5.58274723e-01,-4.42031458e-04,3.46149341e-04,8.05350761e-02,9.60162608e-06,-2.16108326e-05,-1.43854042e-04,-3.49344302e-03,-4.25763234e-03,-1.04344885e-04,2.26755435e-04,9.22476124e-05
7.64000000e+02,6.38843811e-01,-4.38748114e-04,3.17297504e-04,-2.34528753e-04,-3.15076797e-03,-4.23364277e-03,5.58301403e-01,-4.47853227e-04,3.40305496e-04,8.05424075e-02,9.10511380e-06,-2.30079919e-05,-1.29934804e-04,-3.38821717e-03,-4.31987582e-03,-1.04593949e-04,2.37449201e-04,8.62330473e-05
7.65000000e+02,6.38969204e-01,-4.36790028e-04,3.03623990e-04,-2.17929849e-04,-3.07730319e-03,-4.18352320e-03,5.58408345e-01,-4.46551279e-04,3.25713867e-04,8.05608563e-02,9.76125089e-06,-2.20898770e-05,-1.13662558e-04,-3.30574869e-03,-4.27680756e-03,-1.04267291e-04,2.28445503e-04,9.32843531e-05
7.66000000e+02,6.39006781e-01,-4.29728098e-04,2.89472320e-04,-2.08335361e-04,-2.98551016e-03,-4.18474847e-03,5.58439052e-01,-4.39166470e-04,3.12246962e-04,8.05677298e-02,9.43837100e-06,-2.27746417e-05,-1.03799348e-04,-3.21956359e-03,-4.27203492e-03,-1.04536012e-04,2.34053426e-04,8.72864459e-05
7.67000000e+02,6.39112941e-01,-4.31764014e-04,3.00395897e-04,-1.95173380e-04,-3.03459443e-03,-4.17387924e-03,5.58527390e-01,-4.41386310e-04,3.21631641e-04,8.05855495e-02,9.62229507e-06,-2.12357435e-05,-9.09879685e-05,-3.25777507e-03,-4.26586156e-03,-1.04185412e-04,2.23180630e-04,9.19823190e-05
7.68000000e+02,6.39145499e-01,-4.39131671e-04,2.96106133e-04,-1.88833560e-04,-2.93983905e-03,-4.24821613e-03,5.58552961e-01,-4.48225342e-04,3.18690956e-04,8.05925377e-02,9.09366914e-06,-2.25848226e-05,-8.44046988e-05,-3.17340330e-03,-4.33391702e-03,-1.04428861e-04,2.33564253e-04,8.57008848e-05
7.69000000e+02,6.39270383e-01,-4.36814276e-04,2.83656248e-04,-1.78471604e-04,-2.87207036e-03,-4.20292694e-03,5.58659778e-01,-4.46602402e-04,3.05340801e-04,8.06106049e-02,9.78812339e-06,-2.16845534e-05,-7.44333537e-05,-3.09684654e-03,-4.29603356e-03,-1.04038250e-04,2.24776171e-04,9.31066211e-05
7.70000000e+02,6.39306653e-01,-4.32195765e-04,2.72587716e-04,-1.73679498e-04,-2.79411435e-03,-4.21664301e-03,5.58689598e-01,-4.41553077e-04,2.94908835e-04,8.06170563e-02,9.35731402e-06,-2.23211196e-05,-6.94300197e-05,-3.02426401e-03,-4.30341138e-03,-1.04249478e-04,2.30149659e-04,8.67683684e-05
7.71000000e+02,6.39411128e-01,-4.34942257e-04,2.82303823e-04,-1.63361025e-04,-2.84459137e-03,-4.20926419e-03,5.58776672e-01,-4.44503793e-04,3.03189030e-04,8.06344566e-02,9.56153500e-06,-2.08852071e-05,-5.95142104e-05,-3.06409770e-03,-4.30061379e-03,-1.03846815e-04,2.19506327e-04,9.13496031e-05
7.72000000e+02,6.39442376e-01,-4.42055944e-04,2.74868010e-04,-1.59453365e-04,-2.73752458e-03,-4.29199196e-03,5.58801387e-01,-4.51143375e-04,2.97129873e-04,8.06409866e-02,9.08743268e-06,-2.22618631e-05,-5.54129278e-05,-2.96763493e-03,-4.37713106e-03,-1.04040438e-04,2.30110358e-04,8.51390957e-05
7.73000000e+02,6.39564416e-01,-4.41340069e-04,2.64101824e-04,-1.48675040e-04,-2.67551384e-03,-4.25965429e-03,5.58905781e-01,-4.51112634e-04,2.85355065e-04,8.06586351e-02,9.77256713e-06,-2.12532412e-05,-4.50467344e-05,-2.89644204e-03,-4.35213804e-03,-1.03628306e-04,2.20928197e-04,9.24837449e-05
7.74000000e+02,6.39599911e-01,-4.36647567e-04,2.51971389e-04,-1.42874192e-04,-2.59426220e-03,-4.27512162e-03,5.58935192e-01,-4.46008755e-04,2.73896825e-04,8.06647185e-02,9.36118694e-06,-2.19254368e-05,-3.90819955e-05,-2.82079816e-03,-4.36124103e-03,-1.03792197e-04,2.26535960e-04,8.61194074e-05
7.75000000e+02,6.39705188e-01,-4.38791343e-04,2.61636696e-04,-1.30498638e-04,-2.63508723e-03,-4.26640236e-03,5.59023378e-01,-4.48361057e-04,2.82157154e-04,8.06818092e-02,9.56971423e-06,-2.05204578e-05,-2.71276629e-05,-2.85128798e-03,-4.35726590e-03,-1.03370975e-04,2.16200750e-04,9.08635435e-05
7.76000000e+02,6.39734416e-01,-4.47109836e-04,2.55316842e-04,-1.22651871e-04,-2.52461158e-03,-4.35701934e-03,5.59046421e-01,-4.56149871e-04,2.77151248e-04,8.06879987e-02,9.04003743e-06,-2.18344068e-05,-1.91026991e-05,-2.75107904e-03,-4.44142009e-03,-1.03549172e-04,2.26467463e-04,8.44007501e-05
7.77000000e+02,6.39855200e-01,-4.48568553e-04,2.42072927e-04,-1.10144007e-04,-2.44200116e-03,-4.33390976e-03,5.59149842e-01,-4.58261606e-04,2.62952864e-04,8.07053559e-02,9.69305150e-06,-2.08799369e-05,-6.99292243e-06,-2.65964060e-03,-4.42558935e-03,-1.03151084e-04,2.17639437e-04,9.16795848e-05
7.78000000e+02,6.39889104e-01,-4.44638247e-04,2.28821682e-04,-1.03307488e-04,-2.34855512e-03,-4.36146950e-03,5.59177969e-01,-4.53952393e-04,2.50383260e-04,8.07111358e-02,9.31414855e-06,-2.15615778e-05,4.13086075e-08,-2.57167140e-03,-4.44681091e-03,-1.03348797e-04,2.23116278e-04,8.53414089e-05
7.79000000e+02,6.39992669e-01,-4.48674732e-04,2.37658646e-04,-9.00355628e-05,-2.38188394e-03,-4.36730717e-03,5.59264821e-01,-4.58218559e-04,2.57812391e-04,8.07278487e-02,9.54382746e-06,-2.01537450e-05,1.29028311e-05,-2.59441511e-03,-4.45735745e-03,-1.02938394e-04,2.12531170e-04,9.00502815e-05
7.80000000e+02,6.40022874e-01,-4.57677085e-04,2.29606148e-04,-8.28612370e-05,-2.26427573e-03,-4.46604881e-03,5.59289069e-01,-4.66667309e-04,2.51095921e-04,8.07338079e-02,8.99022006e-06,-2.14897735e-05,2.02504479e-05,-2.48727392e-03,-4.54949370e-03,-1.03111685e-04,2.22998197e-04,8.34448883e-05
7.81000000e+02,6.40143704e-01,-4.59378486e-04,2.15278600e-04,-6.86950232e-05,-2.17226803e-03,-4.45136877e-03,5.59392875e-01,-4.68996502e-04,2.35860082e-04,8.07508294e-02,9.61801732e-06,-2.05814821e-05,3.39926645e-05,-2.38645559e-03,-4.54202053e-03,-1.02687688e-04,2.14187561e-04,9.06517574e-05
7.82000000e+02,6.40177037e-01,-4.57454857e-04,2.01977561e-04,-6.05529842e-05,-2.06895004e-03,-4.48987931e-03,5.59420808e-01,-4.66765715e-04,2.23165846e-04,8.07562307e-02,9.31085837e-06,-2.11882853e-05,4.23041674e-05,-2.28845808e-03,-4.57441309e-03,-1.02857152e-04,2.19508040e-04,8.45337800e-05
7.83000000e+02,6.40280216e-01,-4.61634421e-04,2.09777248e-04,-4.66940217e-05,-2.10165054e-03,-4.49631792e-03,5.59507563e-01,-4.71177167e-04,2.29540956e-04,8.07726531e-02,9.54274591e-06,-1.97637084e-05,5.57417410e-05,-2.31059295e-03,-4.58569662e-03,-1.02435763e-04,2.08942403e-04,8.93787025e-05
7.84000000e+02,6.40310234e-01,-4.71747099e-04,2.02502981e-04,-3.84253170e-05,-1.98534973e-03,-4.59820102e-03,5.59532056e-01,-4.80725320e-04,2.23576464e-04,8.07781785e-02,8.97822246e-06,-2.10734824e-05,6.41816055e-05,-2.20445307e-03,-4.68096537e-03,-1.02606922e-04,2.19103341e-04,8.27643533e-05
7.85000000e+02,6.40430072e-01,-4.71981624e-04,1.88903976e-04,-2.32685049e-05,-1.89344687e-03,-4.57270451e-03,5.59635337e-01,-4.81667710e-04,2.09038972e-04,8.07947327e-02,9.68608747e-06,-2.01349961e-05,7.89297020e-05,-2.10377416e-03,-4.66297483e-03,-1.02198207e-04,2.10327285e-04,9.02703225e-05
7.86000000e+02,6.40463109e-01,-4.68410281e-04,1.74205496e-04,-1.48734912e-05,-1.78589793e-03,-4.59424902e-03,5.59663399e-01,-4.77682158e-04,1.95006007e-04,8.07997124e-02,9.27187642e-06,-2.08005112e-05,8.75181390e-05,-2.00160373e-03,-4.67798017e-03,-1.02391631e-04,2.15705800e-04,8.37311518e-05
7.87000000e+02,6.40565569e-01,-4.70318925e-04,1.81728262e-04,-1.25362212e-06,-1.81491795e-03,-4.58747823e-03,5.59749784e-01,-4.79788878e-04,2.01111437e-04,8.08157846e-02,9.46995066e-06,-1.93831752e-05,1.00758601e-04,-2.01999488e-03,-4.67586320e-03,-1.02012223e-04,2.05076926e-04,8.83849731e-05
7.88000000e+02,6.40593533e-01,-4.79016065e-04,1.74095053e-04,6.16562444e-06,-1.69379803e-03,-4.67872577e-03,5.59772534e-01,-4.87909648e-04,1.94770028e-04,8.08209996e-02,8.89358145e-06,-2.06749752e-05,1.08376242e-04,-1.90893959e-03,-4.76031441e-03,-1.02210618e-04,2.15141562e-04,8.15886387e-05
7.89000000e+02,6.40713348e-01,-4.79589638e-04,1.59096562e-04,1.85449283e-05,-1.60010788e-03,-4.63986075e-03,5.59876014e-01,-4.89153198e-04,1.78849846e-04,8.08373363e-02,9.56356152e-06,-1.97532834e-05,1.20363739e-04,-1.80639369e-03,-4.72870441e-03,-1.01818810e-04,2.06285817e-04,8.88436606e-05
7.90000000e+02,6.40746856e-01,-4.74718884e-04,1.43219553e-04,2.52747185e-05,-1.48540073e-03,-4.65352153e-03,5.59904767e-01,-4.83879552e-04,1.63596675e-04,8.08420876e-02,9.16066637e-06,-2.03771224e-05,1.27284879e-04,-1.69690152e-03,-4.73569625e-03,-1.02010160e-04,2.11500784e-04,8.21747191e-05
7.91000000e+02,6.40848250e-01,-4.76492933e-04,1.51989534e-04,3.65471228e-05,-1.51151735e-03,-4.63730574e-03,5.59990448e-01,-4.85896623e-04,1.70887409e-04,8.08578007e-02,9.40368743e-06,-1.88978752e-05,1.38146179e-04,-1.71242268e-03,-4.72439490e-03,-1.01599056e-04,2.00905331e-04,8.70891679e-05
7.92000000e+02,6.40875828e-01,-4.80540517e-04,1.43520762e-04,4.10475939e-05,-1.38700954e-03,-4.69888227e-03,5.60013152e-01,-4.89426121e-04,1.63750565e-04,8.08626772e-02,8.88560297e-06,-2.02298025e-05,1.42835683e-04,-1.59811590e-03,-4.77938931e-03,-1.01788089e-04,2.11106356e-04,8.05070322e-05
7.93000000e+02,6.40994231e-01,-4.77530726e-04,1.29462458e-04,5.01628252e-05,-1.29279117e-03,-4.64263885e-03,5.60115515e-01,-4.87043528e-04,1.48820039e-04,8.08787156e-02,9.51279980e-06,-1.93575810e-05,1.51532120e-04,-1.49509560e-03,-4.73032347e-03,-1.01369294e-04,2.02304427e-04,8.76846167e-05
7.94000000e+02,6.41026922e-01,-4.71887614e-04,1.14840758e-04,5.22716687e-05,-1.18489189e-03,-4.64028966e-03,5.60143615e-01,-4.80931859e-04,1.34800406e-04,8.08833054e-02,9.04424387e-06,-1.99596484e-05,1.53813903e-04,-1.39247298e-03,-4.72127527e-03,-1.01542235e-04,2.07581085e-04,8.09856062e-05
7.95000000e+02,6.41128507e-01,-4.71130012e-04,1.22178564e-04,5.86206457e-05,-1.21070101e-03,-4.60479638e-03,5.60229576e-01,-4.80415396e-04,1.40679066e-04,8.08989310e-02,9.28538352e-06,-1.85005027e-05,1.59723268e-04,-1.40759655e-03,-4.69044988e-03,-1.01102622e-04,1.96895540e-04,8.56534935e-05
7.96000000e+02,6.41156253e-01,-4.75085631e-04,1.14496709e-04,5.74444074e-05,-1.09128346e-03,-4.65794965e-03,5.60252607e-01,-4.83804367e-04,1.34353378e-04,8.09036446e-02,8.71873321e-06,-1.98566683e-05,1.58697159e-04,-1.29834688e-03,-4.73670744e-03,-1.01252751e-04,2.07063414e-04,7.87577827e-05
7.97000000e+02,6.41273453e-01,-4.72447637e-04,1.00443142e-04,6.11615128e-05,-9.98830378e-04,-4.59484418e-03,5.60353990e-01,-4.81776395e-04,1.19324870e-04,8.09194611e-02,9.32875669e-06,-1.88817274e-05,1.61962509e-04,-1.19670719e-03,-4.68055948e-03,-1.00800996e-04,1.97876818e-04,8.57153014e-05
7.98000000e+02,6.41304090e-01,-4.62861035e-04,8.49712525e-05,5.88721134e-05,-8.89735646e-04,-4.57029202e-03,5.60380417e-01,-4.71853321e-04,1.04420630e-04,8.09236740e-02,8.99228385e-06,-1.94493777e-05,1.59814024e-04,-1.09269427e-03,-4.64949440e-03,-1.00941910e-04,2.02958619e-04,7.92023726e-05
7.99000000e+02,6.41403581e-01,-4.59657505e-04,9.29052889e-05,6.26600693e-05,-9.20477648e-04,-4.51853852e-03,5.60464682e-01,-4.68824074e-04,1.10927926e-04,8.09389004e-02,9.16656725e-06,-1.80226371e-05,1.63131842e-04,-1.11284940e-03,-4.60216887e-03,-1.00471772e-04,1.92371759e-04,8.36303456e-05
8.00000000e+02,6.41428530e-01,-4.64805758e-04,8.53830361e-05,6.09282130e-05,-8.01053621e-04,-4.57117071e-03,5.60485316e-01,-4.73311337e-04,1.04761155e-04,8.09432152e-02,8.50557707e-06,-1.93781190e-05,1.61512740e-04,-1.00373347e-03,-4.64736942e-03,-1.00584527e-04,2.02679852e-04,7.61987166e-05
8.01000000e+02,6.41545015e-01,-4.62834982e-04,7.09556434e-05,6.53914579e-05,-7.14635170e-04,-4.51973194e-03,5.60586368e-01,-4.71935310e-04,8.93901313e-05,8.09586459e-02,9.10033047e-06,-1.84344879e-05,1.65493513e-04,-9.08255781e-04,-4.60258712e-03,-1.00102055e-04,1.93620610e-04,8.28551866e-05
8.02000000e+02,6.41573473e-01,-4.56211755e-04,5.61554294e-05,6.38365381e-05,-6.15554367e-04,-4.52100480e-03,5.60611103e-01,-4.64890093e-04,7.51736631e-05,8.09623732e-02,8.67833795e-06,-1.90182339e-05,1.64036753e-04,-8.14208490e-04,-4.59698980e-03,-1.00200215e-04,1.98654125e-04,7.59849959e-05
8.03000000e+02,6.41670486e-01,-4.57904865e-04,6.60008219e-05,6.82667242e-05,-6.62798396e-04,-4.50636017e-03,5.60693314e-01,-4.66745718e-04,8.35585476e-05,8.09771725e-02,8.84085488e-06,-1.75577257e-05,1.67976033e-04,-8.50646257e-04,-4.58683735e-03,-9.97093085e-05,1.87847861e-04,8.04771801e-05
8.04000000e+02,6.41693342e-01,-4.63671795e-04,6.16781892e-05,6.71091620e-05,-5.71212800e-04,-4.57866619e-03,5.60712205e-01,-4.71979399e-04,8.05207317e-05,8.09811372e-02,8.30760379e-06,-1.88425427e-05,1.66912243e-04,-7.68944463e-04,-4.65244962e-03,-9.98030810e-05,1.97731662e-04,7.37834338e-05
8.05000000e+02,6.41807259e-01,-4.63981518e-04,5.03439903e-05,7.27535873e-05,-5.05838765e-04,-4.54024037e-03,5.60810954e-01,-4.72922797e-04,6.82769221e-05,8.09963056e-02,8.94128062e-06,-1.79329315e-05,1.72040769e-04,-6.94639022e-04,-4.62115047e-03,-9.92871820e-05,1.88800256e-04,8.09101018e-05
8.06000000e+02,6.41834527e-01,-4.59926387e-04,3.95446971e-05,7.41208596e-05,-4.29199969e-04,-4.54989147e-03,5.60834591e-01,-4.68469897e-04,5.80545889e-05,8.09999349e-02,8.54351092e-06,-1.85098915e-05,1.73488245e-04,-6.23187540e-04,-4.62430505e-03,-9.93673849e-05,1.93987569e-04,7.44135820e-05
8.07000000e+02,6.41931140e-01,-4.60227508e-04,5.03502297e-05,8.16971002e-05,-4.89355762e-04,-4.53031704e-03,5.60916542e-01,-4.69006368e-04,6.75066765e-05,8.10146000e-02,8.77886293e-06,-1.71564468e-05,1.80554678e-04,-6.73184588e-04,-4.60937028e-03,-9.88575782e-05,1.83828826e-04,7.90532390e-05
8.08000000e+02,6.41953412e-01,-4.66887339e-04,4.26984788e-05,8.33934341e-05,-3.86533584e-04,-4.60939611e-03,5.60934986e-01,-4.75016033e-04,6.12140730e-05,8.10184285e-02,8.12869644e-06,-1.85155940e-05,1.82345509e-04,-5.80808454e-04,-4.68125185e-03,-9.89520748e-05,1.94274869e-04,7.18557379e-05
8.09000000e+02,6.42066306e-01,-4.68716273e-04,3.20275395e-05,9.12594088e-05,-3.16684059e-04,-4.57805513e-03,5.61032949e-01,-4.77465800e-04,4.95627557e-05,8.10333604e-02,8.74952808e-06,-1.75352159e-05,1.89727240e-04,-5.02002927e-04,-4.65689444e-03,-9.84678315e-05,1.85318869e-04,7.88393079e-05
8.10000000e+02,6.42093297e-01,-4.64605417e-04,2.11027361e-05,9.27649776e-05,-2.36295039e-04,-4.59925963e-03,5.61056664e-01,-4.73031594e-04,3.92314818e-05,8.10366322e-02,8.42617882e-06,-1.81287455e-05,1.91360055e-04,-4.26881666e-04,-4.67173839e-03,-9.85950770e-05,1.90586627e-04,7.24787571e-05
8.11000000e+02,6.42188572e-01,-4.65831047e-04,3.28557708e-05,9.98850564e-05,-2.93296480e-04,-4.58386261e-03,5.61137681e-01,-4.74448322e-04,4.96351815e-05,8.10508903e-02,8.61727673e-06,-1.67794109e-05,1.98020593e-04,-4.73842755e-04,-4.66109208e-03,-9.81355370e-05,1.80546276e-04,7.72294680e-05
8.12000000e+02,6.42209159e-01,-4.73028388e-04,2.64783588e-05,1.00847821e-04,-1.97200497e-04,-4.66572142e-03,5.61154965e-01,-4.81051448e-04,4.46992262e-05,8.10541940e-02,8.02305954e-06,-1.82208674e-05,1.99119948e-04,-3.88323282e-04,-4.73614726e-03,-9.82721271e-05,1.91122785e-04,7.04258412e-05
8.13000000e+02,6.42319614e-01,-4.73207998e-04,1.38021273e-05,1.07354584e-04,-1.31487350e-04,-4.62820171e-03,5.61250952e-01,-4.81860492e-04,3.11004691e-05,8.10686610e-02,8.65249705e-06,-1.72983419e-05,2.05168772e-04,-3.13958161e-04,-4.70580342e-03,-9.78141880e-05,1.82470811e-04,7.76017071e-05
8.14000000e+02,6.42344524e-01,-4.69430509e-04,3.67121281e-06,1.07162879e-04,-5.50734313e-05,-4.64699415e-03,5.61272987e-01,-4.77753756e-04,2.14996567e-05,8.10715348e-02,8.32324781e-06,-1.78284439e-05,2.05101643e-04,-2.42681497e-04,-4.71824912e-03,-9.79387642e-05,1.87608066e-04,7.12549778e-05
8.15000000e+02,6.42437383e-01,-4.70624671e-04,1.52937118e-05,1.11625092e-04,-1.24876522e-04,-4.62602473e-03,5.61351965e-01,-4.79160008e-04,3.18251433e-05,8.10854191e-02,8.53533730e-06,-1.65314316e-05,2.09094633e-04,-3.02507803e-04,-4.70217829e-03,-9.74695407e-05,1.77631281e-04,7.61535623e-05
8.16000000e+02,6.42456453e-01,-4.75646289e-04,1.10596504e-05,1.09541299e-04,-4.31767365e-05,-4.69065351e-03,5.61368044e-01,-4.83636315e-04,2.88935890e-05,8.10884115e-02,7.99002637e-06,-1.78339387e-05,2.07133606e-04,-2.31139891e-04,-4.76018727e-03,-9.75923074e-05,1.87963154e-04,6.95337656e-05
8.17000000e+02,6.42565624e-01,-4.74573296e-04,2.63348132e-06,1.11010501e-04,5.33790639e-06,-4.64837133e-03,5.61462980e-01,-4.83218122e-04,1.95395383e-05,8.11026440e-02,8.64482482e-06,-1.69060570e-05,2.08124548e-04,-1.74013598e-04,-4.72522825e-03,-9.71140470e-05,1.79351504e-04,7.68569108e-05
8.18000000e+02,6.42587900e-01,-4.69456096e-04,-6.84855856e-06,1.06548555e-04,7.11341013e-05,-4.65429650e-03,5.61482649e-01,-4.77690818e-04,1.07392960e-05,8.11052517e-02,8.23471969e-06,-1.75878546e-05,2.03762816e-04,-1.13814865e-04,-4.72465848e-03,-9.72142609e-05,1.84948966e-04,7.03619748e-05
8.19000000e+02,6.42678600e-01,-4.68271493e-04,3.89438256e-06,1.06802887e-04,3.62273566e-06,-4.62046112e-03,5.61559706e-01,-4.76824208e-04,2.01492614e-05,8.11188940e-02,8.55271805e-06,-1.62548788e-05,2.03513683e-04,-1.71441187e-04,-4.69609745e-03,-9.67107960e-05,1.75063922e-04,7.56363284e-05
8.20000000e+02,6.42696709e-01,-4.72325325e-04,4.05297354e-08,1.01468002e-04,7.63731714e-05,-4.67358589e-03,5.61574999e-01,-4.80250538e-04,1.76478563e-05,8.11217098e-02,7.92521407e-06,-1.76073266e-05,1.98279765e-04,-1.09050356e-04,-4.74227211e-03,-9.68117632e-05,1.85423527e-04,6.86862169e-05
8.21000000e+02,6.42804138e-01,-4.71276553e-04,-8.48450816e-06,1.01483398e-04,1.19494101e-04,-4.62431566e-03,5.61668437e-01,-4.79858796e-04,8.26199760e-06,8.11357003e-02,8.58224294e-06,-1.67465058e-05,1.97792616e-04,-5.77201766e-05,-4.70033006e-03,-9.63092178e-05,1.77214278e-04,7.60143982e-05
8.22000000e+02,6.42824714e-01,-4.64929852e-04,-1.86893398e-05,9.51347360e-05,1.91317557e-04,-4.62295075e-03,5.61686628e-01,-4.73112533e-04,-1.38644941e-06,8.11380839e-02,8.18268322e-06,-1.73028904e-05,1.91554528e-04,8.72457096e-06,-4.69238666e-03,-9.64197917e-05,1.82592987e-04,6.94359078e-05
8.23000000e+02,6.42915110e-01,-4.63884722e-04,-9.24994183e-06,9.37128598e-05,1.28524956e-04,-4.59003567e-03,5.61763564e-01,-4.72285262e-04,6.80041843e-06,8.11515468e-02,8.40054197e-06,-1.60503603e-05,1.89621947e-04,-4.43240098e-05,-4.66435495e-03,-9.59090868e-05,1.72848966e-04,7.43192761e-05
8.24000000e+02,6.42932068e-01,-4.69825991e-04,-1.35964089e-05,8.71625038e-05,2.12909917e-04,-4.65554716e-03,5.61777931e-01,-4.77635085e-04,3.74314169e-06,8.11541359e-02,7.80909300e-06,-1.73395506e-05,1.83174018e-04,2.96435450e-05,-4.72278048e-03,-9.60115138e-05,1.83266372e-04,6.72333137e-05
8.25000000e+02,6.43038924e-01,-4.67604520e-04,-2.54604933e-05,8.58906199e-05,2.81210135e-04,-4.60243325e-03,5.61871019e-01,-4.76093138e-04,-8.98915196e-06,8.11679030e-02,8.48862029e-06,-1.64713413e-05,1.81384590e-04,1.06176575e-04,-4.67700300e-03,-9.54939702e-05,1.75033560e-04,7.45697513e-05
8.26000000e+02,6.43059477e-01,-4.62450261e-04,-3.61021107e-05,7.93578596e-05,3.55014608e-04,-4.61328544e-03,5.61889424e-01,-4.70528233e-04,-1.89980041e-05,8.11700524e-02,8.07796891e-06,-1.71041067e-05,1.74933899e-04,1.74709036e-04,-4.68122039e-03,-9.55760386e-05,1.80305573e-04,6.79349480e-05
8.27000000e+02,6.43147955e-01,-4.62820739e-04,-2.61875245e-05,7.99185296e-05,2.94217772e-04,-4.59154601e-03,5.61964804e-01,-4.71118294e-04,-1.04512843e-05,8.11831508e-02,8.29755195e-06,-1.57362401e-05,1.74967542e-04,1.24023052e-04,-4.66450019e-03,-9.50490117e-05,1.70194720e-04,7.29541770e-05
8.28000000e+02,6.43163049e-01,-4.71641374e-04,-3.16699471e-05,7.50300071e-05,3.71570713e-04,-4.67884739e-03,5.61977696e-01,-4.79270700e-04,-1.46233613e-05,8.11853547e-02,7.62932572e-06,-1.70465858e-05,1.70147719e-04,1.91110470e-04,-4.74448760e-03,-9.51177124e-05,1.80460243e-04,6.56402184e-05
8.29000000e+02,6.43268439e-01,-4.74770233e-04,-4.08832540e-05,7.72822634e-05,4.19860606e-04,-4.66480906e-03,5.62069707e-01,-4.83064454e-04,-2.47003801e-05,8.11987336e-02,8.29421967e-06,-1.61828741e-05,1.71874632e-04,2.47750887e-04,-4.73776467e-03,-9.45923681e-05,1.72109720e-04,7.29556004e-05
8.30000000e+02,6.43286342e-01,-4.71567189e-04,-4.89393609e-05,7.40928686e-05,4.77581551e-04,-4.69109341e-03,5.62085844e-01,-4.79534913e-04,-3.22218076e-05,8.12004998e-02,7.96772635e-06,-1.67175535e-05,1.68769210e-04,3.00418486e-04,-4.75794279e-03,-9.46763417e-05,1.77163066e-04,6.68493899e-05
8.31000000e+02,6.43372284e-01,-4.72453788e-04,-3.70397730e-05,7.82700888e-05,3.98021024e-04,-4.67212852e-03,5.62158944e-01,-4.80746196e-04,-2.16073028e-05,8.12133423e-02,8.29240961e-06,-1.54324702e-05,1.72420673e-04,2.30770770e-04,-4.74456029e-03,-9.41505841e-05,1.67250253e-04,7.24317734e-05
8.32000000e+02,6.43386410e-01,-4.80619211e-04,-4.05183464e-05,7.80387580e-05,4.58677519e-04,-4.75634816e-03,5.62171078e-01,-4.88290634e-04,-2.37789762e-05,8.12153298e-02,7.67142640e-06,-1.67393702e-05,1.72262604e-04,2.81273017e-04,-4.82177554e-03,-9.42238457e-05,1.77404502e-04,6.54273789e-05
8.33000000e+02,6.43490119e-01,-4.81012856e-04,-4.73238039e-05,8.49094534e-05,4.79327596e-04,-4.72988637e-03,5.62261668e-01,-4.89409206e-04,-3.14686379e-05,8.12284504e-02,8.39635004e-06,-1.58551662e-05,1.78609890e-04,3.10134005e-04,-4.80295575e-03,-9.37004369e-05,1.69193591e-04,7.30693790e-05
8.34000000e+02,6.43506874e-01,-4.78300307e-04,-5.33402814e-05,8.59817182e-05,5.14803585e-04,-4.75678052e-03,5.62276829e-01,-4.86245774e-04,-3.68879040e-05,8.12300447e-02,7.94546388e-06,-1.64523774e-05,1.79770287e-04,3.40211358e-04,-4.82328353e-03,-9.37885693e-05,1.74592228e-04,6.65030055e-05
8.35000000e+02,6.43592839e-01,-4.81194375e-04,-3.97127909e-05,9.17891282e-05,4.23523857e-04,-4.74494169e-03,5.62350069e-01,-4.89394959e-04,-2.45439701e-05,8.12427716e-02,8.20058123e-06,-1.51688209e-05,1.85073044e-04,2.58623956e-04,-4.81672576e-03,-9.32839154e-05,1.64899901e-04,7.17840753e-05
8.36000000e+02,6.43606300e-01,-4.90185797e-04,-4.10766144e-05,9.22191652e-05,4.73268440e-04,-4.83552838e-03,5.62361728e-01,-4.97810185e-04,-2.45139040e-05,8.12445720e-02,7.62438915e-06,-1.65627103e-05,1.85606297e-04,2.97633712e-04,-4.90044762e-03,-9.33871317e-05,1.75634728e-04,6.49192261e-05
8.37000000e+02,6.43708655e-01,-4.88694067e-04,-4.86257009e-05,9.88120500e-05,5.01143252e-04,-4.79156710e-03,5.62451120e-01,-4.97090424e-04,-3.29406620e-05,8.12575351e-02,8.39635689e-06,-1.56850388e-05,1.91703271e-04,3.33541020e-04,-4.86450164e-03,-9.28912208e-05,1.67602234e-04,7.29345410e-05
8.38000000e+02,6.43725403e-01,-4.82566941e-04,-5.49439772e-05,9.82575286e-05,5.36194281e-04,-4.79888567e-03,5.62466476e-01,-4.90555349e-04,-3.86173068e-05,8.12589270e-02,7.98840670e-06,-1.63266704e-05,1.91255177e-04,3.63115940e-04,-4.86546956e-03,-9.29976481e-05,1.73078340e-04,6.65839077e-05
8.39000000e+02,6.43811014e-01,-4.84020265e-04,-4.20151028e-05,1.03784429e-04,4.37843283e-04,-4.76858919e-03,5.62539641e-01,-4.92252260e-04,-2.69150693e-05,8.12713719e-02,8.23199232e-06,-1.51000334e-05,1.96304694e-04,2.74225026e-04,-4.84068540e-03,-9.25202645e-05,1.63618257e-04,7.20962095e-05
8.40000000e+02,6.43822183e-01,-4.89589197e-04,-4.15984691e-05,1.02484199e-04,4.76200026e-04,-4.82776862e-03,5.62549247e-01,-4.97272244e-04,-2.52433851e-05,8.12729354e-02,7.68304582e-06,-1.63550841e-05,1.95139676e-04,3.02135841e-04,-4.89319382e-03,-9.26554770e-05,1.74064185e-04,6.54252096e-05
8.41000000e+02,6.43923134e-01,-4.84970101e-04,-4.66270583e-05,1.06794091e-04,4.84027578e-04,-4.76411973e-03,5.62637437e-01,-4.93444068e-04,-3.11202636e-05,8.12856965e-02,8.47396831e-06,-1.55067945e-05,1.99008311e-04,3.18053625e-04,-4.83747526e-03,-9.22142206e-05,1.65973952e-04,7.33555252e-05
8.42000000e+02,6.43937785e-01,-4.78445020e-04,-5.15640457e-05,1.04128364e-04,5.06619748e-04,-4.76040285e-03,5.62650901e-01,-4.86442104e-04,-3.53412262e-05,8.12868819e-02,7.99708645e-06,-1.62228194e-05,1.96489084e-04,3.34834613e-04,-4.82709571e-03,-9.23607204e-05,1.71785133e-04,6.66928559e-05
8.43000000e+02,6.44021618e-01,-4.77038302e-04,-3.74822396e-05,1.06682987e-04,4.01885094e-04,-4.71314256e-03,5.62722495e-01,-4.85322481e-04,-2.25739128e-05,8.12991240e-02,8.28418086e-06,-1.49083268e-05,1.98601484e-04,2.39521734e-04,-4.78528504e-03,-9.19184968e-05,1.62363360e-04,7.21424872e-05
8.44000000e+02,6.44031993e-01,-4.82770495e-04,-3.79431464e-05,1.01017263e-04,4.39107667e-04,-4.77028534e-03,5.62731478e-01,-4.90465151e-04,-2.17107116e-05,8.13005152e-02,7.69465742e-06,-1.62324349e-05,1.93079644e-04,2.65977132e-04,-4.83553048e-03,-9.20623808e-05,1.73130535e-04,6.52451414e-05
8.45000000e+02,6.44129972e-01,-4.78305835e-04,-4.13094735e-05,1.00599284e-04,4.39950386e-04,-4.70428165e-03,5.62817019e-01,-4.86757864e-04,-2.58617808e-05,8.13129554e-02,8.45203154e-06,-1.54476927e-05,1.92214620e-04,2.74712436e-04,-4.77735622e-03,-9.16153366e-05,1.65237950e-04,7.30745682e-05
8.46000000e+02,6.44141569e-01,-4.69663001e-04,-4.59428026e-05,9.39509797e-05,4.51006753e-04,-4.69026864e-03,5.62827780e-01,-4.77703765e-04,-2.98273868e-05,8.13137879e-02,8.04076369e-06,-1.61154157e-05,1.85697450e-04,2.80123908e-04,-4.75673286e-03,-9.17464696e-05,1.70882845e-04,6.64642168e-05
8.47000000e+02,6.44222799e-01,-4.66526412e-04,-3.01693687e-05,9.19217424e-05,3.36066618e-04,-4.63391787e-03,5.62897067e-01,-4.74797963e-04,-1.53260206e-05,8.13257290e-02,8.27155081e-06,-1.48433481e-05,1.83194580e-04,1.74561288e-04,-4.70573376e-03,-9.12728378e-05,1.61505330e-04,7.18158935e-05
8.48000000e+02,6.44230623e-01,-4.72638463e-04,-2.95199942e-05,8.53573102e-05,3.63361827e-04,-4.68799520e-03,5.62903813e-01,-4.80239291e-04,-1.33911981e-05,8.13268101e-02,7.60082796e-06,-1.61287961e-05,1.76751338e-04,1.91021087e-04,-4.75236289e-03,-9.13940274e-05,1.72340740e-04,6.43676882e-05
8.49000000e+02,6.44327675e-01,-4.69679900e-04,-3.39545736e-05,8.48443742e-05,3.64930217e-04,-4.62630178e-03,5.62988716e-01,-4.77986854e-04,-1.85975735e-05,8.13389593e-02,8.30695472e-06,-1.53570000e-05,1.75742475e-04,2.00295636e-04,-4.69828229e-03,-9.08981000e-05,1.64634582e-04,7.19805150e-05
8.50000000e+02,6.44339055e-01,-4.61371032e-04,-4.07280004e-05,7.97736725e-05,3.85789948e-04,-4.61677103e-03,5.62999375e-01,-4.69260245e-04,-2.46035595e-05,8.13396786e-02,7.88921517e-06,-1.61244410e-05,1.70762248e-04,2.15199831e-04,-4.68206054e-03,-9.09885754e-05,1.70590118e-04,6.52895016e-05
8.51000000e+02,6.44419717e-01,-4.61868273e-04,-2.09229318e-05,8.11952886e-05,2.55091498e-04,-4.57989974e-03,5.63068277e-01,-4.70022858e-04,-6.19658905e-06,8.13514418e-02,8.15458526e-06,-1.47263427e-05,1.71667549e-04,9.42966263e-05,-4.65056426e-03,-9.04722602e-05,1.60794872e-04,7.06645131e-05
8.52000000e+02,6.44427171e-01,-4.68018426e-04,-2.11638600e-05,7.80421411e-05,2.90101542e-04,-4.65028683e-03,5.63074689e-01,-4.75564027e-04,-5.07995329e-06,8.13524825e-02,7.54559810e-06,-1.60839067e-05,1.68621125e-04,1.18340308e-04,-4.71352032e-03,-9.05789841e-05,1.71761234e-04,6.32334919e-05
8.53000000e+02,6.44524453e-01,-4.66084780e-04,-2.41859045e-05,8.00576066e-05,2.82529076e-04,-4.60607535e-03,5.63159883e-01,-4.74334514e-04,-8.91069116e-06,8.13645667e-02,8.24973444e-06,-1.52752134e-05,1.70144859e-04,1.18711069e-04,-4.67693357e-03,-9.00872519e-05,1.63818008e-04,7.08582227e-05
8.54000000e+02,6.44535315e-01,-4.63876486e-04,-3.13362169e-05,7.60556986e-05,3.11121326e-04,-4.63533325e-03,5.63170127e-01,-4.71632497e-04,-1.53303539e-05,8.13651891e-02,7.75600839e-06,-1.60058630e-05,1.66254613e-04,1.41135766e-04,-4.69939416e-03,-9.01989146e-05,1.69985560e-04,6.40608983e-05
8.55000000e+02,6.44614386e-01,-4.65301797e-04,-1.36900666e-05,7.83884122e-05,1.96252873e-04,-4.61552986e-03,5.63237714e-01,-4.73337609e-04,9.56964595e-07,8.13766754e-02,8.03581128e-06,-1.46470312e-05,1.68093616e-04,3.57963470e-05,-4.68510571e-03,-8.97052043e-05,1.60456526e-04,6.95758523e-05
8.56000000e+02,6.44621101e-01,-4.75998793e-04,-1.61217983e-05,7.48605936e-05,2.43747432e-04,-4.71744929e-03,5.63243607e-01,-4.83438063e-04,-4.37816640e-08,8.13774931e-02,7.43926957e-06,-1.60780166e-05,1.64678077e-04,7.22719959e-05,-4.77980877e-03,-8.98174836e-05,1.71475437e-04,6.23594850e-05
8.57000000e+02,6.44715726e-01,-4.74714998e-04,-1.89415110e-05,7.76701719e-05,2.42145984e-04,-4.68319075e-03,5.63326480e-01,-4.82956430e-04,-3.74281177e-06,8.13892478e-02,8.24143474e-06,-1.51986993e-05,1.67013296e-04,7.88432026e-05,-4.75377206e-03,-8.93431243e-05,1.63302782e-04,7.05813034e-05
8.58000000e+02,6.44723888e-01,-4.72073079e-04,-2.87794432e-05,7.45782118e-05,2.74212358e-04,-4.71229100e-03,5.63334291e-01,-4.79833353e-04,-1.28011688e-05,8.13895976e-02,7.76027470e-06,-1.59782744e-05,1.64051114e-04,1.04815843e-04,-4.77610986e-03,-8.94729024e-05,1.69396515e-04,6.38188564e-05
8.59000000e+02,6.44802018e-01,-4.72810381e-04,-7.98902211e-06,7.66969222e-05,1.48881806e-04,-4.69398448e-03,5.63401069e-01,-4.80862435e-04,6.56169741e-06,8.14009449e-02,8.05205476e-06,-1.45507195e-05,1.65692673e-04,-1.08238355e-05,-4.76351081e-03,-8.89957508e-05,1.59705642e-04,6.95263302e-05
8.60000000e+02,6.44806130e-01,-4.85187214e-04,-9.31693657e-06,7.41415300e-05,1.94937525e-04,-4.79551605e-03,5.63404637e-01,-4.92561438e-04,6.75293471e-06,8.14014915e-02,7.37422467e-06,-1.60698713e-05,1.63263355e-04,2.38140976e-05,-4.85769945e-03,-8.91218253e-05,1.71123427e-04,6.21833967e-05
8.61000000e+02,6.44899354e-01,-4.81843503e-04,-1.62671135e-05,7.70181103e-05,2.06253177e-04,-4.75061812e-03,5.63486217e-01,-4.90085103e-04,-9.90046370e-07,8.14131346e-02,8.24159942e-06,-1.52770671e-05,1.65685937e-04,4.30186823e-05,-4.82116995e-03,-8.86678271e-05,1.63234495e-04,7.05518311e-05
8.62000000e+02,6.44906287e-01,-4.79644025e-04,-2.67463033e-05,7.39723466e-05,2.44649794e-04,-4.77287061e-03,5.63493010e-01,-4.87324341e-04,-1.07890220e-05,8.14132766e-02,7.68031643e-06,-1.59572812e-05,1.62784030e-04,7.55244902e-05,-4.83665687e-03,-8.88116839e-05,1.69125304e-04,6.37862714e-05
8.63000000e+02,6.44983020e-01,-4.79122664e-04,-5.87532789e-06,7.65189879e-05,1.16438668e-04,-4.73922791e-03,5.63558566e-01,-4.87213700e-04,8.57779736e-06,8.14244535e-02,8.09103507e-06,-1.44531253e-05,1.64884564e-04,-4.26721442e-05,-4.80907662e-03,-8.83655758e-05,1.59110812e-04,6.98487111e-05
8.64000000e+02,6.44986389e-01,-4.88696362e-04,-6.15947393e-06,7.21967594e-05,1.55761649e-04,-4.82324230e-03,5.63561550e-01,-4.96156154e-04,9.79978357e-06,8.14248402e-02,7.45979403e-06,-1.59592575e-05,1.60714324e-04,-1.46648198e-05,-4.88578670e-03,-8.85175644e-05,1.70426469e-04,6.25444044e-05
8.65000000e+02,6.45078271e-01,-4.83790599e-04,-1.09379903e-05,7.26256192e-05,1.60742893e-04,-4.76742272e-03,5.63642018e-01,-4.92085177e-04,4.20189324e-06,8.14362514e-02,8.29457852e-06,-1.51398835e-05,1.60702183e-04,-1.65967565e-06,-4.83832683e-03,-8.80765633e-05,1.62402568e-04,7.09041118e-05
8.66000000e+02,6.45083500e-01,-4.81445925e-04,-2.21350933e-05,6.72704680e-05,2.03277690e-04,-4.78413369e-03,5.63647359e-01,-4.89187518e-04,-6.21669674e-06,8.14361425e-02,7.74159228e-06,-1.59183965e-05,1.55505403e-04,3.46006674e-05,-4.84817033e-03,-8.82349350e-05,1.68677023e-04,6.40366400e-05
8.67000000e+02,6.45157724e-01,-4.78228441e-04,-3.25028809e-06,6.68064088e-05,8.82779598e-05,-4.73645283e-03,5.63710745e-01,-4.86370965e-04,1.12249609e-05,8.14469790e-02,8.14252293e-06,-1.44752490e-05,1.54602676e-04,-7.05932745e-05,-4.80659821e-03,-8.77962667e-05,1.58871235e-04,7.01453885e-05
8.68000000e+02,6.45158696e-01,-4.87197960e-04,-6.87928048e-06,5.93909583e-05,1.46757163e-04,-4.81305314e-03,5.63711608e-01,-4.94636603e-04,9.08546358e-06,8.14470876e-02,7.43864626e-06,-1.59647441e-05,1.47336895e-04,-2.33140725e-05,-4.87559944e-03,-8.79459367e-05,1.70071235e-04,6.25463038e-05
8.69000000e+02,6.45248676e-01,-4.81669729e-04,-1.18647919e-05,5.74046082e-05,1.50019071e-04,-4.74437133e-03,5.63790419e-01,-4.89947820e-04,3.28577837e-06,8.14582568e-02,8.27809208e-06,-1.51505702e-05,1.44912682e-04,-1.18786503e-05,-4.81531835e-03,-8.75080737e-05,1.61897721e-04,7.09470257e-05
8.70000000e+02,6.45252524e-01,-4.78407183e-04,-2.14353374e-05,4.86399983e-05,1.92082568e-04,-4.74884794e-03,5.63794632e-01,-4.86094552e-04,-5.67388609e-06,8.14578899e-02,7.68736912e-06,-1.57614513e-05,1.36301472e-04,2.42169105e-05,-4.81252777e-03,-8.76614730e-05,1.67865658e-04,6.36798373e-05
8.71000000e+02,6.45325390e-01,-4.71989004e-04,-1.92667549e-06,4.50096456e-05,7.45733576e-05,-4.68569254e-03,5.63856831e-01,-4.80117613e-04,1.24539119e-05,8.14685592e-02,8.12861054e-06,-1.43805874e-05,1.32220986e-04,-8.34886533e-05,-4.75556733e-03,-8.72113403e-05,1.58062011e-04,6.98747934e-05
8.72000000e+02,6.45324024e-01,-4.79873988e-04,-4.51649762e-06,3.51455838e-05,1.24982367e-04,-4.74838340e-03,5.63855641e-01,-4.87254953e-04,1.13381272e-05,8.14683868e-02,7.38096272e-06,-1.58546249e-05,1.22496884e-04,-4.41913310e-05,-4.81045008e-03,-8.73513005e-05,1.69173698e-04,6.20666804e-05
8.73000000e+02,6.45412063e-01,-4.72186618e-04,-9.33159353e-06,3.06899078e-05,1.35474641e-04,-4.65715653e-03,5.63932650e-01,-4.80397107e-04,5.63171636e-06,8.14794109e-02,8.21048702e-06,-1.49633099e-05,1.17570516e-04,-2.55875436e-05,-4.72752290e-03,-8.68806088e-05,1.61062185e-04,7.03663675e-05
8.74000000e+02,6.45414845e-01,-4.68057100e-04,-2.02539889e-05,2.14317974e-05,1.79663368e-04,-4.65367168e-03,5.63935945e-01,-4.75654369e-04,-4.50902897e-06,8.14789024e-02,7.59727000e-06,-1.57449600e-05,1.08430980e-04,1.24356856e-05,-4.71658041e-03,-8.69991827e-05,1.67227682e-04,6.29087286e-05
8.75000000e+02,6.45486871e-01,-4.61959716e-04,5.47521270e-07,1.93963950e-05,5.26880050e-05,-4.58768266e-03,5.63997487e-01,-4.69955313e-04,1.48564263e-05,8.14893846e-02,7.99560061e-06,-1.43089050e-05,1.05895080e-04,-1.04559118e-04,-4.65639908e-03,-8.64986846e-05,1.57247124e-04,6.87164133e-05
8.76000000e+02,6.45484564e-01,-4.68686866e-04,-2.67293260e-06,1.26162373e-05,9.39340241e-05,-4.64526264e-03,5.63995503e-01,-4.75911490e-04,1.31323204e-05,8.14890609e-02,7.22462498e-06,-1.58052530e-05,9.92199111e-05,-7.45408265e-05,-4.70596067e-03,-8.66036739e-05,1.68474851e-04,6.06980260e-05
8.77000000e+02,6.45571260e-01,-4.62004299e-04,-5.52636980e-06,1.33074608e-05,8.60486434e-05,-4.56670351e-03,5.64071399e-01,-4.70082956e-04,9.39464202e-06,8.14998586e-02,8.07865638e-06,-1.49210119e-05,9.94187141e-05,-7.41756221e-05,-4.63571230e-03,-8.61112532e-05,1.60224265e-04,6.90087846e-05
8.78000000e+02,6.45572256e-01,-4.58999134e-04,-1.24185192e-05,8.76731761e-06,1.10685919e-04,-4.57123620e-03,5.64073088e-01,-4.66465827e-04,3.15335966e-06,8.14991677e-02,7.46669298e-06,-1.55718788e-05,9.49832284e-05,-5.54793098e-05,-4.63259144e-03,-8.62159108e-05,1.66165229e-04,6.13552424e-05
8.79000000e+02,6.45642827e-01,-4.53346004e-04,8.60291975e-06,1.19552967e-05,-2.89013598e-05,-4.51040706e-03,5.64133314e-01,-4.61222273e-04,2.28259129e-05,8.15095129e-02,7.87626806e-06,-1.42229931e-05,9.76763593e-05,-1.85381454e-04,-4.57768923e-03,-8.57210625e-05,1.56480094e-04,6.72821638e-05
8.80000000e+02,6.45640002e-01,-4.62876173e-04,7.10003474e-06,9.85255059e-06,2.86176550e-06,-4.59022786e-03,5.64130988e-01,-4.69940542e-04,2.27949166e-05,8.15090149e-02,7.06436807e-06,-1.56948819e-05,9.56904644e-05,-1.64730976e-04,-4.64940403e-03,-8.58379135e-05,1.67592742e-04,5.91761688e-05
8.81000000e+02,6.45725656e-01,-4.57881496e-04,6.58475492e-06,1.56112512e-05,-1.84928849e-05,-4.52851674e-03,5.64206037e-01,-4.65813428e-04,2.13485227e-05,8.15196184e-02,7.93193286e-06,-1.47637678e-05,1.00990364e-04,-1.77992595e-04,-4.59603299e-03,-8.53791131e-05,1.59499710e-04,6.75162455e-05
8.82000000e+02,6.45725415e-01,-4.56142048e-04,-5.78313067e-07,1.57527200e-05,7.36516142e-07,-4.54359288e-03,5.64206675e-01,-4.63452571e-04,1.49837197e-05,8.15187435e-02,7.31052237e-06,-1.55620328e-05,1.01272599e-04,-1.65001024e-04,-4.60362540e-03,-8.55198790e-05,1.65737540e-04,6.00325243e-05
8.83000000e+02,6.45794445e-01,-4.51547504e-04,2.09314102e-05,2.16817489e-05,-1.39929576e-04,-4.49472459e-03,5.64265567e-01,-4.59320765e-04,3.51477529e-05,8.15288806e-02,7.77325983e-06,-1.42163428e-05,1.06758081e-04,-2.96109981e-04,-4.56089047e-03,-8.50763323e-05,1.56180405e-04,6.61658850e-05
8.84000000e+02,6.45789294e-01,-4.62525030e-04,1.96287690e-05,2.20107631e-05,-1.11686596e-04,-4.58350571e-03,5.64261104e-01,-4.69449607e-04,3.53201063e-05,8.15281908e-02,6.92457404e-06,-1.56913373e-05,1.07242219e-04,-2.79101507e-04,-4.64153684e-03,-8.52314560e-05,1.67414910e-04,5.80311234e-05
8.85000000e+02,6.45874135e-01,-4.58305229e-04,1.78358817e-05,2.83720402e-05,-1.35592271e-04,-4.52882729e-03,5.64335445e-01,-4.66088911e-04,3.26394533e-05,8.15386877e-02,7.78368312e-06,-1.48035716e-05,1.13176669e-04,-2.94841010e-04,-4.59530506e-03,-8.48046285e-05,1.59248739e-04,6.64777756e-05
8.86000000e+02,6.45873345e-01,-4.59553334e-04,1.16089121e-05,2.83420020e-05,-1.23656277e-04,-4.56494440e-03,5.64335702e-01,-4.66748333e-04,2.71469538e-05,8.15376409e-02,7.19499730e-06,-1.55380417e-05,1.13322789e-04,-2.89208869e-04,-4.62400423e-03,-8.49807863e-05,1.65552591e-04,5.90598304e-05
8.87000000e+02,6.45941532e-01,-4.56754598e-04,3.42655485e-05,3.45427091e-05,-2.60935674e-04,-4.52985153e-03,5.64393898e-01,-4.64386324e-04,4.84192203e-05,8.15476355e-02,7.63172494e-06,-1.41536716e-05,1.19107801e-04,-4.16928066e-04,-4.59517753e-03,-8.45650920e-05,1.55992391e-04,6.53259950e-05
8.88000000e+02,6.45935377e-01,-4.67854545e-04,3.26124745e-05,3.37038537e-05,-2.25719679e-04,-4.62238671e-03,5.64388537e-01,-4.74739316e-04,4.82782139e-05,8.15468404e-02,6.88477353e-06,-1.56657395e-05,1.18458924e-04,-3.93200350e-04,-4.67988059e-03,-8.47550703e-05,1.67480671e-04,5.74938805e-05
8.89000000e+02,6.46019805e-01,-4.63030067e-04,2.95544064e-05,3.72660439e-05,-2.30902731e-04,-4.56706994e-03,5.64462554e-01,-4.70829455e-04,4.43890316e-05,8.15572501e-02,7.79938755e-06,-1.48346252e-05,1.21628934e-04,-3.90566398e-04,-4.63321558e-03,-8.43628897e-05,1.59663667e-04,6.61456445e-05
8.90000000e+02,6.46018778e-01,-4.62497790e-04,2.08415841e-05,3.42849049e-05,-1.93158380e-04,-4.59637494e-03,5.64462675e-01,-4.69654671e-04,3.64164221e-05,8.15561021e-02,7.15688400e-06,-1.55748380e-05,1.18841838e-04,-3.59092940e-04,-4.65513371e-03,-8.45569334e-05,1.65934559e-04,5.87587705e-05
8.91000000e+02,6.46086319e-01,-4.59912471e-04,4.03523251e-05,3.61743053e-05,-3.13166060e-04,-4.55842191e-03,5.64520303e-01,-4.67574059e-04,5.45588748e-05,8.15660155e-02,7.66158507e-06,-1.42065497e-05,1.20323718e-04,-4.69605898e-04,-4.62360499e-03,-8.41494132e-05,1.56439839e-04,6.51830845e-05
8.92000000e+02,6.46079845e-01,-4.69517700e-04,3.53172835e-05,3.17688893e-05,-2.49912673e-04,-4.64134290e-03,5.64514790e-01,-4.76363031e-04,5.10322297e-05,8.15650561e-02,6.84533082e-06,-1.57149463e-05,1.16104785e-04,-4.17701125e-04,-4.69867029e-03,-8.43358961e-05,1.67788452e-04,5.73273999e-05
8.93000000e+02,6.46161791e-01,-4.63626516e-04,3.02747828e-05,3.30869009e-05,-2.41775070e-04,-4.57615594e-03,5.64586559e-01,-4.71396598e-04,4.51654170e-05,8.15752341e-02,7.77008386e-06,-1.48906342e-05,1.17019221e-04,-4.01679788e-04,-4.64221307e-03,-8.39323197e-05,1.59904718e-04,6.60571216e-05
8.94000000e+02,6.46158667e-01,-4.61663026e-04,1.90656090e-05,2.77553340e-05,-1.89562576e-04,-4.59044847e-03,5.64584739e-01,-4.68845288e-04,3.46364612e-05,8.15739292e-02,7.18226244e-06,-1.55708522e-05,1.11875597e-04,-3.55479810e-04,-4.64915058e-03,-8.41202633e-05,1.65917234e-04,5.87021091e-05
8.95000000e+02,6.46224340e-01,-4.56508814e-04,3.82835919e-05,2.70742454e-05,-3.05586413e-04,-4.53597771e-03,5.64640721e-01,-4.64147429e-04,5.24744827e-05,8.15836193e-02,7.63861704e-06,-1.41908909e-05,1.10782709e-04,-4.61873818e-04,-4.60092937e-03,-8.37084638e-05,1.56287405e-04,6.49516585e-05
8.96000000e+02,6.46216023e-01,-4.66525031e-04,3.38708578e-05,2.09748114e-05,-2.43811039e-04,-4.61929167e-03,5.64633512e-01,-4.73349704e-04,4.95619235e-05,8.15825141e-02,6.82467136e-06,-1.56910658e-05,1.04866118e-04,-4.11335604e-04,-4.67618725e-03,-8.38913067e-05,1.67524565e-04,5.68955854e-05
8.97000000e+02,6.46297537e-01,-4.59420385e-04,2.80448762e-05,1.90905870e-05,-2.29075483e-04,-4.54077961e-03,5.64704943e-01,-4.67106692e-04,4.28269665e-05,8.15925936e-02,7.68630648e-06,-1.47820903e-05,1.02571085e-04,-3.88428701e-04,-4.60629479e-03,-8.34804972e-05,1.59353218e-04,6.55151826e-05
8.98000000e+02,6.46293557e-01,-4.57854139e-04,1.68771962e-05,1.19200410e-05,-1.82177252e-04,-4.54844230e-03,5.64702429e-01,-4.64916380e-04,3.24142550e-05,8.15911253e-02,7.06223955e-06,-1.55370588e-05,9.55758304e-05,-3.47635116e-04,-4.60646207e-03,-8.36557894e-05,1.65457864e-04,5.80197723e-05
8.99000000e+02,6.46359452e-01,-4.51801739e-04,3.67163789e-05,1.11593650e-05,-2.95654405e-04,-4.48979386e-03,5.64758769e-01,-4.59364399e-04,5.08463190e-05,8.16006835e-02,7.56265984e-06,-1.41299400e-05,9.43751005e-05,-4.51330141e-04,-4.55414487e-03,-8.32157357e-05,1.55675736e-04,6.43510112e-05
9.00000000e+02,6.46350477e-01,-4.60472393e-04,3.14582471e-05,4.59127538e-06,-2.33561828e-04,-4.56180484e-03,5.64751074e-01,-4.67230639e-04,4.70669795e-05,8.15994025e-02,6.75824562e-06,-1.56087323e-05,8.79734954e-05,-4.00477861e-04,-4.61817445e-03,-8.33822197e-05,1.66916032e-04,5.63696148e-05
9.01000000e+02,6.46430801e-01,-4.54703179e-04,2.68753520e-05,3.54141791e-06,-2.25058440e-04,-4.48740581e-03,5.64821513e-01,-4.62362585e-04,4.15984644e-05,8.16092863e-02,7.65940663e-06,-1.47231123e-05,8.64824025e-05,-3.83629071e-04,-4.55240697e-03,-8.29409848e-05,1.58570631e-04,6.50011563e-05
9.02000000e+02,6.46426082e-01,-4.51737349e-04,1.80305548e-05,-1.41647075e-06,-1.86149381e-04,-4.48834513e-03,5.64818451e-01,-4.58738808e-04,3.34388525e-05,8.16076317e-02,7.00145816e-06,-1.54082976e-05,8.16736905e-05,-3.50709119e-04,-4.54573769e-03,-8.30901616e-05,1.64559738e-04,5.73925520e-05
9.03000000e+02,6.46490288e-01,-4.46407589e-04,3.74170443e-05,-7.35430132e-07,-3.05034368e-04,-4.42955944e-03,5.64873235e-01,-4.53901456e-04,5.14167984e-05,8.16170518e-02,7.49386721e-06,-1.39997542e-05,8.18916856e-05,-4.59723507e-04,-4.49320042e-03,-8.26271154e-05,1.54689139e-04,6.36409839e-05
9.04000000e+02,6.46480426e-01,-4.55576858e-04,3.32342130e-05,-5.79062768e-06,-2.47107054e-04,-4.50644534e-03,5.64864836e-01,-4.62243719e-04,4.87175310e-05,8.16155914e-02,6.66686292e-06,-1.54833178e-05,7.69764748e-05,-4.12821906e-04,-4.56191342e-03,-8.27671023e-05,1.65714851e-04,5.54680735e-05
9.05000000e+02,6.46559735e-01,-4.48968671e-04,3.00758731e-05,-3.37482051e-06,-2.55403295e-04,-4.43404197e-03,5.64934419e-01,-4.56571814e-04,4.46418015e-05,8.16253176e-02,7.60314338e-06,-1.45659283e-05,7.89278381e-05,-4.12580700e-04,-4.49830447e-03,-8.23026590e-05,1.57177405e-04,6.42624985e-05
9.06000000e+02,6.46554261e-01,-4.46689196e-04,2.08548221e-05,-6.36919533e-06,-2.20756920e-04,-4.44510229e-03,5.64930692e-01,-4.53672478e-04,3.61793088e-05,8.16235712e-02,6.98328316e-06,-1.53244867e-05,7.60837052e-05,-3.84002023e-04,-4.50167784e-03,-8.24529003e-05,1.63245103e-04,5.65755567e-05
9.07000000e+02,6.46616305e-01,-4.40880187e-04,4.11234915e-05,-2.19666734e-06,-3.45058476e-04,-4.38900045e-03,5.64983519e-01,-4.48322749e-04,5.50245011e-05,8.16327867e-02,7.44256069e-06,-1.39010097e-05,7.98038957e-05,-4.98473876e-04,-4.45184567e-03,-8.20005633e-05,1.53415400e-04,6.28452231e-05
9.08000000e+02,6.46604692e-01,-4.52007713e-04,3.79651536e-05,-3.08279766e-06,-2.96002085e-04,-4.47691466e-03,5.64973435e-01,-4.58524928e-04,5.33292928e-05,8.16312551e-02,6.51721642e-06,-1.53641392e-05,7.90712786e-05,-4.60502536e-04,-4.53122739e-03,-8.21540764e-05,1.64500450e-04,5.43127322e-05
9.09000000e+02,6.46682678e-01,-4.46909308e-04,3.45303595e-05,2.49991868e-06,-3.00497293e-04,-4.41000164e-03,5.65041753e-01,-4.54343711e-04,4.89817035e-05,8.16409234e-02,7.43440205e-06,-1.44513442e-05,8.42198139e-05,-4.56653130e-04,-4.47301211e-03,-8.17198952e-05,1.56155836e-04,6.30104709e-05
9.10000000e+02,6.46676006e-01,-4.45880603e-04,2.63431156e-05,3.30152453e-06,-2.74460611e-04,-4.42798991e-03,5.65036925e-01,-4.52719273e-04,4.15261709e-05,8.16390817e-02,6.83867342e-06,-1.51830552e-05,8.51923590e-05,-4.36681246e-04,-4.48334008e-03,-8.18908341e-05,1.62220635e-04,5.53501770e-05
9.11000000e+02,6.46738228e-01,-4.40640974e-04,4.83700903e-05,1.04450248e-05,-4.06474171e-04,-4.37815875e-03,5.65089900e-01,-4.47999683e-04,6.21204341e-05,8.16483267e-02,7.35871067e-06,-1.37503441e-05,9.19206219e-05,-5.58865056e-04,-4.43989239e-03,-8.14755974e-05,1.52390885e-04,6.17336448e-05
9.12000000e+02,6.46726145e-01,-4.51149094e-04,4.50637930e-05,1.15318816e-05,-3.54926003e-04,-4.45981081e-03,5.65079408e-01,-4.57615427e-04,6.02639522e-05,8.16467340e-02,6.46633274e-06,-1.52001591e-05,9.32017814e-05,-5.18353707e-04,-4.51322651e-03,-8.16698998e-05,1.63427705e-04,5.34156920e-05
9.13000000e+02,6.46802975e-01,-4.44781210e-04,4.22530959e-05,1.78775102e-05,-3.62692191e-04,-4.38962689e-03,5.65146676e-01,-4.52136456e-04,5.65863336e-05,8.16563003e-02,7.35524705e-06,-1.43332377e-05,9.91613083e-05,-5.18004533e-04,-4.45163723e-03,-8.12837984e-05,1.55312342e-04,6.20103360e-05
9.14000000e+02,6.46795369e-01,-4.43433792e-04,3.45709689e-05,1.81139793e-05,-3.29289132e-04,-4.41129215e-03,5.65141008e-01,-4.50114767e-04,4.96764273e-05,8.16543618e-02,6.68097574e-06,-1.51054583e-05,9.96131420e-05,-4.90759200e-04,-4.46539582e-03,-8.14991627e-05,1.61470070e-04,5.41036654e-05
9.15000000e+02,6.46856697e-01,-4.40222715e-04,5.41605783e-05,2.36538314e-05,-4.48201399e-04,-4.36532979e-03,5.65193197e-01,-4.47398468e-04,6.78867098e-05,8.16634998e-02,7.17575455e-06,-1.37261313e-05,1.04767810e-04,-6.00066038e-04,-4.42584210e-03,-8.11139784e-05,1.51864638e-04,6.05123048e-05
9.16000000e+02,6.46844209e-01,-4.52234369e-04,4.88930565e-05,2.29937981e-05,-3.95570225e-04,-4.45780390e-03,5.65182413e-01,-4.58566675e-04,6.41638453e-05,8.16617978e-02,6.33230685e-06,-1.52707887e-05,1.04322510e-04,-5.58770711e-04,-4.51003358e-03,-8.13287125e-05,1.63200488e-04,5.22296797e-05
9.17000000e+02,6.46920748e-01,-4.45105929e-04,4.49900281e-05,2.77770389e-05,-3.89874500e-04,-4.38736692e-03,5.65249544e-01,-4.52442483e-04,5.93120211e-05,8.16712023e-02,7.33655409e-06,-1.43219931e-05,1.08734252e-04,-5.44754868e-04,-4.44854977e-03,-8.09572130e-05,1.54880368e-04,6.11828518e-05
9.18000000e+02,6.46911559e-01,-4.42332415e-04,3.51591871e-05,2.60465075e-05,-3.48230538e-04,-4.39935853e-03,5.65242433e-01,-4.48966022e-04,5.02447701e-05,8.16691256e-02,6.63360422e-06,-1.50855831e-05,1.07221823e-04,-5.09466626e-04,-4.45280060e-03,-8.11753151e-05,1.61236088e-04,5.34420720e-05
9.19000000e+02,6.46971532e-01,-4.37520740e-04,5.50028428e-05,2.96883909e-05,-4.64444901e-04,-4.34673218e-03,5.65293439e-01,-4.44632319e-04,6.87034349e-05,8.16780913e-02,7.11157759e-06,-1.37005921e-05,1.10475163e-04,-6.15961721e-04,-4.40669419e-03,-8.07867720e-05,1.51516821e-04,5.99620093e-05
9.20000000e+02,6.46957609e-01,-4.48345083e-04,5.21231139e-05,2.72560829e-05,-4.10069999e-04,-4.43191515e-03,5.65281387e-01,-4.54631262e-04,6.73118958e-05,8.16762209e-02,6.28617888e-06,-1.51887821e-05,1.08254777e-04,-5.72932125e-04,-4.48356039e-03,-8.09986943e-05,1.62862124e-04,5.16452411e-05
9.21000000e+02,6.47033023e-01,-4.40323315e-04,4.53249477e-05,3.01209276e-05,-3.98915842e-04,-4.35082728e-03,5.65347472e-01,-4.47599350e-04,5.96408010e-05,8.16855480e-02,7.27603464e-06,-1.43158532e-05,1.10735121e-04,-5.53458247e-04,-4.41156067e-03,-8.06141933e-05,1.54542406e-04,6.07333908e-05
9.22000000e+02,6.47022830e-01,-4.37808735e-04,3.34082180e-05,2.68597289e-05,-3.48565591e-04,-4.35709623e-03,5.65339470e-01,-4.44374816e-04,4.84417026e-05,8.16833600e-02,6.56608094e-06,-1.50334848e-05,1.07675546e-04,-5.09319566e-04,-4.41001810e-03,-8.08158168e-05,1.60753974e-04,5.29218683e-05
9.23000000e+02,6.47081886e-01,-4.32537734e-04,5.51488001e-05,2.96391125e-05,-4.67032681e-04,-4.29433297e-03,5.65389667e-01,-4.39625212e-04,6.87252415e-05,8.16922203e-02,7.08747763e-06,-1.35764413e-05,1.10054245e-04,-6.17855955e-04,-4.35381535e-03,-8.04151325e-05,1.50823276e-04,5.94823815e-05
9.24000000e+02,6.47067379e-01,-4.40934987e-04,5.04581849e-05,2.61319161e-05,-4.05457112e-04,-4.36249695e-03,5.65377070e-01,-4.47185293e-04,6.56055707e-05,8.16903086e-02,6.25030879e-06,-1.51473857e-05,1.06742894e-04,-5.67695654e-04,-4.41370807e-03,-8.06109784e-05,1.62238543e-04,5.12111177e-05
9.25000000e+02,6.47142602e-01,-4.31631058e-04,4.65373745e-05,2.88841985e-05,-4.06960097e-04,-4.27731231e-03,5.65443058e-01,-4.38842875e-04,6.07369605e-05,8.16995458e-02,7.21181706e-06,-1.41995862e-05,1.09101215e-04,-5.60800290e-04,-4.33738132e-03,-8.02170165e-05,1.53840196e-04,6.00690060e-05
9.26000000e+02,6.47132779e-01,-4.28682769e-04,3.74548302e-05,2.60178834e-05,-3.68294495e-04,-4.28114266e-03,5.65435484e-01,-4.35163439e-04,5.23443455e-05,8.16972941e-02,6.48067070e-06,-1.48895153e-05,1.06440656e-04,-5.28167794e-04,-4.33321734e-03,-8.04227721e-05,1.59873298e-04,5.20746800e-05
9.27000000e+02,6.47191524e-01,-4.23486825e-04,5.81265229e-05,2.88369425e-05,-4.92176108e-04,-4.21711528e-03,5.65485432e-01,-4.30468544e-04,7.16620574e-05,8.17060925e-02,6.98171893e-06,-1.35355344e-05,1.08869793e-04,-6.42309079e-04,-4.27566433e-03,-8.00328504e-05,1.50132968e-04,5.85490550e-05
9.28000000e+02,6.47176328e-01,-4.33364402e-04,5.35860907e-05,2.46903403e-05,-4.39515913e-04,-4.29167029e-03,5.65472286e-01,-4.39512411e-04,6.86559890e-05,8.17040396e-02,6.14801180e-06,-1.50698983e-05,1.04925848e-04,-6.00979195e-04,-4.34187144e-03,-8.02355078e-05,1.61463282e-04,5.02011432e-05
9.29000000e+02,6.47251318e-01,-4.25900591e-04,5.10290042e-05,2.66706482e-05,-4.49630709e-04,-4.21497399e-03,5.65538107e-01,-4.32990162e-04,6.51646664e-05,8.17132083e-02,7.08956947e-06,-1.41356619e-05,1.06517247e-04,-6.02561054e-04,-4.27400151e-03,-7.98465990e-05,1.52930347e-04,5.90275182e-05
9.30000000e+02,6.47239772e-01,-4.23192050e-04,4.38602696e-05,2.30299515e-05,-4.27422179e-04,-4.22767535e-03,5.65528953e-01,-4.29579063e-04,5.86781061e-05,8.17108173e-02,6.38701350e-06,-1.48178363e-05,1.03071890e-04,-5.86452662e-04,-4.27869823e-03,-8.00419387e-05,1.59030482e-04,5.10228770e-05
9.31000000e+02,6.47297267e-01,-4.18972937e-04,6.46287068e-05,2.53001135e-05,-5.56041656e-04,-4.18098120e-03,5.65577816e-01,-4.25865504e-04,7.80821545e-05,8.17194512e-02,6.89256979e-06,-1.34534476e-05,1.04938143e-04,-7.05309428e-04,-4.23853059e-03,-7.96380292e-05,1.49267770e-04,5.75493880e-05
9.32000000e+02,6.47280597e-01,-4.31025949e-04,6.10875488e-05,2.28740930e-05,-5.06870981e-04,-4.27103171e-03,5.65563309e-01,-4.37012847e-04,7.61210849e-05,8.17172897e-02,5.98690166e-06,-1.50335360e-05,1.02711570e-04,-6.67647272e-04,-4.32007543e-03,-7.98374767e-05,1.60776290e-04,4.90437099e-05
9.33000000e+02,6.47353397e-01,-4.25120009e-04,5.76149294e-05,2.61185789e-05,-5.09873294e-04,-4.20229768e-03,5.65627107e-01,-4.32104641e-04,7.16758097e-05,8.17262920e-02,6.98463330e-06,-1.40608801e-05,1.05564373e-04,-6.62297101e-04,-4.26037589e-03,-7.94457940e-05,1.52423807e-04,5.80782150e-05
9.34000000e+02,6.47341158e-01,-4.25263640e-04,4.87653686e-05,2.37677593e-05,-4.72386678e-04,-4.23369766e-03,5.65617350e-01,-4.31558160e-04,6.35728533e-05,8.17238084e-02,6.29451746e-06,-1.48074847e-05,1.03406291e-04,-6.31139289e-04,-4.28386548e-03,-7.96385316e-05,1.58752610e-04,5.01678219e-05
9.35000000e+02,6.47397790e-01,-4.22701158e-04,6.96335388e-05,2.86571467e-05,-5.98982538e-04,-4.19420197e-03,5.65665391e-01,-4.29486904e-04,8.30717605e-05,8.17323979e-02,6.78574415e-06,-1.34382218e-05,1.07887807e-04,-7.47908640e-04,-4.25092744e-03,-7.92306603e-05,1.48926103e-04,5.67254756e-05
9.36000000e+02,6.47380734e-01,-4.34171606e-04,6.40198204e-05,2.76862001e-05,-5.39119846e-04,-4.29187097e-03,5.65650593e-01,-4.40152685e-04,7.90088804e-05,8.17301438e-02,5.98107924e-06,-1.49890600e-05,1.07123712e-04,-6.99598009e-04,-4.34035216e-03,-7.94375115e-05,1.60478161e-04,4.84811856e-05
9.37000000e+02,6.47453550e-01,-4.28170399e-04,5.95722079e-05,3.31936529e-05,-5.32048537e-04,-4.22697328e-03,5.65714449e-01,-4.35112545e-04,7.35686054e-05,8.17391040e-02,6.94214538e-06,-1.39963977e-05,1.12250846e-04,-6.84055191e-04,-4.28455817e-03,-7.90571931e-05,1.52006652e-04,5.75848835e-05
9.38000000e+02,6.47441303e-01,-4.28754340e-04,5.17519600e-05,3.33123488e-05,-4.95596672e-04,-4.25264921e-03,5.65704746e-01,-4.34931189e-04,6.65088238e-05,8.17365586e-02,6.17684740e-06,-1.47568641e-05,1.12584845e-04,-6.53955243e-04,-4.30218907e-03,-7.92724961e-05,1.58358570e-04,4.95398551e-05
9.39000000e+02,6.47498379e-01,-4.25444647e-04,7.20411807e-05,3.90751758e-05,-6.19469934e-04,-4.21290070e-03,5.65753302e-01,-4.32229786e-04,8.54109983e-05,8.17450750e-02,6.78514057e-06,-1.33698175e-05,1.17966730e-04,-7.67964203e-04,-4.26929466e-03,-7.88915542e-05,1.48494267e-04,5.63939587e-05
9.40000000e+02,6.47480993e-01,-4.36700367e-04,6.76702621e-05,3.79384482e-05,-5.65990301e-04,-4.30784838e-03,5.65738242e-01,-4.42632213e-04,8.25711276e-05,8.17427516e-02,5.93184666e-06,-1.49008654e-05,1.17048512e-04,-7.25979209e-04,-4.35585461e-03,-7.91100634e-05,1.59988910e-04,4.80062242e-05
9.41000000e+02,6.47552999e-01,-4.31205224e-04,6.38650970e-05,4.27153771e-05,-5.66644210e-04,-4.24815403e-03,5.65801367e-01,-4.38106607e-04,7.78798117e-05,8.17516325e-02,6.90138279e-06,-1.40147149e-05,1.21456017e-04,-7.18280250e-04,-4.30514814e-03,-7.87406399e-05,1.51636038e-04,5.69941162e-05
9.42000000e+02,6.47539496e-01,-4.32420977e-04,5.50586704e-05,4.13699571e-05,-5.29101180e-04,-4.28741537e-03,5.65790497e-01,-4.38582902e-04,6.98007755e-05,8.17489972e-02,6.16192224e-06,-1.47421054e-05,1.20343603e-04,-6.87159936e-04,-4.33653433e-03,-7.89736454e-05,1.58058756e-04,4.91189628e-05
9.43000000e+02,6.47594812e-01,-4.28328670e-04,7.48899335e-05,4.43620843e-05,-6.49888502e-04,-4.24159600e-03,5.65837411e-01,-4.35042709e-04,8.82222365e-05,8.17574004e-02,6.71403851e-06,-1.33323032e-05,1.22957953e-04,-7.98024018e-04,-4.29750586e-03,-7.85958684e-05,1.48135518e-04,5.59098691e-05
9.44000000e+02,6.47576656e-01,-4.39737799e-04,7.11147333e-05,4.14260693e-05,-5.94033048e-04,-4.33015918e-03,5.65821682e-01,-4.45588286e-04,8.59952916e-05,8.17549732e-02,5.85048783e-06,-1.48805583e-05,1.20260069e-04,-7.53768787e-04,-4.37781529e-03,-7.88339995e-05,1.59735740e-04,4.76561025e-05
9.45000000e+02,6.47647737e-01,-4.32515812e-04,6.57869640e-05,4.29150023e-05,-5.79114086e-04,-4.25139594e-03,5.65883986e-01,-4.39378751e-04,7.97413282e-05,8.17637490e-02,6.86293954e-06,-1.39543641e-05,1.21379468e-04,-7.30539678e-04,-4.30835563e-03,-7.84644661e-05,1.51425593e-04,5.69596876e-05
9.46000000e+02,6.47633062e-01,-4.29600180e-04,5.42182760e-05,3.85878697e-05,-5.30267074e-04,-4.25901411e-03,5.65872051e-01,-4.35833885e-04,6.89992990e-05,8.17610114e-02,6.23370712e-06,-1.47810227e-05,1.17269893e-04,-6.88256976e-04,-4.30839186e-03,-7.86820235e-05,1.57989901e-04,4.93777487e-05
9.47000000e+02,6.47688087e-01,-4.23891137e-04,7.34916648e-05,4.06264787e-05,-6.39342665e-04,-4.19712923e-03,5.65918739e-01,-4.30620602e-04,8.68075903e-05,8.17693472e-02,6.72946199e-06,-1.33159254e-05,1.18928256e-04,-7.87311572e-04,-4.25319393e-03,-7.83017771e-05,1.47968907e-04,5.60647011e-05
9.48000000e+02,6.47669818e-01,-4.33563230e-04,6.91642462e-05,3.59954858e-05,-5.79288379e-04,-4.27107580e-03,5.65902936e-01,-4.39416102e-04,8.40018966e-05,8.17668842e-02,5.85287273e-06,-1.48376505e-05,1.14513016e-04,-7.38808242e-04,-4.31871732e-03,-7.85175299e-05,1.59519862e-04,4.76415193e-05
9.49000000e+02,6.47740938e-01,-4.26106029e-04,6.29092915e-05,3.71810049e-05,-5.63942329e-04,-4.18987378e-03,5.65965353e-01,-4.32962393e-04,7.68343999e-05,8.17755858e-02,6.85636687e-06,-1.39251085e-05,1.15323142e-04,-7.14980355e-04,-4.24664869e-03,-7.81421367e-05,1.51038028e-04,5.67749098e-05
9.50000000e+02,6.47725964e-01,-4.22503987e-04,5.27190019e-05,3.32197398e-05,-5.11245147e-04,-4.19365994e-03,5.65953203e-01,-4.28643267e-04,6.73937421e-05,8.17727626e-02,6.13927917e-06,-1.46747401e-05,1.11573257e-04,-6.68705573e-04,-4.24249567e-03,-7.83535168e-05,1.57460424e-04,4.88357314e-05
9.51000000e+02,6.47780752e-01,-4.16527293e-04,7.16385507e-05,3.51746662e-05,-6.25155151e-04,-4.12774528e-03,5.65999708e-01,-4.23191042e-04,8.49018289e-05,8.17810432e-02,6.66374939e-06,-1.32632781e-05,1.13129152e-04,-7.72500927e-04,-4.18322335e-03,-7.79544858e-05,1.47345773e-04,5.54780765e-05
9.52000000e+02,6.47761724e-01,-4.26424773e-04,6.66572589e-05,3.23079164e-05,-5.70903469e-04,-4.20402873e-03,5.65983241e-01,-4.32226818e-04,8.14223648e-05,8.17784825e-02,5.80204231e-06,-1.47651059e-05,1.10473484e-04,-7.29648886e-04,-4.25093886e-03,-7.81655678e-05,1.58745417e-04,4.69101320e-05
9.53000000e+02,6.47832170e-01,-4.18618861e-04,6.34691849e-05,3.46993306e-05,-5.76203513e-04,-4.12860034e-03,5.66045089e-01,-4.25410170e-04,7.72999496e-05,8.17870802e-02,6.79131089e-06,-1.38307646e-05,1.12482534e-04,-7.26383435e-04,-4.18463481e-03,-7.77832040e-05,1.50179922e-04,5.60344745e-05
9.54000000e+02,6.47816325e-01,-4.16076141e-04,5.55339561e-05,3.04669509e-05,-5.40134925e-04,-4.13732993e-03,5.66032177e-01,-4.22149600e-04,7.01065245e-05,8.17841469e-02,6.07345885e-06,-1.45725684e-05,1.08474235e-04,-6.96694094e-04,-4.18549209e-03,-7.80072841e-05,1.56559166e-04,4.81621647e-05
9.55000000e+02,6.47869164e-01,-4.10400269e-04,7.75128718e-05,3.25320923e-05,-6.73673926e-04,-4.07432114e-03,5.66076889e-01,-4.16996660e-04,9.06440482e-05,8.17922730e-02,6.59639169e-06,-1.31311764e-05,1.10143633e-04,-8.20123345e-04,-4.12906863e-03,-7.76115410e-05,1.46449422e-04,5.47474829e-05
9.56000000e+02,6.47848817e-01,-4.21233030e-04,7.54903763e-05,2.99503712e-05,-6.34318943e-04,-4.15766501e-03,5.66059196e-01,-4.26904340e-04,9.01848079e-05,8.17896241e-02,5.67130718e-06,-1.46944316e-05,1.07786181e-04,-7.92225460e-04,-4.20371667e-03,-7.78358102e-05,1.57906515e-04,4.60516540e-05
9.57000000e+02,6.47918548e-01,-4.15488388e-04,7.21860284e-05,3.29396768e-05,-6.47674739e-04,-4.08784940e-03,5.66120410e-01,-4.22195047e-04,8.59534054e-05,8.17981362e-02,6.70666230e-06,-1.37673768e-05,1.10385053e-04,-7.97148753e-04,-4.14320413e-03,-7.74453764e-05,1.49474015e-04,5.53547268e-05
9.58000000e+02,6.47901438e-01,-4.13097372e-04,6.32585378e-05,3.07442082e-05,-6.18481474e-04,-4.09744254e-03,5.66106339e-01,-4.19074813e-04,7.78040079e-05,8.17950998e-02,5.97744235e-06,-1.45454698e-05,1.08398089e-04,-7.74554126e-04,-4.14492018e-03,-7.76538806e-05,1.56072649e-04,4.74776394e-05
9.59000000e+02,6.47954308e-01,-4.07531888e-04,8.56511016e-05,3.55303014e-05,-7.46829229e-04,-4.03434353e-03,5.66151129e-01,-4.14069088e-04,9.87756247e-05,8.18031792e-02,6.53720106e-06,-1.31245230e-05,1.12790156e-04,-8.92988162e-04,-4.08851069e-03,-7.72598545e-05,1.46158933e-04,5.41671549e-05
9.60000000e+02,6.47933467e-01,-4.17666010e-04,8.29815954e-05,3.51390811e-05,-7.02016901e-04,-4.11719108e-03,5.66133000e-01,-4.23340805e-04,9.76595125e-05,8.18004677e-02,5.67479671e-06,-1.46779171e-05,1.12618950e-04,-8.59884087e-04,-4.16276537e-03,-7.74798687e-05,1.57867188e-04,4.55742837e-05
9.61000000e+02,6.48002610e-01,-4.10558831e-04,7.85281319e-05,4.12465421e-05,-7.04486853e-04,-4.04233678e-03,5.66193697e-01,-4.17187077e-04,9.23202052e-05,8.18089163e-02,6.62824706e-06,-1.37920730e-05,1.18350486e-04,-8.54039900e-04,-4.09698065e-03,-7.71039440e-05,1.49553045e-04,5.46438664e-05
9.62000000e+02,6.47985890e-01,-4.10191112e-04,6.90441706e-05,4.28411146e-05,-6.62015911e-04,-4.06426918e-03,5.66180003e-01,-4.16060459e-04,8.36509787e-05,8.18058877e-02,5.86934738e-06,-1.46068080e-05,1.20162824e-04,-8.18353218e-04,-4.11074371e-03,-7.73217091e-05,1.56337308e-04,4.64745245e-05
9.63000000e+02,6.48038332e-01,-4.04976556e-04,8.75999945e-05,5.00053950e-05,-7.76754740e-04,-4.01482265e-03,5.66224376e-01,-4.11439532e-04,1.00802842e-04,8.18139574e-02,6.46297576e-06,-1.32028478e-05,1.26946553e-04,-9.23118849e-04,-4.06805142e-03,-7.69411582e-05,1.46364107e-04,5.32287676e-05
9.64000000e+02,6.48018043e-01,-4.16605956e-04,8.33116342e-05,5.16078315e-05,-7.18397413e-04,-4.11082124e-03,5.66206858e-01,-4.22141072e-04,9.80163989e-05,8.18111860e-02,5.53511503e-06,-1.47047646e-05,1.28782248e-04,-8.76316219e-04,-4.15542473e-03,-7.71744162e-05,1.57918808e-04,4.46034943e-05
9.65000000e+02,6.48086910e-01,-4.11942142e-04,8.07559008e-05,5.86095592e-05,-7.19048069e-04,-4.04736715e-03,5.66267310e-01,-4.18461986e-04,9.45088119e-05,8.18196000e-02,6.51984490e-06,-1.37529113e-05,1.35433993e-04,-8.68492112e-04,-4.10115707e-03,-7.68244342e-05,1.49444045e-04,5.37899240e-05
9.66000000e+02,6.48068972e-01,-4.11863588e-04,7.06017930e-05,5.81597757e-05,-6.72275214e-04,-4.07647711e-03,5.66252503e-01,-4.17740280e-04,8.51353147e-05,8.18164687e-02,5.87669496e-06,-1.45335215e-05,1.35246873e-04,-8.28337546e-04,-4.12263659e-03,-7.70870973e-05,1.56062333e-04,4.61594870e-05
9.67000000e+02,6.48120332e-01,-4.07422639e-04,8.81394091e-05,6.33364689e-05,-7.80077991e-04,-4.02793186e-03,5.66295927e-01,-4.13828513e-04,1.01322594e-04,8.18244046e-02,6.40587460e-06,-1.31831854e-05,1.40075209e-04,-9.26341841e-04,-4.08085959e-03,-7.67387405e-05,1.46263854e-04,5.29277292e-05
