time,Fx,Fy,Fz,Mx,My,Mz,Fx_p,Fy_p,Fz_p,Fx_v,Fy_v,Fz_v,Mx_p,My_p,Mz_p,Mx_v,My_v,Mz_v
1.00000000e+00,6.75752868e+02,-1.45148524e-02,1.92405019e-02,4.32384349e-02,-1.14380014e-02,-1.82827742e-02,1.24616529e+02,-2.11760819e-02,1.35852789e-02,5.51136339e+02,6.66122952e-03,5.65522302e-03,4.31560227e-02,-8.18646999e-03,-1.77954040e-02,8.24121480e-05,-3.25153145e-03,-4.87370116e-04
2.00000000e+00,7.19206025e+02,-3.33863496e-02,2.59681776e-02,9.85896610e-02,-1.49286220e-02,-3.35060692e-02,1.63679646e+02,-3.80475382e-02,2.30629431e-02,5.55526379e+02,4.66118865e-03,2.90523448e-03,1.00118469e-01,-1.36343463e-02,-3.15886786e-02,-1.52880795e-03,-1.29427569e-03,-1.91739056e-03
3.00000000e+00,7.37799383e+02,-4.30276134e-02,3.44644006e-02,1.62300346e-01,-2.13996903e-02,-4.16643821e-02,1.83674873e+02,-4.62933261e-02,3.39644363e-02,5.54124510e+02,3.26571267e-03,4.99964279e-04,1.66380299e-01,-2.18411339e-02,-3.87838167e-02,-4.07995262e-03,4.41443644e-04,-2.88056541e-03
4.00000000e+00,7.47422600e+02,-4.79117486e-02,4.04719593e-02,2.10113629e-01,-2.33365133e-02,-4.68752190e-02,1.96543571e+02,-4.93395553e-02,4.28211138e-02,5.50879029e+02,1.42780666e-03,-2.34915455e-03,2.18466717e-01,-2.57825677e-02,-4.27869196e-02,-8.35308860e-03,2.44605436e-03,-4.08829936e-03
5.00000000e+00,7.49831964e+02,-5.20060680e-02,4.81475138e-02,2.03225708e-01,-2.71112784e-02,-5.07593276e-02,2.06187702e+02,-5.10330888e-02,5.44334962e-02,5.43644262e+02,-9.72979222e-04,-6.28598238e-03,2.14697505e-01,-3.22762447e-02,-4.51569094e-02,-1.14717970e-02,5.16496629e-03,-5.60241819e-03
6.00000000e+00,7.45960539e+02,-4.64919828e-02,4.07987390e-02,1.84310175e-01,-1.78320380e-02,-4.87163540e-02,2.13336647e+02,-4.37629811e-02,4.99750817e-02,5.32623892e+02,-2.72900177e-03,-9.17634265e-03,1.98030697e-01,-2.51110731e-02,-4.19816121e-02,-1.37205224e-02,7.27903513e-03,-6.73474193e-03
7.00000000e+00,7.36066095e+02,-3.83594772e-02,4.26597423e-02,1.42149613e-01,-1.69966077e-02,-4.38328010e-02,2.18871553e+02,-3.25280355e-02,5.64991002e-02,5.17194542e+02,-5.83144169e-03,-1.38393579e-02,1.56317920e-01,-2.74198772e-02,-3.51768554e-02,-1.41683078e-02,1.04232694e-02,-8.65594558e-03
8.00000000e+00,7.21230835e+02,-2.31877471e-02,2.38510725e-02,9.71665527e-02,-1.26438511e-03,-3.26182719e-02,2.23393410e+02,-1.48801301e-02,4.08087321e-02,4.97837425e+02,-8.30761702e-03,-1.69576596e-02,1.09842828e-01,-1.35991375e-02,-2.23659461e-02,-1.26762754e-02,1.23347524e-02,-1.02523258e-02
9.00000000e+00,7.00939008e+02,-6.42127956e-03,-2.01966759e-02,5.80760961e-02,2.30231885e-02,-1.88153285e-02,2.25976044e+02,4.32588011e-03,-1.60638292e-03,4.74962964e+02,-1.07471597e-02,-1.85902930e-02,6.74696751e-02,9.55553706e-03,-7.00699757e-03,-9.39357902e-03,1.34676515e-02,-1.18083310e-02
1.00000000e+01,6.78131746e+02,2.11286999e-02,9.49633538e-03,3.49044929e-02,-1.27357390e-03,3.68102704e-04,2.28896796e+02,3.52724150e-02,3.05982388e-02,4.49234950e+02,-1.41437151e-02,-2.11019035e-02,4.04569616e-02,-1.65290514e-02,1.43437244e-02,-5.55246867e-03,1.52554775e-02,-1.39756217e-02
1.10000000e+01,6.52036425e+02,3.73291174e-03,-2.37761105e-02,2.20973884e-02,1.81821632e-02,-8.85928448e-03,2.29462090e+02,2.03557215e-02,-1.29657084e-03,4.22574335e+02,-1.66228097e-02,-2.24795396e-02,2.45418909e-02,1.72937282e-03,6.66912436e-03,-2.44450251e-03,1.64527904e-02,-1.55284088e-02
1.20000000e+01,6.24569539e+02,2.96681915e-02,-2.83753562e-02,1.97541964e-02,1.92192395e-02,1.07771936e-02,2.30414261e+02,4.84824978e-02,-4.55167049e-03,3.94155278e+02,-1.88143064e-02,-2.38236858e-02,2.06070184e-02,1.64023114e-03,2.76283173e-02,-8.52821963e-04,1.75790084e-02,-1.68511237e-02
1.30000000e+01,5.97626832e+02,4.03969481e-02,-2.49514311e-02,4.30524180e-02,1.67007781e-02,1.89297990e-02,2.32222839e+02,6.04324639e-02,-2.86241975e-04,3.65403993e+02,-2.00355158e-02,-2.46651891e-02,4.31017477e-02,-1.58086776e-03,3.64227467e-02,-4.93297555e-05,1.82816459e-02,-1.74929477e-02
1.40000000e+01,5.71111380e+02,2.93155749e-02,-2.41735382e-02,5.78683812e-02,1.75024087e-02,1.36736930e-02,2.35085883e+02,5.01028284e-02,3.40161144e-04,3.36025497e+02,-2.07872535e-02,-2.45136994e-02,5.64519373e-02,-7.62914696e-04,3.15483229e-02,1.41644394e-03,1.82653234e-02,-1.78746299e-02
1.50000000e+01,5.43972977e+02,1.14322442e-02,-3.26231892e-04,1.39447937e-01,9.53178675e-04,4.33382111e-03,2.37371001e+02,3.20735263e-02,2.29395658e-02,3.06601976e+02,-2.06412820e-02,-2.32657977e-02,1.39667673e-01,-1.65419995e-02,2.19866126e-02,-2.19736355e-04,1.74951781e-02,-1.76527915e-02
1.60000000e+01,5.16888682e+02,-5.56092905e-03,5.08475213e-02,1.62089799e-01,-3.79685452e-02,-1.90266619e-03,2.38213588e+02,1.37997943e-02,7.20234897e-02,2.78675094e+02,-1.93607234e-02,-2.11759685e-02,1.61206921e-01,-5.41433528e-02,1.47942531e-02,8.82878494e-04,1.61748075e-02,-1.66969193e-02
1.70000000e+01,4.90335516e+02,-2.41469966e-02,1.07853309e-01,2.11365867e-01,-9.06269776e-02,-5.12323508e-03,2.37383203e+02,-6.28021736e-03,1.26813274e-01,2.52952313e+02,-1.78667793e-02,-1.89599651e-02,2.10098902e-01,-1.05390703e-01,1.04460309e-02,1.26696470e-03,1.47637256e-02,-1.55692660e-02
1.80000000e+01,4.65371157e+02,-2.83183172e-02,1.70904057e-01,2.64927010e-01,-1.49813740e-01,2.01046801e-03,2.35523700e+02,-1.19521016e-02,1.87617308e-01,2.29847458e+02,-1.63662157e-02,-1.67132509e-02,2.63709231e-01,-1.63187652e-01,1.64456410e-02,1.21777934e-03,1.33739124e-02,-1.44351730e-02
1.90000000e+01,4.41177599e+02,-1.77176367e-02,2.38017178e-01,3.18771271e-01,-2.08217437e-01,1.77960856e-02,2.31709510e+02,-2.70337303e-03,2.53745487e-01,2.09468089e+02,-1.50142637e-02,-1.57283084e-02,3.17731679e-01,-2.21153112e-01,3.12208358e-02,1.03959182e-03,1.29356749e-02,-1.34247502e-02
2.00000000e+01,4.18724071e+02,-3.28614857e-03,3.01027889e-01,3.82656160e-01,-2.63304675e-01,3.93608252e-02,2.27392292e+02,1.02812819e-02,3.15513232e-01,1.91331779e+02,-1.35674305e-02,-1.44853428e-02,3.81266964e-01,-2.75693204e-01,5.18564389e-02,1.38919616e-03,1.23885294e-02,-1.24956137e-02
2.10000000e+01,3.97372305e+02,1.70061757e-02,3.39129173e-01,4.87889756e-01,-2.90013645e-01,5.82209906e-02,2.22052804e+02,2.94998196e-02,3.53252328e-01,1.75319502e+02,-1.24936439e-02,-1.41231549e-02,4.85451254e-01,-3.02291691e-01,6.99454940e-02,2.43850115e-03,1.22780455e-02,-1.17245033e-02
2.20000000e+01,3.78641564e+02,2.01878553e-02,3.28646763e-01,6.49414263e-01,-2.88007241e-01,7.54802507e-02,2.17543836e+02,3.20238433e-02,3.42657036e-01,1.61097728e+02,-1.18359879e-02,-1.40102730e-02,6.45223547e-01,-3.00281986e-01,8.67750194e-02,4.19071663e-03,1.22747450e-02,-1.12947686e-02
2.30000000e+01,3.61846416e+02,2.63995041e-02,2.67069517e-01,8.53472428e-01,-2.48404227e-01,9.01568293e-02,2.13363877e+02,3.74272479e-02,2.81757343e-01,1.48482539e+02,-1.10277438e-02,-1.46878268e-02,8.47920455e-01,-2.60968923e-01,1.00866126e-01,5.55197295e-03,1.25646964e-02,-1.07092966e-02
2.40000000e+01,3.48330869e+02,4.29416055e-02,1.64349930e-01,1.04311060e+00,-1.77201134e-01,1.06910946e-01,2.11071538e+02,5.37535878e-02,1.79122677e-01,1.37259331e+02,-1.08119822e-02,-1.47727464e-02,1.03742094e+00,-1.89778754e-01,1.17247814e-01,5.68966092e-03,1.25776194e-02,-1.03368684e-02
2.50000000e+01,3.37208065e+02,5.99543680e-02,5.53495202e-02,1.15767347e+00,-9.69718942e-02,1.21615324e-01,2.09848913e+02,6.96578069e-02,7.08222835e-02,1.27359152e+02,-9.70343884e-03,-1.54727633e-02,1.15399376e+00,-1.09811218e-01,1.31106962e-01,3.67971078e-03,1.28393233e-02,-9.49163846e-03
2.60000000e+01,3.29323186e+02,1.01221598e-01,-3.21383934e-02,1.18522896e+00,-2.60274809e-02,1.42194151e-01,2.10648907e+02,1.09623361e-01,-1.71370194e-02,1.18674280e+02,-8.40176262e-03,-1.50013741e-02,1.18511365e+00,-3.83629400e-02,1.50697580e-01,1.15309806e-04,1.23354591e-02,-8.50342878e-03
2.70000000e+01,3.23474423e+02,1.43327723e-01,-8.61420050e-02,1.14097052e+00,2.58370575e-02,1.59083556e-01,2.12313595e+02,1.51015528e-01,-7.19532315e-02,1.11160828e+02,-7.68780494e-03,-1.41887735e-02,1.14425102e+00,1.42415824e-02,1.66846215e-01,-3.28049472e-03,1.15954750e-02,-7.76265876e-03
2.80000000e+01,3.19845217e+02,1.82554246e-01,-1.00670578e-01,1.03734525e+00,5.47277738e-02,1.70714356e-01,2.15150977e+02,1.89814525e-01,-8.80712290e-02,1.04694240e+02,-7.26027903e-03,-1.25993494e-02,1.04329513e+00,4.42940438e-02,1.77946954e-01,-5.94987901e-03,1.04337300e-02,-7.23259756e-03
2.90000000e+01,3.17058976e+02,2.16605129e-01,-7.70022353e-02,8.99742764e-01,5.59600889e-02,1.78790146e-01,2.17861607e+02,2.23190247e-01,-6.64685800e-02,9.91973694e+01,-6.58511762e-03,-1.05336554e-02,9.07445763e-01,4.71715010e-02,1.85331972e-01,-7.70299916e-03,8.78858783e-03,-6.54182596e-03
3.00000000e+01,3.14858690e+02,2.68535474e-01,-4.58548193e-03,7.51669574e-01,1.95907540e-02,1.96023134e-01,2.20319630e+02,2.74180276e-01,3.51643817e-03,9.45390593e+01,-5.64480189e-03,-8.10192010e-03,7.59997140e-01,1.24758379e-02,2.01751725e-01,-8.32756641e-03,7.11491607e-03,-5.72859028e-03
3.10000000e+01,3.12383555e+02,3.28163739e-01,9.41340778e-02,6.10473823e-01,-3.68603352e-02,2.21996182e-01,2.21825339e+02,3.33332675e-01,1.00371783e-01,9.05582166e+01,-5.16893597e-03,-6.23770486e-03,6.18527679e-01,-4.24669435e-02,2.27118994e-01,-8.05385639e-03,5.60660828e-03,-5.12281257e-03
3.20000000e+01,3.09465236e+02,3.79703102e-01,2.11427521e-01,4.82865452e-01,-1.08310066e-01,2.47363812e-01,2.22362392e+02,3.84451588e-01,2.16611581e-01,8.71028435e+01,-4.74848586e-03,-5.18406035e-03,4.90115800e-01,-1.13096105e-01,2.51906464e-01,-7.25034867e-03,4.78603868e-03,-4.54265135e-03
3.30000000e+01,3.05960409e+02,4.21738418e-01,3.36762564e-01,3.71302055e-01,-1.88167760e-01,2.70549950e-01,2.21922044e+02,4.27098126e-01,3.42722318e-01,8.40383646e+01,-5.35970892e-03,-5.95975368e-03,3.77717771e-01,-1.93060835e-01,2.75161810e-01,-6.41571549e-03,4.89307450e-03,-4.61186062e-03
3.40000000e+01,3.01819190e+02,4.50215188e-01,4.21758107e-01,2.70873078e-01,-2.47710998e-01,2.87361872e-01,2.20536149e+02,4.55071366e-01,4.28516822e-01,8.12830410e+01,-4.85617758e-03,-6.75871508e-03,2.76656402e-01,-2.53154852e-01,2.91537607e-01,-5.78332413e-03,5.44385358e-03,-4.17573469e-03
3.50000000e+01,2.97206182e+02,4.52921746e-01,4.46712198e-01,1.74585045e-01,-2.71482045e-01,2.90721665e-01,2.18465635e+02,4.58461988e-01,4.55268719e-01,7.87405472e+01,-5.54024255e-03,-8.55652131e-03,1.79858954e-01,-2.77894152e-01,2.95184710e-01,-5.27390937e-03,6.41210726e-03,-4.46304476e-03
3.60000000e+01,2.92385329e+02,4.36426708e-01,4.08680765e-01,8.15745809e-02,-2.52189236e-01,2.83317317e-01,2.16039298e+02,4.42645968e-01,4.18252867e-01,7.63460313e+01,-6.21925988e-03,-9.57210263e-03,8.63101422e-02,-2.59450243e-01,2.88152204e-01,-4.73556134e-03,7.26100671e-03,-4.83488752e-03
3.70000000e+01,2.87510616e+02,3.78961211e-01,3.38107373e-01,-2.85121073e-03,-2.15096432e-01,2.51728646e-01,2.13465658e+02,3.86183578e-01,3.49287718e-01,7.40449577e+01,-7.22236707e-03,-1.11803446e-02,1.20433347e-03,-2.23225492e-01,2.57132966e-01,-4.05554420e-03,8.12906025e-03,-5.40432016e-03
3.80000000e+01,2.82736860e+02,3.09203029e-01,2.34913967e-01,-7.31305201e-02,-1.53954727e-01,2.10511963e-01,2.10936354e+02,3.16739108e-01,2.46053402e-01,7.18005054e+01,-7.53607894e-03,-1.11394345e-02,-6.97576044e-02,-1.62318810e-01,2.16128132e-01,-3.37291578e-03,8.36408259e-03,-5.61616910e-03
3.90000000e+01,2.78004840e+02,2.23290219e-01,1.25994873e-01,-1.27877868e-01,-9.01009978e-02,1.58094708e-01,2.08405739e+02,2.31135528e-01,1.37456959e-01,6.95991005e+01,-7.84530893e-03,-1.14620861e-02,-1.25204508e-01,-9.85195830e-02,1.63870152e-01,-2.67335959e-03,8.41858519e-03,-5.77544457e-03
4.00000000e+01,2.73380495e+02,1.43736051e-01,2.21609799e-02,-1.66611272e-01,-2.45925235e-02,1.07423235e-01,2.05949430e+02,1.51461863e-01,3.27170005e-02,6.74310653e+01,-7.72581141e-03,-1.05560206e-02,-1.64655101e-01,-3.26902267e-02,1.13177329e-01,-1.95617090e-03,8.09770320e-03,-5.75409485e-03
4.10000000e+01,2.68863488e+02,6.23218311e-02,-7.37894041e-02,-1.87492199e-01,3.51154400e-02,5.50501740e-02,2.03559034e+02,6.97475252e-02,-6.37554602e-02,6.53044543e+01,-7.42569410e-03,-1.00339440e-02,-1.86300555e-01,2.74864870e-02,6.05667739e-02,-1.19164386e-03,7.62895302e-03,-5.51659992e-03
4.20000000e+01,2.64406297e+02,1.16274229e-03,-1.48809389e-01,-1.89148369e-01,8.80430987e-02,1.31561668e-02,2.01185483e+02,7.54292121e-03,-1.39798576e-01,6.32208139e+01,-6.38017892e-03,-9.01081286e-03,-1.88752814e-01,8.08152000e-02,1.80375254e-02,-3.95554989e-04,7.22789872e-03,-4.88135859e-03
4.30000000e+01,2.60041002e+02,-4.15581766e-02,-2.12152583e-01,-1.71093774e-01,1.32905859e-01,-1.88480384e-02,1.98838154e+02,-3.58591306e-02,-2.04050986e-01,6.12028487e+01,-5.69904599e-03,-8.10159688e-03,-1.71517296e-01,1.26343714e-01,-1.44943900e-02,4.23522748e-04,6.56214523e-03,-4.35364845e-03
4.40000000e+01,2.55849260e+02,-5.58240437e-02,-2.37106854e-01,-1.35387033e-01,1.54818460e-01,-3.16262371e-02,1.96597492e+02,-5.15716691e-02,-2.29983404e-01,5.92517673e+01,-4.25237463e-03,-7.12345034e-03,-1.36573206e-01,1.48720196e-01,-2.81537021e-02,1.18617239e-03,6.09826399e-03,-3.47253498e-03
4.50000000e+01,2.51983258e+02,-4.27469138e-02,-2.37527434e-01,-8.51632157e-02,1.59103917e-01,-2.49720766e-02,1.94596821e+02,-3.91404590e-02,-2.31362805e-01,5.73864372e+01,-3.60645484e-03,-6.16462974e-03,-8.70193307e-02,1.53701975e-01,-2.19979690e-02,1.85611502e-03,5.40194166e-03,-2.97410756e-03
4.60000000e+01,2.48422491e+02,-6.10673948e-03,-1.95479776e-01,-2.35412409e-02,1.38187187e-01,-4.06657229e-03,1.92815649e+02,-3.73937070e-03,-1.90478952e-01,5.56068426e+01,-2.36736878e-03,-5.00082373e-03,-2.59341737e-02,1.33575384e-01,-1.82871899e-03,2.39293277e-03,4.61180308e-03,-2.23785331e-03
4.70000000e+01,2.45236455e+02,4.13786600e-02,-1.45689042e-01,4.49771590e-02,1.11855515e-01,2.58162122e-02,1.91311719e+02,4.35283330e-02,-1.41332235e-01,5.39247368e+01,-2.14967301e-03,-4.35680721e-03,4.22037085e-02,1.07633625e-01,2.79841031e-02,2.77345051e-03,4.22188994e-03,-2.16789089e-03
4.80000000e+01,2.42151941e+02,8.89967277e-02,-9.15333402e-02,1.15563914e-01,8.01647758e-02,5.39510381e-02,1.89816025e+02,9.09105066e-02,-8.72889320e-02,5.23359160e+01,-1.91377895e-03,-4.24440823e-03,1.12634009e-01,7.62456561e-02,5.59047819e-02,2.92990438e-03,3.91911975e-03,-1.95374370e-03
4.90000000e+01,2.39163240e+02,1.29656150e-01,-4.49834084e-02,1.83388504e-01,4.95540444e-02,8.05075718e-02,1.88316343e+02,1.32151521e-01,-4.07802472e-02,5.08468977e+01,-2.49537094e-03,-4.20316120e-03,1.80581420e-01,4.56810395e-02,8.28899353e-02,2.80708404e-03,3.87300494e-03,-2.38236344e-03
5.00000000e+01,2.36273795e+02,1.56322599e-01,8.31170763e-03,2.43065169e-01,1.26058574e-02,9.86544218e-02,1.86826160e+02,1.59446929e-01,1.21164638e-02,4.94476356e+01,-3.12433019e-03,-3.80475619e-03,2.40696724e-01,9.24986721e-03,1.01503033e-01,2.36844558e-03,3.35599017e-03,-2.84861144e-03
5.10000000e+01,2.33555106e+02,1.77083102e-01,5.47638987e-02,2.89558551e-01,-1.87601896e-02,1.13519433e-01,1.85411135e+02,1.80903470e-01,5.83932771e-02,4.81439708e+01,-3.82036761e-03,-3.62937845e-03,2.87894507e-01,-2.20075511e-02,1.16950470e-01,1.66404396e-03,3.24736144e-03,-3.43103760e-03
5.20000000e+01,2.31017922e+02,1.87878286e-01,9.79436360e-02,3.18920209e-01,-5.11302578e-02,1.21858603e-01,1.84100013e+02,1.91956739e-01,1.01941142e-01,4.69179088e+01,-4.07845300e-03,-3.99750643e-03,3.18168368e-01,-5.43907288e-02,1.25492082e-01,7.51840656e-04,3.26047096e-03,-3.63347882e-03
5.30000000e+01,2.28761678e+02,1.88851356e-01,1.22711988e-01,3.29811724e-01,-7.25274110e-02,1.22215469e-01,1.82983573e+02,1.93801960e-01,1.26333938e-01,4.57781045e+01,-4.95060397e-03,-3.62194934e-03,3.30048830e-01,-7.55291864e-02,1.26524035e-01,-2.37106172e-04,3.00177542e-03,-4.30856577e-03
5.40000000e+01,2.26688265e+02,1.72082380e-01,1.43982374e-01,3.22359963e-01,-9.27133294e-02,1.11511001e-01,1.81981829e+02,1.77336751e-01,1.47954896e-01,4.47064356e+01,-5.25437030e-03,-3.97252231e-03,3.23568716e-01,-9.58092979e-02,1.16043358e-01,-1.20875344e-03,3.09596848e-03,-4.53235634e-03
5.50000000e+01,2.24702433e+02,1.42380896e-01,1.62312892e-01,2.98594500e-01,-1.08966069e-01,9.37091844e-02,1.80991484e+02,1.47813512e-01,1.65845499e-01,4.37109492e+01,-5.43261546e-03,-3.53260649e-03,3.00629594e-01,-1.11887330e-01,9.84569596e-02,-2.03509432e-03,2.92126148e-03,-4.74777519e-03
5.60000000e+01,2.22915884e+02,1.16998284e-01,1.81727072e-01,2.61114698e-01,-1.25731255e-01,7.49581424e-02,1.80146157e+02,1.22449221e-01,1.86064059e-01,4.27697276e+01,-5.45093681e-03,-4.33698713e-03,2.63818320e-01,-1.29105110e-01,7.97520636e-02,-2.70362181e-03,3.37385520e-03,-4.79392120e-03
5.70000000e+01,2.21163388e+02,9.51024279e-02,1.92424735e-01,2.13124934e-01,-1.37403877e-01,6.07286721e-02,1.79268579e+02,1.00377159e-01,1.96257517e-01,4.18948094e+01,-5.27473073e-03,-3.83278176e-03,2.16270569e-01,-1.40457304e-01,6.54049291e-02,-3.14563494e-03,3.05342727e-03,-4.67625705e-03
5.80000000e+01,2.19750645e+02,7.61995420e-02,2.03829810e-01,1.57938713e-01,-1.48150932e-01,4.72311382e-02,1.78687655e+02,8.15040692e-02,2.07926423e-01,4.10629902e+01,-5.30452715e-03,-4.09661328e-03,1.61330976e-01,-1.51381486e-01,5.19691533e-02,-3.39226384e-03,3.23055393e-03,-4.73801516e-03
5.90000000e+01,2.18526342e+02,5.97541185e-02,2.08168043e-01,1.00356747e-01,-1.50465689e-01,3.57446940e-02,1.78239644e+02,6.45608396e-02,2.12117828e-01,4.02866975e+01,-4.80672109e-03,-3.94978470e-03,1.03769576e-01,-1.53762273e-01,4.00802062e-02,-3.41282934e-03,3.29658368e-03,-4.33551223e-03
6.00000000e+01,2.17625895e+02,4.98112592e-02,2.09773483e-01,4.43121827e-02,-1.50700384e-01,2.59232336e-02,1.78080731e+02,5.40295649e-02,2.14187110e-01,3.95451640e+01,-4.21830561e-03,-4.41362700e-03,4.75725860e-02,-1.54277745e-01,2.98389297e-02,-3.26040328e-03,3.57736101e-03,-3.91569608e-03
6.10000000e+01,2.16910667e+02,4.59660876e-02,2.04639316e-01,-6.86548777e-03,-1.47945188e-01,2.39066593e-02,1.78062313e+02,4.93786296e-02,2.08841304e-01,3.88483543e+01,-3.41254205e-03,-4.20198822e-03,-3.92141648e-03,-1.51392344e-01,2.71315438e-02,-2.94407129e-03,3.44715680e-03,-3.22488452e-03
6.20000000e+01,2.16325177e+02,4.18667210e-02,1.96419073e-01,-5.20368583e-02,-1.42117411e-01,2.03356539e-02,1.78144915e+02,4.49350518e-02,2.01392360e-01,3.81802618e+01,-3.06833079e-03,-4.97328661e-03,-4.94818150e-02,-1.46154774e-01,2.33897671e-02,-2.55504324e-03,4.03736278e-03,-3.05411323e-03
6.30000000e+01,2.15830837e+02,4.68441781e-02,1.92584690e-01,-9.00067648e-02,-1.36540003e-01,2.43196028e-02,1.78283674e+02,4.96870108e-02,1.97510971e-01,3.75471624e+01,-2.84283271e-03,-4.92628145e-03,-8.78851674e-02,-1.40588148e-01,2.71455010e-02,-2.12159744e-03,4.04814493e-03,-2.82589825e-03
6.40000000e+01,2.15192240e+02,5.28718948e-02,1.91947416e-01,-1.20720445e-01,-1.32969967e-01,2.63737158e-02,1.78254811e+02,5.63586137e-02,1.97222666e-01,3.69374290e+01,-3.48671884e-03,-5.27525064e-03,-1.19015136e-01,-1.37195865e-01,2.97954068e-02,-1.70530928e-03,4.22589850e-03,-3.42169103e-03
6.50000000e+01,2.14544066e+02,6.40333724e-02,1.93745573e-01,-1.43631716e-01,-1.34323416e-01,3.49302488e-02,1.78188600e+02,6.83574459e-02,1.98859610e-01,3.63554662e+01,-4.32407355e-03,-5.11403702e-03,-1.42338860e-01,-1.38350987e-01,3.88718519e-02,-1.29285658e-03,4.02757159e-03,-3.94160311e-03
6.60000000e+01,2.13677313e+02,6.60216364e-02,1.93042842e-01,-1.59269915e-01,-1.34244858e-01,3.68709422e-02,1.77877524e+02,7.08909677e-02,1.97831116e-01,3.57997881e+01,-4.86933135e-03,-4.78827392e-03,-1.58342820e-01,-1.37974113e-01,4.13528893e-02,-9.27095235e-04,3.72925558e-03,-4.48194711e-03
6.70000000e+01,2.13067418e+02,6.36653845e-02,1.88152956e-01,-1.68145685e-01,-1.29548176e-01,3.57311521e-02,1.77804251e+02,6.90106454e-02,1.91963854e-01,3.52631668e+01,-5.34526087e-03,-3.81089875e-03,-1.67557093e-01,-1.32558497e-01,4.04503695e-02,-5.88591997e-04,3.01032112e-03,-4.71921741e-03
6.80000000e+01,2.12405225e+02,6.34159822e-02,1.68875290e-01,-1.71484344e-01,-1.14362647e-01,3.55437385e-02,1.77659810e+02,6.87827305e-02,1.72557058e-01,3.47454149e+01,-5.36674836e-03,-3.68176750e-03,-1.71140862e-01,-1.17217616e-01,4.03903669e-02,-3.43482369e-04,2.85496943e-03,-4.84662838e-03
6.90000000e+01,2.11922053e+02,6.45682751e-02,1.49934977e-01,-1.70870611e-01,-1.01916197e-01,3.78343146e-02,1.77672408e+02,6.99416171e-02,1.53016037e-01,3.42496452e+01,-5.37334203e-03,-3.08106023e-03,-1.70691688e-01,-1.04304348e-01,4.25654710e-02,-1.78923373e-04,2.38815137e-03,-4.73115636e-03
7.00000000e+01,2.11599938e+02,6.83729702e-02,1.34727610e-01,-1.68461194e-01,-9.10241723e-02,4.04677769e-02,1.77834947e+02,7.37430524e-02,1.37177530e-01,3.37649902e+01,-5.37008213e-03,-2.44991931e-03,-1.68339340e-01,-9.28884936e-02,4.53185554e-02,-1.21853879e-04,1.86432133e-03,-4.85077842e-03
7.10000000e+01,2.11351604e+02,6.76448658e-02,1.31595278e-01,-1.65865022e-01,-8.70311381e-02,3.99177725e-02,1.78051593e+02,7.33115073e-02,1.32756063e-01,3.33000106e+01,-5.66664148e-03,-1.16078465e-03,-1.65735661e-01,-8.79819119e-02,4.49261638e-02,-1.29361107e-04,9.50773717e-04,-5.00839131e-03
7.20000000e+01,2.11259862e+02,6.70993329e-02,1.29222968e-01,-1.64546466e-01,-8.25232926e-02,3.79135229e-02,1.78422121e+02,7.27343217e-02,1.29848672e-01,3.28377404e+01,-5.63498877e-03,-6.25704118e-04,-1.64345070e-01,-8.29934428e-02,4.29743820e-02,-2.01395103e-04,4.70150162e-04,-5.06085907e-03
7.30000000e+01,2.11190940e+02,5.71299280e-02,1.28066237e-01,-1.64673091e-01,-8.15499271e-02,3.18786129e-02,1.78803917e+02,6.28696590e-02,1.27834385e-01,3.23870231e+01,-5.73973097e-03,2.31852181e-04,-1.64404743e-01,-8.13939789e-02,3.69005011e-02,-2.68347264e-04,-1.55948238e-04,-5.02188814e-03
7.40000000e+01,2.11021904e+02,4.78013145e-02,1.20790802e-01,-1.66415564e-01,-7.63203337e-02,2.54929044e-02,1.79078275e+02,5.30645862e-02,1.20764893e-01,3.19436290e+01,-5.26327168e-03,2.59087319e-05,-1.66081334e-01,-7.62972537e-02,3.01938573e-02,-3.34230208e-04,-2.30799195e-05,-4.70095295e-03
7.50000000e+01,2.10788049e+02,4.13869687e-02,1.16558492e-01,-1.68992287e-01,-7.12386301e-02,2.15160960e-02,1.79278284e+02,4.60923768e-02,1.16404233e-01,3.15097642e+01,-4.70540807e-03,1.54258378e-04,-1.68628991e-01,-7.12211454e-02,2.57141073e-02,-3.63296129e-04,-1.74847832e-05,-4.19801128e-03
7.60000000e+01,2.10481851e+02,4.30682955e-02,1.06403224e-01,-1.72545570e-01,-6.28445244e-02,2.04715093e-02,1.79401347e+02,4.68996656e-02,1.07007216e-01,3.10805037e+01,-3.83137012e-03,-6.03992108e-04,-1.72151886e-01,-6.33534116e-02,2.40497487e-02,-3.93684341e-04,5.08887188e-04,-3.57823940e-03
7.70000000e+01,2.10030472e+02,5.07427563e-02,9.07011798e-02,-1.77305060e-01,-5.22951795e-02,2.43957265e-02,1.79366802e+02,5.40980489e-02,9.13511098e-02,3.06636701e+01,-3.35529264e-03,-6.49929990e-04,-1.76902891e-01,-5.28666527e-02,2.74992046e-02,-4.02168329e-04,5.71473190e-04,-3.10347807e-03
7.80000000e+01,2.09492836e+02,6.45449810e-02,6.91885103e-02,-1.83227113e-01,-3.95220052e-02,3.24069401e-02,1.79237174e+02,6.72237556e-02,7.04904494e-02,3.02556612e+01,-2.67877458e-03,-1.30193917e-03,-1.82818735e-01,-4.05772482e-02,3.50154851e-02,-4.08378150e-04,1.05524302e-03,-2.60854501e-03
7.90000000e+01,2.08944465e+02,7.24045987e-02,6.10890110e-02,-1.90040922e-01,-3.38720900e-02,3.69366614e-02,1.79082981e+02,7.46745517e-02,6.24979007e-02,2.98614845e+01,-2.26995301e-03,-1.40888969e-03,-1.89670527e-01,-3.51329621e-02,3.91676880e-02,-3.70394517e-04,1.26087210e-03,-2.23102659e-03
8.00000000e+01,2.08349360e+02,7.68010723e-02,6.15977773e-02,-1.98062905e-01,-3.49502060e-02,3.77841689e-02,1.78873603e+02,7.85668628e-02,6.33322100e-02,2.94757572e+01,-1.76579052e-03,-1.73443262e-03,-1.97743836e-01,-3.64467443e-02,3.97037071e-02,-3.19069186e-04,1.49653828e-03,-1.91953822e-03
8.10000000e+01,2.07742047e+02,6.68365221e-02,7.12586592e-02,-2.07387477e-01,-4.39577772e-02,3.18053361e-02,1.78635956e+02,6.84046791e-02,7.26944692e-02,2.91060914e+01,-1.56815692e-03,-1.43581003e-03,-2.07146255e-01,-4.52584209e-02,3.34666369e-02,-2.41221496e-04,1.30064373e-03,-1.66130079e-03
8.20000000e+01,2.07120168e+02,5.70914263e-02,7.25835230e-02,-2.18419387e-01,-4.84754721e-02,2.64557109e-02,1.78372858e+02,5.79908434e-02,7.47557236e-02,2.87473100e+01,-8.99417084e-04,-2.17220063e-03,-2.18235849e-01,-5.03459568e-02,2.76509862e-02,-1.83537814e-04,1.87048477e-03,-1.19527534e-03
8.30000000e+01,2.06471248e+02,5.26628778e-02,7.03219211e-02,-2.29931572e-01,-4.86643202e-02,2.46833359e-02,1.78068735e+02,5.32488985e-02,7.23919299e-02,2.84025130e+01,-5.86020622e-04,-2.07000879e-03,-2.29822182e-01,-5.05336959e-02,2.55690233e-02,-1.09390003e-04,1.86937578e-03,-8.85687430e-04
8.40000000e+01,2.05799689e+02,6.26363957e-02,5.03729718e-02,-2.40003336e-01,-3.64346663e-02,3.10708514e-02,1.77733724e+02,6.22781757e-02,5.35996664e-02,2.80659657e+01,3.58219995e-04,-3.22669460e-03,-2.39960311e-01,-3.91854250e-02,3.13133268e-02,-4.30247238e-05,2.75075866e-03,-2.42475404e-04
8.50000000e+01,2.05156983e+02,7.58199622e-02,1.94626290e-02,-2.46470666e-01,-1.78301220e-02,4.19068101e-02,1.77414145e+02,7.50210441e-02,2.30129635e-02,2.77428380e+01,7.98918060e-04,-3.55033448e-03,-2.46527015e-01,-2.08035467e-02,4.16865797e-02,5.63496411e-05,2.97342466e-03,2.20230393e-04
8.60000000e+01,2.04496503e+02,9.04574127e-02,-2.00058015e-02,-2.48248378e-01,6.38523743e-03,5.44505018e-02,1.77070866e+02,8.86772344e-02,-1.54415428e-02,2.74256365e+01,1.78017827e-03,-4.56425870e-03,-2.48404801e-01,2.64045464e-03,5.35354504e-02,1.56423002e-04,3.74478279e-03,9.15051405e-04
8.70000000e+01,2.03837261e+02,1.01240317e-01,-4.68683934e-02,-2.45518266e-01,2.49643160e-02,6.45697852e-02,1.76716417e+02,9.88245261e-02,-4.24028852e-02,2.71208437e+01,2.41579057e-03,-4.46550820e-03,-2.45784343e-01,2.12305249e-02,6.30671196e-02,2.66077176e-04,3.73379103e-03,1.50266554e-03
8.80000000e+01,2.03104989e+02,1.10679037e-01,-5.93543133e-02,-2.40815181e-01,3.39523646e-02,7.18654063e-02,1.76285053e+02,1.07129936e-01,-5.43522291e-02,2.68199363e+01,3.54910192e-03,-5.00208411e-03,-2.41159488e-01,2.98119502e-02,6.95680977e-02,3.44307350e-04,4.14041440e-03,2.29730866e-03
8.90000000e+01,2.02369821e+02,1.14846517e-01,-4.92819403e-02,-2.36428412e-01,2.67923836e-02,7.73881034e-02,1.75840449e+02,1.10557129e-01,-4.49171444e-02,2.65293729e+01,4.28938773e-03,-4.36479590e-03,-2.36835073e-01,2.31388942e-02,7.43808724e-02,4.06661537e-04,3.65348932e-03,3.00723101e-03
9.00000000e+01,2.01678770e+02,1.17373432e-01,-3.49953426e-02,-2.33891661e-01,1.57148747e-02,8.00034162e-02,1.75437417e+02,1.11906663e-01,-3.07094545e-02,2.62413532e+01,5.46676976e-03,-4.28588809e-03,-2.34323389e-01,1.21195081e-02,7.61134290e-02,4.31728822e-04,3.59536654e-03,3.88998721e-03
9.10000000e+01,2.01116477e+02,1.12404549e-01,-1.06046592e-02,-2.32862287e-01,-1.98477966e-04,7.59552844e-02,1.75153811e+02,1.06137272e-01,-7.10127172e-03,2.59626660e+01,6.26727680e-03,-3.50338744e-03,-2.33314080e-01,-3.22718903e-03,7.13150917e-02,4.51792954e-04,3.02871107e-03,4.64019270e-03
9.20000000e+01,2.00686570e+02,1.06789570e-01,6.81610919e-03,-2.32555071e-01,-1.09525695e-02,6.84831564e-02,1.75000167e+02,9.94910048e-02,1.05372020e-02,2.56864025e+01,7.29856531e-03,-3.72109279e-03,-2.33020053e-01,-1.41166118e-02,6.30703854e-02,4.64982743e-04,3.16404236e-03,5.41277105e-03
9.30000000e+01,2.00356096e+02,9.36491789e-02,1.42272072e-02,-2.31911175e-01,-1.63773049e-02,5.69773178e-02,1.74933139e+02,8.58085675e-02,1.77518803e-02,2.54229573e+01,7.84061140e-03,-3.52467315e-03,-2.32416913e-01,-1.93248355e-02,5.10041085e-02,5.05738430e-04,2.94753059e-03,5.97320929e-03
9.40000000e+01,2.00026738e+02,8.21011970e-02,3.06694842e-03,-2.30600792e-01,-1.10025857e-02,4.56079872e-02,1.74863035e+02,7.34820217e-02,6.90109152e-03,2.51637033e+01,8.61917530e-03,-3.83414309e-03,-2.31154589e-01,-1.41501966e-02,3.90834693e-02,5.53797745e-04,3.14761085e-03,6.52451798e-03
9.50000000e+01,1.99662951e+02,6.90950219e-02,-1.40074613e-02,-2.28139640e-01,1.33064213e-04,3.44080091e-02,1.74749685e+02,6.01224512e-02,-1.06587071e-02,2.49132664e+01,8.97257070e-03,-3.34875423e-03,-2.28762325e-01,-2.62179517e-03,2.75683052e-02,6.22684610e-04,2.75485939e-03,6.83970393e-03
9.60000000e+01,1.99212643e+02,6.28429000e-02,-3.42415017e-02,-2.24432044e-01,1.37494045e-02,2.72728438e-02,1.74546437e+02,5.31367089e-02,-3.13806603e-02,2.46662059e+01,9.70619107e-03,-2.86084136e-03,-2.25103167e-01,1.14231455e-02,1.99554882e-02,6.71122807e-04,2.32625896e-03,7.31735556e-03
9.70000000e+01,1.98688069e+02,5.44934736e-02,-4.61476775e-02,-2.20361397e-01,2.06183609e-02,2.26121811e-02,1.74258541e+02,4.42421665e-02,-4.47373479e-02,2.44295276e+01,1.02513071e-02,-1.41032960e-03,-2.21070983e-01,1.94946230e-02,1.47994807e-02,7.09585706e-04,1.12373785e-03,7.81270035e-03
9.80000000e+01,1.98098959e+02,4.69392968e-02,-4.74006589e-02,-2.17135028e-01,1.93495367e-02,1.92538072e-02,1.73900263e+02,3.57263069e-02,-4.79077413e-02,2.41986959e+01,1.12129900e-02,5.07082349e-04,-2.17841509e-01,1.97400517e-02,1.07812947e-02,7.06480694e-04,-3.90514948e-04,8.47251248e-03
9.90000000e+01,1.97536941e+02,4.02034799e-02,-4.17399226e-02,-2.14813370e-01,1.44261237e-02,1.81703223e-02,1.73558463e+02,2.84754102e-02,-4.49192042e-02,2.39784774e+01,1.17280698e-02,3.17928165e-03,-2.15508979e-01,1.69344140e-02,9.29768701e-03,6.95609073e-04,-2.50829037e-03,8.87263534e-03
1.00000000e+02,1.97094797e+02,3.69309218e-02,-3.67071991e-02,-2.13128995e-01,9.18645163e-03,1.81378749e-02,1.73332490e+02,2.50160798e-02,-4.26891919e-02,2.37623072e+01,1.19148420e-02,5.98199286e-03,-2.13800924e-01,1.39023892e-02,9.20895738e-03,6.71928899e-04,-4.71593757e-03,8.92891750e-03
1.01000000e+02,1.96860014e+02,3.46953844e-02,-3.70261518e-02,-2.11303501e-01,6.16469227e-03,1.98336660e-02,1.73304903e+02,2.40432193e-02,-4.58884988e-02,2.35551104e+01,1.06521651e-02,8.86234699e-03,-2.11980826e-01,1.32106042e-02,1.18973692e-02,6.77325682e-04,-7.04591197e-03,7.93629678e-03
1.02000000e+02,1.96749369e+02,3.24992005e-02,-2.86302617e-02,-2.09131189e-01,-3.32905973e-03,1.95504301e-02,1.73397477e+02,2.36968105e-02,-4.03607659e-02,2.33518917e+01,8.80239004e-03,1.17305043e-02,-2.09819175e-01,5.95514237e-03,1.31783495e-02,6.87986288e-04,-9.28420210e-03,6.37208061e-03
1.03000000e+02,1.96700005e+02,2.82551905e-02,-1.62943041e-02,-2.06719396e-01,-1.44274794e-02,1.74936196e-02,1.73542116e+02,2.17031349e-02,-3.03758106e-02,2.31578890e+01,6.55205557e-03,1.40815065e-02,-2.07439222e-01,-3.25676762e-03,1.29103379e-02,7.19826322e-04,-1.11707118e-02,4.58328173e-03
1.04000000e+02,1.96525630e+02,2.09545865e-02,8.58860236e-05,-2.04324271e-01,-2.89480440e-02,1.24627359e-02,1.73557754e+02,1.62839917e-02,-1.60586916e-02,2.29678761e+01,4.67059483e-03,1.61445776e-02,-2.05067273e-01,-1.61879368e-02,9.38363060e-03,7.43002962e-04,-1.27601072e-02,3.07910528e-03
1.05000000e+02,1.96185916e+02,1.09447133e-02,1.04515104e-02,-2.01855937e-01,-4.08017930e-02,6.82860623e-03,1.73398523e+02,8.05231952e-03,-6.65998108e-03,2.27873934e+01,2.89239374e-03,1.71114915e-02,-2.02634772e-01,-2.72155427e-02,5.10678769e-03,7.78834961e-04,-1.35862504e-02,1.72181854e-03
1.06000000e+02,1.95591192e+02,8.24275279e-04,2.01038264e-02,-1.99344427e-01,-5.27282148e-02,-8.95065212e-05,1.72980830e+02,-9.26192163e-04,3.13099038e-03,2.26103615e+01,1.75046744e-03,1.69728360e-02,-2.00144077e-01,-3.93072093e-02,-8.82993222e-04,7.99650423e-04,-1.34210056e-02,7.93486701e-04
1.07000000e+02,1.94823949e+02,-3.22194783e-03,2.06964628e-02,-1.96465938e-01,-5.56411868e-02,-2.82521985e-03,1.72381168e+02,-4.24963462e-03,5.63364132e-03,2.24427804e+01,1.02768680e-03,1.50628215e-02,-1.97294386e-01,-4.37473475e-02,-3.05642241e-03,8.28447652e-04,-1.18938393e-02,2.31202556e-04
1.08000000e+02,1.93887473e+02,-5.86209258e-03,1.66584305e-02,-1.92977949e-01,-5.34633590e-02,-5.52758546e-03,1.71610791e+02,-6.27149294e-03,4.30137989e-03,2.22766813e+01,4.09400357e-04,1.23570506e-02,-1.93820713e-01,-4.37880417e-02,-5.23927400e-03,8.42764010e-04,-9.67531737e-03,-2.88311463e-04
1.09000000e+02,1.92866007e+02,-6.88013240e-03,-5.67240894e-04,-1.88565799e-01,-4.12158735e-02,-5.78704186e-03,1.70749480e+02,-6.83787537e-03,-9.29413561e-03,2.21165265e+01,-4.22570291e-05,8.72689472e-03,-1.89437939e-01,-3.43911139e-02,-5.15006055e-03,8.72139459e-04,-6.82475963e-03,-6.36981310e-04
1.10000000e+02,1.91781822e+02,-8.91149969e-03,-1.32388668e-02,-1.83476196e-01,-3.12637908e-02,-7.47859760e-03,1.69824762e+02,-8.83373115e-03,-1.90308373e-02,2.19570599e+01,-7.77685410e-05,5.79197058e-03,-1.84366267e-01,-2.68732417e-02,-6.78574900e-03,8.90070763e-04,-4.39054915e-03,-6.92848607e-04
1.11000000e+02,1.90716014e+02,-8.48241568e-03,-2.45861876e-02,-1.77918747e-01,-2.00508041e-02,-6.55166293e-03,1.68912034e+02,-9.01435638e-03,-2.74180991e-02,2.18039794e+01,5.31940692e-04,2.83191155e-03,-1.78834980e-01,-1.80189551e-02,-6.37952949e-03,9.16233092e-04,-2.03184907e-03,-1.72133445e-04
1.12000000e+02,1.89619215e+02,-1.23648361e-02,-2.35759033e-02,-1.72275893e-01,-1.69362389e-02,-8.84080181e-03,1.67966405e+02,-1.42134034e-02,-2.45895296e-02,2.16528098e+01,1.84856733e-03,1.01362639e-03,-1.73194090e-01,-1.64359906e-02,-9.75629156e-03,9.18196960e-04,-5.00248350e-04,9.15489747e-04
1.13000000e+02,1.88544633e+02,-1.88240636e-02,-2.45006417e-02,-1.66759529e-01,-1.36511979e-02,-1.20197393e-02,1.67034027e+02,-2.23972993e-02,-2.34965917e-02,2.15106060e+01,3.57323562e-03,-1.00405002e-03,-1.67675612e-01,-1.46959824e-02,-1.43554441e-02,9.16082478e-04,1.04478450e-03,2.33570478e-03
1.14000000e+02,1.87490652e+02,-2.81396983e-02,-1.48595428e-02,-1.62056029e-01,-1.79786593e-02,-1.90023081e-02,1.66118605e+02,-3.32919894e-02,-1.31204879e-02,2.13720466e+01,5.15229114e-03,-1.73905488e-03,-1.62942562e-01,-1.96718868e-02,-2.25745971e-02,8.86532123e-04,1.69322749e-03,3.57228901e-03
1.15000000e+02,1.86561691e+02,-3.42049072e-02,-9.87643858e-03,-1.58758607e-01,-1.78634206e-02,-2.40822219e-02,1.65320186e+02,-4.01968822e-02,-7.07145163e-03,2.12415056e+01,5.99197498e-03,-2.80498694e-03,-1.59615509e-01,-2.03455223e-02,-2.83223653e-02,8.56901569e-04,2.48210177e-03,4.24014335e-03
1.16000000e+02,1.85757252e+02,-3.78663786e-02,-1.52551922e-03,-1.57187876e-01,-2.03059778e-02,-2.83380205e-02,1.64642852e+02,-4.40671974e-02,1.05666092e-03,2.11144004e+01,6.20081884e-03,-2.58218014e-03,-1.57997700e-01,-2.26435541e-02,-3.27291515e-02,8.09824226e-04,2.33757622e-03,4.39113093e-03
1.17000000e+02,1.85106288e+02,-3.66192264e-02,-6.67886725e-03,-1.56881648e-01,-1.40557616e-02,-2.77136162e-02,1.64110865e+02,-4.23948328e-02,-4.06098368e-03,2.09954229e+01,5.77560642e-03,-2.61788358e-03,-1.57657984e-01,-1.63145475e-02,-3.17767869e-02,7.76336154e-04,2.25878585e-03,4.06317079e-03
1.18000000e+02,1.84518506e+02,-3.26964186e-02,-4.77205554e-03,-1.57328279e-01,-1.27701370e-02,-2.49033652e-02,1.63640392e+02,-3.81258306e-02,-3.68256864e-03,2.08781138e+01,5.42941197e-03,-1.08948690e-03,-1.58068165e-01,-1.38498404e-02,-2.86562041e-02,7.39886655e-04,1.07970337e-03,3.75283891e-03
1.19000000e+02,1.83974943e+02,-2.70269626e-02,-8.51717213e-03,-1.57856345e-01,-6.26472170e-03,-1.88605619e-02,1.63207583e+02,-3.18862790e-02,-8.22396651e-03,2.07673605e+01,4.85931641e-03,-2.93205621e-04,-1.58581325e-01,-6.64034483e-03,-2.21814764e-02,7.24980428e-04,3.75623126e-04,3.32091457e-03
1.20000000e+02,1.83419245e+02,-2.60076828e-02,-2.52053412e-03,-1.58302369e-01,-6.27870109e-03,-1.53111086e-02,1.62761838e+02,-3.05934601e-02,-3.70199821e-03,2.06574078e+01,4.58577722e-03,1.18146409e-03,-1.59007407e-01,-5.55922363e-03,-1.84263604e-02,7.05037539e-04,-7.19477464e-04,3.11525179e-03
1.21000000e+02,1.82848961e+02,-2.90016184e-02,-6.05789516e-03,-1.58702148e-01,-5.18080281e-04,-1.31005173e-02,1.62295241e+02,-3.31410468e-02,-6.61672501e-03,2.05537201e+01,4.13942837e-03,5.58829851e-04,-1.59399753e-01,-2.03144808e-04,-1.58984763e-02,6.97604385e-04,-3.14935473e-04,2.79795900e-03
1.22000000e+02,1.82208664e+02,-3.39665201e-02,-1.12621921e-04,-1.59399249e-01,-1.36415616e-03,-1.24187818e-02,1.61756534e+02,-3.83132927e-02,-1.82722484e-04,2.04521305e+01,4.34677261e-03,7.01005635e-05,-1.60075075e-01,-1.54360267e-03,-1.53534914e-02,6.75826039e-04,1.79446505e-04,2.93470959e-03
1.23000000e+02,1.81540607e+02,-3.72880625e-02,-3.81434209e-03,-1.60422811e-01,5.03854701e-03,-9.56780827e-03,1.61182883e+02,-4.17768652e-02,-1.15496444e-03,2.03577245e+01,4.48880276e-03,-2.65937764e-03,-1.61086322e-01,2.73937050e-03,-1.26435000e-02,6.63511307e-04,2.29917651e-03,3.07569168e-03
1.24000000e+02,1.80847342e+02,-3.89582510e-02,1.05302265e-03,-1.61945558e-01,5.40922956e-03,-5.95461805e-03,1.60580823e+02,-4.42310589e-02,5.56248366e-03,2.02665187e+01,5.27280788e-03,-4.50946101e-03,-1.62585594e-01,1.52588301e-03,-9.65251722e-03,6.40035646e-04,3.88334655e-03,3.69789917e-03
1.25000000e+02,1.80214716e+02,-4.03991902e-02,-6.30964048e-03,-1.63717275e-01,1.40036148e-02,-2.13566241e-03,1.60030563e+02,-4.61164788e-02,1.22010467e-03,2.01841534e+01,5.71728859e-03,-7.52974515e-03,-1.64351722e-01,7.80027319e-03,-6.21456605e-03,6.34447013e-04,6.20334159e-03,4.07890364e-03
1.26000000e+02,1.79648830e+02,-4.07716423e-02,-1.87387833e-03,-1.65692881e-01,1.49138960e-02,5.37094228e-04,1.59544008e+02,-4.72678158e-02,6.47651728e-03,2.01048215e+01,6.49617352e-03,-8.35039561e-03,-1.66320508e-01,7.96778108e-03,-4.11551702e-03,6.27627740e-04,6.94611487e-03,4.65261125e-03
1.27000000e+02,1.79222336e+02,-4.13394790e-02,-7.36926770e-03,-1.67484816e-01,2.33789715e-02,2.44873493e-03,1.59189014e+02,-4.76910483e-02,2.39929044e-03,2.00333221e+01,6.35156936e-03,-9.76855814e-03,-1.68126439e-01,1.54146027e-02,-2.10690495e-03,6.41622097e-04,7.96436880e-03,4.55563988e-03
1.28000000e+02,1.78930533e+02,-4.26438228e-02,-2.22306653e-03,-1.69135748e-01,2.41343063e-02,1.74599769e-03,1.58966772e+02,-4.87670635e-02,6.44235428e-03,1.99637617e+01,6.12324067e-03,-8.66542081e-03,-1.69787612e-01,1.69628676e-02,-2.60780251e-03,6.51864040e-04,7.17143876e-03,4.35380020e-03
1.29000000e+02,1.78797985e+02,-4.60994841e-02,-1.03087048e-02,-1.70351875e-01,3.31991040e-02,-1.69344304e-03,1.58897077e+02,-5.08405671e-02,-1.78735005e-03,1.99009070e+01,4.74108302e-03,-8.52135470e-03,-1.71027848e-01,2.62655340e-02,-4.95730703e-03,6.75972343e-04,6.93356995e-03,3.26386399e-03
1.30000000e+02,1.78753240e+02,-4.90646261e-02,-5.99656690e-03,-1.71330650e-01,3.36049750e-02,-7.05340920e-03,1.58914411e+02,-5.23316430e-02,3.95411061e-04,1.98388293e+01,3.26701688e-03,-6.39197796e-03,-1.72020182e-01,2.82799315e-02,-9.07662749e-03,6.89531482e-04,5.32504343e-03,2.02321829e-03
1.31000000e+02,1.78805076e+02,-5.07185869e-02,-1.30573714e-02,-1.71958703e-01,4.26232481e-02,-1.19150739e-02,1.59022568e+02,-5.12812608e-02,-6.90532593e-03,1.97825081e+01,5.62673938e-04,-6.15204546e-03,-1.72666972e-01,3.75841552e-02,-1.17741252e-02,7.08269044e-04,5.03909295e-03,-1.40948765e-04
1.32000000e+02,1.78910081e+02,-5.16997193e-02,-8.20078895e-03,-1.72408118e-01,4.37910543e-02,-1.70823075e-02,1.59182744e+02,-4.93810620e-02,-3.57613992e-03,1.97273370e+01,-2.31865729e-03,-4.62464902e-03,-1.73118464e-01,3.98384513e-02,-1.45983159e-02,7.10346763e-04,3.95260305e-03,-2.48399154e-03
1.33000000e+02,1.79079324e+02,-5.44400520e-02,-1.71456111e-02,-1.72608747e-01,5.45107092e-02,-2.20494923e-02,1.59401113e+02,-4.83304102e-02,-1.15923670e-02,1.96782111e+01,-6.10964180e-03,-5.55324405e-03,-1.73324710e-01,4.99070663e-02,-1.65534795e-02,7.15962500e-04,4.60364293e-03,-5.49601276e-03
1.34000000e+02,1.79229657e+02,-5.50016804e-02,-1.26407551e-02,-1.72759128e-01,5.63033879e-02,-2.53886889e-02,1.59600223e+02,-4.60952711e-02,-7.46142370e-03,1.96294338e+01,-8.90640925e-03,-5.17933141e-03,-1.73467125e-01,5.18679212e-02,-1.76073037e-02,7.07997350e-04,4.43546665e-03,-7.78138515e-03
1.35000000e+02,1.79363888e+02,-5.27155361e-02,-1.86890771e-02,-1.72808340e-01,6.55799147e-02,-2.47272316e-02,1.59778731e+02,-4.16255158e-02,-1.16864324e-02,1.95851570e+01,-1.10900203e-02,-7.00264460e-03,-1.73515927e-01,5.97842461e-02,-1.52606612e-02,7.07587054e-04,5.79566854e-03,-9.46657043e-03
1.36000000e+02,1.79433861e+02,-4.79544062e-02,-1.15901073e-02,-1.72871071e-01,6.53550634e-02,-2.08815939e-02,1.59893593e+02,-3.71264820e-02,-4.82198571e-03,1.95402678e+01,-1.08279242e-02,-6.76812159e-03,-1.73568676e-01,5.96092689e-02,-1.16642352e-02,6.97605352e-04,5.74579448e-03,-9.21735873e-03
1.37000000e+02,1.79467676e+02,-4.35005873e-02,-1.82086782e-02,-1.72864940e-01,7.34481193e-02,-1.49879168e-02,1.59967817e+02,-3.43081843e-02,-9.98605048e-03,1.94998586e+01,-9.19240295e-03,-8.22262770e-03,-1.73562652e-01,6.66740655e-02,-7.17515341e-03,6.97712157e-04,6.77405379e-03,-7.81276342e-03
1.38000000e+02,1.79411851e+02,-3.79415195e-02,-9.91044622e-03,-1.72912435e-01,7.08422817e-02,-8.11517283e-03,1.59952736e+02,-3.24583730e-02,-2.78208407e-03,1.94591157e+01,-5.48314652e-03,-7.12836215e-03,-1.73601751e-01,6.48312503e-02,-3.27742709e-03,6.89316202e-04,6.01103138e-03,-4.83774574e-03
1.39000000e+02,1.79298908e+02,-3.15458231e-02,-1.48208612e-02,-1.72915149e-01,7.68216629e-02,5.31777267e-04,1.59875264e+02,-2.95141925e-02,-7.25370887e-03,1.94236435e+01,-2.03163062e-03,-7.56715234e-03,-1.73605792e-01,7.05995680e-02,2.54303527e-03,6.90642998e-04,6.22209484e-03,-2.01125800e-03
1.40000000e+02,1.79103412e+02,-2.57442682e-02,-7.62067507e-03,-1.72879389e-01,7.41722713e-02,8.50797852e-03,1.59713473e+02,-2.70433477e-02,-2.25458352e-03,1.93899387e+01,1.29907952e-03,-5.36609154e-03,-1.73562947e-01,6.95829956e-02,7.86909399e-03,6.83558009e-04,4.58927565e-03,6.38884536e-04
1.41000000e+02,1.78875296e+02,-2.46142729e-02,-1.51385347e-02,-1.72699427e-01,8.07463243e-02,1.37482172e-02,1.59512298e+02,-2.73083708e-02,-1.03776438e-02,1.93629978e+01,2.69409792e-03,-4.76089091e-03,-1.73387129e-01,7.67675600e-02,1.19947046e-02,6.87702599e-04,3.97876429e-03,1.75351255e-03
1.42000000e+02,1.78578784e+02,-2.40783561e-02,-6.71226512e-03,-1.72419601e-01,7.54453602e-02,1.71062118e-02,1.59241819e+02,-2.75057084e-02,-5.21731641e-03,1.93369652e+01,3.42735232e-03,-1.49494871e-03,-1.73107039e-01,7.39792455e-02,1.48520372e-02,6.87437836e-04,1.46611476e-03,2.25417461e-03
1.43000000e+02,1.78260064e+02,-2.52370753e-02,-1.09394749e-02,-1.71990883e-01,7.73618728e-02,1.92966201e-02,1.58944000e+02,-2.77532261e-02,-1.10955438e-02,1.93160636e+01,2.51615079e-03,1.56068936e-04,-1.72693517e-01,7.73602805e-02,1.77656373e-02,7.02633891e-04,1.59230979e-06,1.53098280e-03
1.44000000e+02,1.77895242e+02,-2.54539768e-02,-3.23760442e-03,-1.71530198e-01,6.94950005e-02,2.07221269e-02,1.58599774e+02,-2.72448219e-02,-7.26208621e-03,1.92954683e+01,1.79084509e-03,4.02448179e-03,-1.72242923e-01,7.24747147e-02,1.98211627e-02,7.12724806e-04,-2.97971421e-03,9.00964260e-04
1.45000000e+02,1.77528134e+02,-2.90942771e-02,-1.14371941e-02,-1.71017811e-01,7.07861538e-02,1.94143522e-02,1.58249734e+02,-2.93524676e-02,-1.69411439e-02,1.92783998e+01,2.58190531e-04,5.50394977e-03,-1.71750357e-01,7.50675111e-02,1.97148455e-02,7.32545460e-04,-4.28135722e-03,-3.00493312e-04
1.46000000e+02,1.77157918e+02,-2.99931347e-02,-5.33399446e-03,-1.70577889e-01,6.14206604e-02,1.84780437e-02,1.57898189e+02,-2.95845219e-02,-1.38310532e-02,1.92597289e+01,-4.08612789e-04,8.49705879e-03,-1.71318640e-01,6.79551032e-02,1.93509734e-02,7.40751533e-04,-6.53444278e-03,-8.72929707e-04
1.47000000e+02,1.76813613e+02,-3.11038558e-02,-1.27335898e-02,-1.70120473e-01,6.06848877e-02,1.78070566e-02,1.57569572e+02,-2.95406900e-02,-2.15106997e-02,1.92440409e+01,-1.56316574e-03,8.77710987e-03,-1.70873498e-01,6.75337381e-02,1.95419786e-02,7.53024487e-04,-6.84885040e-03,-1.73492200e-03
1.48000000e+02,1.76444306e+02,-3.00303382e-02,-8.12832237e-03,-1.69751235e-01,5.13907668e-02,1.81792676e-02,1.57217050e+02,-2.80876311e-02,-1.85988048e-02,1.92272554e+01,-1.94270708e-03,1.04704825e-02,-1.70501477e-01,5.94510914e-02,2.02189319e-02,7.50242074e-04,-8.06032461e-03,-2.03966426e-03
1.49000000e+02,1.76077224e+02,-3.28114628e-02,-1.77907767e-02,-1.69340817e-01,5.19544656e-02,1.67423360e-02,1.56861975e+02,-2.98506509e-02,-2.76938875e-02,1.92152492e+01,-2.96081188e-03,9.90311078e-03,-1.70092547e-01,5.96488103e-02,1.95466568e-02,7.51730171e-04,-7.69434475e-03,-2.80432078e-03
1.50000000e+02,1.75686081e+02,-3.30900822e-02,-1.31696218e-02,-1.68984229e-01,4.26682440e-02,1.67455951e-02,1.56482148e+02,-2.98621926e-02,-2.44568557e-02,1.92039327e+01,-3.22788963e-03,1.12872339e-02,-1.69726830e-01,5.13684272e-02,1.97950722e-02,7.42601516e-04,-8.70018327e-03,-3.04947712e-03
1.51000000e+02,1.75330889e+02,-3.30649978e-02,-1.98221557e-02,-1.68619900e-01,4.07834966e-02,1.76681691e-02,1.56132962e+02,-2.89723207e-02,-3.07841177e-02,1.91979275e+01,-4.09267708e-03,1.09619619e-02,-1.69362998e-01,4.93354483e-02,2.13705360e-02,7.43097556e-04,-8.55195170e-03,-3.70236687e-03
1.52000000e+02,1.74998913e+02,-3.10450679e-02,-1.59737938e-02,-1.68383423e-01,3.09355069e-02,1.90939514e-02,1.55806904e+02,-2.67319273e-02,-2.86316885e-02,1.91920085e+01,-4.31314059e-03,1.26578947e-02,-1.69119185e-01,4.07537880e-02,2.30117736e-02,7.35761455e-04,-9.81828114e-03,-3.91782219e-03
1.53000000e+02,1.74733592e+02,-3.35439459e-02,-2.39927149e-02,-1.68223877e-01,2.91707401e-02,1.75696632e-02,1.55542990e+02,-2.83445539e-02,-3.67383638e-02,1.91906015e+01,-5.19939193e-03,1.27456489e-02,-1.68961749e-01,3.91502980e-02,2.21636476e-02,7.37871597e-04,-9.97955792e-03,-4.59398433e-03
1.54000000e+02,1.74492724e+02,-3.48459556e-02,-1.92076425e-02,-1.68271290e-01,1.90788313e-02,1.57730575e-02,1.55304355e+02,-2.95225016e-02,-3.36842315e-02,1.91883687e+01,-5.32345400e-03,1.44765890e-02,-1.69002338e-01,3.03482048e-02,2.04986873e-02,7.31047834e-04,-1.12693734e-02,-4.72562980e-03
1.55000000e+02,1.74312196e+02,-3.67096345e-02,-2.39777401e-02,-1.68454392e-01,1.67310962e-02,1.41299575e-02,1.55122123e+02,-3.07719394e-02,-3.82159842e-02,1.91900732e+01,-5.93769509e-03,1.42382441e-02,-1.69188715e-01,2.78883488e-02,1.93071747e-02,7.34323282e-04,-1.11572526e-02,-5.17721724e-03
1.56000000e+02,1.74151474e+02,-3.55301505e-02,-1.98069391e-02,-1.68791208e-01,8.93381280e-03,1.40752551e-02,1.54960841e+02,-2.96926863e-02,-3.50189684e-02,1.91906322e+01,-5.83746426e-03,1.52120293e-02,-1.69521735e-01,2.07776586e-02,1.92055388e-02,7.30526804e-04,-1.18438458e-02,-5.13028370e-03
1.57000000e+02,1.74040190e+02,-3.78614267e-02,-2.74503471e-02,-1.69074069e-01,1.06557832e-02,1.25986611e-02,1.54845239e+02,-3.14469494e-02,-4.18034182e-02,1.91949508e+01,-6.41447735e-03,1.43530711e-02,-1.69811863e-01,2.18625354e-02,1.81552735e-02,7.37793399e-04,-1.12067522e-02,-5.55661246e-03
1.58000000e+02,1.73936152e+02,-3.75629424e-02,-2.31599255e-02,-1.69369800e-01,5.60555969e-03,1.22819344e-02,1.54737754e+02,-3.12741216e-02,-3.79730396e-02,1.91983976e+01,-6.28882078e-03,1.48131141e-02,-1.70107436e-01,1.70828773e-02,1.77724647e-02,7.37636014e-04,-1.14773177e-02,-5.49053032e-03
1.59000000e+02,1.73876045e+02,-3.84990970e-02,-2.83596604e-02,-1.69542540e-01,8.20244933e-03,1.19384354e-02,1.54669976e+02,-3.17219192e-02,-4.20498345e-02,1.92060692e+01,-6.77717778e-03,1.36901741e-02,-1.70289688e-01,1.88521403e-02,1.77849024e-02,7.47148161e-04,-1.06496910e-02,-5.84646699e-03
1.60000000e+02,1.73829107e+02,-3.65500410e-02,-2.55925764e-02,-1.69737558e-01,5.78845342e-03,1.28781036e-02,1.54616648e+02,-2.98588580e-02,-3.94526913e-02,1.92124589e+01,-6.69118293e-03,1.38601149e-02,-1.70485376e-01,1.65118451e-02,1.86922383e-02,7.47818605e-04,-1.07233917e-02,-5.81413476e-03
1.61000000e+02,1.73830897e+02,-3.89905856e-02,-3.36118062e-02,-1.69856019e-01,1.15572929e-02,1.12528703e-02,1.54608491e+02,-3.16390226e-02,-4.63938744e-02,1.92224064e+01,-7.35156300e-03,1.27820682e-02,-1.70611822e-01,2.14722628e-02,1.75690951e-02,7.55803191e-04,-9.91496988e-03,-6.31622478e-03
1.62000000e+02,1.73836830e+02,-3.90471306e-02,-3.07374619e-02,-1.70015740e-01,1.07750095e-02,1.00473153e-02,1.54606274e+02,-3.16772868e-02,-4.37148561e-02,1.92305564e+01,-7.36984380e-03,1.29773941e-02,-1.70769190e-01,2.07819577e-02,1.64290110e-02,7.53450518e-04,-1.00069482e-02,-6.38169565e-03
1.63000000e+02,1.73867416e+02,-3.99408159e-02,-3.57600076e-02,-1.70114902e-01,1.62457201e-02,8.70787079e-03,1.54625726e+02,-3.18634784e-02,-4.77517222e-02,1.92416891e+01,-8.07733756e-03,1.19917146e-02,-1.70873268e-01,2.55066401e-02,1.56222172e-02,7.58365646e-04,-9.26091996e-03,-6.91434640e-03
1.64000000e+02,1.73875625e+02,-3.84258308e-02,-3.38344238e-02,-1.70200246e-01,1.70883686e-02,8.21342908e-03,1.54624492e+02,-3.02031926e-02,-4.58106459e-02,1.92511332e+01,-8.22263818e-03,1.19762222e-02,-1.70953724e-01,2.62929932e-02,1.52765352e-02,7.53477839e-04,-9.20462451e-03,-7.06310614e-03
1.65000000e+02,1.73887953e+02,-4.17672622e-02,-4.03279505e-02,-1.70210498e-01,2.49094201e-02,5.09896378e-03,1.54624710e+02,-3.26503367e-02,-5.12512721e-02,1.92632428e+01,-9.11692551e-03,1.09233216e-02,-1.70966942e-01,3.33008233e-02,1.28375691e-02,7.56443454e-04,-8.39140321e-03,-7.73860534e-03
1.66000000e+02,1.73862876e+02,-4.32736181e-02,-3.89529812e-02,-1.70238149e-01,2.78685088e-02,2.18172816e-03,1.54589275e+02,-3.40009976e-02,-4.97456520e-02,1.92736012e+01,-9.27262052e-03,1.07926708e-02,-1.70988225e-01,3.61066829e-02,1.00983645e-02,7.50075782e-04,-8.23817407e-03,-7.91663633e-03
1.67000000e+02,1.73832873e+02,-4.46679052e-02,-4.29192542e-02,-1.70193859e-01,3.51194322e-02,7.72007076e-05,1.54545935e+02,-3.45677073e-02,-5.27175887e-02,1.92869379e+01,-1.01001979e-02,9.79833448e-03,-1.70947652e-01,4.25829476e-02,8.61713451e-03,7.53793070e-04,-7.46351532e-03,-8.53993380e-03
1.68000000e+02,1.73761002e+02,-4.44904098e-02,-4.14653286e-02,-1.70140993e-01,3.84719429e-02,-1.81059088e-03,1.54462776e+02,-3.41829905e-02,-5.10289734e-02,1.92982264e+01,-1.03074193e-02,9.56364480e-03,-1.70891045e-01,4.57166260e-02,6.92966388e-03,7.50051651e-04,-7.24468312e-03,-8.74025476e-03
1.69000000e+02,1.73687843e+02,-4.81692553e-02,-4.61380034e-02,-1.69983259e-01,4.67528790e-02,-5.72116157e-03,1.54374986e+02,-3.69335902e-02,-5.48775741e-02,1.93128567e+01,-1.12356651e-02,8.73957069e-03,-1.70739115e-01,5.33559457e-02,3.72512029e-03,7.55856612e-04,-6.60306674e-03,-9.44628187e-03
1.70000000e+02,1.73574386e+02,-5.11712942e-02,-4.56109989e-02,-1.69823302e-01,5.09467605e-02,-1.06583143e-02,1.54249149e+02,-3.96720050e-02,-5.43027281e-02,1.93252375e+01,-1.14992892e-02,8.69172927e-03,-1.70577184e-01,5.75013161e-02,-9.53513101e-04,7.53882476e-04,-6.55455568e-03,-9.70480122e-03
1.71000000e+02,1.73458585e+02,-5.40159569e-02,-4.71497140e-02,-1.69564782e-01,5.65631467e-02,-1.54805288e-02,1.54118176e+02,-4.16074312e-02,-5.54221014e-02,1.93404084e+01,-1.24085257e-02,8.27238736e-03,-1.70325871e-01,6.27850457e-02,-5.07558597e-03,7.61089408e-04,-6.22189897e-03,-1.04049428e-02
1.72000000e+02,1.73307583e+02,-5.44455698e-02,-4.62787863e-02,-1.69323671e-01,5.94105965e-02,-2.00671971e-02,1.53954079e+02,-4.17158139e-02,-5.47010458e-02,1.93535044e+01,-1.27297559e-02,8.42225944e-03,-1.70084479e-01,6.57578122e-02,-9.36971017e-03,7.60807431e-04,-6.34721575e-03,-1.06974870e-02
1.73000000e+02,1.73156124e+02,-5.80594900e-02,-4.88430746e-02,-1.68987820e-01,6.45037798e-02,-2.64194232e-02,1.53786745e+02,-4.43025721e-02,-5.71711498e-02,1.93693794e+01,-1.37569179e-02,8.32807525e-03,-1.69756630e-01,7.07854225e-02,-1.49372471e-02,7.68810308e-04,-6.28164276e-03,-1.14821761e-02
1.74000000e+02,1.72957629e+02,-6.11357947e-02,-4.84485209e-02,-1.68662297e-01,6.70609668e-02,-3.41634150e-02,1.53574654e+02,-4.70291078e-02,-5.72464129e-02,1.93829755e+01,-1.41066869e-02,8.79789199e-03,-1.69431903e-01,7.37139499e-02,-2.23479770e-02,7.69605703e-04,-6.65298308e-03,-1.18154380e-02
1.75000000e+02,1.72740065e+02,-6.31558045e-02,-4.77927318e-02,-1.68272168e-01,6.91896712e-02,-4.07007569e-02,1.53340541e+02,-4.82086368e-02,-5.69450798e-02,1.93995235e+01,-1.49471676e-02,9.15234796e-03,-1.69051008e-01,7.61300070e-02,-2.82316319e-02,7.78840625e-04,-6.94033588e-03,-1.24691250e-02
1.76000000e+02,1.72459863e+02,-6.25234992e-02,-4.67598091e-02,-1.67928144e-01,6.98976923e-02,-4.59885484e-02,1.53046320e+02,-4.73683526e-02,-5.65910803e-02,1.94135427e+01,-1.51551465e-02,9.83127116e-03,-1.68708701e-01,7.74066529e-02,-3.33299410e-02,7.80556747e-04,-7.50896052e-03,-1.26586074e-02
1.77000000e+02,1.72154076e+02,-6.46887654e-02,-4.72049253e-02,-1.67546735e-01,7.14265096e-02,-5.16443702e-02,1.52723533e+02,-4.88362034e-02,-5.77145964e-02,1.94305428e+01,-1.58525619e-02,1.05096710e-02,-1.68337306e-01,7.94756692e-02,-3.84695753e-02,7.90570538e-04,-8.04915963e-03,-1.31747949e-02
1.78000000e+02,1.71787284e+02,-6.67282887e-02,-4.65479787e-02,-1.67175706e-01,7.13616346e-02,-5.77385332e-02,1.52342142e+02,-5.09900751e-02,-5.79615900e-02,1.94451415e+01,-1.57382137e-02,1.14136112e-02,-1.67970199e-01,8.01575592e-02,-4.46052409e-02,7.94492414e-04,-8.79592455e-03,-1.31332923e-02
1.79000000e+02,1.71403390e+02,-6.78103389e-02,-4.29286312e-02,-1.66752532e-01,6.92382026e-02,-6.12012592e-02,1.51941138e+02,-5.18875802e-02,-5.52809719e-02,1.94622518e+01,-1.59227587e-02,1.23523408e-02,-1.67560763e-01,7.87670650e-02,-4.79547819e-02,8.08230925e-04,-9.52886242e-03,-1.32464772e-02
1.80000000e+02,1.70984818e+02,-6.68215469e-02,-4.09782785e-02,-1.66318935e-01,6.73942873e-02,-6.25245132e-02,1.51507777e+02,-5.14061091e-02,-5.41152403e-02,1.94770407e+01,-1.54154377e-02,1.31369618e-02,-1.67134699e-01,7.75885834e-02,-4.96767022e-02,8.15763416e-04,-1.01942961e-02,-1.28478111e-02
1.81000000e+02,1.70588367e+02,-6.80098524e-02,-3.89131610e-02,-1.65802213e-01,6.55933166e-02,-6.30791151e-02,1.51093822e+02,-5.27169226e-02,-5.28730534e-02,1.94945448e+01,-1.52929299e-02,1.39598924e-02,-1.66633730e-01,7.64152876e-02,-5.03693383e-02,8.31517180e-04,-1.08219710e-02,-1.27097768e-02
1.82000000e+02,1.70192986e+02,-7.00115562e-02,-3.76277637e-02,-1.65341033e-01,6.37758338e-02,-6.41898805e-02,1.50683189e+02,-5.54853884e-02,-5.21563497e-02,1.95097965e+01,-1.45261678e-02,1.45285860e-02,-1.66180618e-01,7.50871030e-02,-5.20628922e-02,8.39585652e-04,-1.13112692e-02,-1.21269883e-02
1.83000000e+02,1.69849642e+02,-7.14832677e-02,-3.30943821e-02,-1.64861894e-01,5.94995993e-02,-6.27751731e-02,1.50322010e+02,-5.74156192e-02,-4.83025363e-02,1.95276324e+01,-1.40676485e-02,1.52081541e-02,-1.65716605e-01,7.13230885e-02,-5.10390074e-02,8.54710980e-04,-1.18234892e-02,-1.17361657e-02
1.84000000e+02,1.69535992e+02,-7.11517980e-02,-3.29367334e-02,-1.64483541e-01,5.71918594e-02,-5.98673372e-02,1.49992999e+02,-5.79653542e-02,-4.84182252e-02,1.95429923e+01,-1.31864438e-02,1.54814919e-02,-1.65346374e-01,6.92770641e-02,-4.88292462e-02,8.62832526e-04,-1.20852048e-02,-1.10380910e-02
1.85000000e+02,1.69295663e+02,-7.21406337e-02,-3.18730367e-02,-1.64132500e-01,5.42817456e-02,-5.61658191e-02,1.49735306e+02,-5.94096428e-02,-4.79383277e-02,1.95603564e+01,-1.27309909e-02,1.60652910e-02,-1.65010010e-01,6.67888021e-02,-4.55249996e-02,8.77509578e-04,-1.25070564e-02,-1.06408195e-02
1.86000000e+02,1.69091436e+02,-7.45663483e-02,-3.29499995e-02,-1.63928654e-01,5.17305836e-02,-5.40779961e-02,1.49516119e+02,-6.26753740e-02,-4.92814653e-02,1.95753170e+01,-1.18909743e-02,1.63314658e-02,-1.64814248e-01,6.45060699e-02,-4.40861511e-02,8.85594203e-04,-1.27754863e-02,-9.99184499e-03
1.87000000e+02,1.68951652e+02,-7.63367348e-02,-2.89070844e-02,-1.63781167e-01,4.50261762e-02,-5.00291568e-02,1.49359575e+02,-6.50405237e-02,-4.59896287e-02,1.95920772e+01,-1.12962111e-02,1.70825443e-02,-1.64682551e-01,5.83629738e-02,-4.05313217e-02,9.01384169e-04,-1.33367976e-02,-9.49783513e-03
1.88000000e+02,1.68835889e+02,-7.74195695e-02,-2.99201307e-02,-1.63745764e-01,4.04450407e-02,-4.57658875e-02,1.49229719e+02,-6.70306876e-02,-4.72792882e-02,1.96061698e+01,-1.03888819e-02,1.73591575e-02,-1.64657913e-01,5.40714162e-02,-3.69998544e-02,9.12149014e-04,-1.36263755e-02,-8.76603310e-03
1.89000000e+02,1.68768522e+02,-7.78989715e-02,-2.97018085e-02,-1.63702454e-01,3.47549105e-02,-4.00587596e-02,1.49146126e+02,-6.81571265e-02,-4.79459795e-02,1.96223958e+01,-9.74184500e-03,1.82441710e-02,-1.64633791e-01,4.90509682e-02,-3.18329401e-02,9.31337093e-04,-1.42960577e-02,-8.22581950e-03
1.90000000e+02,1.68698983e+02,-8.03396782e-02,-3.13047376e-02,-1.63705743e-01,2.94483456e-02,-3.71371103e-02,1.49062896e+02,-7.15194224e-02,-4.99829541e-02,1.96360869e+01,-8.82025578e-03,1.86782165e-02,-1.64651586e-01,4.41511182e-02,-2.96245888e-02,9.45843206e-04,-1.47027725e-02,-7.51252154e-03
1.91000000e+02,1.68656930e+02,-8.06990116e-02,-2.73420909e-02,-1.63668865e-01,2.00341318e-02,-3.19462326e-02,1.49004794e+02,-7.26769165e-02,-4.69967893e-02,1.96521360e+01,-8.02209505e-03,1.96546984e-02,-1.64637853e-01,3.54678697e-02,-2.50762986e-02,9.68988274e-04,-1.54337379e-02,-6.86993400e-03
1.92000000e+02,1.68603286e+02,-8.07208516e-02,-2.90428944e-02,-1.63646086e-01,1.40657637e-02,-2.77015441e-02,1.48937838e+02,-7.35423896e-02,-4.88324677e-02,1.96654483e+01,-7.17846203e-03,1.97895733e-02,-1.64630855e-01,2.96739803e-02,-2.15136270e-02,9.84768456e-04,-1.56082166e-02,-6.18791704e-03
1.93000000e+02,1.68572238e+02,-7.93883681e-02,-2.84490827e-02,-1.63519778e-01,7.21351295e-03,-2.24267145e-02,1.48891245e+02,-7.27970462e-02,-4.88470972e-02,1.96809926e+01,-6.59132187e-03,2.03980145e-02,-1.64525983e-01,2.32500139e-02,-1.66962218e-02,1.00620534e-03,-1.60365009e-02,-5.73049275e-03
1.94000000e+02,1.68522429e+02,-8.11050013e-02,-3.13274207e-02,-1.63401271e-01,2.93037900e-03,-2.14682829e-02,1.48828832e+02,-7.49653579e-02,-5.13740891e-02,1.96935968e+01,-6.13964339e-03,2.00466685e-02,-1.64420528e-01,1.87452035e-02,-1.60705053e-02,1.01925673e-03,-1.58148245e-02,-5.39777754e-03
1.95000000e+02,1.68486494e+02,-7.97236753e-02,-2.87092244e-02,-1.63175392e-01,-4.01805010e-03,-1.79797553e-02,1.48778576e+02,-7.38027568e-02,-4.88245696e-02,1.97079179e+01,-5.92091858e-03,2.01153452e-02,-1.64213384e-01,1.17786349e-02,-1.27332298e-02,1.03799195e-03,-1.57966850e-02,-5.24652544e-03
1.96000000e+02,1.68424690e+02,-7.85652469e-02,-3.24846519e-02,-1.62980999e-01,-5.86234446e-03,-1.58239231e-02,1.48705656e+02,-7.25358666e-02,-5.14894859e-02,1.97190339e+01,-6.02938033e-03,1.90048340e-02,-1.64028195e-01,9.09582041e-03,-1.04855457e-02,1.04719523e-03,-1.49581649e-02,-5.33837735e-03
1.97000000e+02,1.68373112e+02,-7.64245128e-02,-3.34090134e-02,-1.62675148e-01,-7.82218624e-03,-1.25668307e-02,1.48641361e+02,-6.99741377e-02,-5.18465482e-02,1.97317510e+01,-6.45037517e-03,1.84375347e-02,-1.63735420e-01,6.59407541e-03,-6.87453882e-03,1.06027187e-03,-1.44162616e-02,-5.69229193e-03
1.98000000e+02,1.68300685e+02,-7.89425567e-02,-3.86086494e-02,-1.62394176e-01,-5.89437003e-03,-1.40977142e-02,1.48559534e+02,-7.17903125e-02,-5.54140704e-02,1.97411508e+01,-7.15224424e-03,1.68054210e-02,-1.63458540e-01,7.26896783e-03,-7.82916693e-03,1.06436411e-03,-1.31633379e-02,-6.26854732e-03
1.99000000e+02,1.68248948e+02,-7.81134362e-02,-3.77209654e-02,-1.62068516e-01,-6.49781981e-03,-1.24321864e-02,1.48496619e+02,-7.02916997e-02,-5.36137730e-02,1.97523283e+01,-7.82173653e-03,1.58928076e-02,-1.63142655e-01,5.84354059e-03,-5.61299711e-03,1.07413861e-03,-1.23413604e-02,-6.81918931e-03
2.00000000e+02,1.68189128e+02,-7.83906493e-02,-4.31412458e-02,-1.61821471e-01,-1.77261521e-03,-1.23712295e-02,1.48428543e+02,-6.97795612e-02,-5.69717516e-02,1.97605848e+01,-8.61108802e-03,1.38305058e-02,-1.62898824e-01,8.98408153e-03,-4.93802596e-03,1.07735387e-03,-1.07566967e-02,-7.43320349e-03
2.01000000e+02,1.68158194e+02,-7.70508515e-02,-4.58057822e-02,-1.61499092e-01,2.34228788e-03,-1.05261163e-02,1.48387214e+02,-6.78350548e-02,-5.85215274e-02,1.97709794e+01,-9.21579669e-03,1.27157452e-02,-1.62587013e-01,1.21273611e-02,-2.60974148e-03,1.08792097e-03,-9.78507327e-03,-7.91637478e-03
2.02000000e+02,1.68114989e+02,-7.89162795e-02,-5.17786284e-02,-1.61251608e-01,9.33643097e-03,-1.25276092e-02,1.48336460e+02,-6.92227729e-02,-6.24351000e-02,1.97785295e+01,-9.69350661e-03,1.06564716e-02,-1.62345926e-01,1.75459060e-02,-4.24064185e-03,1.09431803e-03,-8.20947506e-03,-8.28696736e-03
2.03000000e+02,1.68090463e+02,-7.75654000e-02,-5.07223669e-02,-1.60898505e-01,1.25808613e-02,-1.15995749e-02,1.48302130e+02,-6.78567430e-02,-6.04711779e-02,1.97883333e+01,-9.70865705e-03,9.74881093e-03,-1.62008451e-01,1.99822317e-02,-3.30410658e-03,1.10994616e-03,-7.40137043e-03,-8.29546835e-03
2.04000000e+02,1.68049991e+02,-7.72390401e-02,-5.57000278e-02,-1.60562709e-01,2.05198006e-02,-1.24731227e-02,1.48254367e+02,-6.76742572e-02,-6.35173597e-02,1.97956244e+01,-9.56478289e-03,7.81733197e-03,-1.61684112e-01,2.64675591e-02,-4.32765240e-03,1.12140341e-03,-5.94775841e-03,-8.14547030e-03
2.05000000e+02,1.68028638e+02,-7.53927008e-02,-5.73696735e-02,-1.60115685e-01,2.70158566e-02,-1.16481225e-02,1.48223467e+02,-6.63412072e-02,-6.46770847e-02,1.98051709e+01,-9.05149358e-03,7.30741120e-03,-1.61255342e-01,3.24876014e-02,-3.91733737e-03,1.13965694e-03,-5.47174481e-03,-7.73078516e-03
2.06000000e+02,1.67990140e+02,-7.66991303e-02,-6.23629543e-02,-1.59685474e-01,3.54916057e-02,-1.44755972e-02,1.48178178e+02,-6.81774539e-02,-6.83747631e-02,1.98119618e+01,-8.52167637e-03,6.01180881e-03,-1.60837100e-01,4.00230876e-02,-7.18113578e-03,1.15162596e-03,-4.53148188e-03,-7.29446147e-03
2.07000000e+02,1.67968861e+02,-7.48198685e-02,-5.97585454e-02,-1.59168365e-01,3.91071419e-02,-1.43266619e-02,1.48148020e+02,-6.70277194e-02,-6.59734547e-02,1.98208407e+01,-7.79214909e-03,6.21490927e-03,-1.60337650e-01,4.37233926e-02,-7.60576934e-03,1.16928435e-03,-4.61625076e-03,-6.72089253e-03
2.08000000e+02,1.67927980e+02,-7.45888433e-02,-6.33447565e-02,-1.58678956e-01,4.67511276e-02,-1.66567419e-02,1.48101248e+02,-6.72053758e-02,-6.86733234e-02,1.98267318e+01,-7.38346743e-03,5.32856696e-03,-1.59858886e-01,5.07548733e-02,-1.02789817e-02,1.17992978e-03,-4.00374569e-03,-6.37776020e-03
2.09000000e+02,1.67899372e+02,-7.39968323e-02,-6.28790133e-02,-1.58068120e-01,5.18596900e-02,-1.83054758e-02,1.48064780e+02,-6.69523813e-02,-6.87218471e-02,1.98345915e+01,-7.04445101e-03,5.84283386e-03,-1.59263528e-01,5.61915946e-02,-1.21691183e-02,1.19540819e-03,-4.33190456e-03,-6.13635747e-03
2.10000000e+02,1.67840139e+02,-7.62337148e-02,-6.66394893e-02,-1.57482197e-01,5.88494632e-02,-2.35197514e-02,1.48000764e+02,-6.90789356e-02,-7.17797961e-02,1.98393745e+01,-7.15477923e-03,5.14030686e-03,-1.58685649e-01,6.27084696e-02,-1.72802233e-02,1.20345232e-03,-3.85900642e-03,-6.23952809e-03
2.11000000e+02,1.67782935e+02,-7.66608348e-02,-6.27869573e-02,-1.56799750e-01,6.04798888e-02,-2.64742912e-02,1.47936872e+02,-6.93279253e-02,-6.84550053e-02,1.98460638e+01,-7.33290951e-03,5.66804803e-03,-1.58014808e-01,6.46622440e-02,-2.00715343e-02,1.21505759e-03,-4.18235522e-03,-6.40275693e-03
2.12000000e+02,1.67689520e+02,-7.87909975e-02,-6.64545243e-02,-1.56192654e-01,6.65069632e-02,-3.18835572e-02,1.47839685e+02,-7.08267393e-02,-7.10795825e-02,1.98498349e+01,-7.96425821e-03,4.62505820e-03,-1.57410356e-01,6.99438212e-02,-2.49775515e-02,1.21770265e-03,-3.43685799e-03,-6.90600575e-03
2.13000000e+02,1.67596888e+02,-7.98970514e-02,-6.59092438e-02,-1.55532496e-01,6.97033642e-02,-3.62619606e-02,1.47741239e+02,-7.13362174e-02,-7.07838373e-02,1.98556487e+01,-8.56083401e-03,4.87459347e-03,-1.56756173e-01,7.32474083e-02,-2.88460533e-02,1.22367771e-03,-3.54404414e-03,-7.41590736e-03
2.14000000e+02,1.67473192e+02,-8.26575537e-02,-7.07595343e-02,-1.54969035e-01,7.50719768e-02,-4.33831017e-02,1.47614748e+02,-7.32009687e-02,-7.45095280e-02,1.98584440e+01,-9.45658494e-03,3.74999368e-03,-1.56192116e-01,7.78061988e-02,-3.52381710e-02,1.22308104e-03,-2.73422197e-03,-8.14493074e-03
2.15000000e+02,1.67364125e+02,-8.42973720e-02,-6.70119237e-02,-1.54372668e-01,7.41747342e-02,-4.84758911e-02,1.47500934e+02,-7.41179136e-02,-7.10719157e-02,1.98631904e+01,-1.01794584e-02,4.05999201e-03,-1.55601350e-01,7.70571355e-02,-3.97485403e-02,1.22868184e-03,-2.88240130e-03,-8.72735075e-03
2.16000000e+02,1.67243280e+02,-8.64811700e-02,-7.09949910e-02,-1.53878135e-01,7.74927460e-02,-5.50440433e-02,1.47378386e+02,-7.53859909e-02,-7.39072672e-02,1.98648941e+01,-1.10951791e-02,2.91227625e-03,-1.55106552e-01,7.95582767e-02,-4.56033796e-02,1.22841691e-03,-2.06553070e-03,-9.44066365e-03
2.17000000e+02,1.67152741e+02,-8.80721244e-02,-6.93414693e-02,-1.53367990e-01,7.68152475e-02,-6.07550201e-02,1.47284166e+02,-7.63400007e-02,-7.27502230e-02,1.98685755e+01,-1.17321237e-02,3.40875368e-03,-1.54601704e-01,7.91890535e-02,-5.07885243e-02,1.23371394e-03,-2.37380603e-03,-9.96649581e-03
2.18000000e+02,1.67057124e+02,-9.02154725e-02,-7.41774752e-02,-1.52953587e-01,7.88193652e-02,-6.81584813e-02,1.47187873e+02,-7.77361746e-02,-7.67212984e-02,1.98692508e+01,-1.24792979e-02,2.54382321e-03,-1.54186824e-01,8.06187250e-02,-5.75934843e-02,1.23323698e-03,-1.79935980e-03,-1.05649970e-02
2.19000000e+02,1.66997315e+02,-9.16127065e-02,-6.96165413e-02,-1.52486705e-01,7.40970728e-02,-7.36474896e-02,1.47125259e+02,-7.87076482e-02,-7.29374313e-02,1.98720563e+01,-1.29050583e-02,3.32088991e-03,-1.53726507e-01,7.64140639e-02,-6.27434348e-02,1.23980235e-03,-2.31699110e-03,-1.09040548e-02
2.20000000e+02,1.66937821e+02,-9.34424295e-02,-7.29582934e-02,-1.52059378e-01,7.39280845e-02,-8.02939867e-02,1.47065675e+02,-7.99875141e-02,-7.54365096e-02,1.98721460e+01,-1.34549153e-02,2.47821618e-03,-1.53300034e-01,7.56800758e-02,-6.89778864e-02,1.24065579e-03,-1.75199130e-03,-1.13161003e-02
2.21000000e+02,1.66911609e+02,-9.47896975e-02,-6.95284424e-02,-1.51534972e-01,6.91952191e-02,-8.56384077e-02,1.47037081e+02,-8.11790972e-02,-7.28026425e-02,1.98745276e+01,-1.36106003e-02,3.27420009e-03,-1.52783411e-01,7.14857752e-02,-7.41814791e-02,1.24843960e-03,-2.29055618e-03,-1.14569286e-02
2.22000000e+02,1.66876130e+02,-9.46427855e-02,-7.37176831e-02,-1.51036542e-01,6.81769684e-02,-9.12557836e-02,1.47001922e+02,-8.08090350e-02,-7.61380675e-02,1.98742078e+01,-1.38337505e-02,2.42038431e-03,-1.52288521e-01,6.99035899e-02,-7.96142773e-02,1.25197931e-03,-1.72662148e-03,-1.16415063e-02
2.23000000e+02,1.66863450e+02,-9.45813965e-02,-6.76126112e-02,-1.50373316e-01,6.01968994e-02,-9.49605768e-02,1.46987229e+02,-8.08737323e-02,-7.08054742e-02,1.98762214e+01,-1.37076643e-02,3.19286294e-03,-1.51635576e-01,6.24270958e-02,-8.34300400e-02,1.26226007e-03,-2.23019643e-03,-1.15305368e-02
2.24000000e+02,1.66835202e+02,-9.35284449e-02,-7.11114496e-02,-1.49738886e-01,5.81511119e-02,-9.85003497e-02,1.46959622e+02,-7.98810993e-02,-7.32420230e-02,1.98755803e+01,-1.36473456e-02,2.13057341e-03,-1.51005762e-01,5.96467957e-02,-8.70419115e-02,1.26687609e-03,-1.49568373e-03,-1.14584382e-02
2.25000000e+02,1.66821912e+02,-9.18486448e-02,-6.65736525e-02,-1.48999276e-01,5.09601852e-02,-1.00365390e-01,1.46944762e+02,-7.86762570e-02,-6.93472524e-02,1.98771497e+01,-1.31723878e-02,2.77359989e-03,-1.50276116e-01,5.28711664e-02,-8.92724042e-02,1.27683938e-03,-1.91098120e-03,-1.10929863e-02
2.26000000e+02,1.66777856e+02,-8.96881727e-02,-7.12507842e-02,-1.48307157e-01,4.88698217e-02,-1.02782315e-01,1.46902039e+02,-7.69085810e-02,-7.29270794e-02,1.98758170e+01,-1.27795917e-02,1.67629514e-03,-1.49588155e-01,5.00288719e-02,-9.20087463e-02,1.28099750e-03,-1.15905020e-03,-1.07735688e-02
2.27000000e+02,1.66736344e+02,-8.79878754e-02,-6.37710121e-02,-1.47534423e-01,3.88057287e-02,-1.03425930e-01,1.46859794e+02,-7.59720887e-02,-6.61451102e-02,1.98765496e+01,-1.20157867e-02,2.37409806e-03,-1.48824940e-01,4.03931090e-02,-9.32784626e-02,1.29051665e-03,-1.58738033e-03,-1.01474677e-02
2.28000000e+02,1.66665106e+02,-8.59571123e-02,-6.72085677e-02,-1.46839705e-01,3.57092133e-02,-1.04242926e-01,1.46790728e+02,-7.45795124e-02,-6.83581710e-02,1.98743775e+01,-1.13775999e-02,1.14960327e-03,-1.48132173e-01,3.64382515e-02,-9.46277446e-02,1.29246837e-03,-7.29038169e-04,-9.61518096e-03
2.29000000e+02,1.66603521e+02,-8.32510301e-02,-6.09113971e-02,-1.46131533e-01,2.65257660e-02,-1.03261555e-01,1.46729341e+02,-7.28819187e-02,-6.26569423e-02,1.98741798e+01,-1.03691114e-02,1.74554517e-03,-1.47430357e-01,2.76225240e-02,-9.44362265e-02,1.29882425e-03,-1.09675808e-03,-8.82532889e-03
2.30000000e+02,1.66513537e+02,-8.00190734e-02,-6.52496314e-02,-1.45520027e-01,2.38499359e-02,-1.02679092e-01,1.46642618e+02,-7.04386017e-02,-6.57170925e-02,1.98709196e+01,-9.58047170e-03,4.67461004e-04,-1.46818238e-01,2.40420689e-02,-9.44882222e-02,1.29821057e-03,-1.92132975e-04,-8.19086960e-03
2.31000000e+02,1.66434246e+02,-7.77343916e-02,-5.66859931e-02,-1.44850845e-01,1.29533193e-02,-1.00730904e-01,1.46564558e+02,-6.92446777e-02,-5.77012577e-02,1.98696878e+01,-8.48971383e-03,1.01526458e-03,-1.46154342e-01,1.34560109e-02,-9.34212109e-02,1.30349663e-03,-5.02691655e-04,-7.30969312e-03
2.32000000e+02,1.66336272e+02,-7.53151727e-02,-6.08091272e-02,-1.44285242e-01,1.06940586e-02,-9.90732215e-02,1.46470745e+02,-6.76660849e-02,-6.03031525e-02,1.98655264e+01,-7.64908780e-03,-5.05974720e-04,-1.45587617e-01,1.01030256e-02,-9.24609407e-02,1.30237508e-03,5.91032945e-04,-6.61228078e-03
2.33000000e+02,1.66261671e+02,-7.28688413e-02,-5.42021926e-02,-1.43656768e-01,2.39168049e-03,-9.60774822e-02,1.46398229e+02,-6.64002104e-02,-5.40538885e-02,1.98634414e+01,-6.46863086e-03,-1.48304117e-04,-1.44963247e-01,1.95532316e-03,-9.03882712e-02,1.30647893e-03,4.36357335e-04,-5.68921101e-03
2.34000000e+02,1.66172587e+02,-6.96179348e-02,-5.98915254e-02,-1.43094456e-01,1.91432824e-03,-9.34523118e-02,1.46314152e+02,-6.40458246e-02,-5.80601789e-02,1.98584358e+01,-5.57211019e-03,-1.83134649e-03,-1.44399241e-01,2.68658947e-04,-8.84858277e-02,1.30478482e-03,1.64566929e-03,-4.96648408e-03
2.35000000e+02,1.66106445e+02,-6.72228325e-02,-5.14594979e-02,-1.42443480e-01,-6.98986222e-03,-8.93023025e-02,1.46250828e+02,-6.28445588e-02,-4.98778164e-02,1.98556170e+01,-4.37827372e-03,-1.58168152e-03,-1.43752103e-01,-8.58019304e-03,-8.52990271e-02,1.30862288e-03,1.59033082e-03,-4.00327536e-03
2.36000000e+02,1.66030663e+02,-6.52513223e-02,-5.61764503e-02,-1.41839220e-01,-6.53922248e-03,-8.59881423e-02,1.46180586e+02,-6.17933967e-02,-5.26530007e-02,1.98500774e+01,-3.45792560e-03,-3.52344958e-03,-1.43145069e-01,-9.55319567e-03,-8.27455379e-02,1.30584991e-03,3.01397319e-03,-3.24260441e-03
2.37000000e+02,1.65984533e+02,-6.31758564e-02,-5.04697309e-02,-1.41184648e-01,-1.18343562e-02,-8.14811777e-02,1.46137666e+02,-6.10013545e-02,-4.69483348e-02,1.98468676e+01,-2.17450191e-03,-3.52139609e-03,-1.42492399e-01,-1.49759124e-02,-7.92522143e-02,1.30775072e-03,3.14155621e-03,-2.22896342e-03
2.38000000e+02,1.65928610e+02,-6.06585111e-02,-5.71515619e-02,-1.40572686e-01,-8.56405744e-03,-7.76612838e-02,1.46087686e+02,-5.95005714e-02,-5.15645876e-02,1.98409234e+01,-1.15793969e-03,-5.58697422e-03,-1.41876735e-01,-1.32307353e-02,-7.62489285e-02,1.30404901e-03,4.66667787e-03,-1.41235528e-03
2.39000000e+02,1.65897712e+02,-5.81866620e-02,-4.96143210e-02,-1.39886180e-01,-1.35199193e-02,-7.19874260e-02,1.46060387e+02,-5.83335262e-02,-4.39823327e-02,1.98373243e+01,1.46864193e-04,-5.63198831e-03,-1.41192292e-01,-1.83721634e-02,-7.16257532e-02,1.30611204e-03,4.85224406e-03,-3.61672768e-04
2.40000000e+02,1.65855859e+02,-5.68034968e-02,-5.60772132e-02,-1.39240489e-01,-8.57311633e-03,-6.78495407e-02,1.46024817e+02,-5.79300347e-02,-4.82310549e-02,1.98310417e+01,1.12653784e-03,-7.84615830e-03,-1.40542234e-01,-1.50566771e-02,-6.82931420e-02,1.30174488e-03,6.48356079e-03,4.43601344e-04
2.41000000e+02,1.65839253e+02,-5.49108242e-02,-5.06754087e-02,-1.38511454e-01,-1.04219954e-02,-6.24624416e-02,1.46012197e+02,-5.73323796e-02,-4.26939676e-02,1.98270563e+01,2.42155538e-03,-7.98144110e-03,-1.39813343e-01,-1.71449909e-02,-6.39253044e-02,1.30188913e-03,6.72299546e-03,1.46286283e-03
2.42000000e+02,1.65803984e+02,-5.31545236e-02,-5.83926757e-02,-1.37849357e-01,-3.43493417e-03,-5.83231431e-02,1.45983672e+02,-5.65131476e-02,-4.82510493e-02,1.98203120e+01,3.35862400e-03,-1.01416265e-02,-1.39145407e-01,-1.17531166e-02,-6.05446277e-02,1.29604999e-03,8.31818244e-03,2.22148458e-03
2.43000000e+02,1.65783868e+02,-5.18061002e-02,-5.12854044e-02,-1.37085863e-01,-5.07394387e-03,-5.29282165e-02,1.45968071e+02,-5.63320155e-02,-4.11293333e-02,1.98157961e+01,4.52591531e-03,-1.01560711e-02,-1.38381531e-01,-1.35495270e-02,-5.60801674e-02,1.29566763e-03,8.47558314e-03,3.15195087e-03
2.44000000e+02,1.65743082e+02,-5.05580159e-02,-5.71856591e-02,-1.36358828e-01,2.27633282e-03,-4.89311338e-02,1.45934471e+02,-5.58379562e-02,-4.49462505e-02,1.98086112e+01,5.27994029e-03,-1.22394087e-02,-1.37648180e-01,-7.73418613e-03,-5.26917589e-02,1.28935269e-03,1.00105189e-02,3.76062514e-03
2.45000000e+02,1.65717029e+02,-4.99432680e-02,-5.14049177e-02,-1.35553059e-01,2.78573147e-03,-4.46344784e-02,1.45913312e+02,-5.61896220e-02,-3.92132032e-02,1.98037167e+01,6.24635398e-03,-1.21917145e-02,-1.36841033e-01,-7.31738330e-03,-4.91581665e-02,1.28797398e-03,1.01031148e-02,4.52368807e-03
2.46000000e+02,1.65666728e+02,-4.91768433e-02,-5.80805911e-02,-1.34779195e-01,1.12948368e-02,-4.15375454e-02,1.45870745e+02,-5.59545958e-02,-4.39850045e-02,1.97959826e+01,6.77775247e-03,-1.40955866e-02,-1.36060437e-01,-2.01123915e-04,-4.64919639e-02,1.28124155e-03,1.14959607e-02,4.95441849e-03
2.47000000e+02,1.65622290e+02,-4.89360291e-02,-5.07087881e-02,-1.33920121e-01,1.11801366e-02,-3.75792241e-02,1.45831814e+02,-5.64553095e-02,-3.68421632e-02,1.97904763e+01,7.51928038e-03,-1.38666249e-02,-1.35199752e-01,-2.73342969e-04,-4.31216644e-02,1.27963110e-03,1.14534796e-02,5.54244031e-03
2.48000000e+02,1.65550092e+02,-4.90708833e-02,-5.60528082e-02,-1.33103607e-01,1.96046235e-02,-3.55332014e-02,1.45767783e+02,-5.68678313e-02,-4.03748365e-02,1.97823088e+01,7.79694793e-03,-1.56779717e-02,-1.34375623e-01,6.83652592e-03,-4.12968975e-02,1.27201663e-03,1.27680976e-02,5.76369609e-03
2.49000000e+02,1.65486855e+02,-4.91707551e-02,-5.00540215e-02,-1.32234916e-01,2.09811514e-02,-3.27460358e-02,1.45710344e+02,-5.74770249e-02,-3.46823910e-02,1.97765111e+01,8.30626978e-03,-1.53716305e-02,-1.33503943e-01,8.32688423e-03,-3.89047263e-02,1.26902714e-03,1.26542672e-02,6.15869046e-03
2.50000000e+02,1.65399612e+02,-4.97237053e-02,-5.60356071e-02,-1.31436499e-01,2.95218860e-02,-3.18240428e-02,1.45631693e+02,-5.80857421e-02,-3.90531004e-02,1.97679194e+01,8.36203673e-03,-1.69825067e-02,-1.32696944e-01,1.57088508e-02,-3.80303479e-02,1.26044556e-03,1.38130353e-02,6.20630506e-03
2.51000000e+02,1.65323113e+02,-5.10618566e-02,-4.76065714e-02,-1.30548791e-01,2.91275117e-02,-3.02622785e-02,1.45561460e+02,-5.97365041e-02,-3.11074757e-02,1.97616527e+01,8.67464756e-03,-1.64990957e-02,-1.31806390e-01,1.55505404e-02,-3.67170070e-02,1.25759886e-03,1.35769713e-02,6.45472855e-03
2.52000000e+02,1.65226514e+02,-5.35150186e-02,-5.17283692e-02,-1.29737442e-01,3.65773691e-02,-3.08530481e-02,1.45473734e+02,-6.20409236e-02,-3.37007820e-02,1.97527801e+01,8.52590504e-03,-1.80275872e-02,-1.30985927e-01,2.19104111e-02,-3.72017376e-02,1.24848457e-03,1.46669580e-02,6.34868950e-03
2.53000000e+02,1.65150135e+02,-5.53903216e-02,-4.49168908e-02,-1.28847166e-01,3.69488887e-02,-3.04207796e-02,1.45403860e+02,-6.41194977e-02,-2.74447700e-02,1.97462748e+01,8.72917603e-03,-1.74721208e-02,-1.30091960e-01,2.26041013e-02,-3.69174872e-02,1.24479407e-03,1.43447874e-02,6.49670758e-03
2.54000000e+02,1.65059458e+02,-5.76414203e-02,-4.94249118e-02,-1.28001210e-01,4.36796361e-02,-3.17567418e-02,1.45322452e+02,-6.61238306e-02,-3.06847318e-02,1.97370055e+01,8.48241033e-03,-1.87401801e-02,-1.29237356e-01,2.84457419e-02,-3.80553210e-02,1.23614600e-03,1.52338942e-02,6.29857922e-03
2.55000000e+02,1.64990353e+02,-6.05595524e-02,-4.03297424e-02,-1.27045292e-01,4.17774358e-02,-3.21719069e-02,1.45260311e+02,-6.91245545e-02,-2.23944492e-02,1.97300424e+01,8.56500209e-03,-1.79352932e-02,-1.28278065e-01,2.70408887e-02,-3.85370210e-02,1.23277304e-03,1.47365471e-02,6.36511408e-03
2.56000000e+02,1.64906351e+02,-6.38952681e-02,-4.37928750e-02,-1.26120044e-01,4.74429179e-02,-3.43527235e-02,1.45185913e+02,-7.21063636e-02,-2.47458611e-02,1.97204385e+01,8.21109552e-03,-1.90470139e-02,-1.27343382e-01,3.19547655e-02,-4.04507132e-02,1.22333788e-03,1.54881523e-02,6.09798977e-03
2.57000000e+02,1.64845667e+02,-6.62124913e-02,-3.67817585e-02,-1.25095364e-01,4.58659474e-02,-3.51067828e-02,1.45132462e+02,-7.44746349e-02,-1.87433314e-02,1.97132058e+01,8.26214362e-03,-1.80384272e-02,-1.26313829e-01,3.10709035e-02,-4.12260708e-02,1.21846489e-03,1.47950439e-02,6.11928803e-03
2.58000000e+02,1.64770315e+02,-6.87003625e-02,-4.06081618e-02,-1.24138292e-01,5.01184361e-02,-3.73642562e-02,1.45067087e+02,-7.65506172e-02,-2.18086025e-02,1.97032282e+01,7.85025468e-03,-1.87995593e-02,-1.25346408e-01,3.48467863e-02,-4.31582020e-02,1.20811607e-03,1.52716499e-02,5.79394586e-03
2.59000000e+02,1.64716303e+02,-7.14564961e-02,-3.15530635e-02,-1.23100500e-01,4.58684512e-02,-3.85887949e-02,1.45020733e+02,-7.92447766e-02,-1.40522963e-02,1.96955698e+01,7.78828044e-03,-1.75007673e-02,-1.24302797e-01,3.14964405e-02,-4.43292701e-02,1.20229663e-03,1.43720107e-02,5.74047520e-03
2.60000000e+02,1.64648486e+02,-7.57925215e-02,-3.51800660e-02,-1.22142141e-01,4.93069755e-02,-4.22372501e-02,1.44963257e+02,-8.30321815e-02,-1.71053013e-02,1.96852287e+01,7.23965998e-03,-1.80747647e-02,-1.23332970e-01,3.46100890e-02,-4.75547290e-02,1.19082905e-03,1.46968865e-02,5.31747886e-03
2.61000000e+02,1.64603056e+02,-7.85209967e-02,-2.86733581e-02,-1.21136631e-01,4.56312633e-02,-4.41082364e-02,1.44925831e+02,-8.56653699e-02,-1.20960346e-02,1.96772255e+01,7.14437322e-03,-1.65773235e-02,-1.22320698e-01,3.20161871e-02,-4.93242355e-02,1.18406774e-03,1.36150762e-02,5.21599906e-03
2.62000000e+02,1.64541118e+02,-8.12798596e-02,-3.27713383e-02,-1.20174959e-01,4.77628948e-02,-4.72891000e-02,1.44874626e+02,-8.78027453e-02,-1.58887851e-02,1.96664921e+01,6.52288574e-03,-1.68825532e-02,-1.21348304e-01,3.40294566e-02,-5.20146217e-02,1.17334445e-03,1.37334383e-02,4.72552170e-03
2.63000000e+02,1.64497471e+02,-8.46914881e-02,-2.41983204e-02,-1.19095002e-01,4.15005000e-02,-4.96781502e-02,1.44839366e+02,-9.09415108e-02,-8.97215635e-03,1.96581056e+01,6.25002265e-03,-1.52261641e-02,-1.20262919e-01,2.89612637e-02,-5.41894916e-02,1.16791624e-03,1.25392362e-02,4.51134145e-03
2.64000000e+02,1.64440949e+02,-8.94856776e-02,-2.76432736e-02,-1.18032970e-01,4.27508904e-02,-5.43370056e-02,1.44793854e+02,-9.49785576e-02,-1.21416682e-02,1.96470946e+01,5.49287999e-03,-1.55016054e-02,-1.19189971e-01,3.01207944e-02,-5.82511821e-02,1.15700165e-03,1.26300960e-02,3.91417652e-03
2.65000000e+02,1.64410188e+02,-9.25951790e-02,-2.11684735e-02,-1.16903982e-01,3.72867340e-02,-5.68646111e-02,1.44771731e+02,-9.78189937e-02,-7.36155600e-03,1.96384577e+01,5.22381473e-03,-1.38069175e-02,-1.18054796e-01,2.58806122e-02,-6.05392805e-02,1.15081359e-03,1.14061218e-02,3.67466938e-03
2.66000000e+02,1.64360249e+02,-9.50953911e-02,-2.57569269e-02,-1.15789108e-01,3.80355870e-02,-6.04381682e-02,1.44733167e+02,-9.95382496e-02,-1.17280672e-02,1.96270822e+01,4.44285849e-03,-1.40288596e-02,-1.16929221e-01,2.65878619e-02,-6.34866588e-02,1.14011315e-03,1.14477251e-02,3.04849061e-03
2.67000000e+02,1.64325916e+02,-9.82966240e-02,-1.82492359e-02,-1.14562241e-01,3.11469910e-02,-6.28584954e-02,1.44707847e+02,-1.02367065e-01,-5.88338813e-03,1.96180696e+01,4.07044138e-03,-1.23658478e-02,-1.15696617e-01,2.08871658e-02,-6.56244444e-02,1.13437614e-03,1.02598252e-02,2.76594891e-03
2.68000000e+02,1.64276000e+02,-1.02643235e-01,-2.27728085e-02,-1.13372061e-01,3.22080808e-02,-6.73179352e-02,1.44669560e+02,-1.05914737e-01,-1.00609680e-02,1.96064397e+01,3.27150226e-03,-1.27118405e-02,-1.14494962e-01,2.18056345e-02,-6.94530316e-02,1.12290100e-03,1.04024463e-02,2.13509639e-03
2.69000000e+02,1.64247039e+02,-1.05019322e-01,-1.81532620e-02,-1.12100367e-01,2.71365057e-02,-6.93961435e-02,1.44649853e+02,-1.08054989e-01,-6.97477463e-03,1.95971863e+01,3.03566649e-03,-1.11784874e-02,-1.13216212e-01,1.78412650e-02,-7.13239276e-02,1.11584548e-03,9.29524074e-03,1.92778402e-03
2.70000000e+02,1.64195956e+02,-1.06978574e-01,-2.38896712e-02,-1.10867320e-01,2.82734439e-02,-7.22722121e-02,1.44610720e+02,-1.09297409e-01,-1.23448286e-02,1.95852364e+01,2.31883462e-03,-1.15448426e-02,-1.11971794e-01,1.88018820e-02,-7.36361783e-02,1.10447337e-03,9.47156194e-03,1.36396625e-03
2.71000000e+02,1.64158844e+02,-1.09096519e-01,-1.80247517e-02,-1.09501710e-01,2.20139926e-02,-7.37857281e-02,1.44583152e+02,-1.11207041e-01,-7.91112005e-03,1.95756911e+01,2.11052242e-03,-1.01136317e-02,-1.10599181e-01,1.35642988e-02,-7.49906578e-02,1.09747111e-03,8.44969377e-03,1.20492968e-03
2.72000000e+02,1.64101463e+02,-1.12293420e-01,-2.33440816e-02,-1.08188732e-01,2.36180920e-02,-7.69689324e-02,1.44537902e+02,-1.13749328e-01,-1.27273067e-02,1.95635605e+01,1.45590787e-03,-1.06167749e-02,-1.09273290e-01,1.48819412e-02,-7.76639719e-02,1.08455791e-03,8.73615083e-03,6.95039550e-04
2.73000000e+02,1.64065627e+02,-1.13300712e-01,-1.90387018e-02,-1.06807107e-01,1.89357700e-02,-7.76010327e-02,1.44511739e+02,-1.14704260e-01,-9.75306461e-03,1.95538882e+01,1.40354736e-03,-9.28563719e-03,-1.07882010e-01,1.11417012e-02,-7.82377692e-02,1.07490287e-03,7.79406875e-03,6.36736456e-04
2.74000000e+02,1.64010532e+02,-1.14703055e-01,-2.53402057e-02,-1.05472836e-01,2.06895316e-02,-7.95841720e-02,1.44468962e+02,-1.15519543e-01,-1.54980492e-02,1.95415696e+01,8.16487725e-04,-9.84215653e-03,-1.06532905e-01,1.25756850e-02,-7.97645211e-02,1.06006922e-03,8.11384661e-03,1.80349101e-04
2.75000000e+02,1.63971683e+02,-1.17181663e-01,-2.00473585e-02,-1.04067324e-01,1.54066310e-02,-8.05758197e-02,1.44439967e+02,-1.17917707e-01,-1.14716056e-02,1.95317158e+01,7.36044494e-04,-8.57575283e-03,-1.05116158e-01,8.16662332e-03,-8.07049072e-02,1.04883388e-03,7.24000771e-03,1.29087481e-04
2.76000000e+02,1.63914043e+02,-1.21180337e-01,-2.63841748e-02,-1.02740787e-01,1.82429886e-02,-8.37668303e-02,1.44394751e+02,-1.21344638e-01,-1.71236984e-02,1.95192924e+01,1.64301350e-04,-9.26047639e-03,-1.03771817e-01,1.05756744e-02,-8.34537938e-02,1.03102978e-03,7.66731420e-03,-3.13036468e-04
2.77000000e+02,1.63879167e+02,-1.22623327e-01,-2.32476096e-02,-1.01376923e-01,1.49900447e-02,-8.41761621e-02,1.44369790e+02,-1.22833218e-01,-1.51370126e-02,1.95093769e+01,2.09890762e-04,-8.11059702e-03,-1.02394253e-01,8.12284718e-03,-8.38823971e-02,1.01733059e-03,6.86719752e-03,-2.93764949e-04
2.78000000e+02,1.63828569e+02,-1.24459820e-01,-2.98948437e-02,-1.00059274e-01,1.77155584e-02,-8.59699806e-02,1.44331770e+02,-1.24145540e-01,-2.10810310e-02,1.94967987e+01,-3.14280632e-04,-8.81381274e-03,-1.01058254e-01,1.04017421e-02,-8.52542122e-02,9.98979729e-04,7.31381624e-03,-7.15768377e-04
2.79000000e+02,1.63794920e+02,-1.26538140e-01,-2.47093952e-02,-9.86659739e-02,1.35182057e-02,-8.64011243e-02,1.44308244e+02,-1.26166885e-01,-1.69595126e-02,1.94866753e+01,-3.71254580e-04,-7.74988251e-03,-9.96516309e-02,6.91737345e-03,-8.56585872e-02,9.85656997e-04,6.60083226e-03,-7.42537097e-04
2.80000000e+02,1.63743001e+02,-1.30137359e-01,-3.09250499e-02,-9.73510057e-02,1.73237383e-02,-8.90628745e-02,1.44268997e+02,-1.29214068e-01,-2.23012971e-02,1.94740042e+01,-9.23291314e-04,-8.62375281e-03,-9.83171143e-02,1.01476649e-02,-8.78858868e-02,9.66108556e-04,7.17607334e-03,-1.17698770e-03
2.81000000e+02,1.63714157e+02,-1.31459525e-01,-2.75810615e-02,-9.59864014e-02,1.49306227e-02,-8.91002527e-02,1.44250296e+02,-1.30592279e-01,-1.98924022e-02,1.94638616e+01,-8.67245518e-04,-7.68865930e-03,-9.69371781e-02,8.38649828e-03,-8.79538103e-02,9.50776785e-04,6.54412438e-03,-1.14644240e-03
2.82000000e+02,1.63668269e+02,-1.33209530e-01,-3.46111650e-02,-9.46982958e-02,1.89186213e-02,-9.06441143e-02,1.44217226e+02,-1.31795479e-01,-2.60120245e-02,1.94510434e+01,-1.41405140e-03,-8.59914049e-03,-9.56289032e-02,1.17643469e-02,-8.90669509e-02,9.30607444e-04,7.15427445e-03,-1.57716342e-03
2.83000000e+02,1.63643571e+02,-1.34837981e-01,-2.99057149e-02,-9.33354125e-02,1.60820798e-02,-9.06384235e-02,1.44202842e+02,-1.33391029e-01,-2.21790655e-02,1.94407288e+01,-1.44695180e-03,-7.72664938e-03,-9.42507675e-02,9.48319405e-03,-8.90574244e-02,9.15355080e-04,6.59888572e-03,-1.58099911e-03
2.84000000e+02,1.63602321e+02,-1.38554817e-01,-3.62127932e-02,-9.20519306e-02,2.09622551e-02,-9.32892625e-02,1.44174445e+02,-1.36563805e-01,-2.74630767e-02,1.94278761e+01,-1.99101146e-03,-8.74971644e-03,-9.29462067e-02,1.36638132e-02,-9.12845813e-02,8.94276149e-04,7.29844190e-03,-2.00468120e-03
2.85000000e+02,1.63582417e+02,-1.39730250e-01,-3.31246506e-02,-9.06992748e-02,1.95497299e-02,-9.32920432e-02,1.44164877e+02,-1.37843364e-01,-2.51407399e-02,1.94175395e+01,-1.88688548e-03,-7.98391072e-03,-9.15763781e-02,1.27554258e-02,-9.13536109e-02,8.77103269e-04,6.79430412e-03,-1.93843230e-03
2.86000000e+02,1.63542856e+02,-1.41712530e-01,-3.94308755e-02,-8.94328057e-02,2.39852310e-02,-9.53127273e-02,1.44138312e+02,-1.39339314e-01,-3.04457725e-02,1.94045441e+01,-2.37321586e-03,-8.98510300e-03,-9.02878552e-02,1.64940269e-02,-9.29868526e-02,8.55049437e-04,7.49120414e-03,-2.32587470e-03
2.87000000e+02,1.63520976e+02,-1.43640660e-01,-3.44215430e-02,-8.80929307e-02,2.18318894e-02,-9.59328856e-02,1.44126898e+02,-1.41304939e-01,-2.61779268e-02,1.93940779e+01,-2.33572027e-03,-8.24361620e-03,-8.89310888e-02,1.47968526e-02,-9.36585947e-02,8.38158144e-04,7.03503673e-03,-2.27429090e-03
2.88000000e+02,1.63485247e+02,-1.47263264e-01,-3.96623432e-02,-8.68046056e-02,2.67608592e-02,-9.90714676e-02,1.44104156e+02,-1.44460830e-01,-3.03287157e-02,1.93810905e+01,-2.80243375e-03,-9.33362753e-03,-8.76204729e-02,1.89780225e-02,-9.64353216e-02,8.15867308e-04,7.78283667e-03,-2.63614597e-03
2.89000000e+02,1.63469507e+02,-1.47434735e-01,-3.58974194e-02,-8.54267493e-02,2.54669170e-02,-9.87818828e-02,1.44098839e+02,-1.44837557e-01,-2.72794102e-02,1.93706682e+01,-2.59717805e-03,-8.61800914e-03,-8.62260999e-02,1.81450037e-02,-9.63036378e-02,7.99350595e-04,7.32191333e-03,-2.47824501e-03
2.90000000e+02,1.63429995e+02,-1.48329812e-01,-4.11776392e-02,-8.40754261e-02,2.97737365e-02,-1.00294761e-01,1.44072407e+02,-1.45333469e-01,-3.15661645e-02,1.93575883e+01,-2.99634238e-03,-9.61147470e-03,-8.48537281e-02,2.17623652e-02,-9.74979989e-02,7.78301989e-04,8.01137136e-03,-2.79676176e-03
2.91000000e+02,1.63407588e+02,-1.49592482e-01,-3.50146565e-02,-8.25866312e-02,2.71512378e-02,-1.00800148e-01,1.44060526e+02,-1.46707475e-01,-2.61418215e-02,1.93470611e+01,-2.88500691e-03,-8.87283493e-03,-8.33496604e-02,1.95959003e-02,-9.81132936e-02,7.63029189e-04,7.55533745e-03,-2.68685414e-03
2.92000000e+02,1.63364884e+02,-1.53086215e-01,-3.93292485e-02,-8.11399077e-02,3.17316325e-02,-1.04278344e-01,1.44030892e+02,-1.49794421e-01,-2.94256201e-02,1.93339918e+01,-3.29179406e-03,-9.90362842e-03,-8.18815082e-02,2.34773233e-02,-1.01275262e-01,7.41600481e-04,8.25430915e-03,-3.00308192e-03
2.93000000e+02,1.63342963e+02,-1.53005842e-01,-3.49342127e-02,-7.96026631e-02,3.00730059e-02,-1.04215624e-01,1.44019443e+02,-1.49980363e-01,-2.57993685e-02,1.93235197e+01,-3.02547894e-03,-9.13484419e-03,-8.03274821e-02,2.23277490e-02,-1.01419115e-01,7.24818968e-04,7.74525685e-03,-2.79650922e-03
2.94000000e+02,1.63298395e+02,-1.53982441e-01,-3.90519817e-02,-7.80978458e-02,3.36720634e-02,-1.06269923e-01,1.43988031e+02,-1.50610538e-01,-2.90567582e-02,1.93103640e+01,-3.37190275e-03,-9.99522352e-03,-7.88006526e-02,2.53378697e-02,-1.03196630e-01,7.02806780e-04,8.33419366e-03,-3.07329290e-03
2.95000000e+02,1.63264813e+02,-1.54545139e-01,-3.25354421e-02,-7.64788978e-02,3.05641623e-02,-1.06718837e-01,1.43965084e+02,-1.51359682e-01,-2.33826960e-02,1.92997298e+01,-3.18545747e-03,-9.15274611e-03,-7.71648819e-02,2.27817425e-02,-1.03811184e-01,6.85984054e-04,7.78241985e-03,-2.90765236e-03
2.96000000e+02,1.63213259e+02,-1.57213678e-01,-3.62654155e-02,-7.49077466e-02,3.42118686e-02,-1.10068876e-01,1.43926681e+02,-1.53675245e-01,-2.62520680e-02,1.92865788e+01,-3.53843237e-03,-1.00133475e-02,-7.55705682e-02,2.58629750e-02,-1.06885802e-01,6.62821644e-04,8.34889365e-03,-3.18307366e-03
2.97000000e+02,1.63179145e+02,-1.56711983e-01,-3.10979715e-02,-7.32698360e-02,3.14876405e-02,-1.10030587e-01,1.43903134e+02,-1.53481420e-01,-2.19847224e-02,1.92760107e+01,-3.23056277e-03,-9.11324906e-03,-7.39133706e-02,2.37611471e-02,-1.07093009e-01,6.43534639e-04,7.72649342e-03,-2.93757837e-03
2.98000000e+02,1.63122940e+02,-1.57207941e-01,-3.42007558e-02,-7.17164638e-02,3.35962276e-02,-1.11886472e-01,1.43860169e+02,-1.53657354e-01,-2.44107936e-02,1.92627710e+01,-3.55058717e-03,-9.78996228e-03,-7.23354785e-02,2.54220450e-02,-1.08696189e-01,6.19014697e-04,8.17418258e-03,-3.19028326e-03
2.99000000e+02,1.63080705e+02,-1.57241078e-01,-2.63209800e-02,-7.00681010e-02,2.91676912e-02,-1.12209768e-01,1.43828616e+02,-1.53935180e-01,-1.75212825e-02,1.92520886e+01,-3.30589802e-03,-8.79969753e-03,-7.06678779e-02,2.16538362e-02,-1.09228972e-01,5.99776859e-04,7.51385506e-03,-2.98079608e-03
3.00000000e+02,1.63020834e+02,-1.60297840e-01,-2.88991958e-02,-6.84517187e-02,3.13928872e-02,-1.15816947e-01,1.43781984e+02,-1.56672112e-01,-1.93734612e-02,1.92388500e+01,-3.62572846e-03,-9.52573461e-03,-6.90267108e-02,2.34269369e-02,-1.12592213e-01,5.74992131e-04,7.96595036e-03,-3.22473463e-03
3.01000000e+02,1.62977466e+02,-1.59363288e-01,-2.31890188e-02,-6.67638224e-02,2.74570603e-02,-1.15510382e-01,1.43749245e+02,-1.56113377e-01,-1.46748209e-02,1.92282211e+01,-3.24991164e-03,-8.51419785e-03,-6.73190677e-02,2.02028602e-02,-1.12584525e-01,5.55245283e-04,7.25420018e-03,-2.92585699e-03
3.02000000e+02,1.62914752e+02,-1.59612808e-01,-2.59841159e-02,-6.51405720e-02,2.85486719e-02,-1.17215809e-01,1.43699846e+02,-1.56113464e-01,-1.68952669e-02,1.92149059e+01,-3.49934451e-03,-9.08884904e-03,-6.56710914e-02,2.09289133e-02,-1.14089026e-01,5.30519448e-04,7.61975855e-03,-3.12678258e-03
3.03000000e+02,1.62865236e+02,-1.59053605e-01,-1.77211727e-02,-6.33948195e-02,2.29658377e-02,-1.17047124e-01,1.43661073e+02,-1.55869202e-01,-9.68908579e-03,1.92041629e+01,-3.18440315e-03,-8.03208687e-03,-6.39059497e-02,1.60673628e-02,-1.14188717e-01,5.11130162e-04,6.89847496e-03,-2.85840777e-03
3.04000000e+02,1.62799113e+02,-1.60892560e-01,-2.00995348e-02,-6.17275664e-02,2.41860685e-02,-1.19643559e-01,1.43608212e+02,-1.57458461e-01,-1.14238243e-02,1.91909013e+01,-3.43409933e-03,-8.67571057e-03,-6.22133165e-02,1.69010191e-02,-1.16593650e-01,4.85750077e-04,7.28504945e-03,-3.04990885e-03
3.05000000e+02,1.62752451e+02,-1.58452849e-01,-1.45903358e-02,-5.99716772e-02,1.95752720e-02,-1.18178042e-01,1.43572184e+02,-1.55481956e-01,-6.96891386e-03,1.91802673e+01,-2.97089284e-03,-7.62142193e-03,-6.04371912e-02,1.30413790e-02,-1.15490668e-01,4.65514010e-04,6.53389305e-03,-2.68737369e-03
3.06000000e+02,1.62682549e+02,-1.57330126e-01,-1.69109524e-02,-5.82463848e-02,1.96347648e-02,-1.18679403e-01,1.43515574e+02,-1.54165909e-01,-8.77796639e-03,1.91669745e+01,-3.16421758e-03,-8.13298596e-03,-5.86863205e-02,1.27809184e-02,-1.15840133e-01,4.39935662e-04,6.85384640e-03,-2.83926967e-03
3.07000000e+02,1.62630591e+02,-1.55781882e-01,-8.78764482e-03,-5.64169286e-02,1.34837059e-02,-1.17411249e-01,1.43474292e+02,-1.52973800e-01,-1.74849767e-03,1.91562986e+01,-2.80808127e-03,-7.03914715e-03,-5.68370064e-02,7.36934353e-03,-1.14880909e-01,4.20077894e-04,6.11436236e-03,-2.53033977e-03
3.08000000e+02,1.62560834e+02,-1.57187338e-01,-1.09802587e-02,-5.45798910e-02,1.39077782e-02,-1.19360751e-01,1.43417712e+02,-1.54184902e-01,-3.30239482e-03,1.91431217e+01,-3.00243570e-03,-7.67786384e-03,-5.49736813e-02,7.41659942e-03,-1.16680660e-01,3.93790287e-04,6.49117880e-03,-2.68009163e-03
3.09000000e+02,1.62510780e+02,-1.54135599e-01,-5.61839040e-03,-5.26472211e-02,8.76886072e-03,-1.17198787e-01,1.43378198e+02,-1.51649746e-01,1.04356631e-03,1.91325816e+01,-2.48585288e-03,-6.66195671e-03,-5.30194058e-02,3.00333239e-03,-1.14917609e-01,3.72184757e-04,5.76552833e-03,-2.28117766e-03
3.10000000e+02,1.62437721e+02,-1.52301966e-01,-8.13601644e-03,-5.07735143e-02,8.41578361e-03,-1.16912526e-01,1.43318329e+02,-1.49659969e-01,-9.40340638e-04,1.91193917e+01,-2.64199761e-03,-7.19567580e-03,-5.11184024e-02,2.30084168e-03,-1.14511973e-01,3.44888137e-04,6.11494193e-03,-2.40055314e-03
3.11000000e+02,1.62384282e+02,-1.50526142e-01,-3.35695828e-04,-4.87849857e-02,2.20803113e-03,-1.15123407e-01,1.43275463e+02,-1.48286552e-01,5.87994316e-03,1.91088184e+01,-2.23959042e-03,-6.21563898e-03,-4.91083982e-02,-3.24229015e-03,-1.13061676e-01,3.23412468e-04,5.45032128e-03,-2.06173149e-03
3.12000000e+02,1.62314494e+02,-1.51198237e-01,-3.84146011e-03,-4.68297498e-02,3.09124350e-03,-1.16102197e-01,1.43218745e+02,-1.48809316e-01,3.08773090e-03,1.90957490e+01,-2.38892076e-03,-6.92919102e-03,-4.71254192e-02,-2.80117817e-03,-1.13928183e-01,2.95669394e-04,5.89242166e-03,-2.17401391e-03
3.13000000e+02,1.62265479e+02,-1.47174383e-01,7.96599738e-04,-4.47711594e-02,-1.83003737e-03,-1.12654888e-01,1.43180109e+02,-1.45327676e-01,6.79480887e-03,1.90853699e+01,-1.84670697e-03,-5.99820913e-03,-4.50442199e-02,-7.07325887e-03,-1.10913574e-01,2.73060461e-04,5.24322149e-03,-1.74131418e-03
3.14000000e+02,1.62193924e+02,-1.44343935e-01,-2.20057596e-03,-4.27641292e-02,-1.91793394e-03,-1.11261567e-01,1.43121573e+02,-1.42378686e-01,4.42129328e-03,1.90723516e+01,-1.96524814e-03,-6.62186923e-03,-4.30092968e-02,-7.58147765e-03,-1.09418722e-01,2.45167590e-04,5.66354371e-03,-1.84284466e-03
3.15000000e+02,1.62140722e+02,-1.42175896e-01,4.84579212e-03,-4.06409219e-02,-7.59120904e-03,-1.08691225e-01,1.43078755e+02,-1.40623016e-01,1.05929050e-02,1.90619666e+01,-1.55288041e-03,-5.74711288e-03,-4.08644636e-02,-1.26763110e-02,-1.07199404e-01,2.23541663e-04,5.08510192e-03,-1.49182172e-03
3.16000000e+02,1.62072617e+02,-1.43298614e-01,8.23011005e-04,-3.85542229e-02,-6.35164305e-03,-1.09517208e-01,1.43023574e+02,-1.41593457e-01,7.41850220e-03,1.90490421e+01,-1.70515686e-03,-6.59549119e-03,-3.87494185e-02,-1.19767151e-02,-1.07908066e-01,1.95195614e-04,5.62507206e-03,-1.60914219e-03
3.17000000e+02,1.62027387e+02,-1.39828101e-01,4.57682338e-03,-3.64230579e-02,-1.05909383e-02,-1.06228282e-01,1.42988555e+02,-1.38678236e-01,1.03684617e-02,1.90388312e+01,-1.14986513e-03,-5.79163830e-03,-3.65951118e-02,-1.56733666e-02,-1.05056367e-01,1.72053907e-04,5.08242830e-03,-1.17191509e-03
3.18000000e+02,1.61959203e+02,-1.38464222e-01,5.96998476e-04,-3.43542591e-02,-9.82468285e-03,-1.05460314e-01,1.42933259e+02,-1.37191402e-01,7.16408637e-03,1.90259439e+01,-1.27282040e-03,-6.56708789e-03,-3.44966805e-02,-1.54427479e-02,-1.04190402e-01,1.42421409e-04,5.61806508e-03,-1.26991172e-03
3.19000000e+02,1.61909271e+02,-1.37395265e-01,6.62126591e-03,-3.22546114e-02,-1.45331647e-02,-1.03428630e-01,1.42893555e+02,-1.36539892e-01,1.24636530e-02,1.90157159e+01,-8.55373265e-04,-5.84238708e-03,-3.23730251e-02,-1.96923115e-02,-1.02510443e-01,1.18413752e-04,5.15914686e-03,-9.18187035e-04
3.20000000e+02,1.61844228e+02,-1.39539562e-01,1.95681843e-03,-3.02717589e-02,-1.23897384e-02,-1.04821160e-01,1.42841259e+02,-1.38552943e-01,8.77074394e-03,1.90029686e+01,-9.86619502e-04,-6.81392551e-03,-3.03590788e-02,-1.81895558e-02,-1.03796958e-01,8.73198277e-05,5.79981737e-03,-1.02420158e-03
3.21000000e+02,1.61802123e+02,-1.37312829e-01,5.72119616e-03,-2.82625137e-02,-1.61413607e-02,-1.02033294e-01,1.42809166e+02,-1.36885247e-01,1.18629464e-02,1.89929575e+01,-4.27581835e-04,-6.14175019e-03,-2.83244457e-02,-2.15036103e-02,-1.01450752e-01,6.19320076e-05,5.36224953e-03,-5.82541366e-04
3.22000000e+02,1.61739983e+02,-1.35810686e-01,1.47954365e-03,-2.63848503e-02,-1.47279117e-02,-1.00898077e-01,1.42759695e+02,-1.35279330e-01,8.51277947e-03,1.89802881e+01,-5.31355942e-04,-7.03323582e-03,-2.64154394e-02,-2.07176465e-02,-1.00228952e-01,3.05891171e-05,5.98973476e-03,-6.69124806e-04
3.23000000e+02,1.61694301e+02,-1.34070335e-01,7.37802139e-03,-2.44559765e-02,-1.89318772e-02,-9.81633475e-02,1.42723991e+02,-1.33947458e-01,1.37935274e-02,1.89703109e+01,-1.22877299e-04,-6.41550603e-03,-2.44620902e-02,-2.45502215e-02,-9.78372848e-02,6.11373470e-06,5.61834430e-03,-3.26062707e-04
3.24000000e+02,1.61634132e+02,-1.35750364e-01,2.63139307e-03,-2.26140560e-02,-1.62014413e-02,-9.89048462e-02,1.42676294e+02,-1.35464198e-01,1.01035954e-02,1.89578373e+01,-2.86166477e-04,-7.47220229e-03,-2.25886131e-02,-2.25367245e-02,-9.84485361e-02,-2.54429342e-05,6.33528321e-03,-4.56310127e-04
3.25000000e+02,1.61596350e+02,-1.33806425e-01,6.51152822e-03,-2.07505231e-02,-1.92694335e-02,-9.60391141e-02,1.42648188e+02,-1.34004713e-01,1.34058929e-02,1.89481616e+01,1.98287713e-04,-6.89436472e-03,-2.06993064e-02,-2.52391949e-02,-9.59680788e-02,-5.12166687e-05,5.96976146e-03,-7.10352182e-05
3.26000000e+02,1.61538237e+02,-1.33004232e-01,2.42627852e-03,-1.90048465e-02,-1.72926709e-02,-9.53089852e-02,1.42602430e+02,-1.33041172e-01,1.02818559e-02,1.89358061e+01,3.69402999e-05,-7.85557734e-03,-1.89218907e-02,-2.39367950e-02,-9.50963831e-02,-8.29558102e-05,6.64412413e-03,-2.12602154e-04
3.27000000e+02,1.61497736e+02,-1.32256942e-01,7.43194789e-03,-1.72012060e-02,-2.04293441e-02,-9.30791615e-02,1.42571542e+02,-1.32644815e-01,1.47711558e-02,1.89261939e+01,3.87872266e-04,-7.33920790e-03,-1.70931712e-02,-2.67749281e-02,-9.31615508e-02,-1.08034764e-04,6.34558397e-03,8.23892363e-05
3.28000000e+02,1.61441313e+02,-1.35047194e-01,1.33243514e-03,-1.55172292e-02,-1.61847911e-02,-9.44957260e-02,1.42527256e+02,-1.35208932e-01,9.77459973e-03,1.89140574e+01,1.61737599e-04,-8.44216459e-03,-1.53774988e-02,-2.32848150e-02,-9.43948556e-02,-1.39730425e-04,7.10002383e-03,-1.00870355e-04
3.29000000e+02,1.61407740e+02,-1.33867067e-01,3.24807869e-03,-1.38060359e-02,-1.73271081e-02,-9.21655166e-02,1.42503032e+02,-1.34454508e-01,1.11591849e-02,1.89047087e+01,5.87440624e-04,-7.91110622e-03,-1.36415658e-02,-2.40976908e-02,-9.24000359e-02,-1.64470109e-04,6.77058270e-03,2.34519298e-04
3.30000000e+02,1.61351841e+02,-1.33331269e-01,-1.67913246e-03,-1.21937873e-02,-1.41055936e-02,-9.17981543e-02,1.42459147e+02,-1.33706429e-01,7.17266821e-03,1.88926948e+01,3.75159620e-04,-8.85180067e-03,-1.19987555e-02,-2.15420912e-02,-9.18432325e-02,-1.95031808e-04,7.43649765e-03,4.50782784e-05
3.31000000e+02,1.61313299e+02,-1.33215365e-01,3.24830591e-03,-1.05461575e-02,-1.63915676e-02,-8.99502988e-02,1.42429875e+02,-1.33836042e-01,1.15515206e-02,1.88834232e+01,6.20677865e-04,-8.30321473e-03,-1.03276945e-02,-2.35126499e-02,-9.02110144e-02,-2.18463022e-04,7.12108233e-03,2.60715669e-04
3.32000000e+02,1.61260214e+02,-1.36398242e-01,-2.66702402e-03,-8.99779786e-03,-1.17446501e-02,-9.16332793e-02,1.42388561e+02,-1.36710619e-01,6.72658372e-03,1.88716522e+01,3.12376733e-04,-9.39360774e-03,-8.74943078e-03,-1.95969330e-02,-9.16398141e-02,-2.48367082e-04,7.85228294e-03,6.53488347e-06
3.33000000e+02,1.61228827e+02,-1.34820447e-01,-7.54464467e-04,-7.39135248e-03,-1.26248059e-02,-8.92624352e-02,1.42366147e+02,-1.35461671e-01,8.10330620e-03,1.88626792e+01,6.41223902e-04,-8.85777066e-03,-7.11978949e-03,-2.01354611e-02,-8.95276897e-02,-2.71562990e-04,7.51065523e-03,2.65254542e-04
3.34000000e+02,1.61175008e+02,-1.34505662e-01,-6.10387078e-03,-5.84866800e-03,-8.91336239e-03,-8.90038119e-02,1.42323949e+02,-1.34821182e-01,3.66586598e-03,1.88510593e+01,3.15519398e-04,-9.76973675e-03,-5.54785821e-03,-1.70656456e-02,-8.89958623e-02,-3.00809781e-04,8.15228318e-03,-7.94960856e-06
3.35000000e+02,1.61136885e+02,-1.34446783e-01,-1.35712791e-03,-4.23694367e-03,-1.07653570e-02,-8.75836568e-02,1.42294655e+02,-1.34888047e-01,7.83841582e-03,1.88422304e+01,4.41263554e-04,-9.19554373e-03,-3.91376309e-03,-1.85810504e-02,-8.76973752e-02,-3.23180573e-04,7.81569341e-03,1.13718377e-04
3.36000000e+02,1.61084127e+02,-1.38277802e-01,-7.43723719e-03,-2.71588663e-03,-5.66590851e-03,-9.00058118e-02,1.42253260e+02,-1.38306919e-01,2.77118047e-03,1.88308673e+01,2.91167341e-05,-1.02084177e-02,-2.36372845e-03,-1.41600794e-02,-8.97793038e-02,-3.52158182e-04,8.49417088e-03,-2.26507923e-04
3.37000000e+02,1.61056159e+02,-1.37965058e-01,-4.92482220e-03,-1.12044125e-03,-6.52985833e-03,-8.85420255e-02,1.42233829e+02,-1.38225108e-01,4.68498277e-03,1.88223296e+01,2.60049324e-04,-9.60980497e-03,-7.46113203e-04,-1.46406412e-02,-8.84951438e-02,-3.74328047e-04,8.11078288e-03,-4.68817166e-05
3.38000000e+02,1.61006230e+02,-1.37995332e-01,-1.01616596e-02,4.04720849e-04,-2.74448306e-03,-8.89552048e-02,1.42195092e+02,-1.37868696e-01,3.05316425e-04,1.88111383e+01,-1.26635404e-04,-1.04669760e-02,8.06969692e-04,-1.14400701e-02,-8.85723238e-02,-4.02248843e-04,8.69558700e-03,-3.82880955e-04
3.39000000e+02,1.60972375e+02,-1.38222378e-01,-5.14877147e-03,2.01431941e-03,-4.54298328e-03,-8.80732270e-02,1.42169626e+02,-1.38144073e-01,4.68338707e-03,1.88027492e+01,-7.83050174e-05,-9.83215854e-03,2.43722567e-03,-1.28523736e-02,-8.77534556e-02,-4.22906258e-04,8.30939028e-03,-3.19771395e-04
3.40000000e+02,1.60918367e+02,-1.42264970e-01,-1.04124213e-02,3.56821883e-03,2.84350453e-04,-9.09678857e-02,1.42126501e+02,-1.41674656e-01,3.51186288e-04,1.87918655e+01,-5.90314861e-04,-1.07636076e-02,4.01958864e-03,-8.63577709e-03,-9.02393652e-02,-4.51369807e-04,8.92012755e-03,-7.28520527e-04
3.41000000e+02,1.60890885e+02,-1.42442003e-01,-8.10773299e-03,5.16280972e-03,-4.90256003e-04,-9.02260988e-02,1.42107060e+02,-1.41999360e-01,1.99289387e-03,1.87838252e+01,-4.42643848e-04,-1.01006269e-02,5.63576581e-03,-8.96936711e-03,-8.96099241e-02,-4.72956095e-04,8.47911111e-03,-6.16174654e-04
3.42000000e+02,1.60846576e+02,-1.43567503e-01,-1.26581317e-02,6.69524878e-03,2.83990187e-03,-9.16426616e-02,1.42073487e+02,-1.42661170e-01,-1.79327564e-03,1.87730887e+01,-9.06332800e-04,-1.08648561e-02,7.19687173e-03,-6.15692733e-03,-9.06308321e-02,-5.01622947e-04,8.99682920e-03,-1.01182946e-03
3.43000000e+02,1.60816376e+02,-1.44444919e-01,-7.93430949e-03,8.28864320e-03,1.10507323e-03,-9.16702159e-02,1.42051224e+02,-1.43531216e-01,2.23327148e-03,1.87651518e+01,-9.13702922e-04,-1.01675810e-02,8.81154517e-03,-7.44919369e-03,-9.06728734e-02,-5.22901967e-04,8.55426692e-03,-9.97342507e-04
3.44000000e+02,1.60766162e+02,-1.49183747e-01,-1.36447025e-02,9.81298194e-03,6.03340621e-03,-9.54069305e-02,1.42011487e+02,-1.47711531e-01,-2.62428458e-03,1.87546756e+01,-1.47221590e-03,-1.10204179e-02,1.03646720e-02,-3.06738234e-03,-9.39641348e-02,-5.51690064e-04,9.10078855e-03,-1.44279576e-03
3.45000000e+02,1.60737260e+02,-1.49722234e-01,-1.18701082e-02,1.13906125e-02,5.52917187e-03,-9.52460327e-02,1.41990191e+02,-1.48352197e-01,-1.59517699e-03,1.87470692e+01,-1.37003689e-03,-1.02749312e-02,1.19641002e-02,-3.06319598e-03,-9.38829597e-02,-5.73487724e-04,8.59236785e-03,-1.36307307e-03
3.46000000e+02,1.60692667e+02,-1.50942072e-01,-1.67382459e-02,1.28629886e-02,8.98899847e-03,-9.71686527e-02,1.41955903e+02,-1.49085671e-01,-5.79981595e-03,1.87367634e+01,-1.85640167e-03,-1.09384300e-02,1.34651302e-02,-4.42800073e-05,-9.53846599e-02,-6.02141624e-04,9.03327848e-03,-1.78399279e-03
3.47000000e+02,1.60667897e+02,-1.52904838e-01,-1.21380650e-02,1.44041912e-02,7.21184910e-03,-9.81797749e-02,1.41938606e+02,-1.50987301e-01,-2.00082541e-03,1.87292909e+01,-1.91753672e-03,-1.01372396e-02,1.50277718e-02,-1.30592220e-03,-9.63823813e-02,-6.23580513e-04,8.51777130e-03,-1.79739362e-03
3.48000000e+02,1.60620232e+02,-1.58787637e-01,-1.81368577e-02,1.58365282e-02,1.22206918e-02,-1.02902954e-01,1.41900948e+02,-1.56309106e-01,-7.22264139e-03,1.87192844e+01,-2.47853095e-03,-1.09142163e-02,1.64891587e-02,3.22512726e-03,-1.00651573e-01,-6.52630505e-04,8.99556452e-03,-2.25138158e-03
3.49000000e+02,1.60595012e+02,-1.59883534e-01,-1.68336376e-02,1.73014632e-02,1.17782443e-02,-1.03397730e-01,1.41882858e+02,-1.57514190e-01,-6.74201976e-03,1.87121543e+01,-2.36934392e-03,-1.00916179e-02,1.79759372e-02,3.35474140e-03,-1.01229996e-01,-6.74473991e-04,8.42350292e-03,-2.16773421e-03
3.50000000e+02,1.60547336e+02,-1.61296295e-01,-2.22921144e-02,1.86467870e-02,1.53204235e-02,-1.05658003e-01,1.41845020e+02,-1.58460396e-01,-1.16251561e-02,1.87023165e+01,-2.83589877e-03,-1.06669582e-02,1.93500303e-02,6.52514376e-03,-1.03085654e-01,-7.03243244e-04,8.79527976e-03,-2.57234826e-03
3.51000000e+02,1.60522111e+02,-1.61975810e-01,-1.80345994e-02,2.00310460e-02,1.34071726e-02,-1.06244322e-01,1.41826791e+02,-1.59124707e-01,-8.23959038e-03,1.86953203e+01,-2.85110362e-03,-9.79500897e-03,2.07556236e-02,5.18990701e-03,-1.03686085e-01,-7.24577669e-04,8.21726556e-03,-2.55823756e-03
3.52000000e+02,1.60478211e+02,-1.66592426e-01,-2.41075733e-02,2.12871752e-02,1.81398308e-02,-1.10475967e-01,1.41792409e+02,-1.63198225e-01,-1.36275401e-02,1.86858021e+01,-3.39420161e-03,-1.04800332e-02,2.20407821e-02,9.50690575e-03,-1.07482796e-01,-7.53606905e-04,8.63292501e-03,-2.99317146e-03
3.53000000e+02,1.60454663e+02,-1.67230365e-01,-2.21840566e-02,2.25588935e-02,1.72480732e-02,-1.10942856e-01,1.41775469e+02,-1.63966621e-01,-1.25990023e-02,1.86791939e+01,-3.26374402e-03,-9.58505426e-03,2.33339689e-02,9.23840818e-03,-1.08048237e-01,-7.75075402e-04,8.00966506e-03,-2.89461957e-03
3.54000000e+02,1.60409137e+02,-1.68840852e-01,-2.79318047e-02,2.37105637e-02,2.07116552e-02,-1.13406366e-01,1.41739278e+02,-1.65127667e-01,-1.77993848e-02,1.86698584e+01,-3.71318486e-03,-1.01324199e-02,2.45137963e-02,1.23668349e-02,-1.10135972e-01,-8.03232617e-04,8.34482032e-03,-3.27039373e-03
3.55000000e+02,1.60379492e+02,-1.69912826e-01,-2.41044051e-02,2.48899447e-02,1.89686874e-02,-1.14165621e-01,1.41716080e+02,-1.66225566e-01,-1.48824262e-02,1.86634123e+01,-3.68725983e-03,-9.22197893e-03,2.57138268e-02,1.12299020e-02,-1.10944241e-01,-8.23882052e-04,7.73878541e-03,-3.22137997e-03
3.56000000e+02,1.60336485e+02,-1.74167512e-01,-3.08029534e-02,2.59260484e-02,2.38699110e-02,-1.18236872e-01,1.41682065e+02,-1.70017729e-01,-2.09068711e-02,1.86544200e+01,-4.14978297e-03,-9.89608229e-03,2.67778461e-02,1.57333702e-02,-1.14639418e-01,-8.51797686e-04,8.13654079e-03,-3.59745403e-03
3.57000000e+02,1.60315689e+02,-1.74828319e-01,-3.00565607e-02,2.70052346e-02,2.35796254e-02,-1.18555816e-01,1.41667306e+02,-1.70859780e-01,-2.10866121e-02,1.86483829e+01,-3.96853978e-03,-8.96994863e-03,2.78771140e-02,1.60819037e-02,-1.15106257e-01,-8.71879408e-04,7.49772170e-03,-3.44955925e-03
3.58000000e+02,1.60271589e+02,-1.75418016e-01,-3.62465800e-02,2.79618821e-02,2.73199945e-02,-1.20512987e-01,1.41631962e+02,-1.71091437e-01,-2.67480507e-02,1.86396269e+01,-4.32657973e-03,-9.49852933e-03,2.88600193e-02,1.94954833e-02,-1.16739166e-01,-8.98137270e-04,7.82451120e-03,-3.77382120e-03
3.59000000e+02,1.60244281e+02,-1.76121358e-01,-3.28819410e-02,2.89864457e-02,2.56549145e-02,-1.20920915e-01,1.41610485e+02,-1.71874888e-01,-2.43027695e-02,1.86337953e+01,-4.24646960e-03,-8.57917157e-03,2.99029989e-02,1.84516474e-02,-1.17248200e-01,-9.16553185e-04,7.20326705e-03,-3.67271499e-03
3.60000000e+02,1.60198387e+02,-1.80114904e-01,-4.00530509e-02,2.99183616e-02,3.06332178e-02,-1.24644273e-01,1.41572947e+02,-1.75471006e-01,-3.08062892e-02,1.86254401e+01,-4.64389806e-03,-9.24676164e-03,3.08609135e-02,2.30399300e-02,-1.20649155e-01,-9.42551936e-04,7.59328786e-03,-3.99511829e-03
3.61000000e+02,1.60175955e+02,-1.79895807e-01,-3.91636767e-02,3.09131888e-02,2.99509999e-02,-1.24410543e-01,1.41555955e+02,-1.75507872e-01,-3.08392332e-02,1.86200000e+01,-4.38793434e-03,-8.32444344e-03,3.18746207e-02,2.29997171e-02,-1.20617607e-01,-9.61431895e-04,6.95128278e-03,-3.79293639e-03
3.62000000e+02,1.60134777e+02,-1.80300518e-01,-4.51011954e-02,3.18072154e-02,3.32191571e-02,-1.26092644e-01,1.41522929e+02,-1.75617538e-01,-3.62751109e-02,1.86118486e+01,-4.68297995e-03,-8.82608449e-03,3.27942110e-02,2.59513789e-02,-1.22032692e-01,-9.86995598e-04,7.26777827e-03,-4.05995126e-03
3.63000000e+02,1.60108385e+02,-1.81079481e-01,-4.13774406e-02,3.27762352e-02,3.12241945e-02,-1.26352781e-01,1.41501759e+02,-1.76540041e-01,-3.34714103e-02,1.86066258e+01,-4.53944006e-03,-7.90603032e-03,3.37809601e-02,2.45642160e-02,-1.22444554e-01,-1.00472494e-03,6.65997850e-03,-3.90822622e-03
3.64000000e+02,1.60064415e+02,-1.84764815e-01,-4.79599381e-02,3.36316966e-02,3.58179160e-02,-1.29894745e-01,1.41465566e+02,-1.79912756e-01,-3.93686667e-02,1.85988496e+01,-4.85205907e-03,-8.59127147e-03,3.46620556e-02,2.87550644e-02,-1.25718126e-01,-1.03035895e-03,7.06285163e-03,-4.17661966e-03
3.65000000e+02,1.60039162e+02,-1.84184128e-01,-4.65313032e-02,3.45349287e-02,3.48626005e-02,-1.29481727e-01,1.41445139e+02,-1.79646218e-01,-3.88341949e-02,1.85940229e+01,-4.53790981e-03,-7.69710834e-03,3.55836133e-02,2.84206947e-02,-1.25555033e-01,-1.04868454e-03,6.44190582e-03,-3.92669399e-03
3.66000000e+02,1.59997847e+02,-1.84547690e-01,-5.25093790e-02,3.53547110e-02,3.78285186e-02,-1.30768043e-01,1.41411380e+02,-1.79764055e-01,-4.42528911e-02,1.85864677e+01,-4.78363483e-03,-8.25648787e-03,3.64288430e-02,3.10383981e-02,-1.26627945e-01,-1.07413197e-03,6.79012058e-03,-4.14009766e-03
3.67000000e+02,1.59972021e+02,-1.84650114e-01,-4.87762260e-02,3.62238324e-02,3.55389408e-02,-1.30421920e-01,1.41390197e+02,-1.80075667e-01,-4.14098364e-02,1.85818238e+01,-4.57444723e-03,-7.36638960e-03,3.73156774e-02,2.93287653e-02,-1.26481199e-01,-1.09184500e-03,6.21017555e-03,-3.94072080e-03
3.68000000e+02,1.59928964e+02,-1.87271991e-01,-5.44771120e-02,3.69809776e-02,3.94532308e-02,-1.33108138e-01,1.41354333e+02,-1.82462074e-01,-4.64246120e-02,1.85746307e+01,-4.80991747e-03,-8.05249998e-03,3.80986467e-02,3.28252419e-02,-1.28951663e-01,-1.11766916e-03,6.62798889e-03,-4.15647506e-03
3.69000000e+02,1.59906950e+02,-1.86270712e-01,-5.22114342e-02,3.77821290e-02,3.80602762e-02,-1.32098703e-01,1.41336563e+02,-1.81797245e-01,-4.50167306e-02,1.85703876e+01,-4.47346609e-03,-7.19470358e-03,3.89175434e-02,3.20168527e-02,-1.28224582e-01,-1.13541431e-03,6.04342345e-03,-3.87412173e-03
3.70000000e+02,1.59862818e+02,-1.86548213e-01,-5.75369691e-02,3.84489412e-02,4.07165212e-02,-1.33266896e-01,1.41299440e+02,-1.81892639e-01,-4.97318196e-02,1.85633785e+01,-4.65557389e-03,-7.80514957e-03,3.96087678e-02,3.42868947e-02,-1.29216285e-01,-1.15982654e-03,6.42962655e-03,-4.05061110e-03
3.71000000e+02,1.59836292e+02,-1.86747863e-01,-5.35696772e-02,3.91926651e-02,3.84108202e-02,-1.32924562e-01,1.41276968e+02,-1.82346964e-01,-4.66081706e-02,1.85593244e+01,-4.40089857e-03,-6.96150656e-03,4.03690241e-02,3.25223937e-02,-1.29110808e-01,-1.17635897e-03,5.88842650e-03,-3.81375389e-03
3.72000000e+02,1.59794128e+02,-1.89979645e-01,-5.85354283e-02,3.98345527e-02,4.18587096e-02,-1.35660843e-01,1.41241414e+02,-1.85362751e-01,-5.08283258e-02,1.85527138e+01,-4.61689448e-03,-7.70710253e-03,4.10349799e-02,3.55124622e-02,-1.31665923e-01,-1.20042719e-03,6.34624734e-03,-3.99491940e-03
3.73000000e+02,1.59774613e+02,-1.89002107e-01,-5.55153818e-02,4.05498991e-02,3.98194885e-02,-1.34608489e-01,1.41225549e+02,-1.84785192e-01,-4.86170660e-02,1.85490638e+01,-4.21691523e-03,-6.89831574e-03,4.17665415e-02,3.40224002e-02,-1.30932029e-01,-1.21664234e-03,5.79708825e-03,-3.67645974e-03
3.74000000e+02,1.59732868e+02,-1.88659775e-01,-5.94904965e-02,4.11763618e-02,4.17336383e-02,-1.35204465e-01,1.41190226e+02,-1.84304026e-01,-5.19509640e-02,1.85426424e+01,-4.35574954e-03,-7.53953246e-03,4.24164228e-02,3.55245342e-02,-1.31387034e-01,-1.24006102e-03,6.20910410e-03,-3.81743074e-03
3.75000000e+02,1.59706863e+02,-1.88265673e-01,-5.40692424e-02,4.18639276e-02,3.84822989e-02,-1.34230172e-01,1.41167711e+02,-1.84194041e-01,-4.73175036e-02,1.85391527e+01,-4.07163138e-03,-6.75173876e-03,4.31202177e-02,3.27765992e-02,-1.30673383e-01,-1.25629008e-03,5.70569971e-03,-3.55678826e-03
3.76000000e+02,1.59663100e+02,-1.90959028e-01,-5.82257975e-02,4.23951486e-02,4.13433357e-02,-1.36616125e-01,1.41130026e+02,-1.86706623e-01,-5.06924294e-02,1.85330742e+01,-4.25240518e-03,-7.53336806e-03,4.36761477e-02,3.51501141e-02,-1.32891858e-01,-1.28099916e-03,6.19322162e-03,-3.72426678e-03
3.77000000e+02,1.59645486e+02,-1.89872121e-01,-5.45281262e-02,4.29618380e-02,3.89504911e-02,-1.35370572e-01,1.41115520e+02,-1.86026037e-01,-4.77622043e-02,1.85299659e+01,-3.84608318e-03,-6.76592192e-03,4.42603205e-02,3.32639205e-02,-1.31975577e-01,-1.29848248e-03,5.68657054e-03,-3.39499584e-03
3.78000000e+02,1.59606498e+02,-1.89828581e-01,-5.79771180e-02,4.33741606e-02,4.06990482e-02,-1.36018030e-01,1.41082426e+02,-1.85827371e-01,-5.05421753e-02,1.85240717e+01,-4.00120981e-03,-7.43494265e-03,4.46970264e-02,3.45708547e-02,-1.32481226e-01,-1.32286578e-03,6.12819343e-03,-3.53680381e-03
3.79000000e+02,1.59580658e+02,-1.89260511e-01,-5.24429123e-02,4.38121828e-02,3.76856524e-02,-1.34791646e-01,1.41059525e+02,-1.85564418e-01,-4.57401611e-02,1.85211330e+01,-3.69609335e-03,-6.70275123e-03,4.51522274e-02,3.20193259e-02,-1.31531254e-01,-1.34004461e-03,5.66632655e-03,-3.26039189e-03
3.80000000e+02,1.59539649e+02,-1.91106694e-01,-5.67617376e-02,4.40859705e-02,4.08334866e-02,-1.36605418e-01,1.41024018e+02,-1.87236839e-01,-4.92435766e-02,1.85156309e+01,-3.86985495e-03,-7.51816094e-03,4.54501015e-02,3.46591922e-02,-1.33182684e-01,-1.36413101e-03,6.17429441e-03,-3.42273353e-03
3.81000000e+02,1.59523242e+02,-1.89536001e-01,-5.34383721e-02,4.44116084e-02,3.88022894e-02,-1.34886956e-01,1.41010121e+02,-1.86056189e-01,-4.66589724e-02,1.85131211e+01,-3.47981203e-03,-6.77939965e-03,4.57915446e-02,3.31137438e-02,-1.31784744e-01,-1.37993622e-03,5.68854567e-03,-3.10221143e-03
3.82000000e+02,1.59485222e+02,-1.89249672e-01,-5.72578363e-02,4.46132184e-02,4.09493505e-02,-1.35257702e-01,1.40977393e+02,-1.85607051e-01,-4.97830627e-02,1.85078298e+01,-3.64262118e-03,-7.47477360e-03,4.60153150e-02,3.48056055e-02,-1.32003829e-01,-1.40209654e-03,6.14374506e-03,-3.25387275e-03
3.83000000e+02,1.59463482e+02,-1.88189240e-01,-5.20737156e-02,4.48884388e-02,3.81442172e-02,-1.33632270e-01,1.40957973e+02,-1.84821182e-01,-4.53379267e-02,1.85055093e+01,-3.36805737e-03,-6.73578886e-03,4.63046683e-02,3.24604801e-02,-1.30633829e-01,-1.41622957e-03,5.68373711e-03,-2.99844121e-03
3.84000000e+02,1.59422615e+02,-1.90184333e-01,-5.59899614e-02,4.50399497e-02,4.11690016e-02,-1.35520842e-01,1.40921995e+02,-1.86616187e-01,-4.84509601e-02,1.85006204e+01,-3.56814620e-03,-7.53900131e-03,4.64778019e-02,3.49778093e-02,-1.32335608e-01,-1.43785215e-03,6.19119228e-03,-3.18523356e-03
3.85000000e+02,1.59407018e+02,-1.88960921e-01,-5.24264314e-02,4.52609213e-02,3.89896382e-02,-1.33906596e-01,1.40908309e+02,-1.85750265e-01,-4.56177143e-02,1.84987085e+01,-3.21065559e-03,-6.80871713e-03,4.67128274e-02,3.32834543e-02,-1.31021730e-01,-1.45190612e-03,5.70618394e-03,-2.88486575e-03
3.86000000e+02,1.59371592e+02,-1.88617092e-01,-5.54032391e-02,4.53726001e-02,4.05142654e-02,-1.34282436e-01,1.40877576e+02,-1.85217207e-01,-4.79189249e-02,1.84940158e+01,-3.39988569e-03,-7.48431417e-03,4.68456985e-02,3.43648390e-02,-1.31225115e-01,-1.47309841e-03,6.14942642e-03,-3.05732058e-03
3.87000000e+02,1.59353416e+02,-1.87772770e-01,-4.89447159e-02,4.55511001e-02,3.68659155e-02,-1.32862954e-01,1.40861137e+02,-1.84626190e-01,-4.21916643e-02,1.84922794e+01,-3.14658004e-03,-6.75305157e-03,4.70382800e-02,3.11786497e-02,-1.30040059e-01,-1.48717991e-03,5.68726573e-03,-2.82289521e-03
3.88000000e+02,1.59314549e+02,-1.89812907e-01,-5.14350312e-02,4.55901617e-02,3.89737724e-02,-1.34861324e-01,1.40826598e+02,-1.86440603e-01,-4.39077908e-02,1.84879506e+01,-3.37230363e-03,-7.52724045e-03,4.70984946e-02,3.27948911e-02,-1.31835278e-01,-1.50833291e-03,6.17888132e-03,-3.02604575e-03
3.89000000e+02,1.59300485e+02,-1.88064826e-01,-4.69126852e-02,4.56908817e-02,3.62719286e-02,-1.32978278e-01,1.40813862e+02,-1.85042691e-01,-4.01119781e-02,1.84866227e+01,-3.02213569e-03,-6.80070710e-03,4.72122842e-02,3.05742791e-02,-1.30234887e-01,-1.52140241e-03,5.69764946e-03,-2.74339059e-03
3.90000000e+02,1.59267190e+02,-1.87606579e-01,-4.98718835e-02,4.57053542e-02,3.77833383e-02,-1.33365419e-01,1.40784690e+02,-1.84358103e-01,-4.23813915e-02,1.84824999e+01,-3.24847610e-03,-7.49049201e-03,4.72462038e-02,3.16411911e-02,-1.30422916e-01,-1.54084969e-03,6.14214717e-03,-2.94250319e-03
3.91000000e+02,1.59250972e+02,-1.87332638e-01,-4.35021901e-02,4.57824272e-02,3.43348934e-02,-1.32419610e-01,1.40769645e+02,-1.84301888e-01,-3.67657694e-02,1.84813267e+01,-3.03074981e-03,-6.73642065e-03,4.73347976e-02,2.86613020e-02,-1.29686897e-01,-1.55237035e-03,5.67359138e-03,-2.73271329e-03
3.92000000e+02,1.59215891e+02,-1.89671388e-01,-4.57861451e-02,4.57718773e-02,3.64044936e-02,-1.34636482e-01,1.40738353e+02,-1.86386197e-01,-3.83037446e-02,1.84775376e+01,-3.28519160e-03,-7.48240051e-03,4.73430303e-02,3.02727441e-02,-1.31676864e-01,-1.57115298e-03,6.13174949e-03,-2.95961867e-03
3.93000000e+02,1.59203884e+02,-1.89284541e-01,-4.06921437e-02,4.58287257e-02,3.32141881e-02,-1.33722829e-01,1.40727111e+02,-1.86303468e-01,-3.39884259e-02,1.84767735e+01,-2.98107298e-03,-6.70371787e-03,4.74115522e-02,2.75970961e-02,-1.31021250e-01,-1.58282657e-03,5.61709197e-03,-2.70157881e-03
3.94000000e+02,1.59171368e+02,-1.89214147e-01,-4.26384828e-02,4.57676400e-02,3.40106115e-02,-1.34494496e-01,1.40698155e+02,-1.85999554e-01,-3.52905946e-02,1.84732138e+01,-3.21459335e-03,-7.34788821e-03,4.73692348e-02,2.79841898e-02,-1.31580724e-01,-1.60159478e-03,6.02642166e-03,-2.91377226e-03
3.95000000e+02,1.59158109e+02,-1.89188154e-01,-3.61874819e-02,4.57903325e-02,3.04640165e-02,-1.33755027e-01,1.40685452e+02,-1.86157582e-01,-2.96032464e-02,1.84726575e+01,-3.03057157e-03,-6.58423546e-03,4.74040632e-02,2.49201201e-02,-1.31031536e-01,-1.61373066e-03,5.54389639e-03,-2.72349071e-03
3.96000000e+02,1.59126377e+02,-1.92425585e-01,-3.90457388e-02,4.56779399e-02,3.28529284e-02,-1.36582825e-01,1.40656881e+02,-1.89120173e-01,-3.17242584e-02,1.84694959e+01,-3.30541223e-03,-7.32148041e-03,4.73115005e-02,2.68559554e-02,-1.33615645e-01,-1.63356063e-03,5.99697302e-03,-2.96717958e-03
3.97000000e+02,1.59116812e+02,-1.91917589e-01,-3.45164559e-02,4.55873048e-02,3.02194481e-02,-1.35909624e-01,1.40647454e+02,-1.88908169e-01,-2.79988545e-02,1.84693585e+01,-3.00942084e-03,-6.51760145e-03,4.72335820e-02,2.47551663e-02,-1.33183294e-01,-1.64627721e-03,5.46428176e-03,-2.72633032e-03
3.98000000e+02,1.59086547e+02,-1.92559973e-01,-3.77166053e-02,4.53707501e-02,3.19085656e-02,-1.37305554e-01,1.40620134e+02,-1.89293455e-01,-3.05734296e-02,1.84664131e+01,-3.26651839e-03,-7.14317572e-03,4.70363385e-02,2.60570499e-02,-1.34355667e-01,-1.66558845e-03,5.85151564e-03,-2.94988731e-03
3.99000000e+02,1.59074175e+02,-1.92891561e-01,-3.19961752e-02,4.52069874e-02,2.90302057e-02,-1.36948983e-01,1.40607723e+02,-1.89802623e-01,-2.56572613e-02,1.84664527e+01,-3.08893761e-03,-6.33891384e-03,4.68842513e-02,2.36893340e-02,-1.34186494e-01,-1.67726388e-03,5.34087169e-03,-2.76248854e-03
4.00000000e+02,1.59044928e+02,-1.96250563e-01,-3.58417208e-02,4.49276600e-02,3.20927522e-02,-1.40127835e-01,1.40581055e+02,-1.92876639e-01,-2.88179320e-02,1.84638727e+01,-3.37392408e-03,-7.02378883e-03,4.66233490e-02,2.63343445e-02,-1.37110616e-01,-1.69568896e-03,5.75840770e-03,-3.01721918e-03
4.01000000e+02,1.59038490e+02,-1.96820726e-01,-3.28675673e-02,4.47319602e-02,3.02915112e-02,-1.40064980e-01,1.40574155e+02,-1.93718713e-01,-2.66473417e-02,1.84643347e+01,-3.10201374e-03,-6.22022563e-03,4.64385148e-02,2.50877785e-02,-1.37281160e-01,-1.70655456e-03,5.20373262e-03,-2.78381994e-03
4.02000000e+02,1.59009778e+02,-1.98061400e-01,-3.65416924e-02,4.44574372e-02,3.22613443e-02,-1.42067822e-01,1.40547772e+02,-1.94710991e-01,-2.97540194e-02,1.84620054e+01,-3.35040875e-03,-6.78767296e-03,4.61810758e-02,2.67083229e-02,-1.39058678e-01,-1.72363863e-03,5.55302138e-03,-3.00914490e-03
4.03000000e+02,1.58999676e+02,-1.99070144e-01,-3.09919428e-02,4.42663347e-02,2.93961917e-02,-1.42361959e-01,1.40537008e+02,-1.95896693e-01,-2.50444636e-02,1.84626686e+01,-3.17345083e-03,-5.94747925e-03,4.59998959e-02,2.43780143e-02,-1.39536486e-01,-1.73356122e-03,5.01817743e-03,-2.82547224e-03
4.04000000e+02,1.58971424e+02,-2.03260178e-01,-3.52374558e-02,4.39864149e-02,3.26241180e-02,-1.46189379e-01,1.40510706e+02,-1.99792832e-01,-2.86134686e-02,1.84607183e+01,-3.46734546e-03,-6.62398720e-03,4.57370228e-02,2.72080805e-02,-1.43107770e-01,-1.75060788e-03,5.41603745e-03,-3.08160915e-03
4.05000000e+02,1.58967435e+02,-2.04560440e-01,-3.28409962e-02,4.37927038e-02,3.11378925e-02,-1.46869664e-01,1.40505625e+02,-2.01377503e-01,-2.70536432e-02,1.84618102e+01,-3.18293672e-03,-5.78735298e-03,4.55533861e-02,2.62912539e-02,-1.44024612e-01,-1.76068237e-03,4.84663860e-03,-2.84505203e-03
4.06000000e+02,1.58941840e+02,-2.05893750e-01,-3.69294870e-02,4.35049055e-02,3.33520293e-02,-1.49020203e-01,1.40481753e+02,-2.02454393e-01,-3.06031839e-02,1.84600868e+01,-3.43935740e-03,-6.32630306e-03,4.52823531e-02,2.81828639e-02,-1.45958543e-01,-1.77744763e-03,5.16916543e-03,-3.06166012e-03
4.07000000e+02,1.58934297e+02,-2.07395318e-01,-3.14827423e-02,4.32958698e-02,3.04365726e-02,-1.49484771e-01,1.40472929e+02,-2.04141153e-01,-2.60303683e-02,1.84613683e+01,-3.25416498e-03,-5.45237401e-03,4.50827599e-02,2.58317768e-02,-1.46612688e-01,-1.78689009e-03,4.60479576e-03,-2.87208283e-03
4.08000000e+02,1.58908773e+02,-2.11271096e-01,-3.53974449e-02,4.30639498e-02,3.33950554e-02,-1.53080932e-01,1.40448762e+02,-2.07747633e-01,-2.93219437e-02,1.84600109e+01,-3.52346316e-03,-6.07550117e-03,4.48670587e-02,2.84229359e-02,-1.49965795e-01,-1.80310889e-03,4.97211947e-03,-3.11513641e-03
4.09000000e+02,1.58906873e+02,-2.12129359e-01,-3.30678048e-02,4.28995584e-02,3.17461508e-02,-1.53499788e-01,1.40445177e+02,-2.08875818e-01,-2.78245581e-02,1.84616964e+01,-3.25354101e-03,-5.24324667e-03,4.47120449e-02,2.73528075e-02,-1.50618762e-01,-1.81248652e-03,4.39334337e-03,-2.88102533e-03
4.10000000e+02,1.58883078e+02,-2.13566998e-01,-3.69664764e-02,4.26879297e-02,3.36872209e-02,-1.55788154e-01,1.40422500e+02,-2.10082377e-01,-3.12124106e-02,1.84605784e+01,-3.48462085e-03,-5.75406572e-03,4.45165953e-02,2.89837368e-02,-1.52695777e-01,-1.82866566e-03,4.70348407e-03,-3.09237633e-03
4.11000000e+02,1.58878284e+02,-2.15065458e-01,-3.14396174e-02,4.25956309e-02,3.06273823e-02,-1.56398668e-01,1.40415817e+02,-2.11764817e-01,-2.65635577e-02,1.84624666e+01,-3.30064107e-03,-4.87605974e-03,4.44330373e-02,2.64891735e-02,-1.53501465e-01,-1.83740643e-03,4.13820877e-03,-2.89720237e-03
4.12000000e+02,1.58854333e+02,-2.19042309e-01,-3.48412583e-02,4.24499265e-02,3.31938864e-02,-1.60239553e-01,1.40392623e+02,-2.15486212e-01,-2.93562902e-02,1.84617098e+01,-3.55609760e-03,-5.48496809e-03,4.43028082e-02,2.86978440e-02,-1.57113708e-01,-1.85288168e-03,4.49604240e-03,-3.12584554e-03
4.13000000e+02,1.58854768e+02,-2.20292677e-01,-3.16443795e-02,4.24360462e-02,3.09544322e-02,-1.60901299e-01,1.40390757e+02,-2.17017621e-01,-2.69937517e-02,1.84640113e+01,-3.27505646e-03,-4.65062781e-03,4.42975828e-02,2.70348042e-02,-1.58021488e-01,-1.86153653e-03,3.91962803e-03,-2.87981112e-03
4.14000000e+02,1.58833336e+02,-2.22005558e-01,-3.51161019e-02,4.23729652e-02,3.25271969e-02,-1.63463584e-01,1.40369856e+02,-2.18532644e-01,-2.99515157e-02,1.84634797e+01,-3.47291371e-03,-5.16458625e-03,4.42497826e-02,2.82996691e-02,-1.60392184e-01,-1.87681742e-03,4.22752779e-03,-3.07139954e-03
4.15000000e+02,1.58830421e+02,-2.23909741e-01,-2.93258461e-02,4.24243801e-02,2.92650228e-02,-1.64359238e-01,1.40364476e+02,-2.20640571e-01,-2.50294348e-02,1.84659449e+01,-3.26917027e-03,-4.29641131e-03,4.43094060e-02,2.55936989e-02,-1.61498511e-01,-1.88502585e-03,3.67132397e-03,-2.86072735e-03
4.16000000e+02,1.58808223e+02,-2.28955089e-01,-3.24362726e-02,4.24088828e-02,3.15383442e-02,-1.68689549e-01,1.40342446e+02,-2.25438669e-01,-2.75201965e-02,1.84657767e+01,-3.51641977e-03,-4.91607614e-03,4.43095679e-02,2.75033862e-02,-1.65611854e-01,-1.90068514e-03,4.03495805e-03,-3.07769499e-03
4.17000000e+02,1.58809593e+02,-2.30439698e-01,-2.98585541e-02,4.24502594e-02,2.95033777e-02,-1.69688812e-01,1.40340962e+02,-2.27250097e-01,-2.57498672e-02,1.84686312e+01,-3.18960108e-03,-4.10868684e-03,4.43598895e-02,2.60317423e-02,-1.66877625e-01,-1.90963008e-03,3.47163546e-03,-2.81118668e-03
4.18000000e+02,1.58790579e+02,-2.32420295e-01,-3.33303771e-02,4.24243779e-02,3.09760043e-02,-1.72342952e-01,1.40321936e+02,-2.29039710e-01,-2.87211257e-02,1.84686424e+01,-3.38058516e-03,-4.60925138e-03,4.43494608e-02,2.71986278e-02,-1.69355359e-01,-1.92508290e-03,3.77737653e-03,-2.98759269e-03
4.19000000e+02,1.58789090e+02,-2.35055522e-01,-2.76135819e-02,4.24897897e-02,2.76389307e-02,-1.73661696e-01,1.40317437e+02,-2.31893278e-01,-2.38686063e-02,1.84716524e+01,-3.16224394e-03,-3.74497559e-03,4.44233098e-02,2.44125997e-02,-1.70898313e-01,-1.93352010e-03,3.22633095e-03,-2.76338294e-03
4.20000000e+02,1.58769286e+02,-2.39759893e-01,-3.04003854e-02,4.24519733e-02,2.97021431e-02,-1.77885793e-01,1.40297285e+02,-2.36384126e-01,-2.60168786e-02,1.84720014e+01,-3.37576660e-03,-4.38350678e-03,4.44015697e-02,2.61038140e-02,-1.74927524e-01,-1.94959647e-03,3.59832912e-03,-2.95826846e-03
4.21000000e+02,1.58773226e+02,-2.41782112e-01,-2.77245342e-02,4.24706902e-02,2.77088783e-02,-1.78955921e-01,1.40297855e+02,-2.38732787e-01,-2.41452684e-02,1.84753710e+01,-3.04932516e-03,-3.57926577e-03,4.44295053e-02,2.46605051e-02,-1.76276664e-01,-1.95881510e-03,3.04837315e-03,-2.67925710e-03
4.22000000e+02,1.58755670e+02,-2.43837477e-01,-3.07324493e-02,4.23837358e-02,2.91516384e-02,-1.81786601e-01,1.40279768e+02,-2.40653424e-01,-2.66479776e-02,1.84759016e+01,-3.18405318e-03,-4.08447175e-03,4.43589503e-02,2.57847768e-02,-1.78959604e-01,-1.97521456e-03,3.36686168e-03,-2.82699729e-03
4.23000000e+02,1.58756614e+02,-2.45929868e-01,-2.58364417e-02,4.23653585e-02,2.63739464e-02,-1.82757572e-01,1.40277191e+02,-2.42992194e-01,-2.25576769e-02,1.84794223e+01,-2.93767403e-03,-3.27876486e-03,4.43503711e-02,2.35246117e-02,-1.80175651e-01,-1.98501255e-03,2.84933476e-03,-2.58192146e-03
4.24000000e+02,1.58739857e+02,-2.50476635e-01,-2.98890284e-02,4.22335332e-02,2.92880629e-02,-1.86789257e-01,1.40259616e+02,-2.47352123e-01,-2.59469662e-02,1.84802411e+01,-3.12451223e-03,-3.94206219e-03,4.42354355e-02,2.60431806e-02,-1.84037832e-01,-2.00190230e-03,3.24488235e-03,-2.75142477e-03
4.25000000e+02,1.58746512e+02,-2.51765541e-01,-2.81481672e-02,4.21725783e-02,2.78970158e-02,-1.87650233e-01,1.40262440e+02,-2.49008029e-01,-2.49757796e-02,1.84840715e+01,-2.75751158e-03,-3.17238763e-03,4.41842784e-02,2.51796924e-02,-1.85194317e-01,-2.01170010e-03,2.71732339e-03,-2.45591649e-03
4.26000000e+02,1.58731643e+02,-2.53780249e-01,-3.24052831e-02,4.20100755e-02,3.00823867e-02,-1.90391705e-01,1.40246593e+02,-2.50874151e-01,-2.87037359e-02,1.84850493e+01,-2.90609764e-03,-3.70154726e-03,4.40377697e-02,2.70302239e-02,-1.87793591e-01,-2.02769417e-03,3.05216286e-03,-2.59811406e-03
4.27000000e+02,1.58735027e+02,-2.56104089e-01,-2.78252880e-02,4.19183027e-02,2.76495058e-02,-1.91513116e-01,1.40246033e+02,-2.53454090e-01,-2.49080676e-02,1.84889938e+01,-2.64999890e-03,-2.91722041e-03,4.39555654e-02,2.50990462e-02,-1.89162946e-01,-2.03726264e-03,2.55045953e-03,-2.35016937e-03
4.28000000e+02,1.58720569e+02,-2.61267068e-01,-3.21127483e-02,4.16974154e-02,3.08223139e-02,-1.95850613e-01,1.40230300e+02,-2.58429448e-01,-2.85439188e-02,1.84902691e+01,-2.83761927e-03,-3.56882957e-03,4.37513136e-02,2.78711441e-02,-1.93332674e-01,-2.05389822e-03,2.95116986e-03,-2.51793883e-03
4.29000000e+02,1.58729627e+02,-2.63031084e-01,-3.08580025e-02,4.15291926e-02,2.99063774e-02,-1.96916541e-01,1.40235069e+02,-2.60549064e-01,-2.80354106e-02,1.84945574e+01,-2.48202071e-03,-2.82259188e-03,4.35938470e-02,2.74611845e-02,-1.94691207e-01,-2.06465438e-03,2.44519292e-03,-2.22533315e-03
4.30000000e+02,1.58717148e+02,-2.64739437e-01,-3.57790637e-02,4.12369849e-02,3.26773020e-02,-1.99555959e-01,1.40221179e+02,-2.62142977e-01,-3.24084026e-02,1.84959693e+01,-2.59646060e-03,-3.37066114e-03,4.33188301e-02,2.98832085e-02,-1.97197096e-01,-2.08184516e-03,2.79409354e-03,-2.35886249e-03
4.31000000e+02,1.58723046e+02,-2.66477316e-01,-3.15442943e-02,4.09624651e-02,3.08287024e-02,-2.00206260e-01,1.40222657e+02,-2.64139408e-01,-2.89495437e-02,1.85003896e+01,-2.33790786e-03,-2.59475066e-03,4.30550361e-02,2.85212589e-02,-1.98105848e-01,-2.09257100e-03,2.30744357e-03,-2.10041258e-03
4.32000000e+02,1.58711043e+02,-2.70710555e-01,-3.60648609e-02,4.05649557e-02,3.43283151e-02,-2.03827406e-01,1.40208906e+02,-2.68200635e-01,-3.27919584e-02,1.85021361e+01,-2.50991962e-03,-3.27290246e-03,4.26747308e-02,3.16122463e-02,-2.01571940e-01,-2.10977509e-03,2.71606889e-03,-2.25546607e-03
4.33000000e+02,1.58722376e+02,-2.70880269e-01,-3.56144016e-02,4.01618340e-02,3.38983039e-02,-2.03638835e-01,1.40215456e+02,-2.68728890e-01,-3.30528167e-02,1.85069205e+01,-2.15137851e-03,-2.56158485e-03,4.22822741e-02,3.16709357e-02,-2.01679804e-01,-2.12044016e-03,2.22736815e-03,-1.95903079e-03
4.34000000e+02,1.58712082e+02,-2.71543169e-01,-4.08640558e-02,3.96463011e-02,3.70360682e-02,-2.05497330e-01,1.40203221e+02,-2.69270310e-01,-3.77703519e-02,1.85088611e+01,-2.27285948e-03,-3.09370382e-03,4.17837108e-02,3.44649575e-02,-2.03406496e-01,-2.13740970e-03,2.57111070e-03,-2.09083333e-03
4.35000000e+02,1.58719532e+02,-2.72521735e-01,-3.73293816e-02,3.91701165e-02,3.55772741e-02,-2.05630075e-01,1.40205730e+02,-2.70483783e-01,-3.49936055e-02,1.85138019e+01,-2.03795184e-03,-2.33577611e-03,4.13174144e-02,3.34869513e-02,-2.03778778e-01,-2.14729792e-03,2.09032283e-03,-1.85129638e-03
4.36000000e+02,1.58708987e+02,-2.76256947e-01,-4.24402855e-02,3.85660076e-02,3.95511662e-02,-2.08920886e-01,1.40192938e+02,-2.74051096e-01,-3.94323383e-02,1.85160483e+01,-2.20585057e-03,-3.00794725e-03,4.07295789e-02,3.70553193e-02,-2.06909515e-01,-2.16357130e-03,2.49584693e-03,-2.01137125e-03
4.37000000e+02,1.58722226e+02,-2.76893645e-01,-4.26949275e-02,3.79961550e-02,3.96951391e-02,-2.09027820e-01,1.40200922e+02,-2.75038254e-01,-4.04059564e-02,1.85213044e+01,-1.85539135e-03,-2.28897116e-03,4.01687953e-02,3.76829880e-02,-2.07306281e-01,-2.17264037e-03,2.01215107e-03,-1.72153928e-03
4.38000000e+02,1.58713570e+02,-2.77451728e-01,-4.77106554e-02,3.73081074e-02,4.29660394e-02,-2.10745301e-01,1.40189888e+02,-2.75482177e-01,-4.48836700e-02,1.85236818e+01,-1.96955116e-03,-2.82698538e-03,3.94959095e-02,4.06056070e-02,-2.08897237e-01,-2.18780215e-03,2.36043245e-03,-1.84806345e-03
4.39000000e+02,1.58723151e+02,-2.78174655e-01,-4.50726907e-02,3.66657719e-02,4.21959755e-02,-2.10692069e-01,1.40194139e+02,-2.76460519e-01,-4.29754270e-02,1.85290111e+01,-1.71413611e-03,-2.09726374e-03,3.88617372e-02,4.03045486e-02,-2.09096419e-01,-2.19596526e-03,1.89142685e-03,-1.59564942e-03
4.40000000e+02,1.58714764e+02,-2.81229698e-01,-5.11236565e-02,3.58673962e-02,4.68082329e-02,-2.13394951e-01,1.40183140e+02,-2.79349557e-01,-4.83608948e-02,1.85316241e+01,-1.88014082e-03,-2.76276167e-03,3.80775828e-02,4.45087260e-02,-2.11646185e-01,-2.21018660e-03,2.29950688e-03,-1.74876627e-03
4.41000000e+02,1.58729084e+02,-2.81442485e-01,-5.16115996e-02,3.50856687e-02,4.72681336e-02,-2.12990622e-01,1.40191869e+02,-2.79901230e-01,-4.95505949e-02,1.85372153e+01,-1.54125426e-03,-2.06100471e-03,3.73034260e-02,4.54493055e-02,-2.11527378e-01,-2.21775737e-03,1.81882815e-03,-1.46324434e-03
4.42000000e+02,1.58722227e+02,-2.81323896e-01,-5.73063921e-02,3.41497826e-02,5.08693279e-02,-2.14174560e-01,1.40182316e+02,-2.79672935e-01,-5.47286182e-02,1.85399114e+01,-1.65096138e-03,-2.57777388e-03,3.63807566e-02,4.87142136e-02,-2.12582448e-01,-2.23097396e-03,2.15511435e-03,-1.59211220e-03
4.43000000e+02,1.58733836e+02,-2.82049434e-01,-5.52056245e-02,3.32479049e-02,5.01748396e-02,-2.13977081e-01,1.40188259e+02,-2.80628410e-01,-5.33502810e-02,1.85455771e+01,-1.42102406e-03,-1.85534358e-03,3.54850774e-02,4.84850766e-02,-2.12619514e-01,-2.23717246e-03,1.68976298e-03,-1.35756778e-03
4.44000000e+02,1.58727078e+02,-2.85171952e-01,-6.08423508e-02,3.22071643e-02,5.45934380e-02,-2.16681108e-01,1.40178556e+02,-2.83584219e-01,-5.83550762e-02,1.85485220e+01,-1.58773294e-03,-2.48727453e-03,3.44566490e-02,5.25092344e-02,-2.15170436e-01,-2.24948468e-03,2.08420361e-03,-1.51067197e-03
4.45000000e+02,1.58742555e+02,-2.85095300e-01,-6.08942577e-02,3.12040614e-02,5.49235310e-02,-2.16085241e-01,1.40188091e+02,-2.83845495e-01,-5.91217320e-02,1.85544647e+01,-1.24980445e-03,-1.77252564e-03,3.34586991e-02,5.33265540e-02,-2.14857597e-01,-2.25463773e-03,1.59697707e-03,-1.22764377e-03
4.46000000e+02,1.58736923e+02,-2.85131265e-01,-6.64740203e-02,3.00758347e-02,5.84678111e-02,-2.17169376e-01,1.40179414e+02,-2.83775464e-01,-6.41830542e-02,1.85575085e+01,-1.35580148e-03,-2.29096613e-03,3.23413649e-02,5.65411771e-02,-2.15818433e-01,-2.26553020e-03,1.92663397e-03,-1.35094369e-03
4.47000000e+02,1.58749865e+02,-2.84962304e-01,-6.33494211e-02,2.89929918e-02,5.73758837e-02,-2.16498457e-01,1.40186331e+02,-2.83842436e-01,-6.17997062e-02,1.85635337e+01,-1.11986804e-03,-1.54971489e-03,3.12619119e-02,5.59218559e-02,-2.15383652e-01,-2.26892010e-03,1.45402782e-03,-1.11480589e-03
4.48000000e+02,1.58743642e+02,-2.87138677e-01,-6.87634174e-02,2.78064249e-02,6.16946793e-02,-2.18469900e-01,1.40176823e+02,-2.85874998e-01,-6.65588187e-02,1.85668189e+01,-1.26367893e-03,-2.20459874e-03,3.00850721e-02,5.98359435e-02,-2.17212939e-01,-2.27864718e-03,1.85873572e-03,-1.25696149e-03
4.49000000e+02,1.58760161e+02,-2.86269530e-01,-6.97408512e-02,2.66702204e-02,6.24627680e-02,-2.17257105e-01,1.40187063e+02,-2.85332651e-01,-6.82156138e-02,1.85730980e+01,-9.36878838e-04,-1.52523735e-03,2.89504877e-02,6.10800066e-02,-2.16272882e-01,-2.28026727e-03,1.38276143e-03,-9.84223471e-04
4.50000000e+02,1.58755447e+02,-2.85864120e-01,-7.56568058e-02,2.54572503e-02,6.63404846e-02,-2.18123521e-01,1.40178943e+02,-2.84796634e-01,-7.36225764e-02,1.85765035e+01,-1.06748613e-03,-2.03422934e-03,2.77453082e-02,6.46266136e-02,-2.17000591e-01,-2.28805797e-03,1.71387099e-03,-1.12293088e-03
4.51000000e+02,1.58768534e+02,-2.85796956e-01,-7.36842246e-02,2.43561297e-02,6.59756483e-02,-2.17562883e-01,1.40185671e+02,-2.84941476e-01,-7.23839867e-02,1.85828630e+01,-8.55479925e-04,-1.30023791e-03,2.66442362e-02,6.47333277e-02,-2.16657424e-01,-2.28810650e-03,1.24232056e-03,-9.05458933e-04
4.52000000e+02,1.58763055e+02,-2.88453635e-01,-7.94648505e-02,2.31783752e-02,7.05712232e-02,-2.19732379e-01,1.40176537e+02,-2.87440658e-01,-7.75365419e-02,1.85865176e+01,-1.01297710e-03,-1.92830860e-03,2.54731103e-02,6.89401999e-02,-2.18675647e-01,-2.29473511e-03,1.63102335e-03,-1.05673219e-03
4.53000000e+02,1.58780233e+02,-2.87318142e-01,-8.09684042e-02,2.20859077e-02,7.16376161e-02,-2.18453054e-01,1.40187099e+02,-2.86629856e-01,-7.97126360e-02,1.85931343e+01,-6.88285773e-04,-1.25576822e-03,2.43798845e-02,7.04761588e-02,-2.17669934e-01,-2.29397682e-03,1.16145727e-03,-7.83120702e-04
4.54000000e+02,1.58776033e+02,-2.86498506e-01,-8.69723313e-02,2.09137666e-02,7.58368951e-02,-2.19037680e-01,1.40179194e+02,-2.85696868e-01,-8.52206419e-02,1.85968386e+01,-8.01638348e-04,-1.75168942e-03,2.32132552e-02,7.43517269e-02,-2.18124539e-01,-2.29948864e-03,1.48516822e-03,-9.13141349e-04
4.55000000e+02,1.58789740e+02,-2.86182533e-01,-8.53651980e-02,1.98651788e-02,7.58470375e-02,-2.18232896e-01,1.40186262e+02,-2.85577250e-01,-8.43458384e-02,1.86034788e+01,-6.05282735e-04,-1.01935960e-03,2.21628633e-02,7.48340687e-02,-2.17529225e-01,-2.29768449e-03,1.01296885e-03,-7.03670613e-04
4.56000000e+02,1.58784438e+02,-2.88679092e-01,-9.18725939e-02,1.87302835e-02,8.07892474e-02,-2.20413594e-01,1.40177028e+02,-2.87921653e-01,-9.02237160e-02,1.86074100e+01,-7.57438730e-04,-1.64887791e-03,2.10333773e-02,7.93930786e-02,-2.19559393e-01,-2.30309379e-03,1.39616886e-03,-8.54201589e-04
4.57000000e+02,1.58802185e+02,-2.87518438e-01,-9.34576635e-02,1.76646714e-02,8.18093257e-02,-2.18997243e-01,1.40187832e+02,-2.87066747e-01,-9.25062544e-02,1.86143530e+01,-4.51690949e-04,-9.51409164e-04,1.99662015e-02,8.09011094e-02,-2.18410096e-01,-2.30153008e-03,9.08216329e-04,-5.87147296e-04
4.58000000e+02,1.58798123e+02,-2.86437089e-01,-9.90897695e-02,1.64965004e-02,8.56371206e-02,-2.19238204e-01,1.40179711e+02,-2.85881551e-01,-9.76631275e-02,1.86184124e+01,-5.55538572e-04,-1.42664197e-03,1.88031390e-02,8.44154300e-02,-2.18525096e-01,-2.30663862e-03,1.22169067e-03,-7.13108215e-04
4.59000000e+02,1.58811098e+02,-2.85157470e-01,-9.68808465e-02,1.54013603e-02,8.52671423e-02,-2.18032781e-01,1.40185697e+02,-2.84800903e-01,-9.61824375e-02,1.86254004e+01,-3.56567742e-04,-6.98408988e-04,1.77056333e-02,8.45169319e-02,-2.17520869e-01,-2.30427306e-03,7.50210473e-04,-5.11911694e-04
4.60000000e+02,1.58805769e+02,-2.87024494e-01,-1.02429135e-01,1.42364346e-02,8.97380040e-02,-2.19840482e-01,1.40176109e+02,-2.86465243e-01,-1.01116635e-01,1.86296598e+01,-5.59250826e-04,-1.31250013e-03,1.65453129e-02,8.86138951e-02,-2.19153870e-01,-2.30887822e-03,1.12410882e-03,-6.86612530e-04
4.61000000e+02,1.58823759e+02,-2.86191489e-01,-1.04445240e-01,1.31350856e-02,9.08063832e-02,-2.18628102e-01,1.40186873e+02,-2.85923281e-01,-1.03802085e-01,1.86368867e+01,-2.68207596e-04,-6.43154610e-04,1.54413177e-02,9.01551317e-02,-2.18191971e-01,-2.30623211e-03,6.51251519e-04,-4.36130511e-04
4.62000000e+02,1.58819647e+02,-2.85191197e-01,-1.10173968e-01,1.19507503e-02,9.46259926e-02,-2.18917735e-01,1.40178415e+02,-2.84808045e-01,-1.09058713e-01,1.86412323e+01,-3.83151195e-04,-1.11525485e-03,1.42612599e-02,9.36626413e-02,-2.18349007e-01,-2.31050961e-03,9.63351373e-04,-5.68728036e-04
4.63000000e+02,1.58833219e+02,-2.83862172e-01,-1.08423460e-01,1.08797044e-02,9.45116300e-02,-2.17588301e-01,1.40184720e+02,-2.83668346e-01,-1.08011274e-01,1.86484985e+01,-1.93825286e-04,-4.12185422e-04,1.31869455e-02,9.40078939e-02,-2.17219145e-01,-2.30724105e-03,5.03736107e-04,-3.69156819e-04
4.64000000e+02,1.58827622e+02,-2.85501208e-01,-1.14736420e-01,9.72280076e-03,9.94325335e-02,-2.19203272e-01,1.40174559e+02,-2.85119122e-01,-1.13713463e-01,1.86530630e+01,-3.82085423e-04,-1.02295661e-03,1.20342430e-02,9.85495026e-02,-2.18666079e-01,-2.31144220e-03,8.83030893e-04,-5.37193170e-04
4.65000000e+02,1.58845553e+02,-2.83881950e-01,-1.17286306e-01,8.65671835e-03,1.00983444e-01,-2.17628030e-01,1.40184982e+02,-2.83789587e-01,-1.16929537e-01,1.86605706e+01,-9.23625588e-05,-3.56768625e-04,1.09650464e-02,1.00568804e-01,-2.17330981e-01,-2.30832801e-03,4.14639675e-04,-2.97049467e-04
4.66000000e+02,1.58841872e+02,-2.82707285e-01,-1.23306142e-01,7.52722517e-03,1.04926005e-01,-2.17928934e-01,1.40176689e+02,-2.82482345e-01,-1.22479731e-01,1.86651831e+01,-2.24940287e-04,-8.26410811e-04,9.83937409e-03,1.04206282e-01,-2.17485959e-01,-2.31214891e-03,7.19723788e-04,-4.42974813e-04
4.67000000e+02,1.58855354e+02,-2.82218274e-01,-1.21635576e-01,6.47899604e-03,1.04731721e-01,-2.17151016e-01,1.40182630e+02,-2.82154951e-01,-1.21511876e-01,1.86727244e+01,-6.33233274e-05,-1.23699724e-04,8.78766498e-03,1.04467887e-01,-2.16887448e-01,-2.30866894e-03,2.63834429e-04,-2.63567603e-04
4.68000000e+02,1.58850357e+02,-2.84715394e-01,-1.27537588e-01,5.35902061e-03,1.09449140e-01,-2.19272370e-01,1.40172805e+02,-2.84441955e-01,-1.26809489e-01,1.86775526e+01,-2.73439564e-04,-7.28099002e-04,7.67179378e-03,1.08809270e-01,-2.18834089e-01,-2.31277317e-03,6.39870235e-04,-4.38281037e-04
4.69000000e+02,1.58868503e+02,-2.84282437e-01,-1.29214183e-01,4.30921248e-03,1.10303942e-01,-2.18415337e-01,1.40183123e+02,-2.84286569e-01,-1.29158687e-01,1.86853800e+01,4.13150353e-06,-5.54960220e-05,6.61864370e-03,1.10133388e-01,-2.18211068e-01,-2.30943122e-03,1.70554166e-04,-2.04269162e-04
4.70000000e+02,1.58864969e+02,-2.83886006e-01,-1.34834015e-01,3.17995518e-03,1.13712385e-01,-2.19190435e-01,1.40174703e+02,-2.83784818e-01,-1.34296159e-01,1.86902664e+01,-1.01188336e-04,-5.37856214e-04,5.49321095e-03,1.13228235e-01,-2.18849194e-01,-2.31325577e-03,4.84149868e-04,-3.41241548e-04
4.71000000e+02,1.58879123e+02,-2.83814350e-01,-1.32745551e-01,2.13465047e-03,1.13097576e-01,-2.18757491e-01,1.40181040e+02,-2.83870001e-01,-1.32897368e-01,1.86980825e+01,5.56509012e-05,1.51817016e-04,4.44448937e-03,1.13062333e-01,-2.18594813e-01,-2.30983890e-03,3.52425691e-05,-1.62677610e-04
4.72000000e+02,1.58874474e+02,-2.86754899e-01,-1.37609024e-01,1.01291968e-03,1.17157300e-01,-2.21383997e-01,1.40171281e+02,-2.86624529e-01,-1.37169252e-01,1.87031932e+01,-1.30369972e-04,-4.39771751e-04,3.32703115e-03,1.16747994e-01,-2.21055631e-01,-2.31411146e-03,4.09305781e-04,-3.28365310e-04
4.73000000e+02,1.58892431e+02,-2.87088034e-01,-1.38672509e-01,-1.24087895e-05,1.17334406e-01,-2.20962600e-01,1.40181220e+02,-2.87226978e-01,-1.38871805e-01,1.87112113e+01,1.38943748e-04,1.99295625e-04,2.29797545e-03,1.17380738e-01,-2.20862523e-01,-2.31038424e-03,-4.63320634e-05,-1.00077477e-04
4.74000000e+02,1.58889410e+02,-2.86786168e-01,-1.43431100e-01,-1.10821805e-03,1.20070672e-01,-2.21865281e-01,1.40173053e+02,-2.86814588e-01,-1.43146455e-01,1.87163569e+01,2.84202291e-05,-2.84645158e-04,1.20591037e-03,1.19796705e-01,-2.21629400e-01,-2.31412841e-03,2.73967161e-04,-2.35880917e-04
4.75000000e+02,1.58904047e+02,-2.87017463e-01,-1.40673254e-01,-2.09846338e-03,1.18981645e-01,-2.21633942e-01,1.40179642e+02,-2.87202857e-01,-1.41075579e-01,1.87244046e+01,1.85394015e-04,4.02324828e-04,2.11777599e-04,1.19148651e-01,-2.21573810e-01,-2.31024098e-03,-1.67005994e-04,-6.01320511e-05
4.76000000e+02,1.58899553e+02,-2.90512246e-01,-1.44917053e-01,-3.14389954e-03,1.22494893e-01,-2.24289229e-01,1.40169841e+02,-2.90497665e-01,-1.44707097e-01,1.87297114e+01,-1.45810412e-05,-2.09956804e-04,-8.29600516e-04,1.22273634e-01,-2.24064581e-01,-2.31429903e-03,2.21259701e-04,-2.24647277e-04
4.77000000e+02,1.58918058e+02,-2.90656155e-01,-1.45272062e-01,-4.08735297e-03,1.22323144e-01,-2.23908886e-01,1.40180067e+02,-2.90922406e-01,-1.45696237e-01,1.87379909e+01,2.66251743e-04,4.24175620e-04,-1.77688098e-03,1.22551967e-01,-2.23914459e-01,-2.31047199e-03,-2.28822941e-04,5.57316420e-06
4.78000000e+02,1.58915448e+02,-2.89840747e-01,-1.49341269e-01,-5.06062321e-03,1.24580022e-01,-2.24727489e-01,1.40172066e+02,-2.90007092e-01,-1.49278414e-01,1.87433816e+01,1.66345314e-04,-6.28546343e-05,-2.74641370e-03,1.24486971e-01,-2.24599994e-01,-2.31420951e-03,9.30507219e-05,-1.27494465e-04
4.79000000e+02,1.58930075e+02,-2.90352911e-01,-1.45661510e-01,-5.89304792e-03,1.22648192e-01,-2.24506825e-01,1.40178416e+02,-2.90656371e-01,-1.46266402e-01,1.87516599e+01,3.03460467e-04,6.04891219e-04,-3.58266192e-03,1.22987370e-01,-2.24549675e-01,-2.31038601e-03,-3.39177138e-04,4.28496786e-05
4.80000000e+02,1.58925776e+02,-2.93430203e-01,-1.48879960e-01,-6.80484936e-03,1.25427745e-01,-2.27052460e-01,1.40168583e+02,-2.93558307e-01,-1.48876857e-01,1.87571932e+01,1.28103728e-04,-3.10336884e-06,-4.49020461e-03,1.25374210e-01,-2.26936162e-01,-2.31464475e-03,5.35351613e-05,-1.16298711e-04
4.81000000e+02,1.58945295e+02,-2.93503379e-01,-1.48589427e-01,-7.60610373e-03,1.24709212e-01,-2.26648382e-01,1.40179618e+02,-2.93893324e-01,-1.49195932e-01,1.87656764e+01,3.89945607e-04,6.06505371e-04,-5.29527293e-03,1.25089412e-01,-2.26753699e-01,-2.31083080e-03,-3.80199317e-04,1.05317016e-04
4.82000000e+02,1.58943420e+02,-2.92725677e-01,-1.52142913e-01,-8.45161131e-03,1.26445364e-01,-2.27286066e-01,1.40172142e+02,-2.93029175e-01,-1.52257139e-01,1.87712777e+01,3.03497939e-04,1.14225970e-04,-6.13652499e-03,1.26496577e-01,-2.27263285e-01,-2.31508632e-03,-5.12121502e-05,-2.27802314e-05
4.83000000e+02,1.58958842e+02,-2.92482990e-01,-1.47548481e-01,-9.19629540e-03,1.24046998e-01,-2.26712494e-01,1.40179092e+02,-2.92925028e-01,-1.48313359e-01,1.87797505e+01,4.42038236e-04,7.64878001e-04,-6.88469881e-03,1.24514125e-01,-2.26858372e-01,-2.31159659e-03,-4.67127126e-04,1.45878327e-04
4.84000000e+02,1.58955392e+02,-2.94677669e-01,-1.50549099e-01,-1.00216199e-02,1.26591678e-01,-2.28617873e-01,1.40169896e+02,-2.94941111e-01,-1.50677974e-01,1.87854952e+01,2.63442689e-04,1.28874669e-04,-7.70474785e-03,1.26654865e-01,-2.28608435e-01,-2.31687203e-03,-6.31863610e-05,-9.43832965e-06
4.85000000e+02,1.58975581e+02,-2.94006579e-01,-1.50007368e-01,-1.07339051e-02,1.25501956e-01,-2.27584480e-01,1.40181407e+02,-2.94537529e-01,-1.50727542e-01,1.87941740e+01,5.30950711e-04,7.20174550e-04,-8.41983715e-03,1.25984342e-01,-2.27792521e-01,-2.31406799e-03,-4.82385470e-04,2.08041253e-04
4.86000000e+02,1.58974249e+02,-2.92597358e-01,-1.53000214e-01,-1.15090461e-02,1.26815028e-01,-2.27786768e-01,1.40174323e+02,-2.93021945e-01,-1.53227262e-01,1.87999254e+01,4.24587312e-04,2.27047969e-04,-9.18936501e-03,1.26961930e-01,-2.27865340e-01,-2.31968113e-03,-1.46901624e-04,7.85725985e-05
4.87000000e+02,1.58990644e+02,-2.92006758e-01,-1.48315282e-01,-1.21619931e-02,1.24209839e-01,-2.26830789e-01,1.40182088e+02,-2.92567548e-01,-1.49172108e-01,1.88085555e+01,5.60789552e-04,8.56825757e-04,-9.84510706e-03,1.24754871e-01,-2.27072645e-01,-2.31688602e-03,-5.45031409e-04,2.41855786e-04
4.88000000e+02,1.58988299e+02,-2.94067220e-01,-1.50301905e-01,-1.28842819e-02,1.26083696e-01,-2.28389448e-01,1.40173867e+02,-2.94456094e-01,-1.50518797e-01,1.88144319e+01,3.88873912e-04,2.16892027e-04,-1.05617920e-02,1.26216772e-01,-2.28476508e-01,-2.32248995e-03,-1.33076844e-04,8.70603237e-05
4.89000000e+02,1.59009103e+02,-2.92554226e-01,-1.48601457e-01,-1.34797866e-02,1.24321460e-01,-2.26869042e-01,1.40185850e+02,-2.93193945e-01,-1.49390837e-01,1.88232532e+01,6.39718844e-04,7.89379711e-04,-1.11599741e-02,1.24858746e-01,-2.27166271e-01,-2.31981248e-03,-5.37286404e-04,2.97229539e-04
4.90000000e+02,1.59008151e+02,-2.90479651e-01,-1.50197027e-01,-1.41207439e-02,1.24805758e-01,-2.26764419e-01,1.40179009e+02,-2.91016558e-01,-1.50476303e-01,1.88291426e+01,5.36906820e-04,2.79275589e-04,-1.17955529e-02,1.24995547e-01,-2.26930190e-01,-2.32519106e-03,-1.89788773e-04,1.65771187e-04
4.91000000e+02,1.59025002e+02,-2.90010401e-01,-1.44982769e-01,-1.46224224e-02,1.21539744e-01,-2.25795773e-01,1.40187079e+02,-2.90677559e-01,-1.45854578e-01,1.88379228e+01,6.67158334e-04,8.71809424e-04,-1.22999328e-02,1.22108834e-01,-2.26118980e-01,-2.32248964e-03,-5.69090417e-04,3.23206718e-04
4.92000000e+02,1.59023106e+02,-2.91932470e-01,-1.46480133e-01,-1.51950342e-02,1.23033583e-01,-2.27276516e-01,1.40179137e+02,-2.92440194e-01,-1.46701386e-01,1.88439691e+01,5.07724016e-04,2.21252911e-04,-1.28667025e-02,1.23175334e-01,-2.27452765e-01,-2.32833167e-03,-1.41750490e-04,1.76249057e-04
4.93000000e+02,1.59044383e+02,-2.90544693e-01,-1.44368080e-01,-1.56378843e-02,1.20868725e-01,-2.25745086e-01,1.40191460e+02,-2.91303277e-01,-1.45147806e-01,1.88529230e+01,7.58584189e-04,7.79725653e-04,-1.33115532e-02,1.21400422e-01,-2.26133240e-01,-2.32633109e-03,-5.31697526e-04,3.88153851e-04
4.94000000e+02,1.59044128e+02,-2.88583843e-01,-1.45372433e-01,-1.61485219e-02,1.20987037e-01,-2.25595254e-01,1.40185136e+02,-2.89258681e-01,-1.45647386e-01,1.88589923e+01,6.74837924e-04,2.74952578e-04,-1.38157956e-02,1.21166894e-01,-2.25861396e-01,-2.33272635e-03,-1.79856411e-04,2.66141722e-04
4.95000000e+02,1.59061313e+02,-2.87878100e-01,-1.39352215e-01,-1.65484121e-02,1.17155638e-01,-2.24526830e-01,1.40193362e+02,-2.88670635e-01,-1.40202787e-01,1.88679512e+01,7.92535223e-04,8.50571866e-04,-1.42177749e-02,1.17702665e-01,-2.24946905e-01,-2.33063719e-03,-5.47026337e-04,4.20074345e-04
4.96000000e+02,1.59059904e+02,-2.89840926e-01,-1.39878031e-01,-1.70074680e-02,1.17971612e-01,-2.26099253e-01,1.40185716e+02,-2.90478027e-01,-1.40067790e-01,1.88741882e+01,6.37101183e-04,1.89759288e-04,-1.46702531e-02,1.18084990e-01,-2.26378098e-01,-2.33721485e-03,-1.13378629e-04,2.78845850e-04
4.97000000e+02,1.59082110e+02,-2.88849124e-01,-1.37549780e-01,-1.73479445e-02,1.15397258e-01,-2.24740814e-01,1.40198739e+02,-2.89733241e-01,-1.38258322e-01,1.88833715e+01,8.84117619e-04,7.08541430e-04,-1.50127226e-02,1.15886068e-01,-2.25226973e-01,-2.33522190e-03,-4.88810146e-04,4.86158283e-04
4.98000000e+02,1.59083067e+02,-2.87230695e-01,-1.38168044e-01,-1.77617052e-02,1.14965151e-01,-2.24662873e-01,1.40193418e+02,-2.88032557e-01,-1.38367406e-01,1.88896491e+01,8.01861649e-04,1.99362104e-04,-1.54199325e-02,1.15095003e-01,-2.25030888e-01,-2.34177266e-03,-1.29851702e-04,3.68015005e-04
4.99000000e+02,1.59100911e+02,-2.87015906e-01,-1.31432050e-01,-1.80762514e-02,1.10644243e-01,-2.23830113e-01,1.40202125e+02,-2.87932755e-01,-1.32204798e-01,1.88987860e+01,9.16849201e-04,7.72747843e-04,-1.57368958e-02,1.11134838e-01,-2.24348809e-01,-2.33935554e-03,-4.90594570e-04,5.18696157e-04
5.00000000e+02,1.59100319e+02,-2.88655688e-01,-1.31648783e-01,-1.84797951e-02,1.11003360e-01,-2.25151208e-01,1.40195093e+02,-2.89436820e-01,-1.31760493e-01,1.89052260e+01,7.81132412e-04,1.11709912e-04,-1.61339136e-02,1.11055005e-01,-2.25534379e-01,-2.34588151e-03,-5.16450905e-05,3.83171524e-04
5.01000000e+02,1.59122980e+02,-2.87091106e-01,-1.28112754e-01,-1.87766046e-02,1.07769010e-01,-2.23527519e-01,1.40208401e+02,-2.88118876e-01,-1.28760670e-01,1.89145793e+01,1.02777013e-03,6.47916348e-04,-1.64332137e-02,1.08196058e-01,-2.24116999e-01,-2.34339092e-03,-4.27047792e-04,5.89480657e-04
5.02000000e+02,1.59124199e+02,-2.84590018e-01,-1.27549733e-01,-1.91671936e-02,1.06609924e-01,-2.22932940e-01,1.40203185e+02,-2.85540525e-01,-1.27681531e-01,1.89210139e+01,9.50507067e-04,1.31798520e-04,-1.68170718e-02,1.06675202e-01,-2.23410243e-01,-2.35012184e-03,-6.52782876e-05,4.77303104e-04
5.03000000e+02,1.59142516e+02,-2.83782243e-01,-1.20082689e-01,-1.94492483e-02,1.01734483e-01,-2.21678841e-01,1.40212161e+02,-2.84847595e-01,-1.20771620e-01,1.89303550e+01,1.06535270e-03,6.88931489e-04,-1.71009739e-02,1.02148328e-01,-2.22303285e-01,-2.34827438e-03,-4.13844503e-04,6.24443775e-04
5.04000000e+02,1.59142627e+02,-2.84776835e-01,-1.19784092e-01,-1.98244573e-02,1.01602334e-01,-2.22592072e-01,1.40205666e+02,-2.85705557e-01,-1.19792990e-01,1.89369604e+01,9.28722342e-04,8.89800726e-06,-1.74685572e-02,1.01571679e-01,-2.23083029e-01,-2.35590013e-03,3.06550840e-05,4.90957665e-04
5.05000000e+02,1.59165662e+02,-2.83013569e-01,-1.16169068e-01,-2.00877432e-02,9.79965667e-02,-2.20792289e-01,1.40219172e+02,-2.84176291e-01,-1.16685766e-01,1.89464905e+01,1.16272268e-03,5.16697833e-04,-1.77328746e-02,9.83264518e-02,-2.21483595e-01,-2.35486865e-03,-3.29885027e-04,6.91306060e-04
5.06000000e+02,1.59167124e+02,-2.80244129e-01,-1.15705745e-01,-2.04368128e-02,9.67792026e-02,-2.19936326e-01,1.40214028e+02,-2.81335347e-01,-1.15714503e-01,1.89530962e+01,1.09121795e-03,8.75794138e-06,-1.80740283e-02,9.67435441e-02,-2.20521343e-01,-2.36278458e-03,3.56585207e-05,5.85016931e-04
5.07000000e+02,1.59185842e+02,-2.78743956e-01,-1.07816561e-01,-2.07104456e-02,9.15443159e-02,-2.18248638e-01,1.40223254e+02,-2.79953945e-01,-1.08377492e-01,1.89625878e+01,1.20998918e-03,5.60930934e-04,-1.83489043e-02,9.18535455e-02,-2.18984991e-01,-2.36154133e-03,-3.09229511e-04,7.36352608e-04
5.08000000e+02,1.59186216e+02,-2.79402606e-01,-1.07212367e-01,-2.10726653e-02,9.10006398e-02,-2.18985881e-01,1.40216844e+02,-2.80489596e-01,-1.07089346e-01,1.89693721e+01,1.08699052e-03,-1.23020911e-04,-1.87034534e-02,9.08660782e-02,-2.19594290e-01,-2.36921197e-03,1.34561554e-04,6.08408769e-04
5.09000000e+02,1.59209897e+02,-2.78043961e-01,-1.02880347e-01,-2.13268256e-02,8.66998826e-02,-2.17180317e-01,1.40230900e+02,-2.79342841e-01,-1.03272580e-01,1.89789965e+01,1.29887945e-03,3.92233047e-04,-1.89590722e-02,8.69265740e-02,-2.17979907e-01,-2.36775331e-03,-2.26691472e-04,7.99590275e-04
5.10000000e+02,1.59211571e+02,-2.75221960e-01,-1.00969373e-01,-2.16958223e-02,8.44752404e-02,-2.16268480e-01,1.40225877e+02,-2.76480217e-01,-1.00860352e-01,1.89856941e+01,1.25825688e-03,-1.09020547e-04,-1.93208794e-02,8.43351269e-02,-2.16972749e-01,-2.37494295e-03,1.40113457e-04,7.04268690e-04
5.11000000e+02,1.59230778e+02,-2.73629743e-01,-9.21325010e-02,-2.19397653e-02,7.84753603e-02,-2.14810314e-01,1.40235549e+02,-2.75002683e-01,-9.25564580e-02,1.89952287e+01,1.37293985e-03,4.23957045e-04,-1.95669573e-02,7.86743372e-02,-2.15653164e-01,-2.37280795e-03,-1.98976961e-04,8.42850155e-04
5.12000000e+02,1.59231833e+02,-2.74293450e-01,-9.01085316e-02,-2.22782482e-02,7.69484321e-02,-2.15434724e-01,1.40229691e+02,-2.75524675e-01,-8.98572943e-02,1.90021413e+01,1.23122566e-03,-2.51237283e-04,-1.98980882e-02,7.67031226e-02,-2.16155167e-01,-2.38016003e-03,2.45309441e-04,7.20443093e-04
5.13000000e+02,1.59255935e+02,-2.72654631e-01,-8.48844859e-02,-2.25123785e-02,7.19885139e-02,-2.13465953e-01,1.40243996e+02,-2.74102395e-01,-8.51349968e-02,1.90119388e+01,1.44776420e-03,2.50510926e-04,-2.01339820e-02,7.20924380e-02,-2.14379104e-01,-2.37839647e-03,-1.03924058e-04,9.13151099e-04
5.14000000e+02,1.59258037e+02,-2.69821955e-01,-8.20223377e-02,-2.28227595e-02,6.90136398e-02,-2.12530865e-01,1.40239174e+02,-2.71224477e-01,-8.17544641e-02,1.90188631e+01,1.40252214e-03,-2.67873667e-04,-2.04371426e-02,6.87471127e-02,-2.13347037e-01,-2.38561691e-03,2.66527177e-04,8.16172072e-04
5.15000000e+02,1.59278041e+02,-2.68737927e-01,-7.17631093e-02,-2.30182120e-02,6.19930855e-02,-2.11139105e-01,1.40249369e+02,-2.70245012e-01,-7.20329609e-02,1.90286716e+01,1.50708532e-03,2.69851587e-04,-2.06344011e-02,6.20563772e-02,-2.12090316e-01,-2.38381099e-03,-6.32917355e-05,9.51211071e-04
5.16000000e+02,1.59279181e+02,-2.69560587e-01,-6.88506243e-02,-2.33058120e-02,5.97840262e-02,-2.12055597e-01,1.40243430e+02,-2.70949482e-01,-6.84152639e-02,1.90357511e+01,1.38889495e-03,-4.35360410e-04,-2.09144270e-02,5.93872607e-02,-2.12885418e-01,-2.39138505e-03,3.96765490e-04,8.29820221e-04
5.17000000e+02,1.59303450e+02,-2.68457038e-01,-6.30349863e-02,-2.34821679e-02,5.43140890e-02,-2.10579167e-01,1.40257721e+02,-2.70058426e-01,-6.30881920e-02,1.90457286e+01,1.60138732e-03,5.32056957e-05,-2.10925670e-02,5.42554519e-02,-2.11595213e-01,-2.38960084e-03,5.86370284e-05,1.01604573e-03
5.18000000e+02,1.59305649e+02,-2.66159629e-01,-5.88835827e-02,-2.37343632e-02,5.05310736e-02,-2.10032010e-01,1.40252859e+02,-2.67712063e-01,-5.84386700e-02,1.90527897e+01,1.55243417e-03,-4.44912721e-04,-2.13371161e-02,5.01030895e-02,-2.10957421e-01,-2.39724713e-03,4.27984097e-04,9.25410846e-04
5.19000000e+02,1.59326313e+02,-2.65075486e-01,-4.77931380e-02,-2.38947980e-02,4.29195442e-02,-2.08875779e-01,1.40263575e+02,-2.66731670e-01,-4.78593786e-02,1.90627379e+01,1.65618457e-03,6.62405954e-05,-2.14993352e-02,4.28150579e-02,-2.09938864e-01,-2.39546272e-03,1.04486381e-04,1.06308467e-03
5.20000000e+02,1.59328147e+02,-2.65695601e-01,-4.45411719e-02,-2.41364685e-02,4.03776767e-02,-2.09701265e-01,1.40258242e+02,-2.67246707e-01,-4.39008312e-02,1.90699046e+01,1.55110612e-03,-6.40340766e-04,-2.17331197e-02,3.98112281e-02,-2.10651699e-01,-2.40334884e-03,5.66448595e-04,9.50433812e-04
5.21000000e+02,1.59353225e+02,-2.65157791e-01,-3.81657624e-02,-2.42805026e-02,3.44720092e-02,-2.08427453e-01,1.40273260e+02,-2.66899971e-01,-3.79991737e-02,1.90799650e+01,1.74218003e-03,-1.66588629e-04,-2.18788743e-02,3.42336390e-02,-2.09552248e-01,-2.40162830e-03,2.38370230e-04,1.12479522e-03
5.22000000e+02,1.59356086e+02,-2.63435685e-01,-3.42387709e-02,-2.45252000e-02,3.07057973e-02,-2.08340572e-01,1.40268983e+02,-2.65127818e-01,-3.35476049e-02,1.90871034e+01,1.69213259e-03,-6.91165955e-04,-2.21160371e-02,3.00855662e-02,-2.09367315e-01,-2.40916287e-03,6.20231162e-04,1.02674311e-03
5.23000000e+02,1.59376692e+02,-2.63049735e-01,-2.35353027e-02,-2.46656404e-02,2.33075039e-02,-2.07702875e-01,1.40279577e+02,-2.64857792e-01,-2.33587839e-02,1.90971144e+01,1.80805629e-03,-1.76518801e-04,-2.22583164e-02,2.30020041e-02,-2.08867556e-01,-2.40732394e-03,3.05499746e-04,1.16468120e-03
5.24000000e+02,1.59378833e+02,-2.64548440e-01,-2.00839446e-02,-2.49142756e-02,2.06996019e-02,-2.09036202e-01,1.40274436e+02,-2.66252229e-01,-1.92080174e-02,1.91043968e+01,1.70378852e-03,-8.75927218e-04,-2.24986364e-02,1.99317755e-02,-2.10098065e-01,-2.41563922e-03,7.67826422e-04,1.06186296e-03
5.25000000e+02,1.59404474e+02,-2.63589908e-01,-1.34376684e-02,-2.50884066e-02,1.47220144e-02,-2.07677172e-01,1.40289910e+02,-2.65513980e-01,-1.30341190e-02,1.91145641e+01,1.92407211e-03,-4.03549335e-04,-2.26736921e-02,1.42794051e-02,-2.08929540e-01,-2.41471446e-03,4.42609300e-04,1.25236783e-03
5.26000000e+02,1.59408026e+02,-2.61617892e-01,-9.64597407e-03,-2.53775816e-02,1.09758796e-02,-2.07232679e-01,1.40286222e+02,-2.63497979e-01,-8.70875859e-03,1.91218042e+01,1.88008678e-03,-9.37215481e-04,-2.29538392e-02,1.01486399e-02,-2.08402655e-01,-2.42374238e-03,8.27239741e-04,1.16997538e-03
5.27000000e+02,1.59429470e+02,-2.61112087e-01,8.64766667e-04,-2.56027445e-02,3.53761302e-03,-2.06295498e-01,1.40297586e+02,-2.63085318e-01,1.31395854e-03,1.91318836e+01,1.97323155e-03,-4.49191869e-04,-2.31798975e-02,3.01336982e-03,-2.07594205e-01,-2.42284705e-03,5.24243202e-04,1.29870680e-03
5.28000000e+02,1.59432013e+02,-2.62070552e-01,3.95311653e-03,-2.59397114e-02,1.15717043e-03,-2.07441751e-01,1.40292789e+02,-2.63957515e-01,5.10159718e-03,1.91392247e+01,1.88696305e-03,-1.14848065e-03,-2.35075764e-02,1.65154793e-04,-2.08636827e-01,-2.43213502e-03,9.92015639e-04,1.19507570e-03
5.29000000e+02,1.59457920e+02,-2.61212507e-01,1.02983482e-02,-2.62113131e-02,-4.63395839e-03,-2.06066002e-01,1.40308541e+02,-2.63288691e-01,1.09868603e-02,1.91493798e+01,2.07618448e-03,-6.88512099e-04,-2.37800075e-02,-5.31126720e-03,-2.07439721e-01,-2.43130566e-03,6.77308805e-04,1.37371845e-03
5.30000000e+02,1.59461751e+02,-2.59632231e-01,1.37935447e-02,-2.66013111e-02,-8.15274748e-03,-2.05804043e-01,1.40305057e+02,-2.61675947e-01,1.50216478e-02,1.91566933e+01,2.04371584e-03,-1.22810311e-03,-2.41609285e-02,-9.21961490e-03,-2.07096637e-01,-2.44038254e-03,1.06686741e-03,1.29259381e-03
5.31000000e+02,1.59483515e+02,-2.58600425e-01,2.38922839e-02,-2.69228175e-02,-1.53157050e-02,-2.04650079e-01,1.40316696e+02,-2.60753986e-01,2.46418607e-02,1.91668182e+01,2.15356108e-03,-7.49576777e-04,-2.44837386e-02,-1.60874348e-02,-2.06075863e-01,-2.43907884e-03,7.71729760e-04,1.42578369e-03
5.32000000e+02,1.59486604e+02,-2.58815717e-01,2.66647004e-02,-2.73494115e-02,-1.73576838e-02,-2.05261707e-01,1.40312436e+02,-2.60882749e-01,2.81260487e-02,1.91741678e+01,2.06703269e-03,-1.46134834e-03,-2.49018115e-02,-1.86021243e-02,-2.06591727e-01,-2.44760005e-03,1.24444045e-03,1.33002032e-03
5.33000000e+02,1.59513033e+02,-2.57835936e-01,3.25535698e-02,-2.76974583e-02,-2.27122757e-02,-2.03676769e-01,1.40328593e+02,-2.60099018e-01,3.35548333e-02,1.91844402e+01,2.26308123e-03,-1.00126348e-03,-2.52518709e-02,-2.36429093e-02,-2.05185287e-01,-2.44558738e-03,9.30633661e-04,1.50851746e-03
5.34000000e+02,1.59517219e+02,-2.55322830e-01,3.56990273e-02,-2.81208898e-02,-2.58083473e-02,-2.02877842e-01,1.40325527e+02,-2.57552977e-01,3.72231553e-02,1.91916918e+01,2.23014704e-03,-1.52412802e-03,-2.56677149e-02,-2.71223182e-02,-2.04305003e-01,-2.45317485e-03,1.31397090e-03,1.42716117e-03
5.35000000e+02,1.59539222e+02,-2.53636829e-01,4.49415424e-02,-2.84312230e-02,-3.25062453e-02,-2.01279197e-01,1.40337414e+02,-2.55969077e-01,4.59929310e-02,1.92018086e+01,2.33224737e-03,-1.05138861e-03,-2.59806544e-02,-3.35240458e-02,-2.02832662e-01,-2.45056860e-03,1.01780044e-03,1.55346489e-03
5.36000000e+02,1.59542878e+02,-2.53835585e-01,4.72843021e-02,-2.88279560e-02,-3.43229802e-02,-2.01758094e-01,1.40333703e+02,-2.56071130e-01,4.90310754e-02,1.92091755e+01,2.23554515e-03,-1.74677332e-03,-2.63698336e-02,-3.58083665e-02,-2.03209955e-01,-2.45812248e-03,1.48538624e-03,1.45186095e-03
5.37000000e+02,1.59569428e+02,-2.52310125e-01,5.29660163e-02,-2.91067262e-02,-3.94490244e-02,-1.99820342e-01,1.40349981e+02,-2.54731906e-01,5.42536272e-02,1.92194466e+01,2.42178059e-03,-1.28761094e-03,-2.66516068e-02,-4.06225935e-02,-2.01442365e-01,-2.45511942e-03,1.17356909e-03,1.62202376e-03
5.38000000e+02,1.59574032e+02,-2.49483269e-01,5.59602569e-02,-2.94444246e-02,-4.25113971e-02,-1.98794305e-01,1.40347250e+02,-2.51878653e-01,5.77897658e-02,1.92267818e+01,2.39538432e-03,-1.82950881e-03,-2.69822227e-02,-4.40689928e-02,-2.00329114e-01,-2.46220189e-03,1.55759570e-03,1.53480945e-03
5.39000000e+02,1.59596733e+02,-2.48498319e-01,6.59069475e-02,-2.96650236e-02,-4.95615174e-02,-1.97454145e-01,1.40359749e+02,-2.50951200e-01,6.72516626e-02,1.92369846e+01,2.45288163e-03,-1.34471514e-03,-2.72060007e-02,-5.08236100e-02,-1.99097951e-01,-2.45902289e-03,1.26209253e-03,1.64380577e-03
5.40000000e+02,1.59600752e+02,-2.48721302e-01,6.90077953e-02,-2.99594634e-02,-5.18390661e-02,-1.97946584e-01,1.40356364e+02,-2.51075589e-01,7.10439006e-02,1.92443877e+01,2.35428662e-03,-2.03610530e-03,-2.74935526e-02,-5.35628016e-02,-1.99485465e-01,-2.46591085e-03,1.72373556e-03,1.53888107e-03
5.41000000e+02,1.59627644e+02,-2.47168278e-01,7.51331569e-02,-3.01133779e-02,-5.73866011e-02,-1.96111343e-01,1.40372989e+02,-2.49712574e-01,7.67221383e-02,1.92546546e+01,2.54429630e-03,-1.58898138e-03,-2.76510441e-02,-5.88017547e-02,-1.97815724e-01,-2.46233371e-03,1.41515352e-03,1.70438116e-03
5.42000000e+02,1.59633316e+02,-2.44937800e-01,7.91619728e-02,-3.03385442e-02,-6.10241888e-02,-1.95147119e-01,1.40371323e+02,-2.47448220e-01,8.12755644e-02,1.92619933e+01,2.51041944e-03,-2.11359160e-03,-2.78693550e-02,-6.28235162e-02,-1.96767755e-01,-2.46918927e-03,1.79932736e-03,1.62063684e-03
5.43000000e+02,1.59656388e+02,-2.42946058e-01,8.90795284e-02,-3.04465802e-02,-6.81803000e-02,-1.93267609e-01,1.40384194e+02,-2.45536064e-01,9.07472643e-02,1.92721942e+01,2.59000653e-03,-1.66773594e-03,-2.79806727e-02,-6.96947670e-02,-1.95002156e-01,-2.46590746e-03,1.51446700e-03,1.73454649e-03
5.44000000e+02,1.59660875e+02,-2.42765014e-01,9.21925347e-02,-3.06366691e-02,-7.03179206e-02,-1.93419330e-01,1.40381271e+02,-2.45255231e-01,9.45429323e-02,1.92796036e+01,2.49021741e-03,-2.35039761e-03,-2.81635489e-02,-7.22965469e-02,-1.95051562e-01,-2.47312018e-03,1.97862629e-03,1.63223178e-03
5.45000000e+02,1.59688750e+02,-2.40614670e-01,9.81146947e-02,-3.07273955e-02,-7.56566448e-02,-1.91011252e-01,1.40398823e+02,-2.43283543e-01,1.00036960e-01,1.92899275e+01,2.66887207e-03,-1.92226506e-03,-2.82571645e-02,-7.73382895e-02,-1.92801018e-01,-2.47023098e-03,1.68164463e-03,1.78976681e-03
5.46000000e+02,1.59694719e+02,-2.37017183e-01,1.01276915e-01,-3.09220968e-02,-7.88487972e-02,-1.89204413e-01,1.40397425e+02,-2.39644424e-01,1.03738271e-01,1.92972936e+01,2.62724088e-03,-2.46135622e-03,-2.84444582e-02,-8.09156737e-02,-1.90907795e-01,-2.47763859e-03,2.06687652e-03,1.70338172e-03
5.47000000e+02,1.59717721e+02,-2.34400099e-01,1.10710838e-01,-3.10218348e-02,-8.55747475e-02,-1.86778286e-01,1.40410215e+02,-2.37097391e-01,1.12716052e-01,1.93075060e+01,2.69729153e-03,-2.00521419e-03,-2.85469514e-02,-8.73613287e-02,-1.88583960e-01,-2.47488342e-03,1.78658115e-03,1.80567363e-03
5.48000000e+02,1.59722500e+02,-2.33723565e-01,1.13329811e-01,-3.12269693e-02,-8.73289885e-02,-1.86485346e-01,1.40407634e+02,-2.36309736e-01,1.16029134e-01,1.93148658e+01,2.58617078e-03,-2.69932297e-03,-2.87440323e-02,-8.95835767e-02,-1.88182903e-01,-2.48293703e-03,2.25458821e-03,1.69755604e-03
5.49000000e+02,1.59750366e+02,-2.31292113e-01,1.18451860e-01,-3.13590289e-02,-9.20849393e-02,-1.83812166e-01,1.40425266e+02,-2.34039168e-01,1.20724749e-01,1.93251007e+01,2.74705472e-03,-2.27288921e-03,-2.88788971e-02,-9.40468104e-02,-1.85654705e-01,-2.48013186e-03,1.96187109e-03,1.84253848e-03
5.50000000e+02,1.59756268e+02,-2.27265629e-01,1.20930566e-01,-3.15827370e-02,-9.46311510e-02,-1.81731556e-01,1.40423907e+02,-2.29980042e-01,1.23738936e-01,1.93323616e+01,2.71441272e-03,-2.80836992e-03,-2.90951286e-02,-9.69767490e-02,-1.83485617e-01,-2.48760843e-03,2.34559800e-03,1.75406089e-03
5.51000000e+02,1.59779953e+02,-2.25090989e-01,1.29676826e-01,-3.16951918e-02,-1.00752236e-01,-1.79379784e-01,1.40437416e+02,-2.27852745e-01,1.32025967e-01,1.93425370e+01,2.76175574e-03,-2.34914054e-03,-2.92109655e-02,-1.02814499e-01,-1.81225002e-01,-2.48422629e-03,2.06226285e-03,1.84521811e-03
5.52000000e+02,1.59785115e+02,-2.23928773e-01,1.31560564e-01,-3.19084434e-02,-1.01939230e-01,-1.78750072e-01,1.40435141e+02,-2.26581236e-01,1.34584447e-01,1.93499739e+01,2.65246376e-03,-3.02388324e-03,-2.94164136e-02,-1.04459302e-01,-1.80483501e-01,-2.49202986e-03,2.52007226e-03,1.73342941e-03
5.53000000e+02,1.59813267e+02,-2.21068648e-01,1.36115403e-01,-3.20240375e-02,-1.06256964e-01,-1.75912710e-01,1.40452990e+02,-2.23870055e-01,1.38721351e-01,1.93602770e+01,2.80140646e-03,-2.60594778e-03,-2.95352953e-02,-1.08480424e-01,-1.77783707e-01,-2.48874227e-03,2.22345965e-03,1.87099626e-03
5.54000000e+02,1.59819727e+02,-2.17258288e-01,1.38087091e-01,-3.22389735e-02,-1.08506445e-01,-1.73869387e-01,1.40452062e+02,-2.20011945e-01,1.41220754e-01,1.93676656e+01,2.75365724e-03,-3.13366253e-03,-2.97425031e-02,-1.11106175e-01,-1.75646454e-01,-2.49647036e-03,2.59972984e-03,1.77706708e-03
5.55000000e+02,1.59843684e+02,-2.15115187e-01,1.46127001e-01,-3.23629360e-02,-1.14308911e-01,-1.71422390e-01,1.40465809e+02,-2.17910601e-01,1.48802214e-01,1.93778749e+01,2.79541407e-03,-2.67521320e-03,-2.98695919e-02,-1.16625986e-01,-1.73287190e-01,-2.49334417e-03,2.31707443e-03,1.86480054e-03
5.56000000e+02,1.59848772e+02,-2.13719770e-01,1.47360412e-01,-3.25975714e-02,-1.15031327e-01,-1.70722655e-01,1.40463486e+02,-2.16420274e-01,1.50699889e-01,1.93852865e+01,2.70050425e-03,-3.33947709e-03,-3.00968756e-02,-1.17800688e-01,-1.72475536e-01,-2.50069586e-03,2.76936046e-03,1.75288024e-03
5.57000000e+02,1.59877455e+02,-2.11059234e-01,1.51245065e-01,-3.26796095e-02,-1.18765685e-01,-1.68066766e-01,1.40481880e+02,-2.13914508e-01,1.54158055e-01,1.93955750e+01,2.85527481e-03,-2.91299009e-03,-3.01822795e-02,-1.21237391e-01,-1.69953693e-01,-2.49733003e-03,2.47170605e-03,1.88692675e-03
5.58000000e+02,1.59883879e+02,-2.07115938e-01,1.52480513e-01,-3.28584307e-02,-1.20408412e-01,-1.66105070e-01,1.40480969e+02,-2.09906105e-01,1.55905748e-01,1.94029101e+01,2.79016707e-03,-3.42523452e-03,-3.03540261e-02,-1.23247346e-01,-1.67896171e-01,-2.50440458e-03,2.83893324e-03,1.79110087e-03
5.59000000e+02,1.59908088e+02,-2.04752192e-01,1.59665293e-01,-3.29381826e-02,-1.25457775e-01,-1.63660147e-01,1.40494994e+02,-2.07574727e-01,1.62619084e-01,1.94130943e+01,2.82253480e-03,-2.95379127e-03,-3.04376337e-02,-1.28008366e-01,-1.65528901e-01,-2.50054883e-03,2.55059190e-03,1.86875427e-03
5.60000000e+02,1.59913947e+02,-2.04010696e-01,1.60525933e-01,-3.30944325e-02,-1.25808862e-01,-1.63134711e-01,1.40493422e+02,-2.06717888e-01,1.64132509e-01,1.94205256e+01,2.70719206e-03,-3.60657638e-03,-3.05869407e-02,-1.28799918e-01,-1.64888383e-01,-2.50749188e-03,2.99105626e-03,1.75367183e-03
5.61000000e+02,1.59943003e+02,-2.01108097e-01,1.64066879e-01,-3.31117017e-02,-1.29236452e-01,-1.60299758e-01,1.40512173e+02,-2.03963328e-01,1.67240192e-01,1.94308307e+01,2.85523098e-03,-3.17331268e-03,-3.06083095e-02,-1.31925801e-01,-1.62184124e-01,-2.50339213e-03,2.68934914e-03,1.88436574e-03
5.62000000e+02,1.59949723e+02,-1.96479075e-01,1.64610069e-01,-3.31966492e-02,-1.30414623e-01,-1.57916863e-01,1.40511546e+02,-1.99292105e-01,1.68305727e-01,1.94381774e+01,2.81303021e-03,-3.69565759e-03,-3.06866329e-02,-1.33465607e-01,-1.59710413e-01,-2.51001633e-03,3.05098387e-03,1.79354947e-03
5.63000000e+02,1.59974570e+02,-1.93606686e-01,1.71566914e-01,-3.31515945e-02,-1.35234750e-01,-1.55098433e-01,1.40526237e+02,-1.96447107e-01,1.74788723e-01,1.94483324e+01,2.84042158e-03,-3.22180885e-03,-3.06460037e-02,-1.37998205e-01,-1.56969158e-01,-2.50559080e-03,2.76345547e-03,1.87072570e-03
5.64000000e+02,1.59980855e+02,-1.92034359e-01,1.71809183e-01,-3.31793810e-02,-1.35136781e-01,-1.54091012e-01,1.40525095e+02,-1.94762391e-01,1.75671134e-01,1.94557595e+01,2.72803183e-03,-3.86195030e-03,-3.06669162e-02,-1.38335724e-01,-1.55845279e-01,-2.51246482e-03,3.19894256e-03,1.75426748e-03
5.65000000e+02,1.60010282e+02,-1.89132005e-01,1.74243883e-01,-3.30789925e-02,-1.37987201e-01,-1.51114099e-01,1.40544253e+02,-1.91990245e-01,1.77669707e-01,1.94660286e+01,2.85824010e-03,-3.42582450e-03,-3.05705423e-02,-1.40877861e-01,-1.52989823e-01,-2.50845022e-03,2.89065978e-03,1.87572433e-03
5.66000000e+02,1.60017637e+02,-1.84829940e-01,1.74893804e-01,-3.30614356e-02,-1.39126910e-01,-1.48900952e-01,1.40544294e+02,-1.87641299e-01,1.78794286e-01,1.94733429e+01,2.81135858e-03,-3.90048228e-03,-3.05456406e-02,-1.42365231e-01,-1.50682303e-01,-2.51579499e-03,3.23832196e-03,1.78135102e-03
5.67000000e+02,1.60042673e+02,-1.82104093e-01,1.82146153e-01,-3.29328428e-02,-1.43923219e-01,-1.46225736e-01,1.40559176e+02,-1.84933285e-01,1.85573424e-01,1.94834969e+01,2.82919176e-03,-3.42727155e-03,-3.04205420e-02,-1.46866447e-01,-1.48077213e-01,-2.51230082e-03,2.94322732e-03,1.85147736e-03
5.68000000e+02,1.60049184e+02,-1.80759342e-01,1.82695757e-01,-3.28893004e-02,-1.43876180e-01,-1.45322297e-01,1.40558283e+02,-1.83472351e-01,1.86768781e-01,1.94909006e+01,2.71300937e-03,-4.07302352e-03,-3.03689495e-02,-1.47250820e-01,-1.47056116e-01,-2.52035094e-03,3.37464039e-03,1.73381901e-03
5.69000000e+02,1.60079348e+02,-1.78086407e-01,1.85480641e-01,-3.27272147e-02,-1.46902034e-01,-1.42485901e-01,1.40578191e+02,-1.80913179e-01,1.89134392e-01,1.95011579e+01,2.82677167e-03,-3.65375072e-03,-3.02097133e-02,-1.49971373e-01,-1.44333263e-01,-2.51750142e-03,3.06933826e-03,1.84736211e-03
5.70000000e+02,1.60087246e+02,-1.73915013e-01,1.85884704e-01,-3.26812653e-02,-1.47967501e-01,-1.40320464e-01,1.40578807e+02,-1.76690102e-01,1.90016113e-01,1.95084385e+01,2.77508965e-03,-4.13140874e-03,-3.01555545e-02,-1.51382452e-01,-1.42071916e-01,-2.52571086e-03,3.41495172e-03,1.75145202e-03
5.71000000e+02,1.60112744e+02,-1.71329866e-01,1.92457994e-01,-3.25164748e-02,-1.52268473e-01,-1.37776790e-01,1.40594206e+02,-1.74117530e-01,1.96095397e-01,1.95185378e+01,2.78766450e-03,-3.63740276e-03,-2.99938542e-02,-1.55389312e-01,-1.39591045e-01,-2.52262055e-03,3.12083872e-03,1.81425430e-03
5.72000000e+02,1.60120160e+02,-1.70497940e-01,1.92421789e-01,-3.24596197e-02,-1.51794222e-01,-1.37194471e-01,1.40594264e+02,-1.73166136e-01,1.96699705e-01,1.95258955e+01,2.66819673e-03,-4.27791579e-03,-2.99289151e-02,-1.55342082e-01,-1.38888986e-01,-2.53070463e-03,3.54786068e-03,1.69451486e-03
5.73000000e+02,1.60150759e+02,-1.68144057e-01,1.94283605e-01,-3.22945314e-02,-1.54063118e-01,-1.34614692e-01,1.40614688e+02,-1.70935504e-01,1.98130487e-01,1.95360718e+01,2.79144684e-03,-3.84688230e-03,-2.97669491e-02,-1.57307155e-01,-1.36421693e-01,-2.52758233e-03,3.24403673e-03,1.80700107e-03
5.74000000e+02,1.60159239e+02,-1.64016725e-01,1.93881887e-01,-3.22337584e-02,-1.54261717e-01,-1.32537762e-01,1.40615934e+02,-1.66745840e-01,1.98203986e-01,1.95433053e+01,2.72911485e-03,-4.32209927e-03,-2.96984222e-02,-1.57844206e-01,-1.34246312e-01,-2.53533614e-03,3.58248921e-03,1.70854971e-03
5.75000000e+02,1.60185217e+02,-1.61826670e-01,1.99481132e-01,-3.20535105e-02,-1.57839241e-01,-1.30322594e-01,1.40631921e+02,-1.64560957e-01,2.03322723e-01,1.95532964e+01,2.73428646e-03,-3.84159076e-03,-2.95214067e-02,-1.61130443e-01,-1.32087384e-01,-2.53210371e-03,3.29120211e-03,1.76479025e-03
5.76000000e+02,1.60192869e+02,-1.60893357e-01,1.98671425e-01,-3.19839465e-02,-1.56599675e-01,-1.29744345e-01,1.40632314e+02,-1.63516279e-01,2.03144285e-01,1.95605547e+01,2.62292251e-03,-4.47285962e-03,-2.94437768e-02,-1.60312788e-01,-1.31394850e-01,-2.54016971e-03,3.71311278e-03,1.65050538e-03
5.77000000e+02,1.60223923e+02,-1.58448274e-01,1.99217142e-01,-3.17969275e-02,-1.58017268e-01,-1.27205247e-01,1.40653242e+02,-1.61180087e-01,2.03274272e-01,1.95706815e+01,2.73181313e-03,-4.05713019e-03,-2.92601021e-02,-1.61427834e-01,-1.28962175e-01,-2.53682539e-03,3.41056630e-03,1.75692867e-03
5.78000000e+02,1.60232515e+02,-1.54465545e-01,1.98164387e-01,-3.17188565e-02,-1.57738512e-01,-1.25189986e-01,1.40654643e+02,-1.57132673e-01,2.02675684e-01,1.95778717e+01,2.66712856e-03,-4.51129723e-03,-2.91738226e-02,-1.61480263e-01,-1.26849883e-01,-2.54503389e-03,3.74175135e-03,1.65989693e-03
5.79000000e+02,1.60258503e+02,-1.52355323e-01,2.02582702e-01,-3.15421506e-02,-1.60567394e-01,-1.22896454e-01,1.40670734e+02,-1.55013689e-01,2.06628250e-01,1.95877689e+01,2.65836639e-03,-4.04554815e-03,-2.90000537e-02,-1.64019958e-01,-1.24608718e-01,-2.54209687e-03,3.45256448e-03,1.71226409e-03
5.80000000e+02,1.60266264e+02,-1.51173517e-01,2.00899898e-01,-3.15059122e-02,-1.58671688e-01,-1.22250355e-01,1.40671267e+02,-1.53730776e-01,2.05551390e-01,1.95949966e+01,2.55725894e-03,-4.65149192e-03,-2.89554906e-02,-1.62532678e-01,-1.23848139e-01,-2.55042155e-03,3.86098959e-03,1.59778397e-03
5.81000000e+02,1.60297617e+02,-1.49556045e-01,2.01014712e-01,-3.13575131e-02,-1.59590826e-01,-1.20027653e-01,1.40692436e+02,-1.52204900e-01,2.05234940e-01,1.96051806e+01,2.64885458e-03,-4.22022768e-03,-2.88106575e-02,-1.63147745e-01,-1.21727390e-01,-2.54685565e-03,3.55691917e-03,1.69973698e-03
5.82000000e+02,1.60306820e+02,-1.45546258e-01,1.99304208e-01,-3.12984410e-02,-1.58793864e-01,-1.18103368e-01,1.40694452e+02,-1.48148909e-01,2.03966657e-01,1.96123683e+01,2.60265096e-03,-4.66244881e-03,-2.87441549e-02,-1.62672468e-01,-1.19708523e-01,-2.55428617e-03,3.87860378e-03,1.60515523e-03
5.83000000e+02,1.60333521e+02,-1.43393424e-01,2.03745019e-01,-3.11226006e-02,-1.61269287e-01,-1.16029651e-01,1.40711143e+02,-1.45998504e-01,2.07918410e-01,1.96223787e+01,2.60507931e-03,-4.17339123e-03,-2.85723625e-02,-1.64851368e-01,-1.17688639e-01,-2.55023808e-03,3.58208105e-03,1.65898796e-03
5.84000000e+02,1.60341830e+02,-1.43271200e-01,2.01406953e-01,-3.10402257e-02,-1.58965926e-01,-1.15836058e-01,1.40712241e+02,-1.45744082e-01,2.06211351e-01,1.96295884e+01,2.47288195e-03,-4.80439805e-03,-2.84826423e-02,-1.62959353e-01,-1.17379953e-01,-2.55758340e-03,3.99342622e-03,1.54389499e-03
5.85000000e+02,1.60373224e+02,-1.41452741e-01,2.00437498e-01,-3.08523178e-02,-1.59213241e-01,-1.13676470e-01,1.40733642e+02,-1.44023416e-01,2.04819907e-01,1.96395815e+01,2.57067509e-03,-4.38240976e-03,-2.82989627e-02,-1.62907719e-01,-1.15319615e-01,-2.55335516e-03,3.69447853e-03,1.64314446e-03
5.86000000e+02,1.60382893e+02,-1.38139265e-01,1.98092173e-01,-3.07413823e-02,-1.57807591e-01,-1.12178931e-01,1.40736233e+02,-1.40660626e-01,2.02912914e-01,1.96466605e+01,2.52136092e-03,-4.82074153e-03,-2.81808368e-02,-1.61818449e-01,-1.13727767e-01,-2.56054550e-03,4.01085861e-03,1.54883554e-03
5.87000000e+02,1.60409988e+02,-1.36597402e-01,2.01209007e-01,-3.05411216e-02,-1.59483625e-01,-1.10485814e-01,1.40753469e+02,-1.39122399e-01,2.05554236e-01,1.96565192e+01,2.52499680e-03,-4.34522975e-03,-2.79849407e-02,-1.63201138e-01,-1.12088342e-01,-2.55618086e-03,3.71751290e-03,1.60252873e-03
5.88000000e+02,1.60418549e+02,-1.36325285e-01,1.98722914e-01,-3.04344064e-02,-1.56860308e-01,-1.10337214e-01,1.40755069e+02,-1.38736213e-01,2.03651546e-01,1.96634791e+01,2.41092732e-03,-4.92863145e-03,-2.78711363e-02,-1.60969686e-01,-1.11830931e-01,-2.56327007e-03,4.10937770e-03,1.49371626e-03
5.89000000e+02,1.60450274e+02,-1.34696958e-01,1.97397458e-01,-3.02233913e-02,-1.56903309e-01,-1.08266976e-01,1.40776882e+02,-1.37219139e-01,2.01914102e-01,1.96733924e+01,2.52218090e-03,-4.51664372e-03,-2.76649285e-02,-1.60713177e-01,-1.09864816e-01,-2.55846278e-03,3.80986827e-03,1.59783991e-03
5.90000000e+02,1.60459660e+02,-1.31275460e-01,1.94903209e-01,-3.00984351e-02,-1.55348066e-01,-1.06817201e-01,1.40779241e+02,-1.33741936e-01,1.99841631e-01,1.96804191e+01,2.46647560e-03,-4.93842200e-03,-2.75330262e-02,-1.59469354e-01,-1.08321467e-01,-2.56540883e-03,4.12128817e-03,1.50426585e-03
5.91000000e+02,1.60486956e+02,-1.29800892e-01,1.98104280e-01,-2.98766416e-02,-1.57013585e-01,-1.05282238e-01,1.40796865e+02,-1.32253389e-01,2.02572789e-01,1.96900910e+01,2.45249724e-03,-4.46850878e-03,-2.73162291e-02,-1.60841876e-01,-1.06836473e-01,-2.56041248e-03,3.82829066e-03,1.55423441e-03
5.92000000e+02,1.60495993e+02,-1.29443335e-01,1.95100170e-01,-2.97691771e-02,-1.54150595e-01,-1.05230683e-01,1.40798987e+02,-1.31796308e-01,2.00156220e-01,1.96970058e+01,2.35297329e-03,-5.05604996e-03,-2.72020899e-02,-1.58370059e-01,-1.06681149e-01,-2.56708723e-03,4.21946382e-03,1.45046684e-03
5.93000000e+02,1.60527788e+02,-1.28361443e-01,1.93699410e-01,-2.95268671e-02,-1.53832530e-01,-1.03384921e-01,1.40820973e+02,-1.30818876e-01,1.98338537e-01,1.97068157e+01,2.45743236e-03,-4.63912714e-03,-2.69647931e-02,-1.57755452e-01,-1.04939036e-01,-2.56207394e-03,3.92292183e-03,1.55411526e-03
5.94000000e+02,1.60537462e+02,-1.25042418e-01,1.90826185e-01,-2.93919108e-02,-1.51978472e-01,-1.01780182e-01,1.40823715e+02,-1.27443457e-01,1.95897969e-01,1.97137463e+01,2.40103899e-03,-5.07178439e-03,-2.68232654e-02,-1.56211666e-01,-1.03246533e-01,-2.56864537e-03,4.23319389e-03,1.46635029e-03
5.95000000e+02,1.60564823e+02,-1.23421017e-01,1.92896025e-01,-2.91537390e-02,-1.53031869e-01,-1.00114822e-01,1.40841397e+02,-1.25820954e-01,1.97511789e-01,1.97234265e+01,2.39993706e-03,-4.61576396e-03,-2.65898592e-02,-1.56980746e-01,-1.01632460e-01,-2.56387978e-03,3.94887705e-03,1.51763830e-03
5.96000000e+02,1.60574029e+02,-1.23306742e-01,1.89253026e-01,-2.90120632e-02,-1.49678275e-01,-1.00255277e-01,1.40843593e+02,-1.25602952e-01,1.94460243e-01,1.97304362e+01,2.29621029e-03,-5.20721696e-03,-2.64408566e-02,-1.54022289e-01,-1.01669073e-01,-2.57120662e-03,4.34401393e-03,1.41379582e-03
5.97000000e+02,1.60606114e+02,-1.22124637e-01,1.86402159e-01,-2.87677659e-02,-1.48654649e-01,-9.84979732e-02,1.40865798e+02,-1.24512497e-01,1.91200167e-01,1.97403159e+01,2.38785959e-03,-4.79800841e-03,-2.62011378e-02,-1.52706498e-01,-1.00010062e-01,-2.56662808e-03,4.05184926e-03,1.51208845e-03
5.98000000e+02,1.60616443e+02,-1.18919692e-01,1.83447856e-01,-2.86185902e-02,-1.46351161e-01,-9.71390689e-02,1.40869277e+02,-1.21264467e-01,1.88637464e-01,1.97471666e+01,2.34477519e-03,-5.18960748e-03,-2.60446809e-02,-1.50698087e-01,-9.85635658e-02,-2.57390933e-03,4.34692612e-03,1.42449686e-03
5.99000000e+02,1.60644491e+02,-1.18083619e-01,1.85600965e-01,-2.83876428e-02,-1.47352878e-01,-9.57775707e-02,1.40887653e+02,-1.20419571e-01,1.90335952e-01,1.97568388e+01,2.33595199e-03,-4.73498743e-03,-2.58189587e-02,-1.51413396e-01,-9.72559645e-02,-2.56868408e-03,4.06051855e-03,1.47839378e-03
6.00000000e+02,1.60653871e+02,-1.17833110e-01,1.81845939e-01,-2.82623177e-02,-1.43950782e-01,-9.59191857e-02,1.40890090e+02,-1.20091968e-01,1.87170019e-01,1.97637817e+01,2.25885759e-03,-5.32408095e-03,-2.56869864e-02,-1.48400298e-01,-9.73038525e-02,-2.57533127e-03,4.44951614e-03,1.38466676e-03
6.01000000e+02,1.60686805e+02,-1.16421363e-01,1.79811312e-01,-2.80332358e-02,-1.43164438e-01,-9.41552382e-02,1.40913226e+02,-1.18769605e-01,1.84701299e-01,1.97735791e+01,2.34824242e-03,-4.88998714e-03,-2.54636694e-02,-1.47313663e-01,-9.56396162e-02,-2.56956642e-03,4.14922565e-03,1.48437800e-03
6.02000000e+02,1.60697706e+02,-1.13873834e-01,1.77021210e-01,-2.79060743e-02,-1.41249370e-01,-9.30029027e-02,1.40917322e+02,-1.16163447e-01,1.82319511e-01,1.97803845e+01,2.28961291e-03,-5.29830150e-03,-2.53301890e-02,-1.45690710e-01,-9.44025133e-02,-2.57588527e-03,4.44133973e-03,1.39961055e-03
6.03000000e+02,1.60725720e+02,-1.12752852e-01,1.80023054e-01,-2.76827576e-02,-1.42867532e-01,-9.15937868e-02,1.40935726e+02,-1.15050369e-01,1.84873822e-01,1.97899939e+01,2.29751619e-03,-4.85076792e-03,-2.51132139e-02,-1.47021799e-01,-9.30483605e-02,-2.56954376e-03,4.15426705e-03,1.45457366e-03
6.04000000e+02,1.60735579e+02,-1.12335675e-01,1.76789458e-01,-2.75557071e-02,-1.39955618e-01,-9.15884923e-02,1.40938697e+02,-1.14539551e-01,1.82228300e-01,1.97968820e+01,2.20387647e-03,-5.43884185e-03,-2.49802067e-02,-1.44500069e-01,-9.29492606e-02,-2.57550041e-03,4.54445071e-03,1.36076826e-03
6.05000000e+02,1.60768565e+02,-1.11835276e-01,1.75645217e-01,-2.73012761e-02,-1.39807257e-01,-9.01710587e-02,1.40961959e+02,-1.14129932e-01,1.80644204e-01,1.98066064e+01,2.29465652e-03,-4.99898706e-03,-2.47325652e-02,-1.44054819e-01,-9.16270820e-02,-2.56871089e-03,4.24756147e-03,1.45602337e-03
6.06000000e+02,1.60779369e+02,-1.08746206e-01,1.73469344e-01,-2.71614771e-02,-1.38366865e-01,-8.89158722e-02,1.40966008e+02,-1.11001296e-01,1.78884284e-01,1.98133604e+01,2.25509049e-03,-5.41493974e-03,-2.45868856e-02,-1.42907535e-01,-9.02865083e-02,-2.57459152e-03,4.54067019e-03,1.37063613e-03
6.07000000e+02,1.60807987e+02,-1.07926543e-01,1.77141099e-01,-2.68969813e-02,-1.40433616e-01,-8.78567729e-02,1.40985072e+02,-1.10167901e-01,1.82104460e-01,1.98229144e+01,2.24135821e-03,-4.96336049e-03,-2.43286952e-02,-1.44688686e-01,-8.92778702e-02,-2.56828614e-03,4.25506965e-03,1.42109732e-03
6.08000000e+02,1.60817807e+02,-1.08507616e-01,1.74752484e-01,-2.67500029e-02,-1.38077537e-01,-8.82611866e-02,1.40988114e+02,-1.10646956e-01,1.80295881e-01,1.98296932e+01,2.13933946e-03,-5.54339689e-03,-2.41756454e-02,-1.42720667e-01,-8.95899510e-02,-2.57435748e-03,4.64312999e-03,1.32876434e-03
6.09000000e+02,1.60850750e+02,-1.07847132e-01,1.74028257e-01,-2.64999701e-02,-1.38296830e-01,-8.68078816e-02,1.41011471e+02,-1.10093949e-01,1.79168180e-01,1.98392795e+01,2.24681635e-03,-5.13992354e-03,-2.39314188e-02,-1.42659838e-01,-8.82406441e-02,-2.56855121e-03,4.36300815e-03,1.43276251e-03
6.10000000e+02,1.60862032e+02,-1.04764253e-01,1.72085369e-01,-2.63544190e-02,-1.37199111e-01,-8.55973154e-02,1.41016169e+02,-1.06990290e-01,1.77646327e-01,1.98458633e+01,2.22603777e-03,-5.56095875e-03,-2.37795391e-02,-1.41855550e-01,-8.69557494e-02,-2.57487996e-03,4.65643825e-03,1.35843403e-03
6.11000000e+02,1.60890616e+02,-1.04108893e-01,1.75645359e-01,-2.61188407e-02,-1.39437227e-01,-8.44107738e-02,1.41035467e+02,-1.06325046e-01,1.80768265e-01,1.98551486e+01,2.21615359e-03,-5.12290593e-03,-2.35497599e-02,-1.43819798e-01,-8.58266842e-02,-2.56908080e-03,4.38257026e-03,1.41591042e-03
6.12000000e+02,1.60900363e+02,-1.04015776e-01,1.73855627e-01,-2.60063509e-02,-1.37334547e-01,-8.45791902e-02,1.41038793e+02,-1.06145790e-01,1.79541979e-01,1.98615706e+01,2.13001365e-03,-5.68635256e-03,-2.34310002e-02,-1.42097240e-01,-8.59046173e-02,-2.57535068e-03,4.76269292e-03,1.32542705e-03
6.13000000e+02,1.60933155e+02,-1.02736317e-01,1.73017256e-01,-2.58063130e-02,-1.37592757e-01,-8.27590131e-02,1.41062340e+02,-1.04962464e-01,1.78319747e-01,1.98708155e+01,2.22614613e-03,-5.30249074e-03,-2.32372637e-02,-1.42083381e-01,-8.41856497e-02,-2.56904929e-03,4.49062377e-03,1.42663661e-03
6.14000000e+02,1.60944087e+02,-9.98652081e-02,1.71579337e-01,-2.57184096e-02,-1.36808147e-01,-8.13931165e-02,1.41066926e+02,-1.02064902e-01,1.77273762e-01,1.98771601e+01,2.19969389e-03,-5.69442487e-03,-2.31434298e-02,-1.41581146e-01,-8.27475128e-02,-2.57497981e-03,4.77299890e-03,1.35439628e-03
6.15000000e+02,1.60972417e+02,-9.81619867e-02,1.75318931e-01,-2.55465200e-02,-1.39122488e-01,-7.97535505e-02,1.41086098e+02,-1.00368969e-01,1.80579825e-01,1.98863198e+01,2.20698272e-03,-5.26089350e-03,-2.29782939e-02,-1.43625800e-01,-8.11654917e-02,-2.56822613e-03,4.50331267e-03,1.41194117e-03
6.16000000e+02,1.60982186e+02,-9.71259537e-02,1.73596852e-01,-2.54904973e-02,-1.37046898e-01,-7.93065888e-02,1.41089479e+02,-9.92439150e-02,1.79431462e-01,1.98927068e+01,2.11796129e-03,-5.83460994e-03,-2.29167864e-02,-1.41935136e-01,-8.06342932e-02,-2.57371089e-03,4.88823846e-03,1.32770439e-03
6.17000000e+02,1.61015041e+02,-9.56388048e-02,1.72610510e-01,-2.53323468e-02,-1.37263759e-01,-7.73748369e-02,1.41113080e+02,-9.78442598e-02,1.78080040e-01,1.99019602e+01,2.20545505e-03,-5.46953002e-03,-2.27654787e-02,-1.41882065e-01,-7.87970252e-02,-2.56686805e-03,4.61830606e-03,1.42218826e-03
6.18000000e+02,1.61026072e+02,-9.22704065e-02,1.71166896e-01,-2.52856495e-02,-1.36596077e-01,-7.57304569e-02,1.41117756e+02,-9.44443208e-02,1.77012912e-01,1.99083164e+01,2.17391436e-03,-5.84601554e-03,-2.27134886e-02,-1.41487761e-01,-7.70750631e-02,-2.57216089e-03,4.89168394e-03,1.34460617e-03
6.19000000e+02,1.61054856e+02,-9.19757685e-02,1.75432465e-01,-2.51354043e-02,-1.39255696e-01,-7.47977505e-02,1.41137357e+02,-9.41193901e-02,1.80835850e-01,1.99174991e+01,2.14362160e-03,-5.40338503e-03,-2.25706024e-02,-1.43876038e-01,-7.61813077e-02,-2.56480186e-03,4.62034279e-03,1.38355714e-03
6.20000000e+02,1.61064907e+02,-9.20521937e-02,1.74241856e-01,-2.50876526e-02,-1.37517238e-01,-7.51457423e-02,1.41140998e+02,-9.41246722e-02,1.80221736e-01,1.99239087e+01,2.07247846e-03,-5.97988016e-03,-2.25180993e-02,-1.42518460e-01,-7.64504235e-02,-2.56955331e-03,5.00122229e-03,1.30468118e-03
6.21000000e+02,1.61098156e+02,-9.12467821e-02,1.73547612e-01,-2.49249243e-02,-1.38073886e-01,-7.37859945e-02,1.41165015e+02,-9.34199009e-02,1.79159643e-01,1.99331403e+01,2.17311877e-03,-5.61203112e-03,-2.23629723e-02,-1.42809299e-01,-7.51931555e-02,-2.56195202e-03,4.73541343e-03,1.40716102e-03
6.22000000e+02,1.61109684e+02,-8.82160723e-02,1.72000209e-01,-2.48684602e-02,-1.37459323e-01,-7.26051698e-02,1.41170258e+02,-9.03744663e-02,1.78000464e-01,1.99394262e+01,2.15839405e-03,-6.00025476e-03,-2.23018552e-02,-1.42471768e-01,-7.39470052e-02,-2.56660491e-03,5.01244512e-03,1.34183539e-03
6.23000000e+02,1.61138440e+02,-8.82693933e-02,1.76180917e-01,-2.47040634e-02,-1.40097896e-01,-7.17472412e-02,1.41189988e+02,-9.04167698e-02,1.81746459e-01,1.99484520e+01,2.14737648e-03,-5.56554162e-03,-2.21448485e-02,-1.44844534e-01,-7.31454553e-02,-2.55921494e-03,4.74663814e-03,1.39821407e-03
6.24000000e+02,1.61148751e+02,-8.85250251e-02,1.75024218e-01,-2.46440876e-02,-1.38363004e-01,-7.20711104e-02,1.41194050e+02,-9.06034190e-02,1.81149674e-01,1.99547012e+01,2.07839390e-03,-6.12545619e-03,-2.20800019e-02,-1.43484006e-01,-7.33930718e-02,-2.56408570e-03,5.12100254e-03,1.32196144e-03
6.25000000e+02,1.61182177e+02,-8.76828685e-02,1.74136280e-01,-2.44932448e-02,-1.38766126e-01,-7.08144414e-02,1.41218376e+02,-8.98598523e-02,1.79900481e-01,1.99638017e+01,2.17698375e-03,-5.76420099e-03,-2.19368865e-02,-1.43620596e-01,-7.22371126e-02,-2.55635829e-03,4.85447071e-03,1.42267117e-03
6.26000000e+02,1.61193959e+02,-8.51515300e-02,1.73226053e-01,-2.44397392e-02,-1.38514565e-01,-6.99891093e-02,1.41224025e+02,-8.73245280e-02,1.79348613e-01,1.99699350e+01,2.17299793e-03,-6.12256041e-03,-2.18790827e-02,-1.43628952e-01,-7.13489495e-02,-2.56065649e-03,5.11438703e-03,1.35984019e-03
6.27000000e+02,1.61222970e+02,-8.52357933e-02,1.77869895e-01,-2.42727159e-02,-1.41458115e-01,-6.94119216e-02,1.41244144e+02,-8.73896104e-02,1.83554604e-01,1.99788261e+01,2.15381700e-03,-5.68470967e-03,-2.17204945e-02,-1.46301876e-01,-7.08216306e-02,-2.55222138e-03,4.84376147e-03,1.40970898e-03
6.28000000e+02,1.61233446e+02,-8.59522057e-02,1.77096349e-01,-2.42106909e-02,-1.40157889e-01,-7.01320723e-02,1.41248493e+02,-8.80422418e-02,1.83353570e-01,1.99849534e+01,2.09003612e-03,-6.25722126e-03,-2.16546238e-02,-1.45371119e-01,-7.14718000e-02,-2.55606702e-03,5.21322980e-03,1.33972772e-03
6.29000000e+02,1.61267407e+02,-8.60345452e-02,1.76718637e-01,-2.40364493e-02,-1.40866699e-01,-6.93515117e-02,1.41273539e+02,-8.82249717e-02,1.82616172e-01,1.99938671e+01,2.19042652e-03,-5.89753500e-03,-2.14888836e-02,-1.45823445e-01,-7.07933752e-02,-2.54756566e-03,4.95674568e-03,1.44186353e-03
6.30000000e+02,1.61279231e+02,-8.44317992e-02,1.75715145e-01,-2.39818841e-02,-1.40535188e-01,-6.90591869e-02,1.41279477e+02,-8.66163106e-02,1.81965664e-01,1.99997537e+01,2.18451141e-03,-6.25051908e-03,-2.14302538e-02,-1.45752554e-01,-7.04416059e-02,-2.55163035e-03,5.21736641e-03,1.38241900e-03
6.31000000e+02,1.61308656e+02,-8.50462629e-02,1.80580882e-01,-2.38326137e-02,-1.43532810e-01,-6.88930209e-02,1.41300207e+02,-8.72274142e-02,1.86417764e-01,2.00084487e+01,2.18115137e-03,-5.83688155e-03,-2.12889781e-02,-1.48490295e-01,-7.03345509e-02,-2.54363555e-03,4.95748475e-03,1.44153004e-03
6.32000000e+02,1.61319121e+02,-8.59743291e-02,1.79958600e-01,-2.38158006e-02,-1.42350622e-01,-6.98842780e-02,1.41304797e+02,-8.81060133e-02,1.86348965e-01,2.00143244e+01,2.13168420e-03,-6.39036514e-03,-2.12675138e-02,-1.47670719e-01,-7.12657432e-02,-2.54828673e-03,5.32009723e-03,1.38146519e-03
6.33000000e+02,1.61352754e+02,-8.60136294e-02,1.79673881e-01,-2.37001669e-02,-1.43171778e-01,-6.91133363e-02,1.41329710e+02,-8.82369856e-02,1.85706656e-01,2.00230438e+01,2.22335622e-03,-6.03277464e-03,-2.11597727e-02,-1.48236144e-01,-7.05950651e-02,-2.54039418e-03,5.06436608e-03,1.48172881e-03
6.34000000e+02,1.61364671e+02,-8.43178016e-02,1.78936614e-01,-2.37037190e-02,-1.43025509e-01,-6.88045448e-02,1.41335824e+02,-8.65410967e-02,1.85332512e-01,2.00288479e+01,2.22329501e-03,-6.39589772e-03,-2.11592353e-02,-1.48345464e-01,-7.02289115e-02,-2.54448372e-03,5.31995462e-03,1.42436667e-03
6.35000000e+02,1.61393976e+02,-8.52414857e-02,1.83957366e-01,-2.35829885e-02,-1.46158446e-01,-6.87294654e-02,1.41356504e+02,-8.74626339e-02,1.89931967e-01,2.00374720e+01,2.22114816e-03,-5.97460075e-03,-2.10468973e-02,-1.51212425e-01,-7.02147132e-02,-2.53609123e-03,5.05397833e-03,1.48524781e-03
6.36000000e+02,1.61404345e+02,-8.60998925e-02,1.83146296e-01,-2.35914829e-02,-1.45069775e-01,-6.95702553e-02,1.41361008e+02,-8.82726513e-02,1.89666885e-01,2.00433373e+01,2.17275878e-03,-6.52058895e-03,-2.10518432e-02,-1.50482590e-01,-7.09974943e-02,-2.53963977e-03,5.41281461e-03,1.42723903e-03
6.37000000e+02,1.61438069e+02,-8.58571547e-02,1.82794571e-01,-2.34685064e-02,-1.45785614e-01,-6.86262875e-02,1.41386055e+02,-8.81304634e-02,1.88963699e-01,2.00520143e+01,2.27330863e-03,-6.16912859e-03,-2.09377254e-02,-1.50946386e-01,-7.01629379e-02,-2.53078104e-03,5.16077263e-03,1.53665033e-03
6.38000000e+02,1.61450054e+02,-8.34999265e-02,1.81886711e-01,-2.34471662e-02,-1.45454615e-01,-6.77835985e-02,1.41392327e+02,-8.58025786e-02,1.88417076e-01,2.00577275e+01,2.30265207e-03,-6.53036513e-03,-2.09133691e-02,-1.50872350e-01,-6.92725889e-02,-2.53379709e-03,5.41773511e-03,1.48899043e-03
6.39000000e+02,1.61479597e+02,-8.36172358e-02,1.86083480e-01,-2.32994688e-02,-1.48177526e-01,-6.71485541e-02,1.41413377e+02,-8.59098643e-02,1.92207043e-01,2.00662200e+01,2.29262855e-03,-6.12356258e-03,-2.07750081e-02,-1.53339541e-01,-6.86977651e-02,-2.52446071e-03,5.16201567e-03,1.54921099e-03
6.40000000e+02,1.61490246e+02,-8.38799875e-02,1.84924453e-01,-2.32440788e-02,-1.46661203e-01,-6.75612418e-02,1.41418304e+02,-8.61150171e-02,1.91583490e-01,2.00719426e+01,2.23502962e-03,-6.65903747e-03,-2.07165055e-02,-1.52176439e-01,-6.90508639e-02,-2.52757332e-03,5.51523541e-03,1.48962205e-03
6.41000000e+02,1.61523953e+02,-8.32542400e-02,1.84435010e-01,-2.30527545e-02,-1.47123104e-01,-6.63801294e-02,1.41443479e+02,-8.56006950e-02,1.90736697e-01,2.00804741e+01,2.34645498e-03,-6.30168662e-03,-2.05341610e-02,-1.52386012e-01,-6.79770158e-02,-2.51859351e-03,5.26290723e-03,1.59688641e-03
6.42000000e+02,1.61535871e+02,-8.04956026e-02,1.82927155e-01,-2.29710126e-02,-1.46569702e-01,-6.54850728e-02,1.41449788e+02,-8.28409948e-02,1.89589263e-01,2.00860832e+01,2.34539221e-03,-6.66210764e-03,-2.04488872e-02,-1.52080634e-01,-6.70250938e-02,-2.52212537e-03,5.51093178e-03,1.54002101e-03
6.43000000e+02,1.61565468e+02,-8.01791076e-02,1.87050921e-01,-2.27777325e-02,-1.49134498e-01,-6.45911698e-02,1.41471019e+02,-8.25224973e-02,1.93297020e-01,2.00944496e+01,2.34338971e-03,-6.24609871e-03,-2.02647072e-02,-1.54388351e-01,-6.61935349e-02,-2.51302531e-03,5.25385274e-03,1.60236503e-03
6.44000000e+02,1.61576410e+02,-8.03878186e-02,1.85837785e-01,-2.26576482e-02,-1.47594173e-01,-6.49400091e-02,1.41476332e+02,-8.26740704e-02,1.92603088e-01,2.01000785e+01,2.28625183e-03,-6.76530285e-03,-2.01412164e-02,-1.53192654e-01,-6.64830245e-02,-2.51643179e-03,5.59848111e-03,1.54301532e-03
6.45000000e+02,1.61610450e+02,-7.97947601e-02,1.84719688e-01,-2.24284840e-02,-1.47835128e-01,-6.36061328e-02,1.41501933e+02,-8.21808233e-02,1.91155410e-01,2.01085161e+01,2.38606318e-03,-6.43572193e-03,-1.99212683e-02,-1.53187636e-01,-6.52502653e-02,-2.50721567e-03,5.35250763e-03,1.64413249e-03
6.46000000e+02,1.61622547e+02,-7.68848563e-02,1.83104324e-01,-2.23089663e-02,-1.47153769e-01,-6.27165732e-02,1.41508569e+02,-7.92833287e-02,1.89874618e-01,2.01139779e+01,2.39847238e-03,-6.77029400e-03,-1.97982202e-02,-1.52740879e-01,-6.43007265e-02,-2.51074615e-03,5.58710974e-03,1.58415336e-03
6.47000000e+02,1.61652438e+02,-7.67867607e-02,1.87433687e-01,-2.20671940e-02,-1.49727310e-01,-6.20712054e-02,1.41530232e+02,-7.91574654e-02,1.93766028e-01,2.01222053e+01,2.37070474e-03,-6.33234047e-03,-1.95654896e-02,-1.55051475e-01,-6.37075300e-02,-2.50170437e-03,5.32416494e-03,1.63632465e-03
6.48000000e+02,1.61663773e+02,-7.75257370e-02,1.86726207e-01,-2.19435086e-02,-1.48350735e-01,-6.26714763e-02,1.41536133e+02,-7.98307497e-02,1.93562747e-01,2.01276396e+01,2.30501265e-03,-6.83654049e-03,-1.94379046e-02,-1.54007320e-01,-6.42399263e-02,-2.50560391e-03,5.65658490e-03,1.56844999e-03
6.49000000e+02,1.61698259e+02,-7.71395165e-02,1.85813215e-01,-2.17021992e-02,-1.48610214e-01,-6.16063788e-02,1.41562381e+02,-7.95500579e-02,1.92325160e-01,2.01358772e+01,2.41054137e-03,-6.51194499e-03,-1.92052953e-02,-1.54020016e-01,-6.32792083e-02,-2.49690391e-03,5.40980171e-03,1.67282946e-03
6.50000000e+02,1.61710791e+02,-7.48510155e-02,1.84186920e-01,-2.15908890e-02,-1.47957805e-01,-6.10220702e-02,1.41569623e+02,-7.72733885e-02,1.91019789e-01,2.01411680e+01,2.42237306e-03,-6.83286886e-03,-1.90902792e-02,-1.53593544e-01,-6.26385623e-02,-2.50060978e-03,5.63573949e-03,1.61649208e-03
6.51000000e+02,1.61740812e+02,-7.54601923e-02,1.88272079e-01,-2.13639384e-02,-1.50387037e-01,-6.07018895e-02,1.41591528e+02,-7.78665062e-02,1.94673708e-01,2.01492833e+01,2.40631388e-03,-6.40162908e-03,-1.88723597e-02,-1.55761590e-01,-6.23771994e-02,-2.49157870e-03,5.37455257e-03,1.67530991e-03
6.52000000e+02,1.61752390e+02,-7.62207712e-02,1.87042832e-01,-2.12562554e-02,-1.48801936e-01,-6.14371694e-02,1.41597744e+02,-7.85752732e-02,1.93970778e-01,2.01546459e+01,2.35450191e-03,-6.92794634e-03,-1.87611663e-02,-1.54512412e-01,-6.30509948e-02,-2.49508908e-03,5.71047617e-03,1.61382542e-03
6.53000000e+02,1.61787043e+02,-7.66222596e-02,1.85777570e-01,-2.10377780e-02,-1.48810268e-01,-6.08256303e-02,1.41624218e+02,-7.90772963e-02,1.92370111e-01,2.01628250e+01,2.45503669e-03,-6.59254107e-03,-1.85518124e-02,-1.54279037e-01,-6.25427490e-02,-2.48596559e-03,5.46876941e-03,1.71711874e-03
6.54000000e+02,1.61799938e+02,-7.46983827e-02,1.83795160e-01,-2.09338709e-02,-1.47998229e-01,-6.05111703e-02,1.41631909e+02,-7.71579146e-02,1.90709624e-01,2.01680297e+01,2.45953190e-03,-6.91446443e-03,-1.84440461e-02,-1.53696059e-01,-6.21682279e-02,-2.48982472e-03,5.69783042e-03,1.65705763e-03
6.55000000e+02,1.61830066e+02,-7.53236461e-02,1.87716799e-01,-2.07249097e-02,-1.50307628e-01,-6.03679473e-02,1.41654069e+02,-7.77760013e-02,1.94207461e-01,2.01759970e+01,2.45235528e-03,-6.49066217e-03,-1.82433874e-02,-1.55743493e-01,-6.20835371e-02,-2.48152229e-03,5.43586486e-03,1.71558977e-03
6.56000000e+02,1.61841601e+02,-7.70147912e-02,1.86840091e-01,-2.06504165e-02,-1.48656108e-01,-6.15729592e-02,1.41660401e+02,-7.94037126e-02,1.93833269e-01,2.01811998e+01,2.38892143e-03,-6.99317808e-03,-1.81644248e-02,-1.54417957e-01,-6.32197596e-02,-2.48599166e-03,5.76184890e-03,1.64680030e-03
6.57000000e+02,1.61876305e+02,-7.72306245e-02,1.85213116e-01,-2.05136820e-02,-1.48593791e-01,-6.10299124e-02,1.41687145e+02,-7.97174200e-02,1.91871618e-01,2.01891598e+01,2.48679549e-03,-6.65850274e-03,-1.80357103e-02,-1.54109409e-01,-6.27800869e-02,-2.47797168e-03,5.51561854e-03,1.75017449e-03
6.58000000e+02,1.61889056e+02,-7.51668606e-02,1.83379764e-01,-2.05172584e-02,-1.47713799e-01,-6.07404392e-02,1.41694901e+02,-7.76537932e-02,1.90330911e-01,2.01941548e+01,2.48693265e-03,-6.95114768e-03,-1.80351955e-02,-1.53440141e-01,-6.24292427e-02,-2.48206291e-03,5.72634192e-03,1.68880352e-03
6.59000000e+02,1.61919233e+02,-7.64188628e-02,1.87444631e-01,-2.04194732e-02,-1.50018403e-01,-6.07208509e-02,1.41717268e+02,-7.88989887e-02,1.93972123e-01,2.02019650e+01,2.48012582e-03,-6.52749242e-03,-1.79458422e-02,-1.55481990e-01,-6.24728324e-02,-2.47363096e-03,5.46358638e-03,1.75198145e-03
6.60000000e+02,1.61930585e+02,-7.79337710e-02,1.86325668e-01,-2.04578716e-02,-1.48318524e-01,-6.18251360e-02,1.41723629e+02,-8.03690679e-02,1.93342232e-01,2.02069555e+01,2.43529694e-03,-7.01656371e-03,-1.79805918e-02,-1.54098802e-01,-6.35128049e-02,-2.47727977e-03,5.78027812e-03,1.68766887e-03
6.61000000e+02,1.61965333e+02,-7.74296462e-02,1.84910471e-01,-2.04026235e-02,-1.48010500e-01,-6.10308848e-02,1.41750524e+02,-7.99738952e-02,1.91593416e-01,2.02148086e+01,2.54424904e-03,-6.68294518e-03,-1.79342874e-02,-1.53548780e-01,-6.28238728e-02,-2.46833604e-03,5.53827968e-03,1.79298805e-03
6.62000000e+02,1.61978305e+02,-7.54960802e-02,1.82904744e-01,-2.04797117e-02,-1.46927430e-01,-6.08260754e-02,1.41758587e+02,-7.80250793e-02,1.89908149e-01,2.02197180e+01,2.52899912e-03,-7.00340517e-03,-1.80083835e-02,-1.52679947e-01,-6.25560360e-02,-2.47132819e-03,5.75251707e-03,1.72996052e-03
6.63000000e+02,1.62008420e+02,-7.65591074e-02,1.86233407e-01,-2.04353591e-02,-1.48859882e-01,-6.07529280e-02,1.41781005e+02,-7.90770755e-02,1.92818414e-01,2.02274146e+01,2.51796815e-03,-6.58500660e-03,-1.79737527e-02,-1.54354333e-01,-6.25442209e-02,-2.46160637e-03,5.49445144e-03,1.79129297e-03
6.64000000e+02,1.62020057e+02,-7.79375625e-02,1.84245526e-01,-2.04817523e-02,-1.46697599e-01,-6.18924755e-02,1.41787654e+02,-8.04029132e-02,1.91313548e-01,2.02324026e+01,2.46535070e-03,-7.06802165e-03,-1.80177495e-02,-1.52504792e-01,-6.36144612e-02,-2.46400279e-03,5.80719331e-03,1.72198566e-03
6.65000000e+02,1.62055250e+02,-7.84993905e-02,1.81668370e-01,-2.03732630e-02,-1.45994834e-01,-6.14419038e-02,1.41815061e+02,-8.10782527e-02,1.88415231e-01,2.02401885e+01,2.57886216e-03,-6.74686162e-03,-1.79192371e-02,-1.51561404e-01,-6.32751627e-02,-2.45402591e-03,5.56657043e-03,1.83325893e-03
6.66000000e+02,1.62068461e+02,-7.59834352e-02,1.79026195e-01,-2.03803411e-02,-1.44705444e-01,-6.10827826e-02,1.41823502e+02,-7.85613693e-02,1.86063267e-01,2.02449594e+01,2.57793417e-03,-7.03707245e-03,-1.79240200e-02,-1.50475202e-01,-6.28554569e-02,-2.45632106e-03,5.76975885e-03,1.77267429e-03
6.67000000e+02,1.62098910e+02,-7.64118345e-02,1.82381001e-01,-2.02366979e-02,-1.46395538e-01,-6.08748233e-02,1.41846390e+02,-7.89809457e-02,1.88994991e-01,2.02525193e+01,2.56911116e-03,-6.61398981e-03,-1.77903480e-02,-1.51907187e-01,-6.27097712e-02,-2.44634987e-03,5.51164890e-03,1.83494790e-03
6.68000000e+02,1.62110715e+02,-7.83085369e-02,1.80924429e-01,-2.01712747e-02,-1.44290579e-01,-6.22389022e-02,1.41853432e+02,-8.08073442e-02,1.88006193e-01,2.02572824e+01,2.49880728e-03,-7.08176375e-03,-1.77223128e-02,-1.50106933e-01,-6.39966885e-02,-2.44896198e-03,5.81635427e-03,1.75778633e-03
6.69000000e+02,1.62145991e+02,-7.88918411e-02,1.77567736e-01,-1.99887031e-02,-1.43068689e-01,-6.16657494e-02,1.41881142e+02,-8.14958721e-02,1.84345113e-01,2.02648491e+01,2.60403104e-03,-6.77737680e-03,-1.75496784e-02,-1.48653847e-01,-6.35331881e-02,-2.43902468e-03,5.58515855e-03,1.86743870e-03
6.70000000e+02,1.62159152e+02,-7.66071426e-02,1.74411816e-01,-1.99102150e-02,-1.41183818e-01,-6.12464355e-02,1.41889753e+02,-7.92183242e-02,1.81468044e-01,2.02693983e+01,2.61118156e-03,-7.05622790e-03,-1.74684888e-02,-1.46966211e-01,-6.30561925e-02,-2.44172620e-03,5.78239322e-03,1.80975704e-03
6.71000000e+02,1.62189637e+02,-7.65961197e-02,1.77090816e-01,-1.97157453e-02,-1.42581709e-01,-6.07343781e-02,1.41912919e+02,-7.92068646e-02,1.83724014e-01,2.02767175e+01,2.61074487e-03,-6.63319832e-03,-1.72833810e-02,-1.48098167e-01,-6.26118316e-02,-2.43236426e-03,5.51645841e-03,1.87745351e-03
6.72000000e+02,1.62201346e+02,-7.75896284e-02,1.75860969e-01,-1.96499367e-02,-1.40718094e-01,-6.16852467e-02,1.41920078e+02,-8.01342662e-02,1.82917095e-01,2.02812680e+01,2.54463785e-03,-7.05612588e-03,-1.72143080e-02,-1.46512960e-01,-6.34835196e-02,-2.43562865e-03,5.79486616e-03,1.79827291e-03
6.73000000e+02,1.62236477e+02,-7.78936289e-02,1.74066865e-01,-1.94761587e-02,-1.40237797e-01,-6.10580535e-02,1.41947841e+02,-8.05138456e-02,1.80795466e-01,2.02886357e+01,2.62021662e-03,-6.72860100e-03,-1.70503157e-02,-1.45791072e-01,-6.29507410e-02,-2.42584307e-03,5.55327474e-03,1.89268745e-03
6.74000000e+02,1.62249894e+02,-7.68890047e-02,1.71986703e-01,-1.93888558e-02,-1.39262664e-01,-6.13138273e-02,1.41956775e+02,-7.94862717e-02,1.78997320e-01,2.02931188e+01,2.59726697e-03,-7.01061734e-03,-1.69607019e-02,-1.45004796e-01,-6.31286718e-02,-2.42815398e-03,5.74213189e-03,1.81484453e-03
6.75000000e+02,1.62280468e+02,-7.78409866e-02,1.75294444e-01,-1.91907552e-02,-1.41231825e-01,-6.15991825e-02,1.41980147e+02,-8.04524100e-02,1.81901515e-01,2.03003203e+01,2.61142338e-03,-6.60707147e-03,-1.67723306e-02,-1.46723612e-01,-6.34770883e-02,-2.41842460e-03,5.49178662e-03,1.87790580e-03
6.76000000e+02,1.62292511e+02,-7.96453142e-02,1.74291730e-01,-1.91297039e-02,-1.39422722e-01,-6.32495596e-02,1.41987703e+02,-8.21807756e-02,1.81330092e-01,2.03048074e+01,2.53546145e-03,-7.03836203e-03,-1.67082969e-02,-1.45204669e-01,-6.50485012e-02,-2.42140701e-03,5.78194721e-03,1.79894163e-03
6.77000000e+02,1.62327832e+02,-8.09612632e-02,1.72311907e-01,-1.89700344e-02,-1.38746675e-01,-6.32033497e-02,1.42015621e+02,-8.35921022e-02,1.79053940e-01,2.03122108e+01,2.63083894e-03,-6.74203229e-03,-1.65576464e-02,-1.44302509e-01,-6.51144083e-02,-2.41238797e-03,5.55583456e-03,1.91105865e-03
6.78000000e+02,1.62341638e+02,-7.99715573e-02,1.69423054e-01,-1.89854631e-02,-1.37267362e-01,-6.34357164e-02,1.42024935e+02,-8.25909886e-02,1.76451871e-01,2.03167031e+01,2.61943132e-03,-7.02881690e-03,-1.65693879e-02,-1.43016206e-01,-6.52763346e-02,-2.41607523e-03,5.74884382e-03,1.84061827e-03
6.79000000e+02,1.62372759e+02,-8.13189178e-02,1.72166154e-01,-1.89345930e-02,-1.38769947e-01,-6.39014617e-02,1.42048798e+02,-8.39521555e-02,1.78785179e-01,2.03239603e+01,2.63323767e-03,-6.61902483e-03,-1.65269581e-02,-1.44267218e-01,-6.58086779e-02,-2.40763489e-03,5.49727056e-03,1.90721624e-03
6.80000000e+02,1.62385066e+02,-8.36134323e-02,1.70553371e-01,-1.90508992e-02,-1.36545562e-01,-6.58069561e-02,1.42056618e+02,-8.61763633e-02,1.77602421e-01,2.03284477e+01,2.56293097e-03,-7.04905030e-03,-1.66398293e-02,-1.42327191e-01,-6.76359513e-02,-2.41106998e-03,5.78162874e-03,1.82899516e-03
6.81000000e+02,1.62420539e+02,-8.46626730e-02,1.68163043e-01,-1.90888417e-02,-1.35632856e-01,-6.57487395e-02,1.42084791e+02,-8.73374589e-02,1.74903985e-01,2.03357483e+01,2.67478589e-03,-6.74094192e-03,-1.66872036e-02,-1.41183226e-01,-6.76948837e-02,-2.40163808e-03,5.55036925e-03,1.94614413e-03
6.82000000e+02,1.62434281e+02,-8.36708709e-02,1.65158285e-01,-1.92580886e-02,-1.34102497e-01,-6.61511209e-02,1.42094227e+02,-8.63192178e-02,1.72182763e-01,2.03400543e+01,2.64834692e-03,-7.02447764e-03,-1.68538672e-02,-1.39836346e-01,-6.80230052e-02,-2.40422142e-03,5.73384890e-03,1.87188434e-03
6.83000000e+02,1.62464878e+02,-8.49434943e-02,1.68170868e-01,-1.93093261e-02,-1.35739787e-01,-6.65250684e-02,1.42117739e+02,-8.76186337e-02,1.74772797e-01,2.03471397e+01,2.67513941e-03,-6.60192847e-03,-1.69155430e-02,-1.41216611e-01,-6.84689490e-02,-2.39378312e-03,5.47682483e-03,1.94388063e-03
6.84000000e+02,1.62477193e+02,-8.71476097e-02,1.66854394e-01,-1.94798772e-02,-1.33870045e-01,-6.82856649e-02,1.42125733e+02,-8.97414679e-02,1.73885379e-01,2.03514602e+01,2.59385817e-03,-7.03098536e-03,-1.70844466e-02,-1.39628383e-01,-7.01474834e-02,-2.39543060e-03,5.75833821e-03,1.86181846e-03
6.85000000e+02,1.62512781e+02,-8.81115774e-02,1.64804218e-01,-1.95324696e-02,-1.33170271e-01,-6.82418795e-02,1.42154180e+02,-9.08212933e-02,1.71534516e-01,2.03586015e+01,2.70971596e-03,-6.73029785e-03,-1.71482447e-02,-1.38703940e-01,-7.02193797e-02,-2.38422486e-03,5.53366853e-03,1.97750018e-03
6.86000000e+02,1.62526059e+02,-8.74256882e-02,1.62763237e-01,-1.96741111e-02,-1.31910683e-01,-6.88309765e-02,1.42163288e+02,-9.01136901e-02,1.69755507e-01,2.03627711e+01,2.68800192e-03,-6.99226940e-03,-1.72887223e-02,-1.37623287e-01,-7.07325206e-02,-2.38538884e-03,5.71260390e-03,1.90154412e-03
6.87000000e+02,1.62556697e+02,-8.87273847e-02,1.65381027e-01,-1.96904212e-02,-1.33440442e-01,-6.91805805e-02,1.42186953e+02,-9.14217794e-02,1.71974997e-01,2.03697444e+01,2.69439474e-03,-6.59397084e-03,-1.73163079e-02,-1.38904323e-01,-7.11532464e-02,-2.37411321e-03,5.46388024e-03,1.97266592e-03
6.88000000e+02,1.62568842e+02,-9.05652423e-02,1.63719605e-01,-1.98086552e-02,-1.31340312e-01,-7.07577448e-02,1.42194915e+02,-9.31865940e-02,1.70743833e-01,2.03739269e+01,2.62135167e-03,-7.02422821e-03,-1.74333763e-02,-1.37083864e-01,-7.26466242e-02,-2.37527889e-03,5.74355214e-03,1.88887935e-03
6.89000000e+02,1.62604262e+02,-9.12897893e-02,1.61485929e-01,-1.97804004e-02,-1.30391632e-01,-7.04071270e-02,1.42223360e+02,-9.40246879e-02,1.68206832e-01,2.03809011e+01,2.73489856e-03,-6.72090220e-03,-1.74165664e-02,-1.35911906e-01,-7.24147614e-02,-2.36383402e-03,5.52027420e-03,2.00763436e-03
6.90000000e+02,1.62617840e+02,-8.96521788e-02,1.58569670e-01,-1.98347629e-02,-1.28966206e-01,-7.03289335e-02,1.42232897e+02,-9.23549697e-02,1.65559918e-01,2.03849425e+01,2.70279091e-03,-6.99024813e-03,-1.74698156e-02,-1.34662430e-01,-7.22510392e-02,-2.36494725e-03,5.69622371e-03,1.92210568e-03
6.91000000e+02,1.62648421e+02,-8.98390652e-02,1.61240584e-01,-1.97374123e-02,-1.30385730e-01,-7.02312111e-02,1.42256656e+02,-9.25624124e-02,1.67820058e-01,2.03917645e+01,2.72334718e-03,-6.57947377e-03,-1.73841194e-02,-1.35835121e-01,-7.22216824e-02,-2.35329292e-03,5.44939036e-03,1.99047134e-03
6.92000000e+02,1.62660678e+02,-9.11176893e-02,1.59840699e-01,-1.97339677e-02,-1.28264435e-01,-7.14930425e-02,1.42264859e+02,-9.37300092e-02,1.66847280e-01,2.03958189e+01,2.61231983e-03,-7.00658168e-03,-1.73797961e-02,-1.33993042e-01,-7.33858330e-02,-2.35417155e-03,5.72860685e-03,1.89279051e-03
6.93000000e+02,1.62696009e+02,-9.14528641e-02,1.57143926e-01,-1.96080750e-02,-1.27177244e-01,-7.07340099e-02,1.42293371e+02,-9.41694383e-02,1.63862909e-01,2.04026378e+01,2.71657418e-03,-6.71898334e-03,-1.72650828e-02,-1.32686938e-01,-7.27406466e-02,-2.34299219e-03,5.50969434e-03,2.00663668e-03
6.94000000e+02,1.62709413e+02,-8.97190703e-02,1.54264583e-01,-1.95668410e-02,-1.25649726e-01,-7.05250337e-02,1.42302920e+02,-9.23937486e-02,1.61238293e-01,2.04064929e+01,2.67467834e-03,-6.97370963e-03,-1.72226564e-02,-1.31325095e-01,-7.24420173e-02,-2.34418453e-03,5.67536922e-03,1.91698352e-03
6.95000000e+02,1.62740069e+02,-9.01160675e-02,1.57043917e-01,-1.93887485e-02,-1.27098569e-01,-7.02232405e-02,1.42326919e+02,-9.28009163e-02,1.63602363e-01,2.04131504e+01,2.68484878e-03,-6.55844662e-03,-1.70557214e-02,-1.32523750e-01,-7.22099085e-02,-2.33302707e-03,5.42518120e-03,1.98666794e-03
6.96000000e+02,1.62752346e+02,-9.10980634e-02,1.55501400e-01,-1.93055082e-02,-1.24964245e-01,-7.11959430e-02,1.42335287e+02,-9.37012907e-02,1.62462048e-01,2.04170585e+01,2.60322724e-03,-6.96064776e-03,-1.69708976e-02,-1.30655882e-01,-7.30895319e-02,-2.33461062e-03,5.69163747e-03,1.89358881e-03
6.97000000e+02,1.62788004e+02,-9.05264678e-02,1.52832767e-01,-1.90945642e-02,-1.23873344e-01,-7.01365096e-02,1.42364206e+02,-9.32471347e-02,1.59506392e-01,2.04237978e+01,2.72066694e-03,-6.67362416e-03,-1.67705588e-02,-1.29345545e-01,-7.21478148e-02,-2.32400542e-03,5.47220011e-03,2.01130519e-03
6.98000000e+02,1.62801540e+02,-8.88227815e-02,1.50044129e-01,-1.89722686e-02,-1.22238975e-01,-6.99615323e-02,1.42373978e+02,-9.14888573e-02,1.56955527e-01,2.04275626e+01,2.66607580e-03,-6.91139821e-03,-1.66459222e-02,-1.27874533e-01,-7.18767319e-02,-2.32634639e-03,5.63555736e-03,1.91519963e-03
6.99000000e+02,1.62832468e+02,-8.91966802e-02,1.52678531e-01,-1.87467607e-02,-1.23533820e-01,-6.97848055e-02,1.42398352e+02,-9.18681082e-02,1.59179778e-01,2.04341156e+01,2.67142794e-03,-6.50124613e-03,-1.64303774e-02,-1.28922159e-01,-7.17658670e-02,-2.31638337e-03,5.38833883e-03,1.98106147e-03
7.00000000e+02,1.62844697e+02,-9.09198751e-02,1.50941568e-01,-1.86558979e-02,-1.21425079e-01,-7.11639319e-02,1.42406804e+02,-9.34840249e-02,1.57864531e-01,2.04378928e+01,2.56414976e-03,-6.92296318e-03,-1.63364976e-02,-1.27078389e-01,-7.30462976e-02,-2.31940025e-03,5.65331022e-03,1.88236568e-03
7.01000000e+02,1.62880078e+02,-9.17023633e-02,1.48667051e-01,-1.84729626e-02,-1.20486314e-01,-7.07801712e-02,1.42435561e+02,-9.43841633e-02,1.55294972e-01,2.04445173e+01,2.68180004e-03,-6.62792124e-03,-1.61628330e-02,-1.25920495e-01,-7.27792898e-02,-2.31012965e-03,5.43418010e-03,1.99911865e-03
7.02000000e+02,1.62893404e+02,-9.03546805e-02,1.45947071e-01,-1.84360419e-02,-1.19046231e-01,-7.09138039e-02,1.42445242e+02,-9.29907100e-02,1.52813566e-01,2.04481624e+01,2.63602952e-03,-6.86649533e-03,-1.61222228e-02,-1.24643294e-01,-7.28159613e-02,-2.31381914e-03,5.59706280e-03,1.90215737e-03
7.03000000e+02,1.62923980e+02,-9.08989859e-02,1.48486041e-01,-1.83051342e-02,-1.20399932e-01,-7.08240212e-02,1.42469370e+02,-9.35542858e-02,1.54959560e-01,2.04546095e+01,2.65529987e-03,-6.47351815e-03,-1.60002540e-02,-1.25753412e-01,-7.27981395e-02,-2.30488019e-03,5.35348050e-03,1.97411823e-03
7.04000000e+02,1.62935896e+02,-9.26254509e-02,1.46983264e-01,-1.83071753e-02,-1.18305286e-01,-7.22955555e-02,1.42477626e+02,-9.51622309e-02,1.53858778e-01,2.04582697e+01,2.53678000e-03,-6.87551427e-03,-1.59985593e-02,-1.23919811e-01,-7.41650790e-02,-2.30861606e-03,5.61452502e-03,1.86952344e-03
7.05000000e+02,1.62971017e+02,-9.31547786e-02,1.44279487e-01,-1.82345666e-02,-1.17106319e-01,-7.16090909e-02,1.42506265e+02,-9.58111889e-02,1.50867883e-01,2.04647516e+01,2.65641032e-03,-6.58839595e-03,-1.59349471e-02,-1.22508254e-01,-7.35997745e-02,-2.29961947e-03,5.40193452e-03,1.99068359e-03
7.06000000e+02,1.62983949e+02,-9.14196669e-02,1.41195902e-01,-1.83210435e-02,-1.15313796e-01,-7.15394326e-02,1.42515725e+02,-9.40381022e-02,1.48025471e-01,2.04682243e+01,2.61843534e-03,-6.82956895e-03,-1.60182518e-02,-1.20876430e-01,-7.34330869e-02,-2.30279166e-03,5.56263348e-03,1.89365437e-03
7.07000000e+02,1.63014272e+02,-9.15598367e-02,1.43825995e-01,-1.82860987e-02,-1.16496288e-01,-7.13112479e-02,1.42539781e+02,-9.42037085e-02,1.50257682e-01,2.04744904e+01,2.64387179e-03,-6.43168754e-03,-1.59928360e-02,-1.21819141e-01,-7.32807595e-02,-2.29326270e-03,5.32285231e-03,1.96951167e-03
7.08000000e+02,1.63025804e+02,-9.31218864e-02,1.41613001e-01,-1.83799059e-02,-1.14155149e-01,-7.27458255e-02,1.42547812e+02,-9.56511285e-02,1.48448716e-01,2.04779913e+01,2.52924214e-03,-6.83571455e-03,-1.60842175e-02,-1.19739183e-01,-7.46127893e-02,-2.29568838e-03,5.58403333e-03,1.86696386e-03
7.09000000e+02,1.63060860e+02,-9.37921085e-02,1.38666572e-01,-1.83571492e-02,-1.12608925e-01,-7.21606437e-02,1.42576557e+02,-9.64328539e-02,1.45216180e-01,2.04843027e+01,2.64074539e-03,-6.54960773e-03,-1.60718535e-02,-1.17983999e-01,-7.41462923e-02,-2.28529572e-03,5.37507412e-03,1.98564865e-03
7.10000000e+02,1.63073781e+02,-9.27986508e-02,1.35718219e-01,-1.84309033e-02,-1.10693397e-01,-7.25219784e-02,1.42586159e+02,-9.53942576e-02,1.42502119e-01,2.04876216e+01,2.59560679e-03,-6.78390019e-03,-1.61437662e-02,-1.16223485e-01,-7.44097166e-02,-2.28713712e-03,5.53008770e-03,1.88773814e-03
7.11000000e+02,1.63103948e+02,-9.33336083e-02,1.37477244e-01,-1.83817789e-02,-1.11494640e-01,-7.23161135e-02,1.42610228e+02,-9.59459721e-02,1.43886619e-01,2.04937195e+01,2.61236384e-03,-6.40937527e-03,-1.61054113e-02,-1.16791132e-01,-7.42819051e-02,-2.27636763e-03,5.29649116e-03,1.96579162e-03
7.12000000e+02,1.63115402e+02,-9.47859336e-02,1.34934964e-01,-1.84456679e-02,-1.08874938e-01,-7.35714898e-02,1.42618311e+02,-9.73071165e-02,1.41741504e-01,2.04970911e+01,2.52118295e-03,-6.80653969e-03,-1.61678253e-02,-1.14425486e-01,-7.54399514e-02,-2.27784259e-03,5.55054743e-03,1.86846158e-03
7.13000000e+02,1.63149946e+02,-9.46198057e-02,1.32069335e-01,-1.83579594e-02,-1.07363753e-01,-7.25826077e-02,1.42646712e+02,-9.72707561e-02,1.38585334e-01,2.05032345e+01,2.65095047e-03,-6.51599981e-03,-1.60910402e-02,-1.12706826e-01,-7.45743504e-02,-2.26691923e-03,5.34307330e-03,1.99174271e-03
7.14000000e+02,1.63162625e+02,-9.28300382e-02,1.29188485e-01,-1.83562195e-02,-1.05435814e-01,-7.22295697e-02,1.42656233e+02,-9.54071305e-02,1.35921530e-01,2.05063914e+01,2.57709227e-03,-6.73304542e-03,-1.60878585e-02,-1.10928189e-01,-7.41162715e-02,-2.26836105e-03,5.49237503e-03,1.88670185e-03
7.15000000e+02,1.63192814e+02,-9.24706396e-02,1.30989808e-01,-1.82206820e-02,-1.06156410e-01,-7.16901366e-02,1.42680431e+02,-9.50743022e-02,1.37360910e-01,2.05123836e+01,2.60366260e-03,-6.37110218e-03,-1.59628793e-02,-1.11419377e-01,-7.36505926e-02,-2.25780270e-03,5.26296691e-03,1.96045605e-03
7.16000000e+02,1.63203984e+02,-9.36083438e-02,1.28600283e-01,-1.81800037e-02,-1.03644705e-01,-7.26667002e-02,1.42688386e+02,-9.60913601e-02,1.35368845e-01,2.05155979e+01,2.48301632e-03,-6.76856244e-03,-1.59203909e-02,-1.09160743e-01,-7.45193716e-02,-2.25961282e-03,5.51603736e-03,1.85267143e-03
7.17000000e+02,1.63239134e+02,-9.33762094e-02,1.25212796e-01,-1.80123077e-02,-1.01950162e-01,-7.13642461e-02,1.42717402e+02,-9.59775375e-02,1.31692547e-01,2.05217319e+01,2.60132812e-03,-6.47975038e-03,-1.57631779e-02,-1.07256449e-01,-7.33369540e-02,-2.24912982e-03,5.30628720e-03,1.97270790e-03
7.18000000e+02,1.63251529e+02,-9.08849786e-02,1.22056881e-01,-1.79333220e-02,-9.98620106e-02,-7.07018003e-02,1.42726742e+02,-9.34276898e-02,1.28741460e-01,2.05247871e+01,2.54271120e-03,-6.68457878e-03,-1.56822246e-02,-1.05312681e-01,-7.25652418e-02,-2.25109731e-03,5.45067007e-03,1.86344145e-03
7.19000000e+02,1.63281886e+02,-9.06106337e-02,1.23942390e-01,-1.77134599e-02,-1.00665815e-01,-7.01128042e-02,1.42751200e+02,-9.31713844e-02,1.30241675e-01,2.05306864e+01,2.56075064e-03,-6.29928535e-03,-1.54725270e-02,-1.05877711e-01,-7.20493254e-02,-2.24093289e-03,5.21189610e-03,1.93652119e-03
7.20000000e+02,1.63293384e+02,-9.12388643e-02,1.21789579e-01,-1.76045372e-02,-9.83382549e-02,-7.09359962e-02,1.42759593e+02,-9.36827174e-02,1.28461103e-01,2.05337910e+01,2.44385315e-03,-6.67152481e-03,-1.53611428e-02,-1.03792499e-01,-7.27617619e-02,-2.24339435e-03,5.45424455e-03,1.82576573e-03
7.21000000e+02,1.63328086e+02,-9.08353067e-02,1.18952395e-01,-1.73737385e-02,-9.68489440e-02,-6.97433474e-02,1.42788346e+02,-9.33937100e-02,1.25337711e-01,2.05397402e+01,2.55840323e-03,-6.38531613e-03,-1.51400328e-02,-1.02095626e-01,-7.16866516e-02,-2.23370577e-03,5.24668177e-03,1.94330419e-03
7.22000000e+02,1.63340402e+02,-8.95629295e-02,1.15996518e-01,-1.72395894e-02,-9.51312008e-02,-6.98026898e-02,1.42797688e+02,-9.20509056e-02,1.22606260e-01,2.05427142e+01,2.48797609e-03,-6.60974218e-03,-1.50029081e-02,-1.00518692e-01,-7.16329092e-02,-2.23668134e-03,5.38749154e-03,1.83021947e-03
7.23000000e+02,1.63370276e+02,-8.99762348e-02,1.18456306e-01,-1.69959828e-02,-9.63546102e-02,-6.96508388e-02,1.42821812e+02,-9.24884175e-02,1.24683770e-01,2.05484642e+01,2.51218275e-03,-6.22746406e-03,-1.47687921e-02,-1.01509798e-01,-7.15581911e-02,-2.22719069e-03,5.15518766e-03,1.90735239e-03
7.24000000e+02,1.63381904e+02,-9.18343375e-02,1.16977768e-01,-1.68367140e-02,-9.43832143e-02,-7.12717165e-02,1.42830452e+02,-9.42298078e-02,1.23564808e-01,2.05514515e+01,2.39547035e-03,-6.58703917e-03,-1.46063974e-02,-9.97761429e-02,-7.30672898e-02,-2.23031665e-03,5.39292861e-03,1.79557326e-03
7.25000000e+02,1.63416334e+02,-9.27310129e-02,1.14799081e-01,-1.65446607e-02,-9.34011330e-02,-7.09648635e-02,1.42859051e+02,-9.52477502e-02,1.21109578e-01,2.05572834e+01,2.51673725e-03,-6.31049731e-03,-1.43237922e-02,-9.85901948e-02,-7.28841464e-02,-2.22086850e-03,5.18906180e-03,1.91928291e-03
7.26000000e+02,1.63428836e+02,-9.18479063e-02,1.12243342e-01,-1.63443645e-02,-9.20225123e-02,-7.13686366e-02,1.42868658e+02,-9.42946142e-02,1.18778960e-01,2.05601781e+01,2.44670789e-03,-6.53561792e-03,-1.41201902e-02,-9.73556538e-02,-7.31778219e-02,-2.22417433e-03,5.33314152e-03,1.80918528e-03
7.27000000e+02,1.63458992e+02,-9.26308073e-02,1.14992922e-01,-1.60332253e-02,-9.33524873e-02,-7.14346927e-02,1.42893127e+02,-9.51067038e-02,1.21138321e-01,2.05658650e+01,2.47589649e-03,-6.14539810e-03,-1.38180749e-02,-9.84549271e-02,-7.33263649e-02,-2.21515048e-03,5.10243979e-03,1.89167225e-03
7.28000000e+02,1.63469917e+02,-9.48975549e-02,1.14099869e-01,-1.58413371e-02,-9.16350539e-02,-7.31333116e-02,1.42901153e+02,-9.72570145e-02,1.20623682e-01,2.05687646e+01,2.35945962e-03,-6.52381323e-03,-1.36226443e-02,-9.69791260e-02,-7.49140340e-02,-2.21869276e-03,5.34407208e-03,1.78072244e-03
7.29000000e+02,1.63504480e+02,-9.51715593e-02,1.11329587e-01,-1.55422782e-02,-9.04996838e-02,-7.24952795e-02,1.42929999e+02,-9.76753483e-02,1.17587353e-01,2.05744807e+01,2.50378903e-03,-6.25776659e-03,-1.33323389e-02,-9.56451709e-02,-7.44078611e-02,-2.20993922e-03,5.14548703e-03,1.91258159e-03
7.30000000e+02,1.63516383e+02,-9.35975164e-02,1.08436097e-01,-1.53542545e-02,-8.89677034e-02,-7.26030525e-02,1.42939156e+02,-9.60372588e-02,1.14908823e-01,2.05772267e+01,2.43974239e-03,-6.47272624e-03,-1.31403943e-02,-9.42526840e-02,-7.44077931e-02,-2.21386014e-03,5.28498058e-03,1.80474059e-03
7.31000000e+02,1.63545656e+02,-9.39538382e-02,1.11569686e-01,-1.50692651e-02,-9.03411047e-02,-7.23356151e-02,1.42962910e+02,-9.64295016e-02,1.17652292e-01,2.05827459e+01,2.47566336e-03,-6.08260633e-03,-1.28638147e-02,-9.53997294e-02,-7.42253341e-02,-2.20545044e-03,5.05862466e-03,1.88971899e-03
7.32000000e+02,1.63556275e+02,-9.58775109e-02,1.10434949e-01,-1.49294999e-02,-8.85201545e-02,-7.38326869e-02,1.42970813e+02,-9.82152451e-02,1.16899849e-01,2.05854617e+01,2.33773415e-03,-6.46489984e-03,-1.27202289e-02,-9.38195794e-02,-7.56061355e-02,-2.20927106e-03,5.29942492e-03,1.77344864e-03
7.33000000e+02,1.63590105e+02,-9.61766197e-02,1.07282187e-01,-1.46407428e-02,-8.72357730e-02,-7.31333894e-02,1.42999098e+02,-9.86539806e-02,1.13499993e-01,2.05910069e+01,2.47736082e-03,-6.21780538e-03,-1.24401770e-02,-9.23416370e-02,-7.50369764e-02,-2.20056575e-03,5.10586404e-03,1.90358695e-03
7.34000000e+02,1.63601679e+02,-9.51093511e-02,1.04858238e-01,-1.44602549e-02,-8.58197312e-02,-7.34254367e-02,1.43008102e+02,-9.75286691e-02,1.11268831e-01,2.05935772e+01,2.41931800e-03,-6.41059350e-03,-1.22560562e-02,-9.10599219e-02,-7.52225291e-02,-2.20419869e-03,5.24019071e-03,1.79709240e-03
7.35000000e+02,1.63631201e+02,-9.58361283e-02,1.07783982e-01,-1.41577582e-02,-8.72208915e-02,-7.33915873e-02,1.43032211e+02,-9.83050378e-02,1.13810377e-01,2.05989901e+01,2.46890955e-03,-6.02639467e-03,-1.19618799e-02,-9.22340074e-02,-7.52777203e-02,-2.19587826e-03,5.01311593e-03,1.88613294e-03
7.36000000e+02,1.63641483e+02,-9.74447433e-02,1.06674857e-01,-1.39514065e-02,-8.54479177e-02,-7.49633131e-02,1.43039882e+02,-9.97844496e-02,1.13078726e-01,2.06016010e+01,2.33970635e-03,-6.40386953e-03,-1.17515521e-02,-9.06995844e-02,-7.67336654e-02,-2.19985442e-03,5.25166672e-03,1.77035232e-03
7.37000000e+02,1.63674975e+02,-9.79457907e-02,1.04132002e-01,-1.36293206e-02,-8.44180951e-02,-7.43468889e-02,1.43067875e+02,-1.00416352e-01,1.10279493e-01,2.06070994e+01,2.47056106e-03,-6.14749057e-03,-1.14378343e-02,-8.94754354e-02,-7.62530371e-02,-2.19148629e-03,5.05734023e-03,1.90614826e-03
7.38000000e+02,1.63686667e+02,-9.60496170e-02,1.01319991e-01,-1.34203055e-02,-8.29771402e-02,-7.42647652e-02,1.43077042e+02,-9.84823880e-02,1.07667721e-01,2.06096258e+01,2.43277101e-03,-6.34772965e-03,-1.12250043e-02,-8.81691542e-02,-7.60694574e-02,-2.19530129e-03,5.19201396e-03,1.80469225e-03
7.39000000e+02,1.63716210e+02,-9.58650140e-02,1.04360895e-01,-1.31083272e-02,-8.43708289e-02,-7.36687905e-02,1.43101249e+02,-9.83330537e-02,1.10330664e-01,2.06149611e+01,2.46803974e-03,-5.96976892e-03,-1.09216101e-02,-8.93377718e-02,-7.55632998e-02,-2.18671715e-03,4.96694294e-03,1.89450929e-03
7.40000000e+02,1.63726300e+02,-9.73245837e-02,1.03293739e-01,-1.28997939e-02,-8.27589331e-02,-7.48507456e-02,1.43108778e+02,-9.96629070e-02,1.09650771e-01,2.06175224e+01,2.33832330e-03,-6.35703238e-03,-1.07093987e-02,-8.79616371e-02,-7.66278364e-02,-2.19039516e-03,5.20270399e-03,1.77709083e-03
7.41000000e+02,1.63759870e+02,-9.72207998e-02,1.00756571e-01,-1.25660853e-02,-8.19510742e-02,-7.39114479e-02,1.43136952e+02,-9.96968296e-02,1.06845279e-01,2.06229175e+01,2.47602976e-03,-6.08870868e-03,-1.03846028e-02,-8.69563544e-02,-7.58178151e-02,-2.18148253e-03,5.00528017e-03,1.90636728e-03
7.42000000e+02,1.63771016e+02,-9.57075380e-02,9.82515080e-02,-1.23479585e-02,-8.07105962e-02,-7.40633689e-02,1.43145678e+02,-9.81101276e-02,1.04529949e-01,2.06253373e+01,2.40258957e-03,-6.27844087e-03,-1.01626153e-02,-8.58491983e-02,-7.58510614e-02,-2.18534318e-03,5.13860207e-03,1.78769253e-03
7.43000000e+02,1.63799766e+02,-9.62186318e-02,1.01508043e-01,-1.20221398e-02,-8.21653660e-02,-7.38978975e-02,1.43169242e+02,-9.86462247e-02,1.07403379e-01,2.06305240e+01,2.42759295e-03,-5.89533585e-03,-9.84534380e-03,-8.70813118e-02,-7.57688578e-02,-2.17679596e-03,4.91594585e-03,1.87096025e-03
7.44000000e+02,1.63810123e+02,-9.79723881e-02,1.00373233e-01,-1.17934579e-02,-8.04189768e-02,-7.53681500e-02,1.43177146e+02,-1.00273492e-01,1.06648602e-01,2.06329777e+01,2.30110367e-03,-6.27536920e-03,-9.61279194e-03,-8.55673882e-02,-7.71208085e-02,-2.18066598e-03,5.14841134e-03,1.75265856e-03
7.45000000e+02,1.63843536e+02,-9.76167959e-02,9.76647017e-02,-1.14408041e-02,-7.93754818e-02,-7.43993290e-02,1.43205303e+02,-1.00063671e-01,1.03680782e-01,2.06382326e+01,2.44687548e-03,-6.01608078e-03,-9.26830447e-03,-8.43311112e-02,-7.62876897e-02,-2.17249968e-03,4.95562943e-03,1.88836068e-03
7.46000000e+02,1.63854291e+02,-9.60299026e-02,9.51401121e-02,-1.11959650e-02,-7.79559540e-02,-7.45014560e-02,1.43213771e+02,-9.84058584e-02,1.01340601e-01,2.06405203e+01,2.37595577e-03,-6.20048878e-03,-9.01880556e-03,-8.30396712e-02,-7.62752736e-02,-2.17715943e-03,5.08371722e-03,1.77381754e-03
7.47000000e+02,1.63883037e+02,-9.65076545e-02,9.81195842e-02,-1.08457409e-02,-7.94683189e-02,-7.43359305e-02,1.43237444e+02,-9.89137144e-02,1.03945603e-01,2.06455926e+01,2.40605998e-03,-5.82601847e-03,-8.67625026e-03,-8.43272470e-02,-7.61946059e-02,-2.16949068e-03,4.85892812e-03,1.85867535e-03
7.48000000e+02,1.63892534e+02,-9.87402344e-02,9.70743050e-02,-1.06102422e-02,-7.78532901e-02,-7.61919622e-02,1.43244678e+02,-1.01015171e-01,1.03260161e-01,2.06478563e+01,2.27493654e-03,-6.18585614e-03,-8.43588516e-03,-8.29396979e-02,-7.79257854e-02,-2.17435708e-03,5.08640776e-03,1.73382322e-03
7.49000000e+02,1.63925305e+02,-9.95211683e-02,9.48694175e-02,-1.02585388e-02,-7.69902667e-02,-7.60818216e-02,1.43272337e+02,-1.01964103e-01,1.00800725e-01,2.06529682e+01,2.44293504e-03,-5.93130788e-03,-8.09169115e-03,-8.18878734e-02,-7.79586939e-02,-2.16684765e-03,4.89760664e-03,1.87687230e-03
7.50000000e+02,1.63936168e+02,-9.86330438e-02,9.26802537e-02,-1.00070448e-02,-7.58917938e-02,-7.66733554e-02,1.43281033e+02,-1.00991179e-01,9.87992001e-02,2.06551347e+01,2.35813506e-03,-6.11894642e-03,-7.83555698e-03,-8.09180226e-02,-7.84334469e-02,-2.17148787e-03,5.02622885e-03,1.76009153e-03
7.51000000e+02,1.63964689e+02,-9.98413772e-02,9.57791957e-02,-9.62814875e-03,-7.73459607e-02,-7.69283497e-02,1.43304557e+02,-1.02218511e-01,1.01526127e-01,2.06601311e+01,2.37713354e-03,-5.74693176e-03,-7.46462746e-03,-8.21542530e-02,-7.87739021e-02,-2.16352129e-03,4.80829230e-03,1.84555239e-03
7.52000000e+02,1.63973848e+02,-1.03194644e-01,9.45363756e-02,-9.32855287e-03,-7.55473433e-02,-7.93769591e-02,1.43311497e+02,-1.05453576e-01,1.00659275e-01,2.06623515e+01,2.25893175e-03,-6.12289963e-03,-7.16070476e-03,-8.05889062e-02,-8.11042463e-02,-2.16784811e-03,5.04156286e-03,1.72728717e-03
7.53000000e+02,1.64006546e+02,-1.03649838e-01,9.22009751e-02,-8.91607424e-03,-7.45868628e-02,-7.91937695e-02,1.43339129e+02,-1.06087508e-01,9.80639306e-02,2.06674168e+01,2.43767064e-03,-5.86295549e-03,-6.75620438e-03,-7.94404488e-02,-8.10691291e-02,-2.15986987e-03,4.85358604e-03,1.87535964e-03
7.54000000e+02,1.64017261e+02,-1.02906366e-01,8.92487245e-02,-8.59675223e-03,-7.31959008e-02,-8.00026585e-02,1.43347767e+02,-1.05270639e-01,9.53195329e-02,2.06694940e+01,2.36427341e-03,-6.07080837e-03,-6.43263082e-03,-7.81796016e-02,-8.17622493e-02,-2.16412142e-03,4.98370078e-03,1.75959078e-03
7.55000000e+02,1.64045363e+02,-1.04508841e-01,9.23119354e-02,-8.15453193e-03,-7.45421310e-02,-8.04909490e-02,1.43371003e+02,-1.06911902e-01,9.80046696e-02,2.06743600e+01,2.40306146e-03,-5.69273423e-03,-5.99838139e-03,-7.93046937e-02,-8.23425368e-02,-2.15615055e-03,4.76256261e-03,1.85158784e-03
7.56000000e+02,1.64054439e+02,-1.07538171e-01,9.12230951e-02,-7.81465863e-03,-7.28013337e-02,-8.28432492e-02,1.43378015e+02,-1.09805453e-01,9.72730669e-02,2.06764239e+01,2.26728131e-03,-6.04997177e-03,-5.65434895e-03,-7.77892805e-02,-8.45721299e-02,-2.16030968e-03,4.98794675e-03,1.72888078e-03
7.57000000e+02,1.64086721e+02,-1.08291272e-01,8.85510725e-02,-7.36644745e-03,-7.17971039e-02,-8.29447358e-02,1.43405391e+02,-1.10730646e-01,9.43582700e-02,2.06813307e+01,2.43937473e-03,-5.80719754e-03,-5.21404694e-03,-7.65979356e-02,-8.48187652e-02,-2.15240051e-03,4.80083164e-03,1.87402940e-03
7.58000000e+02,1.64096720e+02,-1.08375327e-01,8.61328513e-02,-7.02821168e-03,-7.04547816e-02,-8.40914132e-02,1.43413452e+02,-1.10734432e-01,9.21159971e-02,2.06832684e+01,2.35910416e-03,-5.98314579e-03,-4.87126458e-03,-7.53774150e-02,-8.58505872e-02,-2.15694710e-03,4.92263343e-03,1.75917394e-03
7.59000000e+02,1.64125101e+02,-1.10108298e-01,8.90963859e-02,-6.58553506e-03,-7.18502003e-02,-8.44916302e-02,1.43437080e+02,-1.12521809e-01,9.47042947e-02,2.06880218e+01,2.41351090e-03,-5.60790883e-03,-4.43582000e-03,-7.65548296e-02,-8.63557625e-02,-2.14971506e-03,4.70462935e-03,1.86413226e-03
7.60000000e+02,1.64134133e+02,-1.12319930e-01,8.77959195e-02,-6.25851196e-03,-6.99203398e-02,-8.64070845e-02,1.43444156e+02,-1.14635753e-01,9.37649631e-02,2.06899770e+01,2.31582279e-03,-5.96904359e-03,-4.10373990e-03,-7.48514052e-02,-8.81620861e-02,-2.15477207e-03,4.93106536e-03,1.75500156e-03
7.61000000e+02,1.64166080e+02,-1.12277772e-01,8.50034476e-02,-5.81714845e-03,-6.85215305e-02,-8.57952722e-02,1.43471311e+02,-1.14768384e-01,9.07412841e-02,2.06947690e+01,2.49061159e-03,-5.73783651e-03,-3.66930493e-03,-7.32761528e-02,-8.77041916e-02,-2.14784352e-03,4.75462231e-03,1.90891948e-03
7.62000000e+02,1.64176107e+02,-1.10701039e-01,8.11232876e-02,-5.51486075e-03,-6.64552271e-02,-8.60233265e-02,1.43479509e+02,-1.13121809e-01,8.70603701e-02,2.06965984e+01,2.42076996e-03,-5.93708249e-03,-3.36207393e-03,-7.13374002e-02,-8.78195730e-02,-2.15278682e-03,4.88217307e-03,1.79624641e-03
7.63000000e+02,1.64203792e+02,-1.11154554e-01,8.34214721e-02,-5.10389229e-03,-6.71752363e-02,-8.56557893e-02,1.43502537e+02,-1.13622618e-01,8.89764599e-02,2.07012556e+01,2.46806392e-03,-5.55498785e-03,-2.95817370e-03,-7.18381707e-02,-8.75527430e-02,-2.14571859e-03,4.66293440e-03,1.89695372e-03
7.64000000e+02,1.64212535e+02,-1.12778646e-01,8.15601978e-02,-4.82278272e-03,-6.47914983e-02,-8.70594283e-02,1.43509395e+02,-1.15119083e-01,8.74743205e-02,2.07031401e+01,2.34043720e-03,-5.91412269e-03,-2.67194243e-03,-6.96743363e-02,-8.88327002e-02,-2.15084029e-03,4.88283798e-03,1.77327191e-03
7.65000000e+02,1.64244767e+02,-1.12275327e-01,7.80454695e-02,-4.48144756e-03,-6.32807893e-02,-8.60287837e-02,1.43536884e+02,-1.14784422e-01,8.37235940e-02,2.07078823e+01,2.50909491e-03,-5.67812452e-03,-2.33732458e-03,-6.79784778e-02,-8.79470567e-02,-2.14412298e-03,4.69768848e-03,1.91827296e-03
7.66000000e+02,1.64254426e+02,-1.10460083e-01,7.44078329e-02,-4.28414923e-03,-6.13931836e-02,-8.60539798e-02,1.43544777e+02,-1.12886183e-01,8.02619738e-02,2.07096491e+01,2.42609978e-03,-5.85414084e-03,-2.13450034e-03,-6.62061918e-02,-8.78489135e-02,-2.14964889e-03,4.81300822e-03,1.79493370e-03
7.67000000e+02,1.64281714e+02,-1.10983408e-01,7.72156997e-02,-4.01349000e-03,-6.24025386e-02,-8.58304681e-02,1.43567484e+02,-1.13456785e-01,8.26742722e-02,2.07142296e+01,2.47337681e-03,-5.45857252e-03,-1.87105076e-03,-6.69919618e-02,-8.77219664e-02,-2.14243924e-03,4.58942314e-03,1.89149830e-03
7.68000000e+02,1.64290083e+02,-1.12877238e-01,7.61130310e-02,-3.88311973e-03,-6.04540158e-02,-8.73591108e-02,1.43574057e+02,-1.15214734e-01,8.19183795e-02,2.07160259e+01,2.33749539e-03,-5.80534853e-03,-1.73567427e-03,-6.52569648e-02,-8.91214395e-02,-2.14744546e-03,4.80294901e-03,1.76232867e-03
7.69000000e+02,1.64322184e+02,-1.12281560e-01,7.29128321e-02,-3.67003942e-03,-5.90604398e-02,-8.64277966e-02,1.43601514e+02,-1.14797563e-01,7.84867696e-02,2.07206700e+01,2.51600239e-03,-5.57393753e-03,-1.53062636e-03,-6.36826732e-02,-8.83424147e-02,-2.13941305e-03,4.62223338e-03,1.91461813e-03
7.70000000e+02,1.64331507e+02,-1.11094388e-01,7.00677052e-02,-3.57149590e-03,-5.74573745e-02,-8.67098501e-02,1.43609179e+02,-1.13499652e-01,7.58052698e-02,2.07223283e+01,2.40526437e-03,-5.73756461e-03,-1.42773922e-03,-6.21901068e-02,-8.84941302e-02,-2.14375668e-03,4.73273226e-03,1.78428010e-03
7.71000000e+02,1.64358362e+02,-1.11800364e-01,7.25651961e-02,-3.35930976e-03,-5.84953696e-02,-8.65581141e-02,1.43631561e+02,-1.14258123e-01,7.79336645e-02,2.07268010e+01,2.45775865e-03,-5.36846838e-03,-1.22383333e-03,-6.30092354e-02,-8.84366014e-02,-2.13547642e-03,4.51386581e-03,1.87848731e-03
7.72000000e+02,1.64366394e+02,-1.13628912e-01,7.06538469e-02,-3.27895375e-03,-5.62936784e-02,-8.82593045e-02,1.43637914e+02,-1.15964804e-01,7.63761798e-02,2.07284795e+01,2.33589233e-03,-5.72233292e-03,-1.13949572e-03,-6.10256025e-02,-9.00100807e-02,-2.13945803e-03,4.73192409e-03,1.75077620e-03
7.73000000e+02,1.64397764e+02,-1.13444899e-01,6.78864368e-02,-3.05731133e-03,-5.50185072e-02,-8.75943219e-02,1.43664748e+02,-1.15956902e-01,7.33495070e-02,2.07330160e+01,2.51200371e-03,-5.46307025e-03,-9.26328261e-04,-5.95616120e-02,-8.94961314e-02,-2.13098307e-03,4.54310473e-03,1.90180948e-03
7.74000000e+02,1.64406888e+02,-1.12238708e-01,6.47683515e-02,-2.93802434e-03,-5.33476715e-02,-8.79123877e-02,1.43672308e+02,-1.14644968e-01,7.04042072e-02,2.07345797e+01,2.40625989e-03,-5.63585573e-03,-8.03671063e-04,-5.80060927e-02,-8.96833228e-02,-2.13435328e-03,4.65842119e-03,1.77093505e-03
7.75000000e+02,1.64433949e+02,-1.12789758e-01,6.72527844e-02,-2.68353695e-03,-5.41871859e-02,-8.77330872e-02,1.43694976e+02,-1.15249619e-01,7.25274953e-02,2.07389728e+01,2.45986109e-03,-5.27471087e-03,-5.57845561e-04,-5.86330768e-02,-8.96015793e-02,-2.12569139e-03,4.44589086e-03,1.86849212e-03
7.76000000e+02,1.64441462e+02,-1.14927997e-01,6.56282883e-02,-2.52217827e-03,-5.19153960e-02,-8.95965090e-02,1.43700899e+02,-1.17251706e-01,7.12407451e-02,2.07405638e+01,2.32370955e-03,-5.61245681e-03,-3.92822483e-04,-5.65724086e-02,-9.13321021e-02,-2.12935578e-03,4.65701264e-03,1.73559307e-03
7.77000000e+02,1.64472509e+02,-1.15302955e-01,6.22239870e-02,-2.26497009e-03,-5.02166188e-02,-8.91212903e-02,1.43727483e+02,-1.17794520e-01,6.75911007e-02,2.07450254e+01,2.49156450e-03,-5.36711369e-03,-1.43800472e-04,-5.46920944e-02,-9.10065633e-02,-2.12116962e-03,4.47547561e-03,1.88527296e-03
7.78000000e+02,1.64481224e+02,-1.14292684e-01,5.88178016e-02,-2.12438586e-03,-4.82950209e-02,-8.96880210e-02,1.43734713e+02,-1.16686852e-01,6.43601286e-02,2.07465111e+01,2.39416884e-03,-5.54232707e-03,8.49458481e-07,-5.28831207e-02,-9.14429575e-02,-2.12523532e-03,4.58809981e-03,1.75493651e-03
7.79000000e+02,1.64507845e+02,-1.15330248e-01,6.10893118e-02,-1.85146576e-03,-4.89803853e-02,-8.98080650e-02,1.43757038e+02,-1.17783455e-01,6.62697605e-02,2.07508071e+01,2.45320699e-03,-5.18044864e-03,2.65330157e-04,-5.33508159e-02,-9.16598334e-02,-2.11679591e-03,4.37043065e-03,1.85176843e-03
7.80000000e+02,1.64515609e+02,-1.17644271e-01,5.90194457e-02,-1.70393496e-03,-4.65619234e-02,-9.18385602e-02,1.43763271e+02,-1.19955176e-01,6.45433157e-02,2.07523389e+01,2.31090417e-03,-5.52387004e-03,4.16424464e-04,-5.11475950e-02,-9.35544972e-02,-2.12035942e-03,4.58567164e-03,1.71593700e-03
7.81000000e+02,1.64546668e+02,-1.18081610e-01,5.53366003e-02,-1.41262496e-03,-4.46699032e-02,-9.15366840e-02,1.43789954e+02,-1.20553887e-01,6.06269973e-02,2.07567142e+01,2.47227723e-03,-5.29039696e-03,6.99015505e-04,-4.90743954e-02,-9.34008210e-02,-2.11164047e-03,4.40449221e-03,1.86413701e-03
7.82000000e+02,1.64555236e+02,-1.17587148e-01,5.19176154e-02,-1.24519438e-03,-4.25453013e-02,-9.23286037e-02,1.43797134e+02,-1.19980471e-01,5.73639889e-02,2.07581026e+01,2.39332311e-03,-5.44637356e-03,8.69930892e-04,-4.70592024e-02,-9.40669324e-02,-2.11512527e-03,4.51390104e-03,1.73832866e-03
7.83000000e+02,1.64581758e+02,-1.18661490e-01,5.39224973e-02,-9.60202609e-04,-4.32177453e-02,-9.24610055e-02,1.43819434e+02,-1.21114419e-01,5.90026884e-02,2.07623239e+01,2.45292898e-03,-5.08019112e-03,1.14625734e-03,-4.75143776e-02,-9.42989638e-02,-2.10645995e-03,4.29663227e-03,1.83795827e-03
7.84000000e+02,1.64589474e+02,-1.21260918e-01,5.20526729e-02,-7.90167313e-04,-4.08261683e-02,-9.45561006e-02,1.43825730e+02,-1.23568738e-01,5.74695368e-02,2.07637442e+01,2.30782023e-03,-5.41686389e-03,1.31981232e-03,-4.53317472e-02,-9.62580432e-02,-2.10997963e-03,4.50557892e-03,1.70194267e-03
7.85000000e+02,1.64620278e+02,-1.21321202e-01,4.85570969e-02,-4.78486930e-04,-3.89363041e-02,-9.40317976e-02,1.43852278e+02,-1.23810976e-01,5.37327262e-02,2.07679994e+01,2.48977442e-03,-5.17562932e-03,1.62308799e-03,-4.32614147e-02,-9.58880909e-02,-2.10157492e-03,4.32511059e-03,1.85629329e-03
7.86000000e+02,1.64628770e+02,-1.20403201e-01,4.47789046e-02,-3.05854252e-04,-3.67246981e-02,-9.44748328e-02,1.43859491e+02,-1.22786504e-01,5.01256023e-02,2.07692794e+01,2.38330294e-03,-5.34669762e-03,1.79969817e-03,-4.11604109e-02,-9.61966564e-02,-2.10555243e-03,4.43571284e-03,1.72182364e-03
7.87000000e+02,1.64655107e+02,-1.20893811e-01,4.67126049e-02,-2.57791295e-05,-3.73214577e-02,-9.43356003e-02,1.43881696e+02,-1.23328029e-01,5.16949813e-02,2.07734107e+01,2.43421722e-03,-4.98237641e-03,2.07197128e-03,-4.15386014e-02,-9.61531238e-02,-2.09775041e-03,4.21714371e-03,1.81752350e-03
7.88000000e+02,1.64662295e+02,-1.23129380e-01,4.47505158e-02,1.26788151e-04,-3.48307820e-02,-9.62119888e-02,1.43887544e+02,-1.25415444e-01,5.00649448e-02,2.07747512e+01,2.28606356e-03,-5.31442903e-03,2.22861828e-03,-3.92548920e-02,-9.78897544e-02,-2.10183013e-03,4.42411002e-03,1.67776561e-03
7.89000000e+02,1.64693093e+02,-1.23276815e-01,4.08952069e-02,3.81352643e-04,-3.29041642e-02,-9.54127795e-02,1.43914143e+02,-1.25735094e-01,4.59727184e-02,2.07789505e+01,2.45827956e-03,-5.07751142e-03,2.47512576e-03,-3.71461672e-02,-9.72397354e-02,-2.09377311e-03,4.24200300e-03,1.82695582e-03
7.90000000e+02,1.64701706e+02,-1.22024805e-01,3.68140779e-02,5.19742137e-04,-3.05453591e-02,-9.56936960e-02,1.43921534e+02,-1.24379522e-01,4.20519449e-02,2.07801718e+01,2.35471679e-03,-5.23786703e-03,2.61745012e-03,-3.48946012e-02,-9.73835136e-02,-2.09770798e-03,4.34924210e-03,1.68981760e-03
7.91000000e+02,1.64727769e+02,-1.22480818e-01,3.90683705e-02,7.51544660e-04,-3.10824138e-02,-9.53602390e-02,1.43943558e+02,-1.24898003e-01,4.39260023e-02,2.07842108e+01,2.41718449e-03,-4.85763178e-03,2.84079882e-03,-3.52137740e-02,-9.71511159e-02,-2.08925416e-03,4.13136021e-03,1.79087693e-03
7.92000000e+02,1.64734858e+02,-1.23521235e-01,3.68915027e-02,8.44091070e-04,-2.85220705e-02,-9.66264814e-02,1.43949394e+02,-1.25805248e-01,4.20915017e-02,2.07854643e+01,2.28401272e-03,-5.19999897e-03,2.93723244e-03,-3.28632017e-02,-9.82820052e-02,-2.09314137e-03,4.34113118e-03,1.65552376e-03
7.93000000e+02,1.64765293e+02,-1.22747579e-01,3.32778656e-02,1.03153410e-03,-2.65845906e-02,-9.54699076e-02,1.43975706e+02,-1.25192811e-01,3.82536631e-02,2.07895869e+01,2.44523144e-03,-4.97579751e-03,3.11606350e-03,-3.07447215e-02,-9.72730292e-02,-2.08452940e-03,4.16013081e-03,1.80312157e-03
7.94000000e+02,1.64773696e+02,-1.21297037e-01,2.95194093e-02,1.07489976e-03,-2.43657806e-02,-9.54215996e-02,1.43982929e+02,-1.23621828e-01,3.46499661e-02,2.07907667e+01,2.32479080e-03,-5.13055680e-03,3.16298545e-03,-2.86344192e-02,-9.70869646e-02,-2.08808569e-03,4.26863852e-03,1.66536502e-03
7.95000000e+02,1.64799808e+02,-1.21102298e-01,3.14055664e-02,1.20545832e-03,-2.48965119e-02,-9.46917259e-02,1.44005025e+02,-1.23489073e-01,3.61610549e-02,2.07947832e+01,2.38677489e-03,-4.75548857e-03,3.28450394e-03,-2.89454159e-02,-9.64530801e-02,-2.07904562e-03,4.04890400e-03,1.76135413e-03
7.96000000e+02,1.64806940e+02,-1.22119076e-01,2.94309729e-02,1.18127049e-03,-2.24408434e-02,-9.57847546e-02,1.44010945e+02,-1.24360196e-01,3.45350591e-02,2.07959948e+01,2.24111944e-03,-5.10408615e-03,3.26340333e-03,-2.66988367e-02,-9.74043073e-02,-2.08213284e-03,4.25799327e-03,1.61955269e-03
7.97000000e+02,1.64837066e+02,-1.21440989e-01,2.58185533e-02,1.25770799e-03,-2.05396644e-02,-9.44870715e-02,1.44037005e+02,-1.23838913e-01,3.06720344e-02,2.08000604e+01,2.39792381e-03,-4.85348104e-03,3.33055107e-03,-2.46087471e-02,-9.62496967e-02,-2.07284308e-03,4.06908272e-03,1.76262513e-03
7.98000000e+02,1.64844941e+02,-1.18976787e-01,2.18415590e-02,1.21062943e-03,-1.82962713e-02,-9.39821880e-02,1.44043798e+02,-1.21288222e-01,2.68409525e-02,2.08011433e+01,2.31143466e-03,-4.99939354e-03,3.28637022e-03,-2.24698548e-02,-9.56108831e-02,-2.07574079e-03,4.17358344e-03,1.62869511e-03
7.99000000e+02,1.64870515e+02,-1.18153331e-01,2.38809749e-02,1.28852388e-03,-1.89284411e-02,-9.29179437e-02,1.44065458e+02,-1.20509565e-01,2.85136298e-02,2.08050572e+01,2.35623359e-03,-4.63265492e-03,3.35459689e-03,-2.28843193e-02,-9.46376944e-02,-2.06607301e-03,3.95587825e-03,1.71975069e-03
8.00000000e+02,1.64876928e+02,-1.19476671e-01,2.19474065e-02,1.25291048e-03,-1.64726393e-02,-9.40002570e-02,1.44070762e+02,-1.21663000e-01,2.69284832e-02,2.08061663e+01,2.18632841e-03,-4.98107673e-03,3.32130215e-03,-2.06404902e-02,-9.55671858e-02,-2.06839167e-03,4.16785096e-03,1.56692878e-03
8.01000000e+02,1.64906870e+02,-1.18970090e-01,1.82388964e-02,1.34469138e-03,-1.46955548e-02,-9.29424847e-02,1.44096737e+02,-1.21309297e-01,2.29774161e-02,2.08101327e+01,2.33920766e-03,-4.73851972e-03,3.40316163e-03,-1.86771141e-02,-9.46462952e-02,-2.05847025e-03,3.98155927e-03,1.70381054e-03
8.02000000e+02,1.64914185e+02,-1.17267613e-01,1.44345539e-02,1.31271645e-03,-1.26580853e-02,-9.29686596e-02,1.44103095e+02,-1.19498349e-01,1.93231234e-02,2.08110908e+01,2.23073598e-03,-4.88856954e-03,3.37320523e-03,-1.67431523e-02,-9.45311935e-02,-2.06048878e-03,4.08506704e-03,1.56253389e-03
8.03000000e+02,1.64939122e+02,-1.17702821e-01,1.69652771e-02,1.40381754e-03,-1.36295981e-02,-9.26675116e-02,1.44124227e+02,-1.19975331e-01,2.14784282e-02,2.08148949e+01,2.27251038e-03,-4.51315111e-03,3.45421146e-03,-1.74924482e-02,-9.43224215e-02,-2.05039392e-03,3.86285009e-03,1.65490989e-03
8.04000000e+02,1.64944997e+02,-1.19185190e-01,1.58541597e-02,1.38001376e-03,-1.17462579e-02,-9.41543920e-02,1.44129083e+02,-1.21320630e-01,2.06975684e-02,2.08159140e+01,2.13544008e-03,-4.84340875e-03,3.43233599e-03,-1.58123557e-02,-9.56716536e-02,-2.05232223e-03,4.06609777e-03,1.51726159e-03
8.05000000e+02,1.64974279e+02,-1.19264803e-01,1.29407441e-02,1.49608412e-03,-1.04019248e-02,-9.33642143e-02,1.44154466e+02,-1.21563127e-01,1.75503406e-02,2.08198130e+01,2.29832446e-03,-4.60959643e-03,3.53779755e-03,-1.42843597e-02,-9.50280267e-02,-2.04171343e-03,3.88243488e-03,1.66381237e-03
8.06000000e+02,1.64981288e+02,-1.18222446e-01,1.01648241e-02,1.52420032e-03,-8.82594634e-03,-9.35626768e-02,1.44160542e+02,-1.20418525e-01,1.49227261e-02,2.08207459e+01,2.19607917e-03,-4.75790193e-03,3.56756302e-03,-1.28150517e-02,-9.50928966e-02,-2.04336270e-03,3.98910532e-03,1.53021978e-03
8.07000000e+02,1.65006122e+02,-1.18299848e-01,1.29423479e-02,1.67999598e-03,-1.00629730e-02,-9.31601537e-02,1.44181607e+02,-1.20556423e-01,1.73523517e-02,2.08245155e+01,2.25657557e-03,-4.41000379e-03,3.71287516e-03,-1.38431768e-02,-9.47857821e-02,-2.03287918e-03,3.78020380e-03,1.62562837e-03
8.08000000e+02,1.65011847e+02,-1.20011734e-01,1.09754925e-02,1.71487891e-03,-7.94856692e-03,-9.47863134e-02,1.44186348e+02,-1.22101186e-01,1.57348603e-02,2.08254996e+01,2.08945258e-03,-4.75936776e-03,3.74970129e-03,-1.19435802e-02,-9.62639344e-02,-2.03482238e-03,3.99501326e-03,1.47762100e-03
8.09000000e+02,1.65040866e+02,-1.20481855e-01,8.23256541e-03,1.87663258e-03,-6.51220111e-03,-9.41418263e-02,1.44211529e+02,-1.22730890e-01,1.27399305e-02,2.08293378e+01,2.24903515e-03,-4.50736504e-03,3.90149711e-03,-1.03230457e-02,-9.57630555e-02,-2.02486454e-03,3.81084462e-03,1.62122915e-03
8.10000000e+02,1.65047804e+02,-1.19425174e-01,5.42438345e-03,1.90759267e-03,-4.85910411e-03,-9.45778696e-02,1.44217625e+02,-1.21591093e-01,1.00843132e-02,2.08301788e+01,2.16591937e-03,-4.65992971e-03,3.93507385e-03,-8.77827341e-03,-9.60683022e-02,-2.02748118e-03,3.91916930e-03,1.49043259e-03
8.11000000e+02,1.65072294e+02,-1.19740218e-01,8.44545931e-03,2.05400795e-03,-6.03126556e-03,-9.42612497e-02,1.44238450e+02,-1.21955258e-01,1.27585473e-02,2.08338438e+01,2.21504041e-03,-4.31308804e-03,4.07203928e-03,-9.74396793e-03,-9.58493745e-02,-2.01803133e-03,3.71270237e-03,1.58812486e-03
8.12000000e+02,1.65077586e+02,-1.21590269e-01,6.80616820e-03,2.07380596e-03,-4.05517504e-03,-9.59445711e-02,1.44242893e+02,-1.23652568e-01,1.14897775e-02,2.08346930e+01,2.06229899e-03,-4.68360932e-03,4.09464609e-03,-7.98536975e-03,-9.73927881e-02,-2.02084013e-03,3.93019470e-03,1.44821701e-03
8.13000000e+02,1.65105978e+02,-1.21636437e-01,3.54778785e-03,2.20760919e-03,-2.70386855e-03,-9.51730263e-02,1.44267566e+02,-1.23860530e-01,7.99426525e-03,2.08384117e+01,2.22409367e-03,-4.44647741e-03,4.21903239e-03,-6.45614652e-03,-9.67688058e-02,-2.01142320e-03,3.75227796e-03,1.59577948e-03
8.14000000e+02,1.65112381e+02,-1.20665447e-01,9.43672229e-04,2.20366703e-03,-1.13251441e-03,-9.55594687e-02,1.44273230e+02,-1.22804908e-01,5.52641049e-03,2.08391504e+01,2.13946132e-03,-4.58273826e-03,4.21765198e-03,-4.99043343e-03,-9.70247358e-02,-2.01398495e-03,3.85791902e-03,1.46526714e-03
8.15000000e+02,1.65136250e+02,-1.20972402e-01,3.93119435e-03,2.29542672e-03,-2.56792536e-03,-9.51282595e-02,1.44293531e+02,-1.23166380e-01,8.18054018e-03,2.08427193e+01,2.19397817e-03,-4.24934583e-03,4.29976269e-03,-6.22068461e-03,-9.66942598e-02,-2.00433597e-03,3.65275924e-03,1.56600024e-03
8.16000000e+02,1.65141152e+02,-1.22263191e-01,2.84284389e-03,2.25257618e-03,-8.87874154e-04,-9.64572674e-02,1.44297664e+02,-1.24316999e-01,7.42699455e-03,2.08434885e+01,2.05380793e-03,-4.58415066e-03,4.25943669e-03,-4.75309512e-03,-9.78871400e-02,-2.00686051e-03,3.86522096e-03,1.42987262e-03
8.17000000e+02,1.65169214e+02,-1.21987382e-01,6.76927031e-04,2.28278843e-03,1.09767192e-04,-9.55877888e-02,1.44322067e+02,-1.24209504e-01,5.02256901e-03,2.08471469e+01,2.22212155e-03,-4.34564198e-03,4.27981413e-03,-3.57836624e-03,-9.71682525e-02,-1.99702570e-03,3.68813343e-03,1.58046370e-03
8.18000000e+02,1.65174940e+02,-1.20672024e-01,-1.76039768e-03,2.19103425e-03,1.46278147e-03,-9.57096322e-02,1.44327123e+02,-1.22788730e-01,2.76049794e-03,2.08478172e+01,2.11670548e-03,-4.52089562e-03,4.19012072e-03,-2.34045658e-03,-9.71565359e-02,-1.99908647e-03,3.80323805e-03,1.44690368e-03
8.19000000e+02,1.65198254e+02,-1.20367526e-01,1.00103722e-03,2.19626425e-03,7.44969078e-05,-9.50138510e-02,1.44346930e+02,-1.22565971e-01,5.17929615e-03,2.08513239e+01,2.19844583e-03,-4.17825893e-03,4.18499761e-03,-3.52546790e-03,-9.65692150e-02,-1.98873336e-03,3.59996481e-03,1.55536399e-03
8.20000000e+02,1.65202909e+02,-1.21409549e-01,1.04180247e-05,2.08655919e-03,1.57051622e-03,-9.61062937e-02,1.44350861e+02,-1.23446697e-01,4.53631886e-03,2.08520477e+01,2.03714816e-03,-4.52590083e-03,4.07736882e-03,-2.24248057e-03,-9.75187376e-02,-1.99080962e-03,3.81299679e-03,1.41244387e-03
8.21000000e+02,1.65230523e+02,-1.21139966e-01,-2.18091272e-03,2.08687580e-03,2.45724278e-03,-9.50931147e-02,1.44374879e+02,-1.23346001e-01,2.12371717e-03,2.08556439e+01,2.20603510e-03,-4.30462989e-03,4.06735122e-03,-1.18694133e-03,-9.66562532e-02,-1.98047542e-03,3.64418411e-03,1.56313851e-03
8.22000000e+02,1.65235812e+02,-1.19508569e-01,-4.80402849e-03,1.95632371e-03,3.93419995e-03,-9.50650472e-02,1.44379555e+02,-1.21611898e-01,-3.56381901e-04,2.08562566e+01,2.10332969e-03,-4.44764659e-03,3.93907295e-03,1.79409601e-04,-9.64929075e-02,-1.98274923e-03,3.75479035e-03,1.42786030e-03
8.23000000e+02,1.65259048e+02,-1.19239922e-01,-2.37766473e-03,1.92708465e-03,2.64295072e-03,-9.43881908e-02,1.44399331e+02,-1.21399251e-01,1.74802343e-03,2.08597172e+01,2.15932951e-03,-4.12568816e-03,3.89933189e-03,-9.11466357e-04,-9.59164713e-02,-1.97224724e-03,3.55441708e-03,1.52828050e-03
8.24000000e+02,1.65263407e+02,-1.20767104e-01,-3.49490868e-03,1.79238499e-03,4.37821911e-03,-9.57353505e-02,1.44403024e+02,-1.22774404e-01,9.62161291e-04,2.08603827e+01,2.00729965e-03,-4.45706997e-03,3.76673851e-03,6.09581445e-04,-9.71179173e-02,-1.97435352e-03,3.76863766e-03,1.38256678e-03
8.25000000e+02,1.65290874e+02,-1.20196083e-01,-6.54452948e-03,1.76623033e-03,5.78272541e-03,-9.46431310e-02,1.44426952e+02,-1.22378052e-01,-2.31062962e-03,2.08639215e+01,2.18196973e-03,-4.23389985e-03,3.72994123e-03,2.18338496e-03,-9.61765622e-02,-1.96371090e-03,3.59934045e-03,1.53343120e-03
8.26000000e+02,1.65296157e+02,-1.18871199e-01,-9.27991948e-03,1.63189250e-03,7.30041964e-03,-9.48662924e-02,1.44431683e+02,-1.20947613e-01,-4.88336954e-03,2.08644740e+01,2.07641325e-03,-4.39654994e-03,3.59729104e-03,3.59266702e-03,-9.62632874e-02,-1.96539853e-03,3.70775262e-03,1.39699499e-03
8.27000000e+02,1.65318900e+02,-1.18966429e-01,-6.73141026e-03,1.64342196e-03,6.05021076e-03,-9.44192490e-02,1.44451059e+02,-1.21099286e-01,-2.68646556e-03,2.08678409e+01,2.13285629e-03,-4.04494469e-03,3.59798287e-03,2.55037485e-03,-9.59194580e-02,-1.95456090e-03,3.49983591e-03,1.50020899e-03
8.28000000e+02,1.65322780e+02,-1.21233742e-01,-8.14064754e-03,1.54289577e-03,7.64087469e-03,-9.62144897e-02,1.44454373e+02,-1.23194833e-01,-3.75888315e-03,2.08684074e+01,1.96109111e-03,-4.38176440e-03,3.49886941e-03,3.92994147e-03,-9.75642965e-02,-1.95597364e-03,3.71093322e-03,1.34980682e-03
8.29000000e+02,1.65349870e+02,-1.22038004e-01,-1.05088954e-02,1.58921053e-03,8.63389434e-03,-9.59258096e-02,1.44478024e+02,-1.24170004e-01,-6.34914507e-03,2.08718464e+01,2.13199974e-03,-4.15975038e-03,3.53438114e-03,5.09467892e-03,-9.74260479e-02,-1.94517061e-03,3.53921543e-03,1.50023826e-03
8.30000000e+02,1.65354472e+02,-1.21214673e-01,-1.25796891e-02,1.52362472e-03,9.82085147e-03,-9.64663134e-02,1.44482172e+02,-1.23262748e-01,-8.28250133e-03,2.08723004e+01,2.04807579e-03,-4.29718782e-03,3.47052214e-03,6.17772047e-03,-9.78409852e-02,-1.94689742e-03,3.64313100e-03,1.37467188e-03
8.31000000e+02,1.65376563e+02,-1.21442570e-01,-9.52094223e-03,1.60952389e-03,8.18479136e-03,-9.60763248e-02,1.44500962e+02,-1.23574104e-01,-5.55408052e-03,2.08756015e+01,2.13153447e-03,-3.96686171e-03,3.54560978e-03,4.74550462e-03,-9.75657912e-02,-1.93608589e-03,3.43928674e-03,1.48946643e-03
8.32000000e+02,1.65380194e+02,-1.23541463e-01,-1.04150972e-02,1.60476687e-03,9.43211431e-03,-9.78081936e-02,1.44504081e+02,-1.25513375e-01,-6.11230147e-03,2.08761124e+01,1.97191294e-03,-4.30279571e-03,3.54235929e-03,5.78401848e-03,-9.91536237e-02,-1.93759242e-03,3.64809583e-03,1.34543005e-03
8.33000000e+02,1.65406852e+02,-1.23642648e-01,-1.21644159e-02,1.74605390e-03,9.85675664e-03,-9.72640408e-02,1.44527367e+02,-1.25800900e-01,-8.08890172e-03,2.08794850e+01,2.15825199e-03,-4.07551421e-03,3.67288309e-03,6.37750766e-03,-9.87666188e-02,-1.92682919e-03,3.47924898e-03,1.50257797e-03
8.34000000e+02,1.65411159e+02,-1.22945397e-01,-1.37109301e-02,1.76810365e-03,1.05862748e-02,-9.78170845e-02,1.44531264e+02,-1.24987751e-01,-9.48190485e-03,2.08798948e+01,2.04235330e-03,-4.22902523e-03,3.69674516e-03,6.99600981e-03,-9.91846335e-02,-1.92864152e-03,3.59026503e-03,1.36754893e-03
8.35000000e+02,1.65433256e+02,-1.23689307e-01,-1.02080320e-02,1.88752558e-03,8.70922439e-03,-9.75736341e-02,1.44550090e+02,-1.25797238e-01,-6.30894044e-03,2.08831662e+01,2.10793031e-03,-3.89909159e-03,3.80578954e-03,5.31826963e-03,-9.90497814e-02,-1.91826396e-03,3.39095476e-03,1.47614735e-03
8.36000000e+02,1.65436716e+02,-1.26000520e-01,-1.05585980e-02,1.89636874e-03,9.73215788e-03,-9.94364332e-02,1.44553087e+02,-1.27960342e-01,-6.30121204e-03,2.08836290e+01,1.95982218e-03,-4.25738593e-03,3.81675522e-03,6.12045518e-03,-1.00771414e-01,-1.92038647e-03,3.61170270e-03,1.33498054e-03
8.37000000e+02,1.65463026e+02,-1.25617076e-01,-1.24990639e-02,2.03194295e-03,1.03053676e-02,-9.85324259e-02,1.44576065e+02,-1.27775330e-01,-8.46728030e-03,2.08869611e+01,2.15825375e-03,-4.03178357e-03,3.94213165e-03,6.85884286e-03,-1.00032231e-01,-1.91018870e-03,3.44652476e-03,1.49980520e-03
8.38000000e+02,1.65467331e+02,-1.24042120e-01,-1.41231544e-02,2.02053993e-03,1.10261470e-02,-9.86829229e-02,1.44580012e+02,-1.26095512e-01,-9.92644171e-03,2.08873189e+01,2.05339160e-03,-4.19671269e-03,3.93291717e-03,7.46701312e-03,-1.00052135e-01,-1.91237724e-03,3.55913385e-03,1.36921258e-03
8.39000000e+02,1.65489337e+02,-1.24415692e-01,-1.07998331e-02,2.13419354e-03,9.00368500e-03,-9.80599146e-02,1.44598819e+02,-1.26531697e-01,-6.91842307e-03,2.08905178e+01,2.11600442e-03,-3.88141002e-03,4.03675401e-03,5.63908560e-03,-9.95424806e-02,-1.90256046e-03,3.36459940e-03,1.48256599e-03
8.40000000e+02,1.65492208e+02,-1.25847166e-01,-1.06927389e-02,2.10745598e-03,9.79244218e-03,-9.92768637e-02,1.44601288e+02,-1.27822066e-01,-6.48872259e-03,2.08909197e+01,1.97489967e-03,-4.20401634e-03,4.01279691e-03,6.21303568e-03,-1.00622249e-01,-1.90534093e-03,3.57940649e-03,1.34538544e-03
8.41000000e+02,1.65518157e+02,-1.24659844e-01,-1.19853199e-02,2.19608337e-03,9.95340573e-03,-9.79680060e-02,1.44623957e+02,-1.26838047e-01,-7.99935334e-03,2.08941999e+01,2.17820349e-03,-3.98596652e-03,4.09235042e-03,6.54036448e-03,-9.94764682e-02,-1.89626706e-03,3.41304125e-03,1.50846220e-03
8.42000000e+02,1.65521923e+02,-1.22982595e-01,-1.32543550e-02,2.14126612e-03,1.04179847e-02,-9.78915731e-02,1.44627418e+02,-1.25038217e-01,-9.08433680e-03,2.08945046e+01,2.05562270e-03,-4.17001817e-03,4.04054576e-03,6.88544395e-03,-9.92630261e-02,-1.89927964e-03,3.53254071e-03,1.37145296e-03
8.43000000e+02,1.65543472e+02,-1.22621003e-01,-9.63467672e-03,2.19379867e-03,8.26425101e-03,-9.69197258e-02,1.44645821e+02,-1.24750422e-01,-5.80254420e-03,2.08976514e+01,2.12941930e-03,-3.83213252e-03,4.08398455e-03,4.92545695e-03,-9.84032434e-02,-1.89018588e-03,3.33879406e-03,1.48351763e-03
8.44000000e+02,1.65546139e+02,-1.24094443e-01,-9.75315117e-03,2.07729033e-03,9.02968544e-03,-9.80947939e-02,1.44648130e+02,-1.26072327e-01,-5.58066138e-03,2.08980090e+01,1.97788439e-03,-4.17248979e-03,3.97043499e-03,5.46947825e-03,-9.94364764e-02,-1.89314467e-03,3.56020719e-03,1.34168257e-03
8.45000000e+02,1.65571324e+02,-1.22946818e-01,-1.06184536e-02,2.06869512e-03,9.04701487e-03,-9.67375126e-02,1.44670118e+02,-1.25119382e-01,-6.64767899e-03,2.09012067e+01,2.17256472e-03,-3.97077459e-03,3.95264690e-03,5.64910857e-03,-9.82401973e-02,-1.88395178e-03,3.39790631e-03,1.50268468e-03
8.46000000e+02,1.65574305e+02,-1.20725208e-01,-1.18094344e-02,1.93198128e-03,9.27437486e-03,-9.64493531e-02,1.44672884e+02,-1.22792058e-01,-7.66702396e-03,2.09014207e+01,2.06684978e-03,-4.14241043e-03,3.81862965e-03,5.76038854e-03,-9.78161044e-02,-1.88664836e-03,3.51398632e-03,1.36675129e-03
8.47000000e+02,1.65595185e+02,-1.19918959e-01,-7.75492919e-03,1.89025262e-03,6.91077854e-03,-9.52905718e-02,1.44690694e+02,-1.22045132e-01,-3.93949922e-03,2.09044901e+01,2.12617279e-03,-3.81542998e-03,3.76716135e-03,3.58962878e-03,-9.67673735e-02,-1.87690873e-03,3.32114976e-03,1.47680165e-03
8.48000000e+02,1.65597196e+02,-1.21490040e-01,-7.58800977e-03,1.75526350e-03,7.47206947e-03,-9.64026028e-02,1.44692428e+02,-1.23443806e-01,-3.44215995e-03,2.09047680e+01,1.95376586e-03,-4.14584982e-03,3.63466434e-03,3.92810341e-03,-9.77262417e-02,-1.87940084e-03,3.54396606e-03,1.32363887e-03
8.49000000e+02,1.65622143e+02,-1.20729552e-01,-8.72790267e-03,1.74471563e-03,7.50432141e-03,-9.51339567e-02,1.44714252e+02,-1.22864825e-01,-4.78044030e-03,2.09078909e+01,2.13527324e-03,-3.94746237e-03,3.61391837e-03,4.11882260e-03,-9.66141435e-02,-1.86920273e-03,3.38549881e-03,1.48018688e-03
8.50000000e+02,1.65625068e+02,-1.18593787e-01,-1.04689880e-02,1.64044316e-03,7.93327500e-03,-9.49379692e-02,1.44716992e+02,-1.20621681e-01,-6.32425767e-03,2.09080758e+01,2.02789477e-03,-4.14473036e-03,3.51150640e-03,4.42530824e-03,-9.62805640e-02,-1.87106324e-03,3.50796676e-03,1.34259478e-03
8.51000000e+02,1.65645802e+02,-1.18721601e-01,-5.37816538e-03,1.66967687e-03,5.24562917e-03,-9.41797584e-02,1.44734703e+02,-1.20817708e-01,-1.59281123e-03,2.09110995e+01,2.09610721e-03,-3.78535414e-03,3.53012275e-03,1.93908906e-03,-9.56328834e-02,-1.86044588e-03,3.30654011e-03,1.45312499e-03
8.52000000e+02,1.65647718e+02,-1.20302476e-01,-5.44009512e-03,1.60483644e-03,5.96556578e-03,-9.56271784e-02,1.44736351e+02,-1.22242046e-01,-1.30578397e-03,2.09113670e+01,1.93956922e-03,-4.13431116e-03,3.46747696e-03,2.43351651e-03,-9.69274940e-02,-1.86264052e-03,3.53204927e-03,1.30031558e-03
8.53000000e+02,1.65672724e+02,-1.19805439e-01,-6.21690095e-03,1.64628190e-03,5.80984774e-03,-9.47180261e-02,1.44758250e+02,-1.21926004e-01,-2.29046155e-03,2.09144732e+01,2.12056497e-03,-3.92643940e-03,3.49881058e-03,2.44114072e-03,-9.61751344e-02,-1.85252868e-03,3.36870702e-03,1.45710838e-03
8.54000000e+02,1.65675516e+02,-1.19237805e-01,-8.05486338e-03,1.56398780e-03,6.39781064e-03,-9.53196774e-02,1.44760883e+02,-1.21231460e-01,-3.94061308e-03,2.09146332e+01,1.99365444e-03,-4.11425029e-03,3.41881268e-03,2.90227583e-03,-9.66370076e-02,-1.85482488e-03,3.49553481e-03,1.31733013e-03
8.55000000e+02,1.65695841e+02,-1.19604176e-01,-3.51898304e-03,1.61195706e-03,4.03568837e-03,-9.49124460e-02,1.44778256e+02,-1.21669753e-01,2.45984354e-04,2.09175857e+01,2.06557678e-03,-3.76496740e-03,3.45662942e-03,7.36105920e-04,-9.63431841e-02,-1.84467236e-03,3.29958245e-03,1.43073808e-03
8.56000000e+02,1.65697567e+02,-1.22353801e-01,-4.14405105e-03,1.53941200e-03,5.01235302e-03,-9.70082882e-02,1.44779771e+02,-1.24266039e-01,-1.12539214e-05,2.09177959e+01,1.91223785e-03,-4.13279713e-03,3.38639324e-03,1.48618081e-03,-9.82906310e-02,-1.84698124e-03,3.52617221e-03,1.28234275e-03
8.57000000e+02,1.65721890e+02,-1.22023806e-01,-4.86884821e-03,1.59718737e-03,4.97942129e-03,-9.63038054e-02,1.44801073e+02,-1.24142237e-01,-9.62076487e-04,2.09208174e+01,2.11843156e-03,-3.90677173e-03,3.43441402e-03,1.62130924e-03,-9.77552193e-02,-1.83722665e-03,3.35811205e-03,1.45141389e-03
8.58000000e+02,1.65723988e+02,-1.21344710e-01,-7.39765376e-03,1.53360518e-03,5.63882511e-03,-9.69022147e-02,1.44803081e+02,-1.23339461e-01,-3.29049502e-03,2.09209073e+01,1.99475108e-03,-4.10715874e-03,3.37350054e-03,2.15540325e-03,-9.82145676e-02,-1.83989537e-03,3.48342186e-03,1.31235285e-03
8.59000000e+02,1.65744071e+02,-1.21534231e-01,-2.05354979e-03,1.57717374e-03,3.06156321e-03,-9.65257645e-02,1.44820246e+02,-1.23603983e-01,1.68666104e-03,2.09238241e+01,2.06975211e-03,-3.74021083e-03,3.40725710e-03,-2.22578282e-04,-9.79554843e-02,-1.83008336e-03,3.28414150e-03,1.42971972e-03
8.60000000e+02,1.65745128e+02,-1.24715652e-01,-2.39488549e-03,1.52462538e-03,4.00863994e-03,-9.86136310e-02,1.44821163e+02,-1.26611170e-01,1.73581791e-03,2.09239646e+01,1.89551829e-03,-4.13070340e-03,3.35730130e-03,4.89706344e-04,-9.98923527e-02,-1.83267592e-03,3.51893359e-03,1.27872172e-03
8.61000000e+02,1.65769091e+02,-1.23856163e-01,-4.18140382e-03,1.58377856e-03,4.24133179e-03,-9.76903626e-02,1.44842133e+02,-1.25974637e-01,-2.54487907e-04,2.09269574e+01,2.11847389e-03,-3.92691591e-03,3.40711859e-03,8.84623972e-04,-9.91411704e-02,-1.82334003e-03,3.35670782e-03,1.45080783e-03
8.62000000e+02,1.65770873e+02,-1.23290795e-01,-6.87504236e-03,1.52114634e-03,5.03090892e-03,-9.81479565e-02,1.44843879e+02,-1.25264993e-01,-2.77327984e-03,2.09269939e+01,1.97419809e-03,-4.10176252e-03,3.34744460e-03,1.55306418e-03,-9.94596392e-02,-1.82629826e-03,3.47784474e-03,1.31168278e-03
8.63000000e+02,1.65790597e+02,-1.23156781e-01,-1.51023219e-03,1.57351475e-03,2.39441172e-03,-9.74561376e-02,1.44860730e+02,-1.25236553e-01,2.20489238e-03,2.09298669e+01,2.07977186e-03,-3.71512457e-03,3.39063937e-03,-8.77497861e-04,-9.88924867e-02,-1.81712462e-03,3.27190958e-03,1.43634907e-03
8.64000000e+02,1.65791463e+02,-1.25617666e-01,-1.58327092e-03,1.48463367e-03,3.20303834e-03,-9.91837857e-02,1.44861497e+02,-1.27535179e-01,2.51899960e-03,2.09299663e+01,1.91751359e-03,-4.10227052e-03,3.30488374e-03,-3.01563193e-04,-1.00469931e-01,-1.82025007e-03,3.50460153e-03,1.28614538e-03
8.65000000e+02,1.65815081e+02,-1.24356657e-01,-2.81157159e-03,1.49345262e-03,3.30547122e-03,-9.80359277e-02,1.44882181e+02,-1.26488749e-01,1.08008175e-03,2.09328995e+01,2.13209198e-03,-3.89165334e-03,3.30463407e-03,-3.41290991e-05,-9.94939797e-02,-1.81118145e-03,3.33960032e-03,1.45805203e-03
8.66000000e+02,1.65816425e+02,-1.23753967e-01,-5.68974719e-03,1.38333081e-03,4.18014472e-03,-9.83795673e-02,1.44883554e+02,-1.25743916e-01,-1.59797984e-03,2.09328715e+01,1.98994883e-03,-4.09176735e-03,3.19776898e-03,7.11518303e-04,-9.96963986e-02,-1.81443816e-03,3.46862642e-03,1.31683129e-03
8.67000000e+02,1.65835504e+02,-1.22926924e-01,-8.35475021e-04,1.37378803e-03,1.81532291e-03,-9.73990716e-02,1.44899847e+02,-1.25019931e-01,2.88533638e-03,2.09356570e+01,2.09300663e-03,-3.72081140e-03,3.17920554e-03,-1.45166006e-03,-9.88415214e-02,-1.80541751e-03,3.26698298e-03,1.44244986e-03
8.68000000e+02,1.65835754e+02,-1.25232507e-01,-1.76829464e-03,1.22129881e-03,3.01787264e-03,-9.89742586e-02,1.44900069e+02,-1.27144584e-01,2.33538618e-03,2.09356849e+01,1.91207763e-03,-4.10368082e-03,3.02979409e-03,-4.79423969e-04,-1.00260443e-01,-1.80849528e-03,3.49729661e-03,1.28618444e-03
8.69000000e+02,1.65858883e+02,-1.23811495e-01,-3.04980266e-03,1.18045207e-03,3.08494959e-03,-9.75619054e-02,1.44920327e+02,-1.25939349e-01,8.44597673e-04,2.09385559e+01,2.12785420e-03,-3.89440033e-03,2.97994326e-03,-2.44269193e-04,-9.90208399e-02,-1.79949119e-03,3.32921878e-03,1.45893450e-03
8.70000000e+02,1.65859872e+02,-1.22972869e-01,-5.50987744e-03,1.00021912e-03,3.94993142e-03,-9.76539611e-02,1.44921410e+02,-1.24948880e-01,-1.45845229e-03,2.09384616e+01,1.97601096e-03,-4.05142515e-03,2.80286478e-03,4.97989675e-04,-9.89634552e-02,-1.80264565e-03,3.45194175e-03,1.30949410e-03
8.71000000e+02,1.65878602e+02,-1.21323099e-01,-4.95245099e-04,9.25565577e-04,1.53350536e-03,-9.63552515e-02,1.44937398e+02,-1.23412529e-01,3.20123387e-03,2.09412041e+01,2.08943050e-03,-3.69647897e-03,2.71895482e-03,-1.71683697e-03,-9.77921369e-02,-1.79338925e-03,3.25034233e-03,1.43688542e-03
8.72000000e+02,1.65878251e+02,-1.23349906e-01,-1.16094969e-03,7.22723811e-04,2.57010193e-03,-9.76444086e-02,1.44937092e+02,-1.25247157e-01,2.91442538e-03,2.09411598e+01,1.89725028e-03,-4.07537507e-03,2.51899116e-03,-9.08737989e-04,-9.89207302e-02,-1.79626735e-03,3.47883992e-03,1.27632160e-03
8.73000000e+02,1.65900881e+02,-1.21373895e-01,-2.39865301e-03,6.31098554e-04,2.78586207e-03,-9.57684451e-02,1.44956887e+02,-1.23484372e-01,1.44761271e-03,2.09439935e+01,2.11047656e-03,-3.84626572e-03,2.41768673e-03,-5.26174984e-04,-9.72154392e-02,-1.78658818e-03,3.31203705e-03,1.44699401e-03
8.74000000e+02,1.65901596e+02,-1.20312417e-01,-5.20621600e-03,4.40717398e-04,3.69454650e-03,-9.56967836e-02,1.44957734e+02,-1.22265268e-01,-1.15902990e-03,2.09438628e+01,1.95285130e-03,-4.04718610e-03,2.22974390e-03,2.55723909e-04,-9.69904209e-02,-1.78902650e-03,3.43882259e-03,1.29363724e-03
8.75000000e+02,1.65920110e+02,-1.18745106e-01,1.40738400e-04,3.98861962e-04,1.08346118e-03,-9.43398042e-02,1.44973553e+02,-1.20800346e-01,3.81879166e-03,2.09465572e+01,2.05524077e-03,-3.67805326e-03,2.17759636e-03,-2.15012403e-03,-9.57528690e-02,-1.77873440e-03,3.23358522e-03,1.41306482e-03
8.76000000e+02,1.65919517e+02,-1.20474296e-01,-6.87067843e-04,2.59436723e-04,1.93163261e-03,-9.55238625e-02,1.44973043e+02,-1.22331360e-01,3.37561636e-03,2.09464740e+01,1.85706422e-03,-4.06268420e-03,2.04033009e-03,-1.53283640e-03,-9.67720395e-02,-1.78089337e-03,3.46446901e-03,1.24817698e-03
8.77000000e+02,1.65941802e+02,-1.18756566e-01,-1.42053375e-03,2.73650847e-04,1.76947988e-03,-9.39083948e-02,1.44992552e+02,-1.20833156e-01,2.41485940e-03,2.09492495e+01,2.07658996e-03,-3.83539316e-03,2.04441822e-03,-1.52532644e-03,-9.53274719e-02,-1.77076737e-03,3.29480631e-03,1.41907706e-03
8.78000000e+02,1.65942058e+02,-1.17984099e-01,-3.19213630e-03,1.80288631e-04,2.27611383e-03,-9.40016037e-02,1.44992986e+02,-1.19903386e-01,8.10559912e-04,2.09490719e+01,1.91928694e-03,-4.00269621e-03,1.95320815e-03,-1.14086078e-03,-9.52632955e-02,-1.77291952e-03,3.41697460e-03,1.26169179e-03
8.79000000e+02,1.65960198e+02,-1.16530982e-01,2.21135000e-03,2.45845328e-04,-5.94319359e-04,-9.27507306e-02,1.45008467e+02,-1.18555549e-01,5.86731992e-03,2.09517311e+01,2.02456676e-03,-3.65596992e-03,2.00858893e-03,-3.81213160e-03,-9.41343020e-02,-1.76274360e-03,3.21781224e-03,1.38357132e-03
8.80000000e+02,1.65959472e+02,-1.18980678e-01,1.82503874e-03,2.02605054e-04,5.88485335e-05,-9.43921428e-02,1.45007869e+02,-1.20796549e-01,5.85935243e-03,2.09516031e+01,1.81587075e-03,-4.03431370e-03,1.96775155e-03,-3.38748104e-03,-9.56090248e-02,-1.76514649e-03,3.44632958e-03,1.21688194e-03
8.81000000e+02,1.65981489e+02,-1.17696814e-01,1.69258789e-03,3.21025338e-04,-3.80282437e-04,-9.31231330e-02,1.45027160e+02,-1.19735689e-01,5.48756203e-03,2.09543287e+01,2.03887520e-03,-3.79497414e-03,2.07673719e-03,-3.66018920e-03,-9.45115179e-02,-1.75571185e-03,3.27990676e-03,1.38838491e-03
8.82000000e+02,1.65981427e+02,-1.17249695e-01,-1.48653322e-04,3.23934464e-04,1.51455089e-05,-9.34331543e-02,1.45027324e+02,-1.19128839e-01,3.85151198e-03,2.09541038e+01,1.87914384e-03,-4.00016531e-03,2.08254099e-03,-3.39303423e-03,-9.46676461e-02,-1.75860652e-03,3.40817974e-03,1.23449179e-03
8.83000000e+02,1.65999171e+02,-1.16068684e-01,5.38034472e-03,4.45857331e-04,-2.87747209e-03,-9.24282407e-02,1.45042462e+02,-1.18066773e-01,9.03460519e-03,2.09567095e+01,1.99808886e-03,-3.65426047e-03,2.19534288e-03,-6.08912160e-03,-9.37888571e-02,-1.74948555e-03,3.21164952e-03,1.36061648e-03
8.84000000e+02,1.65997847e+02,-1.18890418e-01,5.04550544e-03,4.52623085e-04,-2.29669147e-03,-9.42539106e-02,1.45041315e+02,-1.20670356e-01,9.07890802e-03,2.09565322e+01,1.77993719e-03,-4.03340258e-03,2.20529855e-03,-5.73936417e-03,-9.54472462e-02,-1.75267547e-03,3.44267269e-03,1.19333555e-03
8.85000000e+02,1.66019655e+02,-1.17805733e-01,4.58465011e-03,5.83434582e-04,-2.78828097e-03,-9.31295189e-02,1.45060424e+02,-1.19806501e-01,8.38985567e-03,2.09592304e+01,2.00076813e-03,-3.80520556e-03,2.32733289e-03,-6.06302684e-03,-9.44965490e-02,-1.74389831e-03,3.27474587e-03,1.36703011e-03
8.86000000e+02,1.66019452e+02,-1.18126554e-01,2.98402967e-03,5.82816885e-04,-2.54283259e-03,-9.38722210e-02,1.45060490e+02,-1.19976003e-01,6.97802815e-03,2.09589613e+01,1.84944853e-03,-3.99399848e-03,2.33033766e-03,-5.94720909e-03,-9.50867106e-02,-1.74752077e-03,3.40437650e-03,1.21448959e-03
8.87000000e+02,1.66036979e+02,-1.17407149e-01,8.80783767e-03,7.10326466e-04,-5.36580715e-03,-9.31505812e-02,1.45075449e+02,-1.19368857e-01,1.24459888e-02,2.09615304e+01,1.96170782e-03,-3.63815108e-03,2.44929901e-03,-8.57359042e-03,-9.44939264e-02,-1.73897255e-03,3.20778326e-03,1.34334522e-03
8.88000000e+02,1.66035397e+02,-1.20260351e-01,8.38292087e-03,6.93076482e-04,-4.64163541e-03,-9.50534483e-02,1.45074071e+02,-1.22030057e-01,1.24097436e-02,2.09613260e+01,1.76970661e-03,-4.02682276e-03,2.43595569e-03,-8.08566039e-03,-9.62357362e-02,-1.74287921e-03,3.44402498e-03,1.18228784e-03
8.89000000e+02,1.66057099e+02,-1.19020236e-01,7.59685532e-03,7.66328350e-04,-4.74821823e-03,-9.39159299e-02,1.45093097e+02,-1.21025041e-01,1.14100431e-02,2.09640018e+01,2.00480490e-03,-3.81318777e-03,2.50114287e-03,-8.03149656e-03,-9.52761301e-02,-1.73481452e-03,3.28327833e-03,1.36020026e-03
8.90000000e+02,1.66056835e+02,-1.18883416e-01,5.35725525e-03,7.05025053e-04,-3.97205410e-03,-9.45185497e-02,1.45093128e+02,-1.20723067e-01,9.36071210e-03,2.09637067e+01,1.83965164e-03,-4.00345685e-03,2.44382983e-03,-7.38428529e-03,-9.57268483e-02,-1.73880478e-03,3.41223118e-03,1.20829868e-03
8.91000000e+02,1.66074196e+02,-1.18218869e-01,1.03724220e-02,7.43878146e-04,-6.43985798e-03,-9.37380943e-02,1.45107941e+02,-1.20188253e-01,1.40241652e-02,2.09662549e+01,1.96938326e-03,-3.65174321e-03,2.47430279e-03,-9.65684241e-03,-9.50785008e-02,-1.73042465e-03,3.21698444e-03,1.34040645e-03
8.92000000e+02,1.66072532e+02,-1.20687859e-01,9.07818242e-03,6.53286423e-04,-5.13913328e-03,-9.54432580e-02,1.45106524e+02,-1.22447427e-01,1.31176536e-02,2.09660083e+01,1.75956800e-03,-4.03947118e-03,2.38754585e-03,-8.58948738e-03,-9.66221223e-02,-1.73425943e-03,3.45035410e-03,1.17886438e-03
8.93000000e+02,1.66093596e+02,-1.19173551e-01,7.78202550e-03,6.80389640e-04,-4.97179392e-03,-9.41027720e-02,1.45124972e+02,-1.21170823e-01,1.16096102e-02,2.09686245e+01,1.99727249e-03,-3.82758468e-03,2.40635004e-03,-8.26002915e-03,-9.54611519e-02,-1.72596040e-03,3.28823523e-03,1.35837990e-03
8.94000000e+02,1.66092793e+02,-1.18668843e-01,4.90074715e-03,5.70752811e-04,-3.89811102e-03,-9.43966794e-02,1.45124504e+02,-1.20515018e-01,8.90317948e-03,2.09682891e+01,1.84617508e-03,-4.00243232e-03,2.30057803e-03,-7.30998592e-03,-9.56038129e-02,-1.72982522e-03,3.41187490e-03,1.20713351e-03
8.95000000e+02,1.66109674e+02,-1.17343971e-01,9.84066148e-03,5.56747098e-04,-6.28399226e-03,-9.32765583e-02,1.45138894e+02,-1.19307450e-01,1.34883796e-02,2.09707799e+01,1.96347941e-03,-3.64771817e-03,2.27810419e-03,-9.49784210e-03,-9.46122057e-02,-1.72135709e-03,3.21384984e-03,1.33564747e-03
8.96000000e+02,1.66107536e+02,-1.19918604e-01,8.70638383e-03,4.31320069e-04,-5.01366100e-03,-9.49898028e-02,1.45137041e+02,-1.21672862e-01,1.27397166e-02,2.09704958e+01,1.75425756e-03,-4.03333280e-03,2.15643709e-03,-8.45858861e-03,-9.61597874e-02,-1.72511702e-03,3.44492761e-03,1.16998467e-03
8.97000000e+02,1.66128489e+02,-1.18092380e-01,7.20883592e-03,3.92573413e-04,-4.71064322e-03,-9.33753031e-02,1.45155402e+02,-1.20068118e-01,1.10085198e-02,2.09730867e+01,1.97573781e-03,-3.79968387e-03,2.10924267e-03,-7.98753757e-03,-9.47225387e-02,-1.71666925e-03,3.27689435e-03,1.34723562e-03
8.98000000e+02,1.66127466e+02,-1.17689782e-01,4.33822340e-03,2.45120340e-04,-3.74624131e-03,-9.35328764e-02,1.45154756e+02,-1.19505106e-01,8.33196925e-03,2.09727093e+01,1.81532362e-03,-3.99374584e-03,1.96539425e-03,-7.14866986e-03,-9.47259785e-02,-1.72027391e-03,3.40242855e-03,1.19310213e-03
8.99000000e+02,1.66144404e+02,-1.16134034e-01,9.43781493e-03,2.29478014e-04,-6.07975327e-03,-9.23268466e-02,1.45169238e+02,-1.18077989e-01,1.30698659e-02,2.09751662e+01,1.94395488e-03,-3.63205094e-03,1.94070278e-03,-9.28102493e-03,-9.36501425e-02,-1.71122477e-03,3.20127166e-03,1.32329593e-03
9.00000000e+02,1.66142097e+02,-1.18362795e-01,8.08623082e-03,9.44136838e-05,-4.80289915e-03,-9.38076600e-02,1.45167260e+02,-1.20099978e-01,1.20984001e-02,2.09748369e+01,1.73718306e-03,-4.01216925e-03,1.80906199e-03,-8.23531306e-03,-9.49668287e-02,-1.71464830e-03,3.43241391e-03,1.15916876e-03
9.01000000e+02,1.66162744e+02,-1.16879839e-01,6.90821388e-03,7.28247128e-05,-4.62803788e-03,-9.22777395e-02,1.45185366e+02,-1.18848662e-01,1.06927377e-02,2.09773775e+01,1.96882330e-03,-3.78452379e-03,1.77839958e-03,-7.88883933e-03,-9.36144048e-02,-1.70557487e-03,3.26080145e-03,1.33666533e-03
9.02000000e+02,1.66161531e+02,-1.16117483e-01,4.63469015e-03,-2.91279024e-05,-3.82792303e-03,-9.22970554e-02,1.45184579e+02,-1.17917183e-01,8.59533840e-03,2.09769522e+01,1.79969998e-03,-3.96064824e-03,1.67951459e-03,-7.21188279e-03,-9.34772596e-02,-1.70864250e-03,3.38395975e-03,1.18020415e-03
9.03000000e+02,1.66178035e+02,-1.14747487e-01,9.61791849e-03,-1.51231765e-05,-6.27264017e-03,-9.10882030e-02,1.45198661e+02,-1.16673759e-01,1.32165056e-02,2.09793736e+01,1.92627198e-03,-3.59858715e-03,1.68399738e-03,-9.45362372e-03,-9.23968981e-02,-1.69912055e-03,3.18098355e-03,1.30869513e-03
9.04000000e+02,1.66175500e+02,-1.17104415e-01,8.54273655e-03,-1.19076824e-04,-5.08143933e-03,-9.26692630e-02,1.45196502e+02,-1.18818108e-01,1.25226685e-02,2.09789982e+01,1.71369346e-03,-3.97993191e-03,1.58292238e-03,-8.48915250e-03,-9.38098928e-02,-1.70199920e-03,3.40771316e-03,1.14062972e-03
9.05000000e+02,1.66195886e+02,-1.15405804e-01,7.73089648e-03,-6.93988512e-05,-5.25204086e-03,-9.11803806e-02,1.45214388e+02,-1.17360165e-01,1.14750167e-02,2.09814983e+01,1.95436103e-03,-3.74412019e-03,1.62304966e-03,-8.48419241e-03,-9.25018564e-02,-1.69244852e-03,3.23215154e-03,1.32147578e-03
9.06000000e+02,1.66194479e+02,-1.14819873e-01,5.36065803e-03,-1.30974325e-04,-4.53958264e-03,-9.14078218e-02,1.45213430e+02,-1.16614901e-01,9.29976298e-03,2.09810494e+01,1.79502816e-03,-3.93910494e-03,1.56456372e-03,-7.89650861e-03,-9.25712255e-02,-1.69553804e-03,3.35692597e-03,1.16340369e-03
9.07000000e+02,1.66210427e+02,-1.13326688e-01,1.05706476e-02,-4.51716438e-05,-7.09568457e-03,-9.02541596e-02,1.45227009e+02,-1.15239772e-01,1.41438528e-02,2.09834182e+01,1.91308382e-03,-3.57320522e-03,1.64106466e-03,-1.02504753e-02,-9.15464909e-02,-1.68623631e-03,3.15479075e-03,1.29233133e-03
9.08000000e+02,1.66207442e+02,-1.16186979e-01,9.75880803e-03,-6.33937761e-05,-6.08690287e-03,-9.20620024e-02,1.45224417e+02,-1.17862206e-01,1.37081055e-02,2.09830245e+01,1.67522736e-03,-3.94929748e-03,1.62599933e-03,-9.46964344e-03,-9.31788740e-02,-1.68939311e-03,3.38274057e-03,1.11687161e-03
9.09000000e+02,1.66227488e+02,-1.14876452e-01,8.87590639e-03,5.14076182e-05,-6.17934105e-03,-9.06860221e-02,1.45241978e+02,-1.16787439e-01,1.25905731e-02,2.09855097e+01,1.91098667e-03,-3.71466676e-03,1.73187235e-03,-9.39048535e-03,-9.19817515e-02,-1.68046473e-03,3.21114430e-03,1.29572944e-03
9.10000000e+02,1.66225773e+02,-1.14612027e-01,6.77140441e-03,6.78916134e-05,-5.64393011e-03,-9.10559277e-02,1.45240737e+02,-1.16369883e-01,1.06741549e-02,2.09850363e+01,1.75785674e-03,-3.90275047e-03,1.75187149e-03,-8.97978921e-03,-9.21941330e-02,-1.68397987e-03,3.33585909e-03,1.13820533e-03
9.11000000e+02,1.66241767e+02,-1.13265199e-01,1.24333601e-02,2.14788525e-04,-8.35861949e-03,-9.00312138e-02,1.45254354e+02,-1.15156729e-01,1.59678372e-02,2.09874127e+01,1.89153047e-03,-3.53447717e-03,1.89022958e-03,-1.14923424e-02,-9.13006869e-02,-1.67544106e-03,3.13372291e-03,1.26947315e-03
9.12000000e+02,1.66238661e+02,-1.15966274e-01,1.15834881e-02,2.37138340e-04,-7.29859759e-03,-9.17102837e-02,1.45251657e+02,-1.17628422e-01,1.54906351e-02,2.09870033e+01,1.66214789e-03,-3.90714698e-03,1.91657498e-03,-1.06592785e-02,-9.28087089e-02,-1.67943664e-03,3.36068094e-03,1.09842513e-03
9.13000000e+02,1.66258410e+02,-1.14329432e-01,1.08610084e-02,3.67628046e-04,-7.45829928e-03,-9.02670415e-02,1.45268948e+02,-1.16220072e-01,1.45453163e-02,2.09894623e+01,1.89064016e-03,-3.68430790e-03,2.03912500e-03,-1.06520982e-02,-9.15422045e-02,-1.67149696e-03,3.19379891e-03,1.27516295e-03
9.14000000e+02,1.66256455e+02,-1.13983083e-01,8.88634491e-03,3.72490729e-04,-6.77140824e-03,-9.07125598e-02,1.45267491e+02,-1.15700404e-01,1.27691494e-02,2.09889640e+01,1.71732111e-03,-3.88280446e-03,2.04841638e-03,-1.00918329e-02,-9.18251322e-02,-1.67592565e-03,3.32042469e-03,1.11257242e-03
9.15000000e+02,1.66272219e+02,-1.13157687e-01,1.39217845e-02,4.86410676e-04,-9.21668635e-03,-8.97674029e-02,1.45280906e+02,-1.15002189e-01,1.74500379e-02,2.09913129e+01,1.84450225e-03,-3.52825336e-03,2.15441551e-03,-1.23395877e-02,-9.10117607e-02,-1.66800483e-03,3.12290132e-03,1.24435786e-03
9.16000000e+02,1.66269009e+02,-1.16245240e-01,1.25677867e-02,4.72837937e-04,-8.13439384e-03,-9.16690142e-02,1.45278134e+02,-1.17872937e-01,1.64930888e-02,2.09908754e+01,1.62769701e-03,-3.92530207e-03,2.14525849e-03,-1.14904023e-02,-9.27430505e-02,-1.67242056e-03,3.35600851e-03,1.07403631e-03
9.17000000e+02,1.66288683e+02,-1.14412900e-01,1.15645271e-02,5.71199145e-04,-8.01726856e-03,-9.02205680e-02,1.45295390e+02,-1.16298735e-01,1.52459446e-02,2.09932928e+01,1.88583520e-03,-3.68141751e-03,2.23598030e-03,-1.12021845e-02,-9.14787148e-02,-1.66478115e-03,3.18491593e-03,1.25814680e-03
9.18000000e+02,1.66286321e+02,-1.13699978e-01,9.03754431e-03,5.35612987e-04,-7.16091394e-03,-9.04671601e-02,1.45293562e+02,-1.15405123e-01,1.29152399e-02,2.09927590e+01,1.70514443e-03,-3.87769561e-03,2.20487913e-03,-1.04765271e-02,-9.15661277e-02,-1.66926614e-03,3.31561316e-03,1.09896760e-03
9.19000000e+02,1.66301737e+02,-1.12463154e-01,1.41382856e-02,6.10503644e-04,-9.55071312e-03,-8.93849669e-02,1.45306673e+02,-1.14291160e-01,1.76599742e-02,2.09950636e+01,1.82800579e-03,-3.52168859e-03,2.27177990e-03,-1.26664620e-02,-9.06180086e-02,-1.66127625e-03,3.11574890e-03,1.23304174e-03
9.20000000e+02,1.66298158e+02,-1.15245513e-01,1.33980615e-02,5.60486352e-04,-8.43256308e-03,-9.11366452e-02,1.45303575e+02,-1.16861353e-01,1.73022840e-02,2.09945828e+01,1.61583998e-03,-3.90422255e-03,2.22612051e-03,-1.17816136e-02,-9.21986633e-02,-1.66563416e-03,3.34905049e-03,1.06201808e-03
9.21000000e+02,1.66317543e+02,-1.13183546e-01,1.16506170e-02,6.19398206e-04,-8.20319216e-03,-8.94691773e-02,1.45320562e+02,-1.15053825e-01,1.53304563e-02,2.09969803e+01,1.87027889e-03,-3.67983928e-03,2.27712559e-03,-1.13811583e-02,-9.07180815e-02,-1.65772739e-03,3.17796617e-03,1.24890421e-03
9.22000000e+02,1.66314923e+02,-1.12537182e-01,8.58746391e-03,5.52335841e-04,-7.16780388e-03,-8.95980903e-02,1.45318505e+02,-1.14224970e-01,1.24517678e-02,2.09964179e+01,1.68778781e-03,-3.86430392e-03,2.21420936e-03,-1.04735030e-02,-9.06863606e-02,-1.66187352e-03,3.30569910e-03,1.08827028e-03
9.23000000e+02,1.66330103e+02,-1.11182290e-01,1.41758034e-02,6.09490297e-04,-9.60392749e-03,-8.83074443e-02,1.45331408e+02,-1.13004101e-01,1.76655795e-02,2.09986954e+01,1.82181098e-03,-3.48977608e-03,2.26312426e-03,-1.27054145e-02,-8.95306231e-02,-1.65363396e-03,3.10148703e-03,1.22317881e-03
9.24000000e+02,1.66326374e+02,-1.13340774e-01,1.29700974e-02,5.37369306e-04,-8.33770498e-03,-8.97091491e-02,1.45328170e+02,-1.14947393e-01,1.68636792e-02,2.09982040e+01,1.60661970e-03,-3.89358175e-03,2.19503058e-03,-1.16739323e-02,-9.07622400e-02,-1.65766128e-03,3.33622735e-03,1.05309089e-03
9.25000000e+02,1.66345710e+02,-1.10949232e-01,1.19622670e-02,5.93966460e-04,-8.36861192e-03,-8.79574364e-02,1.45345132e+02,-1.12803004e-01,1.56122202e-02,2.10005784e+01,1.85377199e-03,-3.64995325e-03,2.24352642e-03,-1.15321380e-02,-8.91926784e-02,-1.64955996e-03,3.16352613e-03,1.23524199e-03
9.26000000e+02,1.66343185e+02,-1.10191385e-01,9.62763122e-03,5.35024370e-04,-7.57350346e-03,-8.80362026e-02,1.45343185e+02,-1.11857218e-01,1.34549283e-02,2.09999996e+01,1.66583341e-03,-3.82729708e-03,2.18881543e-03,-1.08610926e-02,-8.91070515e-02,-1.65379106e-03,3.28758913e-03,1.07084894e-03
9.27000000e+02,1.66358285e+02,-1.08855786e-01,1.49412165e-02,5.92994701e-04,-1.01209698e-02,-8.67195616e-02,1.45356024e+02,-1.10650412e-01,1.84204776e-02,2.10022612e+01,1.79462608e-03,-3.47926109e-03,2.23876752e-03,-1.32082616e-02,-8.79235478e-02,-1.64577282e-03,3.08729175e-03,1.20398615e-03
9.28000000e+02,1.66354379e+02,-1.11394782e-01,1.37741145e-02,5.07725150e-04,-9.03808048e-03,-8.82526898e-02,1.45352645e+02,-1.12975106e-01,1.76477784e-02,2.10017335e+01,1.58032462e-03,-3.87366388e-03,2.15766536e-03,-1.23583656e-02,-8.92850119e-02,-1.64994021e-03,3.32028510e-03,1.03232206e-03
9.29000000e+02,1.66373655e+02,-1.09476236e-01,1.31168245e-02,5.48447640e-04,-9.24607828e-03,-8.66755288e-02,1.45369564e+02,-1.11298585e-01,1.67503463e-02,2.10040903e+01,1.82234868e-03,-3.63352175e-03,2.19039044e-03,-1.23908945e-02,-8.78893539e-02,-1.64194280e-03,3.14481626e-03,1.21382513e-03
9.30000000e+02,1.66370687e+02,-1.08780015e-01,1.12741267e-02,4.73581386e-04,-8.78938838e-03,-8.69367159e-02,1.45367211e+02,-1.10421774e-01,1.50829990e-02,2.10034757e+01,1.64175916e-03,-3.80887226e-03,2.11954109e-03,-1.20596461e-02,-8.79859359e-02,-1.64595971e-03,3.27025770e-03,1.04921996e-03
9.31000000e+02,1.66385466e+02,-1.07695507e-01,1.66125798e-02,5.20264354e-04,-1.14342828e-02,-8.59765108e-02,1.45379771e+02,-1.09467217e-01,2.00707408e-02,2.10056950e+01,1.77171061e-03,-3.45816098e-03,2.15791818e-03,-1.45037829e-02,-8.71599400e-02,-1.63765383e-03,3.06950006e-03,1.18342928e-03
9.32000000e+02,1.66381181e+02,-1.10793691e-01,1.57023377e-02,4.70376357e-04,-1.04231510e-02,-8.78282839e-02,1.45376042e+02,-1.12332602e-01,1.95666548e-02,2.10051394e+01,1.53891183e-03,-3.86431710e-03,2.11213157e-03,-1.37293090e-02,-8.88368049e-02,-1.64175521e-03,3.30615800e-03,1.00852093e-03
9.33000000e+02,1.66399894e+02,-1.09275590e-01,1.48097132e-02,5.37095043e-04,-1.04848897e-02,-8.64148567e-02,1.45392441e+02,-1.11070965e-01,1.84240126e-02,2.10074534e+01,1.79537521e-03,-3.61429934e-03,2.17079581e-03,-1.36192896e-02,-8.76091606e-02,-1.63370076e-03,3.13439990e-03,1.19430393e-03
9.34000000e+02,1.66396748e+02,-1.09312510e-01,1.25349650e-02,4.88753457e-04,-9.71402558e-03,-8.70605571e-02,1.45389933e+02,-1.10930494e-01,1.63411764e-02,2.10068150e+01,1.61798338e-03,-3.80621142e-03,2.12641762e-03,-1.29785692e-02,-8.80921939e-02,-1.63766416e-03,3.26454361e-03,1.03163685e-03
9.35000000e+02,1.66411305e+02,-1.08653833e-01,1.78990541e-02,5.89297431e-04,-1.23173069e-02,-8.62483788e-02,1.45402282e+02,-1.10398085e-01,2.13533013e-02,2.10090229e+01,1.74425146e-03,-3.45424724e-03,2.21857424e-03,-1.53797810e-02,-8.74148654e-02,-1.62927681e-03,3.06247412e-03,1.16648658e-03
9.36000000e+02,1.66406921e+02,-1.11602271e-01,1.64560677e-02,5.69331160e-04,-1.10863075e-02,-8.82568165e-02,1.45398478e+02,-1.13139686e-01,2.03089524e-02,2.10084435e+01,1.53741520e-03,-3.85288470e-03,2.20286160e-03,-1.43863349e-02,-8.92537699e-02,-1.63353044e-03,3.30002735e-03,9.96953341e-04
9.37000000e+02,1.66425638e+02,-1.10059682e-01,1.53128247e-02,6.82584856e-04,-1.09408951e-02,-8.69222789e-02,1.45414892e+02,-1.11844136e-01,1.89105490e-02,2.10107467e+01,1.78445384e-03,-3.59772436e-03,2.30829453e-03,-1.40667168e-02,-8.81064381e-02,-1.62570968e-03,3.12582165e-03,1.18415920e-03
9.38000000e+02,1.66422490e+02,-1.10209782e-01,1.33026577e-02,6.85025686e-04,-1.01913093e-02,-8.74502713e-02,1.45412398e+02,-1.11797519e-01,1.70958572e-02,2.10100924e+01,1.58773671e-03,-3.79319955e-03,2.31516279e-03,-1.34477500e-02,-8.84689949e-02,-1.63013711e-03,3.25644069e-03,1.01872352e-03
9.39000000e+02,1.66437161e+02,-1.09359037e-01,1.85179299e-02,8.03530825e-04,-1.27386039e-02,-8.66328943e-02,1.45424879e+02,-1.11103133e-01,2.19545941e-02,2.10122815e+01,1.74409631e-03,-3.43666416e-03,2.42583435e-03,-1.57921979e-02,-8.77925636e-02,-1.62230353e-03,3.05359397e-03,1.15966936e-03
9.40000000e+02,1.66432692e+02,-1.12252280e-01,1.73944008e-02,7.80155480e-04,-1.16388639e-02,-8.85853714e-02,1.45421008e+02,-1.13777040e-01,2.12246154e-02,2.10116843e+01,1.52476014e-03,-3.83021459e-03,2.40695237e-03,-1.49288304e-02,-8.95725578e-02,-1.62679689e-03,3.28996654e-03,9.87186369e-04
9.41000000e+02,1.66451201e+02,-1.10839773e-01,1.64162966e-02,8.78386891e-04,-1.16523107e-02,-8.73578337e-02,1.45437234e+02,-1.12613749e-01,2.00187293e-02,2.10139671e+01,1.77397596e-03,-3.60243274e-03,2.49758706e-03,-1.47705112e-02,-8.85298445e-02,-1.61920017e-03,3.11820044e-03,1.17201083e-03
9.42000000e+02,1.66447730e+02,-1.11152278e-01,1.41526359e-02,8.50720055e-04,-1.08802865e-02,-8.81651928e-02,1.45434440e+02,-1.12736179e-01,1.79420417e-02,2.10132897e+01,1.58390025e-03,-3.78940588e-03,2.47471169e-03,-1.41305619e-02,-8.91752612e-02,-1.62399163e-03,3.25027539e-03,1.01006841e-03
9.43000000e+02,1.66461949e+02,-1.10100365e-01,1.92501917e-02,9.12249310e-04,-1.33641227e-02,-8.72229762e-02,1.45446499e+02,-1.11826185e-01,2.26772129e-02,2.10154497e+01,1.72581978e-03,-3.42702123e-03,2.52847244e-03,-1.64103394e-02,-8.83726908e-02,-1.61622313e-03,3.04621675e-03,1.14971468e-03
9.44000000e+02,1.66457282e+02,-1.13033041e-01,1.82797899e-02,8.51873931e-04,-1.22155270e-02,-8.90441644e-02,1.45442456e+02,-1.14536888e-01,2.21047846e-02,2.10148258e+01,1.50384714e-03,-3.82499471e-03,2.47299392e-03,-1.55002874e-02,-9.00241510e-02,-1.62111999e-03,3.28476043e-03,9.79986565e-04
9.45000000e+02,1.66475553e+02,-1.11176655e-01,1.69103057e-02,8.82491926e-04,-1.19087377e-02,-8.74244995e-02,1.45458471e+02,-1.12940749e-01,2.04972255e-02,2.10170816e+01,1.76409426e-03,-3.58691978e-03,2.49601293e-03,-1.50226106e-02,-8.85958023e-02,-1.61352101e-03,3.11387291e-03,1.17130285e-03
9.46000000e+02,1.66471781e+02,-1.10427202e-01,1.39366155e-02,7.93510001e-04,-1.09042616e-02,-8.75811573e-02,1.45455403e+02,-1.12029554e-01,1.77360250e-02,2.10163779e+01,1.60235230e-03,-3.79940944e-03,2.41150480e-03,-1.41531211e-02,-8.85965473e-02,-1.61799480e-03,3.24885949e-03,1.01539001e-03
9.47000000e+02,1.66485925e+02,-1.08959713e-01,1.88907717e-02,8.35431377e-04,-1.31472611e-02,-8.63085743e-02,1.45467404e+02,-1.10689498e-01,2.23135831e-02,2.10185206e+01,1.72978433e-03,-3.42281139e-03,2.44560690e-03,-1.61900517e-02,-8.74614729e-02,-1.61017552e-03,3.04279060e-03,1.15289860e-03
9.48000000e+02,1.66481229e+02,-1.11445890e-01,1.77784241e-02,7.40200953e-04,-1.19123218e-02,-8.78291905e-02,1.45463342e+02,-1.12950350e-01,2.15923895e-02,2.10178875e+01,1.50446017e-03,-3.81396543e-03,2.35481315e-03,-1.51926430e-02,-8.88088772e-02,-1.61461220e-03,3.28032116e-03,9.79686681e-04
9.49000000e+02,1.66499510e+02,-1.09529043e-01,1.61706102e-02,7.64579631e-04,-1.15967500e-02,-8.61593752e-02,1.45479386e+02,-1.11291447e-01,1.97500099e-02,2.10201242e+01,1.76240478e-03,-3.57939973e-03,2.37147236e-03,-1.47026531e-02,-8.73268783e-02,-1.60689272e-03,3.10590313e-03,1.16750313e-03
9.50000000e+02,1.66495661e+02,-1.08603151e-01,1.35512324e-02,6.83121300e-04,-1.05131001e-02,-8.62372328e-02,1.45476263e+02,-1.10181231e-01,1.73233223e-02,2.10193985e+01,1.57807993e-03,-3.77208988e-03,2.29436078e-03,-1.37510716e-02,-8.72414769e-02,-1.61123948e-03,3.23797147e-03,1.00424412e-03
9.51000000e+02,1.66509744e+02,-1.07066863e-01,1.84144353e-02,7.23321852e-04,-1.28555131e-02,-8.48817823e-02,1.45488217e+02,-1.08779756e-01,2.18237139e-02,2.10215270e+01,1.71289314e-03,-3.40927858e-03,2.32635577e-03,-1.58854898e-02,-8.60226177e-02,-1.60303392e-03,3.02997665e-03,1.14083542e-03
9.52000000e+02,1.66504853e+02,-1.09610975e-01,1.71340119e-02,6.64370822e-04,-1.17398969e-02,-8.64504536e-02,1.45483984e+02,-1.11102370e-01,2.09293300e-02,2.10208688e+01,1.49139439e-03,-3.79531810e-03,2.27174537e-03,-1.50042926e-02,-8.74151002e-02,-1.60737455e-03,3.26439570e-03,9.64646641e-04
9.53000000e+02,1.66522961e+02,-1.07604493e-01,1.63145288e-02,7.13547186e-04,-1.18488855e-02,-8.48993655e-02,1.45499882e+02,-1.09350175e-01,1.98696778e-02,2.10230788e+01,1.74568237e-03,-3.55514896e-03,2.31305891e-03,-1.49371428e-02,-8.60516425e-02,-1.59951173e-03,3.08825729e-03,1.15227703e-03
9.54000000e+02,1.66518888e+02,-1.06950896e-01,1.42748064e-02,6.26513730e-04,-1.11071813e-02,-8.50788783e-02,1.45496563e+02,-1.08512057e-01,1.80206334e-02,2.10223248e+01,1.56116105e-03,-3.74582701e-03,2.23063338e-03,-1.43266196e-02,-8.60692714e-02,-1.60411965e-03,3.21943826e-03,9.90393086e-04
9.55000000e+02,1.66532470e+02,-1.05491933e-01,1.99244087e-02,6.68980712e-04,-1.38532394e-02,-8.37831836e-02,1.45508056e+02,-1.07187512e-01,2.32997310e-02,2.10244136e+01,1.69557908e-03,-3.37532230e-03,2.26496241e-03,-1.68647837e-02,-8.49089953e-02,-1.59598170e-03,3.01154435e-03,1.12581170e-03
9.56000000e+02,1.66527240e+02,-1.08276456e-01,1.94045334e-02,6.15890933e-04,-1.30439547e-02,-8.54970432e-02,1.45503508e+02,-1.09734246e-01,2.31816849e-02,2.10237327e+01,1.45778939e-03,-3.77715150e-03,2.21648444e-03,-1.62910995e-02,-8.64440364e-02,-1.60059351e-03,3.24714476e-03,9.46993143e-04
9.57000000e+02,1.66545164e+02,-1.06799816e-01,1.85551625e-02,6.77362165e-04,-1.33185995e-02,-8.40613749e-02,1.45519243e+02,-1.08523739e-01,2.20940179e-02,2.10259207e+01,1.72392375e-03,-3.53885536e-03,2.26992690e-03,-1.63923407e-02,-8.51996738e-02,-1.59256474e-03,3.07374123e-03,1.13829889e-03
9.58000000e+02,1.66540766e+02,-1.06185214e-01,1.62603827e-02,6.32215172e-04,-1.27182775e-02,-8.42586455e-02,1.45515626e+02,-1.07721694e-01,1.99992442e-02,2.10251402e+01,1.53648035e-03,-3.73886142e-03,2.22906753e-03,-1.59277112e-02,-8.52349622e-02,-1.59685236e-03,3.20943365e-03,9.76316702e-04
9.59000000e+02,1.66554356e+02,-1.04754626e-01,2.20163118e-02,7.30635034e-04,-1.53575843e-02,-8.29610954e-02,1.45527139e+02,-1.06434990e-01,2.53899239e-02,2.10272170e+01,1.68036434e-03,-3.37361207e-03,2.31938476e-03,-1.83631551e-02,-8.40749734e-02,-1.58874972e-03,3.00557082e-03,1.11387800e-03
9.60000000e+02,1.66548999e+02,-1.07359566e-01,2.13301247e-02,7.22590090e-04,-1.44360763e-02,-8.46647489e-02,1.45522479e+02,-1.08818252e-01,2.51030312e-02,2.10265200e+01,1.45868636e-03,-3.77290651e-03,2.31586412e-03,-1.76824123e-02,-8.56019256e-02,-1.59327403e-03,3.24633604e-03,9.37176635e-04
9.61000000e+02,1.66566772e+02,-1.05532691e-01,2.01853777e-02,8.48182185e-04,-1.44868677e-02,-8.31254663e-02,1.45538081e+02,-1.07236458e-01,2.37305812e-02,2.10286917e+01,1.70376739e-03,-3.54520344e-03,2.43372580e-03,-1.75622341e-02,-8.42491472e-02,-1.58554362e-03,3.07536637e-03,1.12368096e-03
9.62000000e+02,1.66562474e+02,-1.05438170e-01,1.77475591e-02,8.80972522e-04,-1.36135073e-02,-8.35764779e-02,1.45534561e+02,-1.06946865e-01,2.15021873e-02,2.10279132e+01,1.50869492e-03,-3.75462818e-03,2.47099420e-03,-1.68283833e-02,-8.45321669e-02,-1.59002168e-03,3.21487603e-03,9.55688931e-04
9.63000000e+02,1.66575954e+02,-1.04097787e-01,2.25172678e-02,1.02829675e-03,-1.59729640e-02,-8.25596734e-02,1.45545967e+02,-1.05759072e-01,2.59110130e-02,2.10299875e+01,1.66128499e-03,-3.39374518e-03,2.61049289e-03,-1.89827540e-02,-8.36542547e-02,-1.58219614e-03,3.00978995e-03,1.09458127e-03
9.64000000e+02,1.66570739e+02,-1.07087083e-01,2.14149600e-02,1.06124880e-03,-1.47729205e-02,-8.45337612e-02,1.45541464e+02,-1.08509865e-01,2.51947676e-02,2.10292751e+01,1.42278168e-03,-3.77980758e-03,2.64824159e-03,-1.80203180e-02,-8.54509747e-02,-1.58699279e-03,3.24739754e-03,9.17213597e-04
9.65000000e+02,1.66588441e+02,-1.05888266e-01,2.07580178e-02,1.20523034e-03,-1.47863004e-02,-8.32289093e-02,1.45557003e+02,-1.07564169e-01,2.42931548e-02,2.10314379e+01,1.67590300e-03,-3.53513705e-03,2.78502620e-03,-1.78594253e-02,-8.43350300e-02,-1.57979586e-03,3.07312493e-03,1.10612073e-03
9.66000000e+02,1.66583830e+02,-1.05868074e-01,1.81479404e-02,1.19598112e-03,-1.38244767e-02,-8.38275182e-02,1.45553197e+02,-1.07378657e-01,2.18837306e-02,2.10306330e+01,1.51058359e-03,-3.73579013e-03,2.78117830e-03,-1.70336982e-02,-8.47767288e-02,-1.58519719e-03,3.20922152e-03,9.49210589e-04
9.67000000e+02,1.66597032e+02,-1.04726544e-01,2.26559224e-02,1.30243317e-03,-1.60413024e-02,-8.28292475e-02,1.45564359e+02,-1.06373151e-01,2.60446134e-02,2.10326729e+01,1.64660734e-03,-3.38869104e-03,2.88046685e-03,-1.90490307e-02,-8.39176383e-02,-1.57803368e-03,3.00772837e-03,1.08839080e-03
