time,Fx,Fy,Fz,Mx,My,Mz,Fx_p,Fy_p,Fz_p,Fx_v,Fy_v,Fz_v,Mx_p,My_p,Mz_p,Mx_v,My_v,Mz_v
1.00000000e+00,7.07514561e+02,-7.46462006e-02,4.16248124e-02,-1.00607680e-02,-2.74015025e-02,-6.24804653e-02,1.24489385e+02,-7.33430908e-02,3.81700155e-02,5.83025176e+02,-1.30310981e-03,3.45479695e-03,-9.69922406e-03,-2.46242987e-02,-4.91741319e-02,-3.61543899e-04,-2.77720386e-03,-1.33063334e-02
2.00000000e+00,7.50333020e+02,-1.21563673e-01,5.80298419e-02,8.10873632e-03,-3.76996916e-02,-9.39753753e-02,1.63602697e+02,-1.22120963e-01,5.67943000e-02,5.86730322e+02,5.57289915e-04,1.23554189e-03,8.73011001e-03,-3.63235512e-02,-8.17468625e-02,-6.21373690e-04,-1.37614040e-03,-1.22285128e-02
3.00000000e+00,7.67236570e+02,-1.65705153e-01,7.82299601e-02,3.31689729e-02,-5.22280745e-02,-1.23331187e-01,1.83008787e+02,-1.68651297e-01,7.92907277e-02,5.84227783e+02,2.94614412e-03,-1.06076761e-03,3.41548199e-02,-5.23350587e-02,-1.12688660e-01,-9.85847062e-04,1.06984265e-04,-1.06425267e-02
4.00000000e+00,7.76150247e+02,-1.94611846e-01,9.83319327e-02,5.00763394e-02,-6.34491459e-02,-1.43098955e-01,1.95526394e+02,-2.00501098e-01,1.02049755e-01,5.80623853e+02,5.88925172e-03,-3.71782230e-03,5.14403632e-02,-6.53028170e-02,-1.34468023e-01,-1.36402376e-03,1.85367110e-03,-8.63093250e-03
5.00000000e+00,7.78411910e+02,-2.00004029e-01,1.04719475e-01,5.30723482e-02,-6.69008565e-02,-1.47448469e-01,2.05471828e+02,-2.09319845e-01,1.12104797e-01,5.72940081e+02,9.31581661e-03,-7.38532148e-03,5.47768277e-02,-7.11990948e-02,-1.41269381e-01,-1.70447946e-03,4.29823825e-03,-6.17908723e-03
6.00000000e+00,7.73836498e+02,-1.89065081e-01,1.08294331e-01,4.59448994e-02,-6.51315035e-02,-1.42010366e-01,2.12539550e+02,-2.01065565e-01,1.18368373e-01,5.61296948e+02,1.20004843e-02,-1.00740424e-02,4.76928297e-02,-7.12761391e-02,-1.37853080e-01,-1.74793031e-03,6.14463555e-03,-4.15728555e-03
7.00000000e+00,7.62975262e+02,-1.60899669e-01,1.08754119e-01,2.88049079e-02,-6.42594304e-02,-1.24217210e-01,2.17946596e+02,-1.74858760e-01,1.22390597e-01,5.45028666e+02,1.39590911e-02,-1.36364778e-02,3.04475198e-02,-7.27649161e-02,-1.21802378e-01,-1.64261186e-03,8.50548577e-03,-2.41483187e-03
8.00000000e+00,7.46977632e+02,-1.24496737e-01,9.76057814e-02,1.51195170e-02,-5.38209008e-02,-1.00091592e-01,2.22360470e+02,-1.38452144e-01,1.13186418e-01,5.24617162e+02,1.39554076e-02,-1.55806361e-02,1.63306843e-02,-6.33516857e-02,-9.81546158e-02,-1.21116731e-03,9.53078492e-03,-1.93697574e-03
9.00000000e+00,7.25154330e+02,-8.16157161e-02,6.87444345e-02,3.36216027e-03,-3.87521298e-02,-7.02174108e-02,2.24667827e+02,-9.39151631e-02,8.44027709e-02,5.00486503e+02,1.22994471e-02,-1.56583365e-02,4.18675684e-03,-4.83249613e-02,-6.77833736e-02,-8.24596567e-04,9.57283147e-03,-2.43403720e-03
1.00000000e+01,7.01145131e+02,-6.22007988e-02,5.82964023e-02,-7.45480088e-03,-3.86574337e-02,-5.64799439e-02,2.27751061e+02,-7.25665393e-02,7.41755107e-02,4.73394070e+02,1.03657404e-02,-1.58791085e-02,-7.54497308e-03,-4.84240334e-02,-5.34462107e-02,9.01721960e-05,9.76659967e-03,-3.03373326e-03
1.10000000e+01,6.72761210e+02,-2.93456255e-02,3.77475920e-02,-1.09800366e-02,-2.75761314e-02,-3.22209378e-02,2.28537512e+02,-3.80620832e-02,5.32655265e-02,4.44223698e+02,8.71645769e-03,-1.55179346e-02,-1.15255383e-02,-3.73564078e-02,-2.88159114e-02,5.45501669e-04,9.78027643e-03,-3.40502643e-03
1.20000000e+01,6.42985141e+02,-6.06637671e-03,2.64073453e-02,-7.72661698e-03,-2.18109278e-02,-1.44494318e-02,2.28836692e+02,-1.39742952e-02,4.20034837e-02,4.14148450e+02,7.90791845e-03,-1.55961384e-02,-8.51002886e-03,-3.18217554e-02,-1.12662753e-02,7.83411874e-04,1.00108277e-02,-3.18315654e-03
1.30000000e+01,6.13829679e+02,7.83770078e-03,5.08197263e-02,1.05827216e-03,-3.88127759e-02,-4.29364241e-03,2.30595183e+02,1.76564133e-04,6.66015943e-02,3.83234495e+02,7.66113664e-03,-1.57818680e-02,3.21257209e-04,-4.90642612e-02,-1.71647225e-03,7.37014953e-04,1.02514853e-02,-2.57717016e-03
1.40000000e+01,5.85842707e+02,3.22617847e-02,4.79215594e-02,5.53948890e-03,-3.93337866e-02,1.35083470e-02,2.33656830e+02,2.46487209e-02,6.39017610e-02,3.52185878e+02,7.61306379e-03,-1.59802017e-02,4.41158153e-03,-4.96846146e-02,1.53490140e-02,1.12790737e-03,1.03508280e-02,-1.84066700e-03
1.50000000e+01,5.57358060e+02,5.04461800e-02,4.74094613e-02,4.06624098e-02,-4.44991506e-02,2.70918706e-02,2.36122803e+02,4.32991474e-02,6.28680485e-02,3.21235258e+02,7.14703254e-03,-1.54585872e-02,3.88261592e-02,-5.44844360e-02,2.85178108e-02,1.83625059e-03,9.98528544e-03,-1.42594017e-03
1.60000000e+01,5.28635755e+02,5.77449818e-02,3.58362025e-02,8.12336764e-02,-4.26075700e-02,3.75871920e-02,2.37057909e+02,5.13390933e-02,5.05893419e-02,2.91577847e+02,6.40588852e-03,-1.47531394e-02,7.90202100e-02,-5.21312601e-02,3.87900900e-02,2.21346642e-03,9.52369017e-03,-1.20289807e-03
1.70000000e+01,5.00952106e+02,4.94484332e-02,1.51046544e-02,1.31422663e-01,-3.38696157e-02,4.17944956e-02,2.36157643e+02,4.39751869e-02,2.90932621e-02,2.64794463e+02,5.47324635e-03,-1.39886077e-02,1.29352048e-01,-4.28938310e-02,4.30226123e-02,2.07061540e-03,9.02421530e-03,-1.22811672e-03
1.80000000e+01,4.75004427e+02,2.27399982e-02,-6.25386567e-03,1.85546122e-01,-2.55593759e-02,3.48238517e-02,2.34351738e+02,1.81543565e-02,7.14845470e-03,2.40652690e+02,4.58564173e-03,-1.34023204e-02,1.83687453e-01,-3.42061929e-02,3.61557289e-02,1.85866909e-03,8.64681698e-03,-1.33187727e-03
1.90000000e+01,4.49652665e+02,-1.10246565e-02,-5.27863659e-02,2.56073165e-01,-5.25321741e-03,2.60986106e-02,2.30365424e+02,-1.47959296e-02,-3.94886487e-02,2.19287241e+02,3.77127316e-03,-1.32977172e-02,2.54431374e-01,-1.37761857e-02,2.75546533e-02,1.64179082e-03,8.52296830e-03,-1.45604268e-03
2.00000000e+01,4.26356260e+02,-5.52565908e-02,-9.80382445e-02,3.32071232e-01,1.46006974e-02,4.49907055e-03,2.26133736e+02,-5.84976150e-02,-8.49327780e-02,2.00222524e+02,3.24102423e-03,-1.31054665e-02,3.30127157e-01,6.18328816e-03,6.04403785e-03,1.94407477e-03,8.41740922e-03,-1.54496730e-03
2.10000000e+01,4.04288364e+02,-1.09267329e-01,-1.67334158e-01,4.27184917e-01,4.56459563e-02,-1.56405060e-02,2.20890751e+02,-1.12076212e-01,-1.54095597e-01,1.83397613e+02,2.80888274e-03,-1.32385603e-02,4.24846266e-01,3.72661578e-02,-1.40479689e-02,2.33865050e-03,8.37979849e-03,-1.59253717e-03
2.20000000e+01,3.85030658e+02,-1.85381480e-01,-2.36661154e-01,5.44457778e-01,7.80955255e-02,-5.77556823e-02,2.16549711e+02,-1.87765763e-01,-2.23236026e-01,1.68480947e+02,2.38428266e-03,-1.34251275e-02,5.41493254e-01,6.97068855e-02,-5.61137134e-02,2.96452360e-03,8.38864006e-03,-1.64196884e-03
2.30000000e+01,3.67768513e+02,-2.43484010e-01,-3.02683536e-01,6.86879827e-01,1.03862405e-01,-8.97852996e-02,2.12432233e+02,-2.45245230e-01,-2.89445271e-01,1.55336280e+02,1.76122031e-03,-1.32382642e-02,6.83101371e-01,9.56149683e-02,-8.80154930e-02,3.77845603e-03,8.24743651e-03,-1.76980662e-03
2.40000000e+01,3.53979008e+02,-3.15966786e-01,-3.77322504e-01,8.41042489e-01,1.40075965e-01,-1.32945094e-01,2.10256013e+02,-3.17451030e-01,-3.64730870e-01,1.43722994e+02,1.48424420e-03,-1.25916341e-02,8.36569519e-01,1.32129402e-01,-1.31157605e-01,4.47296991e-03,7.94656268e-03,-1.78748817e-03
2.50000000e+01,3.42613928e+02,-3.55631204e-01,-4.25288723e-01,9.82751002e-01,1.69817603e-01,-1.65363420e-01,2.09067334e+02,-3.57043301e-01,-4.13701712e-01,1.33546594e+02,1.41209715e-03,-1.15870109e-02,9.78276072e-01,1.62350769e-01,-1.63686898e-01,4.47493013e-03,7.46683424e-03,-1.67652172e-03
2.60000000e+01,3.34681206e+02,-3.85219533e-01,-4.34313365e-01,1.08302593e+00,1.86803112e-01,-1.98175878e-01,2.10040175e+02,-3.86855388e-01,-4.23870720e-01,1.24641031e+02,1.63585545e-03,-1.04426454e-02,1.07992854e+00,1.79786128e-01,-1.96791923e-01,3.09739261e-03,7.01698395e-03,-1.38395481e-03
2.70000000e+01,3.28729959e+02,-3.79384886e-01,-4.04490006e-01,1.12371726e+00,1.87094965e-01,-2.10071259e-01,2.11788073e+02,-3.81603153e-01,-3.95248003e-01,1.16941886e+02,2.21826674e-03,-9.24200321e-03,1.12274483e+00,1.80655220e-01,-2.09193700e-01,9.72433901e-04,6.43974409e-03,-8.77559371e-04
2.80000000e+01,3.25123566e+02,-3.59424738e-01,-3.27596740e-01,1.09218322e+00,1.67949259e-01,-2.19540474e-01,2.14858011e+02,-3.61950995e-01,-3.19912993e-01,1.10265556e+02,2.52625661e-03,-7.68374623e-03,1.09410071e+00,1.62351152e-01,-2.19046129e-01,-1.91748728e-03,5.59810659e-03,-4.94345260e-04
2.90000000e+01,3.22417294e+02,-3.30431363e-01,-2.31557523e-01,9.98273144e-01,1.32602508e-01,-2.15445351e-01,2.17950536e+02,-3.33921006e-01,-2.25322402e-01,1.04466758e+02,3.48964296e-03,-6.23512042e-03,1.00295090e+00,1.27964952e-01,-2.15583661e-01,-4.67775645e-03,4.63755627e-03,1.38309911e-04
3.00000000e+01,3.19979322e+02,-2.79895839e-01,-1.01080653e-01,8.63133825e-01,7.88909082e-02,-1.99335825e-01,2.20431268e+02,-2.84510149e-01,-9.62945452e-02,9.95480544e+01,4.61431010e-03,-4.78610738e-03,8.69836896e-01,7.52702316e-02,-2.00119772e-01,-6.70307085e-03,3.62067664e-03,7.83946823e-04
3.10000000e+01,3.17391796e+02,-2.16070416e-01,2.07806877e-02,7.09118611e-01,1.89263045e-02,-1.70656746e-01,2.22154971e+02,-2.21111305e-01,2.47836283e-02,9.52368253e+01,5.04088853e-03,-4.00294066e-03,7.16925449e-01,1.61856191e-02,-1.71909637e-01,-7.80683765e-03,2.74068533e-03,1.25289169e-03
3.20000000e+01,3.14141230e+02,-1.51191532e-01,1.48739849e-01,5.59766077e-01,-4.97821040e-02,-1.34875516e-01,2.22683600e+02,-1.56565664e-01,1.51727699e-01,9.14576300e+01,5.37413274e-03,-2.98784996e-03,5.67740382e-01,-5.17412262e-02,-1.36534485e-01,-7.97430493e-03,1.95912226e-03,1.65896939e-03
3.30000000e+01,3.10478630e+02,-7.58527981e-02,2.55752120e-01,4.27179729e-01,-1.16630801e-01,-8.53586955e-02,2.22438784e+02,-8.13852806e-02,2.59662012e-01,8.80398462e+01,5.53248253e-03,-3.90989181e-03,4.34579633e-01,-1.18495827e-01,-8.73755609e-02,-7.39990350e-03,1.86502609e-03,2.01686533e-03
3.40000000e+01,3.06272662e+02,-5.04641802e-03,3.50370095e-01,3.14154673e-01,-1.80009323e-01,-3.46269093e-02,2.21355835e+02,-1.08690217e-02,3.53940642e-01,8.49168274e+01,5.82260366e-03,-3.57054734e-03,3.20655785e-01,-1.81719416e-01,-3.69932277e-02,-6.50111271e-03,1.71009229e-03,2.36631845e-03
3.50000000e+01,3.01661030e+02,8.58606400e-02,3.92463093e-01,2.18184665e-01,-2.20812777e-01,3.38565730e-02,2.19663456e+02,8.00305142e-02,3.97588502e-01,8.19975743e+01,5.83012586e-03,-5.12540893e-03,2.23795142e-01,-2.22962272e-01,3.11824353e-02,-5.61047670e-03,2.14949493e-03,2.67413767e-03
3.60000000e+01,2.96615064e+02,1.61477506e-01,4.15622537e-01,1.33219130e-01,-2.45262811e-01,9.46671004e-02,2.17350345e+02,1.55691769e-01,4.20587847e-01,7.92647189e+01,5.78573708e-03,-4.96531014e-03,1.38148308e-01,-2.47759900e-01,9.18445799e-02,-4.92917813e-03,2.49708939e-03,2.82252044e-03
3.70000000e+01,2.91700048e+02,2.26046406e-01,3.91701551e-01,5.36414750e-02,-2.48593499e-01,1.51176968e-01,2.15028362e+02,2.20975445e-01,3.98697988e-01,7.66716862e+01,5.07096033e-03,-6.99643700e-03,5.80768747e-02,-2.51918820e-01,1.48469561e-01,-4.43539970e-03,3.32532093e-03,2.70740691e-03
3.80000000e+01,2.86991675e+02,2.67980362e-01,3.63552664e-01,-2.03955761e-02,-2.43031162e-01,1.92432862e-01,2.12799879e+02,2.63547728e-01,3.70308481e-01,7.41917964e+01,4.43263456e-03,-6.75581677e-03,-1.63923195e-02,-2.46924040e-01,1.90075609e-01,-4.00325660e-03,3.89287775e-03,2.35725304e-03
3.90000000e+01,2.82414173e+02,3.13050678e-01,3.03857507e-01,-8.37994144e-02,-2.19353267e-01,2.34700071e-01,2.10593258e+02,3.09755944e-01,3.12606539e-01,7.18209156e+01,3.29473406e-03,-8.74903164e-03,-8.02467250e-02,-2.24164976e-01,2.32813210e-01,-3.55268936e-03,4.81170815e-03,1.88686155e-03
4.00000000e+01,2.77968183e+02,3.27443430e-01,2.46436174e-01,-1.33629519e-01,-1.86543861e-01,2.51815334e-01,2.08418308e+02,3.24996393e-01,2.54432133e-01,6.95498746e+01,2.44703698e-03,-7.99595893e-03,-1.30661939e-01,-1.91767392e-01,2.50688816e-01,-2.96758090e-03,5.22353169e-03,1.12651791e-03
4.10000000e+01,2.73534933e+02,3.29887460e-01,1.62981189e-01,-1.67036970e-01,-1.39974200e-01,2.59351673e-01,2.06144920e+02,3.28892193e-01,1.72682974e-01,6.73900132e+01,9.95267174e-04,-9.70178461e-03,-1.64804492e-01,-1.45874590e-01,2.58941231e-01,-2.23247854e-03,5.90038998e-03,4.10442050e-04
4.20000000e+01,2.69148276e+02,3.12423084e-01,1.00856509e-01,-1.81366928e-01,-9.45897894e-02,2.47141277e-01,2.03815667e+02,3.11809192e-01,1.09269080e-01,6.53326090e+01,6.13891737e-04,-8.41257008e-03,-1.79998233e-01,-1.00628808e-01,2.47358690e-01,-1.36869510e-03,6.03901850e-03,-2.17413210e-04
4.30000000e+01,2.64768474e+02,2.74351470e-01,2.68586053e-02,-1.74315461e-01,-4.86429994e-02,2.21905238e-01,2.01386781e+02,2.75088114e-01,3.66231659e-02,6.33816937e+01,-7.36643605e-04,-9.76456062e-03,-1.73883891e-01,-5.49368275e-02,2.22778028e-01,-4.31570478e-04,6.29382808e-03,-8.72790011e-04
4.40000000e+01,2.60435560e+02,2.25764235e-01,9.77882452e-05,-1.46395694e-01,-2.06665170e-02,1.81736116e-01,1.98921054e+02,2.26244995e-01,7.70269197e-03,6.15145062e+01,-4.80760556e-04,-7.60490372e-03,-1.46895946e-01,-2.64369719e-02,1.82888824e-01,5.00252475e-04,5.77045483e-03,-1.15270796e-03
4.50000000e+01,2.56216457e+02,1.58885890e-01,-3.39517059e-02,-9.96382464e-02,5.46491434e-03,1.31571002e-01,1.96480960e+02,1.60332560e-01,-2.56452793e-02,5.97354976e+01,-1.44667070e-03,-8.30642660e-03,-1.00976313e-01,3.00261621e-05,1.33099343e-01,1.33806682e-03,5.43488817e-03,-1.52834086e-03
4.60000000e+01,2.52110634e+02,9.39176209e-02,-3.02076746e-02,-3.84179792e-02,1.49334468e-02,7.70443995e-02,1.94090156e+02,9.45757549e-02,-2.44934120e-02,5.80204775e+01,-6.58134027e-04,-5.71426267e-03,-4.04436485e-02,1.05897220e-02,7.84786072e-02,2.02566927e-03,4.34372481e-03,-1.43420770e-03
4.70000000e+01,2.48335700e+02,4.08393230e-02,-4.75648359e-02,3.11264795e-02,2.56863494e-02,3.62643902e-02,1.91958431e+02,4.23110576e-02,-4.11389362e-02,5.63772681e+01,-1.47173469e-03,-6.42589972e-03,2.85790427e-02,2.18172732e-02,3.78309673e-02,2.54743682e-03,3.86907624e-03,-1.56657706e-03
4.80000000e+01,2.44833560e+02,-5.82507706e-03,-1.72312829e-02,1.02510141e-01,1.56846680e-02,-6.32296790e-03,1.90040569e+02,-5.76173569e-03,-1.32968831e-02,5.47929914e+01,-6.33413671e-05,-3.93439974e-03,9.96364348e-02,1.28457191e-02,-5.28955172e-03,2.87370619e-03,2.83894896e-03,-1.03341618e-03
4.90000000e+01,2.41701608e+02,-4.52434267e-02,-1.42147476e-02,1.71758933e-01,1.44683499e-02,-3.70420160e-02,1.88422209e+02,-4.49180526e-02,-9.61538750e-03,5.32793988e+01,-3.25374092e-04,-4.59936011e-03,1.68788729e-01,1.21042428e-02,-3.63776116e-02,2.97020411e-03,2.36410709e-03,-6.64404475e-04
5.00000000e+01,2.38683388e+02,-8.99850438e-02,1.61145879e-02,2.35653115e-01,1.05770880e-03,-7.52326230e-02,1.86848482e+02,-9.17135334e-02,1.88301705e-02,5.18349066e+01,1.72848955e-03,-2.71558259e-03,2.32829706e-01,-5.29560452e-04,-7.55762014e-02,2.82340983e-03,1.58726925e-03,3.43578380e-04
5.10000000e+01,2.36076402e+02,-1.17952345e-01,1.05132312e-02,2.91378428e-01,-2.65305243e-03,-9.42080888e-02,1.85605755e+02,-1.20003580e-01,1.41592721e-02,5.04706475e+01,2.05123490e-03,-3.64604094e-03,2.88974380e-01,-4.03605436e-03,-9.54284040e-02,2.40404742e-03,1.38300193e-03,1.22031516e-03
5.20000000e+01,2.33555838e+02,-1.30782286e-01,3.47982220e-02,3.35965627e-01,-1.50464075e-02,-1.06310042e-01,1.84362849e+02,-1.34713699e-01,3.68083526e-02,4.91929893e+01,3.93141286e-03,-2.01013057e-03,3.34190592e-01,-1.60232327e-02,-1.08421796e-01,1.77503512e-03,9.76825163e-04,2.11175359e-03
5.30000000e+01,2.31446822e+02,-1.31271992e-01,2.96661172e-02,3.65590654e-01,-1.53751128e-02,-1.04387724e-01,1.83433587e+02,-1.35555233e-01,3.25722284e-02,4.80132347e+01,4.28324118e-03,-2.90611118e-03,3.64606452e-01,-1.63166365e-02,-1.07325659e-01,9.84202150e-04,9.41523708e-04,2.93793417e-03
5.40000000e+01,2.29556725e+02,-1.30546755e-01,4.17588300e-02,3.77553315e-01,-2.09842468e-02,-1.06056582e-01,1.82636845e+02,-1.35833165e-01,4.34641341e-02,4.69198795e+01,5.28640935e-03,-1.70530404e-03,3.77427563e-01,-2.17332631e-02,-1.09242322e-01,1.25751401e-04,7.49016297e-04,3.18574043e-03
5.50000000e+01,2.28010693e+02,-1.21954694e-01,3.14033851e-02,3.71349211e-01,-2.22485404e-02,-9.49407189e-02,1.82092196e+02,-1.26723228e-01,3.43087315e-02,4.59184970e+01,4.76853369e-03,-2.90534633e-03,3.72063569e-01,-2.31471340e-02,-9.82806537e-02,-7.14358671e-04,8.98593615e-04,3.33993473e-03
5.60000000e+01,2.26507744e+02,-1.06095396e-01,4.04752654e-02,3.49057791e-01,-2.74008179e-02,-8.30450384e-02,1.81514918e+02,-1.11562312e-01,4.22333692e-02,4.49928262e+01,5.46691619e-03,-1.75810381e-03,3.50482117e-01,-2.83466433e-02,-8.63104976e-02,-1.42432613e-03,9.45825386e-04,3.26545926e-03
5.70000000e+01,2.25230941e+02,-8.05839795e-02,3.16396459e-02,3.12879324e-01,-2.59480569e-02,-6.11230783e-02,1.81089843e+02,-8.47896821e-02,3.48184221e-02,4.41410982e+01,4.20570259e-03,-3.17877624e-03,3.14845589e-01,-2.72667046e-02,-6.39984291e-02,-1.96626487e-03,1.31864769e-03,2.87535076e-03
5.80000000e+01,2.23981553e+02,-5.49115218e-02,3.86674155e-02,2.66923117e-01,-2.86809366e-02,-4.40727635e-02,1.80638307e+02,-5.92983681e-02,4.05889086e-02,4.33432453e+01,4.38684634e-03,-1.92149316e-03,2.69247204e-01,-2.99066401e-02,-4.64493742e-02,-2.32408718e-03,1.22570354e-03,2.37661069e-03
5.90000000e+01,2.23008332e+02,-3.45967844e-02,2.16866575e-02,2.15025172e-01,-2.47269619e-02,-2.60616263e-02,1.80413298e+02,-3.74219662e-02,2.52969679e-02,4.25950344e+01,2.82518184e-03,-3.61031047e-03,2.17561103e-01,-2.64086243e-02,-2.78730175e-02,-2.53593133e-03,1.68166236e-03,1.81139118e-03
6.00000000e+01,2.22124643e+02,-1.48970285e-02,2.72810329e-02,1.60902887e-01,-2.62363735e-02,-1.32674034e-02,1.80248841e+02,-1.80532520e-02,2.96649605e-02,4.18758016e+01,3.15622346e-03,-2.38392753e-03,1.63500719e-01,-2.79851143e-02,-1.46574168e-02,-2.59783200e-03,1.74874089e-03,1.39001341e-03
6.10000000e+01,2.21515675e+02,-1.05862507e-02,2.04786714e-02,1.08250239e-01,-2.35335346e-02,-6.73719648e-03,1.80330620e+02,-1.23166834e-02,2.48824624e-02,4.11850542e+01,1.73043273e-03,-4.40379097e-03,1.10786837e-01,-2.60793187e-02,-7.65203185e-03,-2.53659803e-03,2.54578402e-03,9.14835370e-04
6.20000000e+01,2.20896290e+02,-1.15293576e-02,3.06278365e-02,6.04570592e-02,-2.58983791e-02,-9.39600296e-03,1.80389080e+02,-1.38098699e-02,3.45783457e-02,4.05072099e+01,2.28051235e-03,-3.95050917e-03,6.27869772e-02,-2.90253797e-02,-1.00486194e-02,-2.32991803e-03,3.12700053e-03,6.52616488e-04
6.30000000e+01,2.20481536e+02,-1.80159725e-02,2.49260095e-02,2.03932422e-02,-2.70776164e-02,-1.06221047e-02,1.80636301e+02,-1.93122437e-02,3.13035129e-02,3.98452352e+01,1.29627120e-03,-6.37750337e-03,2.24378382e-02,-3.12933837e-02,-1.12474275e-02,-2.04459607e-03,4.21576727e-03,6.25322724e-04
6.40000000e+01,2.19984532e+02,-1.41222266e-02,3.74318206e-02,-1.08388208e-02,-3.15306025e-02,-9.91297350e-03,1.80795483e+02,-1.63280164e-02,4.32702889e-02,3.91890486e+01,2.20578979e-03,-5.83846829e-03,-9.15467090e-03,-3.62249806e-02,-1.05931251e-02,-1.68414993e-03,4.69437816e-03,6.80151545e-04
6.50000000e+01,2.19624675e+02,-1.59144794e-02,4.10996643e-02,-3.41817277e-02,-3.50097221e-02,-8.47027445e-03,1.81077029e+02,-1.72279103e-02,4.85664240e-02,3.85476464e+01,1.31343096e-03,-7.46675965e-03,-3.28384588e-02,-4.02223562e-02,-9.19158088e-03,-1.34326886e-03,5.21263408e-03,7.21306435e-04
6.60000000e+01,2.19130348e+02,-1.86433770e-03,5.41579860e-02,-5.12264010e-02,-4.07549113e-02,-2.37588510e-03,1.81214809e+02,-4.27211063e-03,6.06011998e-02,3.79155385e+01,2.40777293e-03,-6.44321388e-03,-5.02218336e-02,-4.58153844e-02,-3.27316317e-03,-1.00456737e-03,5.06047309e-03,8.97278070e-04
6.70000000e+01,2.18727809e+02,8.01040347e-03,5.38850673e-02,-6.35771852e-02,-4.57936375e-02,5.95324930e-03,1.81425126e+02,6.37229837e-03,6.14257223e-02,3.73026832e+01,1.63810511e-03,-7.54065507e-03,-6.28444727e-02,-5.09190552e-02,4.91415704e-03,-7.32712543e-04,5.12541769e-03,1.03909226e-03
6.80000000e+01,2.18147981e+02,2.59318332e-02,6.52215629e-02,-7.17749339e-02,-5.20437841e-02,1.56341221e-02,1.81437236e+02,2.31704723e-02,7.13301926e-02,3.67107455e+01,2.76136089e-03,-6.10862978e-03,-7.12948654e-02,-5.67433618e-02,1.43658373e-02,-4.80068461e-04,4.69957775e-03,1.26828483e-03
6.90000000e+01,2.17637652e+02,3.21230774e-02,6.44612427e-02,-7.69670194e-02,-5.30895268e-02,2.24296340e-02,1.81492837e+02,3.01631708e-02,7.12590565e-02,3.61448154e+01,1.95990657e-03,-6.79781384e-03,-7.66422800e-02,-5.76570970e-02,2.10395721e-02,-3.24739388e-04,4.56757021e-03,1.39006189e-03
7.00000000e+01,2.16966822e+02,4.19167908e-02,6.34578641e-02,-8.04763746e-02,-5.02047263e-02,2.73057540e-02,1.81364570e+02,3.88978560e-02,6.94894676e-02,3.56022521e+01,3.01893488e-03,-6.03160349e-03,-8.02724164e-02,-5.47620280e-02,2.57451268e-02,-2.03958120e-04,4.55730167e-03,1.56062722e-03
7.10000000e+01,2.16346689e+02,4.10274903e-02,4.68832286e-02,-8.44586513e-02,-4.30015202e-02,2.94159260e-02,1.81258620e+02,3.87581436e-02,5.36620913e-02,3.50880687e+01,2.26934664e-03,-6.77886268e-03,-8.42721675e-02,-4.75125182e-02,2.77720810e-02,-1.86483860e-04,4.51099800e-03,1.64384509e-03
7.20000000e+01,2.15653093e+02,4.82450154e-02,4.16230907e-02,-8.97687027e-02,-3.60776033e-02,3.17189101e-02,1.81057956e+02,4.48984260e-02,4.75114637e-02,3.45951376e+01,3.34658937e-03,-5.88837301e-03,-8.95826376e-02,-4.05782308e-02,2.99218203e-02,-1.86065025e-04,4.50062745e-03,1.79708981e-03
7.30000000e+01,2.15050559e+02,4.40959016e-02,2.73779353e-02,-9.76103867e-02,-2.59845062e-02,3.09385286e-02,1.80922332e+02,4.14667184e-02,3.40507487e-02,3.41282273e+01,2.62918318e-03,-6.67281346e-03,-9.73598715e-02,-3.05215611e-02,2.90833143e-02,-2.50515170e-04,4.53705497e-03,1.85521431e-03
7.40000000e+01,2.14428766e+02,4.52930766e-02,1.95186026e-02,-1.07710443e-01,-1.76186555e-02,2.84119689e-02,1.80749194e+02,4.16106419e-02,2.54123439e-02,3.36795725e+01,3.68243465e-03,-5.89374127e-03,-1.07434980e-01,-2.20540391e-02,2.63586443e-02,-2.75462565e-04,4.43538363e-03,2.05332469e-03
7.50000000e+01,2.13947896e+02,3.73087168e-02,4.85460264e-03,-1.18798404e-01,-1.08304011e-02,2.50482896e-02,1.80695684e+02,3.45771724e-02,1.15911277e-02,3.32522112e+01,2.73154442e-03,-6.73652506e-03,-1.18470751e-01,-1.53870159e-02,2.30773112e-02,-3.27652154e-04,4.55661473e-03,1.97097845e-03
7.60000000e+01,2.13463459e+02,3.65855896e-02,6.01308226e-03,-1.28703626e-01,-7.64637635e-03,2.22872201e-02,1.80628623e+02,3.33801969e-02,1.15317796e-02,3.28348362e+01,3.20539268e-03,-5.51869730e-03,-1.28387122e-01,-1.18509395e-02,2.05660020e-02,-3.16504065e-04,4.20456310e-03,1.72121809e-03
7.70000000e+01,2.13019065e+02,2.98946394e-02,6.01130758e-03,-1.37322785e-01,-6.75765454e-03,1.99507054e-02,1.80586706e+02,2.77369921e-02,1.21421262e-02,3.24323592e+01,2.15764735e-03,-6.13081859e-03,-1.36974696e-01,-1.09268594e-02,1.84179370e-02,-3.48088863e-04,4.16920484e-03,1.53276847e-03
7.80000000e+01,2.12457216e+02,3.46519046e-02,1.09779161e-02,-1.45073462e-01,-7.38413809e-03,2.00458777e-02,1.80426384e+02,3.20627000e-02,1.58330897e-02,3.20308325e+01,2.58920467e-03,-4.85517354e-03,-1.44746208e-01,-1.09847983e-02,1.87992234e-02,-3.27253942e-04,3.60066020e-03,1.24665429e-03
7.90000000e+01,2.11839889e+02,2.59140336e-02,5.89772931e-03,-1.53569808e-01,-7.28635847e-03,1.66448926e-02,1.80203302e+02,2.46893697e-02,1.09793679e-02,3.16365869e+01,1.22466391e-03,-5.08163864e-03,-1.53212887e-01,-1.05167065e-02,1.58153299e-02,-3.56921784e-04,3.23034804e-03,8.29562632e-04
8.00000000e+01,2.11059789e+02,1.71250471e-02,9.70465139e-03,-1.63033990e-01,-7.42697295e-03,9.28017590e-03,1.79816428e+02,1.53874123e-02,1.35077193e-02,3.12433612e+01,1.73763476e-03,-3.80306788e-03,-1.62722227e-01,-1.02359317e-02,8.63598104e-03,-3.11762317e-04,2.80895872e-03,6.44194861e-04
8.10000000e+01,2.10196788e+02,1.98409242e-03,7.68929033e-03,-1.73683581e-01,-6.52111830e-03,2.31481016e-03,1.79341747e+02,1.43450732e-03,1.18403552e-02,3.08550404e+01,5.49585101e-04,-4.15106489e-03,-1.73393226e-01,-9.10850657e-03,2.00286815e-03,-2.90354969e-04,2.58738827e-03,3.11942003e-04
8.20000000e+01,2.09256712e+02,2.29280123e-03,4.69400608e-03,-1.84606512e-01,-2.95024026e-03,4.55335506e-04,1.78785358e+02,1.20057023e-03,7.77239006e-03,3.04713543e+01,1.09223099e-03,-3.07838398e-03,-1.84431208e-01,-5.15590241e-03,3.72320252e-04,-1.75303467e-04,2.20566215e-03,8.30152541e-05
8.30000000e+01,2.08311206e+02,1.55779429e-04,-1.07722396e-02,-1.95749079e-01,3.29288505e-03,1.63878829e-03,1.78207890e+02,4.50850710e-04,-7.23656917e-03,3.01033165e+01,-2.95071281e-04,-3.53567047e-03,-1.95638944e-01,1.22227333e-03,2.06725508e-03,-1.10134730e-04,2.07061172e-03,-4.28466789e-04
8.40000000e+01,2.07381380e+02,7.87003430e-03,-1.19656309e-02,-2.06014447e-01,6.28644591e-03,5.12766279e-03,1.77638863e+02,8.28354001e-03,-9.20272316e-03,2.97425169e+01,-4.13505701e-04,-2.76290776e-03,-2.06037763e-01,4.24373585e-03,6.26740484e-03,2.33163160e-05,2.04271006e-03,-1.13974205e-03
8.50000000e+01,2.06455147e+02,1.01395943e-02,-1.37655059e-02,-2.16046760e-01,5.77054619e-03,9.02809579e-03,1.77062428e+02,1.26028358e-02,-1.05704773e-02,2.93927191e+01,-2.46324153e-03,-3.19502856e-03,-2.16131636e-01,3.86453536e-03,1.12143766e-02,8.48752200e-05,1.90601083e-03,-2.18628084e-03
8.60000000e+01,2.05473668e+02,2.30645188e-02,-6.90441011e-03,-2.25382837e-01,9.26853493e-04,1.50703595e-02,1.76422709e+02,2.55268769e-02,-4.43768949e-03,2.90509588e+01,-2.46235802e-03,-2.46672062e-03,-2.25596204e-01,-8.53081643e-04,1.78616444e-02,2.13366682e-04,1.77993514e-03,-2.79128491e-03
8.70000000e+01,2.04531298e+02,2.96813142e-02,-4.80249363e-03,-2.34348376e-01,-5.28678875e-03,2.07760868e-02,1.75809834e+02,3.41838374e-02,-2.22709004e-03,2.87214635e+01,-4.50252322e-03,-2.57540359e-03,-2.34622364e-01,-6.66544531e-03,2.45881296e-02,2.73988709e-04,1.37865656e-03,-3.81204285e-03
8.80000000e+01,2.03628951e+02,4.10927495e-02,6.76395952e-03,-2.42335641e-01,-1.15862582e-02,2.55712506e-02,1.75231528e+02,4.57115681e-02,7.94640196e-03,2.83974227e+01,-4.61881858e-03,-1.18244244e-03,-2.42739433e-01,-1.23988980e-02,3.00627744e-02,4.03792390e-04,8.12639820e-04,-4.49152382e-03
8.90000000e+01,2.02823254e+02,4.17814744e-02,8.75007518e-03,-2.49526579e-01,-1.39463541e-02,2.63676341e-02,1.74736488e+02,4.84212075e-02,1.01737514e-02,2.80867666e+01,-6.63973319e-03,-1.42367625e-03,-2.49990418e-01,-1.44877603e-02,3.19169782e-02,4.63839374e-04,5.41406247e-04,-5.54934415e-03
9.00000000e+01,2.02129243e+02,4.40545504e-02,1.06946181e-02,-2.54830696e-01,-1.38657409e-02,2.38462294e-02,1.74348420e+02,5.06727854e-02,1.11289834e-02,2.77808224e+01,-6.61823501e-03,-4.34365266e-04,-2.55417605e-01,-1.40550129e-02,2.99403348e-02,5.86909103e-04,1.89272049e-04,-6.09410543e-03
9.10000000e+01,2.01604902e+02,3.34558599e-02,3.67319031e-03,-2.59148985e-01,-1.17242913e-02,1.71386980e-02,1.74118624e+02,4.16836115e-02,4.13270333e-03,2.74862783e+01,-8.22775159e-03,-4.59513023e-04,-2.59783052e-01,-1.15112325e-02,2.39137172e-02,6.34066885e-04,-2.13058844e-04,-6.77501917e-03
9.20000000e+01,2.01187349e+02,2.92671879e-02,7.84466147e-03,-2.62209075e-01,-1.10051311e-02,1.15715150e-02,1.73990712e+02,3.69024622e-02,6.98550735e-03,2.71966373e+01,-7.63527426e-03,8.59154126e-04,-2.62963116e-01,-1.02997711e-02,1.84264977e-02,7.54040752e-04,-7.05360007e-04,-6.85498264e-03
9.30000000e+01,2.00932281e+02,1.93967605e-02,1.06502928e-02,-2.64952514e-01,-1.27307535e-02,6.29339420e-03,1.74014951e+02,2.79959150e-02,1.00444713e-02,2.69173298e+01,-8.59915449e-03,6.05821524e-04,-2.65768029e-01,-1.18113608e-02,1.33630156e-02,8.15514533e-04,-9.19392666e-04,-7.06962140e-03
9.40000000e+01,2.00744519e+02,1.94359994e-02,1.80828410e-02,-2.66402831e-01,-1.65848744e-02,3.82308054e-03,1.74102019e+02,2.72277816e-02,1.69909085e-02,2.66424996e+01,-7.79178218e-03,1.09193250e-03,-2.67362378e-01,-1.56876398e-02,1.07741865e-02,9.59547756e-04,-8.97234605e-04,-6.95110596e-03
9.50000000e+01,2.00676426e+02,1.48246824e-02,1.63074580e-02,-2.66895657e-01,-1.89272847e-02,2.56348980e-03,1.74300889e+02,2.33118279e-02,1.64439682e-02,2.63755372e+01,-8.48714547e-03,-1.36510253e-04,-2.67940867e-01,-1.85472384e-02,9.47947021e-03,1.04521022e-03,-3.80046276e-04,-6.91598041e-03
9.60000000e+01,2.00600266e+02,2.04030832e-02,1.84219770e-02,-2.65471837e-01,-1.85509786e-02,4.91712046e-03,1.74488619e+02,2.77866112e-02,1.84627481e-02,2.61116467e+01,-7.38352804e-03,-4.07710915e-05,-2.66670132e-01,-1.85929616e-02,1.14559364e-02,1.19829544e-03,4.19830816e-05,-6.53881595e-03
9.70000000e+01,2.00553782e+02,2.04495221e-02,1.23308939e-02,-2.63044421e-01,-1.52547654e-02,7.16241811e-03,1.74697453e+02,2.86223186e-02,1.38174388e-02,2.58563284e+01,-8.17279652e-03,-1.48654490e-03,-2.64322420e-01,-1.60051193e-02,1.37862072e-02,1.27799832e-03,7.50353920e-04,-6.62378911e-03
9.80000000e+01,2.00479684e+02,2.79351652e-02,8.34927245e-03,-2.59312747e-01,-1.14987024e-02,1.11571932e-02,1.74873975e+02,3.51742826e-02,9.61463130e-03,2.56057091e+01,-7.23911736e-03,-1.26535884e-03,-2.60717450e-01,-1.24584095e-02,1.75512629e-02,1.40470313e-03,9.59707108e-04,-6.39406975e-03
9.90000000e+01,2.00442885e+02,2.66712970e-02,-3.11490399e-04,-2.55334859e-01,-8.47461472e-03,1.31260410e-02,1.75076799e+02,3.50763367e-02,1.81091483e-03,2.53660854e+01,-8.40503971e-03,-2.12240523e-03,-2.56787027e-01,-9.69016073e-03,1.99105316e-02,1.45216754e-03,1.21554601e-03,-6.78449056e-03
1.00000000e+02,2.00427130e+02,2.72006937e-02,3.53213671e-03,-2.50372480e-01,-8.80657688e-03,1.37537616e-02,1.75296316e+02,3.48079932e-02,4.97397176e-03,2.51308144e+01,-7.60729957e-03,-1.44183505e-03,-2.51919074e-01,-9.98367557e-03,2.03971371e-02,1.54659479e-03,1.17709869e-03,-6.64337549e-03
1.01000000e+02,2.00466400e+02,1.88246779e-02,6.16296316e-03,-2.45180618e-01,-1.11644329e-02,1.14007971e-02,1.75560083e+02,2.73477927e-02,8.10851744e-03,2.49063171e+01,-8.52311483e-03,-1.94555428e-03,-2.46745810e-01,-1.23234603e-02,1.82830280e-02,1.56519162e-03,1.15902740e-03,-6.88223093e-03
1.02000000e+02,2.00515170e+02,1.57188484e-02,1.29346307e-02,-2.38891256e-01,-1.47832792e-02,9.44089460e-03,1.75828874e+02,2.31166954e-02,1.40953903e-02,2.46862960e+01,-7.39784692e-03,-1.16075959e-03,-2.40519762e-01,-1.57130097e-02,1.59105186e-02,1.62850537e-03,9.29730519e-04,-6.46962403e-03
1.03000000e+02,2.00618757e+02,7.82762160e-03,1.16114907e-02,-2.32563581e-01,-1.71758209e-02,8.36859907e-03,1.76140792e+02,1.54262623e-02,1.30805725e-02,2.44779650e+01,-7.59864074e-03,-1.46908172e-03,-2.34166775e-01,-1.79134471e-02,1.44672182e-02,1.60319397e-03,7.37626186e-04,-6.09861917e-03
1.04000000e+02,2.00698750e+02,8.98012632e-03,1.66324795e-02,-2.25808079e-01,-1.82878539e-02,1.04229073e-02,1.76424964e+02,1.48214457e-02,1.74966008e-02,2.42737862e+01,-5.84131942e-03,-8.64121387e-04,-2.27428645e-01,-1.90044884e-02,1.55979866e-02,1.62056617e-03,7.16634502e-04,-5.17507928e-03
1.05000000e+02,2.00779516e+02,8.68033324e-03,1.42878313e-02,-2.20011408e-01,-1.73210595e-02,1.43204392e-02,1.76699502e+02,1.40497568e-02,1.59809560e-02,2.40800141e+01,-5.36942357e-03,-1.69312474e-03,-2.21557921e-01,-1.82777521e-02,1.86412462e-02,1.54651312e-03,9.56692584e-04,-4.32080696e-03
1.06000000e+02,2.00771512e+02,1.55589585e-02,1.25152169e-02,-2.14841890e-01,-1.48907317e-02,1.89722835e-02,1.76881677e+02,1.91697772e-02,1.41554061e-02,2.38898347e+01,-3.61081876e-03,-1.64018924e-03,-2.16372712e-01,-1.61699254e-02,2.23575531e-02,1.53082142e-03,1.27919371e-03,-3.38526960e-03
1.07000000e+02,2.00701449e+02,1.61648575e-02,4.51095243e-03,-2.11120571e-01,-1.26309673e-02,2.31488077e-02,1.76993540e+02,1.89837237e-02,7.11323347e-03,2.37079091e+01,-2.81886620e-03,-2.60228104e-03,-2.12563026e-01,-1.42763691e-02,2.53823818e-02,1.44245409e-03,1.64540181e-03,-2.23357413e-03
1.08000000e+02,2.00478221e+02,1.94153520e-02,8.13201200e-03,-2.07623861e-01,-1.28693157e-02,2.64646401e-02,1.76950846e+02,1.98404334e-02,1.03892431e-02,2.35273751e+01,-4.25081373e-04,-2.25723111e-03,-2.09049780e-01,-1.47039148e-02,2.72365154e-02,1.42591900e-03,1.83459909e-03,-7.71875289e-04
1.09000000e+02,2.00141338e+02,1.69095815e-02,9.49656870e-03,-2.04934466e-01,-1.46732873e-02,2.92225181e-02,1.76786422e+02,1.57729321e-02,1.23116905e-02,2.33549161e+01,1.13664944e-03,-2.81512177e-03,-2.06281525e-01,-1.65524143e-02,2.82931338e-02,1.34705942e-03,1.87912696e-03,9.29384287e-04
1.10000000e+02,1.99664537e+02,1.93670258e-02,1.29324099e-02,-2.02118957e-01,-1.60775041e-02,3.22872722e-02,1.76479202e+02,1.52868556e-02,1.51683195e-02,2.31853353e+01,4.08017024e-03,-2.23590955e-03,-2.03459512e-01,-1.78722749e-02,2.94625230e-02,1.34055547e-03,1.79477077e-03,2.82474924e-03
1.11000000e+02,1.99112815e+02,1.56429110e-02,1.01635903e-02,-2.00058688e-01,-1.72857972e-02,3.45585789e-02,1.76088931e+02,1.03686037e-02,1.27236652e-02,2.30238843e+01,5.27430722e-03,-2.56007487e-03,-2.01330140e-01,-1.89307027e-02,3.03205588e-02,1.27145189e-03,1.64490546e-03,4.23802017e-03
1.12000000e+02,1.98446763e+02,1.73611522e-02,1.71058130e-02,-1.97870221e-01,-1.94815233e-02,3.72459740e-02,1.75581294e+02,9.98337536e-03,1.83864216e-02,2.28654681e+01,7.37777686e-03,-1.28060859e-03,-1.99146713e-01,-2.05389245e-02,3.18178725e-02,1.27649238e-03,1.05740118e-03,5.42810154e-03
1.13000000e+02,1.97740022e+02,1.45886281e-02,1.96223993e-02,-1.96400141e-01,-2.24203875e-02,3.86211109e-02,1.75024261e+02,7.48812226e-03,2.04954973e-02,2.27157609e+01,7.10050582e-03,-8.73098030e-04,-1.97615057e-01,-2.27093953e-02,3.30237373e-02,1.21491629e-03,2.89007838e-04,5.59737360e-03
1.14000000e+02,1.96989145e+02,1.78603976e-02,2.36490563e-02,-1.94853229e-01,-2.61001396e-02,3.88133676e-02,1.74421383e+02,1.10254125e-02,2.28820595e-02,2.25677619e+01,6.83498505e-03,7.66996816e-04,-1.96077783e-01,-2.53734387e-02,3.39299246e-02,1.22455445e-03,-7.26700902e-04,4.88344299e-03
1.15000000e+02,1.96286728e+02,1.62095814e-02,2.08735587e-02,-1.93885644e-01,-2.97063685e-02,3.72697220e-02,1.73859789e+02,1.17350177e-02,1.94045543e-02,2.24269389e+01,4.47456369e-03,1.46900445e-03,-1.95055918e-01,-2.79760838e-02,3.38423418e-02,1.17027437e-03,-1.73028464e-03,3.42738020e-03
1.16000000e+02,1.95606220e+02,1.84380474e-02,2.60353544e-02,-1.92544926e-01,-3.31595581e-02,3.45825470e-02,1.73318586e+02,1.52229632e-02,2.26058792e-02,2.22876338e+01,3.21508419e-03,3.42947529e-03,-1.93735583e-01,-3.02467434e-02,3.25917186e-02,1.19065660e-03,-2.91281472e-03,1.99082841e-03
1.17000000e+02,1.95003092e+02,1.65279286e-02,2.71056229e-02,-1.91787020e-01,-3.58821073e-02,3.13727352e-02,1.72846370e+02,1.49367133e-02,2.26663661e-02,2.21567220e+01,1.59121530e-03,4.43925683e-03,-1.92934536e-01,-3.17305752e-02,3.02333079e-02,1.14751620e-03,-4.15153206e-03,1.13942736e-03
1.18000000e+02,1.94401719e+02,2.08956780e-02,2.80421230e-02,-1.90604461e-01,-3.69849753e-02,2.91768725e-02,1.72373357e+02,1.87200029e-02,2.13684824e-02,2.20283620e+01,2.17567517e-03,6.67364055e-03,-1.91785255e-01,-3.13892806e-02,2.79790013e-02,1.18079344e-03,-5.59569471e-03,1.19787129e-03
1.19000000e+02,1.93825165e+02,2.06393563e-02,2.36432071e-02,-1.89850902e-01,-3.82866005e-02,2.77393090e-02,1.71917178e+02,1.80594195e-02,1.54407385e-02,2.19079861e+01,2.57993684e-03,8.20246856e-03,-1.91007513e-01,-3.11017778e-02,2.57498429e-02,1.15661113e-03,-7.18482271e-03,1.98946614e-03
1.20000000e+02,1.93190978e+02,2.47771356e-02,2.78276315e-02,-1.88617041e-01,-4.07309216e-02,2.77063837e-02,1.71403085e+02,1.97736535e-02,1.68567005e-02,2.17878927e+01,5.00348211e-03,1.09709310e-02,-1.89824950e-01,-3.17720226e-02,2.41823533e-02,1.20790884e-03,-8.95889894e-03,3.52403041e-03
1.21000000e+02,1.92519285e+02,2.46675404e-02,2.83510326e-02,-1.87766428e-01,-4.39230018e-02,2.78419951e-02,1.70844765e+02,1.77295048e-02,1.57711584e-02,2.16745197e+01,6.93803553e-03,1.25798741e-02,-1.88958267e-01,-3.33004822e-02,2.23701206e-02,1.19183967e-03,-1.06225196e-02,5.47187453e-03
1.22000000e+02,1.91772065e+02,3.05190004e-02,2.90562507e-02,-1.86571781e-01,-4.61958483e-02,2.87950988e-02,1.70209448e+02,2.02491370e-02,1.42910366e-02,2.15626170e+01,1.02698634e-02,1.47652141e-02,-1.87812076e-01,-3.41796621e-02,2.10942815e-02,1.24029434e-03,-1.20161862e-02,7.70081731e-03
1.23000000e+02,1.91047034e+02,3.12323981e-02,2.41367658e-02,-1.85883055e-01,-4.82752783e-02,2.91563499e-02,1.69586678e+02,1.90960107e-02,8.84353392e-03,2.14603561e+01,1.21363874e-02,1.52932319e-02,-1.87101370e-01,-3.54820568e-02,1.95704907e-02,1.21831576e-03,-1.27932215e-02,9.58585915e-03
1.24000000e+02,1.90332132e+02,3.45708944e-02,2.69791424e-02,-1.84795195e-01,-5.00580497e-02,2.87054594e-02,1.68970427e+02,1.99592196e-02,1.11499090e-02,2.13617045e+01,1.46116749e-02,1.58292334e-02,-1.86056907e-01,-3.72695885e-02,1.75670901e-02,1.26171190e-03,-1.27884612e-02,1.11383694e-02
1.25000000e+02,1.89680690e+02,3.28589828e-02,2.47602596e-02,-1.84284903e-01,-5.07888598e-02,2.70186133e-02,1.68408861e+02,1.77744774e-02,1.05397995e-02,2.12718286e+01,1.50845054e-02,1.42204601e-02,-1.85517293e-01,-3.89226024e-02,1.51193207e-02,1.23238925e-03,-1.18662574e-02,1.18992925e-02
1.26000000e+02,1.89041848e+02,3.55069502e-02,2.20643853e-02,-1.83614091e-01,-4.95710947e-02,2.51434256e-02,1.67856785e+02,1.96824955e-02,9.53837558e-03,2.11850634e+01,1.58244547e-02,1.25260097e-02,-1.84880661e-01,-3.94475859e-02,1.30679962e-02,1.26657018e-03,-1.01235087e-02,1.20754294e-02
1.27000000e+02,1.88478391e+02,3.15693670e-02,1.37166494e-02,-1.83690445e-01,-4.70386040e-02,2.23031715e-02,1.67372405e+02,1.70094899e-02,4.86317956e-03,2.11059858e+01,1.45598772e-02,8.85346980e-03,-1.84920157e-01,-3.95531829e-02,1.08286816e-02,1.22971213e-03,-7.48542111e-03,1.14744899e-02
1.28000000e+02,1.87946547e+02,3.02598865e-02,1.30096588e-02,-1.83542474e-01,-4.36073578e-02,1.97774538e-02,1.66918001e+02,1.63398710e-02,7.29192251e-03,2.10285461e+01,1.39200155e-02,5.71773628e-03,-1.84801455e-01,-3.91151339e-02,9.22841487e-03,1.25898152e-03,-4.49222394e-03,1.05490390e-02
1.29000000e+02,1.87472416e+02,2.41725121e-02,7.92829569e-03,-1.83983855e-01,-3.92727454e-02,1.63239903e-02,1.66515808e+02,1.26094818e-02,6.56537209e-03,2.09566073e+01,1.15630303e-02,1.36292359e-03,-1.85199131e-01,-3.79185117e-02,7.29481047e-03,1.21527665e-03,-1.35423368e-03,9.02917983e-03
1.30000000e+02,1.86967845e+02,2.23311428e-02,4.10177604e-03,-1.84079446e-01,-3.43629331e-02,1.21322316e-02,1.66082642e+02,1.28046567e-02,5.51796419e-03,2.08852030e+01,9.52648609e-03,-1.41618814e-03,-1.85317260e-01,-3.56030287e-02,5.19452913e-03,1.23781425e-03,1.24009555e-03,6.93770247e-03
1.31000000e+02,1.86479354e+02,1.46910979e-02,-2.48517491e-03,-1.84594143e-01,-3.11582544e-02,5.47620764e-03,1.65659367e+02,9.32933812e-03,1.33906450e-03,2.08199866e+01,5.36175979e-03,-3.82423942e-03,-1.85789049e-01,-3.39411592e-02,1.55594302e-03,1.19490609e-03,2.78290480e-03,3.92026462e-03
1.32000000e+02,1.85976581e+02,9.27260095e-03,-3.07347487e-04,-1.84485595e-01,-2.90494242e-02,-4.00903945e-03,1.65219998e+02,8.14592591e-03,3.82095659e-03,2.07565827e+01,1.12667504e-03,-4.12830407e-03,-1.85709734e-01,-3.24265367e-02,-4.07365753e-03,1.22413954e-03,3.37711255e-03,6.46180792e-05
1.33000000e+02,1.85530101e+02,-3.68396591e-04,-7.50687981e-04,-1.84680716e-01,-2.84055178e-02,-1.57171400e-02,1.64831019e+02,4.09425404e-03,3.73420708e-03,2.06990824e+01,-4.46265063e-03,-4.48489506e-03,-1.85868309e-01,-3.16038116e-02,-1.16661912e-02,1.18759244e-03,3.19829384e-03,-4.05094879e-03
1.34000000e+02,1.85069590e+02,-4.50198704e-03,-1.15038628e-03,-1.84412264e-01,-2.66606062e-02,-2.68868276e-02,1.64427492e+02,4.46942729e-03,2.91622972e-03,2.06420985e+01,-8.97141433e-03,-4.06661600e-03,-1.85634354e-01,-2.97937565e-02,-1.88698662e-02,1.22209007e-03,3.13315028e-03,-8.01696145e-03
1.35000000e+02,1.84671090e+02,-1.09318402e-02,-5.52036780e-03,-1.84524356e-01,-2.56459026e-02,-3.52776680e-02,1.64080203e+02,2.07108229e-03,-9.17158823e-04,2.05908869e+01,-1.30029225e-02,-4.60320898e-03,-1.85714913e-01,-2.88112551e-02,-2.45149892e-02,1.19055664e-03,3.16535248e-03,-1.07626788e-02
1.36000000e+02,1.84258866e+02,-1.13075817e-02,-1.54806636e-03,-1.84065590e-01,-2.52862519e-02,-3.86266847e-02,1.63717728e+02,2.75061878e-03,2.90362232e-03,2.05411382e+01,-1.40582005e-02,-4.45168868e-03,-1.85294938e-01,-2.87420518e-02,-2.67692713e-02,1.22934786e-03,3.45579990e-03,-1.18574134e-02
1.37000000e+02,1.83906496e+02,-1.34096373e-02,-2.22757093e-03,-1.83903314e-01,-2.52528232e-02,-3.70067652e-02,1.63408871e+02,3.44726948e-04,3.27597467e-03,2.04976253e+01,-1.37543643e-02,-5.50354560e-03,-1.85099627e-01,-2.91575638e-02,-2.59035743e-02,1.19631286e-03,3.90474062e-03,-1.11031909e-02
1.38000000e+02,1.83550885e+02,-7.00502379e-03,-2.54580112e-03,-1.83335568e-01,-2.45936066e-02,-2.89724745e-02,1.63095921e+02,2.46908820e-03,2.63261003e-03,2.04549644e+01,-9.47411199e-03,-5.17841115e-03,-1.84562761e-01,-2.85976321e-02,-2.10088225e-02,1.22719292e-03,4.00402548e-03,-7.96365206e-03
1.39000000e+02,1.83231174e+02,-2.16527197e-03,-7.66976214e-03,-1.83160611e-01,-2.38927512e-02,-1.63119281e-02,1.62812435e+02,1.35935388e-03,-2.16970856e-03,2.04187395e+01,-3.52462586e-03,-5.50005358e-03,-1.84346445e-01,-2.78232521e-02,-1.35865126e-02,1.18583380e-03,3.93050088e-03,-2.72541545e-03
1.40000000e+02,1.82912865e+02,8.38404282e-03,-2.97283299e-03,-1.82504196e-01,-2.37006811e-02,5.58874437e-04,1.62527907e+02,2.13221519e-03,1.24704182e-03,2.03849586e+01,6.25182763e-03,-4.21987481e-03,-1.83713801e-01,-2.70634023e-02,-4.25010365e-03,1.20960493e-03,3.36272114e-03,4.80897809e-03
1.41000000e+02,1.82652366e+02,1.59214827e-02,-2.11212469e-03,-1.82240156e-01,-2.33356769e-02,1.85405013e-02,1.62293260e+02,-5.86746406e-05,1.66657057e-03,2.03591059e+01,1.59801574e-02,-3.77869526e-03,-1.83402607e-01,-2.59748158e-02,5.51017834e-03,1.16245118e-03,2.63913886e-03,1.30303229e-02
1.42000000e+02,1.82378466e+02,2.89927815e-02,-2.66504538e-04,-1.81638179e-01,-2.17115650e-02,3.69052908e-02,1.62046387e+02,2.33917860e-03,2.16667875e-03,2.03320794e+01,2.66536029e-02,-2.43318329e-03,-1.82820388e-01,-2.36278713e-02,1.56996764e-02,1.18220861e-03,1.91630626e-03,2.12056144e-02
1.43000000e+02,1.82135522e+02,3.57391841e-02,-3.95188227e-03,-1.81475279e-01,-1.99844452e-02,5.22067526e-02,1.61826249e+02,1.41505784e-03,-1.75498001e-03,2.03092730e+01,3.43241263e-02,-2.19690226e-03,-1.82613776e-01,-2.13315537e-02,2.45016045e-02,1.13849730e-03,1.34710844e-03,2.77051481e-02
1.44000000e+02,1.81844633e+02,4.44748433e-02,5.29932402e-04,-1.80813536e-01,-1.84744616e-02,6.57961241e-02,1.61561338e+02,3.10526727e-03,1.56843884e-03,2.02832947e+01,4.13695761e-02,-1.03850644e-03,-1.81981739e-01,-1.93068266e-02,3.28658056e-02,1.16820344e-03,8.32364958e-04,3.29303185e-02
1.45000000e+02,1.81561378e+02,4.53439767e-02,2.56036828e-05,-1.80517645e-01,-1.70313229e-02,7.45993324e-02,1.61301877e+02,1.03027089e-03,1.30316513e-03,2.02595010e+01,4.43137058e-02,-1.27756145e-03,-1.81651401e-01,-1.76467975e-02,3.90090064e-02,1.13375553e-03,6.15474599e-04,3.55903260e-02
1.46000000e+02,1.81198086e+02,4.87461917e-02,1.86106635e-05,-1.79855701e-01,-1.50626722e-02,8.01172798e-02,1.60965106e+02,3.13637332e-03,1.07859353e-03,2.02329798e+01,4.56098184e-02,-1.05998287e-03,-1.81028685e-01,-1.58522248e-02,4.39781140e-02,1.17298409e-03,7.89552682e-04,3.61391658e-02
1.47000000e+02,1.80824566e+02,4.44808424e-02,-6.15696984e-03,-1.79598159e-01,-1.29353445e-02,8.07866008e-02,1.60613566e+02,1.76504707e-03,-3.62789070e-03,2.02109993e+01,4.27157953e-02,-2.52907914e-03,-1.80747585e-01,-1.45504800e-02,4.67038327e-02,1.14942573e-03,1.61513550e-03,3.40827681e-02
1.48000000e+02,1.80411390e+02,4.03008764e-02,-4.72120053e-03,-1.78819135e-01,-1.00276017e-02,7.74450162e-02,1.60222291e+02,2.37717547e-03,-9.50287114e-04,2.01890985e+01,3.79237009e-02,-3.77091342e-03,-1.80020032e-01,-1.30990612e-02,4.76721354e-02,1.20089649e-03,3.07145951e-03,2.97728808e-02
1.49000000e+02,1.80041457e+02,2.87883143e-02,-8.21521964e-03,-1.78372347e-01,-5.67674703e-03,6.98747058e-02,1.59868991e+02,-1.07363508e-03,-9.71784321e-04,2.01724655e+01,2.98619494e-02,-7.24343531e-03,-1.79554987e-01,-1.11797912e-02,4.62845645e-02,1.18264073e-03,5.50304413e-03,2.35901413e-02
1.50000000e+02,1.79652112e+02,2.18725858e-02,-1.19677087e-02,-1.77506775e-01,1.69048709e-03,6.09042474e-02,1.59496111e+02,1.93683073e-04,-1.36067369e-03,2.01560017e+01,2.16789027e-02,-1.06070350e-02,-1.78737318e-01,-6.89134042e-03,4.43339343e-02,1.23054278e-03,8.58182751e-03,1.65703131e-02
1.51000000e+02,1.79297243e+02,1.14463848e-02,-2.23233466e-02,-1.77085753e-01,1.09310942e-02,5.13232447e-02,1.59151920e+02,-1.06220011e-03,-6.72342108e-03,2.01453228e+01,1.25085849e-02,-1.55999255e-02,-1.78292009e-01,-1.29239233e-03,4.17774336e-02,1.20625616e-03,1.22234866e-02,9.54581115e-03
1.52000000e+02,1.78932091e+02,5.49505450e-03,-2.40304190e-02,-1.76117927e-01,2.04854149e-02,4.28521000e-02,1.58796804e+02,-2.31359305e-04,-4.65345829e-03,2.01352868e+01,5.72641381e-03,-1.93769607e-02,-1.77367023e-01,4.80162165e-03,3.90951578e-02,1.24909603e-03,1.56837933e-02,3.75694219e-03
1.53000000e+02,1.78611737e+02,-3.45119898e-03,-2.89373591e-02,-1.75540980e-01,2.93545354e-02,3.53575451e-02,1.58481621e+02,-3.20353289e-03,-5.08511869e-03,2.01301159e+01,-2.47666092e-04,-2.38522404e-02,-1.76758449e-01,1.05120878e-02,3.59518637e-02,1.21746902e-03,1.88424476e-02,-5.94318607e-04
1.54000000e+02,1.78277478e+02,-3.73586192e-03,-3.27650485e-02,-1.74556297e-01,3.78444833e-02,3.14992592e-02,1.58153831e+02,-7.35729801e-04,-6.40559945e-03,2.01236475e+01,-3.00013212e-03,-2.63594490e-02,-1.75809303e-01,1.66979323e-02,3.45914131e-02,1.25300592e-03,2.11465510e-02,-3.09215392e-03
1.55000000e+02,1.77957031e+02,-6.77788129e-03,-4.09339363e-02,-1.74022489e-01,4.41039204e-02,2.96577382e-02,1.57836017e+02,-2.24868624e-03,-1.22623243e-02,2.01210143e+01,-4.52919505e-03,-2.86716120e-02,-1.75240007e-01,2.15302542e-02,3.34772756e-02,1.21751714e-03,2.25736662e-02,-3.81953737e-03
1.56000000e+02,1.77586515e+02,-4.40307505e-03,-3.83372811e-02,-1.73006036e-01,4.72686822e-02,3.09596281e-02,1.57469241e+02,-1.34344866e-03,-9.91777213e-03,2.01172736e+01,-3.05962639e-03,-2.84195090e-02,-1.74261124e-01,2.44973630e-02,3.38445405e-02,1.25508838e-03,2.27713192e-02,-2.88491243e-03
1.57000000e+02,1.77208525e+02,-5.48272542e-03,-3.85489094e-02,-1.72400484e-01,4.79565711e-02,3.33309453e-02,1.57089843e+02,-4.15471482e-03,-1.04726988e-02,2.01186811e+01,-1.32801060e-03,-2.80762107e-02,-1.73622231e-01,2.59164973e-02,3.43797742e-02,1.22174739e-03,2.20400738e-02,-1.04882888e-03
1.58000000e+02,1.76812240e+02,-4.36885481e-04,-3.71848803e-02,-1.71427381e-01,4.68738656e-02,3.76191189e-02,1.56691585e+02,-2.65386718e-03,-1.18533961e-02,2.01206554e+01,2.21698169e-03,-2.53314842e-02,-1.72689038e-01,2.67504340e-02,3.61669584e-02,1.26165648e-03,2.01234316e-02,1.45216050e-03
1.59000000e+02,1.76482749e+02,1.01186517e-03,-3.94057822e-02,-1.71006887e-01,4.32475139e-02,4.19356512e-02,1.56355006e+02,-3.87817372e-03,-1.69029047e-02,2.01277431e+01,4.89003889e-03,-2.25028775e-02,-1.72242101e-01,2.58147710e-02,3.79745731e-02,1.23521455e-03,1.74327429e-02,3.96107812e-03
1.60000000e+02,1.76189398e+02,5.27486055e-03,-3.13189708e-02,-1.70118994e-01,3.76800422e-02,4.59507311e-02,1.56055847e+02,-3.07417570e-03,-1.35013610e-02,2.01335505e+01,8.34903625e-03,-1.78176098e-02,-1.71403924e-01,2.35952379e-02,3.96068501e-02,1.28492954e-03,1.40848043e-02,6.34388100e-03
1.61000000e+02,1.75996337e+02,4.02067912e-03,-2.67338455e-02,-1.69760302e-01,3.13863704e-02,4.73603147e-02,1.55853218e+02,-6.04260784e-03,-1.24770317e-02,2.01431194e+01,1.00632870e-02,-1.42568138e-02,-1.71024693e-01,2.05824504e-02,3.93363113e-02,1.26439057e-03,1.08039200e-02,8.02400333e-03
1.62000000e+02,1.75857901e+02,7.21697913e-03,-2.18278301e-02,-1.69127004e-01,2.57380777e-02,4.74561149e-02,1.55706968e+02,-4.54602786e-03,-1.18366570e-02,2.01509329e+01,1.17630070e-02,-9.99117311e-03,-1.70441013e-01,1.80292920e-02,3.85294882e-02,1.31400874e-03,7.70878566e-03,8.92662678e-03
1.63000000e+02,1.75818234e+02,4.52096061e-03,-2.35528620e-02,-1.69165194e-01,2.02963710e-02,4.40626990e-02,1.55656151e+02,-6.50656869e-03,-1.61134609e-02,2.01620835e+01,1.10275293e-02,-7.43940114e-03,-1.70455832e-01,1.50216770e-02,3.54377059e-02,1.29063751e-03,5.27469403e-03,8.62499310e-03
1.64000000e+02,1.75805067e+02,4.18480298e-03,-1.60434174e-02,-1.68834215e-01,1.41515075e-02,3.88440834e-02,1.55634492e+02,-5.86738460e-03,-1.16970576e-02,2.01705754e+01,1.00521876e-02,-4.34635979e-03,-1.70172126e-01,1.08886391e-02,3.14290921e-02,1.33791083e-03,3.26286838e-03,7.41499129e-03
1.65000000e+02,1.75846347e+02,-2.17621032e-03,-1.36271399e-02,-1.69049241e-01,7.48774741e-03,3.04782041e-02,1.55665717e+02,-9.27951725e-03,-1.06903117e-02,2.01806300e+01,7.10330693e-03,-2.93682814e-03,-1.70358982e-01,5.75232863e-03,2.51166458e-02,1.30974086e-03,1.73541878e-03,5.36155830e-03
1.66000000e+02,1.75869646e+02,-3.34200063e-03,-9.97041952e-03,-1.69009396e-01,6.42798248e-05,2.24293356e-02,1.55683212e+02,-8.26070179e-03,-9.52256506e-03,2.01864341e+01,4.91870116e-03,-4.47854457e-04,-1.70362234e-01,-1.84718637e-05,1.92198385e-02,1.35283832e-03,8.27516884e-05,3.20949709e-03
1.67000000e+02,1.75897199e+02,-8.07860944e-03,-1.22061801e-02,-1.69474657e-01,-8.95651103e-03,1.47553782e-02,1.55703994e+02,-1.01750551e-02,-1.36352082e-02,2.01932046e+01,2.09644562e-03,1.42902805e-03,-1.70802004e-01,-7.13473405e-03,1.34104000e-02,1.32734747e-03,-1.82177698e-03,1.34497820e-03
1.68000000e+02,1.75853506e+02,-7.77486598e-03,-3.31576556e-03,-1.69534686e-01,-2.07300459e-02,1.02433799e-02,1.55657461e+02,-9.26730576e-03,-8.61181498e-03,2.01960443e+01,1.49243978e-03,5.29604942e-03,-1.70915217e-01,-1.62521426e-02,9.67347752e-03,1.38053066e-03,-4.47790327e-03,5.69902403e-04
1.69000000e+02,1.75781777e+02,-1.10105836e-02,1.97852722e-03,-1.70067795e-01,-3.37173726e-02,7.38354313e-03,1.55579761e+02,-1.24027158e-02,-6.75539902e-03,2.02020166e+01,1.39213228e-03,8.73392624e-03,-1.71433737e-01,-2.60716515e-02,6.44163123e-03,1.36594263e-03,-7.64572112e-03,9.41911902e-04
1.70000000e+02,1.75637871e+02,-6.90318126e-03,8.56312586e-03,-1.70226998e-01,-4.66850091e-02,8.47002944e-03,1.55430595e+02,-1.06424013e-02,-5.21801054e-03,2.02072765e+01,3.73922006e-03,1.37811364e-02,-1.71652915e-01,-3.53111277e-02,5.94677845e-03,1.42591633e-03,-1.13738814e-02,2.52325099e-03
1.71000000e+02,1.75495733e+02,-7.77537741e-03,8.71789807e-03,-1.70936160e-01,-5.88953975e-02,9.80656812e-03,1.55277825e+02,-1.34769238e-02,-9.03652048e-03,2.02179081e+01,5.70154638e-03,1.77544186e-02,-1.72350651e-01,-4.39425547e-02,5.28732777e-03,1.41449154e-03,-1.49528428e-02,4.51924036e-03
1.72000000e+02,1.75336260e+02,-5.32229323e-03,1.80230734e-02,-1.71165826e-01,-7.00662297e-02,1.18030413e-02,1.55107411e+02,-1.39265531e-02,-4.19730281e-03,2.02288490e+01,8.60425992e-03,2.22203762e-02,-1.72636957e-01,-5.20199406e-02,5.30922192e-03,1.47113125e-03,-1.80462890e-02,6.49381938e-03
1.73000000e+02,1.75232110e+02,-7.92843707e-03,2.20688247e-02,-1.71895472e-01,-7.90245312e-02,1.21301346e-02,1.54987500e+02,-1.75960446e-02,-1.91504894e-03,2.02446093e+01,9.66760750e-03,2.39838736e-02,-1.73340962e-01,-5.92112563e-02,4.44096082e-03,1.44549011e-03,-1.98132749e-02,7.68917377e-03
1.74000000e+02,1.75137227e+02,-5.92532683e-03,2.44200047e-02,-1.72163465e-01,-8.37288775e-02,1.19278024e-02,1.54878444e+02,-1.66456536e-02,-6.19369221e-04,2.02587827e+01,1.07203268e-02,2.50393739e-02,-1.73645629e-01,-6.34769790e-02,3.82309583e-03,1.48216419e-03,-2.02518985e-02,8.10470657e-03
1.75000000e+02,1.75082155e+02,-9.05167354e-03,1.86008755e-02,-1.72871881e-01,-8.50831541e-02,9.91023065e-03,1.54806654e+02,-1.86154517e-02,-4.67601557e-03,2.02755010e+01,9.56377814e-03,2.32768911e-02,-1.74311275e-01,-6.59253466e-02,2.40891193e-03,1.43939409e-03,-1.91578075e-02,7.50131872e-03
1.76000000e+02,1.74999599e+02,-8.82100670e-03,2.07770229e-02,-1.73032070e-01,-8.40754502e-02,7.68356401e-03,1.54710663e+02,-1.74112678e-02,-5.69490371e-04,2.02889361e+01,8.59026106e-03,2.13465132e-02,-1.74498318e-01,-6.69974102e-02,1.37985579e-03,1.46624850e-03,-1.70780400e-02,6.30370822e-03
1.77000000e+02,1.74930828e+02,-1.30944141e-02,1.83710812e-02,-1.73628181e-01,-8.13739251e-02,4.46430640e-03,1.54626247e+02,-1.90542983e-02,1.15695655e-03,2.03045808e+01,5.95988419e-03,1.72141246e-02,-1.75046392e-01,-6.72604890e-02,-5.99662995e-05,1.41821077e-03,-1.41134361e-02,4.52427270e-03
1.78000000e+02,1.74826519e+02,-1.20188188e-02,1.60558531e-02,-1.73755182e-01,-7.66998607e-02,2.18499693e-03,1.54509513e+02,-1.62231381e-02,2.28429400e-03,2.03170054e+01,4.20431932e-03,1.37715591e-02,-1.75199776e-01,-6.57366135e-02,-5.30640416e-04,1.44459410e-03,-1.09632472e-02,2.71563734e-03
1.79000000e+02,1.74732454e+02,-1.52321496e-02,6.66572056e-03,-1.74331572e-01,-7.09176981e-02,-4.19093204e-04,1.54400996e+02,-1.67551161e-02,-2.62274614e-03,2.03314576e+01,1.52296648e-03,9.28846671e-03,-1.75735436e-01,-6.31689838e-02,-1.36347521e-03,1.40386393e-03,-7.74871433e-03,9.44382001e-04
1.80000000e+02,1.74584225e+02,-1.34508179e-02,7.35449590e-03,-1.74316795e-01,-6.55832839e-02,-1.51145730e-03,1.54241805e+02,-1.38856280e-02,9.43114642e-04,2.03424203e+01,4.34810109e-04,6.41138126e-03,-1.75761363e-01,-6.05991108e-02,-1.23627240e-03,1.44456806e-03,-4.98417311e-03,-2.75184905e-04
1.81000000e+02,1.74428763e+02,-1.54900522e-02,4.69520828e-03,-1.74680587e-01,-6.08969579e-02,-2.13510646e-03,1.54073295e+02,-1.44382174e-02,1.88900461e-03,2.03554681e+01,-1.05183480e-03,2.80620367e-03,-1.76098220e-01,-5.83897320e-02,-1.08817899e-03,1.41763360e-03,-2.50722585e-03,-1.04692747e-03
1.82000000e+02,1.74223709e+02,-1.24651426e-02,2.76688105e-03,-1.74545318e-01,-5.58683713e-02,-9.20509542e-04,1.53857847e+02,-1.17658057e-02,1.87541400e-03,2.03658620e+01,-6.99336880e-04,8.91467054e-04,-1.76013755e-01,-5.52290685e-02,1.65197676e-04,1.46843693e-03,-6.39302874e-04,-1.08570722e-03
1.83000000e+02,1.74029863e+02,-1.29282751e-02,-5.05572823e-03,-1.74890395e-01,-5.17054648e-02,1.35413729e-03,1.53650464e+02,-1.21196825e-02,-3.48537738e-03,2.03793983e+01,-8.08592600e-04,-1.57035086e-03,-1.76341188e-01,-5.25997710e-02,2.10867675e-03,1.45079352e-03,8.94306147e-04,-7.54539455e-04
1.84000000e+02,1.73815312e+02,-8.38558085e-03,-1.54589883e-03,-1.74636377e-01,-4.95991100e-02,5.20410390e-03,1.53424368e+02,-8.97146219e-03,7.77231153e-04,2.03909439e+01,5.85881334e-04,-2.32312998e-03,-1.76146039e-01,-5.15220174e-02,5.19154229e-03,1.50966179e-03,1.92290746e-03,1.25616087e-05
1.85000000e+02,1.73646673e+02,-8.91600204e-03,-1.79756768e-03,-1.74784562e-01,-4.78585249e-02,8.16450978e-03,1.53241189e+02,-9.94291517e-03,2.22042204e-03,2.04054843e+01,1.02691314e-03,-4.01798972e-03,-1.76277595e-01,-5.07266173e-02,7.41556242e-03,1.49303279e-03,2.86809242e-03,7.48947367e-04
1.86000000e+02,1.73481012e+02,-4.90082561e-03,-1.11942823e-03,-1.74526268e-01,-4.60000873e-02,1.17574449e-02,1.53063690e+02,-7.37383077e-03,3.41522733e-03,2.04173222e+01,2.47300516e-03,-4.53465556e-03,-1.76072488e-01,-4.96134484e-02,1.02275291e-02,1.54621984e-03,3.61336104e-03,1.52991586e-03
1.87000000e+02,1.73362727e+02,-5.28157713e-03,-7.73779891e-03,-1.74790459e-01,-4.38199449e-02,1.46359436e-02,1.52931090e+02,-7.81202199e-03,-1.56155327e-03,2.04316379e+01,2.53044487e-03,-6.17624563e-03,-1.76316249e-01,-4.83345698e-02,1.26956069e-02,1.52579008e-03,4.51462486e-03,1.94033671e-03
1.88000000e+02,1.73235886e+02,-8.94023412e-04,-4.33326895e-03,-1.74529127e-01,-4.23697542e-02,1.77063316e-02,1.52792734e+02,-4.18300040e-03,2.37154590e-03,2.04431519e+01,3.28897699e-03,-6.70481485e-03,-1.76109198e-01,-4.77726039e-02,1.55654524e-02,1.58007103e-03,5.40284961e-03,2.14087927e-03
1.89000000e+02,1.73147264e+02,-1.93429226e-03,-4.89653983e-03,-1.74616005e-01,-4.01658182e-02,1.90645560e-02,1.52689877e+02,-4.40276004e-03,3.77319794e-03,2.04573872e+01,2.46846778e-03,-8.66973777e-03,-1.76175623e-01,-4.67612875e-02,1.72385093e-02,1.55961815e-03,6.59546925e-03,1.82604669e-03
1.90000000e+02,1.73046776e+02,1.07927005e-03,-5.71654492e-03,-1.74253203e-01,-3.64554373e-02,2.04842271e-02,1.52577656e+02,-1.20953743e-03,4.02178818e-03,2.04691198e+01,2.28880748e-03,-9.73833310e-03,-1.75864656e-01,-4.42706411e-02,1.91952723e-02,1.61145316e-03,7.81520378e-03,1.28895481e-03
1.91000000e+02,1.72983184e+02,-4.32854046e-04,-1.41817912e-02,-1.74319146e-01,-3.19763050e-02,2.06696698e-02,1.52499834e+02,-1.11539031e-03,-2.14731534e-03,2.04833499e+01,6.82536269e-04,-1.20344759e-02,-1.75909967e-01,-4.12244439e-02,2.03176336e-02,1.59082090e-03,9.24813897e-03,3.52036229e-04
1.92000000e+02,1.72904941e+02,2.82955202e-03,-1.26301313e-02,-1.73783880e-01,-2.80601522e-02,2.12841438e-02,1.52410526e+02,2.82181396e-03,4.57979781e-04,2.04944144e+01,7.73806059e-06,-1.30881111e-02,-1.75428282e-01,-3.86224071e-02,2.18724512e-02,1.64440176e-03,1.05622549e-02,-5.88307349e-04
1.93000000e+02,1.72860060e+02,1.47954029e-03,-1.35248834e-02,-1.73686005e-01,-2.40431008e-02,2.07355295e-02,1.52352490e+02,3.27308276e-03,1.79595173e-03,2.05075703e+01,-1.79354247e-03,-1.53208351e-02,-1.75308400e-01,-3.60103875e-02,2.23949192e-02,1.62239548e-03,1.19672868e-02,-1.65938977e-03
1.94000000e+02,1.72794659e+02,3.73275222e-03,-1.47548648e-02,-1.73131813e-01,-1.86366178e-02,2.03224681e-02,1.52277423e+02,6.08074875e-03,1.61299848e-03,2.05172353e+01,-2.34799653e-03,-1.63678633e-02,-1.74803315e-01,-3.17773055e-02,2.27815274e-02,1.67150117e-03,1.31406878e-02,-2.45905934e-03
1.95000000e+02,1.72754489e+02,2.61649160e-03,-2.33683960e-02,-1.73016085e-01,-1.24591464e-02,1.98604245e-02,1.52225713e+02,6.34394296e-03,-5.10636202e-03,2.05287764e+01,-3.72745136e-03,-1.82620340e-02,-1.74663275e-01,-2.66964258e-02,2.30438403e-02,1.64719049e-03,1.42372794e-02,-3.18341584e-03
1.96000000e+02,1.72685746e+02,6.14009852e-03,-2.09695810e-02,-1.72314198e-01,-7.55202383e-03,2.00561894e-02,1.52148991e+02,9.86332214e-03,-2.36709946e-03,2.05367548e+01,-3.72322362e-03,-1.86024815e-02,-1.74010372e-01,-2.25093529e-02,2.36001752e-02,1.69617317e-03,1.49573291e-02,-3.54398580e-03
1.97000000e+02,1.72641280e+02,4.08235748e-03,-2.09347243e-02,-1.71991207e-01,-2.99113473e-03,1.92364076e-02,1.52094613e+02,8.69758856e-03,-1.06370601e-03,2.05466665e+01,-4.61523108e-03,-1.98710183e-02,-1.73659947e-01,-1.85456173e-02,2.30849796e-02,1.66874044e-03,1.55544826e-02,-3.84857191e-03
1.98000000e+02,1.72575090e+02,5.53902193e-03,-2.02831253e-02,-1.71223850e-01,1.72754491e-03,1.88336479e-02,1.52021615e+02,9.73261726e-03,-5.32974419e-04,2.05534755e+01,-4.19359533e-03,-1.97501509e-02,-1.72935993e-01,-1.40320007e-02,2.26901797e-02,1.71214388e-03,1.57595456e-02,-3.85653178e-03
1.99000000e+02,1.72539756e+02,3.24644969e-03,-2.64407525e-02,-1.70925115e-01,6.00303472e-03,1.80420464e-02,1.51977422e+02,7.98625720e-03,-6.08809604e-03,2.05623336e+01,-4.73980751e-03,-2.03526565e-02,-1.72607661e-01,-9.79413362e-03,2.19571102e-02,1.68254573e-03,1.57971683e-02,-3.91506382e-03
2.00000000e+02,1.72491692e+02,4.95100735e-03,-2.20351108e-02,-1.70094586e-01,8.16960929e-03,1.78297579e-02,1.51923575e+02,9.10869797e-03,-2.65841358e-03,2.05681176e+01,-4.15769062e-03,-1.93766972e-02,-1.71822861e-01,-7.27819292e-03,2.16579462e-02,1.72827556e-03,1.54478022e-02,-3.82818824e-03
2.01000000e+02,1.72485587e+02,1.37129513e-03,-2.04642191e-02,-1.69678097e-01,9.02830868e-03,1.64511825e-02,1.51909293e+02,6.14340492e-03,-1.06640129e-03,2.05762944e+01,-4.77210980e-03,-1.93978178e-02,-1.71377790e-01,-6.01176531e-03,2.03840816e-02,1.69969369e-03,1.50400740e-02,-3.93289916e-03
2.02000000e+02,1.72470771e+02,1.30268836e-03,-1.81260537e-02,-1.68869059e-01,8.80805594e-03,1.56360179e-02,1.51889085e+02,5.66477507e-03,8.15973158e-05,2.05816861e+01,-4.36208670e-03,-1.82076510e-02,-1.70612670e-01,-5.58639660e-03,1.96122451e-02,1.74361038e-03,1.43944525e-02,-3.97622719e-03
2.03000000e+02,1.72494536e+02,-2.23080426e-03,-2.25527524e-02,-1.68568040e-01,7.70095566e-03,1.42443495e-02,1.51905103e+02,2.91018908e-03,-4.56706776e-03,2.05894333e+01,-5.14099335e-03,-1.79856846e-02,-1.70284351e-01,-6.08876619e-03,1.84905449e-02,1.71631107e-03,1.37897219e-02,-4.24619540e-03
2.04000000e+02,1.72500123e+02,-1.04762785e-03,-1.67412722e-02,-1.67735889e-01,4.57498629e-03,1.34910282e-02,1.51905865e+02,3.86527522e-03,-2.56539688e-04,2.05942581e+01,-4.91290308e-03,-1.64847326e-02,-1.69501292e-01,-8.46365373e-03,1.79566724e-02,1.76540283e-03,1.30386400e-02,-4.46564427e-03
2.05000000e+02,1.72530762e+02,-5.48690046e-03,-1.53339022e-02,-1.67346823e-01,8.77880142e-04,1.12726331e-02,1.51929365e+02,4.25676975e-04,9.57411596e-04,2.06013961e+01,-5.91257743e-03,-1.62913138e-02,-1.69088279e-01,-1.15928725e-02,1.61643852e-02,1.74145663e-03,1.24707527e-02,-4.89175210e-03
2.06000000e+02,1.72532255e+02,-5.36667837e-03,-1.32922019e-02,-1.66535350e-01,-3.06981003e-03,1.00752233e-02,1.51926618e+02,4.49507083e-04,1.82104088e-03,2.06056369e+01,-5.81618546e-03,-1.51132427e-02,-1.68326481e-01,-1.49291496e-02,1.52720604e-02,1.79113096e-03,1.18593395e-02,-5.19683712e-03
2.07000000e+02,1.72545893e+02,-8.84931862e-03,-1.83304078e-02,-1.66192760e-01,-6.86161367e-03,8.18350421e-03,1.51933849e+02,-2.04325223e-03,-3.23588023e-03,2.06120433e+01,-6.80606639e-03,-1.50945276e-02,-1.67962250e-01,-1.82953074e-02,1.38068134e-02,1.76949037e-03,1.14336937e-02,-5.62330917e-03
2.08000000e+02,1.72516486e+02,-6.49000987e-03,-1.32985661e-02,-1.65325934e-01,-1.17918899e-02,7.71250769e-03,1.51901217e+02,1.41731038e-04,6.11025146e-04,2.06152691e+01,-6.63174091e-03,-1.39095912e-02,-1.67149268e-01,-2.27382734e-02,1.35852587e-02,1.82333414e-03,1.09463836e-02,-5.87275098e-03
2.09000000e+02,1.72489286e+02,-8.88184751e-03,-1.20775322e-02,-1.64922307e-01,-1.65008136e-02,6.19323032e-03,1.51868738e+02,-1.35131895e-03,1.96275645e-03,2.06205483e+01,-7.53052857e-03,-1.40402887e-02,-1.66724537e-01,-2.71647465e-02,1.23971515e-02,1.80223090e-03,1.06639329e-02,-6.20392122e-03
2.10000000e+02,1.72411946e+02,-7.35730808e-03,-1.05098772e-02,-1.64161507e-01,-2.06276638e-02,5.73614285e-03,1.51789274e+02,-1.35327444e-04,2.69182482e-03,2.06226719e+01,-7.22198063e-03,-1.32017020e-02,-1.66013609e-01,-3.09606676e-02,1.20549143e-02,1.85210220e-03,1.03330038e-02,-6.31877143e-03
2.11000000e+02,1.72330039e+02,-8.68311194e-03,-1.59943869e-02,-1.63934512e-01,-2.40078140e-02,5.24530424e-03,1.51703190e+02,-7.81085932e-04,-2.51449272e-03,2.06268489e+01,-7.90202601e-03,-1.34798941e-02,-1.65763123e-01,-3.41620706e-02,1.17329943e-02,1.82861114e-03,1.01542566e-02,-6.48769006e-03
2.12000000e+02,1.72188799e+02,-5.09564283e-03,-1.16638228e-02,-1.63208394e-01,-2.80463347e-02,5.73194867e-03,1.51560977e+02,2.28197155e-03,8.88808990e-04,2.06278221e+01,-7.37761438e-03,-1.25526318e-02,-1.65088383e-01,-3.79242384e-02,1.21863106e-02,1.87998915e-03,9.87790373e-03,-6.45436198e-03
2.13000000e+02,1.72036173e+02,-6.55057979e-03,-1.06035644e-02,-1.62916281e-01,-3.20415803e-02,5.26210044e-03,1.51405189e+02,1.39937912e-03,2.29366471e-03,2.06309847e+01,-7.94995891e-03,-1.28972291e-02,-1.64772870e-01,-4.18079544e-02,1.17833544e-02,1.85658890e-03,9.76637411e-03,-6.52125394e-03
2.14000000e+02,1.71826573e+02,-4.14336638e-03,-8.96640615e-03,-1.62164494e-01,-3.53604825e-02,5.67355201e-03,1.51195393e+02,3.23467612e-03,3.26930692e-03,2.06311796e+01,-7.37804250e-03,-1.22357131e-02,-1.64069851e-01,-4.49351669e-02,1.20970669e-02,1.90535734e-03,9.57468443e-03,-6.42351485e-03
2.15000000e+02,1.71614980e+02,-5.34118366e-03,-1.46004375e-02,-1.61870611e-01,-3.78891892e-02,5.46937281e-03,1.50981302e+02,2.56134730e-03,-1.89763948e-03,2.06336776e+01,-7.90253096e-03,-1.27027980e-02,-1.63751858e-01,-4.74222539e-02,1.19413393e-02,1.88124743e-03,9.53306472e-03,-6.47196649e-03
2.16000000e+02,1.71356536e+02,-1.77866870e-03,-1.08955146e-02,-1.61002639e-01,-4.08477109e-02,5.89599915e-03,1.50723471e+02,5.56241012e-03,1.09794494e-03,2.06330649e+01,-7.34107882e-03,-1.19934596e-02,-1.62934368e-01,-5.02724628e-02,1.23302749e-02,1.93172903e-03,9.42475199e-03,-6.43427575e-03
2.17000000e+02,1.71103813e+02,-3.44684877e-03,-1.08547818e-02,-1.60587680e-01,-4.32341875e-02,4.80685188e-03,1.50469371e+02,4.62764513e-03,1.78146222e-03,2.06344418e+01,-8.07449389e-03,-1.26362441e-02,-1.62495758e-01,-5.27982970e-02,1.14533530e-02,1.90807833e-03,9.56410948e-03,-6.64650111e-03
2.18000000e+02,1.70813959e+02,-1.01138010e-03,-1.01738638e-02,-1.59799728e-01,-4.48843838e-02,4.28092412e-03,1.50181315e+02,6.84023908e-03,2.25602460e-03,2.06326439e+01,-7.85161918e-03,-1.24298884e-02,-1.61756124e-01,-5.46375381e-02,1.11370086e-02,1.95639639e-03,9.75315425e-03,-6.85608443e-03
2.19000000e+02,1.70543284e+02,-2.66586494e-03,-1.70460097e-02,-1.59468326e-01,-4.53702557e-02,2.25094236e-03,1.49910227e+02,6.25723806e-03,-3.51153993e-03,2.06330574e+01,-8.92310300e-03,-1.35344697e-02,-1.61401109e-01,-5.56098852e-02,9.60671915e-03,1.93278297e-03,1.02396295e-02,-7.35577679e-03
2.20000000e+02,1.70251177e+02,4.36713148e-04,-1.36308788e-02,-1.58582392e-01,-4.63696525e-02,5.99213023e-04,1.49620782e+02,9.49305552e-03,1.03592035e-05,2.06303943e+01,-9.05634237e-03,-1.36412380e-02,-1.60566353e-01,-5.71769204e-02,8.47129801e-03,1.98396130e-03,1.08072679e-02,-7.87208499e-03
2.21000000e+02,1.69999372e+02,-1.34032703e-03,-1.38695410e-02,-1.58093291e-01,-4.65392256e-02,-2.63360916e-03,1.49369430e+02,9.18137542e-03,1.40228396e-03,2.06299420e+01,-1.05217024e-02,-1.52718250e-02,-1.60053363e-01,-5.82782890e-02,6.03600639e-03,1.96007222e-03,1.17390634e-02,-8.66961555e-03
2.22000000e+02,1.69748407e+02,1.18416895e-03,-1.42513347e-02,-1.57201627e-01,-4.52206603e-02,-5.27400374e-03,1.49121972e+02,1.21576376e-02,1.87373375e-03,2.06264352e+01,-1.09734686e-02,-1.61250685e-02,-1.59209015e-01,-5.80009198e-02,4.13663128e-03,2.00738742e-03,1.27802595e-02,-9.41063502e-03
2.23000000e+02,1.69550018e+02,-4.51341112e-04,-2.10531752e-02,-1.56760193e-01,-4.29529060e-02,-9.13154312e-03,1.48924910e+02,1.21209068e-02,-2.80997783e-03,2.06251084e+01,-1.25722479e-02,-1.82431974e-02,-1.58742199e-01,-5.70471825e-02,1.18655585e-03,1.98200631e-03,1.40942765e-02,-1.03180990e-02
2.24000000e+02,1.69356040e+02,2.83986705e-03,-1.77200794e-02,-1.55743421e-01,-4.08556648e-02,-1.21971146e-02,1.48735343e+02,1.58397257e-02,1.53849121e-03,2.06206966e+01,-1.29998587e-02,-1.92585706e-02,-1.57773599e-01,-5.62337232e-02,-1.14828782e-03,2.03017731e-03,1.53780584e-02,-1.10488268e-02
2.25000000e+02,1.69217294e+02,5.46403610e-04,-1.79451734e-02,-1.55165085e-01,-3.79426574e-02,-1.63634006e-02,1.48598735e+02,1.50342119e-02,3.58519805e-03,2.06185586e+01,-1.44878083e-02,-2.15303714e-02,-1.57168059e-01,-5.47587420e-02,-4.54237013e-03,2.00297413e-03,1.68160846e-02,-1.18210304e-02
2.26000000e+02,1.69086426e+02,2.32697447e-03,-1.80449704e-02,-1.54158485e-01,-3.38013826e-02,-1.94638387e-02,1.48472914e+02,1.69180052e-02,4.66016228e-03,2.06135121e+01,-1.45910308e-02,-2.27051327e-02,-1.56204236e-01,-5.18968938e-02,-7.19692271e-03,2.04575108e-03,1.80955111e-02,-1.22669160e-02
2.27000000e+02,1.69008799e+02,8.62187348e-04,-2.45109725e-02,-1.53631428e-01,-2.89128999e-02,-2.24904123e-02,1.48397868e+02,1.63966298e-02,2.51002911e-04,2.06109304e+01,-1.55344425e-02,-2.47619754e-02,-1.55647119e-01,-4.82522214e-02,-9.86258650e-03,2.01569044e-03,1.93393214e-02,-1.26278258e-02
2.28000000e+02,1.68928751e+02,4.20727165e-03,-2.05639089e-02,-1.52482796e-01,-2.46753640e-02,-2.40602819e-02,1.48323224e+02,1.92470328e-02,4.77426712e-03,2.06055279e+01,-1.50397612e-02,-2.53381760e-02,-1.54541933e-01,-4.49310924e-02,-1.14575328e-02,2.05913677e-03,2.02557284e-02,-1.26027491e-02
2.29000000e+02,1.68891945e+02,2.03397731e-03,-1.97984194e-02,-1.51738185e-01,-2.04462958e-02,-2.65224646e-02,1.48289114e+02,1.74524152e-02,7.07326123e-03,2.06028302e+01,-1.54184379e-02,-2.68716806e-02,-1.53766188e-01,-4.15276389e-02,-1.40344016e-02,2.02800319e-03,2.10813431e-02,-1.24880629e-02
2.30000000e+02,1.68846902e+02,3.85165992e-03,-1.77706968e-02,-1.50561808e-01,-1.59542107e-02,-2.77559413e-02,1.48249587e+02,1.82284661e-02,9.30522211e-03,2.05973153e+01,-1.43768062e-02,-2.70759189e-02,-1.52628988e-01,-3.75358967e-02,-1.57401687e-02,2.06717957e-03,2.15816860e-02,-1.20157726e-02
2.31000000e+02,1.68838122e+02,1.96115041e-03,-2.26215970e-02,-1.49886646e-01,-1.07857958e-02,-2.91590849e-02,1.48243860e+02,1.62049092e-02,5.46142376e-03,2.05942620e+01,-1.42437588e-02,-2.80830208e-02,-1.51919986e-01,-3.27640620e-02,-1.76413060e-02,2.03333979e-03,2.19782662e-02,-1.15177789e-02
2.32000000e+02,1.68811108e+02,5.54563620e-03,-1.68466075e-02,-1.48664092e-01,-6.75078943e-03,-2.90938323e-02,1.48222980e+02,1.83601824e-02,1.07951716e-02,2.05881273e+01,-1.28145462e-02,-2.76417791e-02,-1.50736387e-01,-2.88269841e-02,-1.83240350e-02,2.07229494e-03,2.20761946e-02,-1.07697973e-02
2.33000000e+02,1.68811828e+02,3.15003129e-03,-1.47683935e-02,-1.47963136e-01,-2.55037718e-03,-3.04229793e-02,1.48227713e+02,1.56486044e-02,1.34946910e-02,2.05841157e+01,-1.24985731e-02,-2.82630845e-02,-1.49998290e-01,-2.47308444e-02,-2.03103035e-02,2.03515376e-03,2.21804672e-02,-1.01126759e-02
2.34000000e+02,1.68788708e+02,4.85896916e-03,-1.22871768e-02,-1.46873132e-01,2.07026008e-03,-3.10139279e-02,1.48211807e+02,1.58601018e-02,1.54553323e-02,2.05769010e+01,-1.10011327e-02,-2.77425091e-02,-1.48941200e-01,-2.00320459e-02,-2.17233738e-02,2.06806770e-03,2.21023060e-02,-9.29055408e-03
2.35000000e+02,1.68786419e+02,2.83292149e-03,-1.67476058e-02,-1.46327730e-01,7.27218120e-03,-3.20878024e-02,1.48214654e+02,1.34634984e-02,1.14572353e-02,2.05717648e+01,-1.06305769e-02,-2.82048411e-02,-1.48356797e-01,-1.47994306e-02,-2.34721955e-02,2.02906734e-03,2.20716118e-02,-8.61560697e-03
2.36000000e+02,1.68751105e+02,5.21834910e-03,-1.09175499e-02,-1.45231660e-01,1.12273472e-02,-3.24729293e-02,1.48187863e+02,1.43689726e-02,1.64735403e-02,2.05632422e+01,-9.15062350e-03,-2.73910902e-02,-1.47295490e-01,-1.06487345e-02,-2.46441096e-02,2.06383018e-03,2.18760817e-02,-7.82881975e-03
2.37000000e+02,1.68731874e+02,2.27576068e-03,-8.87831790e-03,-1.44601782e-01,1.49400852e-02,-3.42441599e-02,1.48175049e+02,1.11720165e-02,1.88805079e-02,2.05568246e+01,-8.89625581e-03,-2.77588258e-02,-1.46626507e-01,-6.83698125e-03,-2.70129521e-02,2.02472528e-03,2.17770664e-02,-7.23120778e-03
2.38000000e+02,1.68679427e+02,4.12856221e-03,-5.57249289e-03,-1.43539689e-01,1.84417619e-02,-3.52079420e-02,1.48132235e+02,1.16476431e-02,2.14791315e-02,2.05471921e+01,-7.51908086e-03,-2.70516244e-02,-1.45596240e-01,-3.10750134e-03,-2.86904908e-02,2.05655104e-03,2.15492633e-02,-6.51745127e-03
2.39000000e+02,1.68642453e+02,2.22686742e-03,-8.95767479e-03,-1.42966429e-01,2.19795623e-02,-3.67326765e-02,1.48102643e+02,9.54479619e-03,1.83988774e-02,2.05398094e+01,-7.31792876e-03,-2.73565522e-02,-1.44983464e-01,5.91630543e-04,-3.07628466e-02,2.01703545e-03,2.13879318e-02,-5.96982987e-03
2.40000000e+02,1.68569916e+02,6.07266802e-03,-2.34899808e-03,-1.41844227e-01,2.42762384e-02,-3.67506616e-02,1.48040576e+02,1.20465054e-02,2.40087788e-02,2.05293402e+01,-5.97383740e-03,-2.63577768e-02,-1.43895913e-01,3.23146684e-03,-3.14547665e-02,2.05168572e-03,2.10447716e-02,-5.29589502e-03
2.41000000e+02,1.68513239e+02,3.97657548e-03,4.64577417e-04,-1.41212120e-01,2.61697537e-02,-3.82655475e-02,1.47991953e+02,9.81222020e-03,2.69635563e-02,2.05212861e+01,-5.83564472e-03,-2.64989788e-02,-1.43225414e-01,5.41398158e-03,-3.34844732e-02,2.01329396e-03,2.07557721e-02,-4.78107430e-03
2.42000000e+02,1.68423832e+02,6.79681838e-03,3.33677115e-03,-1.40149626e-01,2.82774452e-02,-3.87250143e-02,1.47913506e+02,1.13101433e-02,2.88386641e-02,2.05103257e+01,-4.51332490e-03,-2.55018929e-02,-1.42196302e-01,8.00705771e-03,-3.46128166e-02,2.04667652e-03,2.02703875e-02,-4.11219766e-03
2.43000000e+02,1.68352732e+02,5.34883191e-03,-5.57695617e-04,-1.39559729e-01,3.01755381e-02,-4.01954668e-02,1.47850725e+02,9.67191521e-03,2.47975937e-02,2.05020071e+01,-4.32308330e-03,-2.53552893e-02,-1.41568998e-01,1.04270384e-02,-3.66205181e-02,2.00926871e-03,1.97484998e-02,-3.57494871e-03
2.44000000e+02,1.68250704e+02,9.30178628e-03,6.97848001e-03,-1.38425960e-01,2.98479081e-02,-4.03188171e-02,1.47759864e+02,1.22532575e-02,3.07749055e-02,2.04908394e+01,-2.95147121e-03,-2.37964255e-02,-1.40471788e-01,1.08961125e-02,-3.74411957e-02,2.04582804e-03,1.89517956e-02,-2.87762139e-03
2.45000000e+02,1.68168187e+02,7.64676676e-03,1.07820956e-02,-1.37713919e-01,2.87340605e-02,-4.16309298e-02,1.47685899e+02,1.03921851e-02,3.40738338e-02,2.04822883e+01,-2.74541835e-03,-2.32917382e-02,-1.39722106e-01,1.06021589e-02,-3.93146543e-02,2.00818653e-03,1.81319016e-02,-2.31627552e-03
2.46000000e+02,1.68056661e+02,9.92244165e-03,1.57105146e-02,-1.36649789e-01,2.66964069e-02,-4.22926549e-02,1.47585776e+02,1.12784091e-02,3.72818850e-02,2.04708853e+01,-1.35596746e-03,-2.15713704e-02,-1.38690285e-01,9.63281341e-03,-4.07073379e-02,2.04049506e-03,1.70635934e-02,-1.58531699e-03
2.47000000e+02,1.67965624e+02,8.13404373e-03,1.38249505e-02,-1.35993262e-01,2.43453237e-02,-4.37488136e-02,1.47503509e+02,9.22284026e-03,3.45376874e-02,2.04621146e+01,-1.08879653e-03,-2.07127369e-02,-1.37995147e-01,8.38296475e-03,-4.27644953e-02,2.00188525e-03,1.59623589e-02,-9.84318361e-04
2.48000000e+02,1.67843899e+02,1.17526885e-02,2.24170317e-02,-1.34741702e-01,2.02694832e-02,-4.38285111e-02,1.47393520e+02,1.13847353e-02,4.08991203e-02,2.04503785e+01,3.67953157e-04,-1.84820886e-02,-1.36778845e-01,5.64545850e-03,-4.35984619e-02,2.03714296e-03,1.46240247e-02,-2.30049198e-04
2.49000000e+02,1.67743237e+02,9.01421461e-03,2.77818632e-02,-1.33861073e-01,1.50087721e-02,-4.53795715e-02,1.47302056e+02,8.41741269e-03,4.51474554e-02,2.04411808e+01,5.96801916e-04,-1.73655922e-02,-1.35860192e-01,1.69489304e-03,-4.57366752e-02,1.99911848e-03,1.33138790e-02,3.57103774e-04
2.50000000e+02,1.67616151e+02,1.17855962e-02,3.25795285e-02,-1.32494690e-01,1.01353680e-02,-4.54625178e-02,1.47187119e+02,9.80250272e-03,4.77108498e-02,2.04290311e+01,1.98309349e-03,-1.51313213e-02,-1.34526412e-01,-1.70880330e-03,-4.65335818e-02,2.03172158e-03,1.18441713e-02,1.07106406e-03
2.51000000e+02,1.67512248e+02,9.91405087e-03,3.12381397e-02,-1.31543513e-01,4.91625650e-03,-4.65923907e-02,1.47092968e+02,7.74743025e-03,4.50959878e-02,2.04192798e+01,2.16662062e-03,-1.38578481e-02,-1.33535467e-01,-5.50830283e-03,-4.81929718e-02,1.99195337e-03,1.04245593e-02,1.60058112e-03
2.52000000e+02,1.67381107e+02,1.25639446e-02,3.99768483e-02,-1.29953246e-01,-1.62874523e-03,-4.70877235e-02,1.46974684e+02,9.08405255e-03,5.13319832e-02,2.04064228e+01,3.47989201e-03,-1.13551349e-02,-1.31977888e-01,-1.05089257e-02,-4.93285873e-02,2.02464214e-03,8.88018044e-03,2.24086389e-03
2.53000000e+02,1.67274364e+02,9.33026705e-03,4.45844059e-02,-1.28729424e-01,-8.39415265e-03,-4.87469618e-02,1.46878350e+02,5.79778840e-03,5.47033302e-02,2.03960135e+01,3.53247865e-03,-1.01189243e-02,-1.30711535e-01,-1.58733133e-02,-5.14370056e-02,1.98211068e-03,7.47916066e-03,2.69004387e-03
2.54000000e+02,1.67142227e+02,1.05242550e-02,4.89191584e-02,-1.27045468e-01,-1.48228364e-02,-4.94130998e-02,1.46759738e+02,5.77188554e-03,5.68209112e-02,2.03824897e+01,4.75236942e-03,-7.90175286e-03,-1.29054243e-01,-2.08471225e-02,-5.26863420e-02,2.00877509e-03,6.02428619e-03,3.27324218e-03
2.55000000e+02,1.67034106e+02,8.29955383e-03,4.67990111e-02,-1.25886688e-01,-2.09591141e-02,-5.04358709e-02,1.46662668e+02,3.50220323e-03,5.35376063e-02,2.03714386e+01,4.79735060e-03,-6.73859516e-03,-1.27850025e-01,-2.56683613e-02,-5.41311719e-02,1.96333717e-03,4.70924715e-03,3.69530096e-03
2.56000000e+02,1.66897012e+02,1.12317329e-02,5.41456332e-02,-1.24189173e-01,-2.75603669e-02,-5.02503332e-02,1.46539713e+02,5.23585620e-03,5.85892388e-02,2.03572983e+01,5.99587669e-03,-4.44360557e-03,-1.26179549e-01,-3.08956458e-02,-5.44945721e-02,1.99037571e-03,3.33527889e-03,4.24423896e-03
2.57000000e+02,1.66782211e+02,8.54063824e-03,5.76164721e-02,-1.22941341e-01,-3.42264794e-02,-5.10369064e-02,1.46436516e+02,2.58417231e-03,6.10803637e-02,2.03456951e+01,5.95646593e-03,-3.46389158e-03,-1.24885288e-01,-3.63691774e-02,-5.56536642e-02,1.94394735e-03,2.14269804e-03,4.61675783e-03
2.58000000e+02,1.66639102e+02,1.07794754e-02,6.06450073e-02,-1.21286149e-01,-4.01530729e-02,-5.06966014e-02,1.46307938e+02,3.69292809e-03,6.21689507e-02,2.03311638e+01,7.08654734e-03,-1.52394339e-03,-1.23254114e-01,-4.10711494e-02,-5.58278675e-02,1.96796521e-03,9.18076485e-04,5.13126605e-03
2.59000000e+02,1.66518625e+02,9.27902141e-03,5.70442386e-02,-1.20117204e-01,-4.52365008e-02,-5.06120581e-02,1.46199334e+02,2.24444275e-03,5.77186238e-02,2.03192919e+01,7.03457866e-03,-6.74385161e-04,-1.22037988e-01,-4.50900415e-02,-5.60980956e-02,1.92078438e-03,-1.46459284e-04,5.48603755e-03
2.60000000e+02,1.66370154e+02,1.26500289e-02,6.33092534e-02,-1.18442539e-01,-5.07504371e-02,-4.95020439e-02,1.46065581e+02,4.48494830e-03,6.20380509e-02,2.03045730e+01,8.16508065e-03,1.27120243e-03,-1.20388796e-01,-4.95114665e-02,-5.54834309e-02,1.94625699e-03,-1.23897067e-03,5.98138699e-03
2.61000000e+02,1.66244715e+02,1.04324664e-02,6.50488926e-02,-1.17197749e-01,-5.57108498e-02,-4.93791182e-02,1.45952156e+02,2.37066662e-03,6.31838029e-02,2.02925589e+01,8.06179976e-03,1.86508970e-03,-1.19096693e-01,-5.35994139e-02,-5.56877864e-02,1.89894427e-03,-2.11143593e-03,6.30866813e-03
2.62000000e+02,1.66093612e+02,1.31970396e-02,6.54585027e-02,-1.15533722e-01,-5.89968777e-02,-4.81563374e-02,1.45815863e+02,4.04658459e-03,6.21145512e-02,2.02777491e+01,9.15045501e-03,3.34395154e-03,-1.17456015e-01,-5.60377705e-02,-5.49346480e-02,1.92229298e-03,-2.95910723e-03,6.77831061e-03
2.63000000e+02,1.65968630e+02,1.27465909e-02,5.99514055e-02,-1.14342650e-01,-6.13049460e-02,-4.72663311e-02,1.45702945e+02,3.72002958e-03,5.62727023e-02,2.02656849e+01,9.02656131e-03,3.67870312e-03,-1.16217993e-01,-5.77084502e-02,-5.43378543e-02,1.87534290e-03,-3.59649575e-03,7.07152320e-03
2.64000000e+02,1.65817530e+02,1.71262413e-02,6.41305573e-02,-1.12562725e-01,-6.38775317e-02,-4.53594675e-02,1.45566761e+02,7.08358725e-03,5.91082392e-02,2.02507688e+01,1.00426540e-02,5.02231808e-03,-1.14464265e-01,-5.96737434e-02,-5.28435843e-02,1.90154021e-03,-4.20378829e-03,7.48411677e-03
2.65000000e+02,1.65692189e+02,1.59242489e-02,6.35932718e-02,-1.11138797e-01,-6.55589660e-02,-4.44510872e-02,1.45453626e+02,6.14030074e-03,5.86563688e-02,2.02385631e+01,9.78394820e-03,4.93690297e-03,-1.12993562e-01,-6.10324330e-02,-5.21436170e-02,1.85476503e-03,-4.52653304e-03,7.69252983e-03
2.66000000e+02,1.65542591e+02,1.93570030e-02,6.26890621e-02,-1.09282773e-01,-6.59957411e-02,-4.29309729e-02,1.45319117e+02,8.66105371e-03,5.70306964e-02,2.02234742e+01,1.06959493e-02,5.65836570e-03,-1.11161572e-01,-6.12296161e-02,-5.09446518e-02,1.87879834e-03,-4.76612503e-03,8.01367888e-03
2.67000000e+02,1.65418820e+02,1.92979383e-02,5.62618114e-02,-1.07883191e-01,-6.57077010e-02,-4.20880956e-02,1.45207762e+02,8.94107699e-03,5.10710408e-02,2.02110576e+01,1.03568613e-02,5.19077061e-03,-1.09716350e-01,-6.09521543e-02,-5.02234238e-02,1.83315850e-03,-4.75554676e-03,8.13532812e-03
2.68000000e+02,1.65268908e+02,2.40107088e-02,5.94175906e-02,-1.05910110e-01,-6.52003930e-02,-4.04730368e-02,1.45073209e+02,1.28614875e-02,5.37220491e-02,2.01956989e+01,1.11492213e-02,5.69554149e-03,-1.07771516e-01,-6.05166848e-02,-4.88305291e-02,1.86140588e-03,-4.68370819e-03,8.35749230e-03
2.69000000e+02,1.65144304e+02,2.28098596e-02,5.72611940e-02,-1.04260123e-01,-6.35495978e-02,-4.04787390e-02,1.44961275e+02,1.21440851e-02,5.24905654e-02,2.01830285e+01,1.06657745e-02,4.77062858e-03,-1.06077193e-01,-5.92210682e-02,-4.88567896e-02,1.81706976e-03,-4.32852958e-03,8.37805059e-03
2.70000000e+02,1.64994728e+02,2.70919222e-02,5.60898022e-02,-1.02227769e-01,-6.16160194e-02,-3.92936135e-02,1.44827260e+02,1.57396757e-02,5.14346998e-02,2.01674685e+01,1.13522466e-02,4.65510239e-03,-1.04070762e-01,-5.77160508e-02,-4.78147494e-02,1.84299367e-03,-3.89996858e-03,8.52113583e-03
2.71000000e+02,1.64870956e+02,2.70636127e-02,4.94387354e-02,-1.00646269e-01,-5.89052923e-02,-3.93125690e-02,1.44716453e+02,1.62435498e-02,4.60471492e-02,2.01545029e+01,1.08200629e-02,3.39158619e-03,-1.02445428e-01,-5.56530547e-02,-4.78013229e-02,1.79915903e-03,-3.25223763e-03,8.48875393e-03
2.72000000e+02,1.64720246e+02,3.21400445e-02,5.30445869e-02,-9.84840606e-02,-5.63654892e-02,-3.84435557e-02,1.44581699e+02,2.06758142e-02,4.98782764e-02,2.01385475e+01,1.14642303e-02,3.16631048e-03,-1.00313129e-01,-5.37712666e-02,-4.70355833e-02,1.82906885e-03,-2.59422265e-03,8.59202756e-03
2.73000000e+02,1.64595229e+02,3.06280987e-02,5.23098965e-02,-9.67055068e-02,-5.35917303e-02,-3.94360936e-02,1.44469986e+02,1.97540701e-02,5.07399979e-02,2.01252427e+01,1.08740287e-02,1.56989861e-03,-9.84923928e-02,-5.18763070e-02,-4.79700651e-02,1.78688594e-03,-1.71542333e-03,8.53397154e-03
2.74000000e+02,1.64445821e+02,3.41941826e-02,5.15201934e-02,-9.45391357e-02,-4.99819595e-02,-3.97273570e-02,1.44336793e+02,2.26760883e-02,5.06167472e-02,2.01090286e+01,1.15180943e-02,9.03446162e-04,-9.63541520e-02,-4.91391249e-02,-4.83730888e-02,1.81501631e-03,-8.42834580e-04,8.64573180e-03
2.75000000e+02,1.64323098e+02,3.31246883e-02,4.54753288e-02,-9.28732141e-02,-4.56312669e-02,-4.12369822e-02,1.44227606e+02,2.21248219e-02,4.62714503e-02,2.00954923e+01,1.09998665e-02,-7.96121550e-04,-9.46464699e-02,-4.57882325e-02,-4.98672969e-02,1.77325580e-03,1.56965598e-04,8.63031469e-03
2.76000000e+02,1.64174121e+02,3.62979845e-02,5.07375498e-02,-9.06491130e-02,-4.22934238e-02,-4.22550427e-02,1.44095096e+02,2.45760282e-02,5.20996608e-02,2.00790247e+01,1.17219564e-02,-1.36211101e-03,-9.24542170e-02,-4.33692931e-02,-5.10571661e-02,1.80510394e-03,1.07586933e-03,8.80212337e-03
2.77000000e+02,1.64052388e+02,3.36454535e-02,5.09371845e-02,-8.88753119e-02,-3.83003748e-02,-4.45972467e-02,1.43987085e+02,2.23700587e-02,5.40793627e-02,2.00653031e+01,1.12753947e-02,-3.14217817e-03,-9.06392748e-02,-4.04064560e-02,-5.34561919e-02,1.76396292e-03,2.10608125e-03,8.85894520e-03
2.78000000e+02,1.63907607e+02,3.59802519e-02,5.06644798e-02,-8.66846573e-02,-3.34670260e-02,-4.60981255e-02,1.43858880e+02,2.38686217e-02,5.45428423e-02,2.00487271e+01,1.21116302e-02,-3.87836251e-03,-8.84766125e-02,-3.64857930e-02,-5.52225751e-02,1.79195518e-03,3.01876699e-03,9.12444963e-03
2.79000000e+02,1.63791868e+02,3.37515571e-02,4.51976730e-02,-8.50349508e-02,-2.83204650e-02,-4.86648890e-02,1.43756909e+02,2.19390036e-02,5.06939559e-02,2.00349586e+01,1.18125535e-02,-5.49628282e-03,-8.67837649e-02,-3.22654895e-02,-5.79531888e-02,1.74881408e-03,3.94502452e-03,9.28829987e-03
2.80000000e+02,1.63651888e+02,3.68001053e-02,5.06191025e-02,-8.28873889e-02,-2.43757792e-02,-5.00508434e-02,1.43633568e+02,2.40048294e-02,5.64750676e-02,2.00183206e+01,1.27952759e-02,-5.85596519e-03,-8.46660589e-02,-2.90618361e-02,-5.97088107e-02,1.77867002e-03,4.68605681e-03,9.65796729e-03
2.81000000e+02,1.63540928e+02,3.40580006e-02,5.23087891e-02,-8.12356228e-02,-2.07937721e-02,-5.24189878e-02,1.43536455e+02,2.14752178e-02,5.95837176e-02,2.00044726e+01,1.25827828e-02,-7.27492842e-03,-8.29718756e-02,-2.62212821e-02,-6.23335553e-02,1.73625282e-03,5.42751002e-03,9.91456751e-03
2.82000000e+02,1.63408337e+02,3.54857278e-02,5.39805869e-02,-7.91594150e-02,-1.69428064e-02,-5.42869566e-02,1.43420522e+02,2.18116115e-02,6.15265248e-02,1.99878144e+01,1.36741163e-02,-7.54593795e-03,-8.09228235e-02,-2.29064157e-02,-6.46673282e-02,1.76340851e-03,5.96360927e-03,1.03803716e-02
2.83000000e+02,1.63305480e+02,3.28677595e-02,4.99937997e-02,-7.75299155e-02,-1.29943923e-02,-5.68093798e-02,1.43331517e+02,1.92542852e-02,5.85878002e-02,1.99739635e+01,1.36134743e-02,-8.59400054e-03,-7.92489115e-02,-1.94225110e-02,-6.75513476e-02,1.71899600e-03,6.42811870e-03,1.07419679e-02
2.84000000e+02,1.63179335e+02,3.51025549e-02,5.66666435e-02,-7.54214182e-02,-1.04438333e-02,-5.83146094e-02,1.43222137e+02,2.02766595e-02,6.49831944e-02,1.99571979e+01,1.48258954e-02,-8.31655082e-03,-7.71674292e-02,-1.70849383e-02,-6.96161309e-02,1.74601103e-03,6.64110499e-03,1.13015215e-02
2.85000000e+02,1.63083526e+02,3.16401048e-02,5.83859060e-02,-7.38014685e-02,-7.87360397e-03,-6.07696649e-02,1.43140302e+02,1.67821895e-02,6.74065528e-02,1.99432243e+01,1.48579153e-02,-9.02064684e-03,-7.55002355e-02,-1.46724067e-02,-7.25120818e-02,1.69876696e-03,6.79880275e-03,1.17424169e-02
2.86000000e+02,1.62967510e+02,3.31834536e-02,5.95538914e-02,-7.18143652e-02,-4.86934025e-03,-6.20190787e-02,1.43041092e+02,1.70105342e-02,6.80665741e-02,1.99264172e+01,1.61729194e-02,-8.51268274e-03,-7.35346975e-02,-1.15766982e-02,-7.44023000e-02,1.72033232e-03,6.70735796e-03,1.23832213e-02
2.87000000e+02,1.62883129e+02,3.13134748e-02,5.59748191e-02,-7.03394149e-02,-2.65139978e-03,-6.35119261e-02,1.42970733e+02,1.49986985e-02,6.47167787e-02,1.99123964e+01,1.63147762e-02,-8.74195951e-03,-7.20100397e-02,-9.16487568e-03,-7.64141608e-02,1.67062476e-03,6.51347590e-03,1.29022347e-02
2.88000000e+02,1.62776118e+02,3.44949863e-02,6.34046506e-02,-6.83279174e-02,-2.26622654e-03,-6.36009656e-02,1.42880701e+02,1.67948303e-02,7.10208252e-02,1.98954171e+01,1.77001559e-02,-7.61617458e-03,-7.00203051e-02,-8.32115084e-03,-7.72017540e-02,1.69238774e-03,6.05492431e-03,1.36007883e-02
2.89000000e+02,1.62701275e+02,3.16551863e-02,6.62878200e-02,-6.67511408e-02,-2.31204506e-03,-6.48015952e-02,1.42820054e+02,1.37880089e-02,7.37836301e-02,1.98812212e+01,1.78671774e-02,-7.49581010e-03,-6.83923508e-02,-7.86265912e-03,-7.89610037e-02,1.64121003e-03,5.55061407e-03,1.41594085e-02
2.90000000e+02,1.62606991e+02,3.42521276e-02,6.81041515e-02,-6.47450584e-02,-1.85035908e-03,-6.47280731e-02,1.42742864e+02,1.49292815e-02,7.43189520e-02,1.98641271e+01,1.93228461e-02,-6.21480053e-03,-6.64044935e-02,-6.67766348e-03,-7.96289063e-02,1.65943507e-03,4.82730440e-03,1.49008332e-02
2.91000000e+02,1.62544712e+02,3.30198929e-02,6.48459033e-02,-6.31589214e-02,-1.92315759e-03,-6.49376016e-02,1.42694827e+02,1.34618586e-02,7.05314663e-02,1.98498851e+01,1.95580343e-02,-5.68556302e-03,-6.47659515e-02,-5.95761246e-03,-8.04372648e-02,1.60703007e-03,4.03445488e-03,1.54996632e-02
2.92000000e+02,1.62460033e+02,3.70094497e-02,7.20922130e-02,-6.09484273e-02,-3.77080149e-03,-6.37557830e-02,1.42627300e+02,1.59868104e-02,7.59794664e-02,1.98327329e+01,2.10226393e-02,-3.88725340e-03,-6.25743460e-02,-6.79359938e-03,-8.00091428e-02,1.62591873e-03,3.02279789e-03,1.62533597e-02
2.93000000e+02,1.62407729e+02,3.56876797e-02,7.47745760e-02,-5.91862058e-02,-5.98064021e-03,-6.33590434e-02,1.42589243e+02,1.44458497e-02,7.79019505e-02,1.98184851e+01,2.12418301e-02,-3.12737456e-03,-6.07558579e-02,-7.98563113e-03,-8.01971775e-02,1.56965210e-03,2.00499092e-03,1.68381341e-02
2.94000000e+02,1.62335410e+02,3.94258005e-02,7.69614248e-02,-5.70007396e-02,-8.03674793e-03,-6.19477042e-02,1.42533963e+02,1.67433606e-02,7.82105125e-02,1.98014473e+01,2.26824399e-02,-1.24908771e-03,-5.85828906e-02,-8.85087064e-03,-7.95208647e-02,1.58215106e-03,8.14122714e-04,1.75731605e-02
2.95000000e+02,1.62295119e+02,3.95500443e-02,7.34642512e-02,-5.52980617e-02,-1.03297127e-02,-6.07043047e-02,1.42507798e+02,1.66759571e-02,7.36739492e-02,1.97873212e+01,2.28740871e-02,-2.09698058e-04,-5.68209190e-02,-9.94034128e-03,-7.88351547e-02,1.52285732e-03,-3.89371452e-04,1.81308500e-02
2.96000000e+02,1.62232047e+02,4.51093650e-02,8.02798233e-02,-5.30107141e-02,-1.40165414e-02,-5.80037766e-02,1.42461758e+02,2.08474351e-02,7.82386797e-02,1.97702886e+01,2.42619300e-02,2.04114360e-03,-5.45449736e-02,-1.22640066e-02,-7.68205148e-02,1.53425957e-03,-1.75253475e-03,1.88167382e-02
2.97000000e+02,1.62199279e+02,4.51983913e-02,8.28474571e-02,-5.11393847e-02,-1.81034179e-02,-5.61466489e-02,1.42443043e+02,2.08471114e-02,7.96888910e-02,1.97562363e+01,2.43512798e-02,3.15856615e-03,-5.26109592e-02,-1.50520543e-02,-7.54519941e-02,1.47157450e-03,-3.05136362e-03,1.93053453e-02
2.98000000e+02,1.62144881e+02,5.00718968e-02,8.47985280e-02,-4.88666107e-02,-2.18671080e-02,-5.34166779e-02,1.42405474e+02,2.44528938e-02,7.95076095e-02,1.97394065e+01,2.56190030e-02,5.29091845e-03,-5.03446339e-02,-1.74202042e-02,-7.33257378e-02,1.47802313e-03,-4.44690378e-03,1.99090599e-02
2.99000000e+02,1.62119924e+02,5.05060063e-02,8.08645093e-02,-4.70551329e-02,-2.56729102e-02,-5.13200288e-02,1.42394403e+02,2.48923844e-02,7.44015114e-02,1.97255214e+01,2.56136219e-02,6.46299789e-03,-4.84694862e-02,-1.99155935e-02,-7.16341625e-02,1.41435330e-03,-5.75731677e-03,2.03141337e-02
3.00000000e+02,1.62068172e+02,5.55959952e-02,8.74823714e-02,-4.46434987e-02,-3.08749455e-02,-4.86452669e-02,1.42359388e+02,2.88026379e-02,7.87506868e-02,1.97087844e+01,2.67933573e-02,8.73168456e-03,-4.60671038e-02,-2.37512045e-02,-6.94732934e-02,1.42360504e-03,-7.12374094e-03,2.08280265e-02
3.01000000e+02,1.62043481e+02,5.46715995e-02,8.94137383e-02,-4.26796025e-02,-3.55549281e-02,-4.72307546e-02,1.42348473e+02,2.80171359e-02,7.96803487e-02,1.96950080e+01,2.66544636e-02,9.73338962e-03,-4.40396568e-02,-2.72417529e-02,-6.83623152e-02,1.36005430e-03,-8.31317515e-03,2.11315606e-02
3.02000000e+02,1.61992492e+02,5.94037164e-02,9.04012165e-02,-4.02371566e-02,-3.92639706e-02,-4.46803472e-02,1.42314068e+02,3.16936990e-02,7.88003013e-02,1.96784238e+01,2.77100174e-02,1.16009152e-02,-4.16027512e-02,-2.97761963e-02,-6.62324610e-02,1.36559462e-03,-9.48777424e-03,2.15521138e-02
3.03000000e+02,1.61965557e+02,6.01323140e-02,8.55281115e-02,-3.82664603e-02,-4.27199476e-02,-4.25615347e-02,1.42300803e+02,3.26592180e-02,7.31613760e-02,1.96647535e+01,2.74730959e-02,1.23667355e-02,-3.95672869e-02,-3.22554736e-02,-6.43333989e-02,1.30082665e-03,-1.04644740e-02,2.17718642e-02
3.04000000e+02,1.61907430e+02,6.54902282e-02,9.12431061e-02,-3.57581169e-02,-4.73965038e-02,-3.94802112e-02,1.42259267e+02,3.70761817e-02,7.71561485e-02,1.96481630e+01,2.84140465e-02,1.40869576e-02,-3.70666137e-02,-3.60044334e-02,-6.15871373e-02,1.30849679e-03,-1.13920703e-02,2.21069260e-02
3.05000000e+02,1.61870662e+02,6.51318688e-02,9.21370671e-02,-3.37632337e-02,-5.11912430e-02,-3.73977543e-02,1.42236168e+02,3.70693435e-02,7.77173907e-02,1.96344940e+01,2.80625252e-02,1.44196764e-02,-3.50058444e-02,-3.91495830e-02,-5.96468915e-02,1.24261073e-03,-1.20416600e-02,2.22491373e-02
3.06000000e+02,1.61803536e+02,7.03420321e-02,9.23462905e-02,-3.14330949e-02,-5.37687655e-02,-3.42264290e-02,1.42185550e+02,4.13937844e-02,7.68152612e-02,1.96179866e+01,2.89482477e-02,1.55310294e-02,-3.26799542e-02,-4.11730606e-02,-5.67588473e-02,1.24685927e-03,-1.25957049e-02,2.25324183e-02
3.07000000e+02,1.61757235e+02,7.15762508e-02,8.63599700e-02,-2.96449568e-02,-5.55983730e-02,-3.15151150e-02,1.42152817e+02,4.29968055e-02,7.09191806e-02,1.96044178e+01,2.85794453e-02,1.54407894e-02,-3.08280281e-02,-4.27098428e-02,-5.41643214e-02,1.18307126e-03,-1.28885301e-02,2.26492064e-02
3.08000000e+02,1.61676803e+02,7.70398350e-02,9.09082717e-02,-2.73171093e-02,-5.83774452e-02,-2.84061664e-02,1.42088904e+02,4.75935495e-02,7.46006244e-02,1.95878989e+01,2.94462855e-02,1.63076473e-02,-2.85103848e-02,-4.52628726e-02,-5.13276386e-02,1.19327545e-03,-1.31145726e-02,2.29214722e-02
3.09000000e+02,1.61616812e+02,7.64471568e-02,9.01139068e-02,-2.54605066e-02,-5.95612412e-02,-2.63139613e-02,1.42042472e+02,4.73980352e-02,7.43571495e-02,1.95743400e+01,2.90491217e-02,1.57567573e-02,-2.65934193e-02,-4.65098761e-02,-4.93423803e-02,1.13291270e-03,-1.30513650e-02,2.30284190e-02
3.10000000e+02,1.61526311e+02,8.10659333e-02,8.97868722e-02,-2.31693590e-02,-6.00255994e-02,-2.32662304e-02,1.41968290e+02,5.11437452e-02,7.37577904e-02,1.95580210e+01,2.99221881e-02,1.60290819e-02,-2.43124567e-02,-4.71024835e-02,-4.65717884e-02,1.14309772e-03,-1.29231159e-02,2.33055580e-02
3.11000000e+02,1.61457539e+02,8.23462993e-02,8.33043600e-02,-2.14008205e-02,-5.95726498e-02,-2.03079859e-02,1.41912844e+02,5.27650756e-02,6.81564019e-02,1.95446954e+01,2.95812237e-02,1.51479580e-02,-2.24849531e-02,-4.69958732e-02,-4.37502119e-02,1.08413254e-03,-1.25767766e-02,2.34422261e-02
3.12000000e+02,1.61357457e+02,8.84774093e-02,8.65414468e-02,-1.91140703e-02,-5.94559925e-02,-1.63862573e-02,1.41828917e+02,5.79796272e-02,7.12683204e-02,1.95285393e+01,3.04977820e-02,1.52731264e-02,-2.02121544e-02,-4.72373776e-02,-4.01430661e-02,1.09808409e-03,-1.22186149e-02,2.37568088e-02
3.13000000e+02,1.61281682e+02,8.92238200e-02,8.54207698e-02,-1.72921900e-02,-5.83625568e-02,-1.30233218e-02,1.41766252e+02,5.90564981e-02,7.13370701e-02,1.95154301e+01,3.01673219e-02,1.40836997e-02,-1.83332374e-02,-4.67191053e-02,-3.69487656e-02,1.04104740e-03,-1.16434514e-02,2.39254438e-02
3.14000000e+02,1.61179748e+02,9.51009488e-02,8.40877579e-02,-1.50333326e-02,-5.62751493e-02,-8.72090317e-03,1.41680191e+02,6.39616799e-02,7.02847715e-02,1.94995573e+01,3.11392689e-02,1.38029864e-02,-1.60886267e-02,-4.51894436e-02,-3.29966768e-02,1.05529404e-03,-1.10857057e-02,2.42757736e-02
3.15000000e+02,1.61104524e+02,9.74715938e-02,7.71042810e-02,-1.32598696e-02,-5.34352860e-02,-4.57299900e-03,1.41617847e+02,6.65851823e-02,6.46186363e-02,1.94866771e+01,3.08864115e-02,1.24856447e-02,-1.42604747e-02,-4.30428819e-02,-2.90634148e-02,1.00060516e-03,-1.03924041e-02,2.44904158e-02
3.16000000e+02,1.61002448e+02,1.04451037e-01,8.00630335e-02,-1.08975051e-02,-5.12413523e-02,3.26685421e-04,1.41531476e+02,7.25591686e-02,6.77776102e-02,1.94709727e+01,3.18918685e-02,1.22854233e-02,-1.19162037e-02,-4.14598032e-02,-2.45472910e-02,1.01869866e-03,-9.78154908e-03,2.48739765e-02
3.17000000e+02,1.60929444e+02,1.05624867e-01,7.84176949e-02,-8.96537616e-03,-4.82422774e-02,4.36538778e-03,1.41471092e+02,7.39800805e-02,6.75449601e-02,1.94583518e+01,3.16447863e-02,1.08727348e-02,-9.92979276e-03,-3.92054349e-02,-2.07347331e-02,9.64416600e-04,-9.03684253e-03,2.51001209e-02
3.18000000e+02,1.60834263e+02,1.11206714e-01,7.77942805e-02,-6.55620991e-03,-4.48969259e-02,8.83663531e-03,1.41391319e+02,7.85341920e-02,6.72928597e-02,1.94429448e+01,3.26725220e-02,1.05014208e-02,-7.53500143e-03,-3.65042191e-02,-1.66612501e-02,9.78791526e-04,-8.39270681e-03,2.54978854e-02
3.19000000e+02,1.60770104e+02,1.13652840e-01,7.14826941e-02,-4.61890717e-03,-4.08611720e-02,1.33648276e-02,1.41339523e+02,8.12027990e-02,6.23260975e-02,1.94305812e+01,3.24500410e-02,9.15659666e-03,-5.54186334e-03,-3.31822159e-02,-1.23718564e-02,9.22956175e-04,-7.67895611e-03,2.57366840e-02
3.20000000e+02,1.60682668e+02,1.20904986e-01,7.51525938e-02,-2.12182808e-03,-3.79302267e-02,1.88151755e-02,1.41267290e+02,8.74415127e-02,6.61673985e-02,1.94153778e+01,3.34634729e-02,8.98519533e-03,-3.06042807e-03,-3.08282182e-02,-7.30972672e-03,9.38599987e-04,-7.10200842e-03,2.61249022e-02
3.21000000e+02,1.60627061e+02,1.22143459e-01,7.42570280e-02,-7.01397100e-05,-3.41326730e-02,2.30724764e-02,1.41223805e+02,8.89537177e-02,6.65837107e-02,1.94032556e+01,3.31897411e-02,7.67331726e-03,-9.52120249e-04,-2.76939722e-02,-3.25652361e-03,8.81980539e-04,-6.43870082e-03,2.63290000e-02
3.22000000e+02,1.60550843e+02,1.27986998e-01,7.41118617e-02,2.40446088e-03,-3.00115972e-02,2.78699718e-02,1.41162503e+02,9.38444370e-02,6.66599904e-02,1.93883394e+01,3.41425608e-02,7.45187136e-03,1.51104757e-03,-2.40875600e-02,1.20235847e-03,8.93413307e-04,-5.92403718e-03,2.66676134e-02
3.23000000e+02,1.60506157e+02,1.29917547e-01,6.80892053e-02,4.41436381e-03,-2.55088423e-02,3.20307585e-02,1.41129701e+02,9.60992468e-02,6.17932164e-02,1.93764563e+01,3.38183007e-02,6.29598890e-03,3.57917586e-03,-2.01345096e-02,5.20600393e-03,8.35187944e-04,-5.37433275e-03,2.68247546e-02
3.24000000e+02,1.60437877e+02,1.36167233e-01,7.29179895e-02,6.96673541e-03,-2.27195939e-02,3.65687596e-02,1.41076202e+02,1.01466080e-01,6.65187774e-02,1.93616754e+01,3.47011535e-02,6.39921211e-03,6.11858161e-03,-1.77045801e-02,9.46288617e-03,8.48153799e-04,-5.01501373e-03,2.71058735e-02
3.25000000e+02,1.60399887e+02,1.35928513e-01,7.30404525e-02,9.07364917e-03,-1.92335214e-02,3.96663050e-02,1.41049946e+02,1.01670271e-01,6.76337354e-02,1.93499404e+01,3.42582420e-02,5.40671709e-03,8.28508960e-03,-1.46212725e-02,1.24872378e-02,7.88559575e-04,-4.61224890e-03,2.71790672e-02
3.26000000e+02,1.60338464e+02,1.40150608e-01,7.41970401e-02,1.15683163e-02,-1.57934560e-02,4.29596946e-02,1.41003145e+02,1.05112469e-01,6.86506703e-02,1.93353188e+01,3.50381391e-02,5.54636971e-03,1.07720382e-02,-1.13999549e-02,1.55843561e-02,7.96278041e-04,-4.39350105e-03,2.73753385e-02
3.27000000e+02,1.60305928e+02,1.39909956e-01,6.84331258e-02,1.35312140e-02,-1.16566858e-02,4.52420200e-02,1.40982188e+02,1.05391393e-01,6.36330712e-02,1.93237397e+01,3.45185626e-02,4.80005458e-03,1.27976900e-02,-7.47665336e-03,1.78709505e-02,7.33524022e-04,-4.18003241e-03,2.73710696e-02
3.28000000e+02,1.60246182e+02,1.43829352e-01,7.34467736e-02,1.60140576e-02,-9.30093051e-03,4.77698785e-02,1.40936965e+02,1.08644990e-01,6.81018594e-02,1.93092169e+01,3.51843615e-02,5.34491418e-03,1.52730602e-02,-5.11594107e-03,2.02886295e-02,7.40997444e-04,-4.18498945e-03,2.74812490e-02
3.29000000e+02,1.60213817e+02,1.41360940e-01,7.37491763e-02,1.79672829e-02,-6.34567454e-03,4.86307824e-02,1.40916050e+02,1.06833586e-01,6.88907876e-02,1.92977667e+01,3.45273540e-02,4.85838871e-03,1.72927427e-02,-2.15979848e-03,2.12500862e-02,6.74540205e-04,-4.18587606e-03,2.73806962e-02
3.30000000e+02,1.60155386e+02,1.43122116e-01,7.55392283e-02,2.02553316e-02,-3.96622397e-03,4.95312416e-02,1.40871944e+02,1.08038408e-01,7.00011961e-02,1.92834418e+01,3.50837083e-02,5.53803223e-03,1.95796228e-02,4.38562072e-04,2.21337113e-02,6.75708840e-04,-4.40478604e-03,2.73975303e-02
3.31000000e+02,1.60123363e+02,1.40433727e-01,7.03172094e-02,2.19755298e-02,-7.98946615e-04,4.95279632e-02,1.40851196e+02,1.06102783e-01,6.49742929e-02,1.92721670e+01,3.43309442e-02,5.34291646e-03,2.13696076e-02,3.84459331e-03,2.23133505e-02,6.05922231e-04,-4.64353993e-03,2.72146127e-02
3.32000000e+02,1.60061786e+02,1.42757970e-01,7.52751295e-02,2.42130890e-02,7.16780920e-04,5.01062379e-02,1.40803833e+02,1.07961419e-01,6.88102681e-02,1.92579534e+01,3.47965512e-02,6.46486143e-03,2.36055386e-02,5.82312331e-03,2.29587879e-02,6.07550381e-04,-5.10634239e-03,2.71474499e-02
3.33000000e+02,1.60026530e+02,1.39560490e-01,7.59305616e-02,2.59475271e-02,2.48624298e-03,4.94676107e-02,1.40779670e+02,1.05637435e-01,6.93996603e-02,1.92468602e+01,3.39230550e-02,6.53090127e-03,2.54116751e-02,8.04164938e-03,2.25994349e-02,5.35852029e-04,-5.55540640e-03,2.68681758e-02
3.34000000e+02,1.59964384e+02,1.40751645e-01,7.81787525e-02,2.80656026e-02,3.61965913e-03,4.91408502e-02,1.40731442e+02,1.06498573e-01,7.04306404e-02,1.92329422e+01,3.42530718e-02,7.74811206e-03,2.75322302e-02,9.81564187e-03,2.24315740e-02,5.33372391e-04,-6.19598274e-03,2.67092762e-02
3.35000000e+02,1.59928442e+02,1.37890577e-01,7.30831736e-02,2.96796113e-02,5.53331404e-03,4.82420153e-02,1.40706277e+02,1.04592195e-01,6.50390496e-02,1.92221647e+01,3.32983817e-02,8.04412403e-03,2.92204914e-02,1.23602586e-02,2.18813568e-02,4.59119925e-04,-6.82694451e-03,2.63606585e-02
3.36000000e+02,1.59863377e+02,1.40486054e-01,7.81713627e-02,3.18042971e-02,5.78356555e-03,4.82908004e-02,1.40654842e+02,1.06925826e-01,6.85700056e-02,1.92085352e+01,3.35602283e-02,9.60135717e-03,3.13471197e-02,1.34236785e-02,2.21525120e-02,4.57177326e-04,-7.64011291e-03,2.61382884e-02
3.37000000e+02,1.59825592e+02,1.37773114e-01,7.97462900e-02,3.34520069e-02,5.94339413e-03,4.73534252e-02,1.40627473e+02,1.05264864e-01,6.96960412e-02,1.91981190e+01,3.25082498e-02,1.00502489e-02,3.30709597e-02,1.43345818e-02,2.16323650e-02,3.81047258e-04,-8.39118767e-03,2.57210603e-02
3.38000000e+02,1.59762358e+02,1.39663055e-01,8.13297558e-02,3.54797329e-02,6.08396386e-03,4.69396149e-02,1.40577453e+02,1.06977435e-01,6.97849956e-02,1.91849048e+01,3.26856200e-02,1.15447602e-02,3.51043725e-02,1.53592432e-02,2.15003866e-02,3.75360341e-04,-9.27527934e-03,2.54392284e-02
3.39000000e+02,1.59726811e+02,1.37885265e-01,7.67133850e-02,3.70105698e-02,6.18870697e-03,4.62999631e-02,1.40551937e+02,1.06289141e-01,6.46376677e-02,1.91748738e+01,3.15961239e-02,1.20757173e-02,3.67126549e-02,1.62786044e-02,2.13103250e-02,2.97914963e-04,-1.00898974e-02,2.49896381e-02
3.40000000e+02,1.59664077e+02,1.41273092e-01,8.21495397e-02,3.90398581e-02,4.81200991e-03,4.64947281e-02,1.40502098e+02,1.09510764e-01,6.83447915e-02,1.91619795e+01,3.17623273e-02,1.38047482e-02,3.87451398e-02,1.58418475e-02,2.18105384e-02,2.94718296e-04,-1.10298376e-02,2.46841897e-02
3.41000000e+02,1.59630069e+02,1.39219073e-01,8.41009828e-02,4.06195154e-02,3.34929301e-03,4.57801386e-02,1.40477785e+02,1.08591069e-01,6.97522057e-02,1.91522847e+01,3.06280035e-02,1.43487771e-02,4.04022823e-02,1.52024592e-02,2.15666004e-02,2.17233098e-04,-1.18531662e-02,2.42135383e-02
3.42000000e+02,1.59571516e+02,1.41729865e-01,8.62819081e-02,4.26314224e-02,1.98013578e-03,4.56725877e-02,1.40431761e+02,1.10970087e-01,7.03968476e-02,1.91397550e+01,3.07597785e-02,1.58850604e-02,4.24206747e-02,1.47382397e-02,2.17711363e-02,2.10747715e-04,-1.27581040e-02,2.39014514e-02
3.43000000e+02,1.59542178e+02,1.40437336e-01,8.16388836e-02,4.41070770e-02,8.70895077e-04,4.53038754e-02,1.40411793e+02,1.10769050e-01,6.52533499e-02,1.91303847e+01,2.96682866e-02,1.63855336e-02,4.39749574e-02,1.44184384e-02,2.18524165e-02,1.32119613e-04,-1.35475434e-02,2.34514589e-02
3.44000000e+02,1.59485563e+02,1.44693963e-01,8.68459616e-02,4.61023994e-02,-1.54501314e-03,4.61781466e-02,1.40367498e+02,1.14846164e-01,6.88124974e-02,1.91180652e+01,2.98477990e-02,1.80334642e-02,4.59744556e-02,1.28792243e-02,2.30089724e-02,1.27943771e-04,-1.44242374e-02,2.31691743e-02
3.45000000e+02,1.59458364e+02,1.43397038e-01,8.83421875e-02,4.76580757e-02,-3.62688379e-03,4.60669121e-02,1.40349470e+02,1.14615785e-01,6.98688385e-02,1.91088937e+01,2.87812528e-02,1.84733490e-02,4.76082286e-02,1.15321884e-02,2.33172087e-02,4.98470365e-05,-1.51590722e-02,2.27497035e-02
3.46000000e+02,1.59406733e+02,1.46421275e-01,8.99195328e-02,4.96273100e-02,-5.49909713e-03,4.65229351e-02,1.40309884e+02,1.17422375e-01,7.00719190e-02,1.90968488e+01,2.89989002e-02,1.98476139e-02,4.95831179e-02,1.04456908e-02,2.40136508e-02,4.41920965e-05,-1.59447879e-02,2.25092842e-02
3.47000000e+02,1.59383244e+02,1.45327609e-01,8.48119209e-02,5.11137943e-02,-7.13134849e-03,4.65254729e-02,1.40295303e+02,1.17291766e-01,6.46246694e-02,1.90879414e+01,2.80358435e-02,2.01872515e-02,5.11473255e-02,9.46963882e-03,2.43629034e-02,-3.35312159e-05,-1.66009873e-02,2.21625695e-02
3.48000000e+02,1.59331779e+02,1.49217859e-01,8.97438213e-02,5.31135729e-02,-9.86820043e-03,4.75874388e-02,1.40255708e+02,1.20855276e-01,6.80817311e-02,1.90760707e+01,2.83625831e-02,2.16620902e-02,5.31499699e-02,7.46266486e-03,2.55917550e-02,-3.63969696e-05,-1.73308653e-02,2.19956837e-02
3.49000000e+02,1.59308241e+02,1.47852184e-01,9.04480414e-02,5.46350234e-02,-1.22646081e-02,4.79883394e-02,1.40240888e+02,1.20393011e-01,6.85651517e-02,1.90673525e+01,2.74591730e-02,2.18828897e-02,5.47476014e-02,5.63653877e-03,2.62771046e-02,-1.12578068e-04,-1.79011468e-02,2.17112348e-02
3.50000000e+02,1.59258794e+02,1.51413176e-01,9.17060064e-02,5.65616289e-02,-1.43949275e-02,4.90564558e-02,1.40203047e+02,1.23553481e-01,6.86389965e-02,1.90557469e+01,2.78596948e-02,2.30670099e-02,5.66787291e-02,4.11918395e-03,2.74440259e-02,-1.17100207e-04,-1.85141114e-02,2.16124299e-02
3.51000000e+02,1.59237399e+02,1.50605016e-01,8.59566442e-02,5.79964368e-02,-1.59173229e-02,4.96130508e-02,1.40190067e+02,1.23515795e-01,6.28072069e-02,1.90473318e+01,2.70892208e-02,2.31494372e-02,5.81896312e-02,3.05863283e-03,2.81924370e-02,-1.93194426e-04,-1.89759557e-02,2.14206138e-02
3.52000000e+02,1.59187045e+02,1.54709690e-01,9.03386219e-02,5.99354255e-02,-1.87641789e-02,5.11575257e-02,1.40151083e+02,1.27109578e-01,6.59824252e-02,1.90359623e+01,2.76001116e-02,2.43561968e-02,6.01306459e-02,7.35494426e-04,2.97489899e-02,-1.95220396e-04,-1.94996733e-02,2.14085357e-02
3.53000000e+02,1.59163752e+02,1.53133905e-01,9.11038584e-02,6.13654691e-02,-2.12481078e-02,5.18245792e-02,1.40135977e+02,1.26238080e-01,6.67810486e-02,1.90277752e+01,2.68958250e-02,2.43228098e-02,6.16356719e-02,-1.40335847e-03,3.05387027e-02,-2.70202890e-04,-1.98447493e-02,2.12858765e-02
3.54000000e+02,1.59114555e+02,1.56640554e-01,9.22104207e-02,6.31873719e-02,-2.32913387e-02,5.34199468e-02,1.40097795e+02,1.29145623e-01,6.70179500e-02,1.90167598e+01,2.74949303e-02,2.51924706e-02,6.34601744e-02,-3.07822298e-03,3.20741012e-02,-2.72802490e-04,-2.02131157e-02,2.13458456e-02
3.55000000e+02,1.59093002e+02,1.55670247e-01,8.68375205e-02,6.45209593e-02,-2.47678794e-02,5.42193763e-02,1.40084042e+02,1.28774385e-01,6.18740858e-02,1.90089601e+01,2.68958620e-02,2.49634347e-02,6.48665495e-02,-4.35351421e-03,3.29202179e-02,-3.45590204e-04,-2.04143652e-02,2.12991584e-02
3.56000000e+02,1.59042508e+02,1.59946916e-01,9.12248895e-02,6.63689560e-02,-2.72220981e-02,5.63774132e-02,1.40044280e+02,1.32364914e-01,6.53968653e-02,1.89982284e+01,2.75820021e-02,2.58280243e-02,6.67124429e-02,-6.56309067e-03,3.49509756e-02,-3.43486869e-04,-2.06590074e-02,2.14264376e-02
3.57000000e+02,1.59019691e+02,1.58103939e-01,9.10357227e-02,6.77048002e-02,-2.87046629e-02,5.73399894e-02,1.40028956e+02,1.31063721e-01,6.56308439e-02,1.89907347e+01,2.70402184e-02,2.54048788e-02,6.81188133e-02,-7.99563661e-03,3.59140329e-02,-4.14013138e-04,-2.07090263e-02,2.14259565e-02
3.58000000e+02,1.58970720e+02,1.60982659e-01,9.12426175e-02,6.94252606e-02,-2.96257819e-02,5.88625361e-02,1.39990324e+02,1.33206865e-01,6.53259176e-02,1.89803958e+01,2.77757935e-02,2.59167000e-02,6.98374048e-02,-8.84540565e-03,3.72647936e-02,-4.12144176e-04,-2.07803762e-02,2.15977424e-02
3.59000000e+02,1.58949418e+02,1.59661075e-01,8.51629981e-02,7.06546408e-02,-3.00772496e-02,5.97678766e-02,1.39976112e+02,1.32358118e-01,5.98542087e-02,1.89733060e+01,2.73029566e-02,2.53087894e-02,7.11355665e-02,-9.39768893e-03,3.81221612e-02,-4.80925672e-04,-2.06795607e-02,2.16457155e-02
3.60000000e+02,1.58898818e+02,1.63003572e-01,8.83838810e-02,7.23695206e-02,-3.12809192e-02,6.15884151e-02,1.39935555e+02,1.34911456e-01,6.25980212e-02,1.89632628e+01,2.80921167e-02,2.57858598e-02,7.28438177e-02,-1.06616183e-02,3.97337604e-02,-4.74297105e-04,-2.06193009e-02,2.18546548e-02
3.61000000e+02,1.58876231e+02,1.60651987e-01,8.74320754e-02,7.36257809e-02,-3.15445281e-02,6.26294864e-02,1.39919739e+02,1.33032063e-01,6.24221461e-02,1.89564916e+01,2.76199240e-02,2.50099293e-02,7.41661984e-02,-1.11685201e-02,4.07128126e-02,-5.40417535e-04,-2.03760080e-02,2.19166738e-02
3.62000000e+02,1.58827345e+02,1.63341221e-01,8.73879373e-02,7.52458864e-02,-3.16891023e-02,6.44286042e-02,1.39880477e+02,1.34921454e-01,6.22195463e-02,1.89468680e+01,2.84197673e-02,2.51683910e-02,7.57803502e-02,-1.15205998e-02,4.23003221e-02,-5.34463840e-04,-2.01685025e-02,2.21282822e-02
3.63000000e+02,1.58806299e+02,1.61951135e-01,8.10142315e-02,7.63966754e-02,-3.14588396e-02,6.54482540e-02,1.39865812e+02,1.33982011e-01,5.67931866e-02,1.89404873e+01,2.79691243e-02,2.42210450e-02,7.69967269e-02,-1.16486475e-02,4.32540974e-02,-6.00051445e-04,-1.98101921e-02,2.21941566e-02
3.64000000e+02,1.58756147e+02,1.65279124e-01,8.43696833e-02,7.80360783e-02,-3.19015644e-02,6.72561668e-02,1.39825041e+02,1.36528695e-01,5.99343869e-02,1.89311057e+01,2.87504283e-02,2.44352964e-02,7.86270799e-02,-1.23785200e-02,4.48564253e-02,-5.91001584e-04,-1.95230444e-02,2.23997415e-02
3.65000000e+02,1.58733178e+02,1.62649995e-01,8.40058462e-02,7.91826089e-02,-3.19064282e-02,6.81270978e-02,1.39808202e+02,1.34368470e-01,6.06117480e-02,1.89249760e+01,2.82815250e-02,2.33940983e-02,7.98372515e-02,-1.28344652e-02,4.56739912e-02,-6.54642602e-04,-1.90719630e-02,2.24531066e-02
3.66000000e+02,1.58683637e+02,1.65183657e-01,8.38030345e-02,8.06987261e-02,-3.13107760e-02,6.97951421e-02,1.39767694e+02,1.36129220e-01,6.04955714e-02,1.89159428e+01,2.90544363e-02,2.33074630e-02,8.13455835e-02,-1.26252194e-02,4.71517627e-02,-6.46857392e-04,-1.86855567e-02,2.26433794e-02
3.67000000e+02,1.58661904e+02,1.63514459e-01,7.74256404e-02,8.17325845e-02,-3.04365442e-02,7.08725567e-02,1.39751754e+02,1.34951835e-01,5.52328956e-02,1.89101503e+01,2.85626241e-02,2.21927448e-02,8.24417475e-02,-1.22543039e-02,4.81952168e-02,-7.09162935e-04,-1.81822402e-02,2.26773399e-02
3.68000000e+02,1.58611051e+02,1.66641031e-01,8.10211366e-02,8.32902100e-02,-3.05234724e-02,7.24747125e-02,1.39709687e+02,1.37343916e-01,5.87519511e-02,1.89013635e+01,2.92971147e-02,2.22691855e-02,8.39883638e-02,-1.27375361e-02,4.96374440e-02,-6.98153801e-04,-1.77859362e-02,2.28372685e-02
3.69000000e+02,1.58587471e+02,1.64122910e-01,8.07308738e-02,8.43744715e-02,-2.99210977e-02,7.32674442e-02,1.39691674e+02,1.35378067e-01,5.96088398e-02,1.88957971e+01,2.87448421e-02,2.11220340e-02,8.51341207e-02,-1.26648973e-02,5.04386607e-02,-7.59649190e-04,-1.72562003e-02,2.28287835e-02
3.70000000e+02,1.58538155e+02,1.65862134e-01,8.09392312e-02,8.58256112e-02,-2.91085618e-02,7.44866858e-02,1.39650814e+02,1.36432123e-01,5.99647075e-02,1.88873406e+01,2.94300107e-02,2.09745237e-02,8.65769116e-02,-1.22907098e-02,5.15369518e-02,-7.51300356e-04,-1.68178521e-02,2.29497340e-02
3.71000000e+02,1.58516902e+02,1.63668382e-01,7.49384377e-02,8.67791402e-02,-2.79387168e-02,7.51198253e-02,1.39634802e+02,1.34803687e-01,5.51239046e-02,1.88820999e+01,2.88646944e-02,1.98145331e-02,8.75919938e-02,-1.16535449e-02,5.22010952e-02,-8.12853606e-04,-1.62851718e-02,2.29187301e-02
3.72000000e+02,1.58466838e+02,1.66292385e-01,7.87162848e-02,8.82489865e-02,-2.77605140e-02,7.63708005e-02,1.39592991e+02,1.36793568e-01,5.88529126e-02,1.88738463e+01,2.94988165e-02,1.98633722e-02,8.90514797e-02,-1.18855216e-02,5.33663960e-02,-8.02493131e-04,-1.58749924e-02,2.30044045e-02
3.73000000e+02,1.58445299e+02,1.62827587e-01,7.89513432e-02,8.92601818e-02,-2.71219352e-02,7.64728157e-02,1.39576418e+02,1.33959467e-01,6.02129281e-02,1.88688815e+01,2.88681204e-02,1.87384151e-02,9.01235574e-02,-1.17595268e-02,5.35407150e-02,-8.63375583e-04,-1.53624084e-02,2.29321007e-02
3.74000000e+02,1.58397753e+02,1.63563525e-01,7.96541289e-02,9.06411544e-02,-2.63941120e-02,7.68364285e-02,1.39536754e+02,1.34097528e-01,6.10243824e-02,1.88609990e+01,2.94659967e-02,1.86297465e-02,9.14967725e-02,-1.14342183e-02,5.38537995e-02,-8.55618101e-04,-1.49598938e-02,2.29826291e-02
3.75000000e+02,1.58379101e+02,1.59813850e-01,7.40600241e-02,9.15400047e-02,-2.53723380e-02,7.64177642e-02,1.39522732e+02,1.31005189e-01,5.65244482e-02,1.88563691e+01,2.88086613e-02,1.75355759e-02,9.24566595e-02,-1.08911036e-02,5.35371776e-02,-9.16654805e-04,-1.44812344e-02,2.28805865e-02
3.76000000e+02,1.58331746e+02,1.61613868e-01,7.88248940e-02,9.29122022e-02,-2.54976154e-02,7.68953587e-02,1.39482991e+02,1.32248248e-01,6.11276239e-02,1.88487551e+01,2.93656196e-02,1.76972701e-02,9.38187205e-02,-1.13476188e-02,5.40015721e-02,-9.06518207e-04,-1.41499966e-02,2.28937866e-02
3.77000000e+02,1.58313123e+02,1.57404947e-01,8.00367093e-02,9.38316858e-02,-2.53088250e-02,7.61701507e-02,1.39468706e+02,1.28752521e-01,6.33658271e-02,1.88444171e+01,2.86524261e-02,1.66708822e-02,9.47988533e-02,-1.15884722e-02,5.34168770e-02,-9.67167497e-04,-1.37203528e-02,2.27532737e-02
3.78000000e+02,1.58269208e+02,1.57606789e-01,8.09019169e-02,9.50838934e-02,-2.46742648e-02,7.59467473e-02,1.39432009e+02,1.28462677e-01,6.42348761e-02,1.88371996e+01,2.91441123e-02,1.66670408e-02,9.60437367e-02,-1.12599846e-02,5.32196420e-02,-9.59843253e-04,-1.34142802e-02,2.27271053e-02
3.79000000e+02,1.58254462e+02,1.53445988e-01,7.57892903e-02,9.58357087e-02,-2.38656165e-02,7.50820898e-02,1.39421212e+02,1.25048601e-01,6.00624957e-02,1.88332499e+01,2.83973878e-02,1.57267946e-02,9.68567120e-02,-1.08154204e-02,5.25284580e-02,-1.02100330e-03,-1.30501960e-02,2.25536318e-02
3.80000000e+02,1.58211549e+02,1.54628684e-01,8.09907110e-02,9.70525177e-02,-2.41890980e-02,7.51538472e-02,1.39385254e+02,1.25779383e-01,6.49612276e-02,1.88262954e+01,2.88493008e-02,1.60294835e-02,9.80643958e-02,-1.13579521e-02,5.26626215e-02,-1.01187813e-03,-1.28311459e-02,2.24912257e-02
3.81000000e+02,1.58197396e+02,1.50008139e-01,8.21380663e-02,9.77703127e-02,-2.39957558e-02,7.40688092e-02,1.39374778e+02,1.21956302e-01,6.70004014e-02,1.88226182e+01,2.80518366e-02,1.51376649e-02,9.88435022e-02,-1.14720306e-02,5.17944147e-02,-1.07318947e-03,-1.25237252e-02,2.22743945e-02
3.82000000e+02,1.58158434e+02,1.49804913e-01,8.27431757e-02,9.88082916e-02,-2.32638279e-02,7.34508781e-02,1.39342398e+02,1.21365504e-01,6.74353065e-02,1.88160367e+01,2.84394092e-02,1.53078692e-02,9.98753533e-02,-1.09125614e-02,5.12845731e-02,-1.06706167e-03,-1.23512665e-02,2.21663051e-02
3.83000000e+02,1.58148659e+02,1.45237744e-01,7.67332036e-02,9.93606200e-02,-2.20007202e-02,7.21565407e-02,1.39335956e+02,1.17649905e-01,6.21871490e-02,1.88127027e+01,2.75878395e-02,1.45460545e-02,1.00489891e-01,-9.86890326e-03,5.02498064e-02,-1.12927123e-03,-1.21318170e-02,2.19067343e-02
3.84000000e+02,1.58110627e+02,1.45842309e-01,8.11244330e-02,1.00357059e-01,-2.19606975e-02,7.16177719e-02,1.39304303e+02,1.17905012e-01,6.60784467e-02,1.88063245e+01,2.79372966e-02,1.50459862e-02,1.01478700e-01,-9.88908316e-03,4.98589393e-02,-1.12164048e-03,-1.20716143e-02,2.17588326e-02
3.85000000e+02,1.58101364e+02,1.40909035e-01,8.18308110e-02,1.00789862e-01,-2.16549067e-02,7.02465049e-02,1.39298138e+02,1.13886175e-01,6.74735146e-02,1.88032264e+01,2.70228603e-02,1.43572964e-02,1.01973747e-01,-9.72929395e-03,4.87857187e-02,-1.18388424e-03,-1.19256127e-02,2.14607863e-02
3.86000000e+02,1.58066284e+02,1.41180253e-01,8.22814345e-02,1.01547611e-01,-2.09366224e-02,6.97699207e-02,1.39269101e+02,1.13843249e-01,6.75617632e-02,1.87971830e+01,2.73370038e-02,1.47196713e-02,1.02725536e-01,-9.03160735e-03,4.84839149e-02,-1.17792495e-03,-1.19050150e-02,2.12860058e-02
3.87000000e+02,1.58060138e+02,1.36963810e-01,7.56054653e-02,1.01837493e-01,-1.95100795e-02,6.87658530e-02,1.39265771e+02,1.10564257e-01,6.14779768e-02,1.87943671e+01,2.63995525e-02,1.41274884e-02,1.03077119e-01,-7.68710612e-03,4.78031743e-02,-1.23962554e-03,-1.18229733e-02,2.09626788e-02
3.88000000e+02,1.58025429e+02,1.37953029e-01,7.93995397e-02,1.02572760e-01,-1.94599511e-02,6.83811318e-02,1.39236894e+02,1.11262997e-01,6.46098750e-02,1.87885347e+01,2.66900328e-02,1.47896646e-02,1.03803468e-01,-7.56666841e-03,4.76217704e-02,-1.23070877e-03,-1.18932827e-02,2.07593614e-02
3.89000000e+02,1.58018853e+02,1.33814730e-01,7.97187834e-02,1.02837039e-01,-1.90289407e-02,6.74081833e-02,1.39232872e+02,1.08114793e-01,6.54440497e-02,1.87859810e+01,2.56999373e-02,1.42747337e-02,1.04128798e-01,-7.15474116e-03,4.70081452e-02,-1.29175947e-03,-1.18741995e-02,2.04000381e-02
3.90000000e+02,1.57986338e+02,1.34193689e-01,7.98513694e-02,1.03422055e-01,-1.84087038e-02,6.69887764e-02,1.39205854e+02,1.08262270e-01,6.50677671e-02,1.87804835e+01,2.59314193e-02,1.47836023e-02,1.04707225e-01,-6.43601923e-03,4.68206391e-02,-1.28517018e-03,-1.19726846e-02,2.01681373e-02
3.91000000e+02,1.57982419e+02,1.30446552e-01,7.32421761e-02,1.03475317e-01,-1.73854062e-02,6.60737122e-02,1.39204182e+02,1.05492991e-01,5.89129878e-02,1.87782376e+01,2.49535617e-02,1.43291883e-02,1.04821966e-01,-5.38048498e-03,4.62718210e-02,-1.34664831e-03,-1.20049212e-02,1.98018912e-02
3.92000000e+02,1.57949777e+02,1.31346837e-01,7.70879043e-02,1.03984923e-01,-1.74423507e-02,6.56903668e-02,1.39176817e+02,1.06164741e-01,6.19638486e-02,1.87729597e+01,2.51820960e-02,1.51240557e-02,1.05322377e-01,-5.26887019e-03,4.61271246e-02,-1.33745383e-03,-1.21734806e-02,1.95632422e-02
3.93000000e+02,1.57945132e+02,1.26988939e-01,7.74231589e-02,1.04029638e-01,-1.74030538e-02,6.46904245e-02,1.39174176e+02,1.02833990e-01,6.27297203e-02,1.87709564e+01,2.41549490e-02,1.46934386e-02,1.05427862e-01,-5.17090584e-03,4.55089914e-02,-1.39822346e-03,-1.22321479e-02,1.91814331e-02
3.94000000e+02,1.57914706e+02,1.27906655e-01,7.73524388e-02,1.04384258e-01,-1.68191274e-02,6.45583488e-02,1.39148691e+02,1.03516823e-01,6.20746681e-02,1.87660147e+01,2.43898319e-02,1.52777707e-02,1.05775141e-01,-4.42849721e-03,4.56192824e-02,-1.39088305e-03,-1.23906302e-02,1.89390664e-02
3.95000000e+02,1.57912552e+02,1.24303391e-01,7.06806885e-02,1.04268768e-01,-1.59774985e-02,6.37909812e-02,1.39148229e+02,1.00909640e-01,5.57803271e-02,1.87643228e+01,2.33937512e-02,1.49003614e-02,1.05720011e-01,-3.50273793e-03,4.52262832e-02,-1.45124273e-03,-1.24747606e-02,1.85646979e-02
3.96000000e+02,1.57881804e+02,1.26149453e-01,7.48181603e-02,1.04618916e-01,-1.65394101e-02,6.40152617e-02,1.39122219e+02,1.02520398e-01,5.90712734e-02,1.87595856e+01,2.36290543e-02,1.57468869e-02,1.06059440e-01,-3.86111997e-03,4.56933332e-02,-1.44052426e-03,-1.26782902e-02,1.83219285e-02
3.97000000e+02,1.57879588e+02,1.22002377e-01,7.49439132e-02,1.04565986e-01,-1.65218469e-02,6.32816773e-02,1.39121433e+02,9.94140979e-02,5.96025428e-02,1.87581546e+01,2.25882788e-02,1.53413704e-02,1.06065927e-01,-3.75906223e-03,4.53462532e-02,-1.49994093e-03,-1.27627847e-02,1.79354241e-02
3.98000000e+02,1.57851249e+02,1.22713994e-01,7.44208143e-02,1.04883757e-01,-1.58424201e-02,6.31925714e-02,1.39097477e+02,9.99028206e-02,5.84668164e-02,1.87537726e+01,2.28111735e-02,1.59539979e-02,1.06374819e-01,-2.90084720e-03,4.55000212e-02,-1.49106185e-03,-1.29415729e-02,1.76925502e-02
3.99000000e+02,1.57851781e+02,1.19318682e-01,6.79459758e-02,1.04733518e-01,-1.51491348e-02,6.26009743e-02,1.39099125e+02,9.75016701e-02,5.23391202e-02,1.87526552e+01,2.18170117e-02,1.56068556e-02,1.06283606e-01,-2.10960475e-03,4.52874306e-02,-1.55008809e-03,-1.30395300e-02,1.73135436e-02
4.00000000e+02,1.57823709e+02,1.20975160e-01,7.14047420e-02,1.05098111e-01,-1.55039984e-02,6.26882390e-02,1.39075219e+02,9.89138900e-02,5.49708989e-02,1.87484899e+01,2.20612705e-02,1.64338431e-02,1.06636582e-01,-2.26483614e-03,4.56138138e-02,-1.53847008e-03,-1.32391623e-02,1.70744251e-02
4.01000000e+02,1.57823947e+02,1.16800005e-01,7.09997373e-02,1.05038874e-01,-1.54939922e-02,6.19476125e-02,1.39076334e+02,9.57784205e-02,5.49697360e-02,1.87476135e+01,2.10215843e-02,1.60300013e-02,1.06636397e-01,-2.17333297e-03,4.52584551e-02,-1.59752294e-03,-1.33206592e-02,1.66891575e-02
4.02000000e+02,1.57798312e+02,1.17548413e-01,7.06608078e-02,1.05333511e-01,-1.51281513e-02,6.20292895e-02,1.39054524e+02,9.62954384e-02,5.40371430e-02,1.87437882e+01,2.12529747e-02,1.66236649e-02,1.06922091e-01,-1.64806779e-03,4.55753931e-02,-1.58857986e-03,-1.34800835e-02,1.64538964e-02
4.03000000e+02,1.57801624e+02,1.14034608e-01,6.39014291e-02,1.05177992e-01,-1.44160236e-02,6.15585127e-02,1.39058403e+02,9.37626325e-02,4.76570849e-02,1.87432213e+01,2.02719755e-02,1.62443443e-02,1.06826198e-01,-8.63050925e-04,4.54731770e-02,-1.64820612e-03,-1.35529727e-02,1.60853357e-02
4.04000000e+02,1.57775679e+02,1.16057784e-01,6.75455469e-02,1.05503726e-01,-1.49940751e-02,6.20834146e-02,1.39036086e+02,9.55433812e-02,5.05157696e-02,1.87395928e+01,2.05144024e-02,1.70297773e-02,1.07140535e-01,-1.27402574e-03,4.62280996e-02,-1.63680928e-03,-1.37200493e-02,1.58553150e-02
4.05000000e+02,1.57778483e+02,1.12331850e-01,6.72378457e-02,1.05390794e-01,-1.52227495e-02,6.18141705e-02,1.39039220e+02,9.28408216e-02,5.06591777e-02,1.87392626e+01,1.94910285e-02,1.65786680e-02,1.07086271e-01,-1.46235411e-03,4.63377172e-02,-1.69547642e-03,-1.37603954e-02,1.54764533e-02
4.06000000e+02,1.57755260e+02,1.13583898e-01,6.69325665e-02,1.05662190e-01,-1.49927717e-02,6.22422359e-02,1.39019308e+02,9.38360972e-02,4.98199093e-02,1.87359518e+01,1.97478007e-02,1.71126572e-02,1.07348125e-01,-1.12855777e-03,4.69914145e-02,-1.68593487e-03,-1.38642139e-02,1.52508213e-02
4.07000000e+02,1.57760616e+02,1.10895680e-01,6.05264146e-02,1.05448137e-01,-1.44237737e-02,6.23786920e-02,1.39024723e+02,9.21396447e-02,4.38706721e-02,1.87358930e+01,1.87560358e-02,1.66557425e-02,1.07193452e-01,-5.47451363e-04,4.74921432e-02,-1.74531489e-03,-1.38763223e-02,1.48865487e-02
4.08000000e+02,1.57736897e+02,1.13772813e-01,6.40339730e-02,1.05704659e-01,-1.49858249e-02,6.35729123e-02,1.39004124e+02,9.47484230e-02,4.66885911e-02,1.87327722e+01,1.90243898e-02,1.73453818e-02,1.07437965e-01,-1.01244440e-03,4.89046825e-02,-1.73330608e-03,-1.39733805e-02,1.46682298e-02
4.09000000e+02,1.57741694e+02,1.10782612e-01,6.32822734e-02,1.05518395e-01,-1.50435879e-02,6.41412479e-02,1.39008765e+02,9.27754734e-02,4.64815799e-02,1.87329295e+01,1.80071384e-02,1.68006935e-02,1.07310452e-01,-1.10063996e-03,4.98407957e-02,-1.79205673e-03,-1.39429479e-02,1.43004521e-02
4.10000000e+02,1.57720515e+02,1.12662028e-01,6.30925208e-02,1.05719018e-01,-1.48736733e-02,6.51822519e-02,1.38990393e+02,9.43937868e-02,4.58275159e-02,1.87301219e+01,1.82682411e-02,1.72650049e-02,1.07501018e-01,-8.92883955e-04,5.11008649e-02,-1.78200009e-03,-1.39807894e-02,1.40813870e-02
4.11000000e+02,1.57727667e+02,1.11134213e-01,5.69561411e-02,1.05436142e-01,-1.43502782e-02,6.62740167e-02,1.38997125e+02,9.38504010e-02,4.02249791e-02,1.87305423e+01,1.72838122e-02,1.67311620e-02,1.07277171e-01,-4.27526819e-04,5.25518341e-02,-1.84102870e-03,-1.39227514e-02,1.37221827e-02
4.12000000e+02,1.57705702e+02,1.14790257e-01,6.06360484e-02,1.05638067e-01,-1.48808615e-02,6.80951719e-02,1.38977803e+02,9.72384646e-02,4.33187930e-02,1.87278996e+01,1.75517921e-02,1.73172553e-02,1.07466040e-01,-9.35556712e-04,5.45892144e-02,-1.82797352e-03,-1.39453048e-02,1.35059574e-02
4.13000000e+02,1.57712119e+02,1.12131163e-01,6.00438064e-02,1.05365698e-01,-1.49296882e-02,6.91391202e-02,1.38983587e+02,9.55935636e-02,4.33432529e-02,1.87285319e+01,1.65375994e-02,1.67005534e-02,1.07252212e-01,-1.08531550e-03,5.60011990e-02,-1.88651404e-03,-1.38443727e-02,1.31379212e-02
4.14000000e+02,1.57692386e+02,1.14882256e-01,5.97154005e-02,1.05424204e-01,-1.46099023e-02,7.09409837e-02,1.38966192e+02,9.80591519e-02,4.26550908e-02,1.87261943e+01,1.68231039e-02,1.70603097e-02,1.07300072e-01,-8.03322725e-04,5.80179387e-02,-1.87586807e-03,-1.38065796e-02,1.29230450e-02
4.15000000e+02,1.57701223e+02,1.14505322e-01,5.29405676e-02,1.05006834e-01,-1.38628900e-02,7.25835823e-02,1.38974121e+02,9.86522294e-02,3.65397440e-02,1.87271029e+01,1.58530925e-02,1.64008236e-02,1.06941472e-01,-1.89541384e-04,6.00168440e-02,-1.93463826e-03,-1.36733486e-02,1.25667383e-02
4.16000000e+02,1.57680723e+02,1.18841203e-01,5.64811532e-02,1.05076801e-01,-1.42289862e-02,7.49924967e-02,1.38955785e+02,1.02735322e-01,3.95471849e-02,1.87249377e+01,1.61058805e-02,1.69339683e-02,1.06997903e-01,-5.97939086e-04,6.26431968e-02,-1.92110166e-03,-1.36310472e-02,1.23493000e-02
4.17000000e+02,1.57688660e+02,1.17015097e-01,5.64245096e-02,1.04670758e-01,-1.43642646e-02,7.65300113e-02,1.38962610e+02,1.01924361e-01,4.01792121e-02,1.87260499e+01,1.50907361e-02,1.62452975e-02,1.06649878e-01,-8.94476725e-04,6.45512155e-02,-1.97912000e-03,-1.34697879e-02,1.19787958e-02
4.18000000e+02,1.57670926e+02,1.20788375e-01,5.63207335e-02,1.04657078e-01,-1.39226116e-02,7.90119868e-02,1.38946745e+02,1.05435624e-01,3.97786547e-02,1.87241813e+01,1.53527510e-02,1.65420787e-02,1.06624196e-01,-5.43662097e-04,6.72592486e-02,-1.96711795e-03,-1.33789495e-02,1.17527382e-02
4.19000000e+02,1.57681058e+02,1.20399881e-01,5.00352349e-02,1.04170672e-01,-1.34090332e-02,8.09462437e-02,1.38955509e+02,1.06034990e-01,3.42103827e-02,1.87255490e+01,1.43648900e-02,1.58248522e-02,1.06195728e-01,-2.11803271e-04,6.95625242e-02,-2.02505646e-03,-1.31972300e-02,1.13837195e-02
4.20000000e+02,1.57661820e+02,1.25393305e-01,5.34121108e-02,1.04200271e-01,-1.35868747e-02,8.38924975e-02,1.38937971e+02,1.10789938e-01,3.71266581e-02,1.87238489e+01,1.46033668e-02,1.62854527e-02,1.06210045e-01,-4.75344556e-04,7.27411039e-02,-2.00977421e-03,-1.31115301e-02,1.11513937e-02
4.21000000e+02,1.57671254e+02,1.24505488e-01,5.33234410e-02,1.03766434e-01,-1.35511391e-02,8.60125185e-02,1.38945823e+02,1.10929036e-01,3.77598882e-02,1.87254305e+01,1.35764520e-02,1.55635528e-02,1.05832988e-01,-6.36483744e-04,7.52499491e-02,-2.06655405e-03,-1.29146553e-02,1.07625694e-02
4.22000000e+02,1.57654314e+02,1.28783211e-01,5.34926013e-02,1.03717079e-01,-1.31394961e-02,8.88716961e-02,1.38930286e+02,1.14978220e-01,3.76787239e-02,1.87240285e+01,1.38049911e-02,1.58138774e-02,1.05770112e-01,-3.49009105e-04,7.83573871e-02,-2.05303357e-03,-1.27904870e-02,1.05143089e-02
4.23000000e+02,1.57665501e+02,1.29217616e-01,4.67631180e-02,1.03224577e-01,-1.22703169e-02,9.14043457e-02,1.38939624e+02,1.16438910e-01,3.17171372e-02,1.87258770e+01,1.27787064e-02,1.50459808e-02,1.05334178e-01,3.10471375e-04,8.12828290e-02,-2.10960044e-03,-1.25807883e-02,1.01215167e-02
4.24000000e+02,1.57646995e+02,1.34740611e-01,5.03282212e-02,1.03280827e-01,-1.26219583e-02,9.43539994e-02,1.38922366e+02,1.21724094e-01,3.48446560e-02,1.87246287e+01,1.30165168e-02,1.54835652e-02,1.05373861e-01,-1.52046981e-04,8.44851763e-02,-2.09303387e-03,-1.24699114e-02,9.86882302e-03
4.25000000e+02,1.57656358e+02,1.33746164e-01,5.04226488e-02,1.02910413e-01,-1.27155826e-02,9.62386441e-02,1.38929708e+02,1.21786814e-01,3.56926000e-02,1.87266501e+01,1.19593506e-02,1.47300487e-02,1.05059706e-01,-4.69592114e-04,8.67771319e-02,-2.14929298e-03,-1.22459905e-02,9.46151217e-03
4.26000000e+02,1.57639479e+02,1.37637296e-01,5.00532476e-02,1.02945416e-01,-1.18302420e-02,9.87437640e-02,1.38913769e+02,1.25471164e-01,3.51121206e-02,1.87257099e+01,1.21661321e-02,1.49411270e-02,1.05081070e-01,2.70665420e-04,8.95444853e-02,-2.13565426e-03,-1.21009074e-02,9.19927871e-03
4.27000000e+02,1.57650779e+02,1.37815766e-01,4.30430787e-02,1.02499385e-01,-1.08946126e-02,1.00903915e-01,1.38922765e+02,1.26687069e-01,2.88868387e-02,1.87280138e+01,1.11286978e-02,1.41562400e-02,1.04692037e-01,9.78804181e-04,9.21096393e-02,-2.19265232e-03,-1.18734168e-02,8.79427603e-03
4.28000000e+02,1.57632210e+02,1.42624037e-01,4.62725381e-02,1.02561096e-01,-1.08428516e-02,1.03429009e-01,1.38904973e+02,1.31282542e-01,3.16735525e-02,1.87272362e+01,1.13414946e-02,1.45989856e-02,1.04737571e-01,9.12801441e-04,9.48981843e-02,-2.17647429e-03,-1.17556531e-02,8.53082486e-03
4.29000000e+02,1.57642085e+02,1.41913080e-01,4.58040974e-02,1.02186206e-01,-1.04280303e-02,1.05160840e-01,1.38912345e+02,1.31619731e-01,3.19650221e-02,1.87297396e+01,1.02933494e-02,1.38390753e-02,1.04418716e-01,1.10349712e-03,9.70402887e-02,-2.23251031e-03,-1.15315274e-02,8.12055131e-03
4.30000000e+02,1.57625454e+02,1.45721096e-01,4.57213587e-02,1.02181477e-01,-9.60604358e-03,1.07392879e-01,1.38896205e+02,1.35228364e-01,3.16517415e-02,1.87292491e+01,1.04927321e-02,1.40696171e-02,1.04399920e-01,1.78914778e-03,9.95380223e-02,-2.21844287e-03,-1.13951914e-02,7.85485715e-03
4.31000000e+02,1.57636829e+02,1.45666172e-01,3.89086386e-02,1.01731208e-01,-8.57812197e-03,1.09451904e-01,1.38904830e+02,1.36217604e-01,2.56128656e-02,1.87319992e+01,9.44856814e-03,1.32957730e-02,1.04006048e-01,2.59980064e-03,1.02000652e-01,-2.27484012e-03,-1.11779226e-02,7.45125229e-03
4.32000000e+02,1.57618549e+02,1.51099528e-01,4.18574697e-02,1.01778940e-01,-8.50929198e-03,1.12232521e-01,1.38886898e+02,1.41416455e-01,2.81228432e-02,1.87316511e+01,9.68307302e-03,1.37346265e-02,1.04036815e-01,2.56049081e-03,1.05040740e-01,-2.25787440e-03,-1.10697828e-02,7.19178069e-03
4.33000000e+02,1.57628155e+02,1.50741262e-01,4.13135735e-02,1.01356344e-01,-8.08917127e-03,1.14037423e-01,1.38893579e+02,1.42117951e-01,2.83262499e-02,1.87345759e+01,8.62331067e-03,1.29873236e-02,1.03669477e-01,2.76596633e-03,1.07255608e-01,-2.31313227e-03,-1.08551376e-02,6.78181562e-03
4.34000000e+02,1.57611449e+02,1.54787180e-01,4.10498898e-02,1.01323481e-01,-7.21607978e-03,1.16309566e-01,1.38876945e+02,1.45959331e-01,2.78268796e-02,1.87345039e+01,8.82784902e-03,1.32230102e-02,1.03622026e-01,3.50885388e-03,1.09790273e-01,-2.29854438e-03,-1.07249337e-02,6.51929322e-03
4.35000000e+02,1.57622940e+02,1.54837758e-01,3.41930798e-02,1.00807823e-01,-6.28856712e-03,1.18140880e-01,1.38885258e+02,1.47030420e-01,2.17313277e-02,1.87376821e+01,7.80733844e-03,1.24617521e-02,1.03162107e-01,4.22473710e-03,1.12016500e-01,-2.35428338e-03,-1.05133042e-02,6.12438005e-03
4.36000000e+02,1.57604531e+02,1.60446141e-01,3.73852120e-02,1.00797883e-01,-6.29866074e-03,1.20761348e-01,1.38866778e+02,1.52404544e-01,2.44771347e-02,1.87377532e+01,8.04159702e-03,1.29080773e-02,1.03134521e-01,4.11296873e-03,1.14888545e-01,-2.33663798e-03,-1.04116295e-02,5.87280351e-03
4.37000000e+02,1.57614207e+02,1.59559652e-01,3.69559255e-02,1.00351716e-01,-5.88824156e-03,1.22232511e-01,1.38873114e+02,1.52570758e-01,2.47858098e-02,1.87410926e+01,6.98889386e-03,1.21701157e-02,1.02742889e-01,4.31528612e-03,1.16756982e-01,-2.39117266e-03,-1.02035277e-02,5.47552819e-03
4.38000000e+02,1.57597527e+02,1.62798038e-01,3.62746176e-02,1.00314462e-01,-4.96991780e-03,1.24065255e-01,1.38856082e+02,1.55585792e-01,2.38647442e-02,1.87414442e+01,7.21224596e-03,1.24098734e-02,1.02690126e-01,5.10943257e-03,1.18836311e-01,-2.37566386e-03,-1.00793504e-02,5.22894402e-03
4.39000000e+02,1.57609322e+02,1.62645119e-01,2.84788967e-02,9.97967863e-02,-3.49933529e-03,1.25691865e-01,1.38864272e+02,1.56421903e-01,1.68147231e-02,1.87450502e+01,6.22321617e-03,1.16641737e-02,1.02227000e-01,6.37882364e-03,1.20838545e-01,-2.43021357e-03,-9.87815893e-03,4.85331998e-03
4.40000000e+02,1.57591057e+02,1.67960144e-01,3.08920829e-02,9.97998756e-02,-2.80776045e-03,1.27913709e-01,1.38845496e+02,1.61469243e-01,1.87538709e-02,1.87455614e+01,6.49090150e-03,1.21382120e-02,1.02211822e-01,6.98689453e-03,1.23289320e-01,-2.41194612e-03,-9.79465498e-03,4.62438926e-03
4.41000000e+02,1.57601244e+02,1.67089677e-01,2.96062753e-02,9.93757531e-02,-1.98460232e-03,1.29262231e-01,1.38851901e+02,1.61622724e-01,1.81956278e-02,1.87493432e+01,5.46695271e-03,1.14106475e-02,1.01841216e-01,7.62240515e-03,1.25008333e-01,-2.46546328e-03,-9.60700747e-03,4.25389833e-03
4.42000000e+02,1.57584844e+02,1.70627928e-01,2.86418371e-02,9.93676121e-02,-8.26783615e-04,1.31079859e-01,1.38834704e+02,1.64899278e-01,1.69552566e-02,1.87501401e+01,5.72865054e-03,1.16865805e-02,1.01816377e-01,8.67769464e-03,1.27042744e-01,-2.44876471e-03,-9.50447825e-03,4.03711425e-03
4.43000000e+02,1.57596822e+02,1.70040612e-01,2.09772007e-02,9.89173457e-02,5.93557497e-04,1.32595591e-01,1.38842648e+02,1.65264613e-01,1.00094376e-02,1.87541743e+01,4.77599955e-03,1.09677631e-02,1.01419195e-01,9.91323684e-03,1.28905104e-01,-2.50184901e-03,-9.31967934e-03,3.69048702e-03
4.44000000e+02,1.57579505e+02,1.75132783e-01,2.35135866e-02,9.89997220e-02,1.06217047e-03,1.34734358e-01,1.38824376e+02,1.70054694e-01,1.20711388e-02,1.87551282e+01,5.07808856e-03,1.14424478e-02,1.01482109e-01,1.03003493e-02,1.31246463e-01,-2.48238687e-03,-9.23817881e-03,3.48789493e-03
4.45000000e+02,1.57590610e+02,1.74637093e-01,2.23702318e-02,9.86969049e-02,1.82016562e-03,1.36150056e-01,1.38831276e+02,1.70554917e-01,1.16530107e-02,1.87593343e+01,4.08217577e-03,1.07172211e-02,1.01231799e-01,1.08685373e-02,1.33009623e-01,-2.53489444e-03,-9.04837169e-03,3.14043254e-03
4.46000000e+02,1.57574998e+02,1.77931110e-01,2.10787816e-02,9.88083318e-02,3.18529345e-03,1.37841315e-01,1.38814456e+02,1.73558346e-01,1.01069278e-02,1.87605427e+01,4.37276449e-03,1.09718538e-02,1.01325911e-01,1.21253096e-02,1.34893803e-01,-2.51757872e-03,-8.94001612e-03,2.94751274e-03
4.47000000e+02,1.57588294e+02,1.77708075e-01,1.28627008e-02,9.84819691e-02,4.99136287e-03,1.39267540e-01,1.38823292e+02,1.74247820e-01,2.61468353e-03,1.87650016e+01,3.46025483e-03,1.02480173e-02,1.01052351e-01,1.37411892e-02,1.36639123e-01,-2.57038232e-03,-8.74982629e-03,2.62841698e-03
4.48000000e+02,1.57571711e+02,1.82676530e-01,1.53864190e-02,9.87025492e-02,5.46957394e-03,1.41305856e-01,1.38805355e+02,1.78891841e-01,4.66203543e-03,1.87663555e+01,3.78468892e-03,1.07243836e-02,1.01253100e-01,1.41381115e-02,1.38851767e-01,-2.55055041e-03,-8.66853760e-03,2.45408911e-03
4.49000000e+02,1.57583671e+02,1.81806855e-01,1.35732326e-02,9.85109293e-02,6.38345930e-03,1.42817965e-01,1.38812711e+02,1.78978319e-01,3.59779599e-03,1.87709608e+01,2.82853624e-03,9.97543664e-03,1.01114253e-01,1.48566470e-02,1.40676499e-01,-2.60332411e-03,-8.47318767e-03,2.14146674e-03
4.50000000e+02,1.57569200e+02,1.84988721e-01,1.20962413e-02,9.86904283e-02,7.78211964e-03,1.44406675e-01,1.38796615e+02,1.81817382e-01,1.86575691e-03,1.87725850e+01,3.17133928e-03,1.02304844e-02,1.01277010e-01,1.61418002e-02,1.42420724e-01,-2.58658172e-03,-8.35968052e-03,1.98595167e-03
4.51000000e+02,1.57583540e+02,1.84786827e-01,4.10609886e-03,9.84656686e-02,9.38126988e-03,1.45829594e-01,1.38806113e+02,1.82489668e-01,-5.40239353e-03,1.87774268e+01,2.29715870e-03,9.50849239e-03,1.01105487e-01,1.75432338e-02,1.44127542e-01,-2.63981799e-03,-8.16196392e-03,1.70205223e-03
4.52000000e+02,1.57568128e+02,1.89796892e-01,6.96133085e-03,9.87334124e-02,9.74066265e-03,1.47963429e-01,1.38788950e+02,1.87130278e-01,-3.01382488e-03,1.87791778e+01,2.66661370e-03,9.97515573e-03,1.01353946e-01,1.78093184e-02,1.46401588e-01,-2.62053310e-03,-8.06865577e-03,1.56184086e-03
4.53000000e+02,1.57581264e+02,1.88846272e-01,5.64153278e-03,9.85910799e-02,1.04673898e-02,1.49403577e-01,1.38797084e+02,1.87090043e-01,-3.57727734e-03,1.87841798e+01,1.75622995e-03,9.21881012e-03,1.01264146e-01,1.83280029e-02,1.48122413e-01,-2.67306632e-03,-7.86061303e-03,1.28116386e-03
4.54000000e+02,1.57567991e+02,1.91562894e-01,4.51896675e-03,9.88435691e-02,1.15869057e-02,1.50769669e-01,1.38781807e+02,1.89427651e-01,-4.93461093e-03,1.87861839e+01,2.13524320e-03,9.45357768e-03,1.01499554e-01,1.93203969e-02,1.49616158e-01,-2.65598539e-03,-7.73349125e-03,1.15351034e-03
4.55000000e+02,1.57583398e+02,1.91184342e-01,-3.03102207e-03,9.86502792e-02,1.31190296e-02,1.52196079e-01,1.38791991e+02,1.89894874e-01,-1.17428387e-02,1.87914070e+01,1.28946843e-03,8.71181659e-03,1.01359116e-01,2.06402715e-02,1.51299051e-01,-2.70883725e-03,-7.52124183e-03,8.97028195e-04
4.56000000e+02,1.57569142e+02,1.95869027e-01,9.67027565e-05,9.89520730e-02,1.32336443e-02,1.54091072e-01,1.38775604e+02,1.94170180e-01,-9.04129789e-03,1.87935376e+01,1.69884666e-03,9.13800065e-03,1.01641166e-01,2.06425943e-02,1.53307449e-01,-2.68909317e-03,-7.40895002e-03,7.83622910e-04
4.57000000e+02,1.57583393e+02,1.94586199e-01,-1.84041740e-03,9.88462045e-02,1.41239679e-02,1.55277614e-01,1.38784488e+02,1.93769861e-01,-1.01911105e-02,1.87989055e+01,8.16338058e-04,8.35069307e-03,1.01587283e-01,2.13062766e-02,1.54750979e-01,-2.74107876e-03,-7.18230865e-03,5.26634458e-04
4.58000000e+02,1.57571379e+02,1.97582255e-01,-3.01839679e-03,9.91334705e-02,1.52626403e-02,1.56828263e-01,1.38770089e+02,1.96362943e-01,-1.15911860e-02,1.88012902e+01,1.21931247e-03,8.57278919e-03,1.01857162e-01,2.23026201e-02,1.56409208e-01,-2.72369186e-03,-7.03997978e-03,4.19054856e-04
4.59000000e+02,1.57588122e+02,1.97224986e-01,-1.08242847e-02,9.89536777e-02,1.68745729e-02,1.58222971e-01,1.38781240e+02,1.96818839e-01,-1.86493557e-02,1.88068811e+01,4.06146864e-04,7.82507093e-03,1.01729582e-01,2.36911050e-02,1.58037521e-01,-2.77590444e-03,-6.81653217e-03,1.85450282e-04
4.60000000e+02,1.57575304e+02,2.01881086e-01,-7.71133400e-03,9.92849116e-02,1.71145110e-02,1.60222938e-01,1.38765932e+02,2.01056631e-01,-1.59532771e-02,1.88093711e+01,8.24455271e-04,8.24194313e-03,1.02040670e-01,2.38102517e-02,1.60133952e-01,-2.75575886e-03,-6.69574064e-03,8.89858261e-05
4.61000000e+02,1.57590676e+02,2.00481561e-01,-9.46527546e-03,9.91809771e-02,1.81671120e-02,1.61513913e-01,1.38775580e+02,2.00521887e-01,-1.69249897e-02,1.88150965e+01,-4.03266273e-05,7.45971427e-03,1.01988641e-01,2.46301901e-02,1.61665732e-01,-2.80766366e-03,-6.46307814e-03,-1.51818270e-04
4.62000000e+02,1.57579827e+02,2.03136571e-01,-1.04656614e-02,9.94501504e-02,1.93069557e-02,1.62949492e-01,1.38762003e+02,2.02754652e-01,-1.81193883e-02,1.88178239e+01,3.81918606e-04,7.65372689e-03,1.02239899e-01,2.56108922e-02,1.63197817e-01,-2.78974836e-03,-6.30393656e-03,-2.48325152e-04
4.63000000e+02,1.57597837e+02,2.02675549e-01,-1.85969007e-02,9.92688885e-02,2.12735958e-02,1.64255793e-01,1.38774081e+02,2.03105678e-01,-2.54609717e-02,1.88237560e+01,-4.30129520e-04,6.86407106e-03,1.02110551e-01,2.73339446e-02,1.64733086e-01,-2.84166219e-03,-6.06034880e-03,-4.77292737e-04
4.64000000e+02,1.57585764e+02,2.07040382e-01,-1.61156184e-02,9.96153030e-02,2.20479285e-02,1.66026677e-01,1.38759192e+02,2.07026774e-01,-2.33712129e-02,1.88265716e+01,1.36077067e-05,7.25559456e-03,1.02436320e-01,2.79671999e-02,1.66593629e-01,-2.82101657e-03,-5.91927136e-03,-5.66952239e-04
4.65000000e+02,1.57602625e+02,2.05386844e-01,-1.90675860e-02,9.95512372e-02,2.38331867e-02,1.67088704e-01,1.38769986e+02,2.06222444e-01,-2.55115169e-02,1.88326391e+01,-8.35599690e-04,6.44393092e-03,1.02423593e-01,2.95007187e-02,1.67888297e-01,-2.87235609e-03,-5.66753201e-03,-7.99593748e-04
4.66000000e+02,1.57592988e+02,2.07955826e-01,-2.10049472e-02,9.98520493e-02,2.59485927e-02,1.68357134e-01,1.38757300e+02,2.08371838e-01,-2.76626155e-02,1.88356879e+01,-4.16011906e-04,6.65766832e-03,1.02705959e-01,3.14531309e-02,1.69245233e-01,-2.85390971e-03,-5.50453825e-03,-8.88099347e-04
4.67000000e+02,1.57611767e+02,2.07148408e-01,-2.93829845e-02,9.97175705e-02,2.84245772e-02,1.69488543e-01,1.38769843e+02,2.08371968e-01,-3.52550464e-02,1.88419243e+01,-1.22355949e-03,5.87206193e-03,1.02623009e-01,3.36839364e-02,1.70598669e-01,-2.90543820e-03,-5.25935919e-03,-1.11012587e-03
4.68000000e+02,1.57600715e+02,2.10934121e-01,-2.76613202e-02,1.00095244e-01,2.97998565e-02,1.71004747e-01,1.38755653e+02,2.11731121e-01,-3.39003501e-02,1.88450622e+01,-7.97000206e-04,6.23902994e-03,1.02979311e-01,3.49135357e-02,1.72204957e-01,-2.88406656e-03,-5.11367924e-03,-1.20021018e-03
4.69000000e+02,1.57618449e+02,2.08879841e-01,-3.10137533e-02,1.00064079e-01,3.20130895e-02,1.71613101e-01,1.38767026e+02,2.10510854e-01,-3.64538292e-02,1.88514225e+01,-1.63101323e-03,5.44007587e-03,1.02998932e-01,3.68762286e-02,1.73043262e-01,-2.93485291e-03,-4.86313918e-03,-1.43016090e-03
4.70000000e+02,1.57609414e+02,2.11155092e-01,-3.29195113e-02,1.00421583e-01,3.41690338e-02,1.72673663e-01,1.38754641e+02,2.12354911e-01,-3.85641396e-02,1.88547732e+01,-1.19981859e-03,5.64462829e-03,1.03337390e-01,3.88666556e-02,1.74194752e-01,-2.91580730e-03,-4.69762178e-03,-1.52108912e-03
4.71000000e+02,1.57629090e+02,2.09653264e-01,-4.22483134e-02,1.00338621e-01,3.72070215e-02,1.73369616e-01,1.38767770e+02,2.11665361e-01,-4.70811524e-02,1.88613207e+01,-2.01209679e-03,4.83283904e-03,1.03305521e-01,4.16536544e-02,1.75113936e-01,-2.96689967e-03,-4.44663294e-03,-1.74432065e-03
4.72000000e+02,1.57618810e+02,2.13503284e-01,-4.12035714e-02,1.00749865e-01,3.92890086e-02,1.74695206e-01,1.38754052e+02,2.15087504e-01,-4.64219430e-02,1.88647577e+01,-1.58421952e-03,5.21837169e-03,1.03695056e-01,4.35946594e-02,1.76534437e-01,-2.94519075e-03,-4.30565084e-03,-1.83923110e-03
4.73000000e+02,1.57637218e+02,2.11565951e-01,-4.43061743e-02,1.00756596e-01,4.14820972e-02,1.75360320e-01,1.38765812e+02,2.13994281e-01,-4.87324293e-02,1.88714060e+01,-2.42832981e-03,4.42625499e-03,1.03752763e-01,4.55429630e-02,1.77433846e-01,-2.99616678e-03,-4.06086578e-03,-2.07352645e-03
4.74000000e+02,1.57628895e+02,2.13876937e-01,-4.66085547e-02,1.01132314e-01,4.40181429e-02,1.76354666e-01,1.38753852e+02,2.15892543e-01,-5.12557608e-02,1.88750429e+01,-2.01560651e-03,4.64720604e-03,1.04109821e-01,4.79270711e-02,1.78527915e-01,-2.97750697e-03,-3.90892814e-03,-2.17324962e-03
4.75000000e+02,1.57649031e+02,2.12538508e-01,-5.62780655e-02,1.01039693e-01,4.71917854e-02,1.77081224e-01,1.38767169e+02,2.15377799e-01,-6.01310349e-02,1.88818621e+01,-2.83929100e-03,3.85296939e-03,1.04068688e-01,5.08653719e-02,1.79484539e-01,-3.02899437e-03,-3.67358641e-03,-2.40331525e-03
4.76000000e+02,1.57639144e+02,2.15854054e-01,-5.43659369e-02,1.01437779e-01,4.86097317e-02,1.78301127e-01,1.38753569e+02,2.18278716e-01,-5.86292652e-02,1.88855753e+01,-2.42466259e-03,4.26332823e-03,1.04445600e-01,5.21609938e-02,1.80805579e-01,-3.00782128e-03,-3.55126209e-03,-2.50445158e-03
4.77000000e+02,1.57657784e+02,2.14126804e-01,-5.71194006e-02,1.01422406e-01,5.08425054e-02,1.79067565e-01,1.38765280e+02,2.17390337e-01,-6.06221388e-02,1.88925040e+01,-3.26353329e-03,3.50273816e-03,1.04481210e-01,5.41675448e-02,1.81811199e-01,-3.05880315e-03,-3.32503945e-03,-2.74363378e-03
4.78000000e+02,1.57649869e+02,2.16478988e-01,-5.86835686e-02,1.01777356e-01,5.32335723e-02,1.80119051e-01,1.38753451e+02,2.19349944e-01,-6.24265639e-02,1.88964184e+01,-2.87095608e-03,3.74299524e-03,1.04817370e-01,5.64193241e-02,1.82971105e-01,-3.04001488e-03,-3.18575180e-03,-2.85205384e-03
4.79000000e+02,1.57670092e+02,2.14387580e-01,-6.78760213e-02,1.01659489e-01,5.60729058e-02,1.80489297e-01,1.38766586e+02,2.18096161e-01,-7.08255746e-02,1.89035059e+01,-3.70858094e-03,2.94955334e-03,1.04751037e-01,5.90349228e-02,1.83578198e-01,-3.09154825e-03,-2.96201706e-03,-3.08890126e-03
4.80000000e+02,1.57660210e+02,2.17787481e-01,-6.60740330e-02,1.02036052e-01,5.73621583e-02,1.81608709e-01,1.38752734e+02,2.21078021e-01,-6.94508238e-02,1.89074756e+01,-3.29053962e-03,3.37679083e-03,1.05105952e-01,6.02169901e-02,1.84802876e-01,-3.06989995e-03,-2.85483189e-03,-3.19416700e-03
4.81000000e+02,1.57679157e+02,2.15518994e-01,-6.91599773e-02,1.02000795e-01,5.97550654e-02,1.82092846e-01,1.38764495e+02,2.19670748e-01,-7.17963326e-02,1.89146629e+01,-4.15175401e-03,2.63635528e-03,1.05121347e-01,6.24011046e-02,1.85533573e-01,-3.12055207e-03,-2.64603916e-03,-3.44072776e-03
4.82000000e+02,1.57671402e+02,2.17796094e-01,-7.07193158e-02,1.02349994e-01,6.20754167e-02,1.82933930e-01,1.38752577e+02,2.21541497e-01,-7.36094163e-02,1.89188248e+01,-3.74540296e-03,2.89010050e-03,1.05451251e-01,6.46037925e-02,1.86483728e-01,-3.10125784e-03,-2.52837574e-03,-3.54979819e-03
4.83000000e+02,1.57691911e+02,2.16248938e-01,-8.02024009e-02,1.02231479e-01,6.50464652e-02,1.83580846e-01,1.38765742e+02,2.20826430e-01,-8.23516430e-02,1.89261682e+01,-4.57749216e-03,2.14924213e-03,1.05383611e-01,6.73729287e-02,1.87371602e-01,-3.15213253e-03,-2.32646346e-03,-3.79075572e-03
4.84000000e+02,1.57682278e+02,2.19357984e-01,-7.89507016e-02,1.02598900e-01,6.67840926e-02,1.84407719e-01,1.38751870e+02,2.23530307e-01,-8.15566317e-02,1.89304079e+01,-4.17232353e-03,2.60593004e-03,1.05728752e-01,6.90250321e-02,1.88311589e-01,-3.12985169e-03,-2.24093951e-03,-3.90386996e-03
4.85000000e+02,1.57701154e+02,2.17614135e-01,-8.14849459e-02,1.02547979e-01,6.90324870e-02,1.84843416e-01,1.38763314e+02,2.22641558e-01,-8.33811682e-02,1.89378396e+01,-5.02742326e-03,1.89622228e-03,1.05728069e-01,7.10871141e-02,1.88996116e-01,-3.18008961e-03,-2.05462709e-03,-4.15270011e-03
4.86000000e+02,1.57693238e+02,2.19284908e-01,-8.26253187e-02,1.02844196e-01,7.11517081e-02,1.85227785e-01,1.38750985e+02,2.23924285e-01,-8.48030088e-02,1.89422531e+01,-4.63937660e-03,2.17769006e-03,1.06004271e-01,7.31128369e-02,1.89496357e-01,-3.16007420e-03,-1.96112879e-03,-4.26857123e-03
4.87000000e+02,1.57714132e+02,2.17561355e-01,-9.25012321e-02,1.02718149e-01,7.41171424e-02,1.85588145e-01,1.38764293e+02,2.23041749e-01,-9.39317975e-02,1.89498397e+01,-5.48039439e-03,1.43056541e-03,1.05928411e-01,7.58975008e-02,1.90099065e-01,-3.21026232e-03,-1.78035845e-03,-4.51092009e-03
4.88000000e+02,1.57704455e+02,2.20568511e-01,-9.11887000e-02,1.03077957e-01,7.57932084e-02,1.86220030e-01,1.38750136e+02,2.25639849e-01,-9.31300459e-02,1.89543186e+01,-5.07133842e-03,1.94134590e-03,1.06265252e-01,7.75178020e-02,1.90839770e-01,-3.18729559e-03,-1.72459363e-03,-4.61973974e-03
4.89000000e+02,1.57723786e+02,2.18075225e-01,-9.33560407e-02,1.03024799e-01,7.76911244e-02,1.86293127e-01,1.38761797e+02,2.24011031e-01,-9.46126210e-02,1.89619887e+01,-5.93580642e-03,1.25658033e-03,1.06261778e-01,7.92515150e-02,1.91160376e-01,-3.23697900e-03,-1.56039068e-03,-4.86724845e-03
4.90000000e+02,1.57715992e+02,2.19722184e-01,-9.43579166e-02,1.03347984e-01,7.97204505e-02,1.86627106e-01,1.38749354e+02,2.25262918e-01,-9.59281003e-02,1.89666379e+01,-5.54073338e-03,1.57018362e-03,1.06564478e-01,8.12073556e-02,1.91605844e-01,-3.21649379e-03,-1.48690503e-03,-4.97873736e-03
4.91000000e+02,1.57736494e+02,2.17476415e-01,-1.03355027e-01,1.03199360e-01,8.22953044e-02,1.86645709e-01,1.38762064e+02,2.23839936e-01,-1.04227671e-01,1.89744295e+01,-6.36352117e-03,8.72643891e-04,1.06466125e-01,8.36222407e-02,1.91859161e-01,-3.26676434e-03,-1.32693633e-03,-5.21345167e-03
4.92000000e+02,1.57726926e+02,2.20520064e-01,-1.01549735e-01,1.03558472e-01,8.35949270e-02,1.87194954e-01,1.38747804e+02,2.26470784e-01,-1.02929394e-01,1.89791219e+01,-5.95072024e-03,1.37965945e-03,1.06802092e-01,8.48764130e-02,1.92515812e-01,-3.24361986e-03,-1.28148599e-03,-5.32085820e-03
4.93000000e+02,1.57746273e+02,2.17998100e-01,-1.04501084e-01,1.03486359e-01,8.59856073e-02,1.87043732e-01,1.38759265e+02,2.24799722e-01,-1.05207936e-01,1.89870077e+01,-6.80162167e-03,7.06852272e-04,1.06779198e-01,8.71151375e-02,1.92604149e-01,-3.29283952e-03,-1.12953020e-03,-5.56041697e-03
4.94000000e+02,1.57738465e+02,2.19604583e-01,-1.05453327e-01,1.03791763e-01,8.80442980e-02,1.87242991e-01,1.38746594e+02,2.26008143e-01,-1.06499904e-01,1.89918704e+01,-6.40356006e-03,1.04657700e-03,1.07063616e-01,8.91191908e-02,1.92906302e-01,-3.27185273e-03,-1.07489272e-03,-5.66331098e-03
4.95000000e+02,1.57759367e+02,2.17312514e-01,-1.15102778e-01,1.03627628e-01,9.10186678e-02,1.87180340e-01,1.38759460e+02,2.24523458e-01,-1.15450870e-01,1.89999078e+01,-7.21094357e-03,3.48092682e-04,1.06948772e-01,9.19476230e-02,1.93067092e-01,-3.32114381e-03,-9.28955269e-04,-5.88675180e-03
4.96000000e+02,1.57750178e+02,2.20063667e-01,-1.13887460e-01,1.04009107e-01,9.28086769e-02,1.87539844e-01,1.38745358e+02,2.26841620e-01,-1.14792103e-01,1.90048197e+01,-6.77795295e-03,9.04642931e-04,1.07306542e-01,9.37167825e-02,1.93520591e-01,-3.29743507e-03,-9.08105555e-04,-5.98074734e-03
4.97000000e+02,1.57769651e+02,2.17488787e-01,-1.16751307e-01,1.03953444e-01,9.50542163e-02,1.87463026e-01,1.38756730e+02,2.25114289e-01,-1.16995184e-01,1.90129210e+01,-7.62550139e-03,2.43876922e-04,1.07299592e-01,9.58270434e-02,1.93672171e-01,-3.34614766e-03,-7.72827033e-04,-6.20914530e-03
4.98000000e+02,1.57761935e+02,2.19081370e-01,-1.18286818e-01,1.04265455e-01,9.74158776e-02,1.87627080e-01,1.38743961e+02,2.26289770e-01,-1.18886295e-01,1.90179742e+01,-7.20840038e-03,5.99476791e-04,1.07589973e-01,9.81508882e-02,1.93927051e-01,-3.32451753e-03,-7.35010548e-04,-6.29997124e-03
4.99000000e+02,1.57783227e+02,2.17185850e-01,-1.28331540e-01,1.04126661e-01,1.00662459e-01,1.87671502e-01,1.38757036e+02,2.25174752e-01,-1.28270759e-01,1.90261916e+01,-7.98890195e-03,-6.07806494e-05,1.07500052e-01,1.01268233e-01,1.94178911e-01,-3.37339101e-03,-6.05774313e-04,-6.50740890e-03
5.00000000e+02,1.57774285e+02,2.19944383e-01,-1.26994757e-01,1.04482790e-01,1.02354537e-01,1.88025304e-01,1.38742991e+02,2.27491499e-01,-1.27497247e-01,1.90312943e+01,-7.54711654e-03,5.02489977e-04,1.07831739e-01,1.02952465e-01,1.94613649e-01,-3.34894875e-03,-5.97928258e-04,-6.58834467e-03
5.01000000e+02,1.57794023e+02,2.17458887e-01,-1.29960835e-01,1.04409505e-01,1.04714032e-01,1.87923956e-01,1.38754436e+02,2.25827156e-01,-1.29830106e-01,1.90395873e+01,-8.36826884e-03,-1.30728577e-04,1.07806749e-01,1.05189893e-01,1.94724903e-01,-3.39724398e-03,-4.75861217e-04,-6.80094623e-03
5.02000000e+02,1.57786961e+02,2.18661933e-01,-1.31950241e-01,1.04697825e-01,1.07376878e-01,1.87906632e-01,1.38742100e+02,2.26606265e-01,-1.32187823e-01,1.90448608e+01,-7.94433239e-03,2.37581994e-04,1.08073378e-01,1.07824867e-01,1.94786064e-01,-3.37555321e-03,-4.47988726e-04,-6.87943192e-03
5.03000000e+02,1.57808559e+02,2.16132441e-01,-1.41869113e-01,1.04480430e-01,1.10619452e-01,1.87565443e-01,1.38755267e+02,2.24852052e-01,-1.41455374e-01,1.90532911e+01,-8.71961087e-03,-4.13738855e-04,1.07904639e-01,1.10947262e-01,1.94642243e-01,-3.42420921e-03,-3.27810830e-04,-7.07680012e-03
5.04000000e+02,1.57799872e+02,2.19261776e-01,-1.40576026e-01,1.04763908e-01,1.12392365e-01,1.87793680e-01,1.38741278e+02,2.27516278e-01,-1.40730457e-01,1.90585931e+01,-8.25450229e-03,1.54430658e-04,1.08163707e-01,1.12718418e-01,1.94938768e-01,-3.39979891e-03,-3.26053167e-04,-7.14508713e-03
5.05000000e+02,1.57820148e+02,2.16193664e-01,-1.44301394e-01,1.04596738e-01,1.15038198e-01,1.87440576e-01,1.38753072e+02,2.25262255e-01,-1.43804658e-01,1.90670756e+01,-9.06859172e-03,-4.96736166e-04,1.08044196e-01,1.15240977e-01,1.94787186e-01,-3.44745762e-03,-2.02779843e-04,-7.34661068e-03
5.06000000e+02,1.57813465e+02,2.16859802e-01,-1.46569227e-01,1.04794958e-01,1.17773694e-01,1.87031973e-01,1.38740949e+02,2.25471071e-01,-1.46458254e-01,1.90725155e+01,-8.61126872e-03,-1.10973519e-04,1.08219792e-01,1.17952666e-01,1.94442589e-01,-3.42483338e-03,-1.78972217e-04,-7.41061582e-03
5.07000000e+02,1.57835341e+02,2.14526235e-01,-1.56736951e-01,1.04516247e-01,1.21193980e-01,1.86598354e-01,1.38754236e+02,2.23887840e-01,-1.55981581e-01,1.90811045e+01,-9.36160461e-03,-7.55369963e-04,1.07988780e-01,1.21254069e-01,1.94188230e-01,-3.47253261e-03,-6.00888280e-05,-7.58987677e-03
5.08000000e+02,1.57827023e+02,2.17233734e-01,-1.55490318e-01,1.04760289e-01,1.23208630e-01,1.86769027e-01,1.38740462e+02,2.26122685e-01,-1.55314647e-01,1.90865607e+01,-8.88895192e-03,-1.75671549e-04,1.08207296e-01,1.23270721e-01,1.94409744e-01,-3.44700620e-03,-6.20913145e-05,-7.64071674e-03
5.09000000e+02,1.57847448e+02,2.14656511e-01,-1.59348883e-01,1.04552083e-01,1.26073077e-01,1.86513013e-01,1.38752274e+02,2.24330220e-01,-1.58529339e-01,1.90951744e+01,-9.67370896e-03,-8.19544219e-04,1.08045918e-01,1.26014100e-01,1.94337451e-01,-3.49383452e-03,5.89770418e-05,-7.82443807e-03
5.10000000e+02,1.57841118e+02,2.15917877e-01,-1.62073065e-01,1.04713947e-01,1.29064999e-01,1.86526792e-01,1.38740352e+02,2.25117044e-01,-1.61635741e-01,1.91007661e+01,-9.19916703e-03,-4.37323925e-04,1.08184392e-01,1.28984412e-01,1.94401571e-01,-3.47044465e-03,8.05868206e-05,-7.87477893e-03
5.11000000e+02,1.57863650e+02,2.13374686e-01,-1.72991162e-01,1.04436306e-01,1.32986071e-01,1.85994817e-01,1.38754144e+02,2.23317878e-01,-1.71902814e-01,1.91095069e+01,-9.94319225e-03,-1.08834811e-03,1.07953342e-01,1.32785930e-01,1.94037991e-01,-3.51703629e-03,2.00140281e-04,-8.04317387e-03
5.12000000e+02,1.57855809e+02,2.16635405e-01,-1.71773712e-01,1.04668146e-01,1.34981158e-01,1.86537320e-01,1.38740718e+02,2.26090404e-01,-1.71271871e-01,1.91150907e+01,-9.45499855e-03,-5.01840331e-04,1.08158681e-01,1.34787650e-01,1.94621030e-01,-3.49053467e-03,1.93508237e-04,-8.08371055e-03
5.13000000e+02,1.57876395e+02,2.13488582e-01,-1.75589764e-01,1.04459228e-01,1.37721358e-01,1.86062906e-01,1.38752523e+02,2.23718432e-01,-1.74453577e-01,1.91238724e+01,-1.02298504e-02,-1.13618703e-03,1.07995417e-01,1.37409279e-01,1.94320394e-01,-3.53618904e-03,3.12079014e-04,-8.25748822e-03
5.14000000e+02,1.57869979e+02,2.14523395e-01,-1.77585769e-01,1.04654274e-01,1.40291114e-01,1.85874085e-01,1.38740352e+02,2.24256838e-01,-1.76827152e-01,1.91296271e+01,-9.73344367e-03,-7.58616743e-04,1.08165860e-01,1.39954898e-01,1.94166402e-01,-3.51158582e-03,3.36215210e-04,-8.29231682e-03
5.15000000e+02,1.57892532e+02,2.12192997e-01,-1.87763465e-01,1.04394844e-01,1.43836037e-01,1.85512956e-01,1.38754020e+02,2.22650863e-01,-1.86364618e-01,1.91385118e+01,-1.04578668e-02,-1.39884765e-03,1.07952091e-01,1.43378906e-01,1.93959338e-01,-3.55724774e-03,4.57130578e-04,-8.44638134e-03
5.16000000e+02,1.57884928e+02,2.15069591e-01,-1.86635559e-01,1.04703176e-01,1.45964768e-01,1.85740393e-01,1.38740679e+02,2.25023204e-01,-1.85808574e-01,1.91442494e+01,-9.95361312e-03,-8.26985115e-04,1.08233137e-01,1.45507990e-01,1.94212711e-01,-3.52996111e-03,4.56777914e-04,-8.47231803e-03
5.17000000e+02,1.57905939e+02,2.11752326e-01,-1.90555226e-01,1.04577624e-01,1.48895894e-01,1.85155161e-01,1.38752788e+02,2.22461472e-01,-1.89085825e-01,1.91531506e+01,-1.07091454e-02,-1.46940035e-03,1.08152712e-01,1.48317475e-01,1.93787071e-01,-3.57508790e-03,5.78419252e-04,-8.63191067e-03
5.18000000e+02,1.57900007e+02,2.12460830e-01,-1.92380625e-01,1.04796976e-01,1.51358898e-01,1.84676752e-01,1.38740980e+02,2.22658527e-01,-1.91299309e-01,1.91590275e+01,-1.01976979e-02,-1.08131594e-03,1.08347123e-01,1.50758721e-01,1.93332939e-01,-3.55014672e-03,6.00176050e-04,-8.65618746e-03
5.19000000e+02,1.57922836e+02,2.10022160e-01,-2.02639861e-01,1.04581387e-01,1.54952019e-01,1.84268408e-01,1.38754799e+02,2.20934671e-01,-2.00897290e-01,1.91680374e+01,-1.09125110e-02,-1.74257146e-03,1.08177037e-01,1.54228072e-01,1.93067066e-01,-3.59565092e-03,7.23947111e-04,-8.79865807e-03
5.20000000e+02,1.57915475e+02,2.12413166e-01,-2.01142502e-01,1.04864345e-01,1.57039479e-01,1.84192819e-01,1.38741567e+02,2.22817777e-01,-1.99983718e-01,1.91739082e+01,-1.04046115e-02,-1.15878348e-03,1.08432021e-01,1.56316434e-01,1.93010434e-01,-3.56767615e-03,7.23045343e-04,-8.81761470e-03
5.21000000e+02,1.57936626e+02,2.08684299e-01,-2.05109995e-01,1.04710364e-01,1.59871132e-01,1.83375488e-01,1.38753666e+02,2.19825449e-01,-2.03295703e-01,1.91829599e+01,-1.11411499e-02,-1.81429139e-03,1.08322575e-01,1.59023711e-01,1.92343065e-01,-3.61221140e-03,8.47420845e-04,-8.96757716e-03
5.22000000e+02,1.57930747e+02,2.09452782e-01,-2.07464171e-01,1.04957421e-01,1.62558505e-01,1.82923489e-01,1.38741811e+02,2.20078397e-01,-2.06031871e-01,1.91889353e+01,-1.06256141e-02,-1.43229953e-03,1.08543683e-01,1.61689231e-01,1.91904948e-01,-3.58626206e-03,8.69274078e-04,-8.98145964e-03
5.23000000e+02,1.57953749e+02,2.06693503e-01,-2.18161786e-01,1.04734803e-01,1.66411699e-01,1.82196538e-01,1.38755676e+02,2.18011907e-01,-2.16090134e-01,1.91980730e+01,-1.13184038e-02,-2.07165194e-03,1.08365768e-01,1.65420750e-01,1.91310435e-01,-3.63096473e-03,9.90948847e-04,-9.11389682e-03
5.24000000e+02,1.57946503e+02,2.08740687e-01,-2.16709842e-01,1.05050730e-01,1.68390516e-01,1.82069890e-01,1.38742436e+02,2.19527870e-01,-2.15222224e-01,1.92040666e+01,-1.07871833e-02,-1.48761770e-03,1.08653408e-01,1.67402031e-01,1.91191762e-01,-3.60267811e-03,9.88485192e-04,-9.12187147e-03
5.25000000e+02,1.57967604e+02,2.05570109e-01,-2.20843085e-01,1.04902730e-01,1.71424810e-01,1.81480726e-01,1.38754368e+02,2.17087141e-01,-2.18691716e-01,1.92132359e+01,-1.15170328e-02,-2.15136904e-03,1.08549827e-01,1.70309037e-01,1.90742559e-01,-3.64709644e-03,1.11577312e-03,-9.26183237e-03
5.26000000e+02,1.57961821e+02,2.06737625e-01,-2.23330688e-01,1.05121318e-01,1.74447938e-01,1.81140305e-01,1.38742511e+02,2.17719106e-01,-2.21583661e-01,1.92193099e+01,-1.09814806e-02,-1.74702671e-03,1.08742428e-01,1.73314534e-01,1.90405480e-01,-3.62110974e-03,1.13340457e-03,-9.26517480e-03
5.27000000e+02,1.57984947e+02,2.03969187e-01,-2.33998774e-01,1.04866860e-01,1.78302290e-01,1.80566309e-01,1.38756420e+02,2.15655509e-01,-2.31602180e-01,1.92285270e+01,-1.16863214e-02,-2.39659339e-03,1.08532677e-01,1.77052102e-01,1.89960824e-01,-3.66581720e-03,1.25018817e-03,-9.39451470e-03
5.28000000e+02,1.57977676e+02,2.06547839e-01,-2.32488218e-01,1.05100185e-01,1.80171152e-01,1.80708422e-01,1.38743057e+02,2.17688841e-01,-2.30683261e-01,1.92346187e+01,-1.11410019e-02,-1.80495640e-03,1.08737356e-01,1.78928867e-01,1.90104069e-01,-3.63717110e-03,1.24228535e-03,-9.39564625e-03
5.29000000e+02,1.57998702e+02,2.03582614e-01,-2.36512676e-01,1.04885620e-01,1.83166606e-01,1.80136891e-01,1.38754827e+02,2.15439494e-01,-2.34065545e-01,1.92438749e+01,-1.18568793e-02,-2.44713036e-03,1.08566634e-01,1.81805087e-01,1.89667233e-01,-3.68101372e-03,1.36151837e-03,-9.53034143e-03
5.30000000e+02,1.57992883e+02,2.04694522e-01,-2.38592528e-01,1.05038093e-01,1.85940404e-01,1.79926363e-01,1.38742796e+02,2.16029707e-01,-2.36546013e-01,1.92500866e+01,-1.13351848e-02,-2.04651536e-03,1.08692348e-01,1.84566108e-01,1.89461851e-01,-3.65425408e-03,1.37429630e-03,-9.53548830e-03
5.31000000e+02,1.58015743e+02,2.02459135e-01,-2.48853659e-01,1.04737901e-01,1.89533728e-01,1.79561009e-01,1.38756334e+02,2.14477658e-01,-2.46165629e-01,1.92594098e+01,-1.20185230e-02,-2.68803023e-03,1.08435828e-01,1.88045622e-01,1.89219561e-01,-3.69792698e-03,1.48810610e-03,-9.65855179e-03
5.32000000e+02,1.58008193e+02,2.05359915e-01,-2.46920771e-01,1.04941285e-01,1.91234690e-01,1.79909970e-01,1.38742591e+02,2.16832264e-01,-2.44835230e-01,1.92656015e+01,-1.14723482e-02,-2.08554160e-03,1.08609478e-01,1.89761603e-01,1.89565069e-01,-3.66819261e-03,1.47308667e-03,-9.65509985e-03
5.33000000e+02,1.58029076e+02,2.02971665e-01,-2.50182580e-01,1.04692370e-01,1.93791164e-01,1.79867522e-01,1.38754129e+02,2.15161660e-01,-2.47460744e-01,1.92749467e+01,-1.21899950e-02,-2.72183580e-03,1.08403525e-01,1.92202737e-01,1.89653790e-01,-3.71115560e-03,1.58842705e-03,-9.78626743e-03
5.34000000e+02,1.58022925e+02,2.04878704e-01,-2.51384015e-01,1.04808521e-01,1.96000658e-01,1.80110708e-01,1.38741672e+02,2.16535734e-01,-2.49073092e-01,1.92812527e+01,-1.16570303e-02,-2.31092294e-03,1.08491892e-01,1.94404126e-01,1.89897747e-01,-3.68337134e-03,1.59653180e-03,-9.78703834e-03
5.35000000e+02,1.58045636e+02,2.02738403e-01,-2.60698835e-01,1.04460607e-01,1.98975488e-01,1.79971738e-01,1.38754950e+02,2.15097869e-01,-2.57744853e-01,1.92906854e+01,-1.23594659e-02,-2.95398123e-03,1.08186596e-01,1.97269515e-01,1.89883560e-01,-3.72598896e-03,1.70597353e-03,-9.91182165e-03
5.36000000e+02,1.58037961e+02,2.05470055e-01,-2.58431657e-01,1.04618841e-01,2.00335576e-01,1.80358835e-01,1.38740993e+02,2.17269201e-01,-2.56071140e-01,1.92969673e+01,-1.17991458e-02,-2.36051692e-03,1.08313979e-01,1.98647739e-01,1.90266468e-01,-3.69513726e-03,1.68783715e-03,-9.90763289e-03
5.37000000e+02,1.58058819e+02,2.03027235e-01,-2.61744063e-01,1.04340257e-01,2.02594429e-01,1.80143033e-01,1.38752426e+02,2.15526636e-01,-2.58748026e-01,1.93063929e+01,-1.24994010e-02,-2.99603620e-03,1.08077271e-01,2.00796673e-01,1.90175148e-01,-3.73701362e-03,1.79775603e-03,-1.00321144e-02
5.38000000e+02,1.58052493e+02,2.05009089e-01,-2.62881044e-01,1.04416458e-01,2.04732080e-01,1.80467319e-01,1.38739705e+02,2.16973632e-01,-2.60322304e-01,1.93127888e+01,-1.19645428e-02,-2.55874030e-03,1.08124542e-01,2.02931346e-01,1.90494054e-01,-3.70808392e-03,1.80073412e-03,-1.00267348e-02
5.39000000e+02,1.58075019e+02,2.03141420e-01,-2.71967320e-01,1.04054074e-01,2.07715402e-01,1.80508012e-01,1.38752745e+02,2.15784705e-01,-2.68774086e-01,1.93222738e+01,-1.26432849e-02,-3.19323366e-03,1.07803666e-01,2.05806171e-01,1.90650620e-01,-3.74959186e-03,1.90923156e-03,-1.01426079e-02
5.40000000e+02,1.58067292e+02,2.06342702e-01,-2.70031526e-01,1.04229169e-01,2.09211381e-01,1.80966117e-01,1.38738668e+02,2.18434320e-01,-2.67431633e-01,1.93286243e+01,-1.20916179e-02,-2.59989258e-03,1.07946856e-01,2.07325610e-01,1.91100413e-01,-3.71768705e-03,1.88577062e-03,-1.01342967e-02
5.41000000e+02,1.58087956e+02,2.03644145e-01,-2.72367220e-01,1.03976081e-01,2.11065676e-01,1.80617143e-01,1.38749828e+02,2.16442829e-01,-2.69160486e-01,1.93381277e+01,-1.27986841e-02,-3.20673411e-03,1.07734456e-01,2.09078459e-01,1.90875960e-01,-3.75837460e-03,1.98721672e-03,-1.02588173e-02
5.42000000e+02,1.58081268e+02,2.04950122e-01,-2.73001399e-01,1.04116595e-01,2.13000916e-01,1.80602690e-01,1.38736690e+02,2.17211335e-01,-2.70218250e-01,1.93445782e+01,-1.22612137e-02,-2.78314927e-03,1.07845409e-01,2.11016151e-01,1.90855784e-01,-3.72881339e-03,1.98476546e-03,-1.02530942e-02
5.43000000e+02,1.58103722e+02,2.02660379e-01,-2.82199176e-01,1.03820404e-01,2.15692666e-01,1.80321733e-01,1.38749556e+02,2.15588221e-01,-2.78773982e-01,1.93541653e+01,-1.29278425e-02,-3.42519399e-03,1.07590416e-01,2.13609229e-01,1.90685181e-01,-3.77001145e-03,2.08343664e-03,-1.03634477e-02
5.44000000e+02,1.58095567e+02,2.05462955e-01,-2.79922589e-01,1.04059255e-01,2.16818788e-01,1.80474337e-01,1.38734958e+02,2.17823167e-01,-2.77116787e-01,1.93606092e+01,-1.23602122e-02,-2.80580219e-03,1.07797074e-01,2.14767532e-01,1.90822851e-01,-3.73781845e-03,2.05125598e-03,-1.03485140e-02
5.45000000e+02,1.58115967e+02,2.02612775e-01,-2.82477357e-01,1.03862148e-01,2.18691015e-01,1.80129583e-01,1.38745799e+02,2.15678057e-01,-2.79070626e-01,1.93701680e+01,-1.30652815e-02,-3.40673098e-03,1.07640503e-01,2.16546315e-01,1.90594615e-01,-3.77835511e-03,2.14470063e-03,-1.04650318e-02
5.46000000e+02,1.58109293e+02,2.03246363e-01,-2.82873633e-01,1.04060883e-01,2.20513147e-01,1.79755452e-01,1.38732626e+02,2.15770331e-01,-2.79909898e-01,1.93766673e+01,-1.25239689e-02,-2.96373482e-03,1.07809146e-01,2.18380045e-01,1.90205498e-01,-3.74826241e-03,2.13310140e-03,-1.04500464e-02
5.47000000e+02,1.58131509e+02,2.00735893e-01,-2.91776795e-01,1.03795287e-01,2.23264948e-01,1.79083777e-01,1.38745229e+02,2.13904803e-01,-2.88197006e-01,1.93862798e+01,-1.31689095e-02,-3.57978853e-03,1.07584154e-01,2.21040560e-01,1.89636132e-01,-3.78886685e-03,2.22438785e-03,-1.05523552e-02
5.48000000e+02,1.58123484e+02,2.03328351e-01,-2.89084289e-01,1.04048377e-01,2.24126233e-01,1.79031411e-01,1.38730755e+02,2.15914229e-01,-2.86117354e-01,1.93927287e+01,-1.25858773e-02,-2.96693595e-03,1.07804831e-01,2.21940378e-01,1.89560159e-01,-3.75645343e-03,2.18585501e-03,-1.05287482e-02
5.49000000e+02,1.58143689e+02,2.00114645e-01,-2.91694669e-01,1.03867917e-01,2.26052692e-01,1.78223885e-01,1.38741362e+02,2.13391605e-01,-2.88130250e-01,1.94023268e+01,-1.32769598e-02,-3.56441922e-03,1.07664870e-01,2.23778881e-01,1.88860344e-01,-3.79695304e-03,2.27381142e-03,-1.06364589e-02
5.50000000e+02,1.58136962e+02,2.00944175e-01,-2.91768086e-01,1.04048983e-01,2.27658443e-01,1.77942257e-01,1.38728082e+02,2.13680391e-01,-2.88654429e-01,1.94088801e+01,-1.27362162e-02,-3.11365681e-03,1.07816191e-01,2.25402892e-01,1.88556145e-01,-3.76720833e-03,2.25555131e-03,-1.06138878e-02
5.51000000e+02,1.58159291e+02,1.98806447e-01,-3.01064068e-01,1.03740489e-01,2.30467035e-01,1.77597735e-01,1.38740736e+02,2.12180019e-01,-2.97328899e-01,1.94185554e+01,-1.33735721e-02,-3.73516884e-03,1.07548667e-01,2.28125777e-01,1.88305397e-01,-3.80817774e-03,2.34125788e-03,-1.07076619e-02
5.52000000e+02,1.58151315e+02,2.02044484e-01,-2.98679022e-01,1.03944427e-01,2.31474423e-01,1.77734250e-01,1.38726251e+02,2.14822815e-01,-2.95576210e-01,1.94250641e+01,-1.27783313e-02,-3.10281188e-03,1.07719826e-01,2.29180284e-01,1.88410945e-01,-3.77539898e-03,2.29413824e-03,-1.06766951e-02
5.53000000e+02,1.58171885e+02,1.98750695e-01,-3.01540067e-01,1.03724841e-01,2.33387372e-01,1.77172411e-01,1.38737154e+02,2.12235692e-01,-2.97841915e-01,1.94347311e+01,-1.34849970e-02,-3.69815216e-03,1.07540179e-01,2.31012346e-01,1.87953661e-01,-3.81533762e-03,2.37502645e-03,-1.07812492e-02
5.54000000e+02,1.58165457e+02,1.99724784e-01,-3.01790751e-01,1.03853902e-01,2.35038732e-01,1.76955119e-01,1.38724111e+02,2.12622959e-01,-2.98558348e-01,1.94413460e+01,-1.28981744e-02,-3.23240283e-03,1.07638640e-01,2.32690826e-01,1.87705636e-01,-3.78473725e-03,2.34790587e-03,-1.07505167e-02
5.55000000e+02,1.58187864e+02,1.97818610e-01,-3.10976333e-01,1.03527161e-01,2.37783689e-01,1.76675710e-01,1.38736802e+02,2.11340097e-01,-3.07139071e-01,1.94510617e+01,-1.35214868e-02,-3.83726240e-03,1.07351823e-01,2.35357328e-01,1.87509749e-01,-3.82466144e-03,2.42636079e-03,-1.08340388e-02
5.56000000e+02,1.58179913e+02,2.01172365e-01,-3.08116859e-01,1.03745206e-01,2.38644742e-01,1.76921278e-01,1.38722294e+02,2.14108007e-01,-3.04941154e-01,1.94576195e+01,-1.29356422e-02,-3.17570523e-03,1.07536102e-01,2.36276680e-01,1.87717999e-01,-3.79089565e-03,2.36806184e-03,-1.07967210e-02
5.57000000e+02,1.58200393e+02,1.98311050e-01,-3.10043889e-01,1.03481752e-01,2.40318360e-01,1.76398710e-01,1.38733085e+02,2.11924620e-01,-3.06291500e-01,1.94673071e+01,-1.36135701e-02,-3.75238917e-03,1.07311909e-01,2.37874883e-01,1.87289119e-01,-3.83015666e-03,2.44347672e-03,-1.08904098e-02
5.58000000e+02,1.58194096e+02,1.98859150e-01,-3.10337878e-01,1.03600820e-01,2.42117509e-01,1.75864353e-01,1.38720136e+02,2.11892077e-01,-3.07032539e-01,1.94739594e+01,-1.30329271e-02,-3.30533923e-03,1.07399416e-01,2.39703677e-01,1.86717317e-01,-3.79859693e-03,2.41383278e-03,-1.08529640e-02
5.59000000e+02,1.58216722e+02,1.96931311e-01,-3.19462474e-01,1.03274655e-01,2.44775808e-01,1.75672149e-01,1.38733006e+02,2.10598033e-01,-3.15560721e-01,1.94837166e+01,-1.36667214e-02,-3.90175242e-03,1.07111919e-01,2.42290174e-01,1.86605446e-01,-3.83726366e-03,2.48563373e-03,-1.09332969e-02
5.60000000e+02,1.58208662e+02,1.99935393e-01,-3.16861223e-01,1.03484770e-01,2.45583086e-01,1.75826238e-01,1.38718342e+02,2.12993513e-01,-3.13597212e-01,1.94903202e+01,-1.30581200e-02,-3.26401110e-03,1.07286913e-01,2.43153251e-01,1.86717906e-01,-3.80214265e-03,2.42983553e-03,-1.08916673e-02
5.61000000e+02,1.58229344e+02,1.96982702e-01,-3.19948463e-01,1.03319502e-01,2.47574181e-01,1.75223980e-01,1.38729309e+02,2.10713147e-01,-3.16103619e-01,1.95000355e+01,-1.37304454e-02,-3.84484342e-03,1.07159913e-01,2.45073178e-01,1.86207120e-01,-3.84041153e-03,2.50100353e-03,-1.09831401e-02
5.62000000e+02,1.58223219e+02,1.97868884e-01,-3.20310671e-01,1.03531453e-01,2.49254584e-01,1.74877097e-01,1.38716529e+02,2.11016948e-01,-3.16934680e-01,1.95066895e+01,-1.31480634e-02,-3.37599122e-03,1.07339760e-01,2.46786206e-01,1.85817727e-01,-3.80830678e-03,2.46837804e-03,-1.09406306e-02
5.63000000e+02,1.58246033e+02,1.95385063e-01,-3.29023070e-01,1.03274723e-01,2.51794765e-01,1.74297940e-01,1.38729580e+02,2.09152575e-01,-3.25064599e-01,1.95164524e+01,-1.37675120e-02,-3.95847052e-03,1.07121772e-01,2.49256060e-01,1.85313258e-01,-3.84704868e-03,2.53870467e-03,-1.10153181e-02
5.64000000e+02,1.58238181e+02,1.97815685e-01,-3.25989486e-01,1.03547409e-01,2.52467275e-01,1.73968411e-01,1.38715100e+02,2.10969577e-01,-3.22670117e-01,1.95230817e+01,-1.31538916e-02,-3.31936853e-03,1.07359509e-01,2.49987319e-01,1.84932508e-01,-3.81209957e-03,2.47995521e-03,-1.09640972e-02
5.65000000e+02,1.58259121e+02,1.94590894e-01,-3.28472995e-01,1.03423129e-01,2.54158635e-01,1.73077442e-01,1.38726305e+02,2.08397912e-01,-3.24587791e-01,1.95328156e+01,-1.38070177e-02,-3.88520371e-03,1.07273155e-01,2.51614116e-01,1.84120165e-01,-3.85002636e-03,2.54451977e-03,-1.10427229e-02
5.66000000e+02,1.58252865e+02,1.95161463e-01,-3.28403381e-01,1.03693709e-01,2.55532878e-01,1.72523748e-01,1.38713384e+02,2.08370115e-01,-3.24992913e-01,1.95394815e+01,-1.32086524e-02,-3.41046744e-03,1.07511069e-01,2.53027269e-01,1.83516042e-01,-3.81735974e-03,2.50560919e-03,-1.09922935e-02
5.67000000e+02,1.58275827e+02,1.92507190e-01,-3.37013052e-01,1.03489448e-01,2.57840557e-01,1.71766249e-01,1.38726599e+02,2.06334549e-01,-3.33014366e-01,1.95492275e+01,-1.38273589e-02,-3.99868548e-03,1.07345205e-01,2.55268360e-01,1.82825476e-01,-3.85575641e-03,2.57219745e-03,-1.10592268e-02
5.68000000e+02,1.58268350e+02,1.94623074e-01,-3.33979189e-01,1.03816355e-01,2.58472968e-01,1.71199208e-01,1.38712532e+02,2.07832136e-01,-3.30626127e-01,1.95558177e+01,-1.32090621e-02,-3.35306156e-03,1.07637242e-01,2.55961167e-01,1.82201662e-01,-3.82088749e-03,2.51180025e-03,-1.10024539e-02
5.69000000e+02,1.58289375e+02,1.91297599e-01,-3.36165079e-01,1.03685797e-01,2.59947485e-01,1.70313047e-01,1.38723854e+02,2.05144024e-01,-3.32235378e-01,1.95655208e+01,-1.38464245e-02,-3.92970158e-03,1.07545024e-01,2.57367229e-01,1.81385427e-01,-3.85922655e-03,2.58025560e-03,-1.10723795e-02
5.70000000e+02,1.58283473e+02,1.91560934e-01,-3.35896482e-01,1.03920268e-01,2.61259903e-01,1.69473069e-01,1.38711285e+02,2.04797465e-01,-3.32449699e-01,1.95721871e+01,-1.32365314e-02,-3.44678315e-03,1.07746868e-01,2.58717571e-01,1.80483322e-01,-3.82660073e-03,2.54233225e-03,-1.10102529e-02
5.71000000e+02,1.58306655e+02,1.88854041e-01,-3.44486604e-01,1.03707445e-01,2.63651417e-01,1.68668305e-01,1.38724723e+02,2.02689875e-01,-3.40456946e-01,1.95819321e+01,-1.38358336e-02,-4.02965808e-03,1.07572315e-01,2.61042373e-01,1.79736341e-01,-3.86487062e-03,2.60904375e-03,-1.10680355e-02
5.72000000e+02,1.58299046e+02,1.90813394e-01,-3.41213036e-01,1.04027726e-01,2.64202676e-01,1.68041928e-01,1.38710509e+02,2.04027914e-01,-3.37817470e-01,1.95885370e+01,-1.32145203e-02,-3.39556566e-03,1.07857256e-01,2.61650967e-01,1.79048516e-01,-3.82952963e-03,2.55170940e-03,-1.10065886e-02
5.73000000e+02,1.58320021e+02,1.87083256e-01,-3.43322994e-01,1.03889395e-01,2.65657905e-01,1.66959481e-01,1.38721777e+02,2.00941109e-01,-3.39360794e-01,1.95982441e+01,-1.38578533e-02,-3.96220007e-03,1.07757070e-01,2.63038257e-01,1.78032110e-01,-3.86767563e-03,2.61964726e-03,-1.10726284e-02
5.74000000e+02,1.58314335e+02,1.87586136e-01,-3.42823030e-01,1.04125391e-01,2.66778889e-01,1.66177482e-01,1.38709408e+02,2.00810655e-01,-3.39330087e-01,1.96049273e+01,-1.32245186e-02,-3.49294287e-03,1.07960229e-01,2.64195860e-01,1.77180586e-01,-3.83483828e-03,2.58302957e-03,-1.10031047e-02
5.75000000e+02,1.58337563e+02,1.84603240e-01,-3.51638408e-01,1.03875632e-01,2.69338882e-01,1.65348523e-01,1.38722873e+02,1.98425080e-01,-3.47553741e-01,1.96146896e+01,-1.38218407e-02,-4.08466797e-03,1.07748321e-01,2.66687490e-01,1.76403074e-01,-3.87268984e-03,2.65139223e-03,-1.10545513e-02
5.76000000e+02,1.58330309e+02,1.86847532e-01,-3.48859596e-01,1.04159595e-01,2.70235242e-01,1.64982335e-01,1.38709001e+02,2.00043401e-01,-3.45425187e-01,1.96213081e+01,-1.31958691e-02,-3.43440951e-03,1.07996406e-01,2.67644429e-01,1.75968562e-01,-3.83681096e-03,2.59081353e-03,-1.09862271e-02
5.77000000e+02,1.58351557e+02,1.83996486e-01,-3.51019816e-01,1.04009682e-01,2.71781774e-01,1.64299572e-01,1.38720514e+02,1.97805928e-01,-3.47023761e-01,1.96310432e+01,-1.38094417e-02,-3.99605518e-03,1.07883977e-01,2.69126113e-01,1.75341827e-01,-3.87429556e-03,2.65566161e-03,-1.10422544e-02
5.78000000e+02,1.58345761e+02,1.84670286e-01,-3.50987643e-01,1.04233889e-01,2.73173456e-01,1.63622102e-01,1.38708040e+02,1.97849362e-01,-3.47444004e-01,1.96377212e+01,-1.31790761e-02,-3.54363887e-03,1.08074765e-01,2.70552697e-01,1.74593669e-01,-3.84087575e-03,2.62075926e-03,-1.09715671e-02
5.79000000e+02,1.58369117e+02,1.81914751e-01,-3.59876898e-01,1.03996843e-01,2.75664219e-01,1.62809014e-01,1.38721649e+02,1.95688064e-01,-3.55756627e-01,1.96474679e+01,-1.37733130e-02,-4.12027096e-03,1.07875157e-01,2.72979779e-01,1.73830135e-01,-3.87831384e-03,2.68444044e-03,-1.10211209e-02
5.80000000e+02,1.58361976e+02,1.84249526e-01,-3.57042133e-01,1.04265776e-01,2.76385025e-01,1.62497250e-01,1.38707917e+02,1.97396619e-01,-3.53577604e-01,1.96540593e+01,-1.31470924e-02,-3.46452987e-03,1.08107466e-01,2.73766323e-01,1.73448228e-01,-3.84169001e-03,2.61870179e-03,-1.09509782e-02
5.81000000e+02,1.58382922e+02,1.81086218e-01,-3.58975982e-01,1.04110358e-01,2.77813259e-01,1.61667584e-01,1.38719193e+02,1.94849880e-01,-3.54939244e-01,1.96637292e+01,-1.37636623e-02,-4.03673813e-03,1.07988849e-01,2.75127953e-01,1.72675544e-01,-3.87849144e-03,2.68530644e-03,-1.10079593e-02
5.82000000e+02,1.58376785e+02,1.82061512e-01,-3.58517625e-01,1.04326952e-01,2.79109260e-01,1.61117396e-01,1.38706387e+02,1.95201756e-01,-3.54954619e-01,1.96703975e+01,-1.31402446e-02,-3.56300622e-03,1.08171353e-01,2.76465364e-01,1.72052844e-01,-3.84440040e-03,2.64389631e-03,-1.09354483e-02
5.83000000e+02,1.58400158e+02,1.79177962e-01,-3.67302979e-01,1.04096127e-01,2.81339190e-01,1.60299328e-01,1.38720001e+02,1.92910463e-01,-3.63157456e-01,1.96801579e+01,-1.37325011e-02,-4.14552283e-03,1.07977223e-01,2.78633339e-01,1.71278413e-01,-3.88109590e-03,2.70585083e-03,-1.09790848e-02
5.84000000e+02,1.58392761e+02,1.81476746e-01,-3.64089642e-01,1.04399965e-01,2.81686180e-01,1.60080038e-01,1.38706015e+02,1.94566691e-01,-3.60602698e-01,1.96867460e+01,-1.30899445e-02,-3.48694409e-03,1.08244020e-01,2.79051505e-01,1.70984051e-01,-3.84405476e-03,2.63467450e-03,-1.09040125e-02
5.85000000e+02,1.58413513e+02,1.78341231e-01,-3.65985843e-01,1.04243062e-01,2.83116258e-01,1.59405508e-01,1.38717071e+02,1.92038375e-01,-3.61943395e-01,1.96964420e+01,-1.36971437e-02,-4.04244805e-03,1.08123075e-01,2.80422625e-01,1.70360744e-01,-3.88001353e-03,2.69363303e-03,-1.09552358e-02
5.86000000e+02,1.58407502e+02,1.79495436e-01,-3.65287412e-01,1.04509301e-01,2.84219516e-01,1.58837422e-01,1.38704397e+02,1.92563185e-01,-3.61735026e-01,1.97031053e+01,-1.30677499e-02,-3.55238586e-03,1.08354386e-01,2.81572381e-01,1.69715553e-01,-3.84508515e-03,2.64713436e-03,-1.08781304e-02
5.87000000e+02,1.58430472e+02,1.76323646e-01,-3.73328870e-01,1.04298834e-01,2.86175628e-01,1.58026746e-01,1.38717662e+02,1.89989601e-01,-3.69202141e-01,1.97128104e+01,-1.36659549e-02,-4.12672863e-03,1.08179907e-01,2.83469243e-01,1.68949895e-01,-3.88107355e-03,2.70638452e-03,-1.09231492e-02
5.88000000e+02,1.58422774e+02,1.78937867e-01,-3.69792720e-01,1.04657931e-01,2.86401367e-01,1.58026191e-01,1.38703396e+02,1.91955703e-01,-3.66311558e-01,1.97193775e+01,-1.30178367e-02,-3.48116175e-03,1.08501130e-01,2.83764023e-01,1.68872508e-01,-3.84319937e-03,2.63734405e-03,-1.08463166e-02
5.89000000e+02,1.58443518e+02,1.75888346e-01,-3.71321714e-01,1.04558091e-01,2.87567135e-01,1.57225717e-01,1.38714475e+02,1.89516584e-01,-3.67291637e-01,1.97290427e+01,-1.36282371e-02,-4.03007755e-03,1.08436786e-01,2.84871729e-01,1.68123646e-01,-3.87869541e-03,2.69540597e-03,-1.08979292e-02
5.90000000e+02,1.58437515e+02,1.76946402e-01,-3.70429378e-01,1.04874526e-01,2.88659548e-01,1.56845596e-01,1.38701845e+02,1.89945327e-01,-3.66885259e-01,1.97356703e+01,-1.29989247e-02,-3.54411921e-03,1.08718408e-01,2.86012164e-01,1.67667402e-01,-3.84388179e-03,2.64738420e-03,-1.08218057e-02
5.91000000e+02,1.58460796e+02,1.74043205e-01,-3.78514894e-01,1.04702201e-01,2.90525786e-01,1.55898799e-01,1.38715421e+02,1.87623632e-01,-3.74386733e-01,1.97453755e+01,-1.35804265e-02,-4.12816140e-03,1.08581906e-01,2.87820976e-01,1.66762224e-01,-3.87970483e-03,2.70480965e-03,-1.08634250e-02
5.92000000e+02,1.58453241e+02,1.76614535e-01,-3.74886055e-01,1.05128990e-01,2.90481587e-01,1.55835983e-01,1.38701334e+02,1.89549921e-01,-3.71417885e-01,1.97519068e+01,-1.29353853e-02,-3.46816910e-03,1.08970799e-01,2.87849623e-01,1.66620754e-01,-3.84180926e-03,2.63196346e-03,-1.07847713e-02
5.93000000e+02,1.58474310e+02,1.73410282e-01,-3.75763786e-01,1.05093673e-01,2.91341762e-01,1.54935016e-01,1.38712797e+02,1.86967466e-01,-3.71760832e-01,1.97615136e+01,-1.35571839e-02,-4.00295399e-03,1.08971439e-01,2.88657623e-01,1.65771377e-01,-3.87776569e-03,2.68413932e-03,-1.08363609e-02
5.94000000e+02,1.58468354e+02,1.73952516e-01,-3.74697233e-01,1.05434189e-01,2.92162962e-01,1.54224453e-01,1.38700277e+02,1.86888667e-01,-3.71153406e-01,1.97680773e+01,-1.29361508e-02,-3.54382749e-03,1.09277141e-01,2.89524991e-01,1.64985658e-01,-3.84295223e-03,2.63797151e-03,-1.07612055e-02
5.95000000e+02,1.58491579e+02,1.70947893e-01,-3.82789743e-01,1.05297332e-01,2.93948180e-01,1.53426790e-01,1.38713864e+02,1.84457888e-01,-3.78680317e-01,1.97777143e+01,-1.35099957e-02,-4.10942620e-03,1.09176646e-01,2.91255565e-01,1.64228365e-01,-3.87931422e-03,2.69261557e-03,-1.08015751e-02
5.96000000e+02,1.58484145e+02,1.73198099e-01,-3.79459404e-01,1.05716587e-01,2.94211842e-01,1.53066228e-01,1.38699953e+02,1.86044270e-01,-3.76006818e-01,1.97841928e+01,-1.28461707e-02,-3.45258653e-03,1.09558769e-01,2.91588999e-01,1.63784092e-01,-3.84218204e-03,2.62284288e-03,-1.07178640e-02
5.97000000e+02,1.58504762e+02,1.70147647e-01,-3.80794330e-01,1.05656916e-01,2.95322982e-01,1.52280253e-01,1.38711017e+02,1.83602355e-01,-3.76807343e-01,1.97937451e+01,-1.34547086e-02,-3.98698717e-03,1.09534956e-01,2.92647149e-01,1.63044514e-01,-3.87803974e-03,2.67583332e-03,-1.07642602e-02
5.98000000e+02,1.58498817e+02,1.70913083e-01,-3.79880324e-01,1.05981242e-01,2.96439288e-01,1.51624450e-01,1.38698565e+02,1.83753768e-01,-3.76373071e-01,1.98002525e+01,-1.28406849e-02,-3.50725253e-03,1.09824299e-01,2.93811343e-01,1.62310031e-01,-3.84305785e-03,2.62794530e-03,-1.06855814e-02
5.99000000e+02,1.58522094e+02,1.67712741e-01,-3.88096236e-01,1.05804741e-01,2.98521849e-01,1.50615611e-01,1.38712281e+02,1.81115205e-01,-3.84009796e-01,1.98098133e+01,-1.34024639e-02,-4.08644022e-03,1.09683787e-01,2.95839535e-01,1.61334230e-01,-3.87904607e-03,2.68231365e-03,-1.07186190e-02
6.00000000e+02,1.58514613e+02,1.69934326e-01,-3.85181940e-01,1.06169829e-01,2.99114787e-01,1.50221191e-01,1.38698404e+02,1.82676102e-01,-3.81754675e-01,1.98162086e+01,-1.27417753e-02,-3.42726486e-03,1.10010783e-01,2.96507689e-01,1.60855331e-01,-3.84095416e-03,2.60709782e-03,-1.06341396e-02
6.01000000e+02,1.58535403e+02,1.66440487e-01,-3.86893702e-01,1.06066393e-01,3.00564496e-01,1.49242687e-01,1.38709709e+02,1.79794102e-01,-3.82937579e-01,1.98256932e+01,-1.33536155e-02,-3.95612270e-03,1.09942871e-01,2.97909928e-01,1.59918872e-01,-3.87647828e-03,2.65456856e-03,-1.06761847e-02
6.02000000e+02,1.58529351e+02,1.66654093e-01,-3.86312359e-01,1.06345066e-01,3.01788701e-01,1.48478425e-01,1.38697232e+02,1.79380550e-01,-3.82824224e-01,1.98321194e+01,-1.27264569e-02,-3.48813441e-03,1.10186363e-01,2.99188600e-01,1.59071746e-01,-3.84129747e-03,2.60010113e-03,-1.05933209e-02
6.03000000e+02,1.58552596e+02,1.63925987e-01,-3.95149549e-01,1.06137465e-01,3.04152152e-01,1.47609543e-01,1.38710974e+02,1.77193194e-01,-3.91103371e-01,1.98416220e+01,-1.32672068e-02,-4.04617803e-03,1.10014091e-01,3.01507455e-01,1.58231104e-01,-3.87662660e-03,2.64469658e-03,-1.06215612e-02
6.04000000e+02,1.58545347e+02,1.66834889e-01,-3.92477965e-01,1.06483641e-01,3.04867413e-01,1.47464410e-01,1.38697386e+02,1.79455367e-01,-3.89134562e-01,1.98479609e+01,-1.26204779e-02,-3.34340296e-03,1.10321244e-01,3.02311203e-01,1.57997751e-01,-3.83760278e-03,2.55621032e-03,-1.05333407e-02
6.05000000e+02,1.58566509e+02,1.63702524e-01,-3.94161851e-01,1.06358250e-01,3.06425425e-01,1.46750962e-01,1.38709131e+02,1.76927515e-01,-3.90281431e-01,1.98573778e+01,-1.32249905e-02,-3.88041988e-03,1.10230517e-01,3.03826271e-01,1.57320611e-01,-3.87226713e-03,2.59915319e-03,-1.05696484e-02
6.06000000e+02,1.58560349e+02,1.64218129e-01,-3.93874261e-01,1.06632616e-01,3.07895254e-01,1.46275337e-01,1.38696623e+02,1.76799903e-01,-3.90471907e-01,1.98637262e+01,-1.25817742e-02,-3.40235425e-03,1.10468537e-01,3.05356073e-01,1.56754926e-01,-3.83592155e-03,2.53918091e-03,-1.04795884e-02
6.07000000e+02,1.58583459e+02,1.62386025e-01,-4.03120618e-01,1.06426706e-01,3.10509659e-01,1.46078634e-01,1.38710279e+02,1.75521906e-01,-3.99166807e-01,1.98731796e+01,-1.31358811e-02,-3.95381102e-03,1.10297281e-01,3.07930767e-01,1.56586315e-01,-3.87057518e-03,2.57889215e-03,-1.05076810e-02
6.08000000e+02,1.58576312e+02,1.65557133e-01,-4.00050485e-01,1.06765858e-01,3.11187360e-01,1.45977017e-01,1.38696858e+02,1.78008249e-01,-3.96791866e-01,1.98794545e+01,-1.24511156e-02,-3.25861925e-03,1.10597002e-01,3.08698972e-01,1.56390018e-01,-3.83114398e-03,2.48838753e-03,-1.04130016e-02
6.09000000e+02,1.58597363e+02,1.62425779e-01,-4.02392470e-01,1.06632994e-01,3.12951053e-01,1.45127901e-01,1.38708592e+02,1.75483904e-01,-3.98600261e-01,1.98887704e+01,-1.30581249e-02,-3.79220878e-03,1.10498671e-01,3.10422442e-01,1.55577486e-01,-3.86567719e-03,2.52861153e-03,-1.04495851e-02
6.10000000e+02,1.58591412e+02,1.62952967e-01,-4.02785814e-01,1.06900284e-01,3.14630661e-01,1.44572285e-01,1.38696329e+02,1.75387615e-01,-3.99469695e-01,1.98950834e+01,-1.24346481e-02,-3.31611843e-03,1.10729370e-01,3.12161803e-01,1.54933843e-01,-3.82908566e-03,2.46885892e-03,-1.03615573e-02
6.11000000e+02,1.58614446e+02,1.60845755e-01,-4.11593556e-01,1.06673776e-01,3.17235704e-01,1.44205880e-01,1.38709996e+02,1.73824001e-01,-4.07742600e-01,1.99044496e+01,-1.29782459e-02,-3.85095675e-03,1.10537378e-01,3.14730628e-01,1.54591107e-01,-3.86360207e-03,2.50507685e-03,-1.03852270e-02
6.12000000e+02,1.58607323e+02,1.63960152e-01,-4.08509494e-01,1.07011771e-01,3.18091830e-01,1.44053011e-01,1.38696660e+02,1.76264890e-01,-4.05367109e-01,1.99106629e+01,-1.23047376e-02,-3.14238456e-03,1.10835234e-01,3.15683716e-01,1.54343219e-01,-3.82346321e-03,2.40811368e-03,-1.02902079e-02
6.13000000e+02,1.58628217e+02,1.60730937e-01,-4.10632950e-01,1.06888771e-01,3.19796151e-01,1.43334256e-01,1.38708274e+02,1.73650945e-01,-4.06966376e-01,1.99199427e+01,-1.29200079e-02,-3.66657403e-03,1.10745992e-01,3.17357793e-01,1.53661037e-01,-3.85722122e-03,2.43835798e-03,-1.03267802e-02
6.14000000e+02,1.58622408e+02,1.61202829e-01,-4.10847107e-01,1.07184738e-01,3.21279318e-01,1.42750620e-01,1.38696216e+02,1.73487349e-01,-4.07669802e-01,1.99261913e+01,-1.22845207e-02,-3.17730510e-03,1.11004769e-01,3.18911631e-01,1.52988526e-01,-3.82003181e-03,2.36768719e-03,-1.02379053e-02
6.15000000e+02,1.58645875e+02,1.58744424e-01,-4.19100421e-01,1.06981571e-01,3.23463380e-01,1.42127638e-01,1.38710374e+02,1.71562457e-01,-4.15392168e-01,1.99355007e+01,-1.28180329e-02,-3.70825323e-03,1.10835782e-01,3.21064807e-01,1.52386933e-01,-3.85421155e-03,2.39857344e-03,-1.02592944e-02
6.16000000e+02,1.58638521e+02,1.61912378e-01,-4.16189605e-01,1.07329524e-01,3.24330335e-01,1.41996180e-01,1.38696886e+02,1.74061570e-01,-4.13174074e-01,1.99416353e+01,-1.21491920e-02,-3.01553063e-03,1.11143730e-01,3.22025691e-01,1.52159229e-01,-3.81420561e-03,2.30464341e-03,-1.01630493e-02
6.17000000e+02,1.58659525e+02,1.58718663e-01,-4.18245676e-01,1.07192924e-01,3.25971825e-01,1.41028791e-01,1.38708684e+02,1.71458857e-01,-4.14705579e-01,1.99508401e+01,-1.27401946e-02,-3.54009684e-03,1.11040941e-01,3.23635125e-01,1.51220503e-01,-3.84801714e-03,2.33670051e-03,-1.01917115e-02
6.18000000e+02,1.58653633e+02,1.58989029e-01,-4.18833722e-01,1.07477517e-01,3.27513353e-01,1.40364507e-01,1.38696642e+02,1.71093805e-01,-4.15782232e-01,1.99569915e+01,-1.21047761e-02,-3.05149048e-03,1.11287977e-01,3.25245860e-01,1.50461114e-01,-3.81046062e-03,2.26749299e-03,-1.00966062e-02
6.19000000e+02,1.58677028e+02,1.56505278e-01,-4.26940875e-01,1.07269573e-01,3.29624367e-01,1.39651709e-01,1.38710832e+02,1.69151804e-01,-4.23374213e-01,1.99661951e+01,-1.26465267e-02,-3.56666210e-03,1.11113714e-01,3.27331178e-01,1.49766928e-01,-3.84414130e-03,2.29318930e-03,-1.01152193e-02
6.20000000e+02,1.58669854e+02,1.59141527e-01,-4.23016507e-01,1.07628829e-01,3.29847763e-01,1.39281149e-01,1.38697625e+02,1.71113531e-01,-4.20144691e-01,1.99722288e+01,-1.19720043e-02,-2.87181589e-03,1.11432520e-01,3.27653492e-01,1.49297332e-01,-3.80369067e-03,2.19427121e-03,-1.00161830e-02
6.21000000e+02,1.58690891e+02,1.55182882e-01,-4.24846722e-01,1.07512429e-01,3.31179981e-01,1.37953863e-01,1.38709576e+02,1.67755886e-01,-4.21447188e-01,1.99813146e+01,-1.25730038e-02,-3.39953453e-03,1.11349334e-01,3.28955701e-01,1.47997989e-01,-3.83690552e-03,2.22427994e-03,-1.00441262e-02
6.22000000e+02,1.58685422e+02,1.54858121e-01,-4.24955275e-01,1.07819020e-01,3.32501415e-01,1.36867649e-01,1.38698057e+02,1.66772787e-01,-4.22063892e-01,1.99873645e+01,-1.19146657e-02,-2.89138274e-03,1.11617996e-01,3.30348704e-01,1.46812898e-01,-3.79897601e-03,2.15271098e-03,-9.94524867e-03
6.23000000e+02,1.58709041e+02,1.51384432e-01,-4.32882844e-01,1.07605478e-01,3.34485988e-01,1.35493177e-01,1.38712564e+02,1.63831937e-01,-4.29461881e-01,1.99964778e+01,-1.24475052e-02,-3.42096276e-03,1.11438071e-01,3.32303676e-01,1.45450683e-01,-3.83259266e-03,2.18231198e-03,-9.95750582e-03
6.24000000e+02,1.58701878e+02,1.53760712e-01,-4.29325429e-01,1.07965550e-01,3.34928608e-01,1.34781343e-01,1.38699471e+02,1.65531556e-01,-4.26601844e-01,2.00024069e+01,-1.17708442e-02,-2.72358470e-03,1.11757560e-01,3.32844639e-01,1.44633333e-01,-3.79200946e-03,2.08396887e-03,-9.85199004e-03
6.25000000e+02,1.58723238e+02,1.49666897e-01,-4.31083841e-01,1.07851743e-01,3.36210811e-01,1.33533961e-01,1.38711818e+02,1.62024449e-01,-4.27838437e-01,2.00114192e+01,-1.23575521e-02,-3.24540360e-03,1.11676994e-01,3.34096926e-01,1.43405176e-01,-3.82525116e-03,2.11388521e-03,-9.87121524e-03
6.26000000e+02,1.58717957e+02,1.49935775e-01,-4.30957668e-01,1.08140815e-01,3.37457378e-01,1.32661332e-01,1.38700557e+02,1.61606615e-01,-4.28207436e-01,2.00173998e+01,-1.16708396e-02,-2.75023184e-03,1.11928384e-01,3.35413871e-01,1.42422820e-01,-3.78756912e-03,2.04350705e-03,-9.76148832e-03
6.27000000e+02,1.58741790e+02,1.46587641e-01,-4.38996771e-01,1.07886376e-01,3.39573974e-01,1.31406814e-01,1.38715360e+02,1.58797140e-01,-4.35726970e-01,2.00264301e+01,-1.22094989e-02,-3.26980182e-03,1.11707406e-01,3.37502484e-01,1.41175807e-01,-3.82102998e-03,2.07148999e-03,-9.76899257e-03
6.28000000e+02,1.58734954e+02,1.49143333e-01,-4.35890076e-01,1.08204888e-01,3.40250005e-01,1.31061251e-01,1.38702654e+02,1.60678833e-01,-4.33315233e-01,2.00322999e+01,-1.15355001e-02,-2.57484279e-03,1.11984924e-01,3.38277147e-01,1.40721425e-01,-3.78003647e-03,1.97285831e-03,-9.66017367e-03
6.29000000e+02,1.58756582e+02,1.45159512e-01,-4.37226965e-01,1.08029195e-01,3.41480013e-01,1.29647530e-01,1.38715354e+02,1.57260693e-01,-4.34134270e-01,2.00412281e+01,-1.21011817e-02,-3.09269465e-03,1.11842070e-01,3.39477144e-01,1.39320536e-01,-3.81287490e-03,2.00286904e-03,-9.67300588e-03
6.30000000e+02,1.58751479e+02,1.45250349e-01,-4.37351367e-01,1.08267710e-01,3.42859282e-01,1.28759329e-01,1.38704387e+02,1.56685998e-01,-4.34750100e-01,2.00470919e+01,-1.14356490e-02,-2.60126653e-03,1.12041784e-01,3.40929337e-01,1.38323763e-01,-3.77407365e-03,1.92994507e-03,-9.56443416e-03
6.31000000e+02,1.58775503e+02,1.42399059e-01,-4.45020302e-01,1.08012259e-01,3.44627117e-01,1.27803717e-01,1.38719482e+02,1.54362642e-01,-4.41896210e-01,2.00560208e+01,-1.19635831e-02,-3.12409268e-03,1.11818862e-01,3.42669224e-01,1.37372910e-01,-3.80660260e-03,1.95789251e-03,-9.56919283e-03
6.32000000e+02,1.58768716e+02,1.44861276e-01,-4.41841728e-01,1.08311377e-01,3.45113645e-01,1.27441811e-01,1.38706934e+02,1.56133745e-01,-4.39388903e-01,2.00617819e+01,-1.12724695e-02,-2.45282488e-03,1.12075993e-01,3.43251677e-01,1.36899981e-01,-3.76461565e-03,1.86196876e-03,-9.45816993e-03
6.33000000e+02,1.58790205e+02,1.41410304e-01,-4.43588680e-01,1.08144828e-01,3.46168709e-01,1.26375576e-01,1.38719607e+02,1.53252070e-01,-4.40613516e-01,2.00705974e+01,-1.18417666e-02,-2.97516334e-03,1.11941270e-01,3.44273485e-01,1.35847060e-01,-3.79644192e-03,1.89522454e-03,-9.47148438e-03
6.34000000e+02,1.58785222e+02,1.42248949e-01,-4.43628722e-01,1.08433075e-01,3.47600180e-01,1.25818725e-01,1.38708849e+02,1.53434044e-01,-4.41175633e-01,2.00763734e+01,-1.11850958e-02,-2.45308811e-03,1.12190098e-01,3.45777715e-01,1.35180095e-01,-3.75702314e-03,1.82246519e-03,-9.36136966e-03
6.35000000e+02,1.58809565e+02,1.39676178e-01,-4.51438181e-01,1.08203433e-01,3.49526737e-01,1.25107945e-01,1.38724356e+02,1.51380038e-01,-4.48456341e-01,2.00852087e+01,-1.17038599e-02,-2.98183926e-03,1.11992663e-01,3.47674236e-01,1.34469329e-01,-3.78922992e-03,1.85250036e-03,-9.36138382e-03
6.36000000e+02,1.58803161e+02,1.42784730e-01,-4.48153878e-01,1.08573732e-01,3.50110444e-01,1.25104454e-01,1.38712282e+02,1.53797910e-01,-4.45853313e-01,2.00908789e+01,-1.10131802e-02,-2.30056478e-03,1.12320243e-01,3.48354328e-01,1.34349398e-01,-3.74651101e-03,1.75611549e-03,-9.24494449e-03
6.37000000e+02,1.58825049e+02,1.39745402e-01,-4.49625639e-01,1.08489068e-01,3.51212841e-01,1.24450572e-01,1.38725446e+02,1.51321622e-01,-4.46811706e-01,2.00996030e+01,-1.15762205e-02,-2.81393235e-03,1.12266952e-01,3.49426142e-01,1.33707152e-01,-3.77788428e-03,1.78669960e-03,-9.25658009e-03
6.38000000e+02,1.58820150e+02,1.40743921e-01,-4.49006633e-01,1.08817783e-01,3.52133097e-01,1.23969019e-01,1.38714846e+02,1.51646968e-01,-4.46695312e-01,2.01053040e+01,-1.09030476e-02,-2.31132122e-03,1.12556002e-01,3.50417596e-01,1.33115147e-01,-3.73821900e-03,1.71550192e-03,-9.14612814e-03
6.39000000e+02,1.58844804e+02,1.38577496e-01,-4.57112249e-01,1.08667781e-01,3.54022678e-01,1.23412130e-01,1.38730744e+02,1.50022272e-01,-4.54261865e-01,2.01140594e+01,-1.14447762e-02,-2.85038425e-03,1.12437722e-01,3.52277799e-01,1.32567529e-01,-3.76994088e-03,1.74487931e-03,-9.15539911e-03
6.40000000e+02,1.58838677e+02,1.40814906e-01,-4.53958283e-01,1.09103638e-01,3.54451091e-01,1.22892304e-01,1.38719034e+02,1.51582180e-01,-4.51794871e-01,2.01196433e+01,-1.07672735e-02,-2.16341184e-03,1.12830938e-01,3.52804594e-01,1.31940559e-01,-3.72729951e-03,1.64649656e-03,-9.04825477e-03
6.41000000e+02,1.58860810e+02,1.36927609e-01,-4.54561860e-01,1.09039687e-01,3.55127332e-01,1.21536113e-01,1.38732519e+02,1.48269169e-01,-4.51894530e-01,2.01282918e+01,-1.13415595e-02,-2.66732920e-03,1.12798642e-01,3.53453732e-01,1.30602211e-01,-3.75895539e-03,1.67360040e-03,-9.06609742e-03
6.42000000e+02,1.58856216e+02,1.36907853e-01,-4.53665909e-01,1.09415705e-01,3.56006681e-01,1.20377459e-01,1.38722310e+02,1.47591897e-01,-4.51505383e-01,2.01339062e+01,-1.06840437e-02,-2.16052557e-03,1.13134823e-01,3.54408026e-01,1.29335705e-01,-3.71911726e-03,1.59865512e-03,-8.95824655e-03
6.43000000e+02,1.58881053e+02,1.33646971e-01,-4.60615511e-01,1.09300404e-01,3.57149948e-01,1.19187363e-01,1.38738482e+02,1.44854541e-01,-4.57924217e-01,2.01425709e+01,-1.12075702e-02,-2.69129393e-03,1.13051448e-01,3.55523634e-01,1.28148785e-01,-3.75104415e-03,1.62631320e-03,-8.96142172e-03
6.44000000e+02,1.58875379e+02,1.35486655e-01,-4.56951391e-01,1.09760562e-01,3.57075380e-01,1.18315043e-01,1.38727307e+02,1.46007802e-01,-4.54940706e-01,2.01480719e+01,-1.05211474e-02,-2.01068513e-03,1.13469281e-01,3.55544287e-01,1.27162662e-01,-3.70871853e-03,1.53109323e-03,-8.84761860e-03
6.45000000e+02,1.58897799e+02,1.31462417e-01,-4.57059203e-01,1.09737594e-01,3.57337563e-01,1.16938196e-01,1.38741176e+02,1.42551352e-01,-4.54536644e-01,2.01566237e+01,-1.10889350e-02,-2.52255915e-03,1.13478280e-01,3.55773503e-01,1.25798871e-01,-3.74068652e-03,1.56405980e-03,-8.86067462e-03
6.46000000e+02,1.58893654e+02,1.31243919e-01,-4.55407160e-01,1.10121492e-01,3.57768066e-01,1.15607373e-01,1.38731512e+02,1.41662941e-01,-4.53382367e-01,2.01621422e+01,-1.04190218e-02,-2.02479256e-03,1.13822887e-01,3.56269572e-01,1.24354841e-01,-3.70139461e-03,1.49849303e-03,-8.74746803e-03
6.47000000e+02,1.58918962e+02,1.27550079e-01,-4.62663860e-01,1.09982460e-01,3.59116606e-01,1.14242626e-01,1.38748251e+02,1.38498782e-01,-4.60091616e-01,2.01707104e+01,-1.09487029e-02,-2.57224411e-03,1.13716457e-01,3.57582463e-01,1.22992353e-01,-3.73399731e-03,1.53414329e-03,-8.74972719e-03
6.48000000e+02,1.58913664e+02,1.29246305e-01,-4.58699105e-01,1.10413694e-01,3.58966979e-01,1.13265491e-01,1.38737611e+02,1.39502045e-01,-4.56809828e-01,2.01760531e+01,-1.02557401e-02,-1.88927699e-03,1.14105524e-01,3.57526932e-01,1.21899000e-01,-3.69183032e-03,1.44004670e-03,-8.63350832e-03
6.49000000e+02,1.58936705e+02,1.25053828e-01,-4.59157449e-01,1.10369909e-01,3.59442113e-01,1.11570609e-01,1.38752240e+02,1.35861471e-01,-4.56754846e-01,2.01844644e+01,-1.08076429e-02,-2.40260273e-03,1.14094072e-01,3.57970013e-01,1.20212861e-01,-3.72416309e-03,1.47210029e-03,-8.64225199e-03
6.50000000e+02,1.58932926e+02,1.24796791e-01,-4.57779270e-01,1.10692330e-01,3.59870595e-01,1.10219666e-01,1.38743082e+02,1.34930012e-01,-4.55872179e-01,2.01898432e+01,-1.01332201e-02,-1.90709113e-03,1.14377340e-01,3.58468274e-01,1.18745125e-01,-3.68501027e-03,1.40232122e-03,-8.52545908e-03
6.51000000e+02,1.58958458e+02,1.21284582e-01,-4.65203948e-01,1.10516459e-01,3.61321967e-01,1.08847273e-01,1.38760164e+02,1.31941802e-01,-4.62770920e-01,2.01982932e+01,-1.06572194e-02,-2.43302752e-03,1.14233719e-01,3.59889738e-01,1.17371418e-01,-3.71725972e-03,1.43222961e-03,-8.52414516e-03
6.52000000e+02,1.58953076e+02,1.23146972e-01,-4.61343479e-01,1.10884956e-01,3.61141373e-01,1.07964352e-01,1.38749481e+02,1.33112195e-01,-4.59597431e-01,2.02035955e+01,-9.96522233e-03,-1.74604814e-03,1.14559666e-01,3.59802463e-01,1.16369705e-01,-3.67470930e-03,1.33891016e-03,-8.40535275e-03
6.53000000e+02,1.58976287e+02,1.18761738e-01,-4.61522553e-01,1.10740461e-01,3.61546657e-01,1.06297777e-01,1.38764320e+02,1.29286213e-01,-4.59255936e-01,2.02119664e+01,-1.05244759e-02,-2.26661640e-03,1.14447023e-01,3.60172922e-01,1.14710211e-01,-3.70656201e-03,1.37373505e-03,-8.41243402e-03
6.54000000e+02,1.58972932e+02,1.18507260e-01,-4.60431668e-01,1.10992936e-01,3.62239715e-01,1.04995970e-01,1.38755638e+02,1.28362478e-01,-4.58646383e-01,2.02172937e+01,-9.85521807e-03,-1.78528460e-03,1.14659749e-01,3.60930831e-01,1.13292467e-01,-3.66681297e-03,1.30888445e-03,-8.29649699e-03
6.55000000e+02,1.58998917e+02,1.15123560e-01,-4.67818399e-01,1.10688803e-01,3.63600989e-01,1.03784101e-01,1.38773235e+02,1.25496126e-01,-4.65499090e-01,2.02256824e+01,-1.03725660e-02,-2.31930877e-03,1.14387311e-01,3.62260028e-01,1.12075835e-01,-3.69850773e-03,1.34096069e-03,-8.29173348e-03
6.56000000e+02,1.58993985e+02,1.17701380e-01,-4.63743383e-01,1.10966099e-01,3.63312800e-01,1.03324599e-01,1.38763102e+02,1.27356634e-01,-4.62103514e-01,2.02308832e+01,-9.65525371e-03,-1.63986916e-03,1.14621532e-01,3.62064209e-01,1.11490177e-01,-3.65543323e-03,1.24859067e-03,-8.16557772e-03
6.57000000e+02,1.59017604e+02,1.13868426e-01,-4.64089299e-01,1.10753389e-01,3.63672876e-01,1.02192478e-01,1.38778470e+02,1.24093277e-01,-4.61938202e-01,2.02391347e+01,-1.02248516e-02,-2.15109738e-03,1.14439563e-01,3.62395159e-01,1.10364400e-01,-3.68617377e-03,1.27771639e-03,-8.17192201e-03
6.58000000e+02,1.59014282e+02,1.14370439e-01,-4.63021125e-01,1.10949363e-01,3.64200795e-01,1.01466922e-01,1.38769933e+02,1.23930444e-01,-4.61370348e-01,2.02443490e+01,-9.56000477e-03,-1.65077720e-03,1.14594522e-01,3.62992498e-01,1.09525977e-01,-3.64515835e-03,1.20829698e-03,-8.05905464e-03
6.59000000e+02,1.59040378e+02,1.11631148e-01,-4.69778169e-01,1.10644449e-01,3.65339807e-01,1.00654920e-01,1.38787777e+02,1.21713161e-01,-4.67607732e-01,2.02526008e+01,-1.00820134e-02,-2.17043619e-03,1.14319852e-01,3.64103577e-01,1.08713899e-01,-3.67540293e-03,1.23622971e-03,-8.05897905e-03
6.60000000e+02,1.59035696e+02,1.14379571e-01,-4.65710224e-01,1.10946216e-01,3.65100875e-01,1.00421870e-01,1.38778012e+02,1.23762007e-01,-4.64223390e-01,2.02576845e+01,-9.38243672e-03,-1.48683364e-03,1.14576807e-01,3.63960542e-01,1.08367077e-01,-3.63059085e-03,1.14033243e-03,-7.94520628e-03
6.61000000e+02,1.59059387e+02,1.11231750e-01,-4.65678517e-01,1.10779170e-01,3.65273314e-01,9.95064575e-02,1.38793570e+02,1.21175603e-01,-4.63674500e-01,2.02658171e+01,-9.94385260e-03,-2.00401704e-03,1.14439201e-01,3.64099781e-01,1.07460327e-01,-3.66003112e-03,1.17353300e-03,-7.95386956e-03
6.62000000e+02,1.59056342e+02,1.11890829e-01,-4.64365581e-01,1.11047309e-01,3.65680581e-01,9.89336485e-02,1.38785422e+02,1.21181175e-01,-4.62833199e-01,2.02709204e+01,-9.29034675e-03,-1.53238204e-03,1.14665454e-01,3.64568689e-01,1.06774310e-01,-3.61814537e-03,1.11189191e-03,-7.84066193e-03
6.63000000e+02,1.59082756e+02,1.09197135e-01,-4.71655798e-01,1.10845187e-01,3.66996730e-01,9.82328244e-02,1.38803679e+02,1.18993663e-01,-4.69587707e-01,2.02790769e+01,-9.79652815e-03,-2.06809176e-03,1.14492917e-01,3.65852497e-01,1.06070246e-01,-3.64772988e-03,1.14423263e-03,-7.83742183e-03
6.64000000e+02,1.59078510e+02,1.12684782e-01,-4.67494982e-01,1.11239271e-01,3.66662901e-01,9.83321070e-02,1.38794475e+02,1.21774313e-01,-4.66129051e-01,2.02840344e+01,-9.08953128e-03,-1.36593159e-03,1.14841973e-01,3.65615927e-01,1.06053996e-01,-3.60270189e-03,1.04697398e-03,-7.72188853e-03
6.65000000e+02,1.59102773e+02,1.09680354e-01,-4.67141716e-01,1.11145294e-01,3.66604223e-01,9.74905386e-02,1.38810711e+02,1.19343378e-01,-4.65266218e-01,2.02920627e+01,-9.66302406e-03,-1.87549820e-03,1.14777352e-01,3.65528124e-01,1.05225224e-01,-3.63205789e-03,1.07609962e-03,-7.73468586e-03
6.66000000e+02,1.59100314e+02,1.10437246e-01,-4.65714979e-01,1.11499172e-01,3.66998975e-01,9.69530008e-02,1.38803261e+02,1.19459357e-01,-4.64318676e-01,2.02970534e+01,-9.02211099e-03,-1.39630349e-03,1.15089197e-01,3.65991429e-01,1.04580772e-01,-3.59002486e-03,1.00754563e-03,-7.62777113e-03
6.67000000e+02,1.59127412e+02,1.07706548e-01,-4.72409614e-01,1.11365221e-01,3.68016537e-01,9.62481539e-02,1.38822314e+02,1.17243101e-01,-4.70498955e-01,2.03050981e+01,-9.53655270e-03,-1.91065884e-03,1.14985035e-01,3.66983118e-01,1.03879113e-01,-3.61981400e-03,1.03341949e-03,-7.63095937e-03
6.68000000e+02,1.59123811e+02,1.10377731e-01,-4.67659997e-01,1.11818160e-01,3.67307107e-01,9.59225088e-02,1.38813827e+02,1.19218580e-01,-4.66439789e-01,2.03099834e+01,-8.84084925e-03,-1.22020883e-03,1.15393451e-01,3.66368397e-01,1.03441194e-01,-3.57529073e-03,9.38709791e-04,-7.51868541e-03
6.69000000e+02,1.59148551e+02,1.06283654e-01,-4.67445149e-01,1.11818491e-01,3.67292053e-01,9.45487020e-02,1.38830647e+02,1.15708634e-01,-4.65698895e-01,2.03179042e+01,-9.42497979e-03,-1.74625468e-03,1.15423803e-01,3.66319182e-01,1.02081502e-01,-3.60531221e-03,9.72870745e-04,-7.53280020e-03
6.70000000e+02,1.59146700e+02,1.06378382e-01,-4.66334227e-01,1.12217678e-01,3.67641929e-01,9.37004341e-02,1.38823900e+02,1.15142057e-01,-4.65047389e-01,2.03227997e+01,-8.76367542e-03,-1.28683825e-03,1.15781655e-01,3.66729138e-01,1.01124030e-01,-3.56397719e-03,9.12791134e-04,-7.42359563e-03
6.71000000e+02,1.59174443e+02,1.03080220e-01,-4.73267171e-01,1.12126716e-01,3.68803403e-01,9.24629024e-02,1.38843702e+02,1.12361944e-01,-4.71469963e-01,2.03307408e+01,-9.28172382e-03,-1.79720821e-03,1.15721547e-01,3.67862220e-01,9.98877622e-02,-3.59483039e-03,9.41182970e-04,-7.42485981e-03
6.72000000e+02,1.59171518e+02,1.05626865e-01,-4.69029889e-01,1.12588240e-01,3.68555130e-01,9.18418579e-02,1.38836018e+02,1.14213310e-01,-4.67928046e-01,2.03355000e+01,-8.58644519e-03,-1.10184289e-03,1.16139447e-01,3.67709108e-01,9.91564191e-02,-3.55120725e-03,8.46022047e-04,-7.31456120e-03
6.73000000e+02,1.59197136e+02,1.01542549e-01,-4.69346003e-01,1.12537511e-01,3.68659130e-01,9.04040748e-02,1.38853818e+02,1.10704041e-01,-4.67709228e-01,2.03433178e+01,-9.16149160e-03,-1.63677503e-03,1.16119612e-01,3.67779656e-01,9.77313386e-02,-3.58210149e-03,8.79473580e-04,-7.32726375e-03
6.74000000e+02,1.59195838e+02,1.01220827e-01,-4.68399251e-01,1.12873206e-01,3.69083034e-01,8.92395921e-02,1.38847756e+02,1.09717550e-01,-4.67256618e-01,2.03480818e+01,-8.49672262e-03,-1.14263326e-03,1.16414999e-01,3.68273061e-01,9.64556041e-02,-3.54179312e-03,8.09972844e-04,-7.21601200e-03
6.75000000e+02,1.59223838e+02,9.79806925e-02,-4.74731436e-01,1.12661626e-01,3.69932111e-01,8.80409908e-02,1.38867937e+02,1.06989123e-01,-4.73090287e-01,2.03559014e+01,-9.00843094e-03,-1.64114949e-03,1.16234618e-01,3.69099476e-01,9.52555450e-02,-3.57299168e-03,8.32634656e-04,-7.21455417e-03
6.76000000e+02,1.59221042e+02,1.00654804e-01,-4.69962121e-01,1.13004966e-01,3.69372412e-01,8.75892413e-02,1.38860501e+02,1.08969937e-01,-4.69003378e-01,2.03605408e+01,-8.31513280e-03,-9.58742840e-04,1.16534314e-01,3.68633041e-01,9.46898104e-02,-3.52934878e-03,7.39371038e-04,-7.10056904e-03
6.77000000e+02,1.59246863e+02,9.63767784e-02,-4.69763444e-01,1.12817500e-01,3.69374054e-01,8.60193025e-02,1.38878607e+02,1.05269235e-01,-4.68275662e-01,2.03682552e+01,-8.89245641e-03,-1.48778240e-03,1.16377468e-01,3.68599925e-01,9.31294324e-02,-3.55996755e-03,7.74129140e-04,-7.11012983e-03
6.78000000e+02,1.59245975e+02,9.60711117e-02,-4.68581188e-01,1.13031870e-01,3.69720809e-01,8.49626766e-02,1.38873064e+02,1.04293906e-01,-4.67573074e-01,2.03729104e+01,-8.22279442e-03,-1.00811387e-03,1.16550631e-01,3.69008191e-01,9.19563341e-02,-3.51876079e-03,7.12618168e-04,-6.99365753e-03
6.79000000e+02,1.59274407e+02,9.32537576e-02,-4.75216298e-01,1.12704558e-01,3.70670717e-01,8.40857842e-02,1.38893784e+02,1.01975435e-01,-4.73685124e-01,2.03806227e+01,-8.72167759e-03,-1.53117328e-03,1.16253344e-01,3.69927552e-01,9.10724960e-02,-3.54878608e-03,7.43164958e-04,-6.98671183e-03
6.80000000e+02,1.59272038e+02,9.54966592e-02,-4.70457060e-01,1.12954154e-01,3.70161592e-01,8.34805498e-02,1.38886918e+02,1.03514680e-01,-4.69600759e-01,2.03851194e+01,-8.01802034e-03,-8.56301021e-04,1.16458181e-01,3.69513724e-01,9.03487105e-02,-3.50402752e-03,6.47867564e-04,-6.86816073e-03
6.81000000e+02,1.59298250e+02,9.17841613e-02,-4.70682468e-01,1.12714812e-01,3.70203085e-01,8.23045715e-02,1.38905622e+02,1.00375933e-01,-4.69308954e-01,2.03926285e+01,-8.59177211e-03,-1.37351433e-03,1.16248262e-01,3.69523298e-01,8.91811332e-02,-3.53344922e-03,6.79786749e-04,-6.87656167e-03
6.82000000e+02,1.59297422e+02,9.26644472e-02,-4.69283465e-01,1.12890415e-01,3.70363141e-01,8.19367818e-02,1.38900311e+02,1.00590147e-01,-4.68412422e-01,2.03971111e+01,-7.92569950e-03,-8.71042988e-04,1.16381393e-01,3.69752768e-01,8.87036816e-02,-3.49097822e-03,6.10373305e-04,-6.76689987e-03
6.83000000e+02,1.59325911e+02,9.00296970e-02,-4.76142803e-01,1.12536851e-01,3.71440133e-01,8.12917876e-02,1.38921284e+02,9.84762759e-02,-4.74739153e-01,2.04046265e+01,-8.44657899e-03,-1.40365046e-03,1.16056892e-01,3.70796559e-01,8.80586740e-02,-3.52004123e-03,6.43574499e-04,-6.76688634e-03
6.84000000e+02,1.59323576e+02,9.37374293e-02,-4.71015652e-01,1.12773979e-01,3.70807409e-01,8.14886600e-02,1.38914576e+02,1.01483521e-01,-4.70304461e-01,2.04090000e+01,-7.74609151e-03,-7.11190872e-04,1.16248126e-01,3.70259760e-01,8.81400380e-02,-3.47414704e-03,5.47649654e-04,-6.65137807e-03
6.85000000e+02,1.59350087e+02,9.08424256e-02,-4.71186065e-01,1.12533450e-01,3.70906291e-01,8.08824745e-02,1.38933696e+02,9.91573484e-02,-4.69927564e-01,2.04163912e+01,-8.31492273e-03,-1.25850051e-03,1.16035842e-01,3.70319722e-01,8.75422010e-02,-3.50239201e-03,5.86569156e-04,-6.65972643e-03
6.86000000e+02,1.59349595e+02,9.19883756e-02,-4.70006957e-01,1.12749168e-01,3.71159925e-01,8.07674980e-02,1.38928782e+02,9.96372994e-02,-4.69236905e-01,2.04208133e+01,-7.64892376e-03,-7.70051747e-04,1.16208307e-01,3.70639373e-01,8.73156754e-02,-3.45913902e-03,5.20552435e-04,-6.54817742e-03
6.87000000e+02,1.59378739e+02,8.96709966e-02,-4.76747107e-01,1.12462687e-01,3.72102042e-01,8.03911339e-02,1.38950468e+02,9.78364061e-02,-4.75460253e-01,2.04282715e+01,-8.16540950e-03,-1.28685486e-03,1.15950325e-01,3.71552203e-01,8.69393220e-02,-3.48763794e-03,5.49839483e-04,-6.54818809e-03
6.88000000e+02,1.59377177e+02,9.33630858e-02,-4.71793791e-01,1.12762661e-01,3.71509302e-01,8.08607371e-02,1.38944636e+02,1.00839246e-01,-4.71206939e-01,2.04325418e+01,-7.47616061e-03,-5.86852610e-04,1.16203931e-01,3.71057896e-01,8.73003079e-02,-3.44126918e-03,4.51405285e-04,-6.43957087e-03
6.89000000e+02,1.59404116e+02,9.10468285e-02,-4.71734362e-01,1.12607332e-01,3.71577562e-01,8.03980045e-02,1.38964224e+02,9.90839119e-02,-4.70612523e-01,2.04398923e+01,-8.03708335e-03,-1.12183905e-03,1.16076752e-01,3.71090681e-01,8.68501846e-02,-3.46941929e-03,4.86880798e-04,-6.45218008e-03
6.90000000e+02,1.59404369e+02,9.26775354e-02,-4.70562047e-01,1.12924320e-01,3.71936184e-01,8.03968890e-02,1.38960176e+02,1.00074622e-01,-4.69927569e-01,2.04441934e+01,-7.39708652e-03,-6.34477459e-04,1.16350381e-01,3.71517409e-01,8.67452002e-02,-3.42606071e-03,4.18775393e-04,-6.34831125e-03
6.91000000e+02,1.59433880e+02,9.02637869e-02,-4.77285672e-01,1.12744196e-01,3.72753396e-01,7.99709026e-02,1.38982331e+02,9.81933694e-02,-4.76126480e-01,2.04515493e+01,-7.92958241e-03,-1.15919252e-03,1.16198639e-01,3.72303824e-01,8.63272463e-02,-3.45444282e-03,4.49571645e-04,-6.35634367e-03
6.92000000e+02,1.59432589e+02,9.32510186e-02,-4.72348338e-01,1.13158651e-01,3.72068126e-01,8.00671269e-02,1.38976849e+02,1.00494484e-01,-4.71883129e-01,2.04557401e+01,-7.24346534e-03,-4.65209468e-04,1.16566937e-01,3.71716860e-01,8.63187148e-02,-3.40828620e-03,3.51265349e-04,-6.25158792e-03
6.93000000e+02,1.59459866e+02,8.96007582e-02,-4.71930283e-01,1.13104373e-01,3.71913532e-01,7.91095928e-02,1.38996848e+02,9.74301292e-02,-4.70956210e-01,2.04630181e+01,-7.82937103e-03,-9.74072721e-04,1.16541057e-01,3.71533980e-01,8.53802330e-02,-3.43668401e-03,3.79551859e-04,-6.27064020e-03
6.94000000e+02,1.59460496e+02,8.97476831e-02,-4.69977010e-01,1.13506987e-01,3.71724586e-01,7.81135361e-02,1.38993262e+02,9.69124410e-02,-4.69471664e-01,2.04672332e+01,-7.16475790e-03,-5.05345828e-04,1.16900800e-01,3.71409267e-01,8.42798414e-02,-3.39381342e-03,3.15319738e-04,-6.16630535e-03
6.95000000e+02,1.59490487e+02,8.66830353e-02,-4.76455977e-01,1.13396491e-01,3.72356779e-01,7.70642959e-02,1.39015973e+02,9.43844338e-02,-4.75424271e-01,2.04745135e+01,-7.70139844e-03,-1.03170581e-03,1.16819604e-01,3.72010439e-01,8.32393807e-02,-3.42311292e-03,3.46339679e-04,-6.17508488e-03
6.96000000e+02,1.59489821e+02,8.94043065e-02,-4.71322046e-01,1.13879301e-01,3.71439209e-01,7.66638168e-02,1.39011217e+02,9.64072432e-02,-4.70993213e-01,2.04786035e+01,-7.00293672e-03,-3.28833310e-04,1.17257363e-01,3.71187723e-01,8.27286977e-02,-3.37806139e-03,2.51486222e-04,-6.06488092e-03
6.97000000e+02,1.59517845e+02,8.53964247e-02,-4.70625292e-01,1.13858764e-01,3.71055824e-01,7.53715406e-02,1.39032055e+02,9.29882054e-02,-4.69762809e-01,2.04857904e+01,-7.59178063e-03,-8.62483207e-04,1.17266280e-01,3.70767255e-01,8.14546861e-02,-3.40751637e-03,2.88568223e-04,-6.08314553e-03
6.98000000e+02,1.59519129e+02,8.55698676e-02,-4.69283017e-01,1.14228352e-01,3.71231652e-01,7.44433707e-02,1.39029207e+02,9.24961639e-02,-4.68894526e-01,2.04899225e+01,-6.92629630e-03,-3.88491886e-04,1.17594014e-01,3.71004487e-01,8.04192009e-02,-3.36566161e-03,2.27165069e-04,-5.97583017e-03
6.99000000e+02,1.59549635e+02,8.22104301e-02,-4.75701630e-01,1.14068227e-01,3.71894537e-01,7.32246697e-02,1.39052549e+02,8.96565505e-02,-4.74792225e-01,2.04970851e+01,-7.44612045e-03,-9.09404775e-04,1.17464010e-01,3.71635762e-01,7.92042552e-02,-3.39578361e-03,2.58774513e-04,-5.97958545e-03
7.00000000e+02,1.59549522e+02,8.39537182e-02,-4.71102488e-01,1.14473575e-01,3.71275791e-01,7.23489200e-02,1.39048457e+02,9.07134675e-02,-4.70878798e-01,2.05010657e+01,-6.75974928e-03,-2.23689735e-04,1.17824398e-01,3.71108273e-01,7.82171904e-02,-3.35082374e-03,1.67518586e-04,-5.86827046e-03
7.01000000e+02,1.59577852e+02,7.96619228e-02,-4.70342140e-01,1.14383289e-01,3.71133467e-01,7.07723220e-02,1.39069745e+02,8.69929023e-02,-4.69603242e-01,2.05081074e+01,-7.33097946e-03,-7.38897831e-04,1.17764088e-01,3.70931672e-01,7.66498617e-02,-3.38079961e-03,2.01795001e-04,-5.87753963e-03
7.02000000e+02,1.59579426e+02,8.01459475e-02,-4.68887876e-01,1.14672680e-01,3.71351555e-01,7.00523408e-02,1.39067323e+02,8.68126360e-02,-4.68619140e-01,2.05121035e+01,-6.66668853e-03,-2.68735622e-04,1.18011655e-01,3.71210497e-01,7.58189949e-02,-3.33897494e-03,1.41057782e-04,-5.76665413e-03
7.03000000e+02,1.59610382e+02,7.70926166e-02,-4.75622060e-01,1.14403522e-01,3.72046067e-01,6.91284005e-02,1.39091226e+02,8.42772655e-02,-4.74813802e-01,2.05191559e+01,-7.18464896e-03,-8.08257372e-04,1.17772475e-01,3.71870078e-01,7.48973292e-02,-3.36895369e-03,1.75988693e-04,-5.76892872e-03
7.04000000e+02,1.59610305e+02,7.90758087e-02,-4.71164515e-01,1.14688905e-01,3.71525741e-01,6.84745942e-02,1.39087332e+02,8.55707440e-02,-4.71041247e-01,2.05229730e+01,-6.49493526e-03,-1.23268063e-04,1.18013035e-01,3.71442882e-01,7.41305272e-02,-3.32413073e-03,8.28582496e-05,-5.65593302e-03
7.05000000e+02,1.59638842e+02,7.55742871e-02,-4.71356463e-01,1.14494945e-01,3.71642795e-01,6.74645014e-02,1.39108940e+02,8.26270605e-02,-4.70707965e-01,2.05299022e+01,-7.05277347e-03,-6.48498123e-04,1.17848447e-01,3.71522749e-01,7.31295011e-02,-3.35350153e-03,1.20046134e-04,-5.66499975e-03
7.06000000e+02,1.59640638e+02,7.63217852e-02,-4.69959450e-01,1.14682827e-01,3.71939408e-01,6.69847657e-02,1.39106867e+02,8.27165125e-02,-4.69805211e-01,2.05337705e+01,-6.39472730e-03,-1.54238759e-04,1.17993849e-01,3.71884951e-01,7.25417873e-02,-3.31102191e-03,5.44571400e-05,-5.55702165e-03
7.07000000e+02,1.59671556e+02,7.38058502e-02,-4.76506204e-01,1.14332249e-01,3.72706757e-01,6.65526644e-02,1.39130872e+02,8.07350349e-02,-4.75831860e-01,2.05406840e+01,-6.92918465e-03,-6.74343823e-04,1.17672540e-01,3.72621131e-01,7.21159443e-02,-3.34029095e-03,8.56251908e-05,-5.56327988e-03
7.08000000e+02,1.59671855e+02,7.68913285e-02,-4.71724804e-01,1.14569960e-01,3.72149685e-01,6.66784207e-02,1.39127436e+02,8.31351371e-02,-4.71737476e-01,2.05444192e+01,-6.24380859e-03,1.26716960e-05,1.17864268e-01,3.72159805e-01,7.21344685e-02,-3.29430857e-03,-1.01200915e-05,-5.45604780e-03
7.09000000e+02,1.59700736e+02,7.42518089e-02,-4.71333437e-01,1.14301727e-01,3.72081122e-01,6.62898944e-02,1.39149493e+02,8.10686053e-02,-4.70816459e-01,2.05512425e+01,-6.81679648e-03,-5.16978100e-04,1.17623841e-01,3.72055948e-01,7.17653684e-02,-3.32211472e-03,2.51740807e-05,-5.47547397e-03
7.10000000e+02,1.59702775e+02,7.59693315e-02,-4.70192740e-01,1.14487075e-01,3.72485040e-01,6.64560128e-02,1.39147765e+02,8.21242310e-02,-4.70154031e-01,2.05550101e+01,-6.15489951e-03,-3.87089401e-05,1.17765490e-01,3.72524599e-01,7.18297239e-02,-3.27841536e-03,-3.95590860e-05,-5.37371104e-03
7.11000000e+02,1.59734009e+02,7.43750971e-02,-4.76762920e-01,1.14183837e-01,3.73225827e-01,6.64277393e-02,1.39172180e+02,8.10675523e-02,-4.76190146e-01,2.05618298e+01,-6.69245519e-03,-5.72773874e-04,1.17490352e-01,3.73233075e-01,7.18106517e-02,-3.30651493e-03,-7.24735639e-06,-5.38291242e-03
7.12000000e+02,1.59734665e+02,7.79046007e-02,-4.71979659e-01,1.14470751e-01,3.72437196e-01,6.67266987e-02,1.39169199e+02,8.39078084e-02,-4.72100176e-01,2.05654664e+01,-6.00320769e-03,1.20517483e-04,1.17730396e-01,3.72537701e-01,7.20056945e-02,-3.25964494e-03,-1.00505393e-04,-5.27899580e-03
7.13000000e+02,1.59763667e+02,7.51355587e-02,-4.71755726e-01,1.14310238e-01,3.72363576e-01,6.62430502e-02,1.39191503e+02,8.17203947e-02,-4.71354675e-01,2.05721643e+01,-6.58483597e-03,-4.01051097e-04,1.17597502e-01,3.72433497e-01,7.15459132e-02,-3.28726415e-03,-6.99205819e-05,-5.30286306e-03
7.14000000e+02,1.59766048e+02,7.69300939e-02,-4.70071481e-01,1.14571381e-01,3.72443242e-01,6.62805008e-02,1.39190221e+02,8.28751299e-02,-4.70156957e-01,2.05758266e+01,-5.94503597e-03,8.54757027e-05,1.17814525e-01,3.72579871e-01,7.14902197e-02,-3.24314411e-03,-1.36629389e-04,-5.20971887e-03
7.15000000e+02,1.59797557e+02,7.48324798e-02,-4.75936870e-01,1.14360709e-01,3.72871918e-01,6.59771796e-02,1.39215004e+02,8.13286517e-02,-4.75508555e-01,2.05825536e+01,-6.49617185e-03,-4.28315069e-04,1.17631540e-01,3.72979013e-01,7.12073870e-02,-3.27083166e-03,-1.07095452e-04,-5.23020737e-03
7.16000000e+02,1.59798181e+02,7.75897194e-02,-4.70957949e-01,1.14745393e-01,3.72022692e-01,6.59801850e-02,1.39212085e+02,8.34269960e-02,-4.71204851e-01,2.05860960e+01,-5.83727667e-03,2.46901811e-04,1.17969405e-01,3.72221946e-01,7.11158907e-02,-3.22401234e-03,-1.99254557e-04,-5.13570571e-03
7.17000000e+02,1.59827776e+02,7.46384518e-02,-4.70583133e-01,1.14703733e-01,3.71804757e-01,6.53349941e-02,1.39235050e+02,8.10530532e-02,-4.70307485e-01,2.05927257e+01,-6.41460142e-03,-2.75647680e-04,1.17955500e-01,3.71972108e-01,7.04951012e-02,-3.25176672e-03,-1.67350518e-04,-5.16010703e-03
7.18000000e+02,1.59830446e+02,7.54146574e-02,-4.68897129e-01,1.15079141e-01,3.71735047e-01,6.49187303e-02,1.39234143e+02,8.11866797e-02,-4.69098298e-01,2.05963033e+01,-5.77202231e-03,2.01169474e-04,1.18287351e-01,3.71964268e-01,6.99826459e-02,-3.20820997e-03,-2.29220572e-04,-5.06391558e-03
7.19000000e+02,1.59862152e+02,7.27884397e-02,-4.75114496e-01,1.14966280e-01,3.72454230e-01,6.42713963e-02,1.39259218e+02,7.90950482e-02,-4.74794951e-01,2.06029346e+01,-6.30660854e-03,-3.19545397e-04,1.18203276e-01,3.72653940e-01,6.93481411e-02,-3.23699667e-03,-1.99710005e-04,-5.07674478e-03
7.20000000e+02,1.59863490e+02,7.58182195e-02,-4.70177712e-01,1.15431022e-01,3.71536985e-01,6.41216971e-02,1.39257106e+02,8.14317058e-02,-4.70546079e-01,2.06063845e+01,-5.61348636e-03,3.68366991e-04,1.18622306e-01,3.71830341e-01,6.90936519e-02,-3.19128336e-03,-2.93356449e-04,-4.97195476e-03
7.21000000e+02,1.59893320e+02,7.20960232e-02,-4.69370508e-01,1.15438135e-01,3.71111493e-01,6.30443745e-02,1.39280398e+02,7.83105039e-02,-4.69226019e-01,2.06129215e+01,-6.21448070e-03,-1.44488942e-04,1.18658341e-01,3.71374182e-01,6.80422436e-02,-3.22020640e-03,-2.62688611e-04,-4.99786913e-03
7.22000000e+02,1.59896443e+02,7.23403481e-02,-4.67858913e-01,1.15844694e-01,3.71134126e-01,6.23106592e-02,1.39280043e+02,7.79026475e-02,-4.68183509e-01,2.06163993e+01,-5.56229938e-03,3.24596041e-04,1.19022770e-01,3.71459912e-01,6.72110255e-02,-3.17807542e-03,-3.25786573e-04,-4.90036623e-03
7.23000000e+02,1.59928879e+02,6.93736083e-02,-4.73935073e-01,1.15736505e-01,3.71628435e-01,6.14126934e-02,1.39305945e+02,7.54747206e-02,-4.73743569e-01,2.06229338e+01,-6.10111233e-03,-1.91504231e-04,1.18944811e-01,3.71924832e-01,6.63267954e-02,-3.20830626e-03,-2.96396410e-04,-4.91410195e-03
7.24000000e+02,1.59930602e+02,7.17238700e-02,-4.68784070e-01,1.16177382e-01,3.70736356e-01,6.08476792e-02,1.39304330e+02,7.71519217e-02,-4.69283412e-01,2.06262727e+01,-5.42805172e-03,4.99342019e-04,1.19341343e-01,3.71122853e-01,6.56616459e-02,-3.16396117e-03,-3.86497690e-04,-4.81396672e-03
7.25000000e+02,1.59960797e+02,6.82135831e-02,-4.68306632e-01,1.16104308e-01,3.70471664e-01,5.97991037e-02,1.39328113e+02,7.42119944e-02,-4.68265627e-01,2.06326845e+01,-5.99841132e-03,-4.10054368e-05,1.19298784e-01,3.70821758e-01,6.46357784e-02,-3.19447576e-03,-3.50093715e-04,-4.83667473e-03
7.26000000e+02,1.59964353e+02,6.88106900e-02,-4.66795622e-01,1.16398054e-01,3.70549393e-01,5.91586519e-02,1.39328335e+02,7.41797764e-02,-4.67233087e-01,2.06360183e+01,-5.36908637e-03,4.37465014e-04,1.19551423e-01,3.70963021e-01,6.39000365e-02,-3.15336837e-03,-4.13627758e-04,-4.74138461e-03
7.27000000e+02,1.59997160e+02,6.52749073e-02,-4.72753394e-01,1.16151505e-01,3.70938979e-01,5.80565523e-02,1.39354743e+02,7.11819805e-02,-4.72678681e-01,2.06424177e+01,-5.90707322e-03,-7.47130271e-05,1.19335322e-01,3.71321873e-01,6.28121944e-02,-3.18381668e-03,-3.82893923e-04,-4.75564208e-03
7.28000000e+02,1.59998783e+02,6.78501120e-02,-4.68165509e-01,1.16439223e-01,3.70333125e-01,5.77757479e-02,1.39353165e+02,7.30555108e-02,-4.68758807e-01,2.06456178e+01,-5.20539885e-03,5.93298110e-04,1.19578266e-01,3.70805516e-01,6.24248253e-02,-3.13904359e-03,-4.72391415e-04,-4.64907748e-03
7.29000000e+02,1.60029025e+02,6.39658205e-02,-4.68097021e-01,1.16223775e-01,3.70255026e-01,5.65408016e-02,1.39377143e+02,6.97634492e-02,-4.68151968e-01,2.06518814e+01,-5.79762877e-03,5.49470786e-05,1.19392247e-01,3.70690475e-01,6.12127790e-02,-3.16847175e-03,-4.35449464e-04,-4.67197743e-03
7.30000000e+02,1.60032437e+02,6.37469599e-02,-4.66777054e-01,1.16408667e-01,3.70321971e-01,5.55067155e-02,1.39377349e+02,6.88969541e-02,-4.67332214e-01,2.06550885e+01,-5.14999411e-03,5.55159699e-04,1.19534863e-01,3.70819732e-01,6.00821740e-02,-3.12619567e-03,-4.97761176e-04,-4.57545852e-03
7.31000000e+02,1.60065073e+02,6.04217011e-02,-4.73131134e-01,1.16044297e-01,3.71112501e-01,5.44274067e-02,1.39403700e+02,6.61072603e-02,-4.73156367e-01,2.06613734e+01,-5.68555928e-03,2.52334017e-05,1.19199849e-01,3.71576562e-01,5.90160288e-02,-3.15555155e-03,-4.64060348e-04,-4.58862207e-03
7.32000000e+02,1.60066682e+02,6.33178717e-02,-4.67896996e-01,1.16243018e-01,3.70343763e-01,5.43371287e-02,1.39402231e+02,6.83243027e-02,-4.68609062e-01,2.06644518e+01,-5.00643101e-03,7.12066069e-04,1.19352410e-01,3.70900074e-01,5.88208074e-02,-3.10939213e-03,-5.56311013e-04,-4.48367876e-03
7.33000000e+02,1.60096885e+02,5.99674467e-02,-4.67346201e-01,1.15993516e-01,3.69954509e-01,5.33957891e-02,1.39426249e+02,6.55482944e-02,-4.67519047e-01,2.06706357e+01,-5.58084772e-03,1.72845508e-04,1.19131040e-01,3.70474241e-01,5.79003551e-02,-3.13752388e-03,-5.19732447e-04,-4.50456600e-03
7.34000000e+02,1.60100117e+02,6.14013846e-02,-4.66229602e-01,1.16104432e-01,3.70185881e-01,5.33769800e-02,1.39426368e+02,6.63263839e-02,-4.66898380e-01,2.06737494e+01,-4.92499935e-03,6.68778222e-04,1.19198665e-01,3.70772080e-01,5.77820886e-02,-3.09423234e-03,-5.86198911e-04,-4.40510861e-03
7.35000000e+02,1.60133160e+02,5.93814067e-02,-4.72095428e-01,1.15723439e-01,3.70605193e-01,5.31943986e-02,1.39453245e+02,6.48538443e-02,-4.72235620e-01,2.06799147e+01,-5.47243762e-03,1.40191644e-04,1.18846175e-01,3.71158884e-01,5.76153638e-02,-3.12273551e-03,-5.53691189e-04,-4.42096515e-03
7.36000000e+02,1.60134993e+02,6.30084417e-02,-4.67001235e-01,1.15918481e-01,3.69864453e-01,5.37228077e-02,1.39452103e+02,6.78078511e-02,-4.67818347e-01,2.06828900e+01,-4.79940948e-03,8.17112543e-04,1.18994400e-01,3.70507437e-01,5.80458606e-02,-3.07591926e-03,-6.42983386e-04,-4.32305297e-03
7.37000000e+02,1.60165291e+02,6.02476666e-02,-4.66576735e-01,1.15663330e-01,3.69561384e-01,5.33750461e-02,1.39476307e+02,6.56367359e-02,-4.66859370e-01,2.06889840e+01,-5.38906936e-03,2.82634351e-04,1.18767178e-01,3.70167779e-01,5.77271357e-02,-3.10384755e-03,-6.06395051e-04,-4.35208963e-03
7.38000000e+02,1.60168877e+02,6.24761691e-02,-4.65194359e-01,1.15831413e-01,3.69622399e-01,5.36945086e-02,1.39476842e+02,6.72113141e-02,-4.65955682e-01,2.06920341e+01,-4.73514505e-03,7.61322792e-04,1.18891452e-01,3.70289860e-01,5.79538787e-02,-3.06003909e-03,-6.67461110e-04,-4.25937010e-03
7.39000000e+02,1.60202176e+02,6.05370327e-02,-4.71065886e-01,1.15516207e-01,3.70166758e-01,5.34691392e-02,1.39504113e+02,6.58306689e-02,-4.71301578e-01,2.06980630e+01,-5.29363618e-03,2.35692908e-04,1.18604116e-01,3.70798595e-01,5.77509213e-02,-3.08790852e-03,-6.31837050e-04,-4.28178209e-03
7.40000000e+02,1.60204198e+02,6.38292727e-02,-4.66234577e-01,1.15799216e-01,3.69515319e-01,5.39036529e-02,1.39503268e+02,6.84658007e-02,-4.67151597e-01,2.07009295e+01,-4.63652804e-03,9.17020004e-04,1.18840036e-01,3.70240410e-01,5.80926475e-02,-3.04081982e-03,-7.25090968e-04,-4.18899462e-03
7.41000000e+02,1.60234721e+02,6.08681173e-02,-4.65812975e-01,1.15646457e-01,3.69250962e-01,5.34132834e-02,1.39527829e+02,6.60994506e-02,-4.66210463e-01,2.07068928e+01,-5.23133335e-03,3.97488265e-04,1.18714879e-01,3.69941476e-01,5.76346552e-02,-3.06842182e-03,-6.90513913e-04,-4.22137172e-03
7.42000000e+02,1.60238302e+02,6.24384299e-02,-4.64374955e-01,1.15923835e-01,3.69311111e-01,5.35088514e-02,1.39528494e+02,6.70246742e-02,-4.65250870e-01,2.07098075e+01,-4.58624435e-03,8.75914702e-04,1.18948590e-01,3.70064466e-01,5.76434132e-02,-3.02475544e-03,-7.53354851e-04,-4.13456181e-03
7.43000000e+02,1.60271456e+02,6.00847316e-02,-4.70280351e-01,1.15701769e-01,3.69736541e-01,5.31857854e-02,1.39555637e+02,6.52220038e-02,-4.70620976e-01,2.07158193e+01,-5.13727218e-03,3.40624999e-04,1.18754732e-01,3.70455927e-01,5.73437092e-02,-3.05296330e-03,-7.19386396e-04,-4.15792381e-03
7.44000000e+02,1.60273575e+02,6.36253366e-02,-4.65523488e-01,1.16067344e-01,3.69181936e-01,5.34367331e-02,1.39554952e+02,6.80880650e-02,-4.66547131e-01,2.07186226e+01,-4.46272844e-03,1.02364346e-03,1.19073767e-01,3.69992861e-01,5.75000604e-02,-3.00642325e-03,-8.10925168e-04,-4.06332731e-03
7.45000000e+02,1.60304529e+02,6.09399930e-02,-4.65222578e-01,1.15991613e-01,3.68787030e-01,5.27788203e-02,1.39580030e+02,6.59959165e-02,-4.65698684e-01,2.07244989e+01,-5.05592341e-03,4.76105778e-04,1.19026442e-01,3.69558689e-01,5.68777288e-02,-3.03482916e-03,-7.71658505e-04,-4.09890846e-03
7.46000000e+02,1.60308346e+02,6.23592379e-02,-4.63145015e-01,1.16332827e-01,3.68532086e-01,5.26506808e-02,1.39581016e+02,6.67932439e-02,-4.64126694e-01,2.07273299e+01,-4.43400602e-03,9.81679050e-04,1.19324903e-01,3.69370893e-01,5.66655608e-02,-2.99207621e-03,-8.38807177e-04,-4.01488002e-03
7.47000000e+02,1.60341864e+02,5.90699622e-02,-4.69150949e-01,1.16162848e-01,3.68878737e-01,5.17567183e-02,1.39608654e+02,6.40684275e-02,-4.69608503e-01,2.07332098e+01,-4.99846535e-03,4.57553485e-04,1.19184336e-01,3.69685367e-01,5.57989182e-02,-3.02148732e-03,-8.06630141e-04,-4.04219989e-03
7.48000000e+02,1.60344393e+02,6.16687407e-02,-4.63787798e-01,1.16586305e-01,3.67686216e-01,5.17230791e-02,1.39608493e+02,6.60047167e-02,-4.64928719e-01,2.07359006e+01,-4.33597595e-03,1.14092104e-03,1.19562257e-01,3.68582362e-01,5.56770284e-02,-2.97595202e-03,-8.96146436e-04,-3.95394929e-03
7.49000000e+02,1.60375296e+02,5.83314894e-02,-4.62829193e-01,1.16507423e-01,3.67321436e-01,5.06872968e-02,1.39633622e+02,6.32550707e-02,-4.63439313e-01,2.07416743e+01,-4.92358127e-03,6.10119405e-04,1.19512935e-01,3.68179807e-01,5.46775815e-02,-3.00551221e-03,-8.58371408e-04,-3.99028463e-03
7.50000000e+02,1.60379576e+02,5.91030717e-02,-4.60976721e-01,1.16819807e-01,3.67154113e-01,4.99851722e-02,1.39635190e+02,6.33987316e-02,-4.62066609e-01,2.07443858e+01,-4.29565994e-03,1.08988803e-03,1.19783486e-01,3.68075101e-01,5.38891526e-02,-2.96367858e-03,-9.20987459e-04,-3.90398038e-03
7.51000000e+02,1.60413201e+02,5.56507461e-02,-4.67036546e-01,1.16631458e-01,3.67519808e-01,4.88902472e-02,1.39663063e+02,6.05033149e-02,-4.67579275e-01,2.07501388e+01,-4.85256882e-03,5.42728916e-04,1.19624990e-01,3.68401598e-01,5.28182493e-02,-2.99353138e-03,-8.81790745e-04,-3.92800209e-03
7.52000000e+02,1.60415505e+02,5.83086527e-02,-4.62654547e-01,1.17011241e-01,3.66934765e-01,4.88864419e-02,1.39662840e+02,6.24835498e-02,-4.63883183e-01,2.07526654e+01,-4.17489711e-03,1.22863566e-03,1.19959858e-01,3.67907516e-01,5.27164637e-02,-2.94861718e-03,-9.72750594e-04,-3.83002181e-03
7.53000000e+02,1.60446388e+02,5.48407566e-02,-4.62554883e-01,1.16863646e-01,3.66776278e-01,4.79477402e-02,1.39688114e+02,5.96111861e-02,-4.63240263e-01,2.07582740e+01,-4.77042952e-03,6.85380524e-04,1.19842118e-01,3.67707846e-01,5.18070581e-02,-2.97847262e-03,-9.31567796e-04,-3.85931792e-03
7.54000000e+02,1.60450515e+02,5.58662770e-02,-4.61195195e-01,1.17121488e-01,3.67039142e-01,4.74504865e-02,1.39689657e+02,5.99926511e-02,-4.62390699e-01,2.07608581e+01,-4.12637415e-03,1.19550490e-03,1.20058134e-01,3.68036018e-01,5.12165705e-02,-2.93664600e-03,-9.96876368e-04,-3.76608397e-03
7.55000000e+02,1.60483697e+02,5.26791005e-02,-4.67535481e-01,1.16819143e-01,3.67736993e-01,4.66291513e-02,1.39717172e+02,5.73510962e-02,-4.68189848e-01,2.07665249e+01,-4.67199565e-03,6.54367677e-04,1.19785794e-01,3.68696635e-01,5.04135626e-02,-2.96665181e-03,-9.59642351e-04,-3.78441128e-03
7.56000000e+02,1.60485907e+02,5.57683905e-02,-4.62253016e-01,1.17052830e-01,3.66829655e-01,4.68553497e-02,1.39716945e+02,5.97653633e-02,-4.63595499e-01,2.07689625e+01,-3.99697276e-03,1.34248299e-03,1.19974256e-01,3.67884199e-01,5.05424747e-02,-2.92142644e-03,-1.05454363e-03,-3.68712503e-03
7.57000000e+02,1.60516775e+02,5.27088747e-02,-4.61662049e-01,1.16807746e-01,3.66514025e-01,4.60202666e-02,1.39742227e+02,5.72887096e-02,-4.62473917e-01,2.07745480e+01,-4.57983486e-03,8.11868019e-04,1.19758430e-01,3.67530391e-01,4.97386057e-02,-2.95068427e-03,-1.01636576e-03,-3.71833910e-03
7.58000000e+02,1.60520737e+02,5.42753118e-02,-4.59746751e-01,1.16951318e-01,3.66312120e-01,4.59055944e-02,1.39743694e+02,5.82165254e-02,-4.61045585e-01,2.07770427e+01,-3.94121365e-03,1.29883338e-03,1.19859641e-01,3.67392710e-01,4.95347989e-02,-2.90832355e-03,-1.08058980e-03,-3.62920456e-03
7.59000000e+02,1.60554353e+02,5.12655808e-02,-4.66080621e-01,1.16570051e-01,3.66976723e-01,4.51226565e-02,1.39771776e+02,5.57695649e-02,-4.66828753e-01,2.07825771e+01,-4.50398407e-03,7.48131979e-04,1.19507902e-01,3.68016658e-01,4.87773515e-02,-2.93785100e-03,-1.03993417e-03,-3.65469493e-03
7.60000000e+02,1.60556728e+02,5.40795854e-02,-4.61455859e-01,1.16774399e-01,3.66315852e-01,4.52926312e-02,1.39771810e+02,5.79017843e-02,-4.62882392e-01,2.07849181e+01,-3.82219895e-03,1.42653309e-03,1.19666287e-01,3.67444236e-01,4.88522045e-02,-2.89188840e-03,-1.12838486e-03,-3.55957323e-03
7.61000000e+02,1.60587803e+02,5.15839041e-02,-4.60963031e-01,1.16522506e-01,3.65994845e-01,4.48673016e-02,1.39797420e+02,5.60005707e-02,-4.61845549e-01,2.07903836e+01,-4.41666654e-03,8.82517432e-04,1.19443104e-01,3.67079025e-01,4.84601978e-02,-2.92059799e-03,-1.08417975e-03,-3.59289625e-03
7.62000000e+02,1.60591979e+02,5.32328685e-02,-4.59063683e-01,1.16656774e-01,3.65868529e-01,4.48894932e-02,1.39799215e+02,5.70254433e-02,-4.60449819e-01,2.07927646e+01,-3.79257484e-03,1.38613581e-03,1.19534286e-01,3.67016915e-01,4.83950362e-02,-2.87751174e-03,-1.14838601e-03,-3.50554296e-03
7.63000000e+02,1.60625401e+02,5.11660112e-02,-4.65369844e-01,1.16302376e-01,3.66413268e-01,4.47692520e-02,1.39827208e+02,5.55134378e-02,-4.66197923e-01,2.07981934e+01,-4.34742652e-03,8.28079326e-04,1.19208580e-01,3.67518076e-01,4.83017512e-02,-2.90620383e-03,-1.10480803e-03,-3.53249919e-03
7.64000000e+02,1.60627546e+02,5.48866284e-02,-4.60628714e-01,1.16547269e-01,3.65727300e-01,4.54098583e-02,1.39827109e+02,5.85738341e-02,-4.62140780e-01,2.08004369e+01,-3.68720568e-03,1.51206605e-03,1.19407077e-01,3.66923390e-01,4.88535784e-02,-2.85980796e-03,-1.19608994e-03,-3.44372002e-03
7.65000000e+02,1.60658606e+02,5.19143228e-02,-4.60277494e-01,1.16322901e-01,3.65433148e-01,4.48477080e-02,1.39852802e+02,5.62015715e-02,-4.61243014e-01,2.08058037e+01,-4.28724880e-03,9.65520100e-04,1.19211228e-01,3.66587281e-01,4.83304547e-02,-2.88832680e-03,-1.15413303e-03,-3.48274665e-03
7.66000000e+02,1.60662780e+02,5.36782809e-02,-4.58396075e-01,1.16540310e-01,3.65283763e-01,4.50400646e-02,1.39854619e+02,5.73274075e-02,-4.59863368e-01,2.08081607e+01,-3.64912654e-03,1.46729269e-03,1.19385296e-01,3.66500049e-01,4.84392102e-02,-2.84498550e-03,-1.21628616e-03,-3.39914564e-03
7.67000000e+02,1.60696330e+02,5.12745475e-02,-4.64682175e-01,1.16277483e-01,3.65893850e-01,4.46943711e-02,1.39882829e+02,5.54916678e-02,-4.65605839e-01,2.08135007e+01,-4.21712036e-03,9.23663514e-04,1.19151287e-01,3.67070166e-01,4.81257523e-02,-2.87380413e-03,-1.17631591e-03,-3.43138119e-03
7.68000000e+02,1.60698462e+02,5.45848063e-02,-4.60054012e-01,1.16594461e-01,3.65310979e-01,4.48928714e-02,1.39882780e+02,5.81410644e-02,-4.61663230e-01,2.08156827e+01,-3.55625811e-03,1.60921821e-03,1.19422064e-01,3.66580412e-01,4.82380740e-02,-2.82760254e-03,-1.26943348e-03,-3.34520255e-03
7.69000000e+02,1.60729732e+02,5.11726975e-02,-4.58911983e-01,1.16473871e-01,3.64711948e-01,4.39743609e-02,1.39908723e+02,5.53448632e-02,-4.59991177e-01,2.08210091e+01,-4.17216570e-03,1.07919451e-03,1.19330062e-01,3.65942904e-01,4.73650991e-02,-2.85619019e-03,-1.23095603e-03,-3.39073825e-03
7.70000000e+02,1.60734098e+02,5.20587302e-02,-4.57460333e-01,1.16777386e-01,3.64583751e-01,4.36206884e-02,1.39910822e+02,5.56051565e-02,-4.59010940e-01,2.08232758e+01,-3.54642634e-03,1.55060681e-03,1.19590726e-01,3.65877287e-01,4.69304811e-02,-2.81333998e-03,-1.29353624e-03,-3.30979267e-03
7.71000000e+02,1.60767750e+02,4.91057752e-02,-4.63470247e-01,1.16575909e-01,3.64961424e-01,4.28663958e-02,1.39939166e+02,5.32057895e-02,-4.64483713e-01,2.08285837e+01,-4.10001428e-03,1.01346614e-03,1.19418676e-01,3.66215638e-01,4.62052548e-02,-2.84276757e-03,-1.25421413e-03,-3.33885899e-03
7.72000000e+02,1.60770235e+02,5.19237269e-02,-4.58563568e-01,1.16969792e-01,3.64094802e-01,4.27808838e-02,1.39939492e+02,5.53581799e-02,-4.60277036e-01,2.08307429e+01,-3.43445301e-03,1.71346810e-03,1.19767029e-01,3.65438326e-01,4.60297170e-02,-2.79723701e-03,-1.34352456e-03,-3.24883312e-03
7.73000000e+02,1.60801510e+02,4.85534573e-02,-4.57347477e-01,1.16893065e-01,3.63431385e-01,4.17595095e-02,1.39965553e+02,5.25818694e-02,-4.58507769e-01,2.08359572e+01,-4.02841213e-03,1.16029186e-03,1.19719870e-01,3.64733058e-01,4.50446302e-02,-2.82680434e-03,-1.30167341e-03,-3.28512070e-03
7.74000000e+02,1.60805990e+02,4.92199774e-02,-4.54820675e-01,1.17213714e-01,3.62819292e-01,4.11079950e-02,1.39967901e+02,5.26250783e-02,-4.56479638e-01,2.08380887e+01,-3.40510093e-03,1.65896221e-03,1.19998699e-01,3.64186025e-01,4.43096887e-02,-2.78498514e-03,-1.36673275e-03,-3.20169376e-03
7.75000000e+02,1.60839896e+02,4.59937653e-02,-4.60581240e-01,1.17042684e-01,3.62960215e-01,4.01535532e-02,1.39996574e+02,4.99629847e-02,-4.61685525e-01,2.08433227e+01,-3.96921942e-03,1.10428540e-03,1.19857927e-01,3.64284160e-01,4.33843119e-02,-2.81524317e-03,-1.32394487e-03,-3.23075872e-03
7.76000000e+02,1.60842312e+02,4.91676373e-02,-4.55205896e-01,1.17440432e-01,3.61853879e-01,4.01717231e-02,1.39996958e+02,5.24565977e-02,-4.56998945e-01,2.08453530e+01,-3.28896038e-03,1.79304889e-03,1.20210971e-01,3.63266646e-01,4.33124840e-02,-2.77053818e-03,-1.41276760e-03,-3.14076082e-03
7.77000000e+02,1.60873684e+02,4.54228534e-02,-4.53767410e-01,1.17332821e-01,3.61009513e-01,3.91107815e-02,1.40023198e+02,4.93341100e-02,-4.55026602e-01,2.08504864e+01,-3.91125659e-03,1.25919175e-03,1.20133751e-01,3.62379429e-01,4.22939568e-02,-2.80093011e-03,-1.36991628e-03,-3.18317526e-03
7.78000000e+02,1.60878227e+02,4.59845366e-02,-4.51303488e-01,1.17624904e-01,3.60293684e-01,3.85675283e-02,1.40025693e+02,4.92657545e-02,-4.53040848e-01,2.08525339e+01,-3.28121788e-03,1.73736012e-03,1.20384697e-01,3.61723849e-01,4.16682536e-02,-2.75979277e-03,-1.43016494e-03,-3.10072528e-03
7.79000000e+02,1.60911789e+02,4.28766187e-02,-4.56854624e-01,1.17364397e-01,3.60444607e-01,3.76589396e-02,1.40054136e+02,4.67009248e-02,-4.58038672e-01,2.08576527e+01,-3.82430614e-03,1.18404879e-03,1.20155098e-01,3.61831201e-01,4.07855960e-02,-2.79070079e-03,-1.38659428e-03,-3.12665636e-03
7.80000000e+02,1.60914335e+02,4.58622234e-02,-4.51756041e-01,1.17632946e-01,3.59534597e-01,3.76298559e-02,1.40054737e+02,4.90240221e-02,-4.53623966e-01,2.08595982e+01,-3.16179873e-03,1.86792451e-03,1.20379386e-01,3.61007296e-01,4.06652139e-02,-2.74643944e-03,-1.47269874e-03,-3.03535794e-03
7.81000000e+02,1.60945671e+02,4.26971406e-02,-4.50825316e-01,1.17415300e-01,3.59005532e-01,3.67346035e-02,1.40081043e+02,4.64604133e-02,-4.52142473e-01,2.08646280e+01,-3.76327271e-03,1.31715743e-03,1.20192219e-01,3.60431696e-01,3.98086660e-02,-2.77691968e-03,-1.42616399e-03,-3.07406247e-03
7.82000000e+02,1.60950023e+02,4.29365507e-02,-4.49123248e-01,1.17558901e-01,3.58740245e-01,3.60615853e-02,1.40083451e+02,4.60763473e-02,-4.50926316e-01,2.08665725e+01,-3.13979655e-03,1.80306819e-03,1.20294646e-01,3.60226541e-01,3.90535629e-02,-2.73574489e-03,-1.48629635e-03,-2.99197759e-03
7.83000000e+02,1.60983634e+02,3.98278012e-02,-4.55378198e-01,1.17146930e-01,3.59167487e-01,3.52596859e-02,1.40112012e+02,4.35289812e-02,-4.56627570e-01,2.08716220e+01,-3.70118001e-03,1.24937129e-03,1.19913094e-01,3.60608949e-01,3.82822102e-02,-2.76616475e-03,-1.44146203e-03,-3.02252431e-03
7.84000000e+02,1.60986102e+02,4.30036440e-02,-4.50702047e-01,1.17314050e-01,3.58566349e-01,3.53724332e-02,1.40112659e+02,4.60332911e-02,-4.52642817e-01,2.08734434e+01,-3.02964714e-03,1.94076989e-03,1.20035057e-01,3.60093197e-01,3.83056403e-02,-2.72100724e-03,-1.52684838e-03,-2.93320713e-03
7.85000000e+02,1.61017277e+02,3.96466494e-02,-4.49478745e-01,1.17005082e-01,3.57991281e-01,3.43329057e-02,1.40138885e+02,4.32659763e-02,-4.50867211e-01,2.08783925e+01,-3.61932690e-03,1.38846585e-03,1.19755595e-01,3.59470197e-01,3.73034145e-02,-2.75051329e-03,-1.47891601e-03,-2.97050884e-03
7.86000000e+02,1.61021554e+02,4.07458078e-02,-4.47911146e-01,1.17073132e-01,3.57971637e-01,3.40062893e-02,1.40141320e+02,4.37538872e-02,-4.49782943e-01,2.08802344e+01,-3.00807942e-03,1.87179790e-03,1.19781402e-01,3.59508860e-01,3.68950694e-02,-2.70827013e-03,-1.53722240e-03,-2.88878012e-03
7.87000000e+02,1.61055018e+02,3.79442925e-02,-4.54371119e-01,1.16646137e-01,3.58621353e-01,3.35427632e-02,1.40169807e+02,4.15102743e-02,-4.55690429e-01,2.08852103e+01,-3.56598184e-03,1.31931047e-03,1.19383844e-01,3.60114179e-01,3.64613936e-02,-2.73770757e-03,-1.49282604e-03,-2.91863048e-03
7.88000000e+02,1.61057112e+02,4.11557243e-02,-4.50057268e-01,1.16809729e-01,3.58073461e-01,3.39012909e-02,1.40170182e+02,4.40529592e-02,-4.52047169e-01,2.08869300e+01,-2.89723492e-03,1.98990162e-03,1.19501446e-01,3.59651145e-01,3.67292445e-02,-2.69171697e-03,-1.57768376e-03,-2.82795369e-03
7.89000000e+02,1.61088132e+02,3.83400309e-02,-4.49673296e-01,1.16512827e-01,3.58104193e-01,3.33604867e-02,1.40196334e+02,4.18423736e-02,-4.51129264e-01,2.08917980e+01,-3.50234277e-03,1.45596757e-03,1.19233350e-01,3.59638126e-01,3.62275945e-02,-2.72052268e-03,-1.53393345e-03,-2.86710780e-03
7.90000000e+02,1.61092060e+02,3.97942947e-02,-4.48697312e-01,1.16635210e-01,3.58400521e-01,3.35398313e-02,1.40198518e+02,4.26669171e-02,-4.50634298e-01,2.08935421e+01,-2.87262246e-03,1.93698685e-03,1.19312577e-01,3.59993512e-01,3.63241456e-02,-2.67736729e-03,-1.59299194e-03,-2.78431437e-03
7.91000000e+02,1.61125202e+02,3.79014711e-02,-4.55033377e-01,1.16300111e-01,3.59039477e-01,3.35945800e-02,1.40226767e+02,4.13349329e-02,-4.56426957e-01,2.08984348e+01,-3.43346176e-03,1.39358031e-03,1.19006192e-01,3.60593528e-01,3.64109622e-02,-2.70608121e-03,-1.55405002e-03,-2.81638223e-03
7.92000000e+02,1.61127282e+02,4.21093845e-02,-4.50610016e-01,1.16557600e-01,3.58554538e-01,3.43234520e-02,1.40227216e+02,4.48806244e-02,-4.52700734e-01,2.09000654e+01,-2.77123984e-03,2.09071834e-03,1.19217499e-01,3.60201564e-01,3.70569964e-02,-2.65989851e-03,-1.64702597e-03,-2.73354440e-03
7.93000000e+02,1.61158192e+02,3.96575796e-02,-4.50117129e-01,1.16390996e-01,3.58274680e-01,3.39911750e-02,1.40253340e+02,4.30458801e-02,-4.51661344e-01,2.09048520e+01,-3.38830057e-03,1.54421534e-03,1.19079513e-01,3.59881367e-01,3.67770023e-02,-2.68851695e-03,-1.60668740e-03,-2.78582725e-03
7.94000000e+02,1.61162088e+02,4.10753239e-02,-4.48441927e-01,1.16656144e-01,3.58151527e-01,3.40293731e-02,1.40255540e+02,4.38527633e-02,-4.50479733e-01,2.09065475e+01,-2.77743939e-03,2.03780583e-03,1.19301787e-01,3.59823067e-01,3.67411183e-02,-2.64564239e-03,-1.67154068e-03,-2.71174525e-03
7.95000000e+02,1.61195319e+02,3.88656257e-02,-4.54681675e-01,1.16429330e-01,3.58589154e-01,3.37796049e-02,1.40283998e+02,4.22115525e-02,-4.56173338e-01,2.09113211e+01,-3.34592679e-03,1.49166248e-03,1.19104646e-01,3.60219251e-01,3.65290571e-02,-2.67531529e-03,-1.63009648e-03,-2.74945224e-03
7.96000000e+02,1.61197250e+02,4.29368692e-02,-4.49704098e-01,1.16807886e-01,3.57886389e-01,3.44917409e-02,1.40284359e+02,4.56239724e-02,-4.51883510e-01,2.09128909e+01,-2.68710322e-03,2.17941155e-03,1.19437611e-01,3.59602009e-01,3.71593973e-02,-2.62972485e-03,-1.71562034e-03,-2.66765637e-03
7.97000000e+02,1.61228102e+02,3.98187899e-02,-4.48792954e-01,1.16752684e-01,3.57492636e-01,3.38237263e-02,1.40310535e+02,4.31229258e-02,-4.50423150e-01,2.09175666e+01,-3.30413583e-03,1.63019548e-03,1.19412164e-01,3.59162551e-01,3.65389647e-02,-2.65948033e-03,-1.66991491e-03,-2.71523837e-03
7.98000000e+02,1.61232091e+02,4.10518775e-02,-4.47266658e-01,1.17129504e-01,3.57311441e-01,3.37706127e-02,1.40312904e+02,4.37421418e-02,-4.49376167e-01,2.09191870e+01,-2.69026426e-03,2.10950853e-03,1.19747299e-01,3.59041189e-01,3.64119363e-02,-2.61779456e-03,-1.72974873e-03,-2.64132358e-03
7.99000000e+02,1.61265548e+02,3.82275876e-02,-4.53600031e-01,1.16992757e-01,3.57715550e-01,3.31934412e-02,1.40341663e+02,4.14887907e-02,-4.55149813e-01,2.09238851e+01,-3.26120304e-03,1.54978184e-03,1.19641344e-01,3.59399824e-01,3.58737071e-02,-2.64858709e-03,-1.68427445e-03,-2.68026592e-03
8.00000000e+02,1.61267402e+02,4.15521863e-02,-4.48913059e-01,1.17414302e-01,3.57007897e-01,3.34575319e-02,1.40342040e+02,4.41475260e-02,-4.51155048e-01,2.09253624e+01,-2.59533966e-03,2.24198811e-03,1.20018581e-01,3.58778941e-01,3.60550969e-02,-2.60427958e-03,-1.77104400e-03,-2.59756509e-03
8.01000000e+02,1.61298408e+02,3.82886557e-02,-4.47652470e-01,1.17377524e-01,3.56347774e-01,3.25842186e-02,1.40368472e+02,4.15140023e-02,-4.49359606e-01,2.09299359e+01,-3.22534659e-03,1.70713628e-03,1.20013081e-01,3.58073864e-01,3.52332654e-02,-2.63555745e-03,-1.72608969e-03,-2.64904678e-03
8.02000000e+02,1.61302291e+02,3.96984624e-02,-4.45514096e-01,1.17725478e-01,3.55966815e-01,3.26810200e-02,1.40370837e+02,4.23041936e-02,-4.47699332e-01,2.09314543e+01,-2.60573125e-03,2.18523575e-03,1.20320501e-01,3.57750850e-01,3.52555195e-02,-2.59502264e-03,-1.78403523e-03,-2.57449957e-03
8.03000000e+02,1.61335372e+02,3.70203754e-02,-4.51090279e-01,1.17534195e-01,3.55998725e-01,3.20905011e-02,1.40399368e+02,4.01797908e-02,-4.52723067e-01,2.09360041e+01,-3.15941539e-03,1.63278736e-03,1.20161193e-01,3.57737533e-01,3.46979564e-02,-2.62699820e-03,-1.73880853e-03,-2.60745536e-03
8.04000000e+02,1.61337164e+02,4.06991590e-02,-4.45443108e-01,1.17909298e-01,3.54767519e-01,3.25728556e-02,1.40399767e+02,4.32103080e-02,-4.47765689e-01,2.09373978e+01,-2.51114896e-03,2.32258076e-03,1.20492890e-01,3.56595752e-01,3.50975408e-02,-2.58359231e-03,-1.82823293e-03,-2.52468524e-03
8.05000000e+02,1.61367998e+02,3.78420300e-02,-4.43735358e-01,1.17838227e-01,3.53720014e-01,3.18849998e-02,1.40426158e+02,4.09602980e-02,-4.45503026e-01,2.09418401e+01,-3.11826796e-03,1.76766829e-03,1.20453369e-01,3.55498383e-01,3.44573546e-02,-2.61514221e-03,-1.77836855e-03,-2.57235484e-03
8.06000000e+02,1.61371368e+02,3.88799057e-02,-4.41154583e-01,1.18138784e-01,3.53119438e-01,3.16770275e-02,1.40428132e+02,4.13770443e-02,-4.43406185e-01,2.09432362e+01,-2.49713857e-03,2.25160154e-03,1.20713730e-01,3.54956352e-01,3.41731993e-02,-2.57494541e-03,-1.83691340e-03,-2.49617177e-03
8.07000000e+02,1.61404581e+02,3.59491051e-02,-4.47424459e-01,1.17862945e-01,3.53280118e-01,3.09770277e-02,1.40456849e+02,3.90267025e-02,-4.49111252e-01,2.09477316e+01,-3.07759746e-03,1.68679304e-03,1.20469860e-01,3.55071103e-01,3.35119027e-02,-2.60691513e-03,-1.79098434e-03,-2.53487503e-03
8.08000000e+02,1.61406315e+02,3.92000735e-02,-4.42145424e-01,1.18144220e-01,3.52195261e-01,3.12126856e-02,1.40457272e+02,4.16199693e-02,-4.44527036e-01,2.09490423e+01,-2.41989578e-03,2.38161153e-03,1.20707493e-01,3.54070322e-01,3.36690001e-02,-2.56327261e-03,-1.87506111e-03,-2.45631450e-03
8.09000000e+02,1.61436763e+02,3.53516417e-02,-4.40781250e-01,1.17937766e-01,3.51582148e-01,2.99734409e-02,1.40483306e+02,3.83838943e-02,-4.42610706e-01,2.09534569e+01,-3.03225255e-03,1.82945552e-03,1.20532512e-01,3.53407366e-01,3.24800875e-02,-2.59474614e-03,-1.82521741e-03,-2.50664665e-03
8.10000000e+02,1.61440023e+02,3.59303643e-02,-4.39195559e-01,1.18088778e-01,3.51607569e-01,2.93095339e-02,1.40485225e+02,3.83462744e-02,-4.41505242e-01,2.09547981e+01,-2.41591010e-03,2.30968266e-03,1.20643148e-01,3.53486089e-01,3.17424861e-02,-2.55436990e-03,-1.87852001e-03,-2.43295217e-03
8.11000000e+02,1.61472748e+02,3.30317876e-02,-4.45527314e-01,1.17681360e-01,3.52020639e-01,2.85563606e-02,1.40513533e+02,3.60133428e-02,-4.47262761e-01,2.09592157e+01,-2.98155515e-03,1.73544663e-03,1.20267151e-01,3.53843234e-01,3.10261027e-02,-2.58579091e-03,-1.82259498e-03,-2.46974204e-03
8.12000000e+02,1.61474381e+02,3.60012494e-02,-4.41441914e-01,1.17848453e-01,3.51600616e-01,2.86377324e-02,1.40513869e+02,3.83380260e-02,-4.43849360e-01,2.09605119e+01,-2.33677660e-03,2.40744587e-03,1.20389478e-01,3.53501436e-01,3.10235566e-02,-2.54102441e-03,-1.90082088e-03,-2.38582423e-03
8.13000000e+02,1.61504885e+02,3.25941040e-02,-4.40761583e-01,1.17555343e-01,3.51392068e-01,2.77252040e-02,1.40540054e+02,3.55463505e-02,-4.42627105e-01,2.09648307e+01,-2.95224651e-03,1.86552193e-03,1.20126776e-01,3.53244633e-01,3.01595547e-02,-2.57143363e-03,-1.85256539e-03,-2.43435074e-03
8.14000000e+02,1.61508212e+02,3.37146161e-02,-4.39429605e-01,1.17677977e-01,3.51592063e-01,2.76387531e-02,1.40542085e+02,3.60403849e-02,-4.41778381e-01,2.09661267e+01,-2.32576874e-03,2.34877569e-03,1.20207377e-01,3.53504049e-01,2.99993458e-02,-2.52939942e-03,-1.91198526e-03,-2.36059268e-03
8.15000000e+02,1.61541096e+02,3.08072137e-02,-4.45917138e-01,1.17286367e-01,3.52286362e-01,2.69922865e-02,1.40570588e+02,3.37015633e-02,-4.47706744e-01,2.09705074e+01,-2.89434958e-03,1.78960646e-03,1.19846029e-01,3.54153528e-01,2.93899048e-02,-2.55966219e-03,-1.86716636e-03,-2.39761831e-03
8.16000000e+02,1.61542620e+02,3.43115048e-02,-4.41233930e-01,1.17495250e-01,3.51621052e-01,2.73033663e-02,1.40570951e+02,3.65577667e-02,-4.43714778e-01,2.09716691e+01,-2.24626192e-03,2.48084750e-03,1.20009709e-01,3.53574354e-01,2.96206443e-02,-2.51445920e-03,-1.95330224e-03,-2.31727796e-03
8.17000000e+02,1.61573108e+02,3.12600111e-02,-4.40401437e-01,1.17255466e-01,3.51176073e-01,2.65710389e-02,1.40597171e+02,3.41258971e-02,-4.42333279e-01,2.09759363e+01,-2.86588607e-03,1.93184216e-03,1.19799841e-01,3.53081188e-01,2.89410693e-02,-2.54437533e-03,-1.90511489e-03,-2.37003041e-03
8.18000000e+02,1.61576134e+02,3.26085747e-02,-4.38857543e-01,1.17456079e-01,3.51241673e-01,2.65813918e-02,1.40599010e+02,3.48502977e-02,-4.41277314e-01,2.09771245e+01,-2.24172299e-03,2.41977105e-03,1.19958186e-01,3.53205677e-01,2.88764864e-02,-2.50210698e-03,-1.96400377e-03,-2.29509460e-03
8.19000000e+02,1.61608602e+02,3.01731110e-02,-4.45160627e-01,1.17152627e-01,3.51818492e-01,2.62574281e-02,1.40627205e+02,3.29822752e-02,-4.47022176e-01,2.09813979e+01,-2.80916429e-03,1.86154935e-03,1.19685123e-01,3.53735839e-01,2.85911009e-02,-2.53249628e-03,-1.91734673e-03,-2.33367272e-03
8.20000000e+02,1.61609654e+02,3.42785438e-02,-4.40642148e-01,1.17457067e-01,3.51205100e-01,2.69841002e-02,1.40627140e+02,3.64437479e-02,-4.43179560e-01,2.09825140e+01,-2.16520413e-03,2.53741123e-03,1.19944168e-01,3.53205761e-01,2.92407722e-02,-2.48710075e-03,-2.00066083e-03,-2.25667197e-03
8.21000000e+02,1.61639856e+02,3.12738005e-02,-4.39207969e-01,1.17329938e-01,3.50595918e-01,2.63102586e-02,1.40653082e+02,3.40489209e-02,-4.41209019e-01,2.09867739e+01,-2.77512040e-03,2.00104932e-03,1.19847052e-01,3.52552656e-01,2.86171867e-02,-2.51711424e-03,-1.95673780e-03,-2.30692813e-03
8.22000000e+02,1.61643030e+02,3.26906482e-02,-4.37167800e-01,1.17633495e-01,3.50301855e-01,2.64035105e-02,1.40655124e+02,3.48579739e-02,-4.39652075e-01,2.09879065e+01,-2.16732571e-03,2.48427553e-03,1.20109265e-01,3.52315144e-01,2.86408608e-02,-2.47577007e-03,-2.01328854e-03,-2.23735030e-03
8.23000000e+02,1.61675530e+02,3.02066835e-02,-4.43255983e-01,1.17415623e-01,3.50639528e-01,2.59342161e-02,1.40683363e+02,3.29592296e-02,-4.45178760e-01,2.09921678e+01,-2.75254614e-03,1.92277630e-03,1.19922510e-01,3.52607727e-01,2.82178304e-02,-2.50688678e-03,-1.96819828e-03,-2.28361427e-03
8.24000000e+02,1.61676590e+02,3.41675710e-02,-4.38590085e-01,1.17795845e-01,3.49883456e-01,2.65632058e-02,1.40683393e+02,3.62591208e-02,-4.41184863e-01,2.09931969e+01,-2.09154979e-03,2.59477780e-03,1.20258549e-01,3.51935633e-01,2.87687963e-02,-2.46270323e-03,-2.05217734e-03,-2.20559047e-03
8.25000000e+02,1.61706595e+02,3.12608448e-02,-4.38098995e-01,1.17714121e-01,3.49530383e-01,2.59597025e-02,1.40709306e+02,3.39815034e-02,-4.40139513e-01,2.09972888e+01,-2.72065860e-03,2.04051824e-03,1.20208495e-01,3.51533922e-01,2.82214795e-02,-2.49437397e-03,-2.00353890e-03,-2.26177706e-03
8.26000000e+02,1.61709534e+02,3.23826003e-02,-4.36577057e-01,1.18049711e-01,3.49407027e-01,2.59656977e-02,1.40711167e+02,3.44992038e-02,-4.39114496e-01,2.09983675e+01,-2.11660350e-03,2.53743912e-03,1.20503791e-01,3.51467858e-01,2.81595409e-02,-2.45407932e-03,-2.06083076e-03,-2.19384313e-03
8.27000000e+02,1.61741888e+02,2.97989526e-02,-4.42495998e-01,1.17826624e-01,3.49754600e-01,2.55679099e-02,1.40739332e+02,3.24905695e-02,-4.44483579e-01,2.10025559e+01,-2.69161687e-03,1.98758077e-03,1.20313066e-01,3.51769692e-01,2.78051269e-02,-2.48644163e-03,-2.01509203e-03,-2.23721698e-03
8.28000000e+02,1.61742719e+02,3.32015731e-02,-4.37560163e-01,1.18152283e-01,3.48992759e-01,2.58461640e-02,1.40739187e+02,3.52475633e-02,-4.40225932e-01,2.10035323e+01,-2.04599025e-03,2.66576840e-03,1.20595757e-01,3.51090804e-01,2.80115244e-02,-2.44347431e-03,-2.09804562e-03,-2.16536048e-03
8.29000000e+02,1.61772609e+02,3.00804975e-02,-4.36625367e-01,1.18006128e-01,3.48324968e-01,2.50371992e-02,1.40765029e+02,3.27585288e-02,-4.38729129e-01,2.10075797e+01,-2.67803130e-03,2.10376213e-03,1.20481763e-01,3.50373050e-01,2.72609114e-02,-2.47563529e-03,-2.04808196e-03,-2.22371225e-03
8.30000000e+02,1.61775516e+02,3.09371720e-02,-4.34969769e-01,1.18253565e-01,3.48251335e-01,2.47759359e-02,1.40766951e+02,3.30027590e-02,-4.37572961e-01,2.10085649e+01,-2.06558696e-03,2.60319176e-03,1.20689242e-01,3.50358039e-01,2.69304946e-02,-2.43567702e-03,-2.10670399e-03,-2.15455876e-03
8.31000000e+02,1.61807927e+02,2.76735653e-02,-4.40657351e-01,1.17962966e-01,3.48494411e-01,2.40116932e-02,1.40795261e+02,3.03114310e-02,-4.42703942e-01,2.10126656e+01,-2.63786571e-03,2.04659056e-03,1.20431079e-01,3.50555271e-01,2.62090284e-02,-2.46811298e-03,-2.06086012e-03,-2.19733515e-03
8.32000000e+02,1.61808455e+02,3.11155679e-02,-4.35392671e-01,1.18233975e-01,3.47457850e-01,2.43309554e-02,1.40794940e+02,3.30986739e-02,-4.38118969e-01,2.10135142e+01,-1.98310602e-03,2.72629846e-03,1.20658793e-01,3.49601818e-01,2.64500573e-02,-2.42481857e-03,-2.14396814e-03,-2.11910192e-03
8.33000000e+02,1.61837959e+02,2.80465933e-02,-4.33825637e-01,1.18012345e-01,3.46442831e-01,2.35844546e-02,1.40820448e+02,3.06463599e-02,-4.35988320e-01,2.10175112e+01,-2.59976664e-03,2.16268253e-03,1.20469176e-01,3.48537574e-01,2.57543497e-02,-2.45683136e-03,-2.09474229e-03,-2.16989510e-03
8.34000000e+02,1.61840498e+02,2.89618562e-02,-4.31854102e-01,1.18178843e-01,3.46042465e-01,2.32176080e-02,1.40822046e+02,3.09590493e-02,-4.34514304e-01,2.10184516e+01,-1.99719303e-03,2.66020125e-03,1.20595476e-01,3.48193361e-01,2.53195277e-02,-2.41663253e-03,-2.15089568e-03,-2.10191969e-03
8.35000000e+02,1.61872274e+02,2.59889866e-02,-4.37091182e-01,1.17800414e-01,3.45988676e-01,2.25177427e-02,1.40849812e+02,2.85713290e-02,-4.39200546e-01,2.10224617e+01,-2.58234246e-03,2.10936396e-03,1.20249174e-01,3.48092587e-01,2.46659513e-02,-2.44876033e-03,-2.10391007e-03,-2.14820860e-03
8.36000000e+02,1.61872479e+02,2.91872502e-02,-4.31972157e-01,1.17982426e-01,3.44992777e-01,2.27744461e-02,1.40849208e+02,3.11130777e-02,-4.34748833e-01,2.10232707e+01,-1.92582750e-03,2.77667591e-03,1.20387345e-01,3.47178434e-01,2.48480367e-02,-2.40491894e-03,-2.18565772e-03,-2.07359060e-03
8.37000000e+02,1.61901806e+02,2.58562891e-02,-4.30942879e-01,1.17678517e-01,3.44348598e-01,2.18603689e-02,1.40874580e+02,2.84043988e-02,-4.33165662e-01,2.10272253e+01,-2.54810964e-03,2.22278378e-03,1.20114767e-01,3.46483751e-01,2.39890652e-02,-2.43624970e-03,-2.13515252e-03,-2.12869631e-03
8.38000000e+02,1.61904290e+02,2.64325039e-02,-4.29410032e-01,1.17780816e-01,3.44231004e-01,2.14061661e-02,1.40876171e+02,2.83773295e-02,-4.32120082e-01,2.10281193e+01,-1.94482555e-03,2.71005042e-03,1.20176157e-01,3.46419672e-01,2.34668927e-02,-2.39534056e-03,-2.18866861e-03,-2.06072659e-03
8.39000000e+02,1.61936007e+02,2.36697955e-02,-4.35460630e-01,1.17341650e-01,3.44729106e-01,2.07857509e-02,1.40903919e+02,2.61782351e-02,-4.37609889e-01,2.10320878e+01,-2.50843965e-03,2.14925863e-03,1.19768266e-01,3.46869884e-01,2.28856254e-02,-2.42661644e-03,-2.14077811e-03,-2.09987454e-03
8.40000000e+02,1.61936399e+02,2.72534712e-02,-4.30780090e-01,1.17508539e-01,3.43922762e-01,2.12251403e-02,1.40903518e+02,2.91084435e-02,-4.33601503e-01,2.10328813e+01,-1.85497229e-03,2.82141246e-03,1.19890376e-01,3.46143993e-01,2.32469325e-02,-2.38183705e-03,-2.22123017e-03,-2.02179221e-03
8.41000000e+02,1.61965698e+02,2.43864214e-02,-4.29542664e-01,1.17218111e-01,3.43223529e-01,2.06011568e-02,1.40928906e+02,2.68676131e-02,-4.31819645e-01,2.10367917e+01,-2.48119174e-03,2.27698130e-03,1.19630324e-01,3.45398396e-01,2.26790673e-02,-2.41221312e-03,-2.17486687e-03,-2.07791051e-03
8.42000000e+02,1.61967959e+02,2.56772359e-02,-4.27911982e-01,1.17350986e-01,3.43253846e-01,2.06149309e-02,1.40930360e+02,2.75448644e-02,-4.30677503e-01,2.10375992e+01,-1.86762852e-03,2.76552098e-03,1.19721300e-01,3.45485995e-01,2.26251111e-02,-2.37031475e-03,-2.23214884e-03,-2.01018027e-03
8.43000000e+02,1.61999420e+02,2.31118839e-02,-4.34166852e-01,1.16999648e-01,3.43673964e-01,2.01244674e-02,1.40957907e+02,2.55555740e-02,-4.36365245e-01,2.10415125e+01,-2.44369008e-03,2.19839305e-03,1.19400604e-01,3.45856724e-01,2.21789221e-02,-2.40095586e-03,-2.18276034e-03,-2.05445470e-03
8.44000000e+02,1.61999308e+02,2.68781697e-02,-4.29844681e-01,1.17259068e-01,3.43019824e-01,2.06397006e-02,1.40957093e+02,2.86815120e-02,-4.32714660e-01,2.10422154e+01,-1.80334227e-03,2.86997952e-03,1.19614930e-01,3.45279889e-01,2.26205051e-02,-2.35586244e-03,-2.26006578e-03,-1.98080457e-03
8.45000000e+02,1.62028366e+02,2.40285362e-02,-4.28278973e-01,1.17059186e-01,3.42402286e-01,2.00397279e-02,1.40982313e+02,2.64577475e-02,-4.30615342e-01,2.10460538e+01,-2.42921131e-03,2.33636873e-03,1.19445773e-01,3.44616599e-01,2.20765698e-02,-2.38658689e-03,-2.21431344e-03,-2.03684182e-03
8.46000000e+02,1.62030397e+02,2.56815954e-02,-4.26252000e-01,1.17300706e-01,3.42305803e-01,2.02253116e-02,1.40983596e+02,2.75012123e-02,-4.29078633e-01,2.10468011e+01,-1.81961699e-03,2.82663302e-03,1.19646186e-01,3.44575271e-01,2.21949156e-02,-2.34547980e-03,-2.26946881e-03,-1.96960397e-03
8.47000000e+02,1.62061569e+02,2.31332442e-02,-4.32630524e-01,1.17041207e-01,3.42665844e-01,1.98692918e-02,1.41010936e+02,2.55424723e-02,-4.34863638e-01,2.10506328e+01,-2.40922810e-03,2.23311317e-03,1.19417817e-01,3.44883499e-01,2.18883834e-02,-2.37660934e-03,-2.21765514e-03,-2.01909161e-03
8.48000000e+02,1.62061243e+02,2.68543331e-02,-4.28258886e-01,1.17393665e-01,3.41906690e-01,2.05174422e-02,1.41010044e+02,2.86204024e-02,-4.31166166e-01,2.10511991e+01,-1.76606932e-03,2.90727977e-03,1.19726132e-01,3.44205028e-01,2.24631742e-02,-2.33246717e-03,-2.29833835e-03,-1.94573201e-03
8.49000000e+02,1.62090007e+02,2.41980454e-02,-4.27596378e-01,1.17278294e-01,3.41636768e-01,2.01298644e-02,1.41035054e+02,2.65932710e-02,-4.29976999e-01,2.10549535e+01,-2.39522560e-03,2.38062044e-03,1.19642355e-01,3.43889137e-01,2.21341480e-02,-2.36406055e-03,-2.25236914e-03,-2.00428362e-03
8.50000000e+02,1.62091633e+02,2.57010671e-02,-4.25496007e-01,1.17597818e-01,3.41514701e-01,2.03020032e-02,1.41036060e+02,2.74795965e-02,-4.28362251e-01,2.10555738e+01,-1.77852941e-03,2.86624401e-03,1.19921644e-01,3.43821130e-01,2.22406071e-02,-2.32382613e-03,-2.30642934e-03,-1.93860388e-03
8.51000000e+02,1.62122339e+02,2.30872495e-02,-4.31218187e-01,1.17401996e-01,3.41781579e-01,1.97712928e-02,1.41063007e+02,2.54400682e-02,-4.33507388e-01,2.10593324e+01,-2.35281871e-03,2.28920038e-03,1.19758172e-01,3.44037028e-01,2.17564513e-02,-2.35617585e-03,-2.25544958e-03,-1.98515850e-03
8.52000000e+02,1.62121782e+02,2.69699642e-02,-4.26875504e-01,1.17772607e-01,3.41264498e-01,2.05347316e-02,1.41061870e+02,2.86920488e-02,-4.29837882e-01,2.10599115e+01,-1.72208466e-03,2.96237773e-03,1.20085441e-01,3.43598463e-01,2.24484656e-02,-2.31283468e-03,-2.33396476e-03,-1.91373404e-03
8.53000000e+02,1.62150274e+02,2.40384956e-02,-4.26128110e-01,1.17706934e-01,3.40828667e-01,1.99276144e-02,1.41086626e+02,2.63925477e-02,-4.28546690e-01,2.10636472e+01,-2.35405214e-03,2.41858008e-03,1.20051837e-01,3.43114353e-01,2.19011094e-02,-2.34490304e-03,-2.28568555e-03,-1.97349505e-03
8.54000000e+02,1.62151802e+02,2.55356689e-02,-4.24625097e-01,1.18035927e-01,3.40879195e-01,2.00147332e-02,1.41087538e+02,2.72768942e-02,-4.27523115e-01,2.10642643e+01,-1.74122536e-03,2.89801792e-03,1.20341154e-01,3.43219470e-01,2.19233939e-02,-2.30522756e-03,-2.34027520e-03,-1.90866063e-03
8.55000000e+02,1.62183043e+02,2.24092321e-02,-4.31173931e-01,1.17829816e-01,3.41388571e-01,1.93923742e-02,1.41115057e+02,2.47508794e-02,-4.33503798e-01,2.10679866e+01,-2.34164729e-03,2.32986651e-03,1.20168225e-01,3.43679512e-01,2.13556666e-02,-2.33840943e-03,-2.29094117e-03,-1.96329241e-03
8.56000000e+02,1.62182624e+02,2.61131488e-02,-4.26754402e-01,1.18195849e-01,3.40707463e-01,1.99797909e-02,1.41114122e+02,2.78134702e-02,-4.29767793e-01,2.10685025e+01,-1.70032145e-03,3.01339073e-03,1.20491631e-01,3.43078465e-01,2.18776858e-02,-2.29578165e-03,-2.37100126e-03,-1.89789487e-03
8.57000000e+02,1.62210931e+02,2.28836971e-02,-4.24865396e-01,1.18059503e-01,3.39832178e-01,1.89604867e-02,1.41138788e+02,2.51941150e-02,-4.27342135e-01,2.10721430e+01,-2.31041787e-03,2.47673925e-03,1.20388390e-01,3.42156522e-01,2.09168549e-02,-2.32888720e-03,-2.32434413e-03,-1.95636818e-03
8.58000000e+02,1.62212338e+02,2.42726488e-02,-4.22729306e-01,1.18334561e-01,3.39624895e-01,1.87593011e-02,1.41139642e+02,2.59937174e-02,-4.25688132e-01,2.10726956e+01,-1.72106867e-03,2.95882629e-03,1.20624466e-01,3.42003183e-01,2.06509459e-02,-2.28990502e-03,-2.37828784e-03,-1.89164478e-03
8.59000000e+02,1.62242955e+02,2.10605106e-02,-4.29075078e-01,1.18066500e-01,3.39990248e-01,1.80532412e-02,1.41166673e+02,2.33778775e-02,-4.31432761e-01,2.10762811e+01,-2.31736695e-03,2.35768304e-03,1.20389929e-01,3.42310946e-01,1.99933150e-02,-2.32342933e-03,-2.32069846e-03,-1.94007371e-03
8.60000000e+02,1.62241985e+02,2.40059571e-02,-4.24834353e-01,1.18371253e-01,3.39378156e-01,1.83035401e-02,1.41165277e+02,2.56702575e-02,-4.27882367e-01,2.10767077e+01,-1.66430032e-03,3.04801422e-03,1.20652160e-01,3.41779868e-01,2.01707852e-02,-2.28090709e-03,-2.40171183e-03,-1.86724505e-03
8.61000000e+02,1.62269966e+02,2.12555327e-02,-4.23769233e-01,1.18174608e-01,3.38918324e-01,1.76464342e-02,1.41189679e+02,2.35445123e-02,-4.26285868e-01,2.10802875e+01,-2.28897965e-03,2.51663498e-03,1.20488697e-01,3.41270629e-01,1.95740810e-02,-2.31408805e-03,-2.35230498e-03,-1.92764677e-03
8.62000000e+02,1.62270689e+02,2.21635133e-02,-4.22075407e-01,1.18361288e-01,3.38949823e-01,1.75098336e-02,1.41189882e+02,2.38536442e-02,-4.25061132e-01,2.10808075e+01,-1.69013095e-03,2.98572481e-03,1.20636039e-01,3.41352088e-01,1.93742947e-02,-2.27475149e-03,-2.40226434e-03,-1.86446110e-03
8.63000000e+02,1.62301042e+02,1.85462199e-02,-4.28126364e-01,1.17982031e-01,3.39404507e-01,1.65415077e-02,1.41216600e+02,2.08263362e-02,-4.30544108e-01,2.10844419e+01,-2.28011625e-03,2.41774405e-03,1.20289947e-01,3.41758454e-01,1.84533353e-02,-2.30791550e-03,-2.35394660e-03,-1.91182758e-03
8.64000000e+02,1.62300149e+02,2.21270400e-02,-4.24220130e-01,1.18164756e-01,3.38922347e-01,1.70304935e-02,1.41215292e+02,2.37514035e-02,-4.27310701e-01,2.10848569e+01,-1.62436346e-03,3.09057072e-03,1.20429799e-01,3.41353437e-01,1.88663916e-02,-2.26504251e-03,-2.43108981e-03,-1.83589808e-03
8.65000000e+02,1.62327876e+02,1.94757598e-02,-4.23483661e-01,1.17869944e-01,3.38648896e-01,1.64661722e-02,1.41239536e+02,2.17177511e-02,-4.26018259e-01,2.10883398e+01,-2.24199129e-03,2.53459750e-03,1.20167503e-01,3.41025812e-01,1.83597696e-02,-2.29755831e-03,-2.37691609e-03,-1.89359747e-03
8.66000000e+02,1.62328074e+02,2.11119992e-02,-4.22048328e-01,1.17971970e-01,3.38706790e-01,1.65076537e-02,1.41239298e+02,2.27435313e-02,-4.25065511e-01,2.10887762e+01,-1.63153210e-03,3.01718292e-03,1.20229555e-01,3.41135521e-01,1.83329204e-02,-2.25758497e-03,-2.42873107e-03,-1.82526669e-03
8.67000000e+02,1.62357960e+02,1.84401092e-02,-4.28524775e-01,1.17531961e-01,3.39287773e-01,1.61405047e-02,1.41265628e+02,2.06593914e-02,-4.30973056e-01,2.10923324e+01,-2.21928227e-03,2.44828188e-03,1.19822077e-01,3.41666495e-01,1.80144026e-02,-2.29011645e-03,-2.37872206e-03,-1.87389793e-03
8.68000000e+02,1.62356612e+02,2.22261374e-02,-4.24139307e-01,1.17698526e-01,3.38642121e-01,1.68487897e-02,1.41263914e+02,2.38103103e-02,-4.27264099e-01,2.10926980e+01,-1.58417293e-03,3.12479255e-03,1.19944913e-01,3.41099976e-01,1.86536835e-02,-2.24638713e-03,-2.45785585e-03,-1.80489383e-03
8.69000000e+02,1.62383983e+02,1.96123560e-02,-4.22739926e-01,1.17404353e-01,3.38147605e-01,1.63695202e-02,1.41287817e+02,2.18163441e-02,-4.25332825e-01,2.10961661e+01,-2.20398813e-03,2.59289876e-03,1.19682509e-01,3.40560289e-01,1.82340289e-02,-2.27815584e-03,-2.41268325e-03,-1.86450873e-03
8.70000000e+02,1.62384375e+02,2.14744984e-02,-4.20986590e-01,1.17551871e-01,3.37892221e-01,1.64801775e-02,1.41287785e+02,2.30734624e-02,-4.24047758e-01,2.10965909e+01,-1.59896400e-03,3.06116800e-03,1.19789403e-01,3.40355120e-01,1.82778767e-02,-2.23753200e-03,-2.46289909e-03,-1.79769917e-03
8.71000000e+02,1.62414179e+02,1.90308830e-02,-4.26875159e-01,1.17183198e-01,3.38080129e-01,1.61816995e-02,1.41314121e+02,2.12224315e-02,-4.29359378e-01,2.11000582e+01,-2.19154852e-03,2.48421909e-03,1.19452516e-01,3.40491233e-01,1.80291727e-02,-2.26931728e-03,-2.41110386e-03,-1.84747317e-03
8.72000000e+02,1.62412395e+02,2.24469986e-02,-4.22505281e-01,1.17443110e-01,3.37296350e-01,1.68591661e-02,1.41312060e+02,2.39900418e-02,-4.25666001e-01,2.11003349e+01,-1.54304324e-03,3.16072070e-03,1.19668420e-01,3.39782231e-01,1.86329029e-02,-2.22530961e-03,-2.48588091e-03,-1.77373682e-03
8.73000000e+02,1.62439482e+02,1.99234210e-02,-4.21082983e-01,1.17235604e-01,3.36544528e-01,1.64500665e-02,1.41335776e+02,2.20948254e-02,-4.23701111e-01,2.11037064e+01,-2.17140440e-03,2.61812784e-03,1.19492898e-01,3.38981254e-01,1.82876804e-02,-2.25729384e-03,-2.43672550e-03,-1.83761387e-03
8.74000000e+02,1.62439315e+02,2.18364048e-02,-4.19554490e-01,1.17451385e-01,3.36437962e-01,1.66078975e-02,1.41335257e+02,2.34159317e-02,-4.22646250e-01,2.11040579e+01,-1.57952695e-03,3.09176007e-03,1.19668075e-01,3.38923512e-01,1.83865287e-02,-2.21668995e-03,-2.48554958e-03,-1.77863116e-03
8.75000000e+02,1.62468638e+02,1.88222409e-02,-4.24582296e-01,1.17157025e-01,3.36533753e-01,1.61335079e-02,1.41361136e+02,2.09979381e-02,-4.27122445e-01,2.11075015e+01,-2.17569712e-03,2.54014915e-03,1.19405918e-01,3.38972265e-01,1.79665954e-02,-2.24889324e-03,-2.43851228e-03,-1.83308748e-03
8.76000000e+02,1.62466779e+02,2.22240399e-02,-4.20002679e-01,1.17483949e-01,3.35597589e-01,1.65981202e-02,1.41358989e+02,2.37526987e-02,-4.23195180e-01,2.11077894e+01,-1.52865882e-03,3.19250107e-03,1.19689200e-01,3.38107401e-01,1.83608015e-02,-2.20525039e-03,-2.50981198e-03,-1.76268130e-03
8.77000000e+02,1.62493810e+02,1.93038033e-02,-4.18057910e-01,1.17357616e-01,3.34594066e-01,1.59644681e-02,1.41382659e+02,2.14556442e-02,-4.20702892e-01,2.11111512e+01,-2.15184085e-03,2.64498220e-03,1.19595076e-01,3.37052532e-01,1.77889821e-02,-2.23745965e-03,-2.45846615e-03,-1.82451399e-03
8.78000000e+02,1.62493580e+02,2.06722467e-02,-4.16780139e-01,1.17624772e-01,3.34632779e-01,1.58636583e-02,1.41382098e+02,2.22293403e-02,-4.19893465e-01,2.11114819e+01,-1.55709353e-03,3.11332635e-03,1.19822343e-01,3.37136542e-01,1.76264329e-02,-2.19757060e-03,-2.50376251e-03,-1.76277462e-03
8.79000000e+02,1.62523059e+02,1.74645690e-02,-4.22294316e-01,1.17385888e-01,3.34533779e-01,1.50880875e-02,1.41408192e+02,1.96181903e-02,-4.24840417e-01,2.11148678e+01,-2.15362130e-03,2.54610128e-03,1.19616568e-01,3.36988002e-01,1.69054189e-02,-2.23067999e-03,-2.45422361e-03,-1.81733143e-03
8.80000000e+02,1.62520988e+02,2.06200499e-02,-4.17736205e-01,1.17748219e-01,3.33659140e-01,1.54029188e-02,1.41405948e+02,2.21253819e-02,-4.20960881e-01,2.11150392e+01,-1.50533196e-03,3.22467635e-03,1.19936131e-01,3.36185939e-01,1.71497487e-02,-2.18791141e-03,-2.52679926e-03,-1.74682994e-03
8.81000000e+02,1.62547492e+02,1.71811730e-02,-4.15193949e-01,1.17627101e-01,3.32551236e-01,1.44907194e-02,1.41429183e+02,1.93207105e-02,-4.17878879e-01,2.11183091e+01,-2.13953754e-03,2.68492915e-03,1.19848139e-01,3.35029031e-01,1.63011117e-02,-2.22103783e-03,-2.47779475e-03,-1.81039222e-03
8.82000000e+02,1.62546815e+02,1.82587269e-02,-4.13369889e-01,1.17933945e-01,3.32183345e-01,1.41494483e-02,1.41428230e+02,1.97914462e-02,-4.16502863e-01,2.11185843e+01,-1.53271939e-03,3.13297391e-03,1.20115828e-01,3.34703634e-01,1.58951929e-02,-2.18188211e-03,-2.52028872e-03,-1.74574465e-03
8.83000000e+02,1.62575581e+02,1.48773463e-02,-4.18236785e-01,1.17705507e-01,3.31851125e-01,1.31998475e-02,1.41453669e+02,1.70011611e-02,-4.20805813e-01,2.11219117e+01,-2.12381486e-03,2.56902859e-03,1.19921010e-01,3.34318403e-01,1.49966656e-02,-2.21550276e-03,-2.46727768e-03,-1.79681813e-03
8.84000000e+02,1.62573017e+02,1.80670144e-02,-4.14432185e-01,1.18053526e-01,3.31364280e-01,1.35754014e-02,1.41450925e+02,1.95464263e-02,-4.17663619e-01,2.11220914e+01,-1.47941187e-03,3.23143350e-03,1.20227039e-01,3.33899746e-01,1.52988082e-02,-2.17351354e-03,-2.53546662e-03,-1.72340678e-03
8.85000000e+02,1.62599451e+02,1.47100759e-02,-4.12718027e-01,1.17912827e-01,3.30502148e-01,1.25965300e-02,1.41474101e+02,1.68079081e-02,-4.15397455e-01,2.11253495e+01,-2.09783221e-03,2.67942876e-03,1.20120097e-01,3.32984447e-01,1.43784853e-02,-2.20727007e-03,-2.48229932e-03,-1.78195521e-03
8.86000000e+02,1.62598782e+02,1.58263629e-02,-4.10991682e-01,1.18173776e-01,3.30300996e-01,1.24284181e-02,1.41473200e+02,1.73246665e-02,-4.14134548e-01,2.11255818e+01,-1.49830357e-03,3.14286588e-03,1.20342260e-01,3.32824753e-01,1.41449529e-02,-2.16848456e-03,-2.52375653e-03,-1.71653484e-03
8.87000000e+02,1.62627725e+02,1.26686557e-02,-4.15844550e-01,1.17903351e-01,3.30230346e-01,1.16918712e-02,1.41498867e+02,1.47515136e-02,-4.18435837e-01,2.11288580e+01,-2.08285798e-03,2.59128666e-03,1.20106044e-01,3.32705100e-01,1.34577327e-02,-2.20269285e-03,-2.47475393e-03,-1.76586142e-03
8.88000000e+02,1.62625120e+02,1.65200934e-02,-4.11588860e-01,1.18221160e-01,3.29395413e-01,1.23258270e-02,1.41496140e+02,1.79536407e-02,-4.14827175e-01,2.11289807e+01,-1.43354731e-03,3.23831460e-03,1.20381839e-01,3.31937558e-01,1.40199971e-02,-2.16067857e-03,-2.54214510e-03,-1.69417007e-03
8.89000000e+02,1.62651281e+02,1.34007122e-02,-4.09710151e-01,1.18041402e-01,3.28413571e-01,1.15962994e-02,1.41519109e+02,1.54655037e-02,-4.12395438e-01,2.11321722e+01,-2.06479151e-03,2.68528724e-03,1.20235528e-01,3.30903323e-01,1.33517350e-02,-2.19412655e-03,-2.48975135e-03,-1.75543559e-03
8.90000000e+02,1.62650145e+02,1.49272851e-02,-4.08425606e-01,1.18266041e-01,3.28346957e-01,1.16442985e-02,1.41517801e+02,1.63892318e-02,-4.11574944e-01,2.11323440e+01,-1.46194673e-03,3.14933818e-03,1.20421382e-01,3.30878528e-01,1.33349248e-02,-2.15534091e-03,-2.53157010e-03,-1.69062633e-03
8.91000000e+02,1.62678447e+02,1.25681453e-02,-4.14081050e-01,1.17943696e-01,3.28493664e-01,1.12682586e-02,1.41542874e+02,1.46108644e-02,-4.16666755e-01,2.11355727e+01,-2.04271913e-03,2.58570555e-03,1.20132914e-01,3.30974292e-01,1.30088811e-02,-2.18921810e-03,-2.48062715e-03,-1.74062254e-03
8.92000000e+02,1.62675225e+02,1.66617758e-02,-4.09887691e-01,1.18193615e-01,3.27934127e-01,1.21927137e-02,1.41539616e+02,1.80656146e-02,-4.13150426e-01,2.11356088e+01,-1.40383874e-03,3.26273494e-03,1.20340548e-01,3.30485033e-01,1.38658153e-02,-2.14693338e-03,-2.55090604e-03,-1.67310168e-03
8.93000000e+02,1.62700663e+02,1.36573684e-02,-4.08139418e-01,1.17966952e-01,3.27217875e-01,1.17294640e-02,1.41561936e+02,1.57038858e-02,-4.10837985e-01,2.11387270e+01,-2.04651741e-03,2.69856761e-03,1.20147202e-01,3.29715233e-01,1.34679051e-02,-2.18025057e-03,-2.49735878e-03,-1.73844106e-03
8.94000000e+02,1.62699050e+02,1.53651679e-02,-4.07282962e-01,1.18156723e-01,3.27349653e-01,1.19768780e-02,1.41560199e+02,1.68121337e-02,-4.10446104e-01,2.11388514e+01,-1.44696581e-03,3.16314226e-03,1.20297752e-01,3.29891938e-01,1.36529250e-02,-2.14102896e-03,-2.54228561e-03,-1.67604700e-03
8.95000000e+02,1.62727158e+02,1.30751233e-02,-4.12785559e-01,1.17839490e-01,3.27489408e-01,1.15368497e-02,1.41585107e+02,1.51073137e-02,-4.15394917e-01,2.11420506e+01,-2.03219047e-03,2.60935809e-03,1.20013669e-01,3.29983726e-01,1.32670417e-02,-2.17417872e-03,-2.49431770e-03,-1.73019201e-03
8.96000000e+02,1.62723709e+02,1.70096740e-02,-4.08872099e-01,1.18106368e-01,3.26890076e-01,1.23062040e-02,1.41581606e+02,1.84061075e-02,-4.12131366e-01,2.11421036e+01,-1.39643358e-03,3.25926711e-03,1.20237717e-01,3.29454812e-01,1.39685652e-02,-2.13134858e-03,-2.56473656e-03,-1.66236118e-03
8.97000000e+02,1.62749410e+02,1.35028150e-02,-4.07016094e-01,1.17915044e-01,3.25914939e-01,1.14858164e-02,1.41604180e+02,1.55473703e-02,-4.09738738e-01,2.11452293e+01,-2.04455533e-03,2.72264401e-03,1.20079539e-01,3.28431399e-01,1.32160483e-02,-2.16449551e-03,-2.51645964e-03,-1.73023187e-03
8.98000000e+02,1.62747723e+02,1.47767019e-02,-4.05499218e-01,1.18138617e-01,3.25819966e-01,1.14304850e-02,1.41602419e+02,1.62116222e-02,-4.08700783e-01,2.11453042e+01,-1.43492031e-03,3.20156466e-03,1.20263762e-01,3.28382499e-01,1.30998166e-02,-2.12514565e-03,-2.56253305e-03,-1.66933157e-03
8.99000000e+02,1.62775405e+02,1.21810395e-02,-4.10330121e-01,1.17842938e-01,3.25599613e-01,1.08545016e-02,1.41626961e+02,1.41997591e-02,-4.12975075e-01,2.11484439e+01,-2.01871969e-03,2.64495450e-03,1.20001552e-01,3.28114812e-01,1.25757683e-02,-2.15861456e-03,-2.51519876e-03,-1.72126666e-03
9.00000000e+02,1.62771792e+02,1.62342651e-02,-4.05794447e-01,1.18161128e-01,3.24620562e-01,1.15620642e-02,1.41623380e+02,1.76146116e-02,-4.09078367e-01,2.11484119e+01,-1.38034647e-03,3.28392020e-03,1.20277225e-01,3.27204369e-01,1.32138260e-02,-2.11609764e-03,-2.58380756e-03,-1.65176175e-03
9.01000000e+02,1.62797015e+02,1.28822481e-02,-4.03590186e-01,1.18012872e-01,3.23458801e-01,1.08336251e-02,1.41645529e+02,1.49049168e-02,-4.06332369e-01,2.11514858e+01,-2.02266874e-03,2.74218277e-03,1.20162066e-01,3.25993183e-01,1.25511793e-02,-2.14919379e-03,-2.53438179e-03,-1.71755419e-03
9.02000000e+02,1.62794827e+02,1.35371196e-02,-4.02014628e-01,1.18294750e-01,3.23203501e-01,1.06214021e-02,1.41643318e+02,1.49603004e-02,-4.05231182e-01,2.11515092e+01,-1.42318078e-03,3.21655348e-03,1.20404746e-01,3.25783555e-01,1.22773690e-02,-2.10999588e-03,-2.58005376e-03,-1.65596698e-03
9.03000000e+02,1.62822325e+02,1.09906478e-02,-4.07277398e-01,1.18061289e-01,3.23011712e-01,9.78168133e-03,1.41667709e+02,1.29813073e-02,-4.09927542e-01,2.11546159e+01,-1.99065950e-03,2.65014402e-03,1.20205013e-01,3.25541615e-01,1.14883473e-02,-2.14372385e-03,-2.52990302e-03,-1.70666596e-03
9.04000000e+02,1.62818310e+02,1.46804700e-02,-4.02899173e-01,1.18427170e-01,3.22152967e-01,1.03004839e-02,1.41663750e+02,1.60454340e-02,-4.06215629e-01,2.11545597e+01,-1.36496399e-03,3.31645632e-03,1.20528504e-01,3.24750516e-01,1.19395859e-02,-2.10133471e-03,-2.59754886e-03,-1.63910201e-03
9.05000000e+02,1.62843245e+02,1.10024567e-02,-4.00580052e-01,1.18319246e-01,3.21108945e-01,9.45248916e-03,1.41685656e+02,1.30113628e-02,-4.03346306e-01,2.11575885e+01,-2.00890609e-03,2.76625453e-03,1.20454417e-01,3.23653981e-01,1.11569353e-02,-2.13517141e-03,-2.54503567e-03,-1.70444616e-03
9.06000000e+02,1.62841016e+02,1.14328869e-02,-3.98846157e-01,1.18643113e-01,3.20796879e-01,8.92538002e-03,1.41683400e+02,1.28407546e-02,-4.02072182e-01,2.11576167e+01,-1.40786773e-03,3.22602517e-03,1.20739494e-01,3.23382147e-01,1.05681452e-02,-2.09638168e-03,-2.58526799e-03,-1.64276521e-03
9.07000000e+02,1.62868175e+02,8.32029035e-03,-4.04290868e-01,1.18434894e-01,3.20793029e-01,7.94460969e-03,1.41707501e+02,1.03114304e-02,-4.06942661e-01,2.11606735e+01,-1.99114002e-03,2.65179309e-03,1.20565585e-01,3.23322265e-01,9.63891326e-03,-2.13069148e-03,-2.52923583e-03,-1.69430357e-03
9.08000000e+02,1.62863989e+02,1.16943685e-02,-4.00213542e-01,1.18802925e-01,3.20176649e-01,8.30010744e-03,1.41703387e+02,1.30424691e-02,-4.03527537e-01,2.11606027e+01,-1.34810060e-03,3.31399539e-03,1.20891830e-01,3.22773241e-01,9.92375056e-03,-2.08890440e-03,-2.59659198e-03,-1.62364311e-03
9.09000000e+02,1.62888647e+02,7.51645601e-03,-3.98630877e-01,1.18677650e-01,3.19530732e-01,7.11647539e-03,1.41725055e+02,9.50192275e-03,-4.01400716e-01,2.11635920e+01,-1.98546674e-03,2.76983875e-03,1.20801128e-01,3.22074477e-01,8.80279063e-03,-2.12347745e-03,-2.54374469e-03,-1.68631524e-03
9.10000000e+02,1.62886041e+02,8.19944118e-03,-3.97388833e-01,1.18961922e-01,3.19547288e-01,6.71646833e-03,1.41722486e+02,9.57589732e-03,-4.00612671e-01,2.11635555e+01,-1.37645614e-03,3.22383792e-03,1.21047065e-01,3.22130863e-01,8.34043673e-03,-2.08514276e-03,-2.58357430e-03,-1.62396840e-03
9.11000000e+02,1.62913059e+02,5.50252222e-03,-4.02866301e-01,1.18690227e-01,3.19678607e-01,5.95157496e-03,1.41746460e+02,7.45128397e-03,-4.05514595e-01,2.11665987e+01,-1.94876175e-03,2.64829357e-03,1.20810307e-01,3.22208526e-01,7.62307765e-03,-2.12008034e-03,-2.52991923e-03,-1.67150269e-03
9.12000000e+02,1.62908535e+02,8.98356164e-03,-3.98704652e-01,1.19029730e-01,3.18923753e-01,6.34275752e-03,1.41742078e+02,1.02990173e-02,-4.02016761e-01,2.11664576e+01,-1.31545567e-03,3.31210853e-03,1.21108492e-01,3.21521202e-01,7.94078864e-03,-2.07876190e-03,-2.59744865e-03,-1.59803112e-03
9.13000000e+02,1.62932840e+02,5.45616679e-03,-3.97108273e-01,1.18859466e-01,3.18114115e-01,5.44866678e-03,1.41763447e+02,7.40079435e-03,-3.99868810e-01,2.11693930e+01,-1.94462756e-03,2.76053718e-03,1.20972862e-01,3.20657676e-01,7.10678259e-03,-2.11339622e-03,-2.54356018e-03,-1.65811580e-03
9.14000000e+02,1.62929851e+02,6.54966855e-03,-3.95557138e-01,1.19095039e-01,3.17989658e-01,5.47150558e-03,1.41760514e+02,7.88552263e-03,-3.98787123e-01,2.11693375e+01,-1.33585408e-03,3.22998429e-03,1.21169993e-01,3.20575243e-01,7.06341758e-03,-2.07495412e-03,-2.58558546e-03,-1.59191199e-03
9.15000000e+02,1.62956840e+02,4.45138250e-03,-4.00996239e-01,1.18799309e-01,3.17966296e-01,5.14892152e-03,1.41784494e+02,6.36409663e-03,-4.03645242e-01,2.11723463e+01,-1.91271413e-03,2.64900298e-03,1.20909093e-01,3.20495172e-01,6.78875671e-03,-2.10978422e-03,-2.52887597e-03,-1.63983518e-03
9.16000000e+02,1.62952126e+02,8.74547919e-03,-3.96791174e-01,1.19106153e-01,3.17237423e-01,6.00994819e-03,1.41779939e+02,1.00196905e-02,-4.00107846e-01,2.11721869e+01,-1.27421136e-03,3.31667200e-03,1.21174205e-01,3.19831575e-01,7.57800104e-03,-2.06805199e-03,-2.59415174e-03,-1.56805285e-03
9.17000000e+02,1.62976516e+02,5.57616863e-03,-3.94475737e-01,1.18916934e-01,3.16291285e-01,5.66078736e-03,1.41801420e+02,7.49674349e-03,-3.97254203e-01,2.11750955e+01,-1.92057486e-03,2.77846602e-03,1.21019572e-01,3.18832641e-01,7.29311885e-03,-2.10263730e-03,-2.54135535e-03,-1.63233149e-03
9.18000000e+02,1.62973594e+02,7.29300429e-03,-3.92649241e-01,1.19155296e-01,3.16009154e-01,5.90391186e-03,1.41798606e+02,8.59519726e-03,-3.95880655e-01,2.11749884e+01,-1.30219297e-03,3.23141448e-03,1.21219431e-01,3.18591300e-01,7.47291447e-03,-2.06413505e-03,-2.58214669e-03,-1.56900261e-03
9.19000000e+02,1.63000234e+02,5.40217871e-03,-3.97856657e-01,1.18849766e-01,3.15848497e-01,5.76023435e-03,1.41822301e+02,7.30060432e-03,-4.00505620e-01,2.11779327e+01,-1.89842561e-03,2.64896298e-03,1.20948574e-01,3.18374724e-01,7.38397816e-03,-2.09880780e-03,-2.52622720e-03,-1.62374382e-03
9.20000000e+02,1.62995142e+02,9.75317724e-03,-3.94215278e-01,1.19158054e-01,3.15155377e-01,6.84928565e-03,1.41817403e+02,1.10228337e-02,-3.97504887e-01,2.11777387e+01,-1.26965645e-03,3.28960830e-03,1.21214802e-01,3.17745172e-01,8.40384941e-03,-2.05674823e-03,-2.58979495e-03,-1.55456376e-03
9.21000000e+02,1.63019188e+02,7.15337519e-03,-3.92563667e-01,1.18974360e-01,3.14240181e-01,6.51425297e-03,1.41838565e+02,9.05192476e-03,-3.95320041e-01,2.11806236e+01,-1.89854957e-03,2.75637421e-03,1.21065722e-01,3.16778711e-01,8.13391269e-03,-2.09136121e-03,-2.53853075e-03,-1.61965972e-03
9.22000000e+02,1.63015878e+02,8.71546352e-03,-3.90552310e-01,1.19203607e-01,3.13825746e-01,6.79713008e-03,1.41835383e+02,9.99656512e-03,-3.93785567e-01,2.11804948e+01,-1.28110159e-03,3.23325716e-03,1.21256060e-01,3.16408330e-01,8.35564219e-03,-2.05245247e-03,-2.58258416e-03,-1.55851211e-03
9.23000000e+02,1.63042246e+02,6.62100849e-03,-3.94921715e-01,1.18906176e-01,3.13336071e-01,6.52720436e-03,1.41858817e+02,8.49478658e-03,-3.97581759e-01,2.11834298e+01,-1.87377809e-03,2.66004420e-03,1.20993247e-01,3.15863427e-01,8.13861542e-03,-2.08707117e-03,-2.52735608e-03,-1.61141106e-03
9.24000000e+02,1.63037021e+02,1.07282448e-02,-3.90218443e-01,1.19190035e-01,3.12140564e-01,7.39588995e-03,1.41853842e+02,1.19932268e-02,-3.93528828e-01,2.11831790e+01,-1.26498199e-03,3.31038442e-03,1.21234947e-01,3.14731613e-01,8.94448627e-03,-2.04491148e-03,-2.59104856e-03,-1.54859632e-03
9.25000000e+02,1.63060739e+02,7.80895338e-03,-3.87780929e-01,1.19006440e-01,3.10867085e-01,6.80572397e-03,1.41874702e+02,9.70093551e-03,-3.90541009e-01,2.11860364e+01,-1.89198213e-03,2.76007997e-03,1.21085694e-01,3.13402285e-01,8.42296449e-03,-2.07925443e-03,-2.53519986e-03,-1.61724052e-03
9.26000000e+02,1.63057111e+02,9.18990897e-03,-3.85792747e-01,1.19255756e-01,3.10268554e-01,6.78962681e-03,1.41871231e+02,1.04747936e-02,-3.89007095e-01,2.11858794e+01,-1.28488460e-03,3.21434766e-03,1.21296131e-01,3.12843626e-01,8.34977324e-03,-2.04037426e-03,-2.57507216e-03,-1.56014643e-03
9.27000000e+02,1.63083519e+02,6.16481703e-03,-3.90885513e-01,1.18967320e-01,3.10026140e-01,6.11321421e-03,1.41894729e+02,8.06664517e-03,-3.93517461e-01,2.11887901e+01,-1.90182815e-03,2.63194786e-03,1.21042622e-01,3.12541502e-01,7.73295730e-03,-2.07530210e-03,-2.51536278e-03,-1.61974310e-03
9.28000000e+02,1.63078578e+02,9.47116498e-03,-3.86133638e-01,1.19299189e-01,3.08827874e-01,6.48096052e-03,1.41890039e+02,1.07377224e-02,-3.89421585e-01,2.11885399e+01,-1.26655742e-03,3.28794665e-03,1.21332531e-01,3.11405398e-01,8.03592063e-03,-2.03334285e-03,-2.57752391e-03,-1.55496011e-03
9.29000000e+02,1.63102116e+02,6.11445092e-03,-3.83316816e-01,1.19165209e-01,3.07371494e-01,5.52573976e-03,1.41910786e+02,8.00477753e-03,-3.86062619e-01,2.11913294e+01,-1.89032661e-03,2.74580338e-03,1.21233402e-01,3.09892862e-01,7.14471883e-03,-2.06819340e-03,-2.52136825e-03,-1.61897906e-03
9.30000000e+02,1.63098174e+02,7.07456175e-03,-3.80720285e-01,1.19428923e-01,3.06588104e-01,5.16406164e-03,1.41907054e+02,8.36862347e-03,-3.83922401e-01,2.11911198e+01,-1.29406172e-03,3.20211605e-03,1.21458737e-01,3.09144989e-01,6.72276380e-03,-2.02981330e-03,-2.55688478e-03,-1.55870215e-03
9.31000000e+02,1.63123920e+02,3.67539954e-03,-3.85379788e-01,1.19164126e-01,3.06218587e-01,4.05047560e-03,1.41929960e+02,5.55433039e-03,-3.88001622e-01,2.11939598e+01,-1.87893085e-03,2.62183430e-03,1.21229078e-01,3.08714040e-01,5.66065847e-03,-2.06495243e-03,-2.49545268e-03,-1.61018287e-03
9.32000000e+02,1.63118049e+02,6.53643073e-03,-3.80828118e-01,1.19511357e-01,3.05202188e-01,4.25080612e-03,1.41924385e+02,7.79610058e-03,-3.84094617e-01,2.11936647e+01,-1.25966985e-03,3.26649901e-03,1.21534610e-01,3.07759577e-01,5.79361616e-03,-2.02325339e-03,-2.55738922e-03,-1.54281004e-03
9.33000000e+02,1.63141245e+02,2.59817610e-03,-3.79140292e-01,1.19377032e-01,3.04189501e-01,3.05018087e-03,1.41944799e+02,4.48972736e-03,-3.81846498e-01,2.11964465e+01,-1.89155127e-03,2.70620622e-03,1.21435254e-01,3.06690467e-01,4.65747808e-03,-2.05822191e-03,-2.50096659e-03,-1.60729721e-03
9.34000000e+02,1.63137027e+02,3.14837459e-03,-3.77428297e-01,1.19673202e-01,3.03683170e-01,2.47965031e-03,1.41940840e+02,4.42521272e-03,-3.80586264e-01,2.11961879e+01,-1.27683813e-03,3.15796672e-03,1.21692767e-01,3.06218016e-01,4.02431446e-03,-2.01956479e-03,-2.53484648e-03,-1.54466415e-03
9.35000000e+02,1.63162446e+02,-4.58222584e-04,-3.82136395e-01,1.19446033e-01,3.03536242e-01,1.35405466e-03,1.41963424e+02,1.39347920e-03,-3.84739281e-01,2.11990225e+01,-1.85170178e-03,2.60288656e-03,1.21501028e-01,3.06014343e-01,2.94602161e-03,-2.05499492e-03,-2.47810033e-03,-1.59196695e-03
9.36000000e+02,1.63156407e+02,2.40239354e-03,-3.77814814e-01,1.19803741e-01,3.02676153e-01,1.34754594e-03,1.41957735e+02,3.62245449e-03,-3.81056117e-01,2.11986713e+01,-1.22006095e-03,3.24130331e-03,1.21817251e-01,3.05213628e-01,2.86715249e-03,-2.01351001e-03,-2.53747537e-03,-1.51960655e-03
9.37000000e+02,1.63179642e+02,-1.15249399e-03,-3.76403876e-01,1.19673836e-01,3.01912427e-01,2.30102380e-04,1.41978196e+02,6.91075938e-04,-3.79088441e-01,2.12014454e+01,-1.84356993e-03,2.68456513e-03,1.21722586e-01,3.04391165e-01,1.80790011e-03,-2.04874963e-03,-2.47873748e-03,-1.57779773e-03
9.38000000e+02,1.63175115e+02,3.14446113e-04,-3.75273270e-01,1.19959097e-01,3.01878997e-01,1.11419139e-04,1.41973919e+02,1.53743123e-03,-3.78410185e-01,2.12011963e+01,-1.22298512e-03,3.13691496e-03,1.21969473e-01,3.04393546e-01,1.62130862e-03,-2.01037593e-03,-2.51454856e-03,-1.50988949e-03
9.39000000e+02,1.63200301e+02,-2.69125757e-03,-3.80531928e-01,1.19709564e-01,3.01763740e-01,-5.71496140e-04,1.41996292e+02,-8.73216377e-04,-3.83102304e-01,2.12040092e+01,-1.81804119e-03,2.57037584e-03,1.21755801e-01,3.04223229e-01,9.87869211e-04,-2.04623683e-03,-2.45948826e-03,-1.55936535e-03
9.40000000e+02,1.63194391e+02,9.47792058e-04,-3.75969313e-01,1.20046581e-01,3.01010896e-01,5.84374967e-05,1.41990711e+02,2.12709307e-03,-3.79210601e-01,2.12036794e+01,-1.17930102e-03,3.24128792e-03,1.22051323e-01,3.03533713e-01,1.54587028e-03,-2.00474199e-03,-2.52281693e-03,-1.48743278e-03
9.41000000e+02,1.63217569e+02,-2.27592224e-03,-3.74467222e-01,1.19898586e-01,3.00273470e-01,-6.61812531e-04,1.42011169e+02,-4.67631066e-04,-3.77135785e-01,2.12064004e+01,-1.80829118e-03,2.66856334e-03,1.21938912e-01,3.02737042e-01,8.87785993e-04,-2.04032559e-03,-2.46357250e-03,-1.54959852e-03
9.42000000e+02,1.63213105e+02,-7.68313314e-04,-3.73299914e-01,1.20147050e-01,3.00210801e-01,-5.19394592e-04,1.42007002e+02,4.46117158e-04,-3.76426724e-01,2.12061027e+01,-1.21443047e-03,3.12680982e-03,1.22149286e-01,3.02712516e-01,9.71551556e-04,-2.00223655e-03,-2.50171537e-03,-1.49094615e-03
9.43000000e+02,1.63238411e+02,-3.40624685e-03,-3.78330610e-01,1.19868788e-01,3.00100868e-01,-1.05717035e-03,1.42029520e+02,-1.60567228e-03,-3.80895134e-01,2.12088910e+01,-1.80057457e-03,2.56452364e-03,1.21906853e-01,3.02545998e-01,4.85922994e-04,-2.03806589e-03,-2.44512998e-03,-1.54309335e-03
9.44000000e+02,1.63231925e+02,4.88075570e-04,-3.73988953e-01,1.20194782e-01,2.99279635e-01,-2.50127412e-04,1.42023423e+02,1.65244111e-03,-3.77195271e-01,2.12085016e+01,-1.16436554e-03,3.20631882e-03,1.22191440e-01,3.01784804e-01,1.22134036e-03,-1.99665741e-03,-2.50516899e-03,-1.47146777e-03
9.45000000e+02,1.63254725e+02,-2.22210162e-03,-3.72481183e-01,1.20037611e-01,2.98300554e-01,-6.88188609e-04,1.42043538e+02,-4.29581819e-04,-3.75123809e-01,2.12111866e+01,-1.79251980e-03,2.64262592e-03,1.22069965e-01,3.00751012e-01,8.46649158e-04,-2.03235361e-03,-2.45045796e-03,-1.53483777e-03
9.46000000e+02,1.63250312e+02,-4.24218678e-04,-3.70954192e-01,1.20319384e-01,2.97856966e-01,-5.40407309e-04,1.42039444e+02,7.52941637e-04,-3.74069637e-01,2.12108682e+01,-1.17716032e-03,3.11544493e-03,1.22313376e-01,3.00347340e-01,9.33163069e-04,-1.99399241e-03,-2.49037480e-03,-1.47357038e-03
9.47000000e+02,1.63275213e+02,-3.08791115e-03,-3.74767497e-01,1.20077615e-01,2.97190396e-01,-1.00016986e-03,1.42061595e+02,-1.30868999e-03,-3.77329967e-01,2.12136180e+01,-1.77922116e-03,2.56247005e-03,1.22107432e-01,2.99627284e-01,5.26377153e-04,-2.02981753e-03,-2.43688768e-03,-1.52654701e-03
9.48000000e+02,1.63268438e+02,9.22051099e-04,-3.68914114e-01,1.20405763e-01,2.95470485e-01,-2.50665784e-04,1.42055237e+02,2.06694312e-03,-3.72123898e-01,2.12132010e+01,-1.14489202e-03,3.20978433e-03,1.22394044e-01,2.97968229e-01,1.20676708e-03,-1.98828080e-03,-2.49774363e-03,-1.45743287e-03
9.49000000e+02,1.63291001e+02,-1.98788495e-03,-3.66361458e-01,1.20264507e-01,2.93773708e-01,-8.73699858e-04,1.42075143e+02,-2.13001500e-04,-3.68998940e-01,2.12158574e+01,-1.77488345e-03,2.63748238e-03,1.22288386e-01,2.96211525e-01,6.49973290e-04,-2.02387922e-03,-2.43781727e-03,-1.52367315e-03
9.50000000e+02,1.63286207e+02,-5.40368905e-04,-3.63911835e-01,1.20554015e-01,2.92663800e-01,-8.04403549e-04,1.42070711e+02,6.41628982e-04,-3.67008295e-01,2.12154965e+01,-1.18199789e-03,3.09645987e-03,1.22539412e-01,2.95139009e-01,6.61389387e-04,-1.98539613e-03,-2.47520895e-03,-1.46579294e-03
9.51000000e+02,1.63311111e+02,-3.43347919e-03,-3.67810087e-01,1.20313591e-01,2.91748967e-01,-1.53844285e-03,1.42092899e+02,-1.66056979e-03,-3.70342208e-01,2.12182119e+01,-1.77290940e-03,2.53212063e-03,1.22334907e-01,2.94166892e-01,-1.80535341e-05,-2.02131675e-03,-2.41792489e-03,-1.52038931e-03
9.52000000e+02,1.63304333e+02,-1.41182028e-05,-3.61869825e-01,1.20683181e-01,2.90020967e-01,-1.07423045e-03,1.42086565e+02,1.12168968e-03,-3.65048879e-01,2.12177681e+01,-1.13580788e-03,3.17905437e-03,1.22662927e-01,2.92496342e-01,3.79031447e-04,-1.97974652e-03,-2.47537526e-03,-1.45326190e-03
9.53000000e+02,1.63326710e+02,-3.78973047e-03,-3.59011245e-01,1.20580137e-01,2.88285370e-01,-2.08712664e-03,1.42106297e+02,-2.00297739e-03,-3.61622757e-01,2.12204127e+01,-1.78675308e-03,2.61151186e-03,1.22595703e-01,2.90700385e-01,-5.67547587e-04,-2.01556621e-03,-2.41501466e-03,-1.51957905e-03
9.54000000e+02,1.63321677e+02,-2.49513045e-03,-3.56389304e-01,1.20888735e-01,2.87053005e-01,-2.28708914e-03,1.42101645e+02,-1.33339574e-03,-3.59460982e-01,2.12200321e+01,-1.16173471e-03,3.07167822e-03,1.22866029e-01,2.89505751e-01,-8.29075469e-04,-1.97729425e-03,-2.45274638e-03,-1.45801368e-03
9.55000000e+02,1.63346329e+02,-5.90088701e-03,-3.60015875e-01,1.20673043e-01,2.85853212e-01,-3.53491167e-03,1.42123627e+02,-4.13788603e-03,-3.62508719e-01,2.12227030e+01,-1.76300098e-03,2.49284449e-03,1.22686585e-01,2.88243799e-01,-2.02239606e-03,-2.01354157e-03,-2.39058696e-03,-1.51251561e-03
9.56000000e+02,1.63339222e+02,-2.95059420e-03,-3.54321164e-01,1.21061483e-01,2.84222385e-01,-3.31433111e-03,1.42116984e+02,-1.81607952e-03,-3.57461964e-01,2.12222376e+01,-1.13451468e-03,3.14079970e-03,1.23033754e-01,2.86668959e-01,-1.87084014e-03,-1.97227083e-03,-2.44657386e-03,-1.44349097e-03
9.57000000e+02,1.63361306e+02,-6.62078642e-03,-3.51682376e-01,1.20936776e-01,2.82676625e-01,-4.46701677e-03,1.42136445e+02,-4.86047780e-03,-3.54261446e-01,2.12248614e+01,-1.76030862e-03,2.57907018e-03,1.22945394e-01,2.85060642e-01,-2.95929390e-03,-2.00861787e-03,-2.38401653e-03,-1.50772288e-03
9.58000000e+02,1.63355977e+02,-6.20761400e-03,-3.49698563e-01,1.21228196e-01,2.81936857e-01,-5.12238826e-03,1.42131499e+02,-5.04171180e-03,-3.52723210e-01,2.12244784e+01,-1.16590220e-03,3.02464672e-03,1.23199056e-01,2.84348167e-01,-3.67112647e-03,-1.97085974e-03,-2.41130990e-03,-1.45126180e-03
9.59000000e+02,1.63380412e+02,-1.05584194e-02,-3.54302329e-01,1.20977365e-01,2.81586225e-01,-6.66164707e-03,1.42153235e+02,-8.79069208e-03,-3.56738742e-01,2.12271763e+01,-1.76772735e-03,2.43641292e-03,1.22984775e-01,2.83930459e-01,-5.15720308e-03,-2.00740933e-03,-2.34423383e-03,-1.50444399e-03
9.60000000e+02,1.63373203e+02,-7.49871550e-03,-3.49879735e-01,1.21304266e-01,2.80628007e-01,-6.72395710e-03,1.42146521e+02,-6.38993836e-03,-3.52940729e-01,2.12266818e+01,-1.10877714e-03,3.06099426e-03,1.23270671e-01,2.83024728e-01,-5.29420925e-03,-1.96640510e-03,-2.39672062e-03,-1.42974786e-03
9.61000000e+02,1.63395066e+02,-1.12235917e-02,-3.47892093e-01,1.21155473e-01,2.79404367e-01,-8.02948443e-03,1.42165807e+02,-9.49233687e-03,-3.50398014e-01,2.12292590e+01,-1.73125482e-03,2.50592082e-03,1.23158210e-01,2.81739977e-01,-6.53957866e-03,-2.00273630e-03,-2.33561008e-03,-1.48990577e-03
9.62000000e+02,1.63389469e+02,-1.10669913e-02,-3.45961218e-01,1.21468821e-01,2.78887743e-01,-8.76124560e-03,1.42160639e+02,-9.92315925e-03,-3.48929029e-01,2.12288304e+01,-1.14383202e-03,2.96781065e-03,1.23433621e-01,2.81257965e-01,-7.33154577e-03,-1.96479956e-03,-2.37022188e-03,-1.42969983e-03
9.63000000e+02,1.63413728e+02,-1.47146977e-02,-3.50930391e-01,1.21210685e-01,2.78531711e-01,-1.00390093e-02,1.42182245e+02,-1.29938097e-02,-3.53317533e-01,2.12314825e+01,-1.72088795e-03,2.38714281e-03,1.23212247e-01,2.80839674e-01,-8.56137785e-03,-2.00156143e-03,-2.30796351e-03,-1.47763147e-03
9.64000000e+02,1.63406322e+02,-1.20613438e-02,-3.46349121e-01,1.21560278e-01,2.77640079e-01,-1.01091456e-02,1.42175329e+02,-1.09798747e-02,-3.49392753e-01,2.12309933e+01,-1.08146907e-03,3.04363217e-03,1.23520363e-01,2.80004189e-01,-8.70482368e-03,-1.96008504e-03,-2.36410944e-03,-1.40432194e-03
9.65000000e+02,1.63428325e+02,-1.53655857e-02,-3.44452198e-01,1.21446734e-01,2.76678873e-01,-1.10450185e-02,1.42194730e+02,-1.36708096e-02,-3.46925541e-01,2.12335958e+01,-1.69477609e-03,2.47334305e-03,1.23443119e-01,2.78981346e-01,-9.58350033e-03,-1.99638505e-03,-2.30247302e-03,-1.46151822e-03
9.66000000e+02,1.63422731e+02,-1.41868553e-02,-3.42857222e-01,1.21752764e-01,2.76273414e-01,-1.14305542e-02,1.42189591e+02,-1.30977055e-02,-3.45787551e-01,2.12331403e+01,-1.08914980e-03,2.93032922e-03,1.23711274e-01,2.78610424e-01,-1.00334415e-02,-1.95850968e-03,-2.33700979e-03,-1.39711273e-03
9.67000000e+02,1.63447222e+02,-1.77418660e-02,-3.47366446e-01,1.21520771e-01,2.75901159e-01,-1.24606208e-02,1.42211442e+02,-1.60515487e-02,-3.49724691e-01,2.12357800e+01,-1.69031729e-03,2.35824456e-03,1.23515825e-01,2.78178294e-01,-1.10121416e-02,-1.99505393e-03,-2.27713523e-03,-1.44847918e-03
9.68000000e+02,1.63439744e+02,-1.45102559e-02,-3.42846427e-01,1.21915693e-01,2.74892459e-01,-1.21706229e-02,1.42204504e+02,-1.34623379e-02,-3.45839255e-01,2.12352399e+01,-1.04791802e-03,2.99282769e-03,1.23869494e-01,2.77225508e-01,-1.07954723e-02,-1.95380092e-03,-2.33304835e-03,-1.37515067e-03
9.69000000e+02,1.63461232e+02,-1.72755320e-02,-3.41174752e-01,1.21823614e-01,2.73797194e-01,-1.27539939e-02,1.42223482e+02,-1.56091572e-02,-3.43603042e-01,2.12377507e+01,-1.66637480e-03,2.42829006e-03,1.23813954e-01,2.76072485e-01,-1.13197902e-02,-1.99033941e-03,-2.27529158e-03,-1.43420365e-03
9.70000000e+02,1.63455313e+02,-1.58566688e-02,-3.39266921e-01,1.22169452e-01,2.73090544e-01,-1.27734303e-02,1.42218033e+02,-1.47962069e-02,-3.42169983e-01,2.12372801e+01,-1.06046191e-03,2.90306210e-03,1.24121737e-01,2.75404099e-01,-1.14006188e-02,-1.95228455e-03,-2.31355495e-03,-1.37281144e-03
9.71000000e+02,1.63479266e+02,-1.90014831e-02,-3.43677840e-01,1.21973869e-01,2.72570106e-01,-1.35449672e-02,1.42239388e+02,-1.73469937e-02,-3.46002659e-01,2.12398783e+01,-1.65448943e-03,2.32481920e-03,1.23962970e-01,2.74823249e-01,-1.21223619e-02,-1.98910115e-03,-2.25314270e-03,-1.42260520e-03
9.72000000e+02,1.63471660e+02,-1.50468391e-02,-3.38121385e-01,1.22372474e-01,2.71192113e-01,-1.28032594e-02,1.42232338e+02,-1.40502019e-02,-3.41094285e-01,2.12393215e+01,-9.96637148e-04,2.97290012e-03,1.24320559e-01,2.73503282e-01,-1.14548436e-02,-1.94808473e-03,-2.31116894e-03,-1.34841585e-03
9.73000000e+02,1.63493505e+02,-1.78095181e-02,-3.36023081e-01,1.22275486e-01,2.69875627e-01,-1.34914196e-02,1.42251623e+02,-1.61837081e-02,-3.38427793e-01,2.12418820e+01,-1.62581005e-03,2.40471224e-03,1.24260291e-01,2.72124442e-01,-1.20786600e-02,-1.98480569e-03,-2.24881567e-03,-1.41275951e-03
9.74000000e+02,1.63487497e+02,-1.63580332e-02,-3.33655689e-01,1.22611432e-01,2.68842210e-01,-1.34800421e-02,1.42246099e+02,-1.53112094e-02,-3.36520553e-01,2.12413972e+01,-1.04682378e-03,2.86486415e-03,1.24558410e-01,2.71125670e-01,-1.21237863e-02,-1.94697823e-03,-2.28346000e-03,-1.35625586e-03
9.75000000e+02,1.63511420e+02,-1.95850010e-02,-3.37430638e-01,1.22383806e-01,2.67890171e-01,-1.44171278e-02,1.42267456e+02,-1.79560394e-02,-3.39728469e-01,2.12439635e+01,-1.62896165e-03,2.29783091e-03,1.24368364e-01,2.70110782e-01,-1.30091391e-02,-1.98455777e-03,-2.22061151e-03,-1.40798871e-03
9.76000000e+02,1.63503755e+02,-1.59493469e-02,-3.32143937e-01,1.22741317e-01,2.66540523e-01,-1.39028704e-02,1.42260361e+02,-1.49616760e-02,-3.35067283e-01,2.12433945e+01,-9.87670939e-04,2.92334603e-03,1.24685022e-01,2.68813486e-01,-1.25632611e-02,-1.94370492e-03,-2.27296232e-03,-1.33960925e-03
9.77000000e+02,1.63525396e+02,-1.92270643e-02,-3.29959612e-01,1.22617003e-01,2.65211950e-01,-1.46079915e-02,1.42279474e+02,-1.75919721e-02,-3.32313287e-01,2.12459216e+01,-1.63509221e-03,2.35367561e-03,1.24597843e-01,2.67421501e-01,-1.32014052e-02,-1.98084021e-03,-2.20955119e-03,-1.40658638e-03
9.78000000e+02,1.63519631e+02,-1.85378016e-02,-3.27778797e-01,1.22925887e-01,2.64399419e-01,-1.50928882e-02,1.42274213e+02,-1.74993565e-02,-3.30598604e-01,2.12454185e+01,-1.03844505e-03,2.81980622e-03,1.24869194e-01,2.66641724e-01,-1.37438151e-02,-1.94330687e-03,-2.24230591e-03,-1.34907307e-03
9.79000000e+02,1.63543531e+02,-2.16325950e-02,-3.31861644e-01,1.22675088e-01,2.63719486e-01,-1.60950040e-02,1.42295543e+02,-2.00122634e-02,-3.34106592e-01,2.12479885e+01,-1.62033161e-03,2.24494766e-03,1.24655950e-01,2.65896734e-01,-1.46928676e-02,-1.98086199e-03,-2.17724859e-03,-1.40213643e-03
9.80000000e+02,1.63535422e+02,-1.85053568e-02,-3.26575098e-01,1.23019649e-01,2.62416847e-01,-1.59433180e-02,1.42288032e+02,-1.75199007e-02,-3.29439654e-01,2.12473903e+01,-9.85456113e-04,2.86455611e-03,1.24959694e-01,2.64643431e-01,-1.46095531e-02,-1.94004508e-03,-2.22658413e-03,-1.33376493e-03
9.81000000e+02,1.63556631e+02,-2.22136326e-02,-3.24987389e-01,1.22840967e-01,2.61369690e-01,-1.71184137e-02,1.42306745e+02,-2.05989466e-02,-3.27270854e-01,2.12498864e+01,-1.61468603e-03,2.28346492e-03,1.24818312e-01,2.63528823e-01,-1.57218357e-02,-1.97734504e-03,-2.15913248e-03,-1.39657804e-03
9.82000000e+02,1.63550632e+02,-2.21385647e-02,-3.23692884e-01,1.23087441e-01,2.61078035e-01,-1.78533866e-02,1.42301265e+02,-2.11138290e-02,-3.26437099e-01,2.12493674e+01,-1.02473569e-03,2.74421428e-03,1.25026965e-01,2.63265467e-01,-1.65130390e-02,-1.93952350e-03,-2.18743203e-03,-1.34034762e-03
9.83000000e+02,1.63574314e+02,-2.62458054e-02,-3.28637576e-01,1.22792996e-01,2.61078534e-01,-1.93582909e-02,1.42322401e+02,-2.46261709e-02,-3.30809653e-01,2.12519128e+01,-1.61963452e-03,2.17207723e-03,1.24769995e-01,2.63199863e-01,-1.79643144e-02,-1.97699812e-03,-2.12132868e-03,-1.39397645e-03
9.84000000e+02,1.63566116e+02,-2.32443863e-02,-3.24432974e-01,1.23104193e-01,2.60421380e-01,-1.94553078e-02,1.42314814e+02,-2.22772178e-02,-3.27218272e-01,2.12513018e+01,-9.67168502e-04,2.78529839e-03,1.25039993e-01,2.62591267e-01,-1.81359519e-02,-1.93579939e-03,-2.16988691e-03,-1.31935595e-03
9.85000000e+02,1.63587589e+02,-2.71549864e-02,-3.23759889e-01,1.22904213e-01,2.59995247e-01,-2.08186970e-02,1.42333793e+02,-2.55626428e-02,-3.25973344e-01,2.12537961e+01,-1.59234358e-03,2.21345461e-03,1.24876933e-01,2.62101731e-01,-1.94376534e-02,-1.97272017e-03,-2.10648416e-03,-1.38104356e-03
9.86000000e+02,1.63581189e+02,-2.70592846e-02,-3.22504276e-01,1.23176512e-01,2.59803363e-01,-2.16364681e-02,1.42327934e+02,-2.60649275e-02,-3.25198435e-01,2.12532554e+01,-9.94357058e-04,2.69415852e-03,1.25110882e-01,2.61946792e-01,-2.03179759e-02,-1.93437033e-03,-2.14342874e-03,-1.31849221e-03
9.87000000e+02,1.63604579e+02,-3.09973282e-02,-3.27758475e-01,1.22884014e-01,2.59893997e-01,-2.30589969e-02,1.42348798e+02,-2.94273653e-02,-3.29874899e-01,2.12557802e+01,-1.56996284e-03,2.11642447e-03,1.24855611e-01,2.61974564e-01,-2.16949786e-02,-1.97159638e-03,-2.08056731e-03,-1.36401826e-03
9.88000000e+02,1.63596274e+02,-2.79724573e-02,-3.23411132e-01,1.23221981e-01,2.59196532e-01,-2.30811715e-02,1.42341112e+02,-2.70467769e-02,-3.26163443e-01,2.12551612e+01,-9.25680367e-04,2.75231080e-03,1.25152006e-01,2.61331352e-01,-2.17932580e-02,-1.93002515e-03,-2.13481961e-03,-1.28791351e-03
9.89000000e+02,1.63617363e+02,-3.14807202e-02,-3.22021950e-01,1.23093649e-01,2.58430784e-01,-2.40694779e-02,1.42359731e+02,-2.99315174e-02,-3.24212455e-01,2.12576314e+01,-1.54920277e-03,2.19050585e-03,1.25060643e-01,2.60505002e-01,-2.27248166e-02,-1.96699402e-03,-2.07421762e-03,-1.34466132e-03
9.90000000e+02,1.63610943e+02,-3.11733350e-02,-3.20080060e-01,1.23389723e-01,2.57955320e-01,-2.47124947e-02,1.42353872e+02,-3.02263219e-02,-3.22733307e-01,2.12570705e+01,-9.47013067e-04,2.65324685e-03,1.25318536e-01,2.60065261e-01,-2.34324198e-02,-1.92881248e-03,-2.10994074e-03,-1.28007488e-03
9.91000000e+02,1.63634392e+02,-3.43715145e-02,-3.24740144e-01,1.23127100e-01,2.57667100e-01,-2.56690142e-02,1.42374827e+02,-3.28482405e-02,-3.26822618e-01,2.12595648e+01,-1.52327404e-03,2.08247390e-03,1.25093516e-01,2.59715008e-01,-2.43425120e-02,-1.96641641e-03,-2.04790740e-03,-1.32650220e-03
9.92000000e+02,1.63625691e+02,-3.06192084e-02,-3.20078698e-01,1.23488924e-01,2.56562625e-01,-2.50927969e-02,1.42366793e+02,-2.97491044e-02,-3.22782635e-01,2.12588981e+01,-8.70103994e-04,2.70393711e-03,1.25414039e-01,2.58664165e-01,-2.38458752e-02,-1.92511531e-03,-2.10153998e-03,-1.24692164e-03
9.93000000e+02,1.63646414e+02,-3.36384441e-02,-3.18249370e-01,1.23356345e-01,2.55329841e-01,-2.57621462e-02,1.42385089e+02,-3.21435282e-02,-3.20391884e-01,2.12613250e+01,-1.49491583e-03,2.14251378e-03,1.25318839e-01,2.57369780e-01,-2.44567146e-02,-1.96249371e-03,-2.03993931e-03,-1.30543159e-03
9.94000000e+02,1.63639653e+02,-3.26352437e-02,-3.15786049e-01,1.23678873e-01,2.54393831e-01,-2.59844757e-02,1.42378911e+02,-3.17428637e-02,-3.18399049e-01,2.12607419e+01,-8.92379996e-04,2.61299945e-03,1.25603045e-01,2.56469813e-01,-2.47398009e-02,-1.92417198e-03,-2.07598188e-03,-1.24467488e-03
9.95000000e+02,1.63662768e+02,-3.55479178e-02,-3.19409121e-01,1.23486874e-01,2.53499337e-01,-2.67422155e-02,1.42399530e+02,-3.40702504e-02,-3.21443873e-01,2.12632378e+01,-1.47766744e-03,2.03475112e-03,1.25448916e-01,2.55511801e-01,-2.54484513e-02,-1.96204203e-03,-2.01246374e-03,-1.29376418e-03
9.96000000e+02,1.63654107e+02,-3.17117322e-02,-3.14004870e-01,1.23903705e-01,2.51985333e-01,-2.62089389e-02,1.42391552e+02,-3.08739533e-02,-3.16659858e-01,2.12625551e+01,-8.37778912e-04,2.65498761e-03,1.25824561e-01,2.54049704e-01,-2.49892776e-02,-1.92085604e-03,-2.06437133e-03,-1.21966131e-03
9.97000000e+02,1.63674992e+02,-3.46677246e-02,-3.11446178e-01,1.23828155e-01,2.50398473e-01,-2.68328021e-02,1.42410023e+02,-3.32011082e-02,-3.13549876e-01,2.12649689e+01,-1.46661637e-03,2.10369862e-03,1.25786683e-01,2.52400472e-01,-2.55509672e-02,-1.95852806e-03,-2.00199900e-03,-1.28183498e-03
9.98000000e+02,1.63668087e+02,-3.39469239e-02,-3.08426307e-01,1.24218525e-01,2.49077071e-01,-2.71916289e-02,1.42403743e+02,-3.30781273e-02,-3.10988369e-01,2.12643439e+01,-8.68796627e-04,2.56206203e-03,1.26139224e-01,2.51112174e-01,-2.59679354e-02,-1.92069916e-03,-2.03510277e-03,-1.22369344e-03
9.99000000e+02,1.63691016e+02,-3.69378544e-02,-3.12132546e-01,1.24024307e-01,2.47831959e-01,-2.79597578e-02,1.42424204e+02,-3.54877381e-02,-3.14100461e-01,2.12668117e+01,-1.45011629e-03,1.96791563e-03,1.25983661e-01,2.49797618e-01,-2.66855420e-02,-1.95935377e-03,-1.96565931e-03,-1.27421576e-03
1.00000000e+03,1.63682145e+02,-3.30205732e-02,-3.06465500e-01,1.24431234e-01,2.46149250e-01,-2.74448255e-02,1.42416035e+02,-3.22180030e-02,-3.09058380e-01,2.12661098e+01,-8.02570292e-04,2.59288044e-03,1.26349640e-01,2.48162284e-01,-2.62451581e-02,-1.91840687e-03,-2.01303321e-03,-1.19966741e-03
