time,Cx,Cy,Cz,Mx,My,Mz,Cx_p,Cy_p,Cz_p,Cx_v,Cy_v,Cz_v,Mx_p,My_p,Mz_p,Mx_v,My_v,Mz_v
1.00000000e+00,3.24208366e+00,8.14825072e-04,-7.83023311e-04,-1.41470075e-02,6.80290458e-03,1.00965331e-02,4.82740761e-01,8.36889925e-04,-7.84993258e-04,2.75934290e+00,-2.20648525e-05,1.96994763e-06,-1.42513922e-02,7.00539055e-03,7.69760245e-03,1.04384757e-04,-2.02485995e-04,2.39893063e-03
2.00000000e+00,3.40389284e+00,9.57250170e-04,-1.55348475e-03,-2.04149547e-02,1.36863955e-02,1.14274960e-02,6.32608786e-01,9.92807809e-04,-1.57912446e-03,2.77128405e+00,-3.55576420e-05,2.56397039e-05,-2.08246034e-02,1.40894268e-02,9.19594870e-03,4.09648713e-04,-4.03031317e-04,2.23154729e-03
3.00000000e+00,3.45059350e+00,1.06729087e-03,-2.01822586e-03,-2.82313871e-02,1.78706251e-02,1.24367536e-02,7.01728440e-01,1.12443692e-03,-2.07591575e-03,2.74886506e+00,-5.71460558e-05,5.76898836e-05,-2.92017792e-02,1.85576947e-02,1.04138897e-02,9.70392123e-04,-6.87069554e-04,2.02286387e-03
4.00000000e+00,3.48059821e+00,9.04160054e-04,-2.35652497e-03,-3.05695363e-02,2.08931454e-02,1.09014815e-02,7.56579869e-01,9.85181390e-04,-2.45777089e-03,2.72401834e+00,-8.10213350e-05,1.01245916e-04,-3.20692329e-02,2.19649809e-02,9.16661271e-03,1.49969655e-03,-1.07183559e-03,1.73486878e-03
5.00000000e+00,3.46903235e+00,5.01611296e-04,-2.43251678e-03,-3.34369810e-02,2.15617259e-02,7.15572320e-03,7.92676364e-01,5.99910813e-04,-2.58100590e-03,2.67635599e+00,-9.82995186e-05,1.48489119e-04,-3.56813458e-02,2.30500066e-02,5.68214796e-03,2.24436477e-03,-1.48828075e-03,1.47357526e-03
6.00000000e+00,3.43079463e+00,-7.49214254e-05,-2.21982309e-03,-2.92164887e-02,1.96398784e-02,1.75636746e-03,8.23279077e-01,2.68496834e-05,-2.40505067e-03,2.60751555e+00,-1.01771109e-04,1.85227572e-04,-3.19089255e-02,2.14478236e-02,4.66172051e-04,2.69243677e-03,-1.80794517e-03,1.29019541e-03
7.00000000e+00,3.35834940e+00,-6.75022450e-04,-1.78379828e-03,-2.28383448e-02,1.57220513e-02,-3.93797271e-03,8.44799441e-01,-5.89529440e-04,-1.97989735e-03,2.51354996e+00,-8.54930069e-05,1.96099074e-04,-2.56453124e-02,1.76149221e-02,-5.16957553e-03,2.80696760e-03,-1.89287080e-03,1.23160280e-03
8.00000000e+00,3.25284338e+00,-1.15767235e-03,-1.24367880e-03,-1.49370507e-02,1.08828111e-02,-8.62683610e-03,8.54646832e-01,-1.10690740e-03,-1.41582391e-03,2.39819655e+00,-5.07649430e-05,1.72145104e-04,-1.71594232e-02,1.25440080e-02,-9.91119641e-03,2.22237247e-03,-1.66119697e-03,1.28436033e-03
9.00000000e+00,3.13781394e+00,-1.37376850e-03,-6.87298185e-04,-7.81815333e-03,5.93273686e-03,-1.09511852e-02,8.73192460e-01,-1.37502635e-03,-8.31303082e-04,2.26462148e+00,1.25785374e-06,1.44004897e-04,-9.25071959e-03,7.31828925e-03,-1.23988265e-02,1.43256627e-03,-1.38555235e-03,1.44764125e-03
1.00000000e+01,3.00035834e+00,-1.25157268e-03,-2.02631798e-04,-4.40059996e-03,1.63400056e-03,-1.02300881e-02,8.82720870e-01,-1.29940275e-03,-2.92824114e-04,2.11763747e+00,4.78300731e-05,9.01923162e-05,-5.19720142e-03,2.51335047e-03,-1.17666229e-02,7.96601473e-04,-8.79349916e-04,1.53653481e-03
1.10000000e+01,2.84840261e+00,-9.76749307e-04,1.07328578e-04,-2.94606277e-03,-1.08459381e-03,-8.10201622e-03,8.85479846e-01,-1.04089016e-03,6.55906015e-05,1.96292276e+00,6.41408510e-05,4.17379766e-05,-3.24695259e-03,-6.66429705e-04,-9.45314584e-03,3.00889825e-04,-4.18164104e-04,1.35112963e-03
1.20000000e+01,2.69380868e+00,-5.89404731e-04,3.22758685e-04,-1.87963963e-03,-2.95995318e-03,-4.91031972e-03,8.89396212e-01,-6.52847423e-04,3.13137016e-04,1.80441247e+00,6.34426928e-05,9.62166841e-06,-2.21240812e-03,-2.85405045e-03,-5.95568135e-03,3.32768485e-04,-1.05902723e-04,1.04536164e-03
1.30000000e+01,2.54327331e+00,-2.42296627e-04,3.91941803e-04,-1.64816518e-03,-3.53541732e-03,-2.00484467e-03,8.96302015e-01,-2.87939733e-04,4.05531009e-04,1.64697129e+00,4.56431058e-05,-1.35892043e-05,-2.00134601e-03,-3.65726579e-03,-2.64247483e-03,3.53180832e-04,1.21848470e-04,6.37630158e-04
1.40000000e+01,2.39686276e+00,-1.44027710e-04,3.15145497e-04,-8.10191225e-05,-2.83531554e-03,-1.29862921e-03,9.03381475e-01,-1.75072702e-04,3.38638796e-04,1.49348129e+00,3.10449919e-05,-2.34932993e-05,-3.34324085e-04,-3.06253081e-03,-1.61494119e-03,2.53304963e-04,2.27215277e-04,3.16311977e-04
1.50000000e+01,2.25932243e+00,1.04553006e-04,1.83416011e-04,1.47013702e-03,-1.63645768e-03,8.39926352e-04,9.10994888e-01,8.82970709e-05,2.04028223e-04,1.34832755e+00,1.62559346e-05,-2.06122127e-05,1.37081837e-03,-1.85068701e-03,7.88435843e-04,9.93186500e-05,2.14229336e-04,5.14905098e-05
1.60000000e+01,2.13149586e+00,5.92645200e-05,1.17340823e-04,3.66722713e-03,-9.81407394e-04,3.74607938e-04,9.15207489e-01,4.63342400e-05,1.29630200e-04,1.21628837e+00,1.29302802e-05,-1.22893767e-05,3.64471621e-03,-1.12998443e-03,4.36006869e-04,2.25109194e-05,1.48577038e-04,-6.13989310e-05
1.70000000e+01,2.02045376e+00,-1.15499714e-06,1.86868838e-04,6.39747115e-03,-1.49908422e-03,-2.42055959e-04,9.19527517e-01,-1.32750606e-05,1.92874569e-04,1.10092624e+00,1.21200635e-05,-6.00573063e-06,6.43466428e-03,-1.59794140e-03,-1.29811886e-04,-3.71931403e-05,9.88571877e-05,-1.12244072e-04
1.80000000e+01,1.91889727e+00,1.13928918e-04,3.03844236e-04,8.75319828e-03,-2.40864837e-03,6.93095984e-04,9.17871498e-01,9.87261555e-05,3.09226726e-04,1.00102577e+00,1.52027628e-05,-5.38248958e-06,8.76879964e-03,-2.50366072e-03,7.93110256e-04,-1.56013649e-05,9.50123452e-05,-1.00014271e-04
1.90000000e+01,1.82850271e+00,3.49244178e-04,4.19981424e-04,1.16449208e-02,-3.34721366e-03,2.69378709e-03,9.15436903e-01,3.34306995e-04,4.23011262e-04,9.13065814e-01,1.49371837e-05,-3.02983909e-06,1.15867316e-02,-3.42299002e-03,2.79551105e-03,5.81892733e-05,7.57763629e-05,-1.01723960e-04
2.00000000e+01,1.74204555e+00,5.33480598e-04,5.52669328e-04,1.53130843e-02,-4.39138454e-03,4.29293201e-03,9.05968170e-01,5.21408099e-04,5.51837817e-04,8.36077379e-01,1.20724999e-05,8.31510239e-07,1.51878451e-02,-4.43328613e-03,4.40342033e-03,1.25239280e-04,4.19015895e-05,-1.10488317e-04
2.10000000e+01,1.66315208e+00,5.92552582e-04,6.98745777e-04,1.90193407e-02,-5.31163517e-03,4.98817204e-03,8.95649790e-01,5.86641997e-04,6.97674060e-04,7.67502287e-01,5.91058436e-06,1.07171675e-06,1.88532759e-02,-5.35630837e-03,5.12264053e-03,1.66064779e-04,4.46732103e-05,-1.34468522e-04
2.20000000e+01,1.58816875e+00,5.05481242e-04,7.91438580e-04,2.22658669e-02,-5.44420770e-03,4.78882348e-03,8.81038225e-01,5.03504250e-04,7.90466533e-04,7.07130526e-01,1.97699228e-06,9.72045931e-07,2.20885131e-02,-5.49586821e-03,4.92250720e-03,1.77353713e-04,5.16604869e-05,-1.33683707e-04
2.30000000e+01,1.52226722e+00,3.68295431e-04,9.22236156e-04,2.49586861e-02,-5.34566963e-03,4.50427594e-03,8.69200291e-01,3.70061540e-04,9.23831284e-04,6.53066925e-01,-1.76610873e-06,-1.59512831e-06,2.47448689e-02,-5.41173527e-03,4.62960968e-03,2.13817266e-04,6.60656512e-05,-1.25333741e-04
2.40000000e+01,1.46132956e+00,1.50666782e-04,9.54241694e-04,2.78117785e-02,-4.51996218e-03,3.86606032e-03,8.56134474e-01,1.60209397e-04,9.55835581e-04,6.05195091e-01,-9.54261589e-06,-1.59388939e-06,2.75647598e-02,-4.58432781e-03,4.00343447e-03,2.47018813e-04,6.43656282e-05,-1.37374147e-04
2.50000000e+01,1.40966073e+00,-2.04323569e-04,1.03879516e-03,3.07098840e-02,-4.01626957e-03,2.41274479e-03,8.47611823e-01,-1.90558237e-04,1.03778259e-03,5.62048909e-01,-1.37653317e-05,1.01256797e-06,3.04421419e-02,-4.05125594e-03,2.55226268e-03,2.67742118e-04,3.49863658e-05,-1.39517891e-04
2.60000000e+01,1.36266093e+00,-5.47483265e-04,1.13284489e-03,3.32258203e-02,-3.68510391e-03,8.88280107e-04,8.38964779e-01,-5.29080720e-04,1.12784930e-03,5.23696149e-01,-1.84025442e-05,4.99558496e-06,3.29539043e-02,-3.67495161e-03,1.03287492e-03,2.71915952e-04,-1.01522967e-05,-1.44594807e-04
2.70000000e+01,1.32412768e+00,-8.94631698e-04,1.28087434e-03,3.52471691e-02,-4.04397598e-03,-7.84903578e-04,8.34908602e-01,-8.77689539e-04,1.27392687e-03,4.89219081e-01,-1.69421563e-05,6.94746364e-06,3.49743491e-02,-3.99070495e-03,-6.58099221e-04,2.72819993e-04,-5.32710270e-05,-1.26804354e-04
2.80000000e+01,1.29060479e+00,-1.21599050e-03,1.40207248e-03,3.69666853e-02,-4.72378591e-03,-2.73827829e-03,8.32774707e-01,-1.20240652e-03,1.38996548e-03,4.57830081e-01,-1.35839757e-05,1.21070068e-05,3.67008106e-02,-4.60185788e-03,-2.63126416e-03,2.65874781e-04,-1.21928029e-04,-1.07014131e-04
2.90000000e+01,1.26039796e+00,-1.42411135e-03,1.55134464e-03,3.85943266e-02,-5.97059641e-03,-4.42617430e-03,8.30723459e-01,-1.41327100e-03,1.53976487e-03,4.29674505e-01,-1.08403464e-05,1.15797772e-05,3.83406641e-02,-5.82506800e-03,-4.32815633e-03,2.53662534e-04,-1.45528403e-04,-9.80179688e-05
3.00000000e+01,1.23293783e+00,-1.59843655e-03,1.58163598e-03,3.98404743e-02,-6.75585876e-03,-6.34077571e-03,8.28857439e-01,-1.59146445e-03,1.56649010e-03,4.04080387e-01,-6.97209821e-06,1.51458816e-05,3.96239310e-02,-6.56817999e-03,-6.25102603e-03,2.16543298e-04,-1.87678738e-04,-8.97496471e-05
3.10000000e+01,1.20610572e+00,-1.62796850e-03,1.53098018e-03,4.06743863e-02,-7.05226627e-03,-7.78802429e-03,8.25017965e-01,-1.62444677e-03,1.51721439e-03,3.81087753e-01,-3.52173024e-06,1.37657866e-05,4.05000758e-02,-6.86907088e-03,-7.70177903e-03,1.74310472e-04,-1.83195400e-04,-8.62452343e-05
3.20000000e+01,1.18081242e+00,-1.55019750e-03,1.44208817e-03,4.08594218e-02,-7.09954848e-03,-8.83587239e-03,8.20503338e-01,-1.55007286e-03,1.42733689e-03,3.60309080e-01,-1.24637838e-07,1.47512806e-05,4.07529850e-02,-6.91412694e-03,-8.75128014e-03,1.06436772e-04,-1.85421581e-04,-8.45922491e-05
3.30000000e+01,1.15537550e+00,-1.32038231e-03,1.26432389e-03,4.04276426e-02,-6.53463824e-03,-9.04915179e-03,8.13588693e-01,-1.32385757e-03,1.25437641e-03,3.41786806e-01,3.47525949e-06,9.94747669e-06,4.03897671e-02,-6.38146009e-03,-8.98056983e-03,3.78753950e-05,-1.53178159e-04,-6.85819206e-05
3.40000000e+01,1.13239795e+00,-9.79847708e-04,1.04176954e-03,3.90403248e-02,-5.63542236e-03,-8.50182756e-03,8.07200470e-01,-9.88732398e-04,1.03389501e-03,3.25197477e-01,8.88469182e-06,7.87452549e-06,3.90897604e-02,-5.50459304e-03,-8.47571653e-03,-4.94356731e-05,-1.30829288e-04,-2.61110321e-05
3.50000000e+01,1.11134433e+00,-4.93943585e-04,7.50862276e-04,3.69556253e-02,-4.30742291e-03,-6.82783738e-03,8.00975988e-01,-5.07326349e-04,7.48638670e-04,3.10368343e-01,1.33827620e-05,2.22360493e-06,3.70714775e-02,-4.21804202e-03,-6.85394667e-03,-1.15852224e-04,-8.93808801e-05,2.61093171e-05
3.60000000e+01,1.09241132e+00,6.53419114e-05,4.43878793e-04,3.40177542e-02,-2.96780106e-03,-4.29254811e-03,7.95207237e-01,4.57294715e-05,4.43602236e-04,2.97204081e-01,1.96124398e-05,2.76556417e-07,3.42067882e-02,-2.89796248e-03,-4.38623623e-03,-1.89034003e-04,-6.98385797e-05,9.36881201e-05
3.70000000e+01,1.07426824e+00,6.39741135e-04,4.05405638e-05,3.06517780e-02,-1.14206194e-03,-1.15552837e-03,7.88726062e-01,6.16261340e-04,4.75964064e-05,2.85542181e-01,2.34797934e-05,-7.05584257e-06,3.08739595e-02,-1.13215030e-03,-1.30889505e-03,-2.22181541e-04,-9.91163563e-06,1.53366681e-04
3.80000000e+01,1.05766254e+00,1.20853554e-03,-3.41698471e-04,2.67076743e-02,5.46814452e-04,2.23382724e-03,7.82303530e-01,1.18259863e-03,-3.32962318e-04,2.75359012e-01,2.59369106e-05,-8.73615333e-06,2.69631187e-02,5.26809231e-04,2.04033112e-03,-2.55444444e-04,2.00052235e-05,1.93496122e-04
3.90000000e+01,1.04157442e+00,1.74018214e-03,-7.75884609e-04,2.27905840e-02,2.61843944e-03,5.62865136e-03,7.75048060e-01,1.71412442e-03,-7.59334993e-04,2.66526364e-01,2.60577290e-05,-1.65496175e-05,2.30387119e-02,2.51891769e-03,5.40381379e-03,-2.48127875e-04,9.95217519e-05,2.24837564e-04
4.00000000e+01,1.02676180e+00,2.17910336e-03,-1.18253980e-03,1.86335085e-02,4.63318125e-03,8.60883128e-03,7.67813686e-01,2.16009600e-03,-1.16214050e-03,2.58948115e-01,1.90073595e-05,-2.03992989e-05,1.88918371e-02,4.46633280e-03,8.42374620e-03,-2.58328617e-04,1.66848456e-04,1.85085059e-04
4.10000000e+01,1.01283640e+00,2.43042441e-03,-1.54482133e-03,1.46058698e-02,6.70561293e-03,1.07746377e-02,7.60345145e-01,2.41772851e-03,-1.51761314e-03,2.52491255e-01,1.26959028e-05,-2.72081873e-05,1.48416038e-02,6.45101639e-03,1.06171093e-02,-2.35733947e-04,2.54596514e-04,1.57528418e-04
4.20000000e+01,9.99989974e-01,2.54630351e-03,-1.80172815e-03,1.05278524e-02,8.51421210e-03,1.21091928e-02,7.53014073e-01,2.53986371e-03,-1.77132582e-03,2.46975900e-01,6.43979692e-06,-3.04023313e-05,1.07676864e-02,8.19444835e-03,1.19893786e-02,-2.39833988e-04,3.19763748e-04,1.19814211e-04
4.30000000e+01,9.88175568e-01,2.48082337e-03,-2.00657446e-03,6.65888251e-03,1.02612457e-02,1.22861986e-02,7.46004655e-01,2.48541004e-03,-1.97104289e-03,2.42170916e-01,-4.58667696e-06,-3.55315790e-05,6.87951690e-03,9.86837842e-03,1.22355454e-02,-2.20634351e-04,3.92867328e-04,5.06531909e-05
4.40000000e+01,9.77344433e-01,2.20113831e-03,-2.09630207e-03,2.71024693e-03,1.15689748e-02,1.11675365e-02,7.39427346e-01,2.20972339e-03,-2.05820112e-03,2.37917086e-01,-8.58507850e-06,-3.81009531e-05,2.93620488e-03,1.11296700e-02,1.11467954e-02,-2.25957948e-04,4.39304806e-04,2.07410263e-05
4.50000000e+01,9.67105404e-01,1.73818886e-03,-2.09832188e-03,-9.68398665e-04,1.25462370e-02,8.76219189e-03,7.33125762e-01,1.75341325e-03,-2.05668437e-03,2.33979642e-01,-1.52243909e-05,-4.16375142e-05,-7.60324154e-04,1.20653587e-02,8.79684049e-03,-2.08074513e-04,4.80878318e-04,-3.46485898e-05
4.60000000e+01,9.56794097e-01,1.20565720e-03,-2.00369544e-03,-4.51047066e-03,1.29423504e-02,5.69216731e-03,7.26609255e-01,1.22145011e-03,-1.96437339e-03,2.30184843e-01,-1.57929086e-05,-3.93220502e-05,-4.30443224e-03,1.24742340e-02,5.74854394e-03,-2.06038418e-04,4.68116491e-04,-5.63766252e-05
4.70000000e+01,9.46233430e-01,6.05624445e-04,-1.86034791e-03,-7.51152465e-03,1.31048014e-02,1.98201727e-03,7.19821310e-01,6.23744777e-04,-1.82116313e-03,2.26412119e-01,-1.81203316e-05,-3.91847742e-05,-7.33189880e-03,1.26481992e-02,2.06921847e-03,-1.79625864e-04,4.56602251e-04,-8.72012050e-05
4.80000000e+01,9.35226481e-01,-7.65916986e-06,-1.65547545e-03,-1.00851568e-02,1.26463767e-02,-1.88993424e-03,7.12594986e-01,1.08070500e-05,-1.61937261e-03,2.22631494e-01,-1.84662199e-05,-3.61028461e-05,-9.91900750e-03,1.22318676e-02,-1.78216442e-03,-1.66149248e-04,4.14509125e-04,-1.07769814e-04
4.90000000e+01,9.23670924e-01,-5.88400449e-04,-1.42792871e-03,-1.19359071e-02,1.18377249e-02,-5.65655361e-03,7.04879462e-01,-5.70218790e-04,-1.39529694e-03,2.18791461e-01,-1.81816573e-05,-3.26317713e-05,-1.18029599e-02,1.14764924e-02,-5.53603371e-03,-1.32947147e-04,3.61232532e-04,-1.20519922e-04
5.00000000e+01,9.11733739e-01,-1.07896803e-03,-1.15641728e-03,-1.32551598e-02,1.06169832e-02,-9.02612769e-03,6.96840993e-01,-1.06196107e-03,-1.12940700e-03,2.14892747e-01,-1.70069643e-05,-2.70102865e-05,-1.31426918e-02,1.03206388e-02,-8.89788219e-03,-1.12467992e-04,2.96344469e-04,-1.28245501e-04
5.10000000e+01,8.99317361e-01,-1.47503383e-03,-8.74180710e-04,-1.37975393e-02,9.15628739e-03,-1.18309738e-02,6.88332122e-01,-1.46071229e-03,-8.51322534e-04,2.10985237e-01,-1.43215369e-05,-2.28581740e-05,-1.37224666e-02,8.91243725e-03,-1.17197437e-02,-7.50727075e-05,2.43850144e-04,-1.11230120e-04
5.20000000e+01,8.87471043e-01,-1.79775250e-03,-6.16047919e-04,-1.37760368e-02,7.64502581e-03,-1.40989638e-02,6.80396950e-01,-1.78857736e-03,-5.97395777e-04,2.07074094e-01,-9.17513924e-06,-1.86521428e-05,-1.37255192e-02,7.45742568e-03,-1.40316367e-02,-5.05175237e-05,1.87600137e-04,-6.73270594e-05
5.30000000e+01,8.76280381e-01,-1.98503678e-03,-3.84394024e-04,-1.30350879e-02,6.23864942e-03,-1.53442079e-02,6.73055327e-01,-1.98181977e-03,-3.67363443e-04,2.03225052e-01,-3.21701617e-06,-1.70305814e-05,-1.30214336e-02,6.07978825e-03,-1.53254340e-02,-1.36543335e-05,1.58861141e-04,-1.87738887e-05
5.40000000e+01,8.66984049e-01,-2.08702875e-03,-1.66644333e-04,-1.19004715e-02,4.80807217e-03,-1.61057015e-02,6.67578749e-01,-2.08894425e-03,-1.51299663e-04,1.99405302e-01,1.91549911e-06,-1.53446705e-05,-1.19070074e-02,4.67383328e-03,-1.61263855e-02,6.53591505e-06,1.34238892e-04,2.06839785e-05
5.50000000e+01,8.59434675e-01,-2.09253417e-03,2.73733358e-05,-1.02590720e-02,3.39914735e-03,-1.62687117e-02,6.63796098e-01,-2.09691612e-03,3.78015661e-05,1.95638580e-01,4.38195571e-06,-1.04282303e-05,-1.02983446e-02,3.32233275e-03,-1.63070459e-02,3.92726535e-05,7.68146013e-05,3.83342337e-05
5.60000000e+01,8.53575516e-01,-2.04013863e-03,1.79479785e-04,-8.42275616e-03,2.13871235e-03,-1.60109083e-02,6.61730958e-01,-2.04402890e-03,1.80943961e-04,1.91844557e-01,3.89027520e-06,-1.46417628e-06,-8.47906227e-03,2.15667789e-03,-1.60395525e-02,5.63061137e-05,-1.79655411e-05,2.86442460e-05
5.70000000e+01,8.48282819e-01,-1.92037492e-03,3.03742325e-04,-6.20956372e-03,1.02135740e-03,-1.51797070e-02,6.60191345e-01,-1.92279942e-03,2.96192101e-04,1.88091476e-01,2.42449684e-06,7.55022512e-06,-6.29450761e-03,1.12703807e-03,-1.51912452e-02,8.49439160e-05,-1.05680671e-04,1.15381722e-05
5.80000000e+01,8.44357886e-01,-1.75640284e-03,3.91724395e-04,-3.94016296e-03,1.12192971e-04,-1.40553955e-02,6.60013751e-01,-1.75444129e-03,3.76720126e-04,1.84344136e-01,-1.96154872e-06,1.50042678e-05,-4.03448219e-03,2.95956530e-04,-1.40187202e-02,9.43192351e-05,-1.83763559e-04,-3.66752322e-05
5.90000000e+01,8.41076907e-01,-1.57491149e-03,4.64880600e-04,-1.48438338e-03,-7.93232238e-04,-1.28767081e-02,6.60402385e-01,-1.56982987e-03,4.41756546e-04,1.80674521e-01,-5.08162633e-06,2.31240513e-05,-1.59768445e-03,-5.27049863e-04,-1.28068918e-02,1.13301070e-04,-2.66182375e-04,-6.98161931e-05
6.00000000e+01,8.38837079e-01,-1.36462613e-03,5.12969111e-04,8.08509832e-04,-1.56122210e-03,-1.14333069e-02,6.61782746e-01,-1.35614563e-03,4.84392552e-04,1.77054332e-01,-8.48049620e-06,2.85765592e-05,6.95159736e-04,-1.23475026e-03,-1.13352343e-02,1.13350097e-04,-3.26471839e-04,-9.80725883e-05
6.10000000e+01,8.37169182e-01,-1.14544509e-03,5.26785263e-04,3.13818889e-03,-2.12239144e-03,-9.77643726e-03,6.63642126e-01,-1.13754160e-03,4.92799799e-04,1.73527054e-01,-7.90348668e-06,3.39854617e-05,3.01364418e-03,-1.74054537e-03,-9.69066395e-03,1.24544715e-04,-3.81846069e-04,-8.57733055e-05
6.20000000e+01,8.36125413e-01,-9.13570866e-04,4.93334325e-04,5.15563525e-03,-2.27434228e-03,-8.02682772e-03,6.66062307e-01,-9.06928067e-04,4.57320632e-04,1.70063104e-01,-6.64280088e-06,3.60136955e-05,5.03852626e-03,-1.87058364e-03,-7.96123709e-03,1.17108980e-04,-4.03758641e-04,-6.55905882e-05
6.30000000e+01,8.35078233e-01,-6.77549422e-04,4.21400860e-04,7.06316479e-03,-2.11447329e-03,-6.23028284e-03,6.68372325e-01,-6.76196153e-04,3.83969244e-04,1.66705908e-01,-1.35327247e-06,3.74316170e-05,6.94279496e-03,-1.70134919e-03,-6.22457273e-03,1.20369826e-04,-4.13124094e-04,-5.71014101e-06
6.40000000e+01,8.34413069e-01,-4.54208623e-04,3.20857276e-04,8.52843754e-03,-1.61049690e-03,-4.44366616e-03,6.70942624e-01,-4.56675068e-04,2.83869197e-04,1.63470445e-01,2.46644810e-06,3.69880797e-05,8.42411622e-03,-1.20819391e-03,-4.48770465e-03,1.04321289e-04,-4.02302986e-04,4.40384968e-05
6.50000000e+01,8.34177753e-01,-2.52442709e-04,1.98864699e-04,9.78020394e-03,-7.98567120e-04,-2.74839111e-03,6.73799901e-01,-2.60800345e-04,1.63619946e-04,1.60377854e-01,8.35763638e-06,3.52447535e-05,9.68215848e-03,-4.24907199e-04,-2.85788433e-03,9.80454478e-05,-3.73659922e-04,1.09493225e-04
6.60000000e+01,8.34343257e-01,-8.69412859e-05,6.85960077e-05,1.04741380e-02,1.97309524e-04,-1.40346188e-03,6.76912366e-01,-9.77742933e-05,3.56677320e-05,1.57430892e-01,1.08330072e-05,3.29282758e-05,1.04025094e-02,5.37895340e-04,-1.54390096e-03,7.16285854e-05,-3.40585818e-04,1.40439084e-04
6.70000000e+01,8.34807002e-01,4.65163965e-05,-5.81230769e-05,1.08426108e-02,1.26020764e-03,-3.42438344e-04,6.80187303e-01,3.19003744e-05,-8.83688579e-05,1.54619702e-01,1.46160222e-05,3.02457812e-05,1.07858365e-02,1.56416980e-03,-5.20289743e-04,5.67743437e-05,-3.03962156e-04,1.77851400e-04
6.80000000e+01,8.35483440e-01,1.29014842e-04,-1.78474717e-04,1.06037386e-02,2.36041094e-03,2.80076413e-04,6.83571683e-01,1.14490794e-04,-2.05709142e-04,1.51911756e-01,1.45240469e-05,2.72344250e-05,1.05784490e-02,2.62774236e-03,9.86860718e-05,2.52896168e-05,-2.67331421e-04,1.81390342e-04
6.90000000e+01,8.35676237e-01,1.80189865e-04,-2.89845776e-04,1.00606108e-02,3.41770382e-03,6.85898827e-04,6.86362731e-01,1.65885517e-04,-3.12977232e-04,1.49313506e-01,1.43043481e-05,2.31314562e-05,1.00529098e-02,3.64057815e-03,5.05515623e-04,7.70105139e-06,-2.22874322e-04,1.80383205e-04
7.00000000e+01,8.35535920e-01,1.98777447e-04,-3.89213230e-04,8.97495742e-03,4.40045460e-03,7.96444726e-04,6.88711988e-01,1.85948325e-04,-4.07953610e-04,1.46823933e-01,1.28291224e-05,1.87403803e-05,8.99926212e-03,4.57847124e-03,6.26764972e-04,-2.43047148e-05,-1.78016633e-04,1.69679754e-04
7.10000000e+01,8.34877339e-01,2.06665451e-04,-4.69737267e-04,7.66777963e-03,5.20989101e-03,8.20506802e-04,6.90416267e-01,1.93076628e-04,-4.84312586e-04,1.44461073e-01,1.35888230e-05,1.45753187e-05,7.70821994e-03,5.34555088e-03,6.40819173e-04,-4.04403375e-05,-1.35659872e-04,1.79687630e-04
7.20000000e+01,8.33821421e-01,1.83949664e-04,-5.31778209e-04,5.97158826e-03,5.83663784e-03,6.93757513e-04,6.91586363e-01,1.70984205e-04,-5.42488783e-04,1.42235059e-01,1.29654587e-05,1.07105733e-05,6.03988491e-03,5.93538415e-03,5.12869853e-04,-6.82966361e-05,-9.87462934e-05,1.80887663e-04
7.30000000e+01,8.32696679e-01,1.52627871e-04,-5.69973344e-04,4.21194504e-03,6.20958940e-03,5.90702653e-04,6.92546890e-01,1.36918207e-04,-5.79292076e-04,1.40149790e-01,1.57096639e-05,9.31873406e-06,4.29101205e-03,6.29665873e-03,3.79513753e-04,-7.90670075e-05,-8.70693320e-05,2.11188899e-04
7.40000000e+01,8.31599282e-01,1.12257295e-04,-5.90898691e-04,2.23486013e-03,6.35979533e-03,4.70251024e-04,6.93418616e-01,9.54431586e-05,-6.02195100e-04,1.38180663e-01,1.68141360e-05,1.12964115e-05,2.33479171e-03,6.46859366e-03,2.45328817e-04,-9.99315777e-05,-1.08798346e-04,2.24922206e-04
7.50000000e+01,8.30511533e-01,8.59676989e-05,-5.92528435e-04,3.62258296e-04,6.28396686e-03,4.64910860e-04,6.94196024e-01,6.58252151e-05,-6.09624683e-04,1.36315511e-01,2.01424835e-05,1.70962483e-05,4.65219976e-04,6.45049138e-03,2.08807437e-04,-1.02961680e-04,-1.66524504e-04,2.56103423e-04
7.60000000e+01,8.29472114e-01,5.37353093e-05,-5.81754266e-04,-1.54365249e-03,6.11414235e-03,4.45412836e-04,6.94939586e-01,3.32774094e-05,-6.04827430e-04,1.34532526e-01,2.04578998e-05,2.30731661e-05,-1.42939559e-03,6.33937723e-03,1.85538920e-04,-1.14256893e-04,-2.25234873e-04,2.59873916e-04
7.70000000e+01,8.28372997e-01,3.51338801e-05,-5.58027422e-04,-3.18102084e-03,5.85308375e-03,5.27038931e-04,6.95551763e-01,1.32279518e-05,-5.87743090e-04,1.32821233e-01,2.19059283e-05,2.97156690e-05,-3.07241056e-03,6.14258687e-03,2.58302713e-04,-1.08610278e-04,-2.89503156e-04,2.68736220e-04
7.80000000e+01,8.27176945e-01,1.49444209e-05,-5.32493667e-04,-4.73007851e-03,5.58062536e-03,5.17279387e-04,6.96007673e-01,-4.26613221e-06,-5.66723834e-04,1.31169274e-01,1.92105531e-05,3.42301667e-05,-4.61890178e-03,5.91451584e-03,2.81225011e-04,-1.11176728e-04,-3.33890486e-04,2.36054378e-04
7.90000000e+01,8.25850768e-01,1.36255782e-05,-5.05088415e-04,-5.92560693e-03,5.26885749e-03,5.39993448e-04,6.96281382e-01,-3.27276189e-06,-5.44537175e-04,1.29569386e-01,1.68983401e-05,3.94487619e-05,-5.82699070e-03,5.65444597e-03,3.37083897e-04,-9.86162400e-05,-3.85588502e-04,2.02909549e-04
8.00000000e+01,8.24238787e-01,5.45713235e-06,-4.75204975e-04,-6.95027133e-03,4.94046091e-03,4.51695072e-04,6.96235515e-01,-4.14950392e-06,-5.18523387e-04,1.28003275e-01,9.60663623e-06,4.33184088e-05,-6.85536558e-03,5.36678746e-03,3.25982648e-04,-9.49057619e-05,-4.26326556e-04,1.25712423e-04
8.10000000e+01,8.22188434e-01,1.20704314e-05,-4.42021911e-04,-7.59525986e-03,4.56152667e-03,4.46412057e-04,6.95728447e-01,1.08250983e-05,-4.89794280e-04,1.26459987e-01,1.24533315e-06,4.77723699e-05,-7.51611580e-03,5.03394382e-03,4.12691757e-04,-7.91441025e-05,-4.72417150e-04,3.37202997e-05
8.20000000e+01,8.19488778e-01,1.04452245e-05,-4.21611515e-04,-8.07342936e-03,4.27133270e-03,3.01561231e-04,6.94555227e-01,2.23798550e-05,-4.71170720e-04,1.24933553e-01,-1.19346304e-05,4.95592069e-05,-8.00013600e-03,4.76483889e-03,4.04253817e-04,-7.32933881e-05,-4.93506189e-04,-1.02692586e-04
8.30000000e+01,8.16185445e-01,2.63704679e-05,-4.01145933e-04,-8.22916707e-03,3.97857553e-03,2.35150186e-04,6.92749686e-01,5.15407604e-05,-4.53532951e-04,1.23435759e-01,-2.51702924e-05,5.23870168e-05,-8.17181708e-03,4.49978042e-03,4.78579492e-04,-5.73500033e-05,-5.21204879e-04,-2.43429307e-04
8.40000000e+01,8.12463947e-01,2.33707240e-05,-3.86988939e-04,-8.27121691e-03,3.77020283e-03,3.25009983e-05,6.90490728e-01,6.60510999e-05,-4.41088231e-04,1.21973217e-01,-4.26803759e-05,5.40992929e-05,-8.22041462e-03,4.31024136e-03,4.49602182e-04,-5.08023011e-05,-5.40038532e-04,-4.17101184e-04
8.50000000e+01,8.08420448e-01,2.98597735e-05,-3.67720898e-04,-8.05914868e-03,3.53820221e-03,-4.73225053e-05,6.87873645e-01,8.75558021e-05,-4.26201728e-04,1.20546802e-01,-5.76960284e-05,5.84808286e-05,-8.02316136e-03,4.12208504e-03,5.23338102e-04,-3.59872949e-05,-5.83882835e-04,-5.70660609e-04
8.60000000e+01,8.04436452e-01,2.52428610e-05,-3.62247706e-04,-7.81933988e-03,3.39842412e-03,-2.15395719e-04,6.85274072e-01,9.97990168e-05,-4.25014487e-04,1.19162381e-01,-7.45561560e-05,6.27667811e-05,-7.78818934e-03,4.02961543e-03,5.21764024e-04,-3.11505682e-05,-6.31191303e-04,-7.37159742e-04
8.70000000e+01,8.00646328e-01,3.55049953e-05,-3.49142708e-04,-7.41714551e-03,3.18104525e-03,-2.70508210e-04,6.82828600e-01,1.22862397e-04,-4.20156493e-04,1.17817728e-01,-8.73574018e-05,7.10137850e-05,-7.39738886e-03,3.89497099e-03,5.98184112e-04,-1.97566407e-05,-7.13925736e-04,-8.68692324e-04
8.80000000e+01,7.97116724e-01,1.95954691e-05,-3.41539915e-04,-7.06048205e-03,3.05330321e-03,-5.24781718e-04,6.80605574e-01,1.23092113e-04,-4.20221560e-04,1.16511150e-01,-1.03496644e-04,7.86816454e-05,-7.04287886e-03,3.84667629e-03,5.00697851e-04,-1.76032038e-05,-7.93373088e-04,-1.02547957e-03
8.90000000e+01,7.93763148e-01,1.13262329e-05,-3.20022118e-04,-6.61322014e-03,2.84308288e-03,-6.92371621e-04,6.78541102e-01,1.27043835e-04,-4.08944473e-04,1.15222045e-01,-1.15717602e-04,8.89223567e-05,-6.60341369e-03,3.73824825e-03,4.58384371e-04,-9.80645304e-06,-8.95165375e-04,-1.15075599e-03
9.00000000e+01,7.90564080e-01,-2.05955544e-05,-3.18477440e-04,-6.27131725e-03,2.79700217e-03,-1.10535069e-03,6.76601363e-01,1.11618389e-04,-4.14692045e-04,1.13962716e-01,-1.32213944e-04,9.62146036e-05,-6.26031165e-03,3.77056873e-03,2.08448913e-04,-1.10055730e-05,-9.73566559e-04,-1.31379961e-03
9.10000000e+01,7.87607984e-01,-3.60686338e-05,-3.01215227e-04,-5.90135810e-03,2.62841205e-03,-1.42833940e-03,6.74876823e-01,1.07966320e-04,-4.06704956e-04,1.12731164e-01,-1.44034954e-04,1.05489729e-04,-5.89466194e-03,3.69363253e-03,8.43419081e-06,-6.69617042e-06,-1.06522048e-03,-1.43677359e-03
9.20000000e+01,7.84904947e-01,-7.30793642e-05,-2.93291568e-04,-5.66501551e-03,2.57164009e-03,-1.91679410e-03,6.73377666e-01,8.50061929e-05,-4.05916690e-04,1.11527283e-01,-1.58085557e-04,1.12625122e-04,-5.65490031e-03,3.71116819e-03,-3.44580639e-04,-1.01151910e-05,-1.13952810e-03,-1.57221346e-03
9.30000000e+01,7.82454429e-01,-9.55439112e-05,-2.65265271e-04,-5.41771327e-03,2.37364114e-03,-2.23371260e-03,6.72096485e-01,6.80480044e-05,-3.87790479e-04,1.10357944e-01,-1.63591916e-04,1.22525208e-04,-5.40931980e-03,3.61071301e-03,-6.05959827e-04,-8.39347322e-06,-1.23707187e-03,-1.62775277e-03
9.40000000e+01,7.80272944e-01,-1.35310599e-04,-2.58696968e-04,-5.32787732e-03,2.32479270e-03,-2.67002450e-03,6.71048643e-01,3.27068597e-05,-3.88503941e-04,1.09224299e-01,-1.68017459e-04,1.29806973e-04,-5.31377155e-03,3.64092676e-03,-1.00414003e-03,-1.41057205e-05,-1.31613406e-03,-1.66588448e-03
9.50000000e+01,7.78292197e-01,-1.46967655e-04,-2.28877644e-04,-5.24079428e-03,2.06972094e-03,-2.86489687e-03,6.70162263e-01,1.29253534e-05,-3.70766150e-04,1.08129934e-01,-1.59893009e-04,1.41888506e-04,-5.22638569e-03,3.50460434e-03,-1.27890985e-03,-1.44085950e-05,-1.43488341e-03,-1.58598702e-03
9.60000000e+01,7.76562673e-01,-1.71383315e-04,-2.13042349e-04,-5.29319351e-03,1.92295886e-03,-3.09813300e-03,6.69490252e-01,-2.24276023e-05,-3.61617864e-04,1.07072425e-01,-1.48955713e-04,1.48575514e-04,-5.27220411e-03,3.43016058e-03,-1.62979388e-03,-2.09893942e-05,-1.50720172e-03,-1.46833911e-03
9.70000000e+01,7.75202506e-01,-1.68821220e-04,-1.79496070e-04,-5.33275659e-03,1.64286535e-03,-3.01652670e-03,6.69156293e-01,-4.71667413e-05,-3.37499843e-04,1.06046213e-01,-1.21654479e-04,1.58003773e-04,-5.30988072e-03,3.24165326e-03,-1.82191430e-03,-2.28758603e-05,-1.59878790e-03,-1.19461240e-03
9.80000000e+01,7.74107121e-01,-1.72826865e-04,-1.78215233e-04,-5.51383549e-03,1.61094192e-03,-2.93596072e-03,6.69052681e-01,-8.30166665e-05,-3.35939062e-04,1.05054441e-01,-8.98101985e-05,1.57723829e-04,-5.48268241e-03,3.21146217e-03,-2.06672446e-03,-3.11531038e-05,-1.60052024e-03,-8.69236258e-04
9.90000000e+01,7.73158814e-01,-1.43903473e-04,-1.53659591e-04,-5.67888669e-03,1.37869177e-03,-2.54476107e-03,6.69075066e-01,-9.80711863e-05,-3.11175665e-04,1.04083751e-01,-4.58322867e-05,1.57516074e-04,-5.64462795e-03,2.97052290e-03,-2.11419471e-03,-3.42587391e-05,-1.59183113e-03,-4.30566353e-04
1.00000000e+02,7.72300389e-01,-1.26146157e-04,-1.55924527e-04,-5.94962087e-03,1.41492836e-03,-2.17466782e-03,6.69159790e-01,-1.22966569e-04,-2.99899993e-04,1.03140600e-01,-3.17958764e-06,1.43975465e-04,-5.90707628e-03,2.87208928e-03,-2.17895001e-03,-4.25445956e-05,-1.45716092e-03,4.28217951e-06
1.01000000e+02,7.71399739e-01,-8.62428772e-05,-1.40783120e-04,-6.18379197e-03,1.36292042e-03,-1.57110947e-03,6.69173830e-01,-1.30177099e-04,-2.68600180e-04,1.02225908e-01,4.39342220e-05,1.27817061e-04,-6.13824203e-03,2.64942418e-03,-2.04465482e-03,-4.55499648e-05,-1.28650376e-03,4.73545344e-04
1.02000000e+02,7.70344112e-01,-6.43033442e-05,-1.66995999e-04,-6.51742340e-03,1.67052695e-03,-1.11951154e-03,6.69004040e-01,-1.46996228e-04,-2.66523132e-04,1.01340071e-01,8.26928830e-05,9.95271325e-05,-6.46431243e-03,2.67548195e-03,-1.98568938e-03,-5.31109703e-05,-1.00495500e-03,8.66177837e-04
1.03000000e+02,7.69038512e-01,-1.87305787e-05,-1.62073994e-04,-6.79780487e-03,1.75070897e-03,-5.04350109e-04,6.68563622e-01,-1.40636105e-04,-2.35764832e-04,1.00474888e-01,1.21905527e-04,7.36908385e-05,-6.74305956e-03,2.48671740e-03,-1.75795136e-03,-5.47453238e-05,-7.36008422e-04,1.25360125e-03
1.04000000e+02,7.67350859e-01,5.72415907e-06,-1.83546678e-04,-7.15240503e-03,2.11791771e-03,-6.25830282e-05,6.67719665e-01,-1.46120591e-04,-2.22662519e-04,9.96311946e-02,1.51844751e-04,3.91158412e-05,-7.09227237e-03,2.50725718e-03,-1.62031043e-03,-6.01326472e-05,-3.89339475e-04,1.55772740e-03
1.05000000e+02,7.65306988e-01,4.79925542e-05,-1.71176716e-04,-7.43607433e-03,2.28185233e-03,5.73344093e-04,6.66504002e-01,-1.33695366e-04,-1.82859417e-04,9.88029848e-02,1.81687920e-04,1.16827019e-05,-7.37575347e-03,2.38481462e-03,-1.27896848e-03,-6.03208885e-05,-1.02962285e-04,1.85231257e-03
1.06000000e+02,7.62967173e-01,6.33726082e-05,-1.97011861e-04,-7.78386064e-03,2.75815259e-03,1.00675408e-03,6.64964440e-01,-1.35445622e-04,-1.78710009e-04,9.80027341e-02,1.98818230e-04,-1.83018514e-05,-7.71914977e-03,2.56436134e-03,-1.02072126e-03,-6.47108294e-05,1.93791249e-04,2.02747534e-03
1.07000000e+02,7.60608841e-01,9.49258564e-05,-1.79996571e-04,-8.05551261e-03,2.85175631e-03,1.53844067e-03,6.63380173e-01,-1.15817717e-04,-1.44972151e-04,9.72286666e-02,2.10743574e-04,-3.50244199e-05,-7.99145892e-03,2.48397030e-03,-6.00110043e-04,-6.40536992e-05,3.67786006e-04,2.13855071e-03
1.08000000e+02,7.58371230e-01,9.51521314e-05,-1.84621229e-04,-8.37230010e-03,3.07259597e-03,1.75022983e-03,6.61894881e-01,-1.11376404e-04,-1.34782010e-04,9.64763477e-02,2.06528535e-04,-4.98392197e-05,-8.30499422e-03,2.56394472e-03,-3.45117274e-04,-6.73058648e-05,5.08651253e-04,2.09534711e-03
1.09000000e+02,7.56222050e-01,1.06176526e-04,-1.45148358e-04,-8.60516579e-03,2.86735790e-03,1.95854393e-03,6.60489556e-01,-9.02621985e-05,-9.66423053e-05,9.57324927e-02,1.96438724e-04,-4.85060529e-05,-8.53925037e-03,2.36858174e-03,-2.36976206e-05,-6.59153778e-05,4.98776156e-04,1.98224155e-03
1.10000000e+02,7.53967477e-01,8.95182147e-05,-1.49828743e-04,-8.89243999e-03,2.96950253e-03,1.83533892e-03,6.58956323e-01,-8.56775124e-05,-9.89691905e-05,9.50111538e-02,1.75195727e-04,-5.08595520e-05,-8.82374812e-03,2.45708052e-03,7.01460654e-05,-6.86918351e-05,5.12422006e-04,1.76519286e-03
1.11000000e+02,7.51521226e-01,8.86821304e-05,-1.08590929e-04,-9.09793164e-03,2.64287264e-03,1.73511592e-03,6.57222928e-01,-6.51194707e-05,-6.86104972e-05,9.42983013e-02,1.53801601e-04,-3.99804324e-05,-9.03162290e-03,2.23577300e-03,1.95610600e-04,-6.63086924e-05,4.07099649e-04,1.53950533e-03
1.12000000e+02,7.48836490e-01,6.20963929e-05,-1.04530739e-04,-9.35026064e-03,2.62188668e-03,1.38984248e-03,6.55228184e-01,-6.36728419e-05,-6.90342277e-05,9.36083077e-02,1.25769235e-04,-3.54965118e-05,-9.28272951e-03,2.26803150e-03,1.31090537e-04,-6.75311465e-05,3.53855180e-04,1.25875194e-03
1.13000000e+02,7.45925759e-01,5.52652024e-05,-5.76086656e-05,-9.51221673e-03,2.22527936e-03,1.20819495e-03,6.52991479e-01,-4.77460097e-05,-3.52320271e-05,9.29342805e-02,1.03011212e-04,-2.23766386e-05,-9.44833299e-03,1.99819418e-03,1.83607506e-04,-6.38837280e-05,2.27085183e-04,1.02458744e-03
1.14000000e+02,7.42865993e-01,2.83685210e-05,-6.37599176e-05,-9.72784244e-03,2.21519265e-03,8.36536001e-04,6.50568625e-01,-4.84250302e-05,-4.25053838e-05,9.22973688e-02,7.67935513e-05,-2.12545339e-05,-9.66361349e-03,2.01041351e-03,7.24873426e-05,-6.42289807e-05,2.04779138e-04,7.64048656e-04
1.15000000e+02,7.39777812e-01,2.42167141e-05,-3.42439203e-05,-9.84994202e-03,1.84354929e-03,6.09419095e-04,6.48089427e-01,-3.32540675e-05,-1.84868619e-05,9.16883832e-02,5.74707815e-05,-1.57570584e-05,-9.79024250e-03,1.69037653e-03,4.53105769e-05,-5.96995251e-05,1.53172759e-04,5.64108520e-04
1.16000000e+02,7.36977435e-01,-3.64198484e-06,-4.88711417e-05,-1.00119330e-02,1.79324777e-03,1.70530947e-04,6.45856220e-01,-3.94221403e-05,-2.56312335e-05,9.11212172e-02,3.57801555e-05,-2.32399083e-05,-9.95261208e-03,1.57531401e-03,-1.78728072e-04,-5.93208552e-05,2.17933763e-04,3.49259020e-04
1.17000000e+02,7.34617869e-01,-8.84726621e-06,-2.30998754e-05,-1.00776663e-02,1.38998980e-03,-7.10867592e-05,6.44036106e-01,-3.07585379e-05,2.31892985e-06,9.05817637e-02,2.19112716e-05,-2.54188052e-05,-1.00229425e-02,1.14406628e-03,-2.76670748e-04,-5.47237669e-05,2.45923514e-04,2.05583989e-04
1.18000000e+02,7.32957088e-01,-3.29884321e-05,-5.31449288e-05,-1.01883834e-02,1.44996297e-03,-4.61144751e-04,6.42879245e-01,-4.02512364e-05,-1.32330004e-05,9.00778435e-02,7.26280431e-06,-3.99119280e-05,-1.01337644e-02,1.06625181e-03,-5.24051728e-04,-5.46189526e-05,3.83711167e-04,6.29069765e-05
1.19000000e+02,7.31904286e-01,-2.92967005e-05,-4.65633009e-05,-1.02021196e-02,1.23228560e-03,-6.31160389e-04,6.42310542e-01,-2.95486897e-05,3.25791471e-07,8.95937462e-02,2.51989258e-07,-4.68890926e-05,-1.01518022e-02,7.69401993e-04,-6.20740317e-04,-5.03173610e-05,4.62883610e-04,-1.04200735e-05
1.20000000e+02,7.31165910e-01,-5.09882980e-05,-8.20515698e-05,-1.02490264e-02,1.42837328e-03,-1.00539118e-03,6.42036518e-01,-3.84579779e-05,-1.82532667e-05,8.91293905e-02,-1.25303203e-05,-6.37983032e-05,-1.01987506e-02,8.00358795e-04,-8.72740878e-04,-5.02757372e-05,6.28014484e-04,-1.32650300e-04
1.21000000e+02,7.30410089e-01,-5.67342388e-05,-7.75446890e-05,-1.01986636e-02,1.35709611e-03,-1.22131461e-03,6.41743333e-01,-3.31835431e-05,-6.65586561e-06,8.86667546e-02,-2.35506957e-05,-7.08888236e-05,-1.01522744e-02,6.47633491e-04,-9.76767114e-04,-4.63891717e-05,7.09462622e-04,-2.44547497e-04
1.22000000e+02,7.29483307e-01,-8.80468492e-05,-1.20599374e-04,-1.01960495e-02,1.73764550e-03,-1.65454835e-03,6.41269707e-01,-4.43642466e-05,-3.31234141e-05,8.82135999e-02,-4.36826025e-05,-8.74759601e-05,-1.01491160e-02,8.67991284e-04,-1.21230905e-03,-4.69334918e-05,8.69654218e-04,-4.42239296e-04
1.23000000e+02,7.28158017e-01,-9.45965124e-05,-1.24775263e-04,-1.01027083e-02,1.83278865e-03,-1.93518800e-03,6.40392795e-01,-3.23473874e-05,-3.13739383e-05,8.77652218e-02,-6.22491249e-05,-9.34013249e-05,-1.00592786e-02,8.96235250e-04,-1.30045842e-03,-4.34296302e-05,9.36553400e-04,-6.34729579e-04
1.24000000e+02,7.26515275e-01,-1.24743640e-04,-1.68448761e-04,-1.00486562e-02,2.28057750e-03,-2.47233597e-03,6.39174490e-01,-3.45410300e-05,-6.11028492e-05,8.73407849e-02,-9.02026101e-05,-1.07345912e-04,-1.00046655e-02,1.21275789e-03,-1.55766029e-03,-4.39907861e-05,1.06781962e-03,-9.14675681e-04
1.25000000e+02,7.24646228e-01,-1.38439444e-04,-1.69559656e-04,-9.90746941e-03,2.38192032e-03,-2.90597589e-03,6.37699889e-01,-2.44590863e-05,-6.04981830e-05,8.69463403e-02,-1.13980357e-04,-1.09061473e-04,-9.86654957e-03,1.28993026e-03,-1.74684101e-03,-4.09198460e-05,1.09199007e-03,-1.15913489e-03
1.26000000e+02,7.22906683e-01,-1.69726068e-04,-2.11905675e-04,-9.82097872e-03,2.80149743e-03,-3.53112734e-03,6.36310304e-01,-2.74615680e-05,-9.50802635e-05,8.65963786e-02,-1.42264500e-04,-1.16825411e-04,-9.77896000e-03,1.63953476e-03,-2.09105574e-03,-4.20187374e-05,1.16196267e-03,-1.44007160e-03
1.27000000e+02,7.21532935e-01,-1.70447882e-04,-2.10683846e-04,-9.65581957e-03,2.85363741e-03,-3.92046924e-03,6.35259229e-01,-8.76196209e-06,-9.98556571e-05,8.62737031e-02,-1.61685920e-04,-1.10828189e-04,-9.61667674e-03,1.74385534e-03,-2.28078039e-03,-3.91428358e-05,1.10978207e-03,-1.63968885e-03
1.28000000e+02,7.20667278e-01,-1.86643123e-04,-2.41934538e-04,-9.54035600e-03,3.20401120e-03,-4.40609541e-03,6.34688317e-01,-5.80456084e-06,-1.31763148e-04,8.59789618e-02,-1.80838562e-04,-1.10171390e-04,-9.50033746e-03,2.10704699e-03,-2.57947097e-03,-4.00185251e-05,1.09696420e-03,-1.82662444e-03
1.29000000e+02,7.20029934e-01,-1.80456241e-04,-2.27819232e-04,-9.35609835e-03,3.20653059e-03,-4.66212820e-03,6.34348576e-01,8.51330832e-06,-1.30785928e-04,8.56813569e-02,-1.88969549e-04,-9.70333035e-05,-9.31905821e-03,2.23302819e-03,-2.75176280e-03,-3.70401090e-05,9.73502393e-04,-1.91036540e-03
1.30000000e+02,7.19411894e-01,-1.85547606e-04,-2.55381903e-04,-9.23141792e-03,3.56292080e-03,-4.99836373e-03,6.34017080e-01,8.12540944e-06,-1.63268563e-04,8.53948129e-02,-1.93673015e-04,-9.21133398e-05,-9.19343811e-03,2.64654246e-03,-3.04561522e-03,-3.79798129e-05,9.16378350e-04,-1.95274850e-03
1.31000000e+02,7.18440556e-01,-1.54545951e-04,-2.46773617e-04,-9.04083627e-03,3.62271291e-03,-5.04537060e-03,6.33338736e-01,3.13501193e-05,-1.67144183e-04,8.51018219e-02,-1.85896071e-04,-7.96294336e-05,-9.00576843e-03,2.82411676e-03,-3.16712857e-03,-3.50678181e-05,7.98596147e-04,-1.87824203e-03
1.32000000e+02,7.17270351e-01,-1.40517452e-04,-2.78896066e-04,-8.91070293e-03,4.03278681e-03,-5.19761370e-03,6.32441707e-01,3.43682134e-05,-2.00422571e-04,8.48286437e-02,-1.74885666e-04,-7.84734951e-05,-8.87445447e-03,3.25228401e-03,-3.43627576e-03,-3.62484637e-05,7.80502797e-04,-1.76133796e-03
1.33000000e+02,7.15751198e-01,-1.05429527e-04,-2.72383233e-04,-8.72712809e-03,4.17165628e-03,-5.10652764e-03,6.31190369e-01,4.70666562e-05,-1.99247625e-04,8.45608263e-02,-1.52496183e-04,-7.31356081e-05,-8.69328061e-03,3.43495297e-03,-3.57022184e-03,-3.38474876e-05,7.36703311e-04,-1.53630579e-03
1.34000000e+02,7.14102834e-01,-8.48931067e-05,-3.10698113e-04,-8.61651666e-03,4.73034417e-03,-5.07253087e-03,6.29784327e-01,4.49990654e-05,-2.28504098e-04,8.43185044e-02,-1.29892172e-04,-8.21940152e-05,-8.58088886e-03,3.90741395e-03,-3.77043712e-03,-3.56277941e-05,8.22930216e-04,-1.30209373e-03
1.35000000e+02,7.12264571e-01,-3.64154858e-05,-3.16446941e-04,-8.45998693e-03,5.09124207e-03,-4.76015559e-03,6.28181777e-01,6.50105522e-05,-2.28140197e-04,8.40827937e-02,-1.01426038e-04,-8.83067442e-05,-8.42682867e-03,4.19599854e-03,-3.74329302e-03,-3.31582472e-05,8.95243517e-04,-1.01686256e-03
1.36000000e+02,7.10470382e-01,-1.18023120e-05,-3.59489509e-04,-8.37847826e-03,5.84919156e-03,-4.55747339e-03,6.26596721e-01,6.65924943e-05,-2.51961631e-04,8.38736599e-02,-7.83948066e-05,-1.07527877e-04,-8.34414911e-03,4.76389007e-03,-3.77882600e-03,-3.43291617e-05,1.08530150e-03,-7.78647389e-04
1.37000000e+02,7.08637009e-01,2.74388696e-05,-3.60922185e-04,-8.25703825e-03,6.33455003e-03,-4.15297589e-03,6.24966638e-01,8.18960442e-05,-2.39828222e-04,8.36703740e-02,-5.44571745e-05,-1.21093963e-04,-8.22578417e-03,5.10246033e-03,-3.61369884e-03,-3.12540977e-05,1.23208973e-03,-5.39277050e-04
1.38000000e+02,7.06987645e-01,4.05410937e-05,-4.03219185e-04,-8.22413826e-03,7.17107622e-03,-3.91564929e-03,6.23496760e-01,7.92230674e-05,-2.60256260e-04,8.34908870e-02,-3.86819735e-05,-1.42962926e-04,-8.19219554e-03,5.72613223e-03,-3.53958646e-03,-3.19427024e-05,1.44494398e-03,-3.76062835e-04
1.39000000e+02,7.05398505e-01,7.97386361e-05,-4.01497275e-04,-8.15520456e-03,7.64016677e-03,-3.45366006e-03,6.22084244e-01,1.02378225e-04,-2.48207014e-04,8.33142586e-02,-2.26395887e-05,-1.53290261e-04,-8.12702493e-03,6.08469782e-03,-3.23514292e-03,-2.81796538e-05,1.55546895e-03,-2.18517141e-04
1.40000000e+02,7.04083665e-01,8.91457941e-05,-4.31884673e-04,-8.17129631e-03,8.35060456e-03,-3.21070068e-03,6.20924139e-01,1.02793136e-04,-2.65530484e-04,8.31595232e-02,-1.36473421e-05,-1.66354190e-04,-8.14323173e-03,6.67276614e-03,-3.08621996e-03,-2.80645882e-05,1.67783844e-03,-1.24480717e-04
1.41000000e+02,7.02906298e-01,1.18503755e-04,-4.10418464e-04,-8.15194265e-03,8.58242375e-03,-2.77674653e-03,6.19901487e-01,1.21077707e-04,-2.46672458e-04,8.30048107e-02,-2.57395264e-06,-1.63746004e-04,-8.12790366e-03,6.92619888e-03,-2.75967338e-03,-2.40390218e-05,1.65622487e-03,-1.70731567e-05
1.42000000e+02,7.02024476e-01,1.20224326e-04,-4.21720300e-04,-8.21936928e-03,8.98492269e-03,-2.56252574e-03,6.19153969e-01,1.16248554e-04,-2.60359854e-04,8.28705089e-02,3.97577213e-06,-1.61360447e-04,-8.19520682e-03,7.36493024e-03,-2.61470175e-03,-2.41624526e-05,1.61999246e-03,5.21760139e-05
1.43000000e+02,7.01275468e-01,1.47652230e-04,-3.80882412e-04,-8.25243067e-03,8.86441947e-03,-2.15235238e-03,6.18541558e-01,1.32183874e-04,-2.38517235e-04,8.27339114e-02,1.54683557e-05,-1.42365176e-04,-8.23193787e-03,7.43160174e-03,-2.31582979e-03,-2.04927728e-05,1.43281772e-03,1.63477413e-04
1.44000000e+02,7.00820060e-01,1.46481461e-04,-3.72217575e-04,-8.36605682e-03,8.93319765e-03,-1.94500082e-03,6.18201888e-01,1.21015930e-04,-2.46807993e-04,8.26181720e-02,2.54655306e-05,-1.25409582e-04,-8.34504092e-03,7.68037585e-03,-2.21288020e-03,-2.10158834e-05,1.25282179e-03,2.67879372e-04
1.45000000e+02,7.00464470e-01,1.69066158e-04,-3.16082567e-04,-8.44244107e-03,8.54953173e-03,-1.47667057e-03,6.17964168e-01,1.26022983e-04,-2.20056398e-04,8.25003011e-02,4.30431745e-05,-9.60261692e-05,-8.42449441e-03,7.58612780e-03,-1.91940833e-03,-1.79466337e-05,9.63403892e-04,4.42737759e-04
1.46000000e+02,7.00269455e-01,1.68988458e-04,-2.97234888e-04,-8.59510171e-03,8.40367352e-03,-1.15151571e-03,6.17872667e-01,1.07875818e-04,-2.24527628e-04,8.23967875e-02,6.11126408e-05,-7.27072603e-05,-8.57605904e-03,7.68377460e-03,-1.78053607e-03,-1.90426738e-05,7.19898902e-04,6.29020358e-04
1.47000000e+02,6.99895021e-01,1.96852071e-04,-2.30934946e-04,-8.70356007e-03,7.81067549e-03,-5.91327321e-04,6.17609003e-01,1.09965211e-04,-1.91285726e-04,8.22860180e-02,8.68868608e-05,-3.96492195e-05,-8.68734661e-03,7.41548078e-03,-1.47546095e-03,-1.62134731e-05,3.95194749e-04,8.84133634e-04
1.48000000e+02,6.99353302e-01,1.93758157e-04,-2.00838191e-04,-8.87817948e-03,7.48082563e-03,-2.69967625e-04,6.17161901e-01,8.29991712e-05,-1.86274218e-04,8.21914001e-02,1.10758986e-04,-1.45639725e-05,-8.86106049e-03,7.34386216e-03,-1.39696219e-03,-1.71189947e-05,1.36963502e-04,1.12699456e-03
1.49000000e+02,6.98429943e-01,2.19137874e-04,-1.31532198e-04,-8.99795093e-03,6.81915281e-03,3.06661193e-04,6.16336781e-01,8.01529382e-05,-1.50168765e-04,8.20931595e-02,1.38984936e-04,1.86365663e-05,-8.98410936e-03,7.00640802e-03,-1.09939559e-03,-1.38415356e-05,-1.87255217e-04,1.40605678e-03
1.50000000e+02,6.97319603e-01,2.16118741e-04,-1.00159771e-04,-9.18073209e-03,6.45425568e-03,6.28545443e-04,6.15299588e-01,5.43177725e-05,-1.43242417e-04,8.20200167e-02,1.61800969e-04,4.30826460e-05,-9.16618584e-03,6.89255005e-03,-1.00739448e-03,-1.45462379e-05,-4.38294367e-04,1.63593992e-03
1.51000000e+02,6.95959530e-01,2.35278752e-04,-2.72276988e-05,-9.30308614e-03,5.74379217e-03,1.07799195e-03,6.14009657e-01,5.03023087e-05,-1.01773632e-04,8.19498718e-02,1.84976444e-04,7.45459330e-05,-9.29221457e-03,6.48902090e-03,-7.83496702e-04,-1.08715742e-05,-7.45228731e-04,1.86148865e-03
1.52000000e+02,6.94666526e-01,2.21498573e-04,8.97353191e-06,-9.47463670e-03,5.32310736e-03,1.20702049e-03,6.12757646e-01,2.22045109e-05,-8.75248194e-05,8.19088827e-02,1.99294062e-04,9.64983515e-05,-9.46361010e-03,6.29443846e-03,-7.97628136e-04,-1.10265901e-05,-9.71331122e-04,2.00464863e-03
1.53000000e+02,6.93415760e-01,2.31022382e-04,7.85135124e-05,-9.57556462e-03,4.59956864e-03,1.48715633e-03,6.11542010e-01,2.03306903e-05,-4.58036658e-05,8.18737474e-02,2.10691692e-04,1.24317178e-04,-9.56837876e-03,5.84305609e-03,-6.25168656e-04,-7.18583911e-06,-1.24348746e-03,2.11232498e-03
1.54000000e+02,6.92504547e-01,2.03384048e-04,1.09205666e-04,-9.72276787e-03,4.14095601e-03,1.38316852e-03,6.10641087e-01,-7.43781505e-06,-3.36598777e-05,8.18634586e-02,2.10821863e-04,1.42865544e-04,-9.71503095e-03,5.57839571e-03,-7.30265107e-04,-7.73689710e-06,-1.43743969e-03,2.11343362e-03
1.55000000e+02,6.91802281e-01,1.97255682e-04,1.78076191e-04,-9.79415998e-03,3.31698130e-03,1.35833263e-03,6.09953674e-01,-1.05639027e-05,1.07290550e-05,8.18486053e-02,2.07819585e-04,1.67347136e-04,-9.78972985e-03,4.99460614e-03,-7.17176919e-04,-4.43009437e-06,-1.67762481e-03,2.07550955e-03
1.56000000e+02,6.91458896e-01,1.57406776e-04,2.06706956e-04,-9.90850084e-03,2.76990056e-03,1.00559709e-03,6.09605831e-01,-3.77869481e-05,2.39800440e-05,8.18530663e-02,1.95193723e-04,1.82726912e-04,-9.90292792e-03,4.61042166e-03,-9.43676072e-04,-5.57293035e-06,-1.84052110e-03,1.94927316e-03
1.57000000e+02,6.91207393e-01,1.48515034e-04,2.62635904e-04,-9.94208971e-03,1.95217104e-03,8.96666193e-04,6.09357381e-01,-3.38333037e-05,5.93010760e-05,8.18500081e-02,1.82348338e-04,2.03334828e-04,-9.93911690e-03,3.99486840e-03,-9.19154390e-04,-2.97277561e-06,-2.04269736e-03,1.81582058e-03
1.58000000e+02,6.91167170e-01,1.07845789e-04,2.75056157e-04,-1.00158653e-02,1.44765648e-03,4.99351674e-04,6.09305091e-01,-5.53747927e-05,6.05475748e-05,8.18620803e-02,1.63220582e-04,2.14508582e-04,-1.00108779e-02,3.61056277e-03,-1.12724694e-03,-4.98746579e-06,-2.16290629e-03,1.62659862e-03
1.59000000e+02,6.91139277e-01,9.60020058e-05,3.21166416e-04,-1.00080003e-02,6.38325023e-04,3.25022565e-04,6.09272074e-01,-5.19161622e-05,9.17572046e-05,8.18672015e-02,1.47918168e-04,2.29409211e-04,-1.00049818e-02,2.94535769e-03,-1.14442603e-03,-3.01847612e-06,-2.30703267e-03,1.46944859e-03
1.60000000e+02,6.91297310e-01,5.66102227e-05,3.23769324e-04,-1.00396160e-02,1.83405254e-04,-3.22216192e-05,6.09405209e-01,-7.40016216e-05,9.04833706e-05,8.18921032e-02,1.30611844e-04,2.33285953e-04,-1.00341185e-02,2.53540681e-03,-1.33327779e-03,-5.49756610e-06,-2.35200155e-03,1.30105617e-03
1.61000000e+02,6.91502802e-01,5.71104408e-05,3.50849443e-04,-9.99401520e-03,-4.41791314e-04,1.54019214e-05,6.09590915e-01,-6.26785652e-05,1.12060902e-04,8.19118888e-02,1.19789006e-04,2.38788541e-04,-9.99020883e-03,1.95751011e-03,-1.17675246e-03,-3.80635010e-06,-2.39930142e-03,1.19215437e-03
1.62000000e+02,6.91924621e-01,3.41029205e-05,3.33446300e-04,-9.99105892e-03,-6.65613340e-04,-8.79770497e-05,6.09977269e-01,-7.47871637e-05,1.01691595e-04,8.19473540e-02,1.08890084e-04,2.31754706e-04,-9.98467846e-03,1.66726881e-03,-1.17602067e-03,-6.38045565e-06,-2.33288215e-03,1.08804362e-03
1.63000000e+02,6.92354571e-01,4.32738986e-05,3.46766055e-04,-9.91167760e-03,-1.08088541e-03,1.10331435e-04,6.10379278e-01,-6.23272220e-05,1.21091765e-04,8.19752948e-02,1.05601121e-04,2.25674291e-04,-9.90715512e-03,1.18226983e-03,-9.43841275e-04,-4.52247739e-06,-2.26315524e-03,1.05417271e-03
1.64000000e+02,6.92894278e-01,2.77096832e-05,3.18005702e-04,-9.87859973e-03,-1.08280391e-03,1.71864515e-04,6.10878492e-01,-7.50564773e-05,1.10670750e-04,8.20157859e-02,1.02766161e-04,2.07334952e-04,-9.87171216e-03,1.00002980e-03,-8.59546409e-04,-6.88757240e-06,-2.08283371e-03,1.03141092e-03
1.65000000e+02,6.93310164e-01,4.89120791e-05,3.17144420e-04,-9.77615283e-03,-1.24610170e-03,5.92940823e-04,6.11268273e-01,-5.78225020e-05,1.26450194e-04,8.20418902e-02,1.06734581e-04,1.90694226e-04,-9.77131474e-03,6.61659380e-04,-4.77364123e-04,-4.83806150e-06,-1.90776108e-03,1.07030494e-03
1.66000000e+02,6.93728595e-01,4.46968581e-05,2.75714506e-04,-9.72879300e-03,-1.02806793e-03,8.03554511e-04,6.11646757e-01,-6.47071868e-05,1.12418740e-04,8.20818355e-02,1.09404045e-04,1.63295767e-04,-9.72168864e-03,6.09669521e-04,-2.96821700e-04,-7.10435929e-06,-1.63773745e-03,1.10037621e-03
1.67000000e+02,6.93956476e-01,6.43807836e-05,2.60225546e-04,-9.61509366e-03,-9.75489830e-04,1.18683477e-03,6.11846091e-01,-5.17842658e-05,1.20647561e-04,8.21103860e-02,1.16165049e-04,1.39577985e-04,-9.61031077e-03,4.18308327e-04,2.16830593e-05,-4.78290295e-06,-1.39379816e-03,1.16515171e-03
1.68000000e+02,6.94174296e-01,5.70792473e-05,2.13523016e-04,-9.56140054e-03,-6.34088829e-04,1.32690390e-03,6.12020320e-01,-6.26850387e-05,1.05102699e-04,8.21539777e-02,1.19764286e-04,1.08420316e-04,-9.55434010e-03,4.53318666e-04,1.25115684e-04,-7.06044150e-06,-1.08740750e-03,1.20178821e-03
1.69000000e+02,6.94212511e-01,7.63449802e-05,2.01386887e-04,-9.45541041e-03,-5.51671279e-04,1.65730539e-03,6.12020398e-01,-4.79279290e-05,1.16168874e-04,8.21921117e-02,1.24272909e-04,8.52180130e-05,-9.45053576e-03,2.97308173e-04,4.15436885e-04,-4.87465277e-06,-8.48979453e-04,1.24186850e-03
1.70000000e+02,6.94255811e-01,6.64310884e-05,1.56646828e-04,-9.41147006e-03,-2.11007917e-04,1.66756717e-03,6.12009525e-01,-5.66486873e-05,9.79938155e-05,8.22462855e-02,1.23079776e-04,5.86530118e-05,-9.40437669e-03,3.78368558e-04,4.38802595e-04,-7.09337966e-06,-5.89376472e-04,1.22876457e-03
1.71000000e+02,6.94132366e-01,7.82051385e-05,1.45869352e-04,-9.30826862e-03,-1.59085308e-04,1.77680370e-03,6.11843749e-01,-4.27326563e-05,1.02591299e-04,8.22886148e-02,1.20937795e-04,4.32780531e-05,-9.30344736e-03,2.71541455e-04,5.74435953e-04,-4.82123333e-06,-4.30626763e-04,1.20236775e-03
1.72000000e+02,6.94001327e-01,5.89092394e-05,1.12100391e-04,-9.27433643e-03,8.81954806e-05,1.58692957e-03,6.11656125e-01,-5.42543318e-05,8.45632220e-05,8.23452027e-02,1.13163571e-04,2.75371688e-05,-9.26696816e-03,3.66761096e-04,4.62885784e-04,-7.36825459e-06,-2.78565616e-04,1.12404379e-03
1.73000000e+02,6.93651021e-01,6.46821252e-05,1.16420651e-04,-9.19343451e-03,3.13520404e-05,1.58274215e-03,6.11262947e-01,-3.99429928e-05,9.25948598e-05,8.23880708e-02,1.04625118e-04,2.38257914e-05,-9.18816139e-03,2.67257945e-04,5.47748209e-04,-5.27309763e-06,-2.35905904e-04,1.03499394e-03
1.74000000e+02,6.93244791e-01,4.02820833e-05,9.20255654e-05,-9.18084336e-03,1.87212312e-04,1.28353414e-03,6.10799802e-01,-5.12166026e-05,7.34215755e-05,8.24449905e-02,9.14986859e-05,1.86039898e-05,-9.17313424e-03,3.77464812e-04,3.79987670e-04,-7.70910363e-06,-1.90252500e-04,9.03546467e-04
1.75000000e+02,6.92588400e-01,4.03485958e-05,1.01503281e-04,-9.11606858e-03,4.91914152e-05,1.14545762e-03,6.10098928e-01,-3.88158905e-05,7.79920521e-05,8.24894704e-02,7.91644861e-05,2.35112284e-05,-9.11045977e-03,2.83688762e-04,3.68549042e-04,-5.60884390e-06,-2.34497347e-04,7.76908574e-04
1.76000000e+02,6.91866752e-01,1.58356587e-05,8.67004435e-05,-9.12435945e-03,1.05431630e-04,7.95258540e-04,6.09319330e-01,-4.85090169e-05,6.22054363e-05,8.25474206e-02,6.43446757e-05,2.44950072e-05,-9.11588982e-03,3.55740748e-04,1.65577335e-04,-8.46965215e-06,-2.50309119e-04,6.29681201e-04
1.77000000e+02,6.90905117e-01,1.29396585e-05,1.03582180e-04,-9.08582872e-03,-9.31951338e-05,6.21194841e-04,6.08311551e-01,-3.84692193e-05,7.11524853e-05,8.25935652e-02,5.14088780e-05,3.24296944e-05,-9.07933315e-03,2.30909350e-04,1.22843519e-04,-6.49558246e-06,-3.24104484e-04,4.98351320e-04
1.78000000e+02,6.89893315e-01,-1.47032806e-05,8.76064206e-05,-9.12170084e-03,-4.01076954e-05,2.13467944e-04,6.07240935e-01,-5.22823081e-05,5.46907237e-05,8.26523818e-02,3.75790274e-05,3.29156969e-05,-9.11214994e-03,2.95334210e-04,-1.47145993e-04,-9.55091406e-06,-3.35441906e-04,3.60613938e-04
1.79000000e+02,6.88670645e-01,-1.55801366e-05,9.80672357e-05,-9.10489735e-03,-2.07965159e-04,1.39890925e-05,6.05967053e-01,-4.22975155e-05,6.03799332e-05,8.27035920e-02,2.67173791e-05,3.76873025e-05,-9.09707445e-03,1.70347491e-04,-2.36835736e-04,-7.82291176e-06,-3.78312650e-04,2.50824829e-04
1.80000000e+02,6.87433227e-01,-3.64191482e-05,8.27650062e-05,-9.15984083e-03,-1.43233892e-04,-3.25537199e-04,6.04663529e-01,-5.23276065e-05,4.86924425e-05,8.27696971e-02,1.59084584e-05,3.40725635e-05,-9.14863249e-03,2.04031265e-04,-4.70771318e-04,-1.12083183e-05,-3.47265157e-04,1.45234119e-04
1.81000000e+02,6.86030912e-01,-3.47052631e-05,9.43748416e-05,-9.16618467e-03,-2.76938213e-04,-4.40205872e-04,6.03206789e-01,-4.30050242e-05,6.00488510e-05,8.28241219e-02,8.29976135e-06,3.43259904e-05,-9.15661315e-03,6.75653140e-05,-5.09584392e-04,-9.57153451e-06,-3.44503527e-04,6.93785188e-05
1.82000000e+02,6.84678647e-01,-5.20941666e-05,6.99043599e-05,-9.24373539e-03,-1.28714769e-04,-6.83797096e-04,6.01784816e-01,-5.36497982e-05,4.32310238e-05,8.28938327e-02,1.55563164e-06,2.66733357e-05,-9.23068041e-03,1.45920879e-04,-6.88804274e-04,-1.30549842e-05,-2.74635648e-04,5.00717726e-06
1.83000000e+02,6.83212993e-01,-4.48897575e-05,7.11326445e-05,-9.26776096e-03,-1.89498765e-04,-6.71966180e-04,6.00261481e-01,-4.32348037e-05,4.65498006e-05,8.29515141e-02,-1.65495378e-06,2.45828439e-05,-9.25633350e-03,5.93015076e-05,-6.47414975e-04,-1.14274715e-05,-2.48800273e-04,-2.45512014e-05
1.84000000e+02,6.81826757e-01,-5.48508594e-05,5.12382306e-05,-9.35984942e-03,-6.63474971e-05,-7.16154910e-04,5.98805118e-01,-5.15483045e-05,3.37666617e-05,8.30216411e-02,-3.30255481e-06,1.74715690e-05,-9.34494278e-03,1.15990574e-04,-6.80241012e-04,-1.49066351e-05,-1.82338071e-04,-3.59138993e-05
1.85000000e+02,6.80358342e-01,-4.13486711e-05,5.97542824e-05,-9.39622670e-03,-1.72823064e-04,-4.74840045e-04,5.97278129e-01,-4.01662327e-05,4.21313273e-05,8.30802130e-02,-1.18243809e-06,1.76229550e-05,-9.38331615e-03,6.32630668e-06,-4.63780804e-04,-1.29105437e-05,-1.79149370e-04,-1.10592407e-05
1.86000000e+02,6.79026353e-01,-4.55714638e-05,3.69604078e-05,-9.49701427e-03,-3.57571594e-05,-3.18938016e-04,5.95874402e-01,-4.86647927e-05,2.32826375e-05,8.31519510e-02,3.09332874e-06,1.36777703e-05,-9.48110509e-03,1.10232748e-04,-3.54858065e-04,-1.59091743e-05,-1.45989907e-04,3.59200490e-05
1.87000000e+02,6.77697659e-01,-2.96629676e-05,4.25585368e-05,-9.53828522e-03,-1.27760390e-04,6.23004927e-05,5.94484198e-01,-4.04715382e-05,2.47156631e-05,8.32134613e-02,1.08085706e-05,1.78428738e-05,-9.52480550e-03,5.48371248e-05,-5.38662307e-05,-1.34797036e-05,-1.82597514e-04,1.16166723e-04
1.88000000e+02,6.76600068e-01,-3.06950425e-05,2.93829901e-05,-9.64060296e-03,-5.12270463e-05,3.63354704e-04,5.93310224e-01,-5.12686384e-05,1.05714824e-05,8.32898436e-02,2.05735958e-05,1.88115076e-05,-9.62458538e-03,1.45338108e-04,1.46250963e-04,-1.60175785e-05,-1.96565155e-04,2.17103741e-04
1.89000000e+02,6.75589803e-01,-7.85165274e-06,4.55001079e-05,-9.67990048e-03,-1.86597952e-04,9.05372586e-04,5.92234115e-01,-4.03558727e-05,1.84302141e-05,8.33556881e-02,3.25042201e-05,2.70698936e-05,-9.66716499e-03,8.70478908e-05,5.67384426e-04,-1.27354969e-05,-2.73645843e-04,3.37988163e-04
1.90000000e+02,6.74875158e-01,-3.51439193e-06,3.04256246e-05,-9.77970909e-03,-4.73365454e-05,1.29146455e-03,5.91438503e-01,-4.79284199e-05,-4.93544843e-07,8.34366560e-02,4.44140279e-05,3.09191694e-05,-9.76527624e-03,2.69384886e-04,8.33675784e-04,-1.44328484e-05,-3.16721431e-04,4.57788766e-04
1.91000000e+02,6.74269758e-01,1.28151530e-05,4.22811333e-05,-9.81040685e-03,-9.82414547e-05,1.75949654e-03,5.90766236e-01,-4.30362859e-05,9.66465827e-07,8.35035209e-02,5.58514388e-05,4.13146675e-05,-9.79976354e-03,3.16336723e-04,1.18749380e-03,-1.06433122e-05,-4.14578178e-04,5.72002735e-04
1.92000000e+02,6.73942241e-01,7.15135138e-06,3.54872437e-05,-9.89966980e-03,3.29588998e-05,2.02499953e-03,5.90362340e-01,-5.81002184e-05,-1.18481617e-05,8.35799025e-02,6.52515697e-05,4.73354053e-05,-9.88746281e-03,5.10581172e-04,1.35974941e-03,-1.22070113e-05,-4.77622274e-04,6.65250122e-04
1.93000000e+02,6.73670267e-01,1.92100186e-05,5.99701131e-05,-9.92063488e-03,-5.15587251e-05,2.40492356e-03,5.90028229e-01,-5.23849273e-05,1.30437021e-06,8.36420379e-02,7.15949461e-05,5.86657430e-05,-9.91245737e-03,5.32980922e-04,1.67772404e-03,-8.17751478e-06,-5.84539642e-04,7.27199528e-04
1.94000000e+02,6.73597101e-01,1.34348416e-05,4.88164863e-05,-1.00003588e-02,1.68839577e-04,2.57299624e-03,5.89883823e-01,-6.06664109e-05,-1.54326176e-05,8.37132772e-02,7.41012523e-05,6.42491038e-05,-9.99089358e-03,8.13833106e-04,1.82406424e-03,-9.46516799e-06,-6.44993526e-04,7.48931996e-04
1.95000000e+02,6.73490148e-01,1.31667299e-05,6.55529199e-05,-1.00058637e-02,1.79165267e-04,2.70681607e-03,5.89722183e-01,-5.91292483e-05,-9.48884674e-06,8.37679646e-02,7.22959782e-05,7.50417667e-05,-1.00002021e-02,9.26284901e-04,1.97924734e-03,-5.66159925e-06,-7.47119634e-04,7.27568732e-04
1.96000000e+02,6.73498543e-01,-1.15988731e-05,6.38695876e-05,-1.00685975e-02,3.51567293e-04,2.57693313e-03,5.89665723e-01,-7.88359716e-05,-1.68887725e-05,8.38328225e-02,6.72370984e-05,8.07583603e-05,-1.00609362e-02,1.15891121e-03,1.90341574e-03,-7.66123864e-06,-8.07343919e-04,6.73517383e-04
1.97000000e+02,6.73412543e-01,-1.86917542e-05,9.28176429e-05,-1.00582863e-02,2.79741518e-04,2.53320415e-03,5.89528806e-01,-7.79379798e-05,1.81980614e-06,8.38837370e-02,5.92462256e-05,9.09978368e-05,-1.00540745e-02,1.18434720e-03,1.94222806e-03,-4.21182695e-06,-9.04605687e-04,5.90976086e-04
1.98000000e+02,6.73427840e-01,-3.68728743e-05,8.88050942e-05,-1.01078089e-02,4.65265660e-04,2.33561358e-03,5.89481764e-01,-8.68681711e-05,-6.40966100e-06,8.39460752e-02,4.99952969e-05,9.52147551e-05,-1.01013564e-02,1.41764296e-03,1.84024299e-03,-6.45243549e-06,-9.52377301e-04,4.95370589e-04
1.99000000e+02,6.73391193e-01,-4.68012851e-05,1.09207826e-04,-1.00816163e-02,4.46554309e-04,2.16781305e-03,5.89393577e-01,-8.64676179e-05,5.31851293e-06,8.39976133e-02,3.96663327e-05,1.03889313e-04,-1.00781687e-02,1.48134981e-03,1.77659200e-03,-3.44767820e-06,-1.03479551e-03,3.91221041e-04
2.00000000e+02,6.73521045e-01,-7.63489199e-05,1.10078909e-04,-1.01129445e-02,5.59361854e-04,1.83593553e-03,5.89458313e-01,-1.07280617e-04,2.82571671e-06,8.40627343e-02,3.09316966e-05,1.07253192e-04,-1.01067258e-02,1.63248832e-03,1.53281443e-03,-6.21873833e-06,-1.07312646e-03,3.03121098e-04
2.01000000e+02,6.73653313e-01,-8.46169111e-05,1.38951189e-04,-1.00700726e-02,4.27995337e-04,1.68629654e-03,5.89538823e-01,-1.07872507e-04,2.44787973e-05,8.41144903e-02,2.32555958e-05,1.14472392e-04,-1.00668921e-02,1.56927671e-03,1.45940258e-03,-3.18041576e-06,-1.14128138e-03,2.26893958e-04
2.02000000e+02,6.73981771e-01,-9.70807642e-05,1.35952998e-04,-1.00884840e-02,5.32588318e-04,1.49838247e-03,5.89803301e-01,-1.15449206e-04,2.07178087e-05,8.41784713e-02,1.83684423e-05,1.15235190e-04,-1.00827086e-02,1.68741965e-03,1.32129790e-03,-5.77543441e-06,-1.15483133e-03,1.77084573e-04
2.03000000e+02,6.74300456e-01,-1.00481981e-04,1.51812861e-04,-1.00311466e-02,4.75375348e-04,1.39110658e-03,5.90072781e-01,-1.14564909e-04,3.21770402e-05,8.42276741e-02,1.40829277e-05,1.19635820e-04,-1.00284165e-02,1.67029832e-03,1.25518634e-03,-2.73017663e-06,-1.19492297e-03,1.35920240e-04
2.04000000e+02,6.74754872e-01,-1.21134893e-04,1.48623448e-04,-1.00348265e-02,5.55622272e-04,1.16051037e-03,5.90469671e-01,-1.33408042e-04,3.03971420e-05,8.42852022e-02,1.22731496e-05,1.18226306e-04,-1.00292669e-02,1.74080085e-03,1.04263422e-03,-5.55952840e-06,-1.18517858e-03,1.17876147e-04
2.05000000e+02,6.75109151e-01,-1.23924305e-04,1.72402774e-04,-9.96387634e-03,4.22685189e-04,1.08441353e-03,5.90781817e-01,-1.34118572e-04,5.25530980e-05,8.43273374e-02,1.01942671e-05,1.19849676e-04,-9.96141866e-03,1.61887940e-03,9.86477640e-04,-2.45763744e-06,-1.19619422e-03,9.79358888e-05
2.06000000e+02,6.75507907e-01,-1.33050688e-04,1.61638461e-04,-9.95657878e-03,5.75601511e-04,9.50257956e-04,5.91129279e-01,-1.42123881e-04,4.70679595e-05,8.43786289e-02,9.07319296e-06,1.14570501e-04,-9.95150771e-03,1.72373076e-03,8.64679635e-04,-5.07104436e-06,-1.14812925e-03,8.55783208e-05
2.07000000e+02,6.75734567e-01,-1.32966773e-04,1.67092477e-04,-9.87672361e-03,6.10404223e-04,8.83507015e-04,5.91320377e-01,-1.38737436e-04,5.47263173e-05,8.44141890e-02,5.77066315e-06,1.12366160e-04,-9.87450120e-03,1.73194530e-03,8.29525756e-04,-2.22242154e-06,-1.12154108e-03,5.39812561e-05
2.08000000e+02,6.75943284e-01,-1.53611624e-04,1.54769073e-04,-9.86099547e-03,7.86226024e-04,6.60910367e-04,5.91483207e-01,-1.56226818e-04,4.98304691e-05,8.44600761e-02,2.61519413e-06,1.04938604e-04,-9.85574379e-03,1.83674582e-03,6.38347305e-04,-5.25170111e-06,-1.05051980e-03,2.25630650e-05
2.09000000e+02,6.75929080e-01,-1.58328196e-04,1.68805946e-04,-9.77239451e-03,7.55403633e-04,5.77250182e-04,5.91437959e-01,-1.55787008e-04,6.80873264e-05,8.44911237e-02,-2.54118784e-06,1.00718619e-04,-9.76996041e-03,1.75869874e-03,6.05397507e-04,-2.43407865e-06,-1.00329510e-03,-2.81473247e-05
2.10000000e+02,6.75872818e-01,-1.66322285e-04,1.49554851e-04,-9.75177927e-03,9.88910367e-04,4.60364628e-04,5.91340027e-01,-1.59027939e-04,5.87019201e-05,8.45327913e-02,-7.29434670e-06,9.08529307e-05,-9.74619419e-03,1.89855567e-03,5.37620745e-04,-5.58510247e-06,-9.09645302e-04,-7.72561164e-05
2.11000000e+02,6.75596039e-01,-1.66464882e-04,1.49579349e-04,-9.66009107e-03,1.06617089e-03,4.08046787e-04,5.91035923e-01,-1.52152912e-04,6.42384910e-05,8.45601187e-02,-1.43119705e-05,8.53408585e-05,-9.65702222e-03,1.91690506e-03,5.53658862e-04,-3.06882784e-06,-8.50734165e-04,-1.45612077e-04
2.12000000e+02,6.75296716e-01,-1.86152171e-04,1.34024955e-04,-9.63320872e-03,1.24247439e-03,2.14307630e-04,5.90696902e-01,-1.65889009e-04,5.77106674e-05,8.45998123e-02,-2.02631614e-05,7.63142881e-05,-9.62669434e-03,2.00754786e-03,4.19120129e-04,-6.51437702e-06,-7.65073475e-04,-2.04812499e-04
2.13000000e+02,6.74801942e-01,-1.89826205e-04,1.45954197e-04,-9.53774305e-03,1.17943676e-03,1.64625020e-04,5.90176576e-01,-1.62821521e-04,7.38173993e-05,8.46253633e-02,-2.70046846e-05,7.21367976e-05,-9.53368688e-03,1.89890834e-03,4.35587831e-04,-4.05617780e-06,-7.19471582e-04,-2.70962812e-04
2.14000000e+02,6.74322433e-01,-1.95328733e-04,1.29318147e-04,-9.50984819e-03,1.32040897e-03,9.55666560e-05,5.89658288e-01,-1.63599103e-04,6.50463232e-05,8.46641454e-02,-3.17296291e-05,6.42718235e-05,-9.50243601e-03,1.96700035e-03,4.15319661e-04,-7.41219854e-06,-6.46591389e-04,-3.19753005e-04
2.15000000e+02,6.73688213e-01,-1.91830385e-04,1.31070547e-04,-9.41535262e-03,1.28374889e-03,9.88675273e-05,5.88998411e-01,-1.54439113e-04,6.88857148e-05,8.46897999e-02,-3.73912728e-05,6.21848322e-05,-9.41027820e-03,1.90694841e-03,4.73530776e-04,-5.07440057e-06,-6.23199513e-04,-3.74663249e-04
2.16000000e+02,6.73107536e-01,-2.07004488e-04,1.22815979e-04,-9.38798792e-03,1.28422053e-03,-3.75093586e-05,5.88379477e-01,-1.66098893e-04,6.46683732e-05,8.47280591e-02,-4.09055947e-05,5.81476063e-05,-9.37945551e-03,1.87217116e-03,3.72716361e-04,-8.53240594e-06,-5.87950641e-04,-4.10225720e-04
2.17000000e+02,6.72416727e-01,-2.06613875e-04,1.42917598e-04,-9.29049586e-03,1.02747678e-03,-4.35748061e-05,5.87663310e-01,-1.61977463e-04,8.33847580e-05,8.47534164e-02,-4.46364118e-05,5.95328404e-05,-9.28456469e-03,1.62622166e-03,4.03521092e-04,-5.93121632e-06,-5.98744876e-04,-4.47095898e-04
2.18000000e+02,6.71844013e-01,-2.08935119e-04,1.35087578e-04,-9.26346271e-03,9.61262086e-04,-8.22838793e-05,5.87051394e-01,-1.62800565e-04,7.75045224e-05,8.47926206e-02,-4.61345543e-05,5.75830550e-05,-9.25431952e-03,1.54683767e-03,3.81889652e-04,-9.14317803e-06,-5.85575588e-04,-4.64173532e-04
2.19000000e+02,6.71225401e-01,-2.02298495e-04,1.45027543e-04,-9.17106905e-03,7.21850422e-04,-5.56591494e-05,5.86406215e-01,-1.53547169e-04,8.42718793e-05,8.48191870e-02,-4.87513264e-05,6.07556629e-05,-9.16438471e-03,1.33713092e-03,4.32969203e-04,-6.68433059e-06,-6.15280506e-04,-4.88628350e-04
2.20000000e+02,6.70766496e-01,-2.14429371e-04,1.46438328e-04,-9.14751135e-03,5.11768919e-04,-1.75935108e-04,5.85909137e-01,-1.65237850e-04,8.53914412e-05,8.48573618e-02,-4.91915208e-05,6.10468869e-05,-9.13748631e-03,1.13472583e-03,3.18112439e-04,-1.00250142e-05,-6.22956911e-04,-4.94047545e-04
2.21000000e+02,6.70291850e-01,-2.09432216e-04,1.73525825e-04,-9.05730046e-03,8.42900444e-05,-1.56023349e-04,5.85408982e-01,-1.59480760e-04,1.08724302e-04,8.48828673e-02,-4.99514558e-05,6.48015238e-05,-9.04997484e-03,7.41362586e-04,3.45151197e-04,-7.32565854e-06,-6.57072539e-04,-5.01174545e-04
2.22000000e+02,6.70004505e-01,-2.07701460e-04,1.67236632e-04,-9.03579015e-03,-9.23591550e-05,-1.63563834e-04,5.85083660e-01,-1.59164066e-04,1.03948435e-04,8.49208445e-02,-4.85373939e-05,6.32881974e-05,-9.02538220e-03,5.55436449e-04,3.24652221e-04,-1.04079491e-05,-6.47795602e-04,-4.88216056e-04
2.23000000e+02,6.69712605e-01,-1.94376502e-04,1.75878350e-04,-8.95117767e-03,-3.93443758e-04,-7.73616318e-05,5.84767985e-01,-1.46773697e-04,1.11162046e-04,8.49446180e-02,-4.76028041e-05,6.47163042e-05,-8.94331163e-03,2.65361272e-04,3.99759301e-04,-7.86607205e-06,-6.58805032e-04,-4.77120933e-04
2.24000000e+02,6.69598614e-01,-2.00198333e-04,1.74154255e-04,-8.93329608e-03,-6.16757876e-04,-1.32669681e-04,5.84618063e-01,-1.56007427e-04,1.12735905e-04,8.49805497e-02,-4.41909064e-05,6.14183501e-05,-8.92222031e-03,1.23021233e-05,3.10787991e-04,-1.10757715e-05,-6.29059995e-04,-4.43457672e-04
2.25000000e+02,6.69460650e-01,-1.88736560e-04,1.92094415e-04,-8.84810340e-03,-9.85502213e-04,-2.90768918e-05,5.84458921e-01,-1.48159402e-04,1.32421155e-04,8.50017283e-02,-4.05771576e-05,5.96732593e-05,-8.83989579e-03,-3.78118346e-04,3.76940343e-04,-8.20759850e-06,-6.07383869e-04,-4.06017234e-04
2.26000000e+02,6.69486688e-01,-1.78652491e-04,1.76585733e-04,-8.83224693e-03,-1.07245491e-03,7.33633093e-05,5.84453062e-01,-1.44106499e-04,1.24635181e-04,8.50336265e-02,-3.45459913e-05,5.19505513e-05,-8.82100309e-03,-5.38082096e-04,4.19430030e-04,-1.12438072e-05,-5.34372810e-04,-3.46066721e-04
2.27000000e+02,6.69475017e-01,-1.58360267e-04,1.74336744e-04,-8.75171834e-03,-1.24604967e-03,2.61782244e-04,5.84424289e-01,-1.29179957e-04,1.27722201e-04,8.50507292e-02,-2.91803093e-05,4.66145426e-05,-8.74323451e-03,-7.69669109e-04,5.52040935e-04,-8.48384589e-06,-4.76380561e-04,-2.90258689e-04
2.28000000e+02,6.69603383e-01,-1.59193155e-04,1.63831413e-04,-8.73654462e-03,-1.34488229e-03,2.88627713e-04,5.84524107e-01,-1.37048527e-04,1.26763314e-04,8.50792770e-02,-2.21446279e-05,3.70680981e-05,-8.72506873e-03,-9.61693914e-04,5.08481804e-04,-1.14758736e-05,-3.83188383e-04,-2.19854092e-04
2.29000000e+02,6.69656296e-01,-1.44975800e-04,1.73349933e-04,-8.65406843e-03,-1.57658622e-03,4.55563769e-04,5.84563629e-01,-1.28945873e-04,1.43476121e-04,8.50926660e-02,-1.60299273e-05,2.98738123e-05,-8.64560751e-03,-1.27026814e-03,6.13121840e-04,-8.46092309e-06,-3.06318081e-04,-1.57558070e-04
2.30000000e+02,6.69815092e-01,-1.35209971e-04,1.51373087e-04,-8.63836480e-03,-1.53692049e-03,5.83932987e-04,5.84698873e-01,-1.26262544e-04,1.32873152e-04,8.51162154e-02,-8.94742678e-06,1.84999354e-05,-8.62703810e-03,-1.34063563e-03,6.71768117e-04,-1.13267022e-05,-1.96284858e-04,-8.78351328e-05
2.31000000e+02,6.69874606e-01,-1.15534112e-04,1.43884778e-04,-8.55828832e-03,-1.59311599e-03,7.78769687e-04,5.84749689e-01,-1.11242567e-04,1.32502007e-04,8.51249205e-02,-4.29154513e-06,1.13827715e-05,-8.54982687e-03,-1.47213421e-03,8.18649497e-04,-8.46145942e-06,-1.20981779e-04,-3.98798083e-05
2.32000000e+02,6.70005633e-01,-1.17222223e-04,1.31429051e-04,-8.54099699e-03,-1.61124883e-03,7.98886479e-04,5.84861101e-01,-1.17710113e-04,1.28997545e-04,8.51445313e-02,4.87890632e-07,2.43150526e-06,-8.52971178e-03,-1.57692115e-03,7.92015770e-04,-1.12851954e-05,-3.43276833e-05,6.87070497e-06
2.33000000e+02,6.69992589e-01,-1.05653133e-04,1.40206016e-04,-8.45537341e-03,-1.78149641e-03,9.29020749e-04,5.84843874e-01,-1.08498753e-04,1.42236975e-04,8.51487135e-02,2.84561985e-06,-2.03095961e-06,-8.44708756e-03,-1.79598634e-03,8.98148138e-04,-8.28585396e-06,1.44899374e-05,3.08726135e-05
2.34000000e+02,6.70024276e-01,-1.01222390e-04,1.23849928e-04,-8.43603187e-03,-1.74614410e-03,9.94448096e-04,5.84861074e-01,-1.06543935e-04,1.32236713e-04,8.51632019e-02,5.32154499e-06,-8.38678516e-06,-8.42481148e-03,-1.81986073e-03,9.40540782e-04,-1.12204176e-05,7.37166292e-05,5.39073143e-05
2.35000000e+02,6.69904457e-01,-8.60801968e-05,1.22512868e-04,-8.35390138e-03,-1.82639758e-03,1.12857838e-03,5.84740477e-01,-9.09017300e-05,1.31822908e-04,8.51639792e-02,4.82153303e-06,-9.31003988e-06,-8.34534053e-03,-1.91267347e-03,1.07868156e-03,-8.56084618e-06,8.62758888e-05,4.98968081e-05
2.36000000e+02,6.69814431e-01,-9.10865807e-05,1.16919572e-04,-8.33312241e-03,-1.87795360e-03,1.09158485e-03,5.84638192e-01,-9.55321285e-05,1.27813673e-04,8.51762373e-02,4.44554799e-06,-1.08941011e-05,-8.32163124e-03,-1.97692918e-03,1.04673188e-03,-1.14911411e-05,9.89755861e-05,4.48529752e-05
2.37000000e+02,6.69549852e-01,-8.54379760e-05,1.33013333e-04,-8.24201154e-03,-2.08070311e-03,1.15079863e-03,5.84376150e-01,-8.73601242e-05,1.40577443e-04,8.51737012e-02,1.92214802e-06,-7.56411012e-06,-8.23339734e-03,-2.15061160e-03,1.13016424e-03,-8.61418984e-06,6.99084902e-05,2.06343856e-05
2.38000000e+02,6.69307907e-01,-8.44572042e-05,1.24415636e-04,-8.21792382e-03,-2.08050284e-03,1.17162078e-03,5.84124495e-01,-8.47757844e-05,1.30624247e-04,8.51834111e-02,3.18580190e-07,-6.20861104e-06,-8.20620410e-03,-2.13282766e-03,1.16853078e-03,-1.17196898e-05,5.23248172e-05,3.08999596e-06
2.39000000e+02,6.68896402e-01,-7.17855125e-05,1.27133556e-04,-8.13129546e-03,-2.15798217e-03,1.27178743e-03,5.83717218e-01,-6.84869324e-05,1.27418322e-04,8.51791823e-02,-3.29858029e-06,-2.84765830e-07,-8.12212163e-03,-2.15468779e-03,1.30411689e-03,-9.17385872e-06,-3.29438361e-06,-3.23294624e-05
2.40000000e+02,6.68508211e-01,-7.96534538e-05,1.26513538e-04,-8.10683466e-03,-2.20846445e-03,1.20391169e-03,5.83320679e-01,-7.38251882e-05,1.22561052e-04,8.51875302e-02,-5.82826574e-06,3.95248548e-06,-8.09466906e-03,-2.16018472e-03,1.26227331e-03,-1.21656421e-05,-4.82797322e-05,-5.83616230e-05
2.41000000e+02,6.67944555e-01,-7.55399187e-05,1.43832217e-04,-8.01338973e-03,-2.37404352e-03,1.25437173e-03,5.82762745e-01,-6.61815125e-05,1.32488797e-04,8.51818102e-02,-9.35840635e-06,1.13434198e-05,-8.00401842e-03,-2.25622963e-03,1.34641717e-03,-9.37131943e-06,-1.17813893e-04,-9.20454423e-05
2.42000000e+02,6.67410383e-01,-7.48550273e-05,1.36727023e-04,-7.98486988e-03,-2.33231419e-03,1.27777824e-03,5.82222018e-01,-6.39050933e-05,1.21453505e-04,8.51883650e-02,-1.09499342e-05,1.52735174e-05,-7.97241421e-03,-2.17148896e-03,1.38741194e-03,-1.24556854e-05,-1.60825232e-04,-1.09633693e-04
2.43000000e+02,6.66725359e-01,-6.10371416e-05,1.37057167e-04,-7.89555534e-03,-2.33143914e-03,1.38984993e-03,5.81542650e-01,-4.72358786e-05,1.15151280e-04,8.51827108e-02,-1.38012630e-05,2.19058868e-05,-7.88568747e-03,-2.10811892e-03,1.52743716e-03,-9.86783022e-06,-2.23320215e-04,-1.37587235e-04
2.44000000e+02,6.66093578e-01,-6.85194301e-05,1.32840329e-04,-7.86670763e-03,-2.29031901e-03,1.33247791e-03,5.80903042e-01,-5.33661262e-05,1.07365010e-04,8.51905331e-02,-1.51533040e-05,2.54753184e-05,-7.85401601e-03,-2.02899617e-03,1.48384583e-03,-1.26916540e-05,-2.61322842e-04,-1.51367919e-04
2.45000000e+02,6.65331482e-01,-6.43019122e-05,1.44550487e-04,-7.76976441e-03,-2.34452560e-03,1.39286024e-03,5.80146144e-01,-4.71884934e-05,1.13690589e-04,8.51853399e-02,-1.71134187e-05,3.08598983e-05,-7.75995305e-03,-2.03365509e-03,1.56215118e-03,-9.81133864e-06,-3.10870508e-04,-1.69290936e-04
2.46000000e+02,6.64658849e-01,-6.35925630e-05,1.30373412e-04,-7.73677382e-03,-2.18510627e-03,1.41661968e-03,5.79465349e-01,-4.65484476e-05,9.83847818e-05,8.51935007e-02,-1.70441154e-05,3.19886302e-05,-7.72401669e-03,-1.85885048e-03,1.58708235e-03,-1.27571380e-05,-3.26255790e-04,-1.70462671e-04
2.47000000e+02,6.63905090e-01,-5.04007194e-05,1.24115357e-04,-7.64606420e-03,-2.07503771e-03,1.52916146e-03,5.78715488e-01,-3.18956739e-05,8.87286582e-05,8.51895994e-02,-1.85050454e-05,3.53866985e-05,-7.63585033e-03,-1.71824927e-03,1.71311124e-03,-1.02138391e-05,-3.56788434e-04,-1.83949782e-04
2.48000000e+02,6.63279686e-01,-5.83813730e-05,1.14875622e-04,-7.61713227e-03,-1.94279221e-03,1.47287182e-03,5.78080295e-01,-3.96702589e-05,7.90387042e-05,8.51993934e-02,-1.87111142e-05,3.58369182e-05,-7.60412051e-03,-1.57883731e-03,1.65922006e-03,-1.30117708e-05,-3.63954901e-04,-1.86348234e-04
2.49000000e+02,6.62598984e-01,-5.68062386e-05,1.19903507e-04,-7.52138002e-03,-1.90402495e-03,1.51082127e-03,5.77402826e-01,-3.65662219e-05,8.16185278e-05,8.51961570e-02,-2.02400168e-05,3.82849791e-05,-7.51117408e-03,-1.51939795e-03,1.71067024e-03,-1.02059682e-05,-3.84627005e-04,-1.99848973e-04
2.50000000e+02,6.62076821e-01,-5.80598910e-05,1.03324807e-04,-7.48982512e-03,-1.69594894e-03,1.51566832e-03,5.76870907e-01,-3.78695412e-05,6.59708588e-05,8.52059144e-02,-2.01903498e-05,3.73539482e-05,-7.47657898e-03,-1.31640382e-03,1.71728428e-03,-1.32461346e-05,-3.79545118e-04,-2.01615957e-04
2.51000000e+02,6.61531469e-01,-4.61972678e-05,9.39954463e-05,-7.40262430e-03,-1.53814347e-03,1.60652999e-03,5.76328176e-01,-2.37267791e-05,5.46205485e-05,8.52032931e-02,-2.24704887e-05,3.93748979e-05,-7.39185591e-03,-1.14151796e-03,1.83010951e-03,-1.07683706e-05,-3.96625507e-04,-2.23579517e-04
2.52000000e+02,6.61152708e-01,-5.79634295e-05,8.38708689e-05,-7.37439686e-03,-1.38520700e-03,1.50338233e-03,5.75939659e-01,-3.38191035e-05,4.43411298e-05,8.52130520e-02,-2.41443260e-05,3.95297391e-05,-7.36077875e-03,-9.84013192e-04,1.74433619e-03,-1.36181225e-05,-4.01193800e-04,-2.40953864e-04
2.53000000e+02,6.60736647e-01,-6.02222508e-05,8.82962301e-05,-7.28106825e-03,-1.33475532e-03,1.49052965e-03,5.75528255e-01,-3.24879012e-05,4.59173916e-05,8.52083922e-02,-2.77343497e-05,4.23788386e-05,-7.27011989e-03,-9.08251755e-04,1.76603076e-03,-1.09483363e-05,-4.26503562e-04,-2.75501118e-04
2.54000000e+02,6.60479499e-01,-6.61445764e-05,7.19054787e-05,-7.25009968e-03,-1.13374501e-03,1.43242485e-03,5.75263987e-01,-3.61194032e-05,2.91500095e-05,8.52155111e-02,-3.00251733e-05,4.27554689e-05,-7.23610644e-03,-6.98835195e-04,1.73326974e-03,-1.39932366e-05,-4.34909811e-04,-3.00844884e-04
2.55000000e+02,6.60182024e-01,-5.74527369e-05,6.48095527e-05,-7.16354776e-03,-1.00546433e-03,1.47160447e-03,5.74973577e-01,-2.26263278e-05,1.83782305e-05,8.52084470e-02,-3.48264091e-05,4.64313224e-05,-7.15192321e-03,-5.36874873e-04,1.81963717e-03,-1.16245449e-05,-4.68589454e-04,-3.48032702e-04
2.56000000e+02,6.60023749e-01,-7.26905567e-05,5.71078569e-05,-7.13642572e-03,-8.87837551e-04,1.31422747e-03,5.74810637e-01,-3.39118036e-05,8.84890863e-06,8.52131092e-02,-3.87787532e-05,4.82589481e-05,-7.12184129e-03,-3.97940523e-04,1.70262596e-03,-1.45844545e-05,-4.89897026e-04,-3.88398494e-04
2.57000000e+02,6.59789861e-01,-7.90049278e-05,6.26930738e-05,-7.04560133e-03,-8.66317792e-04,1.24715357e-03,5.74587067e-01,-3.46575149e-05,1.02575666e-05,8.52027967e-02,-4.43474131e-05,5.24355072e-05,-7.03357928e-03,-3.37772797e-04,1.68964419e-03,-1.20220746e-05,-5.28544997e-04,-4.42490615e-04
2.58000000e+02,6.59672960e-01,-8.81156729e-05,4.96870480e-05,-7.01654282e-03,-7.16661666e-04,1.14858287e-03,5.74468481e-01,-4.01504102e-05,-3.93470126e-06,8.52044777e-02,-4.79652627e-05,5.36217492e-05,-7.00136754e-03,-1.71966200e-04,1.62950093e-03,-1.51752655e-05,-5.44695468e-04,-4.80918056e-04
2.59000000e+02,6.59473650e-01,-8.09659485e-05,4.52441261e-05,-6.93349144e-03,-6.33194700e-04,1.16738004e-03,5.74281643e-01,-2.75344540e-05,-1.16751983e-05,8.51920041e-02,-5.34314941e-05,5.69193244e-05,-6.92058691e-03,-5.87838010e-05,1.70168556e-03,-1.29045475e-05,-5.74410899e-04,-5.34305522e-04
2.60000000e+02,6.59375314e-01,-9.71973345e-05,3.94509584e-05,-6.91110127e-03,-5.54115414e-04,1.00106202e-03,5.74184431e-01,-3.97289522e-05,-1.79597568e-05,8.51908809e-02,-5.74683824e-05,5.74107154e-05,-6.89509881e-03,2.77668829e-05,1.57603347e-03,-1.60024846e-05,-5.81882297e-04,-5.74971455e-04
2.61000000e+02,6.59170343e-01,-1.03619334e-04,4.69003019e-05,-6.82555613e-03,-5.65296666e-04,9.37263053e-04,5.73994228e-01,-4.11189569e-05,-1.23384995e-05,8.51761163e-02,-6.25003771e-05,5.92388013e-05,-6.81204126e-03,3.11534627e-05,1.56064687e-03,-1.35149056e-05,-5.96450131e-04,-6.23383813e-04
2.62000000e+02,6.59060180e-01,-1.12264775e-04,3.51593723e-05,-6.80208012e-03,-4.41890318e-04,8.49256620e-04,5.73886236e-01,-4.70908838e-05,-2.19409405e-05,8.51739435e-02,-6.51738908e-05,5.71003127e-05,-6.78539607e-03,1.37393570e-04,1.50153823e-03,-1.66840458e-05,-5.79283885e-04,-6.52281610e-04
2.63000000e+02,6.58852144e-01,-1.04184551e-04,2.80246326e-05,-6.72339493e-03,-3.46334066e-04,8.85787420e-04,5.73693843e-01,-3.48470175e-05,-2.84244459e-05,8.51583008e-02,-6.93375332e-05,5.64490787e-05,-6.70889648e-03,2.23021989e-04,1.57835138e-03,-1.44984486e-05,-5.69356054e-04,-6.92563965e-04
2.64000000e+02,6.58735099e-01,-1.17947279e-04,1.90041608e-05,-6.70439695e-03,-2.49788393e-04,7.49069009e-04,5.73579790e-01,-4.60676897e-05,-3.36572608e-05,8.51553088e-02,-7.18795889e-05,5.26614216e-05,-6.68680397e-03,2.84385120e-04,1.46732984e-03,-1.75929915e-05,-5.34173513e-04,-7.18260833e-04
2.65000000e+02,6.58504265e-01,-1.23595855e-04,2.26032055e-05,-6.62546379e-03,-2.42026655e-04,6.98823096e-04,5.73366023e-01,-4.81657829e-05,-2.74564300e-05,8.51382395e-02,-7.54300724e-05,5.00596355e-05,-6.61022419e-03,2.62571413e-04,1.45053755e-03,-1.52395963e-05,-5.04598065e-04,-7.51714455e-04
2.66000000e+02,6.58358735e-01,-1.29197018e-04,7.33012288e-06,-6.60841571e-03,-9.98900798e-05,6.44067127e-04,5.73224663e-01,-5.26252107e-05,-3.65673027e-05,8.51340706e-02,-7.65718069e-05,4.38974256e-05,-6.58999987e-03,3.47009011e-04,1.40950769e-03,-1.84158434e-05,-4.46899091e-04,-7.65440559e-04
2.67000000e+02,6.58105181e-01,-1.19276804e-04,-1.07793521e-06,-6.53636215e-03,-1.35199473e-05,6.99015167e-04,5.72988644e-01,-3.98543085e-05,-4.07023867e-05,8.51165348e-02,-7.94224955e-05,3.96244516e-05,-6.52006519e-03,3.87484999e-04,1.49182432e-03,-1.62969298e-05,-4.01004947e-04,-7.92809153e-04
2.68000000e+02,6.57932823e-01,-1.31376451e-04,-1.08464364e-05,-6.52468245e-03,6.77586288e-05,5.76661699e-04,5.72821612e-01,-5.05905224e-05,-4.36172303e-05,8.51112113e-02,-8.07859285e-05,3.27707938e-05,-6.50525430e-03,4.03280881e-04,1.38367657e-03,-1.94281720e-05,-3.35522252e-04,-8.07014873e-04
2.69000000e+02,6.57639588e-01,-1.36207480e-04,-5.90351019e-06,-6.45248295e-03,3.69148497e-05,5.30699812e-04,5.72546412e-01,-5.29367069e-05,-3.39270497e-05,8.50931760e-02,-8.32707735e-05,2.80235395e-05,-6.43537476e-03,3.21614742e-04,1.36073722e-03,-1.71082159e-05,-2.84699893e-04,-8.30037414e-04
2.70000000e+02,6.57428039e-01,-1.40041283e-04,-2.03203951e-05,-6.44018128e-03,1.40082976e-04,4.87457798e-04,5.72339956e-01,-5.64999457e-05,-4.07806442e-05,8.50880847e-02,-8.35413374e-05,2.04602492e-05,-6.42004849e-03,3.53234825e-04,1.32285242e-03,-2.01327655e-05,-2.13151849e-04,-8.35394622e-04
2.71000000e+02,6.57106191e-01,-1.29000455e-04,-2.78149240e-05,-6.37255892e-03,1.84877371e-04,5.50108580e-04,5.72036434e-01,-4.33013854e-05,-4.34016175e-05,8.50697565e-02,-8.56990696e-05,1.55866934e-05,-6.35455255e-03,3.46276549e-04,1.40564350e-03,-1.80063750e-05,-1.61399178e-04,-8.55534921e-04
2.72000000e+02,6.56869486e-01,-1.39169120e-04,-3.67732922e-05,-6.36526729e-03,2.21531037e-04,4.45606912e-04,5.71804893e-01,-5.27696966e-05,-4.56353083e-05,8.50645936e-02,-8.63994232e-05,8.86201626e-06,-6.34420792e-03,3.18888052e-04,1.30849533e-03,-2.10593712e-05,-9.73570158e-05,-8.62888422e-04
2.73000000e+02,6.56518375e-01,-1.43682700e-04,-3.04038997e-05,-6.29692138e-03,1.42128791e-04,4.00422521e-04,5.71472501e-01,-5.52974716e-05,-3.52863842e-05,8.50458698e-02,-8.83852281e-05,4.88248454e-06,-6.27821070e-03,1.96240278e-04,1.28146568e-03,-1.87107032e-05,-5.41114870e-05,-8.81043166e-04
2.74000000e+02,6.56258126e-01,-1.45989151e-04,-4.15273096e-05,-6.29010457e-03,1.80936564e-04,3.73695168e-04,5.71218139e-01,-5.78699117e-05,-3.98296787e-05,8.50399864e-02,-8.81192388e-05,-1.69763083e-06,-6.26829601e-03,1.73460468e-04,1.25442619e-03,-2.18085566e-05,7.47609545e-06,-8.80731024e-04
2.75000000e+02,6.55903785e-01,-1.35766927e-04,-4.73504645e-05,-6.22960402e-03,1.72605411e-04,4.31855832e-04,5.70882044e-01,-4.59498678e-05,-4.21783616e-05,8.50217403e-02,-8.98170588e-05,-5.17210274e-06,-6.20992713e-03,1.27546834e-04,1.32854361e-03,-1.96768661e-05,4.50585772e-05,-8.96687780e-04
2.76000000e+02,6.55656126e-01,-1.42509052e-04,-5.45874331e-05,-6.22731664e-03,1.58369176e-04,3.59035072e-04,5.70639220e-01,-5.25144622e-05,-4.42605315e-05,8.50169030e-02,-8.99945893e-05,-1.03269016e-05,-6.20468508e-03,6.48040354e-05,1.25811861e-03,-2.26315715e-05,9.35651404e-05,-8.99083543e-04
2.77000000e+02,6.55319735e-01,-1.45759401e-04,-4.36105992e-05,-6.16291199e-03,1.06146384e-05,3.24663787e-04,5.70320822e-01,-5.39799316e-05,-3.09756659e-05,8.49989121e-02,-9.17794690e-05,-1.26349332e-05,-6.14270844e-03,-1.10010515e-04,1.23960908e-03,-2.02035575e-05,1.20625153e-04,-9.14945287e-04
2.78000000e+02,6.55103230e-01,-1.47061930e-04,-5.23818800e-05,-6.15861306e-03,5.82276569e-06,3.07311309e-04,5.70108861e-01,-5.59520226e-05,-3.45017011e-05,8.49943690e-02,-9.11099076e-05,-1.78801787e-05,-6.13539479e-03,-1.62990945e-04,1.21782417e-03,-2.32182654e-05,1.68813711e-04,-9.10512859e-04
2.79000000e+02,6.54818406e-01,-1.36309742e-04,-5.77015628e-05,-6.10136981e-03,-2.38778751e-05,3.70870866e-04,5.69841236e-01,-4.38499236e-05,-3.76175304e-05,8.49771709e-02,-9.24598188e-05,-2.00840324e-05,-6.08025183e-03,-2.18031212e-04,1.29370843e-03,-2.11179877e-05,1.94153338e-04,-9.22837567e-04
2.80000000e+02,6.54657898e-01,-1.39730593e-04,-6.39968207e-05,-6.10223988e-03,-5.60285690e-05,3.24811358e-04,5.69685408e-01,-4.76482842e-05,-3.96954726e-05,8.49724920e-02,-9.20823092e-05,-2.43013482e-05,-6.07820896e-03,-2.89582006e-04,1.24493393e-03,-2.40309084e-05,2.33553437e-04,-9.20122571e-04
2.81000000e+02,6.54418567e-01,-1.43794320e-04,-5.33312504e-05,-6.04113828e-03,-2.06791845e-04,2.76411107e-04,5.69464409e-01,-5.02808010e-05,-2.75017935e-05,8.49541599e-02,-9.35135194e-05,-2.58294571e-05,-6.01950246e-03,-4.59784075e-04,1.20891385e-03,-2.16358293e-05,2.52992229e-04,-9.32502746e-04
2.82000000e+02,6.54300873e-01,-1.44032074e-04,-6.38638280e-05,-6.03844888e-03,-1.98916325e-04,2.65770107e-04,5.69352348e-01,-5.19149811e-05,-3.32758165e-05,8.49485263e-02,-9.21170928e-05,-3.05880116e-05,-6.01382921e-03,-4.95157087e-04,1.18653548e-03,-2.46196331e-05,2.96240763e-04,-9.20765378e-04
2.83000000e+02,6.54107670e-01,-1.34967924e-04,-6.97497205e-05,-5.98282056e-03,-2.23272252e-04,3.01784806e-04,5.69177768e-01,-4.21561811e-05,-3.75417332e-05,8.49299005e-02,-9.28117424e-05,-3.22079873e-05,-5.96024250e-03,-5.39103672e-04,1.22854440e-03,-2.25780951e-05,3.15831419e-04,-9.26759591e-04
2.84000000e+02,6.54027074e-01,-1.35189408e-04,-7.87707460e-05,-5.98486737e-03,-2.25522066e-04,2.71307318e-04,5.69103564e-01,-4.38736898e-05,-4.27681888e-05,8.49235106e-02,-9.13157182e-05,-3.60025570e-05,-5.95930930e-03,-5.76543155e-04,1.18412179e-03,-2.55580377e-05,3.51021091e-04,-9.12814471e-04
2.85000000e+02,6.53851051e-01,-1.40080344e-04,-6.92323463e-05,-5.92453538e-03,-3.56490605e-04,2.05318217e-04,5.68947689e-01,-4.83729011e-05,-3.24156555e-05,8.49033632e-02,-9.17074428e-05,-3.68166908e-05,-5.90131973e-03,-7.19881410e-04,1.11981265e-03,-2.32156186e-05,3.63390807e-04,-9.14494435e-04
2.86000000e+02,6.53777757e-01,-1.37020833e-04,-8.24551256e-05,-5.92288621e-03,-3.17225549e-04,2.17445264e-04,5.68882086e-01,-4.82459345e-05,-4.14921864e-05,8.48956701e-02,-8.87748989e-05,-4.09629392e-05,-5.89662325e-03,-7.17248661e-04,1.10470981e-03,-2.62629341e-05,4.00023111e-04,-8.87264546e-04
2.87000000e+02,6.53606870e-01,-1.29392925e-04,-8.92921035e-05,-5.86798505e-03,-3.21773160e-04,2.31095061e-04,5.68731907e-01,-4.13532971e-05,-4.76510798e-05,8.48749625e-02,-8.80396279e-05,-4.16410237e-05,-5.84365423e-03,-7.32194092e-04,1.11001848e-03,-2.43307811e-05,4.10420932e-04,-8.78923423e-04
2.88000000e+02,6.53528946e-01,-1.25030929e-04,-9.97534309e-05,-5.86920545e-03,-2.97908794e-04,2.37300728e-04,5.68662114e-01,-4.04372156e-05,-5.51565633e-05,8.48668321e-02,-8.45937138e-05,-4.45968676e-05,-5.84188086e-03,-7.34989433e-04,1.08291228e-03,-2.73245907e-05,4.37080638e-04,-8.45611550e-04
2.89000000e+02,6.53339408e-01,-1.28400852e-04,-9.02624732e-05,-5.81022603e-03,-4.16865975e-04,1.77723496e-04,5.68493946e-01,-4.49610279e-05,-4.59314085e-05,8.48454616e-02,-8.34398235e-05,-4.43310647e-05,-5.78511569e-03,-8.55615593e-04,1.00941023e-03,-2.51103145e-05,4.38749617e-04,-8.31686732e-04
2.90000000e+02,6.53240492e-01,-1.21772145e-04,-1.03364000e-04,-5.80948054e-03,-3.65757657e-04,2.23256547e-04,5.68403558e-01,-4.29065432e-05,-5.58768249e-05,8.48369348e-02,-7.88656016e-05,-4.74871748e-05,-5.78123409e-03,-8.31245202e-04,1.01100993e-03,-2.82464577e-05,4.65487546e-04,-7.87753384e-04
2.91000000e+02,6.53038432e-01,-1.14166807e-04,-1.10030547e-04,-5.75495791e-03,-3.52615257e-04,2.34074193e-04,5.68222622e-01,-3.73394169e-05,-6.29656549e-05,8.48158098e-02,-7.68273907e-05,-4.70648923e-05,-5.72857780e-03,-8.17796013e-04,1.00063320e-03,-2.63801079e-05,4.65180755e-04,-7.66559014e-04
2.92000000e+02,6.52923355e-01,-1.05718521e-04,-1.19894406e-04,-5.75763058e-03,-3.14000272e-04,2.79357516e-04,5.68116264e-01,-3.36488305e-05,-7.09632171e-05,8.48070912e-02,-7.20696907e-05,-4.89311885e-05,-5.72818254e-03,-7.94832503e-04,9.99331640e-04,-2.94480297e-05,4.80832231e-04,-7.19974122e-04
2.93000000e+02,6.52694311e-01,-1.10128740e-04,-1.09812813e-04,-5.70018814e-03,-4.23710864e-04,2.11454427e-04,5.67908430e-01,-3.99001679e-05,-6.22643007e-05,8.47858798e-02,-7.02285717e-05,-4.75485123e-05,-5.67284653e-03,-8.94838070e-04,9.10599560e-04,-2.73416082e-05,4.71127206e-04,-6.99145129e-04
2.94000000e+02,6.52554519e-01,-1.00962136e-04,-1.22480176e-04,-5.70030174e-03,-3.60313010e-04,2.86046358e-04,5.67777111e-01,-3.60021660e-05,-7.27827338e-05,8.47774097e-02,-6.49599699e-05,-4.96974422e-05,-5.66987154e-03,-8.48174987e-04,9.34273233e-04,-3.04302168e-05,4.87861976e-04,-6.48226876e-04
2.95000000e+02,6.52313034e-01,-9.47388598e-05,-1.25947158e-04,-5.64739408e-03,-3.51977482e-04,2.83550941e-04,5.67556279e-01,-3.19590543e-05,-7.77580497e-05,8.47567559e-02,-6.27798056e-05,-4.81891086e-05,-5.61876341e-03,-8.28994859e-04,9.09421047e-04,-2.86306918e-05,4.77017378e-04,-6.25870105e-04
2.96000000e+02,6.52161629e-01,-8.26910900e-05,-1.34442150e-04,-5.65270732e-03,-3.05844310e-04,3.62495481e-04,5.67413052e-01,-2.46967284e-05,-8.50650251e-05,8.47485772e-02,-5.79943616e-05,-4.93771250e-05,-5.62101879e-03,-7.91318946e-04,9.41610176e-04,-3.16885512e-05,4.85474634e-04,-5.79114694e-04
2.97000000e+02,6.51900633e-01,-8.94361315e-05,-1.24643598e-04,-5.59667470e-03,-3.92591197e-04,2.72441329e-04,5.67172683e-01,-3.27879158e-05,-7.74720936e-05,8.47279521e-02,-5.66482158e-05,-4.71715042e-05,-5.56706964e-03,-8.60277858e-04,8.35626934e-04,-2.96050734e-05,4.67686660e-04,-5.63185608e-04
2.98000000e+02,6.51731489e-01,-7.71577765e-05,-1.37003905e-04,-5.59912990e-03,-3.10201106e-04,3.73739672e-04,5.67011712e-01,-2.54572121e-05,-8.83341287e-05,8.47197766e-02,-5.17005646e-05,-4.86697762e-05,-5.56638494e-03,-7.88183292e-04,8.89460185e-04,-3.27449443e-05,4.77982185e-04,-5.15720510e-04
2.99000000e+02,6.51461748e-01,-7.45321394e-05,-1.39567657e-04,-5.54855640e-03,-2.86745230e-04,3.40370048e-04,5.66762431e-01,-2.40650808e-05,-9.29985195e-05,8.46993161e-02,-5.04670583e-05,-4.65691376e-05,-5.51759162e-03,-7.48263921e-04,8.43005693e-04,-3.09647805e-05,4.61518693e-04,-5.02635643e-04
3.00000000e+02,6.51283959e-01,-6.10660033e-05,-1.47166273e-04,-5.55565867e-03,-2.25211116e-04,4.38096496e-04,5.66592601e-01,-1.46553592e-05,-9.97892081e-05,8.46913595e-02,-4.64106441e-05,-4.73770647e-05,-5.52166369e-03,-6.91432919e-04,9.01133552e-04,-3.39949913e-05,4.66221803e-04,-4.63037054e-04
3.01000000e+02,6.50998481e-01,-6.80205712e-05,-1.34690667e-04,-5.50419701e-03,-3.09063685e-04,3.39120055e-04,5.66327497e-01,-2.19969325e-05,-8.98330648e-05,8.46709815e-02,-4.60236385e-05,-4.48576022e-05,-5.47221456e-03,-7.54560891e-04,7.96362737e-04,-3.19824081e-05,4.45497205e-04,-4.57242684e-04
3.02000000e+02,6.50807111e-01,-5.44245796e-05,-1.45519297e-04,-5.51162815e-03,-2.11605332e-04,4.54479942e-04,5.66144013e-01,-1.23078983e-05,-9.91975609e-05,8.46631001e-02,-4.21166813e-05,-4.63217364e-05,-5.47650216e-03,-6.67142587e-04,8.74315097e-04,-3.51259967e-05,4.55537254e-04,-4.19835156e-04
3.03000000e+02,6.50519171e-01,-5.43895922e-05,-1.47190704e-04,-5.46494539e-03,-1.65619786e-04,3.94947777e-04,5.65876081e-01,-1.23314864e-05,-1.03014390e-04,8.46430924e-02,-4.20581059e-05,-4.41763141e-05,-5.43162578e-03,-6.04462612e-04,8.13585111e-04,-3.33196074e-05,4.38842827e-04,-4.18637334e-04
3.04000000e+02,6.50325140e-01,-4.10497473e-05,-1.54509659e-04,-5.47646919e-03,-8.04982488e-05,4.91939283e-04,5.65689784e-01,-2.10390699e-06,-1.09271289e-04,8.46353557e-02,-3.89458404e-05,-4.52383700e-05,-5.44015644e-03,-5.26144784e-04,8.80373141e-04,-3.63127271e-05,4.45646534e-04,-3.88433856e-04
3.05000000e+02,6.50026058e-01,-5.34268728e-05,-1.41934708e-04,-5.42805936e-03,-1.36886285e-04,3.40751205e-04,5.65410741e-01,-1.37310312e-05,-9.91222539e-05,8.46153165e-02,-3.96958414e-05,-4.28124540e-05,-5.39377343e-03,-5.63184310e-04,7.34837267e-04,-3.42859137e-05,4.26298023e-04,-3.94086063e-04
3.06000000e+02,6.49824577e-01,-3.82426683e-05,-1.52880045e-04,-5.43765991e-03,-1.33290484e-05,4.64165686e-04,5.65216974e-01,-1.71179552e-06,-1.08249692e-04,8.46075988e-02,-3.65308727e-05,-4.46303542e-05,-5.40028320e-03,-4.52932452e-04,8.28777550e-04,-3.73766896e-05,4.39603404e-04,-3.64611864e-04
3.07000000e+02,6.49527121e-01,-4.11774604e-05,-1.53222679e-04,-5.39285594e-03,4.45740961e-05,3.70228595e-04,5.64939375e-01,-3.70819446e-06,-1.10470273e-04,8.45877456e-02,-3.74692661e-05,-4.27524057e-05,-5.35731927e-03,-3.80898742e-04,7.43555657e-04,-3.55366660e-05,4.25472838e-04,-3.73327062e-04
3.08000000e+02,6.49324220e-01,-2.68893965e-05,-1.60492784e-04,-5.40559727e-03,1.50403673e-04,4.69664566e-04,5.64744157e-01,8.20376536e-06,-1.16308216e-04,8.45800625e-02,-3.50931618e-05,-4.41845678e-05,-5.36706994e-03,-2.85434904e-04,8.20081383e-04,-3.85273358e-05,4.35838577e-04,-3.50416819e-04
3.09000000e+02,6.49017501e-01,-4.28807794e-05,-1.47821740e-04,-5.35924441e-03,1.11924263e-04,2.76779675e-04,5.64457384e-01,-6.23965013e-06,-1.05859290e-04,8.45601179e-02,-3.66411293e-05,-4.19624508e-05,-5.32275062e-03,-3.06556613e-04,6.40930389e-04,-3.64938060e-05,4.18480877e-04,-3.64150711e-04
3.10000000e+02,6.48805485e-01,-2.66531829e-05,-1.58234652e-04,-5.37072731e-03,2.47013704e-04,4.06072316e-04,5.64253265e-01,7.25825805e-06,-1.14164783e-04,8.45522201e-02,-3.39114409e-05,-4.40698695e-05,-5.33120041e-03,-1.87334626e-04,7.44898717e-04,-3.95269279e-05,4.34348331e-04,-3.38826401e-04
3.11000000e+02,6.48497634e-01,-3.34773497e-05,-1.58803207e-04,-5.32772710e-03,3.22449211e-04,2.74024025e-04,5.63965201e-01,1.97674067e-06,-1.16597353e-04,8.45324318e-02,-3.54540904e-05,-4.22058547e-05,-5.29004530e-03,-9.81464752e-05,6.27573596e-04,-3.76818216e-05,4.20595687e-04,-3.53549572e-04
3.12000000e+02,6.48283933e-01,-1.85606276e-05,-1.64837601e-04,-5.34057371e-03,4.26845739e-04,3.80481920e-04,5.63759281e-01,1.48018165e-05,-1.21100349e-04,8.45246527e-02,-3.33624442e-05,-4.37372522e-05,-5.29997371e-03,-4.70644960e-06,7.13928887e-04,-4.06000072e-05,4.31552188e-04,-3.33446968e-04
3.13000000e+02,6.47964337e-01,-3.58991079e-05,-1.51306159e-04,-5.29459773e-03,3.91898000e-04,1.71038498e-04,5.63459759e-01,-6.09012187e-07,-1.09992508e-04,8.45045816e-02,-3.52900957e-05,-4.13136509e-05,-5.25603476e-03,-2.06044851e-05,5.22207694e-04,-3.85629588e-05,4.12502485e-04,-3.51169198e-04
3.14000000e+02,6.47738569e-01,-1.75117731e-05,-1.61115533e-04,-5.30829389e-03,5.26902453e-04,3.19530931e-04,5.63241907e-01,1.52462459e-05,-1.17776482e-04,8.44966593e-02,-3.27580190e-05,-4.33390514e-05,-5.26665818e-03,9.97008475e-05,6.47217521e-04,-4.16357189e-05,4.27201605e-04,-3.27686590e-04
3.15000000e+02,6.47414907e-01,-2.69127018e-05,-1.60937470e-04,-5.26508308e-03,5.95409054e-04,1.64916940e-04,5.62938063e-01,7.74399811e-06,-1.19731611e-04,8.44768438e-02,-3.46567000e-05,-4.12058587e-05,-5.22539881e-03,1.84880908e-04,5.10706509e-04,-3.96843106e-05,4.10528145e-04,-3.45789569e-04
3.16000000e+02,6.47183825e-01,-1.10544841e-05,-1.65574279e-04,-5.27793601e-03,6.85702233e-04,2.84045995e-04,5.62714715e-01,2.15489299e-05,-1.23042935e-04,8.44691102e-02,-3.26034141e-05,-4.25313441e-05,-5.23537716e-03,2.66382529e-04,6.10291369e-04,-4.25588198e-05,4.19319705e-04,-3.26245374e-04
3.17000000e+02,6.46847699e-01,-2.95595557e-05,-1.49934403e-04,-5.23203944e-03,6.26192809e-04,6.59876653e-05,5.62398363e-01,5.25933557e-06,-1.10215285e-04,8.44493356e-02,-3.48188912e-05,-3.97191174e-05,-5.19153669e-03,2.29983895e-04,4.12705090e-04,-4.05027333e-05,3.96208911e-04,-3.46717424e-04
3.18000000e+02,6.46607069e-01,-9.72131060e-06,-1.58254445e-04,-5.24389094e-03,7.39836646e-04,2.35844168e-04,5.62165234e-01,2.27369984e-05,-1.16638512e-04,8.44418346e-02,-3.24583090e-05,-4.16159329e-05,-5.20037998e-03,3.30590957e-04,5.60339002e-04,-4.35109353e-05,4.09245687e-04,-3.24494834e-04
3.19000000e+02,6.46270285e-01,-2.08888985e-05,-1.56621006e-04,-5.19937491e-03,7.87616356e-04,7.55335493e-05,5.61847731e-01,1.37500713e-05,-1.17611363e-04,8.44225502e-02,-3.46389699e-05,-3.90096425e-05,-5.15785601e-03,3.99390333e-04,4.20958736e-04,-4.15189240e-05,3.88226022e-04,-3.45425186e-04
3.20000000e+02,6.46028426e-01,-4.36103794e-06,-1.60314483e-04,-5.21198922e-03,8.54306865e-04,2.12872097e-04,5.61613003e-01,2.83941238e-05,-1.20086385e-04,8.44154226e-02,-3.27551618e-05,-4.02280977e-05,-5.16756257e-03,4.58937943e-04,5.40417063e-04,-4.44266060e-05,3.95368923e-04,-3.27544968e-04
3.21000000e+02,6.45685578e-01,-2.40128190e-05,-1.43117047e-04,-5.16481467e-03,7.71767105e-04,-6.58739451e-06,5.61289058e-01,1.11982707e-05,-1.06049473e-04,8.43965202e-02,-3.52110897e-05,-3.70675740e-05,-5.12247806e-03,4.02310334e-04,3.44095265e-04,-4.23366105e-05,3.69456773e-04,-3.50682659e-04
3.22000000e+02,6.45441338e-01,-7.58186609e-07,-1.49181426e-04,-5.17576897e-03,8.50607378e-04,2.02968812e-04,5.61051603e-01,3.22271582e-05,-1.10302360e-04,8.43897351e-02,-3.29853449e-05,-3.88790657e-05,-5.13046898e-03,4.69329673e-04,5.32751965e-04,-4.52999518e-05,3.81277706e-04,-3.29783151e-04
3.23000000e+02,6.45105403e-01,-1.34293249e-05,-1.47635264e-04,-5.13016451e-03,8.85820848e-04,4.02790823e-05,5.60734119e-01,2.21576018e-05,-1.11388476e-04,8.43712824e-02,-3.55869268e-05,-3.62467876e-05,-5.08680455e-03,5.25712926e-04,3.94969711e-04,-4.33599415e-05,3.60107921e-04,-3.54690628e-04
3.24000000e+02,6.44867333e-01,2.90952457e-06,-1.50441693e-04,-5.14037964e-03,9.30161836e-04,1.91729285e-04,5.60502430e-01,3.67889970e-05,-1.12874367e-04,8.43649030e-02,-3.38794724e-05,-3.75673258e-05,-5.09414427e-03,5.61949771e-04,5.30036478e-04,-4.62353240e-05,3.68212066e-04,-3.38307196e-04
3.25000000e+02,6.44530300e-01,-1.79400705e-05,-1.31893888e-04,-5.09376351e-03,8.24153619e-04,-2.27335661e-05,5.60183511e-01,1.85601829e-05,-9.74537707e-05,8.43467891e-02,-3.65002534e-05,-3.44401176e-05,-5.04958623e-03,4.81304695e-04,3.40333536e-04,-4.41772624e-05,3.42848924e-04,-3.63067102e-04
3.26000000e+02,6.44293580e-01,5.41451465e-06,-1.39082235e-04,-5.10431637e-03,9.02305033e-04,2.06479864e-04,5.59952871e-01,3.98091458e-05,-1.02441468e-04,8.43407058e-02,-3.43946311e-05,-3.66407668e-05,-5.05726013e-03,5.43863405e-04,5.49694112e-04,-4.70562359e-05,3.58441630e-04,-3.43214249e-04
3.27000000e+02,6.43967106e-01,-8.37693141e-06,-1.37408651e-04,-5.05472528e-03,9.24843566e-04,4.86384096e-05,5.59643931e-01,2.87562537e-05,-1.03224032e-04,8.43231751e-02,-3.71331851e-05,-3.41846195e-05,-5.00963849e-03,5.85686322e-04,4.18283778e-04,-4.50868007e-05,3.39157244e-04,-3.69645368e-04
3.28000000e+02,6.43740284e-01,7.36179490e-06,-1.40494604e-04,-5.06534393e-03,9.57874600e-04,2.08573817e-04,5.59422812e-01,4.28002939e-05,-1.04561630e-04,8.43174699e-02,-3.54384989e-05,-3.59329750e-05,-5.01731395e-03,6.06592276e-04,5.61938791e-04,-4.80299881e-05,3.51282326e-04,-3.53364971e-04
3.29000000e+02,6.43414739e-01,-1.58462608e-05,-1.22912721e-04,-5.01631700e-03,8.46958548e-04,-1.75520355e-05,5.59114727e-01,2.22486872e-05,-8.98012138e-05,8.43000128e-02,-3.80949481e-05,-3.31115074e-05,-4.97038055e-03,5.17744259e-04,3.61081160e-04,-4.59364615e-05,3.29214290e-04,-3.78633195e-04
3.30000000e+02,6.43189227e-01,1.00350755e-05,-1.29887402e-04,-5.02573368e-03,9.05119680e-04,2.40107365e-04,5.58894759e-01,4.57726197e-05,-9.41655545e-05,8.42944644e-02,-3.57375442e-05,-3.57218473e-05,-4.97688186e-03,5.56440645e-04,5.96844471e-04,-4.88518161e-05,3.48679037e-04,-3.56737104e-04
3.31000000e+02,6.42872876e-01,-4.34543232e-06,-1.26572665e-04,-4.97625561e-03,9.01085871e-04,8.53893015e-05,5.58595393e-01,3.40892679e-05,-9.29938270e-05,8.42774810e-02,-3.84347002e-05,-3.35788386e-05,-4.92939292e-03,5.68200538e-04,4.67840835e-04,-4.68627126e-05,3.32885335e-04,-3.82451534e-04
3.32000000e+02,6.42654344e-01,1.15120630e-05,-1.29193099e-04,-4.98458494e-03,9.19821794e-04,2.50052110e-04,5.58382151e-01,4.80958978e-05,-9.33840720e-05,8.42721925e-02,-3.65838349e-05,-3.58090273e-05,-4.93481140e-03,5.69930420e-04,6.14934017e-04,-4.97735609e-05,3.49891376e-04,-3.64881909e-04
3.33000000e+02,6.42337296e-01,-1.34767829e-05,-1.11419365e-04,-4.93333341e-03,7.93767637e-04,1.89706935e-05,5.58081968e-01,2.56670227e-05,-7.81317825e-05,8.42553275e-02,-3.91438058e-05,-3.32875818e-05,-4.88560308e-03,4.63106186e-04,4.07525871e-04,-4.77303302e-05,3.30661449e-04,-3.88555178e-04
3.34000000e+02,6.42118779e-01,1.12747454e-05,-1.19366882e-04,-4.94258854e-03,8.48991289e-04,2.81203545e-04,5.57868602e-01,4.78294814e-05,-8.30605652e-05,8.42501770e-02,-3.65547361e-05,-3.63063162e-05,-4.89192436e-03,4.94942252e-04,6.45382556e-04,-5.06642137e-05,3.54049036e-04,-3.64179011e-04
3.35000000e+02,6.41808360e-01,-4.12762126e-06,-1.17499025e-04,-4.89270170e-03,8.43942099e-04,1.25179983e-04,5.57574617e-01,3.49183545e-05,-8.30951169e-05,8.42337434e-02,-3.90459760e-05,-3.44039085e-05,-4.84398531e-03,5.03305488e-04,5.13398591e-04,-4.87163955e-05,3.40636611e-04,-3.88218610e-04
3.36000000e+02,6.41595049e-01,1.03308670e-05,-1.21350486e-04,-4.90004818e-03,8.52398830e-04,2.92727170e-04,5.57366152e-01,4.73188145e-05,-8.44598150e-05,8.42288949e-02,-3.69879476e-05,-3.68906714e-05,-4.84848877e-03,4.92724516e-04,6.60781217e-04,-5.15593880e-05,3.59674311e-04,-3.68054045e-04
3.37000000e+02,6.41282136e-01,-1.45170492e-05,-1.03375581e-04,-4.84881723e-03,7.15832312e-04,6.32768415e-05,5.57069552e-01,2.47357948e-05,-6.89380174e-05,8.42125830e-02,-3.92528440e-05,-3.44375639e-05,-4.79928663e-03,3.73754429e-04,4.52838798e-04,-4.95306005e-05,3.42077883e-04,-3.89561956e-04
3.38000000e+02,6.41066366e-01,1.10727576e-05,-1.10866737e-04,-4.85763585e-03,7.53904609e-04,3.31365403e-04,5.56858411e-01,4.74705801e-05,-7.32507200e-05,8.42079551e-02,-3.63978227e-05,-3.76160171e-05,-4.80509209e-03,3.86938106e-04,6.94118985e-04,-5.25437543e-05,3.66966505e-04,-3.62753583e-04
3.39000000e+02,6.40759702e-01,-6.20372651e-06,-1.08819612e-04,-4.80923995e-03,7.36498596e-04,1.62379271e-04,5.56567479e-01,3.25319018e-05,-7.30599385e-05,8.41922194e-02,-3.87356283e-05,-3.57596735e-05,-4.75863731e-03,3.82488186e-04,5.47242872e-04,-5.06026407e-05,3.54010408e-04,-3.84863599e-04
3.40000000e+02,6.40548607e-01,9.12224203e-06,-1.12531961e-04,-4.81926414e-03,7.38547662e-04,3.34855587e-04,5.56360661e-01,4.54082074e-05,-7.42322243e-05,8.41879478e-02,-3.62859654e-05,-3.82997367e-05,-4.76580836e-03,3.64532973e-04,6.96085225e-04,-5.34557767e-05,3.74014688e-04,-3.61229639e-04
3.41000000e+02,6.40238769e-01,-1.63406139e-05,-9.33082270e-05,-4.77058785e-03,5.82169229e-04,1.03147488e-04,5.56066364e-01,2.20851747e-05,-5.74298356e-05,8.41724047e-02,-3.84257886e-05,-3.58783911e-05,-4.71912228e-03,2.25808753e-04,4.84269153e-04,-5.14655683e-05,3.56360478e-04,-3.81121665e-04
3.42000000e+02,6.40028036e-01,9.72188559e-06,-1.00340808e-04,-4.78130222e-03,6.10155227e-04,3.82393622e-04,5.55859541e-01,4.50859446e-05,-6.11510416e-05,8.41684980e-02,-3.53640591e-05,-3.91897667e-05,-4.72695249e-03,2.27631117e-04,7.34233242e-04,-5.43497309e-05,3.82524110e-04,-3.51839622e-04
3.43000000e+02,6.39726262e-01,-7.57089415e-06,-9.87918432e-05,-4.73308996e-03,5.89803229e-04,2.19524122e-04,5.55572698e-01,2.99762209e-05,-6.14569346e-05,8.41535638e-02,-3.75471150e-05,-3.73349085e-05,-4.68073439e-03,2.20087003e-04,5.91914871e-04,-5.23555719e-05,3.69716226e-04,-3.72390752e-04
3.44000000e+02,6.39521540e-01,5.90797040e-06,-1.03983703e-04,-4.74452683e-03,5.92108707e-04,3.78182348e-04,5.55371486e-01,4.08719397e-05,-6.39528360e-05,8.41500558e-02,-3.49639694e-05,-4.00308668e-05,-4.68925680e-03,2.01361856e-04,7.25922210e-04,-5.52700295e-05,3.90746853e-04,-3.47739862e-04
3.45000000e+02,6.39219785e-01,-2.03385651e-05,-8.69791359e-05,-4.69560321e-03,4.48667990e-04,1.38429968e-04,5.55084358e-01,1.66214358e-05,-4.94565904e-05,8.41354297e-02,-3.69600008e-05,-3.75225457e-05,-4.64234744e-03,7.57866617e-05,5.04643889e-04,-5.32557701e-05,3.72881328e-04,-3.66213921e-04
3.46000000e+02,6.39017569e-01,7.17408871e-06,-9.51863824e-05,-4.70771087e-03,4.80923366e-04,4.23338254e-04,5.54885317e-01,4.07929135e-05,-5.42538751e-05,8.41322497e-02,-3.36188249e-05,-4.09325070e-05,-4.65155843e-03,8.09667847e-05,7.58097071e-04,-5.61524420e-05,3.99956581e-04,-3.34758817e-04
3.47000000e+02,6.38726213e-01,-1.07951777e-05,-9.34515952e-05,-4.66099004e-03,4.56752837e-04,2.52384948e-04,5.54607950e-01,2.50128800e-05,-5.43470967e-05,8.41182643e-02,-3.58080577e-05,-3.91044985e-05,-4.60676959e-03,6.91471818e-05,6.07458598e-04,-5.42204420e-05,3.87605655e-04,-3.55073652e-04
3.48000000e+02,6.38533621e-01,2.09061993e-06,-9.81306861e-05,-4.67065120e-03,4.60989621e-04,4.06315150e-04,5.54418020e-01,3.52050632e-05,-5.62727405e-05,8.41155998e-02,-3.31144433e-05,-4.18579456e-05,-4.61363064e-03,5.12686642e-05,7.35327651e-04,-5.70205580e-05,4.09720956e-04,-3.29012502e-04
3.49000000e+02,6.38245277e-01,-2.49722518e-05,-8.00231944e-05,-4.62162351e-03,3.08867678e-04,1.57798751e-04,5.54143369e-01,1.01236975e-05,-4.05063408e-05,8.41019062e-02,-3.50959493e-05,-3.95168535e-05,-4.56657973e-03,-8.40223015e-05,5.05090968e-04,-5.50437800e-05,3.92889979e-04,-3.47292217e-04
3.50000000e+02,6.38058435e-01,-3.57455998e-08,-9.01458437e-05,-4.63361922e-03,3.56341646e-04,4.22658892e-04,5.53958791e-01,3.16934554e-05,-4.70206412e-05,8.40996435e-02,-3.17292010e-05,-4.31252029e-05,-4.57562782e-03,-6.54348931e-05,7.38059730e-04,-5.79913976e-05,4.21776539e-04,-3.15400839e-04
3.51000000e+02,6.37784422e-01,-1.88331733e-05,-8.96419289e-05,-4.58664274e-03,3.43794419e-04,2.44277135e-04,5.53697769e-01,1.50048808e-05,-4.82829994e-05,8.40866544e-02,-3.38380540e-05,-4.13589291e-05,-4.53058648e-03,-6.65531409e-05,5.79380575e-04,-5.60562648e-05,4.10347560e-04,-3.35103439e-04
3.52000000e+02,6.37610722e-01,-5.14198138e-06,-9.62583603e-05,-4.59850458e-03,3.59927340e-04,4.00372827e-04,5.53525804e-01,2.58849509e-05,-5.19226342e-05,8.40849190e-02,-3.10269323e-05,-4.43357265e-05,-4.53957418e-03,-7.42173320e-05,7.08494709e-04,-5.89304000e-05,4.34144672e-04,-3.08121881e-04
3.53000000e+02,6.37343202e-01,-3.25984883e-05,-8.10717772e-05,-4.54982479e-03,2.35481161e-04,1.42134549e-04,5.53270935e-01,4.08602407e-07,-3.90448976e-05,8.40722691e-02,-3.30070907e-05,-4.20268796e-05,-4.49288157e-03,-1.82728540e-04,4.68526982e-04,-5.69432227e-05,4.18209701e-04,-3.26392433e-04
3.54000000e+02,6.37177275e-01,-8.13497032e-06,-9.14045532e-05,-4.56107011e-03,2.87850276e-04,3.96220311e-04,5.53106366e-01,2.14338420e-05,-4.57095611e-05,8.40709075e-02,-2.95688124e-05,-4.56949921e-05,-4.50123222e-03,-1.59970291e-04,6.90165103e-04,-5.98378839e-05,4.47820567e-04,-2.93944793e-04
3.55000000e+02,6.36924391e-01,-2.66831088e-05,-9.03285469e-05,-4.51415092e-03,2.76103020e-04,2.11028527e-04,5.52865569e-01,4.96049111e-06,-4.64099753e-05,8.40588237e-02,-3.16435999e-05,-4.39185715e-05,-4.45620316e-03,-1.60240777e-04,5.24283894e-04,-5.79477600e-05,4.36343797e-04,-3.13255367e-04
3.56000000e+02,6.36770621e-01,-1.21419843e-05,-9.81502094e-05,-4.52549163e-03,3.12896122e-04,3.61235964e-04,5.52712694e-01,1.65530043e-05,-5.12214037e-05,8.40579281e-02,-2.86949886e-05,-4.69288057e-05,-4.46471037e-03,-1.47856076e-04,6.46693822e-04,-6.07812557e-05,4.60752198e-04,-2.85457857e-04
3.57000000e+02,6.36523747e-01,-3.87754139e-05,-8.36399480e-05,-4.47610798e-03,1.99308118e-04,1.03236062e-04,5.52477647e-01,-8.05070197e-06,-3.90910418e-05,8.40461003e-02,-3.07247120e-05,-4.45489063e-05,-4.41729474e-03,-2.44554057e-04,4.06855972e-04,-5.88132344e-05,4.43862175e-04,-3.03619910e-04
3.58000000e+02,6.36376657e-01,-1.17744109e-05,-9.55549734e-05,-4.48803669e-03,2.70047164e-04,3.68905452e-04,5.52331171e-01,1.53964896e-05,-4.73767978e-05,8.40454868e-02,-2.71709004e-05,-4.81781756e-05,-4.42630293e-03,-2.02833526e-04,6.39162012e-04,-6.17337513e-05,4.72880690e-04,-2.70256560e-04
3.59000000e+02,6.36141743e-01,-2.96789169e-05,-9.64384207e-05,-4.44060986e-03,2.79960603e-04,1.82251917e-04,5.52107519e-01,-4.11952782e-07,-5.01505132e-05,8.40342231e-02,-2.92669641e-05,-4.62879075e-05,-4.38080314e-03,-1.80381537e-04,4.71859666e-04,-5.98067270e-05,4.60342140e-04,-2.89607749e-04
3.60000000e+02,6.36004845e-01,-1.52180756e-05,-1.05743130e-04,-4.45071301e-03,3.30354332e-04,3.28307269e-04,5.51970754e-01,1.11291471e-05,-5.65679050e-05,8.40340904e-02,-2.63472227e-05,-4.91752253e-05,-4.38808473e-03,-1.52809306e-04,5.90090881e-04,-6.26282817e-05,4.83163638e-04,-2.61783611e-04
3.61000000e+02,6.35772879e-01,-4.07342440e-05,-9.19657085e-05,-4.40168920e-03,2.30040608e-04,6.57117905e-05,5.51749821e-01,-1.24133541e-05,-4.54286200e-05,8.40230620e-02,-2.83208899e-05,-4.65370889e-05,-4.34100725e-03,-2.34118536e-04,3.45630469e-04,-6.06819570e-05,4.64159144e-04,-2.79918678e-04
3.62000000e+02,6.35639195e-01,-1.53117290e-05,-1.04759776e-04,-4.41262825e-03,3.14421987e-04,3.07074717e-04,5.51615939e-01,9.39338757e-06,-5.47839193e-05,8.40232550e-02,-2.47051166e-05,-4.99758569e-05,-4.34903295e-03,-1.76832548e-04,5.53079390e-04,-6.35953025e-05,4.91254534e-04,-2.46004674e-04
3.63000000e+02,6.35416570e-01,-3.34234739e-05,-1.05210040e-04,-4.36365345e-03,3.26626511e-04,1.06955438e-04,5.51403751e-01,-6.67429449e-06,-5.74298465e-05,8.40128192e-02,-2.67491793e-05,-4.77801934e-05,-4.30199076e-03,-1.48873028e-04,3.71849139e-04,-6.16626873e-05,4.75499539e-04,-2.64893701e-04
3.64000000e+02,6.35289360e-01,-1.64257852e-05,-1.13710095e-04,-4.37275751e-03,3.78753974e-04,2.58575220e-04,5.51275891e-01,7.28875643e-06,-6.32758175e-05,8.40134657e-02,-2.37145416e-05,-5.04342771e-05,-4.30823586e-03,-1.17612714e-04,4.94799535e-04,-6.45216525e-05,4.96366688e-04,-2.36224313e-04
3.65000000e+02,6.35066167e-01,-4.19451500e-05,-1.00389607e-04,-4.32131853e-03,2.83900970e-04,-1.23975647e-05,5.51062817e-01,-1.62105837e-05,-5.28188663e-05,8.40033524e-02,-2.57345661e-05,-4.75707410e-05,-4.25872606e-03,-1.90666044e-04,2.41787293e-04,-6.25924687e-05,4.74567014e-04,-2.54184857e-04
3.66000000e+02,6.34940337e-01,-1.73645910e-05,-1.11864252e-04,-4.33109384e-03,3.61505079e-04,2.17263176e-04,5.50935964e-01,4.71772452e-06,-6.11217162e-05,8.40043748e-02,-2.20823156e-05,-5.07425362e-05,-4.26558293e-03,-1.37492116e-04,4.36925276e-04,-6.55109115e-05,4.98997196e-04,-2.19662101e-04
3.67000000e+02,6.34724489e-01,-3.47924973e-05,-1.11788130e-04,-4.28188843e-03,3.75399812e-04,1.96471172e-05,5.50729636e-01,-1.07340626e-05,-6.34875979e-05,8.39948527e-02,-2.40584347e-05,-4.83005324e-05,-4.21823790e-03,-1.05547270e-04,2.57396237e-04,-6.36505191e-05,4.80947082e-04,-2.37749120e-04
3.68000000e+02,6.34603274e-01,-1.82173399e-05,-1.21236734e-04,-4.29087522e-03,4.34966516e-04,1.68586203e-04,5.50606868e-01,2.77865793e-06,-7.04225071e-05,8.39964046e-02,-2.09959978e-05,-5.08142271e-05,-4.22433493e-03,-6.48038209e-05,3.77137472e-04,-6.65402896e-05,4.99770339e-04,-2.08551269e-04
3.69000000e+02,6.34385846e-01,-4.37403641e-05,-1.09054882e-04,-4.24088426e-03,3.53025542e-04,-1.09293137e-04,5.50398633e-01,-2.07959319e-05,-6.13934340e-05,8.39872129e-02,-2.29444323e-05,-4.76614472e-05,-4.17622476e-03,-1.22472659e-04,1.17111413e-04,-6.46595065e-05,4.75498201e-04,-2.26404549e-04
3.70000000e+02,6.34262965e-01,-1.91296205e-05,-1.20721805e-04,-4.25118648e-03,4.35988413e-04,1.13214954e-04,5.50273897e-01,1.45118769e-07,-7.01235903e-05,8.39890666e-02,-1.92747393e-05,-5.05982148e-05,-4.18367107e-03,-6.17223706e-05,3.04887953e-04,-6.75154033e-05,4.97710784e-04,-1.91673000e-04
3.71000000e+02,6.34049218e-01,-3.71655975e-05,-1.20046614e-04,-4.20305320e-03,4.50874936e-04,-9.24328275e-05,5.50068712e-01,-1.59486234e-05,-7.21259805e-05,8.39805063e-02,-2.12169742e-05,-4.79206326e-05,-4.13733222e-03,-2.63885403e-05,1.16667785e-04,-6.57209844e-05,4.77263476e-04,-2.09100613e-04
3.72000000e+02,6.33929458e-01,-1.95785401e-05,-1.27584579e-04,-4.21346771e-03,5.01666942e-04,5.75313178e-05,5.49946501e-01,-1.63655449e-06,-7.74496167e-05,8.39829549e-02,-1.79419856e-05,-5.01349623e-05,-4.14487759e-03,8.24183852e-06,2.35951957e-04,-6.85901181e-05,4.93425100e-04,-1.78420639e-04
3.73000000e+02,6.33712481e-01,-4.36404129e-05,-1.12926294e-04,-4.16361639e-03,4.05030201e-04,-2.08751738e-04,5.49737753e-01,-2.37205051e-05,-6.60714305e-05,8.39747264e-02,-1.99199079e-05,-4.68548638e-05,-4.09689893e-03,-6.26099669e-05,-1.28331199e-05,-6.67174638e-05,4.67640168e-04,-1.95918619e-04
3.74000000e+02,6.33590589e-01,-1.79009383e-05,-1.25313837e-04,-4.17515943e-03,4.99386420e-04,2.58708856e-05,5.49612974e-01,-1.67236936e-06,-7.56249831e-05,8.39776131e-02,-1.62285689e-05,-4.96888539e-05,-4.10551566e-03,1.06308404e-05,1.86630614e-04,-6.96437715e-05,4.88755579e-04,-1.60759729e-04
3.75000000e+02,6.33377717e-01,-3.58287488e-05,-1.25356722e-04,-4.12776378e-03,5.21771746e-04,-1.80331148e-04,5.49407649e-01,-1.76714765e-05,-7.85036682e-05,8.39700658e-02,-1.81572723e-05,-4.68530536e-05,-4.05997857e-03,5.52413878e-05,-2.04327048e-06,-6.77852071e-05,4.66530358e-04,-1.78287878e-04
3.76000000e+02,6.33257902e-01,-1.84019390e-05,-1.33326107e-04,-4.13672266e-03,5.77662437e-04,-2.99376748e-05,5.49284407e-01,-3.45920028e-06,-8.43916351e-05,8.39734947e-02,-1.49427387e-05,-4.89344712e-05,-4.06608953e-03,9.63951172e-05,1.18009209e-04,-7.06331301e-05,4.81267322e-04,-1.47946884e-04
3.77000000e+02,6.33040922e-01,-4.32336304e-05,-1.20247559e-04,-4.08642141e-03,4.94769944e-04,-3.04007094e-04,5.49074573e-01,-2.63297550e-05,-7.47119979e-05,8.39663470e-02,-1.69038754e-05,-4.55355606e-05,-4.01764800e-03,4.04572437e-05,-1.38533900e-04,-6.87734098e-05,4.54312701e-04,-1.65473195e-04
3.78000000e+02,6.32918881e-01,-1.73175987e-05,-1.31125733e-04,-4.09708099e-03,5.74326411e-04,-7.36201700e-05,5.48948658e-01,-4.20187204e-06,-8.29751347e-05,8.39702210e-02,-1.31157267e-05,-4.81505981e-05,-4.02542543e-03,1.01137807e-04,5.62149079e-05,-7.16555567e-05,4.73188605e-04,-1.29835078e-04
3.79000000e+02,6.32705379e-01,-3.35969969e-05,-1.30069338e-04,-4.04872176e-03,5.91799843e-04,-2.67549131e-04,5.48741676e-01,-1.85371004e-05,-8.48450368e-05,8.39637039e-02,-1.50598966e-05,-4.52243013e-05,-3.97891565e-03,1.41458035e-04,-1.20223234e-04,-6.98061084e-05,4.50341806e-04,-1.47325897e-04
3.80000000e+02,6.32585436e-01,-1.56108719e-05,-1.37978609e-04,-4.05651017e-03,6.51030548e-04,-1.12793373e-04,5.48617232e-01,-3.74801949e-06,-9.08026195e-05,8.39682054e-02,-1.18628524e-05,-4.71759898e-05,-3.98390633e-03,1.87071174e-04,4.35761352e-06,-7.26038391e-05,4.63959375e-04,-1.17150987e-04
3.81000000e+02,6.32368191e-01,-4.07060658e-05,-1.23067818e-04,-4.00389661e-03,5.56937457e-04,-3.87359285e-04,5.48406106e-01,-2.68262992e-05,-7.93774543e-05,8.39620863e-02,-1.38797667e-05,-4.36903634e-05,-3.93314843e-03,1.20937255e-04,-2.52382396e-04,-7.07481769e-05,4.36000205e-04,-1.34976890e-04
3.82000000e+02,6.32245377e-01,-1.45615944e-05,-1.33507168e-04,-4.01392778e-03,6.37968288e-04,-1.53318003e-04,5.48278433e-01,-4.43957997e-06,-8.72891375e-05,8.39669422e-02,-1.01220144e-05,-4.62180306e-05,-3.94027370e-03,1.83929445e-04,-5.37083546e-05,-7.36540802e-05,4.54038845e-04,-9.96096485e-05
3.83000000e+02,6.32032201e-01,-3.06392238e-05,-1.32381202e-04,-3.96340398e-03,6.55090645e-04,-3.40465662e-04,5.48070634e-01,-1.85472078e-05,-8.91409055e-05,8.39615673e-02,-1.20920161e-05,-4.32402969e-05,-3.89161579e-03,2.24603786e-04,-2.23218826e-04,-7.17881932e-05,4.30486861e-04,-1.17246836e-04
3.84000000e+02,6.31912807e-01,-1.10735416e-05,-1.40249192e-04,-3.97022353e-03,7.08455971e-04,-1.70027995e-04,5.47945692e-01,-2.19058490e-06,-9.50816488e-05,8.39671142e-02,-8.88295672e-06,-4.51675431e-05,-3.89560227e-03,2.65164703e-04,-8.28708510e-05,-7.46212565e-05,4.43291269e-04,-8.71571439e-05
3.85000000e+02,6.31696468e-01,-3.30746137e-05,-1.27701567e-04,-3.91798335e-03,6.31844351e-04,-4.22191691e-04,5.47734356e-01,-2.21777517e-05,-8.60155828e-05,8.39621120e-02,-1.08968620e-05,-4.16859840e-05,-3.84519862e-03,2.16288329e-04,-3.16980787e-04,-7.27847232e-05,4.15556022e-04,-1.05210904e-04
3.86000000e+02,6.31574712e-01,-5.54848973e-06,-1.37799464e-04,-3.92682464e-03,7.12293968e-04,-1.74173967e-04,5.47606624e-01,1.63982224e-06,-9.38131629e-05,8.39680891e-02,-7.18831197e-06,-4.39863009e-05,-3.85117905e-03,2.80296977e-04,-1.04021845e-04,-7.56455870e-05,4.31996993e-04,-7.01521217e-05
3.87000000e+02,6.31363676e-01,-2.23889745e-05,-1.35605020e-04,-3.87565890e-03,7.25910423e-04,-3.65727610e-04,5.47399876e-01,-1.31012479e-05,-9.45792004e-05,8.39637996e-02,-9.28772656e-06,-4.10258197e-05,-3.80187112e-03,3.17367257e-04,-2.76706830e-04,-7.37877856e-05,4.08543165e-04,-8.90207798e-05
3.88000000e+02,6.31245386e-01,-3.19629788e-06,-1.41171279e-04,-3.88135038e-03,7.68484926e-04,-1.95968653e-04,5.47275003e-01,2.92821216e-06,-9.83597688e-05,8.39703829e-02,-6.12451005e-06,-4.28115106e-05,-3.80469199e-03,3.48139434e-04,-1.36740009e-04,-7.66583883e-05,4.20345493e-04,-5.92286443e-05
3.89000000e+02,6.31030647e-01,-2.59783545e-05,-1.26920716e-04,-3.82742232e-03,6.78750975e-04,-4.51098801e-04,5.47064186e-01,-1.77970775e-05,-8.75102839e-05,8.39664633e-02,-8.18127709e-06,-3.94104323e-05,-3.75259533e-03,2.85862059e-04,-3.73508354e-04,-7.48269830e-05,3.92888918e-04,-7.75904475e-05
3.90000000e+02,6.30911108e-01,1.70299348e-06,-1.35146985e-04,-3.83536327e-03,7.44249890e-04,-1.98061209e-04,5.46937621e-01,6.19836674e-06,-9.34940428e-05,8.39734885e-02,-4.49537327e-06,-4.16529418e-05,-3.75767200e-03,3.35615035e-04,-1.55223354e-04,-7.76912736e-05,4.08634855e-04,-4.28378550e-05
3.91000000e+02,6.30701718e-01,-1.40665089e-05,-1.31867309e-04,-3.78295543e-03,7.49253533e-04,-3.80507115e-04,5.46731464e-01,-7.42908266e-06,-9.31353318e-05,8.39702533e-02,-6.63742625e-06,-3.87319775e-05,-3.70709302e-03,3.63713425e-04,-3.18242991e-04,-7.58624072e-05,3.85540108e-04,-6.22641228e-05
3.92000000e+02,6.30586035e-01,5.28934988e-06,-1.37382674e-04,-3.78719403e-03,7.95015880e-04,-2.08224592e-04,5.46608136e-01,8.76878549e-06,-9.68670106e-05,8.39778982e-02,-3.47943560e-06,-4.05156633e-05,-3.70849875e-03,3.97439567e-04,-1.75588748e-04,-7.86952784e-05,3.97576313e-04,-3.26358448e-05
3.93000000e+02,6.30374489e-01,-1.78926032e-05,-1.24456362e-04,-3.73248550e-03,7.19055494e-04,-4.61991178e-04,5.46399465e-01,-1.23425069e-05,-8.73123823e-05,8.39750248e-02,-5.55009633e-06,-3.71439797e-05,-3.65562956e-03,3.48844750e-04,-4.10898077e-04,-7.68559382e-05,3.70210747e-04,-5.10931006e-05
3.94000000e+02,6.30257619e-01,9.80649341e-06,-1.32381361e-04,-3.73886744e-03,7.81042223e-04,-2.03013130e-04,5.46274566e-01,1.18077748e-05,-9.30134491e-05,8.39830518e-02,-2.00128141e-06,-3.93679124e-05,-3.65914137e-03,3.95366454e-04,-1.85671911e-04,-7.97260766e-05,3.85675771e-04,-1.73412190e-05
3.95000000e+02,6.30051882e-01,-7.04268184e-06,-1.29933627e-04,-3.68596849e-03,7.93381934e-04,-3.86833394e-04,5.46070988e-01,-2.86578322e-06,-9.34557672e-05,8.39808934e-02,-4.17689861e-06,-3.64778595e-05,-3.60802345e-03,4.30495430e-04,-3.49835201e-04,-7.79450468e-05,3.62886505e-04,-3.69981930e-05
3.96000000e+02,6.29939490e-01,1.19139783e-05,-1.35912909e-04,-3.68837001e-03,8.39038949e-04,-2.11994609e-04,5.45949967e-01,1.29325891e-05,-9.77903756e-05,8.39895265e-02,-1.01861074e-06,-3.81225335e-05,-3.60762283e-03,4.65568918e-04,-2.04391149e-04,-8.07471848e-05,3.73470029e-04,-7.60346042e-06
3.97000000e+02,6.29730213e-01,-1.12326176e-05,-1.21674198e-04,-3.63235839e-03,7.55002202e-04,-4.60600108e-04,5.45742533e-01,-8.12614721e-06,-8.69173661e-05,8.39876789e-02,-3.10647033e-06,-3.47568315e-05,-3.55343998e-03,4.08358870e-04,-4.34377249e-04,-7.89184117e-05,3.46643333e-04,-2.62228587e-05
3.98000000e+02,6.29616311e-01,1.75758856e-05,-1.29183489e-04,-3.63812529e-03,8.15361560e-04,-1.92573228e-04,5.45619552e-01,1.71203998e-05,-9.22049381e-05,8.39967586e-02,4.55485839e-07,-3.69785508e-05,-3.55626550e-03,4.53382143e-04,-1.99733744e-04,-8.18597935e-05,3.61979414e-04,7.16051679e-06
3.99000000e+02,6.29413387e-01,3.30800870e-07,-1.26266931e-04,-3.58373942e-03,8.25203609e-04,-3.76570093e-04,5.45417775e-01,2.13933417e-06,-9.21542943e-05,8.39956121e-02,-1.80853330e-06,-3.41126369e-05,-3.50369742e-03,4.85856762e-04,-3.63466907e-04,-8.00419961e-05,3.39346847e-04,-1.31031861e-05
4.00000000e+02,6.29303239e-01,1.86626887e-05,-1.30788181e-04,-3.58643936e-03,8.59745872e-04,-1.99664606e-04,5.45298007e-01,1.74370005e-05,-9.50271388e-05,8.40052314e-02,1.22568820e-06,-3.57610420e-05,-3.50352483e-03,5.09812473e-04,-2.15217249e-04,-8.29145236e-05,3.49933398e-04,1.55526435e-05
4.01000000e+02,6.29096460e-01,-4.74173111e-06,-1.19363316e-04,-3.53047883e-03,7.95241160e-04,-4.46534186e-04,5.45092044e-01,-3.85937296e-06,-8.67894095e-05,8.40044152e-02,-8.82358150e-07,-3.25739066e-05,-3.44938778e-03,4.70878812e-04,-4.42928383e-04,-8.10910594e-05,3.24362347e-04,-3.60580311e-06
4.02000000e+02,6.28983857e-01,2.21744172e-05,-1.25951430e-04,-3.53534848e-03,8.46444677e-04,-1.85795659e-04,5.44969370e-01,1.95775582e-05,-9.13740886e-05,8.40144850e-02,2.59685895e-06,-3.45773408e-05,-3.45133243e-03,5.08370633e-04,-2.15041313e-04,-8.40160570e-05,3.38074045e-04,2.92456541e-05
4.03000000e+02,6.28782956e-01,5.16153228e-06,-1.21318487e-04,-3.48152491e-03,8.42655304e-04,-3.64005459e-04,5.44768554e-01,4.79805444e-06,-8.95245373e-05,8.40144014e-02,3.63477834e-07,-3.17939497e-05,-3.39930104e-03,5.26297203e-04,-3.72921045e-04,-8.22238702e-05,3.16358102e-04,8.91558658e-06
4.04000000e+02,6.28674388e-01,2.38481994e-05,-1.25159641e-04,-3.48317954e-03,8.72835817e-04,-1.83979822e-04,5.44649303e-01,2.04514191e-05,-9.17446115e-05,8.40250870e-02,3.39678025e-06,-3.34150296e-05,-3.39812549e-03,5.46008129e-04,-2.21154783e-04,-8.50540425e-05,3.26827686e-04,3.71749606e-05
4.05000000e+02,6.28469479e-01,-5.12334922e-07,-1.12518788e-04,-3.42684261e-03,7.98912748e-04,-4.32684216e-04,5.44444145e-01,-1.66597470e-06,-8.22333991e-05,8.40253348e-02,1.15363978e-06,-3.02853884e-05,-3.34357708e-03,4.97180564e-04,-4.49862404e-04,-8.32655365e-05,3.01732186e-04,1.71781875e-05
4.06000000e+02,6.28358040e-01,2.71307676e-05,-1.18021418e-04,-3.43214465e-03,8.40935012e-04,-1.64007239e-04,5.44321638e-01,2.24902632e-05,-8.56377819e-05,8.40364040e-02,4.64050443e-06,-3.23836358e-05,-3.34599909e-03,5.24704918e-04,-2.13752982e-04,-8.61455617e-05,3.16230094e-04,4.97457435e-05
4.07000000e+02,6.28157699e-01,1.01508463e-05,-1.15361179e-04,-3.37802589e-03,8.49795973e-04,-3.35987001e-04,5.44120286e-01,7.86435978e-06,-8.55868973e-05,8.40374128e-02,2.28648651e-06,-2.97742819e-05,-3.29363483e-03,5.53993262e-04,-3.64504556e-04,-8.43910665e-05,2.95802710e-04,2.85175556e-05
4.08000000e+02,6.28050217e-01,2.82883542e-05,-1.19656973e-04,-3.38043936e-03,8.77987395e-04,-1.52651685e-04,5.44001109e-01,2.30894568e-05,-8.82883125e-05,8.40491075e-02,5.19889739e-06,-3.13686601e-05,-3.29321684e-03,5.72032910e-04,-2.08332704e-04,-8.72225188e-05,3.05954485e-04,5.56810194e-05
4.09000000e+02,6.27845627e-01,5.04142395e-06,-1.07578868e-04,-3.32524748e-03,8.07565007e-04,-3.93736515e-04,5.43795181e-01,2.06669197e-06,-7.92219345e-05,8.40504481e-02,2.97473197e-06,-2.83569331e-05,-3.23981485e-03,5.25231598e-04,-4.29027263e-04,-8.54326336e-05,2.82333409e-04,3.52907485e-05
4.10000000e+02,6.27735173e-01,3.26588861e-05,-1.13007383e-04,-3.33166299e-03,8.46883752e-04,-1.21780608e-04,5.43672577e-01,2.63192306e-05,-8.26313264e-05,8.40625950e-02,6.33965552e-06,-3.03760568e-05,-3.24331878e-03,5.50629857e-04,-1.88823768e-04,-8.83442056e-05,2.96253893e-04,6.70431608e-05
4.11000000e+02,6.27535909e-01,1.53370982e-05,-1.09669761e-04,-3.27760019e-03,8.51781388e-04,-2.95622927e-04,5.43471240e-01,1.14094340e-05,-8.17906041e-05,8.40646693e-02,3.92766425e-06,-2.78791570e-05,-3.19109957e-03,5.74750031e-04,-3.40606299e-04,-8.65006244e-05,2.77031357e-04,4.49833723e-05
4.12000000e+02,6.27428205e-01,3.39525258e-05,-1.12813534e-04,-3.27995458e-03,8.75803811e-04,-1.06746062e-04,5.43350841e-01,2.71926436e-05,-8.34182041e-05,8.40773674e-02,6.75988217e-06,-2.93953302e-05,-3.19063743e-03,5.88768445e-04,-1.78151846e-04,-8.93171455e-05,2.87035366e-04,7.14057837e-05
4.13000000e+02,6.27224109e-01,1.02947907e-05,-1.01522118e-04,-3.22365980e-03,8.11600022e-04,-3.46406424e-04,5.43144326e-01,5.86923464e-06,-7.49315594e-05,8.40797853e-02,4.42555612e-06,-2.65905585e-05,-3.13615704e-03,5.46813645e-04,-3.96617945e-04,-8.75027570e-05,2.64786378e-04,5.02115212e-05
4.14000000e+02,6.27114324e-01,3.69837033e-05,-1.06804893e-04,-3.22834130e-03,8.51865181e-04,-8.11350126e-05,5.43021356e-01,2.92727767e-05,-7.82003266e-05,8.40929665e-02,7.71092666e-06,-2.86045668e-05,-3.13793550e-03,5.72916787e-04,-1.62099126e-04,-9.04058082e-05,2.78948394e-04,8.09641130e-05
4.15000000e+02,6.26915850e-01,2.03761399e-05,-1.03188165e-04,-3.17201037e-03,8.53686398e-04,-2.47963546e-04,5.42819719e-01,1.50950154e-05,-7.69610066e-05,8.40961329e-02,5.28112459e-06,-2.62271586e-05,-3.08347229e-03,5.93018660e-04,-3.06640748e-04,-8.85380738e-05,2.60667736e-04,5.86772021e-05
4.16000000e+02,6.26809729e-01,3.72426536e-05,-1.06910588e-04,-3.17212882e-03,8.74461267e-04,-7.21561880e-05,5.42699795e-01,2.92584766e-05,-7.90597844e-05,8.41099351e-02,7.98417699e-06,-2.78508038e-05,-3.08076443e-03,6.03318700e-04,-1.56177556e-04,-9.13643903e-05,2.71142572e-04,8.40213678e-05
4.17000000e+02,6.26607147e-01,1.16127196e-05,-9.64260774e-05,-3.11494170e-03,8.13636760e-04,-3.25147954e-04,5.42493689e-01,5.97410980e-06,-7.13210353e-05,8.41134570e-02,5.63860982e-06,-2.51050423e-05,-3.02536971e-03,5.63857189e-04,-3.87768145e-04,-8.95719847e-05,2.49779567e-04,6.26201908e-05
4.18000000e+02,6.26497684e-01,3.71763183e-05,-1.01006910e-04,-3.11884912e-03,8.43783976e-04,-6.46398107e-05,5.42370061e-01,2.83447403e-05,-7.39539085e-05,8.41276217e-02,8.83157799e-06,-2.70530013e-05,-3.02639572e-03,5.80317458e-04,-1.57233116e-04,-9.24533933e-05,2.63466520e-04,9.25933053e-05
4.19000000e+02,6.26300412e-01,1.97917591e-05,-9.78724094e-05,-3.06301176e-03,8.50030401e-04,-2.36256680e-04,5.42168530e-01,1.34219049e-05,-7.30383981e-05,8.41318801e-02,6.36985423e-06,-2.48340113e-05,-2.97233221e-03,6.03233233e-04,-3.06043619e-04,-9.06795471e-05,2.46797168e-04,6.97869382e-05
4.20000000e+02,6.26195377e-01,3.74465678e-05,-1.00077976e-04,-3.06268748e-03,8.61697037e-04,-5.31663694e-05,5.42048695e-01,2.83672644e-05,-7.37545185e-05,8.41466809e-02,9.07930337e-06,-2.63234577e-05,-2.96918182e-03,6.05195301e-04,-1.48157329e-04,-9.35056599e-05,2.56501737e-04,9.49909600e-05
4.21000000e+02,6.25993468e-01,1.38898285e-05,-8.80648175e-05,-3.00678948e-03,7.88736124e-04,-2.92478326e-04,5.41842258e-01,7.13874284e-06,-6.43713712e-05,8.41512109e-02,6.75108571e-06,-2.36934465e-05,-2.91503234e-03,5.52807066e-04,-3.65973119e-04,-9.17571442e-05,2.35929059e-04,7.34947933e-05
4.22000000e+02,6.25885437e-01,4.11703710e-05,-9.20066416e-05,-3.01177151e-03,8.14039892e-04,-2.09606423e-05,5.41719050e-01,3.12951980e-05,-6.64031756e-05,8.41663867e-02,9.87517291e-06,-2.56034659e-05,-2.91709851e-03,5.64771007e-04,-1.23757305e-04,-9.46730004e-05,2.49268886e-04,1.02796663e-04
4.23000000e+02,6.25689037e-01,2.41998408e-05,-8.98949696e-05,-2.95587027e-03,8.26049575e-04,-1.88348736e-04,5.41517418e-01,1.68195370e-05,-6.63891945e-05,8.41716181e-02,7.38030377e-06,-2.35057749e-05,-2.86299999e-03,5.92606618e-04,-2.68331551e-04,-9.28702757e-05,2.33442957e-04,7.99828157e-05
4.24000000e+02,6.25584390e-01,4.05446767e-05,-9.28979568e-05,-2.95716884e-03,8.41943754e-04,-1.39430416e-05,5.41397043e-01,3.06234879e-05,-6.78739417e-05,8.41873448e-02,9.92118879e-06,-2.50240153e-05,-2.86148446e-03,5.98588903e-04,-1.17801262e-04,-9.56843789e-05,2.43354851e-04,1.03858220e-04
4.25000000e+02,6.25382695e-01,1.51136742e-05,-8.26464342e-05,-2.90248079e-03,7.81393536e-04,-2.65127601e-04,5.41189850e-01,7.54488558e-06,-6.01722769e-05,8.41928461e-02,7.56878861e-06,-2.24741572e-05,-2.80856104e-03,5.57826737e-04,-3.47290272e-04,-9.39197499e-05,2.23566795e-04,8.21626712e-05
4.26000000e+02,6.25274722e-01,4.04390153e-05,-8.70167116e-05,-2.90817651e-03,8.03350925e-04,-7.21511247e-06,5.41065764e-01,2.97708839e-05,-6.27088453e-05,8.42089596e-02,1.06681312e-05,-2.43078662e-05,-2.81131393e-03,5.67363666e-04,-1.18381987e-04,-9.68625852e-05,2.35987261e-04,1.11166875e-04
4.27000000e+02,6.25079221e-01,2.26464824e-05,-8.38558296e-05,-2.85328140e-03,8.06658547e-04,-1.81062209e-04,5.40864042e-01,1.44250216e-05,-6.16382730e-05,8.42151787e-02,8.22146080e-06,-2.22175563e-05,-2.75818724e-03,5.85985446e-04,-2.69638032e-04,-9.50941651e-05,2.20673104e-04,8.85758228e-05
4.28000000e+02,6.24975628e-01,4.00662204e-05,-8.63845547e-05,-2.85483717e-03,8.16430068e-04,2.02141777e-06,5.40743807e-01,2.92726233e-05,-6.26987568e-05,8.42318235e-02,1.07935972e-05,-2.36857981e-05,-2.75696294e-03,5.86218736e-04,-1.10505178e-04,-9.78742302e-05,2.30211330e-04,1.12526596e-04
4.29000000e+02,6.24775575e-01,1.45271089e-05,-7.59083105e-05,-2.79988822e-03,7.53289409e-04,-2.52332566e-04,5.40537264e-01,6.12225353e-06,-5.47065664e-05,8.42383119e-02,8.40485539e-06,-2.12017443e-05,-2.70373223e-03,5.42408162e-04,-3.42824716e-04,-9.61559892e-05,2.10881249e-04,9.04921501e-05
4.30000000e+02,6.24668369e-01,3.87589708e-05,-7.92700776e-05,-2.80720157e-03,7.71676504e-04,-8.17196418e-06,5.40413034e-01,2.73474222e-05,-5.62982425e-05,8.42553352e-02,1.14115486e-05,-2.29718349e-05,-2.70809778e-03,5.48480810e-04,-1.26577426e-04,-9.91037818e-05,2.23195697e-04,1.18405462e-04
4.31000000e+02,6.24473762e-01,2.12445535e-05,-7.74662709e-05,-2.75496002e-03,7.83615109e-04,-1.80676282e-04,5.40211230e-01,1.22953276e-05,-5.64401071e-05,8.42625312e-02,8.94922583e-06,-2.10261641e-05,-2.65764476e-03,5.74923637e-04,-2.76756711e-04,-9.73152578e-05,2.08691472e-04,9.60804279e-05
4.32000000e+02,6.24370633e-01,3.81923678e-05,-7.99068228e-05,-2.75837609e-03,7.87606698e-04,-2.88103654e-06,5.40090477e-01,2.67183073e-05,-5.74816675e-05,8.42801580e-02,1.14740604e-05,-2.24251552e-05,-2.65829677e-03,5.70326132e-04,-1.22351945e-04,-1.00079325e-04,2.17280565e-04,1.19470908e-04
4.33000000e+02,6.24171478e-01,1.29112502e-05,-6.99909073e-05,-2.70432144e-03,7.25692699e-04,-2.56229544e-04,5.39883857e-01,3.82001191e-06,-4.99510112e-05,8.42876212e-02,9.09123830e-06,-2.00398963e-05,-2.60597812e-03,5.26672359e-04,-3.53668249e-04,-9.83433195e-05,1.99020339e-04,9.74387058e-05
4.34000000e+02,6.24065513e-01,3.76258383e-05,-7.42468824e-05,-2.71111187e-03,7.44243597e-04,-4.58925334e-06,5.39759907e-01,2.55770876e-05,-5.24687043e-05,8.43056090e-02,1.20487507e-05,-2.17781778e-05,-2.60985953e-03,5.33330124e-04,-1.29922744e-04,-1.01252342e-04,2.10913471e-04,1.25333491e-04
4.35000000e+02,6.23871929e-01,1.94938135e-05,-7.32126475e-05,-2.65808557e-03,7.61381317e-04,-1.82680979e-04,5.39558176e-01,9.85296879e-06,-5.33536522e-05,8.43137535e-02,9.64084468e-06,-1.98589953e-05,-2.55861266e-03,5.64480627e-04,-2.85714288e-04,-9.94729077e-05,1.96900691e-04,1.03033308e-04
4.36000000e+02,6.23770842e-01,3.55576828e-05,-7.56466239e-05,-2.66218534e-03,7.67970568e-04,-9.63769993e-06,5.39438505e-01,2.34926634e-05,-5.44969311e-05,8.43323353e-02,1.20650194e-05,-2.11496928e-05,-2.55990784e-03,5.62942457e-04,-1.35331192e-04,-1.02277494e-04,2.05028111e-04,1.25693492e-04
4.37000000e+02,6.23573473e-01,8.92491890e-06,-6.50965153e-05,-2.60720522e-03,7.00850054e-04,-2.74350950e-04,5.39232698e-01,-7.90867554e-07,-4.62551088e-05,8.43407758e-02,9.71578646e-06,-1.88414063e-05,-2.50672435e-03,5.13651463e-04,-3.78174482e-04,-1.00480870e-04,1.87198593e-04,1.03823532e-04
4.38000000e+02,6.23469484e-01,3.33381099e-05,-6.76870455e-05,-2.61509877e-03,7.06943000e-04,-2.94079986e-05,5.39109775e-01,2.07056346e-05,-4.71765710e-05,8.43597101e-02,1.26324753e-05,-2.05104744e-05,-2.51168944e-03,5.08294056e-04,-1.60540228e-04,-1.03409332e-04,1.98648942e-04,1.31132230e-04
4.39000000e+02,6.23278639e-01,1.56156209e-05,-6.72032788e-05,-2.56286939e-03,7.28388910e-04,-2.06408097e-04,5.38909823e-01,5.40690727e-06,-4.84550360e-05,8.43688147e-02,1.02087136e-05,-1.87482431e-05,-2.46122571e-03,5.42643134e-04,-3.15234358e-04,-1.01643671e-04,1.85745775e-04,1.08826261e-04
4.40000000e+02,6.23179607e-01,3.17699415e-05,-6.95038284e-05,-2.56570878e-03,7.31449747e-04,-3.34549074e-05,5.38791311e-01,1.91292759e-05,-4.94924905e-05,8.43882972e-02,1.26406657e-05,-2.00113378e-05,-2.46132326e-03,5.37973040e-04,-1.65038675e-04,-1.04385516e-04,1.93476712e-04,1.31583768e-04
4.41000000e+02,6.22984747e-01,4.33864825e-06,-6.17658364e-05,-2.51166547e-03,6.84314269e-04,-3.08006872e-04,5.38587052e-01,-5.95391439e-06,-4.39565919e-05,8.43976947e-02,1.02925626e-05,-1.78092443e-05,-2.40900049e-03,5.07664899e-04,-4.17503651e-04,-1.02664976e-04,1.76649371e-04,1.09496779e-04
4.42000000e+02,6.22883695e-01,2.72713138e-05,-6.58596194e-05,-2.52006653e-03,6.97669199e-04,-7.46338452e-05,5.38466148e-01,1.41248897e-05,-4.64379944e-05,8.44175479e-02,1.31464241e-05,-1.94216248e-05,-2.41449228e-03,5.10227102e-04,-2.11207585e-04,-1.05574252e-04,1.87442101e-04,1.36573740e-04
4.43000000e+02,6.22695784e-01,9.29331111e-06,-6.58208968e-05,-2.46893664e-03,7.22747517e-04,-2.53050409e-04,5.38268184e-01,-1.52040844e-06,-4.81173908e-05,8.44275975e-02,1.08137196e-05,-1.77035061e-05,-2.36512097e-03,5.47489924e-04,-3.67951679e-04,-1.03815667e-04,1.75257593e-04,1.14901270e-04
4.44000000e+02,6.22600280e-01,2.72469275e-05,-6.73430629e-05,-2.47335301e-03,7.19409910e-04,-6.73402161e-05,5.38152298e-01,1.40429173e-05,-4.85136721e-05,8.44479829e-02,1.32040102e-05,-1.88293908e-05,-2.36675659e-03,5.37398197e-04,-2.04485876e-04,-1.06596420e-04,1.82011710e-04,1.37145660e-04
4.45000000e+02,6.22408357e-01,1.01468417e-06,-5.78847312e-05,-2.42081156e-03,6.60128490e-04,-3.31585994e-04,5.37950062e-01,-9.78311896e-06,-4.11802447e-05,8.44582974e-02,1.07978031e-05,-1.67044864e-05,-2.31594765e-03,4.94395056e-04,-4.46482843e-04,-1.04863917e-04,1.65733430e-04,1.14896848e-04
4.46000000e+02,6.22309857e-01,2.52926118e-05,-6.26362709e-05,-2.43000555e-03,6.82212518e-04,-9.35061671e-05,5.37830870e-01,1.15152596e-05,-4.43218551e-05,8.44789901e-02,1.37773523e-05,-1.83144161e-05,-2.32226970e-03,5.05558232e-04,-2.36026883e-04,-1.07735851e-04,1.76654289e-04,1.42520716e-04
4.47000000e+02,6.22124813e-01,6.88518244e-06,-6.38970815e-05,-2.37795556e-03,7.17790227e-04,-2.74724796e-04,5.37634874e-01,-4.45766156e-06,-4.72291479e-05,8.44899387e-02,1.13428440e-05,-1.66679338e-05,-2.27202651e-03,5.52924331e-04,-3.94997529e-04,-1.05929054e-04,1.64865896e-04,1.20272733e-04
4.48000000e+02,6.22032581e-01,2.45112960e-05,-6.67189135e-05,-2.38240170e-03,7.21302544e-04,-8.68421522e-05,5.37521436e-01,1.08284780e-05,-4.89297685e-05,8.45111423e-02,1.36828180e-05,-1.77891450e-05,-2.27374104e-03,5.50087261e-04,-2.29362316e-04,-1.08660655e-04,1.71215285e-04,1.42520163e-04
4.49000000e+02,6.21844323e-01,-1.65496114e-06,-5.96796006e-05,-2.32910709e-03,6.77298499e-04,-3.52738455e-04,5.37322013e-01,-1.30086143e-05,-4.38963036e-05,8.45223103e-02,1.13536532e-05,-1.57832973e-05,-2.22215880e-03,5.21256781e-04,-4.73142000e-04,-1.06948289e-04,1.56041718e-04,1.20403544e-04
4.50000000e+02,6.21750036e-01,2.22974014e-05,-6.40258882e-05,-2.33775169e-03,6.92978768e-04,-1.10909848e-04,5.37206197e-01,8.07735669e-06,-4.68038142e-05,8.45438387e-02,1.42200447e-05,-1.72220739e-05,-2.22798798e-03,5.27347183e-04,-2.58409961e-04,-1.09763712e-04,1.65631582e-04,1.47500113e-04
4.51000000e+02,6.21569127e-01,3.76553605e-06,-6.56179743e-05,-2.28536600e-03,7.31651486e-04,-2.94816278e-04,5.37013477e-01,-8.04602002e-06,-4.99974358e-05,8.45556522e-02,1.18115561e-05,-1.56205386e-05,-2.17733682e-03,5.77274278e-04,-4.20077735e-04,-1.08029187e-04,1.54377210e-04,1.25261456e-04
4.52000000e+02,6.21480291e-01,2.15879284e-05,-6.74509107e-05,-2.28932418e-03,7.33221382e-04,-1.11545162e-04,5.36902676e-01,7.34080562e-06,-5.08252893e-05,8.45776140e-02,1.42471228e-05,-1.66256213e-05,-2.17861760e-03,5.73038069e-04,-2.59452428e-04,-1.10706579e-04,1.60183312e-04,1.47907265e-04
4.53000000e+02,6.21295107e-01,-4.44473067e-06,-5.97765920e-05,-2.23617447e-03,6.85680467e-04,-3.75081465e-04,5.36705568e-01,-1.63428881e-05,-4.50843993e-05,8.45895394e-02,1.18981574e-05,-1.46921927e-05,-2.12714009e-03,5.40301816e-04,-5.01041486e-04,-1.09034381e-04,1.45378651e-04,1.25960020e-04
4.54000000e+02,6.21203446e-01,1.93123806e-05,-6.41740828e-05,-2.24656656e-03,7.03133435e-04,-1.39984401e-04,5.36591682e-01,4.59798787e-06,-4.81036400e-05,8.46117654e-02,1.47143927e-05,-1.60704430e-05,-2.13466799e-03,5.48725022e-04,-2.92338479e-04,-1.11898571e-04,1.54408411e-04,1.52354078e-04
4.55000000e+02,6.21025276e-01,8.23569165e-07,-6.65929891e-05,-2.19438771e-03,7.46784733e-04,-3.22868430e-04,5.36400942e-01,-1.14683557e-05,-5.19935478e-05,8.46243355e-02,1.22919249e-05,-1.45994413e-05,-2.08430489e-03,6.02793050e-04,-4.53110304e-04,-1.10082816e-04,1.43991685e-04,1.30241874e-04
4.56000000e+02,6.20939556e-01,1.88846118e-05,-6.92190670e-05,-2.20064272e-03,7.48626161e-04,-1.36979968e-04,5.36292514e-01,4.17135965e-06,-5.36386330e-05,8.46470411e-02,1.47132521e-05,-1.55804341e-05,-2.08779491e-03,5.99360159e-04,-2.89724740e-04,-1.12847811e-04,1.49266001e-04,1.52744773e-04
4.57000000e+02,6.20758519e-01,-5.50926970e-06,-6.20104256e-05,-2.15014426e-03,7.03956049e-04,-3.87799725e-04,5.36098778e-01,-1.79081829e-05,-4.83599030e-05,8.46597431e-02,1.23989132e-05,-1.36505225e-05,-2.03895853e-03,5.69057567e-04,-5.18930548e-04,-1.11185722e-04,1.34898480e-04,1.31130823e-04
4.58000000e+02,6.20671115e-01,1.92608367e-05,-6.48466604e-05,-2.16058711e-03,7.01679506e-04,-1.43156152e-04,5.35988429e-01,3.99861975e-06,-4.98604863e-05,8.46826864e-02,1.52622169e-05,-1.49861740e-05,-2.04661543e-03,5.58483277e-04,-3.01165145e-04,-1.13971676e-04,1.43196233e-04,1.58008993e-04
4.59000000e+02,6.20497827e-01,7.07057637e-07,-6.58421443e-05,-2.11079047e-03,7.35168817e-04,-3.24989717e-04,5.35801906e-01,-1.21088786e-05,-5.23004814e-05,8.46959218e-02,1.28159363e-05,-1.35416627e-05,-1.99853707e-03,6.01708047e-04,-4.60625419e-04,-1.12253399e-04,1.33460769e-04,1.35635702e-04
4.60000000e+02,6.20416071e-01,1.72510055e-05,-6.76314139e-05,-2.11747967e-03,7.33799021e-04,-1.49731552e-04,5.35696835e-01,2.10236794e-06,-5.31684195e-05,8.47192339e-02,1.51486376e-05,-1.44629943e-05,-2.00257919e-03,5.95155204e-04,-3.07205926e-04,-1.14900483e-04,1.38643813e-04,1.57474374e-04
4.61000000e+02,6.20237889e-01,-8.55238581e-06,-6.06558420e-05,-2.06777008e-03,6.92967719e-04,-4.13684187e-04,5.35505310e-01,-2.14033795e-05,-4.80238225e-05,8.47325801e-02,1.28509937e-05,-1.26320194e-05,-1.95453534e-03,5.68164485e-04,-5.49403245e-04,-1.13234738e-04,1.24803235e-04,1.35719057e-04
4.62000000e+02,6.20153854e-01,1.66453910e-05,-6.32645962e-05,-2.08093100e-03,6.97836781e-04,-1.68922586e-04,5.35397730e-01,9.40417119e-07,-4.94035521e-05,8.47561225e-02,1.57049739e-05,-1.38610439e-05,-1.96490717e-03,5.65163203e-04,-3.31214944e-04,-1.16023826e-04,1.32673582e-04,1.62292358e-04
4.63000000e+02,6.19984060e-01,-1.28792795e-06,-6.41730662e-05,-2.03120182e-03,7.29886815e-04,-3.49040568e-04,5.35214067e-01,-1.45557852e-05,-5.16723397e-05,8.47699951e-02,1.32678573e-05,-1.25007267e-05,-1.91696007e-03,6.06740552e-04,-4.89217538e-04,-1.14241753e-04,1.23146263e-04,1.40176968e-04
4.64000000e+02,6.19905693e-01,1.56104731e-05,-6.62017346e-05,-2.03847690e-03,7.26633945e-04,-1.71840210e-04,5.35111797e-01,-3.20579671e-08,-5.27571752e-05,8.47938963e-02,1.56425310e-05,-1.34445593e-05,-1.92153734e-03,5.98537040e-04,-3.34153991e-04,-1.16939565e-04,1.28096905e-04,1.62313780e-04
4.65000000e+02,6.19732117e-01,-8.90350526e-06,-6.07585328e-05,-1.98991356e-03,6.94316941e-04,-4.23588519e-04,5.34924286e-01,-2.22276917e-05,-4.91053815e-05,8.48078295e-02,1.33241864e-05,-1.16531511e-05,-1.87466965e-03,5.79552139e-04,-5.64292485e-04,-1.15243911e-04,1.14764803e-04,1.40703964e-04
4.66000000e+02,6.19651548e-01,1.44428410e-05,-6.33514828e-05,-2.00375656e-03,6.91659352e-04,-1.87386657e-04,5.34819655e-01,-1.65845730e-06,-5.04813001e-05,8.48318925e-02,1.61012983e-05,-1.28701827e-05,-1.88579426e-03,5.69332420e-04,-3.54305100e-04,-1.17962300e-04,1.22326929e-04,1.66918444e-04
4.67000000e+02,6.19485212e-01,-3.36412186e-06,-6.51927741e-05,-1.95442130e-03,7.32645416e-04,-3.66036433e-04,5.34638867e-01,-1.70742924e-05,-5.36549588e-05,8.48463436e-02,1.37101705e-05,-1.15378153e-05,-1.83819872e-03,6.19126946e-04,-5.10719031e-04,-1.16222579e-04,1.13518466e-04,1.44682596e-04
4.68000000e+02,6.19410323e-01,1.44679552e-05,-6.64828316e-05,-1.96211768e-03,7.26921038e-04,-1.75917502e-04,5.34539566e-01,-1.57435243e-06,-5.41624853e-05,8.48707575e-02,1.60423077e-05,-1.23203460e-05,-1.84324414e-03,6.09449338e-04,-3.42744505e-04,-1.18873536e-04,1.17471701e-04,1.66827002e-04
4.69000000e+02,6.19240922e-01,-9.58389384e-06,-5.91836505e-05,-1.91291259e-03,6.82440026e-04,-4.25462305e-04,5.34355662e-01,-2.33339277e-05,-4.85636891e-05,8.48852634e-02,1.37500338e-05,-1.06199615e-05,-1.79570578e-03,5.77652137e-04,-5.70405928e-04,-1.17206817e-04,1.04787890e-04,1.44943623e-04
4.70000000e+02,6.19164733e-01,1.60051413e-05,-6.13580700e-05,-1.92709771e-03,6.84113828e-04,-1.77070896e-04,5.34254890e-01,-5.63389075e-07,-4.95096773e-05,8.49098465e-02,1.65685303e-05,-1.18483924e-05,-1.80715308e-03,5.71530423e-04,-3.48248818e-04,-1.19944630e-04,1.12583402e-04,1.71177922e-04
4.71000000e+02,6.19002265e-01,-2.46815825e-06,-6.40435749e-05,-1.87885413e-03,7.30201403e-04,-3.62126344e-04,5.34077467e-01,-1.65618408e-05,-5.34363606e-05,8.49247959e-02,1.40936825e-05,-1.06072140e-05,-1.76065358e-03,6.26116505e-04,-5.10720441e-04,-1.18200544e-04,1.04084896e-04,1.48594099e-04
4.72000000e+02,6.18931301e-01,1.45365790e-05,-6.58575641e-05,-1.88719831e-03,7.27043705e-04,-1.86873505e-04,5.33981601e-01,-1.92373577e-06,-5.44820961e-05,8.49496988e-02,1.64603148e-05,-1.13754681e-05,-1.76640670e-03,6.19154860e-04,-3.57345200e-04,-1.20791613e-04,1.07888843e-04,1.70471694e-04
4.73000000e+02,6.18765696e-01,-9.59857936e-06,-5.91470513e-05,-1.83767854e-03,6.86784883e-04,-4.36599923e-04,5.33801034e-01,-2.37199593e-05,-4.93816798e-05,8.49646627e-02,1.41213799e-05,-9.76537120e-06,-1.71857229e-03,5.90769800e-04,-5.85465044e-04,-1.19106259e-04,9.60150861e-05,1.48865122e-04
4.74000000e+02,6.18693262e-01,1.52851589e-05,-6.11447280e-05,-1.85225312e-03,6.84508670e-04,-1.87771157e-04,5.33703546e-01,-1.58789797e-06,-5.02938153e-05,8.49897165e-02,1.68730568e-05,-1.08509129e-05,-1.73043328e-03,5.81935629e-04,-3.62582728e-04,-1.21819836e-04,1.02573043e-04,1.74811571e-04
4.75000000e+02,6.18534723e-01,-2.90899687e-06,-6.40214827e-05,-1.80521135e-03,7.36340502e-04,-3.66465136e-04,5.33529632e-01,-1.73589935e-05,-5.43470162e-05,8.50050927e-02,1.44499966e-05,-9.67446673e-06,-1.68515241e-03,6.41312503e-04,-5.18954994e-04,-1.20058934e-04,9.50279985e-05,1.52489857e-04
4.76000000e+02,6.18467404e-01,1.58535807e-05,-6.60708707e-05,-1.81481930e-03,7.39070350e-04,-1.72445653e-04,5.33437042e-01,-9.94101614e-07,-5.57058220e-05,8.50303648e-02,1.68476823e-05,-1.03650488e-05,-1.69215270e-03,6.40937673e-04,-3.47028480e-04,-1.22666598e-04,9.81326728e-05,1.74582827e-04
4.77000000e+02,6.18304776e-01,-7.77859664e-06,-5.85316699e-05,-1.76796626e-03,6.90317323e-04,-4.20630914e-04,5.33259078e-01,-2.22906074e-05,-4.97200440e-05,8.50456986e-02,1.45120107e-05,-8.81162638e-06,-1.64696614e-03,6.03864729e-04,-5.73222354e-04,-1.21000123e-04,8.64525932e-05,1.52591439e-04
4.78000000e+02,6.18235781e-01,1.79563270e-05,-6.14842627e-05,-1.78597537e-03,6.95787827e-04,-1.69029798e-04,5.33164745e-01,7.22813077e-07,-5.15470044e-05,8.50710361e-02,1.72335140e-05,-9.93725814e-06,-1.66227633e-03,6.02328071e-04,-3.47164704e-04,-1.23699038e-04,9.34597557e-05,1.78134907e-04
4.79000000e+02,6.18081443e-01,-6.77432124e-07,-6.42089823e-05,-1.74043583e-03,7.43325359e-04,-3.52471433e-04,5.32994670e-01,-1.54200180e-05,-5.54124516e-05,8.50867729e-02,1.47425859e-05,-8.79653055e-06,-1.61852612e-03,6.57227779e-04,-5.07970433e-04,-1.21909713e-04,8.60975811e-05,1.55498998e-04
4.80000000e+02,6.18017991e-01,1.84911598e-05,-6.64359981e-05,-1.75249871e-03,7.45828467e-04,-1.54110501e-04,5.32905620e-01,1.38998186e-06,-5.70018118e-05,8.51123714e-02,1.71011779e-05,-9.43418643e-06,-1.62803542e-03,6.57152131e-04,-3.31389660e-04,-1.24463294e-04,8.86763353e-05,1.77279160e-04
4.81000000e+02,6.17859607e-01,-5.27927088e-06,-5.84106766e-05,-1.70864993e-03,6.98793763e-04,-4.02262486e-04,5.32731597e-01,-2.00520947e-05,-5.04864050e-05,8.51280117e-02,1.47728237e-05,-7.92427171e-06,-1.58583748e-03,6.20896456e-04,-5.57611552e-04,-1.22812455e-04,7.78973055e-05,1.55349065e-04
4.82000000e+02,6.17794444e-01,2.09034824e-05,-6.04431708e-05,-1.72772600e-03,6.96171314e-04,-1.46216129e-04,5.32640828e-01,3.37859379e-06,-5.14913460e-05,8.51536153e-02,1.75248886e-05,-8.95182509e-06,-1.60224804e-03,6.12361486e-04,-3.27410412e-04,-1.25477954e-04,8.38098238e-05,1.81194283e-04
4.83000000e+02,6.17643849e-01,2.77118520e-06,-6.34328981e-05,-1.68398940e-03,7.46815662e-04,-3.23983288e-04,5.32474255e-01,-1.22745103e-05,-5.55358111e-05,8.51695937e-02,1.50456955e-05,-7.89708690e-06,-1.56030171e-03,6.69699814e-04,-4.82578363e-04,-1.23687680e-04,7.71158436e-05,1.58595075e-04
4.84000000e+02,6.17584416e-01,2.09319996e-05,-6.43571520e-05,-1.69756682e-03,7.40686434e-04,-1.30281773e-04,5.32389083e-01,3.62371392e-06,-5.58991450e-05,8.51953295e-02,1.73082857e-05,-8.45800711e-06,-1.57136501e-03,6.61415062e-04,-3.10005034e-04,-1.26201813e-04,7.92713728e-05,1.79723262e-04
4.85000000e+02,6.17430020e-01,-3.96651983e-06,-5.61689982e-05,-1.65513248e-03,6.93395293e-04,-3.85596160e-04,5.32218857e-01,-1.89319495e-05,-4.91592912e-05,8.52111636e-02,1.49654296e-05,-7.00970679e-06,-1.53061616e-03,6.24492445e-04,-5.43241567e-04,-1.24516324e-04,6.89028465e-05,1.57645404e-04
4.86000000e+02,6.17368789e-01,2.13118312e-05,-5.84350777e-05,-1.67551245e-03,6.96893177e-04,-1.35522945e-04,5.32131877e-01,3.61792585e-06,-5.04355971e-05,8.52369146e-02,1.76939054e-05,-7.99948045e-06,-1.54842178e-03,6.22193051e-04,-3.18658947e-04,-1.27090669e-04,7.47001231e-05,1.83136003e-04
4.87000000e+02,6.17222508e-01,5.07018502e-06,-6.06176544e-05,-1.63294357e-03,7.43920076e-04,-2.99794083e-04,5.31969459e-01,-1.02173907e-05,-5.35897418e-05,8.52530495e-02,1.52875757e-05,-7.02791283e-06,-1.50764186e-03,6.75338771e-04,-4.60784646e-04,-1.25301712e-04,6.85813050e-05,1.60990562e-04
4.88000000e+02,6.17166869e-01,2.43206916e-05,-6.15259568e-05,-1.64761942e-03,7.37559820e-04,-9.95139406e-05,5.31887929e-01,6.68786550e-06,-5.39230162e-05,8.52789413e-02,1.76328261e-05,-7.60294061e-06,-1.51982875e-03,6.66931161e-04,-2.82227692e-04,-1.27790669e-04,7.06286606e-05,1.82713751e-04
4.89000000e+02,6.17016557e-01,6.87419774e-07,-5.55786663e-05,-1.60784316e-03,7.04284210e-04,-3.44904878e-04,5.31721686e-01,-1.44978171e-05,-4.93136633e-05,8.52948703e-02,1.51852369e-05,-6.26500314e-06,-1.48172062e-03,6.43220772e-04,-5.04729442e-04,-1.26122539e-04,6.10634371e-05,1.59824562e-04
4.90000000e+02,6.16959253e-01,2.64527289e-05,-5.75658772e-05,-1.62908040e-03,6.99389983e-04,-9.17754599e-05,5.31638550e-01,8.53697898e-06,-5.04386569e-05,8.53207007e-02,1.79157499e-05,-7.12722045e-06,-1.50046282e-03,6.33825924e-04,-2.77153153e-04,-1.28617582e-04,6.55640590e-05,1.85377693e-04
4.91000000e+02,6.16816372e-01,1.02090499e-05,-6.01300246e-05,-1.58762256e-03,7.48597922e-04,-2.54891856e-04,5.31479469e-01,-5.26756191e-06,-5.39445524e-05,8.53369020e-02,1.54766118e-05,-6.18547238e-06,-1.46077127e-03,6.88587217e-04,-4.17742277e-04,-1.26851285e-04,6.00107091e-05,1.62850421e-04
4.92000000e+02,6.16764463e-01,2.98124897e-05,-6.16027191e-05,-1.60411528e-03,7.46793161e-04,-5.06605592e-05,5.31401616e-01,1.20351362e-05,-5.49869048e-05,8.53628491e-02,1.77773535e-05,-6.61581428e-06,-1.47478036e-03,6.85740582e-04,-2.34843169e-04,-1.29334925e-04,6.10525797e-05,1.84182610e-04
4.93000000e+02,6.16618314e-01,6.45582931e-06,-5.38194691e-05,-1.56432073e-03,7.00046250e-04,-2.92467829e-04,5.31239450e-01,-8.84563572e-06,-4.84988507e-05,8.53788625e-02,1.53014650e-05,-5.32061854e-06,-1.43667984e-03,6.48272311e-04,-4.53635005e-04,-1.27640888e-04,5.17739416e-05,1.61167176e-04
4.94000000e+02,6.16565332e-01,3.20739727e-05,-5.47622563e-05,-1.58806266e-03,6.91373839e-04,-4.56417553e-05,5.31160613e-01,1.40172171e-05,-4.85701498e-05,8.54047201e-02,1.80567555e-05,-6.19210647e-06,-1.45787919e-03,6.34633769e-04,-2.32176983e-04,-1.30183474e-04,5.67400727e-05,1.86535228e-04
4.95000000e+02,6.16427018e-01,1.48681973e-05,-5.75869069e-05,-1.54985874e-03,7.42920646e-04,-2.14002009e-04,5.31006076e-01,-6.68318954e-07,-5.22784127e-05,8.54209405e-02,1.55365162e-05,-5.30849428e-06,-1.42146321e-03,6.91563805e-04,-3.77822509e-04,-1.28395537e-04,5.13568424e-05,1.63820500e-04
4.96000000e+02,6.16379404e-01,3.36525831e-05,-5.76989765e-05,-1.56741255e-03,7.29039911e-04,-1.47700799e-05,5.30932522e-01,1.58547629e-05,-5.19620854e-05,8.54468810e-02,1.77978202e-05,-5.73689124e-06,-1.43662950e-03,6.76789890e-04,-1.99523320e-04,-1.30783047e-04,5.22500243e-05,1.84753240e-04
4.97000000e+02,6.16237165e-01,9.89586465e-06,-5.09513047e-05,-1.52987803e-03,6.91161125e-04,-2.61336974e-04,5.30774317e-01,-5.50440346e-06,-4.64076862e-05,8.54628489e-02,1.54002681e-05,-4.54361856e-06,-1.40076357e-03,6.47194325e-04,-4.23495456e-04,-1.29114459e-04,4.39668033e-05,1.62158482e-04
4.98000000e+02,6.16188131e-01,3.65089515e-05,-5.40311663e-05,-1.55590304e-03,6.96803048e-04,4.95111166e-07,5.30699431e-01,1.84011953e-05,-4.86580468e-05,8.54887006e-02,1.81077561e-05,-5.37311933e-06,-1.42428568e-03,6.48503670e-04,-1.87013293e-04,-1.31617367e-04,4.82993751e-05,1.87508404e-04
4.99000000e+02,6.16054190e-01,1.96737440e-05,-5.75264769e-05,-1.51871105e-03,7.53556126e-04,-1.64825696e-04,5.30549322e-01,4.07197914e-06,-5.30101205e-05,8.55048701e-02,1.56017648e-05,-4.51635652e-06,-1.38888363e-03,7.10086435e-04,-3.29331347e-04,-1.29827418e-04,4.34696877e-05,1.64505651e-04
5.00000000e+02,6.16010801e-01,3.84919966e-05,-5.69417655e-05,-1.53735062e-03,7.35733137e-04,3.57569928e-05,5.30480113e-01,2.06100149e-05,-5.21132705e-05,8.55306880e-02,1.78819817e-05,-4.82849504e-06,-1.40514653e-03,6.92184447e-04,-1.49905857e-04,-1.32204092e-04,4.35486924e-05,1.85662849e-04
5.01000000e+02,6.15872772e-01,1.51413525e-05,-4.94440709e-05,-1.50181559e-03,6.90956084e-04,-2.07147531e-04,5.30326211e-01,-3.16704654e-07,-4.57800390e-05,8.55465602e-02,1.54580572e-05,-3.66403193e-06,-1.37129136e-03,6.55653306e-04,-3.69929808e-04,-1.30524231e-04,3.53027784e-05,1.62782276e-04
5.02000000e+02,6.15827383e-01,4.04267579e-05,-5.01095241e-05,-1.52866104e-03,6.83188918e-04,4.07735807e-05,5.30255173e-01,2.23662040e-05,-4.56610208e-05,8.55722116e-02,1.80605538e-05,-4.44850326e-06,-1.39569330e-03,6.43526875e-04,-1.46368164e-04,-1.32967734e-04,3.96620441e-05,1.87141745e-04
5.03000000e+02,6.15697555e-01,2.24218885e-05,-5.33746993e-05,-1.49404320e-03,7.36627926e-04,-1.34321613e-04,5.30109262e-01,6.84904361e-06,-4.96658849e-05,8.55882931e-02,1.55728449e-05,-3.70881443e-06,-1.36283307e-03,7.01267134e-04,-2.98724625e-04,-1.31210139e-04,3.53607928e-05,1.64403012e-04
5.04000000e+02,6.15658721e-01,4.12609733e-05,-5.28295399e-05,-1.51525931e-03,7.12189975e-04,6.52241005e-05,5.30044709e-01,2.33952957e-05,-4.87590838e-05,8.56140091e-02,1.78656776e-05,-4.07045591e-06,-1.38178154e-03,6.76826211e-04,-1.20202581e-04,-1.33477764e-04,3.53637616e-05,1.85426682e-04
5.05000000e+02,6.15525971e-01,1.80883910e-05,-4.70620244e-05,-1.48012253e-03,6.80350934e-04,-1.76265860e-04,5.29896191e-01,2.63825115e-06,-4.41404626e-05,8.56297783e-02,1.54501398e-05,-2.92156153e-06,-1.34837811e-03,6.52553867e-04,-3.38994704e-04,-1.31744425e-04,2.77970661e-05,1.62728843e-04
5.06000000e+02,6.15485966e-01,4.44175817e-05,-4.89607913e-05,-1.50771890e-03,6.72743510e-04,7.85119142e-05,5.29830647e-01,2.63001090e-05,-4.52650597e-05,8.56553207e-02,1.81174728e-05,-3.69573171e-06,-1.37349787e-03,6.41205684e-04,-1.09049292e-04,-1.34221031e-04,3.15378263e-05,1.87561205e-04
5.07000000e+02,6.15360876e-01,2.57351418e-05,-5.20592445e-05,-1.47482313e-03,7.28927864e-04,-1.02080892e-04,5.29689661e-01,1.01930793e-05,-4.91583369e-05,8.56712132e-02,1.55420625e-05,-2.90090734e-06,-1.34236124e-03,7.01418420e-04,-2.66282018e-04,-1.32461892e-04,2.75094430e-05,1.64201126e-04
5.08000000e+02,6.15327057e-01,4.35863931e-05,-5.02160675e-05,-1.49689494e-03,7.02781408e-04,9.12744182e-05,5.29630302e-01,2.57789041e-05,-4.70367694e-05,8.56967568e-02,1.78074888e-05,-3.17929840e-06,-1.36216563e-03,6.75522137e-04,-9.37446964e-05,-1.34729314e-04,2.72592659e-05,1.85019115e-04
5.09000000e+02,6.15199220e-01,2.07863717e-05,-4.31345487e-05,-1.46288287e-03,6.60471808e-04,-1.47772731e-04,5.29486861e-01,5.36565780e-06,-4.09995532e-05,8.57123598e-02,1.54207139e-05,-2.13499554e-06,-1.32988529e-03,6.40423360e-04,-3.10219466e-04,-1.32997583e-04,2.00484462e-05,1.62446735e-04
5.10000000e+02,6.15165164e-01,4.69727588e-05,-4.39142758e-05,-1.49186295e-03,6.50546063e-04,1.06381462e-04,5.29427432e-01,2.89047256e-05,-4.10727964e-05,8.57377327e-02,1.80680331e-05,-2.84147925e-06,-1.35641165e-03,6.26908658e-04,-8.07692363e-05,-1.35451298e-04,2.36374061e-05,1.87150699e-04
5.11000000e+02,6.15045735e-01,2.90937119e-05,-4.73011889e-05,-1.46040348e-03,7.07036422e-04,-6.75840689e-05,5.29292316e-01,1.35931066e-05,-4.51286641e-05,8.57534205e-02,1.55006052e-05,-2.17252466e-06,-1.32676227e-03,6.86869717e-04,-2.31478159e-04,-1.33641213e-04,2.01667080e-05,1.63894091e-04
5.12000000e+02,6.15016728e-01,4.67878393e-05,-4.55564545e-05,-1.48443802e-03,6.78573444e-04,1.23884557e-04,5.29237983e-01,2.90238561e-05,-4.31433525e-05,8.57787459e-02,1.77639832e-05,-2.41310208e-06,-1.34853006e-03,6.58987169e-04,-6.06851140e-05,-1.35907965e-04,1.95862768e-05,1.84569671e-04
5.13000000e+02,6.14894357e-01,2.30006177e-05,-3.97893023e-05,-1.45372411e-03,6.45358119e-04,-1.22404770e-04,5.29100242e-01,7.65325836e-06,-3.83056311e-05,8.57941163e-02,1.53473593e-05,-1.48367120e-06,-1.31952383e-03,6.32051108e-04,-2.84205971e-04,-1.34200272e-04,1.33070139e-05,1.61801201e-04
5.14000000e+02,6.14864647e-01,4.83179437e-05,-4.19513162e-05,-1.48461680e-03,6.39355391e-04,1.25236468e-04,5.29045427e-01,3.03684537e-05,-3.97849844e-05,8.58192191e-02,1.79494901e-05,-2.16633203e-06,-1.34807720e-03,6.23046257e-04,-6.09855660e-05,-1.36539601e-04,1.63091323e-05,1.86222034e-04
5.15000000e+02,6.14750208e-01,3.01922118e-05,-4.52721588e-05,-1.45319309e-03,6.93334506e-04,-5.08873591e-05,5.28915493e-01,1.47208368e-05,-4.37887612e-05,8.58347124e-02,1.54713750e-05,-1.48339764e-06,-1.31847612e-03,6.80159072e-04,-2.14332437e-04,-1.34716969e-04,1.31754368e-05,1.63445078e-04
5.16000000e+02,6.14726897e-01,4.79335365e-05,-4.29667875e-05,-1.47822400e-03,6.58843459e-04,1.44468459e-04,5.28867105e-01,3.02694464e-05,-4.13142255e-05,8.58597919e-02,1.76640903e-05,-1.65256183e-06,-1.34126950e-03,6.46848721e-04,-3.93186664e-05,-1.36954498e-04,1.19947426e-05,1.83787126e-04
5.17000000e+02,6.14609965e-01,2.43143652e-05,-3.54602100e-05,-1.44812712e-03,6.14398993e-04,-1.00221253e-04,5.28735016e-01,9.09230063e-06,-3.47414378e-05,8.58749472e-02,1.52220645e-05,-7.18772177e-07,-1.31286689e-03,6.08479202e-04,-2.60976965e-04,-1.35260240e-04,5.91979023e-06,1.60755712e-04
5.18000000e+02,6.14586055e-01,4.98904497e-05,-3.56836471e-05,-1.48073344e-03,5.95365769e-04,1.43950639e-04,5.28686235e-01,3.20051657e-05,-3.43445353e-05,8.58998193e-02,1.78852840e-05,-1.33911185e-06,-1.34316258e-03,5.86705131e-04,-4.12083318e-05,-1.37570859e-04,8.66063728e-06,1.85158971e-04
5.19000000e+02,6.14477946e-01,3.05107276e-05,-4.01300096e-05,-1.45174022e-03,6.56793071e-04,-4.29642923e-05,5.28562853e-01,1.52080369e-05,-3.93260238e-05,8.59150932e-02,1.53026908e-05,-8.03985748e-07,-1.31595915e-03,6.50577410e-04,-2.04880992e-04,-1.35781065e-04,6.21566146e-06,1.61916699e-04
5.20000000e+02,6.14460004e-01,4.82059857e-05,-3.77225811e-05,-1.47971131e-03,6.24006157e-04,1.53400030e-04,5.28520117e-01,3.07017969e-05,-3.67180318e-05,8.59398887e-02,1.75041888e-05,-1.00454925e-06,-1.34172569e-03,6.18464031e-04,-2.89216690e-05,-1.37985614e-04,5.54212707e-06,1.82321699e-04
5.21000000e+02,6.14348281e-01,2.44063691e-05,-3.28676715e-05,-1.45125289e-03,6.00378180e-04,-9.25731791e-05,5.28393467e-01,9.31471926e-06,-3.27261586e-05,8.59548160e-02,1.50916498e-05,-1.41512922e-07,-1.31499200e-03,6.00280708e-04,-2.51996587e-04,-1.36260890e-04,9.74738517e-08,1.59423408e-04
5.22000000e+02,6.14330354e-01,5.09837066e-05,-3.32698214e-05,-1.48517580e-03,5.81001872e-04,1.64781222e-04,5.28350887e-01,3.32424846e-05,-3.26100375e-05,8.59794684e-02,1.77412221e-05,-6.59783936e-07,-1.34661246e-03,5.79237663e-04,-1.92651252e-05,-1.38563342e-04,1.76421155e-06,1.84046346e-04
5.23000000e+02,6.14227505e-01,3.28519654e-05,-3.78389068e-05,-1.45781894e-03,6.46376082e-04,-1.27111204e-05,5.28233021e-01,1.76745323e-05,-3.76702683e-05,8.59944835e-02,1.51774331e-05,-1.68638611e-07,-1.32110816e-03,6.46222171e-04,-1.73281299e-04,-1.36710786e-04,1.53911389e-07,1.60570179e-04
5.24000000e+02,6.14215962e-01,5.06534352e-05,-3.58707600e-05,-1.48466057e-03,6.16477557e-04,1.81421258e-04,5.28196907e-01,3.32756837e-05,-3.55814505e-05,8.60190573e-02,1.73777517e-05,-2.89309495e-07,-1.34575852e-03,6.17824161e-04,5.99315994e-07,-1.38902052e-04,-1.34660516e-06,1.80821941e-04
5.25000000e+02,6.14111273e-01,2.64276235e-05,-3.01060132e-05,-1.45727825e-03,5.82196481e-04,-6.99180843e-05,5.28077501e-01,1.14916608e-05,-3.05699673e-05,8.60337745e-02,1.49359628e-05,4.63954122e-07,-1.32006499e-03,5.88428079e-04,-2.27663594e-04,-1.37213265e-04,-6.23159510e-06,1.57745510e-04
5.26000000e+02,6.14099478e-01,5.22633212e-05,-3.15892302e-05,-1.49277435e-03,5.71442452e-04,1.77040796e-04,5.28041348e-01,3.46895312e-05,-3.15247468e-05,8.60581300e-02,1.75737899e-05,-6.44833872e-08,-1.35331014e-03,5.75634793e-04,-5.10907664e-06,-1.39464211e-04,-4.19234076e-06,1.82149872e-04
5.27000000e+02,6.14002452e-01,3.36661360e-05,-3.59277746e-05,-1.46701443e-03,6.33598402e-04,4.84768140e-08,5.27929547e-01,1.87068567e-05,-3.63608665e-05,8.60729079e-02,1.49592793e-05,4.33091918e-07,-1.32938357e-03,6.39541520e-04,-1.58744939e-04,-1.37630852e-04,-5.94311757e-06,1.58793415e-04
5.28000000e+02,6.13996387e-01,5.17776215e-05,-3.36699278e-05,-1.49627253e-03,5.96264692e-04,1.97274126e-04,5.27899148e-01,3.46052351e-05,-3.39422222e-05,8.60972377e-02,1.71723865e-05,2.72294382e-07,-1.35651790e-03,6.03658599e-04,1.84416316e-05,-1.39754640e-04,-7.39390880e-06,1.78832495e-04
5.29000000e+02,6.13897207e-01,2.76124053e-05,-2.92579403e-05,-1.46938827e-03,5.75722768e-04,-5.39342262e-05,5.27785518e-01,1.28646223e-05,-3.03177162e-05,8.61116900e-02,1.47477830e-05,1.05977595e-06,-1.33136158e-03,5.87663518e-04,-2.09814262e-04,-1.38026690e-04,-1.19407502e-05,1.55880036e-04
5.30000000e+02,6.13891550e-01,5.35875391e-05,-3.00350571e-05,-1.50457288e-03,5.60565182e-04,1.96530843e-04,5.27755718e-01,3.62503215e-05,-3.05927806e-05,8.61358335e-02,1.73372176e-05,5.57723457e-07,-1.36430997e-03,5.70730689e-04,1.64432103e-05,-1.40262904e-04,-1.01655080e-05,1.80087632e-04
5.31000000e+02,6.13800590e-01,3.45870228e-05,-3.37941831e-05,-1.47804155e-03,6.18062046e-04,1.56762506e-05,5.27650228e-01,1.98350291e-05,-3.48121705e-05,8.61503624e-02,1.47519937e-05,1.01798742e-06,-1.33965400e-03,6.29677126e-04,-1.41007879e-04,-1.38387548e-04,-1.16150752e-05,1.56684130e-04
5.32000000e+02,6.13801302e-01,5.07904551e-05,-3.08416098e-05,-1.50754305e-03,5.80226730e-04,2.06647591e-04,5.27626851e-01,3.39293778e-05,-3.17466380e-05,8.61744514e-02,1.68610771e-05,9.05028130e-07,-1.36701935e-03,5.93482209e-04,3.01220145e-05,-1.40523697e-04,-1.32554785e-05,1.76525576e-04
5.33000000e+02,6.13709038e-01,2.62415303e-05,-2.62847088e-05,-1.48081113e-03,5.58331213e-04,-4.76683330e-05,5.27520333e-01,1.17466540e-05,-2.78757753e-05,8.61887080e-02,1.44948762e-05,1.59106646e-06,-1.34201212e-03,5.75485058e-04,-2.01202094e-04,-1.38799008e-04,-1.71538470e-05,1.53533761e-04
5.34000000e+02,6.13709980e-01,5.26076224e-05,-2.66244195e-05,-1.51630430e-03,5.41778490e-04,2.03274099e-04,5.27497380e-01,3.54857720e-05,-2.77528972e-05,8.62125998e-02,1.71218503e-05,1.12847764e-06,-1.37526158e-03,5.57270247e-04,2.55195503e-05,-1.41042727e-04,-1.54917548e-05,1.77754549e-04
5.35000000e+02,6.13626505e-01,3.43202109e-05,-3.17437923e-05,-1.49065661e-03,6.11366690e-04,2.75078618e-05,5.27399600e-01,1.98035158e-05,-3.32103493e-05,8.62269077e-02,1.45166951e-05,1.46655697e-06,-1.35148227e-03,6.27599340e-04,-1.26997829e-04,-1.39174333e-04,-1.62326453e-05,1.54505690e-04
5.36000000e+02,6.13633212e-01,5.29296790e-05,-2.88637383e-05,-1.52070128e-03,5.73060176e-04,2.29601564e-04,5.27382474e-01,3.62274181e-05,-3.02314435e-05,8.62507368e-02,1.67022608e-05,1.36770521e-06,-1.37942463e-03,5.91030964e-04,5.53046886e-05,-1.41276651e-04,-1.79707863e-05,1.74296876e-04
5.37000000e+02,6.13547289e-01,2.73804969e-05,-2.52469807e-05,-1.49580067e-03,5.54031922e-04,-3.32985605e-05,5.27282543e-01,1.31346885e-05,-2.72704033e-05,8.62647491e-02,1.42458084e-05,2.02342259e-06,-1.35625478e-03,5.75895344e-04,-1.84215231e-04,-1.39545894e-04,-2.18634223e-05,1.50916671e-04
5.38000000e+02,6.13554498e-01,5.25870853e-05,-2.57777114e-05,-1.53130717e-03,5.31358297e-04,2.12549144e-04,5.27266126e-01,3.57633737e-05,-2.73625008e-05,8.62883705e-02,1.68237114e-05,1.58478950e-06,-1.38961612e-03,5.51953212e-04,3.73217911e-05,-1.41691052e-04,-2.05949180e-05,1.75227353e-04
5.39000000e+02,6.13477158e-01,3.43012746e-05,-3.15123995e-05,-1.50592611e-03,6.08360955e-04,3.55705680e-05,5.27174695e-01,2.00048837e-05,-3.34154970e-05,8.63024617e-02,1.42963909e-05,1.90309747e-06,-1.36607327e-03,6.28742898e-04,-1.16537739e-04,-1.39852836e-04,-2.03819449e-05,1.52108307e-04
5.40000000e+02,6.13490487e-01,5.21146232e-05,-2.84837460e-05,-1.53591784e-03,5.68889971e-04,2.33071252e-04,5.27164456e-01,3.56832876e-05,-3.03976752e-05,8.63260318e-02,1.64313357e-05,1.91392924e-06,-1.39400763e-03,5.92019613e-04,6.14867886e-05,-1.41910212e-04,-2.31296456e-05,1.71584463e-04
5.41000000e+02,6.13411524e-01,2.77508025e-05,-2.28559699e-05,-1.50861238e-03,5.34866213e-04,-2.15093975e-05,5.27071714e-01,1.37532637e-05,-2.53695156e-05,8.63398106e-02,1.39975388e-05,2.51354570e-06,-1.36848766e-03,5.61398621e-04,-1.70031764e-04,-1.40124728e-04,-2.65324090e-05,1.48522367e-04
5.42000000e+02,6.13426230e-01,5.54909413e-05,-2.39128448e-05,-1.54482685e-03,5.19356536e-04,2.35930198e-04,5.27062995e-01,3.88585164e-05,-2.59380567e-05,8.63632367e-02,1.66324251e-05,2.02521193e-06,-1.40243833e-03,5.44097867e-04,6.33634781e-05,-1.42388518e-04,-2.47413320e-05,1.72566720e-04
5.43000000e+02,6.13356129e-01,3.57954556e-05,-2.96572047e-05,-1.52008303e-03,5.94421037e-04,5.03726526e-05,5.26979049e-01,2.18254106e-05,-3.19696523e-05,8.63770778e-02,1.39700450e-05,2.31244763e-06,-1.37956536e-03,6.19000598e-04,-9.87699467e-05,-1.40517663e-04,-2.45795600e-05,1.49142599e-04
5.44000000e+02,6.13376410e-01,5.32639622e-05,-2.64885604e-05,-1.55122128e-03,5.53081661e-04,2.50622277e-04,5.26975972e-01,3.71503778e-05,-2.87707828e-05,8.64004397e-02,1.61135844e-05,2.28222238e-06,-1.40869154e-03,5.80034066e-04,8.18646394e-05,-1.42529734e-04,-2.69524027e-05,1.68757638e-04
5.45000000e+02,6.13304018e-01,2.86988132e-05,-2.35375586e-05,-1.52561528e-03,5.42313860e-04,-3.61650550e-06,5.26890023e-01,1.49907622e-05,-2.63833799e-05,8.64139945e-02,1.37080511e-05,2.84582126e-06,-1.38483563e-03,5.72121192e-04,-1.49322518e-04,-1.40779652e-04,-2.98073353e-05,1.45706013e-04
5.46000000e+02,6.13325263e-01,5.39157253e-05,-2.40019564e-05,-1.56219793e-03,5.22247779e-04,2.40669153e-04,5.26888093e-01,3.76915005e-05,-2.64417871e-05,8.64371712e-02,1.62242250e-05,2.43983069e-06,-1.41929374e-03,5.50982308e-04,7.15212244e-05,-1.42904183e-04,-2.87345298e-05,1.69147928e-04
5.47000000e+02,6.13262372e-01,3.45969917e-05,-2.98578594e-05,-1.53609322e-03,6.00894653e-04,5.65144607e-05,5.26811562e-01,2.09286042e-05,-3.25367031e-05,8.64508108e-02,1.36683875e-05,2.67884365e-06,-1.39505232e-03,6.28971008e-04,-8.95645590e-05,-1.41040894e-04,-2.80763595e-05,1.46079020e-04
5.48000000e+02,6.13289589e-01,5.34553404e-05,-2.61876084e-05,-1.56613514e-03,5.60875267e-04,2.66450738e-04,5.26815701e-01,3.76415745e-05,-2.89463903e-05,8.64738875e-02,1.58137658e-05,2.75878186e-06,-1.42304246e-03,5.91949203e-04,1.00696385e-04,-1.43092683e-04,-3.10739335e-05,1.65754353e-04
5.49000000e+02,6.13224667e-01,2.83091654e-05,-2.12369419e-05,-1.54050929e-03,5.31632576e-04,5.61372847e-06,5.26737470e-01,1.49342490e-05,-2.44835600e-05,8.64871956e-02,1.33749165e-05,3.24661804e-06,-1.39920344e-03,5.65459074e-04,-1.36719086e-04,-1.41305851e-04,-3.38264993e-05,1.42332815e-04
5.50000000e+02,6.13252070e-01,5.47211529e-05,-2.10368273e-05,-1.57627544e-03,5.06121428e-04,2.56108780e-04,5.26742007e-01,3.88091780e-05,-2.38582684e-05,8.65100627e-02,1.59119748e-05,2.82144120e-06,-1.43289430e-03,5.38708437e-04,9.02935634e-05,-1.43381143e-04,-3.25870089e-05,1.65815217e-04
5.51000000e+02,6.13195804e-01,3.54456590e-05,-2.69481575e-05,-1.55000162e-03,5.81090057e-04,7.13994979e-05,5.26672358e-01,2.20938199e-05,-2.99728752e-05,8.65234490e-02,1.33518391e-05,3.02471775e-06,-1.40847614e-03,6.12836610e-04,-7.15160970e-05,-1.41525478e-04,-3.17465530e-05,1.42915594e-04
5.52000000e+02,6.13229666e-01,5.28794628e-05,-2.36210950e-05,-1.58059627e-03,5.36740310e-04,2.70988846e-04,5.26683363e-01,3.74228047e-05,-2.66495205e-05,8.65463036e-02,1.54566580e-05,3.02842556e-06,-1.43702563e-03,5.71020758e-04,1.08697281e-04,-1.43570641e-04,-3.42804479e-05,1.62291564e-04
5.53000000e+02,6.13171264e-01,2.87448165e-05,-1.99375003e-05,-1.55555047e-03,5.20060125e-04,1.80310196e-05,5.26611902e-01,1.56770343e-05,-2.34882985e-05,8.65593639e-02,1.30677822e-05,3.55079822e-06,-1.41374401e-03,5.56798703e-04,-1.21239119e-04,-1.41806462e-04,-3.67385810e-05,1.39270139e-04
5.54000000e+02,6.13206441e-01,5.60175679e-05,-2.12933766e-05,-1.59205884e-03,5.03748477e-04,2.75673773e-04,5.26624429e-01,4.04281192e-05,-2.43907231e-05,8.65820116e-02,1.55894487e-05,3.09734651e-06,-1.44812461e-03,5.39291790e-04,1.13029058e-04,-1.43934231e-04,-3.55433145e-05,1.62644716e-04
5.55000000e+02,6.13156566e-01,3.61186989e-05,-2.87943437e-05,-1.56655379e-03,5.93296406e-04,8.65861926e-05,5.26561452e-01,2.31219201e-05,-3.21036686e-05,8.65951151e-02,1.29967788e-05,3.30932497e-06,-1.42452765e-03,6.27821328e-04,-5.27747383e-05,-1.42026146e-04,-3.45249203e-05,1.39360931e-04
5.56000000e+02,6.13197006e-01,5.34683015e-05,-2.42817383e-05,-1.59695155e-03,5.43311477e-04,2.83716850e-04,5.26579328e-01,3.83694482e-05,-2.77261243e-05,8.66176783e-02,1.50988531e-05,3.44438601e-06,-1.45291036e-03,5.81260663e-04,1.25118896e-04,-1.44041194e-04,-3.79491895e-05,1.58597954e-04
5.57000000e+02,6.13145191e-01,2.91935172e-05,-1.97414947e-05,-1.57074599e-03,5.20598033e-04,3.04747266e-05,5.26514729e-01,1.64843310e-05,-2.36197356e-05,8.66304627e-02,1.27091862e-05,3.87824092e-06,-1.42852038e-03,5.60519504e-04,-1.05267180e-04,-1.42225615e-04,-3.99214739e-05,1.35741907e-04
5.58000000e+02,6.13186269e-01,5.60903478e-05,-1.95925012e-05,-1.60755092e-03,4.98703703e-04,2.82004925e-04,5.26533445e-01,4.08637879e-05,-2.30771122e-05,8.66528233e-02,1.52265599e-05,3.48461100e-06,-1.46320353e-03,5.37393339e-04,1.23213415e-04,-1.44347397e-04,-3.86896343e-05,1.58791509e-04
5.59000000e+02,6.13142876e-01,3.66521228e-05,-2.66536832e-05,-1.58158918e-03,5.86898068e-04,9.53224317e-05,5.26477210e-01,2.40028242e-05,-3.02819568e-05,8.66656653e-02,1.26492986e-05,3.62827357e-06,-1.43916101e-03,6.24402938e-04,-4.05138748e-05,-1.42428178e-04,-3.75048717e-05,1.35836306e-04
5.60000000e+02,6.13189409e-01,5.42355850e-05,-2.28181680e-05,-1.61204191e-03,5.38930945e-04,2.97556419e-04,5.26501439e-01,3.95274423e-05,-2.64800927e-05,8.66879691e-02,1.47081425e-05,3.66192470e-06,-1.46763381e-03,5.79462151e-04,1.42643857e-04,-1.44408100e-04,-4.05312025e-05,1.54912562e-04
5.61000000e+02,6.13144078e-01,2.93090686e-05,-1.95325220e-05,-1.58634283e-03,5.22359354e-04,4.02471116e-05,5.26443566e-01,1.69930388e-05,-2.36262615e-05,8.67005120e-02,1.23160297e-05,4.09373952e-06,-1.44370732e-03,5.64725408e-04,-9.16564853e-05,-1.42635514e-04,-4.23660534e-05,1.31903597e-04
5.62000000e+02,6.13191482e-01,5.56726291e-05,-2.08276554e-05,-1.62271149e-03,5.02991921e-04,2.93905228e-04,5.26468881e-01,4.08511964e-05,-2.45171820e-05,8.67226037e-02,1.48214327e-05,3.68952669e-06,-1.47799674e-03,5.44502638e-04,1.38616772e-04,-1.44714751e-04,-4.15107165e-05,1.55288456e-04
5.63000000e+02,6.13153929e-01,3.58425463e-05,-2.66928258e-05,-1.59679269e-03,5.81475658e-04,1.05100621e-04,5.26418750e-01,2.35547172e-05,-3.05909243e-05,8.67351777e-02,1.22878291e-05,3.89809854e-06,-1.45401394e-03,6.21592405e-04,-2.72321085e-05,-1.42778747e-04,-4.01167457e-05,1.32332730e-04
5.64000000e+02,6.13206437e-01,5.34345325e-05,-2.15956115e-05,-1.62742667e-03,5.26745152e-04,3.06311910e-04,5.26449258e-01,3.90908399e-05,-2.55651531e-05,8.67571799e-02,1.43436925e-05,3.96954166e-06,-1.48266883e-03,5.69922990e-04,1.55000260e-04,-1.44757834e-04,-4.31778365e-05,1.51311649e-04
5.65000000e+02,6.13166424e-01,2.88505367e-05,-1.82984556e-05,-1.60062542e-03,5.14082762e-04,5.14258187e-05,5.26396968e-01,1.68684844e-05,-2.26888729e-05,8.67694532e-02,1.19820522e-05,4.39041734e-06,-1.45770997e-03,5.59159434e-04,-7.71791070e-05,-1.42915450e-04,-4.50766733e-05,1.28604926e-04
5.66000000e+02,6.13219403e-01,5.64338001e-05,-1.83954833e-05,-1.63584712e-03,4.91093405e-04,3.06951243e-04,5.26428137e-01,4.18763543e-05,-2.24181713e-05,8.67912683e-02,1.45574458e-05,4.02268797e-06,-1.49087079e-03,5.35226095e-04,1.54916766e-04,-1.44976334e-04,-4.41326908e-05,1.52034478e-04
5.67000000e+02,6.13187425e-01,3.67729297e-05,-2.42974138e-05,-1.60834465e-03,5.67113079e-04,1.18123049e-04,5.26383853e-01,2.48527416e-05,-2.84431722e-05,8.68035684e-02,1.19201881e-05,4.14575845e-06,-1.46526705e-03,6.09967824e-04,-1.05666714e-05,-1.43077594e-04,-4.28547463e-05,1.28689720e-04
5.68000000e+02,6.13245904e-01,5.43311447e-05,-1.99795006e-05,-1.63938090e-03,5.18610956e-04,3.17510936e-04,5.26420571e-01,4.03376472e-05,-2.41788204e-05,8.68253314e-02,1.39934975e-05,4.19931982e-06,-1.49432947e-03,5.64268501e-04,1.69872340e-04,-1.45051431e-04,-4.56575481e-05,1.47638596e-04
5.69000000e+02,6.13212089e-01,2.93495433e-05,-1.76814303e-05,-1.61287201e-03,5.10924500e-04,5.99014531e-05,5.26374750e-01,1.77515100e-05,-2.22202829e-05,8.68373366e-02,1.15980333e-05,4.53885261e-06,-1.46964930e-03,5.57684851e-04,-6.49212967e-05,-1.43222705e-04,-4.67603508e-05,1.24822750e-04
5.70000000e+02,6.13271133e-01,5.57474004e-05,-1.88547005e-05,-1.64970770e-03,4.93097557e-04,3.09948492e-04,5.26412272e-01,4.16080386e-05,-2.30815202e-05,8.68588615e-02,1.41393617e-05,4.22681971e-06,-1.50439674e-03,5.39612578e-04,1.61802971e-04,-1.45310959e-04,-4.65150180e-05,1.48145520e-04
5.71000000e+02,6.13244613e-01,3.68914927e-05,-2.55076375e-05,-1.62254812e-03,5.78666633e-04,1.26078065e-04,5.26373750e-01,2.53206290e-05,-2.99042256e-05,8.68708621e-02,1.15708637e-05,4.39658809e-06,-1.47919897e-03,6.23699597e-04,1.11130720e-06,-1.43349144e-04,-4.50329634e-05,1.24966758e-04
5.72000000e+02,6.13307835e-01,5.51245698e-05,-2.11316775e-05,-1.65202997e-03,5.29618319e-04,3.32109834e-04,5.26415548e-01,4.14951088e-05,-2.55995115e-05,8.68922870e-02,1.36294609e-05,4.46783408e-06,-1.50669654e-03,5.77695631e-04,1.88045177e-04,-1.45333439e-04,-4.80773090e-05,1.44064657e-04
5.73000000e+02,6.13278789e-01,2.98250379e-05,-1.75741632e-05,-1.62527932e-03,5.11874450e-04,7.04925432e-05,5.26374793e-01,1.85834214e-05,-2.23725910e-05,8.69039935e-02,1.12416165e-05,4.79842779e-06,-1.48179783e-03,5.61196420e-04,-5.06077506e-05,-1.43481487e-04,-4.93219679e-05,1.21100294e-04
5.74000000e+02,6.13343062e-01,5.69435181e-05,-1.84559018e-05,-1.66190586e-03,4.90811822e-04,3.25035507e-04,5.26417836e-01,4.31992844e-05,-2.29336273e-05,8.69252285e-02,1.37442335e-05,4.47772549e-06,-1.51635248e-03,5.39863442e-04,1.80885040e-04,-1.45553380e-04,-4.90516175e-05,1.44150467e-04
5.75000000e+02,6.13321684e-01,3.70612527e-05,-2.46478897e-05,-1.63549404e-03,5.71207947e-04,1.35861206e-04,5.26384737e-01,2.58938459e-05,-2.92237792e-05,8.69369502e-02,1.11674067e-05,4.57588942e-06,-1.49189656e-03,6.18137962e-04,1.45789856e-05,-1.43597484e-04,-4.69300172e-05,1.21282221e-04
5.76000000e+02,6.13389555e-01,5.51390882e-05,-1.93829510e-05,-1.66651021e-03,5.12864553e-04,3.38648996e-04,5.26431498e-01,4.18768803e-05,-2.40867255e-05,8.69580565e-02,1.32622076e-05,4.70377447e-06,-1.52100241e-03,5.63513599e-04,1.98394616e-04,-1.45507799e-04,-5.06490462e-05,1.40254380e-04
5.77000000e+02,6.13364766e-01,2.99069067e-05,-1.67898690e-05,-1.63906805e-03,5.02560156e-04,7.67763174e-05,5.26395314e-01,1.90218796e-05,-2.18046743e-05,8.69694501e-02,1.08850270e-05,5.01480534e-06,-1.49542830e-03,5.54039299e-04,-4.07737532e-05,-1.43639744e-04,-5.14791422e-05,1.17550071e-04
5.78000000e+02,6.13433952e-01,5.72583635e-05,-1.81807130e-05,-1.67425460e-03,4.84978630e-04,3.34557181e-04,5.26443551e-01,4.38956928e-05,-2.28246608e-05,8.69903989e-02,1.33626706e-05,4.64394778e-06,-1.52857748e-03,5.35782847e-04,1.94012212e-04,-1.45677129e-04,-5.08042185e-05,1.40544969e-04
5.79000000e+02,6.13417399e-01,3.68198093e-05,-2.45599779e-05,-1.64787964e-03,5.66076817e-04,1.40760614e-04,5.26415579e-01,2.60016975e-05,-2.93105842e-05,8.70018198e-02,1.08181117e-05,4.75060628e-06,-1.50413499e-03,6.14844034e-04,2.31231407e-05,-1.43744652e-04,-4.87672195e-05,1.17637473e-04
5.80000000e+02,6.13490405e-01,5.44082884e-05,-1.95129647e-05,-1.67962170e-03,5.08381764e-04,3.45109162e-04,5.26467784e-01,4.15295111e-05,-2.43704334e-05,8.70226222e-02,1.28787773e-05,4.85746872e-06,-1.53390097e-03,5.60629888e-04,2.08338237e-04,-1.45720735e-04,-5.22481253e-05,1.36770924e-04
5.81000000e+02,6.13470296e-01,2.97371993e-05,-1.56927054e-05,-1.65310015e-03,4.90803278e-04,8.99997143e-05,5.26436591e-01,1.92282237e-05,-2.08807577e-05,8.70337062e-02,1.05089757e-05,5.18805223e-06,-1.50928804e-03,5.43867811e-04,-2.39511584e-05,-1.43812111e-04,-5.30645332e-05,1.13950873e-04
5.82000000e+02,6.13543411e-01,5.68663114e-05,-1.41770103e-05,-1.68930438e-03,4.56539936e-04,3.42608904e-04,5.26489103e-01,4.38490281e-05,-1.91111927e-05,8.70543091e-02,1.30172831e-05,4.93418244e-06,-1.54349914e-03,5.09532903e-04,2.05827923e-04,-1.45805238e-04,-5.29929659e-05,1.36780981e-04
5.83000000e+02,6.13531464e-01,3.69859000e-05,-2.09479647e-05,-1.66172187e-03,5.41430907e-04,1.51807185e-04,5.26466037e-01,2.65486610e-05,-2.58587826e-05,8.70654246e-02,1.04372391e-05,4.91081794e-06,-1.51789608e-03,5.91831340e-04,3.78817157e-05,-1.43825790e-04,-5.04004330e-05,1.13925470e-04
5.84000000e+02,6.13609142e-01,5.48882277e-05,-1.65948830e-05,-1.69136971e-03,4.93363068e-04,3.55025666e-04,5.26523221e-01,4.23479095e-05,-2.16462103e-05,8.70859217e-02,1.25403182e-05,5.05132730e-06,-1.54559672e-03,5.47367918e-04,2.21878656e-04,-1.45772986e-04,-5.40048453e-05,1.33147010e-04
5.85000000e+02,6.13594106e-01,2.94984332e-05,-1.47773132e-05,-1.66529496e-03,4.86764932e-04,9.27383812e-05,5.26497409e-01,1.93778436e-05,-2.01008989e-05,8.70966956e-02,1.01205896e-05,5.32358571e-06,-1.52138761e-03,5.41532358e-04,-1.72368373e-05,-1.43907357e-04,-5.47674273e-05,1.09975219e-04
5.86000000e+02,6.13671259e-01,5.56697394e-05,-1.54304238e-05,-1.70297577e-03,4.59652606e-04,3.40599967e-04,5.26554293e-01,4.30605702e-05,-2.04320838e-05,8.71169663e-02,1.26091694e-05,5.00165993e-06,-1.55703938e-03,5.14209485e-04,2.07561648e-04,-1.45936386e-04,-5.45568807e-05,1.33038320e-04
5.87000000e+02,6.13662436e-01,3.59554125e-05,-2.17135425e-05,-1.67586494e-03,5.41712471e-04,1.52348305e-04,5.26534698e-01,2.58888580e-05,-2.68113883e-05,8.71277355e-02,1.00665545e-05,5.09784577e-06,-1.53196955e-03,5.93914067e-04,4.20349449e-05,-1.43895395e-04,-5.22015963e-05,1.10313360e-04
5.88000000e+02,6.13743126e-01,5.44172319e-05,-1.59947047e-05,-1.70611511e-03,4.80233283e-04,3.60710225e-04,5.26595239e-01,4.22222886e-05,-2.12411989e-05,8.71478883e-02,1.21949430e-05,5.24649424e-06,-1.56028495e-03,5.36153092e-04,2.31076065e-04,-1.45830158e-04,-5.59198090e-05,1.29634160e-04
5.89000000e+02,6.13731521e-01,3.00785479e-05,-1.32596734e-05,-1.67845462e-03,4.69417203e-04,1.06361273e-04,5.26573158e-01,2.03105756e-05,-1.87666480e-05,8.71583634e-02,9.76797236e-06,5.50697463e-06,-1.53452927e-03,5.25851286e-04,-1.08650798e-07,-1.43925355e-04,-5.64340803e-05,1.06469924e-04
5.90000000e+02,6.13812467e-01,5.69012907e-05,-1.37192240e-05,-1.71434557e-03,4.48103015e-04,3.54852954e-04,5.26634154e-01,4.46351883e-05,-1.89398736e-05,8.71783104e-02,1.22661022e-05,5.22064961e-06,-1.56841462e-03,5.04182314e-04,2.25667841e-04,-1.45930953e-04,-5.60793001e-05,1.29185113e-04
5.91000000e+02,6.13808056e-01,3.63520629e-05,-2.03347585e-05,-1.68840109e-03,5.29790851e-04,1.58062716e-04,5.26619270e-01,2.66509871e-05,-2.55457738e-05,8.71887875e-02,9.70107585e-06,5.21101532e-06,-1.54444148e-03,5.83364218e-04,5.15501318e-05,-1.43959609e-04,-5.35733683e-05,1.06512584e-04
5.92000000e+02,6.13892274e-01,5.39711553e-05,-1.54202980e-05,-1.71984155e-03,4.74624239e-04,3.61252706e-04,5.26683663e-01,4.21910861e-05,-2.08133334e-05,8.72086127e-02,1.17800692e-05,5.39303542e-06,-1.57396910e-03,5.32071854e-04,2.35552227e-04,-1.45872458e-04,-5.74476131e-05,1.25700479e-04
5.93000000e+02,6.13883221e-01,2.86340142e-05,-1.38390405e-05,-1.69263951e-03,4.72036323e-04,1.00084910e-04,5.26664495e-01,1.92374522e-05,-1.94252043e-05,8.72187268e-02,9.39656198e-06,5.58616378e-06,-1.54873446e-03,5.29383979e-04,-2.78259950e-06,-1.43905041e-04,-5.73476559e-05,1.02867510e-04
5.94000000e+02,6.13967252e-01,5.54439681e-05,-1.47687545e-05,-1.72835652e-03,4.47603148e-04,3.55641586e-04,5.26728861e-01,4.35551742e-05,-2.00288632e-05,8.72383914e-02,1.18887938e-05,5.26010862e-06,-1.58240967e-03,5.04753378e-04,2.29638909e-04,-1.45946843e-04,-5.71502281e-05,1.26002677e-04
5.95000000e+02,6.13965844e-01,3.56595076e-05,-2.12768868e-05,-1.70202337e-03,5.33160505e-04,1.64238831e-04,5.26717307e-01,2.62700247e-05,-2.66534290e-05,8.72485335e-02,9.38948299e-06,5.37654221e-06,-1.55813234e-03,5.87969329e-04,6.09285004e-05,-1.43891039e-04,-5.48088235e-05,1.03310330e-04
5.96000000e+02,6.14053439e-01,5.39386842e-05,-1.57850058e-05,-1.73209807e-03,4.74395317e-04,3.70612392e-04,5.26785388e-01,4.24826782e-05,-2.13093341e-05,8.72680533e-02,1.14560059e-05,5.52432838e-06,-1.58629152e-03,5.33027397e-04,2.48374706e-04,-1.45806556e-04,-5.86320799e-05,1.22237685e-04
5.97000000e+02,6.14048533e-01,2.87615252e-05,-1.24855832e-05,-1.70402511e-03,4.59288177e-04,1.10228726e-04,5.26770643e-01,1.97234086e-05,-1.82236404e-05,8.72778885e-02,9.03811665e-06,5.73805722e-06,-1.56018041e-03,5.18090432e-04,1.09718246e-05,-1.43844702e-04,-5.88022564e-05,9.92569010e-05
5.98000000e+02,6.14135382e-01,5.50001320e-05,-1.18187085e-05,-1.73823987e-03,4.30276283e-04,3.54779437e-04,5.26838211e-01,4.34746253e-05,-1.73131170e-05,8.72971691e-02,1.15255064e-05,5.49440853e-06,-1.59240895e-03,4.89093825e-04,2.32729575e-04,-1.45830924e-04,-5.88175440e-05,1.22049861e-04
5.99000000e+02,6.14136965e-01,3.45703449e-05,-1.85584045e-05,-1.71117354e-03,5.13560687e-04,1.59315397e-04,5.26829971e-01,2.55874913e-05,-2.39993225e-05,8.73069969e-02,8.98285368e-06,5.44091804e-06,-1.56733565e-03,5.69404090e-04,5.98680370e-05,-1.43837894e-04,-5.58434016e-05,9.94473602e-05
6.00000000e+02,6.14227680e-01,5.27830343e-05,-1.39974699e-05,-1.74249427e-03,4.58232522e-04,3.65789281e-04,5.26901491e-01,4.16868496e-05,-1.95895632e-05,8.73261860e-02,1.10961845e-05,5.59209329e-06,-1.59676326e-03,5.18004421e-04,2.47167781e-04,-1.45731017e-04,-5.97719002e-05,1.18621500e-04
6.01000000e+02,6.14224930e-01,2.76772930e-05,-1.16625168e-05,-1.71610677e-03,4.52698246e-04,1.05572612e-04,5.26889276e-01,1.89747972e-05,-1.75235106e-05,8.73356516e-02,8.70249580e-06,5.86099383e-06,-1.57233053e-03,5.12513201e-04,9.73333931e-06,-1.43776235e-04,-5.98149561e-05,9.58392731e-05
6.02000000e+02,6.14314657e-01,5.52799106e-05,-1.30767833e-05,-1.75131058e-03,4.34226404e-04,3.62348696e-04,5.26960026e-01,4.40561891e-05,-1.86007654e-05,8.73546315e-02,1.12237213e-05,5.52398210e-06,-1.60556934e-03,4.93785910e-04,2.43392673e-04,-1.45741242e-04,-5.95595076e-05,1.18956023e-04
6.03000000e+02,6.14318364e-01,3.49654956e-05,-2.02332005e-05,-1.72293211e-03,5.21960243e-04,1.67021553e-04,5.26954256e-01,2.63170694e-05,-2.57683506e-05,8.73641076e-02,8.64842619e-06,5.53515008e-06,-1.57928762e-03,5.78744464e-04,7.11640745e-05,-1.43644497e-04,-5.67842208e-05,9.58574780e-05
6.04000000e+02,6.14411666e-01,5.24693696e-05,-1.47335051e-05,-1.75268586e-03,4.62210374e-04,3.69819283e-04,5.27028675e-01,4.17807428e-05,-2.04786972e-05,8.73829921e-02,1.06886270e-05,5.74519211e-06,-1.60708896e-03,5.23012184e-04,2.55028178e-04,-1.45596902e-04,-6.08018103e-05,1.14791105e-04
6.05000000e+02,6.14412051e-01,2.75380709e-05,-1.23752988e-05,-1.72518602e-03,4.53425682e-04,1.11417957e-04,5.27019890e-01,1.91876356e-05,-1.83238412e-05,8.73921620e-02,8.35043527e-06,5.94854232e-06,-1.58155282e-03,5.14284345e-04,1.90124785e-05,-1.43633194e-04,-6.08586624e-05,9.24054784e-05
6.06000000e+02,6.14504572e-01,5.49315331e-05,-1.31821992e-05,-1.76099998e-03,4.34618081e-04,3.61886810e-04,5.27093752e-01,4.40261793e-05,-1.88556664e-05,8.74108194e-02,1.09053536e-05,5.67346718e-06,-1.61536102e-03,4.95378234e-04,2.46496192e-04,-1.45638951e-04,-6.07601534e-05,1.15390618e-04
6.07000000e+02,6.14511757e-01,3.38997815e-05,-1.92847277e-05,-1.73369795e-03,5.15302026e-04,1.61392021e-04,5.27091760e-01,2.56760661e-05,-2.49498792e-05,8.74199948e-02,8.22371545e-06,5.66515145e-06,-1.59014970e-03,5.73166460e-04,6.94214673e-05,-1.43548249e-04,-5.78644327e-05,9.19705536e-05
6.08000000e+02,6.14606997e-01,5.20359075e-05,-1.39325224e-05,-1.76352329e-03,4.54248420e-04,3.66139372e-04,5.27168494e-01,4.16558502e-05,-1.97622567e-05,8.74385046e-02,1.03800575e-05,5.82973419e-06,-1.61810520e-03,5.16054361e-04,2.54619637e-04,-1.45418094e-04,-6.18059416e-05,1.11519736e-04
6.09000000e+02,6.14609455e-01,2.69447735e-05,-1.27570101e-05,-1.73539475e-03,4.55770906e-04,1.06405714e-04,5.27162071e-01,1.89147434e-05,-1.87414781e-05,8.74473820e-02,8.03003015e-06,5.98446805e-06,-1.59195179e-03,5.17141698e-04,1.74456286e-05,-1.43442961e-04,-6.13707911e-05,8.89600855e-05
6.10000000e+02,6.14704217e-01,5.23731380e-05,-1.44000388e-05,-1.76918128e-03,4.40908273e-04,3.52489252e-04,5.27238512e-01,4.19656584e-05,-2.00547182e-05,8.74657017e-02,1.04074796e-05,5.65467937e-06,-1.62375805e-03,5.01934588e-04,2.41089480e-04,-1.45423233e-04,-6.10263135e-05,1.11399773e-04
6.11000000e+02,6.14713336e-01,3.18075071e-05,-2.14144122e-05,-1.74226901e-03,5.28960651e-04,1.55279412e-04,5.27238781e-01,2.38771046e-05,-2.71362602e-05,8.74745549e-02,7.93040251e-06,5.72184797e-06,-1.59887573e-03,5.87334857e-04,6.64239609e-05,-1.43393279e-04,-5.83742097e-05,8.88554512e-05
6.12000000e+02,6.14810761e-01,4.87196594e-05,-1.40118541e-05,-1.77173286e-03,4.52000698e-04,3.52201107e-04,5.27318000e-01,3.86851083e-05,-1.99582364e-05,8.74927633e-02,1.00345509e-05,5.94638233e-06,-1.62648219e-03,5.14866866e-04,2.44067812e-04,-1.45250672e-04,-6.28661663e-05,1.08133295e-04
6.13000000e+02,6.14815547e-01,2.36608895e-05,-1.10162711e-05,-1.74230190e-03,4.39761244e-04,9.27232492e-05,5.27314242e-01,1.60254707e-05,-1.71229008e-05,8.75013042e-02,7.63541871e-06,6.10662966e-06,-1.59908131e-03,5.02210958e-04,7.39300643e-06,-1.43220579e-04,-6.24497138e-05,8.53302431e-05
6.14000000e+02,6.14912661e-01,5.22140243e-05,-1.14614368e-05,-1.77581765e-03,4.19142098e-04,3.51721184e-04,5.27393332e-01,4.19860640e-05,-1.72587431e-05,8.75193282e-02,1.02279605e-05,5.79730631e-06,-1.63059113e-03,4.81073007e-04,2.43245073e-04,-1.45226523e-04,-6.19309088e-05,1.08476111e-04
6.15000000e+02,6.14924099e-01,3.14653629e-05,-1.92601032e-05,-1.74871192e-03,5.10546110e-04,1.52665522e-04,5.27396219e-01,2.38613934e-05,-2.49698269e-05,8.75278780e-02,7.60396949e-06,5.70972370e-06,-1.60549815e-03,5.69199706e-04,6.72264856e-05,-1.43213771e-04,-5.86535984e-05,8.54390367e-05
6.16000000e+02,6.15023828e-01,4.89584629e-05,-1.42027860e-05,-1.77914704e-03,4.49940518e-04,3.53677427e-04,5.27478049e-01,3.92826795e-05,-2.00934838e-05,8.75457814e-02,9.67578365e-06,5.89069776e-06,-1.63407319e-03,5.12792859e-04,2.49080229e-04,-1.45073849e-04,-6.28523409e-05,1.04597198e-04
6.17000000e+02,6.15030309e-01,2.43452090e-05,-1.25536352e-05,-1.75149644e-03,4.49513622e-04,9.78343191e-05,5.27476279e-01,1.70103672e-05,-1.86828090e-05,8.75540308e-02,7.33484179e-06,6.12917376e-06,-1.60842510e-03,5.11942905e-04,1.56259915e-05,-1.43071337e-04,-6.24292841e-05,8.22083273e-05
6.18000000e+02,6.15128895e-01,5.11254526e-05,-1.32432532e-05,-1.78686785e-03,4.27710417e-04,3.51369405e-04,5.27557147e-01,4.13127429e-05,-1.90393468e-05,8.75717498e-02,9.81270957e-06,5.79609361e-06,-1.64178928e-03,4.89850814e-04,2.46390509e-04,-1.45078574e-04,-6.21403972e-05,1.04978896e-04
6.19000000e+02,6.15141464e-01,3.12177621e-05,-2.05465593e-05,-1.75828550e-03,5.18807525e-04,1.59902434e-04,5.27561477e-01,2.39708687e-05,-2.63109607e-05,8.75799865e-02,7.24689333e-06,5.76440137e-06,-1.61532485e-03,5.77864511e-04,7.78817830e-05,-1.42960647e-04,-5.90569851e-05,8.20206506e-05
6.20000000e+02,6.15242971e-01,4.93322160e-05,-1.36581873e-05,-1.78687259e-03,4.48290985e-04,3.63258827e-04,5.27645404e-01,3.99385913e-05,-1.96684377e-05,8.75975704e-02,9.39362481e-06,6.01025039e-06,-1.64202560e-03,5.11633015e-04,2.61826406e-04,-1.44846991e-04,-6.33420316e-05,1.01432420e-04
6.21000000e+02,6.15251168e-01,2.36001797e-05,-1.17199764e-05,-1.75877264e-03,4.42376536e-04,9.58016879e-05,5.27645664e-01,1.66126192e-05,-1.78742310e-05,8.76055056e-02,6.98756048e-06,6.15425456e-06,-1.61590345e-03,5.05388594e-04,1.73568606e-05,-1.42869188e-04,-6.30120558e-05,7.84448276e-05
6.22000000e+02,6.15351321e-01,5.06226870e-05,-1.32461368e-05,-1.79417999e-03,4.27873725e-04,3.46645363e-04,5.27728455e-01,4.11148530e-05,-1.90480680e-05,8.76228663e-02,9.50783436e-06,5.80193116e-06,-1.64937582e-03,4.90308620e-04,2.45163009e-04,-1.44804170e-04,-6.24348950e-05,1.01482354e-04
6.23000000e+02,6.15365817e-01,3.04162542e-05,-2.04917003e-05,-1.76472888e-03,5.18237701e-04,1.53136887e-04,5.27735002e-01,2.35177192e-05,-2.63084366e-05,8.76308131e-02,6.89853493e-06,5.81673634e-06,-1.62203084e-03,5.77588039e-04,7.45318705e-05,-1.42698041e-04,-5.93503382e-05,7.86050165e-05
6.24000000e+02,6.15468596e-01,4.85397904e-05,-1.32133571e-05,-1.79338857e-03,4.40417441e-04,3.59480937e-04,5.27820524e-01,3.95026740e-05,-1.92297331e-05,8.76480726e-02,9.03711644e-06,6.01637594e-06,-1.64882612e-03,5.04166991e-04,2.61486681e-04,-1.44562453e-04,-6.37495509e-05,9.79942561e-05
6.25000000e+02,6.15478769e-01,2.33980184e-05,-1.18069328e-05,-1.76391872e-03,4.41920071e-04,9.65050686e-05,5.27823084e-01,1.67264754e-05,-1.79663173e-05,8.76556856e-02,6.67154293e-06,6.15938445e-06,-1.62135025e-03,5.04919661e-04,2.13471581e-05,-1.42568473e-04,-6.29995872e-05,7.51579100e-05
6.26000000e+02,6.15580969e-01,4.98218186e-05,-1.33401022e-05,-1.79809202e-03,4.26073543e-04,3.46160744e-04,5.27908212e-01,4.06625904e-05,-1.91756184e-05,8.76727561e-02,9.15922826e-06,5.83551622e-06,-1.65354354e-03,4.88783983e-04,2.47744932e-04,-1.44548472e-04,-6.27104395e-05,9.84158118e-05
6.27000000e+02,6.15596413e-01,3.01327376e-05,-2.11812616e-05,-1.76925661e-03,5.18007412e-04,1.55482814e-04,5.27916047e-01,2.34832919e-05,-2.69419249e-05,8.76803691e-02,6.64944575e-06,5.76066333e-06,-1.62680762e-03,5.77252215e-04,7.96836212e-05,-1.42448995e-04,-5.92448028e-05,7.57991929e-05
6.28000000e+02,6.15700527e-01,4.77136000e-05,-1.43881164e-05,-1.79849139e-03,4.47097762e-04,3.59467140e-04,5.28003230e-01,3.90335362e-05,-2.04403556e-05,8.76972940e-02,8.68006374e-06,6.05223922e-06,-1.65413425e-03,5.10988948e-04,2.64969640e-04,-1.44357136e-04,-6.38911867e-05,9.44974991e-05
6.29000000e+02,6.15711770e-01,2.21699821e-05,-1.15851909e-05,-1.76893060e-03,4.38739431e-04,9.52987200e-05,5.28007171e-01,1.58943525e-05,-1.77756542e-05,8.77045993e-02,6.27562959e-06,6.19046338e-06,-1.62661805e-03,5.01806926e-04,2.37445401e-05,-1.42312544e-04,-6.30674937e-05,7.15541796e-05
6.30000000e+02,6.15814887e-01,4.83830308e-05,-1.03231504e-05,-1.80264236e-03,4.06202664e-04,3.37556965e-04,5.28093544e-01,3.95639147e-05,-1.62382969e-05,8.77213461e-02,8.81911589e-06,5.91514649e-06,-1.65834604e-03,4.69221651e-04,2.42879236e-04,-1.44296321e-04,-6.30189869e-05,9.46777291e-05
6.31000000e+02,6.15832040e-01,2.74785345e-05,-1.79462579e-05,-1.77303122e-03,4.99767348e-04,1.38548202e-04,5.28103379e-01,2.11917158e-05,-2.37257195e-05,8.77286592e-02,6.28681869e-06,5.77946156e-06,-1.63082807e-03,5.59027989e-04,6.62527730e-05,-1.42203154e-04,-5.92606404e-05,7.22954289e-05
6.32000000e+02,6.15937702e-01,4.54773517e-05,-1.26184360e-05,-1.80181774e-03,4.37990953e-04,3.46718476e-04,5.28192425e-01,3.70820363e-05,-1.86167647e-05,8.77452745e-02,8.39531521e-06,5.99832866e-06,-1.65774918e-03,5.01687551e-04,2.55007925e-04,-1.44068550e-04,-6.36965959e-05,9.17105510e-05
6.33000000e+02,6.15950213e-01,2.02078948e-05,-1.19100600e-05,-1.77382588e-03,4.39532034e-04,8.44633001e-05,5.28197919e-01,1.41952760e-05,-1.80232979e-05,8.77522927e-02,6.01261876e-06,6.11323789e-06,-1.63176903e-03,5.02471850e-04,1.56868655e-05,-1.42056852e-04,-6.29398154e-05,6.87764346e-05
6.34000000e+02,6.16054408e-01,4.80882568e-05,-1.37878922e-05,-1.80873409e-03,4.22977645e-04,3.41294070e-04,5.28285642e-01,3.95324289e-05,-1.95793932e-05,8.77687671e-02,8.55582799e-06,5.79150094e-06,-1.66472097e-03,4.85653296e-04,2.49397716e-04,-1.44013114e-04,-6.26756496e-05,9.18963539e-05
6.35000000e+02,6.16072183e-01,2.83941772e-05,-2.09627893e-05,-1.77979461e-03,5.14794267e-04,1.50210463e-04,5.28296410e-01,2.24094310e-05,-2.67740866e-05,8.77757709e-02,5.98474621e-06,5.81129729e-06,-1.63790666e-03,5.74085579e-04,8.11581485e-05,-1.41887951e-04,-5.92913114e-05,6.90523152e-05
6.36000000e+02,6.16178191e-01,4.50620489e-05,-1.29571355e-05,-1.80847864e-03,4.34821029e-04,3.41320235e-04,5.28386099e-01,3.69962926e-05,-1.90194564e-05,8.77920925e-02,8.06575622e-06,6.06232090e-06,-1.66473378e-03,4.98831214e-04,2.53245939e-04,-1.43744854e-04,-6.40101876e-05,8.80742953e-05
6.37000000e+02,6.16191267e-01,2.01581296e-05,-1.13027452e-05,-1.77972089e-03,4.34117634e-04,8.19407842e-05,5.28392444e-01,1.44469894e-05,-1.74535001e-05,8.77988243e-02,5.71114025e-06,6.15075496e-06,-1.63798921e-03,4.97145828e-04,1.62018954e-05,-1.41731683e-04,-6.30281915e-05,6.57388888e-05
6.38000000e+02,6.16296610e-01,4.78511705e-05,-1.30295133e-05,-1.81314944e-03,4.23413090e-04,3.38628172e-04,5.28481610e-01,3.95866775e-05,-1.88686732e-05,8.78150004e-02,8.26449298e-06,5.83915984e-06,-1.66946475e-03,4.85930741e-04,2.49736877e-04,-1.43684692e-04,-6.25176514e-05,8.88912950e-05
6.39000000e+02,6.16315552e-01,2.86197421e-05,-2.04389811e-05,-1.78491872e-03,5.13272281e-04,1.52870483e-04,5.28493787e-01,2.29403907e-05,-2.62289158e-05,8.78217649e-02,5.67935137e-06,5.78993465e-06,-1.64333275e-03,5.72600366e-04,8.67744402e-05,-1.41585972e-04,-5.93280815e-05,6.60960431e-05
6.40000000e+02,6.16422910e-01,4.57953926e-05,-1.36006384e-05,-1.81431771e-03,4.41630551e-04,3.50821243e-04,5.28585074e-01,3.80721581e-05,-1.96607869e-05,8.78378325e-02,7.72323443e-06,6.06014857e-06,-1.67084619e-03,5.05712451e-04,2.65972065e-04,-1.43471523e-04,-6.40819013e-05,8.48491783e-05
6.41000000e+02,6.16436635e-01,1.95667192e-05,-1.20122273e-05,-1.78559880e-03,4.42063654e-04,7.96881773e-05,5.28592384e-01,1.41499228e-05,-1.81627039e-05,8.78442480e-02,5.41679630e-06,6.15047664e-06,-1.64417228e-03,5.04893090e-04,1.70830725e-05,-1.41426520e-04,-6.28294355e-05,6.26051050e-05
6.42000000e+02,6.16542655e-01,4.66525346e-05,-1.33023375e-05,-1.81995767e-03,4.22891442e-04,3.37379654e-04,5.28682508e-01,3.87644475e-05,-1.90969110e-05,8.78601455e-02,7.88808685e-06,5.79457350e-06,-1.67656198e-03,4.85255873e-04,2.51678456e-04,-1.43395679e-04,-6.23644311e-05,8.57011974e-05
6.43000000e+02,6.16562367e-01,2.70493687e-05,-2.08616001e-05,-1.79040722e-03,5.16749060e-04,1.50531616e-04,5.28695758e-01,2.16663072e-05,-2.66316441e-05,8.78666062e-02,5.38306150e-06,5.77004396e-06,-1.64916137e-03,5.75749670e-04,8.72394374e-05,-1.41245850e-04,-5.90006091e-05,6.32921788e-05
6.44000000e+02,6.16670752e-01,4.49603490e-05,-1.26573004e-05,-1.81856354e-03,4.37577863e-04,3.55447703e-04,5.28788349e-01,3.74675966e-05,-1.87371160e-05,8.78824011e-02,7.49275236e-06,6.07981560e-06,-1.67540923e-03,5.01453926e-04,2.73038504e-04,-1.43154308e-04,-6.38760625e-05,8.24091986e-05
6.45000000e+02,6.16685598e-01,1.96315483e-05,-9.39392429e-06,-1.79084609e-03,4.22557240e-04,9.05592741e-05,5.28797024e-01,1.45181319e-05,-1.55434844e-05,8.78885719e-02,5.11341642e-06,6.14956004e-06,-1.64970246e-03,4.85356668e-04,3.10198596e-05,-1.41143631e-04,-6.27994278e-05,5.95394145e-05
6.46000000e+02,6.16791921e-01,4.67637534e-05,-1.05742035e-05,-1.82561687e-03,4.05015120e-04,3.40435902e-04,5.28887755e-01,3.91064689e-05,-1.63790609e-05,8.79041672e-02,7.65728441e-06,5.80485736e-06,-1.68257903e-03,4.67386614e-04,2.57516608e-04,-1.43037838e-04,-6.23714940e-05,8.29192941e-05
6.47000000e+02,6.16812205e-01,2.61818950e-05,-1.80422668e-05,-1.79686472e-03,4.94560001e-04,1.44243170e-04,5.28901830e-01,2.11312798e-05,-2.37615556e-05,8.79103777e-02,5.05061509e-06,5.71928878e-06,-1.65593861e-03,5.53260807e-04,8.43068517e-05,-1.40926107e-04,-5.87008048e-05,5.99363184e-05
6.48000000e+02,6.16920754e-01,4.33366258e-05,-1.14594065e-05,-1.82580070e-03,4.21685810e-04,3.41735731e-04,5.28994860e-01,3.61549795e-05,-1.74429925e-05,8.79258924e-02,7.18164614e-06,5.98358599e-06,-1.68301246e-03,4.85148686e-04,2.62464872e-04,-1.42788239e-04,-6.34628760e-05,7.92708587e-05
6.49000000e+02,6.16935751e-01,1.91028131e-05,-9.62408872e-06,-1.79792036e-03,4.18055604e-04,8.93288550e-05,5.29003936e-01,1.42197432e-05,-1.56949759e-05,8.79318131e-02,4.88306993e-06,6.07088710e-06,-1.65715873e-03,4.80195241e-04,3.19624256e-05,-1.40761630e-04,-6.21396371e-05,5.73664293e-05
6.50000000e+02,6.17042619e-01,4.79878983e-05,-1.13331745e-05,-1.83233522e-03,4.04864269e-04,3.54695488e-04,5.29095468e-01,4.06270641e-05,-1.70528847e-05,8.79471528e-02,7.36083449e-06,5.71971018e-06,-1.68964479e-03,4.66519132e-04,2.74790055e-04,-1.42690433e-04,-6.16548628e-05,7.99054332e-05
6.51000000e+02,6.17063662e-01,2.72758234e-05,-2.01356440e-05,-1.80352346e-03,5.07860190e-04,1.54759806e-04,5.29110536e-01,2.24905347e-05,-2.58337323e-05,8.79531256e-02,4.78528877e-06,5.69808833e-06,-1.66293737e-03,5.66179906e-04,9.77619037e-05,-1.40586083e-04,-5.83197161e-05,5.69979025e-05
6.52000000e+02,6.17172782e-01,4.32253245e-05,-1.39785872e-05,-1.83183169e-03,4.40065549e-04,3.46508518e-04,5.29204425e-01,3.63861571e-05,-1.99365984e-05,8.79683579e-02,6.83916742e-06,5.95801124e-06,-1.68941796e-03,5.03218636e-04,2.70303837e-04,-1.42413727e-04,-6.31530896e-05,7.62046819e-05
6.53000000e+02,6.17188106e-01,1.80675565e-05,-1.19024040e-05,-1.80214769e-03,4.36322516e-04,8.58533698e-05,5.29214101e-01,1.34863924e-05,-1.79772884e-05,8.79740075e-02,4.58116410e-06,6.07488439e-06,-1.66177705e-03,4.98299301e-04,3.15341746e-05,-1.40370632e-04,-6.19767837e-05,5.43191955e-05
6.54000000e+02,6.17295900e-01,4.67969112e-05,-1.14877662e-05,-1.83638863e-03,4.09317120e-04,3.50650338e-04,5.29306769e-01,3.96679200e-05,-1.72488650e-05,8.79891327e-02,7.12899145e-06,5.76109877e-06,-1.69402401e-03,4.70911072e-04,2.73199321e-04,-1.42364621e-04,-6.15939517e-05,7.74510165e-05
6.55000000e+02,6.17317375e-01,2.70998240e-05,-1.88271822e-05,-1.80755040e-03,4.99268931e-04,1.61711993e-04,5.29322548e-01,2.26078942e-05,-2.44931376e-05,8.79948251e-02,4.49192981e-06,5.66595535e-06,-1.66730210e-03,5.57327290e-04,1.07369576e-04,-1.40248295e-04,-5.80583607e-05,5.43424170e-05
6.56000000e+02,6.17426448e-01,4.42565828e-05,-1.18124303e-05,-1.83625886e-03,4.28007754e-04,3.57080069e-04,5.29416648e-01,3.76150962e-05,-1.77132235e-05,8.80097998e-02,6.64148673e-06,5.90079321e-06,-1.69419634e-03,4.90537280e-04,2.83330115e-04,-1.42062520e-04,-6.25295272e-05,7.37499539e-05
6.57000000e+02,6.17442438e-01,1.86327146e-05,-1.08843443e-05,-1.80747781e-03,4.30259649e-04,9.08411240e-05,5.29427229e-01,1.42973665e-05,-1.68435248e-05,8.80152093e-02,4.33534811e-06,5.95918052e-06,-1.66744702e-03,4.91358216e-04,3.91720245e-05,-1.40030787e-04,-6.10985689e-05,5.16690992e-05
6.58000000e+02,6.17550138e-01,4.71352018e-05,-1.30503360e-05,-1.84097798e-03,4.17118588e-04,3.56679294e-04,5.29520115e-01,4.03069088e-05,-1.86994964e-05,8.80300222e-02,6.82829312e-06,5.64916041e-06,-1.69902097e-03,4.78236621e-04,2.82013855e-04,-1.41957010e-04,-6.11180333e-05,7.46654387e-05
6.59000000e+02,6.17570819e-01,2.78378120e-05,-1.99782454e-05,-1.81189613e-03,5.05521853e-04,1.70397296e-04,5.29535381e-01,2.35464264e-05,-2.56072262e-05,8.80354384e-02,4.29138559e-06,5.62898082e-06,-1.67202701e-03,5.63073372e-04,1.18321466e-04,-1.39869122e-04,-5.75515218e-05,5.20758301e-05
6.60000000e+02,6.17679982e-01,4.43906761e-05,-1.18369428e-05,-1.84177598e-03,4.23535216e-04,3.65044867e-04,5.29629823e-01,3.80768128e-05,-1.77588005e-05,8.80501567e-02,6.31386318e-06,5.92185765e-06,-1.70004942e-03,4.86033153e-04,2.94310251e-04,-1.41726560e-04,-6.24979366e-05,7.07346157e-05
6.61000000e+02,6.17696147e-01,1.90764843e-05,-9.92772796e-06,-1.81200444e-03,4.18764465e-04,1.02671893e-04,5.29640837e-01,1.50526556e-05,-1.58668959e-05,8.80553091e-02,4.02382869e-06,5.93916795e-06,-1.67233910e-03,4.79664114e-04,5.39371026e-05,-1.39665338e-04,-6.08996496e-05,4.87347895e-05
6.62000000e+02,6.17804419e-01,4.67619502e-05,-1.20969795e-05,-1.84543137e-03,4.09900723e-04,3.58029450e-04,5.29734543e-01,4.01763441e-05,-1.77170777e-05,8.80698753e-02,6.58560636e-06,5.62009815e-06,-1.70379652e-03,4.70454167e-04,2.85967228e-04,-1.41634849e-04,-6.05534442e-05,7.20622220e-05
6.63000000e+02,6.17826570e-01,2.57654092e-05,-1.96583747e-05,-1.81722690e-03,5.03074537e-04,1.57536051e-04,5.29751494e-01,2.17558639e-05,-2.52455828e-05,8.80750752e-02,4.00954532e-06,5.58720802e-06,-1.67767919e-03,5.60340967e-04,1.08158406e-04,-1.39547706e-04,-5.72664303e-05,4.93776456e-05
6.64000000e+02,6.17935909e-01,4.24710810e-05,-1.25236802e-05,-1.84619682e-03,4.27688083e-04,3.51592788e-04,5.29846375e-01,3.63916607e-05,-1.83542987e-05,8.80895333e-02,6.07942046e-06,5.83061846e-06,-1.70485239e-03,4.89603480e-04,2.83335431e-04,-1.41344440e-04,-6.19153975e-05,6.82573567e-05
6.65000000e+02,6.17952065e-01,1.75038887e-05,-1.11803622e-05,-1.81742219e-03,4.27647075e-04,9.22658747e-05,5.29857630e-01,1.36533998e-05,-1.70693631e-05,8.80944316e-02,3.85048882e-06,5.88900087e-06,-1.67809948e-03,4.87949129e-04,4.55094372e-05,-1.39322710e-04,-6.03020538e-05,4.67564376e-05
6.66000000e+02,6.18060089e-01,4.57985430e-05,-1.34979870e-05,-1.85199651e-03,4.19115029e-04,3.56799219e-04,5.29951380e-01,3.94972890e-05,-1.90492043e-05,8.81087096e-02,6.30125421e-06,5.55121729e-06,-1.71075837e-03,4.79046097e-04,2.87285306e-04,-1.41238137e-04,-5.99310679e-05,6.95139131e-05
6.67000000e+02,6.18081229e-01,2.58592526e-05,-2.12007403e-05,-1.82235569e-03,5.13552070e-04,1.62662623e-04,5.29967618e-01,2.20972288e-05,-2.67353099e-05,8.81136114e-02,3.76202381e-06,5.53456960e-06,-1.68323176e-03,5.70181367e-04,1.15973247e-04,-1.39123931e-04,-5.66292979e-05,4.66893763e-05
6.68000000e+02,6.18190715e-01,4.21930900e-05,-1.26107014e-05,-1.85016822e-03,4.30609500e-04,3.52588314e-04,5.30062939e-01,3.63421549e-05,-1.84491533e-05,8.81277777e-02,5.85093526e-06,5.83845187e-06,-1.70918327e-03,4.92144071e-04,2.86845294e-04,-1.40984954e-04,-6.15345694e-05,6.57430198e-05
6.69000000e+02,6.18206315e-01,1.65947308e-05,-9.32748209e-06,-1.82099072e-03,4.14476505e-04,8.74681431e-05,5.30073930e-01,1.30011885e-05,-1.51744745e-05,8.81323851e-02,3.59354226e-06,5.84699239e-06,-1.68205875e-03,4.74460943e-04,4.32647829e-05,-1.38931973e-04,-5.99844386e-05,4.42033602e-05
6.70000000e+02,6.18314416e-01,4.56332990e-05,-1.01909055e-05,-1.85573517e-03,3.95341444e-04,3.50571998e-04,5.30168029e-01,3.94997193e-05,-1.57184189e-05,8.81463887e-02,6.13357962e-06,5.52751337e-06,-1.71487158e-03,4.54800060e-04,2.83386218e-04,-1.40863588e-04,-5.94586168e-05,6.71857800e-05
6.71000000e+02,6.18335965e-01,2.50191967e-05,-1.90471037e-05,-1.82574677e-03,4.99229644e-04,1.55109511e-04,5.30184921e-01,2.15237557e-05,-2.44876144e-05,8.81510463e-02,3.49544100e-06,5.44051069e-06,-1.68697736e-03,5.54947880e-04,1.10816443e-04,-1.38769410e-04,-5.57182369e-05,4.42930681e-05
6.72000000e+02,6.18444930e-01,4.10601894e-05,-1.24330813e-05,-1.85426629e-03,4.27462677e-04,3.45483279e-04,5.30279970e-01,3.54888922e-05,-1.81617635e-05,8.81649578e-02,5.57129716e-06,5.72868218e-06,-1.71365563e-03,4.88417668e-04,2.82236033e-04,-1.40610658e-04,-6.09549884e-05,6.32472462e-05
6.73000000e+02,6.18460884e-01,1.49608456e-05,-9.95868446e-06,-1.82501224e-03,4.17808755e-04,7.66942539e-05,5.30291560e-01,1.16248637e-05,-1.57285939e-05,8.81693255e-02,3.33598188e-06,5.76990940e-06,-1.68642451e-03,4.77042624e-04,3.50392737e-05,-1.38587726e-04,-5.92338695e-05,4.16549803e-05
6.74000000e+02,6.18568479e-01,4.35080932e-05,-1.22355474e-05,-1.85862198e-03,4.02856892e-04,3.41645405e-04,5.30385430e-01,3.76521628e-05,-1.76171645e-05,8.81830502e-02,5.85593046e-06,5.38161705e-06,-1.71812509e-03,4.61528563e-04,2.76748327e-04,-1.40496891e-04,-5.86716720e-05,6.48970779e-05
6.75000000e+02,6.18589223e-01,2.39696575e-05,-2.11996765e-05,-1.82932653e-03,5.06148267e-04,1.52091539e-04,5.30401769e-01,2.06174655e-05,-2.65807929e-05,8.81874537e-02,3.35219201e-06,5.38111644e-06,-1.69096225e-03,5.61420392e-04,1.09589478e-04,-1.38364279e-04,-5.52721254e-05,4.25020613e-05
6.76000000e+02,6.18698382e-01,4.04461529e-05,-1.36100820e-05,-1.85834663e-03,4.28111881e-04,3.46416936e-04,5.30497242e-01,3.51089809e-05,-1.92833179e-05,8.82011380e-02,5.33717213e-06,5.67323590e-06,-1.71810259e-03,4.88408263e-04,2.85574590e-04,-1.40244042e-04,-6.02963807e-05,6.08423468e-05
6.77000000e+02,6.18713885e-01,1.44593249e-05,-9.42577215e-06,-1.82840885e-03,4.07005574e-04,7.81342986e-05,5.30508641e-01,1.13640216e-05,-1.52220921e-05,8.82052411e-02,3.09530333e-06,5.79631995e-06,-1.69024261e-03,4.66131166e-04,3.88553816e-05,-1.38166244e-04,-5.91255914e-05,3.92789170e-05
6.78000000e+02,6.18821628e-01,4.23018447e-05,-1.01108348e-05,-1.86239168e-03,3.88074570e-04,3.32976215e-04,5.30602857e-01,3.66518516e-05,-1.55440635e-05,8.82187702e-02,5.64999306e-06,5.43322862e-06,-1.72227423e-03,4.46474163e-04,2.70547157e-04,-1.40117452e-04,-5.83995923e-05,6.24290585e-05
6.79000000e+02,6.18842527e-01,2.24695442e-05,-1.80829125e-05,-1.83434096e-03,4.85075718e-04,1.40814004e-04,5.30619598e-01,1.93859348e-05,-2.34071414e-05,8.82229271e-02,3.08360947e-06,5.32422890e-06,-1.69629011e-03,5.39771188e-04,1.00907500e-04,-1.38050843e-04,-5.46954680e-05,3.99065048e-05
6.80000000e+02,6.18950908e-01,3.93514593e-05,-1.07404904e-05,-1.86377961e-03,4.11294498e-04,3.38160704e-04,5.30714561e-01,3.42043054e-05,-1.63063955e-05,8.82363445e-02,5.14715398e-06,5.56590510e-06,-1.72390073e-03,4.70434508e-04,2.79208455e-04,-1.39878881e-04,-5.91400105e-05,5.89522492e-05
6.81000000e+02,6.18966263e-01,1.38131919e-05,-9.41157771e-06,-1.83485208e-03,4.09686103e-04,7.36522999e-05,5.30726014e-01,1.08955181e-05,-1.50320689e-05,8.82402500e-02,2.91767384e-06,5.62049123e-06,-1.69702979e-03,4.67359351e-04,3.63663918e-05,-1.37822285e-04,-5.76732484e-05,3.72859080e-05
6.82000000e+02,6.19073053e-01,4.05483830e-05,-1.28290848e-05,-1.86727306e-03,4.06131862e-04,3.24158552e-04,5.30819554e-01,3.51749667e-05,-1.80865935e-05,8.82535001e-02,5.37341635e-06,5.25750867e-06,-1.72752266e-03,4.63442458e-04,2.64043168e-04,-1.39750399e-04,-5.73105965e-05,6.01153843e-05
6.83000000e+02,6.19093766e-01,2.11650968e-05,-2.10049979e-05,-1.83748666e-03,5.06217598e-04,1.35770843e-04,5.30836333e-01,1.82810742e-05,-2.62867339e-05,8.82574340e-02,2.88402257e-06,5.28173600e-06,-1.69982649e-03,5.60243669e-04,9.79695432e-05,-1.37660178e-04,-5.40260705e-05,3.78012999e-05
6.84000000e+02,6.19202372e-01,3.71974032e-05,-1.20781175e-05,-1.86617172e-03,4.19376285e-04,3.25360744e-04,5.30931767e-01,3.22467174e-05,-1.76524820e-05,8.82706072e-02,4.95068584e-06,5.57436451e-06,-1.72668719e-03,4.78374181e-04,2.68593907e-04,-1.39484531e-04,-5.89978966e-05,5.67668378e-05
6.85000000e+02,6.19217323e-01,1.27692239e-05,-9.51574542e-06,-1.83709395e-03,4.08599103e-04,6.98327509e-05,5.30943084e-01,1.00601138e-05,-1.51044957e-05,8.82742380e-02,2.70911011e-06,5.58875023e-06,-1.69964397e-03,4.66039921e-04,3.45357186e-05,-1.37449981e-04,-5.74408181e-05,3.52970325e-05
6.86000000e+02,6.19323518e-01,4.23011818e-05,-1.10239436e-05,-1.87114851e-03,3.94620514e-04,3.35029602e-04,5.31036254e-01,3.70745029e-05,-1.62743574e-05,8.82872660e-02,5.22667902e-06,5.25041384e-06,-1.73173555e-03,4.51333220e-04,2.77045162e-04,-1.39412957e-04,-5.67127065e-05,5.79844402e-05
6.87000000e+02,6.19342884e-01,2.13631330e-05,-1.99974911e-05,-1.84187571e-03,4.97959591e-04,1.36178327e-04,5.31051936e-01,1.87327685e-05,-2.51725752e-05,8.82909478e-02,2.63036454e-06,5.17508419e-06,-1.70457315e-03,5.51221229e-04,1.00731475e-04,-1.37302562e-04,-5.32616372e-05,3.54468515e-05
6.88000000e+02,6.19450413e-01,3.80007929e-05,-1.28092348e-05,-1.87107367e-03,4.21277061e-04,3.30135835e-04,5.31146545e-01,3.32853482e-05,-1.82485793e-05,8.83038673e-02,4.71544474e-06,5.43934452e-06,-1.73194763e-03,4.79514486e-04,2.75589177e-04,-1.39126036e-04,-5.82374251e-05,5.45466578e-05
6.89000000e+02,6.19465200e-01,1.29255457e-05,-1.10107330e-05,-1.84208231e-03,4.16519115e-04,6.91012178e-05,5.31157901e-01,1.04106309e-05,-1.65240569e-05,8.83072962e-02,2.51491483e-06,5.51332387e-06,-1.70500132e-03,4.73093821e-04,3.58730603e-05,-1.37080992e-04,-5.65747052e-05,3.32281573e-05
6.90000000e+02,6.19571387e-01,4.11218817e-05,-1.30462863e-05,-1.87596856e-03,4.02147663e-04,3.33981550e-04,5.31251289e-01,3.61410619e-05,-1.81691405e-05,8.83200998e-02,4.98081981e-06,5.12285421e-06,-1.73691963e-03,4.57919266e-04,2.77883309e-04,-1.39048942e-04,-5.57716033e-05,5.60982402e-05
6.91000000e+02,6.19589952e-01,2.18787278e-05,-2.22926051e-05,-1.84816686e-03,5.12421817e-04,1.44390040e-04,5.31266418e-01,1.94150283e-05,-2.74033005e-05,8.83235349e-02,2.46369949e-06,5.11069532e-06,-1.71123136e-03,5.64800452e-04,1.10924884e-04,-1.36935505e-04,-5.23786329e-05,3.34651563e-05
6.92000000e+02,6.19696517e-01,3.85879211e-05,-1.34489048e-05,-1.87640032e-03,4.29158390e-04,3.38341821e-04,5.31360289e-01,3.40579758e-05,-1.89071614e-05,8.83362307e-02,4.52994527e-06,5.45825662e-06,-1.73763997e-03,4.86867253e-04,2.85869717e-04,-1.38760357e-04,-5.77088611e-05,5.24721038e-05
6.93000000e+02,6.19710518e-01,1.33151761e-05,-1.11037656e-05,-1.84604148e-03,4.20497170e-04,7.61935915e-05,5.31371076e-01,1.10209665e-05,-1.65578761e-05,8.83394391e-02,2.29420957e-06,5.45411052e-06,-1.70932879e-03,4.76453574e-04,4.51967155e-05,-1.36712687e-04,-5.59564045e-05,3.09968760e-05
6.94000000e+02,6.19816110e-01,4.02743664e-05,-1.47610783e-05,-1.87972676e-03,4.19380630e-04,3.24388956e-04,5.31464122e-01,3.54772066e-05,-1.97888231e-05,8.83519870e-02,4.79715985e-06,5.02774475e-06,-1.74105942e-03,4.74336078e-04,2.70434261e-04,-1.38667343e-04,-5.49554482e-05,5.39546958e-05
6.95000000e+02,6.19834857e-01,2.07792765e-05,-2.27568689e-05,-1.85149871e-03,5.17138843e-04,1.38836818e-04,5.31479633e-01,1.85243520e-05,-2.78055214e-05,8.83552277e-02,2.25492454e-06,5.04865241e-06,-1.71490120e-03,5.68910002e-04,1.07060988e-04,-1.36597501e-04,-5.17711590e-05,3.17758296e-05
6.96000000e+02,6.19940803e-01,3.75175529e-05,-1.44395427e-05,-1.88067535e-03,4.33630902e-04,3.31161671e-04,5.31573114e-01,3.31843496e-05,-1.97550365e-05,8.83676916e-02,4.33320332e-06,5.31549379e-06,-1.74225802e-03,4.90325018e-04,2.80754188e-04,-1.38417331e-04,-5.66941165e-05,5.04074828e-05
6.97000000e+02,6.19953890e-01,1.29291932e-05,-1.27711101e-05,-1.85167738e-03,4.30206847e-04,7.62848012e-05,5.31583244e-01,1.08232382e-05,-1.80949205e-05,8.83706459e-02,2.10595506e-06,5.32381038e-06,-1.71530946e-03,4.84970587e-04,4.70600766e-05,-1.36367915e-04,-5.47637402e-05,2.92247243e-05
6.98000000e+02,6.20058533e-01,4.05785476e-05,-1.67742128e-05,-1.88516146e-03,4.34585724e-04,3.31063073e-04,5.31675570e-01,3.59990502e-05,-2.17345779e-05,8.83829631e-02,4.57949744e-06,4.96036506e-06,-1.74689853e-03,4.88654921e-04,2.79249217e-04,-1.38262938e-04,-5.40691984e-05,5.18138561e-05
6.99000000e+02,6.20076312e-01,2.05164547e-05,-2.52732504e-05,-1.85680279e-03,5.33679584e-04,1.38786033e-04,5.31690338e-01,1.84468581e-05,-3.02449020e-05,8.83859738e-02,2.06959657e-06,4.97165162e-06,-1.72059055e-03,5.84935106e-04,1.09103071e-04,-1.36212246e-04,-5.12555212e-05,2.96829624e-05
7.00000000e+02,6.20181417e-01,3.59146868e-05,-1.62690224e-05,-1.88574834e-03,4.44808383e-04,3.27175375e-04,5.31783193e-01,3.18408778e-05,-2.15289769e-05,8.83982246e-02,4.07380904e-06,5.25995449e-06,-1.74767481e-03,5.00861834e-04,2.78814028e-04,-1.38073537e-04,-5.60534511e-05,4.83613469e-05
7.01000000e+02,6.20194002e-01,1.12485170e-05,-1.23297193e-05,-1.85656901e-03,4.24039847e-04,6.85138347e-05,5.31793051e-01,9.31805695e-06,-1.76531974e-05,8.84009509e-02,1.93046002e-06,5.32347810e-06,-1.72056284e-03,4.78533806e-04,4.12486424e-05,-1.36006173e-04,-5.44939592e-05,2.72651921e-05
7.02000000e+02,6.20298147e-01,4.06160895e-05,-1.42395501e-05,-1.89142497e-03,4.14380737e-04,3.34426908e-04,5.31885093e-01,3.61534860e-05,-1.91905299e-05,8.84130514e-02,4.46260336e-06,4.95097979e-06,-1.75346992e-03,4.68000626e-04,2.84132590e-04,-1.37955048e-04,-5.36198891e-05,5.02943175e-05
7.03000000e+02,6.20315315e-01,2.09864019e-05,-2.25237055e-05,-1.86237477e-03,5.17437836e-04,1.42658634e-04,5.31899452e-01,1.91072848e-05,-2.74241886e-05,8.84158622e-02,1.87911708e-06,4.90048312e-06,-1.72652750e-03,5.67615401e-04,1.14978229e-04,-1.35847266e-04,-5.01775648e-05,2.76804046e-05
7.04000000e+02,6.20420012e-01,3.78680356e-05,-1.56526146e-05,-1.89054928e-03,4.43162299e-04,3.35547601e-04,5.31992151e-01,3.38794363e-05,-2.07578896e-05,8.84278632e-02,3.98859923e-06,5.10527505e-06,-1.75289132e-03,4.97904591e-04,2.88714077e-04,-1.37657955e-04,-5.47422932e-05,4.68335240e-05
7.05000000e+02,6.20431897e-01,1.27206367e-05,-1.39017916e-05,-1.86111810e-03,4.33295013e-04,7.66905304e-05,5.32001484e-01,1.09741253e-05,-1.90746026e-05,8.84304121e-02,1.74651145e-06,5.17281106e-06,-1.72546949e-03,4.86812632e-04,5.12203534e-05,-1.35648608e-04,-5.35176172e-05,2.54701773e-05
7.06000000e+02,6.20535326e-01,3.96835250e-05,-1.76521780e-05,-1.89493352e-03,4.31564349e-04,3.28765281e-04,5.32093047e-01,3.54888815e-05,-2.24403183e-05,8.84422765e-02,4.19464354e-06,4.78814035e-06,-1.75733411e-03,4.84153557e-04,2.80623582e-04,-1.37599412e-04,-5.25892081e-05,4.81416990e-05
7.07000000e+02,6.20551238e-01,1.99092863e-05,-2.52376494e-05,-1.86782509e-03,5.30298347e-04,1.38266726e-04,5.32106391e-01,1.81927617e-05,-3.00956369e-05,8.84448465e-02,1.71652461e-06,4.85798742e-06,-1.73233912e-03,5.79825602e-04,1.12176568e-04,-1.35485972e-04,-4.95272548e-05,2.60901583e-05
7.08000000e+02,6.20654429e-01,3.62360207e-05,-1.58093426e-05,-1.89670829e-03,4.43430017e-04,3.30583017e-04,5.32197783e-01,3.24817477e-05,-2.09342258e-05,8.84566436e-02,3.75427305e-06,5.12488318e-06,-1.75940031e-03,4.97632525e-04,2.85782861e-04,-1.37307980e-04,-5.42025085e-05,4.48001558e-05
7.09000000e+02,6.20664984e-01,1.18104561e-05,-1.24850537e-05,-1.86615259e-03,4.26569169e-04,7.60373386e-05,5.32206035e-01,1.02497579e-05,-1.75741630e-05,8.84589494e-02,1.56069815e-06,5.08910930e-06,-1.73091115e-03,4.79007057e-04,5.24319895e-05,-1.35241441e-04,-5.24378872e-05,2.36053489e-05
7.10000000e+02,6.20767179e-01,3.90006177e-05,-1.62279382e-05,-1.89959672e-03,4.27298774e-04,3.25193097e-04,5.32296578e-01,3.49562014e-05,-2.09585724e-05,8.84705998e-02,4.04441633e-06,4.73063413e-06,-1.76236985e-03,4.79049487e-04,2.78873727e-04,-1.37226868e-04,-5.17507128e-05,4.63193695e-05
7.11000000e+02,6.20782737e-01,1.83293041e-05,-2.41113985e-05,-1.87231201e-03,5.20339709e-04,1.26247262e-04,5.32309763e-01,1.68145753e-05,-2.88230636e-05,8.84729752e-02,1.51472882e-06,4.71166507e-06,-1.73713204e-03,5.68933606e-04,1.02142361e-04,-1.35179966e-04,-4.85938940e-05,2.41049005e-05
7.12000000e+02,6.20885457e-01,3.37939675e-05,-1.63346999e-05,-1.90226842e-03,4.44484210e-04,3.13070045e-04,5.32400918e-01,3.02380691e-05,-2.12993945e-05,8.84845389e-02,3.55589842e-06,4.96469463e-06,-1.76528262e-03,4.97520322e-04,2.70095101e-04,-1.36985806e-04,-5.30361128e-05,4.29749441e-05
7.13000000e+02,6.20895681e-01,1.01121266e-05,-1.35192060e-05,-1.87197335e-03,4.33164578e-04,6.73990289e-05,5.32409025e-01,8.70888359e-06,-1.85431777e-05,8.84866560e-02,1.40324300e-06,5.02397173e-06,-1.73705699e-03,4.84662806e-04,4.51500647e-05,-1.34916362e-04,-5.14982278e-05,2.22489641e-05
7.14000000e+02,6.20997468e-01,3.91410471e-05,-1.64361388e-05,-1.90518541e-03,4.24154112e-04,3.30563746e-04,5.32499339e-01,3.52339513e-05,-2.10443272e-05,8.84981287e-02,3.90709567e-06,4.60818840e-06,-1.76828539e-03,4.74793023e-04,2.85865513e-04,-1.36900027e-04,-5.06389108e-05,4.46982327e-05
7.15000000e+02,6.21011800e-01,1.91655491e-05,-2.43991463e-05,-1.87700025e-03,5.23315971e-04,1.34710898e-04,5.32511524e-01,1.77954359e-05,-2.90483763e-05,8.85002761e-02,1.37011313e-06,4.64922993e-06,-1.74219030e-03,5.70904004e-04,1.12320988e-04,-1.34809947e-04,-4.75880340e-05,2.23899101e-05
7.16000000e+02,6.21113611e-01,3.48458626e-05,-1.62921211e-05,-1.90636584e-03,4.44542815e-04,3.18709514e-04,5.32602002e-01,3.14019962e-05,-2.11475272e-05,8.85116095e-02,3.44386645e-06,4.85540613e-06,-1.76974962e-03,4.96391630e-04,2.77202428e-04,-1.36616219e-04,-5.18488133e-05,4.15070856e-05
7.17000000e+02,6.21123045e-01,1.07945276e-05,-1.39237479e-05,-1.87641963e-03,4.36054664e-04,6.86361671e-05,5.32609510e-01,9.54919081e-06,-1.88695271e-05,8.85135345e-02,1.24533678e-06,4.94577917e-06,-1.74184247e-03,4.86851001e-04,4.82337007e-05,-1.34577158e-04,-5.07963352e-05,2.04024664e-05
7.18000000e+02,6.21223875e-01,3.98995287e-05,-1.74234581e-05,-1.91064478e-03,4.35989364e-04,3.36124597e-04,5.32699136e-01,3.61457196e-05,-2.19395893e-05,8.85247383e-02,3.75380899e-06,4.51613115e-06,-1.77408292e-03,4.85589314e-04,2.92714602e-04,-1.36561857e-04,-4.95999503e-05,4.34099955e-05
7.19000000e+02,6.21236993e-01,1.95792689e-05,-2.56747878e-05,-1.88182544e-03,5.34151138e-04,1.41111405e-04,5.32710305e-01,1.84278292e-05,-3.02020254e-05,8.85266873e-02,1.15143964e-06,4.52723767e-06,-1.74736000e-03,5.80734907e-04,1.20526714e-04,-1.34465442e-04,-4.65837693e-05,2.05846921e-05
7.20000000e+02,6.21338033e-01,3.56247847e-05,-1.69173662e-05,-1.91097580e-03,4.50273744e-04,3.26834226e-04,5.32800199e-01,3.23353145e-05,-2.17324550e-05,8.85378328e-02,3.28947020e-06,4.81508887e-06,-1.77469418e-03,5.01663717e-04,2.87045746e-04,-1.36281616e-04,-5.13899750e-05,3.97884798e-05
7.21000000e+02,6.21346977e-01,1.20942535e-05,-1.48841712e-05,-1.88187923e-03,4.42011955e-04,8.05414306e-05,5.32807424e-01,1.09766775e-05,-1.96574767e-05,8.85395535e-02,1.11757604e-06,4.77330552e-06,-1.74763320e-03,4.91483131e-04,6.14809940e-05,-1.34246020e-04,-4.94711759e-05,1.90604366e-05
7.22000000e+02,6.21446200e-01,3.96248184e-05,-1.90929873e-05,-1.91501295e-03,4.42398799e-04,3.37850445e-04,5.32895641e-01,3.60707955e-05,-2.34747428e-05,8.85505589e-02,3.55402308e-06,4.38175552e-06,-1.77882312e-03,4.91030518e-04,2.96192740e-04,-1.36189826e-04,-4.86317192e-05,4.16577055e-05
7.23000000e+02,6.21458439e-01,1.99029151e-05,-2.68627935e-05,-1.88671263e-03,5.36946406e-04,1.45057729e-04,5.32906138e-01,1.88501114e-05,-3.13420913e-05,8.85523053e-02,1.05280366e-06,4.47929777e-06,-1.75259584e-03,5.83011728e-04,1.25806654e-04,-1.34116786e-04,-4.60653227e-05,1.92510752e-05
7.24000000e+02,6.21558297e-01,3.49759116e-05,-1.83320293e-05,-1.91641076e-03,4.54487382e-04,3.25446966e-04,5.32995032e-01,3.18968440e-05,-2.30304511e-05,8.85632644e-02,3.07906757e-06,4.69842170e-06,-1.78044141e-03,5.04694682e-04,2.87583408e-04,-1.35969354e-04,-5.02073006e-05,3.78635577e-05
7.25000000e+02,6.21565731e-01,1.10192220e-05,-1.51630714e-05,-1.88549374e-03,4.43891150e-04,7.82818060e-05,5.33000973e-01,1.00601035e-05,-1.99235152e-05,8.85647614e-02,9.59118424e-07,4.76044380e-06,-1.75162404e-03,4.92599558e-04,6.06180084e-05,-1.33869702e-04,-4.87084081e-05,1.76637976e-05
7.26000000e+02,6.21664270e-01,3.87199240e-05,-1.78785461e-05,-1.91960136e-03,4.41024282e-04,3.30710993e-04,5.33088696e-01,3.52516355e-05,-2.22488753e-05,8.85755727e-02,3.46828856e-06,4.37032918e-06,-1.78372490e-03,4.88806805e-04,2.90365260e-04,-1.35876455e-04,-4.77825210e-05,4.03457324e-05
7.27000000e+02,6.21675945e-01,1.82482726e-05,-2.55143120e-05,-1.89220828e-03,5.33443635e-04,1.33821812e-04,5.33098807e-01,1.73725265e-05,-2.98997348e-05,8.85771358e-02,8.75746065e-07,4.38542279e-06,-1.75837999e-03,5.78564385e-04,1.16160177e-04,-1.33828296e-04,-4.51207461e-05,1.76616347e-05
7.28000000e+02,6.21775464e-01,3.43450729e-05,-1.67887839e-05,-1.92105471e-03,4.48070935e-04,3.22557387e-04,5.33187577e-01,3.13817996e-05,-2.13600121e-05,8.85878883e-02,2.96327320e-06,4.57122824e-06,-1.78543826e-03,4.97270265e-04,2.85891999e-04,-1.35616453e-04,-4.91993286e-05,3.66653875e-05
7.29000000e+02,6.21782225e-01,1.08004861e-05,-1.58877093e-05,-1.88937791e-03,4.48219255e-04,7.46730526e-05,5.33193000e-01,9.97904849e-06,-2.04553845e-05,8.85892239e-02,8.21437558e-07,4.56767518e-06,-1.75584066e-03,4.95658723e-04,5.85831739e-05,-1.33537248e-04,-4.74394653e-05,1.60898791e-05
7.30000000e+02,6.21880114e-01,4.04067686e-05,-2.16966402e-05,-1.92343970e-03,4.60469167e-04,3.45612109e-04,5.33280296e-01,3.70719039e-05,-2.58525398e-05,8.85998150e-02,3.33486444e-06,4.15589961e-06,-1.78785944e-03,5.06882229e-04,3.06464217e-04,-1.35580256e-04,-4.64130645e-05,3.91478921e-05
7.31000000e+02,6.21890583e-01,1.97605586e-05,-2.87530516e-05,-1.89714047e-03,5.49945798e-04,1.46441650e-04,5.33289411e-01,1.89977020e-05,-3.30849042e-05,8.86011719e-02,7.62856645e-07,4.33185259e-06,-1.76365016e-03,5.94337113e-04,1.30088966e-04,-1.33490312e-04,-4.43913161e-05,1.63526830e-05
7.32000000e+02,6.21988573e-01,3.40311717e-05,-1.73286191e-05,-1.92586691e-03,4.47825922e-04,3.23105700e-04,5.33376850e-01,3.12419178e-05,-2.19342381e-05,8.86117233e-02,2.78925391e-06,4.60561898e-06,-1.79055242e-03,4.96756428e-04,2.87890232e-04,-1.35314492e-04,-4.89305042e-05,3.52154672e-05
7.33000000e+02,6.21994813e-01,1.04476306e-05,-1.46968698e-05,-1.89540750e-03,4.38496035e-04,7.69317373e-05,5.33381978e-01,9.73512526e-06,-1.93027081e-05,8.86128348e-02,7.12505306e-07,4.60583824e-06,-1.76215137e-03,4.85821652e-04,6.20382998e-05,-1.33256127e-04,-4.73256171e-05,1.48934373e-05
7.34000000e+02,6.22091745e-01,3.96133229e-05,-1.90030247e-05,-1.92781988e-03,4.42342211e-04,3.39691000e-04,5.33468518e-01,3.63619745e-05,-2.30876317e-05,8.86232279e-02,3.25134841e-06,4.08460701e-06,-1.79262686e-03,4.87770980e-04,3.01843775e-04,-1.35193024e-04,-4.54287716e-05,3.78472255e-05
7.35000000e+02,6.22101362e-01,1.99853610e-05,-2.59290341e-05,-1.90039183e-03,5.28767680e-04,1.48891791e-04,5.33476980e-01,1.93704050e-05,-3.01323687e-05,8.86243821e-02,6.14956023e-07,4.20333458e-06,-1.76722032e-03,5.72059505e-04,1.33850089e-04,-1.33171515e-04,-4.32918250e-05,1.50417027e-05
7.36000000e+02,6.22197648e-01,3.48922739e-05,-1.75148815e-05,-1.93162952e-03,4.45044133e-04,3.27604541e-04,5.33562937e-01,3.22414385e-05,-2.19227720e-05,8.86347129e-02,2.65083542e-06,4.40789052e-06,-1.79659618e-03,4.92685272e-04,2.93988575e-04,-1.35033329e-04,-4.76411386e-05,3.36159658e-05
7.37000000e+02,6.22202546e-01,1.18534607e-05,-1.54878072e-05,-1.90089249e-03,4.39362390e-04,8.80516311e-05,5.33566886e-01,1.12857149e-05,-1.99689049e-05,8.86356563e-02,5.67745860e-07,4.48109768e-06,-1.76798280e-03,4.85577803e-04,7.45276271e-05,-1.32909697e-04,-4.62154135e-05,1.35240041e-05
7.38000000e+02,6.22299513e-01,3.90223993e-05,-2.02317451e-05,-1.93488069e-03,4.48912787e-04,3.41337393e-04,5.33653633e-01,3.59458882e-05,-2.42883301e-05,8.86458802e-02,3.07651120e-06,4.05658507e-06,-1.79995230e-03,4.93762354e-04,3.04730856e-04,-1.34928390e-04,-4.48495677e-05,3.66065364e-05
7.39000000e+02,6.22307823e-01,1.89536136e-05,-2.79818390e-05,-1.90623518e-03,5.44368800e-04,1.42921812e-04,5.33661032e-01,1.84202432e-05,-3.20881418e-05,8.86467929e-02,5.33370416e-07,4.10630278e-06,-1.77341845e-03,5.86586549e-04,1.29050947e-04,-1.32816737e-04,-4.22177503e-05,1.38708647e-05
7.40000000e+02,6.22403825e-01,3.48639113e-05,-1.85464997e-05,-1.93585768e-03,4.59264064e-04,3.29487927e-04,5.33746861e-01,3.22678035e-05,-2.28687704e-05,8.86569669e-02,2.59610775e-06,4.32227070e-06,-1.80116076e-03,5.05560129e-04,2.96533461e-04,-1.34696917e-04,-4.62960649e-05,3.29544659e-05
7.41000000e+02,6.22407754e-01,1.23235098e-05,-1.53417807e-05,-1.90655467e-03,4.42762989e-04,9.26547392e-05,5.33750043e-01,1.18804811e-05,-1.97313349e-05,8.86577123e-02,4.43028706e-07,4.38955411e-06,-1.77390827e-03,4.88079543e-04,8.03594431e-05,-1.32646398e-04,-4.53165556e-05,1.22952962e-05
7.42000000e+02,6.22502531e-01,3.89249449e-05,-2.08225660e-05,-1.94066051e-03,4.54038313e-04,3.38281163e-04,5.33834861e-01,3.60120571e-05,-2.46761265e-05,8.86676704e-02,2.91288766e-06,3.85356054e-06,-1.80607166e-03,4.97478346e-04,3.03403717e-04,-1.34588849e-04,-4.34400306e-05,3.48774463e-05
7.43000000e+02,6.22510315e-01,1.88978376e-05,-2.79800949e-05,-1.91282205e-03,5.42927324e-04,1.45055628e-04,5.33841813e-01,1.85283891e-05,-3.19603746e-05,8.86685010e-02,3.69448557e-07,3.98027972e-06,-1.78028728e-03,5.84084939e-04,1.32422782e-04,-1.32534770e-04,-4.11576131e-05,1.26328467e-05
7.44000000e+02,6.22605248e-01,3.45449424e-05,-1.85070741e-05,-1.94291232e-03,4.55255278e-04,3.27215475e-04,5.33926805e-01,3.20156047e-05,-2.27678750e-05,8.86784428e-02,2.52933767e-06,4.26080088e-06,-1.80852234e-03,5.00828100e-04,2.95247130e-04,-1.34389985e-04,-4.55728239e-05,3.19683448e-05
7.45000000e+02,6.22607504e-01,1.21092745e-05,-1.66532386e-05,-1.91294486e-03,4.52109882e-04,9.30871528e-05,5.33928513e-01,1.17967404e-05,-2.09597677e-05,8.86789886e-02,3.12534126e-07,4.30652911e-06,-1.78062029e-03,4.96518538e-04,8.19689046e-05,-1.32324578e-04,-4.44086539e-05,1.11182480e-05
7.46000000e+02,6.22701331e-01,3.99712309e-05,-2.06604189e-05,-1.94693226e-03,4.55631914e-04,3.47537425e-04,5.34012498e-01,3.71421495e-05,-2.44916733e-05,8.86888370e-02,2.82908141e-06,3.83125437e-06,-1.81261463e-03,4.98348033e-04,3.13590303e-04,-1.34317632e-04,-4.27161190e-05,3.39471221e-05
7.47000000e+02,6.22708766e-01,1.96938277e-05,-2.75952433e-05,-1.91919176e-03,5.42148214e-04,1.48556311e-04,5.34019322e-01,1.94082020e-05,-3.15096401e-05,8.86894435e-02,2.85625788e-07,3.91439684e-06,-1.78695858e-03,5.82503658e-04,1.37131384e-04,-1.32233187e-04,-4.03554419e-05,1.14249266e-05
7.48000000e+02,6.22802745e-01,3.38963934e-05,-2.01096838e-05,-1.94793708e-03,4.66256375e-04,3.25572076e-04,5.34103559e-01,3.15728702e-05,-2.41633769e-05,8.86991869e-02,2.32352325e-06,4.05369310e-06,-1.81385817e-03,5.10455820e-04,2.95087907e-04,-1.34078919e-04,-4.41994467e-05,3.04841691e-05
7.49000000e+02,6.22804488e-01,1.09447616e-05,-1.84029303e-05,-1.91734334e-03,4.61901511e-04,8.48276087e-05,5.34104925e-01,1.06799440e-05,-2.26015120e-05,8.86995627e-02,2.64817579e-07,4.19858162e-06,-1.78532792e-03,5.05355764e-04,7.44905832e-05,-1.32015419e-04,-4.34542539e-05,1.03370260e-05
7.50000000e+02,6.22897985e-01,3.92052849e-05,-2.14783260e-05,-1.95136505e-03,4.56242496e-04,3.44901414e-04,5.34188758e-01,3.64511621e-05,-2.52643128e-05,8.87092287e-02,2.75412286e-06,3.78598681e-06,-1.81731584e-03,4.98461733e-04,3.11762277e-04,-1.34049211e-04,-4.22192374e-05,3.31391370e-05
7.51000000e+02,6.22904018e-01,1.87568727e-05,-2.82214839e-05,-1.92411532e-03,5.44297403e-04,1.46616821e-04,5.34194379e-01,1.85979364e-05,-3.20560140e-05,8.87096391e-02,1.58936240e-07,3.83453002e-06,-1.79215790e-03,5.83725169e-04,1.36270646e-04,-1.31957417e-04,-3.94277657e-05,1.03461747e-05
7.52000000e+02,6.22996939e-01,3.51222404e-05,-1.99867206e-05,-1.95299896e-03,4.69307546e-04,3.36017967e-04,5.34277722e-01,3.28302480e-05,-2.40120383e-05,8.87192144e-02,2.29199236e-06,4.02531772e-06,-1.81921143e-03,5.12606613e-04,3.06253707e-04,-1.33787539e-04,-4.32990669e-05,2.97642596e-05
7.53000000e+02,6.22997780e-01,1.17559601e-05,-1.80430709e-05,-1.92286929e-03,4.63471800e-04,9.30605365e-05,5.34278337e-01,1.16224500e-05,-2.21453789e-05,8.87194412e-02,1.33510088e-07,4.10230793e-06,-1.79111207e-03,5.05970998e-04,8.40189033e-05,-1.31757222e-04,-4.24991968e-05,9.04163330e-06
7.54000000e+02,6.23089911e-01,3.87962539e-05,-2.36181326e-05,-1.95690839e-03,4.75813947e-04,3.39178157e-04,5.34361038e-01,3.61406696e-05,-2.72216260e-05,8.87288733e-02,2.65558429e-06,3.60349342e-06,-1.82315887e-03,5.16599413e-04,3.07298612e-04,-1.33749519e-04,-4.07854671e-05,3.18795451e-05
7.55000000e+02,6.23095190e-01,1.87618421e-05,-3.18032262e-05,-1.93113974e-03,5.71020928e-04,1.44903114e-04,5.34366064e-01,1.87160170e-05,-3.55504119e-05,8.87291231e-02,4.58251437e-08,3.74718567e-06,-1.79944805e-03,6.09851463e-04,1.35667842e-04,-1.31691689e-04,-3.88305344e-05,9.23527141e-06
7.56000000e+02,6.23186855e-01,3.30743483e-05,-2.28956056e-05,-1.95996547e-03,4.86201076e-04,3.24837620e-04,5.34448353e-01,3.09873681e-05,-2.68290143e-05,8.87385047e-02,2.08698022e-06,3.93340873e-06,-1.82647551e-03,5.28857460e-04,2.96464083e-04,-1.33489955e-04,-4.26563847e-05,2.83735374e-05
7.57000000e+02,6.23186450e-01,9.99340593e-06,-2.06500745e-05,-1.92801818e-03,4.79497565e-04,8.60694927e-05,5.34447902e-01,9.97344001e-06,-2.46886614e-05,8.87385502e-02,1.99659479e-08,4.03858692e-06,-1.79658562e-03,5.21234927e-04,7.80101041e-05,-1.31432558e-04,-4.17373600e-05,8.05938905e-06
7.58000000e+02,6.23277313e-01,3.73846871e-05,-2.41868361e-05,-1.96150306e-03,4.80734352e-04,3.37513521e-04,5.34529486e-01,3.48346474e-05,-2.77644147e-05,8.87478263e-02,2.55003968e-06,3.57757852e-06,-1.82804457e-03,5.20748993e-04,3.06396448e-04,-1.33458487e-04,-4.00146435e-05,3.11170726e-05
7.59000000e+02,6.23281324e-01,1.80483264e-05,-3.11704253e-05,-1.93525586e-03,5.68993090e-04,1.45008221e-04,5.34533443e-01,1.80420464e-05,-3.48283431e-05,8.87478796e-02,6.27998973e-09,3.65791782e-06,-1.80385729e-03,6.06763753e-04,1.36433018e-04,-1.31398567e-04,-3.77706636e-05,8.57520243e-06
7.60000000e+02,6.23372451e-01,3.27148202e-05,-2.28313126e-05,-1.96360603e-03,4.89185866e-04,3.18405034e-04,5.34615334e-01,3.06455950e-05,-2.66606275e-05,8.87571161e-02,2.06922524e-06,3.82931484e-06,-1.83035436e-03,5.30907692e-04,2.90875759e-04,-1.33251668e-04,-4.17218238e-05,2.75292752e-05
7.61000000e+02,6.23371397e-01,9.07280369e-06,-2.02726620e-05,-1.93358150e-03,4.77482299e-04,7.50014422e-05,5.34614428e-01,9.11535429e-06,-2.42228736e-05,8.87569722e-02,-4.25505881e-08,3.95021161e-06,-1.80238451e-03,5.18442582e-04,6.75788840e-05,-1.31196993e-04,-4.09602810e-05,7.42255839e-06
7.62000000e+02,6.23461194e-01,3.73934596e-05,-2.55155392e-05,-1.96685102e-03,4.86825315e-04,3.35727046e-04,5.34695141e-01,3.49461425e-05,-2.89243044e-05,8.87660515e-02,2.44731714e-06,3.40876517e-06,-1.83366796e-03,5.25653909e-04,3.05539554e-04,-1.33183070e-04,-3.88285934e-05,3.01874921e-05
7.63000000e+02,6.23464326e-01,1.81007469e-05,-3.29319679e-05,-1.93981560e-03,5.78250667e-04,1.43697692e-04,5.34698389e-01,1.81973015e-05,-3.65087924e-05,8.87659347e-02,-9.65546297e-08,3.57682449e-06,-1.80869089e-03,6.15178443e-04,1.36201144e-04,-1.31124707e-04,-3.69277781e-05,7.49654740e-06
7.64000000e+02,6.23553952e-01,3.26229385e-05,-2.35541700e-05,-1.96804370e-03,4.93211836e-04,3.21168065e-04,5.34778959e-01,3.06399542e-05,-2.73453803e-05,8.87749934e-02,1.98298424e-06,3.79121032e-06,-1.83506017e-03,5.34085357e-04,2.94279535e-04,-1.32983534e-04,-4.08735230e-05,2.68885298e-05
7.65000000e+02,6.23551633e-01,8.43867088e-06,-2.10784153e-05,-1.93788458e-03,4.84710280e-04,7.29895986e-05,5.34776955e-01,8.60197937e-06,-2.49603447e-05,8.87746795e-02,-1.63308462e-07,3.88192942e-06,-1.80695730e-03,5.24764007e-04,6.67921512e-05,-1.30927276e-04,-4.00537256e-05,6.19744729e-06
7.66000000e+02,6.23640310e-01,3.70189137e-05,-2.54161545e-05,-1.97185107e-03,4.91348505e-04,3.34191409e-04,5.34856723e-01,3.46318467e-05,-2.88095877e-05,8.87835872e-02,2.38706704e-06,3.39343320e-06,-1.83886950e-03,5.29716706e-04,3.04735828e-04,-1.32981563e-04,-3.83682016e-05,2.94555811e-05
7.67000000e+02,6.23642585e-01,1.76173351e-05,-3.14297356e-05,-1.94510833e-03,5.68009498e-04,1.43953376e-04,5.34859271e-01,1.77779216e-05,-3.49341926e-05,8.87833133e-02,-1.60586488e-07,3.50445694e-06,-1.81422287e-03,6.04337752e-04,1.36911380e-04,-1.30885462e-04,-3.63282543e-05,7.04199634e-06
7.68000000e+02,6.23731456e-01,3.33709894e-05,-2.28759858e-05,-1.97375992e-03,4.83513408e-04,3.27006390e-04,5.34939260e-01,3.13967558e-05,-2.65384502e-05,8.87921985e-02,1.97423357e-06,3.66246445e-06,-1.84104102e-03,5.23533349e-04,3.00676684e-04,-1.32718886e-04,-4.00199415e-05,2.63297058e-05
7.69000000e+02,6.23728694e-01,1.05232553e-05,-2.06552149e-05,-1.94333010e-03,4.74248555e-04,8.88814650e-05,5.34936949e-01,1.07321011e-05,-2.43969293e-05,8.87917468e-02,-2.08845869e-07,3.74171438e-06,-1.81264657e-03,5.13319913e-04,8.33488916e-05,-1.30683534e-04,-3.90713560e-05,5.53257320e-06
7.70000000e+02,6.23816636e-01,3.77053716e-05,-2.68721452e-05,-1.97636283e-03,4.93513950e-04,3.37334235e-04,5.35016110e-01,3.54427824e-05,-3.01034093e-05,8.88005250e-02,2.26258911e-06,3.23126410e-06,-1.84365935e-03,5.30622992e-04,3.09156280e-04,-1.32703479e-04,-3.71090442e-05,2.81779546e-05
7.71000000e+02,6.23818192e-01,1.80261311e-05,-3.27840522e-05,-1.95021291e-03,5.72444883e-04,1.43473495e-04,5.35018090e-01,1.82759544e-05,-3.61944143e-05,8.88001021e-02,-2.49823317e-07,3.41036210e-06,-1.81956691e-03,6.07704473e-04,1.37472108e-04,-1.30646005e-04,-3.52595923e-05,6.00138627e-06
7.72000000e+02,6.23906067e-01,3.28840784e-05,-2.45920796e-05,-1.97914539e-03,4.94156767e-04,3.24355997e-04,5.35097290e-01,3.10371428e-05,-2.81790214e-05,8.88087760e-02,1.84693558e-06,3.58694177e-06,-1.84665960e-03,5.33319173e-04,2.98913869e-04,-1.32485793e-04,-3.91624066e-05,2.54421279e-05
7.73000000e+02,6.23901336e-01,1.03285176e-05,-2.15646143e-05,-1.94766277e-03,4.81096787e-04,9.29340827e-05,5.35093205e-01,1.06633569e-05,-2.52963886e-05,8.88081314e-02,-3.34839291e-07,3.73177423e-06,-1.81726060e-03,5.19705787e-04,8.83210517e-05,-1.30402182e-04,-3.86090019e-05,4.61303078e-06
7.74000000e+02,6.23988118e-01,3.68424891e-05,-2.51581137e-05,-1.98151997e-03,4.83091996e-04,3.35488217e-04,5.35171382e-01,3.46480274e-05,-2.83714429e-05,8.88167380e-02,2.19446167e-06,3.21332924e-06,-1.84904488e-03,5.19474428e-04,3.08071793e-04,-1.32475088e-04,-3.63824335e-05,2.74164238e-05
7.75000000e+02,6.23987951e-01,1.70514269e-05,-3.20409789e-05,-1.95488090e-03,5.67936471e-04,1.39053199e-04,5.35171802e-01,1.73638496e-05,-3.53027106e-05,8.88161482e-02,-3.12422698e-07,3.26173178e-06,-1.82450394e-03,6.01888219e-04,1.33772053e-04,-1.30376961e-04,-3.39517470e-05,5.28114632e-06
7.76000000e+02,6.24074776e-01,3.31099009e-05,-2.37067858e-05,-1.98265851e-03,4.90392535e-04,3.29786049e-04,5.35250049e-01,3.13122852e-05,-2.71677987e-05,8.88247276e-02,1.79761577e-06,3.46101295e-06,-1.85045371e-03,5.28333683e-04,3.04988998e-04,-1.32204798e-04,-3.79411465e-05,2.47970510e-05
7.77000000e+02,6.24071010e-01,9.86558195e-06,-2.15412074e-05,-1.95142072e-03,4.82340795e-04,8.79429508e-05,5.35247014e-01,1.02192925e-05,-2.51504037e-05,8.88239966e-02,-3.53710577e-07,3.60919637e-06,-1.82120006e-03,5.19906296e-04,8.39009027e-05,-1.30220660e-04,-3.75655008e-05,4.04204782e-06
7.78000000e+02,6.24157804e-01,3.80496183e-05,-2.70831065e-05,-1.98609408e-03,4.92955977e-04,3.45870153e-04,5.35325408e-01,3.59565114e-05,-3.01455787e-05,8.88323916e-02,2.09310686e-06,3.06247223e-06,-1.85385424e-03,5.28365258e-04,3.19189966e-04,-1.32239845e-04,-3.54092775e-05,2.66801863e-05
7.79000000e+02,6.24155909e-01,1.88983032e-05,-3.35531576e-05,-1.96065886e-03,5.76176704e-04,1.56739794e-04,5.35324323e-01,1.93003811e-05,-3.67804761e-05,8.88315871e-02,-4.02077839e-07,3.22731842e-06,-1.83049001e-03,6.09628542e-04,1.52254745e-04,-1.30168857e-04,-3.34518353e-05,4.48504934e-06
7.80000000e+02,6.24240738e-01,3.30099029e-05,-2.44545034e-05,-1.98957339e-03,4.93275175e-04,3.32397572e-04,5.35400772e-01,3.13178045e-05,-2.78418300e-05,8.88399657e-02,1.69209836e-06,3.38732665e-06,-1.85757345e-03,5.30319049e-04,3.08429550e-04,-1.31999943e-04,-3.70438748e-05,2.39680223e-05
7.81000000e+02,6.24235004e-01,8.65616783e-06,-2.16534488e-05,-1.95770886e-03,4.81919757e-04,8.31864501e-05,5.35395948e-01,9.13362285e-06,-2.51931164e-05,8.88390565e-02,-4.77455032e-07,3.53966764e-06,-1.82778480e-03,5.18711823e-04,8.01025003e-05,-1.29924060e-04,-3.67920654e-05,3.08395017e-06
7.82000000e+02,6.24320677e-01,3.83078906e-05,-2.59385374e-05,-1.99145015e-03,4.87583991e-04,3.47385814e-04,5.35473358e-01,3.61490761e-05,-2.89468142e-05,8.88473200e-02,2.15881449e-06,3.00827680e-06,-1.85947851e-03,5.22064403e-04,3.20862266e-04,-1.31971643e-04,-3.44804090e-05,2.65235488e-05
7.83000000e+02,6.24318051e-01,1.97565231e-05,-3.14127237e-05,-1.96505553e-03,5.62110015e-04,1.62213698e-04,5.35471650e-01,2.02089741e-05,-3.45385852e-05,8.88464000e-02,-4.52451061e-07,3.12586146e-06,-1.83512222e-03,5.94613269e-04,1.58266754e-04,-1.29933307e-04,-3.25032540e-05,3.94694419e-06
7.84000000e+02,6.24402771e-01,3.49410985e-05,-2.37713982e-05,-1.99401038e-03,4.87434995e-04,3.44797283e-04,5.35548135e-01,3.33223766e-05,-2.70231555e-05,8.88546393e-02,1.61872187e-06,3.25175737e-06,-1.86223229e-03,5.23423491e-04,3.21668607e-04,-1.31778080e-04,-3.59884928e-05,2.31286759e-05
7.85000000e+02,6.24396566e-01,1.00110260e-05,-2.03466443e-05,-1.96386720e-03,4.70710817e-04,9.07792110e-05,5.35542992e-01,1.05459002e-05,-2.37613238e-05,8.88535734e-02,-5.34874222e-07,3.41467945e-06,-1.83418267e-03,5.06323561e-04,8.84099121e-05,-1.29684536e-04,-3.56127422e-05,2.36929916e-06
7.86000000e+02,6.24481282e-01,3.68131032e-05,-2.59731905e-05,-1.99713659e-03,4.85545199e-04,3.38388076e-04,5.35619585e-01,3.48311951e-05,-2.88391137e-05,8.88616991e-02,1.98190806e-06,2.86592324e-06,-1.86538272e-03,5.18853106e-04,3.12907160e-04,-1.31753868e-04,-3.33079043e-05,2.54809168e-05
7.87000000e+02,6.24477680e-01,1.95247075e-05,-3.26627672e-05,-1.97011496e-03,5.70239980e-04,1.62222325e-04,5.35617083e-01,2.00420122e-05,-3.56922846e-05,8.88605947e-02,-5.17304747e-07,3.02951738e-06,-1.84039912e-03,6.01808413e-04,1.58960228e-04,-1.29715836e-04,-3.15684364e-05,3.26209643e-06
7.88000000e+02,6.24561248e-01,3.53440151e-05,-2.49592196e-05,-1.99954690e-03,4.95145460e-04,3.48248270e-04,5.35692576e-01,3.37609863e-05,-2.81060497e-05,8.88686730e-02,1.58302882e-06,3.14683003e-06,-1.86801535e-03,5.30110215e-04,3.25683660e-04,-1.31531554e-04,-3.49647548e-05,2.25646106e-05
7.89000000e+02,6.24553650e-01,1.05744426e-05,-2.20523179e-05,-1.96852004e-03,4.79816044e-04,9.76299008e-05,5.35686191e-01,1.12200919e-05,-2.53883883e-05,8.88674572e-02,-6.45649308e-07,3.33607035e-06,-1.83906451e-03,5.14640171e-04,9.61744785e-05,-1.29455532e-04,-3.48241277e-05,1.45542217e-06
7.90000000e+02,6.24636736e-01,3.62546162e-05,-2.59544751e-05,-2.00121607e-03,4.83186009e-04,3.35386656e-04,5.35761337e-01,3.43908319e-05,-2.87469146e-05,8.88753959e-02,1.86378431e-06,2.79243951e-06,-1.86970279e-03,5.15684004e-04,3.10966652e-04,-1.31513275e-04,-3.24979971e-05,2.44200044e-05
7.91000000e+02,6.24632578e-01,1.81137336e-05,-3.22562702e-05,-1.97439428e-03,5.66047605e-04,1.55121183e-04,5.35758373e-01,1.87043881e-05,-3.51986031e-05,8.88742051e-02,-5.90654544e-07,2.94233292e-06,-1.84491957e-03,5.96706689e-04,1.52346391e-04,-1.29474702e-04,-3.06590826e-05,2.77479241e-06
7.92000000e+02,6.24714773e-01,3.36797580e-05,-2.46766251e-05,-2.00333122e-03,4.98148414e-04,3.39500831e-04,5.35832644e-01,3.21355494e-05,-2.78004548e-05,8.88821309e-02,1.54420863e-06,3.12382966e-06,-1.87201645e-03,5.32348838e-04,3.17355108e-04,-1.31314772e-04,-3.42004246e-05,2.21457225e-05
7.93000000e+02,6.24706739e-01,9.48268501e-06,-2.14846384e-05,-1.97299155e-03,4.81073731e-04,9.35700612e-05,5.35825976e-01,1.01795068e-05,-2.46976435e-05,8.88807634e-02,-6.96821841e-07,3.21300513e-06,-1.84371518e-03,5.14830569e-04,9.25352944e-05,-1.29276368e-04,-3.37568400e-05,1.03476687e-06
7.94000000e+02,6.24789051e-01,3.73853589e-05,-2.71197867e-05,-2.00548371e-03,4.91664328e-04,3.43837146e-04,5.35900464e-01,3.54847198e-05,-2.96858340e-05,8.88885861e-02,1.90063916e-06,2.56604734e-06,-1.87419179e-03,5.22521397e-04,3.19633574e-04,-1.31291913e-04,-3.08570661e-05,2.42035716e-05
7.95000000e+02,6.24783788e-01,1.88254479e-05,-3.46793300e-05,-1.97860139e-03,5.80580266e-04,1.56158308e-04,5.35896523e-01,1.94581706e-05,-3.75421461e-05,8.88872646e-02,-6.32722699e-07,2.86281607e-06,-1.84933574e-03,6.10482123e-04,1.54269206e-04,-1.29265655e-04,-2.99018563e-05,1.88910196e-06
7.96000000e+02,6.24865578e-01,3.36177923e-05,-2.69925945e-05,-2.00823284e-03,5.05414037e-04,3.39452130e-04,5.35970549e-01,3.22198820e-05,-3.00128583e-05,8.88950297e-02,1.39791022e-06,3.02026382e-06,-1.87711716e-03,5.38876194e-04,3.18274955e-04,-1.31115683e-04,-3.34621579e-05,2.11771752e-05
7.97000000e+02,6.24855071e-01,9.54232420e-06,-2.12367421e-05,-1.97678831e-03,4.73849257e-04,9.37756616e-05,5.35961578e-01,1.02793753e-05,-2.44500123e-05,8.88934907e-02,-7.37051114e-07,3.21327017e-06,-1.84777933e-03,5.06999421e-04,9.32851117e-05,-1.29008983e-04,-3.31501633e-05,4.90549929e-07
7.98000000e+02,6.24936425e-01,3.70959869e-05,-2.46904769e-05,-2.00878711e-03,4.78394577e-04,3.44938368e-04,5.36035222e-01,3.52747378e-05,-2.73058785e-05,8.89012056e-02,1.82124909e-06,2.61540158e-06,-1.87772820e-03,5.08777967e-04,3.21270333e-04,-1.31058900e-04,-3.03833917e-05,2.36680346e-05
7.99000000e+02,6.24930695e-01,1.75157764e-05,-3.29110532e-05,-1.98169150e-03,5.73080576e-04,1.50349606e-04,5.36030962e-01,1.82168866e-05,-3.56069482e-05,8.88997347e-02,-7.01110210e-07,2.69589501e-06,-1.85267583e-03,6.01586124e-04,1.48883332e-04,-1.29015670e-04,-2.85055462e-05,1.46627395e-06
8.00000000e+02,6.25012427e-01,3.31467883e-05,-2.60885733e-05,-2.01065359e-03,5.02272036e-04,3.33365847e-04,5.36105007e-01,3.17453081e-05,-2.88965106e-05,8.89074201e-02,1.40148017e-06,2.80793734e-06,-1.87978100e-03,5.34277502e-04,3.12593684e-04,-1.30872587e-04,-3.20054675e-05,2.07721640e-05
8.01000000e+02,6.25001989e-01,9.48036022e-06,-2.38238311e-05,-1.97942011e-03,4.92153637e-04,8.97760290e-05,5.36096238e-01,1.02596572e-05,-2.68494753e-05,8.89057527e-02,-7.79297039e-07,3.02564415e-06,-1.85056291e-03,5.24151632e-04,8.98102334e-05,-1.28857195e-04,-3.19979978e-05,-3.42045607e-08
8.02000000e+02,6.25082045e-01,3.60885942e-05,-2.98075136e-05,-2.01230226e-03,5.08593000e-04,3.33151355e-04,5.36168766e-01,3.43307452e-05,-3.22634173e-05,8.89132774e-02,1.75784902e-06,2.45590370e-06,-1.88141015e-03,5.38032212e-04,3.10077093e-04,-1.30892102e-04,-2.94392133e-05,2.30742621e-05
8.03000000e+02,6.25074727e-01,1.66779416e-05,-3.61806859e-05,-1.98551950e-03,5.93447405e-04,1.39019218e-04,5.36163070e-01,1.73820710e-05,-3.89077387e-05,8.89116570e-02,-7.04129399e-07,2.72705287e-06,-1.85670479e-03,6.21729394e-04,1.37872023e-04,-1.28814708e-04,-2.82819906e-05,1.14719556e-06
8.04000000e+02,6.25153834e-01,3.26824899e-05,-2.68792236e-05,-2.01511291e-03,5.11088356e-04,3.31062214e-04,5.36234692e-01,3.13372526e-05,-2.97520136e-05,8.89191425e-02,1.34523731e-06,2.87278997e-06,-1.88439480e-03,5.42779301e-04,3.10573650e-04,-1.30718106e-04,-3.16909451e-05,2.04885636e-05
8.05000000e+02,6.25142073e-01,9.22845867e-06,-2.29618229e-05,-1.98378637e-03,4.91438241e-04,9.17775345e-05,5.36224705e-01,1.00546242e-05,-2.59791477e-05,8.89173681e-02,-8.26165493e-07,3.01732483e-06,-1.85512516e-03,5.22954101e-04,9.21569197e-05,-1.28661209e-04,-3.15158582e-05,-3.79385387e-07
8.06000000e+02,6.25221814e-01,3.68064961e-05,-2.71445714e-05,-2.01486290e-03,4.97893285e-04,3.42204722e-04,5.36297042e-01,3.51003555e-05,-2.95966867e-05,8.89247714e-02,1.70614063e-06,2.45211528e-06,-1.88421550e-03,5.26819132e-04,3.19690016e-04,-1.30647405e-04,-2.89258461e-05,2.25147053e-05
8.07000000e+02,6.25213858e-01,1.68557770e-05,-3.41983720e-05,-1.98864035e-03,5.82176130e-04,1.45435815e-04,5.36290837e-01,1.76493568e-05,-3.67955657e-05,8.89230227e-02,-7.93579765e-07,2.59719367e-06,-1.85999381e-03,6.09616350e-04,1.44941591e-04,-1.28646541e-04,-2.74402218e-05,4.94223968e-07
8.08000000e+02,6.25292447e-01,3.19559679e-05,-2.64470514e-05,-2.01809903e-03,5.06867096e-04,3.25238685e-04,5.36362046e-01,3.06388963e-05,-2.91371873e-05,8.89303984e-02,1.31707156e-06,2.69013585e-06,-1.88756772e-03,5.37239072e-04,3.05398181e-04,-1.30531310e-04,-3.03719763e-05,1.98405041e-05
8.09000000e+02,6.25280079e-01,8.96409731e-06,-2.35586146e-05,-1.98526500e-03,4.94594791e-04,8.81149659e-05,5.36351581e-01,9.79555313e-06,-2.64605874e-05,8.89284991e-02,-8.31455837e-07,2.90197282e-06,-1.85684312e-03,5.25026046e-04,8.86079483e-05,-1.28421871e-04,-3.04312575e-05,-4.92982645e-07
8.10000000e+02,6.25358629e-01,3.63845710e-05,-2.93668047e-05,-2.01772413e-03,5.08041378e-04,3.39046440e-04,5.36422837e-01,3.47427932e-05,-3.16423306e-05,8.89357900e-02,1.64177782e-06,2.27552592e-06,-1.88723040e-03,5.35808115e-04,3.16902349e-04,-1.30493736e-04,-2.77667398e-05,2.21440917e-05
8.11000000e+02,6.25349125e-01,1.74671564e-05,-3.64100026e-05,-1.99176561e-03,5.94583576e-04,1.50638537e-04,5.36415239e-01,1.83144876e-05,-3.89201680e-05,8.89338900e-02,-8.47331244e-07,2.51016541e-06,-1.86328718e-03,6.21089602e-04,1.50565646e-04,-1.28478426e-04,-2.65060284e-05,7.28909705e-08
8.12000000e+02,6.25427601e-01,3.29408231e-05,-2.83723425e-05,-2.02136616e-03,5.18497149e-04,3.38041002e-04,5.36486413e-01,3.16792677e-05,-3.09906194e-05,8.89411852e-02,1.26155533e-06,2.61827686e-06,-1.89101495e-03,5.48080887e-04,3.18441335e-04,-1.30351208e-04,-2.95837362e-05,1.95996668e-05
8.13000000e+02,6.25414510e-01,9.36802947e-06,-2.35496235e-05,-1.98827039e-03,4.90455369e-04,9.55987937e-05,5.36475348e-01,1.02635556e-05,-2.64082451e-05,8.89391634e-02,-8.95526116e-07,2.85862159e-06,-1.86001680e-03,5.20428137e-04,9.68594136e-05,-1.28253591e-04,-2.99727685e-05,-1.26062013e-06
8.14000000e+02,6.25492154e-01,3.69820825e-05,-2.71182052e-05,-2.02110062e-03,4.90210267e-04,3.40330110e-04,5.36545861e-01,3.52936059e-05,-2.93912294e-05,8.89462916e-02,1.68847658e-06,2.27302417e-06,-1.89078033e-03,5.17626046e-04,3.18450421e-04,-1.30320285e-04,-2.74157816e-05,2.18796889e-05
8.15000000e+02,6.25482268e-01,1.78715477e-05,-3.52735459e-05,-1.99623773e-03,5.86839971e-04,1.51326001e-04,5.36537967e-01,1.87369281e-05,-3.76985613e-05,8.89443013e-02,-8.65380328e-07,2.42501543e-06,-1.86793447e-03,6.12376629e-04,1.51464939e-04,-1.28303257e-04,-2.55366592e-05,-1.38938217e-07
8.16000000e+02,6.25558850e-01,3.38849583e-05,-2.92398146e-05,-2.02530762e-03,5.26196851e-04,3.41383640e-04,5.36607414e-01,3.26211776e-05,-3.17642719e-05,8.89514362e-02,1.26378075e-06,2.52445723e-06,-1.89517429e-03,5.54944457e-04,3.21981359e-04,-1.30133321e-04,-2.87476058e-05,1.94022803e-05
8.17000000e+02,6.25545490e-01,1.02041931e-05,-2.57204555e-05,-1.99153546e-03,5.06329435e-04,9.82217092e-05,5.36596175e-01,1.11094756e-05,-2.84477999e-05,8.89493168e-02,-9.05282528e-07,2.72734443e-06,-1.86345727e-03,5.35277705e-04,9.96506922e-05,-1.28078193e-04,-2.89482665e-05,-1.42898306e-06
8.18000000e+02,6.25623239e-01,3.83258335e-05,-2.99157957e-05,-2.02273779e-03,5.11532070e-04,3.53279737e-04,5.36666886e-01,3.67081817e-05,-3.20816832e-05,8.89563532e-02,1.61765179e-06,2.16588741e-06,-1.89259837e-03,5.37869080e-04,3.31695438e-04,-1.30139419e-04,-2.63370091e-05,2.15842988e-05
8.19000000e+02,6.25612404e-01,1.83063661e-05,-3.73767864e-05,-1.99760517e-03,6.02657661e-04,1.53347608e-04,5.36658191e-01,1.92072184e-05,-3.97738475e-05,8.89542147e-02,-9.00852325e-07,2.39706125e-06,-1.86944441e-03,6.27794091e-04,1.54011973e-04,-1.28160761e-04,-2.51364315e-05,-6.64364947e-07
8.20000000e+02,6.25687795e-01,3.33183475e-05,-3.03405839e-05,-2.02920829e-03,5.34114934e-04,3.39531927e-04,5.36726595e-01,3.21968514e-05,-3.28156362e-05,8.89612002e-02,1.12149612e-06,2.47505226e-06,-1.89917268e-03,5.62301449e-04,3.21083149e-04,-1.30035607e-04,-2.81865154e-05,1.84487777e-05
8.21000000e+02,6.25672269e-01,9.45966198e-06,-2.43570864e-05,-1.99624225e-03,4.98817695e-04,9.88863220e-05,5.36713329e-01,1.04298342e-05,-2.71029017e-05,8.89589399e-02,-9.70172216e-07,2.74581530e-06,-1.86834998e-03,5.27474004e-04,1.00667548e-04,-1.27892276e-04,-2.86563057e-05,-1.78122643e-06
8.22000000e+02,6.25748508e-01,3.65829055e-05,-2.82187354e-05,-2.02700522e-03,4.99912541e-04,3.42865971e-04,5.36782643e-01,3.50322131e-05,-3.03283557e-05,8.89658624e-02,1.55069238e-06,2.10962031e-06,-1.89704645e-03,5.25668897e-04,3.21939421e-04,-1.29958770e-04,-2.57563578e-05,2.09265500e-05
8.23000000e+02,6.25736433e-01,1.71913817e-05,-3.54820733e-05,-2.00077653e-03,5.87508833e-04,1.50842941e-04,5.36772824e-01,1.81141964e-05,-3.77819698e-05,8.89636095e-02,-9.22814639e-07,2.29989654e-06,-1.87279608e-03,6.11905353e-04,1.51618431e-04,-1.27980439e-04,-2.43965220e-05,-7.75489297e-07
8.24000000e+02,6.25811711e-01,3.31092616e-05,-2.86604457e-05,-2.03103340e-03,5.21802062e-04,3.37872470e-04,5.36841193e-01,3.19508548e-05,-3.10421260e-05,8.89705203e-02,1.15840685e-06,2.38168024e-06,-1.90119495e-03,5.49127147e-04,3.19476695e-04,-1.29838446e-04,-2.73250897e-05,1.83957752e-05
8.25000000e+02,6.25796597e-01,9.78364676e-06,-2.50261784e-05,-1.99890057e-03,4.99999062e-04,9.96244133e-05,5.36828432e-01,1.08101322e-05,-2.76198594e-05,8.89681647e-02,-1.02648540e-06,2.59368100e-06,-1.87113402e-03,5.27664246e-04,1.01950688e-04,-1.27766550e-04,-2.76651847e-05,-2.32627475e-06
8.26000000e+02,6.25872206e-01,3.75285459e-05,-2.93143918e-05,-2.03183648e-03,5.01886698e-04,3.50208808e-04,5.36897257e-01,3.60057432e-05,-3.13484201e-05,8.89749483e-02,1.52280279e-06,2.03402826e-06,-1.90199597e-03,5.27007084e-04,3.29527927e-04,-1.29840512e-04,-2.51203873e-05,2.06808810e-05
8.27000000e+02,6.25859585e-01,1.76329952e-05,-3.55783430e-05,-2.00670903e-03,5.82960312e-04,1.51898296e-04,5.36887002e-01,1.85718904e-05,-3.78368096e-05,8.89725846e-02,-9.38895161e-07,2.25846667e-06,-1.87886391e-03,6.06717871e-04,1.53055641e-04,-1.27845119e-04,-2.37575586e-05,-1.15734513e-06
8.28000000e+02,6.25933191e-01,3.28957621e-05,-2.82875364e-05,-2.03583419e-03,5.14812440e-04,3.39443253e-04,5.36953865e-01,3.17920997e-05,-3.06110148e-05,8.89793265e-02,1.10366243e-06,2.32347839e-06,-1.90615713e-03,5.41427722e-04,3.21187001e-04,-1.29677059e-04,-2.66152819e-05,1.82562519e-05
8.29000000e+02,6.25916209e-01,9.90864219e-06,-2.48408428e-05,-2.00333244e-03,4.99346816e-04,1.00646310e-04,5.36939385e-01,1.09289820e-05,-2.73719846e-05,8.89768231e-02,-1.02033979e-06,2.53114190e-06,-1.87573573e-03,5.26172634e-04,1.03140319e-04,-1.27596712e-04,-2.68258156e-05,-2.49400906e-06
8.30000000e+02,6.25990640e-01,3.84779199e-05,-2.83456727e-05,-2.03538784e-03,4.98256770e-04,3.56848197e-04,5.37007120e-01,3.69559852e-05,-3.02962874e-05,8.89835168e-02,1.52193473e-06,1.95061474e-06,-1.90572786e-03,5.22443070e-04,3.36393164e-04,-1.29659980e-04,-2.41862998e-05,2.04550331e-05
8.31000000e+02,6.25977906e-01,1.87902670e-05,-3.48096486e-05,-2.00859745e-03,5.77780806e-04,1.61824758e-04,5.36996830e-01,1.98017494e-05,-3.69595721e-05,8.89810791e-02,-1.01148240e-06,2.14992354e-06,-1.88092449e-03,6.00737128e-04,1.63462927e-04,-1.27672962e-04,-2.29563207e-05,-1.63816903e-06
8.32000000e+02,6.26051940e-01,3.30269706e-05,-2.90342093e-05,-2.03941935e-03,5.18394327e-04,3.36666998e-04,5.37064215e-01,3.19529463e-05,-3.12246935e-05,8.89877262e-02,1.07402431e-06,2.19048415e-06,-1.90988838e-03,5.43934151e-04,3.18995898e-04,-1.29530974e-04,-2.55398272e-05,1.76711006e-05
8.33000000e+02,6.26034425e-01,9.48856804e-06,-2.61312882e-05,-2.00813365e-03,5.07015484e-04,9.64503893e-05,5.37049311e-01,1.05270829e-05,-2.86277677e-05,8.89851130e-02,-1.03851485e-06,2.49647942e-06,-1.88063974e-03,5.33310760e-04,9.90050686e-05,-1.27493916e-04,-2.62952763e-05,-2.55467926e-06
8.34000000e+02,6.26107486e-01,3.69533960e-05,-3.00154580e-05,-2.04114747e-03,5.05177727e-04,3.44392291e-04,5.37115805e-01,3.55023416e-05,-3.18852192e-05,8.89916811e-02,1.45105451e-06,1.86976119e-06,-1.91159850e-03,5.28752090e-04,3.24448752e-04,-1.29548969e-04,-2.35743625e-05,1.99435383e-05
8.35000000e+02,6.26093419e-01,1.80219647e-05,-3.56161090e-05,-2.01447326e-03,5.82203173e-04,1.54122706e-04,5.37104320e-01,1.90356740e-05,-3.77371430e-05,8.89890964e-02,-1.01370931e-06,2.12103395e-06,-1.88698926e-03,6.04557124e-04,1.55957966e-04,-1.27483995e-04,-2.23539510e-05,-1.83526042e-06
8.36000000e+02,6.26165452e-01,3.36544811e-05,-2.87940399e-05,-2.04371668e-03,5.17589866e-04,3.38429031e-04,5.37169818e-01,3.25517566e-05,-3.09476854e-05,8.89956368e-02,1.10272445e-06,2.15364558e-06,-1.91435693e-03,5.42515910e-04,3.20744195e-04,-1.29359754e-04,-2.49260446e-05,1.76848350e-05
8.37000000e+02,6.26146997e-01,9.55263817e-06,-2.56391689e-05,-2.01214281e-03,5.02372359e-04,9.22144419e-05,5.37154058e-01,1.06529694e-05,-2.80511336e-05,8.89929388e-02,-1.10033119e-06,2.41196468e-06,-1.88482429e-03,5.27971564e-04,9.53718814e-05,-1.27318519e-04,-2.55992055e-05,-3.15743955e-06
8.38000000e+02,6.26220423e-01,3.61283095e-05,-2.78037022e-05,-2.04505073e-03,4.90775301e-04,3.35141112e-04,5.37221035e-01,3.47127166e-05,-2.96236375e-05,8.89993867e-02,1.41559283e-06,1.81993535e-06,-1.91565721e-03,5.13622188e-04,3.15375476e-04,-1.29393516e-04,-2.28468888e-05,1.97656357e-05
8.39000000e+02,6.26206519e-01,1.70163196e-05,-3.49469119e-05,-2.01871626e-03,5.76445852e-04,1.48294312e-04,5.37209764e-01,1.80439309e-05,-3.69643763e-05,8.89967529e-02,-1.02761127e-06,2.01746440e-06,-1.89134477e-03,5.98033643e-04,1.49960742e-04,-1.27371492e-04,-2.15877906e-05,-1.66643003e-06
8.40000000e+02,6.26278584e-01,3.15777003e-05,-2.83086181e-05,-2.04821808e-03,5.11079885e-04,3.27962342e-04,5.37275402e-01,3.05636686e-05,-3.03837812e-05,8.90031802e-02,1.01403169e-06,2.07516300e-06,-1.91900309e-03,5.35329349e-04,3.10696937e-04,-1.29214995e-04,-2.42494611e-05,1.72654047e-05
8.41000000e+02,6.26259603e-01,7.84777289e-06,-2.48377977e-05,-2.01660963e-03,4.92295124e-04,8.31681242e-05,5.37259222e-01,8.91340484e-06,-2.71466267e-05,8.90003815e-02,-1.06563194e-06,2.30882896e-06,-1.88939819e-03,5.17030390e-04,8.61699250e-05,-1.27211439e-04,-2.47352686e-05,-3.00180093e-06
8.42000000e+02,6.26331317e-01,3.65511350e-05,-2.83787517e-05,-2.04884211e-03,4.89601005e-04,3.39834928e-04,5.37324580e-01,3.51296304e-05,-3.00686744e-05,8.90067371e-02,1.42150467e-06,1.68992267e-06,-1.91961706e-03,5.11478004e-04,3.20232768e-04,-1.29225052e-04,-2.18769969e-05,1.96021594e-05
8.43000000e+02,6.26315211e-01,1.74120675e-05,-3.63121323e-05,-2.02282011e-03,5.84017091e-04,1.48235332e-04,5.37311236e-01,1.84735175e-05,-3.82397126e-05,8.90039773e-02,-1.06144996e-06,1.92758026e-06,-1.89559593e-03,6.04667123e-04,1.50453229e-04,-1.27224190e-04,-2.06500327e-05,-2.21789728e-06
8.44000000e+02,6.26386237e-01,3.20756070e-05,-2.95393103e-05,-2.05134320e-03,5.15566526e-04,3.32543638e-04,5.37375944e-01,3.11107519e-05,-3.14990269e-05,8.90102937e-02,9.64855072e-07,1.95971652e-06,-1.92228092e-03,5.38906052e-04,3.15590227e-04,-1.29062281e-04,-2.33395261e-05,1.69534107e-05
8.45000000e+02,6.26366046e-01,7.86338719e-06,-2.46788990e-05,-2.01862015e-03,4.89070298e-04,8.78967549e-05,5.37358679e-01,8.97995219e-06,-2.69792527e-05,8.90073693e-02,-1.11656497e-06,2.30035371e-06,-1.89163904e-03,5.13297422e-04,9.11346716e-05,-1.26981110e-04,-2.42271244e-05,-3.23791683e-06
8.46000000e+02,6.26437318e-01,3.70858831e-05,-2.73429214e-05,-2.05122535e-03,4.83860146e-04,3.46905625e-04,5.37423683e-01,3.56109326e-05,-2.90370297e-05,8.90136339e-02,1.47495047e-06,1.69410828e-06,-1.92213878e-03,5.05169874e-04,3.27072951e-04,-1.29086576e-04,-2.13097278e-05,1.98326740e-05
8.47000000e+02,6.26420523e-01,1.82896060e-05,-3.67896157e-05,-2.02424877e-03,5.91659450e-04,1.57356323e-04,5.37409759e-01,1.93160688e-05,-3.86489127e-05,8.90107625e-02,-1.02646279e-06,1.85929695e-06,-1.89718528e-03,6.11504112e-04,1.59328433e-04,-1.27063490e-04,-1.98446580e-05,-1.97211080e-06
8.48000000e+02,6.26491028e-01,3.42710050e-05,-3.06801896e-05,-2.05357515e-03,5.32415907e-04,3.46565848e-04,5.37474001e-01,3.32760956e-05,-3.25822377e-05,8.90170279e-02,9.94909375e-07,1.90204812e-06,-1.92464145e-03,5.54988821e-04,3.29677966e-04,-1.28933701e-04,-2.25729129e-05,1.68878820e-05
8.49000000e+02,6.26471129e-01,1.04496137e-05,-2.63950844e-05,-2.02042409e-03,5.04906322e-04,1.01753356e-04,5.37457066e-01,1.15704700e-05,-2.85814722e-05,8.90140634e-02,-1.12085634e-06,2.18638776e-06,-1.89354384e-03,5.28499776e-04,1.05275479e-04,-1.26880253e-04,-2.35934566e-05,-3.52212298e-06
8.50000000e+02,6.26542400e-01,3.63761658e-05,-3.02071711e-05,-2.05329052e-03,5.00343645e-04,3.41681833e-04,5.37522194e-01,3.50556043e-05,-3.17549955e-05,8.90202028e-02,1.32056142e-06,1.54782446e-06,-1.92434374e-03,5.20866570e-04,3.22551907e-04,-1.28946776e-04,-2.05229252e-05,1.91299262e-05
8.51000000e+02,6.26525072e-01,1.61368011e-05,-3.82287318e-05,-2.02764353e-03,5.97442408e-04,1.44463132e-04,5.37507839e-01,1.72286525e-05,-4.00524972e-05,8.90172348e-02,-1.09185138e-06,1.82376514e-06,-1.90070155e-03,6.16855625e-04,1.46768768e-04,-1.26941981e-04,-1.94132194e-05,-2.30563609e-06
8.52000000e+02,6.26593970e-01,3.15316780e-05,-3.06314076e-05,-2.05770083e-03,5.28355318e-04,3.29353460e-04,5.37570594e-01,3.05650658e-05,-3.25183503e-05,8.90233730e-02,9.66612198e-07,1.88694274e-06,-1.92885170e-03,5.50462280e-04,3.12771091e-04,-1.28849132e-04,-2.21069654e-05,1.65823690e-05
8.53000000e+02,6.26572519e-01,8.57866188e-06,-2.53048553e-05,-2.02461854e-03,4.95378574e-04,9.30503282e-05,5.37552220e-01,9.76045057e-06,-2.74591674e-05,8.90202962e-02,-1.18178867e-06,2.15431209e-06,-1.89784795e-03,5.18428995e-04,9.69487155e-05,-1.26770588e-04,-2.30504236e-05,-3.89838747e-06
8.54000000e+02,6.26642930e-01,3.57526122e-05,-2.88448472e-05,-2.05581071e-03,4.92652934e-04,3.33084046e-04,5.37616574e-01,3.43663040e-05,-3.03375102e-05,8.90263581e-02,1.38630815e-06,1.49266294e-06,-1.92702019e-03,5.12463798e-04,3.14124950e-04,-1.28790514e-04,-1.98108667e-05,1.89590962e-05
8.55000000e+02,6.26625723e-01,1.65851678e-05,-3.80162032e-05,-2.02880266e-03,5.94491696e-04,1.40774073e-04,5.37602405e-01,1.76522737e-05,-3.97133114e-05,8.90233170e-02,-1.06710592e-06,1.69710819e-06,-1.90201204e-03,6.13029644e-04,1.43235478e-04,-1.26790618e-04,-1.85379501e-05,-2.46140422e-06
8.56000000e+02,6.26694898e-01,3.18949658e-05,-3.19087491e-05,-2.05865296e-03,5.33161137e-04,3.27271268e-04,5.37665515e-01,3.09776989e-05,-3.36669443e-05,8.90293817e-02,9.17266895e-07,1.75819519e-06,-1.92993404e-03,5.54404866e-04,3.10901161e-04,-1.28718920e-04,-2.12437271e-05,1.63701063e-05
8.57000000e+02,6.26672695e-01,9.05001785e-06,-2.73237186e-05,-2.02710883e-03,5.08486803e-04,9.25384383e-05,5.37646487e-01,1.02047380e-05,-2.94058110e-05,8.90262087e-02,-1.15472020e-06,2.08209238e-06,-1.90045864e-03,5.30685082e-04,9.61622512e-05,-1.26650185e-04,-2.21982766e-05,-3.62381267e-06
8.58000000e+02,6.26741076e-01,3.75264428e-05,-3.00236795e-05,-2.05881682e-03,5.02393265e-04,3.51222760e-04,5.37708896e-01,3.61979247e-05,-3.14862608e-05,8.90321800e-02,1.32851811e-06,1.46258133e-06,-1.93013521e-03,5.21623077e-04,3.32296307e-04,-1.28681612e-04,-1.92298119e-05,1.89264532e-05
8.59000000e+02,6.26723246e-01,1.75275760e-05,-3.85764880e-05,-2.03262448e-03,6.02245810e-04,1.52944705e-04,5.37694190e-01,1.86229699e-05,-4.02506489e-05,8.90290576e-02,-1.09539392e-06,1.67416112e-06,-1.90594526e-03,6.20318302e-04,1.55609290e-04,-1.26679220e-04,-1.80724910e-05,-2.66458461e-06
8.60000000e+02,6.26791086e-01,3.23812034e-05,-3.28991100e-05,-2.06177384e-03,5.44492396e-04,3.33876585e-04,5.37756094e-01,3.14358883e-05,-3.46167875e-05,8.90349947e-02,9.45315179e-07,1.71767743e-06,-1.93319482e-03,5.65293442e-04,3.17445018e-04,-1.28579018e-04,-2.08010484e-05,1.64315665e-05
8.61000000e+02,6.26768090e-01,9.15096626e-06,-2.69884633e-05,-2.02999692e-03,5.07760514e-04,9.14561193e-05,5.37736323e-01,1.03242523e-05,-2.90363263e-05,8.90317680e-02,-1.17328605e-06,2.04786302e-06,-1.90345972e-03,5.29588811e-04,9.55452017e-05,-1.26537203e-04,-2.18282963e-05,-4.08908217e-06
8.62000000e+02,6.26836876e-01,3.75806376e-05,-2.94010462e-05,-2.06256779e-03,4.97419407e-04,3.46177659e-04,5.37799187e-01,3.62208124e-05,-3.08105894e-05,8.90376911e-02,1.35982520e-06,1.40954315e-06,-1.93398745e-03,5.16185183e-04,3.27297913e-04,-1.28580334e-04,-1.87657734e-05,1.88797463e-05
8.63000000e+02,6.26818377e-01,1.79173373e-05,-3.87154548e-05,-2.03589211e-03,6.02283464e-04,1.57684479e-04,5.37783863e-01,1.90661141e-05,-4.03242099e-05,8.90345169e-02,-1.14877680e-06,1.60875522e-06,-1.90931763e-03,6.19717876e-04,1.60347749e-04,-1.26574485e-04,-1.74344125e-05,-2.66326887e-06
8.64000000e+02,6.26886081e-01,3.31088383e-05,-3.24083443e-05,-2.06521693e-03,5.40864769e-04,3.41214343e-04,5.37845692e-01,3.21985101e-05,-3.40701420e-05,8.90403875e-02,9.10328215e-07,1.66179775e-06,-1.93673919e-03,5.60963821e-04,3.25148605e-04,-1.28477741e-04,-2.00990485e-05,1.60657381e-05
8.65000000e+02,6.26862583e-01,9.72439864e-06,-2.82184416e-05,-2.03345955e-03,5.16182557e-04,1.01639006e-04,5.37825529e-01,1.09005618e-05,-3.01466152e-05,8.90370527e-02,-1.17616319e-06,1.92817356e-06,-1.90705237e-03,5.37040640e-04,1.05677385e-04,-1.26407184e-04,-2.08580830e-05,-4.03837954e-06
8.66000000e+02,6.26930291e-01,3.72200315e-05,-3.15883388e-05,-2.06497933e-03,5.14297129e-04,3.48326136e-04,5.37887432e-01,3.58739075e-05,-3.29070729e-05,8.90428563e-02,1.34612396e-06,1.31873415e-06,-1.93654440e-03,5.32257516e-04,3.29446495e-04,-1.28434927e-04,-1.79603895e-05,1.88796402e-05
8.67000000e+02,6.26911030e-01,1.91621890e-05,-3.86943223e-05,-2.03793181e-03,6.01374197e-04,1.63305256e-04,5.37871427e-01,2.02527347e-05,-4.02411413e-05,8.90396008e-02,-1.09054573e-06,1.54681885e-06,-1.91148219e-03,6.18236446e-04,1.65983252e-04,-1.26449627e-04,-1.68622526e-05,-2.67799655e-06
8.68000000e+02,6.26977819e-01,3.47880102e-05,-3.26276758e-05,-2.06663478e-03,5.38860049e-04,3.53410479e-04,5.37932439e-01,3.38953117e-05,-3.42123911e-05,8.90453780e-02,8.92698425e-07,1.58471531e-06,-1.93825833e-03,5.58403467e-04,3.37293396e-04,-1.28376443e-04,-1.95434146e-05,1.61170827e-05
8.69000000e+02,6.26953353e-01,1.10765759e-05,-2.73330584e-05,-2.03419584e-03,5.05466162e-04,1.14252652e-04,5.37911404e-01,1.23002376e-05,-2.92415940e-05,8.90419479e-02,-1.22366165e-06,1.90853562e-06,-1.90790890e-03,5.25930980e-04,1.18425555e-04,-1.26286932e-04,-2.04648139e-05,-4.17290334e-06
8.70000000e+02,6.27020403e-01,3.85547891e-05,-3.23894142e-05,-2.06546490e-03,5.16222876e-04,3.60599701e-04,5.37972732e-01,3.72268040e-05,-3.36274841e-05,8.90476714e-02,1.32798507e-06,1.23806989e-06,-1.93707818e-03,5.33426610e-04,3.41891184e-04,-1.28386724e-04,-1.72037354e-05,1.87085168e-05
8.71000000e+02,6.27000967e-01,2.04179093e-05,-4.00065985e-05,-2.03965205e-03,6.09501886e-04,1.79311909e-04,5.37956625e-01,2.15367585e-05,-4.15016438e-05,8.90443393e-02,-1.11884927e-06,1.49504550e-06,-1.91327400e-03,6.25715517e-04,1.82129008e-04,-1.26378043e-04,-1.62136309e-05,-2.81709871e-06
8.72000000e+02,6.27067301e-01,3.50886056e-05,-3.28151021e-05,-2.06936797e-03,5.43625510e-04,3.57060670e-04,5.38017241e-01,3.41504201e-05,-3.43662608e-05,8.90500632e-02,9.38185503e-07,1.55115871e-06,-1.94108726e-03,5.62449248e-04,3.40908669e-04,-1.28280700e-04,-1.88237393e-05,1.61520001e-05
8.73000000e+02,6.27042313e-01,1.09840769e-05,-2.83542055e-05,-2.03831171e-03,5.14169969e-04,1.09742993e-04,5.37995731e-01,1.22144646e-05,-3.01485448e-05,8.90465813e-02,-1.23038763e-06,1.79433924e-06,-1.91205092e-03,5.33844423e-04,1.14129507e-04,-1.26260786e-04,-1.96744578e-05,-4.38651353e-06
8.74000000e+02,6.27108566e-01,3.83362430e-05,-3.28032211e-05,-2.07065770e-03,5.20103137e-04,3.56890676e-04,5.38056374e-01,3.70654097e-05,-3.39832023e-05,8.90521920e-02,1.27083337e-06,1.17998120e-06,-1.94237767e-03,5.36725216e-04,3.38535160e-04,-1.28280033e-04,-1.66220803e-05,1.83555152e-05
8.75000000e+02,6.27087192e-01,1.98705349e-05,-4.06486598e-05,-2.04529540e-03,6.14281869e-04,1.73870991e-04,5.38038436e-01,2.09960686e-05,-4.21106493e-05,8.90487579e-02,-1.12553368e-06,1.46198927e-06,-1.91903183e-03,6.30086327e-04,1.76771435e-04,-1.26263579e-04,-1.58044570e-05,-2.90044371e-06
8.76000000e+02,6.27152632e-01,3.38238370e-05,-3.34462102e-05,-2.07463181e-03,5.44723566e-04,3.50398798e-04,5.38098257e-01,3.29720796e-05,-3.49402729e-05,8.90543725e-02,8.51757370e-07,1.49406262e-06,-1.94646802e-03,5.63058097e-04,3.34568966e-04,-1.28163790e-04,-1.83345300e-05,1.58298322e-05
8.77000000e+02,6.27127664e-01,1.02525327e-05,-2.90209874e-05,-2.04186736e-03,5.21644503e-04,1.06807461e-04,5.38076826e-01,1.14681609e-05,-3.08215782e-05,8.90508389e-02,-1.21562824e-06,1.80059080e-06,-1.91574941e-03,5.40890120e-04,1.11158069e-04,-1.26117957e-04,-1.92456203e-05,-4.35060868e-06
8.78000000e+02,6.27193469e-01,3.97951923e-05,-3.13455497e-05,-2.07402083e-03,5.13045542e-04,3.65942078e-04,5.38137064e-01,3.84354489e-05,-3.25295107e-05,8.90564021e-02,1.35974323e-06,1.18396099e-06,-1.94581862e-03,5.29386002e-04,3.47352471e-04,-1.28202202e-04,-1.63404603e-05,1.85896068e-05
8.79000000e+02,6.27171691e-01,2.02088168e-05,-3.92560975e-05,-2.04823231e-03,6.04154852e-04,1.74045441e-04,5.38118787e-01,2.14122548e-05,-4.06209236e-05,8.90529054e-02,-1.20343799e-06,1.36482612e-06,-1.92208182e-03,6.19330319e-04,1.77539605e-04,-1.26150488e-04,-1.51754652e-05,-3.49416489e-06
8.80000000e+02,6.27236846e-01,3.44866941e-05,-3.44833130e-05,-2.07735157e-03,5.51626486e-04,3.48651529e-04,5.38178367e-01,3.35815823e-05,-3.58721691e-05,8.90584788e-02,9.05111757e-07,1.38885609e-06,-1.94931504e-03,5.69376882e-04,3.32708514e-04,-1.28036523e-04,-1.77503929e-05,1.59430146e-05
8.81000000e+02,6.27211485e-01,1.20391158e-05,-2.98070008e-05,-2.04429712e-03,5.21893427e-04,1.14108534e-04,5.38156617e-01,1.32126459e-05,-3.15360746e-05,8.90548701e-02,-1.17353006e-06,1.72907382e-06,-1.91831097e-03,5.40743969e-04,1.18279536e-04,-1.25986141e-04,-1.88505412e-05,-4.17100197e-06
8.82000000e+02,6.27277045e-01,3.91649689e-05,-3.35721969e-05,-2.07577650e-03,5.21965238e-04,3.62124294e-04,5.38216680e-01,3.78824129e-05,-3.46533026e-05,8.90603683e-02,1.28255596e-06,1.08110571e-06,-1.94767804e-03,5.37448091e-04,3.43615420e-04,-1.28098464e-04,-1.54828554e-05,1.85088737e-05
8.83000000e+02,6.27254894e-01,2.05969964e-05,-4.02343452e-05,-2.05004271e-03,6.09410779e-04,1.74968456e-04,5.38198095e-01,2.17520115e-05,-4.15650483e-05,8.90567993e-02,-1.15501509e-06,1.33070317e-06,-1.92395694e-03,6.23913698e-04,1.78237533e-04,-1.26085769e-04,-1.45029208e-05,-3.26907717e-06
8.84000000e+02,6.27319361e-01,3.55305943e-05,-3.44772420e-05,-2.07995431e-03,5.54039718e-04,3.56842245e-04,5.38257104e-01,3.46833820e-05,-3.58509924e-05,8.90622563e-02,8.47212277e-07,1.37375043e-06,-1.95197038e-03,5.71178619e-04,3.41358537e-04,-1.27983924e-04,-1.71388969e-05,1.54837083e-05
8.85000000e+02,6.27292124e-01,1.22022999e-05,-3.00844223e-05,-2.04723038e-03,5.27991707e-04,1.17524995e-04,5.38233572e-01,1.34148955e-05,-3.17565522e-05,8.90585527e-02,-1.21259567e-06,1.67212991e-06,-1.92130271e-03,5.46076877e-04,1.21928216e-04,-1.25927663e-04,-1.80851690e-05,-4.40322095e-06
8.86000000e+02,6.27357474e-01,3.95790438e-05,-3.33324956e-05,-2.07974722e-03,5.20133040e-04,3.64024280e-04,5.38293526e-01,3.83129516e-05,-3.43736677e-05,8.90639494e-02,1.26609240e-06,1.04117208e-06,-1.95175004e-03,5.35520891e-04,3.45807619e-04,-1.27997177e-04,-1.53878474e-05,1.82166603e-05
8.87000000e+02,6.27334630e-01,1.92946433e-05,-4.05150599e-05,-2.05356610e-03,6.07203022e-04,1.68145804e-04,5.38274280e-01,2.04985937e-05,-4.18075056e-05,8.90603508e-02,-1.20395041e-06,1.29244581e-06,-1.92759420e-03,6.21502597e-04,1.71490093e-04,-1.25971898e-04,-1.42995791e-05,-3.34428924e-06
8.88000000e+02,6.27398128e-01,3.36898795e-05,-3.32855107e-05,-2.08264861e-03,5.39355601e-04,3.45051282e-04,5.38332347e-01,3.28424732e-05,-3.46107014e-05,8.90657798e-02,8.47406362e-07,1.32519067e-06,-1.95477300e-03,5.55940031e-04,3.29568802e-04,-1.27875615e-04,-1.65844295e-05,1.54824793e-05
8.89000000e+02,6.27370982e-01,9.43335490e-06,-2.91652397e-05,-2.05098482e-03,5.16744246e-04,9.76703531e-05,5.38308982e-01,1.06703039e-05,-3.07563505e-05,8.90619995e-02,-1.23694903e-06,1.59111075e-06,-1.92516951e-03,5.34122413e-04,1.02323029e-04,-1.25815311e-04,-1.73781675e-05,-4.65267564e-06
8.90000000e+02,6.27434628e-01,3.75911001e-05,-3.24882177e-05,-2.08241972e-03,5.16281742e-04,3.47637612e-04,5.38367259e-01,3.63191117e-05,-3.34816094e-05,8.90673701e-02,1.27198837e-06,9.93391703e-07,-1.95454959e-03,5.30824186e-04,3.29543342e-04,-1.27870127e-04,-1.45424454e-05,1.80942697e-05
8.91000000e+02,6.27411959e-01,1.83798893e-05,-4.07928163e-05,-2.05582531e-03,6.12074092e-04,1.54359684e-04,5.38348243e-01,1.95531291e-05,-4.20332139e-05,8.90637159e-02,-1.17323979e-06,1.24039765e-06,-1.92994803e-03,6.25908308e-04,1.57833701e-04,-1.25877278e-04,-1.38342119e-05,-3.47401727e-06
8.92000000e+02,6.27475795e-01,3.17553578e-05,-3.48706243e-05,-2.08537450e-03,5.51340643e-04,3.26250371e-04,5.38406727e-01,3.09126376e-05,-3.61500188e-05,8.90690694e-02,8.42720147e-07,1.27939457e-06,-1.95757482e-03,5.67703989e-04,3.10601383e-04,-1.27799682e-04,-1.63633456e-05,1.56489884e-05
8.93000000e+02,6.27447637e-01,9.03147427e-06,-2.80820400e-05,-2.05325222e-03,5.06144829e-04,9.42303791e-05,5.38382412e-01,1.02700180e-05,-2.96801238e-05,8.90652242e-02,-1.23854374e-06,1.59808379e-06,-1.92750161e-03,5.23594724e-04,9.86163981e-05,-1.25750607e-04,-1.74498953e-05,-4.38601912e-06
8.94000000e+02,6.27510696e-01,3.83984566e-05,-3.21554733e-05,-2.08543049e-03,5.08243126e-04,3.50659162e-04,5.38440231e-01,3.70413949e-05,-3.30600531e-05,8.90704657e-02,1.35706170e-06,9.04579814e-07,-1.95761463e-03,5.22192196e-04,3.32214849e-04,-1.27815857e-04,-1.39490695e-05,1.84443130e-05
8.95000000e+02,6.27487194e-01,1.95131730e-05,-4.07705647e-05,-2.05872346e-03,6.08163967e-04,1.62113599e-04,5.38420437e-01,2.06908080e-05,-4.19522449e-05,8.90667555e-02,-1.17763506e-06,1.18168046e-06,-1.93294043e-03,6.21247001e-04,1.65520178e-04,-1.25783034e-04,-1.30830322e-05,-3.40657885e-06
8.96000000e+02,6.27550311e-01,3.30413928e-05,-3.43423363e-05,-2.08698623e-03,5.45045254e-04,3.29497344e-04,5.38478228e-01,3.22021834e-05,-3.55631847e-05,8.90720833e-02,8.39209432e-07,1.22084838e-06,-1.95932095e-03,5.60736109e-04,3.14141527e-04,-1.27665276e-04,-1.56908590e-05,1.53558174e-05
8.97000000e+02,6.27522553e-01,9.73671805e-06,-2.98226488e-05,-2.05513748e-03,5.17344701e-04,8.88187244e-05,5.38454345e-01,1.09651017e-05,-3.13266370e-05,8.90682097e-02,-1.22838369e-06,1.50398827e-06,-1.92946867e-03,5.34006106e-04,9.34581806e-05,-1.25668812e-04,-1.66614011e-05,-4.63945623e-06
8.98000000e+02,6.27585593e-01,3.67101101e-05,-3.29260110e-05,-2.08753963e-03,5.13629833e-04,3.35518433e-04,5.38512206e-01,3.54764500e-05,-3.38515332e-05,8.90733866e-02,1.23366013e-06,9.25522189e-07,-1.95980060e-03,5.27497487e-04,3.17507791e-04,-1.27739026e-04,-1.38676548e-05,1.80106418e-05
8.99000000e+02,6.27561395e-01,1.65942290e-05,-4.00076788e-05,-2.06015932e-03,6.00246482e-04,1.35039733e-04,5.38491782e-01,1.77533553e-05,-4.11517304e-05,8.90696149e-02,-1.15912626e-06,1.14405161e-06,-1.93446796e-03,6.12991640e-04,1.38292402e-04,-1.25691362e-04,-1.27451608e-05,-3.25266889e-06
9.00000000e+02,6.27622730e-01,3.23448141e-05,-3.34226606e-05,-2.08898158e-03,5.37737465e-04,3.23270649e-04,5.38547954e-01,3.14460882e-05,-3.46069551e-05,8.90747762e-02,8.98725989e-07,1.18429452e-06,-1.96138862e-03,5.52911536e-04,3.07329454e-04,-1.27592963e-04,-1.51740719e-05,1.59411948e-05
9.01000000e+02,6.27594326e-01,9.24663643e-06,-2.90990674e-05,-2.05796353e-03,5.14869463e-04,8.90234481e-05,5.38523472e-01,1.04817343e-05,-3.05862565e-05,8.90708575e-02,-1.23509783e-06,1.48718918e-06,-1.93237245e-03,5.30951347e-04,9.35027878e-05,-1.25591077e-04,-1.60818873e-05,-4.47933948e-06
9.02000000e+02,6.27656479e-01,3.59420010e-05,-3.21497614e-05,-2.08797791e-03,5.11589846e-04,3.29413380e-04,5.38580439e-01,3.46616218e-05,-3.30300367e-05,8.90760390e-02,1.28037923e-06,8.80275281e-07,-1.96034692e-03,5.24916368e-04,3.11128369e-04,-1.27630995e-04,-1.33265209e-05,1.82850115e-05
9.03000000e+02,6.27631965e-01,1.72147322e-05,-3.94282229e-05,-2.06145022e-03,5.98072012e-04,1.41339974e-04,5.38559746e-01,1.83801524e-05,-4.05145720e-05,8.90722218e-02,-1.16542020e-06,1.08634929e-06,-1.93581883e-03,6.10510746e-04,1.44638719e-04,-1.25631394e-04,-1.24387336e-05,-3.29874480e-06
9.04000000e+02,6.27694125e-01,3.09783195e-05,-3.27765457e-05,-2.09057313e-03,5.31312172e-04,3.14072413e-04,5.38616751e-01,3.01216199e-05,-3.39005028e-05,8.90773765e-02,8.56699589e-07,1.12395710e-06,-1.96301915e-03,5.46185840e-04,2.98356788e-04,-1.27553972e-04,-1.48736663e-05,1.57156250e-05
9.05000000e+02,6.27664500e-01,8.00592824e-06,-2.90750256e-05,-2.05764642e-03,5.08681223e-04,7.85189426e-05,5.38591106e-01,9.18728226e-06,-3.04571412e-05,8.90733932e-02,-1.18135404e-06,1.38211565e-06,-1.93215029e-03,5.24149313e-04,8.26137428e-05,-1.25496132e-04,-1.54680898e-05,-4.09480001e-06
9.06000000e+02,6.27725902e-01,3.59953319e-05,-3.44432769e-05,-2.08953748e-03,5.20163127e-04,3.28014920e-04,5.38647438e-01,3.46524524e-05,-3.51843352e-05,8.90784623e-02,1.34287951e-06,7.41058238e-07,-1.96197679e-03,5.32507748e-04,3.09308137e-04,-1.27560683e-04,-1.23446207e-05,1.87067827e-05
9.07000000e+02,6.27700871e-01,1.86720943e-05,-4.14730610e-05,-2.06382931e-03,6.08267411e-04,1.51504464e-04,5.38626290e-01,1.97905248e-05,-4.25545784e-05,8.90745821e-02,-1.11843047e-06,1.08151772e-06,-1.93827633e-03,6.20368541e-04,1.54442405e-04,-1.25552969e-04,-1.21011288e-05,-2.93794119e-06
9.08000000e+02,6.27761635e-01,3.35138633e-05,-3.39075844e-05,-2.09173297e-03,5.37907517e-04,3.30362610e-04,5.38681915e-01,3.26366945e-05,-3.50373783e-05,8.90797216e-02,8.77168773e-07,1.12979392e-06,-1.96424879e-03,5.52572638e-04,3.14697598e-04,-1.27484183e-04,-1.46651250e-05,1.56650119e-05
9.09000000e+02,6.27732068e-01,8.29195257e-06,-2.81863968e-05,-2.05845899e-03,4.99105080e-04,7.71682047e-05,5.38656378e-01,9.50507175e-06,-2.96031130e-05,8.90756908e-02,-1.21311917e-06,1.41671627e-06,-1.93303769e-03,5.14779037e-04,8.14882678e-05,-1.25421301e-04,-1.56739560e-05,-4.32006301e-06
9.10000000e+02,6.27793800e-01,3.64163759e-05,-3.28758067e-05,-2.09090609e-03,5.07462003e-04,3.28555194e-04,5.38713084e-01,3.51162385e-05,-3.36209915e-05,8.90807195e-02,1.30013738e-06,7.45184811e-07,-1.96340434e-03,5.19728502e-04,3.10201313e-04,-1.27501745e-04,-1.22665018e-05,1.83538815e-05
9.11000000e+02,6.27768112e-01,1.76523190e-05,-4.03345349e-05,-2.06409108e-03,5.97384043e-04,1.43336410e-04,5.38691321e-01,1.88272036e-05,-4.13304790e-05,8.90767906e-02,-1.17488463e-06,9.95944160e-07,-1.93858834e-03,6.08700801e-04,1.46576232e-04,-1.25502749e-04,-1.13167586e-05,-3.23982186e-06
9.12000000e+02,6.27828603e-01,3.27583419e-05,-3.37526969e-05,-2.09318169e-03,5.35419557e-04,3.24563329e-04,5.38746767e-01,3.18514789e-05,-3.48292211e-05,8.90818376e-02,9.06862950e-07,1.07652417e-06,-1.96577206e-03,5.49493161e-04,3.08685714e-04,-1.27409629e-04,-1.40736040e-05,1.58776149e-05
9.13000000e+02,6.27798846e-01,8.66878555e-06,-2.98821844e-05,-2.06155041e-03,5.13243079e-04,8.08497859e-05,5.38721087e-01,9.88608401e-06,-3.12316648e-05,8.90777581e-02,-1.21729845e-06,1.34948038e-06,-1.93617480e-03,5.28313555e-04,8.52127099e-05,-1.25375610e-04,-1.50704781e-05,-4.36292405e-06
9.14000000e+02,6.27858975e-01,3.47130479e-05,-3.36838268e-05,-2.09205848e-03,5.14063538e-04,3.16981249e-04,5.38776244e-01,3.34301542e-05,-3.44202114e-05,8.90827277e-02,1.28289369e-06,7.36384620e-07,-1.96465409e-03,5.26175615e-04,2.98542984e-04,-1.27404388e-04,-1.21120727e-05,1.84382657e-05
9.15000000e+02,6.27832657e-01,1.70636621e-05,-4.05403401e-05,-2.06491795e-03,5.97881915e-04,1.35193175e-04,5.38753917e-01,1.82141827e-05,-4.15447924e-05,8.90787397e-02,-1.15052052e-06,1.00445230e-06,-1.93950929e-03,6.09315315e-04,1.38665782e-04,-1.25408666e-04,-1.14334036e-05,-3.47260665e-06
9.16000000e+02,6.27893082e-01,3.12792046e-05,-3.32668042e-05,-2.09397425e-03,5.24544066e-04,3.13005469e-04,5.38809362e-01,3.04312842e-05,-3.42970205e-05,8.90837197e-02,8.47920429e-07,1.03021630e-06,-1.96661349e-03,5.38494667e-04,2.97420339e-04,-1.27360759e-04,-1.39506003e-05,1.55851298e-05
9.17000000e+02,6.27862118e-01,8.43903385e-06,-2.76383553e-05,-2.06170849e-03,4.90354818e-04,7.83147042e-05,5.38782558e-01,9.64745212e-06,-2.89928929e-05,8.90795590e-02,-1.20841827e-06,1.35453764e-06,-1.93644579e-03,5.05154891e-04,8.26131685e-05,-1.25262701e-04,-1.48000722e-05,-4.29846439e-06
9.18000000e+02,6.27921703e-01,3.60365919e-05,-3.21067858e-05,-2.09249283e-03,4.97305045e-04,3.22798366e-04,5.38837225e-01,3.47020162e-05,-3.27800159e-05,8.90844779e-02,1.33457566e-06,6.73230195e-07,-1.96513337e-03,5.08616809e-04,3.04341631e-04,-1.27359455e-04,-1.13117617e-05,1.84567358e-05
9.19000000e+02,6.27895389e-01,1.67954862e-05,-3.98233542e-05,-2.06472025e-03,5.90136817e-04,1.31344065e-04,5.38814918e-01,1.79555448e-05,-4.07478839e-05,8.90804705e-02,-1.16005852e-06,9.24529730e-07,-1.93935002e-03,6.00794029e-04,1.34631716e-04,-1.25370237e-04,-1.06572156e-05,-3.28765068e-06
9.20000000e+02,6.27956090e-01,3.18306926e-05,-3.17937001e-05,-2.09526780e-03,5.17817714e-04,3.11333918e-04,5.38870631e-01,3.09668862e-05,-3.27943518e-05,8.90854579e-02,8.63806367e-07,1.00065176e-06,-1.96797285e-03,5.31167183e-04,2.95881309e-04,-1.27294945e-04,-1.33494687e-05,1.54526099e-05
9.21000000e+02,6.27924905e-01,8.05736085e-06,-2.58989412e-05,-2.06459566e-03,4.76082694e-04,6.76226976e-05,5.38843609e-01,9.24680298e-06,-2.71616026e-05,8.90812949e-02,-1.18944210e-06,1.26266150e-06,-1.93930655e-03,4.90323885e-04,7.19797919e-05,-1.25289119e-04,-1.42411917e-05,-4.35709449e-06
9.22000000e+02,6.27984092e-01,3.48524805e-05,-3.17822995e-05,-2.09682811e-03,4.90813874e-04,3.10502198e-04,5.38897942e-01,3.35872313e-05,-3.23957496e-05,8.90861508e-02,1.26524920e-06,6.13450101e-07,-1.96950576e-03,5.01916342e-04,2.92227405e-04,-1.27322348e-04,-1.11024695e-05,1.82747940e-05
9.23000000e+02,6.27957043e-01,1.62933473e-05,-3.87754303e-05,-2.06895967e-03,5.77513879e-04,1.24121524e-04,5.38874965e-01,1.74390955e-05,-3.97009809e-05,8.90820772e-02,-1.14574828e-06,9.25550456e-07,-1.94365738e-03,5.88144380e-04,1.27317472e-04,-1.25302289e-04,-1.06305000e-05,-3.19594786e-06
9.24000000e+02,6.28016437e-01,2.92741539e-05,-3.11267438e-05,-2.09771714e-03,5.04818322e-04,2.93604413e-04,5.38929454e-01,2.84265296e-05,-3.21103223e-05,8.90869814e-02,8.47624257e-07,9.83578536e-07,-1.97049964e-03,5.17973717e-04,2.77878645e-04,-1.27217497e-04,-1.31553949e-05,1.57257681e-05
9.25000000e+02,6.27984489e-01,5.70709795e-06,-2.57732396e-05,-2.06591252e-03,4.71663716e-04,5.30500436e-05,5.38901739e-01,6.91344559e-06,-2.70458050e-05,8.90827514e-02,-1.20634764e-06,1.27256534e-06,-1.94073657e-03,4.85687627e-04,5.75263644e-05,-1.25175959e-04,-1.40239119e-05,-4.47632078e-06
9.26000000e+02,6.28042895e-01,3.42280298e-05,-3.03970553e-05,-2.09767774e-03,4.81074145e-04,2.98191411e-04,5.38955324e-01,3.28457236e-05,-3.10071591e-05,8.90875688e-02,1.38230621e-06,6.10103811e-07,-1.97037895e-03,4.91834881e-04,2.79810899e-04,-1.27298790e-04,-1.07607351e-05,1.83805119e-05
9.27000000e+02,6.28015258e-01,1.50055510e-05,-3.62801929e-05,-2.07024072e-03,5.55177931e-04,1.05749575e-04,5.38931780e-01,1.61793305e-05,-3.71854152e-05,8.90834773e-02,-1.17377948e-06,9.05222352e-07,-1.94499249e-03,5.65706651e-04,1.09189367e-04,-1.25248224e-04,-1.05287155e-05,-3.43979221e-06
9.28000000e+02,6.28073812e-01,2.93995762e-05,-2.91807146e-05,-2.09944375e-03,4.85788249e-04,2.83295605e-04,5.38985467e-01,2.85426759e-05,-3.01030910e-05,8.90883453e-02,8.56900370e-07,9.22376462e-07,-1.97226290e-03,4.98575428e-04,2.67688139e-04,-1.27180846e-04,-1.27871765e-05,1.56074651e-05
9.29000000e+02,6.28041740e-01,5.75502473e-06,-2.54786421e-05,-2.06803918e-03,4.62729271e-04,4.51386954e-05,5.38957655e-01,6.94637458e-06,-2.66319796e-05,8.90840839e-02,-1.19134985e-06,1.15333740e-06,-1.94292151e-03,4.75993639e-04,4.93469727e-05,-1.25117679e-04,-1.32643678e-05,-4.20827701e-06
9.30000000e+02,6.28099725e-01,3.27064006e-05,-2.96297689e-05,-2.09937263e-03,4.65864586e-04,2.89572067e-04,5.39010851e-01,3.14074946e-05,-3.01930315e-05,8.90888736e-02,1.29890598e-06,5.63262627e-07,-1.97214896e-03,4.76162948e-04,2.71204294e-04,-1.27223666e-04,-1.02983617e-05,1.83677729e-05
9.31000000e+02,6.28072314e-01,1.42251004e-05,-3.54863113e-05,-2.07331284e-03,5.45997431e-04,9.96605892e-05,5.38987571e-01,1.53806163e-05,-3.63719457e-05,8.90847448e-02,-1.15551589e-06,8.85634410e-07,-1.94808275e-03,5.55980879e-04,1.03038103e-04,-1.25230087e-04,-9.98345091e-06,-3.37751404e-06
9.32000000e+02,6.28130774e-01,2.84413227e-05,-2.66040580e-05,-2.10215710e-03,4.65660470e-04,2.72615837e-04,5.39041184e-01,2.75499947e-05,-2.75175299e-05,8.90895895e-02,8.91327984e-07,9.13471876e-07,-1.97501937e-03,4.78047724e-04,2.56914126e-04,-1.27137730e-04,-1.23872541e-05,1.57017111e-05
9.33000000e+02,6.28098570e-01,4.58640888e-06,-2.33266844e-05,-2.06918188e-03,4.47066037e-04,3.45800400e-05,5.39013240e-01,5.83155569e-06,-2.44789743e-05,8.90853276e-02,-1.24514680e-06,1.15228987e-06,-1.94410809e-03,4.60166413e-04,3.90681350e-05,-1.25073787e-04,-1.31003762e-05,-4.48809499e-06
9.34000000e+02,6.28156960e-01,3.06658825e-05,-2.92342346e-05,-2.10025513e-03,4.62391129e-04,2.69719864e-04,5.39066923e-01,2.93964992e-05,-2.97332304e-05,8.90900384e-02,1.26938325e-06,4.98995788e-07,-1.97310926e-03,4.72352583e-04,2.51616792e-04,-1.27145861e-04,-9.96145401e-06,1.81030716e-05
9.35000000e+02,6.28127969e-01,1.16934936e-05,-3.51940457e-05,-2.07419440e-03,5.39846150e-04,7.87945645e-05,5.39042102e-01,1.28229911e-05,-3.59874296e-05,8.90858641e-02,-1.12949747e-06,7.93383858e-07,-1.94898514e-03,5.49175217e-04,8.19578731e-05,-1.25209252e-04,-9.32906622e-06,-3.16330874e-06
9.36000000e+02,6.28185426e-01,2.59743618e-05,-2.56530078e-05,-2.10393498e-03,4.55829308e-04,2.53565532e-04,5.39094766e-01,2.50796285e-05,-2.65567402e-05,8.90906597e-02,8.94733337e-07,9.03732485e-07,-1.97683714e-03,4.67926599e-04,2.37802330e-04,-1.27097844e-04,-1.20972917e-05,1.57632022e-05
9.37000000e+02,6.28152848e-01,2.18829282e-06,-2.19735297e-05,-2.07227907e-03,4.35739695e-04,1.05161941e-05,5.39066514e-01,3.38043273e-06,-2.31059249e-05,8.90863348e-02,-1.19213991e-06,1.13239524e-06,-1.94725679e-03,4.48465078e-04,1.48564278e-05,-1.25022286e-04,-1.27253822e-05,-4.34023368e-06
9.38000000e+02,6.28210106e-01,2.94061971e-05,-2.72087664e-05,-2.10358026e-03,4.48397304e-04,2.56353187e-04,5.39119053e-01,2.81159712e-05,-2.76766999e-05,8.90910522e-02,1.29022594e-06,4.67933523e-07,-1.97643227e-03,4.57905098e-04,2.37969959e-04,-1.27147987e-04,-9.50779384e-06,1.83832280e-05
9.39000000e+02,6.28180306e-01,1.07943936e-05,-3.43272003e-05,-2.07618734e-03,5.33179470e-04,6.71447883e-05,5.39093490e-01,1.19389637e-05,-3.50888619e-05,8.90868176e-02,-1.14457009e-06,7.61661662e-07,-1.95108594e-03,5.42307913e-04,7.04569285e-05,-1.25101408e-04,-9.12844315e-06,-3.31214044e-06
9.40000000e+02,6.28237992e-01,2.56930723e-05,-2.65944784e-05,-2.10586920e-03,4.56723535e-04,2.46624025e-04,5.39146407e-01,2.48008793e-05,-2.73785298e-05,8.90915837e-02,8.92192933e-07,7.84051347e-07,-1.97885084e-03,4.68219327e-04,2.30912591e-04,-1.27018367e-04,-1.14957919e-05,1.57114332e-05
9.41000000e+02,6.28204706e-01,1.11638210e-06,-2.25618347e-05,-2.07294061e-03,4.35984991e-04,2.32560618e-06,5.39117478e-01,2.29199769e-06,-2.36978397e-05,8.90872276e-02,-1.17561558e-06,1.13600497e-06,-1.94799007e-03,4.48596264e-04,6.23442120e-06,-1.24950534e-04,-1.26112724e-05,-3.90881504e-06
9.42000000e+02,6.28261093e-01,2.88620820e-05,-2.69886636e-05,-2.10329178e-03,4.46904829e-04,2.47869649e-04,5.39169188e-01,2.74802520e-05,-2.74529388e-05,8.90919054e-02,1.38183002e-06,4.64275270e-07,-1.97622616e-03,4.56011395e-04,2.28996388e-04,-1.27065617e-04,-9.10656602e-06,1.88732612e-05
9.43000000e+02,6.28232293e-01,1.16432984e-05,-3.39716240e-05,-2.07728044e-03,5.33906353e-04,7.20003669e-05,5.39144601e-01,1.27899164e-05,-3.46820444e-05,8.90876910e-02,-1.14661802e-06,7.10420430e-07,-1.95217907e-03,5.42415316e-04,7.51696438e-05,-1.25101364e-04,-8.50896324e-06,-3.16927695e-06
9.44000000e+02,6.28288858e-01,2.56749797e-05,-2.55913803e-05,-2.10816179e-03,4.53219501e-04,2.45738183e-04,5.39196452e-01,2.47956798e-05,-2.63827157e-05,8.90924076e-02,8.79299963e-07,7.91335419e-07,-1.98114319e-03,4.64601006e-04,2.30051418e-04,-1.27018599e-04,-1.13815058e-05,1.56867645e-05
9.45000000e+02,6.28254989e-01,1.71949885e-06,-2.20472519e-05,-2.07593566e-03,4.31831532e-04,1.91618759e-07,5.39166913e-01,2.87424959e-06,-2.31017871e-05,8.90880796e-02,-1.15475073e-06,1.05453521e-06,-1.95099021e-03,4.43985050e-04,4.30324724e-06,-1.24945452e-04,-1.21535184e-05,-4.11162849e-06
9.46000000e+02,6.28311878e-01,2.79489423e-05,-2.61918458e-05,-2.10628365e-03,4.35086615e-04,2.35916680e-04,5.39219168e-01,2.66187840e-05,-2.66408140e-05,8.90927103e-02,1.33015833e-06,4.48968146e-07,-1.97927523e-03,4.44252600e-04,2.17259837e-04,-1.27008417e-04,-9.16598481e-06,1.86568436e-05
9.47000000e+02,6.28282027e-01,9.64719162e-06,-3.25619875e-05,-2.07900200e-03,5.15053043e-04,5.10989644e-05,5.39193604e-01,1.07724758e-05,-3.32758079e-05,8.90884228e-02,-1.12528419e-06,7.13820434e-07,-1.95397700e-03,5.23604256e-04,5.41462613e-05,-1.25024993e-04,-8.55121095e-06,-3.04729707e-06
9.48000000e+02,6.28338593e-01,2.42297904e-05,-2.43986790e-05,-2.10807370e-03,4.39550297e-04,2.33047486e-04,5.39245455e-01,2.33521634e-05,-2.51435475e-05,8.90931379e-02,8.77627056e-07,7.44868518e-07,-1.98114585e-03,4.50308790e-04,2.17120783e-04,-1.26927852e-04,-1.07584919e-05,1.59267029e-05
9.49000000e+02,6.28304548e-01,4.43927738e-07,-2.10952412e-05,-2.07638463e-03,4.22070800e-04,-5.96591146e-06,5.39215822e-01,1.61973715e-06,-2.20960971e-05,8.90887274e-02,-1.17580941e-06,1.00085586e-06,-1.95150275e-03,4.33630513e-04,-1.94745869e-06,-1.24881877e-04,-1.15597127e-05,-4.01845275e-06
9.50000000e+02,6.28360289e-01,2.77878055e-05,-2.68707368e-05,-2.10779299e-03,4.39821611e-04,2.37184614e-04,5.39266964e-01,2.64397780e-05,-2.72382679e-05,8.90933254e-02,1.34802757e-06,3.67531110e-07,-1.98078509e-03,4.48214375e-04,2.18640422e-04,-1.27007908e-04,-8.39276401e-06,1.85441921e-05
9.51000000e+02,6.28330127e-01,7.86741903e-06,-3.41997957e-05,-2.08070015e-03,5.28029448e-04,3.69437293e-05,5.39241066e-01,9.00839409e-06,-3.48318477e-05,8.90890616e-02,-1.14097508e-06,6.32052007e-07,-1.95571850e-03,5.35945352e-04,4.02381706e-05,-1.24981646e-04,-7.91590472e-06,-3.29444133e-06
9.52000000e+02,6.28387043e-01,2.26346005e-05,-2.59260253e-05,-2.10927270e-03,4.50556574e-04,2.13497481e-04,5.39293298e-01,2.17064420e-05,-2.66815048e-05,8.90937440e-02,9.28158475e-07,7.55479534e-07,-1.98239794e-03,4.61395644e-04,1.97544712e-04,-1.26874759e-04,-1.08390703e-05,1.59527696e-05
9.53000000e+02,6.28352493e-01,-3.39527408e-07,-2.15807089e-05,-2.07696022e-03,4.24782788e-04,-1.91227275e-05,5.39263183e-01,8.22539569e-07,-2.25809471e-05,8.90893082e-02,-1.16206698e-06,1.00023816e-06,-1.95211997e-03,4.36343999e-04,-1.53090603e-05,-1.24840241e-04,-1.15612106e-05,-3.81366725e-06
9.54000000e+02,6.28407864e-01,2.64454213e-05,-2.68259530e-05,-2.10850745e-03,4.36763939e-04,2.22396358e-04,5.39313975e-01,2.50790573e-05,-2.71763266e-05,8.90938887e-02,1.36636394e-06,3.50373624e-07,-1.98157519e-03,4.45025882e-04,2.03404678e-04,-1.26932258e-04,-8.26194281e-06,1.89916797e-05
9.55000000e+02,6.28377527e-01,8.37030218e-06,-3.26692981e-05,-2.08188266e-03,5.15615160e-04,3.65951277e-05,5.39287918e-01,9.46278779e-06,-3.33237321e-05,8.90896093e-02,-1.09248561e-06,6.54433993e-07,-1.95694201e-03,5.23432594e-04,3.95028434e-05,-1.24940657e-04,-7.81743692e-06,-2.90771569e-06
9.56000000e+02,6.28433342e-01,2.19337754e-05,-2.42027454e-05,-2.11047523e-03,4.35858602e-04,2.10631410e-04,5.39339107e-01,2.10404464e-05,-2.48968029e-05,8.90942369e-02,8.93329058e-07,6.94057449e-07,-1.98360609e-03,4.46152407e-04,1.94435705e-04,-1.26869147e-04,-1.02938051e-05,1.61957054e-05
9.57000000e+02,6.28398543e-01,-1.77131440e-06,-2.08254964e-05,-2.07846277e-03,4.18037832e-04,-2.80363767e-05,5.39308739e-01,-6.40158923e-07,-2.17809433e-05,8.90898023e-02,-1.13115548e-06,9.55446912e-07,-1.95363674e-03,4.29157341e-04,-2.44442824e-05,-1.24826026e-04,-1.11195094e-05,-3.59209432e-06
9.58000000e+02,6.28453673e-01,2.67739031e-05,-2.65704959e-05,-2.10918980e-03,4.33091359e-04,2.26207728e-04,5.39359325e-01,2.54025627e-05,-2.68819665e-05,8.90943481e-02,1.37134031e-06,3.11470555e-07,-1.98228936e-03,4.41074364e-04,2.07285997e-04,-1.26900447e-04,-7.98300553e-06,1.89217315e-05
9.59000000e+02,6.28422457e-01,6.64653791e-06,-3.19561847e-05,-2.08223395e-03,5.05138576e-04,2.87592745e-05,5.39332439e-01,7.78690059e-06,-3.25661158e-05,8.90900205e-02,-1.14036269e-06,6.09931138e-07,-1.95734719e-03,5.12673386e-04,3.15771844e-05,-1.24886760e-04,-7.53481028e-06,-2.81790988e-06
9.60000000e+02,6.28477723e-01,2.17156982e-05,-2.28426402e-05,-2.11085119e-03,4.25084603e-04,2.07032479e-04,5.39383115e-01,2.07551508e-05,-2.35235563e-05,8.90946069e-02,9.60547368e-07,6.80916124e-07,-1.98405776e-03,4.34929847e-04,1.90722324e-04,-1.26793427e-04,-9.84524379e-06,1.63101556e-05
9.61000000e+02,6.28442508e-01,-2.20646000e-06,-2.04171807e-05,-2.07792364e-03,4.18467494e-04,-3.25526442e-05,5.39352369e-01,-1.06576083e-06,-2.13559205e-05,8.90901388e-02,-1.14069918e-06,9.38739796e-07,-1.95315033e-03,4.29187193e-04,-2.88640237e-05,-1.24773311e-04,-1.07196992e-05,-3.68862056e-06
9.62000000e+02,6.28497194e-01,2.41732116e-05,-2.47446183e-05,-2.10904092e-03,4.25140355e-04,2.04713895e-04,5.39402516e-01,2.27891253e-05,-2.50590148e-05,8.90946784e-02,1.38408628e-06,3.14396489e-07,-1.98217056e-03,4.32903350e-04,1.85539388e-04,-1.26870353e-04,-7.76299452e-06,1.91745065e-05
9.63000000e+02,6.28466083e-01,7.17114049e-06,-3.21681820e-05,-2.08262815e-03,5.09568023e-04,2.46235373e-05,5.39375743e-01,8.18688526e-06,-3.27137164e-05,8.90903372e-02,-1.01574478e-06,5.45534419e-07,-1.95776813e-03,5.16818026e-04,2.70160954e-05,-1.24860018e-04,-7.25000222e-06,-2.39255802e-06
9.64000000e+02,6.28521575e-01,2.16878393e-05,-2.48673731e-05,-2.11170081e-03,4.35187082e-04,2.03817233e-04,5.39426659e-01,2.07364692e-05,-2.54734635e-05,8.90949154e-02,9.51370124e-07,6.06090489e-07,-1.98490376e-03,4.44938574e-04,1.87326091e-04,-1.26797047e-04,-9.75149206e-06,1.64911417e-05
9.65000000e+02,6.28486138e-01,-1.37943872e-06,-2.03878730e-05,-2.07879092e-03,4.10529193e-04,-2.85746376e-05,5.39395700e-01,-2.58614517e-07,-2.13048832e-05,8.90904360e-02,-1.12082420e-06,9.17010229e-07,-1.95404533e-03,4.21068667e-04,-2.52321819e-05,-1.24745596e-04,-1.05394743e-05,-3.34245564e-06
9.66000000e+02,6.28540649e-01,2.61380554e-05,-2.55929573e-05,-2.10889281e-03,4.23362236e-04,2.16049857e-04,5.39445738e-01,2.46855486e-05,-2.58679845e-05,8.90949111e-02,1.45250682e-06,2.75027206e-07,-1.98210972e-03,4.30817322e-04,1.96489945e-04,-1.26783083e-04,-7.45508646e-06,1.95599122e-05
9.67000000e+02,6.28508904e-01,8.07385121e-06,-3.06656014e-05,-2.08092313e-03,4.96683450e-04,3.28743993e-05,5.39418377e-01,9.12584204e-06,-3.12658658e-05,8.90905305e-02,-1.05199082e-06,6.00264395e-07,-1.95611690e-03,5.03904684e-04,3.51596286e-05,-1.24806235e-04,-7.22123369e-06,-2.28522934e-06
9.68000000e+02,6.28564151e-01,2.19391458e-05,-2.27932075e-05,-2.10999639e-03,4.22283737e-04,2.03635150e-04,5.39469017e-01,2.09464702e-05,-2.34017649e-05,8.90951328e-02,9.92675572e-07,6.08557468e-07,-1.98322160e-03,4.31707522e-04,1.86918443e-04,-1.26774786e-04,-9.42378442e-06,1.67167070e-05
9.69000000e+02,6.28528959e-01,-1.19574085e-06,-2.04828229e-05,-2.07750784e-03,4.10327913e-04,-3.19622686e-05,5.39438299e-01,-1.33382442e-07,-2.13294272e-05,8.90906574e-02,-1.06235840e-06,8.46604274e-07,-1.95274571e-03,4.20551284e-04,-2.88960524e-05,-1.24762123e-04,-1.02233716e-05,-3.06621616e-06
9.70000000e+02,6.28583945e-01,2.48854385e-05,-2.57565603e-05,-2.11049650e-03,4.24611132e-04,2.10132332e-04,5.39488796e-01,2.35349181e-05,-2.59916776e-05,8.90951480e-02,1.35052043e-06,2.35117319e-07,-1.98362094e-03,4.31725887e-04,1.90736821e-04,-1.26875558e-04,-7.11475449e-06,1.93955108e-05
9.71000000e+02,6.28551111e-01,6.00095067e-06,-3.17191838e-05,-2.08277104e-03,5.02157062e-04,2.00070203e-05,5.39460377e-01,7.08655795e-06,-3.22723769e-05,8.90907317e-02,-1.08560727e-06,5.53193105e-07,-1.95796958e-03,5.09082727e-04,2.25867556e-05,-1.24801453e-04,-6.92566698e-06,-2.57973529e-06
9.72000000e+02,6.28605175e-01,1.91392366e-05,-2.28200949e-05,-2.11274050e-03,4.19304989e-04,1.87146443e-04,5.39509928e-01,1.81589170e-05,-2.34191333e-05,8.90952495e-02,9.80319607e-07,5.99038367e-07,-1.98601596e-03,4.28635180e-04,1.70366076e-04,-1.26724542e-04,-9.33019156e-06,1.67803666e-05
9.73000000e+02,6.28568773e-01,-3.40144604e-06,-1.98974190e-05,-2.08042044e-03,4.05995823e-04,-4.25649004e-05,5.39478043e-01,-2.32133402e-06,-2.07498284e-05,8.90907278e-02,-1.08011203e-06,8.52409408e-07,-1.95570472e-03,4.16095878e-04,-3.95628354e-05,-1.24715722e-04,-1.01000547e-05,-3.00206501e-06
9.74000000e+02,6.28622779e-01,2.47031180e-05,-2.39365548e-05,-2.11103774e-03,4.10631748e-04,2.02939830e-04,5.39527567e-01,2.32034188e-05,-2.41868465e-05,8.90952126e-02,1.49969921e-06,2.50291693e-07,-1.98426545e-03,4.17746298e-04,1.83127204e-04,-1.26772283e-04,-7.11454991e-06,1.98126267e-05
9.75000000e+02,6.28590679e-01,6.25568770e-06,-3.04780829e-05,-2.08351366e-03,4.93023188e-04,1.74879984e-05,5.39499841e-01,7.32072893e-06,-3.09815481e-05,8.90908394e-02,-1.06504120e-06,5.03465163e-07,-1.95872573e-03,4.99562784e-04,1.98017736e-05,-1.24787932e-04,-6.53959537e-06,-2.31377524e-06
9.76000000e+02,6.28645078e-01,2.14178511e-05,-2.22754301e-05,-2.11291642e-03,4.13001060e-04,2.02573609e-04,5.39549738e-01,2.04247960e-05,-2.27987441e-05,8.90953406e-02,9.93055072e-07,5.23314000e-07,-1.98619372e-03,4.21905592e-04,1.85594614e-04,-1.26722693e-04,-8.90453167e-06,1.69789960e-05
9.77000000e+02,6.28608104e-01,-1.35464771e-06,-1.86638194e-05,-2.08072942e-03,3.92704026e-04,-2.87963975e-05,5.39517324e-01,-2.99110526e-07,-1.95071946e-05,8.90907819e-02,-1.05553718e-06,8.43375212e-07,-1.95605938e-03,4.02700502e-04,-2.59560257e-05,-1.24670034e-04,-9.99647560e-06,-2.84037189e-06
9.78000000e+02,6.28660873e-01,2.56703470e-05,-2.44452541e-05,-2.11154590e-03,4.13303717e-04,2.14784521e-04,5.39565646e-01,2.41964428e-05,-2.46433194e-05,8.90952262e-02,1.47390423e-06,1.98065209e-07,-1.98481487e-03,4.19746203e-04,1.94769705e-04,-1.26731034e-04,-6.44248592e-06,2.00148157e-05
9.79000000e+02,6.28628178e-01,7.05324825e-06,-3.09841296e-05,-2.08376259e-03,4.98578030e-04,2.31360803e-05,5.39537355e-01,8.05931921e-06,-3.14705692e-05,8.90908227e-02,-1.00607096e-06,4.86439552e-07,-1.95901640e-03,5.04761261e-04,2.51554887e-05,-1.24746189e-04,-6.18323055e-06,-2.01940834e-06
9.80000000e+02,6.28682663e-01,2.16835634e-05,-2.28278476e-05,-2.11260335e-03,4.23572932e-04,2.00803919e-04,5.39587307e-01,2.06440664e-05,-2.33987039e-05,8.90953554e-02,1.03949697e-06,5.70856329e-07,-1.98591164e-03,4.32524502e-04,1.83534650e-04,-1.26691713e-04,-8.95156972e-06,1.72692678e-05
9.81000000e+02,6.28646296e-01,-1.75313057e-06,-1.84699510e-05,-2.08016223e-03,3.96782895e-04,-3.31466262e-05,5.39555488e-01,-6.97097845e-07,-1.93266520e-05,8.90908095e-02,-1.05603272e-06,8.56701044e-07,-1.95547259e-03,4.06858970e-04,-3.05365073e-05,-1.24689636e-04,-1.00760751e-05,-2.61011888e-06
9.82000000e+02,6.28700239e-01,2.55673104e-05,-2.48944986e-05,-2.11149434e-03,4.14806631e-04,2.14183123e-04,5.39604997e-01,2.41126071e-05,-2.50215424e-05,8.90952425e-02,1.45470326e-06,1.27043831e-07,-1.98472754e-03,4.21230360e-04,1.94248057e-04,-1.26766798e-04,-6.42372929e-06,1.99350669e-05
9.83000000e+02,6.28667164e-01,6.83287921e-06,-3.22569719e-05,-2.08550163e-03,5.03002780e-04,2.64661744e-05,5.39576348e-01,7.86389943e-06,-3.26992296e-05,8.90908153e-02,-1.03102023e-06,4.42257705e-07,-1.96075178e-03,5.08918539e-04,2.84155457e-05,-1.24749853e-04,-5.91575778e-06,-1.94937123e-06
9.84000000e+02,6.28720224e-01,1.98847473e-05,-2.29786284e-05,-2.11381069e-03,4.20505658e-04,1.90791226e-04,5.39624943e-01,1.88430095e-05,-2.35504626e-05,8.90952822e-02,1.04173781e-06,5.71834234e-07,-1.98715099e-03,4.29241627e-04,1.73600766e-04,-1.26659703e-04,-8.73596910e-06,1.71904602e-05
9.85000000e+02,6.28682729e-01,-3.68609776e-06,-1.81652750e-05,-2.08070753e-03,3.93282673e-04,-4.86444148e-05,5.39592030e-01,-2.63413221e-06,-1.90024029e-05,8.90907002e-02,-1.05196555e-06,8.37127831e-07,-1.95605661e-03,4.03178112e-04,-4.58142502e-05,-1.24650914e-04,-9.89543890e-06,-2.83016486e-06
9.86000000e+02,6.28735463e-01,2.37855169e-05,-2.23430372e-05,-2.11229121e-03,4.01966633e-04,2.00505803e-04,5.39640360e-01,2.23024985e-05,-2.25145259e-05,8.90951037e-02,1.48301833e-06,1.71488721e-07,-1.98554723e-03,4.08071966e-04,1.80218497e-04,-1.26743983e-04,-6.10533232e-06,2.02873053e-05
9.87000000e+02,6.28701815e-01,6.74809415e-06,-2.99617027e-05,-2.08508893e-03,4.90537645e-04,2.42877964e-05,5.39611167e-01,7.72388657e-06,-3.03539304e-05,8.90906515e-02,-9.75792445e-07,3.92227814e-07,-1.96037191e-03,4.96113252e-04,2.58618284e-05,-1.24717017e-04,-5.57560599e-06,-1.57403196e-06
9.88000000e+02,6.28755404e-01,2.19014906e-05,-2.29694132e-05,-2.11420741e-03,4.19058588e-04,2.07652076e-04,5.39660290e-01,2.08529781e-05,-2.34001602e-05,8.90951118e-02,1.04851250e-06,4.30747034e-07,-1.98754615e-03,4.27091401e-04,1.90157206e-04,-1.26661266e-04,-8.03281287e-06,1.74948698e-05
9.89000000e+02,6.28718329e-01,-1.89945935e-06,-1.90709222e-05,-2.08115677e-03,3.97968395e-04,-3.34115406e-05,5.39627779e-01,-8.56776147e-07,-1.98710940e-05,8.90905484e-02,-1.04268321e-06,8.00171740e-07,-1.95652718e-03,4.07470841e-04,-3.07817822e-05,-1.24629587e-04,-9.50244583e-06,-2.62975841e-06
9.90000000e+02,6.28770324e-01,2.43705263e-05,-2.39427154e-05,-2.11223001e-03,4.07191767e-04,1.99532969e-04,5.39675428e-01,2.28610958e-05,-2.40929360e-05,8.90948959e-02,1.50943056e-06,1.50220565e-07,-1.98555398e-03,4.13426955e-04,1.79403774e-04,-1.26676032e-04,-6.23518837e-06,2.01291954e-05
9.91000000e+02,6.28736719e-01,6.68814331e-06,-2.94610510e-05,-2.08604721e-03,4.82073413e-04,2.16684839e-05,5.39646231e-01,7.63836047e-06,-2.99025929e-05,8.90904924e-02,-9.50217149e-07,4.41541935e-07,-1.96133048e-03,4.87830119e-04,2.28654152e-05,-1.24716729e-04,-5.75670710e-06,-1.19693128e-06
9.92000000e+02,6.28790215e-01,2.27363047e-05,-2.19767169e-05,-2.11553471e-03,4.11908038e-04,2.08375587e-04,5.39695230e-01,2.16277916e-05,-2.24472807e-05,8.90949827e-02,1.10851315e-06,4.70563779e-07,-1.98889191e-03,4.19984472e-04,1.90694366e-04,-1.26642802e-04,-8.07643485e-06,1.76812214e-05
9.93000000e+02,6.28752428e-01,-9.33387926e-07,-1.88596082e-05,-2.08233572e-03,3.96349959e-04,-3.26593786e-05,5.39662025e-01,1.21686569e-07,-1.96415262e-05,8.90904002e-02,-1.05507449e-06,7.81917962e-07,-1.95772547e-03,4.05712602e-04,-2.99036020e-05,-1.24610247e-04,-9.36264357e-06,-2.75577654e-06
9.94000000e+02,6.28805376e-01,2.40469818e-05,-2.37665660e-05,-2.11488222e-03,4.07328245e-04,1.95699122e-04,5.39710592e-01,2.25868477e-05,-2.38648712e-05,8.90947839e-02,1.46013420e-06,9.83052063e-08,-1.98818370e-03,4.13016472e-04,1.75519143e-04,-1.26698523e-04,-5.68822707e-06,2.01799786e-05
9.95000000e+02,6.28770942e-01,5.11864859e-06,-3.10111827e-05,-2.08638177e-03,4.92555087e-04,5.73667930e-06,5.39680637e-01,6.12188348e-06,-3.13751321e-05,8.90903045e-02,-1.00323489e-06,3.63949422e-07,-1.96170318e-03,4.97880364e-04,7.40618363e-06,-1.24678594e-04,-5.32528046e-06,-1.66950429e-06
9.96000000e+02,6.28823556e-01,1.87677828e-05,-2.31873808e-05,-2.11495116e-03,4.16824933e-04,1.81343442e-04,5.39728788e-01,1.76905845e-05,-2.36172472e-05,8.90947683e-02,1.07719831e-06,4.29866384e-07,-1.98832319e-03,4.24646136e-04,1.63415644e-04,-1.26627965e-04,-7.82120302e-06,1.79277976e-05
9.97000000e+02,6.28786267e-01,-3.48134808e-06,-2.13088766e-05,-2.08288778e-03,4.13977109e-04,-4.45878060e-05,5.39696105e-01,-2.46556198e-06,-2.20754702e-05,8.90901610e-02,-1.01578610e-06,7.66593588e-07,-1.95826466e-03,4.23093298e-04,-4.23100638e-05,-1.24623125e-04,-9.11618938e-06,-2.27774221e-06
9.98000000e+02,6.28838389e-01,2.36292905e-05,-2.63564637e-05,-2.11477627e-03,4.29713856e-04,1.97152825e-04,5.39743874e-01,2.21009588e-05,-2.64822867e-05,8.90945147e-02,1.52833170e-06,1.25823006e-07,-1.98805666e-03,4.35383251e-04,1.76721193e-04,-1.26719610e-04,-5.66939448e-06,2.04316321e-05
9.99000000e+02,6.28804594e-01,5.94132674e-06,-3.11851451e-05,-2.08805146e-03,4.97431686e-04,1.52757228e-05,5.39714530e-01,6.89065858e-06,-3.15725300e-05,8.90900668e-02,-9.49331831e-07,3.87384922e-07,-1.96336380e-03,5.02787824e-04,1.65969894e-05,-1.24687659e-04,-5.35614113e-06,-1.32126664e-06
1.00000000e+03,6.28856612e-01,2.10820661e-05,-2.26986476e-05,-2.11701036e-03,4.19012259e-04,1.97198014e-04,5.39762151e-01,1.99596144e-05,-2.31251887e-05,8.90944633e-02,1.12245171e-06,4.26541063e-07,-1.99041911e-03,4.26670195e-04,1.79210596e-04,-1.26591255e-04,-7.65793550e-06,1.79874176e-05
1.00100000e+03,6.28817273e-01,-1.74957231e-06,-1.99012245e-05,-2.08403451e-03,4.06899430e-04,-3.48248582e-05,5.39727442e-01,-7.59709085e-07,-2.06456151e-05,8.90898311e-02,-9.89863225e-07,7.44390687e-07,-1.95950900e-03,4.15973792e-04,-3.26892943e-05,-1.24525510e-04,-9.07436148e-06,-2.13556392e-06
1.00200000e+03,6.28868730e-01,2.44806996e-05,-2.46587316e-05,-2.11424074e-03,4.15979942e-04,2.05701409e-04,5.39774542e-01,2.29799979e-05,-2.47556312e-05,8.90941906e-02,1.50070175e-06,9.68995623e-08,-1.98761589e-03,4.21645996e-04,1.85016108e-04,-1.26624844e-04,-5.66605311e-06,2.06853009e-05
1.00300000e+03,6.28834709e-01,6.06740255e-06,-3.13802069e-05,-2.08745509e-03,4.96874938e-04,1.82656577e-05,5.39744975e-01,7.01606781e-06,-3.17347178e-05,8.90897365e-02,-9.48665266e-07,3.54510966e-07,-1.96275976e-03,5.02120420e-04,1.95753120e-05,-1.24695319e-04,-5.24548137e-06,-1.30965431e-06
1.00400000e+03,6.28887396e-01,1.99053076e-05,-2.27751674e-05,-2.11690128e-03,4.13948423e-04,1.91938785e-04,5.39793239e-01,1.87948912e-05,-2.31926079e-05,8.90941579e-02,1.11041649e-06,4.17440471e-07,-1.99032730e-03,4.21679483e-04,1.73817343e-04,-1.26573974e-04,-7.73105919e-06,1.81214421e-05
1.00500000e+03,6.28849173e-01,-2.12079709e-06,-1.98659976e-05,-2.08393741e-03,4.02373188e-04,-3.65744245e-05,5.39759607e-01,-1.17084935e-06,-2.05833251e-05,8.90895654e-02,-9.49947743e-07,7.17327430e-07,-1.95938204e-03,4.11101505e-04,-3.47319737e-05,-1.24555370e-04,-8.72831698e-06,-1.84245074e-06
1.00600000e+03,6.28901265e-01,2.51362017e-05,-2.48363249e-05,-2.11700933e-03,4.15839848e-04,2.03554788e-04,5.39807384e-01,2.35647770e-05,-2.49073649e-05,8.90938821e-02,1.57142466e-06,7.10399877e-08,-1.99035528e-03,4.21145844e-04,1.82802623e-04,-1.26654050e-04,-5.30599645e-06,2.07521652e-05
1.00700000e+03,6.28865676e-01,6.47352751e-06,-3.16571212e-05,-2.08918430e-03,5.00723965e-04,1.88083029e-05,5.39776293e-01,7.47239716e-06,-3.20239383e-05,8.90893837e-02,-9.98869647e-07,3.66817118e-07,-1.96454633e-03,5.05770723e-04,2.01990579e-05,-1.24637974e-04,-5.04675444e-06,-1.39075502e-06
1.00800000e+03,6.28917519e-01,2.03966637e-05,-2.40815095e-05,-2.11747197e-03,4.28426374e-04,1.91180782e-04,5.39823708e-01,1.92649311e-05,-2.44828486e-05,8.90938121e-02,1.13173259e-06,4.01339151e-07,-1.99095992e-03,4.35863499e-04,1.73069400e-04,-1.26512050e-04,-7.43712521e-06,1.81113824e-05
1.00900000e+03,6.28879724e-01,-2.78374509e-06,-1.97288921e-05,-2.08472964e-03,4.04546402e-04,-4.50054063e-05,5.39790524e-01,-1.83649903e-06,-2.04500046e-05,8.90892004e-02,-9.47246056e-07,7.21112497e-07,-1.96020262e-03,4.13278200e-04,-4.30936278e-05,-1.24527021e-04,-8.73179753e-06,-1.91177851e-06
1.01000000e+03,6.28930964e-01,2.45031610e-05,-2.57514330e-05,-2.11728566e-03,4.24199037e-04,1.99080035e-04,5.39837445e-01,2.29155508e-05,-2.57636827e-05,8.90935211e-02,1.58761014e-06,1.22497227e-08,-1.99060149e-03,4.29254440e-04,1.78138147e-04,-1.26684166e-04,-5.05540312e-06,2.09418874e-05
1.01100000e+03,6.28895134e-01,7.23102970e-06,-3.32130666e-05,-2.08951097e-03,5.12242209e-04,1.57342755e-05,5.39806136e-01,8.14575798e-06,-3.35689929e-05,8.90889966e-02,-9.14728280e-07,3.55926350e-07,-1.96487193e-03,5.17353892e-04,1.69900838e-05,-1.24639041e-04,-5.11168658e-06,-1.25580835e-06
1.01200000e+03,6.28946950e-01,2.05394456e-05,-2.55205991e-05,-2.11857002e-03,4.37796728e-04,1.86271148e-04,5.39853555e-01,1.94485644e-05,-2.58881862e-05,8.90933931e-02,1.09088125e-06,3.67587129e-07,-1.99204431e-03,4.45014948e-04,1.68291226e-04,-1.26525710e-04,-7.21821989e-06,1.79799222e-05
1.01300000e+03,6.28908381e-01,-2.85585774e-06,-2.19944314e-05,-2.08528734e-03,4.20369306e-04,-4.39525861e-05,5.39819608e-01,-1.85224318e-06,-2.27145767e-05,8.90887713e-02,-1.00361456e-06,7.20145291e-07,-1.96079646e-03,4.29061244e-04,-4.21828673e-05,-1.24490878e-04,-8.69193766e-06,-1.76971882e-06
1.01400000e+03,6.28959406e-01,2.40074512e-05,-2.63914233e-05,-2.11499327e-03,4.29849124e-04,1.97570889e-04,5.39866331e-01,2.24237307e-05,-2.64276766e-05,8.90930733e-02,1.58372056e-06,3.62533020e-08,-1.98840309e-03,4.34781537e-04,1.76480214e-04,-1.26590185e-04,-4.93241344e-06,2.10906748e-05
1.01500000e+03,6.28924899e-01,5.75739388e-06,-3.28828491e-05,-2.08842860e-03,5.11646193e-04,1.35287843e-05,5.39836293e-01,6.68522065e-06,-3.32113913e-05,8.90886037e-02,-9.27826768e-07,3.28542209e-07,-1.96376958e-03,5.16434788e-04,1.43979884e-05,-1.24659024e-04,-4.78859196e-06,-8.69204075e-07
1.01600000e+03,6.28976602e-01,2.05015015e-05,-2.42118614e-05,-2.11847248e-03,4.32598142e-04,1.92556314e-04,5.39883604e-01,1.93652162e-05,-2.46146324e-05,8.90929986e-02,1.13628525e-06,4.02771044e-07,-1.99195437e-03,4.39805410e-04,1.74357937e-04,-1.26518117e-04,-7.20726812e-06,1.81983772e-05
1.01700000e+03,6.28937325e-01,-1.76519807e-06,-2.03988029e-05,-2.08606533e-03,4.12242158e-04,-3.77110086e-05,5.39848953e-01,-8.09080107e-07,-2.10885353e-05,8.90883710e-02,-9.56117962e-07,6.89732449e-07,-1.96155022e-03,4.20731211e-04,-3.57713875e-05,-1.24515113e-04,-8.48905346e-06,-1.93962116e-06
1.01800000e+03,6.28988067e-01,2.33295940e-05,-2.57487274e-05,-2.11738035e-03,4.25107074e-04,1.91740402e-04,5.39895415e-01,2.18039409e-05,-2.57718002e-05,8.90926539e-02,1.52565304e-06,2.30727986e-08,-1.99077276e-03,4.30237762e-04,1.70886781e-04,-1.26607590e-04,-5.13068777e-06,2.08536208e-05
1.01900000e+03,6.28952493e-01,4.62113781e-06,-3.22046771e-05,-2.08999873e-03,5.04335603e-04,1.19801065e-06,5.39864339e-01,5.54787681e-06,-3.25336991e-05,8.90881547e-02,-9.26739008e-07,3.29021934e-07,-1.96539066e-03,5.09162245e-04,2.24765364e-06,-1.24608062e-04,-4.82664278e-06,-1.04964299e-06
1.02000000e+03,6.29003574e-01,1.91953070e-05,-2.49379785e-05,-2.11929371e-03,4.30618091e-04,1.80693414e-04,5.39911047e-01,1.80328574e-05,-2.52578943e-05,8.90925271e-02,1.16244961e-06,3.19915787e-07,-1.99279157e-03,4.37519567e-04,1.62088172e-04,-1.26502147e-04,-6.90147611e-06,1.86052425e-05
1.02100000e+03,6.28964048e-01,-2.53365283e-06,-2.12217178e-05,-2.08710841e-03,4.11867620e-04,-4.28287179e-05,5.39876170e-01,-1.60790236e-06,-2.19073126e-05,8.90878781e-02,-9.25750474e-07,6.85594757e-07,-1.96261349e-03,4.20320046e-04,-4.13095961e-05,-1.24494917e-04,-8.45242565e-06,-1.51912179e-06
1.02200000e+03,6.29014813e-01,2.40755922e-05,-2.72191032e-05,-2.11863940e-03,4.36363095e-04,1.94239850e-04,5.39922601e-01,2.24559850e-05,-2.72402733e-05,8.90922112e-02,1.61960713e-06,2.11700963e-08,-1.99203741e-03,4.41127860e-04,1.73000677e-04,-1.26601989e-04,-4.76476499e-06,2.12391732e-05
1.02300000e+03,6.28979329e-01,4.20295663e-06,-3.45614080e-05,-2.09047158e-03,5.23572481e-04,-2.02678731e-06,5.39891638e-01,5.14788233e-06,-3.48688478e-05,8.90876914e-02,-9.44925693e-07,3.07439745e-07,-1.96589145e-03,5.28267007e-04,-1.16204368e-06,-1.24580134e-04,-4.69452552e-06,-8.64743636e-07
1.02400000e+03,6.29030701e-01,1.99567011e-05,-2.69063432e-05,-2.11974741e-03,4.51369755e-04,1.85889618e-04,5.39938629e-01,1.87617245e-05,-2.72827777e-05,8.90920719e-02,1.19497660e-06,3.76434519e-07,-1.99327513e-03,4.58478962e-04,1.67167942e-04,-1.26472268e-04,-7.10920676e-06,1.87216764e-05
1.02500000e+03,6.28990911e-01,-8.97727738e-07,-2.27718563e-05,-2.08624202e-03,4.30163174e-04,-3.07509343e-05,5.39903476e-01,1.26546024e-08,-2.34626458e-05,8.90874334e-02,-9.10382341e-07,6.90789488e-07,-1.96177063e-03,4.38486963e-04,-2.93316686e-05,-1.24471381e-04,-8.32378946e-06,-1.41926576e-06
1.02600000e+03,6.29041007e-01,2.41014491e-05,-2.68116861e-05,-2.11688227e-03,4.34844108e-04,1.95687073e-04,5.39949285e-01,2.24828082e-05,-2.68342659e-05,8.90917226e-02,1.61864098e-06,2.25797821e-08,-1.99030513e-03,4.39720417e-04,1.74177817e-04,-1.26577142e-04,-4.87630986e-06,2.15092561e-05
1.02700000e+03,6.29005087e-01,5.70257608e-06,-3.35888704e-05,-2.08982430e-03,5.17048271e-04,8.74714606e-06,5.39917882e-01,6.57826492e-06,-3.39155125e-05,8.90872039e-02,-8.75688838e-07,3.26642112e-07,-1.96520404e-03,5.21881221e-04,9.19710851e-06,-1.24620268e-04,-4.83295338e-06,-4.49962444e-07
1.02800000e+03,6.29055848e-01,2.15239767e-05,-2.65318543e-05,-2.11886361e-03,4.45463606e-04,1.96671523e-04,5.39964298e-01,2.03327101e-05,-2.68522031e-05,8.90915529e-02,1.19126660e-06,3.20348841e-07,-1.99235625e-03,4.52331399e-04,1.78011627e-04,-1.26507356e-04,-6.86779349e-06,1.86598962e-05
1.02900000e+03,6.29016260e-01,-1.72620865e-06,-2.22385339e-05,-2.08681772e-03,4.21857117e-04,-3.88266860e-05,5.39929343e-01,-7.85413420e-07,-2.29109195e-05,8.90869199e-02,-9.40795230e-07,6.72385635e-07,-1.96230909e-03,4.30027971e-04,-3.73055367e-05,-1.24508628e-04,-8.17085388e-06,-1.52114925e-06
1.03000000e+03,6.29066150e-01,2.46690092e-05,-2.75231714e-05,-2.11656163e-03,4.37227809e-04,1.99191321e-04,5.39974973e-01,2.30770141e-05,-2.75005019e-05,8.90911752e-02,1.59199513e-06,-2.26695028e-08,-1.99000014e-03,4.41685308e-04,1.77882333e-04,-1.26561500e-04,-4.45749895e-06,2.13089875e-05
1.03100000e+03,6.29029740e-01,5.10584604e-06,-3.46804710e-05,-2.08882632e-03,5.24153203e-04,5.46758349e-06,5.39943084e-01,6.01434572e-06,-3.50006330e-05,8.90866542e-02,-9.08499666e-07,3.20161951e-07,-1.96423104e-03,5.28745418e-04,6.14952847e-06,-1.24595276e-04,-4.59221149e-06,-6.81944979e-07
1.03200000e+03,6.29080824e-01,2.01173213e-05,-2.53210923e-05,-2.11823533e-03,4.40194586e-04,1.89963396e-04,5.39989764e-01,1.89436242e-05,-2.57067287e-05,8.90910604e-02,1.17369709e-06,3.85636442e-07,-1.99172591e-03,4.47169597e-04,1.71117189e-04,-1.26509423e-04,-6.97501151e-06,1.88462071e-05
1.03300000e+03,6.29040812e-01,-1.88868410e-06,-2.03715085e-05,-2.08572157e-03,4.11029466e-04,-3.89444696e-05,5.39954436e-01,-1.00406428e-06,-2.10539366e-05,8.90863749e-02,-8.84619819e-07,6.82428151e-07,-1.96122769e-03,4.19375410e-04,-3.76965300e-05,-1.24493879e-04,-8.34594431e-06,-1.24793967e-06
1.03400000e+03,6.29090990e-01,2.52106172e-05,-2.53941123e-05,-2.11764526e-03,4.25096987e-04,2.04323852e-04,5.40000318e-01,2.35786532e-05,-2.53642165e-05,8.90906714e-02,1.63196404e-06,-2.98958332e-08,-1.99101604e-03,4.29593405e-04,1.82756284e-04,-1.26629218e-04,-4.49641826e-06,2.15675678e-05
1.03500000e+03,6.29054490e-01,5.88790146e-06,-3.31346107e-05,-2.09048593e-03,5.13541862e-04,9.50158091e-06,5.39968351e-01,6.77506305e-06,-3.34380361e-05,8.90861368e-02,-8.87161585e-07,3.03425468e-07,-1.96587868e-03,5.18253340e-04,1.01690369e-05,-1.24607254e-04,-4.71147702e-06,-6.67456027e-07
1.03600000e+03,6.29104797e-01,2.03763954e-05,-2.55394651e-05,-2.11894186e-03,4.35260976e-04,1.88304489e-04,5.40014316e-01,1.92131513e-05,-2.58271018e-05,8.90904796e-02,1.16324415e-06,2.87636698e-07,-1.99245963e-03,4.41867753e-04,1.69617908e-04,-1.26482226e-04,-6.60677666e-06,1.86865811e-05
1.03700000e+03,6.29065123e-01,-1.05138895e-06,-2.18506301e-05,-2.08609714e-03,4.16402541e-04,-3.17200906e-05,5.39979268e-01,-1.46606595e-07,-2.24739049e-05,8.90858540e-02,-9.04782354e-07,6.23274776e-07,-1.96160356e-03,4.24255307e-04,-3.06082686e-05,-1.24493581e-04,-7.85276599e-06,-1.11182204e-06
1.03800000e+03,6.29114250e-01,2.56175698e-05,-2.71783124e-05,-2.11642587e-03,4.34593521e-04,2.06742586e-04,5.40024143e-01,2.39356387e-05,-2.71744776e-05,8.90901069e-02,1.68193103e-06,-3.83487818e-09,-1.98983367e-03,4.39064050e-04,1.84838512e-04,-1.26592196e-04,-4.47052885e-06,2.19040734e-05
1.03900000e+03,6.29077560e-01,6.62578272e-06,-3.40320846e-05,-2.08997686e-03,5.18838930e-04,1.80606404e-05,5.39991981e-01,7.49833975e-06,-3.43215150e-05,8.90855781e-02,-8.72557007e-07,2.89430431e-07,-1.96536536e-03,5.23223502e-04,1.82761343e-05,-1.24611497e-04,-4.38457424e-06,-2.15493862e-07
1.04000000e+03,6.29128216e-01,2.15212954e-05,-2.71158022e-05,-2.12028704e-03,4.51166487e-04,1.97275952e-04,5.40038238e-01,2.03101137e-05,-2.74146440e-05,8.90899797e-02,1.21118174e-06,2.98841839e-07,-1.99376792e-03,4.57665909e-04,1.78378334e-04,-1.26519114e-04,-6.49942169e-06,1.88976185e-05
1.04100000e+03,6.29087944e-01,-6.71289880e-07,-2.25077049e-05,-2.08719501e-03,4.24706958e-04,-3.20336193e-05,5.40002586e-01,2.05336689e-07,-2.31646044e-05,8.90853568e-02,-8.76626567e-07,6.56899512e-07,-1.96269813e-03,4.32763335e-04,-3.08663568e-05,-1.24496881e-04,-8.05637778e-06,-1.16726249e-06
1.04200000e+03,6.29137437e-01,2.50193161e-05,-2.77688964e-05,-2.11843840e-03,4.42229806e-04,2.04921145e-04,5.40047847e-01,2.34693327e-05,-2.77317754e-05,8.90895922e-02,1.54998336e-06,-3.71209198e-08,-1.99183346e-03,4.46371521e-04,1.83595676e-04,-1.26604936e-04,-4.14171512e-06,2.13254689e-05
1.04300000e+03,6.29099685e-01,5.51527472e-06,-3.42972103e-05,-2.09008236e-03,5.22704836e-04,9.83189047e-06,5.40014650e-01,6.41668475e-06,-3.45990258e-05,8.90850327e-02,-9.01410006e-07,3.01815514e-07,-1.96548991e-03,5.27319007e-04,1.04335877e-05,-1.24592459e-04,-4.61417433e-06,-6.01697285e-07
1.04400000e+03,6.29149656e-01,1.91908031e-05,-2.45565312e-05,-2.11928603e-03,4.31493576e-04,1.81443743e-04,5.40060257e-01,1.79688248e-05,-2.48588246e-05,8.90894004e-02,1.22197830e-06,3.02293457e-07,-1.99277892e-03,4.38038554e-04,1.62350617e-04,-1.26507105e-04,-6.54497776e-06,1.90931258e-05
1.04500000e+03,6.29109850e-01,-2.46020125e-06,-2.13576239e-05,-2.08699849e-03,4.17649189e-04,-4.13105212e-05,5.40025092e-01,-1.56181866e-06,-2.19903376e-05,8.90847573e-02,-8.98382588e-07,6.32713771e-07,-1.96249137e-03,4.25426205e-04,-4.02235828e-05,-1.24507121e-04,-7.77701611e-06,-1.08693843e-06
1.04600000e+03,6.29159331e-01,2.56349576e-05,-2.72347922e-05,-2.11853836e-03,4.36386034e-04,2.05074606e-04,5.40070325e-01,2.39452660e-05,-2.72147928e-05,8.90890048e-02,1.68969155e-06,-1.99993768e-08,-1.99196273e-03,4.40942974e-04,1.83191167e-04,-1.26575625e-04,-4.55694063e-06,2.18834391e-05
1.04700000e+03,6.29122334e-01,6.54733530e-06,-3.36234625e-05,-2.09138260e-03,5.17290086e-04,1.50895619e-05,5.40037845e-01,7.41304532e-06,-3.39175024e-05,8.90844904e-02,-8.65710031e-07,2.94039962e-07,-1.96677409e-03,5.21751590e-04,1.53319279e-05,-1.24608503e-04,-4.46150389e-06,-2.42366024e-07
1.04800000e+03,6.29171325e-01,2.15719674e-05,-2.55158236e-05,-2.12068179e-03,4.37839364e-04,1.98573577e-04,5.40082529e-01,2.03582924e-05,-2.57999484e-05,8.90887986e-02,1.21367501e-06,2.84124711e-07,-1.99417885e-03,4.44323166e-04,1.79496629e-04,-1.26502943e-04,-6.48380205e-06,1.90769477e-05
1.04900000e+03,6.29130146e-01,-2.03767128e-06,-2.12010232e-05,-2.08835086e-03,4.15285385e-04,-4.26129017e-05,5.40046014e-01,-1.14167088e-06,-2.18579313e-05,8.90841325e-02,-8.96000388e-07,6.56908106e-07,-1.96386576e-03,4.23261526e-04,-4.14542821e-05,-1.24485099e-04,-7.97614155e-06,-1.15861959e-06
1.05000000e+03,6.29179802e-01,2.37882558e-05,-2.78101742e-05,-2.11981714e-03,4.45272994e-04,1.92148135e-04,5.40091368e-01,2.21598605e-05,-2.77478065e-05,8.90884352e-02,1.62839531e-06,-6.23677575e-08,-1.99322654e-03,4.49211746e-04,1.70293184e-04,-1.26590605e-04,-3.93875210e-06,2.18549519e-05
1.05100000e+03,6.29142895e-01,5.97385460e-06,-3.44698589e-05,-2.09200775e-03,5.26771402e-04,1.00557975e-05,5.40058996e-01,6.81316130e-06,-3.47280470e-05,8.90838987e-02,-8.39306721e-07,2.58188069e-07,-1.96741504e-03,5.30998313e-04,1.01650277e-05,-1.24592712e-04,-4.22690789e-06,-1.09230206e-07
1.05200000e+03,6.29192800e-01,2.00683303e-05,-2.57129214e-05,-2.11971990e-03,4.46419935e-04,1.86804795e-04,5.40104552e-01,1.88603510e-05,-2.60465479e-05,8.90882485e-02,1.20797926e-06,3.33626485e-07,-1.99320052e-03,4.53020931e-04,1.67608449e-04,-1.26519387e-04,-6.60099618e-06,1.91963459e-05
1.05300000e+03,6.29152379e-01,-2.82586225e-06,-2.24148180e-05,-2.08803413e-03,4.26597946e-04,-4.69496603e-05,5.40068800e-01,-1.93579018e-06,-2.30160660e-05,8.90835793e-02,-8.90072067e-07,6.01247999e-07,-1.96348595e-03,4.34551826e-04,-4.59472519e-05,-1.24548175e-04,-7.95388069e-06,-1.00240843e-06
1.05400000e+03,6.29201655e-01,2.27556081e-05,-2.82577713e-05,-2.12009832e-03,4.44570534e-04,1.83091361e-04,5.40113827e-01,2.10954564e-05,-2.81851424e-05,8.90878264e-02,1.66015176e-06,-7.26288386e-08,-1.99352676e-03,4.48809308e-04,1.61179301e-04,-1.26571563e-04,-4.23877311e-06,2.19120606e-05
1.05500000e+03,6.29163249e-01,4.32077047e-06,-3.36447401e-05,-2.09184592e-03,5.13629585e-04,-4.87963519e-07,5.40079989e-01,5.17411954e-06,-3.39347145e-05,8.90832630e-02,-8.53349051e-07,2.89974371e-07,-1.96728975e-03,5.18216620e-04,-4.89703763e-07,-1.24556167e-04,-4.58703860e-06,1.74024460e-09
1.05600000e+03,6.29212785e-01,1.98083097e-05,-2.57587047e-05,-2.12084841e-03,4.34572240e-04,1.84617867e-04,5.40125167e-01,1.85576612e-05,-2.60389271e-05,8.90876178e-02,1.25064850e-06,2.80222335e-07,-1.99431854e-03,4.41120912e-04,1.65318351e-04,-1.26529870e-04,-6.54867213e-06,1.92995163e-05
1.05700000e+03,6.29172092e-01,-1.88862646e-06,-2.19603410e-05,-2.08862126e-03,4.17372673e-04,-3.98498233e-05,5.40089123e-01,-9.77664538e-07,-2.25964103e-05,8.90829681e-02,-9.10961918e-07,6.36069254e-07,-1.96412696e-03,4.25301478e-04,-3.86110796e-05,-1.24494290e-04,-7.92880536e-06,-1.23874365e-06
1.05800000e+03,6.29220850e-01,2.27540895e-05,-2.67311346e-05,-2.11978874e-03,4.31821918e-04,1.83878562e-04,5.40133633e-01,2.11120334e-05,-2.66862095e-05,8.90872164e-02,1.64205604e-06,-4.49250772e-08,-1.99322584e-03,4.35978944e-04,1.62010802e-04,-1.26562894e-04,-4.15702717e-06,2.18677597e-05
1.05900000e+03,6.29182697e-01,4.37242934e-06,-3.28797878e-05,-2.09191607e-03,5.08439691e-04,-4.71612130e-06,5.40100024e-01,5.18911309e-06,-3.31429175e-05,8.90826724e-02,-8.16683717e-07,2.63129671e-07,-1.96733913e-03,5.12782758e-04,-4.71450666e-06,-1.24576941e-04,-4.34306425e-06,-1.61464373e-09
1.06000000e+03,6.29232855e-01,1.88131651e-05,-2.59482333e-05,-2.12110132e-03,4.36152682e-04,1.76031592e-04,5.40145856e-01,1.75959731e-05,-2.61987348e-05,8.90869993e-02,1.21719195e-06,2.50501461e-07,-1.99463905e-03,4.42523543e-04,1.56815778e-04,-1.26462272e-04,-6.37086069e-06,1.92158137e-05
1.06100000e+03,6.29191691e-01,-2.48599306e-06,-2.21734773e-05,-2.08836984e-03,4.19106919e-04,-4.26154738e-05,5.40109341e-01,-1.61790594e-06,-2.28384568e-05,8.90823503e-02,-8.68087115e-07,6.64979546e-07,-1.96390008e-03,4.27124163e-04,-4.18997169e-05,-1.24469758e-04,-8.01724346e-06,-7.15756840e-07
1.06200000e+03,6.29239527e-01,2.38909786e-05,-2.75426821e-05,-2.11912461e-03,4.38396925e-04,1.91803724e-04,5.40152960e-01,2.21939958e-05,-2.74745630e-05,8.90865675e-02,1.69698285e-06,-6.81191106e-08,-1.99253991e-03,4.42323100e-04,1.69673946e-04,-1.26584701e-04,-3.92617553e-06,2.21297784e-05
1.06300000e+03,6.29201997e-01,4.06402975e-06,-3.32843881e-05,-2.09227237e-03,5.14360601e-04,-3.49808651e-06,5.40119954e-01,4.92746365e-06,-3.35686558e-05,8.90820406e-02,-8.63433890e-07,2.84267654e-07,-1.96769063e-03,5.18626746e-04,-3.43613025e-06,-1.24581743e-04,-4.26614649e-06,-6.19562549e-08
1.06400000e+03,6.29251572e-01,1.95715047e-05,-2.52060500e-05,-2.12190164e-03,4.38925508e-04,1.81563749e-04,5.40165160e-01,1.83174883e-05,-2.55031148e-05,8.90864099e-02,1.25401638e-06,2.97064849e-07,-1.99539502e-03,4.45263291e-04,1.62187079e-04,-1.26506624e-04,-6.33778359e-06,1.93766700e-05
1.06500000e+03,6.29210330e-01,-1.80798521e-06,-2.19326570e-05,-2.08897281e-03,4.22552835e-04,-4.36514530e-05,5.40128575e-01,-9.87376351e-07,-2.25515780e-05,8.90817551e-02,-8.20608860e-07,6.18921007e-07,-1.96450078e-03,4.30464063e-04,-4.29419631e-05,-1.24472031e-04,-7.91122814e-06,-7.09489874e-07
1.06600000e+03,6.29259107e-01,2.38417436e-05,-2.78959320e-05,-2.11924054e-03,4.43587593e-04,1.88586736e-04,5.40173096e-01,2.22081303e-05,-2.77769558e-05,8.90860119e-02,1.63361328e-06,-1.18976158e-07,-1.99267396e-03,4.47344292e-04,1.66653792e-04,-1.26566576e-04,-3.75669949e-06,2.19329448e-05
1.06700000e+03,6.29220978e-01,4.32295498e-06,-3.33144304e-05,-2.09166731e-03,5.13078989e-04,-6.89711032e-06,5.40139523e-01,5.17048778e-06,-3.35884036e-05,8.90814548e-02,-8.47532806e-07,2.73973266e-07,-1.96708488e-03,5.17567686e-04,-6.82561235e-06,-1.24582429e-04,-4.48869560e-06,-7.14979495e-08
1.06800000e+03,6.29270090e-01,1.86277740e-05,-2.56987445e-05,-2.12001993e-03,4.36405633e-04,1.75811862e-04,5.40184297e-01,1.73922426e-05,-2.59759041e-05,8.90857937e-02,1.23553141e-06,2.77159585e-07,-1.99354095e-03,4.42878722e-04,1.56207357e-04,-1.26478987e-04,-6.47308900e-06,1.96045045e-05
1.06900000e+03,6.29228373e-01,-3.77760999e-06,-2.25435375e-05,-2.08854126e-03,4.23771893e-04,-5.36945794e-05,5.40147249e-01,-2.93250227e-06,-2.31595099e-05,8.90811233e-02,-8.45107716e-07,6.15972384e-07,-1.96403359e-03,4.31476461e-04,-5.29703294e-05,-1.24507663e-04,-7.70456768e-06,-7.24250334e-07
1.07000000e+03,6.29276303e-01,2.31171014e-05,-2.70882917e-05,-2.11949062e-03,4.36440619e-04,1.83451881e-04,5.40190938e-01,2.14144934e-05,-2.70046658e-05,8.90853642e-02,1.70260796e-06,-8.36258829e-08,-1.99290039e-03,4.40263598e-04,1.61383852e-04,-1.26590230e-04,-3.82297970e-06,2.20680297e-05
1.07100000e+03,6.29238033e-01,4.02125146e-06,-3.31799922e-05,-2.09146300e-03,5.14686845e-04,-5.91140380e-06,5.40157197e-01,4.88214406e-06,-3.34656295e-05,8.90808346e-02,-8.60892590e-07,2.85637317e-07,-1.96689334e-03,5.19051917e-04,-5.90345684e-06,-1.24569664e-04,-4.36507377e-06,-7.94698855e-09
1.07200000e+03,6.29286950e-01,1.92433807e-05,-2.48435964e-05,-2.12113818e-03,4.34174420e-04,1.75080886e-04,5.40201792e-01,1.79700072e-05,-2.51412553e-05,8.90851599e-02,1.27337347e-06,2.97658869e-07,-1.99464121e-03,4.40611019e-04,1.55642243e-04,-1.26496966e-04,-6.43659895e-06,1.94386429e-05
1.07300000e+03,6.29244643e-01,-2.91966884e-06,-2.11842061e-05,-2.08756437e-03,4.15926825e-04,-5.22705955e-05,5.40164149e-01,-2.06924359e-06,-2.18142344e-05,8.90804946e-02,-8.50425241e-07,6.30028326e-07,-1.96308493e-03,4.23789226e-04,-5.16300877e-05,-1.24479435e-04,-7.86240116e-06,-6.40507474e-07
1.07400000e+03,6.29292922e-01,2.31555234e-05,-2.66864514e-05,-2.11930935e-03,4.37012361e-04,1.83974572e-04,5.40208195e-01,2.14432203e-05,-2.66005204e-05,8.90847262e-02,1.71230307e-06,-8.59309763e-08,-1.99274225e-03,4.40821531e-04,1.61425067e-04,-1.26567094e-04,-3.80917001e-06,2.25495049e-05
1.07500000e+03,6.29254151e-01,5.28555900e-06,-3.19812749e-05,-2.09111797e-03,5.06097143e-04,4.44136407e-08,5.40173964e-01,6.08754101e-06,-3.22482314e-05,8.90801853e-02,-8.01982009e-07,2.66956524e-07,-1.96654214e-03,5.10391858e-04,-1.53894101e-07,-1.24575832e-04,-4.29471624e-06,1.98307742e-07
1.07600000e+03,6.29303224e-01,1.91197160e-05,-2.50422846e-05,-2.12019696e-03,4.33424135e-04,1.75618318e-04,5.40218703e-01,1.78920559e-05,-2.53036088e-05,8.90845188e-02,1.22766011e-06,2.61324191e-07,-1.99369656e-03,4.39793692e-04,1.56225458e-04,-1.26500408e-04,-6.36955703e-06,1.93928595e-05
1.07700000e+03,6.29261753e-01,-3.17037154e-06,-2.04774691e-05,-2.08653571e-03,4.06937730e-04,-5.13918715e-05,5.40181893e-01,-2.26996628e-06,-2.11166206e-05,8.90798613e-02,-9.00405258e-07,6.39151576e-07,-1.96203535e-03,4.14977190e-04,-5.05031990e-05,-1.24500359e-04,-8.03946046e-06,-8.88672361e-07
1.07800000e+03,6.29310234e-01,2.15780321e-05,-2.69806569e-05,-2.11783343e-03,4.31726539e-04,1.73612618e-04,5.40226145e-01,1.99236635e-05,-2.68282697e-05,8.90840885e-02,1.65436863e-06,-1.52387199e-07,-1.99124594e-03,4.35201519e-04,1.51493570e-04,-1.26587495e-04,-3.47498002e-06,2.21190488e-05
1.07900000e+03,6.29271397e-01,3.08934022e-06,-3.39022966e-05,-2.08966779e-03,5.15045773e-04,-1.04540379e-05,5.40191852e-01,3.91119042e-06,-3.41484510e-05,8.90795430e-02,-8.21850211e-07,2.46154371e-07,-1.96507447e-03,5.19186421e-04,-1.07507202e-05,-1.24593322e-04,-4.14064525e-06,2.96682256e-07
1.08000000e+03,6.29319983e-01,1.89960961e-05,-2.59138988e-05,-2.11860038e-03,4.38638347e-04,1.77126389e-04,5.40236085e-01,1.76631780e-05,-2.62017638e-05,8.90838963e-02,1.33291807e-06,2.87864977e-07,-1.99211248e-03,4.44933517e-04,1.57178531e-04,-1.26487906e-04,-6.29517043e-06,1.99478584e-05
1.08100000e+03,6.29279158e-01,-3.31140031e-06,-2.16562549e-05,-2.08587546e-03,4.18105660e-04,-5.44997845e-05,5.40199893e-01,-2.45434291e-06,-2.22949682e-05,8.90792657e-02,-8.57057400e-07,6.38713278e-07,-1.96137457e-03,4.25951440e-04,-5.36781981e-05,-1.24500893e-04,-7.84578048e-06,-8.21586374e-07
1.08200000e+03,6.29326535e-01,2.16361164e-05,-2.59359155e-05,-2.11661282e-03,4.29631610e-04,1.72292801e-04,5.40243037e-01,1.99872944e-05,-2.58277059e-05,8.90834960e-02,1.64882207e-06,-1.08209582e-07,-1.98997561e-03,4.33264141e-04,1.50334164e-04,-1.26637208e-04,-3.63253105e-06,2.19586368e-05
1.08300000e+03,6.29287736e-01,4.33703520e-06,-3.36867804e-05,-2.09030723e-03,5.16597837e-04,-5.46829425e-06,5.40208783e-01,5.10984536e-06,-3.38822383e-05,8.90789533e-02,-7.72810172e-07,1.95457916e-07,-1.96567071e-03,5.20563915e-04,-5.89133024e-06,-1.24636518e-04,-3.96608167e-06,4.23036006e-07
1.08400000e+03,6.29336113e-01,1.94119391e-05,-2.59241843e-05,-2.12013545e-03,4.37333598e-04,1.79703215e-04,5.40252849e-01,1.81571158e-05,-2.61628127e-05,8.90832649e-02,1.25482324e-06,2.38628449e-07,-1.99363248e-03,4.43494513e-04,1.60036878e-04,-1.26502979e-04,-6.16091542e-06,1.96663369e-05
1.08500000e+03,6.29293089e-01,-2.04490235e-06,-2.09718764e-05,-2.08654668e-03,4.10353604e-04,-4.49648047e-05,5.40214501e-01,-1.24006426e-06,-2.16261026e-05,8.90785883e-02,-8.04838084e-07,6.54226221e-07,-1.96208787e-03,4.18238752e-04,-4.45496163e-05,-1.24458811e-04,-7.88514793e-06,-4.15188360e-07
1.08600000e+03,6.29340349e-01,2.46060172e-05,-2.58298470e-05,-2.11662738e-03,4.27727999e-04,1.91516069e-04,5.40257517e-01,2.28354259e-05,-2.57538773e-05,8.90828347e-02,1.77059131e-06,-7.59696360e-08,-1.99003747e-03,4.31563440e-04,1.68850711e-04,-1.26589900e-04,-3.83544094e-06,2.26653575e-05
1.08700000e+03,6.29301434e-01,5.15396668e-06,-3.26713618e-05,-2.09005714e-03,5.12409844e-04,1.25913404e-06,5.40223146e-01,6.00171680e-06,-3.29472928e-05,8.90782915e-02,-8.47750113e-07,2.75930963e-07,-1.96542780e-03,5.16683867e-04,1.02398349e-06,-1.24629333e-04,-4.27402229e-06,2.35150549e-07
1.08800000e+03,6.29350347e-01,1.99447149e-05,-2.43769987e-05,-2.11967451e-03,4.29711356e-04,1.81155691e-04,5.40267679e-01,1.86410360e-05,-2.46024767e-05,8.90826689e-02,1.30367887e-06,2.25478069e-07,-1.99313333e-03,4.35674868e-04,1.61338118e-04,-1.26541184e-04,-5.96351233e-06,1.98175726e-05
1.08900000e+03,6.29308328e-01,-1.79711151e-06,-2.08392570e-05,-2.08766744e-03,4.12757065e-04,-4.21577531e-05,5.40230277e-01,-9.69923471e-07,-2.14390638e-05,8.90780530e-02,-8.27188036e-07,5.99806824e-07,-1.96310663e-03,4.20311870e-04,-4.16987569e-05,-1.24560814e-04,-7.55480472e-06,-4.58996236e-07
1.09000000e+03,6.29355996e-01,2.31773074e-05,-2.69068058e-05,-2.11923740e-03,4.37796345e-04,1.88731377e-04,5.40273716e-01,2.15159135e-05,-2.67682902e-05,8.90822783e-02,1.66139391e-06,-1.38515612e-07,-1.99260501e-03,4.41263795e-04,1.66301919e-04,-1.26632382e-04,-3.46744945e-06,2.24294586e-05
1.09100000e+03,6.29316957e-01,4.51095143e-06,-3.42821778e-05,-2.09036729e-03,5.23328381e-04,3.66203336e-07,5.40239240e-01,5.29836206e-06,-3.45261882e-05,8.90777165e-02,-7.87410627e-07,2.44010355e-07,-1.96576962e-03,5.27528225e-04,-6.16851988e-08,-1.24597663e-04,-4.19984246e-06,4.27888535e-07
1.09200000e+03,6.29365403e-01,1.92040883e-05,-2.69598809e-05,-2.11851422e-03,4.48148618e-04,1.81681430e-04,5.40283333e-01,1.79308512e-05,-2.72302974e-05,8.90820694e-02,1.27323708e-06,2.70416546e-07,-1.99200120e-03,4.54500037e-04,1.61934435e-04,-1.26513027e-04,-6.35141902e-06,1.97469946e-05
1.09300000e+03,6.29322761e-01,-2.91488702e-06,-2.14198911e-05,-2.08425796e-03,4.13949996e-04,-4.60681131e-05,5.40245360e-01,-2.07445967e-06,-2.20456307e-05,8.90774022e-02,-8.40427348e-07,6.25739592e-07,-1.95971191e-03,4.21879995e-04,-4.55621554e-05,-1.24546047e-04,-7.92999965e-06,-5.05957752e-07
1.09400000e+03,6.29370643e-01,2.34467430e-05,-2.61235945e-05,-2.11597818e-03,4.27882339e-04,1.87919770e-04,5.40289013e-01,2.16934891e-05,-2.59701960e-05,8.90816314e-02,1.75325383e-06,-1.53398450e-07,-1.98931454e-03,4.31288414e-04,1.65316704e-04,-1.26663640e-04,-3.40607499e-06,2.26030655e-05
1.09500000e+03,6.29331962e-01,5.26245244e-06,-3.36117390e-05,-2.08958158e-03,5.16942182e-04,5.81191157e-06,5.40254840e-01,6.04737695e-06,-3.38222516e-05,8.90771201e-02,-7.84924543e-07,2.10512562e-07,-1.96491937e-03,5.20702159e-04,5.20156990e-06,-1.24662213e-04,-3.75997267e-06,6.10341701e-07
1.09600000e+03,6.29380338e-01,2.07030794e-05,-2.61819559e-05,-2.11952225e-03,4.44810542e-04,1.90280730e-04,5.40298899e-01,1.93949972e-05,-2.64466542e-05,8.90814384e-02,1.30808223e-06,2.64698290e-07,-1.99295325e-03,4.50896598e-04,1.70467381e-04,-1.26568999e-04,-6.08605546e-06,1.98133480e-05
1.09700000e+03,6.29336969e-01,-1.29002915e-06,-2.15961725e-05,-2.08568992e-03,4.21127816e-04,-3.69665288e-05,5.40260213e-01,-4.78353095e-07,-2.22063393e-05,8.90767552e-02,-8.11676046e-07,6.10166760e-07,-1.96113585e-03,4.28812602e-04,-3.66767789e-05,-1.24554069e-04,-7.68478546e-06,-2.89749943e-07
1.09800000e+03,6.29383941e-01,2.42777419e-05,-2.67240972e-05,-2.11727377e-03,4.36794198e-04,1.94410495e-04,5.40302952e-01,2.25249938e-05,-2.66355169e-05,8.90809852e-02,1.75274812e-06,-8.85803481e-08,-1.99061271e-03,4.40679775e-04,1.71542331e-04,-1.26661059e-04,-3.88557705e-06,2.28681638e-05
1.09900000e+03,6.29344959e-01,5.73867337e-06,-3.24134103e-05,-2.08991734e-03,5.09016066e-04,6.57808058e-06,5.40268527e-01,6.53856595e-06,-3.26942789e-05,8.90764323e-02,-7.99892600e-07,2.80868572e-07,-1.96526885e-03,5.13371523e-04,6.25488686e-06,-1.24648496e-04,-4.35545531e-06,3.23193726e-07
1.10000000e+03,6.29392052e-01,2.04564034e-05,-2.46606595e-05,-2.11923766e-03,4.32099838e-04,1.90570167e-04,5.40311313e-01,1.91851953e-05,-2.48662561e-05,8.90807378e-02,1.27120812e-06,2.05596679e-07,-1.99265762e-03,4.37844892e-04,1.70725491e-04,-1.26580036e-04,-5.74505449e-06,1.98446760e-05
1.10100000e+03,6.29348776e-01,-1.61735535e-06,-2.15217198e-05,-2.08723733e-03,4.20348528e-04,-3.60380882e-05,5.40272682e-01,-8.08015323e-07,-2.20944789e-05,8.90760935e-02,-8.09340025e-07,5.72759067e-07,-1.96264930e-03,4.27799624e-04,-3.58335492e-05,-1.24588032e-04,-7.45109535e-06,-2.04538982e-07
1.10200000e+03,6.29396456e-01,2.40364609e-05,-2.83575414e-05,-2.11852690e-03,4.49071469e-04,1.94838265e-04,5.40316121e-01,2.23293709e-05,-2.82051874e-05,8.90803320e-02,1.70709006e-06,-1.52354017e-07,-1.99188671e-03,4.52543256e-04,1.72380988e-04,-1.26640182e-04,-3.47178716e-06,2.24572771e-05
1.10300000e+03,6.29357938e-01,5.23937229e-06,-3.40657670e-05,-2.09065272e-03,5.17959717e-04,9.46147809e-06,5.40282088e-01,6.08675112e-06,-3.43284354e-05,8.90758499e-02,-8.47378838e-07,2.62668436e-07,-1.96599101e-03,5.22449980e-04,9.26029033e-06,-1.24661713e-04,-4.49026570e-06,2.01187757e-07
1.10400000e+03,6.29406088e-01,1.91677692e-05,-2.50082339e-05,-2.11948923e-03,4.30071109e-04,1.81275235e-04,5.40325890e-01,1.78658120e-05,-2.52616124e-05,8.90801970e-02,1.30195715e-06,2.53378479e-07,-1.99293958e-03,4.36322292e-04,1.61492458e-04,-1.26549652e-04,-6.25118276e-06,1.97827767e-05
1.10500000e+03,6.29363244e-01,-2.08563335e-06,-2.09288457e-05,-2.08726840e-03,4.15623663e-04,-4.23454103e-05,5.40287729e-01,-1.27236382e-06,-2.15531977e-05,8.90755165e-02,-8.13269536e-07,6.24352064e-07,-1.96268557e-03,4.23138790e-04,-4.18554199e-05,-1.24582835e-04,-7.51512697e-06,-4.89990375e-07
1.10600000e+03,6.29410706e-01,2.36582006e-05,-2.56481147e-05,-2.11908065e-03,4.30155927e-04,1.88613499e-04,5.40330932e-01,2.19262070e-05,-2.55335908e-05,8.90797757e-02,1.73199359e-06,-1.14523835e-07,-1.99237203e-03,4.33694528e-04,1.66042601e-04,-1.26708616e-04,-3.53860136e-06,2.25708981e-05
1.10700000e+03,6.29371278e-01,5.97116248e-06,-3.24146199e-05,-2.09111382e-03,5.09882329e-04,7.01631494e-06,5.40296063e-01,6.72954474e-06,-3.26460731e-05,8.90752162e-02,-7.58382270e-07,2.31453216e-07,-1.96645867e-03,5.14022622e-04,6.52278333e-06,-1.24655153e-04,-4.14029134e-06,4.93531612e-07
1.10800000e+03,6.29418884e-01,1.90854060e-05,-2.51863768e-05,-2.11878840e-03,4.35192788e-04,1.77841777e-04,5.40339350e-01,1.78539479e-05,-2.54452493e-05,8.90795325e-02,1.23145811e-06,2.58872478e-07,-1.99223029e-03,4.41529466e-04,1.58328315e-04,-1.26558106e-04,-6.33667767e-06,1.95134614e-05
1.10900000e+03,6.29376327e-01,-3.80184605e-06,-2.02397288e-05,-2.08540330e-03,4.08071600e-04,-5.38822609e-05,5.40301443e-01,-2.95797727e-06,-2.08730534e-05,8.90748855e-02,-8.43868776e-07,6.33324582e-07,-1.96080602e-03,4.15830881e-04,-5.34415152e-05,-1.24597280e-04,-7.75928094e-06,-4.40745956e-07
1.11000000e+03,6.29422922e-01,2.19610072e-05,-2.74739054e-05,-2.11689926e-03,4.40371516e-04,1.79046232e-04,5.40343809e-01,2.02182011e-05,-2.73005419e-05,8.90791120e-02,1.74280616e-06,-1.73363598e-07,-1.99019606e-03,4.43710179e-04,1.56350208e-04,-1.26703193e-04,-3.33866289e-06,2.26960241e-05
1.11100000e+03,6.29383415e-01,3.42278251e-06,-3.34430954e-05,-2.09093840e-03,5.14702265e-04,-5.81847687e-06,5.40308846e-01,4.23126665e-06,-3.37144711e-05,8.90745692e-02,-8.08484133e-07,2.71375702e-07,-1.96621917e-03,5.19157841e-04,-6.25742015e-06,-1.24719227e-04,-4.45557947e-06,4.38943278e-07
1.11200000e+03,6.29430843e-01,1.82782002e-05,-2.41241465e-05,-2.12040265e-03,4.25859109e-04,1.74903806e-04,5.40351920e-01,1.69573211e-05,-2.43935659e-05,8.90789225e-02,1.32087906e-06,2.69419339e-07,-1.99382539e-03,4.32079276e-04,1.54936805e-04,-1.26577252e-04,-6.22016745e-06,1.99670002e-05
1.11300000e+03,6.29388119e-01,-3.97823141e-06,-2.06870304e-05,-2.08689758e-03,4.10112163e-04,-5.72577661e-05,5.40313810e-01,-3.21003994e-06,-2.12920950e-05,8.90743094e-02,-7.68191455e-07,6.05064675e-07,-1.96229231e-03,4.17807163e-04,-5.71775364e-05,-1.24605265e-04,-7.69500015e-06,-8.02300910e-08
1.11400000e+03,6.29435636e-01,2.27308613e-05,-2.63219166e-05,-2.11735432e-03,4.31360869e-04,1.82450283e-04,5.40357090e-01,2.09798043e-05,-2.61897890e-05,8.90785452e-02,1.75105707e-06,-1.32127641e-07,-1.99066510e-03,4.34955728e-04,1.59542927e-04,-1.26689222e-04,-3.59485859e-06,2.29073565e-05
1.11500000e+03,6.29395853e-01,4.76136589e-06,-3.31766367e-05,-2.09089023e-03,5.12472712e-04,1.01326314e-06,5.40321856e-01,5.58023473e-06,-3.34122056e-05,8.90739977e-02,-8.18868843e-07,2.35568911e-07,-1.96615731e-03,5.16687709e-04,7.24988007e-07,-1.24732921e-04,-4.21500102e-06,2.88275136e-07
1.11600000e+03,6.29443335e-01,1.82266526e-05,-2.61957942e-05,-2.12146345e-03,4.39118685e-04,1.71330249e-04,5.40364992e-01,1.69275686e-05,-2.64143359e-05,8.90783425e-02,1.29908393e-06,2.18541787e-07,-1.99487039e-03,4.45152376e-04,1.51441279e-04,-1.26593057e-04,-6.03369138e-06,1.98889702e-05
1.11700000e+03,6.29399778e-01,-4.03341011e-06,-2.14379420e-05,-2.08800751e-03,4.13977358e-04,-5.77582918e-05,5.40326069e-01,-3.21987380e-06,-2.20412139e-05,8.90737102e-02,-8.13536309e-07,6.03271855e-07,-1.96342131e-03,4.21611024e-04,-5.74453713e-05,-1.24586196e-04,-7.63366551e-06,-3.12920328e-07
1.11800000e+03,6.29446182e-01,2.29023733e-05,-2.64759778e-05,-2.11826743e-03,4.33023374e-04,1.80079899e-04,5.40368209e-01,2.11120684e-05,-2.63421179e-05,8.90779756e-02,1.79030499e-06,-1.33859876e-07,-1.99156551e-03,4.36432902e-04,1.57274016e-04,-1.26701927e-04,-3.40952807e-06,2.28058831e-05
1.11900000e+03,6.29407341e-01,4.34601353e-06,-3.35174782e-05,-2.09216297e-03,5.19050711e-04,-3.73066188e-06,5.40333908e-01,5.14358401e-06,-3.37624260e-05,8.90734368e-02,-7.97570467e-07,2.44947760e-07,-1.96747957e-03,5.23153797e-04,-4.40570028e-06,-1.24683408e-04,-4.10308809e-06,6.75038407e-07
1.12000000e+03,6.29454908e-01,1.83065239e-05,-2.61503103e-05,-2.12139591e-03,4.42913191e-04,1.73313859e-04,5.40377153e-01,1.70152439e-05,-2.63580070e-05,8.90777570e-02,1.29127993e-06,2.07696694e-07,-1.99481593e-03,4.48806223e-04,1.53351728e-04,-1.26579978e-04,-5.89303139e-06,1.99621313e-05
1.12100000e+03,6.29410282e-01,-3.25952688e-06,-2.02638798e-05,-2.08674729e-03,4.08075532e-04,-5.09988745e-05,5.40337195e-01,-2.50305721e-06,-2.08497681e-05,8.90730897e-02,-7.56469667e-07,5.85888293e-07,-1.96218611e-03,4.15622697e-04,-5.11060477e-05,-1.24561183e-04,-7.54716442e-06,1.07173457e-07
1.12200000e+03,6.29456951e-01,2.31986649e-05,-2.59302628e-05,-2.11662327e-03,4.33046996e-04,1.90455909e-04,5.40379577e-01,2.14506488e-05,-2.58172939e-05,8.90773761e-02,1.74801612e-06,-1.12968855e-07,-1.98988763e-03,4.36522681e-04,1.67416512e-04,-1.26735638e-04,-3.47568494e-06,2.30393967e-05
1.12300000e+03,6.29418102e-01,4.71661620e-06,-3.36923576e-05,-2.09078014e-03,5.21987403e-04,2.79857612e-06,5.40345248e-01,5.48620472e-06,-3.39467209e-05,8.90728540e-02,-7.69588533e-07,2.54363294e-07,-1.96602782e-03,5.26363912e-04,2.06397690e-06,-1.24752319e-04,-4.37650950e-06,7.34599227e-07
1.12400000e+03,6.29465502e-01,1.84866130e-05,-2.56280954e-05,-2.11959842e-03,4.41478037e-04,1.78641437e-04,5.40388318e-01,1.71865219e-05,-2.58499620e-05,8.90771851e-02,1.30009107e-06,2.21866573e-07,-1.99300024e-03,4.47471421e-04,1.58534430e-04,-1.26598183e-04,-5.99338461e-06,2.01070069e-05
1.12500000e+03,6.29422443e-01,-3.90932188e-06,-2.11423168e-05,-2.08638376e-03,4.16296524e-04,-4.91484157e-05,5.40349878e-01,-3.06722637e-06,-2.17317769e-05,8.90725665e-02,-8.42095497e-07,5.89460133e-07,-1.96176346e-03,4.23922718e-04,-4.88864470e-05,-1.24620298e-04,-7.62619469e-06,-2.61968369e-07
1.12600000e+03,6.29468789e-01,2.24581613e-05,-2.66558424e-05,-2.11497902e-03,4.33249767e-04,1.84786766e-04,5.40392018e-01,2.06765946e-05,-2.65031537e-05,8.90767716e-02,1.78156668e-06,-1.52688677e-07,-1.98830360e-03,4.36844365e-04,1.61796016e-04,-1.26675425e-04,-3.59459736e-06,2.29907498e-05
1.12700000e+03,6.29429578e-01,4.97262195e-06,-3.38477634e-05,-2.08797179e-03,5.21276038e-04,8.48936527e-06,5.40357293e-01,5.74844923e-06,-3.41027671e-05,8.90722840e-02,-7.75827277e-07,2.55003760e-07,-1.96323891e-03,5.25472318e-04,7.70299797e-06,-1.24732880e-04,-4.19627886e-06,7.86367268e-07
1.12800000e+03,6.29477122e-01,1.92992678e-05,-2.63342950e-05,-2.11963738e-03,4.47248674e-04,1.84771790e-04,5.40400483e-01,1.79278427e-05,-2.65545494e-05,8.90766397e-02,1.37142522e-06,2.20254415e-07,-1.99300075e-03,4.53006486e-04,1.64418314e-04,-1.26636628e-04,-5.75781245e-06,2.03534762e-05
1.12900000e+03,6.29432807e-01,-3.02446214e-06,-2.12158740e-05,-2.08586460e-03,4.18793111e-04,-4.68689872e-05,5.40360821e-01,-2.23155915e-06,-2.18043716e-05,8.90719876e-02,-7.92902992e-07,5.88497658e-07,-1.96122832e-03,4.26244455e-04,-4.66653392e-05,-1.24636286e-04,-7.45134429e-06,-2.03648044e-07
1.13000000e+03,6.29480289e-01,2.34378615e-05,-2.80109666e-05,-2.11711092e-03,4.49763341e-04,1.92478657e-04,5.40404012e-01,2.17019139e-05,-2.78293238e-05,8.90762790e-02,1.73594764e-06,-1.81642856e-07,-1.99036499e-03,4.52951281e-04,1.69608700e-04,-1.26745930e-04,-3.18793989e-06,2.28699569e-05
1.13100000e+03,6.29440926e-01,6.26974586e-06,-3.48897013e-05,-2.08989685e-03,5.31739565e-04,1.61264861e-05,5.40369174e-01,7.01951762e-06,-3.51023655e-05,8.90717557e-02,-7.49771741e-07,2.12664214e-07,-1.96517140e-03,5.35726374e-04,1.52579417e-05,-1.24725444e-04,-3.98680743e-06,8.68544384e-07
1.13200000e+03,6.29487486e-01,2.00728946e-05,-2.81620225e-05,-2.11998823e-03,4.58907788e-04,1.93845374e-04,5.40411439e-01,1.87835253e-05,-2.83610134e-05,8.90760476e-02,1.28936938e-06,1.98990918e-07,-1.99336673e-03,4.64852680e-04,1.73765308e-04,-1.26621497e-04,-5.94489235e-06,2.00800666e-05
1.13300000e+03,6.29443016e-01,-1.09852256e-06,-2.39156551e-05,-2.08649295e-03,4.35250502e-04,-2.70910332e-05,5.40371594e-01,-3.46459635e-07,-2.45156003e-05,8.90714208e-02,-7.52062926e-07,5.99945242e-07,-1.96185961e-03,4.43004507e-04,-2.73526773e-05,-1.24633338e-04,-7.75400505e-06,2.61644109e-07
1.13400000e+03,6.29489470e-01,2.56760804e-05,-2.81672709e-05,-2.11780597e-03,4.50004063e-04,2.10943072e-04,5.40413784e-01,2.38521669e-05,-2.80728222e-05,8.90756877e-02,1.82391356e-06,-9.44487142e-08,-1.99104616e-03,4.53538726e-04,1.87669081e-04,-1.26759800e-04,-3.53466279e-06,2.32739910e-05
1.13500000e+03,6.29449964e-01,7.43508301e-06,-3.43552207e-05,-2.08957123e-03,5.29812234e-04,3.02075205e-05,5.40378806e-01,8.21752206e-06,-3.46259442e-05,8.90711605e-02,-7.82439019e-07,2.70723446e-07,-1.96487046e-03,5.34017203e-04,2.93063943e-05,-1.24700768e-04,-4.20497002e-06,9.01126204e-07
1.13600000e+03,6.29497426e-01,2.17135571e-05,-2.73530193e-05,-2.11747551e-03,4.62819182e-04,2.07208871e-04,5.40421872e-01,2.03412920e-05,-2.75954786e-05,8.90755531e-02,1.37226506e-06,2.42459255e-07,-1.99085619e-03,4.68670529e-04,1.86787232e-04,-1.26619317e-04,-5.85134729e-06,2.04216392e-05
1.13700000e+03,6.29454282e-01,-6.26260813e-07,-2.33451242e-05,-2.08434310e-03,4.41970762e-04,-2.39679758e-05,5.40383331e-01,1.37311067e-07,-2.39452124e-05,8.90709485e-02,-7.63571881e-07,6.00088209e-07,-1.95964195e-03,4.49633886e-04,-2.40630434e-05,-1.24701156e-04,-7.66312425e-06,9.50675405e-08
1.13800000e+03,6.29500795e-01,2.54539626e-05,-2.91499847e-05,-2.11469049e-03,4.63150416e-04,2.12465655e-04,5.40425638e-01,2.37147398e-05,-2.90312154e-05,8.90751559e-02,1.73922277e-06,-1.18769280e-07,-1.98794970e-03,4.66852287e-04,1.89431167e-04,-1.26740786e-04,-3.70187037e-06,2.30344879e-05
1.13900000e+03,6.29461285e-01,7.10185655e-06,-3.56691073e-05,-2.08880069e-03,5.41496805e-04,2.84680734e-05,5.40390645e-01,7.87111525e-06,-3.59171437e-05,8.90706415e-02,-7.69258698e-07,2.48036408e-07,-1.96400716e-03,5.45823100e-04,2.76147804e-05,-1.24793528e-04,-4.32629247e-06,8.53292958e-07
1.14000000e+03,6.29507156e-01,2.10201235e-05,-2.89488206e-05,-2.11750928e-03,4.69007968e-04,2.09044719e-04,5.40432205e-01,1.96865173e-05,-2.91509759e-05,8.90749509e-02,1.33360617e-06,2.02155319e-07,-1.99083374e-03,4.75018710e-04,1.88546714e-04,-1.26675537e-04,-6.01074237e-06,2.04980044e-05
1.14100000e+03,6.29463638e-01,-3.68142434e-07,-2.49165503e-05,-2.08423412e-03,4.48694086e-04,-1.33036007e-05,5.40393317e-01,4.21743452e-07,-2.55613586e-05,8.90703241e-02,-7.89885887e-07,6.44808367e-07,-1.95955189e-03,4.56576677e-04,-1.32669572e-05,-1.24682230e-04,-7.88259129e-06,-3.66434881e-08
1.14200000e+03,6.29511011e-01,2.72681469e-05,-3.01398088e-05,-2.11616111e-03,4.66846996e-04,2.25838460e-04,5.40436426e-01,2.54417282e-05,-3.00047242e-05,8.90745860e-02,1.82641865e-06,-1.35084593e-07,-1.98935953e-03,4.70391204e-04,2.02872187e-04,-1.26801578e-04,-3.54420765e-06,2.29662731e-05
1.14300000e+03,6.29471217e-01,8.69960224e-06,-3.67989869e-05,-2.08896061e-03,5.49383609e-04,4.18045122e-05,5.40401156e-01,9.45272171e-06,-3.70186689e-05,8.90700595e-02,-7.53119486e-07,2.19682030e-07,-1.96418767e-03,5.53429667e-04,4.06981736e-05,-1.24772936e-04,-4.04606285e-06,1.10633860e-06
1.14400000e+03,6.29517485e-01,2.35280378e-05,-2.99672862e-05,-2.11937066e-03,4.77315813e-04,2.23412639e-04,5.40443114e-01,2.21703292e-05,-3.01710211e-05,8.90743704e-02,1.35770862e-06,2.03734833e-07,-1.99266716e-03,4.83267769e-04,2.03075603e-04,-1.26703496e-04,-5.95195630e-06,2.03370359e-05
1.14500000e+03,6.29473578e-01,1.91358331e-06,-2.60931280e-05,-2.08576048e-03,4.55961704e-04,-5.17707924e-07,5.40403825e-01,2.67951168e-06,-2.66984689e-05,8.90697541e-02,-7.65928366e-07,6.05340851e-07,-1.96105251e-03,4.63691599e-04,-7.72656862e-07,-1.24707970e-04,-7.72989496e-06,2.54948937e-07
1.14600000e+03,6.29520325e-01,2.80696677e-05,-3.06930931e-05,-2.11761229e-03,4.72962462e-04,2.40440325e-04,5.40446308e-01,2.63039389e-05,-3.06186797e-05,8.90740156e-02,1.76572878e-06,-7.44134783e-08,-1.99080185e-03,4.76796951e-04,2.17200246e-04,-1.26810450e-04,-3.83448871e-06,2.32400796e-05
1.14700000e+03,6.29480207e-01,1.09922472e-05,-3.58164100e-05,-2.09029285e-03,5.42084048e-04,6.41448875e-05,5.40410715e-01,1.17414472e-05,-3.61140765e-05,8.90694931e-02,-7.49199985e-07,2.97666501e-07,-1.96549581e-03,5.46779697e-04,6.33646686e-05,-1.24797042e-04,-4.69564964e-06,7.80218914e-07
1.14800000e+03,6.29526950e-01,2.48363959e-05,-2.83305583e-05,-2.11912608e-03,4.67884766e-04,2.41364073e-04,5.40453100e-01,2.35268194e-05,-2.85568710e-05,8.90738495e-02,1.30957654e-06,2.26312640e-07,-1.99244085e-03,4.73808377e-04,2.21158679e-04,-1.26685235e-04,-5.92361045e-06,2.02053944e-05
1.14900000e+03,6.29483246e-01,2.03765266e-06,-2.39147726e-05,-2.08579306e-03,4.42642864e-04,3.78375277e-06,5.40414022e-01,2.81875746e-06,-2.45450338e-05,8.90692270e-02,-7.81104798e-07,6.30261179e-07,-1.96107720e-03,4.50575751e-04,3.79478556e-06,-1.24715863e-04,-7.93288731e-06,-1.10327849e-08
1.15000000e+03,6.29529821e-01,2.87071776e-05,-3.07265422e-05,-2.11738641e-03,4.71626721e-04,2.40993027e-04,5.40456360e-01,2.69172983e-05,-3.05459608e-05,8.90734597e-02,1.78987924e-06,-1.80581363e-07,-1.99058484e-03,4.74981950e-04,2.17921011e-04,-1.26801573e-04,-3.35522882e-06,2.30720165e-05
1.15100000e+03,6.29490034e-01,1.05454274e-05,-3.75793757e-05,-2.08994289e-03,5.55575476e-04,6.35544932e-05,5.40421079e-01,1.13314112e-05,-3.78343479e-05,8.90689586e-02,-7.85983764e-07,2.54972242e-07,-1.96513486e-03,5.59863986e-04,6.26362394e-05,-1.24808029e-04,-4.28851265e-06,9.18253624e-07
1.15200000e+03,6.29536668e-01,2.52920078e-05,-3.00144955e-05,-2.11924806e-03,4.80706141e-04,2.42892320e-04,5.40463355e-01,2.38978493e-05,-3.02638869e-05,8.90733146e-02,1.39415852e-06,2.49391424e-07,-1.99252938e-03,4.86737422e-04,2.22371746e-04,-1.26718677e-04,-6.03127970e-06,2.05205733e-05
1.15300000e+03,6.29492711e-01,2.99884650e-06,-2.64798324e-05,-2.08652230e-03,4.63855691e-04,1.03794093e-05,5.40424047e-01,3.77521251e-06,-2.70960982e-05,8.90686637e-02,-7.76366012e-07,6.16265810e-07,-1.96177276e-03,4.71693739e-04,1.05039561e-05,-1.24749537e-04,-7.83804827e-06,-1.24546857e-07
1.15400000e+03,6.29539737e-01,2.88139127e-05,-3.17059929e-05,-2.11768238e-03,4.83764081e-04,2.42179649e-04,5.40466822e-01,2.70674928e-05,-3.15773914e-05,8.90729158e-02,1.74641993e-06,-1.28601449e-07,-1.99086219e-03,4.87331950e-04,2.19467655e-04,-1.26820196e-04,-3.56786962e-06,2.27119934e-05
1.15500000e+03,6.29499982e-01,1.20481100e-05,-3.82826521e-05,-2.08946201e-03,5.62282415e-04,6.98200173e-05,5.40431563e-01,1.27849308e-05,-3.85042306e-05,8.90684194e-02,-7.36820759e-07,2.21578549e-07,-1.96465106e-03,5.66397085e-04,6.88544915e-05,-1.24810958e-04,-4.11467027e-06,9.65525688e-07
1.15600000e+03,6.29546530e-01,2.61107605e-05,-3.19656859e-05,-2.11937012e-03,4.90344144e-04,2.48563819e-04,5.40473805e-01,2.47903204e-05,-3.21628315e-05,8.90727248e-02,1.32044010e-06,1.97145662e-07,-1.99263844e-03,4.96483151e-04,2.28379067e-04,-1.26731682e-04,-6.13900576e-06,2.01847517e-05
1.15700000e+03,6.29502347e-01,4.14885843e-06,-2.80434072e-05,-2.08737278e-03,4.71648947e-04,2.45544179e-05,5.40434252e-01,4.97870280e-06,-2.86901300e-05,8.90680957e-02,-8.29844346e-07,6.46722803e-07,-1.96261249e-03,4.79657728e-04,2.48024658e-05,-1.24760282e-04,-8.00878088e-06,-2.48047951e-07
1.15800000e+03,6.29548670e-01,3.01351872e-05,-3.23335961e-05,-2.11899329e-03,4.87762981e-04,2.56679842e-04,5.40476298e-01,2.83591662e-05,-3.22794416e-05,8.90723727e-02,1.77602104e-06,-5.41545094e-08,-1.99216476e-03,4.91570892e-04,2.33843816e-04,-1.26828529e-04,-3.80790849e-06,2.28360261e-05
1.15900000e+03,6.29508774e-01,1.24892775e-05,-3.74423520e-05,-2.09105708e-03,5.58165523e-04,7.88819738e-05,5.40440916e-01,1.32777499e-05,-3.77330844e-05,8.90678603e-02,-7.88472349e-07,2.90732441e-07,-1.96626255e-03,5.62751402e-04,7.81751555e-05,-1.24794523e-04,-4.58587599e-06,7.06818018e-07
1.16000000e+03,6.29555758e-01,2.59685502e-05,-3.05548480e-05,-2.11987289e-03,4.90819301e-04,2.52507113e-04,5.40483562e-01,2.46461653e-05,-3.07708688e-05,8.90721953e-02,1.32238487e-06,2.16020807e-07,-1.99315985e-03,4.96644761e-04,2.32361190e-04,-1.26713050e-04,-5.82545839e-06,2.01459223e-05
1.16100000e+03,6.29511606e-01,3.53928855e-06,-2.60539416e-05,-2.08768311e-03,4.62342285e-04,2.06104641e-05,5.40444036e-01,4.37355591e-06,-2.66851963e-05,8.90675709e-02,-8.34267371e-07,6.31254692e-07,-1.96291276e-03,4.70400098e-04,2.11296655e-05,-1.24770357e-04,-8.05781317e-06,-5.19201423e-07
1.16200000e+03,6.29557874e-01,2.86074349e-05,-3.22815345e-05,-2.11914414e-03,4.87618649e-04,2.46261363e-04,5.40486067e-01,2.68821901e-05,-3.21174697e-05,8.90718098e-02,1.72524483e-06,-1.64064828e-07,-1.99229039e-03,4.91090079e-04,2.23751530e-04,-1.26853752e-04,-3.47142919e-06,2.25098329e-05
1.16300000e+03,6.29516843e-01,1.14516102e-05,-3.96070415e-05,-2.09137718e-03,5.76149744e-04,6.86445990e-05,5.40449545e-01,1.21959888e-05,-3.98779299e-05,8.90672974e-02,-7.44378521e-07,2.70888351e-07,-1.96653208e-03,5.80563245e-04,6.78793550e-05,-1.24845105e-04,-4.41350266e-06,7.65244096e-07
1.16400000e+03,6.29563710e-01,2.52338678e-05,-3.17032420e-05,-2.12165136e-03,4.95102394e-04,2.43531722e-04,5.40492066e-01,2.38966401e-05,-3.19587109e-05,8.90716429e-02,1.33722767e-06,2.55468871e-07,-1.99492175e-03,5.01422438e-04,2.23315811e-04,-1.26729608e-04,-6.32004244e-06,2.02159114e-05
1.16500000e+03,6.29520231e-01,2.97010953e-06,-2.76114950e-05,-2.08737576e-03,4.72053073e-04,1.48149226e-05,5.40453205e-01,3.79276346e-06,-2.82459453e-05,8.90670258e-02,-8.22653934e-07,6.34450309e-07,-1.96262431e-03,4.80188394e-04,1.51329880e-05,-1.24751456e-04,-8.13532046e-06,-3.18065326e-07
1.16600000e+03,6.29566293e-01,2.80994498e-05,-3.33814253e-05,-2.11762648e-03,4.96258051e-04,2.39412668e-04,5.40495015e-01,2.63248158e-05,-3.32669581e-05,8.90712764e-02,1.77463405e-06,-1.14467189e-07,-1.99080889e-03,4.99927382e-04,2.16635976e-04,-1.26817587e-04,-3.66933083e-06,2.27766918e-05
1.16700000e+03,6.29525468e-01,1.09874132e-05,-3.90492610e-05,-2.09073536e-03,5.72758732e-04,6.77007657e-05,5.40458718e-01,1.17746286e-05,-3.93418735e-05,8.90667504e-02,-7.87215460e-07,2.92612404e-07,-1.96590469e-03,5.77315846e-04,6.68168831e-05,-1.24830674e-04,-4.55711259e-06,8.83882828e-07
1.16800000e+03,6.29572097e-01,2.56284918e-05,-3.13738860e-05,-2.12052502e-03,4.93969374e-04,2.49064202e-04,5.40500998e-01,2.42928697e-05,-3.16136024e-05,8.90711022e-02,1.33562210e-06,2.39716477e-07,-1.99379434e-03,5.00306239e-04,2.28921085e-04,-1.26730681e-04,-6.33686722e-06,2.01431179e-05
1.16900000e+03,6.29529346e-01,3.87871751e-06,-2.63659418e-05,-2.08694364e-03,4.65460378e-04,2.13817280e-05,5.40462850e-01,4.63938292e-06,-2.70076517e-05,8.90664968e-02,-7.60665406e-07,6.41709787e-07,-1.96220203e-03,4.73483180e-04,2.14268478e-05,-1.24741610e-04,-8.02280194e-06,-4.51197993e-08
1.17000000e+03,6.29575630e-01,3.00760284e-05,-3.18189004e-05,-2.11659444e-03,4.87577411e-04,2.54011526e-04,5.40504877e-01,2.83397047e-05,-3.17394474e-05,8.90707544e-02,1.73632373e-06,-7.94529970e-08,-1.98973678e-03,4.91459433e-04,2.31445817e-04,-1.26857666e-04,-3.88202167e-06,2.25657089e-05
1.17100000e+03,6.29535357e-01,1.33706399e-05,-3.73630657e-05,-2.08971208e-03,5.58914007e-04,7.96996130e-05,5.40469148e-01,1.41252697e-05,-3.76509373e-05,8.90662100e-02,-7.54629696e-07,2.87871634e-07,-1.96487881e-03,5.63574789e-04,7.89469061e-05,-1.24833278e-04,-4.66078482e-06,7.52706601e-07
1.17200000e+03,6.29581512e-01,2.72812007e-05,-3.17139126e-05,-2.11876911e-03,4.95639116e-04,2.58507972e-04,5.40510938e-01,2.59860829e-05,-3.19112837e-05,8.90705750e-02,1.29511782e-06,1.97371111e-07,-1.99203452e-03,5.01596633e-04,2.38495399e-04,-1.26734588e-04,-5.95751886e-06,2.00125728e-05
1.17300000e+03,6.29536481e-01,4.24079979e-06,-2.74820984e-05,-2.08547310e-03,4.67716783e-04,2.63203781e-05,5.40470525e-01,5.10651425e-06,-2.81355272e-05,8.90659560e-02,-8.65714454e-07,6.53428793e-07,-1.96068124e-03,4.76107871e-04,2.68575781e-05,-1.24791863e-04,-8.39108751e-06,-5.37200096e-07
1.17400000e+03,6.29582403e-01,2.98600522e-05,-3.29570904e-05,-2.11571590e-03,4.88802613e-04,2.55575683e-04,5.40512191e-01,2.81577952e-05,-3.28039312e-05,8.90702105e-02,1.70225697e-06,-1.53159143e-07,-1.98882977e-03,4.92250720e-04,2.33293083e-04,-1.26886128e-04,-3.44810889e-06,2.22825997e-05
1.17500000e+03,6.29543161e-01,1.10269436e-05,-3.97293085e-05,-2.08953820e-03,5.72622025e-04,6.84524260e-05,5.40477427e-01,1.18512506e-05,-3.99787988e-05,8.90657331e-02,-8.24306958e-07,2.49490131e-07,-1.96467405e-03,5.76980795e-04,6.80873582e-05,-1.24864145e-04,-4.35877344e-06,3.65068021e-07
1.17600000e+03,6.29589125e-01,2.47478405e-05,-3.25520002e-05,-2.12026114e-03,5.01322437e-04,2.41130231e-04,5.40519077e-01,2.34099492e-05,-3.28289842e-05,8.90700518e-02,1.33789128e-06,2.76983967e-07,-1.99348876e-03,5.07678224e-04,2.21028404e-04,-1.26772378e-04,-6.35578613e-06,2.01018270e-05
1.17700000e+03,6.29543799e-01,3.17214640e-06,-2.69318252e-05,-2.08621516e-03,4.68305841e-04,1.41776808e-05,5.40478372e-01,3.97013315e-06,-2.76286817e-05,8.90654269e-02,-7.97986746e-07,6.96856438e-07,-1.96140381e-03,4.76668123e-04,1.45424479e-05,-1.24811349e-04,-8.36228182e-06,-3.64767117e-07
1.17800000e+03,6.29589872e-01,2.85647851e-05,-3.12921918e-05,-2.11624387e-03,4.82892870e-04,2.43690835e-04,5.40520166e-01,2.68333020e-05,-3.11979376e-05,8.90697063e-02,1.73148308e-06,-9.42542062e-08,-1.98940672e-03,4.86709917e-04,2.21098949e-04,-1.26837149e-04,-3.81704594e-06,2.25918850e-05
1.17900000e+03,6.29550105e-01,1.14161222e-05,-3.78568594e-05,-2.08891626e-03,5.63912563e-04,6.76781662e-05,5.40484888e-01,1.21810528e-05,-3.80966274e-05,8.90652184e-02,-7.64930573e-07,2.39767964e-07,-1.96408061e-03,5.68288285e-04,6.69415945e-05,-1.24835646e-04,-4.37571738e-06,7.36571263e-07
1.18000000e+03,6.29596739e-01,2.47674653e-05,-3.16369911e-05,-2.11776954e-03,4.93204522e-04,2.39786589e-04,5.40527173e-01,2.34784047e-05,-3.18553311e-05,8.90695647e-02,1.28906063e-06,2.18339918e-07,-1.99099120e-03,4.99507103e-04,2.19931395e-04,-1.26778344e-04,-6.30257974e-06,1.98551945e-05
1.18100000e+03,6.29551953e-01,2.33237117e-06,-2.74576033e-05,-2.08475367e-03,4.66556059e-04,1.05406883e-05,5.40487001e-01,3.13969004e-06,-2.81226468e-05,8.90649538e-02,-8.07318869e-07,6.65043561e-07,-1.95991511e-03,4.74979675e-04,1.06659608e-05,-1.24838554e-04,-8.42361612e-06,-1.25272501e-07
1.18200000e+03,6.29598170e-01,2.94748084e-05,-3.20696899e-05,-2.11646328e-03,4.84987231e-04,2.46119494e-04,5.40528919e-01,2.77000785e-05,-3.20174826e-05,8.90692480e-02,1.77472993e-06,-5.22073461e-08,-1.98954631e-03,4.88872323e-04,2.23723346e-04,-1.26916968e-04,-3.88509157e-06,2.23961475e-05
1.18300000e+03,6.29558294e-01,1.05953693e-05,-3.67126853e-05,-2.08868963e-03,5.56832384e-04,5.80498627e-05,5.40493556e-01,1.14370797e-05,-3.70699824e-05,8.90647410e-02,-8.41710392e-07,3.57297112e-07,-1.96381000e-03,5.61731810e-04,5.77897453e-05,-1.24879639e-04,-4.89942966e-06,2.60117425e-07
1.18400000e+03,6.29604111e-01,2.50519425e-05,-3.06893538e-05,-2.11668880e-03,4.90939056e-04,2.39937958e-04,5.40535004e-01,2.37600158e-05,-3.08947806e-05,8.90691045e-02,1.29192672e-06,2.05426794e-07,-1.98989207e-03,4.97054750e-04,2.19957997e-04,-1.26796726e-04,-6.11569334e-06,1.99799607e-05
1.18500000e+03,6.29560489e-01,2.20992648e-06,-2.58748482e-05,-2.08532188e-03,4.57462763e-04,5.89272921e-06,5.40495991e-01,2.99360354e-06,-2.64951202e-05,8.90644983e-02,-7.83677060e-07,6.20272008e-07,-1.96046571e-03,4.65718854e-04,6.09513878e-06,-1.24856168e-04,-8.25609139e-06,-2.02409528e-07
1.18600000e+03,6.29606309e-01,2.82385613e-05,-3.16914522e-05,-2.11521143e-03,4.79682013e-04,2.41849153e-04,5.40537552e-01,2.65377214e-05,-3.15672786e-05,8.90687586e-02,1.70083988e-06,-1.24173540e-07,-1.98828959e-03,4.83450217e-04,2.19497174e-04,-1.26921836e-04,-3.76820443e-06,2.23519782e-05
1.18700000e+03,6.29566059e-01,1.11172247e-05,-3.78065314e-05,-2.08854509e-03,5.56733448e-04,6.35045893e-05,5.40501800e-01,1.19491936e-05,-3.80573888e-05,8.90642571e-02,-8.31968814e-07,2.50857392e-07,-1.96361197e-03,5.61150830e-04,6.34089772e-05,-1.24933112e-04,-4.41738664e-06,9.56117719e-08
1.18800000e+03,6.29611736e-01,2.51727097e-05,-3.14764774e-05,-2.11810796e-03,4.90829815e-04,2.39109776e-04,5.40543150e-01,2.38563540e-05,-3.17385858e-05,8.90685839e-02,1.31635560e-06,2.62108462e-07,-1.99128548e-03,4.97171314e-04,2.19212411e-04,-1.26822478e-04,-6.34150014e-06,1.98973651e-05
1.18900000e+03,6.29567355e-01,1.85102130e-06,-2.63671211e-05,-2.08521585e-03,4.59708293e-04,4.72494369e-06,5.40503395e-01,2.69720714e-06,-2.70350714e-05,8.90639630e-02,-8.46185836e-07,6.67950227e-07,-1.96038709e-03,4.68097470e-04,5.13720225e-06,-1.24828755e-04,-8.38917745e-06,-4.12258541e-07
1.19000000e+03,6.29613090e-01,2.85211057e-05,-3.16188221e-05,-2.11543340e-03,4.80317780e-04,2.43355606e-04,5.40544823e-01,2.67784443e-05,-3.14961794e-05,8.90682688e-02,1.74266140e-06,-1.22642652e-07,-1.98850070e-03,4.83972962e-04,2.20775996e-04,-1.26932691e-04,-3.65518195e-06,2.25796103e-05
1.19100000e+03,6.29572482e-01,1.19076958e-05,-3.77280418e-05,-2.08835324e-03,5.61901774e-04,7.35675379e-05,5.40508709e-01,1.27215429e-05,-3.80085445e-05,8.90637712e-02,-8.13847136e-07,2.80502690e-07,-1.96345750e-03,5.66318403e-04,7.30832101e-05,-1.24895743e-04,-4.41662723e-06,4.84327988e-07
1.19200000e+03,6.29618828e-01,2.53984155e-05,-3.11384679e-05,-2.11756889e-03,4.91611682e-04,2.43644246e-04,5.40550721e-01,2.40731438e-05,-3.13632657e-05,8.90681066e-02,1.32527170e-06,2.24797791e-07,-1.99075843e-03,4.97784239e-04,2.23877327e-04,-1.26810461e-04,-6.17255660e-06,1.97669193e-05
1.19300000e+03,6.29575396e-01,2.49905453e-06,-2.70412985e-05,-2.08400274e-03,4.68030291e-04,7.61510651e-06,5.40511864e-01,3.28097259e-06,-2.77079913e-05,8.90635311e-02,-7.81918059e-07,6.66692831e-07,-1.95916870e-03,4.76402964e-04,7.72957945e-06,-1.24834040e-04,-8.37267250e-06,-1.14472926e-07
1.19400000e+03,6.29620906e-01,2.81095595e-05,-3.21554661e-05,-2.11465506e-03,4.88717988e-04,2.39283888e-04,5.40553082e-01,2.64111880e-05,-3.20716908e-05,8.90678203e-02,1.69837156e-06,-8.37752629e-08,-1.98766930e-03,4.92605068e-04,2.16990171e-04,-1.26985751e-04,-3.88708028e-06,2.22937176e-05
1.19500000e+03,6.29580707e-01,1.14066956e-05,-3.73214980e-05,-2.08857264e-03,5.57653451e-04,6.65034364e-05,5.40517388e-01,1.22257846e-05,-3.76199642e-05,8.90633183e-02,-8.19088936e-07,2.98466104e-07,-1.96361523e-03,5.62499730e-04,6.62186693e-05,-1.24957405e-04,-4.84627990e-06,2.84766939e-07
1.19600000e+03,6.29626586e-01,2.43315253e-05,-3.12643520e-05,-2.11845888e-03,4.89953796e-04,2.36182150e-04,5.40558910e-01,2.30491179e-05,-3.14794182e-05,8.90676775e-02,1.28240743e-06,2.15066157e-07,-1.99163532e-03,4.96183045e-04,2.16339650e-04,-1.26823556e-04,-6.22924854e-06,1.98424995e-05
1.19700000e+03,6.29582131e-01,2.02260138e-06,-2.63828685e-05,-2.08577765e-03,4.59106625e-04,8.06451342e-06,5.40519049e-01,2.86973798e-06,-2.70178843e-05,8.90630834e-02,-8.47136610e-07,6.35015810e-07,-1.96089487e-03,4.67329324e-04,8.50148186e-06,-1.24882783e-04,-8.22269864e-06,-4.36968429e-07
1.19800000e+03,6.29627593e-01,2.74487873e-05,-3.24237825e-05,-2.11538341e-03,4.86058957e-04,2.35254478e-04,5.40560260e-01,2.57487977e-05,-3.22999331e-05,8.90673336e-02,1.69998958e-06,-1.23849352e-07,-1.98843243e-03,4.89683145e-04,2.13186836e-04,-1.26950971e-04,-3.62418872e-06,2.20676419e-05
1.19900000e+03,6.29586993e-01,9.70028681e-06,-3.79143147e-05,-2.08776981e-03,5.60698139e-04,5.77537401e-05,5.40524142e-01,1.05746786e-05,-3.81962169e-05,8.90628531e-02,-8.74391749e-07,2.81902266e-07,-1.96280843e-03,5.65293578e-04,5.77727075e-05,-1.24961386e-04,-4.59543629e-06,-1.89672832e-08
1.20000000e+03,6.29633545e-01,2.53173073e-05,-3.19146505e-05,-2.11795764e-03,4.96410732e-04,2.43178527e-04,5.40566313e-01,2.39532197e-05,-3.21803040e-05,8.90672309e-02,1.36408765e-06,2.65653506e-07,-1.99110482e-03,5.02893223e-04,2.23100778e-04,-1.26852820e-04,-6.48249085e-06,2.00777487e-05
1.20100000e+03,6.29589518e-01,3.30111200e-06,-2.63850092e-05,-2.08594712e-03,4.60622217e-04,1.37406958e-05,5.40526896e-01,4.12065104e-06,-2.70597834e-05,8.90626204e-02,-8.19539041e-07,6.74774223e-07,-1.96107655e-03,4.69133015e-04,1.42943010e-05,-1.24870569e-04,-8.51079827e-06,-5.53605219e-07
1.20200000e+03,6.29634530e-01,2.88940924e-05,-2.96294171e-05,-2.11569326e-03,4.67169264e-04,2.47396847e-04,5.40567632e-01,2.72380065e-05,-2.95483901e-05,8.90668971e-02,1.65608594e-06,-8.10270650e-08,-1.98872220e-03,4.71063932e-04,2.25350621e-04,-1.26971062e-04,-3.89466800e-06,2.20462259e-05
1.20300000e+03,6.29593638e-01,1.09242394e-05,-3.81491310e-05,-2.08783715e-03,5.66087759e-04,6.21903940e-05,5.40531246e-01,1.17136304e-05,-3.83884426e-05,8.90623928e-02,-7.89390969e-07,2.39311621e-07,-1.96290270e-03,5.70419379e-04,6.19074023e-05,-1.24934448e-04,-4.33162231e-06,2.82991615e-07
1.20400000e+03,6.29639797e-01,2.52599281e-05,-3.23849807e-05,-2.11736930e-03,4.99811907e-04,2.44763165e-04,5.40573059e-01,2.39840533e-05,-3.25721406e-05,8.90667372e-02,1.27587480e-06,1.87159948e-07,-1.99051941e-03,5.05943562e-04,2.25055943e-04,-1.26849889e-04,-6.13165305e-06,1.97072220e-05
1.20500000e+03,6.29595692e-01,3.61679144e-06,-2.59610403e-05,-2.08485995e-03,4.56371647e-04,2.43333102e-05,5.40533560e-01,4.49525874e-06,-2.66842864e-05,8.90621322e-02,-8.78467289e-07,7.23246100e-07,-1.96000234e-03,4.65183019e-04,2.48806079e-05,-1.24857611e-04,-8.81137254e-06,-5.47297634e-07
1.20600000e+03,6.29641486e-01,2.92144492e-05,-3.13768178e-05,-2.11486318e-03,4.78081377e-04,2.49563106e-04,5.40575039e-01,2.75121666e-05,-3.13139117e-05,8.90664462e-02,1.70228265e-06,-6.29061166e-08,-1.98786315e-03,4.82203475e-04,2.27683221e-04,-1.27000034e-04,-4.12209834e-06,2.18798850e-05
1.20700000e+03,6.29601586e-01,1.04867685e-05,-3.63654749e-05,-2.08728651e-03,5.51134863e-04,6.51667008e-05,5.40539602e-01,1.13646612e-05,-3.66899068e-05,8.90619867e-02,-8.77892650e-07,3.24431887e-07,-1.96231225e-03,5.56040358e-04,6.51823084e-05,-1.24974262e-04,-4.90549350e-06,-1.56077605e-08
1.20800000e+03,6.29647893e-01,2.43377107e-05,-3.01249516e-05,-2.11724174e-03,4.88612861e-04,2.38293733e-04,5.40581544e-01,2.30550947e-05,-3.03545052e-05,8.90663505e-02,1.28261601e-06,2.29553587e-07,-1.99035258e-03,4.94652976e-04,2.18763373e-04,-1.26889166e-04,-6.04011770e-06,1.95303607e-05
1.20900000e+03,6.29603640e-01,2.31823553e-06,-2.53885276e-05,-2.08639499e-03,4.58578245e-04,9.11256615e-06,5.40541894e-01,3.16541179e-06,-2.60430209e-05,8.90617486e-02,-8.47176264e-07,6.54493266e-07,-1.96146347e-03,4.66871014e-04,9.72495756e-06,-1.24931514e-04,-8.29276880e-06,-6.12391393e-07
1.21000000e+03,6.29649243e-01,2.89188612e-05,-3.17120172e-05,-2.11597466e-03,4.86423656e-04,2.49975928e-04,5.40583221e-01,2.72262330e-05,-3.16063078e-05,8.90660241e-02,1.69262820e-06,-1.05709453e-07,-1.98899196e-03,4.90253392e-04,2.27694231e-04,-1.26982697e-04,-3.82973269e-06,2.22816970e-05
1.21100000e+03,6.29608581e-01,1.07740253e-05,-3.80532064e-05,-2.08737505e-03,5.66179843e-04,6.55770119e-05,5.40547044e-01,1.16085326e-05,-3.83371896e-05,8.90615377e-02,-8.34507285e-07,2.83983163e-07,-1.96241309e-03,5.70994882e-04,6.55351542e-05,-1.24961967e-04,-4.81503579e-06,4.18575718e-08
1.21200000e+03,6.29654141e-01,2.44899484e-05,-3.16608221e-05,-2.11701117e-03,4.96869667e-04,2.41044153e-04,5.40588274e-01,2.32360816e-05,-3.18914081e-05,8.90658681e-02,1.25386677e-06,2.30585940e-07,-1.99009374e-03,5.03222867e-04,2.21537609e-04,-1.26917433e-04,-6.35320055e-06,1.95065445e-05
1.21300000e+03,6.29608997e-01,1.97551402e-06,-2.74995051e-05,-2.08511087e-03,4.68893540e-04,9.41874559e-06,5.40547733e-01,2.84726055e-06,-2.81645124e-05,8.90612642e-02,-8.71746527e-07,6.65007299e-07,-1.96017012e-03,4.77520058e-04,1.03045810e-05,-1.24940749e-04,-8.62651826e-06,-8.85835388e-07
1.21400000e+03,6.29655086e-01,2.79105539e-05,-3.11409900e-05,-2.11584838e-03,4.77717235e-04,2.39228770e-04,5.40589504e-01,2.61835965e-05,-3.10747355e-05,8.90655841e-02,1.72695746e-06,-6.62544737e-08,-1.98880736e-03,4.81818533e-04,2.17157633e-04,-1.27041019e-04,-4.10129859e-06,2.20711379e-05
1.21500000e+03,6.29614751e-01,1.07047087e-05,-3.61701917e-05,-2.08939366e-03,5.52051891e-04,6.53075869e-05,5.40553646e-01,1.15549078e-05,-3.64885190e-05,8.90611020e-02,-8.50199111e-07,3.18327290e-07,-1.96440670e-03,5.56718513e-04,6.51425257e-05,-1.24986959e-04,-4.66661952e-06,1.65061115e-07
1.21600000e+03,6.29661167e-01,2.56130767e-05,-3.05544431e-05,-2.11815688e-03,4.90992738e-04,2.46546696e-04,5.40595689e-01,2.43016140e-05,-3.07587584e-05,8.90654759e-02,1.31146267e-06,2.04315360e-07,-1.99128421e-03,4.97005848e-04,2.26905654e-04,-1.26872662e-04,-6.01311091e-06,1.96410419e-05
1.21700000e+03,6.29616572e-01,3.62729468e-06,-2.56586954e-05,-2.08536748e-03,4.61468788e-04,2.03323311e-05,5.40555685e-01,4.49221746e-06,-2.63236821e-05,8.90608869e-02,-8.64922764e-07,6.64986716e-07,-1.96043851e-03,4.69879932e-04,2.10604477e-05,-1.24928968e-04,-8.41114478e-06,-7.28116639e-07
1.21800000e+03,6.29661750e-01,2.86528263e-05,-3.10013086e-05,-2.11613612e-03,4.78754237e-04,2.49030610e-04,5.40596584e-01,2.70114754e-05,-3.08840687e-05,8.90651631e-02,1.64135094e-06,-1.17239831e-07,-1.98909227e-03,4.82606555e-04,2.27120153e-04,-1.27043853e-04,-3.85231803e-06,2.19104573e-05
1.21900000e+03,6.29621594e-01,1.09546016e-05,-3.71792960e-05,-2.08957596e-03,5.57682133e-04,6.76563379e-05,5.40560886e-01,1.18074791e-05,-3.74600140e-05,8.90607079e-02,-8.52877455e-07,2.80718096e-07,-1.96455759e-03,5.62291738e-04,6.77939137e-05,-1.25018365e-04,-4.60960522e-06,-1.37575888e-07
1.22000000e+03,6.29667718e-01,2.43165020e-05,-3.16783457e-05,-2.11743271e-03,4.95800385e-04,2.38901417e-04,5.40602669e-01,2.30419145e-05,-3.18858381e-05,8.90650484e-02,1.27458753e-06,2.07492472e-07,-1.99051964e-03,5.01960337e-04,2.19389225e-04,-1.26913061e-04,-6.15994896e-06,1.95121924e-05
1.22100000e+03,6.29623660e-01,2.40245596e-06,-2.76488117e-05,-2.08519928e-03,4.70832221e-04,1.52999371e-05,5.40563197e-01,3.30759118e-06,-2.82960629e-05,8.90604628e-02,-9.05135224e-07,6.47251190e-07,-1.96024036e-03,4.79237175e-04,1.61351816e-05,-1.24958920e-04,-8.40495349e-06,-8.35244518e-07
1.22200000e+03,6.29669185e-01,2.88238678e-05,-3.27013546e-05,-2.11345399e-03,4.89221428e-04,2.48945046e-04,5.40604435e-01,2.71108073e-05,-3.26322376e-05,8.90647516e-02,1.71306054e-06,-6.91170322e-08,-1.98644132e-03,4.93392547e-04,2.26928057e-04,-1.27012664e-04,-4.17111841e-06,2.20169885e-05
1.22300000e+03,6.29628842e-01,1.06549692e-05,-3.88444572e-05,-2.08658293e-03,5.68156218e-04,6.88344095e-05,5.40568558e-01,1.14990015e-05,-3.91454335e-05,8.90602870e-02,-8.44032381e-07,3.00976353e-07,-1.96158197e-03,5.73048305e-04,6.86149915e-05,-1.25000970e-04,-4.89208542e-06,2.19418160e-07
1.22400000e+03,6.29674911e-01,2.51188558e-05,-3.08973204e-05,-2.11610915e-03,4.93275438e-04,2.47765085e-04,5.40610235e-01,2.38070664e-05,-3.11739369e-05,8.90646776e-02,1.31178937e-06,2.76616499e-07,-1.98917323e-03,4.99643869e-04,2.27925585e-04,-1.26935913e-04,-6.36843321e-06,1.98394999e-05
1.22500000e+03,6.29630834e-01,4.45608695e-06,-2.60362124e-05,-2.08407200e-03,4.64009185e-04,3.02400502e-05,5.40570744e-01,5.28975280e-06,-2.67443028e-05,8.90600905e-02,-8.33665830e-07,7.08090392e-07,-1.95910856e-03,4.72763066e-04,3.09055279e-05,-1.24963435e-04,-8.75388094e-06,-6.65477703e-07
1.22600000e+03,6.29677109e-01,3.04243708e-05,-3.17479986e-05,-2.11487311e-03,4.85689979e-04,2.64895675e-04,5.40612702e-01,2.87699416e-05,-3.16645240e-05,8.90644096e-02,1.65442914e-06,-8.34746343e-08,-1.98781461e-03,4.89803201e-04,2.43050938e-04,-1.27058498e-04,-4.11322237e-06,2.18447366e-05
1.22700000e+03,6.29635728e-01,1.28732933e-05,-3.76016235e-05,-2.08794018e-03,5.63024062e-04,8.45268158e-05,5.40575817e-01,1.37043163e-05,-3.78775382e-05,8.90599139e-02,-8.31023020e-07,2.75914661e-07,-1.96290827e-03,5.67680564e-04,8.44630978e-05,-1.25031908e-04,-4.65650398e-06,6.37181509e-08
1.22800000e+03,6.29681525e-01,2.63241310e-05,-3.22828677e-05,-2.11750923e-03,5.02128828e-04,2.58776487e-04,5.40617257e-01,2.50941463e-05,-3.24923074e-05,8.90642676e-02,1.22998472e-06,2.09439705e-07,-1.99057372e-03,5.08361087e-04,2.39391067e-04,-1.26935518e-04,-6.23225821e-06,1.93854203e-05
1.22900000e+03,6.29636693e-01,4.19414227e-06,-2.71124398e-05,-2.08541290e-03,4.69857743e-04,3.30356900e-05,5.40577027e-01,5.08229956e-06,-2.78286898e-05,8.90596638e-02,-8.88157261e-07,7.16250022e-07,-1.96047927e-03,4.78694664e-04,3.38231665e-05,-1.24933629e-04,-8.83692089e-06,-7.87476479e-07
1.23000000e+03,6.29681420e-01,3.16958972e-05,-3.15228225e-05,-2.11543822e-03,4.81925228e-04,2.75663236e-04,5.40617460e-01,2.99517861e-05,-3.14222570e-05,8.90639618e-02,1.74411111e-06,-1.00565513e-07,-1.98836028e-03,4.85850856e-04,2.53449009e-04,-1.27077942e-04,-3.92562809e-06,2.22142276e-05
1.23100000e+03,6.29640665e-01,1.28186620e-05,-3.81276829e-05,-2.08742012e-03,5.67819644e-04,8.74695067e-05,5.40581139e-01,1.37216256e-05,-3.84308779e-05,8.90595218e-02,-9.02963612e-07,3.03194961e-07,-1.96237662e-03,5.72502596e-04,8.77103615e-05,-1.25043501e-04,-4.68294900e-06,-2.40854955e-07
1.23200000e+03,6.29687193e-01,2.76480268e-05,-3.23527101e-05,-2.11762597e-03,5.08935876e-04,2.68045766e-04,5.40623315e-01,2.63763895e-05,-3.25836126e-05,8.90638797e-02,1.27163736e-06,2.30902582e-07,-1.99068351e-03,5.15051755e-04,2.48719589e-04,-1.26942465e-04,-6.11587774e-06,1.93261771e-05
1.23300000e+03,6.29642178e-01,4.84968180e-06,-2.67798571e-05,-2.08478433e-03,4.71360355e-04,3.66368109e-05,5.40582886e-01,5.72466131e-06,-2.74945597e-05,8.90592949e-02,-8.74979523e-07,7.14702586e-07,-1.95979869e-03,4.80292271e-04,3.74555612e-05,-1.24985639e-04,-8.93191573e-06,-8.18750306e-07
1.23400000e+03,6.29688251e-01,3.04569689e-05,-3.16451296e-05,-2.11453690e-03,4.88626098e-04,2.68345939e-04,5.40624645e-01,2.88093390e-05,-3.15819036e-05,8.90636066e-02,1.64762997e-06,-6.32259172e-08,-1.98749364e-03,4.92872369e-04,2.46559578e-04,-1.27043258e-04,-4.24626829e-06,2.17863607e-05
1.23500000e+03,6.29648243e-01,1.34979468e-05,-3.82568093e-05,-2.08767853e-03,5.68359051e-04,9.30385984e-05,5.40589099e-01,1.43728351e-05,-3.85525196e-05,8.90591417e-02,-8.74888247e-07,2.95710323e-07,-1.96260414e-03,5.73328172e-04,9.32505250e-05,-1.25074393e-04,-4.96912028e-06,-2.11926283e-07
1.23600000e+03,6.29693764e-01,2.72117068e-05,-3.25063417e-05,-2.11573347e-03,5.03657501e-04,2.69924594e-04,5.40630271e-01,2.59809766e-05,-3.26931439e-05,8.90634934e-02,1.23073016e-06,1.86802279e-07,-1.98877778e-03,5.09638944e-04,2.50615304e-04,-1.26955687e-04,-5.98143949e-06,1.93092901e-05
1.23700000e+03,6.29649033e-01,4.63790358e-06,-2.85503318e-05,-2.08299840e-03,4.80478876e-04,4.28211578e-05,5.40590142e-01,5.57558261e-06,-2.92055226e-05,8.90588919e-02,-9.37679022e-07,6.55190844e-07,-1.95800142e-03,4.88981807e-04,4.39576959e-05,-1.24996984e-04,-8.50293101e-06,-1.13653813e-06
1.23800000e+03,6.29695215e-01,3.09467340e-05,-3.47766412e-05,-2.11420149e-03,5.07192640e-04,2.78845635e-04,5.40632006e-01,2.92659315e-05,-3.46372431e-05,8.90632098e-02,1.68080248e-06,-1.39398038e-07,-1.98707719e-03,5.10868479e-04,2.56927324e-04,-1.27124297e-04,-3.67583887e-06,2.19183118e-05
1.23900000e+03,6.29654899e-01,1.39129383e-05,-4.06104306e-05,-2.08766733e-03,5.86723577e-04,1.03012063e-04,5.40596156e-01,1.47784215e-05,-4.08998911e-05,8.90587433e-02,-8.65483153e-07,2.89460444e-07,-1.96257257e-03,5.91292935e-04,1.03185051e-04,-1.25094757e-04,-4.56935727e-06,-1.72988785e-07
1.24000000e+03,6.29700160e-01,2.89077340e-05,-3.36510969e-05,-2.11537597e-03,5.15058125e-04,2.83366478e-04,5.40637048e-01,2.76561324e-05,-3.39052214e-05,8.90631114e-02,1.25160157e-06,2.54124495e-07,-1.98838976e-03,5.21461063e-04,2.64407827e-04,-1.26986205e-04,-6.40293874e-06,1.89586510e-05
1.24100000e+03,6.29656467e-01,5.96695569e-06,-2.74852940e-05,-2.08360527e-03,4.74819501e-04,4.67653896e-05,5.40597942e-01,6.84940763e-06,-2.81894598e-05,8.90585227e-02,-8.82451931e-07,7.04165692e-07,-1.95863091e-03,4.83519944e-04,4.78318035e-05,-1.24974356e-04,-8.70044376e-06,-1.06641393e-06
1.24200000e+03,6.29701914e-01,3.31242561e-05,-3.20953211e-05,-2.11444632e-03,4.91071376e-04,2.87110432e-04,5.40639106e-01,3.14226123e-05,-3.20687187e-05,8.90628064e-02,1.70164379e-06,-2.66023373e-08,-1.98731287e-03,4.95450147e-04,2.65034419e-04,-1.27133447e-04,-4.37876865e-06,2.20760137e-05
1.24300000e+03,6.29659829e-01,1.59334451e-05,-3.67474224e-05,-2.08750211e-03,5.58993569e-04,1.10563161e-04,5.40601509e-01,1.67953705e-05,-3.70708607e-05,8.90583193e-02,-8.61925357e-07,3.23438260e-07,-1.96237197e-03,5.63994353e-04,1.10798938e-04,-1.25130144e-04,-5.00078513e-06,-2.35777255e-07
1.24400000e+03,6.29705513e-01,2.89513792e-05,-3.04305655e-05,-2.11653409e-03,4.92648990e-04,2.83527909e-04,5.40642809e-01,2.77662432e-05,-3.06256893e-05,8.90627029e-02,1.18513601e-06,1.95123803e-07,-1.98955434e-03,4.98636658e-04,2.64536603e-04,-1.26979759e-04,-5.98766803e-06,1.89913052e-05
1.24500000e+03,6.29661097e-01,6.33181888e-06,-2.74553756e-05,-2.08434684e-03,4.75978721e-04,5.40373691e-05,5.40602941e-01,7.24805468e-06,-2.81399156e-05,8.90581570e-02,-9.16235793e-07,6.84540065e-07,-1.95932943e-03,4.84632631e-04,5.49977242e-05,-1.25017418e-04,-8.65391010e-06,-9.60355007e-07
1.24600000e+03,6.29706968e-01,3.26993599e-05,-3.32495291e-05,-2.11497249e-03,4.97159021e-04,2.87297650e-04,5.40644517e-01,3.10107579e-05,-3.31464750e-05,8.90624500e-02,1.68860197e-06,-1.03054057e-07,-1.98786221e-03,5.01095372e-04,2.65523475e-04,-1.27110279e-04,-3.93635013e-06,2.17741758e-05
1.24700000e+03,6.29666026e-01,1.44353671e-05,-3.72479688e-05,-2.08692148e-03,5.61601707e-04,1.05784329e-04,5.40608010e-01,1.53906502e-05,-3.75800331e-05,8.90580150e-02,-9.55283125e-07,3.32064250e-07,-1.96179955e-03,5.66534978e-04,1.06441784e-04,-1.25121927e-04,-4.93326747e-06,-6.57455208e-07
1.24800000e+03,6.29711601e-01,2.85830487e-05,-3.25329955e-05,-2.11682481e-03,5.12250739e-04,2.81071559e-04,5.40649189e-01,2.73324451e-05,-3.27481620e-05,8.90624142e-02,1.25060360e-06,2.15166562e-07,-1.98978401e-03,5.18188571e-04,2.61894039e-04,-1.27040806e-04,-5.93782981e-06,1.91775198e-05
1.24900000e+03,6.29667555e-01,5.73719449e-06,-2.90606910e-05,-2.08438745e-03,4.94119444e-04,4.66551049e-05,5.40609698e-01,6.64668645e-06,-2.97319516e-05,8.90578575e-02,-9.09491965e-07,6.71260613e-07,-1.95932663e-03,5.02544691e-04,4.79679011e-05,-1.25060823e-04,-8.42524403e-06,-1.31279620e-06
1.25000000e+03,6.29714064e-01,3.16389809e-05,-3.34948328e-05,-2.11531897e-03,5.05060103e-04,2.82562930e-04,5.40651897e-01,2.99977961e-05,-3.34163101e-05,8.90621687e-02,1.64118481e-06,-7.85226944e-08,-1.98815530e-03,5.09288915e-04,2.60835282e-04,-1.27163673e-04,-4.22881492e-06,2.17276485e-05
1.25100000e+03,6.29673126e-01,1.56454441e-05,-3.95403287e-05,-2.08744149e-03,5.80427818e-04,1.14269996e-04,5.40615417e-01,1.65178227e-05,-3.98249010e-05,8.90577085e-02,-8.72378588e-07,2.84572103e-07,-1.96230273e-03,5.85316161e-04,1.14678661e-04,-1.25138763e-04,-4.88834105e-06,-4.08664735e-07
1.25200000e+03,6.29718600e-01,3.04054494e-05,-3.42578610e-05,-2.11683800e-03,5.17103047e-04,2.96999418e-04,5.40656550e-01,2.92089526e-05,-3.44427595e-05,8.90620524e-02,1.19649679e-06,1.84898487e-07,-1.98976877e-03,5.23254163e-04,2.78250036e-04,-1.27069230e-04,-6.15111500e-06,1.87493825e-05
1.25300000e+03,6.29673406e-01,7.36653960e-06,-3.05572154e-05,-2.08480203e-03,4.95544002e-04,6.29147494e-05,5.40615931e-01,8.30215263e-06,-3.12507848e-05,8.90574774e-02,-9.35613030e-07,6.93569433e-07,-1.95971945e-03,5.04170156e-04,6.42143739e-05,-1.25082577e-04,-8.62615286e-06,-1.29962460e-06
1.25400000e+03,6.29719394e-01,3.44750491e-05,-3.41367104e-05,-2.11507853e-03,5.03839102e-04,3.03270756e-04,5.40657612e-01,3.27936716e-05,-3.41179497e-05,8.90617824e-02,1.68137752e-06,-1.87607580e-08,-1.98790304e-03,5.08298544e-04,2.81667945e-04,-1.27175492e-04,-4.45943959e-06,2.16028110e-05
1.25500000e+03,6.29679650e-01,1.59195383e-05,-3.81362855e-05,-2.08805354e-03,5.70375233e-04,1.18536788e-04,5.40622323e-01,1.68532873e-05,-3.84790840e-05,8.90573288e-02,-9.33748966e-07,3.42798540e-07,-1.96291404e-03,5.75320180e-04,1.19122383e-04,-1.25139504e-04,-4.94494561e-06,-5.85594403e-07
1.25600000e+03,6.29725443e-01,3.05420226e-05,-3.19676024e-05,-2.11618125e-03,5.06972748e-04,2.98530855e-04,5.40663747e-01,2.92908181e-05,-3.21637255e-05,8.90616968e-02,1.25120456e-06,1.96123080e-07,-1.98914224e-03,5.12877731e-04,2.79351106e-04,-1.27039008e-04,-5.90498420e-06,1.91797494e-05
1.25700000e+03,6.29680389e-01,8.12978896e-06,-2.77816573e-05,-2.08454212e-03,4.79677542e-04,6.62414497e-05,5.40623264e-01,9.05956013e-06,-2.84484800e-05,8.90571253e-02,-9.29771137e-07,6.66822641e-07,-1.95942260e-03,4.88308733e-04,6.76517055e-05,-1.25119515e-04,-8.63119042e-06,-1.41025560e-06
1.25800000e+03,6.29726050e-01,3.31165729e-05,-3.36020033e-05,-2.11490810e-03,5.02476873e-04,2.93359849e-04,5.40664642e-01,3.15104586e-05,-3.35221627e-05,8.90614043e-02,1.60611433e-06,-7.98406009e-08,-1.98774020e-03,5.06517446e-04,2.72014508e-04,-1.27167904e-04,-4.04057458e-06,2.13453411e-05
1.25900000e+03,6.29685038e-01,1.49100266e-05,-3.89072057e-05,-2.08816556e-03,5.76504820e-04,1.11795496e-04,5.40628104e-01,1.58459674e-05,-3.92076320e-05,8.90569343e-02,-9.35940893e-07,3.00426333e-07,-1.96300948e-03,5.81288961e-04,1.12479740e-04,-1.25156074e-04,-4.78414257e-06,-6.84243178e-07
1.26000000e+03,6.29730123e-01,2.90868444e-05,-3.37156804e-05,-2.11777071e-03,5.22978654e-04,2.92228014e-04,5.40668840e-01,2.79128724e-05,-3.39685925e-05,8.90612860e-02,1.17397198e-06,2.52912060e-07,-1.99068247e-03,5.29245609e-04,2.73410326e-04,-1.27088233e-04,-6.26695739e-06,1.88176886e-05
1.26100000e+03,6.29685388e-01,6.40753963e-06,-2.79345759e-05,-2.08508728e-03,4.82011755e-04,5.89319965e-05,5.40628652e-01,7.35256127e-06,-2.86236920e-05,8.90567386e-02,-9.45021637e-07,6.89116148e-07,-1.95999465e-03,4.90952609e-04,6.03914438e-05,-1.25092632e-04,-8.94085570e-06,-1.45944739e-06
1.26200000e+03,6.29731851e-01,3.25071276e-05,-3.31932108e-05,-2.11607832e-03,4.98166718e-04,2.90163415e-04,5.40670789e-01,3.08502522e-05,-3.30749053e-05,8.90610608e-02,1.65687544e-06,-1.18305548e-07,-1.98888013e-03,5.02203163e-04,2.68768200e-04,-1.27198195e-04,-4.03644359e-06,2.13952148e-05
1.26300000e+03,6.29690912e-01,1.59173626e-05,-4.03211545e-05,-2.08943281e-03,5.88004678e-04,1.22130739e-04,5.40634285e-01,1.68332757e-05,-4.06124127e-05,8.90566266e-02,-9.15913027e-07,2.91258413e-07,-1.96428545e-03,5.92689259e-04,1.22570793e-04,-1.25147355e-04,-4.68458104e-06,-4.40053031e-07
1.26400000e+03,6.29736445e-01,3.07468930e-05,-3.46009279e-05,-2.11801507e-03,5.26427281e-04,3.01847537e-04,5.40675453e-01,2.95177113e-05,-3.48091239e-05,8.90609927e-02,1.22918163e-06,2.08195999e-07,-1.99092267e-03,5.32593122e-04,2.83107884e-04,-1.27092399e-04,-6.16583846e-06,1.87396523e-05
1.26500000e+03,6.29692169e-01,8.32366875e-06,-2.89801600e-05,-2.08503573e-03,4.92583063e-04,6.85379013e-05,5.40635725e-01,9.22376714e-06,-2.97180804e-05,8.90564445e-02,-9.00098399e-07,7.37920311e-07,-1.95992800e-03,5.01487057e-04,6.98566571e-05,-1.25107720e-04,-8.90399082e-06,-1.31875604e-06
1.26600000e+03,6.29738266e-01,3.35809816e-05,-3.47110203e-05,-2.11572544e-03,5.13658558e-04,2.98823518e-04,5.40677515e-01,3.19800329e-05,-3.46467464e-05,8.90607496e-02,1.60094873e-06,-6.42739071e-08,-1.98851497e-03,5.17975808e-04,2.77464687e-04,-1.27210467e-04,-4.31724721e-06,2.13588312e-05
1.26700000e+03,6.29697689e-01,1.59018106e-05,-3.99033685e-05,-2.09000471e-03,5.83955361e-04,1.16599742e-04,5.40641405e-01,1.68241441e-05,-4.02189410e-05,8.90562846e-02,-9.22333547e-07,3.15572516e-07,-1.96479937e-03,5.89039836e-04,1.17457176e-04,-1.25205338e-04,-5.08447399e-06,-8.57433868e-07
1.26800000e+03,6.29742600e-01,3.05190327e-05,-3.45681021e-05,-2.11687431e-03,5.26317695e-04,3.02914025e-04,5.40681966e-01,2.93482606e-05,-3.47964726e-05,8.90606321e-02,1.17077209e-06,2.28370509e-07,-1.98981021e-03,5.32510953e-04,2.84070260e-04,-1.27064095e-04,-6.19325865e-06,1.88437656e-05
1.26900000e+03,6.29698666e-01,7.35737904e-06,-3.01197730e-05,-2.08530650e-03,4.97687102e-04,6.73630281e-05,5.40642556e-01,8.33634062e-06,-3.08141805e-05,8.90561111e-02,-9.78961576e-07,6.94407499e-07,-1.96018274e-03,5.06474361e-04,6.89613311e-05,-1.25123754e-04,-8.78725715e-06,-1.59830311e-06
1.27000000e+03,6.29744479e-01,3.36595939e-05,-3.51688911e-05,-2.11546139e-03,5.12502167e-04,3.02406018e-04,5.40684086e-01,3.20295086e-05,-3.50690370e-05,8.90603928e-02,1.63008526e-06,-9.98541310e-08,-1.98825211e-03,5.16697780e-04,2.81115497e-04,-1.27209281e-04,-4.19561392e-06,2.12905213e-05
1.27100000e+03,6.29703132e-01,1.56301548e-05,-3.93181774e-05,-2.08819820e-03,5.77344902e-04,1.22833589e-04,5.40647198e-01,1.65820182e-05,-3.96730533e-05,8.90559337e-02,-9.51863482e-07,3.54875960e-07,-1.96302092e-03,5.82560608e-04,1.23644651e-04,-1.25177277e-04,-5.21570542e-06,-8.11061379e-07
1.27200000e+03,6.29748431e-01,3.03443080e-05,-3.28545238e-05,-2.11711028e-03,5.11906326e-04,2.99003753e-04,5.40688108e-01,2.90951754e-05,-3.30879619e-05,8.90603216e-02,1.24913260e-06,2.33438142e-07,-1.98998873e-03,5.18142485e-04,2.80163318e-04,-1.27121557e-04,-6.23615877e-06,1.88404351e-05
1.27300000e+03,6.29704610e-01,8.21140456e-06,-2.74119920e-05,-2.08463258e-03,4.78538388e-04,6.92188619e-05,5.40648855e-01,9.17928409e-06,-2.81346914e-05,8.90557575e-02,-9.67879529e-07,7.22699424e-07,-1.95954247e-03,4.87518332e-04,7.09299772e-05,-1.25090113e-04,-8.97994445e-06,-1.71111545e-06
1.27400000e+03,6.29751119e-01,3.45092342e-05,-3.19896856e-05,-2.11484263e-03,4.93566475e-04,3.01979157e-04,5.40691053e-01,3.28571930e-05,-3.19276652e-05,8.90600664e-02,1.65204120e-06,-6.20203970e-08,-1.98764251e-03,4.97746337e-04,2.80603958e-04,-1.27200125e-04,-4.17986311e-06,2.13751991e-05
1.27500000e+03,6.29709446e-01,1.74054355e-05,-3.87015747e-05,-2.08847082e-03,5.77111933e-04,1.26568942e-04,5.40653842e-01,1.82995179e-05,-3.89803065e-05,8.90556046e-02,-8.94082358e-07,2.78731753e-07,-1.96325988e-03,5.81851422e-04,1.27234093e-04,-1.25210944e-04,-4.73948890e-06,-6.65151123e-07
1.27600000e+03,6.29754944e-01,3.07737031e-05,-3.32135778e-05,-2.11822855e-03,5.18377545e-04,3.00524523e-04,5.40694983e-01,2.96057534e-05,-3.34550439e-05,8.90599575e-02,1.16794971e-06,2.41466087e-07,-1.99113441e-03,5.24852342e-04,2.82021316e-04,-1.27094142e-04,-6.47480027e-06,1.85032076e-05
1.27700000e+03,6.29710738e-01,8.11079282e-06,-2.84288618e-05,-2.08540855e-03,4.88136133e-04,6.91081193e-05,5.40655332e-01,9.08134674e-06,-2.91654881e-05,8.90554046e-02,-9.70553917e-07,7.36626308e-07,-1.96029800e-03,4.97269789e-04,7.06558016e-05,-1.25110555e-04,-9.13365378e-06,-1.54768207e-06
1.27800000e+03,6.29756313e-01,3.36554998e-05,-3.35086890e-05,-2.11622109e-03,5.03943296e-04,2.98241984e-04,5.40696601e-01,3.20474299e-05,-3.34569974e-05,8.90597143e-02,1.60806992e-06,-5.16915853e-08,-1.98899261e-03,5.08310279e-04,2.77131761e-04,-1.27228476e-04,-4.36698252e-06,2.11102221e-05
1.27900000e+03,6.29715340e-01,1.53408834e-05,-3.89006144e-05,-2.08972841e-03,5.80041846e-04,1.15482610e-04,5.40660063e-01,1.62897039e-05,-3.92489607e-05,8.90552758e-02,-9.48820565e-07,3.48346293e-07,-1.96448381e-03,5.85142393e-04,1.16365969e-04,-1.25244599e-04,-5.10054963e-06,-8.83358535e-07
1.28000000e+03,6.29760589e-01,3.11854404e-05,-3.42564154e-05,-2.11905672e-03,5.29913645e-04,3.06291907e-04,5.40700939e-01,2.99491033e-05,-3.44627614e-05,8.90596509e-02,1.23633709e-06,2.06346038e-07,-1.99191480e-03,5.35904455e-04,2.87405674e-04,-1.27141919e-04,-5.99081100e-06,1.88862335e-05
1.28100000e+03,6.29716336e-01,8.79344041e-06,-2.90292353e-05,-2.08665130e-03,4.93929746e-04,7.23267291e-05,5.40661207e-01,9.74439273e-06,-2.97451207e-05,8.90551280e-02,-9.50952328e-07,7.15885372e-07,-1.96151980e-03,5.03010235e-04,7.40667561e-05,-1.25131502e-04,-9.08049102e-06,-1.74002694e-06
1.28200000e+03,6.29762331e-01,3.42547738e-05,-3.38615666e-05,-2.11574840e-03,5.06907317e-04,3.04174861e-04,5.40702915e-01,3.26702275e-05,-3.37827018e-05,8.90594152e-02,1.58454627e-06,-7.88648562e-08,-1.98853929e-03,5.11100582e-04,2.82950188e-04,-1.27209107e-04,-4.19326613e-06,2.12246733e-05
1.28300000e+03,6.29721086e-01,1.59445022e-05,-4.09340600e-05,-2.08862893e-03,5.92285261e-04,1.23515980e-04,5.40666155e-01,1.69293420e-05,-4.12350780e-05,8.90549276e-02,-9.84839825e-07,3.01018221e-07,-1.96341700e-03,5.97275765e-04,1.24493626e-04,-1.25211936e-04,-4.99050508e-06,-9.77646264e-07
1.28400000e+03,6.29766479e-01,2.95311226e-05,-3.55292659e-05,-2.11742594e-03,5.33482830e-04,2.98118246e-04,5.40707156e-01,2.83821994e-05,-3.57506086e-05,8.90593230e-02,1.14892317e-06,2.21342698e-07,-1.99028637e-03,5.39756735e-04,2.79734006e-04,-1.27139565e-04,-6.27390647e-06,1.83842398e-05
1.28500000e+03,6.29721564e-01,6.29930422e-06,-2.99632015e-05,-2.08449320e-03,4.97361552e-04,6.01436306e-05,5.40666762e-01,7.30133633e-06,-3.06772808e-05,8.90548020e-02,-1.00203211e-06,7.14079270e-07,-1.95931447e-03,5.06204526e-04,6.21229830e-05,-1.25178738e-04,-8.84297393e-06,-1.97935256e-06
1.28600000e+03,6.29768315e-01,3.34566443e-05,-3.50773469e-05,-2.11620750e-03,5.13028040e-04,2.96075293e-04,5.40709190e-01,3.17974403e-05,-3.49800667e-05,8.90591242e-02,1.65920393e-06,-9.72802001e-08,-1.98892508e-03,5.17022230e-04,2.74952697e-04,-1.27282424e-04,-3.99419060e-06,2.11225959e-05
1.28700000e+03,6.29727894e-01,1.58717988e-05,-4.13575733e-05,-2.08975495e-03,5.97060570e-04,1.17986961e-04,5.40673169e-01,1.68027358e-05,-4.16539832e-05,8.90547238e-02,-9.30936957e-07,2.96409723e-07,-1.96452679e-03,6.01748910e-04,1.18761620e-04,-1.25228165e-04,-4.68834257e-06,-7.74658659e-07
1.28800000e+03,6.29773077e-01,3.02233468e-05,-3.46711719e-05,-2.11825295e-03,5.34133972e-04,2.97246708e-04,5.40714030e-01,2.90154987e-05,-3.49435001e-05,8.90590436e-02,1.20784810e-06,2.72328281e-07,-1.99111462e-03,5.40484473e-04,2.78628990e-04,-1.27138331e-04,-6.35050041e-06,1.86177188e-05
1.28900000e+03,6.29728131e-01,8.26601341e-06,-2.86343803e-05,-2.08587024e-03,4.93258145e-04,6.81592076e-05,5.40673640e-01,9.18323007e-06,-2.93579848e-05,8.90544911e-02,-9.17216655e-07,7.23604498e-07,-1.96071227e-03,5.02295014e-04,6.95995217e-05,-1.25157968e-04,-9.03686875e-06,-1.44031436e-06
1.29000000e+03,6.29774742e-01,3.45813514e-05,-3.47794509e-05,-2.11641842e-03,5.16975356e-04,3.05000724e-04,5.40715882e-01,3.29961653e-05,-3.47018603e-05,8.90588585e-02,1.58518603e-06,-7.75905803e-08,-1.98915204e-03,5.21175998e-04,2.83949126e-04,-1.27266371e-04,-4.20064160e-06,2.10515981e-05
1.29100000e+03,6.29733963e-01,1.70863356e-05,-4.09242816e-05,-2.08960608e-03,5.95809172e-04,1.25911812e-04,5.40679534e-01,1.80424050e-05,-4.12440406e-05,8.90544281e-02,-9.56069391e-07,3.19759134e-07,-1.96434654e-03,6.00823581e-04,1.27098377e-04,-1.25259537e-04,-5.01441117e-06,-1.18656556e-06
1.29200000e+03,6.29779165e-01,3.03093008e-05,-3.64805603e-05,-2.11850048e-03,5.43692162e-04,2.97632502e-04,5.40720379e-01,2.91431291e-05,-3.66991242e-05,8.90587880e-02,1.16617167e-06,2.18563887e-07,-1.99129357e-03,5.49992915e-04,2.79193990e-04,-1.27206903e-04,-6.30075036e-06,1.84385123e-05
1.29300000e+03,6.29734196e-01,7.81101405e-06,-3.18650411e-05,-2.08645038e-03,5.13834908e-04,6.78229284e-05,5.40679958e-01,8.78391692e-06,-3.25850864e-05,8.90542414e-02,-9.72902889e-07,7.20045309e-07,-1.96126846e-03,5.22924592e-04,6.94859012e-05,-1.25181923e-04,-9.08968328e-06,-1.66297282e-06
1.29400000e+03,6.29780196e-01,3.54092953e-05,-3.74654613e-05,-2.11589932e-03,5.31729446e-04,3.10625321e-04,5.40721639e-01,3.37834950e-05,-3.73408904e-05,8.90585546e-02,1.62580028e-06,-1.24570830e-07,-1.98865738e-03,5.35705152e-04,2.89580511e-04,-1.27241937e-04,-3.97570562e-06,2.10448100e-05
1.29500000e+03,6.29739612e-01,1.64633287e-05,-4.26889977e-05,-2.08987336e-03,6.05399807e-04,1.25769083e-04,5.40685467e-01,1.74853310e-05,-4.30610993e-05,8.90541453e-02,-1.02200230e-06,3.72101732e-07,-1.96460355e-03,6.10721671e-04,1.26997287e-04,-1.25269813e-04,-5.32186206e-06,-1.22820374e-06
1.29600000e+03,6.29784689e-01,3.11363538e-05,-3.66602239e-05,-2.11854101e-03,5.48074317e-04,3.09728992e-04,5.40726125e-01,2.99712114e-05,-3.69434176e-05,8.90585632e-02,1.16514234e-06,2.83193624e-07,-1.99137427e-03,5.54445982e-04,2.91288433e-04,-1.27166743e-04,-6.37166789e-06,1.84405596e-05
1.29700000e+03,6.29740238e-01,8.49935298e-06,-3.09047375e-05,-2.08628011e-03,5.13117051e-04,7.50577239e-05,5.40686190e-01,9.48968122e-06,-3.16311821e-05,8.90540484e-02,-9.90328249e-07,7.26444541e-07,-1.96109242e-03,5.21969123e-04,7.72216819e-05,-1.25187689e-04,-8.85207428e-06,-2.16395827e-06
1.29800000e+03,6.29786607e-01,3.25385050e-05,-3.64068985e-05,-2.11719315e-03,5.31639710e-04,2.95865096e-04,5.40728249e-01,3.09764124e-05,-3.63339200e-05,8.90583574e-02,1.56209263e-06,-7.29785797e-08,-1.98985497e-03,5.35923337e-04,2.74966561e-04,-1.27338173e-04,-4.28362689e-06,2.08985347e-05
1.29900000e+03,6.29745720e-01,1.63408119e-05,-4.18476420e-05,-2.09190133e-03,6.04150281e-04,1.21188368e-04,5.40691812e-01,1.72574325e-05,-4.21858396e-05,8.90539084e-02,-9.16620537e-07,3.38197472e-07,-1.96661963e-03,6.09367504e-04,1.22283946e-04,-1.25281705e-04,-5.21722563e-06,-1.09557718e-06
1.30000000e+03,6.29790696e-01,3.15109901e-05,-3.56105004e-05,-2.12003063e-03,5.38830273e-04,3.08124068e-04,5.40732435e-01,3.03251395e-05,-3.58624897e-05,8.90582605e-02,1.18585058e-06,2.51989299e-07,-1.99287961e-03,5.45288439e-04,2.89702454e-04,-1.27151023e-04,-6.45817010e-06,1.84216147e-05
1.30100000e+03,6.29746393e-01,1.01649550e-05,-3.16060599e-05,-2.08636603e-03,5.14215821e-04,8.76313272e-05,5.40692637e-01,1.11575985e-05,-3.23265793e-05,8.90537582e-02,-9.92643426e-07,7.20519433e-07,-1.96116793e-03,5.23211501e-04,8.94684504e-05,-1.25198106e-04,-8.99567716e-06,-1.83712341e-06
1.30200000e+03,6.29792750e-01,3.60920987e-05,-3.65227586e-05,-2.11563384e-03,5.29731995e-04,3.14141432e-04,5.40734653e-01,3.45156067e-05,-3.64688799e-05,8.90580944e-02,1.57649192e-06,-5.38786942e-08,-1.98832264e-03,5.34050860e-04,2.93676552e-04,-1.27311207e-04,-4.31886422e-06,2.04648798e-05
1.30300000e+03,6.29752049e-01,1.70523925e-05,-4.04906795e-05,-2.08993664e-03,5.93224590e-04,1.26364655e-04,5.40698391e-01,1.80704056e-05,-4.08731142e-05,8.90536574e-02,-1.01801308e-06,3.82434843e-07,-1.96461296e-03,5.98669482e-04,1.27842393e-04,-1.25323676e-04,-5.44489377e-06,-1.47773852e-06
1.30400000e+03,6.29797854e-01,3.14054189e-05,-3.53957492e-05,-2.11973999e-03,5.38997480e-04,3.07238924e-04,5.40739811e-01,3.02314816e-05,-3.56291188e-05,8.90580426e-02,1.17393733e-06,2.33369575e-07,-1.99252563e-03,5.45269717e-04,2.88956163e-04,-1.27214359e-04,-6.27223571e-06,1.82827612e-05
1.30500000e+03,6.29753170e-01,8.88490104e-06,-3.19974279e-05,-2.08697640e-03,5.20224186e-04,7.57818046e-05,5.40699667e-01,9.92949499e-06,-3.27006243e-05,8.90535053e-02,-1.04459394e-06,7.03196455e-07,-1.96173726e-03,5.29095680e-04,7.80964762e-05,-1.25239142e-04,-8.87149703e-06,-2.31467162e-06
1.30600000e+03,6.29799161e-01,3.48770682e-05,-3.76821499e-05,-2.11771880e-03,5.38619426e-04,3.10805569e-04,5.40741371e-01,3.33243996e-05,-3.76008525e-05,8.90577913e-02,1.55266860e-06,-8.12973555e-08,-1.99038532e-03,5.42875626e-04,2.90033609e-04,-1.27333481e-04,-4.25619974e-06,2.07719596e-05
1.30700000e+03,6.29757636e-01,1.66997666e-05,-4.25289706e-05,-2.09100590e-03,6.04515570e-04,1.28917853e-04,5.40704273e-01,1.77208658e-05,-4.29200991e-05,8.90533618e-02,-1.02109921e-06,3.91128705e-07,-1.96569236e-03,6.10404262e-04,1.30425630e-04,-1.25313537e-04,-5.88869264e-06,-1.50777634e-06
1.30800000e+03,6.29802332e-01,2.92935061e-05,-3.59897215e-05,-2.11941467e-03,5.35965348e-04,2.96918079e-04,5.40744588e-01,2.81881337e-05,-3.62910246e-05,8.90577431e-02,1.10537239e-06,3.01303097e-07,-1.99218246e-03,5.42988028e-04,2.79015231e-04,-1.27232203e-04,-7.02268047e-06,1.79028491e-05
1.30900000e+03,6.29758138e-01,8.09432339e-06,-3.16792784e-05,-2.08820112e-03,5.08923412e-04,7.19279355e-05,5.40704911e-01,9.08379381e-06,-3.23706792e-05,8.90532272e-02,-9.89470416e-07,6.91400813e-07,-1.96294760e-03,5.17780060e-04,7.41511445e-05,-1.25253517e-04,-8.85664388e-06,-2.22320891e-06
1.31000000e+03,6.29805028e-01,3.50288043e-05,-3.74757408e-05,-2.11967927e-03,5.30032607e-04,3.05148760e-04,5.40747448e-01,3.34032638e-05,-3.73837386e-05,8.90575777e-02,1.62554044e-06,-9.20022257e-08,-1.99233746e-03,5.34205481e-04,2.84549344e-04,-1.27341807e-04,-4.17287558e-06,2.05994158e-05
1.31100000e+03,6.29763681e-01,1.67677264e-05,-4.16043715e-05,-2.09185637e-03,5.96263725e-04,1.21978689e-04,5.40710513e-01,1.78201252e-05,-4.19973686e-05,8.90531657e-02,-1.05239884e-06,3.92996982e-07,-1.96657892e-03,6.01826007e-04,1.23810700e-04,-1.25277444e-04,-5.56228198e-06,-1.83201135e-06
1.31200000e+03,6.29809471e-01,3.11972565e-05,-3.44192183e-05,-2.11901542e-03,5.26530910e-04,3.03837454e-04,5.40751918e-01,3.00639791e-05,-3.47208831e-05,8.90575525e-02,1.13327735e-06,3.01664851e-07,-1.99183024e-03,5.33309325e-04,2.85841581e-04,-1.27185176e-04,-6.77841757e-06,1.79958730e-05
1.31300000e+03,6.29765311e-01,8.62276745e-06,-2.89729448e-05,-2.08695795e-03,4.90529266e-04,6.79431596e-05,5.40712291e-01,9.59644453e-06,-2.96782602e-05,8.90530214e-02,-9.73677065e-07,7.05315411e-07,-1.96172044e-03,4.99536655e-04,7.01031330e-05,-1.25237504e-04,-9.00739163e-06,-2.15997343e-06
1.31400000e+03,6.29811241e-01,3.52890883e-05,-3.38168868e-05,-2.11856209e-03,5.05948546e-04,3.09168106e-04,5.40753898e-01,3.37484980e-05,-3.37556216e-05,8.90573439e-02,1.54059026e-06,-6.12651942e-08,-1.99118025e-03,5.10190362e-04,2.88641826e-04,-1.27381845e-04,-4.24181228e-06,2.05262802e-05
1.31500000e+03,6.29770182e-01,1.75688486e-05,-3.91784454e-05,-2.09199287e-03,5.78698738e-04,1.28540716e-04,5.40717263e-01,1.86118719e-05,-3.95368947e-05,8.90529222e-02,-1.04302330e-06,3.58449138e-07,-1.96663257e-03,5.84076983e-04,1.30519187e-04,-1.25360301e-04,-5.37824137e-06,-1.97847049e-06
1.31600000e+03,6.29815855e-01,3.02082637e-05,-3.37021842e-05,-2.12030356e-03,5.20332600e-04,2.96200456e-04,5.40758563e-01,2.91372305e-05,-3.39493691e-05,8.90572914e-02,1.07103319e-06,2.47184860e-07,-1.99308082e-03,5.26828712e-04,2.78607613e-04,-1.27222743e-04,-6.49611490e-06,1.75928425e-05
1.31700000e+03,6.29771423e-01,7.12533398e-06,-2.86193566e-05,-2.08837431e-03,4.87466614e-04,6.21162327e-05,5.40718667e-01,8.21248332e-06,-2.93265552e-05,8.90527549e-02,-1.08714934e-06,7.07198518e-07,-1.96310877e-03,4.96442438e-04,6.48267628e-05,-1.25265541e-04,-8.97582389e-06,-2.71053005e-06
1.31800000e+03,6.29817026e-01,3.25751179e-05,-3.45143413e-05,-2.11782089e-03,5.08033101e-04,2.89821582e-04,5.40759971e-01,3.10846082e-05,-3.43767436e-05,8.90570553e-02,1.49050973e-06,-1.37597697e-07,-1.99045557e-03,5.11859764e-04,2.69889759e-04,-1.27365321e-04,-3.82666223e-06,1.99318227e-05
1.31900000e+03,6.29776197e-01,1.43721863e-05,-4.11840460e-05,-2.09113639e-03,5.93339278e-04,1.07703592e-04,5.40723573e-01,1.54503262e-05,-4.15361769e-05,8.90526249e-02,-1.07813991e-06,3.52130886e-07,-1.96578968e-03,5.98634420e-04,1.09704432e-04,-1.25346716e-04,-5.29513873e-06,-2.00084050e-06
1.32000000e+03,6.29822219e-01,2.77471010e-05,-3.47858217e-05,-2.12085558e-03,5.29473487e-04,2.76766522e-04,5.40765211e-01,2.65961976e-05,-3.50744822e-05,8.90570098e-02,1.15090337e-06,2.88660549e-07,-1.99362817e-03,5.36167097e-04,2.58982695e-04,-1.27227410e-04,-6.69361286e-06,1.77838267e-05
1.32100000e+03,6.29777344e-01,5.71190607e-06,-2.87494014e-05,-2.08846311e-03,4.88708637e-04,4.61497656e-05,5.40724880e-01,6.71898711e-06,-2.94968585e-05,8.90524651e-02,-1.00708106e-06,7.47457144e-07,-1.96320807e-03,4.97957918e-04,4.86076234e-05,-1.25255039e-04,-9.24927734e-06,-2.45785785e-06
1.32200000e+03,6.29823799e-01,3.26718783e-05,-3.30302560e-05,-2.11904972e-03,4.99925155e-04,2.85551379e-04,5.40767005e-01,3.11312331e-05,-3.29932833e-05,8.90567950e-02,1.54064524e-06,-3.69726995e-08,-1.99168043e-03,5.04382579e-04,2.65190727e-04,-1.27369295e-04,-4.45742106e-06,2.03606521e-05
1.32300000e+03,6.29782444e-01,1.56328108e-05,-3.86837307e-05,-2.09331543e-03,5.75217616e-04,1.10914030e-04,5.40730085e-01,1.66587812e-05,-3.90305749e-05,8.90523585e-02,-1.02597034e-06,3.46844073e-07,-1.96794853e-03,5.80568424e-04,1.12687584e-04,-1.25366899e-04,-5.35080795e-06,-1.77355397e-06
1.32400000e+03,6.29827728e-01,2.75930945e-05,-3.27454562e-05,-2.12175557e-03,5.11056310e-04,2.76645917e-04,5.40771019e-01,2.65468790e-05,-3.29516569e-05,8.90567094e-02,1.04621547e-06,2.06200716e-07,-1.99452098e-03,5.17381018e-04,2.59185444e-04,-1.27234586e-04,-6.32470809e-06,1.74604733e-05
1.32500000e+03,6.29783678e-01,5.13303117e-06,-2.86319067e-05,-2.09008617e-03,4.85821101e-04,4.38732687e-05,5.40731486e-01,6.20700117e-06,-2.93596014e-05,8.90521935e-02,-1.07397001e-06,7.27694790e-07,-1.96482095e-03,4.94818909e-04,4.66320277e-05,-1.25265223e-04,-8.99780830e-06,-2.75875898e-06
1.32600000e+03,6.29829385e-01,3.16815850e-05,-3.50345429e-05,-2.12154623e-03,5.10779108e-04,2.76125707e-04,5.40772871e-01,3.01002590e-05,-3.49477814e-05,8.90565122e-02,1.58132601e-06,-8.67614472e-08,-1.99414341e-03,5.15042637e-04,2.55797157e-04,-1.27402818e-04,-4.26353014e-06,2.03285505e-05
1.32700000e+03,6.29788653e-01,1.38505551e-05,-3.85786677e-05,-2.09422951e-03,5.72565946e-04,9.50867963e-05,5.40736543e-01,1.49208174e-05,-3.89931194e-05,8.90521068e-02,-1.07026229e-06,4.14451742e-07,-1.96887469e-03,5.78217974e-04,9.72311898e-05,-1.25354820e-04,-5.65202817e-06,-2.14439389e-06
1.32800000e+03,6.29834237e-01,2.86569907e-05,-3.07456350e-05,-2.12294701e-03,4.98961584e-04,2.76463066e-04,5.40777750e-01,2.75190179e-05,-3.10240813e-05,8.90564873e-02,1.13797277e-06,2.78446289e-07,-1.99568413e-03,5.05454569e-04,2.58712765e-04,-1.27262879e-04,-6.49298847e-06,1.77503015e-05
1.32900000e+03,6.29789568e-01,5.94142688e-06,-2.65510269e-05,-2.09126181e-03,4.72554004e-04,4.34101868e-05,5.40737617e-01,7.01846544e-06,-2.72663263e-05,8.90519488e-02,-1.07703853e-06,7.15299404e-07,-1.96597597e-03,4.81610712e-04,4.61697113e-05,-1.25285845e-04,-9.05670694e-06,-2.75952451e-06
1.33000000e+03,6.29835552e-01,3.13729598e-05,-3.24375095e-05,-2.11978339e-03,4.96398555e-04,2.74940488e-04,5.40779294e-01,2.99432198e-05,-3.23455122e-05,8.90562570e-02,1.42974003e-06,-9.19973137e-08,-1.99243658e-03,5.00477152e-04,2.55295812e-04,-1.27346810e-04,-4.07859592e-06,1.96446765e-05
1.33100000e+03,6.29794680e-01,1.21866941e-05,-3.80224529e-05,-2.09325661e-03,5.68648546e-04,8.50510124e-05,5.40742846e-01,1.32727672e-05,-3.83527991e-05,8.90518337e-02,-1.08607318e-06,3.30346122e-07,-1.96790560e-03,5.74052705e-04,8.72271181e-05,-1.25351012e-04,-5.40415551e-06,-2.17610574e-06
1.33200000e+03,6.29839306e-01,2.56352965e-05,-3.23744495e-05,-2.12143711e-03,5.07905114e-04,2.62134783e-04,5.40783099e-01,2.45659992e-05,-3.26142045e-05,8.90562083e-02,1.06929728e-06,2.39755050e-07,-1.99415125e-03,5.14314276e-04,2.44519446e-04,-1.27285868e-04,-6.40915848e-06,1.76153368e-05
1.33300000e+03,6.29795676e-01,4.42469624e-06,-2.78131659e-05,-2.08928855e-03,4.78259127e-04,3.90545094e-05,5.40743950e-01,5.51087268e-06,-2.85135011e-05,8.90517251e-02,-1.08617645e-06,7.00335132e-07,-1.96401377e-03,4.87214301e-04,4.20736088e-05,-1.25274776e-04,-8.95517281e-06,-3.01909946e-06
1.33400000e+03,6.29842087e-01,3.11588547e-05,-3.27238799e-05,-2.11997044e-03,4.91708401e-04,2.73385527e-04,5.40786060e-01,2.96314295e-05,-3.26566757e-05,8.90560302e-02,1.52742516e-06,-6.72041981e-08,-1.99256763e-03,4.96122652e-04,2.53466060e-04,-1.27402814e-04,-4.41424908e-06,1.99194667e-05
1.33500000e+03,6.29801118e-01,1.24862179e-05,-3.79805086e-05,-2.09392283e-03,5.68257333e-04,8.76508757e-05,5.40749506e-01,1.35828479e-05,-3.83510573e-05,8.90516115e-02,-1.09663001e-06,3.70548698e-07,-1.96855841e-03,5.73579965e-04,8.99101322e-05,-1.25364424e-04,-5.32263478e-06,-2.25925606e-06
1.33600000e+03,6.29846378e-01,2.58064482e-05,-3.23446936e-05,-2.12211707e-03,5.10317883e-04,2.57898799e-04,5.40790378e-01,2.47306881e-05,-3.25882215e-05,8.90560018e-02,1.07576010e-06,2.43527949e-07,-1.99484992e-03,5.16602092e-04,2.40590718e-04,-1.27267150e-04,-6.28420758e-06,1.73080819e-05
1.33700000e+03,6.29802558e-01,4.17601270e-06,-2.82517173e-05,-2.08945259e-03,4.85342663e-04,2.96285843e-05,5.40751062e-01,5.20538377e-06,-2.89708505e-05,8.90514932e-02,-1.02937105e-06,7.19133182e-07,-1.96417862e-03,4.94436347e-04,3.23487543e-05,-1.25273978e-04,-9.09368484e-06,-2.72017007e-06
1.33800000e+03,6.29848631e-01,3.03639758e-05,-3.38908379e-05,-2.11904617e-03,5.05609347e-04,2.64537183e-04,5.40792798e-01,2.89094381e-05,-3.37874711e-05,8.90558353e-02,1.45453763e-06,-1.03366826e-07,-1.99162642e-03,5.09701837e-04,2.44846550e-04,-1.27419752e-04,-4.09248925e-06,1.96906327e-05
1.33900000e+03,6.29807144e-01,1.14261225e-05,-3.83979829e-05,-2.09306090e-03,5.70805996e-04,7.33224927e-05,5.40755769e-01,1.25161189e-05,-3.87767016e-05,8.90513761e-02,-1.08999643e-06,3.78718723e-07,-1.96767161e-03,5.76348574e-04,7.57702351e-05,-1.25389288e-04,-5.54257523e-06,-2.44774200e-06
1.34000000e+03,6.29851790e-01,2.42658813e-05,-3.24529521e-05,-2.12246646e-03,5.07208051e-04,2.46187666e-04,5.40796050e-01,2.32419217e-05,-3.26802131e-05,8.90557376e-02,1.02395963e-06,2.27260965e-07,-1.99515545e-03,5.13601141e-04,2.28925157e-04,-1.27311010e-04,-6.39309072e-06,1.72625086e-05
1.34100000e+03,6.29806654e-01,2.95703435e-06,-2.84174163e-05,-2.09025207e-03,4.80994510e-04,2.63290162e-05,5.40755415e-01,4.04356583e-06,-2.91036306e-05,8.90512396e-02,-1.08653147e-06,6.86214280e-07,-1.96492651e-03,4.90023331e-04,2.90852987e-05,-1.25325559e-04,-9.02882166e-06,-2.75628253e-06
1.34200000e+03,6.29853031e-01,3.02975659e-05,-3.37277801e-05,-2.12020162e-03,4.97021925e-04,2.66811310e-04,5.40797454e-01,2.88032997e-05,-3.36418038e-05,8.90555766e-02,1.49426625e-06,-8.59763059e-08,-1.99280601e-03,5.01198583e-04,2.47129746e-04,-1.27395608e-04,-4.17665652e-06,1.96815644e-05
1.34300000e+03,6.29812420e-01,1.05505388e-05,-3.86113638e-05,-2.09181884e-03,5.68861839e-04,7.24577497e-05,5.40761216e-01,1.16790792e-05,-3.89787648e-05,8.90512026e-02,-1.12854040e-06,3.67400823e-07,-1.96641398e-03,5.74256127e-04,7.50514390e-05,-1.25404858e-04,-5.39428764e-06,-2.59368963e-06
1.34400000e+03,6.29858559e-01,2.53840769e-05,-3.18905927e-05,-2.12047443e-03,5.06142898e-04,2.53785983e-04,5.40802948e-01,2.42734627e-05,-3.21304734e-05,8.90556112e-02,1.11061417e-06,2.39880800e-07,-1.99319249e-03,5.12331497e-04,2.36269254e-04,-1.27281945e-04,-6.18859835e-06,1.75167292e-05
1.34500000e+03,6.29813863e-01,3.92008822e-06,-2.69200879e-05,-2.08824533e-03,4.77840048e-04,2.67588866e-05,5.40762795e-01,5.01016559e-06,-2.76400710e-05,8.90510661e-02,-1.09007739e-06,7.19983071e-07,-1.96291589e-03,4.86761460e-04,2.99972300e-05,-1.25329437e-04,-8.92141184e-06,-3.23834342e-06
1.34600000e+03,6.29860131e-01,3.00070924e-05,-3.22715538e-05,-2.12008526e-03,4.91412564e-04,2.61937277e-04,5.40804745e-01,2.85713917e-05,-3.21574731e-05,8.90553836e-02,1.43570068e-06,-1.14080666e-07,-1.99263596e-03,4.95485145e-04,2.42386536e-04,-1.27449306e-04,-4.07258271e-06,1.95507404e-05
1.34700000e+03,6.29818430e-01,1.27129602e-05,-3.83120668e-05,-2.09228281e-03,5.70750199e-04,8.45482376e-05,5.40767460e-01,1.37871774e-05,-3.86698262e-05,8.90509708e-02,-1.07421721e-06,3.57759362e-07,-1.96688254e-03,5.76101197e-04,8.69159093e-05,-1.25400271e-04,-5.35099853e-06,-2.36767185e-06
1.34800000e+03,6.29863578e-01,2.52503640e-05,-3.23686416e-05,-2.12031060e-03,5.10749590e-04,2.52310076e-04,5.40808254e-01,2.42040226e-05,-3.25949397e-05,8.90553237e-02,1.04634140e-06,2.26298074e-07,-1.99299593e-03,5.16963987e-04,2.35179399e-04,-1.27314668e-04,-6.21439646e-06,1.71306773e-05
1.34900000e+03,6.29819387e-01,4.52524157e-06,-2.72611185e-05,-2.08790159e-03,4.78152794e-04,3.59999807e-05,5.40768592e-01,5.56768610e-06,-2.79768358e-05,8.90507930e-02,-1.04244454e-06,7.15717317e-07,-1.96259194e-03,4.87122999e-04,3.86085840e-05,-1.25309649e-04,-8.97020759e-06,-2.60860336e-06
1.35000000e+03,6.29865570e-01,3.24280761e-05,-3.34183256e-05,-2.11817964e-03,5.01052344e-04,2.81162030e-04,5.40810421e-01,3.09357628e-05,-3.33306789e-05,8.90551498e-02,1.49231330e-06,-8.76466962e-08,-1.99071774e-03,5.05266646e-04,2.61510394e-04,-1.27461900e-04,-4.21430295e-06,1.96516368e-05
1.35100000e+03,6.29824503e-01,1.30793237e-05,-3.87966578e-05,-2.09239243e-03,5.75295219e-04,9.20363924e-05,5.40773778e-01,1.42333944e-05,-3.91786077e-05,8.90507241e-02,-1.15407071e-06,3.81949801e-07,-1.96695619e-03,5.80780230e-04,9.47409444e-05,-1.25436240e-04,-5.48500782e-06,-2.70455182e-06
1.35200000e+03,6.29869261e-01,2.66325091e-05,-3.23359815e-05,-2.12119508e-03,5.12459845e-04,2.64757765e-04,5.40814167e-01,2.55516502e-05,-3.25668530e-05,8.90550957e-02,1.08085892e-06,2.30871528e-07,-1.99385114e-03,5.18649402e-04,2.47528273e-04,-1.27343938e-04,-6.18955829e-06,1.72294915e-05
1.35300000e+03,6.29824919e-01,3.66531842e-06,-2.74726171e-05,-2.08976957e-03,4.81311076e-04,2.87461479e-05,5.40774291e-01,4.77488209e-06,-2.81690913e-05,8.90506261e-02,-1.10956368e-06,6.96474231e-07,-1.96440952e-03,4.90198163e-04,3.20416905e-05,-1.25360048e-04,-8.88708988e-06,-3.29554264e-06
1.35400000e+03,6.29871421e-01,3.07444487e-05,-3.31586859e-05,-2.11939500e-03,5.04247307e-04,2.71828155e-04,5.40816470e-01,2.92885460e-05,-3.30868343e-05,8.90549502e-02,1.45590270e-06,-7.18515554e-08,-1.99196617e-03,5.08264903e-04,2.52129895e-04,-1.27428824e-04,-4.01759582e-06,1.96982604e-05
1.35500000e+03,6.29830588e-01,1.29442086e-05,-3.76010769e-05,-2.09152564e-03,5.68268838e-04,9.14955086e-05,5.40780037e-01,1.40578598e-05,-3.79658833e-05,8.90505522e-02,-1.11365122e-06,3.64806348e-07,-1.96609296e-03,5.73787923e-04,9.40644664e-05,-1.25432669e-04,-5.51908858e-06,-2.56895768e-06
1.35600000e+03,6.29875774e-01,2.57565952e-05,-3.19003207e-05,-2.12048562e-03,5.08395365e-04,2.63614301e-04,5.40820820e-01,2.47333134e-05,-3.21207761e-05,8.90549545e-02,1.02328180e-06,2.20455362e-07,-1.99313895e-03,5.14696420e-04,2.46600677e-04,-1.27346670e-04,-6.30105084e-06,1.70136248e-05
1.35700000e+03,6.29830486e-01,4.96579299e-06,-2.81270902e-05,-2.08870173e-03,4.85723282e-04,4.41373816e-05,5.40780057e-01,6.09595556e-06,-2.88071759e-05,8.90504292e-02,-1.13016261e-06,6.80085632e-07,-1.96330558e-03,4.94588678e-04,4.76377036e-05,-1.25396146e-04,-8.86539658e-06,-3.50032205e-06
1.35800000e+03,6.29877093e-01,3.07662442e-05,-3.34779997e-05,-2.11998368e-03,5.00471671e-04,2.68113326e-04,5.40822318e-01,2.92908908e-05,-3.33590823e-05,8.90547783e-02,1.47535347e-06,-1.18917330e-07,-1.99251094e-03,5.04512205e-04,2.48858892e-04,-1.27472746e-04,-4.04052991e-06,1.92544342e-05
1.35900000e+03,6.29835785e-01,1.30405710e-05,-3.81747388e-05,-2.09290891e-03,5.70942037e-04,8.94355273e-05,5.40785398e-01,1.41610881e-05,-3.85211033e-05,8.90503888e-02,-1.12051706e-06,3.46364458e-07,-1.96748524e-03,5.76087021e-04,9.20334833e-05,-1.25423672e-04,-5.14498387e-06,-2.59795592e-06
1.36000000e+03,6.29880925e-01,2.67447170e-05,-3.20139394e-05,-2.12097285e-03,5.09974774e-04,2.67089288e-04,5.40826157e-01,2.57087785e-05,-3.22264300e-05,8.90547697e-02,1.03593854e-06,2.12490680e-07,-1.99360674e-03,5.16055294e-04,2.50025176e-04,-1.27366114e-04,-6.08051954e-06,1.70641126e-05
1.36100000e+03,6.29836820e-01,5.57458147e-06,-2.74410808e-05,-2.08908889e-03,4.83901320e-04,4.83597205e-05,5.40786546e-01,6.68849274e-06,-2.81937728e-05,8.90502744e-02,-1.11391126e-06,7.52692027e-07,-1.96370151e-03,4.93068048e-04,5.15859566e-05,-1.25387374e-04,-9.16672781e-06,-3.22623622e-06
1.36200000e+03,6.29883204e-01,3.14504430e-05,-3.25234601e-05,-2.11976781e-03,4.99569777e-04,2.80082146e-04,5.40828581e-01,3.00040182e-05,-3.24559456e-05,8.90546223e-02,1.44642472e-06,-6.75145393e-08,-1.99228724e-03,5.03807805e-04,2.60572334e-04,-1.27480570e-04,-4.23803004e-06,1.95098128e-05
1.36300000e+03,6.29841523e-01,1.30958934e-05,-3.89909245e-05,-2.09385618e-03,5.79380750e-04,9.02583757e-05,5.40791343e-01,1.42196185e-05,-3.93126056e-05,8.90501779e-02,-1.12372508e-06,3.21681230e-07,-1.96840739e-03,5.84618052e-04,9.32662352e-05,-1.25448783e-04,-5.23730235e-06,-3.00785949e-06
1.36400000e+03,6.29886009e-01,2.65146808e-05,-3.36949198e-05,-2.12099739e-03,5.24596260e-04,2.66085703e-04,5.40831460e-01,2.55193272e-05,-3.39137441e-05,8.90545472e-02,9.95353536e-07,2.18824366e-07,-1.99363558e-03,5.30814801e-04,2.49275728e-04,-1.27361812e-04,-6.21854002e-06,1.68099746e-05
1.36500000e+03,6.29842714e-01,5.54219966e-06,-2.96346068e-05,-2.08881385e-03,4.97890421e-04,5.04832546e-05,5.40792603e-01,6.68777583e-06,-3.03577098e-05,8.90501087e-02,-1.14557616e-06,7.23103063e-07,-1.96342001e-03,5.07054878e-04,5.38709857e-05,-1.25393837e-04,-9.16446028e-06,-3.38773097e-06
1.36600000e+03,6.29889040e-01,3.27448499e-05,-3.55084564e-05,-2.11895639e-03,5.16560018e-04,2.90597488e-04,5.40834631e-01,3.12952414e-05,-3.54047764e-05,8.90544114e-02,1.44960859e-06,-1.03680037e-07,-1.99147270e-03,5.20739968e-04,2.71328540e-04,-1.27483686e-04,-4.17995047e-06,1.92689485e-05
1.36700000e+03,6.29847573e-01,1.34027385e-05,-3.87027605e-05,-2.09190751e-03,5.75041097e-04,9.83709113e-05,5.40797567e-01,1.45707294e-05,-3.91075466e-05,8.90500032e-02,-1.16799097e-06,4.04786151e-07,-1.96643516e-03,5.80745046e-04,1.01323566e-04,-1.25472339e-04,-5.70394748e-06,-2.95265449e-06
1.36800000e+03,6.29892841e-01,2.59915537e-05,-3.34440472e-05,-2.12081212e-03,5.23729831e-04,2.62988212e-04,5.40838412e-01,2.49800926e-05,-3.36697658e-05,8.90544273e-02,1.01146111e-06,2.25718583e-07,-1.99342813e-03,5.29832323e-04,2.46325988e-04,-1.27383990e-04,-6.10249344e-06,1.66622231e-05
1.36900000e+03,6.29848709e-01,5.25833404e-06,-2.81190647e-05,-2.08786603e-03,4.87985343e-04,4.42229890e-05,5.40798797e-01,6.38755009e-06,-2.88160466e-05,8.90499134e-02,-1.12921606e-06,6.96981859e-07,-1.96251787e-03,4.97025222e-04,4.78935267e-05,-1.25348161e-04,-9.03987701e-06,-3.67053773e-06
1.37000000e+03,6.29895160e-01,3.18911087e-05,-3.36381504e-05,-2.11851031e-03,5.08113024e-04,2.82835217e-04,5.40840925e-01,3.04741346e-05,-3.35546068e-05,8.90542340e-02,1.41697409e-06,-8.35436331e-08,-1.99098195e-03,5.12191353e-04,2.63595295e-04,-1.27528352e-04,-4.07832931e-06,1.92399216e-05
1.37100000e+03,6.29853043e-01,1.35794699e-05,-3.96451957e-05,-2.09212979e-03,5.87181757e-04,9.60958021e-05,5.40803239e-01,1.46823277e-05,-4.00020137e-05,8.90498064e-02,-1.10285772e-06,3.56818183e-07,-1.96664715e-03,5.92496599e-04,9.88122824e-05,-1.25482638e-04,-5.31484062e-06,-2.71648027e-06
1.37200000e+03,6.29897953e-01,2.67464943e-05,-3.25425349e-05,-2.12050031e-03,5.15784293e-04,2.71674080e-04,5.40843804e-01,2.57662931e-05,-3.27633511e-05,8.90541488e-02,9.80201290e-07,2.20816197e-07,-1.99310571e-03,5.22132897e-04,2.55030440e-04,-1.27394601e-04,-6.34860557e-06,1.66436400e-05
1.37300000e+03,6.29853513e-01,5.71514517e-06,-2.86776861e-05,-2.08933466e-03,4.89852268e-04,5.24499463e-05,5.40803858e-01,6.85567964e-06,-2.93784108e-05,8.90496570e-02,-1.14053447e-06,7.00724731e-07,-1.96393052e-03,4.98989658e-04,5.59855753e-05,-1.25404142e-04,-9.13739411e-06,-3.53562927e-06
1.37400000e+03,6.29899311e-01,3.30412488e-05,-3.29800648e-05,-2.11950725e-03,4.96154154e-04,2.89115361e-04,5.40845286e-01,3.15817516e-05,-3.28905036e-05,8.90540255e-02,1.45949725e-06,-8.95612248e-08,-1.99202040e-03,5.00438589e-04,2.69991047e-04,-1.27486847e-04,-4.28443584e-06,1.91243144e-05
1.37500000e+03,6.29858691e-01,1.41978014e-05,-3.84317928e-05,-2.09364909e-03,5.73259561e-04,1.01052391e-04,5.40809052e-01,1.53679819e-05,-3.88002625e-05,8.90496376e-02,-1.17018048e-06,3.68469674e-07,-1.96816404e-03,5.78662490e-04,1.04099383e-04,-1.25485055e-04,-5.40293287e-06,-3.04699211e-06
1.37600000e+03,6.29903781e-01,2.75417976e-05,-3.28589141e-05,-2.12128388e-03,5.19618595e-04,2.73456617e-04,5.40849756e-01,2.65324614e-05,-3.30683424e-05,8.90540247e-02,1.00933620e-06,2.09428280e-07,-1.99389992e-03,5.25588659e-04,2.56839515e-04,-1.27383960e-04,-5.97006392e-06,1.66171018e-05
1.37700000e+03,6.29858734e-01,4.89289262e-06,-2.69794196e-05,-2.08886862e-03,4.80547238e-04,4.22287168e-05,5.40809195e-01,6.07623053e-06,-2.77138958e-05,8.90495368e-02,-1.18333794e-06,7.34476117e-07,-1.96347500e-03,4.89758043e-04,4.60803771e-05,-1.25393624e-04,-9.21080579e-06,-3.85166032e-06
1.37800000e+03,6.29904920e-01,3.18204070e-05,-3.34434000e-05,-2.11922802e-03,5.05054904e-04,2.83472804e-04,5.40851048e-01,3.03931052e-05,-3.33113572e-05,8.90538691e-02,1.42730185e-06,-1.32042840e-07,-1.99169861e-03,5.08963663e-04,2.64020086e-04,-1.27529410e-04,-3.90876105e-06,1.94527178e-05
1.37900000e+03,6.29864251e-01,1.36459278e-05,-3.87286006e-05,-2.09229020e-03,5.75303734e-04,1.02998657e-04,5.40814770e-01,1.48007284e-05,-3.90720005e-05,8.90494773e-02,-1.15480062e-06,3.43399874e-07,-1.96676531e-03,5.80754349e-04,1.05810239e-04,-1.25524897e-04,-5.45061467e-06,-2.81158264e-06
1.38000000e+03,6.29910211e-01,2.70248132e-05,-3.32815908e-05,-2.12042257e-03,5.17818487e-04,2.78860267e-04,5.40856323e-01,2.60771435e-05,-3.34758667e-05,8.90538901e-02,9.47669734e-07,1.94275898e-07,-1.99300508e-03,5.23894155e-04,2.62546427e-04,-1.27417492e-04,-6.07566662e-06,1.63138401e-05
1.38100000e+03,6.29866060e-01,4.88570019e-06,-3.02738187e-05,-2.08869304e-03,5.01157578e-04,4.92211749e-05,5.40816665e-01,6.07776939e-06,-3.09426390e-05,8.90493956e-02,-1.19206922e-06,6.68820365e-07,-1.96324279e-03,5.09908925e-04,5.32552687e-05,-1.25450246e-04,-8.75134516e-06,-4.03409372e-06
1.38200000e+03,6.29912565e-01,3.20146434e-05,-3.52601530e-05,-2.11872902e-03,5.16764193e-04,2.86153070e-04,5.40858821e-01,3.05830086e-05,-3.51541820e-05,8.90537434e-02,1.43163476e-06,-1.05971065e-07,-1.99116929e-03,5.20693454e-04,2.67209500e-04,-1.27559732e-04,-3.92926017e-06,1.89435705e-05
1.38300000e+03,6.29871401e-01,1.33174644e-05,-4.01515762e-05,-2.09364296e-03,5.88947387e-04,9.70798956e-05,5.40822041e-01,1.44628514e-05,-4.05159329e-05,8.90493590e-02,-1.14538700e-06,3.64356880e-07,-1.96810425e-03,5.94315944e-04,1.00078472e-04,-1.25538696e-04,-5.36855771e-06,-2.99857630e-06
1.38400000e+03,6.29916311e-01,2.71969471e-05,-3.30965489e-05,-2.12205899e-03,5.24261617e-04,2.74774248e-04,5.40862598e-01,2.61851382e-05,-3.33432075e-05,8.90537150e-02,1.01180888e-06,2.46658595e-07,-1.99463009e-03,5.30399720e-04,2.58090988e-04,-1.27428904e-04,-6.13810359e-06,1.66832597e-05
1.38500000e+03,6.29871946e-01,5.83167360e-06,-2.90493973e-05,-2.08971146e-03,4.99231594e-04,4.94218215e-05,5.40822738e-01,6.95988750e-06,-2.97542240e-05,8.90492084e-02,-1.12821392e-06,7.04826748e-07,-1.96427511e-03,5.08247226e-04,5.30866829e-05,-1.25436349e-04,-9.01563217e-06,-3.66486146e-06
1.38600000e+03,6.29917879e-01,3.17752027e-05,-3.34719597e-05,-2.12024626e-03,5.06494931e-04,2.84691956e-04,5.40864310e-01,3.03969878e-05,-3.33636235e-05,8.90535695e-02,1.37821492e-06,-1.08336289e-07,-1.99266977e-03,5.10660652e-04,2.65674344e-04,-1.27576489e-04,-4.16571935e-06,1.90176118e-05
1.38700000e+03,6.29876038e-01,1.30637033e-05,-3.81298183e-05,-2.09422981e-03,5.71941881e-04,9.56427964e-05,5.40826889e-01,1.42338657e-05,-3.85001585e-05,8.90491501e-02,-1.17016241e-06,3.70340135e-07,-1.96869072e-03,5.77611094e-04,9.88626692e-05,-1.25539093e-04,-5.66921416e-06,-3.21987278e-06
1.38800000e+03,6.29920960e-01,2.60436606e-05,-3.18304925e-05,-2.12347890e-03,5.08328481e-04,2.66049879e-04,5.40867438e-01,2.50740994e-05,-3.20266338e-05,8.90535213e-02,9.69561287e-07,1.96141317e-07,-1.99602854e-03,5.14317116e-04,2.49644072e-04,-1.27450356e-04,-5.98863581e-06,1.64058067e-05
1.38900000e+03,6.29876015e-01,4.71744655e-06,-2.75625004e-05,-2.09076016e-03,4.81812732e-04,4.40720598e-05,5.40826939e-01,5.90048342e-06,-2.82858547e-05,8.90490770e-02,-1.18303686e-06,7.23354263e-07,-1.96530912e-03,4.90947561e-04,4.79791181e-05,-1.25451040e-04,-9.13483003e-06,-3.90705830e-06
1.39000000e+03,6.29922054e-01,3.27418873e-05,-3.26403807e-05,-2.11981678e-03,4.96135072e-04,2.91875836e-04,5.40868667e-01,3.13156450e-05,-3.25112742e-05,8.90533863e-02,1.42624236e-06,-1.29106541e-07,-1.99232829e-03,4.99949392e-04,2.72730313e-04,-1.27488496e-04,-3.81432049e-06,1.91455237e-05
1.39100000e+03,6.29881298e-01,1.31631330e-05,-3.79742769e-05,-2.09328749e-03,5.72490410e-04,1.00774211e-04,5.40832296e-01,1.43549701e-05,-3.83375294e-05,8.90490023e-02,-1.19183713e-06,3.63252607e-07,-1.96778666e-03,5.77803880e-04,1.03908310e-04,-1.25500835e-04,-5.31347175e-06,-3.13409956e-06
1.39200000e+03,6.29926656e-01,2.63818379e-05,-3.35212910e-05,-2.12042263e-03,5.20705169e-04,2.69761801e-04,5.40873219e-01,2.53800286e-05,-3.36800394e-05,8.90534357e-02,1.00180929e-06,1.58748379e-07,-1.99299348e-03,5.26644222e-04,2.53367450e-04,-1.27429150e-04,-5.93905065e-06,1.63943514e-05
1.39300000e+03,6.29883096e-01,4.72974577e-06,-2.95489520e-05,-2.08770086e-03,4.96798040e-04,4.03669408e-05,5.40834148e-01,5.89957580e-06,-3.02144114e-05,8.90489486e-02,-1.16983005e-06,6.65459416e-07,-1.96224862e-03,5.05501676e-04,4.45889218e-05,-1.25452242e-04,-8.70363156e-06,-4.22198105e-06
1.39400000e+03,6.29929741e-01,3.22787463e-05,-3.41170407e-05,-2.11899229e-03,5.08332585e-04,2.82240129e-04,5.40876467e-01,3.08692601e-05,-3.40376002e-05,8.90532735e-02,1.40948620e-06,-7.94404300e-08,-1.99137523e-03,5.12548559e-04,2.63413311e-04,-1.27617057e-04,-4.21597423e-06,1.88268180e-05
1.39500000e+03,6.29888371e-01,1.33500254e-05,-4.00327754e-05,-2.09359682e-03,5.85567856e-04,9.46020935e-05,5.40839497e-01,1.45231478e-05,-4.03719005e-05,8.90488727e-02,-1.17312235e-06,3.39124753e-07,-1.96803335e-03,5.90921845e-04,9.78099500e-05,-1.25563474e-04,-5.35398413e-06,-3.20785629e-06
1.39600000e+03,6.29933141e-01,2.65880906e-05,-3.38119672e-05,-2.12116815e-03,5.26014214e-04,2.71726325e-04,5.40879910e-01,2.56619834e-05,-3.40420502e-05,8.90532303e-02,9.26107211e-07,2.30083009e-07,-1.99371114e-03,5.32151894e-04,2.55462059e-04,-1.27457010e-04,-6.13767774e-06,1.62642663e-05
1.39700000e+03,6.29888301e-01,6.29954091e-06,-2.83182205e-05,-2.08849244e-03,4.87571201e-04,6.06850785e-05,5.40839552e-01,7.46788487e-06,-2.90508556e-05,8.90487467e-02,-1.16834399e-06,7.32635045e-07,-1.96301404e-03,4.96768250e-04,6.44275932e-05,-1.25478401e-04,-9.19704724e-06,-3.74251458e-06
1.39800000e+03,6.29934775e-01,3.33494108e-05,-3.46018205e-05,-2.11883059e-03,5.09675543e-04,2.98117579e-04,5.40881649e-01,3.19381766e-05,-3.44844955e-05,8.90531237e-02,1.41123416e-06,-1.17324976e-07,-1.99120421e-03,5.13670540e-04,2.79393109e-04,-1.27626377e-04,-3.99499884e-06,1.87244706e-05
1.39900000e+03,6.29893452e-01,1.41726914e-05,-3.87750778e-05,-2.09258241e-03,5.77189794e-04,1.07425777e-04,5.40844734e-01,1.53650313e-05,-3.91872256e-05,8.90487190e-02,-1.19233995e-06,4.12147708e-07,-1.96700663e-03,5.82810694e-04,1.10807953e-04,-1.25575779e-04,-5.62089936e-06,-3.38217612e-06
1.40000000e+03,6.29938794e-01,2.73597779e-05,-3.19849258e-05,-2.12126434e-03,5.13284496e-04,2.78212244e-04,5.40885660e-01,2.64131014e-05,-3.22260691e-05,8.90531350e-02,9.46676427e-07,2.41143324e-07,-1.99378435e-03,5.19433930e-04,2.62100554e-04,-1.27479998e-04,-6.14942980e-06,1.61116901e-05
1.40100000e+03,6.29893919e-01,5.89481927e-06,-2.61988800e-05,-2.08979165e-03,4.76160479e-04,5.21449232e-05,5.40845259e-01,7.09076171e-06,-2.69231727e-05,8.90486599e-02,-1.19594242e-06,7.24292755e-07,-1.96428197e-03,4.85173078e-04,5.63986947e-05,-1.25509675e-04,-9.01259935e-06,-4.25377141e-06
1.40200000e+03,6.29938914e-01,3.16994385e-05,-3.12473368e-05,-2.11856997e-03,4.93861669e-04,2.85096010e-04,5.40885979e-01,3.03512698e-05,-3.11249318e-05,8.90529373e-02,1.34816875e-06,-1.22404944e-07,-1.99102612e-03,4.97550735e-04,2.66382085e-04,-1.27543854e-04,-3.68906684e-06,1.87139254e-05
1.40300000e+03,6.29897700e-01,1.38431874e-05,-3.86304214e-05,-2.09170979e-03,5.79246980e-04,1.07060123e-04,5.40849122e-01,1.50255446e-05,-3.89075932e-05,8.90485782e-02,-1.18235709e-06,2.77171962e-07,-1.96611306e-03,5.84291920e-04,1.10309359e-04,-1.25596727e-04,-5.04493629e-06,-3.24923612e-06
1.40400000e+03,6.29943485e-01,2.73822210e-05,-3.37505366e-05,-2.12076430e-03,5.23642707e-04,2.79717437e-04,5.40890473e-01,2.64069093e-05,-3.39219323e-05,8.90530124e-02,9.75311753e-07,1.71395726e-07,-1.99327362e-03,5.29558914e-04,2.63504386e-04,-1.27490686e-04,-5.91620814e-06,1.62130516e-05
1.40500000e+03,6.29898307e-01,5.75866602e-06,-2.89822361e-05,-2.08881125e-03,4.91753607e-04,5.27201256e-05,5.40849780e-01,6.93234836e-06,-2.96769757e-05,8.90485269e-02,-1.17368233e-06,6.94739548e-07,-1.96331191e-03,5.00785481e-04,5.68091434e-05,-1.25499342e-04,-9.03187057e-06,-4.08901788e-06
1.40600000e+03,6.29944929e-01,3.35230731e-05,-3.44917518e-05,-2.12032227e-03,5.05898706e-04,2.95873986e-04,5.40892005e-01,3.21114955e-05,-3.42917065e-05,8.90529222e-02,1.41157765e-06,-2.00045259e-07,-1.99267150e-03,5.09497423e-04,2.77029693e-04,-1.27650768e-04,-3.59871651e-06,1.88442932e-05
1.40700000e+03,6.29903804e-01,1.56998797e-05,-4.10821519e-05,-2.09407596e-03,5.91025104e-04,1.18776297e-04,5.40855265e-01,1.68930680e-05,-4.14090738e-05,8.90485393e-02,-1.19318829e-06,3.26921909e-07,-1.96848300e-03,5.96039398e-04,1.22045431e-04,-1.25592955e-04,-5.01429052e-06,-3.26913384e-06
1.40800000e+03,6.29948963e-01,2.88684605e-05,-3.46565218e-05,-2.12136862e-03,5.29608910e-04,2.92621603e-04,5.40896040e-01,2.79478289e-05,-3.48852523e-05,8.90529218e-02,9.20631540e-07,2.28730526e-07,-1.99389235e-03,5.35602296e-04,2.76615691e-04,-1.27476275e-04,-5.99338534e-06,1.60059121e-05
1.40900000e+03,6.29905029e-01,5.62160566e-06,-2.93474924e-05,-2.09018123e-03,4.99275579e-04,5.54485269e-05,5.40856564e-01,6.84881657e-06,-3.00936459e-05,8.90484638e-02,-1.22721092e-06,7.46153450e-07,-1.96465212e-03,5.08346819e-04,5.97918810e-05,-1.25529109e-04,-9.07123972e-06,-4.34335440e-06
1.41000000e+03,6.29951177e-01,3.27166341e-05,-3.49730999e-05,-2.11970982e-03,5.21990846e-04,2.95351183e-04,5.40898347e-01,3.13441176e-05,-3.48715840e-05,8.90528280e-02,1.37251650e-06,-1.01515922e-07,-1.99206198e-03,5.25962244e-04,2.76679381e-04,-1.27647840e-04,-3.97139591e-06,1.86718018e-05
1.41100000e+03,6.29909737e-01,1.54770949e-05,-3.95837866e-05,-2.09384190e-03,5.86542452e-04,1.18633243e-04,5.40861330e-01,1.66382412e-05,-3.99418125e-05,8.90484074e-02,-1.16114632e-06,3.58025680e-07,-1.96822918e-03,5.91994919e-04,1.22014902e-04,-1.25612715e-04,-5.45246954e-06,-3.38165976e-06
1.41200000e+03,6.29954515e-01,2.81856639e-05,-3.40976786e-05,-2.12229582e-03,5.30506602e-04,2.90506989e-04,5.40901751e-01,2.72900528e-05,-3.42862202e-05,8.90527662e-02,8.95611183e-07,1.88541639e-07,-1.99477419e-03,5.36341341e-04,2.74644211e-04,-1.27521632e-04,-5.83473804e-06,1.58627779e-05
1.41300000e+03,6.29909573e-01,7.05299581e-06,-3.00962333e-05,-2.09012107e-03,5.06380657e-04,7.15831063e-05,5.40861260e-01,8.32842034e-06,-3.07990729e-05,8.90483129e-02,-1.27542456e-06,7.02839551e-07,-1.96457578e-03,5.15288653e-04,7.61993794e-05,-1.25545287e-04,-8.90799788e-06,-4.61627286e-06
1.41400000e+03,6.29955619e-01,3.35801800e-05,-3.42746766e-05,-2.11978076e-03,5.14169536e-04,3.03851449e-04,5.40902984e-01,3.21784152e-05,-3.41766133e-05,8.90526370e-02,1.40176476e-06,-9.80633103e-08,-1.99216834e-03,5.18303545e-04,2.85245531e-04,-1.27612413e-04,-4.13400734e-06,1.86059181e-05
1.41500000e+03,6.29914825e-01,1.47148173e-05,-3.98849924e-05,-2.09400397e-03,5.88796942e-04,1.16506105e-04,5.40866543e-01,1.59495548e-05,-4.02148316e-05,8.90482829e-02,-1.23473743e-06,3.29839256e-07,-1.96838024e-03,5.94007576e-04,1.20334895e-04,-1.25623729e-04,-5.21063377e-06,-3.82879070e-06
1.41600000e+03,6.29960117e-01,2.89607797e-05,-3.43723920e-05,-2.12222843e-03,5.31938474e-04,2.93386555e-04,5.40907419e-01,2.80188918e-05,-3.45229341e-05,8.90526977e-02,9.41887939e-07,1.50542188e-07,-1.99473299e-03,5.37588416e-04,2.77519271e-04,-1.27495438e-04,-5.64994080e-06,1.58672837e-05
1.41700000e+03,6.29915296e-01,6.73650469e-06,-2.97512956e-05,-2.08949312e-03,5.01787698e-04,6.25683388e-05,5.40867076e-01,7.98274465e-06,-3.04337111e-05,8.90482219e-02,-1.24623996e-06,6.82415456e-07,-1.96397906e-03,5.10657705e-04,6.73077540e-05,-1.25514061e-04,-8.87001038e-06,-4.73941517e-06
1.41800000e+03,6.29962416e-01,3.29477130e-05,-3.54306369e-05,-2.12099936e-03,5.20677951e-04,2.98974942e-04,5.40909839e-01,3.16255565e-05,-3.53134944e-05,8.90525783e-02,1.32215648e-06,-1.17142488e-07,-1.99333944e-03,5.24693378e-04,2.80622019e-04,-1.27659917e-04,-4.01542797e-06,1.83529229e-05
1.41900000e+03,6.29920863e-01,1.52425393e-05,-4.00233281e-05,-2.09599291e-03,5.87737357e-04,1.15684261e-04,5.40872686e-01,1.64250197e-05,-4.03911745e-05,8.90481767e-02,-1.18248041e-06,3.67846535e-07,-1.97038460e-03,5.93150100e-04,1.19363520e-04,-1.25608312e-04,-5.41274145e-06,-3.67925935e-06
1.42000000e+03,6.29965240e-01,2.74312738e-05,-3.47991652e-05,-2.12392456e-03,5.33562684e-04,2.77904523e-04,5.40912710e-01,2.65461760e-05,-3.50026833e-05,8.90525312e-02,8.85097799e-07,2.03518120e-07,-1.99641165e-03,5.39602672e-04,2.62395730e-04,-1.27512907e-04,-6.03998411e-06,1.55087926e-05
1.42100000e+03,6.29920758e-01,6.41634295e-06,-3.13967133e-05,-2.09082618e-03,5.15752299e-04,6.01859114e-05,5.40872663e-01,7.65549426e-06,-3.21162463e-05,8.90480915e-02,-1.23915131e-06,7.19532977e-07,-1.96531494e-03,5.24706206e-04,6.45967552e-05,-1.25511230e-04,-8.95390553e-06,-4.41084352e-06
1.42200000e+03,6.29967372e-01,3.39006260e-05,-3.64756149e-05,-2.12105576e-03,5.30585119e-04,3.00196218e-04,5.40914900e-01,3.25268312e-05,-3.63655310e-05,8.90524701e-02,1.37379480e-06,-1.10083867e-07,-1.99339656e-03,5.34603590e-04,2.81804891e-04,-1.27659201e-04,-4.01846793e-06,1.83913267e-05
1.42300000e+03,6.29926341e-01,1.45956960e-05,-4.15304717e-05,-2.09553629e-03,6.01168023e-04,1.10628450e-04,5.40878280e-01,1.58263008e-05,-4.19218274e-05,8.90480631e-02,-1.23060480e-06,3.91355598e-07,-1.96991536e-03,6.06774510e-04,1.14351897e-04,-1.25620931e-04,-5.60648927e-06,-3.72344701e-06
1.42400000e+03,6.29971582e-01,2.76857516e-05,-3.55527768e-05,-2.12330412e-03,5.43689964e-04,2.81386057e-04,5.40919090e-01,2.67721843e-05,-3.57555105e-05,8.90524935e-02,9.13567326e-07,2.02733702e-07,-1.99578110e-03,5.49723105e-04,2.65722716e-04,-1.27523020e-04,-6.03314021e-06,1.56633413e-05
1.42500000e+03,6.29927037e-01,6.29036910e-06,-2.92622482e-05,-2.09073077e-03,5.00981214e-04,5.73687985e-05,5.40878988e-01,7.54476591e-06,-3.00054725e-05,8.90480472e-02,-1.25439680e-06,7.43224380e-07,-1.96517935e-03,5.10226703e-04,6.21799703e-05,-1.25551422e-04,-9.24548994e-06,-4.81117192e-06
1.42600000e+03,6.29973655e-01,3.31948161e-05,-3.46893070e-05,-2.12171610e-03,5.18104258e-04,2.95577849e-04,5.40921288e-01,3.18480547e-05,-3.45658509e-05,8.90523655e-02,1.34676140e-06,-1.23456022e-07,-1.99404825e-03,5.21966784e-04,2.77194546e-04,-1.27667849e-04,-3.86252754e-06,1.83833030e-05
1.42700000e+03,6.29931982e-01,1.49975504e-05,-4.08875785e-05,-2.09551358e-03,5.95128356e-04,1.12645268e-04,5.40883995e-01,1.62348324e-05,-4.12204806e-05,8.90479838e-02,-1.23728202e-06,3.32902091e-07,-1.96984502e-03,6.00487961e-04,1.16499260e-04,-1.25668557e-04,-5.35960952e-06,-3.85399223e-06
1.42800000e+03,6.29976697e-01,2.82547429e-05,-3.54860621e-05,-2.12355163e-03,5.42600491e-04,2.92305226e-04,5.40924330e-01,2.74011456e-05,-3.57064676e-05,8.90523666e-02,8.53597337e-07,2.20405472e-07,-1.99601932e-03,5.48662615e-04,2.76654623e-04,-1.27532317e-04,-6.06212262e-06,1.56506026e-05
1.42900000e+03,6.29931912e-01,6.31795758e-06,-3.00269797e-05,-2.09163893e-03,5.05801457e-04,6.61063063e-05,5.40884015e-01,7.57398160e-06,-3.07483959e-05,8.90478966e-02,-1.25602404e-06,7.21416178e-07,-1.96607364e-03,5.14756648e-04,7.08175384e-05,-1.25565293e-04,-8.95518755e-06,-4.71123206e-06
1.43000000e+03,6.29978530e-01,3.37849556e-05,-3.52323626e-05,-2.12170902e-03,5.20133132e-04,3.03695046e-04,5.40926272e-01,3.24130726e-05,-3.50936072e-05,8.90522600e-02,1.37188302e-06,-1.38755475e-07,-1.99406850e-03,5.23992838e-04,2.85510041e-04,-1.27640516e-04,-3.85970978e-06,1.81850049e-05
1.43100000e+03,6.29937389e-01,1.58800973e-05,-4.18185698e-05,-2.09621763e-03,6.02249219e-04,1.20386804e-04,5.40889461e-01,1.71117291e-05,-4.21244273e-05,8.90479293e-02,-1.23163180e-06,3.05857622e-07,-1.97057987e-03,6.07348686e-04,1.24400278e-04,-1.25637759e-04,-5.09946598e-06,-4.01347439e-06
1.43200000e+03,6.29982560e-01,2.91182796e-05,-3.52935733e-05,-2.12546333e-03,5.37873802e-04,2.90433997e-04,5.40930263e-01,2.82255307e-05,-3.55072138e-05,8.90522978e-02,8.92748852e-07,2.13640573e-07,-1.99792023e-03,5.43988738e-04,2.74995621e-04,-1.27543098e-04,-6.11493268e-06,1.54383766e-05
1.43300000e+03,6.29937607e-01,7.33874163e-06,-3.02423976e-05,-2.09245006e-03,5.06194927e-04,6.44750593e-05,5.40889784e-01,8.54705347e-06,-3.09889701e-05,8.90478223e-02,-1.20831181e-06,7.46572471e-07,-1.96691334e-03,5.15402304e-04,6.88689465e-05,-1.25536720e-04,-9.20737475e-06,-4.39388707e-06
1.43400000e+03,6.29984198e-01,3.37576866e-05,-3.52917349e-05,-2.12284507e-03,5.19543457e-04,3.00520695e-04,5.40932006e-01,3.24341512e-05,-3.51683766e-05,8.90521931e-02,1.32353537e-06,-1.23358245e-07,-1.99516750e-03,5.23609872e-04,2.82265178e-04,-1.27677574e-04,-4.06641504e-06,1.82555173e-05
1.43500000e+03,6.29942832e-01,1.60884466e-05,-4.07583276e-05,-2.09581797e-03,5.94340711e-04,1.21083281e-04,5.40895036e-01,1.73334525e-05,-4.11596476e-05,8.90477935e-02,-1.24500583e-06,4.01320112e-07,-1.97020621e-03,5.99975836e-04,1.25079867e-04,-1.25611753e-04,-5.63512217e-06,-3.99658570e-06
1.43600000e+03,6.29988018e-01,2.72794505e-05,-3.55868595e-05,-2.12388424e-03,5.40375334e-04,2.80217010e-04,5.40935838e-01,2.64376592e-05,-3.57717249e-05,8.90521814e-02,8.41791334e-07,1.84865399e-07,-1.99633111e-03,5.46256708e-04,2.64858190e-04,-1.27553123e-04,-5.88137256e-06,1.53588195e-05
1.43700000e+03,6.29943081e-01,5.40015876e-06,-3.08499629e-05,-2.09225292e-03,5.06302840e-04,5.46703286e-05,5.40895355e-01,6.67308319e-06,-3.15626542e-05,8.90477223e-02,-1.27292445e-06,7.12691307e-07,-1.96666131e-03,5.15586726e-04,5.94325943e-05,-1.25591612e-04,-9.28388402e-06,-4.76226532e-06
1.43800000e+03,6.29989263e-01,3.29637405e-05,-3.63915708e-05,-2.12174437e-03,5.26301881e-04,2.96283351e-04,5.40937207e-01,3.16075461e-05,-3.62420916e-05,8.90520577e-02,1.35619442e-06,-1.49479163e-07,-1.99407071e-03,5.30011259e-04,2.77966998e-04,-1.27673658e-04,-3.70937471e-06,1.83163531e-05
1.43900000e+03,6.29948586e-01,1.37415246e-05,-4.08409881e-05,-2.09586375e-03,5.93247008e-04,1.08524457e-04,5.40900883e-01,1.50778493e-05,-4.12001870e-05,8.90477037e-02,-1.33632470e-06,3.59199026e-07,-1.97020607e-03,5.98655389e-04,1.12870829e-04,-1.25657675e-04,-5.40838295e-06,-4.34637202e-06
1.44000000e+03,6.29993811e-01,2.70007061e-05,-3.46841662e-05,-2.12307827e-03,5.33931178e-04,2.77630712e-04,5.40941685e-01,2.60779021e-05,-3.48998382e-05,8.90521235e-02,9.22804050e-07,2.15672009e-07,-1.99553437e-03,5.39932501e-04,2.62074377e-04,-1.27543900e-04,-6.00132675e-06,1.55563350e-05
1.44100000e+03,6.29949480e-01,4.51363973e-06,-2.99609423e-05,-2.09052223e-03,5.03851931e-04,4.37665192e-05,5.40901848e-01,5.76580247e-06,-3.06800552e-05,8.90476352e-02,-1.25216274e-06,7.19112874e-07,-1.96494529e-03,5.12888619e-04,4.86862390e-05,-1.25576942e-04,-9.03668843e-06,-4.91971972e-06
1.44200000e+03,6.29995869e-01,3.20021817e-05,-3.35321838e-05,-2.12076894e-03,5.06931082e-04,2.84862441e-04,5.40943899e-01,3.06667469e-05,-3.34266898e-05,8.90519702e-02,1.33543474e-06,-1.05494042e-07,-1.99309964e-03,5.10958171e-04,2.66739463e-04,-1.27669299e-04,-4.02708971e-06,1.81229780e-05
1.44300000e+03,6.29954071e-01,1.46189336e-05,-3.89458793e-05,-2.09454361e-03,5.80454394e-04,1.04871500e-04,5.40906466e-01,1.58522573e-05,-3.92668302e-05,8.90476056e-02,-1.23332375e-06,3.20950619e-07,-1.96887423e-03,5.85493454e-04,1.08970430e-04,-1.25669374e-04,-5.03906031e-06,-4.09893012e-06
1.44400000e+03,6.29998452e-01,2.74772852e-05,-3.35236770e-05,-2.12352934e-03,5.25200154e-04,2.77976050e-04,5.40946529e-01,2.66284367e-05,-3.37061967e-05,8.90519231e-02,8.48848506e-07,1.82519705e-07,-1.99597101e-03,5.31024004e-04,2.62605923e-04,-1.27558322e-04,-5.82385042e-06,1.53701267e-05
1.44500000e+03,6.29953032e-01,6.38477744e-06,-2.94651265e-05,-2.08918021e-03,4.99530193e-04,6.05316237e-05,5.40905555e-01,7.67101912e-06,-3.01918243e-05,8.90474753e-02,-1.28624169e-06,7.26697752e-07,-1.96364196e-03,5.08570047e-04,6.53588806e-05,-1.25538248e-04,-9.03985386e-06,-4.82725702e-06
1.44600000e+03,6.30000425e-01,3.30024265e-05,-3.49678976e-05,-2.12056765e-03,5.16105942e-04,2.96742390e-04,5.40948524e-01,3.16863479e-05,-3.48052776e-05,8.90519010e-02,1.31607864e-06,-1.62620039e-07,-1.99286224e-03,5.19776679e-04,2.78769543e-04,-1.27705404e-04,-3.67073973e-06,1.79728465e-05
1.44700000e+03,6.29959082e-01,1.33105872e-05,-3.97553135e-05,-2.09443518e-03,5.86076442e-04,1.02838533e-04,5.40911570e-01,1.46138646e-05,-4.01130995e-05,8.90475099e-02,-1.30327739e-06,3.57785915e-07,-1.96880191e-03,5.91271607e-04,1.07177757e-04,-1.25633276e-04,-5.19516750e-06,-4.33922360e-06
1.44800000e+03,6.30003953e-01,2.75806446e-05,-3.50734080e-05,-2.12199241e-03,5.37510808e-04,2.81626662e-04,5.40952026e-01,2.66822444e-05,-3.52457956e-05,8.90519294e-02,8.98400165e-07,1.72387588e-07,-1.99442170e-03,5.43173715e-04,2.66150849e-04,-1.27570710e-04,-5.66290995e-06,1.54758140e-05
1.44900000e+03,6.29960144e-01,6.05202206e-06,-3.04134170e-05,-2.08975550e-03,5.07278320e-04,5.50267019e-05,5.40912624e-01,7.32526220e-06,-3.11332730e-05,8.90475181e-02,-1.27324012e-06,7.19856028e-07,-1.96415341e-03,5.16339445e-04,6.00853771e-05,-1.25602090e-04,-9.06112720e-06,-5.05867486e-06
1.45000000e+03,6.30006365e-01,3.22199271e-05,-3.53113714e-05,-2.11952056e-03,5.22063216e-04,2.89599892e-04,5.40954535e-01,3.09238474e-05,-3.51749916e-05,8.90518313e-02,1.29607971e-06,-1.36379820e-07,-1.99179406e-03,5.25745503e-04,2.71549757e-04,-1.27726498e-04,-3.68228312e-06,1.80501346e-05
1.45100000e+03,6.29965256e-01,1.34385140e-05,-4.08881030e-05,-2.09400693e-03,5.94928023e-04,1.03467852e-04,5.40917791e-01,1.47615949e-05,-4.12408758e-05,8.90474671e-02,-1.32308089e-06,3.52772853e-07,-1.96830158e-03,6.00295015e-04,1.08013209e-04,-1.25705339e-04,-5.36699301e-06,-4.54535700e-06
1.45200000e+03,6.30010073e-01,2.55969569e-05,-3.47412034e-05,-2.12228660e-03,5.32958508e-04,2.68487886e-04,5.40958204e-01,2.47458963e-05,-3.49324261e-05,8.90518694e-02,8.51060581e-07,1.91222736e-07,-1.99469605e-03,5.38981126e-04,2.53152539e-04,-1.27590543e-04,-6.02261804e-06,1.53353468e-05
1.45300000e+03,6.29965443e-01,4.94072873e-06,-2.99144196e-05,-2.09009388e-03,5.00385130e-04,5.12548122e-05,5.40918028e-01,6.22127283e-06,-3.06065880e-05,8.90474158e-02,-1.28054412e-06,6.92168476e-07,-1.96446116e-03,5.09176144e-04,5.62359780e-05,-1.25632720e-04,-8.79101328e-06,-4.98116591e-06
1.45400000e+03,6.30011551e-01,3.24401997e-05,-3.54710633e-05,-2.12025172e-03,5.17650624e-04,2.89453509e-04,5.40959791e-01,3.10522648e-05,-3.52963708e-05,8.90517597e-02,1.38793490e-06,-1.74692559e-07,-1.99252895e-03,5.21226018e-04,2.71259283e-04,-1.27722768e-04,-3.57539260e-06,1.81942257e-05
1.45500000e+03,6.29969831e-01,1.44246021e-05,-4.13284852e-05,-2.09403381e-03,5.95176747e-04,1.09135283e-04,5.40922436e-01,1.57225224e-05,-4.16464056e-05,8.90473948e-02,-1.29792026e-06,3.17920162e-07,-1.96834425e-03,6.00316844e-04,1.13520036e-04,-1.25689565e-04,-5.14009497e-06,-4.38475320e-06
1.45600000e+03,6.30014834e-01,2.78235093e-05,-3.38456735e-05,-2.12243877e-03,5.27284456e-04,2.80628797e-04,5.40963055e-01,2.69672344e-05,-3.40566674e-05,8.90517796e-02,8.56274798e-07,2.10993952e-07,-1.99482686e-03,5.33073818e-04,2.65497894e-04,-1.27611910e-04,-5.78936331e-06,1.51309038e-05
1.45700000e+03,6.29969726e-01,5.83213243e-06,-2.77368638e-05,-2.08961262e-03,4.87137753e-04,5.33047889e-05,5.40922424e-01,7.09616738e-06,-2.84849727e-05,8.90473037e-02,-1.26403497e-06,7.48108886e-07,-1.96399280e-03,4.96205672e-04,5.81223146e-05,-1.25619815e-04,-9.06791994e-06,-4.81752582e-06
1.45800000e+03,6.30016184e-01,3.24649315e-05,-3.45664104e-05,-2.12094801e-03,5.17399818e-04,2.94511714e-04,5.40964506e-01,3.11911827e-05,-3.44213913e-05,8.90516808e-02,1.27374884e-06,-1.45019145e-07,-1.99320883e-03,5.21083563e-04,2.76577205e-04,-1.27739182e-04,-3.68374489e-06,1.79345092e-05
1.45900000e+03,6.29974962e-01,1.47441551e-05,-4.02699295e-05,-2.09449633e-03,5.91402420e-04,1.15749427e-04,5.40927668e-01,1.60606899e-05,-4.05871363e-05,8.90472932e-02,-1.31653491e-06,3.17206620e-07,-1.96881820e-03,5.96566807e-04,1.20436601e-04,-1.25678129e-04,-5.16438761e-06,-4.68717425e-06
1.46000000e+03,6.30019760e-01,2.77551581e-05,-3.52395243e-05,-2.12226985e-03,5.36880650e-04,2.86288895e-04,5.40968093e-01,2.69156449e-05,-3.54076849e-05,8.90516679e-02,8.39513229e-07,1.68160635e-07,-1.99468691e-03,5.42643849e-04,2.71272220e-04,-1.27582945e-04,-5.76319572e-06,1.50166750e-05
1.46100000e+03,6.29974927e-01,6.95103416e-06,-3.07936515e-05,-2.08997004e-03,5.07822103e-04,6.69792842e-05,5.40927680e-01,8.25927552e-06,-3.15301881e-05,8.90472473e-02,-1.30824134e-06,7.36536635e-07,-1.96432891e-03,5.16992226e-04,7.21527115e-05,-1.25641139e-04,-9.17012418e-06,-5.17342737e-06
1.46200000e+03,6.30020826e-01,3.37865509e-05,-3.61757476e-05,-2.12005267e-03,5.25988261e-04,3.02739036e-04,5.40969252e-01,3.25102813e-05,-3.60162736e-05,8.90515734e-02,1.27626965e-06,-1.59474020e-07,-1.99228433e-03,5.29511359e-04,2.85309109e-04,-1.27768344e-04,-3.52310095e-06,1.74299273e-05
1.46300000e+03,6.29980354e-01,1.40023702e-05,-4.10374289e-05,-2.09462444e-03,5.95866642e-04,1.11383519e-04,5.40933115e-01,1.53766379e-05,-4.14007461e-05,8.90472388e-02,-1.37426764e-06,3.63317183e-07,-1.96887727e-03,6.01275596e-04,1.16239211e-04,-1.25747167e-04,-5.40895717e-06,-4.85569175e-06
1.46400000e+03,6.30025218e-01,2.71438800e-05,-3.45945034e-05,-2.12364654e-03,5.33238331e-04,2.80461530e-04,5.40973582e-01,2.63069804e-05,-3.48082496e-05,8.90516368e-02,8.36899643e-07,2.13746226e-07,-1.99601910e-03,5.39260939e-04,2.65415173e-04,-1.27627439e-04,-6.02260924e-06,1.50463571e-05
1.46500000e+03,6.29981070e-01,4.87980382e-06,-3.01347358e-05,-2.09053191e-03,5.06117606e-04,4.77867934e-05,5.40933866e-01,6.21247968e-06,-3.08644353e-05,8.90472037e-02,-1.33267584e-06,7.29699494e-07,-1.96488252e-03,5.15099694e-04,5.33260944e-05,-1.25649390e-04,-8.98209207e-06,-5.53930112e-06
1.46600000e+03,6.30027377e-01,3.10105252e-05,-3.50245036e-05,-2.12046638e-03,5.18515263e-04,2.85704782e-04,5.40975835e-01,2.97445139e-05,-3.48671631e-05,8.90515419e-02,1.26601137e-06,-1.57340443e-07,-1.99269463e-03,5.22185188e-04,2.67794374e-04,-1.27771748e-04,-3.66992123e-06,1.79104076e-05
1.46700000e+03,6.29985268e-01,1.45142481e-05,-4.07179940e-05,-2.09442890e-03,5.93859578e-04,1.13061329e-04,5.40938118e-01,1.58001608e-05,-4.10394379e-05,8.90471501e-02,-1.28591272e-06,3.21443906e-07,-1.96870978e-03,5.99052374e-04,1.17712985e-04,-1.25719126e-04,-5.19279852e-06,-4.65165683e-06
1.46800000e+03,6.30030112e-01,2.68040273e-05,-3.50763713e-05,-2.12354227e-03,5.35656177e-04,2.78454440e-04,5.40978585e-01,2.60024754e-05,-3.52409055e-05,8.90515294e-02,8.01551857e-07,1.64534202e-07,-1.99588834e-03,5.41351972e-04,2.63750259e-04,-1.27653928e-04,-5.69579482e-06,1.47041819e-05
1.46900000e+03,6.29985229e-01,5.57761532e-06,-3.02696791e-05,-2.09105856e-03,5.03829975e-04,5.58889887e-05,5.40938141e-01,6.89372047e-06,-3.09964115e-05,8.90470851e-02,-1.31610515e-06,7.26732415e-07,-1.96539697e-03,5.12822484e-04,6.11810102e-05,-1.25661591e-04,-8.99250498e-06,-5.29202164e-06
1.47000000e+03,6.30031516e-01,3.25115047e-05,-3.50523352e-05,-2.12147473e-03,5.16314596e-04,2.89471569e-04,5.40980052e-01,3.12084883e-05,-3.49347981e-05,8.90514656e-02,1.30301648e-06,-1.17537119e-07,-1.99371443e-03,5.20251982e-04,2.72092230e-04,-1.27760305e-04,-3.93738818e-06,1.73793391e-05
1.47100000e+03,6.29990524e-01,1.37282739e-05,-3.95545681e-05,-2.09681903e-03,5.83204179e-04,1.04614823e-04,5.40943432e-01,1.50781989e-05,-3.99153558e-05,8.90470921e-02,-1.34992498e-06,3.60787590e-07,-1.97108384e-03,5.88635921e-04,1.09359537e-04,-1.25735186e-04,-5.43173943e-06,-4.74471456e-06
1.47200000e+03,6.30035150e-01,2.73630652e-05,-3.42576095e-05,-2.12453338e-03,5.28920800e-04,2.76043174e-04,5.40983658e-01,2.64930302e-05,-3.43892719e-05,8.90514944e-02,8.70035027e-07,1.31662424e-07,-1.99692500e-03,5.34371322e-04,2.61042079e-04,-1.27608383e-04,-5.45052067e-06,1.50010956e-05
1.47300000e+03,6.29990407e-01,5.89322318e-06,-3.01223465e-05,-2.09179151e-03,5.01114517e-04,5.21414856e-05,5.40943323e-01,7.25270209e-06,-3.07953060e-05,8.90470820e-02,-1.35947892e-06,6.72959492e-07,-1.96614573e-03,5.09909975e-04,5.78007088e-05,-1.25645776e-04,-8.79545825e-06,-5.65922361e-06
1.47400000e+03,6.30036737e-01,3.24661508e-05,-3.50280996e-05,-2.12224633e-03,5.17188786e-04,2.92887557e-04,5.40985335e-01,3.12550227e-05,-3.48774436e-05,8.90514042e-02,1.21112811e-06,-1.50655964e-07,-1.99447334e-03,5.20645768e-04,2.75522476e-04,-1.27772987e-04,-3.45698070e-06,1.73650814e-05
1.47500000e+03,6.29996270e-01,1.40657644e-05,-4.05870846e-05,-2.09599401e-03,5.91873152e-04,1.08442492e-04,5.40949221e-01,1.54465320e-05,-4.09226843e-05,8.90470489e-02,-1.38076763e-06,3.35599663e-07,-1.97024635e-03,5.97108981e-04,1.13630847e-04,-1.25747660e-04,-5.23582825e-06,-5.18835468e-06
1.47600000e+03,6.30041090e-01,2.63742039e-05,-3.46475096e-05,-2.12356173e-03,5.34018696e-04,2.75532932e-04,5.40989630e-01,2.55718728e-05,-3.48603768e-05,8.90514590e-02,8.02331039e-07,2.12867184e-07,-1.99592638e-03,5.39968292e-04,2.60762806e-04,-1.27635355e-04,-5.94959641e-06,1.47701261e-05
1.47700000e+03,6.29996892e-01,4.96256719e-06,-3.13050695e-05,-2.09055053e-03,5.14006316e-04,5.24510692e-05,5.40949874e-01,6.33295868e-06,-3.19850414e-05,8.90470166e-02,-1.37039147e-06,6.79971883e-07,-1.96489562e-03,5.22805611e-04,5.81520436e-05,-1.25654915e-04,-8.79929680e-06,-5.70097457e-06
1.47800000e+03,6.30043176e-01,3.20476738e-05,-3.62577480e-05,-2.11919582e-03,5.25086050e-04,2.92079700e-04,5.40991812e-01,3.07950544e-05,-3.60727783e-05,8.90513649e-02,1.25261938e-06,-1.84969722e-07,-1.99141065e-03,5.28572837e-04,2.74799006e-04,-1.27785168e-04,-3.48678902e-06,1.72806941e-05
1.47900000e+03,6.30002222e-01,1.39759909e-05,-4.13089635e-05,-2.09521656e-03,5.97977301e-04,1.12181920e-04,5.40955220e-01,1.53464012e-05,-4.16551904e-05,8.90470030e-02,-1.37041032e-06,3.46226756e-07,-1.96946506e-03,6.03098190e-04,1.17157931e-04,-1.25751489e-04,-5.12088856e-06,-4.97601149e-06
1.48000000e+03,6.30046432e-01,2.72159308e-05,-3.48865454e-05,-2.12385400e-03,5.35882824e-04,2.83837570e-04,5.40995084e-01,2.64003496e-05,-3.50713080e-05,8.90513485e-02,8.15581220e-07,1.84762579e-07,-1.99619475e-03,5.41582689e-04,2.69137329e-04,-1.27659246e-04,-5.69986305e-06,1.47002401e-05
1.48100000e+03,6.30001549e-01,5.68346864e-06,-2.93846093e-05,-2.09090862e-03,5.01141190e-04,5.77386388e-05,5.40954652e-01,7.02280181e-06,-3.01086872e-05,8.90468960e-02,-1.33933316e-06,7.24077844e-07,-1.96524962e-03,5.10146771e-04,6.33588048e-05,-1.25659003e-04,-9.00558272e-06,-5.62016632e-06
1.48200000e+03,6.30047809e-01,3.15242193e-05,-3.47654407e-05,-2.12091259e-03,5.18092193e-04,2.86281914e-04,5.40996558e-01,3.02928463e-05,-3.46045800e-05,8.90512540e-02,1.23137294e-06,-1.60860712e-07,-1.99312830e-03,5.21641074e-04,2.69152139e-04,-1.27784296e-04,-3.54888469e-06,1.71297751e-05
1.48300000e+03,6.30006707e-01,1.37759044e-05,-3.99358000e-05,-2.09583845e-03,5.87118126e-04,1.05497165e-04,5.40959849e-01,1.51293074e-05,-4.02802735e-05,8.90468602e-02,-1.35340299e-06,3.44473492e-07,-1.97008831e-03,5.92494649e-04,1.10602082e-04,-1.25750134e-04,-5.37652587e-06,-5.10491684e-06
1.48400000e+03,6.30051108e-01,2.62847788e-05,-3.36915104e-05,-2.12453191e-03,5.25777243e-04,2.73001526e-04,5.40999850e-01,2.54857618e-05,-3.38457926e-05,8.90512575e-02,7.99016992e-07,1.54282166e-07,-1.99689569e-03,5.31361122e-04,2.58249820e-04,-1.27636222e-04,-5.58387793e-06,1.47517050e-05
1.48500000e+03,6.30006396e-01,5.39462198e-06,-2.88123416e-05,-2.09311148e-03,4.93601867e-04,5.54722386e-05,5.40959557e-01,6.75707875e-06,-2.94993505e-05,8.90468361e-02,-1.36245676e-06,6.87008965e-07,-1.96742285e-03,5.02373453e-04,6.10361780e-05,-1.25688630e-04,-8.77158946e-06,-5.56393947e-06
1.48600000e+03,6.30052388e-01,3.21008947e-05,-3.42963074e-05,-2.12260369e-03,5.12305354e-04,2.91275346e-04,5.41001215e-01,3.08765217e-05,-3.41210716e-05,8.90511711e-02,1.22437292e-06,-1.75235739e-07,-1.99481597e-03,5.15661499e-04,2.74299728e-04,-1.27787715e-04,-3.35614399e-06,1.69756176e-05
1.48700000e+03,6.30011718e-01,1.31782776e-05,-4.04455514e-05,-2.09629796e-03,5.92342036e-04,1.03405455e-04,5.40964899e-01,1.46205698e-05,-4.07700383e-05,8.90468217e-02,-1.44229220e-06,3.24486812e-07,-1.97053583e-03,5.97445568e-04,1.08987002e-04,-1.25762127e-04,-5.10353275e-06,-5.58154771e-06
1.48800000e+03,6.30056208e-01,2.64749598e-05,-3.41850803e-05,-2.12388607e-03,5.32212860e-04,2.74607698e-04,5.41004966e-01,2.56535673e-05,-3.43758544e-05,8.90512415e-02,8.21392516e-07,1.90774126e-07,-1.99622578e-03,5.37937302e-04,2.59930392e-04,-1.27660290e-04,-5.72444572e-06,1.46773068e-05
1.48900000e+03,6.30011598e-01,4.86188154e-06,-2.86811715e-05,-2.09151594e-03,4.96432892e-04,4.83598417e-05,5.40964813e-01,6.21655089e-06,-2.93857391e-05,8.90467848e-02,-1.35466938e-06,7.04567554e-07,-1.96586815e-03,5.05183568e-04,5.41412209e-05,-1.25647791e-04,-8.75067101e-06,-5.78137915e-06
1.49000000e+03,6.30058422e-01,3.19770826e-05,-3.44491352e-05,-2.12029614e-03,5.14483394e-04,2.90214302e-04,5.41007253e-01,3.07505620e-05,-3.42044628e-05,8.90511711e-02,1.22652060e-06,-2.44672473e-07,-1.99248914e-03,5.17483120e-04,2.72978622e-04,-1.27807007e-04,-2.99972572e-06,1.72356800e-05
1.49100000e+03,6.30017803e-01,1.48555147e-05,-4.09794794e-05,-2.09466962e-03,5.95718463e-04,1.14580601e-04,5.40970999e-01,1.62174963e-05,-4.12890877e-05,8.90468034e-02,-1.36198162e-06,3.09608195e-07,-1.96889859e-03,6.00777568e-04,1.19684204e-04,-1.25771039e-04,-5.05910960e-06,-5.10360326e-06
1.49200000e+03,6.30061663e-01,2.75694213e-05,-3.48993270e-05,-2.12252444e-03,5.34427280e-04,2.85466064e-04,5.41010548e-01,2.68095094e-05,-3.50471840e-05,8.90511143e-02,7.59911908e-07,1.47856921e-07,-1.99484771e-03,5.39941979e-04,2.71072460e-04,-1.27676728e-04,-5.51470051e-06,1.43936037e-05
1.49300000e+03,6.30016706e-01,6.33822033e-06,-3.07518000e-05,-2.09084324e-03,5.08128016e-04,6.38027470e-05,5.40970050e-01,7.67694066e-06,-3.14624940e-05,8.90466583e-02,-1.33872031e-06,7.10694034e-07,-1.96515400e-03,5.16995679e-04,6.94329526e-05,-1.25689236e-04,-8.86766591e-06,-5.63020560e-06
1.49400000e+03,6.30062452e-01,3.23211925e-05,-3.54083194e-05,-2.11997221e-03,5.20157150e-04,2.93208836e-04,5.41011381e-01,3.11086443e-05,-3.52488874e-05,8.90510731e-02,1.21254823e-06,-1.59432033e-07,-1.99217738e-03,5.23704957e-04,2.76339959e-04,-1.27794828e-04,-3.54780676e-06,1.68688768e-05
1.49500000e+03,6.30021884e-01,1.36923597e-05,-3.91392039e-05,-2.09475049e-03,5.81633446e-04,1.09312989e-04,5.40975162e-01,1.51243060e-05,-3.95051619e-05,8.90467221e-02,-1.43194630e-06,3.65957975e-07,-1.96898459e-03,5.86998517e-04,1.14744814e-04,-1.25765909e-04,-5.36507162e-06,-5.43182473e-06
1.49600000e+03,6.30067183e-01,2.64810962e-05,-3.37286112e-05,-2.12344920e-03,5.25644398e-04,2.74513939e-04,5.41016053e-01,2.56530636e-05,-3.38503516e-05,8.90511307e-02,8.28032603e-07,1.21740444e-07,-1.99577470e-03,5.30991651e-04,2.59892180e-04,-1.27674495e-04,-5.34725125e-06,1.46217589e-05
1.49700000e+03,6.30022638e-01,4.93307178e-06,-3.05049763e-05,-2.09136823e-03,5.04843862e-04,4.94721198e-05,5.40975944e-01,6.29609484e-06,-3.11530302e-05,8.90466941e-02,-1.36302306e-06,6.48053982e-07,-1.96564546e-03,5.13446593e-04,5.53787856e-05,-1.25722769e-04,-8.60272752e-06,-5.90666565e-06
1.49800000e+03,6.30067673e-01,3.22681357e-05,-3.53001067e-05,-2.12103794e-03,5.17663603e-04,2.91359296e-04,5.41016703e-01,3.10754265e-05,-3.51430638e-05,8.90509716e-02,1.19270922e-06,-1.57042923e-07,-1.99321771e-03,5.21144121e-04,2.74445083e-04,-1.27820227e-04,-3.48051950e-06,1.69142127e-05
1.49900000e+03,6.30026338e-01,1.32813940e-05,-3.94286597e-05,-2.09494756e-03,5.81351094e-04,1.00629907e-04,5.40979702e-01,1.46799990e-05,-3.97780744e-05,8.90466365e-02,-1.39860491e-06,3.49414772e-07,-1.96918569e-03,5.86635095e-04,1.06005754e-04,-1.25761868e-04,-5.28399717e-06,-5.37584700e-06
1.50000000e+03,6.30070766e-01,2.62182443e-05,-3.34536855e-05,-2.12260069e-03,5.24136791e-04,2.72791944e-04,5.41019737e-01,2.54349072e-05,-3.36308448e-05,8.90510299e-02,7.83337118e-07,1.77159227e-07,-1.99490997e-03,5.29709008e-04,2.58335877e-04,-1.27690712e-04,-5.57221715e-06,1.44560671e-05
1.50100000e+03,6.30026400e-01,3.88926690e-06,-2.92130436e-05,-2.09004957e-03,4.96360089e-04,4.30284863e-05,5.40979791e-01,5.28685321e-06,-2.98765931e-05,8.90466097e-02,-1.39758630e-06,6.63549547e-07,-1.96437613e-03,5.04935684e-04,4.90099704e-05,-1.25673440e-04,-8.57559555e-06,-5.98148389e-06
1.50200000e+03,6.30072672e-01,3.19606012e-05,-3.42869138e-05,-2.11925545e-03,5.12818520e-04,2.85132468e-04,5.41021690e-01,3.07291681e-05,-3.40818436e-05,8.90509817e-02,1.23143310e-06,-2.05070233e-07,-1.99142875e-03,5.15852422e-04,2.68405453e-04,-1.27826699e-04,-3.03390235e-06,1.67270143e-05
1.50300000e+03,6.30031715e-01,1.43232296e-05,-4.02343569e-05,-2.09413073e-03,5.94627868e-04,1.07611494e-04,5.40985094e-01,1.57082963e-05,-4.05726343e-05,8.90466214e-02,-1.38506670e-06,3.38277212e-07,-1.96833513e-03,5.99637094e-04,1.12912068e-04,-1.25795598e-04,-5.00922509e-06,-5.30057399e-06
1.50400000e+03,6.30076387e-01,2.72410433e-05,-3.43670063e-05,-2.12210024e-03,5.34367014e-04,2.78738106e-04,5.41025374e-01,2.64736222e-05,-3.44830868e-05,8.90510120e-02,7.67421123e-07,1.16080504e-07,-1.99439986e-03,5.39657337e-04,2.64370286e-04,-1.27700378e-04,-5.29032170e-06,1.43678198e-05
1.50500000e+03,6.30032345e-01,5.17837764e-06,-2.98086923e-05,-2.08922914e-03,5.05068365e-04,4.95851743e-05,5.40985774e-01,6.54804031e-06,-3.04660362e-05,8.90465696e-02,-1.36966269e-06,6.57343860e-07,-1.96349638e-03,5.13492897e-04,5.55105522e-05,-1.25732767e-04,-8.42453268e-06,-5.92537788e-06
1.50600000e+03,6.30078189e-01,3.18378642e-05,-3.53158741e-05,-2.11990513e-03,5.22189618e-04,2.89563301e-04,5.41027269e-01,3.06345502e-05,-3.51534417e-05,8.90509206e-02,1.20331398e-06,-1.62432367e-07,-1.99202850e-03,5.25675525e-04,2.72440841e-04,-1.27876631e-04,-3.48590551e-06,1.71224599e-05
1.50700000e+03,6.30036052e-01,1.43431866e-05,-3.94716570e-05,-2.09488282e-03,5.85179055e-04,1.12454083e-04,5.40989529e-01,1.56940369e-05,-3.98368805e-05,8.90465218e-02,-1.35085028e-06,3.65223187e-07,-1.96906232e-03,5.90536268e-04,1.17541685e-04,-1.25820503e-04,-5.35720971e-06,-5.08760168e-06
1.50800000e+03,6.30080402e-01,2.65547195e-05,-3.42280342e-05,-2.12252833e-03,5.31279770e-04,2.80794407e-04,5.41029510e-01,2.58170920e-05,-3.43494018e-05,8.90508945e-02,7.37627532e-07,1.21367649e-07,-1.99481155e-03,5.36653697e-04,2.66423807e-04,-1.27716779e-04,-5.37392726e-06,1.43706002e-05
1.50900000e+03,6.30035971e-01,4.75472032e-06,-3.00606273e-05,-2.08984687e-03,5.01276015e-04,5.58913078e-05,5.40989478e-01,6.16715301e-06,-3.06996764e-05,8.90464918e-02,-1.41243267e-06,6.39049042e-07,-1.96409437e-03,5.09756841e-04,6.20244376e-05,-1.25752503e-04,-8.48082873e-06,-6.13312992e-06
1.51000000e+03,6.30081958e-01,3.18072837e-05,-3.57010784e-05,-2.11936175e-03,5.20229773e-04,2.93444995e-04,5.41031136e-01,3.05973116e-05,-3.54555209e-05,8.90508210e-02,1.20997207e-06,-2.45557511e-07,-1.99152068e-03,5.23148458e-04,2.76766227e-04,-1.27841068e-04,-2.91868401e-06,1.66787688e-05
1.51100000e+03,6.30041094e-01,1.30331265e-05,-4.11591796e-05,-2.09436009e-03,5.96907898e-04,1.07315600e-04,5.40994609e-01,1.44450722e-05,-4.14919098e-05,8.90464825e-02,-1.41194569e-06,3.32730208e-07,-1.96853476e-03,6.01945091e-04,1.12717053e-04,-1.25825333e-04,-5.03719358e-06,-5.40145400e-06
1.51200000e+03,6.30085137e-01,2.78934586e-05,-3.47933213e-05,-2.12204374e-03,5.35311118e-04,2.86008884e-04,5.41034248e-01,2.70242815e-05,-3.49679916e-05,8.90508902e-02,8.69177190e-07,1.74670368e-07,-1.99431062e-03,5.40939410e-04,2.71252218e-04,-1.27733122e-04,-5.62829418e-06,1.47566657e-05
1.51300000e+03,6.30040760e-01,6.63258592e-06,-2.96961848e-05,-2.09024983e-03,5.01301137e-04,5.95373686e-05,5.40994294e-01,7.96541860e-06,-3.03704852e-05,8.90464658e-02,-1.33283269e-06,6.74300437e-07,-1.96450995e-03,5.09933944e-04,6.54343626e-05,-1.25739884e-04,-8.63280608e-06,-5.89699391e-06
1.51400000e+03,6.30087035e-01,3.27462395e-05,-3.36837662e-05,-2.12078328e-03,5.09131434e-04,2.95577326e-04,5.41036224e-01,3.15902251e-05,-3.34721789e-05,8.90508117e-02,1.15601437e-06,-2.11587330e-07,-1.99291423e-03,5.12183650e-04,2.78930461e-04,-1.27869053e-04,-3.05221399e-06,1.66468649e-05
1.51500000e+03,6.30045938e-01,1.49384362e-05,-4.00523229e-05,-2.09466564e-03,5.90930107e-04,1.16198751e-04,5.40999453e-01,1.63328229e-05,-4.03596117e-05,8.90464817e-02,-1.39438672e-06,3.07289042e-07,-1.96884992e-03,5.95777033e-04,1.21613531e-04,-1.25815721e-04,-4.84692453e-06,-5.41478014e-06
1.51600000e+03,6.30090272e-01,2.79966650e-05,-3.44873340e-05,-2.12269763e-03,5.33669212e-04,2.90659007e-04,5.41039434e-01,2.72567679e-05,-3.46200689e-05,8.90508389e-02,7.39897051e-07,1.32734917e-07,-1.99496741e-03,5.39077845e-04,2.76477731e-04,-1.27730226e-04,-5.40863446e-06,1.41812760e-05
1.51700000e+03,6.30045171e-01,6.76160968e-06,-3.04043469e-05,-2.09094009e-03,5.06928685e-04,7.02592925e-05,5.40998776e-01,8.14235132e-06,-3.10785179e-05,8.90463938e-02,-1.38074165e-06,6.74171052e-07,-1.96520654e-03,5.15578527e-04,7.61118067e-05,-1.25733547e-04,-8.64984249e-06,-5.85251382e-06
1.51800000e+03,6.30091256e-01,3.33201996e-05,-3.48915192e-05,-2.12080791e-03,5.17714868e-04,3.01948174e-04,5.41040484e-01,3.21002595e-05,-3.47003613e-05,8.90507708e-02,1.21994005e-06,-1.91157914e-07,-1.99293958e-03,5.20927103e-04,2.85247828e-04,-1.27868331e-04,-3.21223828e-06,1.67003456e-05
1.51900000e+03,6.30049832e-01,1.38841798e-05,-3.89923262e-05,-2.09390115e-03,5.82090644e-04,1.14262064e-04,5.41003406e-01,1.53364148e-05,-3.93460696e-05,8.90464241e-02,-1.45223499e-06,3.53743683e-07,-1.96809132e-03,5.87358369e-04,1.19835435e-04,-1.25809828e-04,-5.26772555e-06,-5.57337122e-06
1.52000000e+03,6.30094941e-01,2.76899802e-05,-3.37048312e-05,-2.12199581e-03,5.30764275e-04,2.89137802e-04,5.41044114e-01,2.68934804e-05,-3.38382019e-05,8.90508292e-02,7.96499731e-07,1.33370673e-07,-1.99426347e-03,5.36032496e-04,2.74805722e-04,-1.27732341e-04,-5.26821836e-06,1.43320792e-05
1.52100000e+03,6.30050474e-01,5.94495503e-06,-3.01290780e-05,-2.09045896e-03,5.07956213e-04,6.04926410e-05,5.41004051e-01,7.36608070e-06,-3.07805352e-05,8.90464230e-02,-1.42112566e-06,6.51457231e-07,-1.96467246e-03,5.16494587e-04,6.69240578e-05,-1.25786504e-04,-8.53837811e-06,-6.43141657e-06
1.52200000e+03,6.30096722e-01,3.13704050e-05,-3.47754245e-05,-2.12078963e-03,5.18827818e-04,2.89206321e-04,5.41045981e-01,3.02391729e-05,-3.45882593e-05,8.90507377e-02,1.13123208e-06,-1.87165170e-07,-1.99293497e-03,5.22136437e-04,2.72887810e-04,-1.27854662e-04,-3.30861754e-06,1.63185113e-05
1.52300000e+03,6.30055422e-01,1.38944107e-05,-3.92660895e-05,-2.09384736e-03,5.82866900e-04,1.12120983e-04,5.41009011e-01,1.53150162e-05,-3.96048738e-05,8.90464086e-02,-1.42060549e-06,3.38783999e-07,-1.96800842e-03,5.88162499e-04,1.17760744e-04,-1.25838941e-04,-5.29559711e-06,-5.63976122e-06
1.52400000e+03,6.30099737e-01,2.68855474e-05,-3.44805560e-05,-2.12208091e-03,5.28960301e-04,2.85353995e-04,5.41048961e-01,2.61346821e-05,-3.46133857e-05,8.90507770e-02,7.50865263e-07,1.32829622e-07,-1.99431352e-03,5.34614707e-04,2.71067849e-04,-1.27767389e-04,-5.65440828e-06,1.42861459e-05
1.52500000e+03,6.30055041e-01,6.37475435e-06,-3.10014651e-05,-2.08966448e-03,5.08746343e-04,6.77089461e-05,5.41008692e-01,7.78568100e-06,-3.16564566e-05,8.90463467e-02,-1.41092665e-06,6.54991538e-07,-1.96387947e-03,5.17183772e-04,7.40887224e-05,-1.25785007e-04,-8.43743283e-06,-6.37977664e-06
1.52600000e+03,6.30101819e-01,3.37762802e-05,-3.53239512e-05,-2.12038905e-03,5.19569601e-04,3.06745577e-04,5.41051089e-01,3.25908055e-05,-3.51338093e-05,8.90507292e-02,1.18547474e-06,-1.90141900e-07,-1.99246032e-03,5.22729720e-04,2.90402844e-04,-1.27928725e-04,-3.16011978e-06,1.63427327e-05
1.52700000e+03,6.30060285e-01,1.56544583e-05,-3.97804242e-05,-2.09517395e-03,5.88987501e-04,1.24233284e-04,5.41013921e-01,1.70811676e-05,-4.00901445e-05,8.90463654e-02,-1.42670937e-06,3.09720258e-07,-1.96932727e-03,5.93844021e-04,1.29944564e-04,-1.25846682e-04,-4.85651938e-06,-5.71128015e-06
1.52800000e+03,6.30104908e-01,2.88466995e-05,-3.37902064e-05,-2.12313460e-03,5.31949459e-04,2.93543575e-04,5.41054175e-01,2.81037391e-05,-3.39535592e-05,8.90507331e-02,7.42960420e-07,1.63352726e-07,-1.99538844e-03,5.37422677e-04,2.79604310e-04,-1.27746165e-04,-5.47321496e-06,1.39392651e-05
1.52900000e+03,6.30060721e-01,8.02170399e-06,-2.86517161e-05,-2.09065766e-03,4.96197930e-04,7.44789102e-05,5.41014415e-01,9.40544080e-06,-2.93160296e-05,8.90463035e-02,-1.38373679e-06,6.64313518e-07,-1.96487918e-03,5.04773204e-04,8.06104882e-05,-1.25778484e-04,-8.57527090e-06,-6.13157806e-06
1.53000000e+03,6.30106001e-01,3.37365816e-05,-3.35784755e-05,-2.12035496e-03,5.10440857e-04,3.07878610e-04,5.41055381e-01,3.26096632e-05,-3.33990396e-05,8.90506195e-02,1.12691838e-06,-1.79435942e-07,-1.99248243e-03,5.13718786e-04,2.91431087e-04,-1.27872531e-04,-3.27792644e-06,1.64475225e-05
1.53100000e+03,6.30063658e-01,1.53883061e-05,-3.82017974e-05,-2.09372949e-03,5.77954067e-04,1.22287756e-04,5.41017419e-01,1.68086283e-05,-3.85283788e-05,8.90462397e-02,-1.42032210e-06,3.26581480e-07,-1.96788763e-03,5.83048108e-04,1.28165478e-04,-1.25841858e-04,-5.09403992e-06,-5.87772176e-06
1.53200000e+03,6.30108389e-01,2.74384675e-05,-3.34996021e-05,-2.12219708e-03,5.26808244e-04,2.86243216e-04,5.41057750e-01,2.67013073e-05,-3.36169059e-05,8.90506393e-02,7.37160239e-07,1.17303720e-07,-1.99444798e-03,5.32150760e-04,2.72194231e-04,-1.27749101e-04,-5.34251781e-06,1.40489853e-05
1.53300000e+03,6.30064218e-01,5.20652773e-06,-2.98079200e-05,-2.08888935e-03,4.99963339e-04,5.74391715e-05,5.41017952e-01,6.65582487e-06,-3.04563868e-05,8.90462666e-02,-1.44929716e-06,6.48466811e-07,-1.96309614e-03,5.08697397e-04,6.38594459e-05,-1.25793211e-04,-8.73405923e-06,-6.42027437e-06
1.53400000e+03,6.30110774e-01,3.26827676e-05,-3.44969097e-05,-2.12058412e-03,5.10983818e-04,2.98491565e-04,5.41060185e-01,3.14958485e-05,-3.42661081e-05,8.90505919e-02,1.18691907e-06,-2.30801596e-07,-1.99265180e-03,5.13977630e-04,2.81947114e-04,-1.27932316e-04,-2.99381335e-06,1.65444513e-05
1.53500000e+03,6.30069081e-01,1.42204051e-05,-3.99529440e-05,-2.09445188e-03,5.87191921e-04,1.17775061e-04,5.41022826e-01,1.56602920e-05,-4.02791161e-05,8.90462584e-02,-1.43988700e-06,3.26171846e-07,-1.96858367e-03,5.92155090e-04,1.23382320e-04,-1.25868216e-04,-4.96317004e-06,-5.60725955e-06
1.53600000e+03,6.30113778e-01,2.69369073e-05,-3.39363232e-05,-2.12298492e-03,5.26415946e-04,2.83814250e-04,5.41063122e-01,2.61658826e-05,-3.40789112e-05,8.90506537e-02,7.71024732e-07,1.42587954e-07,-1.99521559e-03,5.31951414e-04,2.69600965e-04,-1.27769326e-04,-5.53546791e-06,1.42132850e-05
1.53700000e+03,6.30069513e-01,5.53331792e-06,-2.85554587e-05,-2.09057142e-03,4.91654743e-04,5.95920343e-05,5.41023277e-01,6.96156953e-06,-2.92102195e-05,8.90462378e-02,-1.42825162e-06,6.54760759e-07,-1.96478479e-03,5.00082247e-04,6.60658053e-05,-1.25786634e-04,-8.42750418e-06,-6.47377113e-06
1.53800000e+03,6.30115762e-01,3.19196215e-05,-3.40252988e-05,-2.12094771e-03,5.09283250e-04,2.95161913e-04,5.41065165e-01,3.08163183e-05,-3.37935017e-05,8.90505961e-02,1.10330323e-06,-2.31797163e-07,-1.99302084e-03,5.12165365e-04,2.79061421e-04,-1.27926880e-04,-2.88211438e-06,1.61004921e-05
1.53900000e+03,6.30074528e-01,1.39733179e-05,-4.02815383e-05,-2.09415934e-03,5.88995836e-04,1.14553698e-04,5.41028276e-01,1.53916951e-05,-4.05480586e-05,8.90462502e-02,-1.41837722e-06,2.66520255e-07,-1.96831488e-03,5.93616567e-04,1.20220183e-04,-1.25844454e-04,-4.62073413e-06,-5.66648513e-06
1.54000000e+03,6.30119349e-01,2.74307539e-05,-3.44122070e-05,-2.12210700e-03,5.31273385e-04,2.90062880e-04,5.41068740e-01,2.66945405e-05,-3.45434985e-05,8.90506078e-02,7.36213398e-07,1.31291582e-07,-1.99430934e-03,5.36626542e-04,2.76074158e-04,-1.27797666e-04,-5.35315767e-06,1.39887224e-05
1.54100000e+03,6.30074298e-01,7.14425573e-06,-2.92402142e-05,-2.09027547e-03,4.97455752e-04,7.58988209e-05,5.41028129e-01,8.56549745e-06,-2.99308850e-05,8.90461693e-02,-1.42124170e-06,6.90670820e-07,-1.96447188e-03,5.06022857e-04,8.22147255e-05,-1.25803584e-04,-8.56710190e-06,-6.31590496e-06
1.54200000e+03,6.30119524e-01,3.49028740e-05,-3.35660204e-05,-2.12013624e-03,5.07286757e-04,3.16217832e-04,5.41069016e-01,3.36920003e-05,-3.33629678e-05,8.90505055e-02,1.21087372e-06,-2.03052629e-07,-1.99221825e-03,5.10284649e-04,2.99804450e-04,-1.27917990e-04,-2.99789034e-06,1.64133816e-05
1.54300000e+03,6.30078691e-01,1.56527432e-05,-3.91659808e-05,-2.09481944e-03,5.84852456e-04,1.24342398e-04,5.41032490e-01,1.71104090e-05,-3.94834771e-05,8.90461993e-02,-1.45766579e-06,3.17496260e-07,-1.96895737e-03,5.89730990e-04,1.30414633e-04,-1.25862064e-04,-4.87853840e-06,-6.07223485e-06
1.54400000e+03,6.30123313e-01,2.80955988e-05,-3.27800085e-05,-2.12317957e-03,5.23364114e-04,2.89576605e-04,5.41072720e-01,2.73685203e-05,-3.29242020e-05,8.90505934e-02,7.27078442e-07,1.44193553e-07,-1.99540580e-03,5.28698204e-04,2.75699605e-04,-1.27773767e-04,-5.33408879e-06,1.38770002e-05
1.54500000e+03,6.30078551e-01,7.58248676e-06,-2.82696508e-05,-2.09081083e-03,4.91662082e-04,7.22907104e-05,5.41032369e-01,8.97332875e-06,-2.89201985e-05,8.90461806e-02,-1.39084198e-06,6.50547652e-07,-1.96501008e-03,5.00241100e-04,7.85007363e-05,-1.25800758e-04,-8.57902242e-06,-6.21002614e-06
1.54600000e+03,6.30124562e-01,3.32260044e-05,-3.41204809e-05,-2.12098874e-03,5.14165504e-04,3.04763560e-04,5.41074062e-01,3.21177049e-05,-3.38757711e-05,8.90505016e-02,1.10829951e-06,-2.44709884e-07,-1.99306051e-03,5.16902704e-04,2.88562384e-04,-1.27928226e-04,-2.73720292e-06,1.62011764e-05
1.54700000e+03,6.30083359e-01,1.37370371e-05,-3.96926712e-05,-2.09456626e-03,5.88358330e-04,1.12934228e-04,5.41037185e-01,1.51815925e-05,-3.99691266e-05,8.90461728e-02,-1.44455533e-06,2.76455417e-07,-1.96868753e-03,5.93066822e-04,1.18788534e-04,-1.25878737e-04,-4.70849562e-06,-5.85430615e-06
1.54800000e+03,6.30127985e-01,2.68256078e-05,-3.44730136e-05,-2.12322539e-03,5.32548437e-04,2.83368914e-04,5.41077435e-01,2.61020583e-05,-3.46097067e-05,8.90505526e-02,7.23549419e-07,1.36693097e-07,-1.99541631e-03,5.37952081e-04,2.69600016e-04,-1.27809082e-04,-5.40364218e-06,1.37688983e-05
1.54900000e+03,6.30084086e-01,5.60235863e-06,-3.03938145e-05,-2.09114107e-03,5.04503316e-04,5.99793631e-05,5.41037928e-01,7.03922238e-06,-3.10258781e-05,8.90461592e-02,-1.43686377e-06,6.32063592e-07,-1.96533567e-03,5.13028842e-04,6.66223750e-05,-1.25805399e-04,-8.52552761e-06,-6.64301218e-06
1.55000000e+03,6.30130269e-01,3.17811409e-05,-3.43417458e-05,-2.12098824e-03,5.10120229e-04,2.90026875e-04,5.41079738e-01,3.06464127e-05,-3.41416346e-05,8.90505312e-02,1.13472818e-06,-2.00111216e-07,-1.99303341e-03,5.13309998e-04,2.74127531e-04,-1.27954831e-04,-3.18976785e-06,1.58993448e-05
1.55100000e+03,6.30088798e-01,1.27303215e-05,-4.06902410e-05,-2.09554103e-03,5.92445305e-04,1.02133790e-04,5.41042632e-01,1.41939776e-05,-4.09723574e-05,8.90461666e-02,-1.46365607e-06,2.82116403e-07,-1.96963839e-03,5.97116513e-04,1.08006367e-04,-1.25902635e-04,-4.67120702e-06,-5.87257741e-06
1.55200000e+03,6.30132864e-01,2.66650120e-05,-3.49070492e-05,-2.12353870e-03,5.31538318e-04,2.81442541e-04,5.41082356e-01,2.59265949e-05,-3.49875897e-05,8.90505102e-02,7.38417128e-07,8.05404752e-08,-1.99575848e-03,5.36653142e-04,2.67482826e-04,-1.27780219e-04,-5.11482463e-06,1.39597157e-05
1.55300000e+03,6.30088269e-01,4.97061188e-06,-2.99036112e-05,-2.09051474e-03,5.00095008e-04,5.77806020e-05,5.41042173e-01,6.39849139e-06,-3.05566461e-05,8.90460962e-02,-1.42787951e-06,6.53034841e-07,-1.96473064e-03,5.08490577e-04,6.42299027e-05,-1.25784099e-04,-8.39556973e-06,-6.44930089e-06
1.55400000e+03,6.30134237e-01,3.21242837e-05,-3.45173192e-05,-2.12056510e-03,5.16480232e-04,2.96655176e-04,5.41083780e-01,3.09702487e-05,-3.43426921e-05,8.90504565e-02,1.15403500e-06,-1.74627086e-07,-1.99260390e-03,5.19460452e-04,2.80383753e-04,-1.27961198e-04,-2.98021910e-06,1.62714234e-05
1.55500000e+03,6.30092995e-01,1.45488034e-05,-3.96791059e-05,-2.09565620e-03,5.90114121e-04,1.14749264e-04,5.41046896e-01,1.59716960e-05,-3.99959012e-05,8.90460989e-02,-1.42289252e-06,3.16795290e-07,-1.96975081e-03,5.94994076e-04,1.20752460e-04,-1.25905395e-04,-4.87995215e-06,-6.00319587e-06
1.55600000e+03,6.30137299e-01,2.75915929e-05,-3.44220168e-05,-2.12389543e-03,5.37354844e-04,2.87674531e-04,5.41086815e-01,2.69322202e-05,-3.45370973e-05,8.90504856e-02,6.59372691e-07,1.15080428e-07,-1.99608402e-03,5.42483912e-04,2.74348931e-04,-1.27811405e-04,-5.12907040e-06,1.33255992e-05
1.55700000e+03,6.30093069e-01,5.41555699e-06,-2.98621678e-05,-2.09093925e-03,5.03065716e-04,5.93024869e-05,5.41046931e-01,6.88713649e-06,-3.04776774e-05,8.90461366e-02,-1.47157949e-06,6.15509569e-07,-1.96510532e-03,5.11459408e-04,6.60406538e-05,-1.25833922e-04,-8.39369375e-06,-6.73816667e-06
1.55800000e+03,6.30139536e-01,3.16852311e-05,-3.51521135e-05,-2.12099938e-03,5.18008895e-04,2.93150963e-04,5.41089083e-01,3.05610563e-05,-3.49025030e-05,8.90504499e-02,1.12417479e-06,-2.49610523e-07,-1.99306170e-03,5.20812392e-04,2.77131810e-04,-1.27937672e-04,-2.80349718e-06,1.60191524e-05
1.55900000e+03,6.30097839e-01,1.36258270e-05,-4.17879516e-05,-2.09468998e-03,6.05816886e-04,1.15080243e-04,5.41051728e-01,1.50782403e-05,-4.20812285e-05,8.90461121e-02,-1.45241328e-06,2.93277166e-07,-1.96881865e-03,6.10449765e-04,1.20850862e-04,-1.25871334e-04,-4.63288020e-06,-5.77061816e-06
1.56000000e+03,6.30142543e-01,2.74112394e-05,-3.65355029e-05,-2.12356663e-03,5.52564459e-04,2.90375407e-04,5.41091993e-01,2.66890918e-05,-3.66540714e-05,8.90505483e-02,7.22147633e-07,1.18568547e-07,-1.99572325e-03,5.57668040e-04,2.76646794e-04,-1.27843378e-04,-5.10357798e-06,1.37286130e-05
1.56100000e+03,6.30098236e-01,5.45817921e-06,-3.18931106e-05,-2.09047250e-03,5.22520074e-04,5.96667971e-05,5.41052089e-01,6.88738251e-06,-3.25123561e-05,8.90461464e-02,-1.42920329e-06,6.19245400e-07,-1.96463689e-03,5.30825509e-04,6.64876484e-05,-1.25835615e-04,-8.30543184e-06,-6.82085139e-06
1.56200000e+03,6.30145037e-01,3.22141194e-05,-3.66050160e-05,-2.12158763e-03,5.34507076e-04,2.95537423e-04,5.41094533e-01,3.10763798e-05,-3.63953582e-05,8.90505055e-02,1.13773963e-06,-2.09657770e-07,-1.99360099e-03,5.37525348e-04,2.79383159e-04,-1.27986637e-04,-3.01827333e-06,1.61542638e-05
1.56300000e+03,6.30103849e-01,1.39965343e-05,-4.31009228e-05,-2.09617204e-03,6.15501250e-04,1.11636415e-04,5.41057668e-01,1.54129023e-05,-4.33681418e-05,8.90461837e-02,-1.41636799e-06,2.67219264e-07,-1.97023892e-03,6.20131818e-04,1.17444878e-04,-1.25933122e-04,-4.63057220e-06,-5.80846288e-06
1.56400000e+03,6.30148024e-01,2.67409480e-05,-3.69940052e-05,-2.12537924e-03,5.53862347e-04,2.83238493e-04,5.41097525e-01,2.60513271e-05,-3.71114355e-05,8.90504993e-02,6.89620851e-07,1.17430298e-07,-1.99758158e-03,5.59038250e-04,2.69531006e-04,-1.27797666e-04,-5.17590124e-06,1.37074864e-05
1.56500000e+03,6.30102348e-01,5.95773241e-06,-3.10275190e-05,-2.09240692e-03,5.12864767e-04,6.69461219e-05,5.41056268e-01,7.42639641e-06,-3.17301815e-05,8.90460802e-02,-1.46866400e-06,7.02662384e-07,-1.96661359e-03,5.21728923e-04,7.36549181e-05,-1.25793331e-04,-8.86415556e-06,-6.70879601e-06
1.56600000e+03,6.30147740e-01,3.25301988e-05,-3.67807955e-05,-2.12147292e-03,5.30386746e-04,3.01252001e-04,5.41097283e-01,3.14240468e-05,-3.65485253e-05,8.90504545e-02,1.10615199e-06,-2.32270139e-07,-1.99352553e-03,5.33408228e-04,2.85433493e-04,-1.27947393e-04,-3.02148165e-06,1.58185081e-05
1.56700000e+03,6.30106826e-01,1.45378601e-05,-4.21027554e-05,-2.09469632e-03,6.08098954e-04,1.23005847e-04,5.41060644e-01,1.60115437e-05,-4.24363737e-05,8.90461794e-02,-1.47368360e-06,3.33618363e-07,-1.96874563e-03,6.12996342e-04,1.28992243e-04,-1.25950687e-04,-4.89738815e-06,-5.98639565e-06
1.56800000e+03,6.30152533e-01,2.72733090e-05,-3.62846090e-05,-2.12471129e-03,5.49658729e-04,2.89507748e-04,5.41101940e-01,2.65403741e-05,-3.63984390e-05,8.90505938e-02,7.32934827e-07,1.13830037e-07,-1.99684434e-03,5.54809471e-04,2.75814721e-04,-1.27866944e-04,-5.15074324e-06,1.36930267e-05
1.56900000e+03,6.30107907e-01,7.09122501e-06,-3.13453609e-05,-2.09352566e-03,5.19058263e-04,7.27739844e-05,5.41061726e-01,8.51965612e-06,-3.19857707e-05,8.90461825e-02,-1.42843111e-06,6.40409839e-07,-1.96768460e-03,5.27286538e-04,7.94905992e-05,-1.25841051e-04,-8.22827511e-06,-6.71661449e-06
1.57000000e+03,6.30153556e-01,3.39396637e-05,-3.58666017e-05,-2.12357562e-03,5.31027578e-04,3.12050872e-04,5.41103065e-01,3.28483680e-05,-3.56815121e-05,8.90504911e-02,1.09129568e-06,-1.85089665e-07,-1.99561933e-03,5.34102023e-04,2.96062213e-04,-1.27956299e-04,-3.07444185e-06,1.59886593e-05
1.57100000e+03,6.30112525e-01,1.56434852e-05,-4.29597624e-05,-2.09579576e-03,6.14398569e-04,1.30401447e-04,5.41066367e-01,1.70891062e-05,-4.32065714e-05,8.90461557e-02,-1.44562103e-06,2.46809208e-07,-1.96993818e-03,6.19141559e-04,1.36274296e-04,-1.25857575e-04,-4.74299013e-06,-5.87284920e-06
1.57200000e+03,6.30157314e-01,2.84596484e-05,-3.74880137e-05,-2.12342639e-03,5.60471342e-04,3.03774569e-04,5.41106780e-01,2.77848182e-05,-3.76191658e-05,8.90505382e-02,6.74830104e-07,1.31152079e-07,-1.99562270e-03,5.65574004e-04,2.90166218e-04,-1.27803689e-04,-5.10266584e-06,1.36083514e-05
1.57300000e+03,6.30112486e-01,7.52587571e-06,-3.34267668e-05,-2.09103333e-03,5.34872846e-04,8.49724036e-05,5.41066375e-01,8.99640952e-06,-3.40934659e-05,8.90461133e-02,-1.47053382e-06,6.66699110e-07,-1.96520657e-03,5.43377452e-04,9.17849791e-05,-1.25826756e-04,-8.50460853e-06,-6.81257589e-06
1.57400000e+03,6.30158217e-01,3.44200620e-05,-3.67843253e-05,-2.12140237e-03,5.37231155e-04,3.18920272e-04,5.41107741e-01,3.32896744e-05,-3.65971761e-05,8.90504755e-02,1.13038756e-06,-1.87149215e-07,-1.99339576e-03,5.40276339e-04,3.03174300e-04,-1.28006616e-04,-3.04518476e-06,1.57459717e-05
1.57500000e+03,6.30117407e-01,1.58014152e-05,-4.22594150e-05,-2.09705457e-03,6.16491562e-04,1.34530047e-04,5.41071226e-01,1.72798550e-05,-4.25553172e-05,8.90461779e-02,-1.47843972e-06,2.95902195e-07,-1.97110387e-03,6.21194651e-04,1.40714450e-04,-1.25950702e-04,-4.70309285e-06,-6.18440315e-06
1.57600000e+03,6.30161944e-01,2.91482425e-05,-3.64831870e-05,-2.12578908e-03,5.55846905e-04,3.05496756e-04,5.41111421e-01,2.84287945e-05,-3.65844830e-05,8.90505226e-02,7.19447981e-07,1.01296011e-07,-1.99796856e-03,5.60947195e-04,2.91912426e-04,-1.27820518e-04,-5.10028825e-06,1.35843298e-05
1.57700000e+03,6.30118034e-01,8.72897486e-06,-3.21058958e-05,-2.09207872e-03,5.25944922e-04,8.82099979e-05,5.41071903e-01,1.01599819e-05,-3.27567186e-05,8.90461296e-02,-1.43100698e-06,6.50822789e-07,-1.96623738e-03,5.34342568e-04,9.48269274e-05,-1.25841341e-04,-8.39764382e-06,-6.61692973e-06
1.57800000e+03,6.30164426e-01,3.45347068e-05,-3.83488182e-05,-2.12187591e-03,5.47811349e-04,3.22027542e-04,5.41113950e-01,3.34638667e-05,-3.81195676e-05,8.90504755e-02,1.07084009e-06,-2.29250658e-07,-1.99389702e-03,5.50919722e-04,3.06227161e-04,-1.27978895e-04,-3.10837213e-06,1.58003816e-05
1.57900000e+03,6.30121776e-01,1.68788954e-05,-4.24813889e-05,-2.09542035e-03,6.12091720e-04,1.41741146e-04,5.41075696e-01,1.83202567e-05,-4.28138343e-05,8.90460806e-02,-1.44136137e-06,3.32445429e-07,-1.96949763e-03,6.17137797e-04,1.47929791e-04,-1.25922724e-04,-5.04607981e-06,-6.18864567e-06
1.58000000e+03,6.30166064e-01,2.97405043e-05,-3.68037972e-05,-2.12501071e-03,5.52827427e-04,3.10331845e-04,5.41115595e-01,2.91122859e-05,-3.69027324e-05,8.90504709e-02,6.28218431e-07,9.89351912e-08,-1.99714584e-03,5.57900649e-04,2.97318115e-04,-1.27864868e-04,-5.07322471e-06,1.30137311e-05
1.58100000e+03,6.30121694e-01,7.72503430e-06,-3.28236547e-05,-2.09231626e-03,5.24834763e-04,8.03556135e-05,5.41075583e-01,9.20561626e-06,-3.34166741e-05,8.90461110e-02,-1.48058198e-06,5.93019366e-07,-1.96645219e-03,5.32958868e-04,8.72838452e-05,-1.25864065e-04,-8.12410318e-06,-6.92823188e-06
1.58200000e+03,6.30167713e-01,3.51633040e-05,-3.76267987e-05,-2.12195297e-03,5.41262781e-04,3.22672712e-04,5.41117319e-01,3.40559988e-05,-3.73939436e-05,8.90503966e-02,1.10730522e-06,-2.32855131e-07,-1.99398907e-03,5.43895559e-04,3.06869769e-04,-1.27963909e-04,-2.63277958e-06,1.58029426e-05
1.58300000e+03,6.30126557e-01,1.69323841e-05,-4.34555389e-05,-2.09624242e-03,6.22178209e-04,1.44046453e-04,5.41080481e-01,1.84290379e-05,-4.37473542e-05,8.90460798e-02,-1.49665382e-06,2.91815464e-07,-1.97031665e-03,6.26851324e-04,1.50279259e-04,-1.25925769e-04,-4.67311769e-06,-6.23280558e-06
1.58400000e+03,6.30170989e-01,3.04444076e-05,-3.68483507e-05,-2.12424427e-03,5.59134123e-04,3.14609360e-04,5.41120478e-01,2.97178281e-05,-3.69669939e-05,8.90505105e-02,7.26579544e-07,1.18643188e-07,-1.99639445e-03,5.64163510e-04,3.01061051e-04,-1.27849824e-04,-5.02938555e-06,1.35483085e-05
1.58500000e+03,6.30126725e-01,8.97670110e-06,-3.16558398e-05,-2.09185997e-03,5.23164744e-04,8.80336120e-05,5.41080602e-01,1.04989447e-05,-3.22848991e-05,8.90461211e-02,-1.52224357e-06,6.29059237e-07,-1.96598973e-03,5.31502308e-04,9.55371346e-05,-1.25870233e-04,-8.33756158e-06,-7.50352260e-06
1.58600000e+03,6.30173234e-01,3.40082956e-05,-3.62605407e-05,-2.12291182e-03,5.31846234e-04,3.12456986e-04,5.41122761e-01,3.29402354e-05,-3.60368924e-05,8.90504744e-02,1.06806020e-06,-2.23648292e-07,-1.99491004e-03,5.34884196e-04,2.96776764e-04,-1.28001782e-04,-3.03796172e-06,1.56802220e-05
1.58700000e+03,6.30131872e-01,1.65936222e-05,-4.26079971e-05,-2.09710787e-03,6.13920694e-04,1.39110576e-04,5.41085721e-01,1.80539955e-05,-4.28719082e-05,8.90461506e-02,-1.46037328e-06,2.63911081e-07,-1.97116735e-03,6.18490909e-04,1.45219907e-04,-1.25940522e-04,-4.57021696e-06,-6.10933184e-06
1.58800000e+03,6.30176152e-01,2.86712763e-05,-3.73730537e-05,-2.12514071e-03,5.59395393e-04,3.08608043e-04,5.41125691e-01,2.80456313e-05,-3.74774453e-05,8.90504600e-02,6.25645056e-07,1.04391605e-07,-1.99731110e-03,5.64348973e-04,2.95316229e-04,-1.27829612e-04,-4.95357795e-06,1.32918139e-05
1.58900000e+03,6.30132140e-01,8.35909709e-06,-3.29069715e-05,-2.09176250e-03,5.29295445e-04,9.22957506e-05,5.41086056e-01,9.84016258e-06,-3.35439095e-05,8.90460818e-02,-1.48106549e-06,6.36938019e-07,-1.96593703e-03,5.37687352e-04,9.92797495e-05,-1.25825473e-04,-8.39190560e-06,-6.98399870e-06
1.59000000e+03,6.30178540e-01,3.47563659e-05,-3.75987828e-05,-2.12106997e-03,5.42667396e-04,3.23029925e-04,5.41128083e-01,3.36462228e-05,-3.73557583e-05,8.90504557e-02,1.11014306e-06,-2.43024513e-07,-1.99305831e-03,5.45326740e-04,3.07493740e-04,-1.28011654e-04,-2.65934128e-06,1.55361856e-05
1.59100000e+03,6.30136995e-01,1.66499159e-05,-4.26856598e-05,-2.09557461e-03,6.17027997e-04,1.43470375e-04,5.41090903e-01,1.81198630e-05,-4.30127057e-05,8.90460927e-02,-1.46994709e-06,3.27046016e-07,-1.96961651e-03,6.21878633e-04,1.49690231e-04,-1.25958095e-04,-4.85063810e-06,-6.21985603e-06
1.59200000e+03,6.30181505e-01,3.00662570e-05,-3.72339006e-05,-2.12507353e-03,5.60050129e-04,3.15154010e-04,5.41131028e-01,2.93880085e-05,-3.73336198e-05,8.90504759e-02,6.78248478e-07,9.97192184e-08,-1.99718362e-03,5.65134658e-04,3.01862882e-04,-1.27889906e-04,-5.08452680e-06,1.32911288e-05
1.59300000e+03,6.30136299e-01,9.01784405e-06,-3.20380616e-05,-2.09287702e-03,5.24418875e-04,9.14345138e-05,5.41090219e-01,1.04877398e-05,-3.26809599e-05,8.90460818e-02,-1.46989574e-06,6.42898315e-07,-1.96698661e-03,5.32849861e-04,9.85181152e-05,-1.25890408e-04,-8.43098536e-06,-7.08360156e-06
1.59400000e+03,6.30182178e-01,3.43398512e-05,-3.62622542e-05,-2.12274482e-03,5.34243140e-04,3.20289125e-04,5.41131822e-01,3.33160486e-05,-3.60667002e-05,8.90503538e-02,1.02380258e-06,-1.95554085e-07,-1.99478132e-03,5.37226336e-04,3.04845462e-04,-1.27963496e-04,-2.98319390e-06,1.54436632e-05
1.59500000e+03,6.30141103e-01,1.62938694e-05,-4.22143718e-05,-2.09497418e-03,6.11511202e-04,1.41203979e-04,5.41095050e-01,1.77939589e-05,-4.24535733e-05,8.90460499e-02,-1.50008944e-06,2.39201304e-07,-1.96902429e-03,6.15984543e-04,1.47574958e-04,-1.25949893e-04,-4.47334123e-06,-6.37097910e-06
1.59600000e+03,6.30186021e-01,2.97767851e-05,-3.79115508e-05,-2.12419259e-03,5.62545515e-04,3.13370344e-04,5.41135576e-01,2.90855619e-05,-3.79641100e-05,8.90504425e-02,6.91223269e-07,5.25592281e-08,-1.99630703e-03,5.67384154e-04,3.00019749e-04,-1.27885562e-04,-4.83863960e-06,1.33505952e-05
1.59700000e+03,6.30141158e-01,8.57992239e-06,-3.32718143e-05,-2.09210834e-03,5.29189905e-04,9.08785340e-05,5.41095105e-01,1.00986080e-05,-3.38960025e-05,8.90460530e-02,-1.51868564e-06,6.24188222e-07,-1.96619049e-03,5.37610202e-04,9.82019161e-05,-1.25917852e-04,-8.42029809e-06,-7.32338191e-06
1.59800000e+03,6.30187585e-01,3.45108543e-05,-3.75577338e-05,-2.12367608e-03,5.39509304e-04,3.16344245e-04,5.41137187e-01,3.34054552e-05,-3.73358713e-05,8.90504001e-02,1.10539918e-06,-2.21862499e-07,-1.99564702e-03,5.42160401e-04,3.00831338e-04,-1.28029057e-04,-2.65109596e-06,1.55129060e-05
1.59900000e+03,6.30146371e-01,1.70778138e-05,-4.29724554e-05,-2.09762953e-03,6.17823524e-04,1.42386374e-04,5.41100275e-01,1.85854522e-05,-4.32293821e-05,8.90460966e-02,-1.50763830e-06,2.56926705e-07,-1.97168217e-03,6.22213402e-04,1.48837149e-04,-1.25947362e-04,-4.38988147e-06,-6.45077460e-06
1.60000000e+03,6.30191141e-01,2.98248754e-05,-3.67983781e-05,-2.12525286e-03,5.59802090e-04,3.11225601e-04,5.41140700e-01,2.91637962e-05,-3.69114947e-05,8.90504409e-02,6.61079262e-07,1.13116554e-07,-1.99739427e-03,5.64703330e-04,2.98048775e-04,-1.27858597e-04,-4.90123785e-06,1.31768260e-05
1.60100000e+03,6.30145706e-01,8.74879424e-06,-3.18127761e-05,-2.09257732e-03,5.25077146e-04,8.97930332e-05,5.41099688e-01,1.02204729e-05,-3.24310590e-05,8.90460187e-02,-1.47167869e-06,6.18282877e-07,-1.96670100e-03,5.33279632e-04,9.67991409e-05,-1.25876327e-04,-8.20248926e-06,-7.00610793e-06
1.60200000e+03,6.30191476e-01,3.45259296e-05,-3.80236684e-05,-2.12288466e-03,5.44053176e-04,3.20983995e-04,5.41141104e-01,3.34959656e-05,-3.77648958e-05,8.90503705e-02,1.02996403e-06,-2.58772587e-07,-1.99486309e-03,5.46896043e-04,3.05612893e-04,-1.28021566e-04,-2.84286687e-06,1.53711015e-05
1.60300000e+03,6.30150253e-01,1.74403137e-05,-4.28722097e-05,-2.09626164e-03,6.13611401e-04,1.46636958e-04,5.41104224e-01,1.88991037e-05,-4.31496164e-05,8.90460265e-02,-1.45878997e-06,2.77406935e-07,-1.97031898e-03,6.18336131e-04,1.53026460e-04,-1.25942657e-04,-4.72473029e-06,-6.38950187e-06
1.60400000e+03,6.30194938e-01,2.96409938e-05,-3.71746599e-05,-2.12449233e-03,5.56314418e-04,3.12633990e-04,5.41144559e-01,2.90123666e-05,-3.72503377e-05,8.90503806e-02,6.28627214e-07,7.56778556e-08,-1.99661319e-03,5.60973114e-04,2.99659792e-04,-1.27879139e-04,-4.65869755e-06,1.29741982e-05
1.60500000e+03,6.30150343e-01,8.73446484e-06,-3.30946931e-05,-2.09142804e-03,5.31308481e-04,9.21964408e-05,5.41104313e-01,1.02416851e-05,-3.37380688e-05,8.90460308e-02,-1.50722021e-06,6.43375676e-07,-1.96551719e-03,5.39639353e-04,9.94143151e-05,-1.25910847e-04,-8.33087199e-06,-7.21787408e-06
1.60600000e+03,6.30196953e-01,3.45584469e-05,-3.71533585e-05,-2.12197499e-03,5.40049795e-04,3.22239319e-04,5.41146609e-01,3.35344166e-05,-3.69395613e-05,8.90503433e-02,1.02403036e-06,-2.13797236e-07,-1.99393948e-03,5.42953253e-04,3.07032218e-04,-1.28035514e-04,-2.90346237e-06,1.52071009e-05
1.60700000e+03,6.30156284e-01,1.58367991e-05,-4.24124640e-05,-2.09601107e-03,6.14819296e-04,1.39996666e-04,5.41110254e-01,1.73776046e-05,-4.26695312e-05,8.90460308e-02,-1.54080550e-06,2.57066993e-07,-1.97004202e-03,6.19208080e-04,1.46619273e-04,-1.25969047e-04,-4.38878223e-06,-6.62260721e-06
1.60800000e+03,6.30200847e-01,2.91394773e-05,-3.78474707e-05,-2.12417651e-03,5.62504997e-04,3.12314195e-04,5.41150418e-01,2.84772911e-05,-3.78895074e-05,8.90504277e-02,6.62186241e-07,4.20367413e-08,-1.99626744e-03,5.67204113e-04,2.99146165e-04,-1.27909074e-04,-4.69911971e-06,1.31680296e-05
1.60900000e+03,6.30155564e-01,8.10580812e-06,-3.39165932e-05,-2.09180220e-03,5.40003125e-04,8.69665052e-05,5.41109550e-01,9.60615667e-06,-3.45096701e-05,8.90460141e-02,-1.50034856e-06,5.93076853e-07,-1.96589299e-03,5.47915849e-04,9.45036526e-05,-1.25909213e-04,-7.91272145e-06,-7.53714765e-06
1.61000000e+03,6.30201906e-01,3.45534833e-05,-3.83924356e-05,-2.12263284e-03,5.51874272e-04,3.21390311e-04,5.41151573e-01,3.35241968e-05,-3.81548743e-05,8.90503328e-02,1.02928651e-06,-2.37561238e-07,-1.99461909e-03,5.54426831e-04,3.06256825e-04,-1.28013742e-04,-2.55255670e-06,1.51334856e-05
1.61100000e+03,6.30160065e-01,1.71761102e-05,-4.37157658e-05,-2.09730301e-03,6.25698156e-04,1.45367301e-04,5.41114055e-01,1.86634727e-05,-4.39636926e-05,8.90460106e-02,-1.48736255e-06,2.47926867e-07,-1.97133528e-03,6.30142635e-04,1.51882427e-04,-1.25967733e-04,-4.44447881e-06,-6.51512566e-06
1.61200000e+03,6.30203933e-01,3.04607020e-05,-3.71251070e-05,-2.12519336e-03,5.63646541e-04,3.19361672e-04,5.41153588e-01,2.98365721e-05,-3.72276031e-05,8.90503440e-02,6.24129945e-07,1.02496140e-07,-1.99731409e-03,5.68450396e-04,3.06559471e-04,-1.27879270e-04,-4.80385228e-06,1.28022013e-05
1.61300000e+03,6.30159229e-01,9.28871564e-06,-3.21413581e-05,-2.09218684e-03,5.27685570e-04,9.90547410e-05,5.41113257e-01,1.08256140e-05,-3.27731168e-05,8.90459725e-02,-1.53689833e-06,6.31758632e-07,-1.96632123e-03,5.36006022e-04,1.06493686e-04,-1.25865619e-04,-8.32045057e-06,-7.43894546e-06
1.61400000e+03,6.30205403e-01,3.53098794e-05,-3.69195785e-05,-2.12324638e-03,5.38965691e-04,3.25872349e-04,5.41155071e-01,3.42267600e-05,-3.66672678e-05,8.90503304e-02,1.08311940e-06,-2.52310711e-07,-1.99517939e-03,5.41578638e-04,3.10552350e-04,-1.28067000e-04,-2.61294796e-06,1.53199992e-05
1.61500000e+03,6.30164305e-01,1.66562559e-05,-4.22208014e-05,-2.09676748e-03,6.15023962e-04,1.41836922e-04,5.41118287e-01,1.82005763e-05,-4.24645488e-05,8.90460149e-02,-1.54432040e-06,2.43747302e-07,-1.97078321e-03,6.19359185e-04,1.48664627e-04,-1.25984270e-04,-4.33522318e-06,-6.82770506e-06
1.61600000e+03,6.30209048e-01,3.05049570e-05,-3.79108081e-05,-2.12494562e-03,5.68020906e-04,3.19123323e-04,5.41158642e-01,2.98404737e-05,-3.79823620e-05,8.90504047e-02,6.64483289e-07,7.15538703e-08,-1.99706110e-03,5.72726296e-04,3.05969589e-04,-1.27884528e-04,-4.70539071e-06,1.31537334e-05
1.61700000e+03,6.30164056e-01,8.41677417e-06,-3.28563262e-05,-2.09156397e-03,5.33778671e-04,9.03929584e-05,5.41118046e-01,9.95754907e-06,-3.34930908e-05,8.90460102e-02,-1.54077487e-06,6.36764603e-07,-1.96564828e-03,5.42125271e-04,9.79506303e-05,-1.25915690e-04,-8.34659682e-06,-7.55767186e-06
1.61800000e+03,6.30210519e-01,3.36937519e-05,-3.81015733e-05,-2.12129700e-03,5.48969525e-04,3.18255721e-04,5.41160206e-01,3.27340514e-05,-3.78533633e-05,8.90503125e-02,9.59700478e-07,-2.48210010e-07,-1.99327991e-03,5.51667534e-04,3.03389674e-04,-1.28017085e-04,-2.69801043e-06,1.48660473e-05
1.61900000e+03,6.30169445e-01,1.63479402e-05,-4.35797336e-05,-2.09488698e-03,6.24939996e-04,1.44455196e-04,5.41123450e-01,1.78640395e-05,-4.38102164e-05,8.90459954e-02,-1.51609935e-06,2.30482956e-07,-1.96889190e-03,6.29190974e-04,1.51133015e-04,-1.25995080e-04,-4.25097580e-06,-6.67781844e-06
1.62000000e+03,6.30213623e-01,2.96121876e-05,-3.85602502e-05,-2.12328299e-03,5.71223363e-04,3.19692679e-04,5.41163283e-01,2.90046427e-05,-3.86465186e-05,8.90503386e-02,6.07544974e-07,8.62684157e-08,-1.99534588e-03,5.76088971e-04,3.06854750e-04,-1.27937110e-04,-4.86561073e-06,1.28379285e-05
1.62100000e+03,6.30169410e-01,9.16163258e-06,-3.43531133e-05,-2.09076759e-03,5.40894997e-04,1.02199024e-04,5.41123442e-01,1.07226198e-05,-3.49480498e-05,8.90459678e-02,-1.56098721e-06,5.94936575e-07,-1.96483873e-03,5.49084242e-04,1.09958119e-04,-1.25928867e-04,-8.18924185e-06,-7.75909401e-06
1.62200000e+03,6.30215825e-01,3.62493270e-05,-3.83106053e-05,-2.12170327e-03,5.49749019e-04,3.37148228e-04,5.41165555e-01,3.51742068e-05,-3.80737380e-05,8.90502709e-02,1.07512023e-06,-2.36867282e-07,-1.99364779e-03,5.52278090e-04,3.22043517e-04,-1.28055481e-04,-2.52906955e-06,1.51047109e-05
1.62300000e+03,6.30174024e-01,1.85603548e-05,-4.43027865e-05,-2.09572960e-03,6.30469867e-04,1.60353109e-04,5.41128076e-01,2.00690542e-05,-4.45188051e-05,8.90459495e-02,-1.50869944e-06,2.16018575e-07,-1.96975754e-03,6.34593100e-04,1.67058424e-04,-1.25972054e-04,-4.12323188e-06,-6.70531390e-06
1.62400000e+03,6.30218113e-01,3.23660056e-05,-3.83495152e-05,-2.12380767e-03,5.69449792e-04,3.35347900e-04,5.41167812e-01,3.17160883e-05,-3.84300754e-05,8.90503028e-02,6.49917327e-07,8.05601187e-08,-1.99591196e-03,5.74358535e-04,3.22449692e-04,-1.27895711e-04,-4.90874247e-06,1.28982081e-05
1.62500000e+03,6.30173405e-01,1.16264386e-05,-3.24408818e-05,-2.09055254e-03,5.29162283e-04,1.11277502e-04,5.41127496e-01,1.31073903e-05,-3.30977757e-05,8.90459122e-02,-1.48095172e-06,6.56893855e-07,-1.96463587e-03,5.37601152e-04,1.18731385e-04,-1.25916666e-04,-8.43887280e-06,-7.45388356e-06
1.62600000e+03,6.30219303e-01,3.61295286e-05,-3.76332255e-05,-2.12277841e-03,5.42084485e-04,3.33904477e-04,5.41169056e-01,3.51425169e-05,-3.73745067e-05,8.90502444e-02,9.87011650e-07,-2.58718780e-07,-1.99470396e-03,5.44751479e-04,3.18898263e-04,-1.28074452e-04,-2.66699485e-06,1.50062142e-05
1.62700000e+03,6.30177964e-01,1.83900841e-05,-4.16968786e-05,-2.09682377e-03,6.08479206e-04,1.58405095e-04,5.41132044e-01,1.99367544e-05,-4.19652818e-05,8.90459211e-02,-1.54667027e-06,2.68403137e-07,-1.97083252e-03,6.12992778e-04,1.65332522e-04,-1.25991242e-04,-4.51357443e-06,-6.92742750e-06
1.62800000e+03,6.30222696e-01,3.03974384e-05,-3.70385521e-05,-2.12487505e-03,5.58669805e-04,3.23334580e-04,5.41172394e-01,2.98118346e-05,-3.71143679e-05,8.90503005e-02,5.85603795e-07,7.58158089e-08,-1.99697398e-03,5.63358879e-04,3.10718023e-04,-1.27901074e-04,-4.68907388e-06,1.26165570e-05
1.62900000e+03,6.30177976e-01,9.98366847e-06,-3.27050677e-05,-2.09213142e-03,5.28661941e-04,1.03888192e-04,5.41132028e-01,1.14867638e-05,-3.33243016e-05,8.90459472e-02,-1.50309527e-06,6.19233900e-07,-1.96621529e-03,5.36834783e-04,1.11409238e-04,-1.25916133e-04,-8.17284024e-06,-7.52104526e-06
1.63000000e+03,6.30223816e-01,3.60577782e-05,-3.70978162e-05,-2.12149982e-03,5.41532503e-04,3.34387820e-04,5.41173562e-01,3.50432259e-05,-3.68652556e-05,8.90502534e-02,1.01455230e-06,-2.32560550e-07,-1.99344447e-03,5.44114016e-04,3.19484677e-04,-1.28055352e-04,-2.58151101e-06,1.49031433e-05
1.63100000e+03,6.30182960e-01,1.76870627e-05,-4.18862587e-05,-2.09580479e-03,6.14601714e-04,1.56098679e-04,5.41137000e-01,1.92455090e-05,-4.21586694e-05,8.90459584e-02,-1.55844624e-06,2.72410509e-07,-1.96977814e-03,6.19117376e-04,1.62864418e-04,-1.26026653e-04,-4.51566288e-06,-6.76573868e-06
1.63200000e+03,6.30227162e-01,3.16109002e-05,-3.69392059e-05,-2.12417748e-03,5.61373475e-04,3.30414190e-04,5.41176841e-01,3.09704422e-05,-3.70150931e-05,8.90503211e-02,6.40458048e-07,7.58871960e-08,-1.99621967e-03,5.66140541e-04,3.17657812e-04,-1.27957805e-04,-4.76706408e-06,1.27563779e-05
1.63300000e+03,6.30182816e-01,9.74873984e-06,-3.31370997e-05,-2.09152702e-03,5.34331947e-04,1.01610926e-04,5.41136891e-01,1.13073738e-05,-3.37462525e-05,8.90459254e-02,-1.55863393e-06,6.09152741e-07,-1.96556997e-03,5.42577927e-04,1.09522983e-04,-1.25957058e-04,-8.24598037e-06,-7.91205727e-06
1.63400000e+03,6.30228698e-01,3.58993587e-05,-3.69584239e-05,-2.12178189e-03,5.37388928e-04,3.33048365e-04,5.41178467e-01,3.48971724e-05,-3.67075693e-05,8.90502328e-02,1.00218628e-06,-2.50854553e-07,-1.99371340e-03,5.40149519e-04,3.18172063e-04,-1.28068490e-04,-2.76059065e-06,1.48763023e-05
1.63500000e+03,6.30187476e-01,1.89075828e-05,-4.20664919e-05,-2.09530935e-03,6.11801276e-04,1.59915583e-04,5.41141563e-01,2.03953663e-05,-4.22817487e-05,8.90459118e-02,-1.48778342e-06,2.15256467e-07,-1.96931918e-03,6.15905014e-04,1.66626703e-04,-1.25990176e-04,-4.10373619e-06,-6.71111908e-06
1.63600000e+03,6.30231593e-01,3.29599553e-05,-3.76946602e-05,-2.12354143e-03,5.63972363e-04,3.41901283e-04,5.41181362e-01,3.23464391e-05,-3.77650013e-05,8.90502328e-02,6.13516178e-07,7.03411276e-08,-1.99560692e-03,5.68685772e-04,3.29109428e-04,-1.27934506e-04,-4.71340817e-06,1.27918557e-05
1.63700000e+03,6.30186815e-01,1.12469240e-05,-3.30934643e-05,-2.09135206e-03,5.30262994e-04,1.16347272e-04,5.41140972e-01,1.28470546e-05,-3.36845870e-05,8.90458421e-02,-1.60013066e-06,5.91122767e-07,-1.96538630e-03,5.38445386e-04,1.24311775e-04,-1.25965761e-04,-8.18239352e-06,-7.96450294e-06
1.63800000e+03,6.30232842e-01,3.66147147e-05,-3.72174096e-05,-2.12204030e-03,5.37015236e-04,3.42276042e-04,5.41182649e-01,3.56201058e-05,-3.69705174e-05,8.90501900e-02,9.94608911e-07,-2.46892264e-07,-1.99393869e-03,5.39725174e-04,3.27536367e-04,-1.28101617e-04,-2.70993573e-06,1.47396749e-05
1.63900000e+03,6.30191904e-01,1.67872367e-05,-4.14410380e-05,-2.09580163e-03,6.06011564e-04,1.53192840e-04,5.41146010e-01,1.83666086e-05,-4.17383983e-05,8.90458931e-02,-1.57937194e-06,2.97360375e-07,-1.96979135e-03,6.10601367e-04,1.60226118e-04,-1.26010282e-04,-4.58980312e-06,-7.03327841e-06
1.64000000e+03,6.30237016e-01,3.03116905e-05,-3.54184744e-05,-2.12516689e-03,5.45472759e-04,3.24626013e-04,5.41186777e-01,2.96970063e-05,-3.55072939e-05,8.90502374e-02,6.14684193e-07,8.88194799e-08,-1.99721409e-03,5.50195466e-04,3.12103173e-04,-1.27952809e-04,-4.72270542e-06,1.25228402e-05
1.64100000e+03,6.30192191e-01,1.01028101e-05,-3.06272120e-05,-2.09248264e-03,5.13350000e-04,1.02861226e-04,5.41146333e-01,1.16034591e-05,-3.11935998e-05,8.90458581e-02,-1.50064901e-06,5.66387810e-07,-1.96653023e-03,5.21172983e-04,1.10649492e-04,-1.25952410e-04,-7.82298241e-06,-7.78826602e-06
1.64200000e+03,6.30237646e-01,3.54085522e-05,-3.51639720e-05,-2.12258724e-03,5.25077783e-04,3.27681366e-04,5.41187505e-01,3.44154869e-05,-3.48876681e-05,8.90501425e-02,9.93065276e-07,-2.76303936e-07,-1.99451905e-03,5.27377829e-04,3.12894000e-04,-1.28068196e-04,-2.30004592e-06,1.47873663e-05
1.64300000e+03,6.30196187e-01,1.74000365e-05,-4.17645862e-05,-2.09613976e-03,6.08172316e-04,1.49019192e-04,5.41150363e-01,1.89512318e-05,-4.19816831e-05,8.90458246e-02,-1.55119533e-06,2.17097091e-07,-1.97012295e-03,6.12460165e-04,1.56122999e-04,-1.26016812e-04,-4.28784732e-06,-7.10380666e-06
1.64400000e+03,6.30240902e-01,3.02957765e-05,-3.69218437e-05,-2.12501917e-03,5.56655062e-04,3.19900173e-04,5.41190710e-01,2.97221161e-05,-3.69955198e-05,8.90501923e-02,5.73660371e-07,7.36760147e-08,-1.99707861e-03,5.61375191e-04,3.07399465e-04,-1.27940555e-04,-4.72012687e-06,1.25007087e-05
1.64500000e+03,6.30196409e-01,9.33642390e-06,-3.22024052e-05,-2.09081349e-03,5.24811503e-04,9.80530476e-05,5.41150577e-01,1.08916471e-05,-3.28176783e-05,8.90458293e-02,-1.55522323e-06,6.15273024e-07,-1.96484053e-03,5.32942908e-04,1.05983957e-04,-1.25972958e-04,-8.13140420e-06,-7.93090926e-06
1.64600000e+03,6.30242194e-01,3.52145592e-05,-3.62685943e-05,-2.12233906e-03,5.31178363e-04,3.26705439e-04,5.41192107e-01,3.41952168e-05,-3.59910758e-05,8.90500873e-02,1.01934251e-06,-2.77518447e-07,-1.99422717e-03,5.33556824e-04,3.11884513e-04,-1.28111891e-04,-2.37845984e-06,1.48209257e-05
1.64700000e+03,6.30200501e-01,1.83358963e-05,-4.22392296e-05,-2.09697042e-03,6.12278204e-04,1.56431807e-04,5.41154713e-01,1.98408805e-05,-4.24408589e-05,8.90457892e-02,-1.50498420e-06,2.01629282e-07,-1.97093094e-03,6.16213431e-04,1.63116710e-04,-1.26039479e-04,-3.93522497e-06,-6.68490281e-06
1.64800000e+03,6.30244497e-01,3.24762103e-05,-3.72094587e-05,-2.12538054e-03,5.59841266e-04,3.35585031e-04,5.41194348e-01,3.18821052e-05,-3.72678802e-05,8.90501468e-02,5.94105204e-07,5.84215039e-08,-1.99742183e-03,5.64451975e-04,3.22996303e-04,-1.27958710e-04,-4.61070588e-06,1.25887287e-05
1.64900000e+03,6.30200521e-01,1.09362507e-05,-3.06430140e-05,-2.09253363e-03,5.15125516e-04,1.10657615e-04,5.41154717e-01,1.25006471e-05,-3.12580179e-05,8.90458071e-02,-1.56439639e-06,6.15003952e-07,-1.96657222e-03,5.23061149e-04,1.18551811e-04,-1.25961416e-04,-7.93563355e-06,-7.89419620e-06
1.65000000e+03,6.30247108e-01,3.45838438e-05,-3.63436597e-05,-2.12305812e-03,5.33789117e-04,3.28021329e-04,5.41196966e-01,3.36555336e-05,-3.60441692e-05,8.90501425e-02,9.28310105e-07,-2.99490500e-07,-1.99497474e-03,5.36086917e-04,3.13339569e-04,-1.28083380e-04,-2.29779682e-06,1.46817598e-05
1.65100000e+03,6.30205189e-01,1.68692523e-05,-4.17725781e-05,-2.09664908e-03,6.08432488e-04,1.50966200e-04,5.41159401e-01,1.84026332e-05,-4.20151992e-05,8.90457896e-02,-1.53338086e-06,2.42621202e-07,-1.97060784e-03,6.12888429e-04,1.57966519e-04,-1.26041238e-04,-4.45594228e-06,-7.00031890e-06
1.65200000e+03,6.30249430e-01,3.12817223e-05,-3.70971872e-05,-2.12523781e-03,5.56026931e-04,3.31434053e-04,5.41199308e-01,3.06775472e-05,-3.71202485e-05,8.90501219e-02,6.04175124e-07,2.30613468e-08,-1.99728854e-03,5.60439641e-04,3.18899842e-04,-1.27949277e-04,-4.41270687e-06,1.25342119e-05
1.65300000e+03,6.30205282e-01,1.06178247e-05,-3.23760220e-05,-2.09309564e-03,5.20663746e-04,1.12544421e-04,5.41159502e-01,1.21727168e-05,-3.29346991e-05,8.90457826e-02,-1.55489209e-06,5.58677164e-07,-1.96712166e-03,5.28507868e-04,1.20336476e-04,-1.25973981e-04,-7.84412154e-06,-7.79205493e-06
1.65400000e+03,6.30250317e-01,3.58114251e-05,-3.61864023e-05,-2.12303551e-03,5.29757754e-04,3.33732010e-04,5.41200265e-01,3.48421122e-05,-3.59206541e-05,8.90500530e-02,9.69312919e-07,-2.65748165e-07,-1.99493758e-03,5.32057509e-04,3.19321584e-04,-1.28097932e-04,-2.29975701e-06,1.44104265e-05
1.65500000e+03,6.30209153e-01,1.65241390e-05,-4.08917112e-05,-2.09569071e-03,6.03158981e-04,1.47746580e-04,5.41163392e-01,1.81093782e-05,-4.11585319e-05,8.90457585e-02,-1.58523921e-06,2.66820508e-07,-1.96966688e-03,6.07465426e-04,1.54878600e-04,-1.26023832e-04,-4.30644173e-06,-7.13201990e-06
1.65600000e+03,6.30253523e-01,2.97213787e-05,-3.67367366e-05,-2.12394756e-03,5.55186957e-04,3.18742068e-04,5.41203365e-01,2.91035206e-05,-3.67670054e-05,8.90501589e-02,6.17858106e-07,3.02687496e-08,-1.99598073e-03,5.59688614e-04,3.06087529e-04,-1.27966823e-04,-4.50166040e-06,1.26545381e-05
1.65700000e+03,6.30208908e-01,9.87289511e-06,-3.18072262e-05,-2.09046321e-03,5.22123585e-04,1.02590107e-04,5.41163167e-01,1.14205722e-05,-3.23787989e-05,8.90457406e-02,-1.54767705e-06,5.71572662e-07,-1.96450102e-03,5.29947803e-04,1.10607891e-04,-1.25962195e-04,-7.82421682e-06,-8.01778402e-06
1.65800000e+03,6.30254877e-01,3.62173052e-05,-3.64629278e-05,-2.12131448e-03,5.33762279e-04,3.36613834e-04,5.41204809e-01,3.52232659e-05,-3.61723819e-05,8.90500670e-02,9.94039334e-07,-2.90545891e-07,-1.99318482e-03,5.36005832e-04,3.21812724e-04,-1.28129656e-04,-2.24355327e-06,1.48011097e-05
1.65900000e+03,6.30213643e-01,1.77779729e-05,-4.20905358e-05,-2.09673516e-03,6.11211310e-04,1.55212916e-04,5.41167889e-01,1.93049592e-05,-4.22861479e-05,8.90457507e-02,-1.52698638e-06,1.95611883e-07,-1.97066115e-03,6.15092889e-04,1.62120581e-04,-1.26074014e-04,-3.88158090e-06,-6.90766522e-06
1.66000000e+03,6.30257440e-01,2.96201890e-05,-3.60166743e-05,-2.12467417e-03,5.52908721e-04,3.19669742e-04,5.41207388e-01,2.90726134e-05,-3.60829564e-05,8.90500488e-02,5.47575552e-07,6.62820516e-08,-1.99670660e-03,5.57334886e-04,3.07356109e-04,-1.27967567e-04,-4.42616509e-06,1.23136320e-05
1.66100000e+03,6.30213051e-01,9.76684972e-06,-3.25182554e-05,-2.09187912e-03,5.30232211e-04,1.05467112e-04,5.41167341e-01,1.13184905e-05,-3.30902922e-05,8.90457091e-02,-1.55164077e-06,5.72036753e-07,-1.96589921e-03,5.38121403e-04,1.13338526e-04,-1.25979913e-04,-7.88918971e-06,-7.87141408e-06
1.66200000e+03,6.30258973e-01,3.55224213e-05,-3.71701320e-05,-2.12227345e-03,5.43723319e-04,3.30999678e-04,5.41208940e-01,3.45064774e-05,-3.68988778e-05,8.90500324e-02,1.01594381e-06,-2.71254284e-07,-1.99417133e-03,5.46006471e-04,3.16408095e-04,-1.28102120e-04,-2.28315263e-06,1.45915830e-05
1.66300000e+03,6.30217646e-01,1.77100221e-05,-4.11760248e-05,-2.09496492e-03,6.06172206e-04,1.54729575e-04,5.41171924e-01,1.92515392e-05,-4.14441207e-05,8.90457211e-02,-1.54151710e-06,2.68095719e-07,-1.96890681e-03,6.10772566e-04,1.61646366e-04,-1.26058104e-04,-4.60036191e-06,-6.91679042e-06
1.66400000e+03,6.30262490e-01,3.20040527e-05,-3.68249246e-05,-2.12460339e-03,5.55446273e-04,3.30412887e-04,5.41212407e-01,3.13744521e-05,-3.68281146e-05,8.90500869e-02,6.29600567e-07,3.19002540e-09,-1.99659312e-03,5.59765083e-04,3.17931023e-04,-1.28010259e-04,-4.31881086e-06,1.24818647e-05
1.66500000e+03,6.30217187e-01,1.05877074e-05,-3.14899904e-05,-2.09189736e-03,5.20223228e-04,1.04813359e-04,5.41171496e-01,1.21588358e-05,-3.20789067e-05,8.90456916e-02,-1.57112837e-06,5.88916310e-07,-1.96587841e-03,5.28133826e-04,1.12902306e-04,-1.26018943e-04,-7.91059834e-06,-8.08894665e-06
1.66600000e+03,6.30262299e-01,3.52822965e-05,-3.59476907e-05,-2.12267974e-03,5.31792936e-04,3.30570998e-04,5.41212317e-01,3.43965714e-05,-3.56811061e-05,8.90499795e-02,8.85725086e-07,-2.66584605e-07,-1.99453594e-03,5.34091558e-04,3.16358286e-04,-1.28143805e-04,-2.29862110e-06,1.42127122e-05
1.66700000e+03,6.30221303e-01,1.78268176e-05,-4.20048610e-05,-2.09583826e-03,6.12533386e-04,1.54556239e-04,5.41175623e-01,1.93959105e-05,-4.22080422e-05,8.90456787e-02,-1.56909286e-06,2.03181382e-07,-1.96976757e-03,6.16545954e-04,1.61871195e-04,-1.26070693e-04,-4.01256761e-06,-7.31495605e-06
1.66800000e+03,6.30265770e-01,3.05095586e-05,-3.63646698e-05,-2.12367816e-03,5.53332691e-04,3.27340555e-04,5.41215725e-01,2.99642137e-05,-3.64045841e-05,8.90500437e-02,5.45344948e-07,3.99142478e-08,-1.99572565e-03,5.57856401e-04,3.14968515e-04,-1.27952517e-04,-4.52370916e-06,1.23720396e-05
1.66900000e+03,6.30221136e-01,8.30605072e-06,-3.23135628e-05,-2.09024403e-03,5.25198661e-04,9.64119458e-05,5.41175468e-01,9.92224401e-06,-3.28730159e-05,8.90456667e-02,-1.61619328e-06,5.59453075e-07,-1.96425882e-03,5.32948243e-04,1.04691514e-04,-1.25985210e-04,-7.74957817e-06,-8.27956822e-06
1.67000000e+03,6.30267680e-01,3.53098409e-05,-3.69478473e-05,-2.12085367e-03,5.36822129e-04,3.33692269e-04,5.41217670e-01,3.43148005e-05,-3.66489848e-05,8.90500079e-02,9.95040359e-07,-2.98862498e-07,-1.99270897e-03,5.38954949e-04,3.19182945e-04,-1.28144702e-04,-2.13281835e-06,1.45093238e-05
1.67100000e+03,6.30225948e-01,1.73665413e-05,-4.29033722e-05,-2.09608674e-03,6.20850550e-04,1.56448653e-04,5.41180245e-01,1.88981572e-05,-4.31109475e-05,8.90457029e-02,-1.53161586e-06,2.07575461e-07,-1.96998036e-03,6.24743966e-04,1.63341037e-04,-1.26106383e-04,-3.89341529e-06,-6.89238437e-06
1.67200000e+03,6.30270282e-01,3.06705370e-05,-3.73167082e-05,-2.12479703e-03,5.64480744e-04,3.23579262e-04,5.41220238e-01,3.00606914e-05,-3.73640038e-05,8.90500468e-02,6.09845628e-07,4.72955884e-08,-1.99680216e-03,5.68881004e-04,3.11246630e-04,-1.27994868e-04,-4.40025881e-06,1.23326327e-05
1.67300000e+03,6.30226462e-01,1.01328123e-05,-3.25977290e-05,-2.09109104e-03,5.30839193e-04,1.04254533e-04,5.41180786e-01,1.16703913e-05,-3.31974934e-05,8.90456791e-02,-1.53757901e-06,5.99764368e-07,-1.96511444e-03,5.39026774e-04,1.12104734e-04,-1.25976601e-04,-8.18758286e-06,-7.85020113e-06
1.67400000e+03,6.30271741e-01,3.58404638e-05,-3.77736154e-05,-2.12134022e-03,5.45542795e-04,3.36088777e-04,5.41221763e-01,3.48842530e-05,-3.74738208e-05,8.90499776e-02,9.56210782e-07,-2.99794623e-07,-1.99321833e-03,5.47827596e-04,3.21505398e-04,-1.28121880e-04,-2.28480203e-06,1.45833786e-05
1.67500000e+03,6.30229998e-01,1.80595000e-05,-4.30244009e-05,-2.09535498e-03,6.19771188e-04,1.58105986e-04,5.41184334e-01,1.96070832e-05,-4.32748607e-05,8.90456675e-02,-1.54758320e-06,2.50459933e-07,-1.96925878e-03,6.24044871e-04,1.65312336e-04,-1.26096200e-04,-4.27368555e-06,-7.20634975e-06
1.67600000e+03,6.30274122e-01,3.13591755e-05,-3.80964905e-05,-2.12475002e-03,5.66328630e-04,3.32144317e-04,5.41224085e-01,3.07860611e-05,-3.81464983e-05,8.90500355e-02,5.73114395e-07,5.00077927e-08,-1.99673956e-03,5.70817745e-04,3.19738009e-04,-1.28010455e-04,-4.48911653e-06,1.24063082e-05
1.67700000e+03,6.30229850e-01,1.01726753e-05,-3.21195260e-05,-2.09228000e-03,5.23272638e-04,1.08173112e-04,5.41184174e-01,1.17390749e-05,-3.27115896e-05,8.90456764e-02,-1.56639958e-06,5.92063605e-07,-1.96627283e-03,5.31286461e-04,1.16217299e-04,-1.26007171e-04,-8.01382618e-06,-8.04418694e-06
1.67800000e+03,6.30275721e-01,3.58013250e-05,-3.68730047e-05,-2.12241264e-03,5.38207351e-04,3.33222132e-04,5.41225747e-01,3.48187337e-05,-3.65655462e-05,8.90499752e-02,9.82591294e-07,-3.07458429e-07,-1.99426356e-03,5.40204684e-04,3.18816300e-04,-1.28149082e-04,-1.99733257e-06,1.44058318e-05
1.67900000e+03,6.30234382e-01,1.73676059e-05,-4.32228086e-05,-2.09587770e-03,6.23514650e-04,1.54687756e-04,5.41188711e-01,1.89444627e-05,-4.34341385e-05,8.90456733e-02,-1.57685675e-06,2.11329637e-07,-1.96979711e-03,6.27512182e-04,1.61692433e-04,-1.26080595e-04,-3.99753326e-06,-7.00467648e-06
1.68000000e+03,6.30278596e-01,3.22285729e-05,-3.80901602e-05,-2.12338814e-03,5.65965757e-04,3.37030248e-04,5.41228540e-01,3.16012906e-05,-3.81196191e-05,8.90500577e-02,6.27282321e-07,2.94589591e-08,-1.99541288e-03,5.70577881e-04,3.24506165e-04,-1.27975264e-04,-4.61212174e-06,1.25240828e-05
1.68100000e+03,6.30233962e-01,1.14036144e-05,-3.23584298e-05,-2.09101664e-03,5.26550124e-04,1.16746048e-04,5.41188275e-01,1.29853856e-05,-3.29761491e-05,8.90456857e-02,-1.58177119e-06,6.17719267e-07,-1.96499753e-03,5.34691201e-04,1.24987671e-04,-1.26019105e-04,-8.14107623e-06,-8.24162387e-06
1.68200000e+03,6.30279728e-01,3.61550003e-05,-3.60675504e-05,-2.12222977e-03,5.30993586e-04,3.39236115e-04,5.41229758e-01,3.52438832e-05,-3.58006472e-05,8.90499706e-02,9.11117154e-07,-2.66903213e-07,-1.99407654e-03,5.33276228e-04,3.24975484e-04,-1.28153240e-04,-2.28264311e-06,1.42606314e-05
1.68300000e+03,6.30238304e-01,1.83018127e-05,-4.23725529e-05,-2.09588411e-03,6.13954394e-04,1.61435220e-04,5.41192624e-01,1.98632412e-05,-4.25783488e-05,8.90456815e-02,-1.56142853e-06,2.05795796e-07,-1.96979128e-03,6.17970375e-04,1.68726879e-04,-1.26092831e-04,-4.01598413e-06,-7.29165914e-06
1.68400000e+03,6.30282405e-01,3.07032460e-05,-3.71643803e-05,-2.12418523e-03,5.62071918e-04,3.30538625e-04,5.41232407e-01,3.01518902e-05,-3.72001385e-05,8.90499966e-02,5.51355881e-07,3.57582395e-08,-1.99617443e-03,5.66312183e-04,3.18314448e-04,-1.28010795e-04,-4.24026259e-06,1.22241769e-05
1.68500000e+03,6.30238218e-01,1.19241049e-05,-3.26674407e-05,-2.09121021e-03,5.30746617e-04,1.27016396e-04,5.41192616e-01,1.34351459e-05,-3.32716054e-05,8.90456009e-02,-1.51104098e-06,6.04164736e-07,-1.96523229e-03,5.38845008e-04,1.34543047e-04,-1.25977925e-04,-8.09838871e-06,-7.52665130e-06
1.68600000e+03,6.30283988e-01,3.88021753e-05,-3.72749762e-05,-2.12131821e-03,5.42890454e-04,3.62946965e-04,5.41234037e-01,3.78023876e-05,-3.69968392e-05,8.90499523e-02,9.99787738e-07,-2.78136928e-07,-1.99316813e-03,5.45171311e-04,3.48398297e-04,-1.28150076e-04,-2.28085514e-06,1.45486676e-05
1.68700000e+03,6.30242735e-01,1.95758908e-05,-4.26688282e-05,-2.09557900e-03,6.20545143e-04,1.74008388e-04,5.41197102e-01,2.11740866e-05,-4.29361332e-05,8.90456344e-02,-1.59819574e-06,2.67305064e-07,-1.96946189e-03,6.24936368e-04,1.81583135e-04,-1.26117114e-04,-4.39122462e-06,-7.57474630e-06
1.68800000e+03,6.30287338e-01,3.22585841e-05,-3.82584302e-05,-2.12527460e-03,5.73249227e-04,3.40190238e-04,5.41237352e-01,3.17258575e-05,-3.83067496e-05,8.90499850e-02,5.32726664e-07,4.83194391e-08,-1.99725222e-03,5.77691094e-04,3.28203869e-04,-1.28022373e-04,-4.44186545e-06,1.19863688e-05
1.68900000e+03,6.30243062e-01,1.13813472e-05,-3.28076018e-05,-2.09225437e-03,5.35181292e-04,1.17872390e-04,5.41197421e-01,1.29507733e-05,-3.33947408e-05,8.90456422e-02,-1.56942613e-06,5.87138993e-07,-1.96622467e-03,5.43134232e-04,1.26083004e-04,-1.26029694e-04,-7.95294034e-06,-8.21061381e-06
1.69000000e+03,6.30288614e-01,3.60695896e-05,-3.76013563e-05,-2.12232548e-03,5.46126829e-04,3.39934791e-04,5.41238721e-01,3.51829550e-05,-3.72899344e-05,8.90498916e-02,8.86634665e-07,-3.11421857e-07,-1.99418089e-03,5.48295547e-04,3.25967167e-04,-1.28144596e-04,-2.16871911e-06,1.39676233e-05
1.69100000e+03,6.30247193e-01,1.83401591e-05,-4.32598237e-05,-2.09513433e-03,6.23251809e-04,1.65286236e-04,5.41201607e-01,1.99007922e-05,-4.34754544e-05,8.90455846e-02,-1.56063309e-06,2.15630663e-07,-1.96903109e-03,6.27386626e-04,1.72478788e-04,-1.26103246e-04,-4.13481331e-06,-7.19255191e-06
1.69200000e+03,6.30291570e-01,3.15917380e-05,-3.79147988e-05,-2.12410000e-03,5.64514979e-04,3.35048536e-04,5.41241639e-01,3.10258152e-05,-3.79634546e-05,8.90499332e-02,5.65922754e-07,4.86558028e-08,-1.99608505e-03,5.69128347e-04,3.22902783e-04,-1.28014948e-04,-4.61336788e-06,1.21457524e-05
1.69300000e+03,6.30246789e-01,1.11113738e-05,-3.45691225e-05,-2.09148170e-03,5.41043453e-04,1.16032288e-04,5.41201230e-01,1.26872715e-05,-3.51076327e-05,8.90455612e-02,-1.57589774e-06,5.38510241e-07,-1.96543163e-03,5.48800455e-04,1.24340085e-04,-1.26050067e-04,-7.75700159e-06,-8.30779731e-06
1.69400000e+03,6.30292570e-01,3.75138957e-05,-3.81344196e-05,-2.12313612e-03,5.46345131e-04,3.49672038e-04,5.41242689e-01,3.65448669e-05,-3.78679008e-05,8.90498815e-02,9.69028823e-07,-2.66518795e-07,-1.99492790e-03,5.48620789e-04,3.35307862e-04,-1.28208217e-04,-2.27565684e-06,1.43641759e-05
1.69500000e+03,6.30251558e-01,1.91619784e-05,-4.26456954e-05,-2.09761806e-03,6.18874322e-04,1.70258875e-04,5.41205949e-01,2.07509647e-05,-4.29003770e-05,8.90456060e-02,-1.58898625e-06,2.54681421e-07,-1.97152270e-03,6.23033220e-04,1.77548848e-04,-1.26095360e-04,-4.15889956e-06,-7.28997209e-06
1.69600000e+03,6.30296289e-01,3.26856770e-05,-3.78017840e-05,-2.12589682e-03,5.64956212e-04,3.43603628e-04,5.41246327e-01,3.21552681e-05,-3.77937375e-05,8.90499616e-02,5.30408896e-07,-8.04646558e-09,-1.99789625e-03,5.69129393e-04,3.31661348e-04,-1.28000569e-04,-4.17318222e-06,1.19422801e-05
1.69700000e+03,6.30251795e-01,1.19991477e-05,-3.22203173e-05,-2.09280789e-03,5.27202015e-04,1.23776935e-04,5.41206209e-01,1.35714997e-05,-3.28029448e-05,8.90455885e-02,-1.57235208e-06,5.82627536e-07,-1.96677099e-03,5.35098355e-04,1.31985891e-04,-1.26036897e-04,-7.89633992e-06,-8.20895652e-06
1.69800000e+03,6.30297363e-01,3.70276137e-05,-3.81547761e-05,-2.12362630e-03,5.46048511e-04,3.48043249e-04,5.41247470e-01,3.60789187e-05,-3.78405951e-05,8.90498908e-02,9.48695047e-07,-3.14180932e-07,-1.99546888e-03,5.48191407e-04,3.33665199e-04,-1.28157421e-04,-2.14289692e-06,1.43780499e-05
1.69900000e+03,6.30255596e-01,1.93600853e-05,-4.41495648e-05,-2.09728256e-03,6.23813701e-04,1.69208498e-04,5.41210037e-01,2.09246702e-05,-4.43423381e-05,8.90455577e-02,-1.56458485e-06,1.92773395e-07,-1.97117568e-03,6.27941754e-04,1.76705722e-04,-1.26106881e-04,-4.12805611e-06,-7.49722495e-06
1.70000000e+03,6.30299767e-01,3.30984049e-05,-3.92653344e-05,-2.12492372e-03,5.75334609e-04,3.44558393e-04,5.41249898e-01,3.25481249e-05,-3.93494694e-05,8.90498682e-02,5.50280048e-07,8.41352453e-08,-1.99691694e-03,5.79843059e-04,3.32477355e-04,-1.28006782e-04,-4.50845162e-06,1.20810371e-05
1.70100000e+03,6.30255888e-01,1.15403448e-05,-3.44598670e-05,-2.09116551e-03,5.41134273e-04,1.21794323e-04,5.41210321e-01,1.31420756e-05,-3.50481380e-05,8.90455694e-02,-1.60173084e-06,5.88270959e-07,-1.96512689e-03,5.49119824e-04,1.29930593e-04,-1.26038616e-04,-7.98555181e-06,-8.13627000e-06
1.70200000e+03,6.30302032e-01,3.69141217e-05,-3.85205309e-05,-2.12135785e-03,5.51257813e-04,3.51254850e-04,5.41252185e-01,3.60252954e-05,-3.82309170e-05,8.90498457e-02,8.88826312e-07,-2.89613895e-07,-1.99315816e-03,5.53394382e-04,3.37313434e-04,-1.28199692e-04,-2.13656894e-06,1.39414164e-05
1.70300000e+03,6.30260829e-01,1.90403806e-05,-4.41110037e-05,-2.09585950e-03,6.31158128e-04,1.74687769e-04,5.41215285e-01,2.06038475e-05,-4.43232381e-05,8.90455406e-02,-1.56346699e-06,2.12234357e-07,-1.96973457e-03,6.35105177e-04,1.81940281e-04,-1.26124935e-04,-3.94704864e-06,-7.25251179e-06
1.70400000e+03,6.30304782e-01,3.21606228e-05,-3.90646403e-05,-2.12468927e-03,5.74458016e-04,3.41214964e-04,5.41254854e-01,3.16297086e-05,-3.90947718e-05,8.90499250e-02,5.30914112e-07,3.01312167e-08,-1.99663854e-03,5.78808942e-04,3.29461627e-04,-1.28050735e-04,-4.35092782e-06,1.17533373e-05
1.70500000e+03,6.30260732e-01,1.10596691e-05,-3.39320862e-05,-2.09108197e-03,5.40185787e-04,1.14446021e-04,5.41215177e-01,1.26534539e-05,-3.45110910e-05,8.90455558e-02,-1.59378478e-06,5.79004809e-07,-1.96503470e-03,5.48023042e-04,1.23030403e-04,-1.26047268e-04,-7.83725445e-06,-8.58438147e-06
1.70600000e+03,6.30306731e-01,3.70316891e-05,-3.80691388e-05,-2.12355154e-03,5.50921745e-04,3.46328279e-04,5.41256901e-01,3.60816482e-05,-3.78018514e-05,8.90498313e-02,9.50040916e-07,-2.67287466e-07,-1.99534124e-03,5.53147938e-04,3.32001877e-04,-1.28210298e-04,-2.22619085e-06,1.43264016e-05
1.70700000e+03,6.30264599e-01,1.95135175e-05,-4.32978600e-05,-2.09775722e-03,6.22517360e-04,1.71739627e-04,5.41219075e-01,2.10692426e-05,-4.34766701e-05,8.90455247e-02,-1.55572505e-06,1.78810312e-07,-1.97162635e-03,6.26414827e-04,1.79023668e-04,-1.26130869e-04,-3.89746336e-06,-7.28404048e-06
1.70800000e+03,6.30308314e-01,3.24563425e-05,-3.90137118e-05,-2.12519950e-03,5.73725809e-04,3.41501791e-04,5.41258480e-01,3.19533419e-05,-3.90186230e-05,8.90498352e-02,5.03000679e-07,4.91110486e-09,-1.99717461e-03,5.77852573e-04,3.29744787e-04,-1.28024888e-04,-4.12676487e-06,1.17570038e-05
1.70900000e+03,6.30264070e-01,1.21311960e-05,-3.35096193e-05,-2.09273682e-03,5.37503504e-04,1.25493758e-04,5.41218592e-01,1.37020810e-05,-3.41021216e-05,8.90454784e-02,-1.57088506e-06,5.92502296e-07,-1.96669892e-03,5.45390060e-04,1.33600810e-04,-1.26037898e-04,-7.88655672e-06,-8.10705155e-06
1.71000000e+03,6.30309388e-01,3.74193327e-05,-3.87200374e-05,-2.12328057e-03,5.53891991e-04,3.51022658e-04,5.41259604e-01,3.64715932e-05,-3.84120411e-05,8.90497834e-02,9.47739453e-07,-3.07996246e-07,-1.99508658e-03,5.55831441e-04,3.36829400e-04,-1.28193984e-04,-1.93944866e-06,1.41932584e-05
1.71100000e+03,6.30268010e-01,1.89110273e-05,-4.39143564e-05,-2.09723476e-03,6.30956783e-04,1.69964134e-04,5.41222537e-01,2.05454507e-05,-4.41329752e-05,8.90454733e-02,-1.63442343e-06,2.18618934e-07,-1.97111180e-03,6.34905991e-04,1.77777623e-04,-1.26122968e-04,-3.94920594e-06,-7.81348919e-06
1.71200000e+03,6.30312139e-01,3.26638464e-05,-3.97763241e-05,-2.12533651e-03,5.80775230e-04,3.41301609e-04,5.41262312e-01,3.20912336e-05,-3.97508820e-05,8.90498286e-02,5.72612848e-07,-2.54421884e-08,-1.99730373e-03,5.84897107e-04,3.29272657e-04,-1.28032778e-04,-4.12187759e-06,1.20289520e-05
1.71300000e+03,6.30267536e-01,1.31244237e-05,-3.52599789e-05,-2.09267527e-03,5.49497333e-04,1.28776069e-04,5.41222059e-01,1.46845497e-05,-3.58457212e-05,8.90454807e-02,-1.56012598e-06,5.85742218e-07,-1.96662970e-03,5.57373497e-04,1.37011864e-04,-1.26045565e-04,-7.87616628e-06,-8.23579540e-06
1.71400000e+03,6.30313349e-01,3.83428148e-05,-3.99933865e-05,-2.12262483e-03,5.62911368e-04,3.57523745e-04,5.41263572e-01,3.74965894e-05,-3.96626991e-05,8.90497753e-02,8.46225338e-07,-3.30687119e-07,-1.99443709e-03,5.64691708e-04,3.43744844e-04,-1.28187734e-04,-1.78034178e-06,1.37789006e-05
1.71500000e+03,6.30272547e-01,1.93824089e-05,-4.53742812e-05,-2.09549596e-03,6.39478205e-04,1.73567984e-04,5.41227046e-01,2.09842564e-05,-4.55777106e-05,8.90455021e-02,-1.60184750e-06,2.03429378e-07,-1.96937737e-03,6.43436531e-04,1.81073482e-04,-1.26118593e-04,-3.95832652e-06,-7.50549807e-06
1.71600000e+03,6.30316990e-01,3.15858480e-05,-4.04896353e-05,-2.12381923e-03,5.89786005e-04,3.40586371e-04,5.41267148e-01,3.11116901e-05,-4.05477863e-05,8.90498426e-02,4.74157935e-07,5.81510535e-08,-1.99575556e-03,5.94140675e-04,3.28975949e-04,-1.28063670e-04,-4.35467092e-06,1.16104225e-05
1.71700000e+03,6.30272461e-01,1.12723459e-05,-3.57183991e-05,-2.09110604e-03,5.56264918e-04,1.24096806e-04,5.41226976e-01,1.28888815e-05,-3.62797598e-05,8.90454850e-02,-1.61653566e-06,5.61360675e-07,-1.96500842e-03,5.63979030e-04,1.32733931e-04,-1.26097612e-04,-7.71410749e-06,-8.63712539e-06
1.71800000e+03,6.30318472e-01,3.73025863e-05,-4.00913197e-05,-2.12199092e-03,5.66388541e-04,3.49332935e-04,5.41268677e-01,3.63520118e-05,-3.98150872e-05,8.90497959e-02,9.50574594e-07,-2.76232551e-07,-1.99379489e-03,5.68700501e-04,3.35461710e-04,-1.28196034e-04,-2.31196101e-06,1.38712250e-05
1.71900000e+03,6.30277390e-01,1.86012996e-05,-4.49278432e-05,-2.09610550e-03,6.38739690e-04,1.65609223e-04,5.41231854e-01,2.02038065e-05,-4.51272885e-05,8.90455363e-02,-1.60250685e-06,1.99444946e-07,-1.96996903e-03,6.42579502e-04,1.73225313e-04,-1.26136475e-04,-3.83981556e-06,-7.61609048e-06
1.72000000e+03,6.30321557e-01,3.16924312e-05,-4.02493126e-05,-2.12371794e-03,5.88344276e-04,3.34287741e-04,5.41271696e-01,3.11794870e-05,-4.02747488e-05,8.90498612e-02,5.12944197e-07,2.54365338e-08,-1.99567900e-03,5.92532322e-04,3.22598568e-04,-1.28038937e-04,-4.18804693e-06,1.16891725e-05
1.72100000e+03,6.30276270e-01,1.09759388e-05,-3.46123684e-05,-2.09017491e-03,5.50451285e-04,1.15384021e-04,5.41230804e-01,1.25979401e-05,-3.52135224e-05,8.90454683e-02,-1.62200126e-06,6.01153985e-07,-1.96413825e-03,5.58468392e-04,1.23906752e-04,-1.26036660e-04,-8.01710564e-06,-8.52273123e-06
1.72200000e+03,6.30321888e-01,3.69972200e-05,-4.01021007e-05,-2.12122539e-03,5.66915450e-04,3.47184560e-04,5.41272104e-01,3.60718508e-05,-3.97619563e-05,8.90497819e-02,9.25369142e-07,-3.40144524e-07,-1.99300442e-03,5.68917860e-04,3.33095065e-04,-1.28220963e-04,-2.00240786e-06,1.40894952e-05
1.72300000e+03,6.30280226e-01,1.96481263e-05,-4.54833521e-05,-2.09547833e-03,6.40169111e-04,1.69998234e-04,5.41234749e-01,2.12310430e-05,-4.57036964e-05,8.90454772e-02,-1.58291676e-06,2.20344164e-07,-1.96931280e-03,6.44392064e-04,1.77840078e-04,-1.26165530e-04,-4.22295224e-06,-7.84184413e-06
1.72400000e+03,6.30324510e-01,3.25180790e-05,-4.04971724e-05,-2.12460739e-03,5.86328838e-04,3.37939874e-04,5.41274668e-01,3.20305950e-05,-4.05203017e-05,8.90498422e-02,4.87484005e-07,2.31292832e-08,-1.99655895e-03,5.90496304e-04,3.26396738e-04,-1.28048432e-04,-4.16747096e-06,1.15431356e-05
1.72500000e+03,6.30279744e-01,1.22000543e-05,-3.46372758e-05,-2.09175658e-03,5.46040200e-04,1.21666996e-04,5.41234216e-01,1.38128115e-05,-3.52381024e-05,8.90455258e-02,-1.61275724e-06,6.00826561e-07,-1.96566539e-03,5.54006708e-04,1.30158981e-04,-1.26091188e-04,-7.96650881e-06,-8.49198474e-06
1.72600000e+03,6.30325008e-01,3.71241236e-05,-3.97965127e-05,-2.12251410e-03,5.64370593e-04,3.43323209e-04,5.41275212e-01,3.62347825e-05,-3.94974259e-05,8.90497951e-02,8.89341184e-07,-2.99086834e-07,-1.99431343e-03,5.66296850e-04,3.29644365e-04,-1.28200665e-04,-1.92625552e-06,1.36788433e-05
1.72700000e+03,6.30283914e-01,1.86606375e-05,-4.48700163e-05,-2.09526272e-03,6.40251688e-04,1.65839658e-04,5.41238398e-01,2.02999012e-05,-4.50913082e-05,8.90455130e-02,-1.63926365e-06,2.21291895e-07,-1.96915066e-03,6.44211668e-04,1.73509199e-04,-1.26112061e-04,-3.95997960e-06,-7.66954147e-06
1.72800000e+03,6.30328330e-01,3.17111398e-05,-4.02526357e-05,-2.12316455e-03,5.88394768e-04,3.34136452e-04,5.41278430e-01,3.12279583e-05,-4.03121292e-05,8.90499021e-02,4.83181479e-07,5.94934654e-08,-1.99509167e-03,5.92968362e-04,3.22610953e-04,-1.28072873e-04,-4.57359441e-06,1.15254996e-05
1.72900000e+03,6.30284210e-01,1.00346613e-05,-3.50087720e-05,-2.09026600e-03,5.51368401e-04,1.05336316e-04,5.41238651e-01,1.16494956e-05,-3.55834649e-05,8.90455577e-02,-1.61483436e-06,5.74692853e-07,-1.96419158e-03,5.59347853e-04,1.14154636e-04,-1.26074417e-04,-7.97945102e-06,-8.81831948e-06
1.73000000e+03,6.30330742e-01,3.55762882e-05,-3.97867032e-05,-2.12094500e-03,5.60226318e-04,3.36894081e-04,5.41280857e-01,3.46986986e-05,-3.94411497e-05,8.90498865e-02,8.77589545e-07,-3.45553646e-07,-1.99269701e-03,5.62256943e-04,3.23054172e-04,-1.28247997e-04,-2.03062429e-06,1.38399089e-05
1.73100000e+03,6.30289392e-01,1.79345488e-05,-4.65032464e-05,-2.09623693e-03,6.43456805e-04,1.60245566e-04,5.41243817e-01,1.95259413e-05,-4.66759440e-05,8.90455725e-02,-1.59139244e-06,1.72697417e-07,-1.97003932e-03,6.47330292e-04,1.67930865e-04,-1.26197611e-04,-3.87348744e-06,-7.68529908e-06
1.73200000e+03,6.30332975e-01,3.11207942e-05,-4.07173455e-05,-2.12346755e-03,5.84953109e-04,3.35939146e-04,5.41283121e-01,3.06468708e-05,-4.07724686e-05,8.90498570e-02,4.73923363e-07,5.51229935e-08,-1.99543335e-03,5.89283240e-04,3.24302440e-04,-1.28034206e-04,-4.33012790e-06,1.16367053e-05
1.73300000e+03,6.30288808e-01,1.08065570e-05,-3.44366482e-05,-2.09013388e-03,5.43160769e-04,1.22048410e-04,5.41243288e-01,1.24108992e-05,-3.50596091e-05,8.90455204e-02,-1.60434219e-06,6.22960880e-07,-1.96406645e-03,5.51337244e-04,1.30379747e-04,-1.26067427e-04,-8.17647407e-06,-8.33133693e-06
1.73400000e+03,6.30334244e-01,3.71161089e-05,-3.85837670e-05,-2.12100676e-03,5.54151998e-04,3.53594704e-04,5.41284417e-01,3.62084852e-05,-3.83370672e-05,8.90498278e-02,9.07623770e-07,-2.46699783e-07,-1.99277929e-03,5.56486483e-04,3.39875712e-04,-1.28227466e-04,-2.33448191e-06,1.37189928e-05
1.73500000e+03,6.30292660e-01,1.96211233e-05,-4.29481645e-05,-2.09492282e-03,6.22777284e-04,1.79493141e-04,5.41247155e-01,2.12263317e-05,-4.31965200e-05,8.90455033e-02,-1.60520841e-06,2.48355268e-07,-1.96876798e-03,6.27066192e-04,1.87254512e-04,-1.26154839e-04,-4.28890848e-06,-7.76137123e-06
1.73600000e+03,6.30336558e-01,3.30143062e-05,-3.87006280e-05,-2.12458781e-03,5.74075391e-04,3.45046957e-04,5.41286681e-01,3.24701411e-05,-3.86764549e-05,8.90498788e-02,5.44165138e-07,-2.41731137e-08,-1.99649372e-03,5.78029866e-04,3.33491892e-04,-1.28094094e-04,-3.95447424e-06,1.15550646e-05
1.73700000e+03,6.30292500e-01,1.27610723e-05,-3.25400101e-05,-2.09176854e-03,5.30834418e-04,1.26449258e-04,5.41246945e-01,1.43719201e-05,-3.31089100e-05,8.90455539e-02,-1.61084778e-06,5.68899916e-07,-1.96566697e-03,5.38644329e-04,1.35183881e-04,-1.26101570e-04,-7.80991245e-06,-8.73462323e-06
1.73800000e+03,6.30337873e-01,3.84798067e-05,-3.86503361e-05,-2.12290106e-03,5.52816330e-04,3.58031270e-04,5.41288070e-01,3.76087756e-05,-3.83092483e-05,8.90498052e-02,8.71031131e-07,-3.41087782e-07,-1.99467853e-03,5.54663010e-04,3.44205333e-04,-1.28222523e-04,-1.84667861e-06,1.38259366e-05
1.73900000e+03,6.30296398e-01,1.87895283e-05,-4.40681628e-05,-2.09603849e-03,6.28332559e-04,1.67368183e-04,5.41250886e-01,2.04105298e-05,-4.42881433e-05,8.90455099e-02,-1.62100153e-06,2.19980589e-07,-1.96989680e-03,6.32420580e-04,1.75225135e-04,-1.26141683e-04,-4.08802138e-06,-7.85695171e-06
1.74000000e+03,6.30340355e-01,3.14390251e-05,-3.86572233e-05,-2.12448746e-03,5.70458350e-04,3.35565860e-04,5.41290490e-01,3.09780686e-05,-3.86988594e-05,8.90498636e-02,4.60956559e-07,4.16361168e-08,-1.99640394e-03,5.74793899e-04,3.24173870e-04,-1.28083519e-04,-4.33555016e-06,1.13919898e-05
1.74100000e+03,6.30295083e-01,1.14899641e-05,-3.46114267e-05,-2.09256429e-03,5.42185279e-04,1.23223659e-04,5.41249602e-01,1.30899907e-05,-3.51578078e-05,8.90454815e-02,-1.60002667e-06,5.46381029e-07,-1.96647499e-03,5.49956744e-04,1.31637667e-04,-1.26089301e-04,-7.77146517e-06,-8.41400890e-06
1.74200000e+03,6.30341137e-01,3.74156989e-05,-3.81797969e-05,-2.12332330e-03,5.47824163e-04,3.49630406e-04,5.41291311e-01,3.65035797e-05,-3.78592508e-05,8.90498251e-02,9.12119230e-07,-3.20546158e-07,-1.99511145e-03,5.49612001e-04,3.36004094e-04,-1.28211844e-04,-1.78783467e-06,1.36263123e-05
1.74300000e+03,6.30300542e-01,1.91030402e-05,-4.40753397e-05,-2.09694837e-03,6.27600517e-04,1.69575615e-04,5.41254967e-01,2.07130780e-05,-4.42398014e-05,8.90455733e-02,-1.61003775e-06,1.64461575e-07,-1.97078888e-03,6.31309788e-04,1.77283082e-04,-1.26159493e-04,-3.70927006e-06,-7.70746686e-06
1.74400000e+03,6.30344767e-01,3.30206245e-05,-3.89385409e-05,-2.12498478e-03,5.72604173e-04,3.43714792e-04,5.41294859e-01,3.25074428e-05,-3.89247037e-05,8.90499118e-02,5.13181777e-07,-1.38370460e-08,-1.99691448e-03,5.76556465e-04,3.32202615e-04,-1.28070294e-04,-3.95229044e-06,1.15121769e-05
1.74500000e+03,6.30300623e-01,1.19287173e-05,-3.31015183e-05,-2.09185640e-03,5.34614372e-04,1.20832926e-04,5.41255064e-01,1.35328212e-05,-3.36871223e-05,8.90455589e-02,-1.60410381e-06,5.85603955e-07,-1.96573999e-03,5.42378036e-04,1.29421453e-04,-1.26116406e-04,-7.76366016e-06,-8.58852712e-06
1.74600000e+03,6.30346420e-01,3.71622765e-05,-3.85718525e-05,-2.12349262e-03,5.50512529e-04,3.50225886e-04,5.41296570e-01,3.63278772e-05,-3.82503128e-05,8.90498539e-02,8.34399320e-07,-3.21539695e-07,-1.99524470e-03,5.52564162e-04,3.36552091e-04,-1.28247923e-04,-2.05163144e-06,1.36737947e-05
1.74700000e+03,6.30304440e-01,1.98603002e-05,-4.25528130e-05,-2.09609591e-03,6.13434707e-04,1.77593615e-04,5.41258896e-01,2.14554595e-05,-4.27642401e-05,8.90455433e-02,-1.59515929e-06,2.11427136e-07,-1.96991320e-03,6.17554847e-04,1.85371595e-04,-1.26182713e-04,-4.12014133e-06,-7.77797990e-06
1.74800000e+03,6.30348696e-01,3.22943981e-05,-3.77528423e-05,-2.12492278e-03,5.62625140e-04,3.46547854e-04,5.41298815e-01,3.18504252e-05,-3.77592276e-05,8.90498838e-02,4.43972924e-07,6.38532096e-09,-1.99683343e-03,5.66575020e-04,3.35240412e-04,-1.28089353e-04,-3.94987982e-06,1.13074421e-05
1.74900000e+03,6.30304140e-01,1.17187870e-05,-3.26342421e-05,-2.09242867e-03,5.25588440e-04,1.26644948e-04,5.41258589e-01,1.33426767e-05,-3.31673855e-05,8.90455539e-02,-1.62388965e-06,5.33143418e-07,-1.96633015e-03,5.33181163e-04,1.35415717e-04,-1.26098518e-04,-7.59272321e-06,-8.77076903e-06
1.75000000e+03,6.30350062e-01,3.83912118e-05,-3.87037741e-05,-2.12285795e-03,5.49856884e-04,3.59410106e-04,5.41300200e-01,3.74985542e-05,-3.83316332e-05,8.90498647e-02,8.92657666e-07,-3.72140909e-07,-1.99463027e-03,5.51376721e-04,3.45811996e-04,-1.28227683e-04,-1.51984022e-06,1.35981098e-05
1.75100000e+03,6.30308766e-01,1.89790465e-05,-4.36813218e-05,-2.09607656e-03,6.25074505e-04,1.73046606e-04,5.41263176e-01,2.06324340e-05,-4.38923841e-05,8.90455904e-02,-1.65338749e-06,2.11062356e-07,-1.96992221e-03,6.29001232e-04,1.81017304e-04,-1.26154345e-04,-3.92672484e-06,-7.97069784e-06
1.75200000e+03,6.30352925e-01,3.18328784e-05,-3.84427142e-05,-2.12483602e-03,5.64708266e-04,3.38224959e-04,5.41302989e-01,3.13696106e-05,-3.84020858e-05,8.90499321e-02,4.63267725e-07,-4.06283732e-08,-1.99674668e-03,5.68667190e-04,3.27147100e-04,-1.28089336e-04,-3.95892853e-06,1.10778593e-05
1.75300000e+03,6.30308392e-01,1.07002332e-05,-3.27681812e-05,-2.09172939e-03,5.24789270e-04,1.11760409e-04,5.41262837e-01,1.23651889e-05,-3.33136033e-05,8.90455558e-02,-1.66495577e-06,5.45422198e-07,-1.96564824e-03,5.32474282e-04,1.21019027e-04,-1.26081152e-04,-7.68501620e-06,-9.25861826e-06
1.75400000e+03,6.30353983e-01,3.61066398e-05,-3.75485214e-05,-2.12370854e-03,5.40207475e-04,3.39849110e-04,5.41304125e-01,3.52567715e-05,-3.72255224e-05,8.90498601e-02,8.49868279e-07,-3.22999052e-07,-1.99544826e-03,5.41896839e-04,3.26288388e-04,-1.28260284e-04,-1.68936809e-06,1.35607216e-05
