time,Fx,Fy,Fz,Mx,My,Mz,Fx_p,Fy_p,Fz_p,Fx_v,Fy_v,Fz_v,Mx_p,My_p,Mz_p,Mx_v,My_v,Mz_v
1.00000000e+00,8.36612753e+02,-5.17095383e-03,-1.56751575e-03,-3.25850660e-02,1.31680103e-03,-3.56233182e-03,1.24411188e+02,-5.30561184e-03,-1.96148443e-03,7.12201565e+02,1.34658006e-04,3.93968684e-04,-3.27850094e-02,1.20961060e-03,-3.43410812e-03,1.99943407e-04,1.07190428e-04,-1.28223705e-04
2.00000000e+00,8.80739043e+02,-8.92485108e-03,-5.23961648e-03,-2.80130901e-02,3.79557103e-03,-5.97029252e-03,1.63419445e+02,-9.03264452e-03,-5.64778103e-03,7.17319597e+02,1.07793443e-04,4.08164551e-04,-2.80736771e-02,3.67205197e-03,-5.78115060e-03,6.05870367e-05,1.23519061e-04,-1.89141915e-04
3.00000000e+00,8.97622245e+02,-1.15418771e-02,-8.61996506e-03,-2.04119599e-02,5.11757899e-03,-7.72449838e-03,1.82908658e+02,-1.17817523e-02,-9.17584747e-03,7.14713587e+02,2.39875226e-04,5.55882409e-04,-2.03679477e-02,5.02249106e-03,-7.60068236e-03,-4.40122570e-05,9.50879330e-05,-1.23816017e-04
4.00000000e+00,9.05496046e+02,-1.34078058e-02,-7.34648337e-03,-1.23954396e-02,5.78908132e-03,-9.02422459e-03,1.95137858e+02,-1.38045939e-02,-7.97557535e-03,7.10358188e+02,3.96788108e-04,6.29091985e-04,-1.22877489e-02,5.74019016e-03,-9.00981311e-03,-1.07690660e-04,4.88911568e-05,-1.44114857e-05
5.00000000e+00,9.05936372e+02,-1.38670787e-02,-8.18722316e-03,-1.10190197e-02,5.37072053e-03,-8.94188539e-03,2.05087496e+02,-1.44364673e-02,-8.94480744e-03,7.00848877e+02,5.69388623e-04,7.57584272e-04,-1.08532666e-02,5.36927074e-03,-9.03105952e-03,-1.65753031e-04,1.44979146e-06,8.91741264e-05
6.00000000e+00,8.98312880e+02,-1.34742164e-02,-5.22724640e-03,-1.31041331e-02,5.27207809e-03,-8.60496918e-03,2.11781885e+02,-1.42053008e-02,-6.06985706e-03,6.86530995e+02,7.31084396e-04,8.42610663e-04,-1.31009492e-02,5.31641895e-03,-8.79172992e-03,-3.18392498e-06,-4.43408688e-05,1.86760733e-04
7.00000000e+00,8.83750495e+02,-1.02370101e-02,-3.10896653e-03,-1.71625189e-02,3.94645702e-03,-6.69830206e-03,2.17278897e+02,-1.10058582e-02,-3.89795966e-03,6.66471599e+02,7.68848107e-04,7.88993130e-04,-1.70957377e-02,3.98971544e-03,-6.92484536e-03,-6.67811232e-05,-4.32584268e-05,2.26543305e-04
8.00000000e+00,8.61890745e+02,-1.01679965e-02,-8.60279387e-03,-1.90297532e-02,5.36050879e-03,-6.25806733e-03,2.20406933e+02,-1.08821095e-02,-9.45801896e-03,6.41483811e+02,7.14113044e-04,8.55225096e-04,-1.89877772e-02,5.35971337e-03,-6.43639824e-03,-4.19759296e-05,7.95420606e-07,1.78330912e-04
9.00000000e+00,8.36401395e+02,-8.21515282e-03,-8.89333818e-03,-2.34837782e-02,6.52483247e-03,-5.77786386e-03,2.24556577e+02,-8.73848767e-03,-9.51591765e-03,6.11844817e+02,5.23334848e-04,6.22579465e-04,-2.34078929e-02,6.43120360e-03,-5.84804888e-03,-7.58853006e-05,9.36288773e-05,7.01850229e-05
1.00000000e+01,8.06579522e+02,-6.77549402e-03,-5.36853114e-03,-2.63355162e-02,5.44680785e-03,-4.98909127e-03,2.27578159e+02,-7.02294655e-03,-5.65586768e-03,5.79001363e+02,2.47452532e-04,2.87336544e-04,-2.65764011e-02,5.20584260e-03,-4.90961240e-03,2.40884873e-04,2.40965248e-04,-7.94788669e-05
1.10000000e+01,7.74008786e+02,-8.93935538e-03,-8.78443297e-03,-2.17573038e-02,8.22516607e-03,-6.36634867e-03,2.29706864e+02,-8.96940827e-03,-8.63714890e-03,5.44301921e+02,3.00528924e-05,-1.47284069e-04,-2.20117037e-02,7.88048796e-03,-6.18374427e-03,2.54399848e-04,3.44678108e-04,-1.82604398e-04
1.20000000e+01,7.39041423e+02,-5.91613701e-03,-3.87037601e-03,-2.24730552e-02,4.15135797e-03,-3.96890233e-03,2.30822297e+02,-5.80896795e-03,-3.55611391e-03,5.08219125e+02,-1.07169062e-04,-3.14262105e-04,-2.26665006e-02,3.70953285e-03,-3.70653562e-03,1.93445357e-04,4.41825125e-04,-2.62366707e-04
1.30000000e+01,7.03696783e+02,-8.13803873e-03,-7.29292758e-03,-1.48177339e-02,6.56665014e-03,-5.17103487e-03,2.31908443e+02,-8.01740598e-03,-7.01211484e-03,4.71788340e+02,-1.20632746e-04,-2.80812733e-04,-1.48334372e-02,6.11437886e-03,-4.90339185e-03,1.57033205e-05,4.52271277e-04,-2.67643024e-04
1.40000000e+01,6.69093767e+02,-7.95536326e-03,-7.53605311e-03,-6.21508204e-03,5.63751214e-03,-5.22962723e-03,2.34126710e+02,-7.80798535e-03,-7.08204894e-03,4.34967056e+02,-1.47377905e-04,-4.54004179e-04,-6.57244565e-03,5.14078584e-03,-4.96466981e-03,3.57363601e-04,4.96726303e-04,-2.64957427e-04
1.50000000e+01,6.35040214e+02,-3.52514221e-03,-1.68427215e-02,3.14261913e-02,9.11218405e-03,-1.98462488e-03,2.36366885e+02,-3.34778989e-03,-1.64014765e-02,3.98673329e+02,-1.77352322e-04,-4.41245020e-04,2.95596350e-02,8.63806106e-03,-1.72869997e-03,1.86655625e-03,4.74122995e-04,-2.55924916e-04
1.60000000e+01,6.01522825e+02,4.35606312e-04,-2.21740803e-02,1.32494283e-01,9.86066521e-03,-4.12138808e-04,2.38161750e+02,6.01340065e-04,-2.16111021e-02,3.63361076e+02,-1.65733754e-04,-5.62978239e-04,1.30356299e-01,9.34933658e-03,-1.98332874e-04,2.13798421e-03,5.11328631e-04,-2.13805935e-04
1.70000000e+01,5.69382344e+02,1.22297561e-02,-3.05785648e-02,2.58434051e-01,9.22800274e-03,6.59058999e-03,2.38871852e+02,1.22902728e-02,-3.00291782e-02,3.30510492e+02,-6.05167102e-05,-5.49386631e-04,2.54706844e-01,8.79339769e-03,6.68834632e-03,3.72720682e-03,4.34605053e-04,-9.77563297e-05
1.80000000e+01,5.39813892e+02,9.38890212e-03,-2.90318579e-02,4.24834816e-01,-3.15320772e-03,4.88430533e-03,2.38870300e+02,9.47846322e-03,-2.86089495e-02,3.00943592e+02,-8.95611006e-05,-4.22908320e-04,4.20482561e-01,-3.34269607e-03,4.91974958e-03,4.35225465e-03,1.89488346e-04,-3.54442526e-05
1.90000000e+01,5.11037416e+02,8.52585954e-03,-2.27335306e-02,5.96416592e-01,-2.43771528e-02,6.02748897e-03,2.36730130e+02,8.88960422e-03,-2.30431248e-02,2.74307286e+02,-3.63744676e-04,3.09594144e-04,5.92332288e-01,-2.40508322e-02,6.13973040e-03,4.08430408e-03,-3.26320514e-04,-1.12241424e-04
2.00000000e+01,4.84028133e+02,4.44210033e-03,2.59495422e-02,7.18049279e-01,-6.73282591e-02,4.07658115e-03,2.33848602e+02,5.07258452e-03,2.52147939e-02,2.50179532e+02,-6.30484185e-04,7.34748302e-04,7.15445614e-01,-6.67283830e-02,4.39472114e-03,2.60366479e-03,-5.99876175e-04,-3.18139993e-04
2.10000000e+01,4.57789683e+02,-1.43039751e-02,7.32681169e-02,7.72560101e-01,-1.01957880e-01,-9.65986849e-03,2.29376836e+02,-1.35216580e-02,7.18892709e-02,2.28412847e+02,-7.82317086e-04,1.37884598e-03,7.71678956e-01,-1.01190982e-01,-9.18904185e-03,8.81145143e-04,-7.66898471e-04,-4.70826645e-04
2.20000000e+01,4.33821742e+02,-3.79781485e-02,1.37117604e-01,7.66688734e-01,-1.34275476e-01,-2.71172926e-02,2.24998198e+02,-3.71642965e-02,1.35903048e-01,2.08823544e+02,-8.13852003e-04,1.21455508e-03,7.67394611e-01,-1.33881513e-01,-2.65368065e-02,-7.05876707e-04,-3.93962131e-04,-5.80486074e-04
2.30000000e+01,4.11611483e+02,-7.45312433e-02,1.69192882e-01,7.32306133e-01,-1.41003141e-01,-5.35043369e-02,2.20207340e+02,-7.34573255e-02,1.68116730e-01,1.91404143e+02,-1.07391784e-03,1.07615139e-03,7.33998130e-01,-1.40994842e-01,-5.26388802e-02,-1.69199680e-03,-8.29857387e-06,-8.65456735e-04
2.40000000e+01,3.92648270e+02,-1.11606758e-01,1.92846874e-01,6.70983699e-01,-1.35915261e-01,-8.00916416e-02,2.16667488e+02,-1.10179002e-01,1.92043738e-01,1.75980782e+02,-1.42775604e-03,8.03136529e-04,6.73569965e-01,-1.36258065e-01,-7.88887309e-02,-2.58626604e-03,3.42803732e-04,-1.20291071e-03
2.50000000e+01,3.76244990e+02,-1.58296890e-01,1.94742318e-01,5.99837234e-01,-1.17045718e-01,-1.11345192e-01,2.13690644e+02,-1.56567472e-01,1.94340062e-01,1.62554346e+02,-1.72941764e-03,4.02256091e-04,6.03122151e-01,-1.17753963e-01,-1.09822194e-01,-3.28491700e-03,7.08245282e-04,-1.52299776e-03
2.60000000e+01,3.63484519e+02,-1.91035453e-01,1.76306667e-01,5.21131299e-01,-8.69812413e-02,-1.31990080e-01,2.12562238e+02,-1.89203212e-01,1.76470244e-01,1.50922281e+02,-1.83224064e-03,-1.63576713e-04,5.25076754e-01,-8.80835755e-02,-1.30359164e-01,-3.94545457e-03,1.10233423e-03,-1.63091503e-03
2.70000000e+01,3.53405344e+02,-2.25570289e-01,1.47742446e-01,4.40480143e-01,-5.34251412e-02,-1.51660722e-01,2.12401444e+02,-2.23912633e-01,1.48409410e-01,1.41003899e+02,-1.65765592e-03,-6.66964596e-04,4.45139468e-01,-5.48243868e-02,-1.50233951e-01,-4.65932416e-03,1.39924560e-03,-1.42677121e-03
2.80000000e+01,3.46256012e+02,-2.24337677e-01,1.03944382e-01,3.55480096e-01,-1.40228775e-02,-1.46090098e-01,2.13719443e+02,-2.23536356e-01,1.05293146e-01,1.32536569e+02,-8.01321129e-04,-1.34876445e-03,3.60715743e-01,-1.57907479e-02,-1.45278360e-01,-5.23564721e-03,1.76787036e-03,-8.11737907e-04
2.90000000e+01,3.40898461e+02,-2.22527256e-01,5.17389399e-02,2.71409273e-01,2.88970844e-02,-1.40493019e-01,2.15516359e+02,-2.22409935e-01,5.37675333e-02,1.25382103e+02,-1.17321537e-04,-2.02859335e-03,2.76992135e-01,2.67481233e-02,-1.40232344e-01,-5.58286205e-03,2.14896108e-03,-2.60674590e-04
3.00000000e+01,3.37155793e+02,-2.03273833e-01,-6.30192320e-03,1.91698950e-01,6.98761070e-02,-1.22206315e-01,2.17872955e+02,-2.03437206e-01,-3.55467987e-03,1.19282838e+02,1.63373211e-04,-2.74724334e-03,1.97269129e-01,6.75495905e-02,-1.22313211e-01,-5.57017814e-03,2.32651647e-03,1.06896164e-04
3.10000000e+01,3.33855246e+02,-1.77293971e-01,-8.38653915e-02,1.24864082e-01,1.13130454e-01,-1.02386302e-01,2.19775710e+02,-1.79024850e-01,-8.02345702e-02,1.14079536e+02,1.73087934e-03,-3.63082135e-03,1.30002218e-01,1.10701007e-01,-1.03297146e-01,-5.13813661e-03,2.42944697e-03,9.10844321e-04
3.20000000e+01,3.30515287e+02,-1.13836433e-01,-1.48737664e-01,7.43542961e-02,1.47737836e-01,-6.31953805e-02,2.20882390e+02,-1.16716675e-01,-1.45762735e-01,1.09632897e+02,2.88024164e-03,-2.97492894e-03,7.87365814e-02,1.45703102e-01,-6.49382507e-02,-4.38228536e-03,2.03473416e-03,1.74287021e-03
3.30000000e+01,3.26858020e+02,-4.21908228e-02,-2.06142921e-01,4.28965109e-02,1.77257397e-01,-1.83478967e-02,2.21042914e+02,-4.57497362e-02,-2.03809964e-01,1.05815106e+02,3.55891344e-03,-2.33295675e-03,4.64418583e-02,1.75675851e-01,-2.06858946e-02,-3.54534740e-03,1.58154548e-03,2.33799790e-03
3.40000000e+01,3.22659529e+02,4.79491058e-02,-2.45702747e-01,2.81899203e-02,1.91334820e-01,3.80185178e-02,2.20216813e+02,4.36659118e-02,-2.44142658e-01,1.02442716e+02,4.28319402e-03,-1.56008929e-03,3.09475042e-02,1.90319646e-01,3.51575142e-02,-2.75758385e-03,1.01517427e-03,2.86100357e-03
3.50000000e+01,3.18011697e+02,1.43966238e-01,-2.65131730e-01,2.47792464e-02,1.90339766e-01,9.33187165e-02,2.18571467e+02,1.39354725e-01,-2.64149980e-01,9.94402300e+01,4.61151256e-03,-9.81750179e-04,2.69982107e-02,1.89922511e-01,9.01741529e-02,-2.21896439e-03,4.17255360e-04,3.14456357e-03
3.60000000e+01,3.12982019e+02,2.49636534e-01,-2.76288087e-01,2.50445281e-02,1.82558937e-01,1.52635770e-01,2.16274778e+02,2.45621438e-01,-2.75910044e-01,9.67072410e+01,4.01509592e-03,-3.78043169e-04,2.69472912e-02,1.82689388e-01,1.49622782e-01,-1.90276303e-03,-1.30451234e-04,3.01298774e-03
3.70000000e+01,3.07779472e+02,3.28747897e-01,-2.60337187e-01,2.39262904e-02,1.59784271e-01,1.99689780e-01,2.13620585e+02,3.25465806e-01,-2.60521440e-01,9.41588864e+01,3.28209073e-03,1.84252398e-04,2.57648602e-02,1.60393534e-01,1.96880381e-01,-1.83856972e-03,-6.09263194e-04,2.80939985e-03
3.80000000e+01,3.02511816e+02,3.76822254e-01,-2.40922214e-01,1.70137112e-02,1.37675235e-01,2.30990297e-01,2.10810764e+02,3.74098027e-01,-2.41811903e-01,9.17010523e+01,2.72422716e-03,8.89689063e-04,1.89489401e-02,1.38763228e-01,2.28308850e-01,-1.93522896e-03,-1.08799354e-03,2.68144727e-03
3.90000000e+01,2.97200196e+02,4.02418780e-01,-2.17428082e-01,2.93638664e-03,1.14814216e-01,2.50339366e-01,2.07926522e+02,4.00429568e-01,-2.18724999e-01,8.92736738e+01,1.98921207e-03,1.29691751e-03,5.05456051e-03,1.16237844e-01,2.48012117e-01,-2.11817387e-03,-1.42362787e-03,2.32724954e-03
4.00000000e+01,2.91729351e+02,4.10345723e-01,-1.82351674e-01,-1.79672563e-02,8.76283164e-02,2.60424245e-01,2.04910663e+02,4.09374524e-01,-1.84042580e-01,8.68186882e+01,9.71198929e-04,1.69090600e-03,-1.57087187e-02,8.92724868e-02,2.58744962e-01,-2.25853763e-03,-1.64417038e-03,1.67928329e-03
4.10000000e+01,2.86167580e+02,4.02094027e-01,-1.30115574e-01,-4.19901291e-02,5.20772193e-02,2.60435965e-01,2.01827881e+02,4.01886238e-01,-1.32075070e-01,8.43396985e+01,2.07788499e-04,1.95949551e-03,-3.96784497e-02,5.39162478e-02,2.59356996e-01,-2.31167938e-03,-1.83902842e-03,1.07896942e-03
4.20000000e+01,2.80652162e+02,3.55023704e-01,-8.77938623e-02,-6.60969361e-02,2.48708652e-02,2.37205274e-01,1.98833816e+02,3.56194748e-01,-8.97759602e-02,8.18183468e+01,-1.17104395e-03,1.98209786e-03,-6.38512949e-02,2.66634348e-02,2.37141658e-01,-2.24564116e-03,-1.79256955e-03,6.36159234e-05
4.30000000e+01,2.75174237e+02,3.06967481e-01,-4.36143700e-02,-8.66368317e-02,-1.94614229e-03,2.11077715e-01,1.95901427e+02,3.08645862e-01,-4.58339567e-02,7.92728100e+01,-1.67838087e-03,2.21958673e-03,-8.45665425e-02,-4.24331811e-05,2.11627050e-01,-2.07028915e-03,-1.90370911e-03,-5.49335726e-04
4.40000000e+01,2.69959145e+02,2.45611780e-01,2.74112480e-03,-1.00987251e-01,-2.61911521e-02,1.76451381e-01,1.93244361e+02,2.48067280e-01,3.59034646e-04,7.67147830e+01,-2.45550096e-03,2.38209015e-03,-9.92035499e-02,-2.43473301e-02,1.77684272e-01,-1.78370071e-03,-1.84382199e-03,-1.23289118e-03
4.50000000e+01,2.65115724e+02,1.74867111e-01,4.59283195e-02,-1.07323253e-01,-4.96149164e-02,1.31907619e-01,1.90933264e+02,1.77764094e-01,4.39716417e-02,7.41824601e+01,-2.89698291e-03,1.95667786e-03,-1.05908138e-01,-4.80437345e-02,1.33810058e-01,-1.41511558e-03,-1.57118191e-03,-1.90243820e-03
4.60000000e+01,2.60507205e+02,1.23496901e-01,8.13043666e-02,-1.05169982e-01,-6.65028236e-02,1.00355068e-01,1.88802751e+02,1.26120098e-01,7.93540521e-02,7.17044542e+01,-2.62319701e-03,1.95031450e-03,-1.04171893e-01,-6.51112961e-02,1.02145468e-01,-9.98089142e-04,-1.39152750e-03,-1.79039967e-03
4.70000000e+01,2.56162081e+02,7.68348061e-02,1.07598262e-01,-9.51430128e-02,-8.01191195e-02,6.90732136e-02,1.86845500e+02,7.96966035e-02,1.06581459e-01,6.93165812e+01,-2.86179736e-03,1.01680274e-03,-9.45527516e-02,-7.92364547e-02,7.12808293e-02,-5.90261181e-04,-8.82664750e-04,-2.20761568e-03
4.80000000e+01,2.52048335e+02,5.22773137e-02,1.27664925e-01,-7.92994100e-02,-8.68174765e-02,5.29988160e-02,1.84993038e+02,5.51905003e-02,1.26979312e-01,6.70552962e+01,-2.91318661e-03,6.85613194e-04,-7.90407927e-02,-8.63888537e-02,5.53492288e-02,-2.58617293e-04,-4.28622823e-04,-2.35041286e-03
4.90000000e+01,2.48309964e+02,4.15944482e-02,1.41346243e-01,-6.09180901e-02,-9.50081555e-02,4.23022542e-02,1.83370088e+02,4.49020415e-02,1.41455960e-01,6.49398769e+01,-3.30759326e-03,-1.09717529e-04,-6.08617727e-02,-9.48433390e-02,4.50643762e-02,-5.63174145e-05,-1.64816528e-04,-2.76212202e-03
5.00000000e+01,2.44896984e+02,4.59248214e-02,1.44616568e-01,-4.45595708e-02,-9.38512566e-02,4.24949989e-02,1.81896075e+02,4.87214752e-02,1.44658875e-01,6.30009098e+01,-2.79665382e-03,-4.23065522e-05,-4.45263209e-02,-9.38373305e-02,4.48414750e-02,-3.32499075e-05,-1.39260579e-05,-2.34647605e-03
5.10000000e+01,2.41993668e+02,4.98838087e-02,1.47991669e-01,-3.40283977e-02,-9.77128277e-02,4.22802328e-02,1.80750459e+02,5.13461530e-02,1.48373423e-01,6.12432089e+01,-1.46234437e-03,-3.81754557e-04,-3.38643178e-02,-9.75866757e-02,4.35362827e-02,-1.64079976e-04,-1.26152066e-04,-1.25604982e-03
5.20000000e+01,2.39532019e+02,5.52116095e-02,1.41297782e-01,-3.19394427e-02,-9.24553100e-02,4.35519938e-02,1.79859302e+02,5.50441188e-02,1.41483673e-01,5.96727173e+01,1.67490615e-04,-1.85890808e-04,-3.15023395e-02,-9.24358809e-02,4.33587717e-02,-4.37103200e-04,-1.94291274e-05,1.93222092e-04
5.30000000e+01,2.37432856e+02,6.50240278e-02,1.32914546e-01,-3.96230962e-02,-9.15536168e-02,4.95562155e-02,1.79160734e+02,6.26829167e-02,1.32968339e-01,5.82721214e+01,2.34111101e-03,-5.37936826e-05,-3.88492622e-02,-9.09484844e-02,4.75589098e-02,-7.73834029e-04,-6.05132408e-04,1.99730567e-03
5.40000000e+01,2.35597395e+02,6.07821824e-02,1.21163234e-01,-5.74942453e-02,-8.49155803e-02,4.54417683e-02,1.78575101e+02,5.64229117e-02,1.19598269e-01,5.70222939e+01,4.35927073e-03,1.56496449e-03,-5.63473931e-02,-8.33377578e-02,4.18333155e-02,-1.14685220e-03,-1.57782250e-03,3.60845279e-03
5.50000000e+01,2.33874800e+02,6.60613802e-02,1.08786299e-01,-8.43239517e-02,-8.19949618e-02,4.72849071e-02,1.77971978e+02,6.06000528e-02,1.06011242e-01,5.59028218e+01,5.46132738e-03,2.77505730e-03,-8.28441067e-02,-7.91077765e-02,4.28505751e-02,-1.47984509e-03,-2.88718526e-03,4.43433207e-03
5.60000000e+01,2.32260329e+02,5.65174622e-02,1.03378862e-01,-1.18449145e-01,-7.69935396e-02,4.01672437e-02,1.77373578e+02,5.10265557e-02,9.85429943e-02,5.48867509e+01,5.49090646e-03,4.83586815e-03,-1.16709272e-01,-7.29294572e-02,3.57337906e-02,-1.73987283e-03,-4.06408240e-03,4.43345311e-03
5.70000000e+01,2.30770293e+02,5.65046081e-02,8.92289017e-02,-1.57082978e-01,-6.96502621e-02,4.02842082e-02,1.76818684e+02,5.15708543e-02,8.41513270e-02,5.39516094e+01,4.93375379e-03,5.07757476e-03,-1.55215509e-01,-6.52118472e-02,3.62727981e-02,-1.86746864e-03,-4.43841490e-03,4.01141016e-03
5.80000000e+01,2.29439104e+02,5.89027223e-02,7.91815706e-02,-1.96941666e-01,-5.96133685e-02,4.24399174e-02,1.76361115e+02,5.40644547e-02,7.34441775e-02,5.30779888e+01,4.83826763e-03,5.73739305e-03,-1.95077349e-01,-5.51509445e-02,3.85448735e-02,-1.86431610e-03,-4.46242404e-03,3.89504395e-03
5.90000000e+01,2.28246847e+02,5.96170548e-02,5.70785354e-02,-2.34526279e-01,-4.44419797e-02,4.32297460e-02,1.75996713e+02,5.52631435e-02,5.28010564e-02,5.22501338e+01,4.35391128e-03,4.27747898e-03,-2.32804824e-01,-4.09811177e-02,3.97451967e-02,-1.72145544e-03,-3.46086198e-03,3.48454932e-03
6.00000000e+01,2.27262783e+02,6.13525255e-02,4.14088666e-02,-2.67188521e-01,-3.02090622e-02,4.52650664e-02,1.75805921e+02,5.75204758e-02,3.79632719e-02,5.14568622e+01,3.83204963e-03,3.44559473e-03,-2.65731535e-01,-2.78359742e-02,4.22636171e-02,-1.45698612e-03,-2.37308802e-03,3.00144930e-03
6.10000000e+01,2.26473740e+02,6.19495122e-02,1.82015369e-02,-2.91906393e-01,-1.46204468e-02,4.60544459e-02,1.75795672e+02,5.84686328e-02,1.71223431e-02,5.06780676e+01,3.48087941e-03,1.07919385e-03,-2.90806843e-01,-1.38662410e-02,4.33220387e-02,-1.09954972e-03,-7.54205841e-04,2.73240711e-03
6.20000000e+01,2.25777034e+02,5.83734623e-02,1.73316098e-03,-3.06916883e-01,-1.91013990e-03,4.39984640e-02,1.75857732e+02,5.49057799e-02,1.91074932e-03,4.99193020e+01,3.46768246e-03,-1.77588343e-04,-3.06228976e-01,-2.49777658e-03,4.13816323e-02,-6.87906890e-04,5.87636681e-04,2.61683169e-03
6.30000000e+01,2.25274789e+02,4.83952879e-02,-1.88560792e-02,-3.10961896e-01,1.03171551e-02,3.65700727e-02,1.76117668e+02,4.48848649e-02,-1.64161134e-02,4.91571214e+01,3.51042297e-03,-2.43996578e-03,-3.10707261e-01,8.15729265e-03,3.39337134e-02,-2.54635209e-04,2.15986243e-03,2.63635932e-03
6.40000000e+01,2.24772753e+02,3.21757558e-02,-3.02409730e-02,-3.04680324e-01,2.05056578e-02,2.45896681e-02,1.76373533e+02,2.85761298e-02,-2.69340566e-02,4.83992200e+01,3.59962597e-03,-3.30691638e-03,-3.04838810e-01,1.73492304e-02,2.19867239e-02,1.58485700e-04,3.15642737e-03,2.60294417e-03
6.50000000e+01,2.24323141e+02,1.23312265e-02,-3.78238750e-02,-2.90184986e-01,2.38070313e-02,9.52465282e-03,1.76684589e+02,8.69710784e-03,-3.33593063e-02,4.76385518e+01,3.63411867e-03,-4.46456868e-03,-2.90695022e-01,2.00453669e-02,6.95430198e-03,5.10036443e-04,3.76166447e-03,2.57035084e-03
6.60000000e+01,2.23871236e+02,-2.86070158e-04,-2.89324636e-02,-2.70708869e-01,1.92640468e-02,-1.63271982e-03,1.76991054e+02,-3.68494660e-03,-2.47248974e-02,4.68801816e+01,3.39887644e-03,-4.20756619e-03,-2.71490909e-01,1.55194717e-02,-3.97970699e-03,7.82039769e-04,3.74457506e-03,2.34698717e-03
6.70000000e+01,2.23314468e+02,-9.78480876e-03,-7.66947820e-03,-2.48587664e-01,3.88676912e-03,-9.67148648e-03,1.77186388e+02,-1.25716407e-02,-3.53898765e-03,4.61280796e+01,2.78683199e-03,-4.13049055e-03,-2.49554065e-01,5.82425049e-04,-1.16137896e-02,9.66401274e-04,3.30434407e-03,1.94230312e-03
6.80000000e+01,2.22689054e+02,-1.42990183e-02,2.72738791e-02,-2.25763254e-01,-1.62224403e-02,-1.38917388e-02,1.77297744e+02,-1.64615667e-02,3.03743809e-02,4.53913099e+01,2.16254835e-03,-3.10050176e-03,-2.26843097e-01,-1.88376772e-02,-1.53869389e-02,1.07984271e-03,2.61523694e-03,1.49520012e-03
6.90000000e+01,2.22049833e+02,-1.52293808e-02,5.17117357e-02,-2.03329898e-01,-3.38689431e-02,-1.49251629e-02,1.77378805e+02,-1.65272542e-02,5.41892542e-02,4.46710282e+01,1.29787338e-03,-2.47751847e-03,-2.04438211e-01,-3.55028021e-02,-1.58313952e-02,1.10831368e-03,1.63385906e-03,9.06232258e-04
7.00000000e+01,2.21359404e+02,-1.27785171e-02,7.35680860e-02,-1.82570128e-01,-4.83356553e-02,-1.33789513e-02,1.77387549e+02,-1.35985113e-02,7.45610049e-02,4.39718549e+01,8.19994185e-04,-9.92918899e-04,-1.83641682e-01,-4.88972443e-02,-1.39424576e-02,1.07155418e-03,5.61588981e-04,5.63506288e-04
7.10000000e+01,2.20596274e+02,-9.10489749e-03,8.52405332e-02,-1.64543998e-01,-5.85229557e-02,-9.71202297e-03,1.77302990e+02,-9.75989973e-03,8.54206246e-02,4.32932845e+01,6.55002239e-04,-1.80091453e-04,-1.65503243e-01,-5.80886418e-02,-1.02019322e-02,9.59244377e-04,-4.34313952e-04,4.89909220e-04
7.20000000e+01,2.19806410e+02,8.54125837e-04,9.60417139e-02,-1.49863518e-01,-6.32321962e-02,-2.22988931e-03,1.77166595e+02,4.39177329e-05,9.47220629e-02,4.26398148e+01,8.10208104e-04,1.31965101e-03,-1.50672926e-01,-6.18500003e-02,-2.85185501e-03,8.09408310e-04,-1.38219596e-03,6.21965694e-04
7.30000000e+01,2.18946492e+02,8.47639096e-03,8.94773373e-02,-1.39473307e-01,-6.05416593e-02,3.72243002e-03,1.76935397e+02,7.31619806e-03,8.74902639e-02,4.20110949e+01,1.16019290e-03,1.98707345e-03,-1.40091921e-01,-5.83162279e-02,2.76162650e-03,6.18614479e-04,-2.22543138e-03,9.60803520e-04
7.40000000e+01,2.18075044e+02,1.59396777e-02,8.17982527e-02,-1.34113557e-01,-5.45315347e-02,9.31327225e-03,1.76666243e+02,1.43708470e-02,7.84277692e-02,4.14088002e+01,1.56883067e-03,3.37048350e-03,-1.34540671e-01,-5.15000960e-02,8.01520951e-03,4.27113999e-04,-3.03143863e-03,1.29806274e-03
7.50000000e+01,2.17193712e+02,2.02767564e-02,6.88251657e-02,-1.33565080e-01,-4.74662248e-02,1.33593567e-02,1.76364972e+02,1.80624015e-02,6.49664095e-02,4.08287403e+01,2.21435493e-03,3.85875620e-03,-1.33795590e-01,-4.38433794e-02,1.14982286e-02,2.30510521e-04,-3.62284537e-03,1.86112811e-03
7.60000000e+01,2.16335053e+02,2.74779545e-02,5.93926038e-02,-1.36720944e-01,-3.81203462e-02,1.91616273e-02,1.76067816e+02,2.45225718e-02,5.44396968e-02,4.02672371e+01,2.95538270e-03,4.95290692e-03,-1.36783608e-01,-3.39993498e-02,1.67432110e-02,6.26647438e-05,-4.12099644e-03,2.41841632e-03
7.70000000e+01,2.15443098e+02,3.47581720e-02,4.22163135e-02,-1.41922390e-01,-2.75602813e-02,2.47098489e-02,1.75719837e+02,3.10557426e-02,3.72821086e-02,3.97232604e+01,3.70242940e-03,4.93420490e-03,-1.41843205e-01,-2.32142939e-02,2.17058578e-02,-7.91851665e-05,-4.34598742e-03,3.00399112e-03
7.80000000e+01,2.14589985e+02,3.83355161e-02,2.74677306e-02,-1.48298186e-01,-1.60108952e-02,2.71942210e-02,1.75394549e+02,3.40015063e-02,2.21866856e-02,3.91954358e+01,4.33400976e-03,5.28104502e-03,-1.48140049e-01,-1.16991693e-02,2.37363094e-02,-1.58136176e-04,-4.31172583e-03,3.45791155e-03
7.90000000e+01,2.13721138e+02,3.46868091e-02,9.70134568e-03,-1.54635472e-01,-5.02397298e-03,2.52367170e-02,1.75037985e+02,2.98890015e-02,5.10005559e-03,3.86831531e+01,4.79780756e-03,4.60129009e-03,-1.54450295e-01,-1.02530254e-03,2.14243810e-02,-1.85177397e-04,-3.99867044e-03,3.81233598e-03
8.00000000e+01,2.12877275e+02,2.81743831e-02,-2.67195270e-03,-1.59740492e-01,6.62400858e-03,2.04913733e-02,1.74689432e+02,2.33877622e-02,-7.06371911e-03,3.81878428e+01,4.78662091e-03,4.39176640e-03,-1.59599197e-01,1.01337507e-02,1.67382171e-02,-1.41295039e-04,-3.50974210e-03,3.75315623e-03
8.10000000e+01,2.12043663e+02,2.03022889e-02,-2.22655978e-02,-1.62875731e-01,1.91282718e-02,1.45817614e-02,1.74338470e+02,1.60441862e-02,-2.53756865e-02,3.77051931e+01,4.25810267e-03,3.11008873e-03,-1.62804753e-01,2.18949274e-02,1.12639578e-02,-7.09785471e-05,-2.76665558e-03,3.31780357e-03
8.20000000e+01,2.11215403e+02,1.34962246e-02,-3.44631392e-02,-1.63732754e-01,2.87360033e-02,8.91527918e-03,1.73979930e+02,1.03608970e-02,-3.69162453e-02,3.72354735e+01,3.13532765e-03,2.45310602e-03,-1.63764176e-01,3.06991927e-02,6.51268062e-03,3.14213750e-05,-1.96318934e-03,2.40259857e-03
8.30000000e+01,2.10385970e+02,7.66382075e-03,-4.51579244e-02,-1.62330320e-01,3.44210212e-02,4.74095972e-03,1.73610374e+02,5.80051293e-03,-4.61764031e-02,3.67755960e+01,1.86330782e-03,1.01847875e-03,-1.62448249e-01,3.54737732e-02,3.33339321e-03,1.17929273e-04,-1.05275202e-03,1.40756651e-03
8.40000000e+01,2.09552518e+02,3.11491611e-03,-4.91013424e-02,-1.59276701e-01,3.93086254e-02,1.18719120e-03,1.73224502e+02,2.56972405e-03,-4.94206450e-02,3.63280157e+01,5.45192052e-04,3.19302591e-04,-1.59485524e-01,3.95052853e-02,8.37443809e-04,2.08823320e-04,-1.96659928e-04,3.49747394e-04
8.50000000e+01,2.08694346e+02,6.72330376e-03,-5.72662445e-02,-1.55238063e-01,4.28241838e-02,3.20749332e-03,1.72803374e+02,7.08975272e-03,-5.61538036e-02,3.58909728e+01,-3.66448961e-04,-1.11244088e-03,-1.55499723e-01,4.21554454e-02,3.56409606e-03,2.61659781e-04,6.68738405e-04,-3.56602740e-04
8.60000000e+01,2.07826043e+02,1.43147459e-02,-5.84765111e-02,-1.50633376e-01,4.32770794e-02,7.72129981e-03,1.72359210e+02,1.52926259e-02,-5.67440149e-02,3.54668331e+01,-9.77880030e-04,-1.73249619e-03,-1.50945786e-01,4.18556623e-02,8.55659476e-03,3.12409710e-04,1.42141710e-03,-8.35294954e-04
8.70000000e+01,2.06932536e+02,2.16504125e-02,-5.74682994e-02,-1.46209796e-01,4.00937853e-02,1.29168498e-02,1.71877558e+02,2.25963873e-02,-5.45363354e-02,3.50549777e+01,-9.45974760e-04,-2.93196398e-03,-1.46529252e-01,3.79511945e-02,1.36881516e-02,3.19455892e-04,2.14259080e-03,-7.71301839e-04
8.80000000e+01,2.06040348e+02,2.78945072e-02,-4.40279783e-02,-1.42263049e-01,3.25463584e-02,1.76721722e-02,1.71382369e+02,2.84745844e-02,-4.08153280e-02,3.46579788e+01,-5.80077266e-04,-3.21265030e-03,-1.42590664e-01,2.99167920e-02,1.81323850e-02,3.27614947e-04,2.62956636e-03,-4.60212796e-04
8.90000000e+01,2.05153554e+02,3.16017439e-02,-3.22112157e-02,-1.39181703e-01,2.26211312e-02,2.09798271e-02,1.70880820e+02,3.13898584e-02,-2.81810168e-02,3.42727339e+01,2.11885513e-04,-4.03019888e-03,-1.39481849e-01,1.96332421e-02,2.07778920e-02,3.00146453e-04,2.98788909e-03,2.01935090e-04
9.00000000e+01,2.04316412e+02,3.29644893e-02,-1.74648489e-02,-1.37074620e-01,1.24947472e-02,2.23728257e-02,1.70414896e+02,3.21307170e-02,-1.34899735e-02,3.39015158e+01,8.33772228e-04,-3.97487535e-03,-1.37358684e-01,9.36399490e-03,2.16679166e-02,2.84063316e-04,3.13075230e-03,7.04909128e-04
9.10000000e+01,2.03499772e+02,3.15345283e-02,-1.30472535e-02,-1.35995052e-01,7.27597463e-03,2.21862785e-02,1.69959198e+02,3.01577907e-02,-8.65043369e-03,3.35405748e+01,1.37673756e-03,-4.39681981e-03,-1.36239286e-01,4.07140764e-03,2.10303858e-02,2.44233472e-04,3.20456699e-03,1.15589265e-03
9.20000000e+01,2.02718208e+02,2.84559440e-02,-1.00773590e-02,-1.35557713e-01,6.80055473e-03,2.04458016e-02,1.69526451e+02,2.69774474e-02,-6.19789609e-03,3.31917573e+01,1.47849661e-03,-3.87946288e-03,-1.35784985e-01,3.77788982e-03,1.92169542e-02,2.27271763e-04,3.02266490e-03,1.22884740e-03
9.30000000e+01,2.01947850e+02,2.19898690e-02,-1.68174586e-02,-1.35768661e-01,9.76353108e-03,1.61212466e-02,1.69095893e+02,2.04434641e-02,-1.29782892e-02,3.28519576e+01,1.54640488e-03,-3.83916936e-03,-1.35965444e-01,7.05117564e-03,1.48391859e-02,1.96783427e-04,2.71235543e-03,1.28206073e-03
9.40000000e+01,2.01206286e+02,1.48410541e-02,-2.14458215e-02,-1.36314186e-01,1.33847056e-02,1.09106274e-02,1.68683901e+02,1.33683854e-02,-1.86192551e-02,3.25223853e+01,1.47266872e-03,-2.82656639e-03,-1.36513504e-01,1.12660374e-02,9.69909922e-03,1.99318000e-04,2.11866817e-03,1.21152819e-03
9.50000000e+01,2.00476922e+02,9.49562433e-03,-2.57144863e-02,-1.37021798e-01,1.53898443e-02,7.10962389e-03,1.68275701e+02,7.65740554e-03,-2.36344152e-02,3.22012201e+01,1.83821879e-03,-2.08007111e-03,-1.37219286e-01,1.40492055e-02,5.61952395e-03,1.97488136e-04,1.34063879e-03,1.49009993e-03
9.60000000e+01,1.99769083e+02,1.08272608e-02,-2.03452809e-02,-1.37146803e-01,1.48479607e-02,7.74360215e-03,1.67881441e+02,8.49950678e-03,-1.98451314e-02,3.18876417e+01,2.32775398e-03,-5.00149571e-04,-1.37379706e-01,1.44954454e-02,5.87943126e-03,2.32903049e-04,3.52515328e-04,1.86417089e-03
9.70000000e+01,1.99065550e+02,1.71286372e-02,-1.71421670e-02,-1.36753062e-01,1.25415615e-02,1.17342213e-02,1.67484532e+02,1.39476413e-02,-1.74342670e-02,3.15810186e+01,3.18099586e-03,2.92099994e-04,-1.37009252e-01,1.30436696e-02,9.21229593e-03,2.56190639e-04,-5.02108058e-04,2.52192538e-03
9.80000000e+01,1.98394972e+02,2.42925502e-02,-1.24772872e-02,-1.35596359e-01,1.05481348e-02,1.61808789e-02,1.67112266e+02,2.04909483e-02,-1.38790354e-02,3.12827061e+01,3.80160189e-03,1.40174819e-03,-1.35900689e-01,1.17217383e-02,1.31655987e-02,3.04330534e-04,-1.17360349e-03,3.01528020e-03
9.90000000e+01,1.97757677e+02,2.89552849e-02,-1.34109472e-02,-1.34153128e-01,1.06093455e-02,1.93293060e-02,1.66766110e+02,2.45297932e-02,-1.49008598e-02,3.09915667e+01,4.42549171e-03,1.48991253e-03,-1.34487277e-01,1.20167333e-02,1.58178487e-02,3.34148534e-04,-1.40738780e-03,3.51145730e-03
1.00000000e+02,1.97183182e+02,3.14218878e-02,-1.24043296e-02,-1.32225427e-01,1.27033710e-02,2.08914706e-02,1.66474334e+02,2.68338551e-02,-1.40501879e-02,3.07088480e+01,4.58803269e-03,1.64585830e-03,-1.32606521e-01,1.39797531e-02,1.72387153e-02,3.81094012e-04,-1.27638206e-03,3.65275528e-03
1.01000000e+02,1.96654895e+02,3.37597304e-02,-1.81634674e-02,-1.30357162e-01,1.56590219e-02,2.24780154e-02,1.66222616e+02,2.90653427e-02,-1.88959630e-02,3.04322792e+01,4.69438766e-03,7.32495689e-04,-1.30755950e-01,1.64293476e-02,1.87460510e-02,3.98787473e-04,-7.70325707e-04,3.73196442e-03
1.02000000e+02,1.96179741e+02,3.55666487e-02,-2.26629212e-02,-1.28489106e-01,1.88858128e-02,2.35255804e-02,1.66015131e+02,3.12403853e-02,-2.29024063e-02,3.01646100e+01,4.32626345e-03,2.39485095e-04,-1.28907897e-01,1.90589855e-02,2.00830688e-02,4.18790675e-04,-1.73172647e-04,3.44251164e-03
1.03000000e+02,1.95720236e+02,3.57605767e-02,-2.82429539e-02,-1.27283129e-01,2.13222406e-02,2.37772091e-02,1.65817210e+02,3.17941261e-02,-2.75768777e-02,2.99030264e+01,3.96645066e-03,-6.66076164e-04,-1.27688062e-01,2.09342889e-02,2.06319475e-02,4.04933738e-04,3.87951781e-04,3.14526163e-03
1.04000000e+02,1.95283187e+02,3.42332356e-02,-2.79041373e-02,-1.26565950e-01,2.28245769e-02,2.28664512e-02,1.65633150e+02,3.09444476e-02,-2.72293726e-02,2.96500370e+01,3.28878805e-03,-6.74764717e-04,-1.26964110e-01,2.22145052e-02,2.02451457e-02,3.98160419e-04,6.10071655e-04,2.62130543e-03
1.05000000e+02,1.94851108e+02,3.32998434e-02,-2.98493218e-02,-1.26722978e-01,2.23452830e-02,2.24210828e-02,1.65446810e+02,3.04561979e-02,-2.90258617e-02,2.94042981e+01,2.84364541e-03,-8.23460043e-04,-1.27093355e-01,2.18478046e-02,2.01594616e-02,3.70376471e-04,4.97478353e-04,2.26162119e-03
1.06000000e+02,1.94438751e+02,3.28251913e-02,-2.79853026e-02,-1.27280519e-01,2.05537091e-02,2.21953887e-02,1.65272478e+02,3.06026524e-02,-2.79942871e-02,2.91662723e+01,2.22253893e-03,8.98451560e-06,-1.27645172e-01,2.05506552e-02,2.04140497e-02,3.64652392e-04,3.05385416e-06,1.78133904e-03
1.07000000e+02,1.94025023e+02,3.10238596e-02,-2.71124728e-02,-1.28412343e-01,1.83461978e-02,2.14403875e-02,1.65090508e+02,2.91872598e-02,-2.77450975e-02,2.89345154e+01,1.83659981e-03,6.32624747e-04,-1.28763452e-01,1.90075828e-02,1.99624805e-02,3.51109363e-04,-6.61385006e-04,1.47790700e-03
1.08000000e+02,1.93618058e+02,2.77488379e-02,-2.08473674e-02,-1.29561156e-01,1.56818138e-02,1.98297551e-02,1.64908194e+02,2.64804719e-02,-2.26483759e-02,2.87098637e+01,1.26836600e-03,1.80100855e-03,-1.29926343e-01,1.70681681e-02,1.87851731e-02,3.65186977e-04,-1.38635430e-03,1.04458198e-03
1.09000000e+02,1.93200444e+02,2.57460351e-02,-1.84159933e-02,-1.30989045e-01,1.25518193e-02,1.91369344e-02,1.64709112e+02,2.48113701e-02,-2.05445651e-02,2.84913313e+01,9.34664925e-04,2.12857179e-03,-1.31357907e-01,1.44072781e-02,1.83624003e-02,3.68861656e-04,-1.85545880e-03,7.74534111e-04
1.10000000e+02,1.92788679e+02,2.36469576e-02,-1.50037136e-02,-1.32259238e-01,1.02285565e-02,1.80722086e-02,1.64507921e+02,2.32534048e-02,-1.75091108e-02,2.82807575e+01,3.93552710e-04,2.50539724e-03,-1.32653702e-01,1.22019386e-02,1.77221383e-02,3.94464585e-04,-1.97338208e-03,3.50070301e-04
1.11000000e+02,1.92370452e+02,2.16087942e-02,-1.36821997e-02,-1.33771158e-01,8.54372751e-03,1.70941879e-02,1.64294204e+02,2.15736416e-02,-1.55862114e-02,2.80762479e+01,3.51525779e-05,1.90401168e-03,-1.34177951e-01,1.01721250e-02,1.70376764e-02,4.06793557e-04,-1.62839753e-03,5.65115633e-05
1.12000000e+02,1.91960190e+02,1.92985258e-02,-9.19605862e-03,-1.35125176e-01,7.93622401e-03,1.57704856e-02,1.64081363e+02,1.98128049e-02,-1.05896169e-02,2.78788277e+01,-5.14279107e-04,1.39355830e-03,-1.35565755e-01,8.95325776e-03,1.61365527e-02,4.40578947e-04,-1.01703375e-03,-3.66067133e-04
1.13000000e+02,1.91540837e+02,1.82157513e-02,-9.84145487e-03,-1.36635241e-01,7.69584947e-03,1.51109838e-02,1.63853497e+02,1.89833417e-02,-9.98147872e-03,2.76873401e+01,-7.67590365e-04,1.40023849e-04,-1.37097438e-01,7.91686007e-03,1.56920385e-02,4.62196695e-04,-2.21010598e-04,-5.81054786e-04
1.14000000e+02,1.91127817e+02,1.75804356e-02,-8.83390461e-03,-1.37892055e-01,7.49580316e-03,1.44390695e-02,1.63624807e+02,1.87201823e-02,-8.25686634e-03,2.75030103e+01,-1.13974663e-03,-5.77038267e-04,-1.38392916e-01,6.98267136e-03,1.53100775e-02,5.00861907e-04,5.13131801e-04,-8.71008008e-04
1.15000000e+02,1.90710626e+02,1.71392535e-02,-1.02246174e-02,-1.39211023e-01,7.98017210e-03,1.39197650e-02,1.63386553e+02,1.83144759e-02,-8.68895214e-03,2.73240732e+01,-1.17522234e-03,-1.53566523e-03,-1.39735411e-01,6.85611196e-03,1.48216179e-02,5.24387596e-04,1.12406014e-03,-9.01852903e-04
1.16000000e+02,1.90306858e+02,1.64792854e-02,-7.05607512e-03,-1.40077035e-01,8.14749533e-03,1.33194572e-02,1.63155257e+02,1.77741985e-02,-5.33490365e-03,2.71516017e+01,-1.29491307e-03,-1.72117147e-03,-1.40641984e-01,6.70868782e-03,1.42966049e-02,5.64949019e-04,1.43880751e-03,-9.77147737e-04
1.17000000e+02,1.89903953e+02,1.58479907e-02,-8.40207572e-03,-1.40847897e-01,8.10878140e-03,1.27262266e-02,1.62920040e+02,1.69561222e-02,-6.28863510e-03,2.69839127e+01,-1.10813145e-03,-2.11344062e-03,-1.41437131e-01,6.58099510e-03,1.35646133e-02,5.89234639e-04,1.52778630e-03,-8.38386640e-04
1.18000000e+02,1.89516175e+02,1.64186699e-02,-7.88639343e-03,-1.41254966e-01,7.88057640e-03,1.26672381e-02,1.62693580e+02,1.74960673e-02,-6.12863398e-03,2.68225946e+01,-1.07739744e-03,-1.75775945e-03,-1.41879748e-01,6.50090518e-03,1.34755951e-02,6.24782898e-04,1.37967122e-03,-8.08356999e-04
1.19000000e+02,1.89132620e+02,1.60048828e-02,-9.21580563e-03,-1.41770755e-01,8.07201011e-03,1.20065774e-02,1.62465908e+02,1.68537931e-02,-7.54073470e-03,2.66667115e+01,-8.48910298e-04,-1.67507093e-03,-1.42414366e-01,6.90898573e-03,1.26329141e-02,6.43611507e-04,1.16302438e-03,-6.26336694e-04
1.20000000e+02,1.88769925e+02,1.44911426e-02,-5.27511045e-03,-1.42048008e-01,7.61179689e-03,1.08346407e-02,1.62252154e+02,1.52940134e-02,-4.18797522e-03,2.65177714e+01,-8.02870806e-04,-1.08713522e-03,-1.42722376e-01,6.74110730e-03,1.14024957e-02,6.74367875e-04,8.70689584e-04,-5.67854991e-04
1.21000000e+02,1.88417214e+02,1.36916929e-02,-5.45317814e-03,-1.42379532e-01,6.91425984e-03,1.01750902e-02,1.62043306e+02,1.41975464e-02,-4.37863595e-03,2.63739077e+01,-5.05853503e-04,-1.07454218e-03,-1.43068636e-01,6.25369596e-03,1.05247375e-02,6.89104050e-04,6.60563881e-04,-3.49647290e-04
1.22000000e+02,1.88087547e+02,1.40663536e-02,-4.56464259e-03,-1.42442979e-01,6.64171148e-03,1.02010251e-02,1.61851387e+02,1.44944153e-02,-3.90045801e-03,2.62361605e+01,-4.28061731e-04,-6.64184585e-04,-1.43157928e-01,6.15413182e-03,1.04841206e-02,7.14949184e-04,4.87579664e-04,-2.83095561e-04
1.23000000e+02,1.87765749e+02,1.43465375e-02,-7.21741220e-03,-1.42727621e-01,8.18584088e-03,1.02352232e-02,1.61662590e+02,1.45261277e-02,-6.44535484e-03,2.61031593e+01,-1.79590208e-04,-7.72057362e-04,-1.43450073e-01,7.74790170e-03,1.03287891e-02,7.22452365e-04,4.37939185e-04,-9.35658182e-05
1.24000000e+02,1.87462967e+02,1.42882184e-02,-4.57831940e-03,-1.42792468e-01,8.88473716e-03,1.04265377e-02,1.61486908e+02,1.44277871e-02,-4.15053508e-03,2.59760592e+01,-1.39568683e-04,-4.27784320e-04,-1.43536203e-01,8.53919648e-03,1.04705759e-02,7.43734993e-04,3.45540683e-04,-4.40382145e-05
1.25000000e+02,1.87164139e+02,1.54123585e-02,-6.75813555e-03,-1.42982379e-01,9.79340392e-03,1.13432929e-02,1.61310861e+02,1.52758025e-02,-6.14450214e-03,2.58532772e+01,1.36556044e-04,-6.13633408e-04,-1.43733588e-01,9.49523571e-03,1.11908513e-02,7.51209419e-04,2.98168211e-04,1.52441572e-04
1.26000000e+02,1.86881765e+02,1.80722378e-02,-6.74198644e-03,-1.42932430e-01,1.01401897e-02,1.31129308e-02,1.61145444e+02,1.79041530e-02,-6.47545567e-03,2.57363208e+01,1.68084751e-04,-2.66530767e-04,-1.43703162e-01,9.96696116e-03,1.29334198e-02,7.70731904e-04,1.73228491e-04,1.79511036e-04
1.27000000e+02,1.86601508e+02,1.92914056e-02,-8.46420649e-03,-1.42995016e-01,1.09502140e-02,1.39840048e-02,1.60978092e+02,1.89436262e-02,-8.17604247e-03,2.56234159e+01,3.47779378e-04,-2.88164012e-04,-1.43769130e-01,1.08949825e-02,1.36667465e-02,7.74114197e-04,5.52314957e-05,3.17258290e-04
1.28000000e+02,1.86336486e+02,1.91106650e-02,-6.11353326e-03,-1.42802880e-01,1.15275402e-02,1.42271151e-02,1.60820322e+02,1.87837134e-02,-6.34586447e-03,2.55161641e+01,3.26951592e-04,2.32331204e-04,-1.43591792e-01,1.17176469e-02,1.39051014e-02,7.88912564e-04,-1.90106712e-04,3.22013704e-04
1.29000000e+02,1.86073723e+02,1.97484475e-02,-7.37294469e-03,-1.42782176e-01,1.13957461e-02,1.49376269e-02,1.60660623e+02,1.91941822e-02,-7.69197597e-03,2.54130994e+01,5.54265309e-04,3.19031275e-04,-1.43569773e-01,1.18451452e-02,1.44553419e-02,7.87596825e-04,-4.49399131e-04,4.82285065e-04
1.30000000e+02,1.85825693e+02,2.09616184e-02,-6.47787953e-03,-1.42613162e-01,1.07242041e-02,1.58933750e-02,1.60510025e+02,2.04077777e-02,-7.42046194e-03,2.53156687e+01,5.53840698e-04,9.42582405e-04,-1.43412161e-01,1.15152804e-02,1.54066419e-02,7.98999281e-04,-7.91076266e-04,4.86733135e-04
1.31000000e+02,1.85577702e+02,2.07901307e-02,-7.87008881e-03,-1.42691612e-01,1.06974672e-02,1.59704429e-02,1.60355447e+02,2.00734086e-02,-9.00500093e-03,2.52222555e+01,7.16722068e-04,1.13491212e-03,-1.43489050e-01,1.17773695e-02,1.53620208e-02,7.97437528e-04,-1.07990227e-03,6.08422022e-04
1.32000000e+02,1.85342553e+02,2.02921359e-02,-5.70463715e-03,-1.42535472e-01,1.07547673e-02,1.60395902e-02,1.60208132e+02,1.96199252e-02,-7.49793626e-03,2.51344213e+01,6.72210665e-04,1.79329911e-03,-1.43344789e-01,1.21870858e-02,1.54539246e-02,8.09316519e-04,-1.43231855e-03,5.85665639e-04
1.33000000e+02,1.85109646e+02,2.01428125e-02,-7.63099744e-03,-1.42527794e-01,1.05677454e-02,1.61866489e-02,1.60058841e+02,1.92835418e-02,-9.54767067e-03,2.50508049e+01,8.59270689e-04,1.91667324e-03,-1.43336428e-01,1.22802977e-02,1.54735016e-02,8.08633378e-04,-1.71255226e-03,7.13147279e-04
1.34000000e+02,1.84892474e+02,2.05540643e-02,-8.10149348e-03,-1.42343152e-01,1.05038202e-02,1.65654246e-02,1.59919755e+02,1.97495731e-02,-1.05995618e-02,2.49727190e+01,8.04491237e-04,2.49806836e-03,-1.43164884e-01,1.25266218e-02,1.58865211e-02,8.21732485e-04,-2.02280160e-03,6.78903491e-04
1.35000000e+02,1.84676943e+02,1.96645084e-02,-1.00947451e-02,-1.42303682e-01,1.05315654e-02,1.60549991e-02,1.59778760e+02,1.87368351e-02,-1.27102572e-02,2.48981831e+01,9.27673343e-04,2.61551207e-03,-1.43127396e-01,1.27803398e-02,1.52861968e-02,8.23713917e-04,-2.24877442e-03,7.68802352e-04
1.36000000e+02,1.84474820e+02,1.83301848e-02,-8.06754450e-03,-1.42038546e-01,1.04076177e-02,1.54453626e-02,1.59646574e+02,1.74731790e-02,-1.12457766e-02,2.48282468e+01,8.57005849e-04,3.17823212e-03,-1.42879028e-01,1.29316823e-02,1.47185679e-02,8.40481479e-04,-2.52406465e-03,7.26794693e-04
1.37000000e+02,1.84274611e+02,1.85781145e-02,-1.02306907e-02,-1.41899934e-01,1.02400609e-02,1.57576941e-02,1.59512823e+02,1.75734212e-02,-1.34183413e-02,2.47617885e+01,1.00469327e-03,3.18765059e-03,-1.42745475e-01,1.29538265e-02,1.49350988e-02,8.45540780e-04,-2.71376554e-03,8.22595276e-04
1.38000000e+02,1.84089715e+02,1.98794925e-02,-1.06275651e-02,-1.41478684e-01,9.93208659e-03,1.65147803e-02,1.59389344e+02,1.89864061e-02,-1.42720687e-02,2.47003709e+01,8.93086328e-04,3.64450360e-03,-1.42341319e-01,1.28563305e-02,1.57743805e-02,8.62634527e-04,-2.92424392e-03,7.40399871e-04
1.39000000e+02,1.83906138e+02,1.98718000e-02,-1.41551489e-02,-1.41119827e-01,1.09758122e-02,1.64422646e-02,1.59263880e+02,1.89346004e-02,-1.77947379e-02,2.46422584e+01,9.37199555e-04,3.63958900e-03,-1.41987126e-01,1.40277109e-02,1.56702564e-02,8.67298646e-04,-3.05189872e-03,7.72008199e-04
1.40000000e+02,1.83735473e+02,1.94237539e-02,-1.25252467e-02,-1.40507432e-01,1.10698473e-02,1.62756027e-02,1.59146982e+02,1.86514927e-02,-1.66387973e-02,2.45884911e+01,7.72261213e-04,4.11355063e-03,-1.41391085e-01,1.43276056e-02,1.56172226e-02,8.83653511e-04,-3.25775831e-03,6.58380145e-04
1.41000000e+02,1.83565898e+02,1.99974068e-02,-1.38231492e-02,-1.40106991e-01,1.03143618e-02,1.66368452e-02,1.59028353e+02,1.91616504e-02,-1.78747823e-02,2.45375447e+01,8.35756402e-04,4.05163313e-03,-1.40993766e-01,1.37005068e-02,1.59449948e-02,8.86774198e-04,-3.38614496e-03,6.91850373e-04
1.42000000e+02,1.83412023e+02,2.13357462e-02,-1.35187917e-02,-1.39563287e-01,9.59837464e-03,1.74516319e-02,1.58921135e+02,2.06903886e-02,-1.79607333e-02,2.44908877e+01,6.45357645e-04,4.44194164e-03,-1.40463985e-01,1.31444473e-02,1.68966563e-02,9.00698705e-04,-3.54607269e-03,5.54975507e-04
1.43000000e+02,1.83260536e+02,2.11023585e-02,-1.57246564e-02,-1.39252370e-01,9.84672518e-03,1.73122064e-02,1.58813631e+02,2.04685482e-02,-2.00739034e-02,2.44469054e+01,6.33810233e-04,4.34924694e-03,-1.40157049e-01,1.34482957e-02,1.67684697e-02,9.04679431e-04,-3.60157047e-03,5.43736692e-04
1.44000000e+02,1.83123071e+02,1.97398184e-02,-1.39732076e-02,-1.38773311e-01,1.00072639e-02,1.66289053e-02,1.58716318e+02,1.92925624e-02,-1.86804102e-02,2.44067527e+01,4.47255981e-04,4.70720256e-03,-1.39694686e-01,1.37252229e-02,1.62149590e-02,9.21375305e-04,-3.71795903e-03,4.13946252e-04
1.45000000e+02,1.82986759e+02,1.98726198e-02,-1.64077209e-02,-1.38532130e-01,1.01226734e-02,1.68084838e-02,1.58617776e+02,1.93507308e-02,-2.09246925e-02,2.43689831e+01,5.21888961e-04,4.51697153e-03,-1.39457299e-01,1.38753225e-02,1.63535945e-02,9.25169259e-04,-3.75264909e-03,4.54889324e-04
1.46000000e+02,1.82864116e+02,2.13341378e-02,-1.64840069e-02,-1.38230449e-01,9.70886802e-03,1.79076242e-02,1.58529070e+02,2.09489755e-02,-2.12756415e-02,2.43350463e+01,3.85162280e-04,4.79163460e-03,-1.39170971e-01,1.35337199e-02,1.75481886e-02,9.40521253e-04,-3.82485185e-03,3.59435560e-04
1.47000000e+02,1.82741444e+02,2.17842846e-02,-1.85566661e-02,-1.38113154e-01,9.97892966e-03,1.85003874e-02,1.58438126e+02,2.13539125e-02,-2.31591698e-02,2.43033174e+01,4.30372101e-04,4.60250369e-03,-1.39060867e-01,1.37805349e-02,1.81067672e-02,9.47713069e-04,-3.80160526e-03,3.93620202e-04
1.48000000e+02,1.82630463e+02,2.14226574e-02,-1.68146764e-02,-1.37763757e-01,1.02515151e-02,1.86409907e-02,1.58355382e+02,2.11322190e-02,-2.16796485e-02,2.42750806e+01,2.90438397e-04,4.86497208e-03,-1.38732493e-01,1.40945445e-02,1.83456730e-02,9.68735532e-04,-3.84302937e-03,2.95317677e-04
1.49000000e+02,1.82519129e+02,2.22279525e-02,-1.85117108e-02,-1.37602554e-01,9.99614724e-03,1.92943028e-02,1.58270139e+02,2.18409137e-02,-2.30940444e-02,2.42489900e+01,3.87038788e-04,4.58233358e-03,-1.38580988e-01,1.37986137e-02,1.89429525e-02,9.78433567e-04,-3.80246643e-03,3.51350384e-04
1.50000000e+02,1.82419502e+02,2.33951767e-02,-1.83444375e-02,-1.37201036e-01,9.53404506e-03,2.01737287e-02,1.58193316e+02,2.31686833e-02,-2.31259138e-02,2.42261857e+01,2.26493439e-04,4.78147636e-03,-1.38201238e-01,1.33473509e-02,1.99354461e-02,1.00020181e-03,-3.81330586e-03,2.38282650e-04
1.51000000e+02,1.82316060e+02,2.32505813e-02,-2.00125593e-02,-1.36931337e-01,9.71728438e-03,2.03325470e-02,1.58110720e+02,2.30158986e-02,-2.45371443e-02,2.42053403e+01,2.34682651e-04,4.52458504e-03,-1.37942395e-01,1.34501048e-02,2.00912781e-02,1.01105887e-03,-3.73282045e-03,2.41268974e-04
1.52000000e+02,1.82218627e+02,2.24762361e-02,-1.76865043e-02,-1.36413312e-01,9.55959564e-03,2.01187674e-02,1.58031141e+02,2.24515568e-02,-2.23921915e-02,2.41874856e+01,2.46793229e-05,4.70568726e-03,-1.37448264e-01,1.32778444e-02,2.00308128e-02,1.03495167e-03,-3.71824876e-03,8.79545876e-05
1.53000000e+02,1.82115128e+02,2.29458693e-02,-1.96998448e-02,-1.36037464e-01,9.51955457e-03,2.05338677e-02,1.57944017e+02,2.29353689e-02,-2.40690418e-02,2.41711117e+01,1.05003913e-05,4.36919704e-03,-1.37082016e-01,1.31549394e-02,2.04756601e-02,1.04455227e-03,-3.63538478e-03,5.82075778e-05
1.54000000e+02,1.82019406e+02,2.36504452e-02,-1.84305169e-02,-1.35537528e-01,8.26211559e-03,2.10881363e-02,1.57861669e+02,2.39254330e-02,-2.29581252e-02,2.41577377e+01,-2.74987840e-04,4.52760836e-03,-1.36601497e-01,1.18732952e-02,2.12457003e-02,1.06396978e-03,-3.61117964e-03,-1.57564001e-04
1.55000000e+02,1.81918458e+02,2.34872205e-02,-1.92020835e-02,-1.35286129e-01,7.91492138e-03,2.11975657e-02,1.57772803e+02,2.38826716e-02,-2.34230970e-02,2.41456548e+01,-3.95451036e-04,4.22101344e-03,-1.36355358e-01,1.14052586e-02,2.14604605e-02,1.06922859e-03,-3.49033718e-03,-2.62894769e-04
1.56000000e+02,1.81823471e+02,2.37977055e-02,-1.59764612e-02,-1.34872344e-01,7.29426653e-03,2.16130493e-02,1.57687295e+02,2.45400995e-02,-2.03307384e-02,2.41361769e+01,-7.42393990e-04,4.35427726e-03,-1.35959452e-01,1.07289442e-02,2.21458111e-02,1.08710818e-03,-3.43467762e-03,-5.32761847e-04
1.57000000e+02,1.81721289e+02,2.52164099e-02,-1.67743664e-02,-1.34669988e-01,6.46624799e-03,2.24011306e-02,1.57593441e+02,2.61109683e-02,-2.07307730e-02,2.41278476e+01,-8.94558461e-04,3.95640668e-03,-1.35760180e-01,9.76707063e-03,2.30804753e-02,1.09019212e-03,-3.30082264e-03,-6.79344730e-04
1.58000000e+02,1.81625854e+02,2.66068195e-02,-1.55484047e-02,-1.34346525e-01,5.39836032e-03,2.30805018e-02,1.57503785e+02,2.79209454e-02,-1.95936387e-02,2.41220687e+01,-1.31412589e-03,4.04523398e-03,-1.35453120e-01,8.62018640e-03,2.40846044e-02,1.10659470e-03,-3.22182608e-03,-1.00410262e-03
1.59000000e+02,1.81524178e+02,2.64581955e-02,-1.59389967e-02,-1.34226743e-01,4.93658310e-03,2.28826763e-02,1.57406927e+02,2.80011899e-02,-1.96134944e-02,2.41172509e+01,-1.54299436e-03,3.67449768e-03,-1.35336232e-01,7.98395338e-03,2.40787999e-02,1.10948934e-03,-3.04737028e-03,-1.19612364e-03
1.60000000e+02,1.81429333e+02,2.54554582e-02,-1.22498647e-02,-1.33979855e-01,4.13579403e-03,2.22234489e-02,1.57314391e+02,2.74181874e-02,-1.60007214e-02,2.41149421e+01,-1.96272919e-03,3.75085672e-03,-1.35106469e-01,7.07905373e-03,2.37418287e-02,1.12661362e-03,-2.94325970e-03,-1.51837984e-03
1.61000000e+02,1.81328136e+02,2.55758283e-02,-1.33310687e-02,-1.33994308e-01,3.68948110e-03,2.19056693e-02,1.57214621e+02,2.77146529e-02,-1.65964529e-02,2.41135150e+01,-2.13882456e-03,3.26538419e-03,-1.35121706e-01,6.43412339e-03,2.35885605e-02,1.12739791e-03,-2.74464229e-03,-1.68289118e-03
1.62000000e+02,1.81235362e+02,2.55220041e-02,-1.29491291e-02,-1.33960965e-01,3.29183401e-03,2.13973352e-02,1.57120916e+02,2.80664529e-02,-1.62200921e-02,2.41144466e+01,-2.54444877e-03,3.27096297e-03,-1.35102482e-01,5.89370909e-03,2.33921568e-02,1.14151694e-03,-2.60187508e-03,-1.99482160e-03
1.63000000e+02,1.81137572e+02,2.48687605e-02,-1.46200759e-02,-1.34160953e-01,3.99146419e-03,2.07703620e-02,1.57021301e+02,2.76163158e-02,-1.74694963e-02,2.41162707e+01,-2.74755527e-03,2.84942041e-03,-1.35303945e-01,6.37531812e-03,2.29280484e-02,1.14299262e-03,-2.38385393e-03,-2.15768647e-03
1.64000000e+02,1.81045864e+02,2.32334225e-02,-1.17953587e-02,-1.34141571e-01,3.99350947e-03,1.95764788e-02,1.56925730e+02,2.63338395e-02,-1.46824116e-02,2.41201337e+01,-3.10041700e-03,2.88705290e-03,-1.35303458e-01,6.24690151e-03,2.20004699e-02,1.16188748e-03,-2.25339204e-03,-2.42399113e-03
1.65000000e+02,1.80947221e+02,2.35473539e-02,-1.30167545e-02,-1.34249962e-01,3.74654870e-03,1.92746127e-02,1.56822687e+02,2.67222078e-02,-1.54202791e-02,2.41245347e+01,-3.17485398e-03,2.40352465e-03,-1.35415332e-01,5.80023321e-03,2.17811942e-02,1.16536951e-03,-2.05368451e-03,-2.50658148e-03
1.66000000e+02,1.80855515e+02,2.40175377e-02,-1.24232981e-02,-1.34195435e-01,3.32053460e-03,1.89837029e-02,1.56724625e+02,2.74630776e-02,-1.48448630e-02,2.41308891e+01,-3.44553987e-03,2.42156491e-03,-1.35377244e-01,5.24120148e-03,2.16932199e-02,1.18180819e-03,-1.92066688e-03,-2.70951695e-03
1.67000000e+02,1.80757611e+02,2.32343622e-02,-1.41458795e-02,-1.34277789e-01,4.07730710e-03,1.81949833e-02,1.56619801e+02,2.67337096e-02,-1.61496012e-02,2.41378098e+01,-3.49934746e-03,2.00372165e-03,-1.35460739e-01,5.78558648e-03,2.09485242e-02,1.18294916e-03,-1.70827938e-03,-2.75354098e-03
1.68000000e+02,1.80667210e+02,2.20046582e-02,-1.24863513e-02,-1.34123955e-01,4.92848939e-03,1.71686956e-02,1.56520704e+02,2.57144524e-02,-1.45451754e-02,2.41465068e+01,-3.70979422e-03,2.05882408e-03,-1.35323392e-01,6.52065603e-03,2.00788421e-02,1.19943704e-03,-1.59216664e-03,-2.91014657e-03
1.69000000e+02,1.80571445e+02,2.21426939e-02,-1.51253294e-02,-1.34057817e-01,5.70811138e-03,1.66776983e-02,1.56416084e+02,2.58087740e-02,-1.67399897e-02,2.41553615e+01,-3.66608018e-03,1.61466029e-03,-1.35257299e-01,7.13281249e-03,1.95714957e-02,1.19948236e-03,-1.42470110e-03,-2.89379742e-03
1.70000000e+02,1.80483169e+02,2.25611159e-02,-1.55296583e-02,-1.33889846e-01,6.06260734e-03,1.63053309e-02,1.56317466e+02,2.63797456e-02,-1.72457572e-02,2.41657027e+01,-3.81862970e-03,1.71609894e-03,-1.35101296e-01,7.42455209e-03,1.93067179e-02,1.21144962e-03,-1.36194475e-03,-3.00138702e-03
1.71000000e+02,1.80387368e+02,2.21331455e-02,-1.73802280e-02,-1.34031741e-01,6.82287801e-03,1.56996759e-02,1.56211381e+02,2.58807365e-02,-1.87705624e-02,2.41759865e+01,-3.74759106e-03,1.39033441e-03,-1.35239300e-01,8.04930181e-03,1.86464977e-02,1.20755868e-03,-1.22642380e-03,-2.94682178e-03
1.72000000e+02,1.80297573e+02,2.12337699e-02,-1.50471382e-02,-1.34058091e-01,7.17244564e-03,1.49645343e-02,1.56109851e+02,2.50720756e-02,-1.65951314e-02,2.41877227e+01,-3.83830571e-03,1.54799326e-03,-1.35279042e-01,8.36198621e-03,1.79663019e-02,1.22095114e-03,-1.18954057e-03,-3.00176765e-03
1.73000000e+02,1.80200677e+02,2.20833764e-02,-1.67830325e-02,-1.34243307e-01,7.29942349e-03,1.50219293e-02,1.56001150e+02,2.57562909e-02,-1.79650148e-02,2.41995278e+01,-3.67291453e-03,1.18198220e-03,-1.35463290e-01,8.38572628e-03,1.79172024e-02,1.21998305e-03,-1.08630279e-03,-2.89527315e-03
1.74000000e+02,1.80110513e+02,2.38186707e-02,-1.72513633e-02,-1.34259153e-01,7.50220015e-03,1.55876787e-02,1.55897708e+02,2.75509650e-02,-1.85852741e-02,2.42128051e+01,-3.73229427e-03,1.33391086e-03,-1.35494315e-01,8.56868720e-03,1.85203486e-02,1.23516189e-03,-1.06648705e-03,-2.93266987e-03
1.75000000e+02,1.80012469e+02,2.49704578e-02,-2.00491892e-02,-1.34355854e-01,8.83621852e-03,1.60904527e-02,1.55786533e+02,2.85783404e-02,-2.11224517e-02,2.42259363e+01,-3.60788267e-03,1.07326245e-03,-1.35593215e-01,9.81685110e-03,1.89258641e-02,1.23736083e-03,-9.80632572e-04,-2.83541137e-03
1.76000000e+02,1.79920413e+02,2.56068774e-02,-1.81818934e-02,-1.34262917e-01,9.40951018e-03,1.63697740e-02,1.55680200e+02,2.92665517e-02,-1.94972805e-02,2.42402126e+01,-3.65967432e-03,1.31538715e-03,-1.35519141e-01,1.04204487e-02,1.92328890e-02,1.25622461e-03,-1.01093851e-03,-2.86311493e-03
1.77000000e+02,1.79821213e+02,2.70368370e-02,-2.01724191e-02,-1.34339531e-01,9.66722352e-03,1.69204423e-02,1.55566987e+02,3.05273399e-02,-2.11978202e-02,2.42542264e+01,-3.49050288e-03,1.02540116e-03,-1.35597693e-01,1.06323280e-02,1.96628098e-02,1.25816199e-03,-9.65104444e-04,-2.74236753e-03
1.78000000e+02,1.79727666e+02,2.79536893e-02,-2.07526819e-02,-1.34321535e-01,1.00220550e-02,1.70900346e-02,1.55458437e+02,3.14960884e-02,-2.19949159e-02,2.42692284e+01,-3.54239907e-03,1.24223405e-03,-1.35598568e-01,1.10129647e-02,1.98586918e-02,1.27703308e-03,-9.90909664e-04,-2.76865724e-03
1.79000000e+02,1.79626582e+02,2.74899628e-02,-2.37199844e-02,-1.34430997e-01,1.15413750e-02,1.65773035e-02,1.55342720e+02,3.08729929e-02,-2.47194176e-02,2.42838621e+01,-3.38303007e-03,9.99433227e-04,-1.35712999e-01,1.24667958e-02,1.92223181e-02,1.28200150e-03,-9.25420737e-04,-2.64501462e-03
1.80000000e+02,1.79531678e+02,2.66035511e-02,-2.29441883e-02,-1.34342935e-01,1.28669088e-02,1.60494815e-02,1.55232301e+02,2.99877379e-02,-2.42014776e-02,2.42993771e+01,-3.38418682e-03,1.25728932e-03,-1.35647510e-01,1.38358346e-02,1.86814086e-02,1.30457476e-03,-9.68925871e-04,-2.63192719e-03
1.81000000e+02,1.79429664e+02,2.74153641e-02,-2.62737787e-02,-1.34350190e-01,1.40554261e-02,1.62994274e-02,1.55115262e+02,3.05642094e-02,-2.72614461e-02,2.43144018e+01,-3.14884522e-03,9.87667420e-04,-1.35662185e-01,1.49947650e-02,1.87634201e-02,1.31199497e-03,-9.39338865e-04,-2.46399272e-03
1.82000000e+02,1.79333747e+02,2.83655233e-02,-2.68007686e-02,-1.34103299e-01,1.43379571e-02,1.65334999e-02,1.55003567e+02,3.14988124e-02,-2.80515947e-02,2.43301799e+01,-3.13328910e-03,1.25082606e-03,-1.35438952e-01,1.53398537e-02,1.89736025e-02,1.33565361e-03,-1.00189664e-03,-2.44010259e-03
1.83000000e+02,1.79229868e+02,2.90268124e-02,-2.88383182e-02,-1.33955633e-01,1.51278551e-02,1.68950626e-02,1.54884712e+02,3.19693211e-02,-2.99056363e-02,2.43451564e+01,-2.94250870e-03,1.06731805e-03,-1.35298744e-01,1.61057999e-02,1.91863096e-02,1.34311114e-03,-9.77944799e-04,-2.29124706e-03
1.84000000e+02,1.79132381e+02,2.80100233e-02,-2.65895095e-02,-1.33596691e-01,1.54155602e-02,1.62988763e-02,1.54771665e+02,3.09556727e-02,-2.79631465e-02,2.43607161e+01,-2.94564945e-03,1.37363697e-03,-1.34963251e-01,1.64723695e-02,1.85785445e-02,1.36655906e-03,-1.05680939e-03,-2.27966821e-03
1.85000000e+02,1.79028811e+02,2.83812910e-02,-2.80086824e-02,-1.33376085e-01,1.51877091e-02,1.64464940e-02,1.54653404e+02,3.11107521e-02,-2.91421635e-02,2.43754070e+01,-2.72946108e-03,1.13348110e-03,-1.34747839e-01,1.62411665e-02,1.85696268e-02,1.37175434e-03,-1.05345746e-03,-2.12313276e-03
1.86000000e+02,1.78931997e+02,2.88605085e-02,-2.76743338e-02,-1.33020416e-01,1.47304460e-02,1.65855894e-02,1.54541065e+02,3.16009575e-02,-2.90818887e-02,2.43909315e+01,-2.74044897e-03,1.40755486e-03,-1.34412447e-01,1.58514524e-02,1.87066512e-02,1.39203067e-03,-1.12100641e-03,-2.12106180e-03
1.87000000e+02,1.78828589e+02,2.87071716e-02,-2.88922023e-02,-1.32780318e-01,1.48879883e-02,1.65632724e-02,1.54423126e+02,3.12822897e-02,-3.01008607e-02,2.44054634e+01,-2.57511810e-03,1.20865840e-03,-1.34176951e-01,1.59728242e-02,1.85530432e-02,1.39663320e-03,-1.08483585e-03,-1.98977085e-03
1.88000000e+02,1.78732228e+02,2.70536305e-02,-2.60312757e-02,-1.32371765e-01,1.47304873e-02,1.57528299e-02,1.54311597e+02,2.96380120e-02,-2.75371515e-02,2.44206306e+01,-2.58438153e-03,1.50587582e-03,-1.33790514e-01,1.58898928e-02,1.77341558e-02,1.41874915e-03,-1.15940552e-03,-1.98132592e-03
1.89000000e+02,1.78628884e+02,2.78349250e-02,-2.77410256e-02,-1.32077785e-01,1.46893053e-02,1.63540357e-02,1.54193951e+02,3.01976357e-02,-2.89981216e-02,2.44349329e+01,-2.36271063e-03,1.25709609e-03,-1.33502310e-01,1.58402357e-02,1.81773047e-02,1.42452483e-03,-1.15093046e-03,-1.82326903e-03
1.90000000e+02,1.78533731e+02,2.90093392e-02,-2.70103587e-02,-1.31607527e-01,1.39237548e-02,1.70264256e-02,1.54083937e+02,3.13849071e-02,-2.85457936e-02,2.44497942e+01,-2.37556789e-03,1.53543490e-03,-1.33052841e-01,1.51447027e-02,1.88497810e-02,1.44531421e-03,-1.22094790e-03,-1.82335538e-03
1.91000000e+02,1.78432074e+02,2.95931900e-02,-2.86723632e-02,-1.31356567e-01,1.44087127e-02,1.76030393e-02,1.53968371e+02,3.18073151e-02,-2.99995429e-02,2.44637033e+01,-2.21412505e-03,1.32717971e-03,-1.32804856e-01,1.55889269e-02,1.92995733e-02,1.44828911e-03,-1.18021423e-03,-1.69653401e-03
1.92000000e+02,1.78338496e+02,2.80507761e-02,-2.55370672e-02,-1.30987542e-01,1.40864018e-02,1.68990886e-02,1.53860416e+02,3.02860151e-02,-2.71621471e-02,2.44780792e+01,-2.23523895e-03,1.62507984e-03,-1.32455252e-01,1.53348685e-02,1.85979337e-02,1.46771012e-03,-1.24846670e-03,-1.69884518e-03
1.93000000e+02,1.78238505e+02,2.86780560e-02,-2.72141268e-02,-1.30768831e-01,1.40029288e-02,1.74514898e-02,1.53747059e+02,3.07105890e-02,-2.85638351e-02,2.44914455e+01,-2.03253302e-03,1.34970833e-03,-1.32240604e-01,1.52260701e-02,1.90065107e-02,1.47177287e-03,-1.22314134e-03,-1.55502094e-03
1.94000000e+02,1.78146171e+02,2.95845366e-02,-2.64560717e-02,-1.30449076e-01,1.32329979e-02,1.79732546e-02,1.53641129e+02,3.16320841e-02,-2.80364629e-02,2.45050420e+01,-2.04754748e-03,1.58039126e-03,-1.31941996e-01,1.44883008e-02,1.95303094e-02,1.49291953e-03,-1.25530288e-03,-1.55705486e-03
1.95000000e+02,1.78046823e+02,3.05994453e-02,-2.87184550e-02,-1.30290314e-01,1.41810463e-02,1.88450055e-02,1.53529280e+02,3.24721418e-02,-3.00258656e-02,2.45175432e+01,-1.87269642e-03,1.30741057e-03,-1.31789025e-01,1.53472398e-02,2.02677924e-02,1.49871105e-03,-1.16619353e-03,-1.42278688e-03
1.96000000e+02,1.77953480e+02,3.03456360e-02,-2.64640577e-02,-1.29948554e-01,1.45252213e-02,1.89300082e-02,1.53423101e+02,3.22280467e-02,-2.80234685e-02,2.45303789e+01,-1.88241073e-03,1.55941073e-03,-1.31470497e-01,1.57229880e-02,2.03490757e-02,1.52194325e-03,-1.19776670e-03,-1.41906746e-03
1.97000000e+02,1.77853271e+02,3.16051503e-02,-2.85746504e-02,-1.29676606e-01,1.47602403e-02,1.98769688e-02,1.53311216e+02,3.32750936e-02,-2.98225775e-02,2.45420552e+01,-1.66994330e-03,1.24792707e-03,-1.31203793e-01,1.59079115e-02,2.11418205e-02,1.52718705e-03,-1.14767122e-03,-1.26485167e-03
1.98000000e+02,1.77760542e+02,3.35517280e-02,-2.82846696e-02,-1.29293825e-01,1.42757324e-02,2.11394089e-02,1.53206395e+02,3.52195082e-02,-2.97707650e-02,2.45541462e+01,-1.66778025e-03,1.48609542e-03,-1.30840730e-01,1.54553055e-02,2.23928904e-02,1.54690442e-03,-1.17957309e-03,-1.25348152e-03
1.99000000e+02,1.77660393e+02,3.51388440e-02,-3.00085470e-02,-1.29057669e-01,1.48373300e-02,2.23491834e-02,1.53095492e+02,3.66235094e-02,-3.12276120e-02,2.45649010e+01,-1.48466537e-03,1.21906506e-03,-1.30608045e-01,1.59303114e-02,2.34615669e-02,1.55037621e-03,-1.09298140e-03,-1.11238353e-03
2.00000000e+02,1.77566809e+02,3.54630989e-02,-2.70914235e-02,-1.28587789e-01,1.47209755e-02,2.28883537e-02,1.52990808e+02,3.69495371e-02,-2.85332850e-02,2.45760014e+01,-1.48643817e-03,1.44186145e-03,-1.30161473e-01,1.58231786e-02,2.39900905e-02,1.57368382e-03,-1.10220313e-03,-1.10173682e-03
2.01000000e+02,1.77466107e+02,3.78586034e-02,-2.96039865e-02,-1.28125737e-01,1.52463013e-02,2.46051139e-02,1.52880394e+02,3.91063634e-02,-3.06719327e-02,2.45857134e+01,-1.24775998e-03,1.06794622e-03,-1.29706348e-01,1.62496157e-02,2.55373829e-02,1.58061109e-03,-1.00331440e-03,-9.32269065e-04
2.02000000e+02,1.77372544e+02,4.08557516e-02,-3.04460648e-02,-1.27481149e-01,1.56770353e-02,2.64661830e-02,1.52776699e+02,4.20941494e-02,-3.16955865e-02,2.45958453e+01,-1.23839782e-03,1.24952165e-03,-1.29084002e-01,1.66691775e-02,2.73848043e-02,1.60285262e-03,-9.92142256e-04,-9.18621334e-04
2.03000000e+02,1.77271109e+02,4.27242931e-02,-3.38774093e-02,-1.26874258e-01,1.75109350e-02,2.78415575e-02,1.52666477e+02,4.37997088e-02,-3.48113511e-02,2.46046314e+01,-1.07541576e-03,9.33941878e-04,-1.28482146e-01,1.83822243e-02,2.86279132e-02,1.60788865e-03,-8.71289307e-04,-7.86355625e-04
2.04000000e+02,1.77176584e+02,4.27929111e-02,-3.28791795e-02,-1.26074483e-01,1.87158976e-02,2.81601768e-02,1.52562819e+02,4.38960890e-02,-3.40205944e-02,2.46137653e+01,-1.10317787e-03,1.14141484e-03,-1.27704358e-01,1.95805492e-02,2.89524307e-02,1.62987498e-03,-8.64651554e-04,-7.92253908e-04
2.05000000e+02,1.77074143e+02,4.45886086e-02,-3.64143835e-02,-1.25364542e-01,1.99546901e-02,2.93611834e-02,1.52452516e+02,4.54678105e-02,-3.71875663e-02,2.46216268e+01,-8.79201954e-04,7.73182831e-04,-1.26998442e-01,2.07227414e-02,2.99925007e-02,1.63390019e-03,-7.68051352e-04,-6.31317358e-04
2.06000000e+02,1.76979049e+02,4.63028374e-02,-3.64053720e-02,-1.24474181e-01,1.97941063e-02,3.03602050e-02,1.52349362e+02,4.71698605e-02,-3.73781406e-02,2.46296865e+01,-8.67023090e-04,9.72768679e-04,-1.26126848e-01,2.05584869e-02,3.09726669e-02,1.65266716e-03,-7.64380597e-04,-6.12461902e-04
2.07000000e+02,1.76875358e+02,4.78927399e-02,-3.86993352e-02,-1.23760608e-01,2.07496768e-02,3.17291716e-02,1.52238962e+02,4.85628047e-02,-3.93494904e-02,2.46363961e+01,-6.70064763e-04,6.50155178e-04,-1.25413464e-01,2.13900717e-02,3.21848036e-02,1.65285627e-03,-6.40394908e-04,-4.55631999e-04
2.08000000e+02,1.76778471e+02,4.81782412e-02,-3.66728381e-02,-1.22832639e-01,2.12739643e-02,3.22926696e-02,1.52135209e+02,4.88507744e-02,-3.75237137e-02,2.46432623e+01,-6.72533108e-04,8.50875595e-04,-1.24503806e-01,2.19004336e-02,3.27393028e-02,1.67116754e-03,-6.26469272e-04,-4.46633192e-04
2.09000000e+02,1.76674771e+02,4.95167988e-02,-3.91465779e-02,-1.22009452e-01,2.17877397e-02,3.32143345e-02,1.52025958e+02,4.99707341e-02,-3.96146327e-02,2.46488131e+01,-4.53935303e-04,4.68054856e-04,-1.23682561e-01,2.23076703e-02,3.35042541e-02,1.67310810e-03,-5.19930606e-04,-2.89919534e-04
2.10000000e+02,1.76578112e+02,5.02752597e-02,-3.85073332e-02,-1.21010108e-01,2.11974965e-02,3.36735259e-02,1.51923528e+02,5.07336267e-02,-3.91612397e-02,2.46545845e+01,-4.58367011e-04,6.53906540e-04,-1.22701997e-01,2.17022277e-02,3.39563543e-02,1.69188966e-03,-5.04731201e-04,-2.82828339e-04
2.11000000e+02,1.76473682e+02,5.06066038e-02,-4.03451401e-02,-1.20135395e-01,2.17059641e-02,3.42580849e-02,1.51814738e+02,5.08886279e-02,-4.06579218e-02,2.46589443e+01,-2.82024074e-04,3.12781620e-04,-1.21828492e-01,2.20769878e-02,3.44009464e-02,1.69309678e-03,-3.71023640e-04,-1.42861464e-04
2.12000000e+02,1.76375646e+02,5.04796082e-02,-3.75125703e-02,-1.19054777e-01,2.15241210e-02,3.46229759e-02,1.51712132e+02,5.07631942e-02,-3.80176271e-02,2.46635148e+01,-2.83585949e-04,5.05056764e-04,-1.20765790e-01,2.18718984e-02,3.47570003e-02,1.71101280e-03,-3.47777378e-04,-1.34024429e-04
2.13000000e+02,1.76270528e+02,5.22490088e-02,-3.95943103e-02,-1.18055347e-01,2.17039153e-02,3.59109028e-02,1.51603839e+02,5.23024200e-02,-3.97001248e-02,2.46666892e+01,-5.34112468e-05,1.05814497e-04,-1.19765779e-01,2.19314317e-02,3.58821545e-02,1.71043156e-03,-2.27516352e-04,2.87482775e-05
2.14000000e+02,1.76172902e+02,5.38828900e-02,-3.87027575e-02,-1.16920016e-01,2.10076082e-02,3.70079859e-02,1.51502848e+02,5.39442152e-02,-3.89896589e-02,2.46700535e+01,-6.13252484e-05,2.86901434e-04,-1.18645800e-01,2.12100137e-02,3.69732274e-02,1.72578411e-03,-2.02405518e-04,3.47585614e-05
2.15000000e+02,1.76067399e+02,5.47311095e-02,-4.01671824e-02,-1.15932824e-01,2.13021156e-02,3.80372161e-02,1.51395418e+02,5.46224117e-02,-4.00983972e-02,2.46719801e+01,1.08697818e-04,-6.87852826e-05,-1.17656317e-01,2.13662989e-02,3.78656926e-02,1.72349297e-03,-6.41833169e-05,1.71523505e-04
2.16000000e+02,1.75969091e+02,5.45148342e-02,-3.66731119e-02,-1.14778035e-01,2.06997715e-02,3.84257934e-02,1.51294958e+02,5.44246511e-02,-3.68039141e-02,2.46741334e+01,9.01830468e-05,1.30802262e-04,-1.16516443e-01,2.07419680e-02,3.82562636e-02,1.73840851e-03,-4.21964681e-05,1.69529815e-04
2.17000000e+02,1.75862654e+02,5.63651303e-02,-3.79205918e-02,-1.13786188e-01,2.04329050e-02,3.97963388e-02,1.51187822e+02,5.60701219e-02,-3.76421537e-02,2.46748316e+01,2.95008389e-04,-2.78438079e-04,-1.15521125e-01,2.03465739e-02,3.94842859e-02,1.73493719e-03,8.63311660e-05,3.12052921e-04
2.18000000e+02,1.75763432e+02,5.81670371e-02,-3.66113214e-02,-1.12680449e-01,1.95851023e-02,4.09903844e-02,1.51087592e+02,5.79115868e-02,-3.65098537e-02,2.46758395e+01,2.55450245e-04,-1.01467632e-04,-1.14427885e-01,1.94731985e-02,4.06963378e-02,1.74743540e-03,1.11903834e-04,2.94046665e-04
2.19000000e+02,1.75657125e+02,5.93524009e-02,-3.77789483e-02,-1.11726019e-01,1.96616779e-02,4.23062642e-02,1.50981625e+02,5.89630187e-02,-3.73147652e-02,2.46754996e+01,3.89382182e-04,-4.64183159e-04,-1.13467656e-01,1.94089369e-02,4.19045557e-02,1.74163783e-03,2.52740998e-04,4.01708520e-04
2.20000000e+02,1.75558234e+02,5.91315049e-02,-3.41684621e-02,-1.10649931e-01,1.89795040e-02,4.26166035e-02,1.50882801e+02,5.87909736e-02,-3.39118591e-02,2.46754329e+01,3.40531337e-04,-2.56603000e-04,-1.12403701e-01,1.87104943e-02,4.22453672e-02,1.75377045e-03,2.69009712e-04,3.71236369e-04
2.21000000e+02,1.75451886e+02,6.11189893e-02,-3.49248628e-02,-1.09714834e-01,1.83816444e-02,4.40740628e-02,1.50777920e+02,6.06014358e-02,-3.42679106e-02,2.46739667e+01,5.17553485e-04,-6.56952157e-04,-1.11463328e-01,1.79911525e-02,4.35830378e-02,1.74849330e-03,3.90491960e-04,4.91024937e-04
2.22000000e+02,1.75353924e+02,6.25687718e-02,-3.34804401e-02,-1.08671729e-01,1.75621583e-02,4.49716442e-02,1.50681120e+02,6.21114390e-02,-3.30131079e-02,2.46728038e+01,4.57332837e-04,-4.67332195e-04,-1.10431678e-01,1.71509258e-02,4.45189066e-02,1.75994930e-03,4.11232574e-04,4.52737669e-04
2.23000000e+02,1.75248701e+02,6.33321607e-02,-3.48549437e-02,-1.07813799e-01,1.78723876e-02,4.59448563e-02,1.50578564e+02,6.27715300e-02,-3.40324370e-02,2.46701370e+01,5.60630684e-04,-8.22506773e-04,-1.09567619e-01,1.73299012e-02,4.54078173e-02,1.75381966e-03,5.42486423e-04,5.37039046e-04
2.24000000e+02,1.75151031e+02,6.24858218e-02,-3.12214996e-02,-1.06822513e-01,1.72108206e-02,4.57811339e-02,1.50483229e+02,6.20099772e-02,-3.06304849e-02,2.46678021e+01,4.75844641e-04,-5.91014766e-04,-1.08587668e-01,1.66678712e-02,4.53031712e-02,1.76515529e-03,5.42949385e-04,4.77962666e-04
2.25000000e+02,1.75045991e+02,6.37465763e-02,-3.16979850e-02,-1.05997404e-01,1.65375432e-02,4.66709396e-02,1.50381863e+02,6.31260611e-02,-3.07206338e-02,2.46641274e+01,6.20515228e-04,-9.77351135e-04,-1.07755898e-01,1.58809966e-02,4.61011132e-02,1.75849462e-03,6.56546571e-04,5.69826400e-04
2.26000000e+02,1.74950061e+02,6.42981616e-02,-3.02683299e-02,-1.05030895e-01,1.58694157e-02,4.69626406e-02,1.50289263e+02,6.37835589e-02,-2.94784505e-02,2.46607980e+01,5.14602720e-04,-7.89879476e-04,-1.06800268e-01,1.51907729e-02,4.64612033e-02,1.76937284e-03,6.78642773e-04,5.01437280e-04
2.27000000e+02,1.74847395e+02,6.39274547e-02,-3.23878649e-02,-1.04198218e-01,1.67648132e-02,4.70391584e-02,1.50191113e+02,6.33327357e-02,-3.12254956e-02,2.46562826e+01,5.94719054e-04,-1.16236930e-03,-1.05960563e-01,1.59461869e-02,4.64758095e-02,1.76234495e-03,8.18626298e-04,5.63348900e-04
2.28000000e+02,1.74753788e+02,6.28599249e-02,-3.05507233e-02,-1.03277915e-01,1.73454434e-02,4.66250287e-02,1.50101735e+02,6.23722682e-02,-2.96083221e-02,2.46520532e+01,4.87656621e-04,-9.42401213e-04,-1.05050718e-01,1.65224674e-02,4.61399982e-02,1.77280237e-03,8.22975971e-04,4.85030462e-04
2.29000000e+02,1.74652410e+02,6.40028838e-02,-3.27591360e-02,-1.02475184e-01,1.78007978e-02,4.73852277e-02,1.50006059e+02,6.34128168e-02,-3.14485523e-02,2.46463511e+01,5.90066978e-04,-1.31058375e-03,-1.04240439e-01,1.68829638e-02,4.68385397e-02,1.76525515e-03,9.17834016e-04,5.46687987e-04
2.30000000e+02,1.74560234e+02,6.39467977e-02,-3.15044165e-02,-1.01566996e-01,1.72518731e-02,4.71863586e-02,1.49919159e+02,6.35023171e-02,-3.04364797e-02,2.46410750e+01,4.44480627e-04,-1.06793674e-03,-1.03341502e-01,1.63464733e-02,4.67402037e-02,1.77450633e-03,9.05399805e-04,4.46154859e-04
2.31000000e+02,1.74461467e+02,6.28251518e-02,-3.27512079e-02,-1.00831207e-01,1.75029923e-02,4.67074199e-02,1.49826947e+02,6.23427766e-02,-3.13523674e-02,2.46345194e+01,4.82375225e-04,-1.39884045e-03,-1.02597062e-01,1.64931166e-02,4.62313334e-02,1.76585504e-03,1.00987572e-03,4.76086495e-04
2.32000000e+02,1.74371096e+02,6.04404188e-02,-3.00667275e-02,-1.00037517e-01,1.75618295e-02,4.53001024e-02,1.49742647e+02,6.00904528e-02,-2.89374662e-02,2.46284487e+01,3.49966033e-04,-1.12926130e-03,-1.01812863e-01,1.65820728e-02,4.49176520e-02,1.77534626e-03,9.79756607e-04,3.82450418e-04
2.33000000e+02,1.74273117e+02,6.06757062e-02,-3.16759808e-02,-9.93611505e-02,1.76264617e-02,4.53824233e-02,1.49652120e+02,6.02062825e-02,-3.02113034e-02,2.46209967e+01,4.69423723e-04,-1.46467738e-03,-1.01128124e-01,1.65794971e-02,4.49290776e-02,1.76697369e-03,1.04696458e-03,4.53345669e-04
2.34000000e+02,1.74184467e+02,6.06273214e-02,-2.96146284e-02,-9.85608671e-02,1.65086703e-02,4.52324384e-02,1.49570544e+02,6.02881396e-02,-2.84230739e-02,2.46139225e+01,3.39181821e-04,-1.19155453e-03,-1.00336194e-01,1.54979204e-02,4.48671405e-02,1.77532687e-03,1.01074987e-03,3.65297934e-04
2.35000000e+02,1.74088716e+02,6.08772200e-02,-3.03173536e-02,-9.79660718e-02,1.63965633e-02,4.57247225e-02,1.49483103e+02,6.04961697e-02,-2.88183421e-02,2.46056122e+01,3.81050340e-04,-1.49901148e-03,-9.97316754e-02,1.53016910e-02,4.53274091e-02,1.76560363e-03,1.09487235e-03,3.97313367e-04
2.36000000e+02,1.74001955e+02,5.96876845e-02,-2.72329679e-02,-9.72404222e-02,1.60905295e-02,4.51283998e-02,1.49404271e+02,5.94616562e-02,-2.60213408e-02,2.45976838e+01,2.26028253e-04,-1.21162712e-03,-9.90149150e-02,1.50412862e-02,4.48442421e-02,1.77449285e-03,1.04924324e-03,2.84157718e-04
2.37000000e+02,1.73907904e+02,6.05308556e-02,-2.82543262e-02,-9.66525594e-02,1.57670648e-02,4.55729545e-02,1.49319399e+02,6.02435979e-02,-2.67082817e-02,2.45885049e+01,2.87257645e-04,-1.54604455e-03,-9.84180524e-02,1.46503944e-02,4.52598446e-02,1.76549302e-03,1.11667037e-03,3.13109920e-04
2.38000000e+02,1.73823608e+02,6.08295304e-02,-2.66877812e-02,-9.59386581e-02,1.50494069e-02,4.55876114e-02,1.49243864e+02,6.07185513e-02,-2.54088941e-02,2.45797442e+01,1.10979154e-04,-1.27888704e-03,-9.77124092e-02,1.39668494e-02,4.53993809e-02,1.77375107e-03,1.08255756e-03,1.88230492e-04
2.39000000e+02,1.73733335e+02,6.04567624e-02,-2.84915953e-02,-9.53703066e-02,1.56516719e-02,4.55900890e-02,1.49163592e+02,6.03352779e-02,-2.68945825e-02,2.45697430e+01,1.21484440e-04,-1.59701275e-03,-9.71357058e-02,1.44838991e-02,4.53937732e-02,1.76539922e-03,1.16777275e-03,1.96315760e-04
2.40000000e+02,1.73652460e+02,5.90884489e-02,-2.64710866e-02,-9.46446729e-02,1.61574205e-02,4.48210106e-02,1.49092206e+02,5.91398298e-02,-2.51788286e-02,2.45602543e+01,-5.13809971e-05,-1.29225801e-03,-9.64209852e-02,1.50440318e-02,4.47536222e-02,1.77631227e-03,1.11338868e-03,6.73884241e-05
2.41000000e+02,1.73564730e+02,5.98592357e-02,-2.81539519e-02,-9.39999761e-02,1.62900919e-02,4.51315965e-02,1.49015246e+02,5.98578675e-02,-2.65552732e-02,2.45494836e+01,1.36813627e-06,-1.59867863e-03,-9.57697158e-02,1.51342526e-02,4.50428878e-02,1.76973975e-03,1.15583928e-03,8.87086415e-05
2.42000000e+02,1.73486457e+02,5.99128616e-02,-2.60418135e-02,-9.32484923e-02,1.51673553e-02,4.49643324e-02,1.48947221e+02,6.00927780e-02,-2.47524119e-02,2.45392356e+01,-1.79916414e-04,-1.28940167e-03,-9.50282107e-02,1.40789755e-02,4.50036166e-02,1.77971841e-03,1.08837979e-03,-3.92842184e-05
2.43000000e+02,1.73401651e+02,5.87894482e-02,-2.75483749e-02,-9.25656443e-02,1.55269686e-02,4.44378022e-02,1.48873827e+02,5.89497833e-02,-2.59584522e-02,2.45278239e+01,-1.60335169e-04,-1.58992274e-03,-9.43376453e-02,1.43672600e-02,4.44632699e-02,1.77200104e-03,1.15970865e-03,-2.54676775e-05
2.44000000e+02,1.73325972e+02,5.67210167e-02,-2.47813695e-02,-9.17242886e-02,1.54549695e-02,4.31850774e-02,1.48809135e+02,5.70451390e-02,-2.35130868e-02,2.45168372e+01,-3.24122230e-04,-1.26828274e-03,-9.35077489e-02,1.43616702e-02,4.33307903e-02,1.78346037e-03,1.09329932e-03,-1.45712898e-04
2.45000000e+02,1.73244023e+02,5.71597970e-02,-2.64405236e-02,-9.08966598e-02,1.55465849e-02,4.32421082e-02,1.48738837e+02,5.74119063e-02,-2.48784735e-02,2.45051863e+01,-2.52109255e-04,-1.56205005e-03,-9.26739539e-02,1.44244120e-02,4.33556420e-02,1.77729405e-03,1.12217285e-03,-1.13533793e-04
2.46000000e+02,1.73172760e+02,5.70980273e-02,-2.54088167e-02,-8.98948620e-02,1.52434578e-02,4.28963724e-02,1.48678598e+02,5.75132279e-02,-2.41821290e-02,2.44941619e+01,-4.15200588e-04,-1.22668769e-03,-9.16812498e-02,1.42040963e-02,4.31280424e-02,1.78638775e-03,1.03936149e-03,-2.31670030e-04
2.47000000e+02,1.73094038e+02,5.61752361e-02,-2.78385031e-02,-8.90917245e-02,1.61733543e-02,4.24660696e-02,1.48612519e+02,5.65808075e-02,-2.63370310e-02,2.44815187e+01,-4.05571415e-04,-1.50147208e-03,-9.08668764e-02,1.50871450e-02,4.26911387e-02,1.77515188e-03,1.08620926e-03,-2.25069111e-04
2.48000000e+02,1.73024897e+02,5.47250500e-02,-2.52240632e-02,-8.81898817e-02,1.62918322e-02,4.15716713e-02,1.48555205e+02,5.52975382e-02,-2.40912912e-02,2.44696927e+01,-5.72488249e-04,-1.13277208e-03,-8.99713760e-02,1.53012786e-02,4.19212076e-02,1.78149426e-03,9.90553527e-04,-3.49536348e-04
2.49000000e+02,1.72949267e+02,5.55795211e-02,-2.72563103e-02,-8.73104598e-02,1.66546063e-02,4.18850916e-02,1.48492747e+02,5.60926256e-02,-2.58319226e-02,2.44565197e+01,-5.13104517e-04,-1.42438765e-03,-8.90817024e-02,1.56421578e-02,4.22079573e-02,1.77124252e-03,1.01244849e-03,-3.22865662e-04
2.50000000e+02,1.72885028e+02,5.52717255e-02,-2.64060692e-02,-8.62721038e-02,1.63916908e-02,4.14320697e-02,1.48441021e+02,5.59634280e-02,-2.53130009e-02,2.44440071e+01,-6.91702474e-04,-1.09306834e-03,-8.80505006e-02,1.54579159e-02,4.18796886e-02,1.77839680e-03,9.33774875e-04,-4.47618877e-04
2.51000000e+02,1.72814370e+02,5.41645438e-02,-2.92194060e-02,-8.53953015e-02,1.76084253e-02,4.09096112e-02,1.48383840e+02,5.48265530e-02,-2.78439221e-02,2.44305298e+01,-6.62009176e-04,-1.37548396e-03,-8.71633232e-02,1.66226167e-02,4.13372226e-02,1.76802174e-03,9.85808540e-04,-4.27611378e-04
2.52000000e+02,1.72753137e+02,5.34920529e-02,-2.68265962e-02,-8.43728891e-02,1.79220650e-02,4.05902109e-02,1.48335891e+02,5.42986419e-02,-2.58049330e-02,2.44172464e+01,-8.06589026e-04,-1.02166318e-03,-8.61499135e-02,1.70228572e-02,4.11265014e-02,1.77702437e-03,8.99207831e-04,-5.36290520e-04
2.53000000e+02,1.72684300e+02,5.43940059e-02,-2.93144093e-02,-8.33799791e-02,1.85546314e-02,4.08621332e-02,1.48281795e+02,5.51208156e-02,-2.79911652e-02,2.44025056e+01,-7.26809681e-04,-1.32324413e-03,-8.51490959e-02,1.76283987e-02,4.13602424e-02,1.76911675e-03,9.26232672e-04,-4.98109255e-04
2.54000000e+02,1.72625797e+02,5.47150917e-02,-2.89209579e-02,-8.21799017e-02,1.85075288e-02,4.08248621e-02,1.48237234e+02,5.56162167e-02,-2.79422076e-02,2.43885633e+01,-9.01124993e-04,-9.78750284e-04,-8.39570020e-02,1.76711241e-02,4.14443532e-02,1.77710024e-03,8.36404676e-04,-6.19491060e-04
2.55000000e+02,1.72561093e+02,5.34963576e-02,-3.19148321e-02,-8.11132379e-02,1.97476083e-02,4.01332312e-02,1.48187674e+02,5.43641004e-02,-3.06745080e-02,2.43734191e+01,-8.67742798e-04,-1.24032403e-03,-8.28774737e-02,1.88755417e-02,4.07305773e-02,1.76423580e-03,8.72066515e-04,-5.97346123e-04
2.56000000e+02,1.72505611e+02,5.16583635e-02,-2.91920749e-02,-7.99563422e-02,1.98028362e-02,3.89915098e-02,1.48146682e+02,5.26682970e-02,-2.83435007e-02,2.43589298e+01,-1.00993349e-03,-8.48574145e-04,-8.17258222e-02,1.90418726e-02,3.96932903e-02,1.76948000e-03,7.60963592e-04,-7.01780550e-04
2.57000000e+02,1.72443203e+02,5.21071155e-02,-3.07897459e-02,-7.88755667e-02,1.97091476e-02,3.90118262e-02,1.48099921e+02,5.30195276e-02,-2.96647012e-02,2.43432815e+01,-9.12412104e-04,-1.12504471e-03,-8.06330951e-02,1.89418656e-02,3.96576688e-02,1.75752832e-03,7.67282053e-04,-6.45842629e-04
2.58000000e+02,1.72391121e+02,5.22776895e-02,-2.91484748e-02,-7.76092594e-02,1.88372107e-02,3.89166332e-02,1.48062750e+02,5.33462978e-02,-2.83955082e-02,2.43283709e+01,-1.06860828e-03,-7.52966557e-04,-7.93724051e-02,1.81726562e-02,3.96687688e-02,1.76314570e-03,6.64554445e-04,-7.52135539e-04
2.59000000e+02,1.72332243e+02,5.22112204e-02,-3.11057850e-02,-7.64681092e-02,1.93468546e-02,3.90415818e-02,1.48019938e+02,5.32342924e-02,-3.00876557e-02,2.43123053e+01,-1.02307204e-03,-1.01812934e-03,-7.82180722e-02,1.86448050e-02,3.97619516e-02,1.74996296e-03,7.02049613e-04,-7.20369798e-04
2.60000000e+02,1.72283258e+02,5.20738815e-02,-2.82664111e-02,-7.52314266e-02,1.92337369e-02,3.90668394e-02,1.47986230e+02,5.32406210e-02,-2.76117336e-02,2.42970280e+01,-1.16673944e-03,-6.54677579e-04,-7.69871061e-02,1.86228495e-02,3.98885756e-02,1.75567955e-03,6.10887387e-04,-8.21736260e-04
2.61000000e+02,1.72227384e+02,5.42453614e-02,-3.07804839e-02,-7.40969869e-02,1.97823168e-02,4.03291949e-02,1.47946765e+02,5.53271521e-02,-2.98196097e-02,2.42806191e+01,-1.08179067e-03,-9.60874213e-04,-7.58404901e-02,1.91439567e-02,4.11006541e-02,1.74350316e-03,6.38360187e-04,-7.71459215e-04
2.62000000e+02,1.72181783e+02,5.54932240e-02,-3.01899411e-02,-7.28215618e-02,1.96468890e-02,4.08723607e-02,1.47916770e+02,5.67328941e-02,-2.96085810e-02,2.42650128e+01,-1.23967010e-03,-5.81360127e-04,-7.45697573e-02,1.91145247e-02,4.17522394e-02,1.74819549e-03,5.32364260e-04,-8.79878714e-04
2.63000000e+02,1.72129425e+02,5.56916230e-02,-3.18025176e-02,-7.16575429e-02,1.98958872e-02,4.11985786e-02,1.47881105e+02,5.69008263e-02,-3.09695025e-02,2.42483201e+01,-1.20920329e-03,-8.33015119e-04,-7.33911413e-02,1.93393915e-02,4.20538497e-02,1.73359842e-03,5.56495782e-04,-8.55271134e-04
2.64000000e+02,1.72087717e+02,5.40063194e-02,-2.83813313e-02,-7.03860621e-02,1.94297788e-02,4.02007553e-02,1.47855358e+02,5.53716754e-02,-2.79331352e-02,2.42323591e+01,-1.36535604e-03,-4.48196080e-04,-7.21224326e-02,1.89761279e-02,4.11629058e-02,1.73637044e-03,4.53650952e-04,-9.62150533e-04
2.65000000e+02,1.72038606e+02,5.43466340e-02,-2.98901676e-02,-6.93077831e-02,1.92724774e-02,4.01825974e-02,1.47823090e+02,5.56166131e-02,-2.91331417e-02,2.42155159e+01,-1.26997918e-03,-7.57025961e-04,-7.10277432e-02,1.87916006e-02,4.10921381e-02,1.71996016e-03,4.80876847e-04,-9.09540676e-04
2.66000000e+02,1.72000076e+02,5.40459702e-02,-2.74935301e-02,-6.81801276e-02,1.79653776e-02,3.97775737e-02,1.47800501e+02,5.54564370e-02,-2.70938035e-02,2.41995754e+01,-1.41046679e-03,-3.99726579e-04,-6.99012462e-02,1.75759481e-02,4.07807922e-02,1.72111855e-03,3.89429525e-04,-1.00321846e-03
2.67000000e+02,1.71955388e+02,5.22026643e-02,-2.91302629e-02,-6.71757219e-02,1.82369794e-02,3.87556716e-02,1.47772934e+02,5.35501862e-02,-2.84349111e-02,2.41824536e+01,-1.34752189e-03,-6.95351795e-04,-6.88810507e-02,1.77922311e-02,3.97137072e-02,1.70532876e-03,4.44748317e-04,-9.58035537e-04
2.68000000e+02,1.71920287e+02,4.99328227e-02,-2.61171534e-02,-6.59934383e-02,1.80852472e-02,3.74151752e-02,1.47754322e+02,5.13937606e-02,-2.57758480e-02,2.41659651e+01,-1.46093789e-03,-3.41305416e-04,-6.77030779e-02,1.77187376e-02,3.84537728e-02,1.70963961e-03,3.66509617e-04,-1.03859756e-03
2.69000000e+02,1.71877835e+02,4.90081325e-02,-2.71788722e-02,-6.48937953e-02,1.76699212e-02,3.66043318e-02,1.47729097e+02,5.03416926e-02,-2.65162966e-02,2.41487380e+01,-1.33356000e-03,-6.62575629e-04,-6.65879790e-02,1.72663345e-02,3.75608642e-02,1.69418375e-03,4.03586700e-04,-9.56532374e-04
2.70000000e+02,1.71846445e+02,4.97107394e-02,-2.52249405e-02,-6.37984884e-02,1.65891381e-02,3.68460262e-02,1.47714158e+02,5.11468118e-02,-2.49097494e-02,2.41322876e+01,-1.43607238e-03,-3.15191098e-04,-6.54921669e-02,1.62695806e-02,3.78724596e-02,1.69367845e-03,3.19557489e-04,-1.02643348e-03
2.71000000e+02,1.71808018e+02,4.90750115e-02,-2.74220517e-02,-6.28778327e-02,1.71337729e-02,3.66102629e-02,1.47693346e+02,5.04268160e-02,-2.68175235e-02,2.41146721e+01,-1.35180452e-03,-6.04528278e-04,-6.45531437e-02,1.67645347e-02,3.75770490e-02,1.67531096e-03,3.69238126e-04,-9.66786107e-04
2.72000000e+02,1.71779155e+02,4.80835559e-02,-2.45242663e-02,-6.18038476e-02,1.69553871e-02,3.62493576e-02,1.47681461e+02,4.95477065e-02,-2.43129573e-02,2.40976936e+01,-1.46415059e-03,-2.11308976e-04,-6.34819979e-02,1.66842414e-02,3.72915595e-02,1.67815032e-03,2.71145716e-04,-1.04220194e-03
2.73000000e+02,1.71742564e+02,4.92206659e-02,-2.62338604e-02,-6.07799011e-02,1.69083024e-02,3.68350196e-02,1.47662728e+02,5.05420489e-02,-2.57196465e-02,2.40798360e+01,-1.32138294e-03,-5.14213921e-04,-6.24456614e-02,1.66119229e-02,3.77899735e-02,1.66576031e-03,2.96379534e-04,-9.54953895e-04
2.74000000e+02,1.71716558e+02,5.06663421e-02,-2.41108690e-02,-5.95328865e-02,1.57472712e-02,3.75495061e-02,1.47653711e+02,5.20875979e-02,-2.39534472e-02,2.40628474e+01,-1.42125577e-03,-1.57421804e-04,-6.12037729e-02,1.55376207e-02,3.85706107e-02,1.67088641e-03,2.09650429e-04,-1.02110454e-03
2.75000000e+02,1.71683748e+02,5.17134604e-02,-2.55490923e-02,-5.83576288e-02,1.58229366e-02,3.85637638e-02,1.47638854e+02,5.30463679e-02,-2.50887639e-02,2.40448946e+01,-1.33290748e-03,-4.60328451e-04,-6.00142380e-02,1.55531645e-02,3.95178552e-02,1.65660919e-03,2.69772161e-04,-9.54091459e-04
2.76000000e+02,1.71660076e+02,5.18698380e-02,-2.16313360e-02,-5.70032274e-02,1.49894412e-02,3.90427963e-02,1.47632297e+02,5.33114301e-02,-2.15456017e-02,2.40277794e+01,-1.44159208e-03,-8.57343504e-05,-5.86622597e-02,1.48061998e-02,4.00686363e-02,1.65903229e-03,1.83241457e-04,-1.02584004e-03
2.77000000e+02,1.71629059e+02,5.38508077e-02,-2.34324336e-02,-5.57830001e-02,1.49920530e-02,4.03025410e-02,1.47619289e+02,5.51680367e-02,-2.30217665e-02,2.40097707e+01,-1.31722895e-03,-4.10667090e-04,-5.74250716e-02,1.47747704e-02,4.12516405e-02,1.64207154e-03,2.17282607e-04,-9.49099499e-04
2.78000000e+02,1.71608950e+02,5.52023446e-02,-2.22068108e-02,-5.44693524e-02,1.44545356e-02,4.09202507e-02,1.47616256e+02,5.66397851e-02,-2.21557622e-02,2.39926941e+01,-1.43744046e-03,-5.10486196e-05,-5.61104074e-02,1.43248543e-02,4.19496650e-02,1.64105492e-03,1.29681308e-04,-1.02941429e-03
2.79000000e+02,1.71581515e+02,5.58699793e-02,-2.45760345e-02,-5.32858855e-02,1.51584951e-02,4.16602132e-02,1.47606846e+02,5.72349275e-02,-2.42249002e-02,2.39746687e+01,-1.36494818e-03,-3.51134275e-04,-5.49081513e-02,1.49740622e-02,4.26319544e-02,1.62226585e-03,1.84432882e-04,-9.71741239e-04
2.80000000e+02,1.71564102e+02,5.48299312e-02,-2.11040041e-02,-5.19166523e-02,1.46817819e-02,4.13027820e-02,1.47606502e+02,5.63191663e-02,-2.11343292e-02,2.39576005e+01,-1.48923514e-03,3.03250796e-05,-5.35387694e-02,1.45879252e-02,4.23568174e-02,1.62211700e-03,9.38566734e-05,-1.05403547e-03
2.81000000e+02,1.71538597e+02,5.50800616e-02,-2.26259612e-02,-5.06701249e-02,1.44157469e-02,4.14011117e-02,1.47598979e+02,5.64600983e-02,-2.23075979e-02,2.39396178e+01,-1.38003670e-03,-3.18363301e-04,-5.22731061e-02,1.42740401e-02,4.23890501e-02,1.60298118e-03,1.41706804e-04,-9.87938414e-04
2.82000000e+02,1.71523842e+02,5.46887835e-02,-2.15718479e-02,-4.93301706e-02,1.39360667e-02,4.08648667e-02,1.47601227e+02,5.61760103e-02,-2.15877554e-02,2.39226154e+01,-1.48722680e-03,1.59075070e-05,-5.09293629e-02,1.38612642e-02,4.19219083e-02,1.59919229e-03,7.48025082e-05,-1.05704156e-03
2.83000000e+02,1.71502588e+02,5.44207008e-02,-2.46252237e-02,-4.81894224e-02,1.50622070e-02,4.08562125e-02,1.47597897e+02,5.57934420e-02,-2.43197074e-02,2.39046911e+01,-1.37274126e-03,-3.05516323e-04,-4.97682857e-02,1.49165109e-02,4.18294416e-02,1.57886326e-03,1.45696082e-04,-9.73229074e-04
2.84000000e+02,1.71490741e+02,5.35533299e-02,-2.21592544e-02,-4.68419636e-02,1.52178178e-02,4.05621135e-02,1.47603050e+02,5.50094902e-02,-2.22326344e-02,2.38876910e+01,-1.45616027e-03,7.33799470e-05,-4.84203049e-02,1.51586361e-02,4.15882144e-02,1.57834138e-03,5.91817137e-05,-1.02610098e-03
2.85000000e+02,1.71471460e+02,5.47217300e-02,-2.39517355e-02,-4.55853201e-02,1.51361980e-02,4.12461527e-02,1.47601669e+02,5.60532587e-02,-2.36811343e-02,2.38697908e+01,-1.33152867e-03,-2.70601206e-04,-4.71449704e-02,1.50270567e-02,4.21932561e-02,1.55965035e-03,1.09141231e-04,-9.47103435e-04
2.86000000e+02,1.71463118e+02,5.57063177e-02,-2.31756452e-02,-4.42542204e-02,1.48867076e-02,4.16331748e-02,1.47610216e+02,5.71464282e-02,-2.32231681e-02,2.38529018e+01,-1.44011057e-03,4.75228547e-05,-4.58102373e-02,1.48291331e-02,4.26525814e-02,1.55601695e-03,5.75745018e-05,-1.01940652e-03
2.87000000e+02,1.71447780e+02,5.58816848e-02,-2.63177542e-02,-4.31350304e-02,1.61058594e-02,4.19488012e-02,1.47612751e+02,5.72214805e-02,-2.60134549e-02,2.38350288e+01,-1.33979564e-03,-3.04299251e-04,-4.46704473e-02,1.59590417e-02,4.28918509e-02,1.53541696e-03,1.46817667e-04,-9.43049711e-04
2.88000000e+02,1.71441555e+02,5.52959130e-02,-2.33277554e-02,-4.18200546e-02,1.59794889e-02,4.18456308e-02,1.47623431e+02,5.67217336e-02,-2.33982876e-02,2.38181246e+01,-1.42582065e-03,7.05321851e-05,-4.33538818e-02,1.59125105e-02,4.28416444e-02,1.53382717e-03,6.69783924e-05,-9.96013661e-04
2.89000000e+02,1.71427243e+02,5.66164020e-02,-2.47149075e-02,-4.06052825e-02,1.56239183e-02,4.27243893e-02,1.47626898e+02,5.79145464e-02,-2.44452052e-02,2.38003458e+01,-1.29814437e-03,-2.69702314e-04,-4.21193536e-02,1.55161972e-02,4.36361073e-02,1.51407108e-03,1.07721087e-04,-9.11718026e-04
2.90000000e+02,1.71423456e+02,5.73173053e-02,-2.25626268e-02,-3.93161074e-02,1.44000614e-02,4.31332971e-02,1.47639896e+02,5.87327777e-02,-2.26500469e-02,2.37835602e+01,-1.41547238e-03,8.74200456e-05,-4.08256643e-02,1.43693565e-02,4.41202870e-02,1.50955692e-03,3.07049303e-05,-9.86989902e-04
2.91000000e+02,1.71413116e+02,5.78411263e-02,-2.44778584e-02,-3.82510651e-02,1.47002941e-02,4.37274028e-02,1.47647222e+02,5.91686604e-02,-2.42246563e-02,2.37658948e+01,-1.32753414e-03,-2.53202135e-04,-3.97382030e-02,1.45879441e-02,4.46523637e-02,1.48713789e-03,1.12349990e-04,-9.24960877e-04
2.92000000e+02,1.71411867e+02,5.73562737e-02,-2.12184966e-02,-3.70142291e-02,1.42934013e-02,4.36032010e-02,1.47662696e+02,5.87742075e-02,-2.13200582e-02,2.37491708e+01,-1.41793377e-03,1.01561634e-04,-3.84984467e-02,1.42453439e-02,4.45894728e-02,1.48421755e-03,4.80574219e-05,-9.86271764e-04
2.93000000e+02,1.71401623e+02,5.88466924e-02,-2.26194228e-02,-3.58551421e-02,1.38857392e-02,4.45630531e-02,1.47670025e+02,6.01261440e-02,-2.23554587e-02,2.37315984e+01,-1.27945165e-03,-2.63964142e-04,-3.73196641e-02,1.37773587e-02,4.54553214e-02,1.46452207e-03,1.08380417e-04,-8.92268333e-04
2.94000000e+02,1.71402181e+02,5.98857568e-02,-2.00168691e-02,-3.45741068e-02,1.23312787e-02,4.50754498e-02,1.47687140e+02,6.12568866e-02,-2.00958791e-02,2.37150414e+01,-1.37112985e-03,7.90100575e-05,-3.60344452e-02,1.22858669e-02,4.60308640e-02,1.46033836e-03,4.54118589e-05,-9.55414254e-04
2.95000000e+02,1.71395879e+02,6.08746165e-02,-2.13447021e-02,-3.34213617e-02,1.22152226e-02,4.59128165e-02,1.47698302e+02,6.21535169e-02,-2.10655929e-02,2.36975766e+01,-1.27890040e-03,-2.79109137e-04,-3.48599685e-02,1.20749319e-02,4.68018632e-02,1.43860688e-03,1.40290731e-04,-8.89046709e-04
2.96000000e+02,1.71398525e+02,6.07159630e-02,-1.81049930e-02,-3.20854951e-02,1.18035125e-02,4.60342402e-02,1.47717417e+02,6.20921905e-02,-1.81640038e-02,2.36811079e+01,-1.37622743e-03,5.90108065e-05,-3.35205247e-02,1.17130739e-02,4.69832133e-02,1.43502965e-03,9.04386036e-05,-9.48973079e-04
2.97000000e+02,1.71392621e+02,6.26325506e-02,-2.01436188e-02,-3.08475546e-02,1.18906319e-02,4.72914887e-02,1.47728827e+02,6.38719635e-02,-1.98205283e-02,2.36637943e+01,-1.23941293e-03,-3.23090552e-04,-3.22607951e-02,1.17268069e-02,4.81508825e-02,1.41324053e-03,1.63824971e-04,-8.59393787e-04
2.98000000e+02,1.71396996e+02,6.38647514e-02,-1.84834662e-02,-2.94474058e-02,1.10415897e-02,4.80395811e-02,1.47749482e+02,6.52116560e-02,-1.84954407e-02,2.36475141e+01,-1.34690458e-03,1.19744590e-05,-3.08551561e-02,1.09373646e-02,4.89680750e-02,1.40775026e-03,1.04225140e-04,-9.28493835e-04
2.99000000e+02,1.71393111e+02,6.46444672e-02,-2.06183297e-02,-2.82295006e-02,1.14569258e-02,4.88702269e-02,1.47762783e+02,6.59117805e-02,-2.02619176e-02,2.36303278e+01,-1.26731332e-03,-3.56412078e-04,-2.96139331e-02,1.12540071e-02,4.97374712e-02,1.38443251e-03,2.02918644e-04,-8.67244214e-04
3.00000000e+02,1.71398380e+02,6.36859046e-02,-1.76807342e-02,-2.68595634e-02,1.12303298e-02,4.84894623e-02,1.47784232e+02,6.50659462e-02,-1.76592012e-02,2.36141484e+01,-1.38004163e-03,-2.15329875e-05,-2.82378924e-02,1.10736048e-02,4.94308665e-02,1.37832893e-03,1.56724936e-04,-9.41404167e-04
3.01000000e+02,1.71395117e+02,6.44364811e-02,-1.97765028e-02,-2.55829114e-02,1.13023698e-02,4.89309337e-02,1.47797990e+02,6.57019131e-02,-1.93581717e-02,2.35971274e+01,-1.26543199e-03,-4.18331074e-04,-2.69376096e-02,1.10634320e-02,4.98011042e-02,1.35469826e-03,2.38937725e-04,-8.70170554e-04
3.02000000e+02,1.71402506e+02,6.45137980e-02,-1.81928934e-02,-2.42450207e-02,1.05444927e-02,4.88325336e-02,1.47821291e+02,6.58935408e-02,-1.81142325e-02,2.35812151e+01,-1.37974282e-03,-7.86609293e-05,-2.55917337e-02,1.03624433e-02,4.97787087e-02,1.34671299e-03,1.82049326e-04,-9.46175102e-04
3.03000000e+02,1.71401701e+02,6.46077714e-02,-2.03335621e-02,-2.31187631e-02,1.10722733e-02,4.90595088e-02,1.47837282e+02,6.58991799e-02,-1.99139730e-02,2.35644197e+01,-1.29140849e-03,-4.19589123e-04,-2.44388263e-02,1.08089764e-02,4.99434045e-02,1.32006326e-03,2.63296870e-04,-8.83895633e-04
3.04000000e+02,1.71409638e+02,6.35933131e-02,-1.74564676e-02,-2.18884471e-02,1.09226780e-02,4.85748656e-02,1.47860974e+02,6.49929348e-02,-1.74086278e-02,2.35486638e+01,-1.39962163e-03,-4.78397172e-05,-2.31993774e-02,1.07331646e-02,4.95294870e-02,1.31093033e-03,1.89513416e-04,-9.54621369e-04
3.05000000e+02,1.71408772e+02,6.48936587e-02,-1.91204949e-02,-2.08003821e-02,1.06316507e-02,4.94148298e-02,1.47876721e+02,6.61760331e-02,-1.86994919e-02,2.35320507e+01,-1.28237434e-03,-4.21003001e-04,-2.20855284e-02,1.03801035e-02,5.02942291e-02,1.28514629e-03,2.51547199e-04,-8.79399313e-04
3.06000000e+02,1.71418778e+02,6.55303423e-02,-1.71307386e-02,-1.95901932e-02,9.60030605e-03,4.96374142e-02,1.47902222e+02,6.69238514e-02,-1.70496578e-02,2.35165566e+01,-1.39350913e-03,-8.10808630e-05,-2.08664158e-02,9.40046847e-03,5.05924554e-02,1.27622264e-03,1.99837585e-04,-9.55041201e-04
3.07000000e+02,1.71421092e+02,6.64828416e-02,-1.91155955e-02,-1.85231218e-02,1.01452195e-02,5.05055539e-02,1.47920888e+02,6.77901108e-02,-1.86578053e-02,2.35002041e+01,-1.30726917e-03,-4.57790254e-04,-1.97733982e-02,9.83810466e-03,5.13974481e-02,1.25027636e-03,3.07114801e-04,-8.91894141e-04
3.08000000e+02,1.71432101e+02,6.63405700e-02,-1.63026993e-02,-1.72929218e-02,1.00549548e-02,5.06938956e-02,1.47947205e+02,6.77545781e-02,-1.61889344e-02,2.34848962e+01,-1.41400812e-03,-1.13764912e-04,-1.85348684e-02,9.80213127e-03,5.16580390e-02,1.24194663e-03,2.52823479e-04,-9.64143467e-04
3.09000000e+02,1.71433885e+02,6.81493342e-02,-1.86945109e-02,-1.61649632e-02,1.02836074e-02,5.18221758e-02,1.47965174e+02,6.94500306e-02,-1.81877787e-02,2.34687110e+01,-1.30069641e-03,-5.06732223e-04,-1.73814960e-02,9.95262382e-03,5.27165785e-02,1.21653283e-03,3.30983570e-04,-8.94402681e-04
3.10000000e+02,1.71446295e+02,6.88759188e-02,-1.72416068e-02,-1.49508793e-02,9.64781972e-03,5.21717216e-02,1.47992640e+02,7.03047005e-02,-1.70589358e-02,2.34536551e+01,-1.42878167e-03,-1.82671040e-04,-1.61587004e-02,9.35747638e-03,5.31496273e-02,1.20782117e-03,2.90343338e-04,-9.77905713e-04
3.11000000e+02,1.71450740e+02,6.87756516e-02,-1.92330639e-02,-1.39076190e-02,1.01999638e-02,5.24194274e-02,1.48012996e+02,7.01282677e-02,-1.86730721e-02,2.34377441e+01,-1.35261606e-03,-5.59991735e-04,-1.50894285e-02,9.80637869e-03,5.33409491e-02,1.18180944e-03,3.93585136e-04,-9.21521749e-04
3.12000000e+02,1.71463145e+02,6.73005672e-02,-1.58749062e-02,-1.27135606e-02,9.80882264e-03,5.17917517e-02,1.48040239e+02,6.87602534e-02,-1.56719337e-02,2.34229058e+01,-1.45968615e-03,-2.02972462e-04,-1.38864315e-02,9.47791786e-03,5.27860784e-02,1.17287088e-03,3.30904780e-04,-9.94326719e-04
3.13000000e+02,1.71466406e+02,6.79216800e-02,-1.71200495e-02,-1.16383051e-02,9.25674546e-03,5.21245229e-02,1.48059207e+02,6.92575549e-02,-1.65305768e-02,2.34071989e+01,-1.33587487e-03,-5.89472664e-04,-1.27838961e-02,8.85461103e-03,5.30464001e-02,1.14559095e-03,4.02134432e-04,-9.21877203e-04
3.14000000e+02,1.71479855e+02,6.81364111e-02,-1.48502079e-02,-1.05549224e-02,8.07285912e-03,5.20795971e-02,1.48087248e+02,6.95886089e-02,-1.46019930e-02,2.33926073e+01,-1.45219782e-03,-2.48214854e-04,-1.16887160e-02,7.72473446e-03,5.30781163e-02,1.13379357e-03,3.48124659e-04,-9.98519193e-04
3.15000000e+02,1.71484773e+02,6.86894307e-02,-1.64625035e-02,-9.68026504e-03,8.25770875e-03,5.27175391e-02,1.48107630e+02,7.00635778e-02,-1.58280689e-02,2.33771432e+01,-1.37414710e-03,-6.34434521e-04,-1.07859730e-02,7.80242105e-03,5.36595336e-02,1.10570793e-03,4.55287708e-04,-9.41994465e-04
3.16000000e+02,1.71497725e+02,6.81807705e-02,-1.36098987e-02,-8.67683967e-03,8.15767836e-03,5.26513777e-02,1.48134958e+02,6.96630082e-02,-1.33103795e-02,2.33627670e+01,-1.48223765e-03,-2.99519151e-04,-9.77330352e-03,7.74901859e-03,5.36682671e-02,1.09646384e-03,4.08659771e-04,-1.01688944e-03
3.17000000e+02,1.71500645e+02,6.98623716e-02,-1.56565442e-02,-7.75845522e-03,8.05198865e-03,5.37531236e-02,1.48153116e+02,7.12237616e-02,-1.49572604e-02,2.33475294e+01,-1.36139005e-03,-6.99283807e-04,-8.83023271e-03,7.56400351e-03,5.46941753e-02,1.07177749e-03,4.87985143e-04,-9.41051734e-04
3.18000000e+02,1.71513746e+02,7.07284061e-02,-1.38958281e-02,-6.75278019e-03,7.14431565e-03,5.42520537e-02,1.48180289e+02,7.22032932e-02,-1.35559270e-02,2.33334573e+01,-1.47488714e-03,-3.39901054e-04,-7.81575951e-03,6.72023601e-03,5.52693844e-02,1.06297932e-03,4.24079638e-04,-1.01733068e-03
3.19000000e+02,1.71518513e+02,7.19321962e-02,-1.61666718e-02,-5.88502928e-03,7.68909363e-03,5.52791522e-02,1.48200024e+02,7.33364062e-02,-1.54749795e-02,2.33184882e+01,-1.40420999e-03,-6.91692231e-04,-6.92308503e-03,7.18439538e-03,5.62503057e-02,1.03805576e-03,5.04698249e-04,-9.71153493e-04
3.20000000e+02,1.71531878e+02,7.18239806e-02,-1.36759997e-02,-4.85486598e-03,7.68574286e-03,5.54303725e-02,1.48227258e+02,7.33641471e-02,-1.33467021e-02,2.33046192e+01,-1.54016645e-03,-3.29297600e-04,-5.88473459e-03,7.24413738e-03,5.64943463e-02,1.02986861e-03,4.41605475e-04,-1.06397380e-03
3.21000000e+02,1.71535395e+02,7.35266391e-02,-1.55584962e-02,-3.93677172e-03,7.61581483e-03,5.64942947e-02,1.48245503e+02,7.49780232e-02,-1.48467711e-02,2.32898922e+01,-1.45138413e-03,-7.11725089e-04,-4.94145293e-03,7.09818725e-03,5.75041124e-02,1.00468122e-03,5.17627582e-04,-1.00981772e-03
3.22000000e+02,1.71548273e+02,7.39809348e-02,-1.32165804e-02,-2.93245028e-03,6.39290564e-03,5.66994050e-02,1.48271946e+02,7.55764968e-02,-1.28564356e-02,2.32763271e+01,-1.59556192e-03,-3.60144776e-04,-3.92609372e-03,5.94097328e-03,5.78050970e-02,9.93643438e-04,4.51932359e-04,-1.10569198e-03
3.23000000e+02,1.71552782e+02,7.36536272e-02,-1.45269296e-02,-2.06056559e-03,6.21845720e-03,5.67343594e-02,1.48290868e+02,7.51957808e-02,-1.38055833e-02,2.32619139e+01,-1.54215361e-03,-7.21346258e-04,-3.02793335e-03,5.68082449e-03,5.78037679e-02,9.67367752e-04,5.37632719e-04,-1.06940849e-03
3.24000000e+02,1.71565862e+02,7.22650323e-02,-1.07560855e-02,-1.02742639e-03,5.33591585e-03,5.60794144e-02,1.48317291e+02,7.39326326e-02,-1.03938781e-02,2.32485707e+01,-1.66760029e-03,-3.62207346e-04,-1.98568522e-03,4.85762919e-03,5.72346508e-02,9.58258836e-04,4.78286659e-04,-1.15523644e-03
3.25000000e+02,1.71569171e+02,7.36680702e-02,-1.20337643e-02,-2.51666503e-05,4.89425565e-03,5.69817862e-02,1.48334780e+02,7.52268658e-02,-1.12726851e-02,2.32343911e+01,-1.55879561e-03,-7.61079221e-04,-9.58994028e-04,4.33296650e-03,5.80706806e-02,9.33827377e-04,5.61289143e-04,-1.08889436e-03
3.26000000e+02,1.71582206e+02,7.42117033e-02,-1.02099774e-02,1.08840586e-03,4.03420279e-03,5.72388287e-02,1.48360830e+02,7.58882183e-02,-9.78054788e-03,2.32213762e+01,-1.67651495e-03,-4.29429495e-04,1.64672253e-04,3.52118628e-03,5.84096103e-02,9.23733607e-04,5.13016510e-04,-1.17078152e-03
3.27000000e+02,1.71586325e+02,7.51426134e-02,-1.26076778e-02,2.11844350e-03,4.60057210e-03,5.80891653e-02,1.48378851e+02,7.67394469e-02,-1.18076062e-02,2.32074744e+01,-1.59683356e-03,-8.00071608e-04,1.22082990e-03,3.99768021e-03,5.92085510e-02,8.97613602e-04,6.02891893e-04,-1.11938576e-03
3.28000000e+02,1.71599404e+02,7.49897602e-02,-9.67082386e-03,3.29991438e-03,4.28751393e-03,5.82050471e-02,1.48404732e+02,7.67048553e-02,-9.24870345e-03,2.31946727e+01,-1.71509512e-03,-4.22120404e-04,2.41276100e-03,3.75860115e-03,5.94037401e-02,8.87153380e-04,5.28912774e-04,-1.19869299e-03
3.29000000e+02,1.71602272e+02,7.69598517e-02,-1.07543304e-02,4.41691229e-03,3.68646015e-03,5.95026955e-02,1.48421256e+02,7.85846362e-02,-9.96391859e-03,2.31810163e+01,-1.62478445e-03,-7.90411831e-04,3.55715860e-03,3.09841463e-03,6.06460901e-02,8.59753690e-04,5.88045517e-04,-1.14339462e-03
3.30000000e+02,1.71615273e+02,7.77075384e-02,-8.32651708e-03,5.60227998e-03,2.27039718e-03,5.99444448e-02,1.48446738e+02,7.94724963e-02,-7.88339746e-03,2.31685350e+01,-1.76495794e-03,-4.43119621e-04,4.75753403e-03,1.74369939e-03,6.11847418e-02,8.44745949e-04,5.26697791e-04,-1.24029700e-03
3.31000000e+02,1.71619263e+02,7.75470027e-02,-1.00882998e-02,6.57400366e-03,2.42204610e-03,6.00611017e-02,1.48464120e+02,7.92613611e-02,-9.28498946e-03,2.31551426e+01,-1.71435840e-03,-8.03310351e-04,5.76090719e-03,1.80371839e-03,6.12693398e-02,8.13096476e-04,6.18327717e-04,-1.20823808e-03
3.32000000e+02,1.71631319e+02,7.57846246e-02,-6.54095928e-03,7.65047669e-03,1.80488591e-03,5.90936783e-02,1.48488456e+02,7.76283877e-02,-6.10015519e-03,2.31428638e+01,-1.84376308e-03,-4.40804092e-04,6.85210598e-03,1.24639191e-03,6.03918082e-02,7.98370704e-04,5.58493995e-04,-1.29812993e-03
3.33000000e+02,1.71633650e+02,7.66773503e-02,-7.29631554e-03,8.59084705e-03,1.09984255e-03,5.95768143e-02,1.48503928e+02,7.84220982e-02,-6.46734716e-03,2.31297220e+01,-1.74474788e-03,-8.28968376e-04,7.82222313e-03,4.68293110e-04,6.08156976e-02,7.68623927e-04,6.31549436e-04,-1.23888333e-03
3.34000000e+02,1.71646088e+02,7.66083259e-02,-4.55432354e-03,9.53666450e-03,-4.02502409e-04,5.93337766e-02,1.48528336e+02,7.84989331e-02,-4.06351335e-03,2.31177526e+01,-1.89060723e-03,-4.90810186e-04,8.78406058e-03,-9.76823106e-04,6.06713822e-02,7.52603919e-04,5.74320697e-04,-1.33760553e-03
3.35000000e+02,1.71649698e+02,7.59865068e-02,-5.59935721e-03,1.02668421e-02,-6.74201794e-04,5.90921525e-02,1.48544811e+02,7.78145171e-02,-4.75017005e-03,2.31048872e+01,-1.82801031e-03,-8.49187161e-04,9.54498497e-03,-1.33209485e-03,6.03893439e-02,7.21857167e-04,6.57893054e-04,-1.29719138e-03
3.36000000e+02,1.71661395e+02,7.36824066e-02,-1.21125210e-03,1.11189897e-02,-1.77629047e-03,5.77555948e-02,1.48568271e+02,7.56352235e-02,-7.30610998e-04,2.30931240e+01,-1.95281693e-03,-4.80641105e-04,1.04105571e-02,-2.37231304e-03,5.91382650e-02,7.08432607e-04,5.96022575e-04,-1.38267024e-03
3.37000000e+02,1.71663407e+02,7.39717612e-02,-1.80830668e-03,1.18145924e-02,-2.63913704e-03,5.77506654e-02,1.48582891e+02,7.58202549e-02,-9.28555158e-04,2.30805161e+01,-1.84849375e-03,-8.79751523e-04,1.11349000e-02,-3.31295191e-03,5.90730330e-02,6.79692392e-04,6.73814868e-04,-1.32236763e-03
3.38000000e+02,1.71675810e+02,7.38248444e-02,5.71709246e-04,1.25354527e-02,-3.85118661e-03,5.73846834e-02,1.48606759e+02,7.57917726e-02,1.12505551e-03,2.30690513e+01,-1.96692824e-03,-5.53346261e-04,1.18701603e-02,-4.47966562e-03,5.87859290e-02,6.65292426e-04,6.28479002e-04,-1.40124558e-03
3.39000000e+02,1.71679050e+02,7.41394243e-02,-1.51188954e-03,1.30895173e-02,-3.39901128e-03,5.77519141e-02,1.48622365e+02,7.60315999e-02,-5.82451471e-04,2.30566857e+01,-1.89217554e-03,-9.29438069e-04,1.24532490e-02,-4.12239959e-03,5.91027579e-02,6.36268337e-04,7.23388310e-04,-1.35084381e-03
3.40000000e+02,1.71690302e+02,7.31900987e-02,1.16631695e-03,1.38533545e-02,-3.33748571e-03,5.72634191e-02,1.48644852e+02,7.51992096e-02,1.73640985e-03,2.30454495e+01,-2.00911084e-03,-5.70092895e-04,1.32293824e-02,-4.00267951e-03,5.86969329e-02,6.23972116e-04,6.65193800e-04,-1.43351376e-03
3.41000000e+02,1.71691463e+02,7.43844538e-02,-8.03750394e-04,1.45036618e-02,-3.22482418e-03,5.79049715e-02,1.48658153e+02,7.62958981e-02,1.62898329e-04,2.30333095e+01,-1.91144429e-03,-9.66648723e-04,1.39071064e-02,-3.96755195e-03,5.92777035e-02,5.96555379e-04,7.42727770e-04,-1.37273196e-03
3.42000000e+02,1.71702561e+02,7.44245758e-02,4.57623756e-04,1.52390764e-02,-3.66492839e-03,5.76674442e-02,1.48680212e+02,7.64639906e-02,1.09481048e-03,2.30223489e+01,-2.03941477e-03,-6.37186721e-04,1.46553297e-02,-4.36009589e-03,5.91284226e-02,5.83746707e-04,6.95167501e-04,-1.46097840e-03
3.43000000e+02,1.71704578e+02,7.45329688e-02,-2.17083515e-03,1.58344242e-02,-2.77900149e-03,5.77930598e-02,1.48694085e+02,7.65124124e-02,-1.16988116e-03,2.30104930e+01,-1.97944359e-03,-1.00095399e-03,1.52784828e-02,-3.56076799e-03,5.92156418e-02,5.55941344e-04,7.81766497e-04,-1.42258200e-03
3.44000000e+02,1.71714600e+02,7.26993552e-02,6.15143090e-04,1.65406599e-02,-2.86964517e-03,5.67154299e-02,1.48714879e+02,7.48111196e-02,1.23996480e-03,2.29997213e+01,-2.11176441e-03,-6.24821709e-04,1.59964861e-02,-3.57994017e-03,5.82280761e-02,5.44173863e-04,7.10295004e-04,-1.51264617e-03
3.45000000e+02,1.71714551e+02,7.28958659e-02,-1.32668441e-03,1.71497512e-02,-2.96032609e-03,5.66582522e-02,1.48726472e+02,7.48986740e-02,-3.26677181e-04,2.29880793e+01,-2.00280809e-03,-1.00000723e-03,1.66327209e-02,-3.73095252e-03,5.81066140e-02,5.17030252e-04,7.70626438e-04,-1.44836171e-03
3.46000000e+02,1.71724661e+02,7.26979131e-02,1.34886287e-04,1.78119735e-02,-3.59160619e-03,5.63109436e-02,1.48747056e+02,7.48230966e-02,7.76386582e-04,2.29776056e+01,-2.12518348e-03,-6.41500295e-04,1.73084908e-02,-4.29749135e-03,5.78409880e-02,5.03482712e-04,7.05885161e-04,-1.53004446e-03
3.47000000e+02,1.71725715e+02,7.26679477e-02,-2.41708880e-03,1.83356187e-02,-2.73369487e-03,5.64487271e-02,1.48759504e+02,7.47350417e-02,-1.42729516e-03,2.29662105e+01,-2.06709392e-03,-9.89793645e-04,1.78613667e-02,-3.51769327e-03,5.79369743e-02,4.74251945e-04,7.83998394e-04,-1.48824722e-03
3.48000000e+02,1.71734540e+02,7.13042721e-02,4.90872684e-04,1.89707871e-02,-2.93017986e-03,5.55903232e-02,1.48778621e+02,7.34774856e-02,1.10192830e-03,2.29559198e+01,-2.17321344e-03,-6.11055616e-04,1.85098329e-02,-3.63888275e-03,5.71560607e-02,4.60954206e-04,7.08702886e-04,-1.56573752e-03
3.49000000e+02,1.71733136e+02,7.21465237e-02,-3.57105690e-04,1.95017785e-02,-3.68142708e-03,5.60372931e-02,1.48788418e+02,7.42149955e-02,6.26704315e-04,2.29447176e+01,-2.06847174e-03,-9.83810005e-04,1.90686275e-02,-4.45010412e-03,5.75408676e-02,4.33151026e-04,7.68677041e-04,-1.50357452e-03
3.50000000e+02,1.71741909e+02,7.14891350e-02,3.01489097e-03,2.00457422e-02,-5.60575251e-03,5.53717384e-02,1.48807169e+02,7.36795586e-02,3.63115731e-03,2.29347399e+01,-2.19042366e-03,-6.16266333e-04,1.96274875e-02,-6.30204463e-03,5.69597725e-02,4.18254708e-04,6.96292124e-04,-1.58803411e-03
3.51000000e+02,1.71741639e+02,7.07780434e-02,2.05739344e-03,2.03913590e-02,-5.96330911e-03,5.49472565e-02,1.48817822e+02,7.28880323e-02,3.05227693e-03,2.29238176e+01,-2.10998893e-03,-9.94883492e-04,2.00031475e-02,-6.75275547e-03,5.64838897e-02,3.88211551e-04,7.89446357e-04,-1.53663316e-03
3.52000000e+02,1.71749275e+02,6.89884674e-02,5.34967898e-03,2.08063922e-02,-6.38700869e-03,5.38026169e-02,1.48835278e+02,7.12019887e-02,5.99027972e-03,2.29139966e+01,-2.21352132e-03,-6.40600740e-04,2.04308990e-02,-7.12309421e-03,5.54092449e-02,3.75493236e-04,7.36085520e-04,-1.60662808e-03
3.53000000e+02,1.71746378e+02,6.93949300e-02,3.79460157e-03,2.11312079e-02,-6.56176943e-03,5.38226091e-02,1.48843081e+02,7.15064397e-02,4.81660530e-03,2.29032966e+01,-2.11150973e-03,-1.02200374e-03,2.07825272e-02,-7.36664049e-03,5.53689353e-02,3.48680708e-04,8.04871057e-04,-1.54632620e-03
3.54000000e+02,1.71753618e+02,6.88679935e-02,5.96606108e-03,2.15027241e-02,-7.67271858e-03,5.32340467e-02,1.48859837e+02,7.11038405e-02,6.62793356e-03,2.28937814e+01,-2.23584692e-03,-6.61872477e-04,2.11667695e-02,-8.40750915e-03,5.48625316e-02,3.35954614e-04,7.34790571e-04,-1.62848495e-03
3.55000000e+02,1.71751671e+02,6.82561677e-02,3.90038457e-03,2.17690234e-02,-7.27717565e-03,5.29534108e-02,1.48868300e+02,7.04168432e-02,4.93319729e-03,2.28833710e+01,-2.16067552e-03,-1.03281272e-03,2.14593060e-02,-8.10064649e-03,5.45300178e-02,3.09717394e-04,8.23470845e-04,-1.57660703e-03
3.56000000e+02,1.71757800e+02,6.63366728e-02,7.08538071e-03,2.22164648e-02,-7.57452979e-03,5.16992837e-02,1.48883737e+02,6.86073165e-02,7.74465598e-03,2.28740629e+01,-2.27064373e-03,-6.59275264e-04,2.19163874e-02,-8.32987627e-03,5.33522446e-02,3.00077399e-04,7.55346486e-04,-1.65296091e-03
3.57000000e+02,1.71753611e+02,6.64074891e-02,5.55193175e-03,2.26197514e-02,-7.81498291e-03,5.14694442e-02,1.48889751e+02,6.85723469e-02,6.59469307e-03,2.28638606e+01,-2.16485782e-03,-1.04276132e-03,2.23437133e-02,-8.63598223e-03,5.30582957e-02,2.76038124e-04,8.20999313e-04,-1.58885143e-03
3.58000000e+02,1.71759461e+02,6.56903533e-02,7.38809537e-03,2.31337374e-02,-8.58787512e-03,5.07769793e-02,1.48904620e+02,6.79582641e-02,8.08183510e-03,2.28548410e+01,-2.26791085e-03,-6.93739733e-04,2.28688084e-02,-9.34929677e-03,5.24317309e-02,2.64928969e-04,7.61421643e-04,-1.65475160e-03
3.59000000e+02,1.71756442e+02,6.54598222e-02,4.84092798e-03,2.35287026e-02,-7.80546085e-03,5.07393578e-02,1.48911548e+02,6.76419910e-02,5.91402981e-03,2.28448935e+01,-2.18216879e-03,-1.07310182e-03,2.32905490e-02,-8.65810506e-03,5.23366841e-02,2.38153532e-04,8.52644212e-04,-1.59732623e-03
3.60000000e+02,1.71761824e+02,6.37983315e-02,8.02258572e-03,2.40404018e-02,-8.18625261e-03,4.97303668e-02,1.48925762e+02,6.60898426e-02,8.69962182e-03,2.28360617e+01,-2.29151107e-03,-6.77036104e-04,2.38130772e-02,-8.95346075e-03,5.14012288e-02,2.27324547e-04,7.67208136e-04,-1.67086199e-03
3.61000000e+02,1.71756726e+02,6.43597674e-02,7.22565702e-03,2.45281757e-02,-8.92986228e-03,4.98063688e-02,1.48930381e+02,6.65457570e-02,8.26799392e-03,2.28263442e+01,-2.18598964e-03,-1.04233690e-03,2.43262043e-02,-9.75135928e-03,5.14141705e-02,2.01971430e-04,8.21497007e-04,-1.60780174e-03
3.62000000e+02,1.71761751e+02,6.35107182e-02,9.39418833e-03,2.50704100e-02,-1.00894118e-02,4.90318630e-02,1.48943914e+02,6.58096943e-02,1.00874511e-02,2.28178370e+01,-2.29897613e-03,-6.93262813e-04,2.48810666e-02,-1.08468780e-02,5.07137884e-02,1.89343462e-04,7.57466180e-04,-1.68192541e-03
3.63000000e+02,1.71757570e+02,6.23917627e-02,7.93935175e-03,2.54921548e-02,-1.01455183e-02,4.84611295e-02,1.48949164e+02,6.46167443e-02,8.99310435e-03,2.28084062e+01,-2.22498155e-03,-1.05375260e-03,2.53300154e-02,-1.09859873e-02,5.00906707e-02,1.62139363e-04,8.40469021e-04,-1.62954111e-03
3.64000000e+02,1.71761394e+02,6.04992539e-02,1.19536380e-02,2.59896334e-02,-1.11221112e-02,4.72800535e-02,1.48961286e+02,6.28177412e-02,1.26219077e-02,2.28001073e+01,-2.31848731e-03,-6.68269752e-04,2.58395889e-02,-1.18859083e-02,4.89756247e-02,1.50044501e-04,7.63797130e-04,-1.69557117e-03
3.65000000e+02,1.71755165e+02,6.06635087e-02,1.09189559e-02,2.64066005e-02,-1.16823678e-02,4.71281026e-02,1.48964227e+02,6.28690003e-02,1.19810426e-02,2.27909384e+01,-2.20549167e-03,-1.06208669e-03,2.62837769e-02,-1.25205372e-02,4.87547684e-02,1.22823620e-04,8.38169389e-04,-1.62666583e-03
3.66000000e+02,1.71759109e+02,5.95815478e-02,1.29611277e-02,2.68842177e-02,-1.26633978e-02,4.61019683e-02,1.48976166e+02,6.18960536e-02,1.36693640e-02,2.27829434e+01,-2.31450583e-03,-7.08236266e-04,2.67750167e-02,-1.34397506e-02,4.77995843e-02,1.09201007e-04,7.76352859e-04,-1.69761600e-03
3.67000000e+02,1.71753658e+02,5.89042202e-02,1.11017715e-02,2.71568199e-02,-1.24676195e-02,4.58319021e-02,1.48979583e+02,6.11322904e-02,1.21811892e-02,2.27740754e+01,-2.22807016e-03,-1.07941776e-03,2.70753389e-02,-1.33273265e-02,4.74687190e-02,8.14810882e-05,8.59707057e-04,-1.63681687e-03
3.68000000e+02,1.71756378e+02,5.72340061e-02,1.42622784e-02,2.75891255e-02,-1.28447553e-02,4.49146276e-02,1.48990060e+02,5.95497645e-02,1.49640323e-02,2.27663185e+01,-2.31575844e-03,-7.01753914e-04,2.75189688e-02,-1.36317744e-02,4.66098305e-02,7.01567054e-05,7.87019043e-04,-1.69520291e-03
3.69000000e+02,1.71748712e+02,5.80049295e-02,1.25448227e-02,2.79399310e-02,-1.29358207e-02,4.52149748e-02,1.48991045e+02,6.02050574e-02,1.36346386e-02,2.27576674e+01,-2.20012783e-03,-1.08981599e-03,2.78949141e-02,-1.37934871e-02,4.68382495e-02,4.50168667e-05,8.57666316e-04,-1.62327466e-03
3.70000000e+02,1.71750886e+02,5.80370007e-02,1.49101861e-02,2.83039971e-02,-1.40000947e-02,4.49589413e-02,1.49000655e+02,6.03484905e-02,1.56315962e-02,2.27502304e+01,-2.31148981e-03,-7.21410040e-04,2.82712663e-02,-1.47889144e-02,4.66574570e-02,3.27307886e-05,7.88819682e-04,-1.69851578e-03
3.71000000e+02,1.71743764e+02,5.77881956e-02,1.30948652e-02,2.85249863e-02,-1.37529247e-02,4.50041420e-02,1.49001922e+02,6.00302159e-02,1.41979728e-02,2.27418420e+01,-2.24202030e-03,-1.10310760e-03,2.85187984e-02,-1.46358226e-02,4.66577020e-02,6.18791879e-06,8.82897901e-04,-1.65356001e-03
3.72000000e+02,1.71745097e+02,5.57519033e-02,1.61119579e-02,2.88714352e-02,-1.40117891e-02,4.37972133e-02,1.49010532e+02,5.80981643e-02,1.68394521e-02,2.27345654e+01,-2.34626105e-03,-7.27494220e-04,2.88760192e-02,-1.48217811e-02,4.55215920e-02,-4.58399673e-06,8.09991984e-04,-1.72437867e-03
3.73000000e+02,1.71736188e+02,5.63539016e-02,1.41199897e-02,2.91388037e-02,-1.38386603e-02,4.38901280e-02,1.49009732e+02,5.85854568e-02,1.52235962e-02,2.27264563e+01,-2.23155512e-03,-1.10360644e-03,2.91681773e-02,-1.47119720e-02,4.55464336e-02,-2.93735742e-05,8.73311660e-04,-1.65630559e-03
3.74000000e+02,1.71737842e+02,5.63666217e-02,1.62931914e-02,2.94595279e-02,-1.47060275e-02,4.36736046e-02,1.49018290e+02,5.86953638e-02,1.70362182e-02,2.27195519e+01,-2.32874203e-03,-7.43026816e-04,2.95003002e-02,-1.55120197e-02,4.53894892e-02,-4.07723577e-05,8.05992205e-04,-1.71588455e-03
3.75000000e+02,1.71730566e+02,5.58875699e-02,1.37741097e-02,2.96684442e-02,-1.40707360e-02,4.35550577e-02,1.49018802e+02,5.81220974e-02,1.49087337e-02,2.27117638e+01,-2.23452749e-03,-1.13462401e-03,2.97338373e-02,-1.49702685e-02,4.52074512e-02,-6.53930878e-05,8.99532518e-04,-1.65239353e-03
3.76000000e+02,1.71731254e+02,5.47122259e-02,1.48561133e-02,3.00395159e-02,-1.31820936e-02,4.29716684e-02,1.49026219e+02,5.70307643e-02,1.56086886e-02,2.27050352e+01,-2.31853837e-03,-7.52575295e-04,3.01142115e-02,-1.40049979e-02,4.46811340e-02,-7.46955521e-05,8.22904251e-04,-1.70946560e-03
3.77000000e+02,1.71721282e+02,5.69305127e-02,1.20116232e-02,3.04297428e-02,-1.24575810e-02,4.41993805e-02,1.49023839e+02,5.91521552e-02,1.31122082e-02,2.26974427e+01,-2.22164246e-03,-1.10058506e-03,3.05280701e-02,-1.33257084e-02,4.58497196e-02,-9.83272730e-05,8.68127385e-04,-1.65033912e-03
3.78000000e+02,1.71721127e+02,5.78124971e-02,1.37609473e-02,3.09578514e-02,-1.31072727e-02,4.44935114e-02,1.49030175e+02,6.01622959e-02,1.44501304e-02,2.26909525e+01,-2.34979873e-03,-6.89183134e-04,3.10691929e-02,-1.38713327e-02,4.62283473e-02,-1.11341483e-04,7.64059951e-04,-1.73483594e-03
3.79000000e+02,1.71711596e+02,5.76656124e-02,1.21218524e-02,3.13590484e-02,-1.31680362e-02,4.45003834e-02,1.49028049e+02,5.99502272e-02,1.31598971e-02,2.26835466e+01,-2.28461473e-03,-1.03804469e-03,3.14992625e-02,-1.39987347e-02,4.61898928e-02,-1.40214129e-04,8.30698556e-04,-1.68950935e-03
3.80000000e+02,1.71710726e+02,5.52359438e-02,1.64127022e-02,3.18998085e-02,-1.45089701e-02,4.30743688e-02,1.49033438e+02,5.76005215e-02,1.70579040e-02,2.26772883e+01,-2.36457775e-03,-6.45201847e-04,3.20528814e-02,-1.52562832e-02,4.48158673e-02,-1.53072872e-04,7.47313194e-04,-1.74149847e-03
3.81000000e+02,1.71700252e+02,5.52457845e-02,1.59934283e-02,3.22869642e-02,-1.53990529e-02,4.30150550e-02,1.49030050e+02,5.74867391e-02,1.70465358e-02,2.26702012e+01,-2.24095457e-03,-1.05310752e-03,3.24665664e-02,-1.62331543e-02,4.46775531e-02,-1.79602219e-04,8.34101395e-04,-1.66249812e-03
3.82000000e+02,1.71700169e+02,5.45033817e-02,1.86653471e-02,3.26616202e-02,-1.65539303e-02,4.22086810e-02,1.49035866e+02,5.68250645e-02,1.93710314e-02,2.26643027e+01,-2.32168280e-03,-7.05684353e-04,3.28562587e-02,-1.73292153e-02,4.39271319e-02,-1.94638520e-04,7.75284974e-04,-1.71845084e-03
3.83000000e+02,1.71690940e+02,5.42227861e-02,1.64262297e-02,3.27978748e-02,-1.60832304e-02,4.20474463e-02,1.49033446e+02,5.64504717e-02,1.75116776e-02,2.26574944e+01,-2.22768567e-03,-1.08544788e-03,3.30212251e-02,-1.69445746e-02,4.37034570e-02,-2.23350317e-04,8.61344254e-04,-1.65601073e-03
3.84000000e+02,1.71689986e+02,5.25243259e-02,1.85507685e-02,3.30680348e-02,-1.59111649e-02,4.11484205e-02,1.49038180e+02,5.48458348e-02,1.92525329e-02,2.26518062e+01,-2.32150894e-03,-7.01764396e-04,3.33030840e-02,-1.66943947e-02,4.28606837e-02,-2.35049205e-04,7.83229739e-04,-1.71226316e-03
3.85000000e+02,1.71678498e+02,5.32570845e-02,1.61851427e-02,3.32494993e-02,-1.54935036e-02,4.15201733e-02,1.49033256e+02,5.54668662e-02,1.72579539e-02,2.26452415e+01,-2.20978169e-03,-1.07281113e-03,3.35094691e-02,-1.63356893e-02,4.31638294e-02,-2.59969836e-04,8.42185690e-04,-1.64365603e-03
3.86000000e+02,1.71676953e+02,5.32968709e-02,1.77121033e-02,3.34916817e-02,-1.59130802e-02,4.12765676e-02,1.49037112e+02,5.55990014e-02,1.84129147e-02,2.26398414e+01,-2.30213046e-03,-7.00811340e-04,3.37637599e-02,-1.66778666e-02,4.29800952e-02,-2.72078210e-04,7.64786414e-04,-1.70352756e-03
3.87000000e+02,1.71666114e+02,5.30599738e-02,1.48785663e-02,3.36587364e-02,-1.50628941e-02,4.12180380e-02,1.49032571e+02,5.52802953e-02,1.59452094e-02,2.26335427e+01,-2.22032149e-03,-1.06664308e-03,3.39571528e-02,-1.59073980e-02,4.28619903e-02,-2.98416347e-04,8.44503835e-04,-1.64395229e-03
3.88000000e+02,1.71663232e+02,5.15812641e-02,1.72669960e-02,3.39475138e-02,-1.49910382e-02,4.03915533e-02,1.49034896e+02,5.38700744e-02,1.79386316e-02,2.26283360e+01,-2.28881026e-03,-6.71635636e-04,3.42570872e-02,-1.57550744e-02,4.20785237e-02,-3.09573442e-04,7.64036188e-04,-1.68697045e-03
3.89000000e+02,1.71650276e+02,5.28207012e-02,1.57218685e-02,3.41989431e-02,-1.50079668e-02,4.11002109e-02,1.49028021e+02,5.49911982e-02,1.67731100e-02,2.26222555e+01,-2.17049699e-03,-1.05124145e-03,3.45325576e-02,-1.58387822e-02,4.27142287e-02,-3.33614545e-04,8.30815401e-04,-1.61401788e-03
3.90000000e+02,1.71647671e+02,5.27229508e-02,1.76353893e-02,3.45871360e-02,-1.56371436e-02,4.07334590e-02,1.49030285e+02,5.49964134e-02,1.83234172e-02,2.26173861e+01,-2.27346263e-03,-6.88027907e-04,3.49309213e-02,-1.63969329e-02,4.24155539e-02,-3.43785326e-04,7.59789363e-04,-1.68209490e-03
3.91000000e+02,1.71635658e+02,5.23080406e-02,1.52006684e-02,3.48583773e-02,-1.50447052e-02,4.05388163e-02,1.49024069e+02,5.45205841e-02,1.62599012e-02,2.26115884e+01,-2.21254351e-03,-1.05923282e-03,3.52274371e-02,-1.58824554e-02,4.21791602e-02,-3.69059741e-04,8.37750248e-04,-1.64034387e-03
3.92000000e+02,1.71632094e+02,5.00804861e-02,1.79874634e-02,3.52285848e-02,-1.53037812e-02,3.92139103e-02,1.49025207e+02,5.23852051e-02,1.86436006e-02,2.26068871e+01,-2.30471905e-03,-6.56137214e-04,3.56094487e-02,-1.60490272e-02,4.09128668e-02,-3.80863867e-04,7.45245958e-04,-1.69895651e-03
3.93000000e+02,1.71618337e+02,5.00409360e-02,1.67834333e-02,3.55547244e-02,-1.57349805e-02,3.91209183e-02,1.49017004e+02,5.22235345e-02,1.78147524e-02,2.26013335e+01,-2.18259853e-03,-1.03131912e-03,3.59605871e-02,-1.65424821e-02,4.07405962e-02,-4.05862771e-04,8.07501604e-04,-1.61967791e-03
3.94000000e+02,1.71614831e+02,4.97393347e-02,1.88460817e-02,3.59642690e-02,-1.66287524e-02,3.86175036e-02,1.49017815e+02,5.19969195e-02,1.95103994e-02,2.25970167e+01,-2.25758477e-03,-6.64317664e-04,3.63839865e-02,-1.73628884e-02,4.02901218e-02,-4.19717438e-04,7.34135922e-04,-1.67261825e-03
3.95000000e+02,1.71601947e+02,4.93234715e-02,1.64003007e-02,3.61922764e-02,-1.59832018e-02,3.83718486e-02,1.49010177e+02,5.15029808e-02,1.74340196e-02,2.25917699e+01,-2.17950929e-03,-1.03371882e-03,3.66408934e-02,-1.68008580e-02,3.99907013e-02,-4.48616946e-04,8.17656247e-04,-1.61885272e-03
3.96000000e+02,1.71597766e+02,4.77311464e-02,1.94647228e-02,3.64398447e-02,-1.63964850e-02,3.75650753e-02,1.49010168e+02,4.99897702e-02,2.01006035e-02,2.25875976e+01,-2.25862376e-03,-6.35880622e-04,3.69025700e-02,-1.71281886e-02,3.92327881e-02,-4.62725274e-04,7.31703577e-04,-1.66771275e-03
3.97000000e+02,1.71583257e+02,4.84289669e-02,1.81775056e-02,3.66106379e-02,-1.67217724e-02,3.78681612e-02,1.49000732e+02,5.05608375e-02,1.91917721e-02,2.25825250e+01,-2.13187061e-03,-1.01426651e-03,3.71003880e-02,-1.75157654e-02,3.94573415e-02,-4.89750075e-04,7.93993065e-04,-1.58918036e-03
3.98000000e+02,1.71578939e+02,4.83492568e-02,2.06851759e-02,3.68355213e-02,-1.79074514e-02,3.74605111e-02,1.49000268e+02,5.05534790e-02,2.13256096e-02,2.25786705e+01,-2.20422218e-03,-6.40433655e-04,3.73396876e-02,-1.86246318e-02,3.90960102e-02,-5.04166314e-04,7.17180479e-04,-1.63549909e-03
3.99000000e+02,1.71565587e+02,4.94618850e-02,1.82779846e-02,3.69640722e-02,-1.73570990e-02,3.83496773e-02,1.48991655e+02,5.15780805e-02,1.93038467e-02,2.25739314e+01,-2.11619543e-03,-1.02586206e-03,3.74952845e-02,-1.81660872e-02,3.99190195e-02,-5.31212255e-04,8.08988161e-04,-1.56934218e-03
4.00000000e+02,1.71560945e+02,4.87190391e-02,2.07197291e-02,3.72666424e-02,-1.73310002e-02,3.81223509e-02,1.48990631e+02,5.09157794e-02,2.13574422e-02,2.25703146e+01,-2.19674033e-03,-6.37713096e-04,3.78097732e-02,-1.80592660e-02,3.97427658e-02,-5.43130735e-04,7.28265873e-04,-1.62041491e-03
4.01000000e+02,1.71546263e+02,4.93704635e-02,1.87337898e-02,3.74678782e-02,-1.71367476e-02,3.84270359e-02,1.48980528e+02,5.14547870e-02,1.97481144e-02,2.25657351e+01,-2.08432350e-03,-1.01432460e-03,3.80363012e-02,-1.79294495e-02,3.99806922e-02,-5.68423027e-04,7.92701918e-04,-1.55365627e-03
4.02000000e+02,1.71541025e+02,4.98644140e-02,2.10349114e-02,3.77076815e-02,-1.81017669e-02,3.85082737e-02,1.48978721e+02,5.20392420e-02,2.16644836e-02,2.25623044e+01,-2.17482793e-03,-6.29572193e-04,3.82890387e-02,-1.88129601e-02,4.01184579e-02,-5.81357120e-04,7.11193153e-04,-1.61018423e-03
4.03000000e+02,1.71526584e+02,5.00783310e-02,1.89283592e-02,3.78527152e-02,-1.76628938e-02,3.87628944e-02,1.48968641e+02,5.21791264e-02,1.99361672e-02,2.25579430e+01,-2.10079547e-03,-1.00780794e-03,3.84593388e-02,-1.84589092e-02,4.03228592e-02,-6.06623544e-04,7.96015340e-04,-1.55996471e-03
4.04000000e+02,1.71521158e+02,4.87501001e-02,2.18164160e-02,3.81823791e-02,-1.78614958e-02,3.81396251e-02,1.48966395e+02,5.09393616e-02,2.24426469e-02,2.25547626e+01,-2.18926150e-03,-6.26230911e-04,3.88007800e-02,-1.85818718e-02,3.97580838e-02,-6.18400900e-04,7.20375959e-04,-1.61845866e-03
4.05000000e+02,1.71505055e+02,4.89289769e-02,2.00822974e-02,3.83759958e-02,-1.77377116e-02,3.81371818e-02,1.48954374e+02,5.10067550e-02,2.10987402e-02,2.25506812e+01,-2.07777813e-03,-1.01644277e-03,3.90227380e-02,-1.85322783e-02,3.96905075e-02,-6.46742196e-04,7.94566709e-04,-1.55332572e-03
4.06000000e+02,1.71498541e+02,4.91780121e-02,2.12337986e-02,3.85066566e-02,-1.78741913e-02,3.79627473e-02,1.48950752e+02,5.13356129e-02,2.18804839e-02,2.25477890e+01,-2.15760078e-03,-6.46685326e-04,3.91691546e-02,-1.85936472e-02,3.95697182e-02,-6.62497974e-04,7.19455815e-04,-1.60697088e-03
4.07000000e+02,1.71483038e+02,4.92508908e-02,1.77656915e-02,3.85190471e-02,-1.66112456e-02,3.80546349e-02,1.48939061e+02,5.13379318e-02,1.87819151e-02,2.25439770e+01,-2.08704098e-03,-1.01622357e-03,3.92074062e-02,-1.74059310e-02,3.96105592e-02,-6.88359118e-04,7.94685419e-04,-1.55592432e-03
4.08000000e+02,1.71476662e+02,4.80680991e-02,2.06748645e-02,3.87423498e-02,-1.69332576e-02,3.75143611e-02,1.48935357e+02,5.02439611e-02,2.12745416e-02,2.25413052e+01,-2.17586199e-03,-5.99677131e-04,3.94402816e-02,-1.76279724e-02,3.91243986e-02,-6.97931813e-04,6.94714720e-04,-1.61003747e-03
4.09000000e+02,1.71460419e+02,4.86669689e-02,1.91632431e-02,3.89567849e-02,-1.69625830e-02,3.77870224e-02,1.48922677e+02,5.07211813e-02,2.01400840e-02,2.25377424e+01,-2.05421240e-03,-9.76840962e-04,3.96787080e-02,-1.77219988e-02,3.93242976e-02,-7.21923153e-04,7.59415770e-04,-1.53727521e-03
4.10000000e+02,1.71454176e+02,4.83536937e-02,2.13507533e-02,3.92182452e-02,-1.77964472e-02,3.72966378e-02,1.48918826e+02,5.04817220e-02,2.19607398e-02,2.25353491e+01,-2.12802832e-03,-6.09986499e-04,3.99542270e-02,-1.84817486e-02,3.88798230e-02,-7.35981802e-04,6.85301344e-04,-1.58318518e-03
4.11000000e+02,1.71438430e+02,4.81544873e-02,1.87460534e-02,3.93037266e-02,-1.72125755e-02,3.73203156e-02,1.48906413e+02,5.01918178e-02,1.97378206e-02,2.25320172e+01,-2.03733044e-03,-9.91767199e-04,4.00675331e-02,-1.79825470e-02,3.88376035e-02,-7.63806439e-04,7.69971431e-04,-1.51728785e-03
4.12000000e+02,1.71431130e+02,4.70225106e-02,2.16879860e-02,3.94965906e-02,-1.75148296e-02,3.67878758e-02,1.48901330e+02,4.91211387e-02,2.22672127e-02,2.25298006e+01,-2.09862810e-03,-5.79226645e-04,4.02727485e-02,-1.81921405e-02,3.83469667e-02,-7.76157885e-04,6.77310880e-04,-1.55909089e-03
4.13000000e+02,1.71413525e+02,4.79794273e-02,2.02575276e-02,3.96456603e-02,-1.76069505e-02,3.72377884e-02,1.48886829e+02,4.99589359e-02,2.12174004e-02,2.25266960e+01,-1.97950864e-03,-9.59872757e-04,4.04467599e-02,-1.83501298e-02,3.87252502e-02,-8.01099551e-04,7.43179273e-04,-1.48746180e-03
4.14000000e+02,1.71406244e+02,4.78379557e-02,2.23522772e-02,3.98464930e-02,-1.83971444e-02,3.69070587e-02,1.48881476e+02,4.99123655e-02,2.29441911e-02,2.25247686e+01,-2.07440987e-03,-5.91913843e-04,4.06608711e-02,-1.90667301e-02,3.84532741e-02,-8.14378045e-04,6.69585658e-04,-1.54621533e-03
4.15000000e+02,1.71389735e+02,4.74045619e-02,1.97824546e-02,3.98991301e-02,-1.77495370e-02,3.67300263e-02,1.48867814e+02,4.94049431e-02,2.07614870e-02,2.25219210e+01,-2.00038115e-03,-9.79032455e-04,4.07403353e-02,-1.85074205e-02,3.82236826e-02,-8.41205151e-04,7.57883561e-04,-1.49365633e-03
4.16000000e+02,1.71381500e+02,4.56983304e-02,2.22594391e-02,4.00677781e-02,-1.78157382e-02,3.57810546e-02,1.48861324e+02,4.77651942e-02,2.28336294e-02,2.25201766e+01,-2.06686371e-03,-5.74190324e-04,4.09210880e-02,-1.84825970e-02,3.73163141e-02,-8.53309989e-04,6.66858792e-04,-1.53525947e-03
4.17000000e+02,1.71363042e+02,4.59282371e-02,2.08228107e-02,4.01710987e-02,-1.79282536e-02,3.57454275e-02,1.48845495e+02,4.78662933e-02,2.17636891e-02,2.25175472e+01,-1.93805619e-03,-9.40878471e-04,4.10491970e-02,-1.86554506e-02,3.72020137e-02,-8.78098290e-04,7.27197023e-04,-1.45658621e-03
4.18000000e+02,1.71354957e+02,4.57242644e-02,2.29499314e-02,4.03321408e-02,-1.86972266e-02,3.53943929e-02,1.48838860e+02,4.77455520e-02,2.35193342e-02,2.25160976e+01,-2.02128752e-03,-5.69402846e-04,4.12231226e-02,-1.93463233e-02,3.69026255e-02,-8.90981739e-04,6.49096679e-04,-1.50823253e-03
4.19000000e+02,1.71337702e+02,4.49357140e-02,2.01580294e-02,4.03773899e-02,-1.78424208e-02,3.51126593e-02,1.48823976e+02,4.68747179e-02,2.11131100e-02,2.25137265e+01,-1.93900385e-03,-9.55080654e-04,4.12945366e-02,-1.85833668e-02,3.65619358e-02,-9.17146757e-04,7.40946009e-04,-1.44927649e-03
4.20000000e+02,1.71329011e+02,4.27152068e-02,2.27935255e-02,4.05264828e-02,-1.79254842e-02,3.37916221e-02,1.48816565e+02,4.47213650e-02,2.33477380e-02,2.25124463e+01,-2.00615820e-03,-5.54212440e-04,4.14548533e-02,-1.85785577e-02,3.52845149e-02,-9.28370506e-04,6.53073541e-04,-1.49289275e-03
4.21000000e+02,1.71310079e+02,4.29318248e-02,2.06663646e-02,4.05961753e-02,-1.76024875e-02,3.36704996e-02,1.48799800e+02,4.48111582e-02,2.16045465e-02,2.25102789e+01,-1.87933339e-03,-9.38181953e-04,4.15487471e-02,-1.83210559e-02,3.50909269e-02,-9.52571827e-04,7.18568465e-04,-1.42042728e-03
4.22000000e+02,1.71301516e+02,4.23882688e-02,2.22836429e-02,4.07441965e-02,-1.79961656e-02,3.30546538e-02,1.48792223e+02,4.43474593e-02,2.28416886e-02,2.25092927e+01,-1.95919053e-03,-5.58045735e-04,4.17098746e-02,-1.86338688e-02,3.45240361e-02,-9.65678044e-04,6.37703130e-04,-1.46938231e-03
4.23000000e+02,1.71284003e+02,4.15187342e-02,1.89888456e-02,4.07455699e-02,-1.68327333e-02,3.25698874e-02,1.48776613e+02,4.33888902e-02,1.99280332e-02,2.25073898e+01,-1.87015596e-03,-9.39187593e-04,4.17382033e-02,-1.75547011e-02,3.39771893e-02,-9.92633385e-04,7.21967834e-04,-1.40730185e-03
4.24000000e+02,1.71275232e+02,3.95974228e-02,2.11811256e-02,4.08335493e-02,-1.66424282e-02,3.13774472e-02,1.48768647e+02,4.15246847e-02,2.17077998e-02,2.25065852e+01,-1.92726188e-03,-5.26674208e-04,4.18383919e-02,-1.72695904e-02,3.28202382e-02,-1.00484260e-03,6.27162165e-04,-1.44279100e-03
4.25000000e+02,1.71256396e+02,4.02399380e-02,1.87420580e-02,4.08558972e-02,-1.61090903e-02,3.16085398e-02,1.48751503e+02,4.20422016e-02,1.96490851e-02,2.25048930e+01,-1.80226361e-03,-9.07027100e-04,4.18854860e-02,-1.68006258e-02,3.29712291e-02,-1.02958874e-03,6.91535546e-04,-1.36268927e-03
4.26000000e+02,1.71247908e+02,3.99546167e-02,2.05618820e-02,4.09337534e-02,-1.67420442e-02,3.12679333e-02,1.48743546e+02,4.18310920e-02,2.10866732e-02,2.25043617e+01,-1.87647531e-03,-5.24791189e-04,4.19759601e-02,-1.73517019e-02,3.26742610e-02,-1.04220663e-03,6.09657750e-04,-1.40632773e-03
4.27000000e+02,1.71230243e+02,3.98408935e-02,1.76821467e-02,4.08702884e-02,-1.58796307e-02,3.14543810e-02,1.48727337e+02,4.16306016e-02,1.85812683e-02,2.25029055e+01,-1.78970812e-03,-8.99121577e-04,4.19379055e-02,-1.65717173e-02,3.28006475e-02,-1.06761717e-03,6.92086575e-04,-1.34626649e-03
4.28000000e+02,1.71221371e+02,3.86087878e-02,2.04970345e-02,4.09471349e-02,-1.60769203e-02,3.08246113e-02,1.48718818e+02,4.04619068e-02,2.09835535e-02,2.25025526e+01,-1.85311894e-03,-4.86519015e-04,4.20256536e-02,-1.66753375e-02,3.22129188e-02,-1.07851870e-03,5.98417262e-04,-1.38830750e-03
4.29000000e+02,1.71202471e+02,3.98896035e-02,1.85998500e-02,4.09964694e-02,-1.58668398e-02,3.13727816e-02,1.48701170e+02,4.16218064e-02,1.94686816e-02,2.25013012e+01,-1.73220290e-03,-8.68831622e-04,4.20994990e-02,-1.65345122e-02,3.26877839e-02,-1.10302964e-03,6.67672446e-04,-1.31500221e-03
4.30000000e+02,1.71194006e+02,4.00764193e-02,1.98509962e-02,4.10838321e-02,-1.60225143e-02,3.12664115e-02,1.48692792e+02,4.18952621e-02,2.03484012e-02,2.25012141e+01,-1.81884287e-03,-4.97405024e-04,4.21995124e-02,-1.66147077e-02,3.26347350e-02,-1.11568027e-03,5.92193451e-04,-1.36832346e-03
4.31000000e+02,1.71176316e+02,3.99684963e-02,1.62267464e-02,4.10429578e-02,-1.46030328e-02,3.14555597e-02,1.48676120e+02,4.17096470e-02,1.71146966e-02,2.25001960e+01,-1.74115074e-03,-8.87950207e-04,4.21841570e-02,-1.52843039e-02,3.27679454e-02,-1.14119929e-03,6.81271106e-04,-1.31238565e-03
4.32000000e+02,1.71167296e+02,3.86773833e-02,1.84906151e-02,4.10933560e-02,-1.44391835e-02,3.07341984e-02,1.48667002e+02,4.04776698e-02,1.89597332e-02,2.25002944e+01,-1.80028646e-03,-4.69118069e-04,4.22457098e-02,-1.50203286e-02,3.20839144e-02,-1.15235377e-03,5.81145101e-04,-1.34971602e-03
4.33000000e+02,1.71148598e+02,3.96929500e-02,1.60050544e-02,4.10643728e-02,-1.39354904e-02,3.11168218e-02,1.48649089e+02,4.13692237e-02,1.68430633e-02,2.24995089e+01,-1.67627368e-03,-8.38008932e-04,4.22402923e-02,-1.45726234e-02,3.23905763e-02,-1.17591953e-03,6.37132994e-04,-1.27375442e-03
4.34000000e+02,1.71140215e+02,3.98315024e-02,1.79084952e-02,4.11429366e-02,-1.45724381e-02,3.10426997e-02,1.48640332e+02,4.16066202e-02,1.83554459e-02,2.24998829e+01,-1.77511780e-03,-4.46950764e-04,4.23308098e-02,-1.51221296e-02,3.23757442e-02,-1.18787322e-03,5.49691497e-04,-1.33304447e-03
4.35000000e+02,1.71122428e+02,3.93361926e-02,1.51888958e-02,4.10626549e-02,-1.36780357e-02,3.08616737e-02,1.48623100e+02,4.10365707e-02,1.60155356e-02,2.24993281e+01,-1.70037806e-03,-8.26639874e-04,4.22757867e-02,-1.43158884e-02,3.21444383e-02,-1.21313181e-03,6.37852694e-04,-1.28276453e-03
4.36000000e+02,1.71112716e+02,3.75177550e-02,1.75916008e-02,4.11151070e-02,-1.35456651e-02,2.98206356e-02,1.48612855e+02,3.92822763e-02,1.80155664e-02,2.24998607e+01,-1.76452128e-03,-4.23965535e-04,4.23385689e-02,-1.40911006e-02,3.11421393e-02,-1.22346197e-03,5.45435534e-04,-1.32150370e-03
4.37000000e+02,1.71092761e+02,3.87862130e-02,1.52898482e-02,4.11144384e-02,-1.31418182e-02,3.04023723e-02,1.48593275e+02,4.04296116e-02,1.60957637e-02,2.24994863e+01,-1.64339863e-03,-8.05915479e-04,4.23605454e-02,-1.37506567e-02,3.16510753e-02,-1.24610707e-03,6.08838516e-04,-1.24870298e-03
4.38000000e+02,1.71083679e+02,3.89073720e-02,1.69360598e-02,4.11972697e-02,-1.36933853e-02,3.02219168e-02,1.48583398e+02,4.06430388e-02,1.73634247e-02,2.25002812e+01,-1.73566686e-03,-4.27364860e-04,4.24542330e-02,-1.42200077e-02,3.15288661e-02,-1.25696323e-03,5.26622336e-04,-1.30694931e-03
4.39000000e+02,1.71065434e+02,3.81208200e-02,1.35614236e-02,4.11452734e-02,-1.24344053e-02,2.97998839e-02,1.48565285e+02,3.97806338e-02,1.43765247e-02,2.25001494e+01,-1.65981375e-03,-8.15101063e-04,4.24262865e-02,-1.30540027e-02,3.10554552e-02,-1.28101308e-03,6.19597459e-04,-1.25557136e-03
4.40000000e+02,1.71055618e+02,3.65593829e-02,1.56735760e-02,4.12645229e-02,-1.21086751e-02,2.89786298e-02,1.48554506e+02,3.82735430e-02,1.60939649e-02,2.25011120e+01,-1.71416004e-03,-4.20388903e-04,4.25552838e-02,-1.26426986e-02,3.02634652e-02,-1.29076090e-03,5.34023455e-04,-1.28483542e-03
4.41000000e+02,1.71035988e+02,3.73287336e-02,1.28601266e-02,4.12930339e-02,-1.13929493e-02,2.93944195e-02,1.48534804e+02,3.89063305e-02,1.36613217e-02,2.25011835e+01,-1.57759689e-03,-8.01195100e-04,4.26059362e-02,-1.19913078e-02,3.05903322e-02,-1.31290229e-03,5.98358469e-04,-1.19591274e-03
4.42000000e+02,1.71027054e+02,3.76637241e-02,1.42423478e-02,4.14038946e-02,-1.17040521e-02,2.94459613e-02,1.48524625e+02,3.93143169e-02,1.46506772e-02,2.25024285e+01,-1.65059278e-03,-4.08329446e-04,4.27274537e-02,-1.22132862e-02,3.06887206e-02,-1.32355912e-03,5.09234018e-04,-1.24275937e-03
4.43000000e+02,1.71008831e+02,3.75444009e-02,1.13936462e-02,4.13787964e-02,-1.08054542e-02,2.95508484e-02,1.48506082e+02,3.91066924e-02,1.21892692e-02,2.25027483e+01,-1.56229144e-03,-7.95623026e-04,4.27264556e-02,-1.14068172e-02,3.07353663e-02,-1.34765912e-03,6.01362991e-04,-1.18451786e-03
4.44000000e+02,1.70999207e+02,3.61666027e-02,1.39128840e-02,4.14828530e-02,-1.06743291e-02,2.88123306e-02,1.48495057e+02,3.77862221e-02,1.42985095e-02,2.25041501e+01,-1.61961940e-03,-3.85625484e-04,4.28397816e-02,-1.11818534e-02,3.00319002e-02,-1.35692867e-03,5.07524286e-04,-1.21956967e-03
4.45000000e+02,1.70979510e+02,3.71926240e-02,1.19378823e-02,4.14975250e-02,-1.04217434e-02,2.93519226e-02,1.48474849e+02,3.86999940e-02,1.27069383e-02,2.25046606e+01,-1.50737005e-03,-7.69056050e-04,4.28763912e-02,-1.09950818e-02,3.05022776e-02,-1.37886622e-03,5.73338386e-04,-1.15035505e-03
4.46000000e+02,1.70970154e+02,3.76051973e-02,1.37068428e-02,4.16084846e-02,-1.10400410e-02,2.94965889e-02,1.48463827e+02,3.91995628e-02,1.40856000e-02,2.25063280e+01,-1.59436552e-03,-3.78757185e-04,4.29976963e-02,-1.15249289e-02,3.07038063e-02,-1.38921167e-03,4.84887885e-04,-1.20721737e-03
4.47000000e+02,1.70951940e+02,3.77455323e-02,1.08937023e-02,4.15768029e-02,-1.01830389e-02,2.96466958e-02,1.48444879e+02,3.92536135e-02,1.16630079e-02,2.25070615e+01,-1.50808117e-03,-7.69305629e-04,4.29892001e-02,-1.07585770e-02,3.07975919e-02,-1.41239721e-03,5.75538083e-04,-1.15089608e-03
4.48000000e+02,1.70942395e+02,3.65101212e-02,1.35783313e-02,4.16331544e-02,-1.01809712e-02,2.89524462e-02,1.48433525e+02,3.80752591e-02,1.39438880e-02,2.25088703e+01,-1.56513795e-03,-3.65556731e-04,4.30551472e-02,-1.06665319e-02,3.01380861e-02,-1.42199280e-03,4.85560624e-04,-1.18563988e-03
4.49000000e+02,1.70922302e+02,3.83174281e-02,1.11743326e-02,4.16594818e-02,-9.69358132e-03,3.00174595e-02,1.48412521e+02,3.97660864e-02,1.19358862e-02,2.25097803e+01,-1.44865821e-03,-7.61553532e-04,4.31038094e-02,-1.02546913e-02,3.11273233e-02,-1.44432754e-03,5.61110019e-04,-1.10986372e-03
4.50000000e+02,1.70912938e+02,3.92985616e-02,1.26487068e-02,4.17628852e-02,-1.01545704e-02,3.04293934e-02,1.48401104e+02,4.08195458e-02,1.30269639e-02,2.25118342e+01,-1.52098420e-03,-3.78257157e-04,4.32169301e-02,-1.06300211e-02,3.15839970e-02,-1.45404493e-03,4.75450702e-04,-1.15460368e-03
4.51000000e+02,1.70894876e+02,4.00474491e-02,9.34272789e-03,4.17489548e-02,-8.93958351e-03,3.10251659e-02,1.48381933e+02,4.15004812e-02,1.00982520e-02,2.25129425e+01,-1.45303212e-03,-7.55524149e-04,4.32249018e-02,-9.49907269e-03,3.21325746e-02,-1.47594699e-03,5.59489181e-04,-1.10740875e-03
4.52000000e+02,1.70885512e+02,3.83726940e-02,1.18835334e-02,4.19576524e-02,-8.89121188e-03,3.01083900e-02,1.48370395e+02,3.99036597e-02,1.22159735e-02,2.25151178e+01,-1.53096579e-03,-3.32440111e-04,4.34414320e-02,-9.34780144e-03,3.12616486e-02,-1.48377962e-03,4.56589559e-04,-1.15325854e-03
4.53000000e+02,1.70865910e+02,3.97830794e-02,9.41150889e-03,4.21305487e-02,-8.31540163e-03,3.09550063e-02,1.48349510e+02,4.12031371e-02,1.01177307e-02,2.25163999e+01,-1.42005764e-03,-7.06221799e-04,4.36352800e-02,-8.83430551e-03,3.20419282e-02,-1.50473131e-03,5.18903885e-04,-1.08692189e-03
4.54000000e+02,1.70857091e+02,3.94250532e-02,1.14467717e-02,4.23977114e-02,-9.05524195e-03,3.04583394e-02,1.48338258e+02,4.09374523e-02,1.17647236e-02,2.25188326e+01,-1.51239910e-03,-3.17951899e-04,4.39125260e-02,-9.48365246e-03,3.16028232e-02,-1.51481457e-03,4.28410511e-04,-1.14448377e-03
4.55000000e+02,1.70838913e+02,3.88805022e-02,8.74526758e-03,4.24797637e-02,-8.40724522e-03,3.00646862e-02,1.48318589e+02,4.03157116e-02,9.45953731e-03,2.25203243e+01,-1.43520948e-03,-7.14269730e-04,4.40172681e-02,-8.92886132e-03,3.11557186e-02,-1.53750444e-03,5.21616104e-04,-1.09103237e-03
4.56000000e+02,1.70829386e+02,3.61568613e-02,1.13790465e-02,4.27115932e-02,-8.42157296e-03,2.84301468e-02,1.48306490e+02,3.76589566e-02,1.16721700e-02,2.25228962e+01,-1.50209525e-03,-2.93123556e-04,4.42582087e-02,-8.84390503e-03,2.95602470e-02,-1.54661552e-03,4.22332072e-04,-1.13010019e-03
4.57000000e+02,1.70810005e+02,3.67754351e-02,9.38595321e-03,4.28250084e-02,-8.13003233e-03,2.87492619e-02,1.48285427e+02,3.81573932e-02,1.00501934e-02,2.25245780e+01,-1.38195808e-03,-6.64240153e-04,4.43951846e-02,-8.61238301e-03,2.98054483e-02,-1.57017615e-03,4.82350686e-04,-1.05618635e-03
4.58000000e+02,1.70801158e+02,3.63584348e-02,1.19724122e-02,4.29488592e-02,-9.33817692e-03,2.82089315e-02,1.48273750e+02,3.78189625e-02,1.22577340e-02,2.25274081e+01,-1.46052778e-03,-2.85321770e-04,4.45316538e-02,-9.73640577e-03,2.93131392e-02,-1.58279455e-03,3.98228847e-04,-1.10420766e-03
4.59000000e+02,1.70782889e+02,3.60220918e-02,8.76428228e-03,4.28582980e-02,-8.40867776e-03,2.80792716e-02,1.48253600e+02,3.73961799e-02,9.44568809e-03,2.25292887e+01,-1.37408802e-03,-6.81405807e-04,4.44656208e-02,-8.89904133e-03,2.91225236e-02,-1.60732277e-03,4.90363571e-04,-1.04325204e-03
4.60000000e+02,1.70773712e+02,3.43308332e-02,1.20653326e-02,4.29098315e-02,-8.91792225e-03,2.71632193e-02,1.48241449e+02,3.57589245e-02,1.23262913e-02,2.25322629e+01,-1.42809125e-03,-2.60958734e-04,4.45268460e-02,-9.31073617e-03,2.82364822e-02,-1.61701451e-03,3.92813923e-04,-1.07326286e-03
4.61000000e+02,1.70754493e+02,3.57944791e-02,1.04247452e-02,4.28357573e-02,-8.83193710e-03,2.81033283e-02,1.48220167e+02,3.70938439e-02,1.10700784e-02,2.25343265e+01,-1.29936478e-03,-6.45333172e-04,4.44744468e-02,-9.29569261e-03,2.90969534e-02,-1.63868952e-03,4.63755514e-04,-9.93625123e-04
4.62000000e+02,1.70746021e+02,3.64387452e-02,1.30902648e-02,4.28839389e-02,-1.00607728e-02,2.83471916e-02,1.48208504e+02,3.78028641e-02,1.33653901e-02,2.25375176e+01,-1.36411887e-03,-2.75125304e-04,4.45321238e-02,-1.04465242e-02,2.93803979e-02,-1.64818493e-03,3.85751382e-04,-1.03320633e-03
4.63000000e+02,1.70727833e+02,3.67706840e-02,9.30524772e-03,4.27818168e-02,-8.75080127e-03,2.87240268e-02,1.48188067e+02,3.80503647e-02,9.97918428e-03,2.25397656e+01,-1.27968074e-03,-6.73936564e-04,4.44516345e-02,-9.22987069e-03,2.96983134e-02,-1.66981772e-03,4.79069422e-04,-9.74286562e-04
4.64000000e+02,1.70718784e+02,3.51077198e-02,1.23522026e-02,4.28812560e-02,-9.07834841e-03,2.77897017e-02,1.48175689e+02,3.64477752e-02,1.25979646e-02,2.25430941e+01,-1.34005543e-03,-2.45762025e-04,4.45576857e-02,-9.45591172e-03,2.88033926e-02,-1.67642964e-03,3.77563310e-04,-1.01369095e-03
4.65000000e+02,1.70699382e+02,3.65271242e-02,1.04923295e-02,4.29062654e-02,-8.83020532e-03,2.85922250e-02,1.48153870e+02,3.77548918e-02,1.11112552e-02,2.25455117e+01,-1.22776765e-03,-6.18925714e-04,4.46021500e-02,-9.27341119e-03,2.95392245e-02,-1.69588468e-03,4.43205872e-04,-9.46999484e-04
4.66000000e+02,1.70690936e+02,3.62218819e-02,1.30721965e-02,4.30585972e-02,-9.99173110e-03,2.81887807e-02,1.48141863e+02,3.75423679e-02,1.33081896e-02,2.25490729e+01,-1.32048597e-03,-2.35993050e-04,4.47633572e-02,-1.03453175e-02,2.91908778e-02,-1.70476004e-03,3.53586389e-04,-1.00209706e-03
4.67000000e+02,1.70672784e+02,3.55187325e-02,1.00271756e-02,4.30380013e-02,-9.20330429e-03,2.78269267e-02,1.48121096e+02,3.67720618e-02,1.06534449e-02,2.25516883e+01,-1.25332931e-03,-6.26269293e-04,4.47649525e-02,-9.64637941e-03,2.87829019e-02,-1.72695124e-03,4.43075125e-04,-9.55975188e-04
4.68000000e+02,1.70663698e+02,3.30854321e-02,1.33262343e-02,4.32165614e-02,-9.57406953e-03,2.64179424e-02,1.48108320e+02,3.44034959e-02,1.35296038e-02,2.25553783e+01,-1.31806387e-03,-2.03369466e-04,4.49516994e-02,-9.92194660e-03,2.74127438e-02,-1.73513801e-03,3.47877069e-04,-9.94801442e-04
4.69000000e+02,1.70644002e+02,3.40045141e-02,1.14254876e-02,4.32723881e-02,-9.20471023e-03,2.68584671e-02,1.48085844e+02,3.51839318e-02,1.20155503e-02,2.25581580e+01,-1.17941776e-03,-5.90062695e-04,4.50283939e-02,-9.62764747e-03,2.77721560e-02,-1.75600587e-03,4.22937240e-04,-9.13688850e-04
4.70000000e+02,1.70635211e+02,3.35645021e-02,1.35851032e-02,4.34108823e-02,-1.01125438e-02,2.62654923e-02,1.48073139e+02,3.48153561e-02,1.38056668e-02,2.25620718e+01,-1.25085394e-03,-2.20563554e-04,4.51765579e-02,-1.04499107e-02,2.72247064e-02,-1.76567557e-03,3.37366922e-04,-9.59214075e-04
4.71000000e+02,1.70616982e+02,3.27404324e-02,9.64706766e-03,4.33412021e-02,-8.75804343e-03,2.58479207e-02,1.48051936e+02,3.39183311e-02,1.02585618e-02,2.25650465e+01,-1.17789866e-03,-6.11494120e-04,4.51293913e-02,-9.18424283e-03,2.67535096e-02,-1.78818923e-03,4.26199399e-04,-9.05588858e-04
4.72000000e+02,1.70608071e+02,3.04633840e-02,1.27300863e-02,4.34410993e-02,-9.07637355e-03,2.44424979e-02,1.48038971e+02,3.17008889e-02,1.29136751e-02,2.25690997e+01,-1.23750483e-03,-1.83588829e-04,4.52374712e-02,-9.40155423e-03,2.53865197e-02,-1.79637193e-03,3.25180681e-04,-9.44021861e-04
4.73000000e+02,1.70588619e+02,3.17243461e-02,1.06579269e-02,4.34131857e-02,-8.65402926e-03,2.50104176e-02,1.48016373e+02,3.28264442e-02,1.12412154e-02,2.25722464e+01,-1.10209812e-03,-5.83288475e-04,4.52302995e-02,-9.05888876e-03,2.58727648e-02,-1.81711386e-03,4.04859502e-04,-8.62347173e-04
4.74000000e+02,1.70579908e+02,3.15162579e-02,1.21906274e-02,4.34962427e-02,-9.14152532e-03,2.46685765e-02,1.48003375e+02,3.27027739e-02,1.24132855e-02,2.25765334e+01,-1.18651601e-03,-2.22658092e-04,4.53219097e-02,-9.47010822e-03,2.55779968e-02,-1.82566698e-03,3.28582899e-04,-9.09420328e-04
4.75000000e+02,1.70561927e+02,3.10082330e-02,7.69766087e-03,4.34049595e-02,-7.44946414e-03,2.45435573e-02,1.47982054e+02,3.21158506e-02,8.31413712e-03,2.25798723e+01,-1.10761761e-03,-6.16476249e-04,4.52512433e-02,-7.87114513e-03,2.54001320e-02,-1.84628375e-03,4.21680997e-04,-8.56574780e-04
4.76000000e+02,1.70553104e+02,2.96021110e-02,1.04555327e-02,4.35360747e-02,-7.46685853e-03,2.37577489e-02,1.47968829e+02,3.07653325e-02,1.06313428e-02,2.25842750e+01,-1.16322150e-03,-1.75810104e-04,4.53894025e-02,-7.78218563e-03,2.46507987e-02,-1.85332780e-03,3.15327099e-04,-8.93049778e-04
4.77000000e+02,1.70533841e+02,3.11629218e-02,8.08020967e-03,4.35964414e-02,-6.80990853e-03,2.44637669e-02,1.47946073e+02,3.22022844e-02,8.64323933e-03,2.25877686e+01,-1.03936263e-03,-5.63029661e-04,4.54703732e-02,-7.19351935e-03,2.52843835e-02,-1.87393183e-03,3.83610821e-04,-8.20616568e-04
4.78000000e+02,1.70525538e+02,3.13465138e-02,9.85494431e-03,4.37353498e-02,-7.47584428e-03,2.43352136e-02,1.47933135e+02,3.24693482e-02,1.00363297e-02,2.25924030e+01,-1.12283436e-03,-1.81385376e-04,4.56186916e-02,-7.76890882e-03,2.52020335e-02,-1.88334178e-03,2.93064543e-04,-8.66819872e-04
4.79000000e+02,1.70507649e+02,3.15104491e-02,6.20655287e-03,4.36746907e-02,-6.31260961e-03,2.46718038e-02,1.47911570e+02,3.25570736e-02,6.77439948e-03,2.25960785e+01,-1.04662449e-03,-5.67846604e-04,4.55797838e-02,-6.69501001e-03,2.54838653e-02,-1.90509313e-03,3.82400408e-04,-8.12061506e-04
4.80000000e+02,1.70498885e+02,3.03086697e-02,9.03324567e-03,4.38353724e-02,-6.43480731e-03,2.40268869e-02,1.47898046e+02,3.14150971e-02,9.16932898e-03,2.26008389e+01,-1.10642742e-03,-1.36083305e-04,4.57480930e-02,-6.71516323e-03,2.48780290e-02,-1.91272060e-03,2.80355915e-04,-8.51142126e-04
4.81000000e+02,1.70479987e+02,3.14272794e-02,7.34420283e-03,4.39278216e-02,-6.32596892e-03,2.44433249e-02,1.47875294e+02,3.24150800e-02,7.87524718e-03,2.26046936e+01,-9.87800596e-04,-5.31044350e-04,4.58612485e-02,-6.67947241e-03,2.52230834e-02,-1.93342683e-03,3.53503487e-04,-7.79758446e-04
4.82000000e+02,1.70471852e+02,3.16410459e-02,9.05120271e-03,4.40779499e-02,-7.00037346e-03,2.44454885e-02,1.47862212e+02,3.27148596e-02,9.21262799e-03,2.26096403e+01,-1.07381370e-03,-1.61425280e-04,4.60216397e-02,-7.27341668e-03,2.52716863e-02,-1.94368983e-03,2.73043222e-04,-8.26197773e-04
4.83000000e+02,1.70454234e+02,3.15579393e-02,5.50178841e-03,4.39687769e-02,-5.80429267e-03,2.46643282e-02,1.47840570e+02,3.25616217e-02,6.05332019e-03,2.26136632e+01,-1.00368241e-03,-5.51531783e-04,4.59352714e-02,-6.17356677e-03,2.54387154e-02,-1.96649455e-03,3.69274100e-04,-7.74387176e-04
4.84000000e+02,1.70445157e+02,3.01678104e-02,8.26970455e-03,4.40304803e-02,-5.85776057e-03,2.38749681e-02,1.47826411e+02,3.12385395e-02,8.40112319e-03,2.26187460e+01,-1.07072912e-03,-1.31418634e-04,4.60043351e-02,-6.13082030e-03,2.46957131e-02,-1.97385473e-03,2.73059727e-04,-8.20744929e-04
4.85000000e+02,1.70425846e+02,3.11378745e-02,6.77279637e-03,4.40273361e-02,-5.89926909e-03,2.42012032e-02,1.47802920e+02,3.20881874e-02,7.30393262e-03,2.26229256e+01,-9.50312902e-04,-5.31136250e-04,4.60210499e-02,-6.25095470e-03,2.49491496e-02,-1.99371381e-03,3.51685614e-04,-7.47946417e-04
4.86000000e+02,1.70417294e+02,3.12245410e-02,8.66534449e-03,4.40918077e-02,-6.65449039e-03,2.40683221e-02,1.47789043e+02,3.22578821e-02,8.81881607e-03,2.26282509e+01,-1.03334108e-03,-1.53471580e-04,4.60953865e-02,-6.92120428e-03,2.48622596e-02,-2.00357889e-03,2.66713888e-04,-7.93937435e-04
4.87000000e+02,1.70399709e+02,3.07674828e-02,5.60934826e-03,4.39589961e-02,-5.75853215e-03,2.39575541e-02,1.47767069e+02,3.17214813e-02,6.14679732e-03,2.26326402e+01,-9.53998462e-04,-5.37449067e-04,4.59844679e-02,-6.11403619e-03,2.46955688e-02,-2.02547177e-03,3.55504044e-04,-7.38014729e-04
4.88000000e+02,1.70390754e+02,2.88497728e-02,8.95441511e-03,4.39876714e-02,-6.21735516e-03,2.27989343e-02,1.47752693e+02,2.98654260e-02,9.07247601e-03,2.26380613e+01,-1.01565324e-03,-1.18060896e-04,4.60210561e-02,-6.47608669e-03,2.35720968e-02,-2.03338464e-03,2.58731530e-04,-7.73162500e-04
4.89000000e+02,1.70371556e+02,2.92118619e-02,8.00531518e-03,4.39064692e-02,-6.60034489e-03,2.28273381e-02,1.47728988e+02,3.01100548e-02,8.51553000e-03,2.26425674e+01,-8.98192859e-04,-5.10214821e-04,4.59595831e-02,-6.93269118e-03,2.35302543e-02,-2.05311382e-03,3.32346288e-04,-7.02916203e-04
4.90000000e+02,1.70363381e+02,2.93323907e-02,9.88816611e-03,4.38917041e-02,-7.32531669e-03,2.27205103e-02,1.47715245e+02,3.03152162e-02,1.00224953e-02,2.26481361e+01,-9.82825470e-04,-1.34329189e-04,4.59527874e-02,-7.57543500e-03,2.34736202e-02,-2.06108322e-03,2.50118304e-04,-7.53109930e-04
4.91000000e+02,1.70345933e+02,2.85199023e-02,6.93334276e-03,4.36692965e-02,-6.51351303e-03,2.23468043e-02,1.47693133e+02,2.94261798e-02,7.45806325e-03,2.26528007e+01,-9.06277507e-04,-5.24720489e-04,4.57504660e-02,-6.85500271e-03,2.30474146e-02,-2.08116955e-03,3.41489688e-04,-7.00610264e-04
4.92000000e+02,1.70337287e+02,2.73802421e-02,9.98672784e-03,4.36617070e-02,-6.75572538e-03,2.16643457e-02,1.47678789e+02,2.83443884e-02,1.00888133e-02,2.26584984e+01,-9.64146277e-04,-1.02085447e-04,4.57490912e-02,-6.99909044e-03,2.23991226e-02,-2.08738421e-03,2.43365059e-04,-7.34776858e-04
4.93000000e+02,1.70318358e+02,2.86835774e-02,9.09482542e-03,4.35573159e-02,-7.22732382e-03,2.22757235e-02,1.47655079e+02,2.95136130e-02,9.59911080e-03,2.26632797e+01,-8.30035638e-04,-5.04285380e-04,4.56630158e-02,-7.54785562e-03,2.29295239e-02,-2.10569986e-03,3.20531797e-04,-6.53800430e-04
4.94000000e+02,1.70310229e+02,2.98426871e-02,1.14077222e-02,4.36010837e-02,-8.24647087e-03,2.29619535e-02,1.47641070e+02,3.07590718e-02,1.15395876e-02,2.26691591e+01,-9.16384697e-04,-1.31865372e-04,4.57142552e-02,-8.49006375e-03,2.36659226e-02,-2.11317149e-03,2.43592882e-04,-7.03969076e-04
4.95000000e+02,1.70292854e+02,3.00263648e-02,8.40517569e-03,4.34690359e-02,-7.40396611e-03,2.32859172e-02,1.47618749e+02,3.08743123e-02,8.94215349e-03,2.26741056e+01,-8.47947489e-04,-5.36977796e-04,4.56021151e-02,-7.74691242e-03,2.39440890e-02,-2.13307912e-03,3.42946314e-04,-6.58171760e-04
4.96000000e+02,1.70284263e+02,2.94202891e-02,1.11168347e-02,4.35780990e-02,-7.51469280e-03,2.29690242e-02,1.47604331e+02,3.03449974e-02,1.12463004e-02,2.26799318e+01,-9.24708314e-04,-1.29465773e-04,4.57177952e-02,-7.76463455e-03,2.36755460e-02,-2.13969617e-03,2.49941752e-04,-7.06521800e-04
4.97000000e+02,1.70266359e+02,3.01107436e-02,9.47642578e-03,4.34670176e-02,-7.45379317e-03,2.31673772e-02,1.47581602e+02,3.09281086e-02,9.99005108e-03,2.26847570e+01,-8.17364948e-04,-5.13625293e-04,4.56256250e-02,-7.77635897e-03,2.38112932e-02,-2.15860736e-03,3.22565806e-04,-6.43916028e-04
4.98000000e+02,1.70259816e+02,3.07314191e-02,1.08709184e-02,4.34279694e-02,-7.81666013e-03,2.33908856e-02,1.47569023e+02,3.16433729e-02,1.10112802e-02,2.26907928e+01,-9.11953745e-04,-1.40361851e-04,4.55938483e-02,-8.05944225e-03,2.40913328e-02,-2.16587886e-03,2.42782120e-04,-7.00447164e-04
4.99000000e+02,1.70243764e+02,2.93405007e-02,7.26992303e-03,4.32142862e-02,-6.53788436e-03,2.27000131e-02,1.47547944e+02,3.01977170e-02,7.80134862e-03,2.26958203e+01,-8.57216334e-04,-5.31425594e-04,4.53985706e-02,-6.87529337e-03,2.33607992e-02,-2.18428433e-03,3.37409012e-04,-6.60786151e-04
5.00000000e+02,1.70236274e+02,2.58633037e-02,9.87497051e-03,4.32562061e-02,-6.53620173e-03,2.05997646e-02,1.47534233e+02,2.67894315e-02,9.98806456e-03,2.27020413e+01,-9.26127802e-04,-1.13094049e-04,4.54463715e-02,-6.77351615e-03,2.13046198e-02,-2.19016541e-03,2.37314416e-04,-7.04855225e-04
5.01000000e+02,1.70218818e+02,2.57864409e-02,8.38541885e-03,4.31827535e-02,-6.56182628e-03,2.02666522e-02,1.47511611e+02,2.65692903e-02,8.88418505e-03,2.27072069e+01,-7.82849430e-04,-4.98766199e-04,4.53902028e-02,-6.86876091e-03,2.08854961e-02,-2.20744924e-03,3.06934630e-04,-6.18843993e-04
5.02000000e+02,1.70211958e+02,2.64709675e-02,9.77177795e-03,4.33221462e-02,-6.88967474e-03,2.05120702e-02,1.47498401e+02,2.73183851e-02,9.88994951e-03,2.27135565e+01,-8.47417592e-04,-1.18171568e-04,4.55347291e-02,-7.11408496e-03,2.11704061e-02,-2.21258293e-03,2.24410221e-04,-6.58335949e-04
5.03000000e+02,1.70195893e+02,2.56837926e-02,5.97669746e-03,4.33190362e-02,-5.52578194e-03,2.01480813e-02,1.47476871e+02,2.64573988e-02,6.48763923e-03,2.27190217e+01,-7.73606159e-04,-5.10941773e-04,4.55489589e-02,-5.84213066e-03,2.07569679e-02,-2.22992274e-03,3.16348714e-04,-6.08886574e-04
5.04000000e+02,1.70188449e+02,2.38344655e-02,7.80681473e-03,4.34855141e-02,-5.10445185e-03,1.90339192e-02,1.47462835e+02,2.46565069e-02,7.90438991e-03,2.27256141e+01,-8.22041369e-04,-9.75751719e-05,4.57215655e-02,-5.32300680e-03,1.96719621e-02,-2.23605138e-03,2.18554950e-04,-6.38042833e-04
5.05000000e+02,1.70170875e+02,2.49760827e-02,5.38761056e-03,4.35058407e-02,-4.56120640e-03,1.95636798e-02,1.47439526e+02,2.56596257e-02,5.86883585e-03,2.27313487e+01,-6.83542965e-04,-4.81225285e-04,4.57611204e-02,-4.84948961e-03,2.01120880e-02,-2.25527971e-03,2.88283205e-04,-5.48408241e-04
5.06000000e+02,1.70164030e+02,2.57831213e-02,6.81342113e-03,4.36048281e-02,-4.94995914e-03,2.00557096e-02,1.47425871e+02,2.65381951e-02,6.90789811e-03,2.27381591e+01,-7.55073732e-04,-9.44769770e-05,4.58684850e-02,-5.15263744e-03,2.06431964e-02,-2.26365687e-03,2.02678302e-04,-5.87486839e-04
5.07000000e+02,1.70147588e+02,2.56737282e-02,3.28701440e-03,4.35873462e-02,-3.74986344e-03,2.02231562e-02,1.47403585e+02,2.63502938e-02,3.77772010e-03,2.27440034e+01,-6.76565591e-04,-4.90705708e-04,4.58703402e-02,-4.04884537e-03,2.07589281e-02,-2.28299400e-03,2.98981932e-04,-5.35771921e-04
5.08000000e+02,1.70139945e+02,2.44722652e-02,5.55993640e-03,4.37464512e-02,-3.55387966e-03,1.96563502e-02,1.47389060e+02,2.52082764e-02,5.63480113e-03,2.27508852e+01,-7.36011195e-04,-7.48647339e-05,4.60364020e-02,-3.75664099e-03,2.02276886e-02,-2.28995084e-03,2.02761323e-04,-5.71338333e-04
5.09000000e+02,1.70122102e+02,2.65049801e-02,3.66194003e-03,4.37752262e-02,-3.29526279e-03,2.07679583e-02,1.47365251e+02,2.71154305e-02,4.11623957e-03,2.27568508e+01,-6.10450393e-04,-4.54299541e-04,4.60849434e-02,-3.56601440e-03,2.12657743e-02,-2.30971721e-03,2.70751604e-04,-4.97816018e-04
5.10000000e+02,1.70114940e+02,2.75758536e-02,5.46547605e-03,4.39238270e-02,-3.86357476e-03,2.12292288e-02,1.47351035e+02,2.82688736e-02,5.53568857e-03,2.27639044e+01,-6.93020025e-04,-7.02125173e-05,4.62429343e-02,-4.04900808e-03,2.17757938e-02,-2.31910730e-03,1.85433316e-04,-5.46565027e-04
5.11000000e+02,1.70098589e+02,2.79260164e-02,2.28576570e-03,4.39152024e-02,-2.94175168e-03,2.16348456e-02,1.47328574e+02,2.85513618e-02,2.75965116e-03,2.27700149e+01,-6.25345326e-04,-4.73885461e-04,4.62545746e-02,-3.22499399e-03,2.21344002e-02,-2.33937224e-03,2.83242311e-04,-4.99554619e-04
5.12000000e+02,1.70091104e+02,2.68217122e-02,4.72428171e-03,4.40400399e-02,-2.90401415e-03,2.10900267e-02,1.47313948e+02,2.75233686e-02,4.78547266e-03,2.27771566e+01,-7.01656400e-04,-6.11909545e-05,4.63869539e-02,-3.09287448e-03,2.16370915e-02,-2.34691403e-03,1.88860331e-04,-5.47064728e-04
5.13000000e+02,1.70073656e+02,2.82714281e-02,3.40093528e-03,4.40244888e-02,-2.99761724e-03,2.17953883e-02,1.47290267e+02,2.88602249e-02,3.84359256e-03,2.27833885e+01,-5.88796814e-04,-4.42657278e-04,4.63904473e-02,-3.25887480e-03,2.22758491e-02,-2.36595854e-03,2.61257554e-04,-4.80460836e-04
5.14000000e+02,1.70067144e+02,2.88465109e-02,5.69136371e-03,4.40779714e-02,-3.98945397e-03,2.19661908e-02,1.47276466e+02,2.95243206e-02,5.75675348e-03,2.27906776e+01,-6.77809668e-04,-6.53897752e-05,4.64517208e-02,-4.16635477e-03,2.24958097e-02,-2.37374936e-03,1.76900798e-04,-5.29618870e-04
5.15000000e+02,1.70051098e+02,2.84921710e-02,2.70770397e-03,4.39986864e-02,-3.15129736e-03,2.18777568e-02,1.47254104e+02,2.91062532e-02,3.16726932e-03,2.27969943e+01,-6.14082215e-04,-4.59565348e-04,4.63903880e-02,-3.42272056e-03,2.23656128e-02,-2.39170162e-03,2.71423201e-04,-4.87856032e-04
5.16000000e+02,1.70043717e+02,2.64332739e-02,5.40471831e-03,4.40680953e-02,-3.29587643e-03,2.06044175e-02,1.47239372e+02,2.71201074e-02,5.45861096e-03,2.28043446e+01,-6.86833429e-04,-5.38926491e-05,4.64653256e-02,-3.47766135e-03,2.11406820e-02,-2.39723029e-03,1.81784923e-04,-5.36264544e-04
5.17000000e+02,1.70026373e+02,2.71870410e-02,3.65968980e-03,4.39891558e-02,-3.12497606e-03,2.09247580e-02,1.47215599e+02,2.77581113e-02,4.10762157e-03,2.28107738e+01,-5.71070301e-04,-4.47931766e-04,4.64033432e-02,-3.38849390e-03,2.13903630e-02,-2.41418746e-03,2.63517840e-04,-4.65605062e-04
5.18000000e+02,1.70019640e+02,2.73998905e-02,5.59737800e-03,4.40197965e-02,-3.79033921e-03,2.08388498e-02,1.47201367e+02,2.80545942e-02,5.67066361e-03,2.28182726e+01,-6.54703743e-04,-7.32856132e-05,4.64406760e-02,-3.97030603e-03,2.13518727e-02,-2.42087943e-03,1.79966819e-04,-5.13022909e-04
5.19000000e+02,1.70003611e+02,2.65841915e-02,2.50442066e-03,4.39086227e-02,-2.91341877e-03,2.03560373e-02,1.47178800e+02,2.71647292e-02,2.97452546e-03,2.28248113e+01,-5.80537647e-04,-4.70104799e-04,4.63462399e-02,-3.18788718e-03,2.08194234e-02,-2.43761719e-03,2.74468410e-04,-4.63386102e-04
5.20000000e+02,1.69996148e+02,2.44764279e-02,4.69382932e-03,4.40258393e-02,-2.82372602e-03,1.91454454e-02,1.47163783e+02,2.51174663e-02,4.75919008e-03,2.28323656e+01,-6.41038456e-04,-6.53607626e-05,4.64674126e-02,-3.00586026e-03,1.96425705e-02,-2.44157327e-03,1.82134239e-04,-4.97125063e-04
5.21000000e+02,1.69978776e+02,2.50668293e-02,3.11286769e-03,4.40230840e-02,-2.81200750e-03,1.94816316e-02,1.47139784e+02,2.56011459e-02,3.56026257e-03,2.28389921e+01,-5.34316696e-04,-4.47394884e-04,4.64800988e-02,-3.06935144e-03,1.99141490e-02,-2.45701481e-03,2.57343937e-04,-4.32517361e-04
5.22000000e+02,1.69971995e+02,2.46243772e-02,5.81093841e-03,4.41457635e-02,-3.99185465e-03,1.89080460e-02,1.47125295e+02,2.52388603e-02,5.86779091e-03,2.28467004e+01,-6.14483102e-04,-5.68525004e-05,4.66079759e-02,-4.15873121e-03,1.93895741e-02,-2.46221236e-03,1.66876558e-04,-4.81528049e-04
5.23000000e+02,1.69955658e+02,2.44486265e-02,3.12682220e-03,4.41520746e-02,-3.42962665e-03,1.88368883e-02,1.47102192e+02,2.49615373e-02,3.58936650e-03,2.28534658e+01,-5.12910779e-04,-4.62544292e-04,4.66314382e-02,-3.69523990e-03,1.92522237e-02,-2.47936357e-03,2.65613251e-04,-4.15335376e-04
5.24000000e+02,1.69948378e+02,2.33944329e-02,5.41978027e-03,4.43086394e-02,-3.26945767e-03,1.83827615e-02,1.47087127e+02,2.39674195e-02,5.49531746e-03,2.28612509e+01,-5.72986563e-04,-7.55371900e-05,4.67936474e-02,-3.46054189e-03,1.88285827e-02,-2.48500809e-03,1.91084222e-04,-4.45821206e-04
5.25000000e+02,1.69931227e+02,2.46204527e-02,3.55706077e-03,4.43518147e-02,-2.96348646e-03,1.91392231e-02,1.47063106e+02,2.50902584e-02,4.01961421e-03,2.28681214e+01,-4.69805701e-04,-4.62553446e-04,4.68532795e-02,-3.23126797e-03,1.95222589e-02,-2.50146479e-03,2.67781508e-04,-3.83035798e-04
5.26000000e+02,1.69925296e+02,2.52547392e-02,5.70994109e-03,4.44926071e-02,-3.79692127e-03,1.93929991e-02,1.47049222e+02,2.58077722e-02,5.77508786e-03,2.28760739e+01,-5.53032984e-04,-6.51467729e-05,4.70001927e-02,-3.96357155e-03,1.98276871e-02,-2.50758556e-03,1.66650282e-04,-4.34687973e-04
5.27000000e+02,1.69910020e+02,2.56188607e-02,2.66650845e-03,4.44905366e-02,-3.05566242e-03,1.97656229e-02,1.47026952e+02,2.60920870e-02,3.11801896e-03,2.28830680e+01,-4.73226322e-04,-4.51510512e-04,4.70148235e-02,-3.30946802e-03,2.01467192e-02,-2.52428688e-03,2.53805604e-04,-3.81096282e-04
5.28000000e+02,1.69903464e+02,2.47600875e-02,5.15972008e-03,4.46232331e-02,-3.04847820e-03,1.93148890e-02,1.47012402e+02,2.52923459e-02,5.19938319e-03,2.28910627e+01,-5.32258327e-04,-3.96631037e-05,4.71537446e-02,-3.21206824e-03,1.97326290e-02,-2.53051157e-03,1.63590033e-04,-4.17739938e-04
5.29000000e+02,1.69886903e+02,2.59317186e-02,3.37031504e-03,4.46049826e-02,-2.80627986e-03,1.98722775e-02,1.46988791e+02,2.63561421e-02,3.80998615e-03,2.28981116e+01,-4.24423535e-04,-4.39671107e-04,4.71524728e-02,-3.05537343e-03,2.02273402e-02,-2.54749021e-03,2.49093569e-04,-3.55062686e-04
5.30000000e+02,1.69880962e+02,2.61124629e-02,5.19326456e-03,4.47414653e-02,-3.50542739e-03,1.99240650e-02,1.46974712e+02,2.66431931e-02,5.26194661e-03,2.29062504e+01,-5.30730199e-04,-6.86820473e-05,4.72942154e-02,-3.66949024e-03,2.03360141e-02,-2.55275009e-03,1.64062847e-04,-4.11949028e-04
5.31000000e+02,1.69865542e+02,2.57229032e-02,1.88918329e-03,4.47096077e-02,-2.55637836e-03,1.98352271e-02,1.46952264e+02,2.61840924e-02,2.34813954e-03,2.29132781e+01,-4.61189229e-04,-4.58956250e-04,4.72786002e-02,-2.81441657e-03,2.02034157e-02,-2.56899250e-03,2.58038207e-04,-3.68188665e-04
5.32000000e+02,1.69859368e+02,2.38578857e-02,4.09050298e-03,4.48242491e-02,-2.33027058e-03,1.87449168e-02,1.46937911e+02,2.43828373e-02,4.13786231e-03,2.29214575e+01,-5.24951571e-04,-4.73593315e-05,4.73985508e-02,-2.49981443e-03,1.91545103e-02,-2.57430171e-03,1.69543849e-04,-4.09593556e-04
5.33000000e+02,1.69843309e+02,2.43271249e-02,2.47605208e-03,4.48353398e-02,-2.14071881e-03,1.88818403e-02,1.46914663e+02,2.47470932e-02,2.90087572e-03,2.29286462e+01,-4.19968286e-04,-4.24823641e-04,4.74248800e-02,-2.37943900e-03,1.92294259e-02,-2.58954017e-03,2.38720191e-04,-3.47585623e-04
5.34000000e+02,1.69837947e+02,2.43484929e-02,4.24002733e-03,4.49496715e-02,-2.84082639e-03,1.86881291e-02,1.46901069e+02,2.48380812e-02,4.29643159e-03,2.29368779e+01,-4.89588355e-04,-5.64042633e-05,4.75450336e-02,-2.99424995e-03,1.90770905e-02,-2.59536217e-03,1.53423559e-04,-3.88961447e-04
5.35000000e+02,1.69823325e+02,2.38030979e-02,7.43317890e-04,4.48515393e-02,-1.87615629e-03,1.85208060e-02,1.46879089e+02,2.42210405e-02,1.19402084e-03,2.29442364e+01,-4.17942673e-04,-4.50702948e-04,4.74645665e-02,-2.12563789e-03,1.88599544e-02,-2.61302715e-03,2.49481600e-04,-3.39148393e-04
5.36000000e+02,1.69817472e+02,2.18163280e-02,3.62600216e-03,4.49658691e-02,-2.08471405e-03,1.73728055e-02,1.46864856e+02,2.23020205e-02,3.64328399e-03,2.29526158e+01,-4.85692568e-04,-1.72818308e-05,4.75826328e-02,-2.23044817e-03,1.77556758e-02,-2.61676370e-03,1.45734113e-04,-3.82870318e-04
5.37000000e+02,1.69801769e+02,2.26959067e-02,2.66899107e-03,4.50013920e-02,-2.35655569e-03,1.77516494e-02,1.46841712e+02,2.30582192e-02,3.06110612e-03,2.29600567e+01,-3.62312465e-04,-3.92115051e-04,4.76312853e-02,-2.57026258e-03,1.80639314e-02,-2.62989325e-03,2.13706890e-04,-3.12281937e-04
5.38000000e+02,1.69796692e+02,2.32178126e-02,4.96151976e-03,4.50929882e-02,-3.43878373e-03,1.79474241e-02,1.46828126e+02,2.36500857e-02,4.99794325e-03,2.29685660e+01,-4.32273167e-04,-3.64234950e-05,4.77297785e-02,-3.57716154e-03,1.82965960e-02,-2.63679025e-03,1.38377810e-04,-3.49171947e-04
5.39000000e+02,1.69782086e+02,2.36305066e-02,1.70082737e-03,4.49683497e-02,-2.52101486e-03,1.83991739e-02,1.46806000e+02,2.39839918e-02,2.15299400e-03,2.29760861e+01,-3.53485180e-04,-4.52166635e-04,4.76226557e-02,-2.77137521e-03,1.86962194e-02,-2.65430591e-03,2.50360346e-04,-2.97045444e-04
5.40000000e+02,1.69776334e+02,2.28601260e-02,3.66958972e-03,4.50330238e-02,-2.00602981e-03,1.78951599e-02,1.46791873e+02,2.32840747e-02,3.70721943e-03,2.29844610e+01,-4.23948646e-04,-3.76297091e-05,4.76893237e-02,-2.16552110e-03,1.82395238e-02,-2.65629996e-03,1.59491291e-04,-3.44363891e-04
5.41000000e+02,1.69761164e+02,2.55050112e-02,1.38560035e-03,4.49773523e-02,-1.54306645e-03,1.94939386e-02,1.46769110e+02,2.58214934e-02,1.80533020e-03,2.29920536e+01,-3.16482229e-04,-4.19729855e-04,4.76456452e-02,-1.76629695e-03,1.97725638e-02,-2.66829292e-03,2.23230509e-04,-2.78625181e-04
5.42000000e+02,1.69756386e+02,2.68134238e-02,2.59214756e-03,4.49776659e-02,-1.95714193e-03,2.02007145e-02,1.46755691e+02,2.72199296e-02,2.64382432e-03,2.30006954e+01,-4.06505750e-04,-5.16767575e-05,4.76521411e-02,-2.10320879e-03,2.05313409e-02,-2.67447520e-03,1.46066863e-04,-3.30626457e-04
5.43000000e+02,1.69742344e+02,2.68315279e-02,-8.41488537e-04,4.47668346e-02,-7.96036595e-04,2.03995239e-02,1.46734072e+02,2.71808870e-02,-3.84606006e-04,2.30082718e+01,-3.49359088e-04,-4.56882531e-04,4.74562619e-02,-1.05207601e-03,2.06912744e-02,-2.68942724e-03,2.56039416e-04,-2.91750564e-04
5.44000000e+02,1.69737077e+02,2.44742262e-02,1.86029697e-03,4.48179961e-02,-7.37164516e-04,1.89754776e-02,1.46720076e+02,2.49182089e-02,1.89309015e-03,2.30170010e+01,-4.43982728e-04,-3.27931777e-05,4.75076254e-02,-8.94639365e-04,1.93273883e-02,-2.68962929e-03,1.57474849e-04,-3.51910756e-04
5.45000000e+02,1.69722036e+02,2.46219280e-02,8.13699703e-04,4.48531573e-02,-1.04675741e-03,1.88325696e-02,1.46697170e+02,2.49657241e-02,1.20947564e-03,2.30248658e+01,-3.43796117e-04,-3.95775939e-04,4.75532802e-02,-1.25651240e-03,1.91248499e-02,-2.70012289e-03,2.09754989e-04,-2.92280334e-04
5.46000000e+02,1.69718063e+02,2.41307067e-02,3.48183688e-03,4.50508605e-02,-2.43722618e-03,1.83867761e-02,1.46684668e+02,2.45395085e-02,3.50448556e-03,2.30333947e+01,-4.08801854e-04,-2.26486803e-05,4.77541563e-02,-2.56262752e-03,1.87131075e-02,-2.70329577e-03,1.25401343e-04,-3.26331348e-04
5.47000000e+02,1.69704514e+02,2.42841422e-02,5.45280195e-04,4.51029003e-02,-1.59323690e-03,1.86930614e-02,1.46663183e+02,2.46088711e-02,9.87713339e-04,2.30413304e+01,-3.24728890e-04,-4.42433145e-04,4.78215642e-02,-1.83651903e-03,1.89650635e-02,-2.71866392e-03,2.43282130e-04,-2.72002035e-04
5.48000000e+02,1.69699348e+02,2.30176173e-02,3.06304622e-03,4.52890767e-02,-1.49625433e-03,1.80014507e-02,1.46649101e+02,2.34333298e-02,3.09444372e-03,2.30502476e+01,-4.15712473e-04,-3.13975059e-05,4.80103920e-02,-1.64580620e-03,1.83329655e-02,-2.72131532e-03,1.49551866e-04,-3.31514809e-04
5.49000000e+02,1.69684317e+02,2.37820336e-02,1.84826521e-03,4.53562278e-02,-1.67784125e-03,1.82950407e-02,1.46626077e+02,2.40990487e-02,2.22955361e-03,2.30582399e+01,-3.17015073e-04,-3.81288402e-04,4.80884215e-02,-1.87202462e-03,1.85696744e-02,-2.73219365e-03,1.94183374e-04,-2.74633743e-04
5.50000000e+02,1.69680259e+02,2.36640814e-02,4.83897564e-03,4.55340622e-02,-3.27101773e-03,1.80715694e-02,1.46612962e+02,2.40539672e-02,4.84052220e-03,2.30672964e+01,-3.89885872e-04,-1.54656305e-06,4.82691743e-02,-3.37570049e-03,1.83880223e-02,-2.73511215e-03,1.04682759e-04,-3.16452894e-04
5.51000000e+02,1.69666782e+02,2.36058323e-02,2.13474146e-03,4.55861906e-02,-2.63026143e-03,1.81325792e-02,1.46591381e+02,2.39180064e-02,2.57365800e-03,2.30754003e+01,-3.12174089e-04,-4.38916548e-04,4.83349729e-02,-2.86476417e-03,1.83980414e-02,-2.74878225e-03,2.34502735e-04,-2.65462216e-04
5.52000000e+02,1.69662496e+02,2.18637446e-02,4.87018313e-03,4.57951690e-02,-2.64369893e-03,1.70349856e-02,1.46578039e+02,2.22521025e-02,4.91812715e-03,2.30844573e+01,-3.88357921e-04,-4.79440213e-05,4.85472436e-02,-2.79726226e-03,1.73487563e-02,-2.75207459e-03,1.53563334e-04,-3.13770724e-04
5.53000000e+02,1.69648167e+02,2.28281212e-02,3.48484667e-03,4.58684965e-02,-2.81138078e-03,1.75963646e-02,1.46555602e+02,2.30975612e-02,3.92783172e-03,2.30925650e+01,-2.69439991e-04,-4.42985050e-04,4.86346524e-02,-3.04236151e-03,1.78382537e-02,-2.76615592e-03,2.30980729e-04,-2.41889049e-04
5.54000000e+02,1.69644677e+02,2.25693064e-02,6.24314651e-03,4.60211840e-02,-4.17945847e-03,1.73558821e-02,1.46543106e+02,2.29006256e-02,6.31693195e-03,2.31015709e+01,-3.31319234e-04,-7.37854375e-05,4.87925036e-02,-4.33606103e-03,1.76323883e-02,-2.77131963e-03,1.56602564e-04,-2.76506234e-04
5.55000000e+02,1.69631928e+02,2.22218990e-02,3.46343401e-03,4.60568551e-02,-3.41068024e-03,1.72011284e-02,1.46522281e+02,2.24798266e-02,3.94729111e-03,2.31096466e+01,-2.57927591e-04,-4.83857100e-04,4.88422950e-02,-3.67520789e-03,1.74310698e-02,-2.78543994e-03,2.64527658e-04,-2.29941374e-04
5.56000000e+02,1.69628019e+02,2.16962258e-02,6.03443020e-03,4.62470563e-02,-3.40782230e-03,1.69328756e-02,1.46509247e+02,2.20244999e-02,6.10936389e-03,2.31187725e+01,-3.28274082e-04,-7.49336881e-05,4.90354336e-02,-3.57624886e-03,1.72065005e-02,-2.78837731e-03,1.68426569e-04,-2.73624901e-04
5.57000000e+02,1.69614338e+02,2.35244849e-02,3.83795641e-03,4.62793364e-02,-2.99217838e-03,1.79649340e-02,1.46487348e+02,2.37389029e-02,4.30612875e-03,2.31269898e+01,-2.14418022e-04,-4.68172340e-04,4.90810626e-02,-3.24121869e-03,1.81713700e-02,-2.80172617e-03,2.49040305e-04,-2.06436029e-04
5.58000000e+02,1.69611621e+02,2.36142057e-02,4.85007038e-03,4.63781732e-02,-3.20562192e-03,1.78846815e-02,1.46475303e+02,2.39300931e-02,4.94825251e-03,2.31363176e+01,-3.15887386e-04,-9.81821259e-05,4.91830085e-02,-3.37722998e-03,1.81504825e-02,-2.80483525e-03,1.71608058e-04,-2.65800983e-04
5.59000000e+02,1.69599254e+02,2.32738412e-02,1.11054023e-03,4.64230145e-02,-1.82422871e-03,1.77306190e-02,1.46454515e+02,2.35338722e-02,1.58677998e-03,2.31447389e+01,-2.60030918e-04,-4.76239745e-04,4.92375167e-02,-2.08134271e-03,1.79596109e-02,-2.81450221e-03,2.57113998e-04,-2.28991962e-04
5.60000000e+02,1.69595597e+02,2.17811980e-02,3.28109232e-03,4.66457863e-02,-1.58098910e-03,1.68273989e-02,1.46441546e+02,2.21092917e-02,3.33014353e-03,2.31540512e+01,-3.28093772e-04,-4.90512054e-05,4.94612267e-02,-1.73292247e-03,1.70954330e-02,-2.81544040e-03,1.51933370e-04,-2.68034149e-04
5.61000000e+02,1.69581830e+02,2.30578436e-02,9.00907076e-04,4.66594389e-02,-1.05549205e-03,1.74969678e-02,1.46419384e+02,2.32628888e-02,1.34267856e-03,2.31624464e+01,-2.05045113e-04,-4.41771488e-04,4.94884489e-02,-1.28362333e-03,1.76924084e-02,-2.82900998e-03,2.28131277e-04,-1.95440551e-04
5.62000000e+02,1.69578651e+02,2.30723319e-02,2.49450670e-03,4.68231739e-02,-1.62753124e-03,1.74726181e-02,1.46406735e+02,2.33746404e-02,2.55984480e-03,2.31719151e+01,-3.02308515e-04,-6.53381044e-05,4.96550155e-02,-1.77370092e-03,1.77210789e-02,-2.83184159e-03,1.46169676e-04,-2.48460795e-04
5.63000000e+02,1.69565998e+02,2.23861554e-02,-3.55902743e-04,4.68306771e-02,-9.12363965e-04,1.72979927e-02,1.46385638e+02,2.26441595e-02,9.24129996e-05,2.31803593e+01,-2.58004168e-04,-4.48315743e-04,4.96753116e-02,-1.14770597e-03,1.75158474e-02,-2.84463449e-03,2.35342001e-04,-2.17854727e-04
5.64000000e+02,1.69562218e+02,1.98885839e-02,2.05610296e-03,4.69287732e-02,-8.01932595e-04,1.57033248e-02,1.46372398e+02,2.02209753e-02,2.07318497e-03,2.31898202e+01,-3.32391348e-04,-1.70820121e-05,4.97769386e-02,-9.30092209e-04,1.59695344e-02,-2.84816533e-03,1.28159614e-04,-2.66209535e-04
5.65000000e+02,1.69548547e+02,2.07232291e-02,6.66338269e-04,4.69737123e-02,-9.08247518e-04,1.60689387e-02,1.46350188e+02,2.09138687e-02,1.05847717e-03,2.31983593e+01,-1.90639538e-04,-3.92138900e-04,4.98325292e-02,-1.10411068e-03,1.62522530e-02,-2.85881688e-03,1.95863158e-04,-1.83314354e-04
5.66000000e+02,1.69545726e+02,2.15914196e-02,2.61161989e-03,4.71527561e-02,-1.71011768e-03,1.65126494e-02,1.46337749e+02,2.18386066e-02,2.65148864e-03,2.32079769e+01,-2.47186989e-04,-3.98687501e-05,5.00115734e-02,-1.83740161e-03,1.67311035e-02,-2.85881733e-03,1.27283931e-04,-2.18454036e-04
5.67000000e+02,1.69533745e+02,2.13683797e-02,-8.10856155e-04,4.72085480e-02,-5.87571202e-04,1.64936609e-02,1.46317101e+02,2.15618323e-02,-3.57379241e-04,2.32166443e+01,-1.93452637e-04,-4.53476915e-04,5.00782420e-02,-8.23601128e-04,1.66743837e-02,-2.86969404e-03,2.36029926e-04,-1.80722727e-04
5.68000000e+02,1.69530665e+02,2.01371851e-02,1.45132361e-03,4.74633019e-02,-4.54272879e-04,1.58324022e-02,1.46304377e+02,2.04033115e-02,1.47341878e-03,2.32262877e+01,-2.66126351e-04,-2.20951630e-05,5.03354237e-02,-5.82276301e-04,1.60554158e-02,-2.87212182e-03,1.28003422e-04,-2.23013565e-04
5.69000000e+02,1.69517647e+02,2.15391047e-02,4.26249298e-04,4.75972031e-02,-8.16996050e-04,1.65242723e-02,1.46282642e+02,2.16849961e-02,8.03614871e-04,2.32350051e+01,-1.45891473e-04,-3.77365573e-04,5.04807381e-02,-1.00136261e-03,1.66766437e-02,-2.88353504e-03,1.84366564e-04,-1.52371476e-04
5.70000000e+02,1.69515159e+02,2.17932641e-02,2.92613914e-03,4.78014643e-02,-1.97315031e-03,1.65429154e-02,1.46270440e+02,2.20203019e-02,2.93371021e-03,2.32447187e+01,-2.27037771e-04,-7.57107320e-06,5.06883095e-02,-2.07948054e-03,1.67429048e-02,-2.88684524e-03,1.06330226e-04,-1.99989450e-04
5.71000000e+02,1.69503101e+02,2.21539929e-02,-1.42449403e-04,4.78444855e-02,-1.06526322e-03,1.70387327e-02,1.46249647e+02,2.23145294e-02,2.93428706e-04,2.32534547e+01,-1.60536503e-04,-4.35878109e-04,5.07444974e-02,-1.29039876e-03,1.71959452e-02,-2.90001188e-03,2.25135541e-04,-1.57212466e-04
5.72000000e+02,1.69500101e+02,2.12334180e-02,2.42525755e-03,4.80648085e-02,-1.03005248e-03,1.65968669e-02,1.46236878e+02,2.14677578e-02,2.45964225e-03,2.32632233e+01,-2.34339753e-04,-3.43846947e-05,5.09656733e-02,-1.16979191e-03,1.67987048e-02,-2.90086481e-03,1.39739434e-04,-2.01837912e-04
5.73000000e+02,1.69487562e+02,2.25013160e-02,2.91304697e-04,4.82191481e-02,-6.88239281e-04,1.72310595e-02,1.46215452e+02,2.26395376e-02,7.16511921e-04,2.32721102e+01,-1.38221590e-04,-4.25207224e-04,5.11275932e-02,-9.03643154e-04,1.73780015e-02,-2.90844511e-03,2.15403873e-04,-1.46942015e-04
5.74000000e+02,1.69485636e+02,2.26639818e-02,1.98532663e-03,4.84912084e-02,-1.36862072e-03,1.71416385e-02,1.46203715e+02,2.28998439e-02,2.03572310e-03,2.32819203e+01,-2.35862092e-04,-5.03964701e-05,5.14017761e-02,-1.50181603e-03,1.73486445e-02,-2.91056762e-03,1.33195315e-04,-2.07005951e-04
5.75000000e+02,1.69474212e+02,2.17923791e-02,-1.31134423e-03,4.85363700e-02,-3.03917875e-04,1.68543239e-02,1.46183424e+02,2.19676548e-02,-8.62424319e-04,2.32907878e+01,-1.75275737e-04,-4.48919913e-04,5.14608025e-02,-5.39550328e-04,1.70139043e-02,-2.92443247e-03,2.35632453e-04,-1.59580416e-04
5.76000000e+02,1.69472152e+02,2.04198581e-02,6.59184578e-04,4.87290081e-02,2.00411732e-04,1.60471456e-02,1.46171467e+02,2.06371871e-02,6.95522783e-04,2.33006850e+01,-2.17328942e-04,-3.63382051e-05,5.16546229e-02,5.96236880e-05,1.62371849e-02,-2.92561470e-03,1.40788044e-04,-1.90039244e-04
5.77000000e+02,1.69460189e+02,2.17132174e-02,-1.26087210e-03,4.88536176e-02,4.30274949e-04,1.65962941e-02,1.46150579e+02,2.18240178e-02,-8.47870073e-04,2.33096102e+01,-1.10800463e-04,-4.13002029e-04,5.17887847e-02,2.22556471e-04,1.67266640e-02,-2.93516715e-03,2.07718478e-04,-1.30369883e-04
5.78000000e+02,1.69458833e+02,2.20532497e-02,1.04780197e-03,4.90083995e-02,-6.83745454e-04,1.67264635e-02,1.46139281e+02,2.22628391e-02,1.07455877e-03,2.33195519e+01,-2.09589453e-04,-2.67568003e-05,5.19470349e-02,-7.99946681e-04,1.69119303e-02,-2.93863547e-03,1.16201227e-04,-1.85466752e-04
5.79000000e+02,1.69447957e+02,2.16638841e-02,-1.95064717e-03,4.90125099e-02,1.97087133e-04,1.66870936e-02,1.46119419e+02,2.18040424e-02,-1.51746527e-03,2.33285372e+01,-1.40158228e-04,-4.33181900e-04,5.19627127e-02,-2.83472816e-05,1.68288245e-02,-2.95020283e-03,2.25434414e-04,-1.41730885e-04
5.80000000e+02,1.69446135e+02,2.02566876e-02,7.31868983e-05,4.91876968e-02,6.62625262e-04,1.57855540e-02,1.46107679e+02,2.04573002e-02,1.05611778e-04,2.33384566e+01,-2.00612599e-04,-3.24248801e-05,5.21383799e-02,5.24586849e-04,1.59662036e-02,-2.95068309e-03,1.38038413e-04,-1.80649546e-04
5.81000000e+02,1.69434574e+02,2.16670444e-02,-1.68126612e-03,4.92269602e-02,8.37058907e-04,1.64806221e-02,1.46087089e+02,2.17581425e-02,-1.27347454e-03,2.33474848e+01,-9.10981345e-05,-4.07791581e-04,5.21873791e-02,6.34512229e-04,1.65949791e-02,-2.96041896e-03,2.02546678e-04,-1.14357030e-04
5.82000000e+02,1.69433589e+02,2.15512362e-02,7.75059962e-04,4.93629770e-02,-3.53804249e-04,1.61557854e-02,1.46076088e+02,2.17391469e-02,8.01396028e-04,2.33575003e+01,-1.87910639e-04,-2.63360665e-05,5.23255670e-02,-4.69677973e-04,1.63292492e-02,-2.96259002e-03,1.15873724e-04,-1.73463846e-04
5.83000000e+02,1.69423196e+02,2.06609268e-02,-2.35540910e-03,4.93213382e-02,4.96814209e-04,1.57347138e-02,1.46056636e+02,2.07903769e-02,-1.91100900e-03,2.33665596e+01,-1.29450033e-04,-4.44400095e-04,5.22946270e-02,2.67885488e-04,1.58716705e-02,-2.97328886e-03,2.28928720e-04,-1.36956681e-04
5.84000000e+02,1.69421900e+02,1.92024268e-02,8.14972819e-05,4.94394762e-02,7.09185265e-04,1.49054079e-02,1.46045283e+02,1.93831883e-02,1.15890724e-04,2.33766175e+01,-1.80761464e-04,-3.43934417e-05,5.24129820e-02,5.68400170e-04,1.50717071e-02,-2.97350576e-03,1.40785095e-04,-1.66299223e-04
5.85000000e+02,1.69410750e+02,2.03651518e-02,-1.51355228e-03,4.94987623e-02,8.25879487e-04,1.54203624e-02,1.46024983e+02,2.04069369e-02,-1.10868462e-03,2.33857666e+01,-4.17850699e-05,-4.04867660e-04,5.24795334e-02,6.21477004e-04,1.55013713e-02,-2.98077111e-03,2.04402483e-04,-8.10088528e-05
5.86000000e+02,1.69410494e+02,2.08844355e-02,8.66723842e-04,4.96482861e-02,-3.31404798e-04,1.56366236e-02,1.46014551e+02,2.10129768e-02,8.91782390e-04,2.33959428e+01,-1.28541358e-04,-2.50585483e-05,5.26299464e-02,-4.48234458e-04,1.57686658e-02,-2.98166038e-03,1.16829660e-04,-1.32042243e-04
5.87000000e+02,1.69400584e+02,2.10799285e-02,-2.13189815e-03,4.96345743e-02,4.37383625e-04,1.60413613e-02,1.45995477e+02,2.11496497e-02,-1.68298772e-03,2.34051070e+01,-6.97212405e-05,-4.48910436e-04,5.26278192e-02,2.05379047e-04,1.61343024e-02,-2.99324492e-03,2.32004577e-04,-9.29410854e-05
5.88000000e+02,1.69399719e+02,1.96780758e-02,3.36192767e-04,4.97452381e-02,5.58777166e-04,1.52566742e-02,1.45984487e+02,1.98326258e-02,3.73797103e-04,2.34152325e+01,-1.54549925e-04,-3.76043356e-05,5.27390632e-02,4.18487383e-04,1.54023180e-02,-2.99382513e-03,1.40289783e-04,-1.45643836e-04
5.89000000e+02,1.69389053e+02,2.04514106e-02,-1.27585750e-03,4.97722368e-02,6.85449282e-04,1.55278088e-02,1.45964598e+02,2.05077674e-02,-8.75784372e-04,2.34244548e+01,-5.63568450e-05,-4.00073130e-04,5.27742438e-02,4.84827484e-04,1.56197814e-02,-3.00200700e-03,2.00621799e-04,-9.19726273e-05
5.90000000e+02,1.69389057e+02,2.03894891e-02,1.64508892e-03,4.99409871e-02,-9.03855125e-04,1.53330592e-02,1.45954323e+02,2.05210630e-02,1.66211108e-03,2.34347337e+01,-1.31573882e-04,-1.70221579e-05,5.29430119e-02,-1.01164782e-03,1.54675958e-02,-3.00202480e-03,1.07792694e-04,-1.34536583e-04
5.91000000e+02,1.69379627e+02,2.04106326e-02,-1.41875686e-03,4.99837515e-02,-1.12004121e-04,1.54658129e-02,1.45935600e+02,2.04411278e-02,-9.76041900e-04,2.34440269e+01,-3.04952264e-05,-4.42714959e-04,5.29938634e-02,-3.39790557e-04,1.55343005e-02,-3.01011187e-03,2.27786436e-04,-6.84876138e-05
5.92000000e+02,1.69379310e+02,1.98017379e-02,4.12786670e-04,5.01791596e-02,3.66645509e-04,1.51455803e-02,1.45925095e+02,1.99071914e-02,4.72583105e-04,2.34542150e+01,-1.05453525e-04,-5.97964346e-05,5.31901656e-02,2.11467626e-04,1.52614456e-02,-3.01100601e-03,1.55177883e-04,-1.15865260e-04
5.93000000e+02,1.69368742e+02,2.10276875e-02,-1.40947261e-03,5.02111080e-02,5.94413281e-04,1.58230252e-02,1.45905247e+02,2.10543433e-02,-9.84598108e-04,2.34634956e+01,-2.66557685e-05,-4.24874504e-04,5.32320708e-02,3.77765344e-04,1.58925719e-02,-3.02096279e-03,2.16647937e-04,-6.95466562e-05
5.94000000e+02,1.69369088e+02,2.08849054e-02,8.01777045e-04,5.03886444e-02,-4.76486153e-04,1.56442571e-02,1.45895228e+02,2.10062013e-02,8.30597851e-04,2.34738594e+01,-1.21295806e-04,-2.88208063e-05,5.34091102e-02,-5.92163243e-04,1.57669711e-02,-3.02046577e-03,1.15677090e-04,-1.22714049e-04
5.95000000e+02,1.69360115e+02,2.05951227e-02,-1.71133981e-03,5.04675570e-02,-9.40009497e-05,1.56526131e-02,1.45876870e+02,2.06359897e-02,-1.29183166e-03,2.34832456e+01,-4.08670815e-05,-4.19508150e-04,5.34960608e-02,-3.06140914e-04,1.57221684e-02,-3.02850379e-03,2.12139964e-04,-6.95553142e-05
5.96000000e+02,1.69360246e+02,1.96290050e-02,1.46165122e-03,5.06512635e-02,-3.68165403e-04,1.51900314e-02,1.45866715e+02,1.97260504e-02,1.46790608e-03,2.34935306e+01,-9.70454285e-05,-6.25486621e-06,5.36808936e-02,-4.91854814e-04,1.52944026e-02,-3.02963013e-03,1.23689412e-04,-1.04371188e-04
5.97000000e+02,1.69350439e+02,2.13895925e-02,-2.12969850e-04,5.06887047e-02,-1.50839824e-04,1.61825648e-02,1.45847525e+02,2.13742884e-02,2.05409578e-04,2.35029141e+01,1.53040678e-05,-4.18379429e-04,5.37284341e-02,-3.64328833e-04,1.62231995e-02,-3.03972943e-03,2.13489009e-04,-4.06346531e-05
5.98000000e+02,1.69351526e+02,2.18002689e-02,1.55738651e-03,5.07923113e-02,-9.09860020e-04,1.63274926e-02,1.45838182e+02,2.18959936e-02,1.61089879e-03,2.35133435e+01,-9.57246781e-05,-5.35122753e-05,5.38338262e-02,-1.04264740e-03,1.64376281e-02,-3.04151488e-03,1.32787380e-04,-1.10135569e-04
5.99000000e+02,1.69343402e+02,2.14113124e-02,-1.13051244e-03,5.07357948e-02,-4.15614991e-04,1.62941752e-02,1.45820607e+02,2.14500866e-02,-7.02301535e-04,2.35227946e+01,-3.87742056e-05,-4.28210902e-04,5.37843539e-02,-6.33292797e-04,1.63657466e-02,-3.04855910e-03,2.17677806e-04,-7.15714802e-05
6.00000000e+02,1.69344006e+02,1.99256461e-02,1.74837718e-03,5.09245959e-02,-6.02017549e-04,1.54274449e-02,1.45810805e+02,2.00264238e-02,1.76041309e-03,2.35332009e+01,-1.00777725e-04,-1.20359092e-05,5.39708838e-02,-7.22881100e-04,1.55354246e-02,-3.04628792e-03,1.20863552e-04,-1.07979664e-04
6.01000000e+02,1.69335024e+02,2.10206792e-02,5.25363469e-04,5.09693468e-02,-7.62229872e-04,1.60014817e-02,1.45792371e+02,2.10074519e-02,9.28850917e-04,2.35426530e+01,1.32272477e-05,-4.03487448e-04,5.40235700e-02,-9.62904441e-04,1.60428930e-02,-3.05422323e-03,2.00674569e-04,-4.14113227e-05
6.02000000e+02,1.69336572e+02,2.16597888e-02,2.90430084e-03,5.10778380e-02,-1.91710648e-03,1.62869060e-02,1.45783496e+02,2.17270340e-02,2.94840107e-03,2.35530763e+01,-6.72452467e-05,-4.41002297e-05,5.41349764e-02,-2.04481718e-03,1.63800047e-02,-3.05713835e-03,1.27710693e-04,-9.30987445e-05
6.03000000e+02,1.69328670e+02,2.14868961e-02,-7.39750698e-04,5.10587036e-02,-7.04236549e-04,1.63976616e-02,1.45766056e+02,2.14978465e-02,-2.83860265e-04,2.35626141e+01,-1.09503782e-05,-4.55890432e-04,5.41237620e-02,-9.41076004e-04,1.64497870e-02,-3.06505848e-03,2.36839455e-04,-5.21253690e-05
6.04000000e+02,1.69329751e+02,2.01967530e-02,1.79176742e-03,5.12097702e-02,-5.93751052e-04,1.55990980e-02,1.45756719e+02,2.02858470e-02,1.81922708e-03,2.35730317e+01,-8.90940300e-05,-2.74596592e-05,5.42722313e-02,-7.28081136e-04,1.57021428e-02,-3.06246111e-03,1.34330084e-04,-1.03044796e-04
6.05000000e+02,1.69320913e+02,2.11586355e-02,8.99367334e-04,5.12852084e-02,-9.10920123e-04,1.60657671e-02,1.45738353e+02,2.11394064e-02,1.28947605e-03,2.35825600e+01,1.92291530e-05,-3.90108719e-04,5.43530665e-02,-1.10691244e-03,1.61029551e-02,-3.06785809e-03,1.95992321e-04,-3.71880206e-05
6.06000000e+02,1.69322950e+02,2.14489397e-02,3.35883623e-03,5.14869890e-02,-2.04043221e-03,1.61007475e-02,1.45729848e+02,2.15009072e-02,3.38801049e-03,2.35931023e+01,-5.19674788e-05,-2.91742548e-05,5.45548701e-02,-2.15968663e-03,1.61798247e-02,-3.06788111e-03,1.19254420e-04,-7.90772114e-05
6.07000000e+02,1.69315618e+02,2.17955704e-02,7.44612826e-05,5.15047621e-02,-1.20438508e-03,1.65051607e-02,1.45713007e+02,2.17708178e-02,5.33072457e-04,2.36026112e+01,2.47525250e-05,-4.58611174e-04,5.45816660e-02,-1.44015007e-03,1.65339467e-02,-3.07690390e-03,2.35764988e-04,-2.87860169e-05
6.08000000e+02,1.69317231e+02,2.06497859e-02,2.05353567e-03,5.16245818e-02,-6.90392532e-04,1.59242769e-02,1.45704146e+02,2.07072547e-02,2.10257840e-03,2.36130850e+01,-5.74688628e-05,-4.90427236e-05,5.47025482e-02,-8.38223213e-04,1.60027498e-02,-3.07796637e-03,1.47830681e-04,-7.84728554e-05
6.09000000e+02,1.69309050e+02,2.18816963e-02,5.29546547e-04,5.16681188e-02,-5.03630514e-04,1.64839905e-02,1.45686388e+02,2.18435263e-02,9.36205693e-04,2.36226628e+01,3.81700264e-05,-4.06659146e-04,5.47514422e-02,-7.10350648e-04,1.65105191e-02,-3.08332336e-03,2.06720133e-04,-2.65285850e-05
6.10000000e+02,1.69311695e+02,2.16154110e-02,2.89436711e-03,5.18402391e-02,-1.61329147e-03,1.60901458e-02,1.45678457e+02,2.16705368e-02,2.92683304e-03,2.36332379e+01,-5.51257147e-05,-3.24659288e-05,5.49215015e-02,-1.72947222e-03,1.61704816e-02,-3.08126240e-03,1.16180754e-04,-8.03358263e-05
6.11000000e+02,1.69304878e+02,2.16212583e-02,2.49875703e-04,5.18862785e-02,-1.24917113e-03,1.64296514e-02,1.45662044e+02,2.15932232e-02,6.87742397e-04,2.36428340e+01,2.80350271e-05,-4.37866694e-04,5.49748900e-02,-1.47074606e-03,1.64541471e-02,-3.08861145e-03,2.21574926e-04,-2.44957198e-05
6.12000000e+02,1.69307204e+02,2.04228202e-02,2.09882750e-03,5.20242269e-02,-6.71796240e-04,1.58370617e-02,1.45653876e+02,2.04784508e-02,2.15470033e-03,2.36533283e+01,-5.56306484e-05,-5.58728293e-05,5.51144955e-02,-8.26315548e-04,1.59144323e-02,-3.09026867e-03,1.54519308e-04,-7.73705862e-05
6.13000000e+02,1.69299728e+02,2.11782954e-02,-1.45158147e-04,5.20193294e-02,-9.69222923e-06,1.60588377e-02,1.45636787e+02,2.11530235e-02,2.99653852e-04,2.36629410e+01,2.52718925e-05,-4.44811999e-04,5.51174693e-02,-2.41030750e-04,1.60941979e-02,-3.09813992e-03,2.31338520e-04,-3.53602150e-05
6.14000000e+02,1.69302878e+02,2.09197876e-02,2.31038446e-03,5.21074255e-02,-1.15854777e-03,1.56501953e-02,1.45629270e+02,2.09880885e-02,2.35626085e-03,2.36736090e+01,-6.83008470e-05,-4.58763888e-05,5.52043958e-02,-1.28500313e-03,1.57418403e-02,-3.09697035e-03,1.26455360e-04,-9.16450397e-05
6.15000000e+02,1.69296473e+02,2.03677269e-02,-7.50405564e-04,5.21415892e-02,-4.32026495e-04,1.55822843e-02,1.45613207e+02,2.03447738e-02,-3.17317429e-04,2.36832664e+01,2.29531714e-05,-4.33088135e-04,5.52428237e-02,-6.52263940e-04,1.56098014e-02,-3.10123456e-03,2.20237445e-04,-2.75170466e-05
6.16000000e+02,1.69299233e+02,1.97058442e-02,1.56028261e-03,5.23201112e-02,-3.19306441e-04,1.52497344e-02,1.45605406e+02,1.97233726e-02,1.60018753e-03,2.36938261e+01,-1.75284041e-05,-3.99049150e-05,5.54200201e-02,-4.60638420e-04,1.53072414e-02,-3.09990891e-03,1.41331979e-04,-5.75070409e-05
6.17000000e+02,1.69292215e+02,2.13683366e-02,-2.32845336e-04,5.23158541e-02,1.13757065e-05,1.60854932e-02,1.45588737e+02,2.12943491e-02,1.97808110e-04,2.37034782e+01,7.39875188e-05,-4.30653445e-04,5.54230967e-02,-2.08617933e-04,1.60887357e-02,-3.10724264e-03,2.19993640e-04,-3.24250201e-06
6.18000000e+02,1.69295714e+02,2.15679602e-02,2.11814067e-03,5.24906320e-02,-1.02032369e-03,1.60877866e-02,1.45581498e+02,2.16129205e-02,2.16666726e-03,2.37142157e+01,-4.49603050e-05,-4.85265900e-05,5.55969603e-02,-1.14804646e-03,1.61584752e-02,-3.10632827e-03,1.27722767e-04,-7.06885639e-05
6.19000000e+02,1.69290176e+02,2.10659214e-02,-6.61894752e-04,5.25337780e-02,-5.01144254e-04,1.60382077e-02,1.45566191e+02,2.10357674e-02,-2.26652204e-04,2.37239852e+01,3.01540429e-05,-4.35242548e-04,5.56451060e-02,-7.22724173e-04,1.60587396e-02,-3.11132802e-03,2.21579919e-04,-2.05318716e-05
6.20000000e+02,1.69293478e+02,2.01548387e-02,1.94670629e-03,5.26749590e-02,-5.83838134e-04,1.56882579e-02,1.45558890e+02,2.01717562e-02,1.98219189e-03,2.37345882e+01,-1.69175216e-05,-3.54855957e-05,5.57866307e-02,-7.22809001e-04,1.57407901e-02,-3.11167163e-03,1.38970867e-04,-5.25322421e-05
6.21000000e+02,1.69286926e+02,2.16206071e-02,1.01446499e-04,5.26884913e-02,-2.44213678e-04,1.64139553e-02,1.45542603e+02,2.15381175e-02,5.32504302e-04,2.37443238e+01,8.24896802e-05,-4.31057803e-04,5.58066059e-02,-4.63339862e-04,1.64106134e-02,-3.11811464e-03,2.19126184e-04,3.34190513e-06
6.22000000e+02,1.69291319e+02,2.17727611e-02,2.49696356e-03,5.28569537e-02,-1.25507950e-03,1.63453423e-02,1.45536184e+02,2.18037586e-02,2.54301812e-03,2.37551346e+01,-3.09975718e-05,-4.60545615e-05,5.59728149e-02,-1.38332452e-03,1.64079204e-02,-3.11586113e-03,1.28245027e-04,-6.25780647e-05
6.23000000e+02,1.69286177e+02,2.18657896e-02,-7.47896603e-05,5.29075878e-02,-8.60006908e-04,1.66830330e-02,1.45521327e+02,2.18206424e-02,3.60310206e-04,2.37648495e+01,4.51472474e-05,-4.35099866e-04,5.60284934e-02,-1.08074152e-03,1.66984068e-02,-3.12090565e-03,2.20734608e-04,-1.53737669e-05
6.24000000e+02,1.69289749e+02,2.09249372e-02,2.22634884e-03,5.30635731e-02,-6.86149960e-04,1.61468100e-02,1.45514190e+02,2.09378046e-02,2.26616023e-03,2.37755587e+01,-1.28674243e-05,-3.98113829e-05,5.61841558e-02,-8.27750595e-04,1.61999969e-02,-3.12058269e-03,1.41600635e-04,-5.31868282e-05
6.25000000e+02,1.69283543e+02,2.19341509e-02,-1.84759578e-04,5.31107700e-02,-5.84246340e-05,1.65641985e-02,1.45498178e+02,2.18497720e-02,2.62251701e-04,2.37853642e+01,8.43788336e-05,-4.47011278e-04,5.62368867e-02,-2.89158478e-04,1.65594040e-02,-3.12611671e-03,2.30733844e-04,4.79449140e-06
6.26000000e+02,1.69288327e+02,2.21095862e-02,1.67143112e-03,5.32350167e-02,-7.12495555e-04,1.66594552e-02,1.45492183e+02,2.21369213e-02,1.73888482e-03,2.37961439e+01,-2.73350476e-05,-6.74537014e-05,5.63604691e-02,-8.55876882e-04,1.67185545e-02,-3.12545243e-03,1.43381326e-04,-5.90993059e-05
6.27000000e+02,1.69283458e+02,2.19046376e-02,-8.92804365e-04,5.32456348e-02,-1.43945225e-04,1.67557609e-02,1.45477517e+02,2.18566376e-02,-4.60555057e-04,2.38059416e+01,4.79999709e-05,-4.32249308e-04,5.63769054e-02,-3.68502409e-04,1.67684739e-02,-3.13127055e-03,2.24557184e-04,-1.27129700e-05
6.28000000e+02,1.69287550e+02,2.11436687e-02,1.39697979e-03,5.33650972e-02,1.12246560e-04,1.62432219e-02,1.45470891e+02,2.11450242e-02,1.43274052e-03,2.38166587e+01,-1.35556359e-06,-3.57607233e-05,5.64953552e-02,-2.91156510e-05,1.62915268e-02,-3.13025801e-03,1.41362211e-04,-4.83049235e-05
6.29000000e+02,1.69281630e+02,2.27778756e-02,-9.36968633e-04,5.33434019e-02,6.24699593e-04,1.71786053e-02,1.45455181e+02,2.26884372e-02,-4.92382897e-04,2.38264491e+01,8.94384481e-05,-4.44585736e-04,5.64792056e-02,3.96407232e-04,1.71700341e-02,-3.13580371e-03,2.28292361e-04,8.57113993e-06
6.30000000e+02,1.69286619e+02,2.24822666e-02,7.02308298e-04,5.34095384e-02,7.51507766e-05,1.69296771e-02,1.45449400e+02,2.25046163e-02,7.58969135e-04,2.38372188e+01,-2.23497007e-05,-5.66608371e-05,5.65435114e-02,-5.97254971e-05,1.69876085e-02,-3.13397301e-03,1.34876274e-04,-5.79313938e-05
6.31000000e+02,1.69282551e+02,2.24109336e-02,-1.76403424e-03,5.34083852e-02,5.05537975e-04,1.69979003e-02,1.45435496e+02,2.23564738e-02,-1.34112539e-03,2.38470557e+01,5.44597720e-05,-4.22908846e-04,5.65458347e-02,2.89233698e-04,1.70072380e-02,-3.13744951e-03,2.16304277e-04,-9.33768963e-06
6.32000000e+02,1.69287586e+02,2.19692804e-02,1.12108790e-03,5.35176426e-02,2.22266401e-04,1.68247915e-02,1.45429797e+02,2.19699772e-02,1.14765270e-03,2.38577886e+01,-6.96799771e-07,-2.65648081e-05,5.66545979e-02,9.05147800e-05,1.68690747e-02,-3.13695534e-03,1.31751621e-04,-4.42831984e-05
6.33000000e+02,1.69282541e+02,2.36748163e-02,-1.41209812e-03,5.34565741e-02,9.41353837e-04,1.78885670e-02,1.45414925e+02,2.35866434e-02,-9.80793604e-04,2.38676168e+01,8.81729499e-05,-4.31304520e-04,5.65990918e-02,7.20527542e-04,1.78783792e-02,-3.14251771e-03,2.20826295e-04,1.01877468e-05
6.34000000e+02,1.69288074e+02,2.39880385e-02,1.21686534e-04,5.35628367e-02,4.28258192e-04,1.81025232e-02,1.45409666e+02,2.40046055e-02,1.70327246e-04,2.38784078e+01,-1.65670604e-05,-4.86407118e-05,5.67008213e-02,2.93734905e-04,1.81592129e-02,-3.13798463e-03,1.34523287e-04,-5.66896680e-05
6.35000000e+02,1.69284459e+02,2.42834014e-02,-3.17989784e-03,5.35920752e-02,1.42522865e-03,1.84220028e-02,1.45396205e+02,2.42382839e-02,-2.74570641e-03,2.38882540e+01,4.51175409e-05,-4.34191426e-04,5.67330837e-02,1.20153225e-03,1.84389497e-02,-3.14100851e-03,2.23696399e-04,-1.69469541e-05
6.36000000e+02,1.69289967e+02,2.30180427e-02,-7.10996103e-04,5.37316508e-02,1.54577047e-03,1.75890398e-02,1.45390922e+02,2.30517435e-02,-7.05935432e-04,2.38990452e+01,-3.37008434e-05,-5.06067151e-06,5.68712607e-02,1.42733911e-03,1.76534658e-02,-3.13960996e-03,1.18431361e-04,-6.44260017e-05
6.37000000e+02,1.69285489e+02,2.42530485e-02,-2.04150784e-03,5.38100712e-02,1.40494256e-03,1.83019248e-02,1.45376619e+02,2.41742476e-02,-1.65534137e-03,2.39088702e+01,7.88009345e-05,-3.86166473e-04,5.69522888e-02,1.21275076e-03,1.82998538e-02,-3.14221756e-03,1.92191805e-04,2.07099247e-06
6.38000000e+02,1.69291737e+02,2.49646388e-02,-4.93800797e-04,5.40035633e-02,8.18297360e-04,1.87619229e-02,1.45372030e+02,2.49805172e-02,-4.52664382e-04,2.39197070e+01,-1.58784194e-05,-4.11364157e-05,5.71433784e-02,6.89634828e-04,1.88201931e-02,-3.13981510e-03,1.28662532e-04,-5.82701217e-05
6.39000000e+02,1.69288539e+02,2.46225950e-02,-4.03605148e-03,5.40410885e-02,2.01818100e-03,1.86519152e-02,1.45358954e+02,2.46019745e-02,-3.60648253e-03,2.39295851e+01,2.06205445e-05,-4.29568946e-04,5.71862863e-02,1.79784598e-03,1.86887192e-02,-3.14519777e-03,2.20335026e-04,-3.68040417e-05
6.40000000e+02,1.69294544e+02,2.25152256e-02,-7.95054672e-04,5.42253085e-02,1.66648039e-03,1.72073412e-02,1.45354161e+02,2.25759685e-02,-8.12768234e-04,2.39403825e+01,-6.07429316e-05,1.77135612e-05,5.73674230e-02,1.55986046e-03,1.72922989e-02,-3.14211448e-03,1.06619932e-04,-8.49576866e-05
6.41000000e+02,1.69290745e+02,2.38543108e-02,-2.20551692e-03,5.42993961e-02,1.53779021e-03,1.79367258e-02,1.45340540e+02,2.37811978e-02,-1.81638734e-03,2.39502045e+01,7.31130032e-05,-3.89129581e-04,5.74445098e-02,1.34654192e-03,1.79399248e-02,-3.14511371e-03,1.91248297e-04,-3.19901410e-06
6.42000000e+02,1.69297574e+02,2.43644504e-02,-9.34533148e-04,5.45319826e-02,1.15297406e-03,1.81553956e-02,1.45336499e+02,2.43821942e-02,-8.86847846e-04,2.39610749e+01,-1.77437720e-05,-4.76853017e-05,5.76755383e-02,1.02266128e-03,1.82149708e-02,-3.14355567e-03,1.30312783e-04,-5.95752022e-05
6.43000000e+02,1.69295130e+02,2.40083577e-02,-4.03811209e-03,5.46227842e-02,2.05900246e-03,1.81177719e-02,1.45324170e+02,2.39808850e-02,-3.61767473e-03,2.39709595e+01,2.74726873e-05,-4.20437360e-04,5.77708125e-02,1.84406698e-03,1.81472813e-02,-3.14802834e-03,2.14935486e-04,-2.95094703e-05
6.44000000e+02,1.69301650e+02,2.27044592e-02,-6.02352148e-04,5.47389505e-02,1.45208571e-03,1.74069886e-02,1.45319934e+02,2.27381707e-02,-6.14628294e-04,2.39817160e+01,-3.37115394e-05,1.22761462e-05,5.78863543e-02,1.34421503e-03,1.74705370e-02,-3.14740379e-03,1.07870679e-04,-6.35483356e-05
6.45000000e+02,1.69298401e+02,2.42584015e-02,-2.58798805e-03,5.47559377e-02,1.79383689e-03,1.82317264e-02,1.45306773e+02,2.41633567e-02,-2.19311252e-03,2.39916279e+01,9.50448320e-05,-3.94875530e-04,5.79072059e-02,1.59747939e-03,1.82171151e-02,-3.15126821e-03,1.96357500e-04,1.46113469e-05
6.46000000e+02,1.69305947e+02,2.45706470e-02,-1.52662232e-03,5.49508396e-02,1.60964510e-03,1.82453648e-02,1.45303419e+02,2.45779331e-02,-1.48449586e-03,2.40025280e+01,-7.28604797e-06,-4.21264636e-05,5.80980206e-02,1.48221779e-03,1.82968665e-02,-3.14718104e-03,1.27427309e-04,-5.15016932e-05
6.47000000e+02,1.69304480e+02,2.38728655e-02,-4.17832969e-03,5.50308029e-02,2.06784435e-03,1.80687572e-02,1.45292059e+02,2.38386697e-02,-3.77187917e-03,2.40124213e+01,3.41958037e-05,-4.06450519e-04,5.81804828e-02,1.86323642e-03,1.80917647e-02,-3.14967986e-03,2.04607928e-04,-2.30074702e-05
6.48000000e+02,1.69311847e+02,2.28530802e-02,-5.80226252e-04,5.52138615e-02,1.36082238e-03,1.75355176e-02,1.45288638e+02,2.28665316e-02,-5.91960916e-04,2.40232088e+01,-1.34514138e-05,1.17346646e-05,5.83618770e-02,1.25360460e-03,1.75891252e-02,-3.14801558e-03,1.07217780e-04,-5.36076270e-05
6.49000000e+02,1.69309101e+02,2.47665054e-02,-2.27300470e-03,5.52213452e-02,1.52256715e-03,1.84971719e-02,1.45276010e+02,2.46571211e-02,-1.85776080e-03,2.40330911e+01,1.09384299e-04,-4.15243891e-04,5.83738838e-02,1.31047730e-03,1.84776858e-02,-3.15253857e-03,2.12089856e-04,1.94861524e-05
6.50000000e+02,1.69317143e+02,2.48263982e-02,-1.26549069e-03,5.53447886e-02,1.28793903e-03,1.83657779e-02,1.45273167e+02,2.48499837e-02,-1.19933758e-03,2.40439759e+01,-2.35855156e-05,-6.61531076e-05,5.84940413e-02,1.14518015e-03,1.84274334e-02,-3.14925266e-03,1.42758879e-04,-6.16555178e-05
6.51000000e+02,1.69315689e+02,2.37070526e-02,-4.17003176e-03,5.54174466e-02,1.99662307e-03,1.79161581e-02,1.45261858e+02,2.36885887e-02,-3.76376186e-03,2.40538308e+01,1.84639012e-05,-4.06269905e-04,5.85694594e-02,1.79107748e-03,1.79486101e-02,-3.15201283e-03,2.05545594e-04,-3.24519885e-05
6.52000000e+02,1.69323426e+02,2.22261356e-02,-2.45882784e-04,5.55516498e-02,1.11855590e-03,1.71475214e-02,1.45258825e+02,2.22468018e-02,-2.76297094e-04,2.40646014e+01,-2.06662007e-05,3.04143104e-05,5.87020480e-02,1.02002396e-03,1.72067263e-02,-3.15039824e-03,9.85319338e-05,-5.92049180e-05
6.53000000e+02,1.69321363e+02,2.43833478e-02,-1.58239166e-03,5.55334152e-02,1.09601006e-03,1.83008720e-02,1.45246913e+02,2.42695842e-02,-1.19294032e-03,2.40744496e+01,1.13763647e-04,-3.89451347e-04,5.86877569e-02,8.99182564e-04,1.82793144e-02,-3.15434166e-03,1.96827495e-04,2.15576431e-05
6.54000000e+02,1.69329684e+02,2.51449703e-02,2.83989540e-04,5.56193717e-02,4.17991218e-04,1.86076861e-02,1.45244435e+02,2.51580899e-02,3.21704282e-04,2.40852492e+01,-1.31195540e-05,-3.77147413e-05,5.87706433e-02,2.89213848e-04,1.86607825e-02,-3.15127164e-03,1.28777370e-04,-5.30964048e-05
6.55000000e+02,1.69328812e+02,2.41491731e-02,-2.42316533e-03,5.55892873e-02,8.79191980e-04,1.81148760e-02,1.45233730e+02,2.41168434e-02,-2.01463625e-03,2.40950820e+01,3.23296868e-05,-4.08529088e-04,5.87429107e-02,6.74240108e-04,1.81399918e-02,-3.15362340e-03,2.04951872e-04,-2.51157522e-05
6.56000000e+02,1.69336961e+02,2.23174531e-02,9.31526909e-04,5.56751861e-02,2.59490687e-04,1.70865987e-02,1.45231134e+02,2.23392858e-02,9.28990490e-04,2.41058274e+01,-2.18326370e-05,2.53641868e-06,5.88252345e-02,1.44111086e-04,1.71458191e-02,-3.15004847e-03,1.15379600e-04,-5.92203743e-05
6.57000000e+02,1.69335398e+02,2.39825922e-02,-1.41012431e-03,5.56295163e-02,1.03032795e-03,1.79804631e-02,1.45219755e+02,2.38852111e-02,-9.84901381e-04,2.41156433e+01,9.73810522e-05,-4.25222927e-04,5.87817139e-02,8.07321312e-04,1.79683051e-02,-3.15219760e-03,2.23006635e-04,1.21579933e-05
6.58000000e+02,1.69344508e+02,2.45274131e-02,-3.14064808e-04,5.56955440e-02,8.82149298e-04,1.81998516e-02,1.45218072e+02,2.45409529e-02,-2.47714893e-04,2.41264362e+01,-1.35398247e-05,-6.63499146e-05,5.88441705e-02,7.35674049e-04,1.82521885e-02,-3.14862649e-03,1.46475249e-04,-5.23368924e-05
6.59000000e+02,1.69344208e+02,2.45865056e-02,-2.82121056e-03,5.57011077e-02,1.18103166e-03,1.84486830e-02,1.45208004e+02,2.45274592e-02,-2.39124160e-03,2.41362047e+01,5.90463316e-05,-4.29968955e-04,5.88498952e-02,9.59973648e-04,1.84543658e-02,-3.14878750e-03,2.21058009e-04,-5.68278243e-06
6.60000000e+02,1.69353228e+02,2.36459775e-02,-1.80582911e-04,5.58692858e-02,1.14205011e-03,1.79465809e-02,1.45206292e+02,2.36410381e-02,-1.61425450e-04,2.41469352e+01,4.93933877e-06,-1.91574614e-05,5.90132786e-02,1.00750097e-03,1.79865147e-02,-3.14399285e-03,1.34549143e-04,-3.99337802e-05
6.61000000e+02,1.69352408e+02,2.47551875e-02,-2.42361761e-03,5.58705988e-02,1.77289894e-03,1.85131205e-02,1.45195680e+02,2.46632633e-02,-1.99565661e-03,2.41567272e+01,9.19242082e-05,-4.27960995e-04,5.90177494e-02,1.55011226e-03,1.85027881e-02,-3.14715061e-03,2.22786677e-04,1.03323222e-05
6.62000000e+02,1.69361959e+02,2.45469770e-02,-6.00112354e-04,5.59241499e-02,1.13073069e-03,1.82355735e-02,1.45194524e+02,2.45777655e-02,-5.61419646e-04,2.41674342e+01,-3.07884795e-05,-3.86927075e-05,5.90684681e-02,1.00259095e-03,1.83029454e-02,-3.14431816e-03,1.28139741e-04,-6.73718691e-05
6.63000000e+02,1.69361998e+02,2.43116099e-02,-3.34821566e-03,5.59277734e-02,1.56987731e-03,1.82189649e-02,1.45184825e+02,2.42712843e-02,-2.94003801e-03,2.41771722e+01,4.03255745e-05,-4.08177651e-04,5.90727890e-02,1.36691493e-03,1.82412824e-02,-3.14501561e-03,2.02962375e-04,-2.23175303e-05
6.64000000e+02,1.69371212e+02,2.31608047e-02,-1.53748692e-04,5.60694633e-02,1.03416608e-03,1.75072976e-02,1.45183342e+02,2.31732376e-02,-1.54920721e-04,2.41878707e+01,-1.24329224e-05,1.17202834e-06,5.92087681e-02,9.19208243e-04,1.75621597e-02,-3.13930481e-03,1.14957837e-04,-5.48620899e-05
6.65000000e+02,1.69370750e+02,2.40119296e-02,-9.01961925e-04,5.61083137e-02,5.49454532e-04,1.79168382e-02,1.45173185e+02,2.39202450e-02,-5.03797943e-04,2.41975650e+01,9.16846804e-05,-3.98163982e-04,5.92490292e-02,3.46283482e-04,1.79093224e-02,-3.14071545e-03,2.03171050e-04,7.51585198e-06
6.66000000e+02,1.69380664e+02,2.40470264e-02,8.80417411e-04,5.61962180e-02,-4.98313640e-05,1.78477365e-02,1.45172392e+02,2.40456930e-02,9.26877453e-04,2.42082721e+01,1.33336410e-06,-4.64600420e-05,5.93345106e-02,-1.84304955e-04,1.78942881e-02,-3.13829258e-03,1.34473591e-04,-4.65515913e-05
6.67000000e+02,1.69381283e+02,2.39821864e-02,-2.46273759e-03,5.61902449e-02,8.62805884e-04,1.79530816e-02,1.45163285e+02,2.39195448e-02,-2.01856951e-03,2.42179979e+01,6.26416121e-05,-4.44168077e-04,5.93296225e-02,6.29955185e-04,1.79567062e-02,-3.13937755e-03,2.32850700e-04,-3.62456371e-06
6.68000000e+02,1.69390897e+02,2.25856408e-02,6.58461295e-04,5.63147186e-02,3.58820014e-04,1.70851579e-02,1.45162227e+02,2.26007320e-02,6.75916502e-04,2.42286695e+01,-1.50911669e-05,-1.74552075e-05,5.94495299e-02,2.27366343e-04,1.71392745e-02,-3.13481131e-03,1.31453671e-04,-5.41166009e-05
6.69000000e+02,1.69390719e+02,2.36466553e-02,-4.70537063e-04,5.63370297e-02,2.28439182e-04,1.77131709e-02,1.45152373e+02,2.35596276e-02,-7.95991439e-05,2.42383459e+01,8.70276942e-05,-3.90937919e-04,5.94726166e-02,2.74032679e-05,1.77052767e-02,-3.13558689e-03,2.01035914e-04,7.89425746e-06
6.70000000e+02,1.69401279e+02,2.34081074e-02,1.84015336e-03,5.64712309e-02,-7.01399259e-04,1.76333564e-02,1.45152262e+02,2.34034830e-02,1.88376070e-03,2.42490171e+01,4.62433410e-06,-4.36073447e-05,5.96031847e-02,-8.35678364e-04,1.76733356e-02,-3.13195382e-03,1.34279105e-04,-3.99792626e-05
6.71000000e+02,1.69402582e+02,2.31998645e-02,-1.23922109e-03,5.65002568e-02,-1.81355833e-05,1.76338608e-02,1.45143889e+02,2.31253423e-02,-7.74222509e-04,2.42586926e+01,7.45222026e-05,-4.64998576e-04,5.96332390e-02,-2.61387259e-04,1.76317179e-02,-3.13298219e-03,2.43251676e-04,2.14296287e-06
6.72000000e+02,1.69412555e+02,2.18964729e-02,9.56450403e-04,5.66535263e-02,1.97954804e-04,1.68163705e-02,1.45143298e+02,2.19114810e-02,1.01284943e-03,2.42692567e+01,-1.50081252e-05,-5.63990248e-05,5.97824276e-02,4.02724542e-05,1.68722624e-02,-3.12890128e-03,1.57682350e-04,-5.58919830e-05
6.73000000e+02,1.69412859e+02,2.29525871e-02,-6.58573436e-04,5.66713142e-02,2.66137320e-04,1.72972958e-02,1.45133958e+02,2.28649201e-02,-2.29988051e-04,2.42789006e+01,8.76669822e-05,-4.28585386e-04,5.98022807e-02,4.56958592e-05,1.72913581e-02,-3.13096647e-03,2.20441461e-04,5.93770311e-06
6.74000000e+02,1.69423929e+02,2.31333739e-02,1.97107171e-03,5.67528587e-02,-1.03645267e-03,1.74569465e-02,1.45134362e+02,2.31312842e-02,2.01594291e-03,2.42895675e+01,2.08976050e-06,-4.48711976e-05,5.98800769e-02,-1.16932826e-03,1.75003513e-02,-3.12721822e-03,1.32875596e-04,-4.34048382e-05
6.75000000e+02,1.69425517e+02,2.30029659e-02,-1.24565516e-03,5.67924058e-02,-6.14858794e-05,1.75703096e-02,1.45126333e+02,2.29311231e-02,-8.18303746e-04,2.42991846e+01,7.18428645e-05,-4.27351414e-04,5.99203837e-02,-2.85537434e-04,1.75685093e-02,-3.12797795e-03,2.24051555e-04,1.80031893e-06
6.76000000e+02,1.69436060e+02,2.15231287e-02,1.48842784e-03,5.69425291e-02,5.75714071e-05,1.66174870e-02,1.45126343e+02,2.15210185e-02,1.50644637e-03,2.43097176e+01,2.11014750e-06,-1.80185258e-05,6.00658647e-02,-8.25386193e-05,1.66598855e-02,-3.12333565e-03,1.40110026e-04,-4.23984930e-05
6.77000000e+02,1.69436732e+02,2.30203860e-02,4.39175845e-06,5.69827995e-02,1.77280372e-04,1.74187059e-02,1.45117392e+02,2.29067157e-02,4.29695476e-04,2.43193396e+01,1.13670286e-04,-4.25303717e-04,6.01062938e-02,-4.85079460e-05,1.73952954e-02,-3.12349426e-03,2.25788318e-04,2.34105666e-05
6.78000000e+02,1.69448130e+02,2.42525016e-02,1.17174674e-03,5.71003526e-02,-1.28652744e-04,1.81320287e-02,1.45118219e+02,2.42259335e-02,1.24288741e-03,2.43299105e+01,2.65681198e-05,-7.11406748e-05,6.02197204e-02,-2.76675042e-04,1.81616689e-02,-3.11936781e-03,1.48022298e-04,-2.96402040e-05
6.79000000e+02,1.69450095e+02,2.45798150e-02,-2.10844474e-03,5.70794515e-02,6.98786318e-04,1.85409101e-02,1.45110632e+02,2.44965252e-02,-1.66042721e-03,2.43394632e+01,8.32897984e-05,-4.48017539e-04,6.01996047e-02,4.67521501e-04,1.85324476e-02,-3.12015327e-03,2.31264816e-04,8.46247844e-06
6.80000000e+02,1.69461150e+02,2.32881227e-02,1.41068163e-03,5.71923999e-02,9.34943629e-05,1.77723282e-02,1.45111183e+02,2.32931124e-02,1.43555055e-03,2.43499676e+01,-4.98977770e-06,-2.48689167e-05,6.03074754e-02,-4.21668070e-05,1.78204604e-02,-3.11507545e-03,1.35661170e-04,-4.81321651e-05
6.81000000e+02,1.69462348e+02,2.45418383e-02,-3.40624968e-05,5.71736802e-02,7.78781067e-05,1.83644641e-02,1.45102864e+02,2.44483043e-02,3.83491403e-04,2.43594845e+01,9.35340068e-05,-4.17553900e-04,6.02895678e-02,-1.36451982e-04,1.83559993e-02,-3.11588764e-03,2.14330089e-04,8.46473952e-06
6.82000000e+02,1.69474208e+02,2.48728524e-02,1.19620631e-03,5.71927729e-02,-3.21453174e-04,1.85138462e-02,1.45104249e+02,2.48771218e-02,1.26495412e-03,2.43699597e+01,-4.26945900e-06,-6.87478038e-05,6.03050894e-02,-4.69598003e-04,1.85619073e-02,-3.11231650e-03,1.48144830e-04,-4.80610896e-05
6.83000000e+02,1.69476726e+02,2.48649062e-02,-2.20677326e-03,5.71354327e-02,6.93225319e-04,1.87935812e-02,1.45097265e+02,2.48037691e-02,-1.73853744e-03,2.43794613e+01,6.11371346e-05,-4.68235820e-04,6.02475566e-02,4.42254935e-04,1.87981267e-02,-3.11212394e-03,2.50970385e-04,-4.54545471e-06
6.84000000e+02,1.69487953e+02,2.35890378e-02,6.42514682e-04,5.72110106e-02,6.50283869e-04,1.80581667e-02,1.45098092e+02,2.36031907e-02,6.99086540e-04,2.43898604e+01,-1.41528522e-05,-5.65718583e-05,6.03164583e-02,4.88129459e-04,1.81118754e-02,-3.10544772e-03,1.62154410e-04,-5.37086293e-05
6.85000000e+02,1.69489480e+02,2.48980583e-02,-9.08684682e-04,5.71998131e-02,6.56977627e-04,1.87079651e-02,1.45090192e+02,2.48088162e-02,-4.66837831e-04,2.43992882e+01,8.92421152e-05,-4.41846851e-04,6.03039749e-02,4.26234909e-04,1.87014626e-02,-3.10416184e-03,2.30742718e-04,6.50252590e-06
6.86000000e+02,1.69501745e+02,2.47212858e-02,6.15097036e-04,5.72723057e-02,5.18111190e-05,1.84289261e-02,1.45092099e+02,2.47199584e-02,6.84282216e-04,2.44096456e+01,1.32740166e-06,-6.91851797e-05,6.03720321e-02,-9.88349222e-05,1.84753018e-02,-3.09972640e-03,1.50646041e-04,-4.63756452e-05
6.87000000e+02,1.69504877e+02,2.45902520e-02,-2.49370508e-03,5.72316325e-02,8.74066506e-04,1.85929438e-02,1.45085817e+02,2.45244335e-02,-2.03408073e-03,2.44190602e+01,6.58185027e-05,-4.59624351e-04,6.03313564e-02,6.27617174e-04,1.85952351e-02,-3.09972395e-03,2.46449333e-04,-2.29131175e-06
6.88000000e+02,1.69516841e+02,2.34571292e-02,2.93275078e-04,5.73780434e-02,8.76886706e-04,1.79385844e-02,1.45087496e+02,2.34708220e-02,3.50165548e-04,2.44293446e+01,-1.36927947e-05,-5.68904707e-05,6.04707412e-02,7.14576820e-04,1.79951723e-02,-3.09269773e-03,1.62309886e-04,-5.65878339e-05
6.89000000e+02,1.69518842e+02,2.49193877e-02,-1.18403939e-03,5.74301943e-02,8.87951504e-04,1.86274311e-02,1.45080150e+02,2.48302970e-02,-7.39501853e-04,2.44386920e+01,8.90907316e-05,-4.44537542e-04,6.05213083e-02,6.49723098e-04,1.86247270e-02,-3.09111395e-03,2.38228406e-04,2.70413526e-06
6.90000000e+02,1.69531445e+02,2.48608789e-02,1.12050842e-04,5.75840567e-02,4.96586655e-04,1.84790526e-02,1.45082450e+02,2.48683390e-02,1.98821905e-04,2.44489949e+01,-7.46007795e-06,-8.67710638e-05,6.06705741e-02,3.32483379e-04,1.85300530e-02,-3.08651742e-03,1.64103277e-04,-5.10004407e-05
6.91000000e+02,1.69534645e+02,2.46444087e-02,-3.31456911e-03,5.75343149e-02,1.61981173e-03,1.85872653e-02,1.45076408e+02,2.45855132e-02,-2.84053519e-03,2.44582376e+01,5.88955242e-05,-4.74033920e-04,6.06211051e-02,1.36097091e-03,1.85934862e-02,-3.08679022e-03,2.58840824e-04,-6.22096328e-06
6.92000000e+02,1.69546939e+02,2.34067460e-02,-4.28409598e-04,5.76753017e-02,1.47132740e-03,1.79128134e-02,1.45078515e+02,2.34185832e-02,-3.72831947e-04,2.44684241e+01,-1.18372581e-05,-5.55776505e-05,6.07559762e-02,1.30510339e-03,1.79649402e-02,-3.08067456e-03,1.66224009e-04,-5.21268147e-05
6.93000000e+02,1.69549388e+02,2.51688181e-02,-2.33525247e-03,5.77440992e-02,1.84229875e-03,1.89000602e-02,1.45071677e+02,2.50779349e-02,-1.90140660e-03,2.44777113e+01,9.08832240e-05,-4.33845864e-04,6.08236932e-02,1.61030731e-03,1.88904753e-02,-3.07959394e-03,2.31991436e-04,9.58487277e-06
6.94000000e+02,1.69562478e+02,2.54980207e-02,-1.01781568e-03,5.78820316e-02,1.46644833e-03,1.89760532e-02,1.45074574e+02,2.55018316e-02,-9.40832763e-04,2.44879044e+01,-3.81088236e-06,-7.69829180e-05,6.09564599e-02,1.30756558e-03,1.90252478e-02,-3.07442836e-03,1.58882750e-04,-4.91946477e-05
6.95000000e+02,1.69566593e+02,2.56604129e-02,-4.37413463e-03,5.79278495e-02,2.40931746e-03,1.92593125e-02,1.45069455e+02,2.56033150e-02,-3.90283778e-03,2.44971383e+01,5.70979578e-05,-4.71296856e-04,6.10018843e-02,2.15721427e-03,1.92698839e-02,-3.07403476e-03,2.52103195e-04,-1.05714807e-05
6.96000000e+02,1.69579569e+02,2.39180092e-02,-1.87046786e-03,5.80812007e-02,2.42310733e-03,1.82133239e-02,1.45072299e+02,2.39464024e-02,-1.81034927e-03,2.45072696e+01,-2.83932298e-05,-6.01185868e-05,6.11496313e-02,2.25965551e-03,1.82768884e-02,-3.06843059e-03,1.63451816e-04,-6.35644338e-05
6.97000000e+02,1.69583018e+02,2.51745674e-02,-3.62038978e-03,5.81406943e-02,2.73850404e-03,1.88313372e-02,1.45066602e+02,2.50921175e-02,-3.18384380e-03,2.45164161e+01,8.24499060e-05,-4.36545978e-04,6.12087825e-02,2.50342174e-03,1.88265401e-02,-3.06808819e-03,2.35082306e-04,4.79711042e-06
6.98000000e+02,1.69596999e+02,2.56623673e-02,-1.46736031e-03,5.82428583e-02,1.83031369e-03,1.90861100e-02,1.45070434e+02,2.56724961e-02,-1.39897168e-03,2.45265652e+01,-1.01288501e-05,-6.83886367e-05,6.13072369e-02,1.67634105e-03,1.91337368e-02,-3.06437864e-03,1.53972642e-04,-4.76267590e-05
6.99000000e+02,1.69601203e+02,2.52116157e-02,-4.30324893e-03,5.81952746e-02,2.32148930e-03,1.90359924e-02,1.45065492e+02,2.51623350e-02,-3.84431061e-03,2.45357113e+01,4.92807320e-05,-4.58938317e-04,6.12593173e-02,2.07828255e-03,1.90448714e-02,-3.06404266e-03,2.43206757e-04,-8.87899328e-06
7.00000000e+02,1.69614276e+02,2.34984412e-02,-1.30491667e-03,5.82951229e-02,1.97384720e-03,1.80404000e-02,1.45068496e+02,2.35285593e-02,-1.26473490e-03,2.45457798e+01,-3.01181114e-05,-4.01817681e-05,6.13521624e-02,1.82222382e-03,1.81018298e-02,-3.05703950e-03,1.51623381e-04,-6.14297359e-05
7.01000000e+02,1.69617830e+02,2.47779448e-02,-1.99333560e-03,5.83142933e-02,1.52455464e-03,1.86874331e-02,1.45062870e+02,2.47011218e-02,-1.56569510e-03,2.45549596e+01,7.68229973e-05,-4.27640508e-04,6.13685902e-02,1.29470622e-03,1.86867878e-02,-3.05429693e-03,2.29848414e-04,6.45252061e-07
7.02000000e+02,1.69632109e+02,2.49871580e-02,1.07839490e-04,5.84194379e-02,7.75702362e-04,1.86377935e-02,1.45067044e+02,2.49980829e-02,1.85027287e-04,2.45650646e+01,-1.09249724e-05,-7.71877964e-05,6.14682360e-02,6.14035582e-04,1.86889558e-02,-3.04879810e-03,1.61666781e-04,-5.11623501e-05
7.03000000e+02,1.69636946e+02,2.48218027e-02,-2.53096463e-03,5.84149207e-02,1.19407346e-03,1.87168634e-02,1.45062758e+02,2.47687301e-02,-2.06027923e-03,2.45741875e+01,5.30725926e-05,-4.70685402e-04,6.14629334e-02,9.39961110e-04,1.87261501e-02,-3.04801268e-03,2.54112346e-04,-9.28667217e-06
7.04000000e+02,1.69650335e+02,2.35136519e-02,4.93532814e-04,5.85401225e-02,8.20333911e-04,1.80063495e-02,1.45066186e+02,2.35390105e-02,5.59504585e-04,2.45841484e+01,-2.53586242e-05,-6.59717714e-05,6.15811924e-02,6.51059038e-04,1.80660147e-02,-3.04106988e-03,1.69274873e-04,-5.96652024e-05
7.05000000e+02,1.69654027e+02,2.46566779e-02,-1.02125630e-03,5.85647587e-02,8.58689739e-04,1.86236252e-02,1.45060833e+02,2.45777702e-02,-5.57368759e-04,2.45931948e+01,7.89076396e-05,-4.63887545e-04,6.16038277e-02,6.08933819e-04,1.86186444e-02,-3.03906906e-03,2.49755920e-04,4.98078299e-06
7.06000000e+02,1.69668541e+02,2.51712663e-02,4.73087462e-04,5.86352039e-02,4.40077096e-04,1.87893253e-02,1.45065344e+02,2.51810452e-02,5.87172244e-04,2.46031976e+01,-9.77892199e-06,-1.14084782e-04,6.16686666e-02,2.58467806e-04,1.88418305e-02,-3.03346271e-03,1.81609290e-04,-5.25051315e-05
7.07000000e+02,1.69673518e+02,2.55502176e-02,-2.66635719e-03,5.86075305e-02,1.26441133e-03,1.92037188e-02,1.45061305e+02,2.55091782e-02,-2.16391197e-03,2.46122125e+01,4.10393460e-05,-5.02445222e-04,6.16396387e-02,9.88947056e-04,1.92257511e-02,-3.03210823e-03,2.75464272e-04,-2.20323070e-05
7.08000000e+02,1.69687445e+02,2.38853343e-02,2.85753776e-04,5.87106329e-02,1.06051410e-03,1.82777141e-02,1.45065336e+02,2.39357721e-02,3.74918963e-04,2.46221091e+01,-5.04378650e-05,-8.91651868e-05,6.17358184e-02,8.74345777e-04,1.83548747e-02,-3.02518559e-03,1.86168327e-04,-7.71605965e-05
7.09000000e+02,1.69691773e+02,2.47686152e-02,-1.04682786e-03,5.87435249e-02,1.02079643e-03,1.86859818e-02,1.45060698e+02,2.47044375e-02,-5.75962274e-04,2.46310747e+01,6.41776924e-05,-4.70865588e-04,6.17667908e-02,7.64701390e-04,1.86940651e-02,-3.02326594e-03,2.56095036e-04,-8.08337761e-06
7.10000000e+02,1.69707015e+02,2.51540649e-02,8.26363544e-04,5.88527498e-02,2.52629716e-04,1.87084235e-02,1.45066003e+02,2.51714157e-02,9.52391330e-04,2.46410119e+01,-1.73507964e-05,-1.26027786e-04,6.18707237e-02,6.31306751e-05,1.87657986e-02,-3.01797384e-03,1.89499041e-04,-5.73750503e-05
7.11000000e+02,1.69712879e+02,2.54175351e-02,-2.60683020e-03,5.88537639e-02,1.28376183e-03,1.90200206e-02,1.45062939e+02,2.53724619e-02,-2.08027698e-03,2.46499397e+01,4.50732707e-05,-5.26553219e-04,6.18708897e-02,9.94234378e-04,1.90349430e-02,-3.01712588e-03,2.89527454e-04,-1.49223277e-05
7.12000000e+02,1.69727647e+02,2.41703679e-02,-7.56384197e-05,5.89826909e-02,1.39830002e-03,1.84404537e-02,1.45067871e+02,2.42145810e-02,3.79475440e-05,2.46597762e+01,-4.42130988e-05,-1.13585964e-04,6.19934806e-02,1.19492452e-03,1.85110692e-02,-3.01078969e-03,2.03375500e-04,-7.06154648e-05
7.13000000e+02,1.69732481e+02,2.53126336e-02,-1.71124691e-03,5.90205601e-02,1.48832733e-03,1.89341368e-02,1.45063900e+02,2.52495366e-02,-1.22318618e-03,2.46685815e+01,6.30969299e-05,-4.88060736e-04,6.20294198e-02,1.22097266e-03,1.89487034e-02,-3.00885967e-03,2.67354670e-04,-1.45666365e-05
7.14000000e+02,1.69747771e+02,2.53552324e-02,-3.01370966e-04,5.91357067e-02,1.03931440e-03,1.87138476e-02,1.45069439e+02,2.53953433e-02,-1.79270319e-04,2.46783320e+01,-4.01109701e-05,-1.22100647e-04,6.21386554e-02,8.52484867e-04,1.87874123e-02,-3.00294867e-03,1.86829530e-04,-7.35647462e-05
7.15000000e+02,1.69753843e+02,2.45860678e-02,-2.91440620e-03,5.91463701e-02,1.55367905e-03,1.83936062e-02,1.45066725e+02,2.45639967e-02,-2.41360788e-03,2.46871177e+01,2.20711070e-05,-5.00798325e-04,6.21476866e-02,1.27663831e-03,1.84212416e-02,-3.00131642e-03,2.77040746e-04,-2.76353188e-05
7.16000000e+02,1.69768765e+02,2.30809757e-02,-1.73171393e-05,5.92527214e-02,1.41701707e-03,1.76524570e-02,1.45071981e+02,2.31362304e-02,7.44321930e-05,2.46967845e+01,-5.52547139e-05,-9.17493323e-05,6.22473942e-02,1.22658977e-03,1.77287800e-02,-2.99467285e-03,1.90427307e-04,-7.63230119e-05
7.17000000e+02,1.69773821e+02,2.43495303e-02,-1.20958840e-03,5.92611219e-02,1.31741792e-03,1.83755332e-02,1.45068359e+02,2.42951852e-02,-7.44624764e-04,2.47054618e+01,5.43450360e-05,-4.64963639e-04,6.22537145e-02,1.05930484e-03,1.83885720e-02,-2.99259258e-03,2.58113082e-04,-1.30388240e-05
7.18000000e+02,1.69789238e+02,2.52273961e-02,9.42945267e-04,5.93404497e-02,4.24384861e-04,1.87561944e-02,1.45074265e+02,2.52565171e-02,1.05697351e-03,2.47149724e+01,-2.91210344e-05,-1.14028247e-04,6.23280476e-02,2.38811888e-04,1.88228813e-02,-2.98759799e-03,1.85572973e-04,-6.66869256e-05
7.19000000e+02,1.69795137e+02,2.53252724e-02,-2.03058623e-03,5.92746188e-02,1.12254689e-03,1.89611640e-02,1.45071699e+02,2.52938670e-02,-1.51245680e-03,2.47234382e+01,3.14054506e-05,-5.18129435e-04,6.22615334e-02,8.38671553e-04,1.89900144e-02,-2.98691459e-03,2.83875334e-04,-2.88503926e-05
7.20000000e+02,1.69810070e+02,2.37732544e-02,6.47113743e-04,5.93154540e-02,1.07591294e-03,1.80087406e-02,1.45077307e+02,2.38274401e-02,7.67430292e-04,2.47327634e+01,-5.41857450e-05,-1.20316549e-04,6.22954586e-02,8.72998620e-04,1.80895746e-02,-2.98000459e-03,2.02914321e-04,-8.08339659e-05
7.21000000e+02,1.69815089e+02,2.49408462e-02,-1.40904876e-03,5.92538520e-02,1.38982025e-03,1.85798269e-02,1.45073944e+02,2.48848035e-02,-8.99310984e-04,2.47411452e+01,5.60426860e-05,-5.09737772e-04,6.22314220e-02,1.11367360e-03,1.85921071e-02,-2.97757005e-03,2.76146651e-04,-1.22802412e-05
7.22000000e+02,1.69830625e+02,2.55350296e-02,-3.24783314e-04,5.92232475e-02,1.02946650e-03,1.89105563e-02,1.45080121e+02,2.55689524e-02,-1.70698975e-04,2.47505039e+01,-3.39227833e-05,-1.54084340e-04,6.21947436e-02,8.22405941e-04,1.89749827e-02,-2.97149605e-03,2.07060561e-04,-6.44264271e-05
7.23000000e+02,1.69836961e+02,2.58392678e-02,-3.60268106e-03,5.90939847e-02,2.03300893e-03,1.94702694e-02,1.45078124e+02,2.58196081e-02,-3.07797672e-03,2.47588363e+01,1.96597037e-05,-5.24704338e-04,6.20629294e-02,1.73990102e-03,1.94940426e-02,-2.96894473e-03,2.93107914e-04,-2.37731166e-05
7.24000000e+02,1.69852037e+02,2.40843193e-02,-7.32790422e-04,5.90889686e-02,1.96312646e-03,1.85026420e-02,1.45083975e+02,2.41474459e-02,-6.17524928e-04,2.47680612e+01,-6.31265256e-05,-1.15265493e-04,6.20498887e-02,1.75900586e-03,1.85849981e-02,-2.96092012e-03,2.04120599e-04,-8.23561664e-05
7.25000000e+02,1.69857443e+02,2.46847759e-02,-1.95235788e-03,5.89637126e-02,1.75527425e-03,1.86278886e-02,1.45080943e+02,2.46390399e-02,-1.44382085e-03,2.47765008e+01,4.57360945e-05,-5.08537028e-04,6.19211724e-02,1.47800969e-03,1.86505555e-02,-2.95745987e-03,2.77264553e-04,-2.26668948e-05
7.26000000e+02,1.69873318e+02,2.44972211e-02,-5.45169529e-04,5.89559375e-02,1.33080143e-03,1.82666830e-02,1.45087432e+02,2.45380744e-02,-3.94405782e-04,2.47858859e+01,-4.08533197e-05,-1.50763747e-04,6.19062637e-02,1.12372735e-03,1.83392289e-02,-2.95032620e-03,2.07074079e-04,-7.25459043e-05
7.27000000e+02,1.69879497e+02,2.44402117e-02,-3.55061000e-03,5.88653320e-02,2.06600350e-03,1.84320038e-02,1.45085317e+02,2.44094578e-02,-3.02100116e-03,2.47941802e+01,3.07538478e-05,-5.29608843e-04,6.18125226e-02,1.77063248e-03,1.84548592e-02,-2.94719067e-03,2.95371019e-04,-2.28554197e-05
7.28000000e+02,1.69894435e+02,2.33028875e-02,-9.60961367e-04,5.89383118e-02,2.06647302e-03,1.79123419e-02,1.45091070e+02,2.33523586e-02,-8.42090351e-04,2.48033653e+01,-4.94711690e-05,-1.18871016e-04,6.18768217e-02,1.86059292e-03,1.79852650e-02,-2.93850989e-03,2.05880099e-04,-7.29231367e-05
7.29000000e+02,1.69899662e+02,2.46578393e-02,-2.75106384e-03,5.89955424e-02,2.40636479e-03,1.86380627e-02,1.45088003e+02,2.46033911e-02,-2.25881596e-03,2.48116584e+01,5.44481983e-05,-4.92247872e-04,6.19296006e-02,2.13385666e-03,1.86503520e-02,-2.93405818e-03,2.72508128e-04,-1.22892753e-05
7.30000000e+02,1.69915943e+02,2.49165681e-02,-1.18154118e-03,5.91091446e-02,1.89206290e-03,1.86769925e-02,1.45095066e+02,2.49661966e-02,-1.05130893e-03,2.48208774e+01,-4.96284864e-05,-1.30232242e-04,6.20354103e-02,1.69742726e-03,1.87506711e-02,-2.92626570e-03,1.94635634e-04,-7.36785900e-05
7.31000000e+02,1.69922943e+02,2.46413869e-02,-3.89104745e-03,5.91088932e-02,2.47155210e-03,1.86460132e-02,1.45093828e+02,2.46202328e-02,-3.37282955e-03,2.48291150e+01,2.11541741e-05,-5.18217906e-04,6.20323057e-02,2.18350996e-03,1.86773489e-02,-2.92341252e-03,2.88042134e-04,-3.13357874e-05
7.32000000e+02,1.69938585e+02,2.34872673e-02,-1.60323414e-03,5.92497734e-02,2.69168660e-03,1.79917645e-02,1.45100390e+02,2.35385854e-02,-1.47919948e-03,2.48381957e+01,-5.13181410e-05,-1.24034666e-04,6.21655134e-02,2.48524925e-03,1.80705126e-02,-2.91573992e-03,2.06437344e-04,-7.87480427e-05
7.33000000e+02,1.69944687e+02,2.50399019e-02,-3.29544152e-03,5.93638203e-02,2.85916483e-03,1.88484434e-02,1.45098275e+02,2.49850802e-02,-2.78869773e-03,2.48464119e+01,5.48217360e-05,-5.06743795e-04,6.22766653e-02,2.57929977e-03,1.88625372e-02,-2.91284497e-03,2.79865063e-04,-1.40938311e-05
7.34000000e+02,1.69961598e+02,2.55988645e-02,-1.79286760e-03,5.94815367e-02,2.40174180e-03,1.90435362e-02,1.45106056e+02,2.56339427e-02,-1.64151014e-03,2.48555423e+01,-3.50782375e-05,-1.51357460e-04,6.23884857e-02,2.19361825e-03,1.91118387e-02,-2.90694901e-03,2.08123545e-04,-6.83025028e-05
7.35000000e+02,1.69969008e+02,2.56854773e-02,-4.89173522e-03,5.95425311e-02,3.14498549e-03,1.92083170e-02,1.45105353e+02,2.56515464e-02,-4.35049785e-03,2.48636550e+01,3.39309291e-05,-5.41237376e-04,6.24480861e-02,2.84538398e-03,1.92337049e-02,-2.90555505e-03,2.99601512e-04,-2.53879284e-05
7.36000000e+02,1.69984925e+02,2.42956718e-02,-2.51841834e-03,5.96790871e-02,3.28034200e-03,1.83834355e-02,1.45112410e+02,2.43505285e-02,-2.38124756e-03,2.48725148e+01,-5.48567172e-05,-1.37170784e-04,6.25783306e-02,3.06633709e-03,1.84639792e-02,-2.89924346e-03,2.14004907e-04,-8.05436812e-05
7.37000000e+02,1.69991032e+02,2.58401852e-02,-4.06929360e-03,5.97257655e-02,3.24619471e-03,1.92150774e-02,1.45110566e+02,2.57924116e-02,-3.55756414e-03,2.48804659e+01,4.77735613e-05,-5.11729463e-04,6.26226864e-02,2.96782136e-03,1.92353867e-02,-2.89692085e-03,2.78373348e-04,-2.03093168e-05
7.38000000e+02,1.70007690e+02,2.68455354e-02,-1.95928998e-03,5.97989265e-02,2.36623398e-03,1.97662242e-02,1.45118608e+02,2.68895501e-02,-1.82090266e-03,2.48890813e+01,-4.40147509e-05,-1.38387316e-04,6.26898029e-02,2.16629232e-03,1.98417946e-02,-2.89087640e-03,1.99941658e-04,-7.55704163e-05
7.39000000e+02,1.70014240e+02,2.67574424e-02,-5.40324734e-03,5.98961610e-02,3.39317916e-03,1.98952055e-02,1.45117661e+02,2.67432645e-02,-4.87664958e-03,2.48965791e+01,1.41778509e-05,-5.26597761e-04,6.27852751e-02,3.10241425e-03,1.99305752e-02,-2.88911412e-03,2.90764903e-04,-3.53696893e-05
7.40000000e+02,1.70029753e+02,2.48823154e-02,-3.20239687e-03,6.00284280e-02,3.53990574e-03,1.87730500e-02,1.45124767e+02,2.49388490e-02,-3.07338893e-03,2.49049860e+01,-5.65335771e-05,-1.29007944e-04,6.29109901e-02,3.33345579e-03,1.88534603e-02,-2.88256205e-03,2.06449947e-04,-8.04103403e-05
7.41000000e+02,1.70034801e+02,2.60221461e-02,-4.15604994e-03,6.01379364e-02,3.27077726e-03,1.94778784e-02,1.45122486e+02,2.59678453e-02,-3.65573050e-03,2.49123151e+01,5.43008118e-05,-5.00319441e-04,6.30184628e-02,2.99677306e-03,1.94876611e-02,-2.88052635e-03,2.74004197e-04,-9.78271887e-06
7.42000000e+02,1.70050988e+02,2.68579064e-02,-2.16197868e-03,6.02160497e-02,2.64807982e-03,1.99681009e-02,1.45130285e+02,2.68915941e-02,-2.02635460e-03,2.49207033e+01,-3.36877037e-05,-1.35624077e-04,6.30918353e-02,2.44624089e-03,2.00325774e-02,-2.87578554e-03,2.01838932e-04,-6.44764716e-05
7.43000000e+02,1.70057629e+02,2.74585742e-02,-4.17348666e-03,6.02449255e-02,2.70782873e-03,2.05338409e-02,1.45129513e+02,2.74450754e-02,-3.64037907e-03,2.49281159e+01,1.34988359e-05,-5.33107588e-04,6.31202708e-02,2.41367652e-03,2.05693818e-02,-2.87534528e-03,2.94152206e-04,-3.55409170e-05
7.44000000e+02,1.70073601e+02,2.55379990e-02,-1.83580061e-03,6.02972152e-02,2.78864401e-03,1.93991945e-02,1.45137089e+02,2.56245142e-02,-1.68608632e-03,2.49365122e+01,-8.65151465e-05,-1.49714294e-04,6.31664712e-02,2.56800623e-03,1.94979865e-02,-2.86925598e-03,2.20637784e-04,-9.87919860e-05
7.45000000e+02,1.70079526e+02,2.55732372e-02,-3.36364918e-03,6.03050385e-02,2.91670770e-03,1.91257968e-02,1.45135562e+02,2.55451169e-02,-2.84103629e-03,2.49439631e+01,2.81202140e-05,-5.22612895e-04,6.31719878e-02,2.62653572e-03,1.91599648e-02,-2.86694932e-03,2.90171977e-04,-3.41679572e-05
7.46000000e+02,1.70095889e+02,2.54797161e-02,-2.22673222e-03,6.02943638e-02,2.81944068e-03,1.88864749e-02,1.45143602e+02,2.55323270e-02,-2.07278489e-03,2.49522871e+01,-5.26108897e-05,-1.53947333e-04,6.31564758e-02,2.60951385e-03,1.89640591e-02,-2.86211195e-03,2.09926824e-04,-7.75841888e-05
7.47000000e+02,1.70102537e+02,2.63936514e-02,-4.63227685e-03,6.01930492e-02,3.07991647e-03,1.97796619e-02,1.45143000e+02,2.63787151e-02,-4.09265819e-03,2.49595372e+01,1.49363141e-05,-5.39618655e-04,6.30551231e-02,2.78100609e-03,1.98112735e-02,-2.86207390e-03,2.98910379e-04,-3.16115849e-05
7.48000000e+02,1.70118998e+02,2.50617337e-02,-1.65809711e-03,6.00847838e-02,2.64692111e-03,1.90278440e-02,1.45151168e+02,2.51375439e-02,-1.50539464e-03,2.49678306e+01,-7.58102273e-05,-1.52702474e-04,6.29399068e-02,2.42207421e-03,1.91184678e-02,-2.85512299e-03,2.24846903e-04,-9.06238339e-05
7.49000000e+02,1.70126391e+02,2.50121770e-02,-2.85290864e-03,5.98970273e-02,2.60668240e-03,1.87969994e-02,1.45150849e+02,2.49868073e-02,-2.33083238e-03,2.49755422e+01,2.53696789e-05,-5.22076262e-04,6.27470469e-02,2.31146603e-03,1.88277303e-02,-2.85001966e-03,2.95216367e-04,-3.07308590e-05
7.50000000e+02,1.70143640e+02,2.46214724e-02,-1.53388644e-03,5.98536432e-02,2.43055748e-03,1.83462220e-02,1.45159633e+02,2.46734486e-02,-1.37723518e-03,2.49840069e+01,-5.19762714e-05,-1.56651258e-04,6.26955590e-02,2.21765839e-03,1.84210181e-02,-2.84191582e-03,2.12899090e-04,-7.47961649e-05
7.51000000e+02,1.70151247e+02,2.44520321e-02,-4.00234686e-03,5.97601991e-02,2.64380346e-03,1.84613087e-02,1.45159944e+02,2.44259905e-02,-3.45739152e-03,2.49913029e+01,2.60415939e-05,-5.44955342e-04,6.25993705e-02,2.34591408e-03,1.84854145e-02,-2.83917144e-03,2.97889384e-04,-2.41057990e-05
7.52000000e+02,1.70167702e+02,2.36367758e-02,-7.18055959e-04,5.97219051e-02,1.99649594e-03,1.81379067e-02,1.45167912e+02,2.36919688e-02,-5.65404050e-04,2.49997899e+01,-5.51929670e-05,-1.52651909e-04,6.25526684e-02,1.77095668e-03,1.82118473e-02,-2.83076325e-03,2.25539261e-04,-7.39405337e-05
7.53000000e+02,1.70174358e+02,2.53561692e-02,-1.82619282e-03,5.97042918e-02,1.89119612e-03,1.91531507e-02,1.45167072e+02,2.53113010e-02,-1.28448689e-03,2.50072862e+01,4.48682164e-05,-5.41705925e-04,6.25311000e-02,1.58486341e-03,1.91670030e-02,-2.82680818e-03,3.06332709e-04,-1.38523275e-05
7.54000000e+02,1.70191850e+02,2.57843622e-02,-3.72767358e-04,5.96845797e-02,1.60877405e-03,1.92961770e-02,1.45176130e+02,2.58334819e-02,-1.72032492e-04,2.50157203e+01,-4.91196789e-05,-2.00734866e-04,6.25034449e-02,1.36822050e-03,1.93685533e-02,-2.81886523e-03,2.40553545e-04,-7.23762537e-05
7.55000000e+02,1.70200063e+02,2.57663167e-02,-4.43292012e-03,5.96180849e-02,2.95260797e-03,1.95130703e-02,1.45176901e+02,2.57514403e-02,-3.84767504e-03,2.50231613e+01,1.48764150e-05,-5.85245080e-04,6.24335207e-02,2.62348993e-03,1.95431504e-02,-2.81543583e-03,3.29118038e-04,-3.00800738e-05
7.56000000e+02,1.70216708e+02,2.47566186e-02,-2.65685087e-03,5.96219026e-02,3.40961215e-03,1.90033711e-02,1.45185243e+02,2.48152649e-02,-2.48870861e-03,2.50314646e+01,-5.86462917e-05,-1.68142261e-04,6.24288541e-02,3.17127242e-03,1.90844466e-02,-2.80695149e-03,2.38339723e-04,-8.10755065e-05
7.57000000e+02,1.70223929e+02,2.62325937e-02,-4.50564661e-03,5.95852657e-02,3.79259057e-03,1.97984236e-02,1.45185036e+02,2.61937330e-02,-3.97789783e-03,2.50388935e+01,3.88606269e-05,-5.27748785e-04,6.23888218e-02,3.49889917e-03,1.98219276e-02,-2.80355613e-03,2.93691395e-04,-2.35040295e-05
7.58000000e+02,1.70241662e+02,2.68520275e-02,-2.60492274e-03,5.95367724e-02,3.09225688e-03,2.01546491e-02,1.45194550e+02,2.69167013e-02,-2.44482949e-03,2.50471117e+01,-6.46738456e-05,-1.60093248e-04,6.23333709e-02,2.87908915e-03,2.02372807e-02,-2.79659849e-03,2.13167733e-04,-8.26315971e-05
7.59000000e+02,1.70249854e+02,2.69034472e-02,-5.65279098e-03,5.94265192e-02,3.73907322e-03,2.03268545e-02,1.45195377e+02,2.68975757e-02,-5.10580052e-03,2.50544767e+01,5.87155860e-06,-5.46990463e-04,6.22201348e-02,3.43560055e-03,2.03677986e-02,-2.79361552e-03,3.03472666e-04,-4.09441537e-05
7.60000000e+02,1.70266815e+02,2.55495696e-02,-2.99483204e-03,5.94199142e-02,3.64714273e-03,1.94487727e-02,1.45204161e+02,2.56220170e-02,-2.84524198e-03,2.50626536e+01,-7.24474468e-05,-1.49590065e-04,6.22052375e-02,3.42166413e-03,1.95401274e-02,-2.78532322e-03,2.25478596e-04,-9.13546586e-05
7.61000000e+02,1.70273878e+02,2.66828938e-02,-5.19621371e-03,5.93656500e-02,4.26616272e-03,2.00889018e-02,1.45204042e+02,2.66599278e-02,-4.66260494e-03,2.50698361e+01,2.29660381e-05,-5.33608776e-04,6.21469207e-02,3.96745998e-03,2.01222977e-02,-2.78127070e-03,2.98702740e-04,-3.33959455e-05
7.62000000e+02,1.70291558e+02,2.68602905e-02,-3.64685645e-03,5.93105049e-02,3.76114488e-03,2.01433838e-02,1.45213635e+02,2.69434387e-02,-3.46486091e-03,2.50779227e+01,-8.31481893e-05,-1.81995536e-04,6.20847749e-02,3.53661463e-03,2.02405692e-02,-2.77427003e-03,2.24530247e-04,-9.71854613e-05
7.63000000e+02,1.70299852e+02,2.67226142e-02,-6.83156033e-03,5.92251694e-02,4.51683906e-03,2.02161098e-02,1.45214809e+02,2.67355127e-02,-6.28037508e-03,2.50850426e+01,-1.28984506e-05,-5.51185251e-04,6.19965335e-02,4.21083480e-03,2.02689835e-02,-2.77136416e-03,3.06004258e-04,-5.28736242e-05
7.64000000e+02,1.70316754e+02,2.46898170e-02,-4.20609093e-03,5.92612909e-02,4.44919658e-03,1.89269119e-02,1.45223715e+02,2.47690485e-02,-4.06636301e-03,2.50930389e+01,-7.92314616e-05,-1.39727924e-04,6.20231174e-02,4.23214117e-03,1.90213287e-02,-2.76182651e-03,2.17055403e-04,-9.44167808e-05
7.65000000e+02,1.70323894e+02,2.58363598e-02,-5.70122748e-03,5.92919953e-02,4.50232501e-03,1.96247833e-02,1.45223743e+02,2.58032272e-02,-5.19042507e-03,2.51001514e+01,3.31326303e-05,-5.10802413e-04,6.20489860e-02,4.21999919e-03,1.96465905e-02,-2.75699074e-03,2.82325813e-04,-2.18071740e-05
7.66000000e+02,1.70341888e+02,2.59670280e-02,-3.92190366e-03,5.93466357e-02,3.86486519e-03,1.96667706e-02,1.45233717e+02,2.60274739e-02,-3.76631094e-03,2.51081714e+01,-6.04458253e-05,-1.55592711e-04,6.20961275e-02,3.65539687e-03,1.97494333e-02,-2.74949187e-03,2.09468324e-04,-8.26626942e-05
7.67000000e+02,1.70350388e+02,2.67602333e-02,-7.28478149e-03,5.93448916e-02,4.86008000e-03,2.02359305e-02,1.45235178e+02,2.67536706e-02,-6.74820319e-03,2.51152109e+01,6.56268352e-06,-5.36578295e-04,6.20911764e-02,4.56385933e-03,2.02816481e-02,-2.74628475e-03,2.96220667e-04,-4.57175552e-05
7.68000000e+02,1.70367402e+02,2.55863914e-02,-4.11439676e-03,5.94994625e-02,4.41786350e-03,1.95562121e-02,1.45244305e+02,2.56680054e-02,-3.98096354e-03,2.51230966e+01,-8.16140106e-05,-1.33433225e-04,6.22373572e-02,4.20570030e-03,1.96534824e-02,-2.73789470e-03,2.12163209e-04,-9.72702185e-05
7.69000000e+02,1.70375004e+02,2.72762521e-02,-5.66877539e-03,5.95513510e-02,4.38618801e-03,2.06117689e-02,1.45244881e+02,2.72508943e-02,-5.15066498e-03,2.51301235e+01,2.53578333e-05,-5.18110412e-04,6.22863302e-02,4.10376716e-03,2.06416939e-02,-2.73497921e-03,2.82420849e-04,-2.99249102e-05
7.70000000e+02,1.70393219e+02,2.75722656e-02,-4.06801505e-03,5.96088750e-02,3.79042971e-03,2.07578576e-02,1.45255010e+02,2.76435610e-02,-3.90620447e-03,2.51382082e+01,-7.12954438e-05,-1.61810583e-04,6.23376905e-02,3.57698223e-03,2.08480641e-02,-2.72881550e-03,2.13447475e-04,-9.02064837e-05
7.71000000e+02,1.70401248e+02,2.78880562e-02,-7.34651579e-03,5.95394885e-02,4.79369704e-03,2.10751996e-02,1.45256165e+02,2.78985666e-02,-6.80002753e-03,2.51450832e+01,-1.05104140e-05,-5.46488262e-04,6.22656831e-02,4.48760733e-03,2.11285445e-02,-2.72619461e-03,3.06089708e-04,-5.33448578e-05
7.72000000e+02,1.70418302e+02,2.67682451e-02,-4.51305821e-03,5.96024213e-02,4.57056417e-03,2.04287859e-02,1.45265470e+02,2.68636020e-02,-4.36027926e-03,2.51528323e+01,-9.53569004e-05,-1.52778949e-04,6.23198903e-02,4.34371854e-03,2.05351194e-02,-2.71746896e-03,2.26845632e-04,-1.06333445e-04
7.73000000e+02,1.70425996e+02,2.80127449e-02,-5.63756781e-03,5.95973326e-02,4.33500534e-03,2.12198054e-02,1.45266150e+02,2.80063052e-02,-5.11480797e-03,2.51598462e+01,6.43977011e-06,-5.22759850e-04,6.23118733e-02,4.04290860e-03,2.12640338e-02,-2.71454068e-03,2.92096744e-04,-4.42283698e-05
7.74000000e+02,1.70444455e+02,2.82437129e-02,-3.77280416e-03,5.96343557e-02,3.69345458e-03,2.12476034e-02,1.45276572e+02,2.83243856e-02,-3.60311955e-03,2.51678838e+01,-8.06726524e-05,-1.69684609e-04,6.23424837e-02,3.46955738e-03,2.13459670e-02,-2.70812798e-03,2.23897206e-04,-9.83635541e-05
7.75000000e+02,1.70452798e+02,2.86169537e-02,-6.80708142e-03,5.95326993e-02,4.49156045e-03,2.14895881e-02,1.45278177e+02,2.86266656e-02,-6.23866525e-03,2.51746213e+01,-9.71193723e-06,-5.68416175e-04,6.22379721e-02,4.17144524e-03,2.15466725e-02,-2.70527285e-03,3.20115204e-04,-5.70843778e-05
7.76000000e+02,1.70469956e+02,2.69789498e-02,-4.01594599e-03,5.95584095e-02,4.28970901e-03,2.04619211e-02,1.45287805e+02,2.70844879e-02,-3.84285978e-03,2.51821516e+01,-1.05538089e-04,-1.73086211e-04,6.22547974e-02,4.04973259e-03,2.05776692e-02,-2.69638791e-03,2.39976420e-04,-1.15748071e-04
7.77000000e+02,1.70477231e+02,2.80525059e-02,-5.11326625e-03,5.95448723e-02,4.04945322e-03,2.11380636e-02,1.45288339e+02,2.80565871e-02,-4.57128888e-03,2.51888917e+01,-4.08119801e-06,-5.41977376e-04,6.22370864e-02,3.74474759e-03,2.11885336e-02,-2.69221409e-03,3.04705630e-04,-5.04699633e-05
7.78000000e+02,1.70495404e+02,2.86079315e-02,-3.27633626e-03,5.96390634e-02,3.36020279e-03,2.14014299e-02,1.45298796e+02,2.86921974e-02,-3.08737437e-03,2.51966080e+01,-8.42659082e-05,-1.88961887e-04,6.23235685e-02,3.12543489e-03,2.15035890e-02,-2.68450512e-03,2.34767904e-04,-1.02159100e-04
7.79000000e+02,1.70504005e+02,2.86791097e-02,-6.05891518e-03,5.95929907e-02,4.00326007e-03,2.15289284e-02,1.45300702e+02,2.87000059e-02,-5.48266785e-03,2.52033027e+01,-2.08961945e-05,-5.76247332e-04,6.22745037e-02,3.67580996e-03,2.15906518e-02,-2.68151296e-03,3.27450107e-04,-6.17233328e-05
7.80000000e+02,1.70520934e+02,2.70069624e-02,-3.10726735e-03,5.96784923e-02,3.71331177e-03,2.06626453e-02,1.45309986e+02,2.71292325e-02,-2.93056316e-03,2.52109478e+01,-1.22270135e-04,-1.76704186e-04,6.23510975e-02,3.46834643e-03,2.07805982e-02,-2.67260515e-03,2.44965338e-04,-1.17952892e-04
7.81000000e+02,1.70528197e+02,2.78763585e-02,-4.20264467e-03,5.96692954e-02,3.52583121e-03,2.11374066e-02,1.45310563e+02,2.78926908e-02,-3.65184473e-03,2.52176337e+01,-1.63323557e-05,-5.50799944e-04,6.23371806e-02,3.21465128e-03,2.11997740e-02,-2.66788520e-03,3.11179930e-04,-6.23673823e-05
7.82000000e+02,1.70546173e+02,2.77375272e-02,-2.47880113e-03,5.97219838e-02,2.93395515e-03,2.08727896e-02,1.45320990e+02,2.78508414e-02,-2.28334485e-03,2.52251834e+01,-1.13314200e-04,-1.95456280e-04,6.23825270e-02,2.69656554e-03,2.09975437e-02,-2.66054313e-03,2.37389612e-04,-1.24754147e-04
7.83000000e+02,1.70554718e+02,2.72935294e-02,-5.47056043e-03,5.97278657e-02,3.65476988e-03,2.07068025e-02,1.45322979e+02,2.73475750e-02,-4.88676878e-03,2.52317390e+01,-5.40455946e-05,-5.83791654e-04,6.23860099e-02,3.32484201e-03,2.07906706e-02,-2.65814421e-03,3.29927870e-04,-8.38680848e-05
7.84000000e+02,1.70572074e+02,2.54199991e-02,-2.98576593e-03,5.98537106e-02,3.63087755e-03,1.95595893e-02,1.45332933e+02,2.55526937e-02,-2.78702653e-03,2.52391414e+01,-1.32694599e-04,-1.98739395e-04,6.25035804e-02,3.37406426e-03,1.96929053e-02,-2.64986978e-03,2.56813286e-04,-1.33316005e-04
7.85000000e+02,1.70579471e+02,2.60410595e-02,-4.59043721e-03,5.99125275e-02,3.75517337e-03,1.97880074e-02,1.45333808e+02,2.60629341e-02,-4.01698806e-03,2.52456630e+01,-2.18745321e-05,-5.73449141e-04,6.25590528e-02,3.43153713e-03,1.98545219e-02,-2.64652529e-03,3.23636240e-04,-6.65144199e-05
7.86000000e+02,1.70597407e+02,2.61618925e-02,-3.18104568e-03,6.00162573e-02,3.50298240e-03,1.96774887e-02,1.45344341e+02,2.62648954e-02,-2.97100382e-03,2.52530667e+01,-1.03002826e-04,-2.10041868e-04,6.26558817e-02,3.25555649e-03,1.97906424e-02,-2.63962438e-03,2.47425911e-04,-1.13153731e-04
7.87000000e+02,1.70605927e+02,2.62521443e-02,-6.51762022e-03,6.00253623e-02,4.43392476e-03,1.99905171e-02,1.45346429e+02,2.62805437e-02,-5.91903786e-03,2.52594978e+01,-2.83994058e-05,-5.98582364e-04,6.26622954e-02,4.09744593e-03,2.00520749e-02,-2.63693311e-03,3.36478833e-04,-6.15578937e-05
7.88000000e+02,1.70623177e+02,2.51194757e-02,-3.84909285e-03,6.01599645e-02,4.21510982e-03,1.94496092e-02,1.45356362e+02,2.52311885e-02,-3.64454712e-03,2.52668158e+01,-1.11712714e-04,-2.04545734e-04,6.27889568e-02,3.95988362e-03,1.95648416e-02,-2.62899227e-03,2.55226206e-04,-1.15232356e-04
7.89000000e+02,1.70630620e+02,2.61720978e-02,-5.39337865e-03,6.02217834e-02,4.33867872e-03,1.99568323e-02,1.45357410e+02,2.61793919e-02,-4.82916457e-03,2.52732096e+01,-7.29406103e-06,-5.64214073e-04,6.28474507e-02,4.01903898e-03,2.00107633e-02,-2.62566729e-03,3.19639744e-04,-5.39310412e-05
7.90000000e+02,1.70648499e+02,2.63897620e-02,-3.40261753e-03,6.03419082e-02,3.61610595e-03,1.98318568e-02,1.45367988e+02,2.64805430e-02,-3.20226392e-03,2.52805114e+01,-9.07809732e-05,-2.00353605e-04,6.29608509e-02,3.37684040e-03,1.99401779e-02,-2.61894266e-03,2.39265549e-04,-1.08321022e-04
7.91000000e+02,1.70656727e+02,2.60858845e-02,-6.65137433e-03,6.03221275e-02,4.49654464e-03,1.97496529e-02,1.45369980e+02,2.61131123e-02,-6.07185179e-03,2.52867464e+01,-2.72277554e-05,-5.79522534e-04,6.29390444e-02,4.17596534e-03,1.98141603e-02,-2.61691690e-03,3.20579304e-04,-6.45073990e-05
7.92000000e+02,1.70673435e+02,2.49787565e-02,-3.81096258e-03,6.03956681e-02,4.25665161e-03,1.92291588e-02,1.45379638e+02,2.50995888e-02,-3.62554633e-03,2.52937974e+01,-1.20832276e-04,-1.85416244e-04,6.30057726e-02,4.01164867e-03,1.93500433e-02,-2.61010448e-03,2.45002945e-04,-1.20884522e-04
7.93000000e+02,1.70680392e+02,2.64816156e-02,-5.25130322e-03,6.03914421e-02,4.19906622e-03,2.01392348e-02,1.45380427e+02,2.64959882e-02,-4.67748401e-03,2.52999645e+01,-1.43725603e-05,-5.73819210e-04,6.29987504e-02,3.87873115e-03,2.01977215e-02,-2.60730833e-03,3.20335070e-04,-5.84867019e-05
7.94000000e+02,1.70698241e+02,2.70145342e-02,-3.86976702e-03,6.04240462e-02,3.77753862e-03,2.04118147e-02,1.45391086e+02,2.71123916e-02,-3.64980010e-03,2.53071546e+01,-9.78573942e-05,-2.19966915e-04,6.30254556e-02,3.53126871e-03,2.05185254e-02,-2.60140940e-03,2.46269905e-04,-1.06710782e-04
7.95000000e+02,1.70706783e+02,2.73069348e-02,-7.82459403e-03,6.03187073e-02,5.14252091e-03,2.08789096e-02,1.45393462e+02,2.73325721e-02,-7.23480968e-03,2.53133210e+01,-2.56373477e-05,-5.89784343e-04,6.29182739e-02,4.81598259e-03,2.09378566e-02,-2.59956655e-03,3.26538325e-04,-5.89470029e-05
7.96000000e+02,1.70723828e+02,2.64042369e-02,-5.02245405e-03,6.02710468e-02,4.96337384e-03,2.04339757e-02,1.45403483e+02,2.65138506e-02,-4.85777901e-03,2.53203451e+01,-1.09613711e-04,-1.64675039e-04,6.28631934e-02,4.73152536e-03,2.05528571e-02,-2.59214661e-03,2.31848481e-04,-1.18881458e-04
7.97000000e+02,1.70730897e+02,2.78998680e-02,-5.73344326e-03,6.01413960e-02,4.50028943e-03,2.12431490e-02,1.45404459e+02,2.79118335e-02,-5.20611923e-03,2.53264384e+01,-1.19655183e-05,-5.27324032e-04,6.27298839e-02,4.20852009e-03,2.13090850e-02,-2.58848786e-03,2.91769335e-04,-6.59359830e-05
7.98000000e+02,1.70748679e+02,2.81826604e-02,-3.67021277e-03,6.00465158e-02,3.67410404e-03,2.12750030e-02,1.45415217e+02,2.83056859e-02,-3.48055903e-03,2.53334620e+01,-1.23025558e-04,-1.89653748e-04,6.26276135e-02,3.44590950e-03,2.14039772e-02,-2.58109763e-03,2.28194543e-04,-1.28974200e-04
7.99000000e+02,1.70756849e+02,2.77500647e-02,-7.16778625e-03,5.99040419e-02,4.71777931e-03,2.11208776e-02,1.45417348e+02,2.78032657e-02,-6.57522201e-03,2.53395011e+01,-5.32010171e-05,-5.92564242e-04,6.24811550e-02,4.38723479e-03,2.12059102e-02,-2.57711310e-03,3.30544521e-04,-8.50325570e-05
8.00000000e+02,1.70773218e+02,2.65547213e-02,-5.14977683e-03,5.98263455e-02,4.99157514e-03,2.04476705e-02,1.45427192e+02,2.66883047e-02,-4.94624387e-03,2.53460263e+01,-1.33583390e-04,-2.03532962e-04,6.23951041e-02,4.73699012e-03,2.05848448e-02,-2.56875870e-03,2.54585017e-04,-1.37174342e-04
8.01000000e+02,1.70780051e+02,2.78686185e-02,-7.24200885e-03,5.96495081e-02,5.33096940e-03,2.11999097e-02,1.45428083e+02,2.79089192e-02,-6.67520470e-03,2.53519676e+01,-4.03006984e-05,-5.66804146e-04,6.22132785e-02,5.01765334e-03,2.12817040e-02,-2.56377045e-03,3.13316060e-04,-8.17943556e-05
8.02000000e+02,1.70797493e+02,2.80002499e-02,-5.34132267e-03,5.95844976e-02,4.52304068e-03,2.11467744e-02,1.45438652e+02,2.81353728e-02,-5.14254643e-03,2.53588410e+01,-1.35122926e-04,-1.98776238e-04,6.21398768e-02,4.28802649e-03,2.12871601e-02,-2.55537927e-03,2.35014191e-04,-1.40385650e-04
8.03000000e+02,1.70805738e+02,2.81050665e-02,-8.39807466e-03,5.94331704e-02,5.36886697e-03,2.13063849e-02,1.45440975e+02,2.81539855e-02,-7.81860335e-03,2.53647634e+01,-4.89190493e-05,-5.79471309e-04,6.19847466e-02,5.04319976e-03,2.13937104e-02,-2.55157619e-03,3.25667209e-04,-8.73254999e-05
8.04000000e+02,1.70822603e+02,2.69319382e-02,-5.70231647e-03,5.93830019e-02,5.29848817e-03,2.06778009e-02,1.45451097e+02,2.70589675e-02,-5.51820851e-03,2.53715059e+01,-1.27029224e-04,-1.84107957e-04,6.19255007e-02,5.04981209e-03,2.08089720e-02,-2.54249876e-03,2.48676088e-04,-1.31171107e-04
8.05000000e+02,1.70829437e+02,2.84412836e-02,-7.16481084e-03,5.92624534e-02,5.21312876e-03,2.15189020e-02,1.45452082e+02,2.84629119e-02,-6.60541734e-03,2.53773543e+01,-2.16282609e-05,-5.59393499e-04,6.17998965e-02,4.90177922e-03,2.15857355e-02,-2.53744309e-03,3.11349546e-04,-6.68335249e-05
8.06000000e+02,1.70847028e+02,2.91746571e-02,-5.24469987e-03,5.92092227e-02,4.40095614e-03,2.18292697e-02,1.45462944e+02,2.92907500e-02,-5.05476107e-03,2.53840837e+01,-1.16092924e-04,-1.89938807e-04,6.17379965e-02,4.16998081e-03,2.19602971e-02,-2.52877380e-03,2.30975329e-04,-1.31027370e-04
8.07000000e+02,1.70855194e+02,2.95344216e-02,-7.87895505e-03,5.90729395e-02,4.97347113e-03,2.22190934e-02,1.45465348e+02,2.95983445e-02,-7.31277097e-03,2.53898462e+01,-6.39229473e-05,-5.66184081e-04,6.15961958e-02,4.65828964e-03,2.23131331e-02,-2.52325629e-03,3.15181491e-04,-9.40397601e-05
8.08000000e+02,1.70871799e+02,2.84648796e-02,-4.24902135e-03,5.90958405e-02,4.27986654e-03,2.15607216e-02,1.45475345e+02,2.86137980e-02,-4.08445184e-03,2.53964539e+01,-1.48918330e-04,-1.64569510e-04,6.16086900e-02,4.04635217e-03,2.17086275e-02,-2.51284953e-03,2.33514370e-04,-1.47905870e-04
8.09000000e+02,1.70878394e+02,2.94401450e-02,-5.32285484e-03,5.89965198e-02,3.91314328e-03,2.20044481e-02,1.45476228e+02,2.94875446e-02,-4.77659342e-03,2.54021663e+01,-4.73996199e-05,-5.46261421e-04,6.15041311e-02,3.61036372e-03,2.20916906e-02,-2.50761125e-03,3.02779556e-04,-8.72425362e-05
8.10000000e+02,1.70895462e+02,2.94115375e-02,-3.27230121e-03,5.89751798e-02,3.00661165e-03,2.19594448e-02,1.45486702e+02,2.95634637e-02,-3.07046271e-03,2.54087603e+01,-1.51926215e-04,-2.01838494e-04,6.14747148e-02,2.76870961e-03,2.21050189e-02,-2.49953499e-03,2.37902039e-04,-1.45574177e-04
8.11000000e+02,1.70903110e+02,2.88237493e-02,-5.99156533e-03,5.88727877e-02,3.72734474e-03,2.16883678e-02,1.45488740e+02,2.89053940e-02,-5.40197702e-03,2.54143701e+01,-8.16446315e-05,-5.89588315e-04,6.13677991e-02,3.39382796e-03,2.17912706e-02,-2.49501139e-03,3.33516779e-04,-1.02902809e-04
8.12000000e+02,1.70919297e+02,2.69824929e-02,-2.50738832e-03,5.88843712e-02,3.16763529e-03,2.07226561e-02,1.45498381e+02,2.71561388e-02,-2.30584630e-03,2.54209164e+01,-1.73645871e-04,-2.01542015e-04,6.13695016e-02,2.91059726e-03,2.08807549e-02,-2.48513034e-03,2.57038029e-04,-1.58098870e-04
8.13000000e+02,1.70925716e+02,2.79817581e-02,-3.88199395e-03,5.88162392e-02,3.09741133e-03,2.12996162e-02,1.45499245e+02,2.80370971e-02,-3.30045182e-03,2.54264702e+01,-5.53390096e-05,-5.81542123e-04,6.12959640e-02,2.76783432e-03,2.13845328e-02,-2.47972471e-03,3.29577009e-04,-8.49165890e-05
8.14000000e+02,1.70942861e+02,2.81612868e-02,-2.13332442e-03,5.88162553e-02,2.45668461e-03,2.12528656e-02,1.45509927e+02,2.82887172e-02,-1.90345496e-03,2.54329341e+01,-1.27430427e-04,-2.29869459e-04,6.12878382e-02,2.19633659e-03,2.13845167e-02,-2.47158290e-03,2.60348024e-04,-1.31651124e-04
8.15000000e+02,1.70950699e+02,2.79597141e-02,-5.08218203e-03,5.87780794e-02,3.25028870e-03,2.11924549e-02,1.45512282e+02,2.80131408e-02,-4.45531798e-03,2.54384173e+01,-5.34267217e-05,-6.26864054e-04,6.12451616e-02,2.89346508e-03,2.12780377e-02,-2.46708223e-03,3.56823618e-04,-8.55827608e-05
8.16000000e+02,1.70966556e+02,2.64543757e-02,-2.68133114e-03,5.88435798e-02,3.37753167e-03,2.03006671e-02,1.45522179e+02,2.65928501e-02,-2.44092312e-03,2.54443769e+01,-1.38474394e-04,-2.40408021e-04,6.13014609e-02,3.09832911e-03,2.04396484e-02,-2.45788110e-03,2.79202558e-04,-1.38981337e-04
8.17000000e+02,1.70972921e+02,2.75022600e-02,-4.36889018e-03,5.88527003e-02,3.48317689e-03,2.08538200e-02,1.45523115e+02,2.75343479e-02,-3.76425649e-03,2.54498068e+01,-3.20878846e-05,-6.04633692e-04,6.13053133e-02,3.14207669e-03,2.09276943e-02,-2.45261300e-03,3.41100198e-04,-7.38743682e-05
8.18000000e+02,1.70989907e+02,2.77383201e-02,-2.88724906e-03,5.89734457e-02,3.00092881e-03,2.09061001e-02,1.45533844e+02,2.78585652e-02,-2.63911582e-03,2.54560625e+01,-1.20245157e-04,-2.48133245e-04,6.14185277e-02,2.72871312e-03,2.10351500e-02,-2.44508196e-03,2.72215689e-04,-1.29049878e-04
8.19000000e+02,1.70997297e+02,2.75445876e-02,-6.30599534e-03,5.90354979e-02,4.12035578e-03,2.09494006e-02,1.45536027e+02,2.76040029e-02,-5.66854097e-03,2.54612702e+01,-5.94153937e-05,-6.37454373e-04,6.14770298e-02,3.75487660e-03,2.10386085e-02,-2.44153188e-03,3.65479179e-04,-8.92078896e-05
8.20000000e+02,1.71013417e+02,2.60009508e-02,-4.40426352e-03,5.92440262e-02,4.57540007e-03,2.01272681e-02,1.45545978e+02,2.61503294e-02,-4.15238250e-03,2.54674382e+01,-1.49378612e-04,-2.51881022e-04,6.16770010e-02,4.28754938e-03,2.02714190e-02,-2.43297478e-03,2.87850688e-04,-1.44150903e-04
8.21000000e+02,1.71019780e+02,2.75172515e-02,-6.90529003e-03,5.93558941e-02,5.32914705e-03,2.09206466e-02,1.45546985e+02,2.75451083e-02,-6.29016715e-03,2.54727959e+01,-2.78567502e-05,-6.15122879e-04,6.17847211e-02,4.98137017e-03,2.09961338e-02,-2.42882695e-03,3.47776885e-04,-7.54872400e-05
8.22000000e+02,1.71036728e+02,2.80735452e-02,-5.81730857e-03,5.95234643e-02,5.12071047e-03,2.11801531e-02,1.45557707e+02,2.81945788e-02,-5.57931686e-03,2.54790212e+01,-1.21033605e-04,-2.37991707e-04,6.19459030e-02,4.85677298e-03,2.13112681e-02,-2.42243873e-03,2.63937490e-04,-1.31115013e-04
8.23000000e+02,1.71044171e+02,2.79438780e-02,-9.16674768e-03,5.95710988e-02,6.01285621e-03,2.13813501e-02,1.45559909e+02,2.79994642e-02,-8.56045387e-03,2.54842624e+01,-5.55862492e-05,-6.06293802e-04,6.19909440e-02,5.67495729e-03,2.14670312e-02,-2.41984517e-03,3.37898920e-04,-8.56811161e-05
8.24000000e+02,1.71060200e+02,2.66546716e-02,-6.43387414e-03,5.97164945e-02,5.90009128e-03,2.07588738e-02,1.45569887e+02,2.67918540e-02,-6.23748036e-03,2.54903129e+01,-1.37182325e-04,-1.96393776e-04,6.21287360e-02,5.65318514e-03,2.08984972e-02,-2.41224152e-03,2.46906140e-04,-1.39623363e-04
8.25000000e+02,1.71066039e+02,2.80393005e-02,-7.58734184e-03,5.97971792e-02,5.65673535e-03,2.14489020e-02,1.45570636e+02,2.80670837e-02,-7.01906644e-03,2.54954032e+01,-2.77832394e-05,-5.68275398e-04,6.22059305e-02,5.34602597e-03,2.15263315e-02,-2.40875124e-03,3.10709384e-04,-7.74294801e-05
8.26000000e+02,1.71082553e+02,2.84490778e-02,-5.39487118e-03,5.99335546e-02,4.70489711e-03,2.15718031e-02,1.45581060e+02,2.85712740e-02,-5.18806516e-03,2.55014926e+01,-1.22196249e-04,-2.06806025e-04,6.23363527e-02,4.46682681e-03,2.17055225e-02,-2.40279813e-03,2.38070292e-04,-1.33719452e-04
8.27000000e+02,1.71089675e+02,2.86236468e-02,-8.21126156e-03,5.99355249e-02,5.21128181e-03,2.19662510e-02,1.45583054e+02,2.86749526e-02,-7.62225392e-03,2.55066212e+01,-5.13057258e-05,-5.89007641e-04,6.23358839e-02,4.88586919e-03,2.20537877e-02,-2.40035901e-03,3.25412623e-04,-8.75366708e-05
8.28000000e+02,1.71105082e+02,2.73347504e-02,-4.90082648e-03,6.00552649e-02,4.64114158e-03,2.13492918e-02,1.45592494e+02,2.74726766e-02,-4.70881672e-03,2.55125874e+01,-1.37926181e-04,-1.92009757e-04,6.24481430e-02,4.39471517e-03,2.14943671e-02,-2.39287807e-03,2.46426404e-04,-1.45075391e-04
8.29000000e+02,1.71110742e+02,2.88036287e-02,-6.07023106e-03,6.00572425e-02,4.61106509e-03,2.20201240e-02,1.45593092e+02,2.88370283e-02,-5.50507715e-03,2.55176500e+01,-3.33996884e-05,-5.65153916e-04,6.24463656e-02,4.29610882e-03,2.21038720e-02,-2.38912315e-03,3.14956273e-04,-8.37479522e-05
8.30000000e+02,1.71127138e+02,2.89293582e-02,-4.17866908e-03,6.01089021e-02,3.92924334e-03,2.18582238e-02,1.45603512e+02,2.90658754e-02,-3.95575847e-03,2.55236265e+01,-1.36517139e-04,-2.22910609e-04,6.24916728e-02,3.67982752e-03,2.20028502e-02,-2.38277072e-03,2.49415814e-04,-1.44626463e-04
8.31000000e+02,1.71134008e+02,2.87079183e-02,-7.88292811e-03,6.00700611e-02,4.97864328e-03,2.19489089e-02,1.45605418e+02,2.87814429e-02,-7.26188254e-03,2.55285902e+01,-7.35246286e-05,-6.21045565e-04,6.24496003e-02,4.63207580e-03,2.20517423e-02,-2.37953916e-03,3.46567476e-04,-1.02833427e-04
8.32000000e+02,1.71149533e+02,2.71788580e-02,-6.00387572e-03,6.01206472e-02,5.28262887e-03,2.11868528e-02,1.45615116e+02,2.73331899e-02,-5.76924667e-03,2.55344177e+01,-1.54331873e-04,-2.34629055e-04,6.24921128e-02,5.00835677e-03,2.13424086e-02,-2.37146566e-03,2.74272100e-04,-1.55555839e-04
8.33000000e+02,1.71155136e+02,2.88260067e-02,-8.24192426e-03,6.00495952e-02,5.96228877e-03,2.20433388e-02,1.45615804e+02,2.88764231e-02,-7.64768636e-03,2.55393320e+01,-5.04163764e-05,-5.94237898e-04,6.24172319e-02,5.62624267e-03,2.21378478e-02,-2.36763664e-03,3.36046106e-04,-9.45089879e-05
8.34000000e+02,1.71171269e+02,2.85646141e-02,-6.75524830e-03,6.00351826e-02,5.63439146e-03,2.16423591e-02,1.45626113e+02,2.87264375e-02,-6.52362254e-03,2.55451558e+01,-1.61823394e-04,-2.31625761e-04,6.23963345e-02,5.37624890e-03,2.18012186e-02,-2.36115188e-03,2.58142563e-04,-1.58859558e-04
8.35000000e+02,1.71178226e+02,2.82176445e-02,-1.02689550e-02,5.99164018e-02,6.62981956e-03,2.16020650e-02,1.45628214e+02,2.83069001e-02,-9.65437987e-03,2.55500116e+01,-8.92555811e-05,-6.14575151e-04,6.22740396e-02,6.28713056e-03,2.17151813e-02,-2.35763778e-03,3.42689002e-04,-1.13116267e-04
8.36000000e+02,1.71193826e+02,2.64203123e-02,-7.99476886e-03,5.99306297e-02,6.71647162e-03,2.06041074e-02,1.45638090e+02,2.65889417e-02,-7.78236829e-03,2.55557365e+01,-1.68629451e-04,-2.12400572e-04,6.22797536e-02,6.45549155e-03,2.07696859e-02,-2.34912390e-03,2.60980073e-04,-1.65578504e-04
8.37000000e+02,1.71199295e+02,2.80856687e-02,-9.14330562e-03,5.98630327e-02,6.67468319e-03,2.15347120e-02,1.45638764e+02,2.81446206e-02,-8.57111487e-03,2.55605314e+01,-5.89518853e-05,-5.72190755e-04,6.22070644e-02,6.35257584e-03,2.16323645e-02,-2.34403166e-03,3.22107343e-04,-9.76524379e-05
8.38000000e+02,1.71215385e+02,2.87088876e-02,-6.63520379e-03,5.99047724e-02,5.65170040e-03,2.17984853e-02,1.45649126e+02,2.88603644e-02,-6.41863824e-03,2.55662589e+01,-1.51476849e-04,-2.16565542e-04,6.22406139e-02,5.40251341e-03,2.19492162e-02,-2.33584153e-03,2.49186991e-04,-1.50730897e-04
8.39000000e+02,1.71222010e+02,2.92205231e-02,-9.92926520e-03,5.98127681e-02,6.58873175e-03,2.23052461e-02,1.45651094e+02,2.92949815e-02,-9.32219157e-03,2.55709157e+01,-7.44584463e-05,-6.07073630e-04,6.21448293e-02,6.24855571e-03,2.24084842e-02,-2.33206120e-03,3.40176045e-04,-1.03238154e-04
8.40000000e+02,1.71237269e+02,2.79970284e-02,-7.04226358e-03,5.98626651e-02,6.24906672e-03,2.17100973e-02,1.45660820e+02,2.81591629e-02,-6.82159825e-03,2.55764497e+01,-1.62134473e-04,-2.20665325e-04,6.21864640e-02,5.98372670e-03,2.18693361e-02,-2.32379884e-03,2.65340026e-04,-1.59238807e-04
8.41000000e+02,1.71242388e+02,2.94107346e-02,-7.58445936e-03,5.98245623e-02,5.62679899e-03,2.25049466e-02,1.45661265e+02,2.94707355e-02,-6.99607511e-03,2.55811232e+01,-6.00009693e-05,-5.88384248e-04,6.21439588e-02,5.29758520e-03,2.26031718e-02,-2.31939646e-03,3.29213788e-04,-9.82251224e-05
8.42000000e+02,1.71257868e+02,3.00265579e-02,-5.03480694e-03,5.98347446e-02,4.52465769e-03,2.27014381e-02,1.45671236e+02,3.01819262e-02,-4.79859261e-03,2.55866322e+01,-1.55368269e-04,-2.36214322e-04,6.21471675e-02,4.26455089e-03,2.28604834e-02,-2.31242291e-03,2.60106806e-04,-1.59045374e-04
8.43000000e+02,1.71264169e+02,3.04399409e-02,-7.83910055e-03,5.97169401e-02,5.06320719e-03,2.31191165e-02,1.45672959e+02,3.05298795e-02,-7.20904330e-03,2.55912097e+01,-8.99386644e-05,-6.30057254e-04,6.20260419e-02,4.70933960e-03,2.32355519e-02,-2.30910181e-03,3.53867598e-04,-1.16435403e-04
8.44000000e+02,1.71279062e+02,2.86815705e-02,-4.72257940e-03,5.97368858e-02,4.68709476e-03,2.21484551e-02,1.45682371e+02,2.88653798e-02,-4.48572488e-03,2.55966914e+01,-1.83809315e-04,-2.36854524e-04,6.20378133e-02,4.40635580e-03,2.23230448e-02,-2.30092745e-03,2.80738961e-04,-1.74589708e-04
8.45000000e+02,1.71283990e+02,2.94696229e-02,-5.66070425e-03,5.96593141e-02,4.43854342e-03,2.25280785e-02,1.45682716e+02,2.95474297e-02,-5.04607755e-03,2.56012741e+01,-7.78068522e-05,-6.14626701e-04,6.19561888e-02,4.08696562e-03,2.26426846e-02,-2.29687465e-03,3.51577797e-04,-1.14606106e-04
8.46000000e+02,1.71299597e+02,2.90716986e-02,-2.95516447e-03,5.96354465e-02,3.24798433e-03,2.20813152e-02,1.45692924e+02,2.92527965e-02,-2.68213864e-03,2.56066726e+01,-1.81097912e-04,-2.73025829e-04,6.19254364e-02,2.95936119e-03,2.22573811e-02,-2.28998989e-03,2.88623138e-04,-1.76065956e-04
8.47000000e+02,1.71305748e+02,2.91904783e-02,-5.88493314e-03,5.95321647e-02,4.01295137e-03,2.20705907e-02,1.45694653e+02,2.92901669e-02,-5.21661646e-03,2.56110943e+01,-9.96885819e-05,-6.68316682e-04,6.18182663e-02,3.62842069e-03,2.21975068e-02,-2.28610160e-03,3.84530676e-04,-1.26916135e-04
8.48000000e+02,1.71320709e+02,2.78607272e-02,-3.53549698e-03,5.95993308e-02,4.02444728e-03,2.12594569e-02,1.45704319e+02,2.80417907e-02,-3.25059446e-03,2.56163901e+01,-1.81063479e-04,-2.84902520e-04,6.18764589e-02,3.71446524e-03,2.14345531e-02,-2.27712808e-03,3.09982036e-04,-1.75096215e-04
8.49000000e+02,1.71325766e+02,2.89377063e-02,-4.93103422e-03,5.95989517e-02,3.99750971e-03,2.20471271e-02,1.45704975e+02,2.90206036e-02,-4.27888183e-03,2.56207913e+01,-8.28973780e-05,-6.52152389e-04,6.18713345e-02,3.62215908e-03,2.21566634e-02,-2.27238285e-03,3.75350625e-04,-1.09536308e-04
8.50000000e+02,1.71341510e+02,2.87521245e-02,-3.01302452e-03,5.96791339e-02,3.34035876e-03,2.18017355e-02,1.45715361e+02,2.89297300e-02,-2.71220900e-03,2.56261492e+01,-1.77605521e-04,-3.00815519e-04,6.19444896e-02,3.03311928e-03,2.19729475e-02,-2.26535568e-03,3.07239483e-04,-1.71212038e-04
8.51000000e+02,1.71347902e+02,2.87122587e-02,-6.90731707e-03,5.96896388e-02,4.69666075e-03,2.18526278e-02,1.45717462e+02,2.88176036e-02,-6.21794486e-03,2.56304402e+01,-1.05344865e-04,-6.89372210e-04,6.19518399e-02,4.30046141e-03,2.19799151e-02,-2.26220106e-03,3.96199337e-04,-1.27287288e-04
8.52000000e+02,1.71362750e+02,2.70147987e-02,-4.70492298e-03,5.98090515e-02,4.86110899e-03,2.09438317e-02,1.45727099e+02,2.72146401e-02,-4.41308339e-03,2.56356510e+01,-1.99841393e-04,-2.91839590e-04,6.20638603e-02,4.54587708e-03,2.11264152e-02,-2.25480876e-03,3.15231910e-04,-1.82583545e-04
8.53000000e+02,1.71367416e+02,2.83397375e-02,-6.46392431e-03,5.98535221e-02,5.08360393e-03,2.17689666e-02,1.45727567e+02,2.84268690e-02,-5.81673263e-03,2.56398489e+01,-8.71315239e-05,-6.47191683e-04,6.21054595e-02,4.71166600e-03,2.18851834e-02,-2.25193738e-03,3.71937930e-04,-1.16216856e-04
8.54000000e+02,1.71383012e+02,2.88756608e-02,-5.36149436e-03,5.99442844e-02,4.92319024e-03,2.19792147e-02,1.45737914e+02,2.90455640e-02,-5.06944064e-03,2.56450981e+01,-1.69903130e-04,-2.92053712e-04,6.21906290e-02,4.62622227e-03,2.21508323e-02,-2.24634458e-03,2.96967966e-04,-1.71617597e-04
8.55000000e+02,1.71389512e+02,2.90966868e-02,-8.96931431e-03,5.99379239e-02,6.06540175e-03,2.22234048e-02,1.45740041e+02,2.91996513e-02,-8.30097319e-03,2.56494710e+01,-1.02964535e-04,-6.68341117e-04,6.21820015e-02,5.68770827e-03,2.23500638e-02,-2.24407764e-03,3.77693482e-04,-1.26659028e-04
8.56000000e+02,1.71404486e+02,2.83227774e-02,-6.28935483e-03,5.99749839e-02,5.92214884e-03,2.17870391e-02,1.45749881e+02,2.85127903e-02,-6.03264641e-03,2.56546045e+01,-1.90012936e-04,-2.56708428e-04,6.22122955e-02,5.63289021e-03,2.19684654e-02,-2.23731163e-03,2.89258635e-04,-1.81426342e-04
8.57000000e+02,1.71409120e+02,2.97735554e-02,-7.42019659e-03,5.99202163e-02,5.75119820e-03,2.25824022e-02,1.45750287e+02,2.98558660e-02,-6.80553302e-03,2.56588334e+01,-8.23106060e-05,-6.14663569e-04,6.21542080e-02,5.40641577e-03,2.26998157e-02,-2.23399163e-03,3.44782430e-04,-1.17413471e-04
8.58000000e+02,1.71424534e+02,3.01479703e-02,-5.45341310e-03,5.99430524e-02,4.90266020e-03,2.27814549e-02,1.45760488e+02,3.03305572e-02,-5.19297161e-03,2.56640459e+01,-1.82586896e-04,-2.60441498e-04,6.21707303e-02,4.63063085e-03,2.29566316e-02,-2.22767788e-03,2.72029357e-04,-1.75176675e-04
8.59000000e+02,1.71430613e+02,3.03351153e-02,-8.56630478e-03,5.98583713e-02,5.60445391e-03,2.30292476e-02,1.45762304e+02,3.04459310e-02,-7.92269227e-03,2.56683094e+01,-1.10815702e-04,-6.43612516e-04,6.20833886e-02,5.24615452e-03,2.31610389e-02,-2.22501734e-03,3.58299391e-04,-1.31791272e-04
8.60000000e+02,1.71445195e+02,2.87678533e-02,-5.85565036e-03,5.98032821e-02,5.44346240e-03,2.21188603e-02,1.45771820e+02,2.89783009e-02,-5.61345308e-03,2.56733750e+01,-2.10447533e-04,-2.42197278e-04,6.20205446e-02,5.16872783e-03,2.23120364e-02,-2.21726244e-03,2.74734575e-04,-1.93176095e-04
8.61000000e+02,1.71449683e+02,2.97457778e-02,-6.43277649e-03,5.97259500e-02,5.02477758e-03,2.25659709e-02,1.45772184e+02,2.98533867e-02,-5.84297169e-03,2.56774990e+01,-1.07608877e-04,-5.89804804e-04,6.19385587e-02,4.69181925e-03,2.26982274e-02,-2.21260873e-03,3.32958328e-04,-1.32256500e-04
8.62000000e+02,1.71464569e+02,2.98607615e-02,-4.21335621e-03,5.96972794e-02,4.09217796e-03,2.25681186e-02,1.45782019e+02,3.00650931e-02,-3.96145799e-03,2.56825500e+01,-2.04331631e-04,-2.51898221e-04,6.19029319e-02,3.82311973e-03,2.27582822e-02,-2.20565250e-03,2.69058230e-04,-1.90163552e-04
8.63000000e+02,1.71470200e+02,2.98612192e-02,-7.77708558e-03,5.95680436e-02,5.07525750e-03,2.27643820e-02,1.45783582e+02,3.00005749e-02,-7.12442820e-03,2.56866176e+01,-1.39355644e-04,-6.52657383e-04,6.17707016e-02,4.71437484e-03,2.29110278e-02,-2.20265802e-03,3.60882660e-04,-1.46645793e-04
8.64000000e+02,1.71484373e+02,2.79727356e-02,-5.34268235e-03,5.95573465e-02,5.11806660e-03,2.16069567e-02,1.45792828e+02,2.82086392e-02,-5.09538014e-03,2.56915447e+01,-2.35903600e-04,-2.47302211e-04,6.17508466e-02,4.84059792e-03,2.18151879e-02,-2.19350008e-03,2.77468676e-04,-2.08231221e-04
8.65000000e+02,1.71488522e+02,2.90433458e-02,-6.34525537e-03,5.95464569e-02,4.91584486e-03,2.21669108e-02,1.45792928e+02,2.91641381e-02,-5.73277098e-03,2.56955944e+01,-1.20792318e-04,-6.12484392e-04,6.17343407e-02,4.57555992e-03,2.23044376e-02,-2.18788389e-03,3.40284945e-04,-1.37526818e-04
8.66000000e+02,1.71503606e+02,2.93660691e-02,-4.70126950e-03,5.95704400e-02,4.30688807e-03,2.22976295e-02,1.45803044e+02,2.95661228e-02,-4.43650320e-03,2.57005616e+01,-2.00053675e-04,-2.64766298e-04,6.17516015e-02,4.03596086e-03,2.24828377e-02,-2.18116147e-03,2.70927205e-04,-1.85208204e-04
8.67000000e+02,1.71509326e+02,2.94241194e-02,-8.50014922e-03,5.94856486e-02,5.46264892e-03,2.25755463e-02,1.45804782e+02,2.95598638e-02,-7.84295990e-03,2.57045441e+01,-1.35744349e-04,-6.57189320e-04,6.16636070e-02,5.10007864e-03,2.27194308e-02,-2.17795844e-03,3.62570288e-04,-1.43884557e-04
8.68000000e+02,1.71523586e+02,2.78156247e-02,-6.66477730e-03,5.95284994e-02,5.87906755e-03,2.15803796e-02,1.45814197e+02,2.80445382e-02,-6.39541709e-03,2.57093896e+01,-2.28913495e-04,-2.69360213e-04,6.16972824e-02,5.58825014e-03,2.17850443e-02,-2.16878293e-03,2.90817411e-04,-2.04664716e-04
8.69000000e+02,1.71527838e+02,2.85272908e-02,-8.26791002e-03,5.95216236e-02,6.15689797e-03,2.17709077e-02,1.45814484e+02,2.86451521e-02,-7.64508409e-03,2.57133547e+01,-1.17861273e-04,-6.22825933e-04,6.16854771e-02,5.80859278e-03,2.19102897e-02,-2.16385343e-03,3.48305190e-04,-1.39382028e-04
8.70000000e+02,1.71542330e+02,2.84862566e-02,-6.50002816e-03,5.95396685e-02,5.51011464e-03,2.16688884e-02,1.45824189e+02,2.87011883e-02,-6.23146650e-03,2.57181411e+01,-2.14931707e-04,-2.68561660e-04,6.16972012e-02,5.23470205e-03,2.18640200e-02,-2.15753268e-03,2.75412592e-04,-1.95131562e-04
8.71000000e+02,1.71547282e+02,2.86076788e-02,-1.02232485e-02,5.94881236e-02,6.59756447e-03,2.18916000e-02,1.45825344e+02,2.87350628e-02,-9.56221094e-03,2.57219388e+01,-1.27383954e-04,-6.61037565e-04,6.16428409e-02,6.22817793e-03,2.20341633e-02,-2.15471731e-03,3.69386541e-04,-1.42563278e-04
8.72000000e+02,1.71560949e+02,2.75826242e-02,-8.33123639e-03,5.94976536e-02,7.01904467e-03,2.12967488e-02,1.45834262e+02,2.77920046e-02,-8.05816394e-03,2.57266875e+01,-2.09380386e-04,-2.73072452e-04,6.16444797e-02,6.71882431e-03,2.14898023e-02,-2.14682611e-03,3.00220361e-04,-1.93053490e-04
8.73000000e+02,1.71564534e+02,2.92403512e-02,-9.46892811e-03,5.94436646e-02,6.91460870e-03,2.22528808e-02,1.45834081e+02,2.93429521e-02,-8.83032608e-03,2.57304530e+01,-1.02600884e-04,-6.38602026e-04,6.15871428e-02,6.55135206e-03,2.23802161e-02,-2.14347822e-03,3.63256637e-04,-1.27335337e-04
8.74000000e+02,1.71578891e+02,2.99630036e-02,-7.36765879e-03,5.94521332e-02,6.10888381e-03,2.26353660e-02,1.45843660e+02,3.01613376e-02,-7.08025836e-03,2.57352314e+01,-1.98333938e-04,-2.87400436e-04,6.15889546e-02,5.81687493e-03,2.28211087e-02,-2.13682140e-03,2.92008882e-04,-1.85742643e-04
8.75000000e+02,1.71583819e+02,3.05925457e-02,-1.04467127e-02,5.93849071e-02,6.78293666e-03,2.31836228e-02,1.45844907e+02,3.07186081e-02,-9.78476524e-03,2.57389128e+01,-1.26062403e-04,-6.61947470e-04,6.15184771e-02,6.40708329e-03,2.33262192e-02,-2.13356996e-03,3.75853368e-04,-1.42596366e-04
8.76000000e+02,1.71597266e+02,2.97269554e-02,-7.47729969e-03,5.94362422e-02,6.45679371e-03,2.26509956e-02,1.45853675e+02,2.99476334e-02,-7.21797345e-03,2.57435904e+01,-2.20677998e-04,-2.59326245e-04,6.15616013e-02,6.16249543e-03,2.28530872e-02,-2.12535900e-03,2.94298277e-04,-2.02091559e-04
8.77000000e+02,1.71600548e+02,3.08969616e-02,-7.68250096e-03,5.94408263e-02,5.80722660e-03,2.33658754e-02,1.45853278e+02,3.10217249e-02,-7.05812107e-03,2.57472703e+01,-1.24763349e-04,-6.24379891e-04,6.15627578e-02,5.45041161e-03,2.35083183e-02,-2.12193149e-03,3.56814989e-04,-1.42442952e-04
8.78000000e+02,1.71614984e+02,3.09624589e-02,-4.79032391e-03,5.94414977e-02,4.44706624e-03,2.33482775e-02,1.45863021e+02,3.11884851e-02,-4.50812863e-03,2.57519630e+01,-2.26026261e-04,-2.82195271e-04,6.15577216e-02,4.15682009e-03,2.35539603e-02,-2.11622389e-03,2.90246143e-04,-2.05682734e-04
8.79000000e+02,1.71619704e+02,3.08792142e-02,-7.20617819e-03,5.93695012e-02,4.63524114e-03,2.34209209e-02,1.45864179e+02,3.10383082e-02,-6.53705906e-03,2.57555249e+01,-1.59094041e-04,-6.69119137e-04,6.14838300e-02,4.25582299e-03,2.35853334e-02,-2.11432879e-03,3.79418152e-04,-1.64412500e-04
8.80000000e+02,1.71632661e+02,2.90924522e-02,-3.92317354e-03,5.93957507e-02,4.15977060e-03,2.22171174e-02,1.45872668e+02,2.93412053e-02,-3.64639443e-03,2.57599928e+01,-2.48753118e-04,-2.76779114e-04,6.15025659e-02,3.85266849e-03,2.24385612e-02,-2.10681519e-03,3.07102115e-04,-2.21443773e-04
8.81000000e+02,1.71635916e+02,2.93678365e-02,-4.48136490e-03,5.93489394e-02,3.75140835e-03,2.22102327e-02,1.45872304e+02,2.95138152e-02,-3.82759806e-03,2.57636122e+01,-1.45978660e-04,-6.53766840e-04,6.14519332e-02,3.37361436e-03,2.23716218e-02,-2.10299378e-03,3.77793984e-04,-1.61389125e-04
8.82000000e+02,1.71649947e+02,2.88555084e-02,-2.28563685e-03,5.93707736e-02,2.80907267e-03,2.18591916e-02,1.45881761e+02,2.91064841e-02,-1.95755414e-03,2.57681859e+01,-2.50975729e-04,-3.28082707e-04,6.14671682e-02,2.48977835e-03,2.20797616e-02,-2.09639460e-03,3.19294320e-04,-2.20570049e-04
8.83000000e+02,1.71654505e+02,2.83006506e-02,-5.43963608e-03,5.93408206e-02,3.51079511e-03,2.16864085e-02,1.45882719e+02,2.84764088e-02,-4.71956560e-03,2.57717860e+01,-1.75758193e-04,-7.20070484e-04,6.14343494e-02,3.09736020e-03,2.18582140e-02,-2.09352883e-03,4.13434904e-04,-1.71805542e-04
8.84000000e+02,1.71667653e+02,2.67240363e-02,-3.17335711e-03,5.94016958e-02,3.68485505e-03,2.06792636e-02,1.45891419e+02,2.69801862e-02,-2.84571325e-03,2.57762336e+01,-2.56149903e-04,-3.27643859e-04,6.14878022e-02,3.34399972e-03,2.09024231e-02,-2.08610645e-03,3.40855323e-04,-2.23159516e-04
8.85000000e+02,1.71670923e+02,2.80419706e-02,-5.12608124e-03,5.94317776e-02,4.12129608e-03,2.14265764e-02,1.45891123e+02,2.81810061e-02,-4.42726043e-03,2.57797998e+01,-1.39035503e-04,-6.98820808e-04,6.15143085e-02,3.71655922e-03,2.15801616e-02,-2.08253094e-03,4.04736861e-04,-1.53585199e-04
8.86000000e+02,1.71684899e+02,2.87469742e-02,-4.04549221e-03,5.95315812e-02,3.97090026e-03,2.18381651e-02,1.45900689e+02,2.89793572e-02,-3.69514500e-03,2.57842101e+01,-2.32382969e-04,-3.50347205e-04,6.16079544e-02,3.63431141e-03,2.20503215e-02,-2.07637321e-03,3.36588844e-04,-2.12156428e-04
8.87000000e+02,1.71689289e+02,2.87391202e-02,-8.23108342e-03,5.95419543e-02,5.48439593e-03,2.19560027e-02,1.45901629e+02,2.89090665e-02,-7.50310744e-03,2.57876602e+01,-1.69946215e-04,-7.27975976e-04,6.16166193e-02,5.06478542e-03,2.21293551e-02,-2.07466507e-03,4.19610509e-04,-1.73352377e-04
8.88000000e+02,1.71702069e+02,2.79147046e-02,-6.75468250e-03,5.96308800e-02,6.21563769e-03,2.14772871e-02,1.45910070e+02,2.81716269e-02,-6.42520122e-03,2.57919992e+01,-2.56922255e-04,-3.29481277e-04,6.16996635e-02,5.87751005e-03,2.17042410e-02,-2.06878352e-03,3.38127637e-04,-2.26953902e-04
8.89000000e+02,1.71704959e+02,2.93667137e-02,-8.75328293e-03,5.96316786e-02,6.58867146e-03,2.22631344e-02,1.45909488e+02,2.95084654e-02,-8.06745682e-03,2.57954704e+01,-1.41751715e-04,-6.85826111e-04,6.16979189e-02,6.19798922e-03,2.24212327e-02,-2.06624033e-03,3.90682246e-04,-1.58098379e-04
8.90000000e+02,1.71718368e+02,2.97911265e-02,-6.94975887e-03,5.96706529e-02,5.87228808e-03,2.24732822e-02,1.45918533e+02,3.00303550e-02,-6.63258205e-03,2.57998347e+01,-2.39228489e-04,-3.17176822e-04,6.17320075e-02,5.56351657e-03,2.26895485e-02,-2.06135460e-03,3.08771510e-04,-2.16266349e-04
8.91000000e+02,1.71722347e+02,2.99780089e-02,-9.84181983e-03,5.95825600e-02,6.48245107e-03,2.28519419e-02,1.45919086e+02,3.01438132e-02,-9.16713930e-03,2.58032610e+01,-1.65804345e-04,-6.74680530e-04,6.16421873e-02,6.10231010e-03,2.30192475e-02,-2.05962729e-03,3.80140968e-04,-1.67305596e-04
8.92000000e+02,1.71734435e+02,2.88551537e-02,-6.29705903e-03,5.95930601e-02,5.85119478e-03,2.23312697e-02,1.45926917e+02,2.91067108e-02,-6.02386513e-03,2.58075174e+01,-2.51557143e-04,-2.73193901e-04,6.16460123e-02,5.55469740e-03,2.25490641e-02,-2.05295219e-03,2.96497382e-04,-2.17794407e-04
8.93000000e+02,1.71736699e+02,3.03015277e-02,-6.88412164e-03,5.95174483e-02,5.28365317e-03,2.30379243e-02,1.45925823e+02,3.04348148e-02,-6.24740893e-03,2.58108756e+01,-1.33287163e-04,-6.36712708e-04,6.15682277e-02,4.92763435e-03,2.31909043e-02,-2.05077937e-03,3.56018816e-04,-1.52980040e-04
8.94000000e+02,1.71749655e+02,3.08697250e-02,-4.42951203e-03,5.94722191e-02,4.08884753e-03,2.33173135e-02,1.45934537e+02,3.11114248e-02,-4.14368487e-03,2.58151179e+01,-2.41699735e-04,-2.85827166e-04,6.15172391e-02,3.80210581e-03,2.35349064e-02,-2.04501993e-03,2.86741720e-04,-2.17592840e-04
8.95000000e+02,1.71753112e+02,3.08891087e-02,-6.64109406e-03,5.93477542e-02,4.15622550e-03,2.35942353e-02,1.45934704e+02,3.10667508e-02,-5.97215298e-03,2.58184079e+01,-1.77642090e-04,-6.68941081e-04,6.13897090e-02,3.78338610e-03,2.37707363e-02,-2.04195481e-03,3.72839399e-04,-1.76500974e-04
8.96000000e+02,1.71765171e+02,2.93663295e-02,-3.31755477e-03,5.93105403e-02,3.61510525e-03,2.26925365e-02,1.45942661e+02,2.96335615e-02,-3.03423190e-03,2.58225100e+01,-2.67231990e-04,-2.83322875e-04,6.13443734e-02,3.31332151e-03,2.29278847e-02,-2.03383307e-03,3.01783742e-04,-2.35348167e-04
8.97000000e+02,1.71767409e+02,3.05548751e-02,-4.49749746e-03,5.92269768e-02,3.42138321e-03,2.31998633e-02,1.45941676e+02,3.07154412e-02,-3.83604720e-03,2.58257335e+01,-1.60566148e-04,-6.61450256e-04,6.12561902e-02,3.04898512e-03,2.33713204e-02,-2.02921340e-03,3.72398084e-04,-1.71457037e-04
8.98000000e+02,1.71780040e+02,3.07394170e-02,-2.98478302e-03,5.92143654e-02,2.85289555e-03,2.32121570e-02,1.45950155e+02,3.10045965e-02,-2.66287735e-03,2.58298849e+01,-2.65179538e-04,-3.21905662e-04,6.12365357e-02,2.54061810e-03,2.34445867e-02,-2.02217028e-03,3.12277450e-04,-2.32429721e-04
8.99000000e+02,1.71783352e+02,3.06309712e-02,-6.66759004e-03,5.91630701e-02,4.01641053e-03,2.34142487e-02,1.45950278e+02,3.08265473e-02,-5.96378187e-03,2.58330741e+01,-1.95576112e-04,-7.03808172e-04,6.11819191e-02,3.61406886e-03,2.36018586e-02,-2.01884904e-03,4.02341667e-04,-1.87609897e-04
9.00000000e+02,1.71795336e+02,2.88738164e-02,-4.84075460e-03,5.92075949e-02,4.59167883e-03,2.24232348e-02,1.45958222e+02,2.91585794e-02,-4.51908235e-03,2.58371138e+01,-2.84763006e-04,-3.21672248e-04,6.12184020e-02,4.25983395e-03,2.26653723e-02,-2.01080707e-03,3.31844879e-04,-2.42137423e-04
9.01000000e+02,1.71797651e+02,2.96277894e-02,-7.07947001e-03,5.92252084e-02,5.12760509e-03,2.26454418e-02,1.45957357e+02,2.97924868e-02,-6.39258505e-03,2.58402935e+01,-1.64697390e-04,-6.86884955e-04,6.12319427e-02,4.73487016e-03,2.28164164e-02,-2.00673424e-03,3.92734931e-04,-1.70974605e-04
9.02000000e+02,1.71810668e+02,2.99572391e-02,-5.92913990e-03,5.92852177e-02,4.96081553e-03,2.27151101e-02,1.45966277e+02,3.02103132e-02,-5.60826624e-03,2.58443911e+01,-2.53074024e-04,-3.20873653e-04,6.12854796e-02,4.64059735e-03,2.29397136e-02,-2.00026185e-03,3.20218179e-04,-2.24603425e-04
9.03000000e+02,1.71814396e+02,3.04360912e-02,-1.00772743e-02,5.92458068e-02,6.43082566e-03,2.33234636e-02,1.45966849e+02,3.06134324e-02,-9.38064286e-03,2.58475467e+01,-1.77341163e-04,-6.96631467e-04,6.12432653e-02,6.03008024e-03,2.34969855e-02,-1.99745856e-03,4.00745418e-04,-1.73521904e-04
9.04000000e+02,1.71826515e+02,2.99874882e-02,-8.07202898e-03,5.93101000e-02,6.89595163e-03,2.31588020e-02,1.45974982e+02,3.02456085e-02,-7.77019765e-03,2.58515331e+01,-2.58120371e-04,-3.01831328e-04,6.13005513e-02,6.57409390e-03,2.33852771e-02,-1.99045133e-03,3.21857728e-04,-2.26475066e-04
9.05000000e+02,1.71828801e+02,3.20750669e-02,-9.81721969e-03,5.93078954e-02,7.17979186e-03,2.42419091e-02,1.45974145e+02,3.22193682e-02,-9.16336051e-03,2.58546559e+01,-1.44301280e-04,-6.53859175e-04,6.12950893e-02,6.80507105e-03,2.44057198e-02,-1.98719391e-03,3.74720810e-04,-1.63810677e-04
9.06000000e+02,1.71841402e+02,3.24116464e-02,-8.44366448e-03,5.93217650e-02,6.75059521e-03,2.43498486e-02,1.45982795e+02,3.26679970e-02,-8.14163904e-03,2.58586068e+01,-2.56350549e-04,-3.02025436e-04,6.13031456e-02,6.44891723e-03,2.45762472e-02,-1.98138060e-03,3.01677981e-04,-2.26398665e-04
9.07000000e+02,1.71844716e+02,3.24098374e-02,-1.16077796e-02,5.92722101e-02,7.47114943e-03,2.45842834e-02,1.45983117e+02,3.25933704e-02,-1.09320348e-02,2.58615995e+01,-1.83533004e-04,-6.75744794e-04,6.12507981e-02,7.08970832e-03,2.47657876e-02,-1.97858799e-03,3.81441111e-04,-1.81504157e-04
9.08000000e+02,1.71856570e+02,3.11808884e-02,-8.75705680e-03,5.93367590e-02,7.25585881e-03,2.38238696e-02,1.45991050e+02,3.14426172e-02,-8.49020917e-03,2.58655196e+01,-2.61728796e-04,-2.66847630e-04,6.13085857e-02,6.95939276e-03,2.40581632e-02,-1.97182670e-03,2.96466049e-04,-2.34293633e-04
9.09000000e+02,1.71858742e+02,3.26845936e-02,-9.69810010e-03,5.93210451e-02,6.98205762e-03,2.47114380e-02,1.45990203e+02,3.28415205e-02,-9.07262394e-03,2.58685392e+01,-1.56926864e-04,-6.25476167e-04,6.12899322e-02,6.62787156e-03,2.48787433e-02,-1.96888711e-03,3.54186065e-04,-1.67305247e-04
9.10000000e+02,1.71871302e+02,3.32059753e-02,-7.00076850e-03,5.93866605e-02,5.74994694e-03,2.49937145e-02,1.45998897e+02,3.34610198e-02,-6.72034783e-03,2.58724047e+01,-2.55044581e-04,-2.80420673e-04,6.13503217e-02,5.45851751e-03,2.52204002e-02,-1.96366118e-03,2.91429426e-04,-2.26685726e-04
9.11000000e+02,1.71874834e+02,3.31594366e-02,-9.32682131e-03,5.93633453e-02,5.96296769e-03,2.50557348e-02,1.45999425e+02,3.33368861e-02,-8.66150317e-03,2.58754088e+01,-1.77449560e-04,-6.65318138e-04,6.13257808e-02,5.58483539e-03,2.52375387e-02,-1.96243556e-03,3.78132298e-04,-1.81803931e-04
9.12000000e+02,1.71886664e+02,3.16785940e-02,-5.65533987e-03,5.94192297e-02,5.20251321e-03,2.41060074e-02,1.46007561e+02,3.19504561e-02,-5.37700567e-03,2.58791034e+01,-2.71862090e-04,-2.78334199e-04,6.13754469e-02,4.89744724e-03,2.43444862e-02,-1.95621723e-03,3.05065975e-04,-2.38478809e-04
9.13000000e+02,1.71888613e+02,3.23666957e-02,-5.91919324e-03,5.94471889e-02,4.47084834e-03,2.43324123e-02,1.46006703e+02,3.25397454e-02,-5.26867278e-03,2.58819100e+01,-1.73049712e-04,-6.50520461e-04,6.14000468e-02,4.09775273e-03,2.45106021e-02,-1.95285785e-03,3.73095618e-04,-1.78189762e-04
9.14000000e+02,1.71901135e+02,3.19284923e-02,-3.56173289e-03,5.95629796e-02,3.51648672e-03,2.39651055e-02,1.46015368e+02,3.22026541e-02,-3.24637280e-03,2.58857672e+01,-2.74161815e-04,-3.15360089e-04,6.15101547e-02,3.19945020e-03,2.42062478e-02,-1.94717510e-03,3.17036517e-04,-2.41142329e-04
9.15000000e+02,1.71904521e+02,3.12052340e-02,-6.41648350e-03,5.95751285e-02,4.12541940e-03,2.36758188e-02,1.46015859e+02,3.14069851e-02,-5.70531274e-03,2.58886621e+01,-2.01751096e-04,-7.11170766e-04,6.15210600e-02,3.71651932e-03,2.38703510e-02,-1.94593149e-03,4.08900083e-04,-1.94532267e-04
9.16000000e+02,1.71916271e+02,2.97711637e-02,-3.70148889e-03,5.97091424e-02,3.98995847e-03,2.27582017e-02,1.46023826e+02,3.00481107e-02,-3.36990376e-03,2.58924449e+01,-2.76947006e-04,-3.31585124e-04,6.16495399e-02,3.64730468e-03,2.30028536e-02,-1.94039755e-03,3.42653790e-04,-2.44651900e-04
9.17000000e+02,1.71918314e+02,3.02540770e-02,-5.36700653e-03,5.97530787e-02,4.25122055e-03,2.28251254e-02,1.46022967e+02,3.04332696e-02,-4.66722154e-03,2.58953467e+01,-1.79192594e-04,-6.99784995e-04,6.16922738e-02,3.84446089e-03,2.30092500e-02,-1.93919503e-03,4.06759663e-04,-1.84124669e-04
9.18000000e+02,1.71930773e+02,2.97229580e-02,-3.54124819e-03,5.98228460e-02,3.63768771e-03,2.23404524e-02,1.46031594e+02,3.00029731e-02,-3.19199701e-03,2.58991788e+01,-2.80015057e-04,-3.49251183e-04,6.17579009e-02,3.29807686e-03,2.25820757e-02,-1.93505484e-03,3.39610849e-04,-2.41623312e-04
9.19000000e+02,1.71933874e+02,2.95350340e-02,-7.48761670e-03,5.98040891e-02,4.93609822e-03,2.24325190e-02,1.46031800e+02,2.97269546e-02,-6.75333139e-03,2.59020745e+01,-1.91920565e-04,-7.34285309e-04,6.17384716e-02,4.51141579e-03,2.26181356e-02,-1.93438255e-03,4.24682431e-04,-1.85616598e-04
9.20000000e+02,1.71945367e+02,2.83746659e-02,-5.74718589e-03,5.98857701e-02,5.44272443e-03,2.18894516e-02,1.46039685e+02,2.86542010e-02,-5.39970567e-03,2.59056820e+01,-2.79535078e-04,-3.47480218e-04,6.18150909e-02,5.09218580e-03,2.21278556e-02,-1.92932083e-03,3.50538635e-04,-2.38404029e-04
9.21000000e+02,1.71947316e+02,2.95265296e-02,-7.14844622e-03,5.98693119e-02,5.61675727e-03,2.24580862e-02,1.46038796e+02,2.96963605e-02,-6.45915450e-03,2.59085194e+01,-1.69830901e-04,-6.89291719e-04,6.17974639e-02,5.21430337e-03,2.26341146e-02,-1.92815208e-03,4.02453906e-04,-1.76028436e-04
9.22000000e+02,1.71959736e+02,2.98033506e-02,-5.61584072e-03,5.98749781e-02,5.11585565e-03,2.25662027e-02,1.46047461e+02,3.00738004e-02,-5.27591108e-03,2.59122750e+01,-2.70449893e-04,-3.39929640e-04,6.17987098e-02,4.78870725e-03,2.28008980e-02,-1.92373164e-03,3.27148400e-04,-2.34695360e-04
9.23000000e+02,1.71962806e+02,2.97825800e-02,-9.37526568e-03,5.97920840e-02,6.23207170e-03,2.27344426e-02,1.46047754e+02,2.99780857e-02,-8.66662493e-03,2.59150521e+01,-1.95505725e-04,-7.08640745e-04,6.17148167e-02,5.83090198e-03,2.29247732e-02,-1.92273265e-03,4.01169710e-04,-1.90330605e-04
9.24000000e+02,1.71974178e+02,2.86332096e-02,-6.97762693e-03,5.98259956e-02,6.38331946e-03,2.20789830e-02,1.46055514e+02,2.89262507e-02,-6.67178492e-03,2.59186644e+01,-2.93041191e-04,-3.05842012e-04,6.17424211e-02,6.06280074e-03,2.23316278e-02,-1.91642551e-03,3.20518720e-04,-2.52644803e-04
9.25000000e+02,1.71975707e+02,2.96491613e-02,-7.91086612e-03,5.98147707e-02,6.14468722e-03,2.25218089e-02,1.46054317e+02,2.98388639e-02,-7.25464031e-03,2.59213898e+01,-1.89702648e-04,-6.56225804e-04,6.17286973e-02,5.77512904e-03,2.27150412e-02,-1.91392663e-03,3.69558185e-04,-1.93232269e-04
9.26000000e+02,1.71987695e+02,2.96786672e-02,-5.41652814e-03,5.98414670e-02,4.99441700e-03,2.23878849e-02,1.46062725e+02,2.99646476e-02,-5.11942349e-03,2.59249701e+01,-2.85980397e-04,-2.97104646e-04,6.17498146e-02,4.70011844e-03,2.26379468e-02,-1.90834758e-03,2.94298553e-04,-2.50061886e-04
9.27000000e+02,1.71990354e+02,2.97094647e-02,-8.32339132e-03,5.97715037e-02,5.41077721e-03,2.25486131e-02,1.46062696e+02,2.99098250e-02,-7.63949686e-03,2.59276578e+01,-2.00360219e-04,-6.83894466e-04,6.16783464e-02,5.03344715e-03,2.27442596e-02,-1.90684273e-03,3.77330062e-04,-1.95646493e-04
9.28000000e+02,1.72001446e+02,2.87069335e-02,-5.22897356e-03,5.98108496e-02,4.97533264e-03,2.20489799e-02,1.46070280e+02,2.89921420e-02,-4.93967659e-03,2.59311663e+01,-2.85208513e-04,-2.89296968e-04,6.17118745e-02,4.67079603e-03,2.22963456e-02,-1.90102489e-03,3.04536607e-04,-2.47365705e-04
9.29000000e+02,1.72002976e+02,2.95962355e-02,-5.73912504e-03,5.97470046e-02,4.51445107e-03,2.24670047e-02,1.46069237e+02,2.97767335e-02,-5.09571127e-03,2.59337388e+01,-1.80497958e-04,-6.43413773e-04,6.16460650e-02,4.15221311e-03,2.26518795e-02,-1.89906041e-03,3.62237960e-04,-1.84874814e-04
9.30000000e+02,1.72014853e+02,2.96267785e-02,-3.34203744e-03,5.97338946e-02,3.42456944e-03,2.23609209e-02,1.46077618e+02,2.99096328e-02,-3.03169772e-03,2.59372343e+01,-2.82854282e-04,-3.10339715e-04,6.16272939e-02,3.12525220e-03,2.26049947e-02,-1.89339939e-03,2.99317240e-04,-2.44073843e-04
9.31000000e+02,1.72017585e+02,2.93270665e-02,-6.05262171e-03,5.96314690e-02,3.75986134e-03,2.23335099e-02,1.46077804e+02,2.95335965e-02,-5.35751134e-03,2.59397804e+01,-2.06529990e-04,-6.95110371e-04,6.15229511e-02,3.37134668e-03,2.25309813e-02,-1.89148208e-03,3.88514664e-04,-1.97471443e-04
9.32000000e+02,1.72028593e+02,2.77177305e-02,-3.23887483e-03,5.96416691e-02,3.58730497e-03,2.15271297e-02,1.46085411e+02,2.80209359e-02,-2.93138243e-03,2.59431825e+01,-3.03205449e-04,-3.07492398e-04,6.15262724e-02,3.26642371e-03,2.17822946e-02,-1.88460329e-03,3.20881259e-04,-2.55164872e-04
9.33000000e+02,1.72030050e+02,2.88622707e-02,-4.43292641e-03,5.95741765e-02,3.56078102e-03,2.21367452e-02,1.46084364e+02,2.90545101e-02,-3.76050625e-03,2.59456860e+01,-1.92239475e-04,-6.72420167e-04,6.14560980e-02,3.17952493e-03,2.23285473e-02,-1.88192148e-03,3.81256097e-04,-1.91802139e-04
9.34000000e+02,1.72041980e+02,2.90288992e-02,-2.69868460e-03,5.95833542e-02,2.98220103e-03,2.20753655e-02,1.46092875e+02,2.93161829e-02,-2.37114230e-03,2.59491050e+01,-2.87283759e-04,-3.27542294e-04,6.14596851e-02,2.66541698e-03,2.23250946e-02,-1.87633095e-03,3.16784052e-04,-2.49729110e-04
9.35000000e+02,1.72044969e+02,2.88935210e-02,-6.61925219e-03,5.94696605e-02,4.23535564e-03,2.22114729e-02,1.46093358e+02,2.91064148e-02,-5.90532296e-03,2.59516112e+01,-2.12893798e-04,-7.13929230e-04,6.13443289e-02,3.82954734e-03,2.24118775e-02,-1.87466843e-03,4.05808293e-04,-2.00404671e-04
9.36000000e+02,1.72055993e+02,2.72418018e-02,-4.90627292e-03,5.94501739e-02,4.81746650e-03,2.12483467e-02,1.46101017e+02,2.75346795e-02,-4.56693682e-03,2.59549759e+01,-2.92877761e-04,-3.39336101e-04,6.13177983e-02,4.47466390e-03,2.15003069e-02,-1.86762435e-03,3.42802601e-04,-2.51960199e-04
9.37000000e+02,1.72057175e+02,2.81304792e-02,-7.12042122e-03,5.93834953e-02,5.38033366e-03,2.16414975e-02,1.46099705e+02,2.83066521e-02,-6.41807794e-03,2.59574700e+01,-1.76172886e-04,-7.02343278e-04,6.12478296e-02,4.97853192e-03,2.18263892e-02,-1.86433437e-03,4.01801737e-04,-1.84891654e-04
9.38000000e+02,1.72069041e+02,2.85359031e-02,-6.45665177e-03,5.94011994e-02,5.40589038e-03,2.17436313e-02,1.46108167e+02,2.88061455e-02,-6.10468810e-03,2.59608742e+01,-2.70242392e-04,-3.51963671e-04,6.12592936e-02,5.07602887e-03,2.19825165e-02,-1.85809415e-03,3.29861503e-04,-2.38885247e-04
9.39000000e+02,1.72071816e+02,2.88182929e-02,-1.05770218e-02,5.93497078e-02,6.82797807e-03,2.21384409e-02,1.46108483e+02,2.90103485e-02,-9.87041841e-03,2.59633337e+01,-1.92055569e-04,-7.06603378e-04,6.12052399e-02,6.42434443e-03,2.23276713e-02,-1.85553214e-03,4.03633641e-04,-1.89230400e-04
9.40000000e+02,1.72082699e+02,2.78509143e-02,-8.11418305e-03,5.94429836e-02,7.04097607e-03,2.16330604e-02,1.46116083e+02,2.81269485e-02,-7.81148271e-03,2.59666162e+01,-2.76034246e-04,-3.02700340e-04,6.12910153e-02,6.71905435e-03,2.18767001e-02,-1.84803168e-03,3.21921725e-04,-2.43639633e-04
9.41000000e+02,1.72083761e+02,2.92596201e-02,-9.81253141e-03,5.94527145e-02,7.23788413e-03,2.23306585e-02,1.46114739e+02,2.94234386e-02,-9.14776869e-03,2.59690219e+01,-1.63818481e-04,-6.64762718e-04,6.12980279e-02,6.86323822e-03,2.25102062e-02,-1.84531334e-03,3.74645906e-04,-1.79547671e-04
9.42000000e+02,1.72095408e+02,2.98114227e-02,-8.13961230e-03,5.94991402e-02,6.57603561e-03,2.25332062e-02,1.46123037e+02,3.00787962e-02,-7.82893588e-03,2.59723718e+01,-2.67373501e-04,-3.10676421e-04,6.13392397e-02,6.27138341e-03,2.27696896e-02,-1.84009947e-03,3.04652198e-04,-2.36483369e-04
9.43000000e+02,1.72098044e+02,3.01932888e-02,-1.14573383e-02,5.94524565e-02,7.45810922e-03,2.29725895e-02,1.46123267e+02,3.03778200e-02,-1.07799705e-02,2.59747777e+01,-1.84531272e-04,-6.77367871e-04,6.12918533e-02,7.07555046e-03,2.31570555e-02,-1.83939677e-03,3.82558754e-04,-1.84465953e-04
9.44000000e+02,1.72108816e+02,2.93154017e-02,-8.64903139e-03,5.94776555e-02,7.31001774e-03,2.24851727e-02,1.46130918e+02,2.95820183e-02,-8.35863562e-03,2.59778973e+01,-2.66616553e-04,-2.90395765e-04,6.13116264e-02,7.00168647e-03,2.27233399e-02,-1.83397088e-03,3.08331268e-04,-2.38167140e-04
9.45000000e+02,1.72109523e+02,3.11098332e-02,-9.59958210e-03,5.94271962e-02,7.05291178e-03,2.34448940e-02,1.46129312e+02,3.12714592e-02,-8.94575781e-03,2.59802105e+01,-1.61626042e-04,-6.53824290e-04,6.12590532e-02,6.68340081e-03,2.36231048e-02,-1.83185707e-03,3.69510973e-04,-1.78210785e-04
9.46000000e+02,1.72120684e+02,3.12733726e-02,-7.87671509e-03,5.94514820e-02,6.36322555e-03,2.34573327e-02,1.46137269e+02,3.15493984e-02,-7.55752038e-03,2.59834151e+01,-2.76025787e-04,-3.19194712e-04,6.12777963e-02,6.05348260e-03,2.36995889e-02,-1.82631433e-03,3.09742949e-04,-2.42256188e-04
9.47000000e+02,1.72122783e+02,3.09943558e-02,-1.11108840e-02,5.94141938e-02,7.13152531e-03,2.34552544e-02,1.46137159e+02,3.12009818e-02,-1.04152401e-02,2.59856243e+01,-2.06626012e-04,-6.95643901e-04,6.12389912e-02,6.74011835e-03,2.36547434e-02,-1.82479741e-03,3.91406956e-04,-1.99488988e-04
9.48000000e+02,1.72133346e+02,2.96796536e-02,-7.85779348e-03,5.95380395e-02,6.63507660e-03,2.26617347e-02,1.46144574e+02,2.99748513e-02,-7.56022501e-03,2.59887719e+01,-2.95197714e-04,-2.97568463e-04,6.13561368e-02,6.32050209e-03,2.29144529e-02,-1.81809731e-03,3.14574508e-04,-2.52718234e-04
9.49000000e+02,1.72134545e+02,3.09627557e-02,-8.14779643e-03,5.96062322e-02,5.95954679e-03,2.33430363e-02,1.46143490e+02,3.11469923e-02,-7.49730919e-03,2.59910545e+01,-1.84236604e-04,-6.50487239e-04,6.14219922e-02,5.58867122e-03,2.35305124e-02,-1.81576004e-03,3.70875573e-04,-1.87476102e-04
9.50000000e+02,1.72146085e+02,3.11979867e-02,-5.50003450e-03,5.97266283e-02,4.75958068e-03,2.33607546e-02,1.46151866e+02,3.14859602e-02,-5.18778803e-03,2.59942189e+01,-2.87973500e-04,-3.12246467e-04,6.15380946e-02,4.44989679e-03,2.36112477e-02,-1.81146634e-03,3.09683884e-04,-2.50493098e-04
9.51000000e+02,1.72148170e+02,3.06471379e-02,-8.08777793e-03,5.97258169e-02,5.16439382e-03,2.31782364e-02,1.46151798e+02,3.08747604e-02,-7.39268637e-03,2.59963721e+01,-2.27622437e-04,-6.95091563e-04,6.15372282e-02,4.76933249e-03,2.33913040e-02,-1.81141130e-03,3.95061329e-04,-2.13067643e-04
9.52000000e+02,1.72158420e+02,2.91975334e-02,-4.54484903e-03,5.98145603e-02,4.51560716e-03,2.22695252e-02,1.46158919e+02,2.95097562e-02,-4.23561245e-03,2.59995003e+01,-3.12222829e-04,-3.09236577e-04,6.16207108e-02,4.19142346e-03,2.25366842e-02,-1.80615054e-03,3.24183701e-04,-2.67158915e-04
9.53000000e+02,1.72159268e+02,3.02089808e-02,-4.94630261e-03,5.98127627e-02,3.91739751e-03,2.27255251e-02,1.46157496e+02,3.04086601e-02,-4.27608515e-03,2.60017723e+01,-1.99679301e-04,-6.70217458e-04,6.16178295e-02,3.53226654e-03,2.29225366e-02,-1.80506688e-03,3.85130975e-04,-1.97011507e-04
9.54000000e+02,1.72170570e+02,3.02595250e-02,-2.42282669e-03,5.98616790e-02,2.84085047e-03,2.26654227e-02,1.46165607e+02,3.05597119e-02,-2.08249448e-03,2.60049628e+01,-3.00186909e-04,-3.40332205e-04,6.16624269e-02,2.51444208e-03,2.29217458e-02,-1.80074789e-03,3.26408388e-04,-2.56323072e-04
9.55000000e+02,1.72172668e+02,2.99556612e-02,-5.42742634e-03,5.98427815e-02,3.47218147e-03,2.27454245e-02,1.46165462e+02,3.01971174e-02,-4.69550616e-03,2.60072053e+01,-2.41456133e-04,-7.31920177e-04,6.16430517e-02,3.05366126e-03,2.29635254e-02,-1.80027028e-03,4.18520201e-04,-2.18100938e-04
9.56000000e+02,1.72183276e+02,2.83160854e-02,-3.21943796e-03,5.99224032e-02,3.68979229e-03,2.17697091e-02,1.46172995e+02,2.86452593e-02,-2.86747096e-03,2.60102810e+01,-3.29173881e-04,-3.51966999e-04,6.17168950e-02,3.33629062e-03,2.20451861e-02,-1.79449181e-03,3.53501666e-04,-2.75476996e-04
9.57000000e+02,1.72184363e+02,2.95961711e-02,-4.83692002e-03,5.99547752e-02,3.91164491e-03,2.23560071e-02,1.46171851e+02,2.98044758e-02,-4.11910632e-03,2.60125116e+01,-2.08304770e-04,-7.17813704e-04,6.17476289e-02,3.49986309e-03,2.25624025e-02,-1.79285370e-03,4.11781814e-04,-2.06395440e-04
9.58000000e+02,1.72195933e+02,2.98424051e-02,-3.28126836e-03,6.00258078e-02,3.45115978e-03,2.25101321e-02,1.46180298e+02,3.01546311e-02,-2.91007957e-03,2.60156353e+01,-3.12226038e-04,-3.71188790e-04,6.18143430e-02,3.10634222e-03,2.27724817e-02,-1.78853515e-03,3.44817561e-04,-2.62349620e-04
9.59000000e+02,1.72198246e+02,2.97726334e-02,-7.31721372e-03,6.00326553e-02,4.71707260e-03,2.26905101e-02,1.46180429e+02,3.00123355e-02,-6.56446538e-03,2.60178171e+01,-2.39702053e-04,-7.52748346e-04,6.18209218e-02,4.29115782e-03,2.29097404e-02,-1.78826656e-03,4.25914785e-04,-2.19230280e-04
9.60000000e+02,1.72208761e+02,2.85167981e-02,-5.16864570e-03,6.01097086e-02,4.85152425e-03,2.19485073e-02,1.46187938e+02,2.88459904e-02,-4.80855902e-03,2.60208230e+01,-3.29192256e-04,-3.60086681e-04,6.18924020e-02,4.50310654e-03,2.22234180e-02,-1.78269343e-03,3.48417709e-04,-2.74910664e-04
9.61000000e+02,1.72209626e+02,2.97433263e-02,-6.62219866e-03,6.01173666e-02,4.99650823e-03,2.25256956e-02,1.46186698e+02,2.99603796e-02,-5.91888195e-03,2.60229285e+01,-2.17053310e-04,-7.03316719e-04,6.18986182e-02,4.59844500e-03,2.27337580e-02,-1.78125158e-03,3.98063231e-04,-2.08062389e-04
9.62000000e+02,1.72220541e+02,2.95695199e-02,-4.65405215e-03,6.01931576e-02,4.22950230e-03,2.23520145e-02,1.46194623e+02,2.98806000e-02,-4.30068858e-03,2.60259188e+01,-3.11080082e-04,-3.53363561e-04,6.19701986e-02,3.90325059e-03,2.26163575e-02,-1.77704103e-03,3.26251714e-04,-2.64343024e-04
9.63000000e+02,1.72222309e+02,2.90564282e-02,-7.55698219e-03,6.01566431e-02,4.80763505e-03,2.23427218e-02,1.46194346e+02,2.92979726e-02,-6.84013943e-03,2.60279629e+01,-2.41544411e-04,-7.16842759e-04,6.19333262e-02,4.40323885e-03,2.25602400e-02,-1.77668316e-03,4.04396197e-04,-2.17518241e-04
9.64000000e+02,1.72232319e+02,2.75587786e-02,-4.68456222e-03,6.02214685e-02,4.62593100e-03,2.14123568e-02,1.46201477e+02,2.78773401e-02,-4.36323505e-03,2.60308428e+01,-3.18561473e-04,-3.21327169e-04,6.19927793e-02,4.29801765e-03,2.16820503e-02,-1.77131081e-03,3.27913351e-04,-2.69693499e-04
9.65000000e+02,1.72233030e+02,2.88476540e-02,-5.87117301e-03,6.02173104e-02,4.49234881e-03,2.19692725e-02,1.46200154e+02,2.90520913e-02,-5.18715550e-03,2.60328761e+01,-2.04437338e-04,-6.84017503e-04,6.19872506e-02,4.10881341e-03,2.21748820e-02,-1.76994013e-03,3.83535404e-04,-2.05609536e-04
9.66000000e+02,1.72244040e+02,2.85765230e-02,-3.64170699e-03,6.02311736e-02,3.55248072e-03,2.16744217e-02,1.46208212e+02,2.88889009e-02,-3.30031365e-03,2.60358274e+01,-3.12377958e-04,-3.41393341e-04,6.19966947e-02,3.23085438e-03,2.19395651e-02,-1.76552105e-03,3.21626344e-04,-2.65143342e-04
9.67000000e+02,1.72245905e+02,2.81350805e-02,-6.72226195e-03,6.01559045e-02,4.22630551e-03,2.16165424e-02,1.46208056e+02,2.83675606e-02,-5.99513665e-03,2.60378493e+01,-2.32480184e-04,-7.27125296e-04,6.19208425e-02,3.81793781e-03,2.18312822e-02,-1.76493799e-03,4.08367700e-04,-2.14739763e-04
9.68000000e+02,1.72255931e+02,2.69910661e-02,-4.23323495e-03,6.02142468e-02,4.21974607e-03,2.10222642e-02,1.46215200e+02,2.73023656e-02,-3.88758759e-03,2.60407309e+01,-3.11299473e-04,-3.45647357e-04,6.19735404e-02,3.87696354e-03,2.12863997e-02,-1.75929363e-03,3.42782531e-04,-2.64135457e-04
9.69000000e+02,1.72256460e+02,2.85416368e-02,-5.99671600e-03,6.02090787e-02,4.49103587e-03,2.18007082e-02,1.46213751e+02,2.87348389e-02,-5.28280144e-03,2.60427097e+01,-1.93202153e-04,-7.13914559e-04,6.19663463e-02,4.08321957e-03,2.19961039e-02,-1.75726763e-03,4.07816302e-04,-1.95395612e-04
9.70000000e+02,1.72266981e+02,2.91150994e-02,-4.72173519e-03,6.02745728e-02,4.18167665e-03,2.21028470e-02,1.46221434e+02,2.94108393e-02,-4.34171798e-03,2.60455470e+01,-2.95739932e-04,-3.80017214e-04,6.20266672e-02,3.83456212e-03,2.23564877e-02,-1.75209435e-03,3.47114528e-04,-2.53640642e-04
9.71000000e+02,1.72268482e+02,2.90036246e-02,-8.31785733e-03,6.02632743e-02,5.34857689e-03,2.23402955e-02,1.46220954e+02,2.92266347e-02,-7.57479386e-03,2.60475279e+01,-2.23010106e-04,-7.43063463e-04,6.20142371e-02,4.92026686e-03,2.25486818e-02,-1.75096283e-03,4.28310033e-04,-2.08386345e-04
9.72000000e+02,1.72278112e+02,2.79826072e-02,-6.35937603e-03,6.03359417e-02,5.77548098e-03,2.17556995e-02,1.46227754e+02,2.82875740e-02,-6.01016802e-03,2.60503580e+01,-3.04966826e-04,-3.49208010e-04,6.20809508e-02,5.42359390e-03,2.20185114e-02,-1.74500903e-03,3.51887082e-04,-2.62811934e-04
9.73000000e+02,1.72278203e+02,2.96116607e-02,-8.42785056e-03,6.03625690e-02,6.18504278e-03,2.26306424e-02,1.46225868e+02,2.98050995e-02,-7.72324643e-03,2.60523356e+01,-1.93438745e-04,-7.04604133e-04,6.21056891e-02,5.78287299e-03,2.28279106e-02,-1.74312013e-03,4.02169783e-04,-1.97268256e-04
9.74000000e+02,1.72288423e+02,3.01555176e-02,-7.16849403e-03,6.04654047e-02,5.92865415e-03,2.28032779e-02,1.46233225e+02,3.04477337e-02,-6.81784609e-03,2.60551984e+01,-2.92216042e-04,-3.50647937e-04,6.22041277e-02,5.59571007e-03,2.30611889e-02,-1.73872307e-03,3.32944074e-04,-2.57911010e-04
9.75000000e+02,1.72289652e+02,3.04347480e-02,-1.07068629e-02,6.04897331e-02,6.98156988e-03,2.32824929e-02,1.46232530e+02,3.06549826e-02,-9.98320299e-03,2.60571215e+01,-2.20234563e-04,-7.23659887e-04,6.22288075e-02,6.57013147e-03,2.34938255e-02,-1.73907438e-03,4.11438403e-04,-2.11332569e-04
9.76000000e+02,1.72299305e+02,2.95153986e-02,-8.39968653e-03,6.05691863e-02,7.15903547e-03,2.27642720e-02,1.46239438e+02,2.98162323e-02,-8.07301000e-03,2.60598668e+01,-3.00833687e-04,-3.26676523e-04,6.23036465e-02,6.82552225e-03,2.30254258e-02,-1.73446016e-03,3.33513219e-04,-2.61153863e-04
9.77000000e+02,1.72299372e+02,3.12464531e-02,-9.90674968e-03,6.05850928e-02,7.17743930e-03,2.36853467e-02,1.46237612e+02,3.14408909e-02,-9.22484228e-03,2.60617602e+01,-1.94437803e-04,-6.81907401e-04,6.23184518e-02,6.79184040e-03,2.38849407e-02,-1.73335903e-03,3.85598891e-04,-1.99593986e-04
9.78000000e+02,1.72309677e+02,3.12079240e-02,-8.54034375e-03,6.06409162e-02,6.73091435e-03,2.35753044e-02,1.46245174e+02,3.15154990e-02,-8.19570831e-03,2.60645038e+01,-3.07574964e-04,-3.44635439e-04,6.23703381e-02,6.40720080e-03,2.38383363e-02,-1.72942183e-03,3.23713551e-04,-2.63031839e-04
9.79000000e+02,1.72310934e+02,3.09182954e-02,-1.16592849e-02,6.06115774e-02,7.63059965e-03,2.36112234e-02,1.46244638e+02,3.11512024e-02,-1.09508202e-02,2.60662962e+01,-2.32906960e-04,-7.08464675e-04,6.23415917e-02,7.22598751e-03,2.38293932e-02,-1.73001424e-03,4.04612134e-04,-2.18169838e-04
9.80000000e+02,1.72320182e+02,2.95890824e-02,-8.99220492e-03,6.06832987e-02,7.62689554e-03,2.28958175e-02,1.46251247e+02,2.99095938e-02,-8.67184259e-03,2.60689356e+01,-3.20511443e-04,-3.20362333e-04,6.24089155e-02,7.29745764e-03,2.31671456e-02,-1.72561677e-03,3.29437897e-04,-2.71328131e-04
9.81000000e+02,1.72320090e+02,3.07293422e-02,-1.02316775e-02,6.06606632e-02,7.45056247e-03,2.34734756e-02,1.46249383e+02,3.09325953e-02,-9.55279720e-03,2.60707065e+01,-2.03253027e-04,-6.78880262e-04,6.23857466e-02,7.06733052e-03,2.36760523e-02,-1.72508343e-03,3.83231947e-04,-2.02576759e-04
9.82000000e+02,1.72330280e+02,3.12815105e-02,-7.81272487e-03,6.06855813e-02,6.30632476e-03,2.37231156e-02,1.46256908e+02,3.15837495e-02,-7.47470359e-03,2.60733718e+01,-3.02238942e-04,-3.38021285e-04,6.24072327e-02,5.98362786e-03,2.39846197e-02,-1.72165144e-03,3.22696907e-04,-2.61504104e-04
9.83000000e+02,1.72331600e+02,3.12633319e-02,-1.06165592e-02,6.06644846e-02,7.04378371e-03,2.38565866e-02,1.46256456e+02,3.14959504e-02,-9.90417891e-03,2.60751435e+01,-2.32618462e-04,-7.12380311e-04,6.23861885e-02,6.63545769e-03,2.40751550e-02,-1.72170387e-03,4.08326013e-04,-2.18568366e-04
9.84000000e+02,1.72341236e+02,3.03071143e-02,-7.92670335e-03,6.07422279e-02,6.97794006e-03,2.32198438e-02,1.46263538e+02,3.06260428e-02,-7.58498757e-03,2.60776980e+01,-3.18928523e-04,-3.41715777e-04,6.24584571e-02,6.63523288e-03,2.34935087e-02,-1.71622914e-03,3.42707175e-04,-2.73664880e-04
9.85000000e+02,1.72341231e+02,3.13559553e-02,-8.93821961e-03,6.07506755e-02,6.65818501e-03,2.37666389e-02,1.46261849e+02,3.15763250e-02,-8.23620448e-03,2.60793817e+01,-2.20369729e-04,-7.02015132e-04,6.24664702e-02,6.25995506e-03,2.39795954e-02,-1.71579475e-03,3.98229951e-04,-2.12956482e-04
9.86000000e+02,1.72351405e+02,3.09409545e-02,-6.27181265e-03,6.07886190e-02,5.39509511e-03,2.34111497e-02,1.46269407e+02,3.12702808e-02,-5.91438128e-03,2.60819984e+01,-3.29326280e-04,-3.57431372e-04,6.25015373e-02,5.05736780e-03,2.36884480e-02,-1.71291832e-03,3.37727313e-04,-2.77298397e-04
9.87000000e+02,1.72352822e+02,3.02277492e-02,-8.57147086e-03,6.07075244e-02,5.75386525e-03,2.31826834e-02,1.46269063e+02,3.04807651e-02,-7.82995884e-03,2.60837590e+01,-2.53015940e-04,-7.41512014e-04,6.24207074e-02,5.32596483e-03,2.34114329e-02,-1.71318293e-03,4.27900412e-04,-2.28749516e-04
9.88000000e+02,1.72362588e+02,2.92632841e-02,-5.82453811e-03,6.07600334e-02,5.72623697e-03,2.25963735e-02,1.46276301e+02,2.95890822e-02,-5.45480472e-03,2.60862871e+01,-3.25798110e-04,-3.69733392e-04,6.24680447e-02,5.36210427e-03,2.28735498e-02,-1.70801125e-03,3.64132702e-04,-2.77176313e-04
9.89000000e+02,1.72362826e+02,3.06022896e-02,-7.20672257e-03,6.07615318e-02,5.68110728e-03,2.32021591e-02,1.46274912e+02,3.08145927e-02,-6.47025513e-03,2.60879133e+01,-2.12303103e-04,-7.36467431e-04,6.24691921e-02,5.25731664e-03,2.34142669e-02,-1.70766028e-03,4.23790646e-04,-2.12107759e-04
9.90000000e+02,1.72372976e+02,3.07020315e-02,-5.32382922e-03,6.07743305e-02,4.94251977e-03,2.31417237e-02,1.46282477e+02,3.10278741e-02,-4.92676309e-03,2.60904986e+01,-3.25842595e-04,-3.97066137e-04,6.24789500e-02,4.57706666e-03,2.34178456e-02,-1.70461954e-03,3.65453109e-04,-2.76121846e-04
9.91000000e+02,1.72374132e+02,3.06482425e-02,-8.96261774e-03,6.07153866e-02,6.17871042e-03,2.32734418e-02,1.46281958e+02,3.09076162e-02,-8.18266748e-03,2.60921737e+01,-2.59373719e-04,-7.79950261e-04,6.24203985e-02,5.72761741e-03,2.35078995e-02,-1.70501189e-03,4.51093013e-04,-2.34457700e-04
9.92000000e+02,1.72383505e+02,2.92975580e-02,-7.04949830e-03,6.07291497e-02,6.58215545e-03,2.25286296e-02,1.46288841e+02,2.96541900e-02,-6.64461755e-03,2.60946633e+01,-3.56631956e-04,-4.04880744e-04,6.24292614e-02,6.20170775e-03,2.28207275e-02,-1.70011177e-03,3.80447703e-04,-2.92097856e-04
9.93000000e+02,1.72383474e+02,3.01080950e-02,-9.21902132e-03,6.06664917e-02,7.05321454e-03,2.29376893e-02,1.46287203e+02,3.03584134e-02,-8.46448650e-03,2.60962705e+01,-2.50318408e-04,-7.54534823e-04,6.23656963e-02,6.62050714e-03,2.31683378e-02,-1.69920456e-03,4.32707398e-04,-2.30648422e-04
9.94000000e+02,1.72393611e+02,2.95053073e-02,-8.31163802e-03,6.06823844e-02,6.93959724e-03,2.24654815e-02,1.46294825e+02,2.98537321e-02,-7.90659463e-03,2.60987859e+01,-3.48424806e-04,-4.05043389e-04,6.23776182e-02,6.57532320e-03,2.27551269e-02,-1.69523380e-03,3.64274042e-04,-2.89645443e-04
9.95000000e+02,1.72394844e+02,2.91788406e-02,-1.23807823e-02,6.06527049e-02,8.36006850e-03,2.24354034e-02,1.46294451e+02,2.94423916e-02,-1.16070635e-02,2.61003936e+01,-2.63550925e-04,-7.73718884e-04,6.23480194e-02,7.91989081e-03,2.26732248e-02,-1.69531452e-03,4.40177681e-04,-2.37821477e-04
9.96000000e+02,1.72404004e+02,2.74675516e-02,-1.01387620e-02,6.06835870e-02,8.57100169e-03,2.13953357e-02,1.46301197e+02,2.78121563e-02,-9.76041916e-03,2.61028065e+01,-3.44604698e-04,-3.78342842e-04,6.23742569e-02,8.20625287e-03,2.16818084e-02,-1.69066993e-03,3.64748822e-04,-2.86472729e-04
9.97000000e+02,1.72403700e+02,2.78129404e-02,-1.13371786e-02,6.06672138e-02,8.48417682e-03,2.14137082e-02,1.46299321e+02,2.80446247e-02,-1.06161186e-02,2.61043796e+01,-2.31684258e-04,-7.21060019e-04,6.23573765e-02,8.07513987e-03,2.16346271e-02,-1.69016263e-03,4.09036949e-04,-2.20918828e-04
9.98000000e+02,1.72413755e+02,2.73666326e-02,-9.01745609e-03,6.06999643e-02,7.47654332e-03,2.10243129e-02,1.46306827e+02,2.76919038e-02,-8.65538877e-03,2.61069286e+01,-3.25271151e-04,-3.62067324e-04,6.23861047e-02,7.13805496e-03,2.13016831e-02,-1.68614035e-03,3.38488360e-04,-2.77370125e-04
9.99000000e+02,1.72414601e+02,2.69737078e-02,-1.21551073e-02,6.06752118e-02,8.24233355e-03,2.09981508e-02,1.46306110e+02,2.72182508e-02,-1.14137162e-02,2.61084908e+01,-2.44542999e-04,-7.41391118e-04,6.23612355e-02,7.82300785e-03,2.12222568e-02,-1.68602369e-03,4.19325701e-04,-2.24106023e-04
1.00000000e+03,1.72423226e+02,2.59222733e-02,-9.65343941e-03,6.07736432e-02,8.19441748e-03,2.03862428e-02,1.46312397e+02,2.62378777e-02,-9.29629676e-03,2.61108294e+01,-3.15604415e-04,-3.57142650e-04,6.24544898e-02,7.84913951e-03,2.06553914e-02,-1.68084663e-03,3.45277974e-04,-2.69148584e-04
