/*--------------------------------*- C++ -*----------------------------------*\
| =========                 |                                                 |
| \\      /  F ield         | OpenFOAM: The Open Source CFD Toolbox           |
|  \\    /   O peration     | Version:  v2512                                 |
|   \\  /    A nd           | Website:  www.openfoam.com                      |
|    \\/     M anipulation  |                                                 |
\*---------------------------------------------------------------------------*/
FoamFile
{
    version     2.0;
    format      ascii;
    class       dictionary;
    object      blockMeshDict;
}
// GENERATED by scripts/gen_blockmesh.py from constant/caseProperties and
// system/blockMeshParams. Do not edit; change the params and regenerate.
// * * * * * * * * * * * * * * * * * * * * * * * * * * * * * * * * * * * * * //

scale   0.001;

vertices
(
    (0 0 0)  // 0
    (1.30645592 0.5 0)  // 1
    (1.84997742 0.5 0.5)  // 2
    (1.30645592 3.061617e-17 0.5)  // 3
    (1.84997742 -0.5 0.5)  // 4
    (1.30645592 -0.5 6.123234e-17)  // 5
    (1.84997742 -0.5 -0.5)  // 6
    (1.30645592 -9.18485099e-17 -0.5)  // 7
    (1.84997742 0.5 -0.5)  // 8
    (-227.424387 600 0)  // 9
    (-227.424387 424.264069 424.264069)  // 10
    (-227.424387 3.6739404e-14 600)  // 11
    (-227.424387 -424.264069 424.264069)  // 12
    (-227.424387 -600 7.34788079e-14)  // 13
    (-227.424387 -424.264069 -424.264069)  // 14
    (-227.424387 -1.10218212e-13 -600)  // 15
    (-227.424387 424.264069 -424.264069)  // 16
    (6.8271887 2.5789705 0)  // 17
    (6.8271887 600 0)  // 18
    (6.8271887 1.82360753 1.82360753)  // 19
    (6.8271887 424.264069 424.264069)  // 20
    (6.8271887 1.57916399e-16 2.5789705)  // 21
    (6.8271887 3.6739404e-14 600)  // 22
    (6.8271887 -1.82360753 1.82360753)  // 23
    (6.8271887 -424.264069 424.264069)  // 24
    (6.8271887 -2.5789705 3.15832797e-16)  // 25
    (6.8271887 -600 7.34788079e-14)  // 26
    (6.8271887 -1.82360753 -1.82360753)  // 27
    (6.8271887 -424.264069 -424.264069)  // 28
    (6.8271887 -4.73749196e-16 -2.5789705)  // 29
    (6.8271887 -1.10218212e-13 -600)  // 30
    (6.8271887 1.82360753 -1.82360753)  // 31
    (6.8271887 424.264069 -424.264069)  // 32
    (11.8593328 4.42652679 0)  // 33
    (11.8593328 600 0)  // 34
    (11.8593328 3.13002711 3.13002711)  // 35
    (11.8593328 424.264069 424.264069)  // 36
    (11.8593328 2.71046593e-16 4.42652679)  // 37
    (11.8593328 3.6739404e-14 600)  // 38
    (11.8593328 -3.13002711 3.13002711)  // 39
    (11.8593328 -424.264069 424.264069)  // 40
    (11.8593328 -4.42652679 5.42093186e-16)  // 41
    (11.8593328 -600 7.34788079e-14)  // 42
    (11.8593328 -3.13002711 -3.13002711)  // 43
    (11.8593328 -424.264069 -424.264069)  // 44
    (11.8593328 -8.13139779e-16 -4.42652679)  // 45
    (11.8593328 -1.10218212e-13 -600)  // 46
    (11.8593328 3.13002711 -3.13002711)  // 47
    (11.8593328 424.264069 -424.264069)  // 48
    (16.8736413 6.22294799 0)  // 49
    (16.8736413 600 0)  // 50
    (16.8736413 4.40028873 4.40028873)  // 51
    (16.8736413 424.264069 424.264069)  // 52
    (16.8736413 3.81045667e-16 6.22294799)  // 53
    (16.8736413 3.6739404e-14 600)  // 54
    (16.8736413 -4.40028873 4.40028873)  // 55
    (16.8736413 -424.264069 424.264069)  // 56
    (16.8736413 -6.22294799 7.62091334e-16)  // 57
    (16.8736413 -600 7.34788079e-14)  // 58
    (16.8736413 -4.40028873 -4.40028873)  // 59
    (16.8736413 -424.264069 -424.264069)  // 60
    (16.8736413 -1.143137e-15 -6.22294799)  // 61
    (16.8736413 -1.10218212e-13 -600)  // 62
    (16.8736413 4.40028873 -4.40028873)  // 63
    (16.8736413 424.264069 -424.264069)  // 64
    (21.8879498 7.97523527 0)  // 65
    (21.8879498 600 0)  // 66
    (21.8879498 5.63934294 5.63934294)  // 67
    (21.8879498 424.264069 424.264069)  // 68
    (21.8879498 4.88342317e-16 7.97523527)  // 69
    (21.8879498 3.6739404e-14 600)  // 70
    (21.8879498 -5.63934294 5.63934294)  // 71
    (21.8879498 -424.264069 424.264069)  // 72
    (21.8879498 -7.97523527 9.76684634e-16)  // 73
    (21.8879498 -600 7.34788079e-14)  // 74
    (21.8879498 -5.63934294 -5.63934294)  // 75
    (21.8879498 -424.264069 -424.264069)  // 76
    (21.8879498 -1.46502695e-15 -7.97523527)  // 77
    (21.8879498 -1.10218212e-13 -600)  // 78
    (21.8879498 5.63934294 -5.63934294)  // 79
    (21.8879498 424.264069 -424.264069)  // 80
    (26.9022582 9.68374858 0)  // 81
    (26.9022582 600 0)  // 82
    (26.9022582 6.84744429 6.84744429)  // 83
    (26.9022582 424.264069 424.264069)  // 84
    (26.9022582 5.92958585e-16 9.68374858)  // 85
    (26.9022582 3.6739404e-14 600)  // 86
    (26.9022582 -6.84744429 6.84744429)  // 87
    (26.9022582 -424.264069 424.264069)  // 88
    (26.9022582 -9.68374858 1.18591717e-15)  // 89
    (26.9022582 -600 7.34788079e-14)  // 90
    (26.9022582 -6.84744429 -6.84744429)  // 91
    (26.9022582 -424.264069 -424.264069)  // 92
    (26.9022582 -1.77887576e-15 -9.68374858)  // 93
    (26.9022582 -1.10218212e-13 -600)  // 94
    (26.9022582 6.84744429 -6.84744429)  // 95
    (26.9022582 424.264069 -424.264069)  // 96
    (31.9165667 11.3488352 0)  // 97
    (31.9165667 600 0)  // 98
    (31.9165667 8.02483829 8.02483829)  // 99
    (31.9165667 424.264069 424.264069)  // 100
    (31.9165667 6.94915732e-16 11.3488352)  // 101
    (31.9165667 3.6739404e-14 600)  // 102
    (31.9165667 -8.02483829 8.02483829)  // 103
    (31.9165667 -424.264069 424.264069)  // 104
    (31.9165667 -11.3488352 1.38983146e-15)  // 105
    (31.9165667 -600 7.34788079e-14)  // 106
    (31.9165667 -8.02483829 -8.02483829)  // 107
    (31.9165667 -424.264069 -424.264069)  // 108
    (31.9165667 -2.0847472e-15 -11.3488352)  // 109
    (31.9165667 -1.10218212e-13 -600)  // 110
    (31.9165667 8.02483829 -8.02483829)  // 111
    (31.9165667 424.264069 -424.264069)  // 112
    (36.9308751 12.9708298 0)  // 113
    (36.9308751 600 0)  // 114
    (36.9308751 9.17176174 9.17176174)  // 115
    (36.9308751 424.264069 424.264069)  // 116
    (36.9308751 7.94234263e-16 12.9708298)  // 117
    (36.9308751 3.6739404e-14 600)  // 118
    (36.9308751 -9.17176174 9.17176174)  // 119
    (36.9308751 -424.264069 424.264069)  // 120
    (36.9308751 -12.9708298 1.58846853e-15)  // 121
    (36.9308751 -600 7.34788079e-14)  // 122
    (36.9308751 -9.17176174 -9.17176174)  // 123
    (36.9308751 -424.264069 -424.264069)  // 124
    (36.9308751 -2.38270279e-15 -12.9708298)  // 125
    (36.9308751 -1.10218212e-13 -600)  // 126
    (36.9308751 9.17176174 -9.17176174)  // 127
    (36.9308751 424.264069 -424.264069)  // 128
    (41.9451836 14.5500556 0)  // 129
    (41.9451836 600 0)  // 130
    (41.9451836 10.288443 10.288443)  // 131
    (41.9451836 424.264069 424.264069)  // 132
    (41.9451836 8.90933949e-16 14.5500556)  // 133
    (41.9451836 3.6739404e-14 600)  // 134
    (41.9451836 -10.288443 10.288443)  // 135
    (41.9451836 -424.264069 424.264069)  // 136
    (41.9451836 -14.5500556 1.7818679e-15)  // 137
    (41.9451836 -600 7.34788079e-14)  // 138
    (41.9451836 -10.288443 -10.288443)  // 139
    (41.9451836 -424.264069 -424.264069)  // 140
    (41.9451836 -2.67280185e-15 -14.5500556)  // 141
    (41.9451836 -1.10218212e-13 -600)  // 142
    (41.9451836 10.288443 -10.288443)  // 143
    (41.9451836 424.264069 -424.264069)  // 144
    (46.959492 16.0868236 0)  // 145
    (46.959492 600 0)  // 146
    (46.959492 11.3751021 11.3751021)  // 147
    (46.959492 424.264069 424.264069)  // 148
    (46.959492 9.85033853e-16 16.0868236)  // 149
    (46.959492 3.6739404e-14 600)  // 150
    (46.959492 -11.3751021 11.3751021)  // 151
    (46.959492 -424.264069 424.264069)  // 152
    (46.959492 -16.0868236 1.97006771e-15)  // 153
    (46.959492 -600 7.34788079e-14)  // 154
    (46.959492 -11.3751021 -11.3751021)  // 155
    (46.959492 -424.264069 -424.264069)  // 156
    (46.959492 -2.95510156e-15 -16.0868236)  // 157
    (46.959492 -1.10218212e-13 -600)  // 158
    (46.959492 11.3751021 -11.3751021)  // 159
    (46.959492 424.264069 -424.264069)  // 160
    (51.9738005 17.581434 0)  // 161
    (51.9738005 600 0)  // 162
    (51.9738005 12.4319512 12.4319512)  // 163
    (51.9738005 424.264069 424.264069)  // 164
    (51.9738005 1.07655234e-15 17.581434)  // 165
    (51.9738005 3.6739404e-14 600)  // 166
    (51.9738005 -12.4319512 12.4319512)  // 167
    (51.9738005 -424.264069 424.264069)  // 168
    (51.9738005 -17.581434 2.15310469e-15)  // 169
    (51.9738005 -600 7.34788079e-14)  // 170
    (51.9738005 -12.4319512 -12.4319512)  // 171
    (51.9738005 -424.264069 -424.264069)  // 172
    (51.9738005 -3.22965703e-15 -17.581434)  // 173
    (51.9738005 -1.10218212e-13 -600)  // 174
    (51.9738005 12.4319512 -12.4319512)  // 175
    (51.9738005 424.264069 -424.264069)  // 176
    (56.9881089 19.0341759 0)  // 177
    (56.9881089 600 0)  // 178
    (56.9881089 13.4591948 13.4591948)  // 179
    (56.9881089 424.264069 424.264069)  // 180
    (56.9881089 1.16550713e-15 19.0341759)  // 181
    (56.9881089 3.6739404e-14 600)  // 182
    (56.9881089 -13.4591948 13.4591948)  // 183
    (56.9881089 -424.264069 424.264069)  // 184
    (56.9881089 -19.0341759 2.33101425e-15)  // 185
    (56.9881089 -600 7.34788079e-14)  // 186
    (56.9881089 -13.4591948 -13.4591948)  // 187
    (56.9881089 -424.264069 -424.264069)  // 188
    (56.9881089 -3.49652138e-15 -19.0341759)  // 189
    (56.9881089 -1.10218212e-13 -600)  // 190
    (56.9881089 13.4591948 -13.4591948)  // 191
    (56.9881089 424.264069 -424.264069)  // 192
    (62.0024174 20.4453276 0)  // 193
    (62.0024174 600 0)  // 194
    (62.0024174 14.4570298 14.4570298)  // 195
    (62.0024174 424.264069 424.264069)  // 196
    (62.0024174 1.25191525e-15 20.4453276)  // 197
    (62.0024174 3.6739404e-14 600)  // 198
    (62.0024174 -14.4570298 14.4570298)  // 199
    (62.0024174 -424.264069 424.264069)  // 200
    (62.0024174 -20.4453276 2.5038305e-15)  // 201
    (62.0024174 -600 7.34788079e-14)  // 202
    (62.0024174 -14.4570298 -14.4570298)  // 203
    (62.0024174 -424.264069 -424.264069)  // 204
    (62.0024174 -3.75574576e-15 -20.4453276)  // 205
    (62.0024174 -1.10218212e-13 -600)  // 206
    (62.0024174 14.4570298 -14.4570298)  // 207
    (62.0024174 424.264069 -424.264069)  // 208
    (67.0167258 21.8151574 0)  // 209
    (67.0167258 600 0)  // 210
    (67.0167258 15.4256458 15.4256458)  // 211
    (67.0167258 424.264069 424.264069)  // 212
    (67.0167258 1.33579314e-15 21.8151574)  // 213
    (67.0167258 3.6739404e-14 600)  // 214
    (67.0167258 -15.4256458 15.4256458)  // 215
    (67.0167258 -424.264069 424.264069)  // 216
    (67.0167258 -21.8151574 2.67158627e-15)  // 217
    (67.0167258 -600 7.34788079e-14)  // 218
    (67.0167258 -15.4256458 -15.4256458)  // 219
    (67.0167258 -424.264069 -424.264069)  // 220
    (67.0167258 -4.00737941e-15 -21.8151574)  // 221
    (67.0167258 -1.10218212e-13 -600)  // 222
    (67.0167258 15.4256458 -15.4256458)  // 223
    (67.0167258 424.264069 -424.264069)  // 224
    (72.0310343 23.1439234 0)  // 225
    (72.0310343 600 0)  // 226
    (72.0310343 16.3652252 16.3652252)  // 227
    (72.0310343 424.264069 424.264069)  // 228
    (72.0310343 1.41715658e-15 23.1439234)  // 229
    (72.0310343 3.6739404e-14 600)  // 230
    (72.0310343 -16.3652252 16.3652252)  // 231
    (72.0310343 -424.264069 424.264069)  // 232
    (72.0310343 -23.1439234 2.83431317e-15)  // 233
    (72.0310343 -600 7.34788079e-14)  // 234
    (72.0310343 -16.3652252 -16.3652252)  // 235
    (72.0310343 -424.264069 -424.264069)  // 236
    (72.0310343 -4.25146975e-15 -23.1439234)  // 237
    (72.0310343 -1.10218212e-13 -600)  // 238
    (72.0310343 16.3652252 -16.3652252)  // 239
    (72.0310343 424.264069 -424.264069)  // 240
    (77.0453428 24.4318738 0)  // 241
    (77.0453428 600 0)  // 242
    (77.0453428 17.2759436 17.2759436)  // 243
    (77.0453428 424.264069 424.264069)  // 244
    (77.0453428 1.4960208e-15 24.4318738)  // 245
    (77.0453428 3.6739404e-14 600)  // 246
    (77.0453428 -17.2759436 17.2759436)  // 247
    (77.0453428 -424.264069 424.264069)  // 248
    (77.0453428 -24.4318738 2.9920416e-15)  // 249
    (77.0453428 -600 7.34788079e-14)  // 250
    (77.0453428 -17.2759436 -17.2759436)  // 251
    (77.0453428 -424.264069 -424.264069)  // 252
    (77.0453428 -4.4880624e-15 -24.4318738)  // 253
    (77.0453428 -1.10218212e-13 -600)  // 254
    (77.0453428 17.2759436 -17.2759436)  // 255
    (77.0453428 424.264069 -424.264069)  // 256
    (82.0596512 25.6792473 0)  // 257
    (82.0596512 600 0)  // 258
    (82.0596512 18.1579699 18.1579699)  // 259
    (82.0596512 424.264069 424.264069)  // 260
    (82.0596512 1.5724004e-15 25.6792473)  // 261
    (82.0596512 3.6739404e-14 600)  // 262
    (82.0596512 -18.1579699 18.1579699)  // 263
    (82.0596512 -424.264069 424.264069)  // 264
    (82.0596512 -25.6792473 3.1448008e-15)  // 265
    (82.0596512 -600 7.34788079e-14)  // 266
    (82.0596512 -18.1579699 -18.1579699)  // 267
    (82.0596512 -424.264069 -424.264069)  // 268
    (82.0596512 -4.71720121e-15 -25.6792473)  // 269
    (82.0596512 -1.10218212e-13 -600)  // 270
    (82.0596512 18.1579699 -18.1579699)  // 271
    (82.0596512 424.264069 -424.264069)  // 272
    (87.0739597 26.8862736 0)  // 273
    (87.0739597 600 0)  // 274
    (87.0739597 19.0114664 19.0114664)  // 275
    (87.0739597 424.264069 424.264069)  // 276
    (87.0739597 1.64630944e-15 26.8862736)  // 277
    (87.0739597 3.6739404e-14 600)  // 278
    (87.0739597 -19.0114664 19.0114664)  // 279
    (87.0739597 -424.264069 424.264069)  // 280
    (87.0739597 -26.8862736 3.29261889e-15)  // 281
    (87.0739597 -600 7.34788079e-14)  // 282
    (87.0739597 -19.0114664 -19.0114664)  // 283
    (87.0739597 -424.264069 -424.264069)  // 284
    (87.0739597 -4.93892833e-15 -26.8862736)  // 285
    (87.0739597 -1.10218212e-13 -600)  // 286
    (87.0739597 19.0114664 -19.0114664)  // 287
    (87.0739597 424.264069 -424.264069)  // 288
    (92.0882681 28.0531729 0)  // 289
    (92.0882681 600 0)  // 290
    (92.0882681 19.8365888 19.8365888)  // 291
    (92.0882681 424.264069 424.264069)  // 292
    (92.0882681 1.71776142e-15 28.0531729)  // 293
    (92.0882681 3.6739404e-14 600)  // 294
    (92.0882681 -19.8365888 19.8365888)  // 295
    (92.0882681 -424.264069 424.264069)  // 296
    (92.0882681 -28.0531729 3.43552284e-15)  // 297
    (92.0882681 -600 7.34788079e-14)  // 298
    (92.0882681 -19.8365888 -19.8365888)  // 299
    (92.0882681 -424.264069 -424.264069)  // 300
    (92.0882681 -5.15328425e-15 -28.0531729)  // 301
    (92.0882681 -1.10218212e-13 -600)  // 302
    (92.0882681 19.8365888 -19.8365888)  // 303
    (92.0882681 424.264069 -424.264069)  // 304
    (97.1025766 29.1801568 0)  // 305
    (97.1025766 600 0)  // 306
    (97.1025766 20.6334867 20.6334867)  // 307
    (97.1025766 424.264069 424.264069)  // 308
    (97.1025766 1.78676928e-15 29.1801568)  // 309
    (97.1025766 3.6739404e-14 600)  // 310
    (97.1025766 -20.6334867 20.6334867)  // 311
    (97.1025766 -424.264069 424.264069)  // 312
    (97.1025766 -29.1801568 3.57353856e-15)  // 313
    (97.1025766 -600 7.34788079e-14)  // 314
    (97.1025766 -20.6334867 -20.6334867)  // 315
    (97.1025766 -424.264069 -424.264069)  // 316
    (97.1025766 -5.36030784e-15 -29.1801568)  // 317
    (97.1025766 -1.10218212e-13 -600)  // 318
    (97.1025766 20.6334867 -20.6334867)  // 319
    (97.1025766 424.264069 -424.264069)  // 320
    (102.116885 30.2674282 0)  // 321
    (102.116885 600 0)  // 322
    (102.116885 21.4023038 21.4023038)  // 323
    (102.116885 424.264069 424.264069)  // 324
    (102.116885 1.85334546e-15 30.2674282)  // 325
    (102.116885 3.6739404e-14 600)  // 326
    (102.116885 -21.4023038 21.4023038)  // 327
    (102.116885 -424.264069 424.264069)  // 328
    (102.116885 -30.2674282 3.70669091e-15)  // 329
    (102.116885 -600 7.34788079e-14)  // 330
    (102.116885 -21.4023038 -21.4023038)  // 331
    (102.116885 -424.264069 -424.264069)  // 332
    (102.116885 -5.56003637e-15 -30.2674282)  // 333
    (102.116885 -1.10218212e-13 -600)  // 334
    (102.116885 21.4023038 -21.4023038)  // 335
    (102.116885 424.264069 -424.264069)  // 336
    (107.131193 31.3151817 0)  // 337
    (107.131193 600 0)  // 338
    (107.131193 22.1431773 22.1431773)  // 339
    (107.131193 424.264069 424.264069)  // 340
    (107.131193 1.91750185e-15 31.3151817)  // 341
    (107.131193 3.6739404e-14 600)  // 342
    (107.131193 -22.1431773 22.1431773)  // 343
    (107.131193 -424.264069 424.264069)  // 344
    (107.131193 -31.3151817 3.8350037e-15)  // 345
    (107.131193 -600 7.34788079e-14)  // 346
    (107.131193 -22.1431773 -22.1431773)  // 347
    (107.131193 -424.264069 -424.264069)  // 348
    (107.131193 -5.75250555e-15 -31.3151817)  // 349
    (107.131193 -1.10218212e-13 -600)  // 350
    (107.131193 22.1431773 -22.1431773)  // 351
    (107.131193 424.264069 -424.264069)  // 352
    (112.145502 32.3236033 0)  // 353
    (112.145502 600 0)  // 354
    (112.145502 22.8562391 22.8562391)  // 355
    (112.145502 424.264069 424.264069)  // 356
    (112.145502 1.97924986e-15 32.3236033)  // 357
    (112.145502 3.6739404e-14 600)  // 358
    (112.145502 -22.8562391 22.8562391)  // 359
    (112.145502 -424.264069 424.264069)  // 360
    (112.145502 -32.3236033 3.95849973e-15)  // 361
    (112.145502 -600 7.34788079e-14)  // 362
    (112.145502 -22.8562391 -22.8562391)  // 363
    (112.145502 -424.264069 -424.264069)  // 364
    (112.145502 -5.93774959e-15 -32.3236033)  // 365
    (112.145502 -1.10218212e-13 -600)  // 366
    (112.145502 22.8562391 -22.8562391)  // 367
    (112.145502 424.264069 -424.264069)  // 368
    (117.15981 33.2928711 0)  // 369
    (117.15981 600 0)  // 370
    (117.15981 23.541615 23.541615)  // 371
    (117.15981 424.264069 424.264069)  // 372
    (117.15981 2.0386004e-15 33.2928711)  // 373
    (117.15981 3.6739404e-14 600)  // 374
    (117.15981 -23.541615 23.541615)  // 375
    (117.15981 -424.264069 424.264069)  // 376
    (117.15981 -33.2928711 4.07720081e-15)  // 377
    (117.15981 -600 7.34788079e-14)  // 378
    (117.15981 -23.541615 -23.541615)  // 379
    (117.15981 -424.264069 -424.264069)  // 380
    (117.15981 -6.11580121e-15 -33.2928711)  // 381
    (117.15981 -1.10218212e-13 -600)  // 382
    (117.15981 23.541615 -23.541615)  // 383
    (117.15981 424.264069 -424.264069)  // 384
    (122.174119 34.2231554 0)  // 385
    (122.174119 600 0)  // 386
    (122.174119 24.1994253 24.1994253)  // 387
    (122.174119 424.264069 424.264069)  // 388
    (122.174119 2.09556389e-15 34.2231554)  // 389
    (122.174119 3.6739404e-14 600)  // 390
    (122.174119 -24.1994253 24.1994253)  // 391
    (122.174119 -424.264069 424.264069)  // 392
    (122.174119 -34.2231554 4.19112778e-15)  // 393
    (122.174119 -600 7.34788079e-14)  // 394
    (122.174119 -24.1994253 -24.1994253)  // 395
    (122.174119 -424.264069 -424.264069)  // 396
    (122.174119 -6.28669167e-15 -34.2231554)  // 397
    (122.174119 -1.10218212e-13 -600)  // 398
    (122.174119 24.1994253 -24.1994253)  // 399
    (122.174119 424.264069 -424.264069)  // 400
    (127.188427 35.1146186 0)  // 401
    (127.188427 600 0)  // 402
    (127.188427 24.8297849 24.8297849)  // 403
    (127.188427 424.264069 424.264069)  // 404
    (127.188427 2.15015026e-15 35.1146186)  // 405
    (127.188427 3.6739404e-14 600)  // 406
    (127.188427 -24.8297849 24.8297849)  // 407
    (127.188427 -424.264069 424.264069)  // 408
    (127.188427 -35.1146186 4.30030052e-15)  // 409
    (127.188427 -600 7.34788079e-14)  // 410
    (127.188427 -24.8297849 -24.8297849)  // 411
    (127.188427 -424.264069 -424.264069)  // 412
    (127.188427 -6.45045079e-15 -35.1146186)  // 413
    (127.188427 -1.10218212e-13 -600)  // 414
    (127.188427 24.8297849 -24.8297849)  // 415
    (127.188427 424.264069 -424.264069)  // 416
    (132.202736 35.9674153 0)  // 417
    (132.202736 600 0)  // 418
    (132.202736 25.4328033 25.4328033)  // 419
    (132.202736 424.264069 424.264069)  // 420
    (132.202736 2.202369e-15 35.9674153)  // 421
    (132.202736 3.6739404e-14 600)  // 422
    (132.202736 -25.4328033 25.4328033)  // 423
    (132.202736 -424.264069 424.264069)  // 424
    (132.202736 -35.9674153 4.404738e-15)  // 425
    (132.202736 -600 7.34788079e-14)  // 426
    (132.202736 -25.4328033 -25.4328033)  // 427
    (132.202736 -424.264069 -424.264069)  // 428
    (132.202736 -6.607107e-15 -35.9674153)  // 429
    (132.202736 -1.10218212e-13 -600)  // 430
    (132.202736 25.4328033 -25.4328033)  // 431
    (132.202736 424.264069 -424.264069)  // 432
    (137.217044 36.7816929 0)  // 433
    (137.217044 600 0)  // 434
    (137.217044 26.0085845 26.0085845)  // 435
    (137.217044 424.264069 424.264069)  // 436
    (137.217044 2.25222913e-15 36.7816929)  // 437
    (137.217044 3.6739404e-14 600)  // 438
    (137.217044 -26.0085845 26.0085845)  // 439
    (137.217044 -424.264069 424.264069)  // 440
    (137.217044 -36.7816929 4.50445825e-15)  // 441
    (137.217044 -600 7.34788079e-14)  // 442
    (137.217044 -26.0085845 -26.0085845)  // 443
    (137.217044 -424.264069 -424.264069)  // 444
    (137.217044 -6.75668738e-15 -36.7816929)  // 445
    (137.217044 -1.10218212e-13 -600)  // 446
    (137.217044 26.0085845 -26.0085845)  // 447
    (137.217044 424.264069 -424.264069)  // 448
    (142.231353 37.5575914 0)  // 449
    (142.231353 600 0)  // 450
    (142.231353 26.5572276 26.5572276)  // 451
    (142.231353 424.264069 424.264069)  // 452
    (142.231353 2.29973921e-15 37.5575914)  // 453
    (142.231353 3.6739404e-14 600)  // 454
    (142.231353 -26.5572276 26.5572276)  // 455
    (142.231353 -424.264069 424.264069)  // 456
    (142.231353 -37.5575914 4.59947841e-15)  // 457
    (142.231353 -600 7.34788079e-14)  // 458
    (142.231353 -26.5572276 -26.5572276)  // 459
    (142.231353 -424.264069 -424.264069)  // 460
    (142.231353 -6.89921762e-15 -37.5575914)  // 461
    (142.231353 -1.10218212e-13 -600)  // 462
    (142.231353 26.5572276 -26.5572276)  // 463
    (142.231353 424.264069 -424.264069)  // 464
    (147.245661 38.2952435 0)  // 465
    (147.245661 600 0)  // 466
    (147.245661 27.0788263 27.0788263)  // 467
    (147.245661 424.264069 424.264069)  // 468
    (147.245661 2.34490737e-15 38.2952435)  // 469
    (147.245661 3.6739404e-14 600)  // 470
    (147.245661 -27.0788263 27.0788263)  // 471
    (147.245661 -424.264069 424.264069)  // 472
    (147.245661 -38.2952435 4.68981473e-15)  // 473
    (147.245661 -600 7.34788079e-14)  // 474
    (147.245661 -27.0788263 -27.0788263)  // 475
    (147.245661 -424.264069 -424.264069)  // 476
    (147.245661 -7.0347221e-15 -38.2952435)  // 477
    (147.245661 -1.10218212e-13 -600)  // 478
    (147.245661 27.0788263 -27.0788263)  // 479
    (147.245661 424.264069 -424.264069)  // 480
    (152.25997 38.9947747 0)  // 481
    (152.25997 600 0)  // 482
    (152.25997 27.5734696 27.5734696)  // 483
    (152.25997 424.264069 424.264069)  // 484
    (152.25997 2.3877413e-15 38.9947747)  // 485
    (152.25997 3.6739404e-14 600)  // 486
    (152.25997 -27.5734696 27.5734696)  // 487
    (152.25997 -424.264069 424.264069)  // 488
    (152.25997 -38.9947747 4.7754826e-15)  // 489
    (152.25997 -600 7.34788079e-14)  // 490
    (152.25997 -27.5734696 -27.5734696)  // 491
    (152.25997 -424.264069 -424.264069)  // 492
    (152.25997 -7.1632239e-15 -38.9947747)  // 493
    (152.25997 -1.10218212e-13 -600)  // 494
    (152.25997 27.5734696 -27.5734696)  // 495
    (152.25997 424.264069 -424.264069)  // 496
    (157.672859 39.7072607 0)  // 497
    (157.672859 600 0)  // 498
    (157.672859 28.0772733 28.0772733)  // 499
    (157.672859 424.264069 424.264069)  // 500
    (157.672859 2.43136849e-15 39.7072607)  // 501
    (157.672859 3.6739404e-14 600)  // 502
    (157.672859 -28.0772733 28.0772733)  // 503
    (157.672859 -424.264069 424.264069)  // 504
    (157.672859 -39.7072607 4.86273698e-15)  // 505
    (157.672859 -600 7.34788079e-14)  // 506
    (157.672859 -28.0772733 -28.0772733)  // 507
    (157.672859 -424.264069 -424.264069)  // 508
    (157.672859 -7.29410546e-15 -39.7072607)  // 509
    (157.672859 -1.10218212e-13 -600)  // 510
    (157.672859 28.0772733 -28.0772733)  // 511
    (157.672859 424.264069 -424.264069)  // 512
    (160 40 0)  // 513
    (160 600 0)  // 514
    (160 28.2842712 28.2842712)  // 515
    (160 424.264069 424.264069)  // 516
    (160 2.4492936e-15 40)  // 517
    (160 3.6739404e-14 600)  // 518
    (160 -28.2842712 28.2842712)  // 519
    (160 -424.264069 424.264069)  // 520
    (160 -40 4.8985872e-15)  // 521
    (160 -600 7.34788079e-14)  // 522
    (160 -28.2842712 -28.2842712)  // 523
    (160 -424.264069 -424.264069)  // 524
    (160 -7.34788079e-15 -40)  // 525
    (160 -1.10218212e-13 -600)  // 526
    (160 28.2842712 -28.2842712)  // 527
    (160 424.264069 -424.264069)  // 528
    (800 40 0)  // 529
    (800 600 0)  // 530
    (800 28.2842712 28.2842712)  // 531
    (800 424.264069 424.264069)  // 532
    (800 2.4492936e-15 40)  // 533
    (800 3.6739404e-14 600)  // 534
    (800 -28.2842712 28.2842712)  // 535
    (800 -424.264069 424.264069)  // 536
    (800 -40 4.8985872e-15)  // 537
    (800 -600 7.34788079e-14)  // 538
    (800 -28.2842712 -28.2842712)  // 539
    (800 -424.264069 -424.264069)  // 540
    (800 -7.34788079e-15 -40)  // 541
    (800 -1.10218212e-13 -600)  // 542
    (800 28.2842712 -28.2842712)  // 543
    (800 424.264069 -424.264069)  // 544
    (-800 0 0)  // 545
    (-800 40 0)  // 546
    (-800 600 0)  // 547
    (-800 40 40)  // 548
    (-800 424.264069 424.264069)  // 549
    (-800 2.4492936e-15 40)  // 550
    (-800 3.6739404e-14 600)  // 551
    (-800 -40 40)  // 552
    (-800 -424.264069 424.264069)  // 553
    (-800 -40 4.8985872e-15)  // 554
    (-800 -600 7.34788079e-14)  // 555
    (-800 -40 -40)  // 556
    (-800 -424.264069 -424.264069)  // 557
    (-800 -7.34788079e-15 -40)  // 558
    (-800 -1.10218212e-13 -600)  // 559
    (-800 40 -40)  // 560
    (-800 424.264069 -424.264069)  // 561
    (800 0 0)  // 562
    (5600 0 0)  // 563
    (800 20 0)  // 564
    (5600 20 0)  // 565
    (5600 40 0)  // 566
    (5600 600 0)  // 567
    (800 20 20)  // 568
    (5600 20 20)  // 569
    (5600 28.2842712 28.2842712)  // 570
    (5600 424.264069 424.264069)  // 571
    (800 1.2246468e-15 20)  // 572
    (5600 1.2246468e-15 20)  // 573
    (5600 2.4492936e-15 40)  // 574
    (5600 3.6739404e-14 600)  // 575
    (800 -20 20)  // 576
    (5600 -20 20)  // 577
    (5600 -28.2842712 28.2842712)  // 578
    (5600 -424.264069 424.264069)  // 579
    (800 -20 2.4492936e-15)  // 580
    (5600 -20 2.4492936e-15)  // 581
    (5600 -40 4.8985872e-15)  // 582
    (5600 -600 7.34788079e-14)  // 583
    (800 -20 -20)  // 584
    (5600 -20 -20)  // 585
    (5600 -28.2842712 -28.2842712)  // 586
    (5600 -424.264069 -424.264069)  // 587
    (800 -3.6739404e-15 -20)  // 588
    (5600 -3.6739404e-15 -20)  // 589
    (5600 -7.34788079e-15 -40)  // 590
    (5600 -1.10218212e-13 -600)  // 591
    (800 20 -20)  // 592
    (5600 20 -20)  // 593
    (5600 28.2842712 -28.2842712)  // 594
    (5600 424.264069 -424.264069)  // 595
);

blocks
(
    hex (1 9 10 2 17 18 20 19) (87 13 19)
        edgeGrading (((0.001052090816 0.2413793103 38.3376) (0.9989479092 0.7586206897 456.99316)) ((0.001052089976 0.2413793103 38.3376) (0.99894791 0.7586206897 456.99358)) ((0.001129984994 0.2413793103 38.3376) (0.998870015 0.7586206897 420.56169)) ((0.001129984994 0.2413793103 38.3376) (0.998870015 0.7586206897 420.56169)) 1 1 1 1 5.5599173 1 1 5.5599173)
    hex (2 10 11 3 19 20 22 21) (87 13 19)
        edgeGrading (((0.001052089976 0.2413793103 38.3376) (0.99894791 0.7586206897 456.99358)) ((0.001052090816 0.2413793103 38.3376) (0.9989479092 0.7586206897 456.99316)) ((0.001129984994 0.2413793103 38.3376) (0.998870015 0.7586206897 420.56169)) ((0.001129984994 0.2413793103 38.3376) (0.998870015 0.7586206897 420.56169)) 1 1 1 1 5.5599173 1 1 5.5599173)
    hex (3 11 12 4 21 22 24 23) (87 13 19)
        edgeGrading (((0.001052090816 0.2413793103 38.3376) (0.9989479092 0.7586206897 456.99316)) ((0.001052089976 0.2413793103 38.3376) (0.99894791 0.7586206897 456.99358)) ((0.001129984994 0.2413793103 38.3376) (0.998870015 0.7586206897 420.56169)) ((0.001129984994 0.2413793103 38.3376) (0.998870015 0.7586206897 420.56169)) 1 1 1 1 5.5599173 1 1 5.5599173)
    hex (4 12 13 5 23 24 26 25) (87 13 19)
        edgeGrading (((0.001052089976 0.2413793103 38.3376) (0.99894791 0.7586206897 456.99358)) ((0.001052090816 0.2413793103 38.3376) (0.9989479092 0.7586206897 456.99316)) ((0.001129984994 0.2413793103 38.3376) (0.998870015 0.7586206897 420.56169)) ((0.001129984994 0.2413793103 38.3376) (0.998870015 0.7586206897 420.56169)) 1 1 1 1 5.5599173 1 1 5.5599173)
    hex (5 13 14 6 25 26 28 27) (87 13 19)
        edgeGrading (((0.001052090816 0.2413793103 38.3376) (0.9989479092 0.7586206897 456.99316)) ((0.001052089976 0.2413793103 38.3376) (0.99894791 0.7586206897 456.99358)) ((0.001129984994 0.2413793103 38.3376) (0.998870015 0.7586206897 420.56169)) ((0.001129984994 0.2413793103 38.3376) (0.998870015 0.7586206897 420.56169)) 1 1 1 1 5.5599173 1 1 5.5599173)
    hex (6 14 15 7 27 28 30 29) (87 13 19)
        edgeGrading (((0.001052089976 0.2413793103 38.3376) (0.99894791 0.7586206897 456.99358)) ((0.001052090816 0.2413793103 38.3376) (0.9989479092 0.7586206897 456.99316)) ((0.001129984994 0.2413793103 38.3376) (0.998870015 0.7586206897 420.56169)) ((0.001129984994 0.2413793103 38.3376) (0.998870015 0.7586206897 420.56169)) 1 1 1 1 5.5599173 1 1 5.5599173)
    hex (7 15 16 8 29 30 32 31) (87 13 19)
        edgeGrading (((0.001052090816 0.2413793103 38.3376) (0.9989479092 0.7586206897 456.99316)) ((0.001052089976 0.2413793103 38.3376) (0.99894791 0.7586206897 456.99358)) ((0.001129984994 0.2413793103 38.3376) (0.998870015 0.7586206897 420.56169)) ((0.001129984994 0.2413793103 38.3376) (0.998870015 0.7586206897 420.56169)) 1 1 1 1 5.5599173 1 1 5.5599173)
    hex (8 16 9 1 31 32 18 17) (87 13 19)
        edgeGrading (((0.001052089976 0.2413793103 38.3376) (0.99894791 0.7586206897 456.99358)) ((0.001052090816 0.2413793103 38.3376) (0.9989479092 0.7586206897 456.99316)) ((0.001129984994 0.2413793103 38.3376) (0.998870015 0.7586206897 420.56169)) ((0.001129984994 0.2413793103 38.3376) (0.998870015 0.7586206897 420.56169)) 1 1 1 1 5.5599173 1 1 5.5599173)
    hex (17 18 20 19 33 34 36 35) (87 13 6)
        edgeGrading (((0.001129984994 0.2413793103 38.3376) (0.998870015 0.7586206897 420.56169)) ((0.001129984994 0.2413793103 38.3376) (0.998870015 0.7586206897 420.56169)) ((0.001133490374 0.2413793103 38.3376) (0.9988665096 0.7586206897 419.04731)) ((0.001133490374 0.2413793103 38.3376) (0.9988665096 0.7586206897 419.04731)) 1 1 1 1 ((0.8007088702 0.8333333333 1.4641) (0.1992911298 0.1666666667 1)) 1 1 ((0.8007088702 0.8333333333 1.4641) (0.1992911298 0.1666666667 1)))
    hex (19 20 22 21 35 36 38 37) (87 13 6)
        edgeGrading (((0.001129984994 0.2413793103 38.3376) (0.998870015 0.7586206897 420.56169)) ((0.001129984994 0.2413793103 38.3376) (0.998870015 0.7586206897 420.56169)) ((0.001133490374 0.2413793103 38.3376) (0.9988665096 0.7586206897 419.04731)) ((0.001133490374 0.2413793103 38.3376) (0.9988665096 0.7586206897 419.04731)) 1 1 1 1 ((0.8007088702 0.8333333333 1.4641) (0.1992911298 0.1666666667 1)) 1 1 ((0.8007088702 0.8333333333 1.4641) (0.1992911298 0.1666666667 1)))
    hex (21 22 24 23 37 38 40 39) (87 13 6)
        edgeGrading (((0.001129984994 0.2413793103 38.3376) (0.998870015 0.7586206897 420.56169)) ((0.001129984994 0.2413793103 38.3376) (0.998870015 0.7586206897 420.56169)) ((0.001133490374 0.2413793103 38.3376) (0.9988665096 0.7586206897 419.04731)) ((0.001133490374 0.2413793103 38.3376) (0.9988665096 0.7586206897 419.04731)) 1 1 1 1 ((0.8007088702 0.8333333333 1.4641) (0.1992911298 0.1666666667 1)) 1 1 ((0.8007088702 0.8333333333 1.4641) (0.1992911298 0.1666666667 1)))
    hex (23 24 26 25 39 40 42 41) (87 13 6)
        edgeGrading (((0.001129984994 0.2413793103 38.3376) (0.998870015 0.7586206897 420.56169)) ((0.001129984994 0.2413793103 38.3376) (0.998870015 0.7586206897 420.56169)) ((0.001133490374 0.2413793103 38.3376) (0.9988665096 0.7586206897 419.04731)) ((0.001133490374 0.2413793103 38.3376) (0.9988665096 0.7586206897 419.04731)) 1 1 1 1 ((0.8007088702 0.8333333333 1.4641) (0.1992911298 0.1666666667 1)) 1 1 ((0.8007088702 0.8333333333 1.4641) (0.1992911298 0.1666666667 1)))
    hex (25 26 28 27 41 42 44 43) (87 13 6)
        edgeGrading (((0.001129984994 0.2413793103 38.3376) (0.998870015 0.7586206897 420.56169)) ((0.001129984994 0.2413793103 38.3376) (0.998870015 0.7586206897 420.56169)) ((0.001133490374 0.2413793103 38.3376) (0.9988665096 0.7586206897 419.04731)) ((0.001133490374 0.2413793103 38.3376) (0.9988665096 0.7586206897 419.04731)) 1 1 1 1 ((0.8007088702 0.8333333333 1.4641) (0.1992911298 0.1666666667 1)) 1 1 ((0.8007088702 0.8333333333 1.4641) (0.1992911298 0.1666666667 1)))
    hex (27 28 30 29 43 44 46 45) (87 13 6)
        edgeGrading (((0.001129984994 0.2413793103 38.3376) (0.998870015 0.7586206897 420.56169)) ((0.001129984994 0.2413793103 38.3376) (0.998870015 0.7586206897 420.56169)) ((0.001133490374 0.2413793103 38.3376) (0.9988665096 0.7586206897 419.04731)) ((0.001133490374 0.2413793103 38.3376) (0.9988665096 0.7586206897 419.04731)) 1 1 1 1 ((0.8007088702 0.8333333333 1.4641) (0.1992911298 0.1666666667 1)) 1 1 ((0.8007088702 0.8333333333 1.4641) (0.1992911298 0.1666666667 1)))
    hex (29 30 32 31 45 46 48 47) (87 13 6)
        edgeGrading (((0.001129984994 0.2413793103 38.3376) (0.998870015 0.7586206897 420.56169)) ((0.001129984994 0.2413793103 38.3376) (0.998870015 0.7586206897 420.56169)) ((0.001133490374 0.2413793103 38.3376) (0.9988665096 0.7586206897 419.04731)) ((0.001133490374 0.2413793103 38.3376) (0.9988665096 0.7586206897 419.04731)) 1 1 1 1 ((0.8007088702 0.8333333333 1.4641) (0.1992911298 0.1666666667 1)) 1 1 ((0.8007088702 0.8333333333 1.4641) (0.1992911298 0.1666666667 1)))
    hex (31 32 18 17 47 48 34 33) (87 13 6)
        edgeGrading (((0.001129984994 0.2413793103 38.3376) (0.998870015 0.7586206897 420.56169)) ((0.001129984994 0.2413793103 38.3376) (0.998870015 0.7586206897 420.56169)) ((0.001133490374 0.2413793103 38.3376) (0.9988665096 0.7586206897 419.04731)) ((0.001133490374 0.2413793103 38.3376) (0.9988665096 0.7586206897 419.04731)) 1 1 1 1 ((0.8007088702 0.8333333333 1.4641) (0.1992911298 0.1666666667 1)) 1 1 ((0.8007088702 0.8333333333 1.4641) (0.1992911298 0.1666666667 1)))
    hex (33 34 36 35 49 50 52 51) (87 13 5)
        edgeGrading (((0.001133490374 0.2413793103 38.3376) (0.9988665096 0.7586206897 419.04731)) ((0.001133490374 0.2413793103 38.3376) (0.9988665096 0.7586206897 419.04731)) ((0.001136919651 0.2413793103 38.3376) (0.9988630803 0.7586206897 417.57544)) ((0.001136919651 0.2413793103 38.3376) (0.9988630803 0.7586206897 417.57544)) 1 1 1 1 1 1 1 1)
    hex (35 36 38 37 51 52 54 53) (87 13 5)
        edgeGrading (((0.001133490374 0.2413793103 38.3376) (0.9988665096 0.7586206897 419.04731)) ((0.001133490374 0.2413793103 38.3376) (0.9988665096 0.7586206897 419.04731)) ((0.001136919651 0.2413793103 38.3376) (0.9988630803 0.7586206897 417.57544)) ((0.001136919651 0.2413793103 38.3376) (0.9988630803 0.7586206897 417.57544)) 1 1 1 1 1 1 1 1)
    hex (37 38 40 39 53 54 56 55) (87 13 5)
        edgeGrading (((0.001133490374 0.2413793103 38.3376) (0.9988665096 0.7586206897 419.04731)) ((0.001133490374 0.2413793103 38.3376) (0.9988665096 0.7586206897 419.04731)) ((0.001136919651 0.2413793103 38.3376) (0.9988630803 0.7586206897 417.57544)) ((0.001136919651 0.2413793103 38.3376) (0.9988630803 0.7586206897 417.57544)) 1 1 1 1 1 1 1 1)
    hex (39 40 42 41 55 56 58 57) (87 13 5)
        edgeGrading (((0.001133490374 0.2413793103 38.3376) (0.9988665096 0.7586206897 419.04731)) ((0.001133490374 0.2413793103 38.3376) (0.9988665096 0.7586206897 419.04731)) ((0.001136919651 0.2413793103 38.3376) (0.9988630803 0.7586206897 417.57544)) ((0.001136919651 0.2413793103 38.3376) (0.9988630803 0.7586206897 417.57544)) 1 1 1 1 1 1 1 1)
    hex (41 42 44 43 57 58 60 59) (87 13 5)
        edgeGrading (((0.001133490374 0.2413793103 38.3376) (0.9988665096 0.7586206897 419.04731)) ((0.001133490374 0.2413793103 38.3376) (0.9988665096 0.7586206897 419.04731)) ((0.001136919651 0.2413793103 38.3376) (0.9988630803 0.7586206897 417.57544)) ((0.001136919651 0.2413793103 38.3376) (0.9988630803 0.7586206897 417.57544)) 1 1 1 1 1 1 1 1)
    hex (43 44 46 45 59 60 62 61) (87 13 5)
        edgeGrading (((0.001133490374 0.2413793103 38.3376) (0.9988665096 0.7586206897 419.04731)) ((0.001133490374 0.2413793103 38.3376) (0.9988665096 0.7586206897 419.04731)) ((0.001136919651 0.2413793103 38.3376) (0.9988630803 0.7586206897 417.57544)) ((0.001136919651 0.2413793103 38.3376) (0.9988630803 0.7586206897 417.57544)) 1 1 1 1 1 1 1 1)
    hex (45 46 48 47 61 62 64 63) (87 13 5)
        edgeGrading (((0.001133490374 0.2413793103 38.3376) (0.9988665096 0.7586206897 419.04731)) ((0.001133490374 0.2413793103 38.3376) (0.9988665096 0.7586206897 419.04731)) ((0.001136919651 0.2413793103 38.3376) (0.9988630803 0.7586206897 417.57544)) ((0.001136919651 0.2413793103 38.3376) (0.9988630803 0.7586206897 417.57544)) 1 1 1 1 1 1 1 1)
    hex (47 48 34 33 63 64 50 49) (87 13 5)
        edgeGrading (((0.001133490374 0.2413793103 38.3376) (0.9988665096 0.7586206897 419.04731)) ((0.001133490374 0.2413793103 38.3376) (0.9988665096 0.7586206897 419.04731)) ((0.001136919651 0.2413793103 38.3376) (0.9988630803 0.7586206897 417.57544)) ((0.001136919651 0.2413793103 38.3376) (0.9988630803 0.7586206897 417.57544)) 1 1 1 1 1 1 1 1)
    hex (49 50 52 51 65 66 68 67) (87 13 5)
        edgeGrading (((0.001136919651 0.2413793103 38.3376) (0.9988630803 0.7586206897 417.57544)) ((0.001136919651 0.2413793103 38.3376) (0.9988630803 0.7586206897 417.57544)) ((0.001140284729 0.2413793103 38.3376) (0.9988597153 0.7586206897 416.14028)) ((0.001140284729 0.2413793103 38.3376) (0.9988597153 0.7586206897 416.14028)) 1 1 1 1 1 1 1 1)
    hex (51 52 54 53 67 68 70 69) (87 13 5)
        edgeGrading (((0.001136919651 0.2413793103 38.3376) (0.9988630803 0.7586206897 417.57544)) ((0.001136919651 0.2413793103 38.3376) (0.9988630803 0.7586206897 417.57544)) ((0.001140284729 0.2413793103 38.3376) (0.9988597153 0.7586206897 416.14028)) ((0.001140284729 0.2413793103 38.3376) (0.9988597153 0.7586206897 416.14028)) 1 1 1 1 1 1 1 1)
    hex (53 54 56 55 69 70 72 71) (87 13 5)
        edgeGrading (((0.001136919651 0.2413793103 38.3376) (0.9988630803 0.7586206897 417.57544)) ((0.001136919651 0.2413793103 38.3376) (0.9988630803 0.7586206897 417.57544)) ((0.001140284729 0.2413793103 38.3376) (0.9988597153 0.7586206897 416.14028)) ((0.001140284729 0.2413793103 38.3376) (0.9988597153 0.7586206897 416.14028)) 1 1 1 1 1 1 1 1)
    hex (55 56 58 57 71 72 74 73) (87 13 5)
        edgeGrading (((0.001136919651 0.2413793103 38.3376) (0.9988630803 0.7586206897 417.57544)) ((0.001136919651 0.2413793103 38.3376) (0.9988630803 0.7586206897 417.57544)) ((0.001140284729 0.2413793103 38.3376) (0.9988597153 0.7586206897 416.14028)) ((0.001140284729 0.2413793103 38.3376) (0.9988597153 0.7586206897 416.14028)) 1 1 1 1 1 1 1 1)
    hex (57 58 60 59 73 74 76 75) (87 13 5)
        edgeGrading (((0.001136919651 0.2413793103 38.3376) (0.9988630803 0.7586206897 417.57544)) ((0.001136919651 0.2413793103 38.3376) (0.9988630803 0.7586206897 417.57544)) ((0.001140284729 0.2413793103 38.3376) (0.9988597153 0.7586206897 416.14028)) ((0.001140284729 0.2413793103 38.3376) (0.9988597153 0.7586206897 416.14028)) 1 1 1 1 1 1 1 1)
    hex (59 60 62 61 75 76 78 77) (87 13 5)
        edgeGrading (((0.001136919651 0.2413793103 38.3376) (0.9988630803 0.7586206897 417.57544)) ((0.001136919651 0.2413793103 38.3376) (0.9988630803 0.7586206897 417.57544)) ((0.001140284729 0.2413793103 38.3376) (0.9988597153 0.7586206897 416.14028)) ((0.001140284729 0.2413793103 38.3376) (0.9988597153 0.7586206897 416.14028)) 1 1 1 1 1 1 1 1)
    hex (61 62 64 63 77 78 80 79) (87 13 5)
        edgeGrading (((0.001136919651 0.2413793103 38.3376) (0.9988630803 0.7586206897 417.57544)) ((0.001136919651 0.2413793103 38.3376) (0.9988630803 0.7586206897 417.57544)) ((0.001140284729 0.2413793103 38.3376) (0.9988597153 0.7586206897 416.14028)) ((0.001140284729 0.2413793103 38.3376) (0.9988597153 0.7586206897 416.14028)) 1 1 1 1 1 1 1 1)
    hex (63 64 50 49 79 80 66 65) (87 13 5)
        edgeGrading (((0.001136919651 0.2413793103 38.3376) (0.9988630803 0.7586206897 417.57544)) ((0.001136919651 0.2413793103 38.3376) (0.9988630803 0.7586206897 417.57544)) ((0.001140284729 0.2413793103 38.3376) (0.9988597153 0.7586206897 416.14028)) ((0.001140284729 0.2413793103 38.3376) (0.9988597153 0.7586206897 416.14028)) 1 1 1 1 1 1 1 1)
    hex (65 66 68 67 81 82 84 83) (87 13 5)
        edgeGrading (((0.001140284729 0.2413793103 38.3376) (0.9988597153 0.7586206897 416.14028)) ((0.001140284729 0.2413793103 38.3376) (0.9988597153 0.7586206897 416.14028)) ((0.00114358498 0.2413793103 38.3376) (0.998856415 0.7586206897 414.7415)) ((0.00114358498 0.2413793103 38.3376) (0.998856415 0.7586206897 414.7415)) 1 1 1 1 1 1 1 1)
    hex (67 68 70 69 83 84 86 85) (87 13 5)
        edgeGrading (((0.001140284729 0.2413793103 38.3376) (0.9988597153 0.7586206897 416.14028)) ((0.001140284729 0.2413793103 38.3376) (0.9988597153 0.7586206897 416.14028)) ((0.00114358498 0.2413793103 38.3376) (0.998856415 0.7586206897 414.7415)) ((0.00114358498 0.2413793103 38.3376) (0.998856415 0.7586206897 414.7415)) 1 1 1 1 1 1 1 1)
    hex (69 70 72 71 85 86 88 87) (87 13 5)
        edgeGrading (((0.001140284729 0.2413793103 38.3376) (0.9988597153 0.7586206897 416.14028)) ((0.001140284729 0.2413793103 38.3376) (0.9988597153 0.7586206897 416.14028)) ((0.00114358498 0.2413793103 38.3376) (0.998856415 0.7586206897 414.7415)) ((0.00114358498 0.2413793103 38.3376) (0.998856415 0.7586206897 414.7415)) 1 1 1 1 1 1 1 1)
    hex (71 72 74 73 87 88 90 89) (87 13 5)
        edgeGrading (((0.001140284729 0.2413793103 38.3376) (0.9988597153 0.7586206897 416.14028)) ((0.001140284729 0.2413793103 38.3376) (0.9988597153 0.7586206897 416.14028)) ((0.00114358498 0.2413793103 38.3376) (0.998856415 0.7586206897 414.7415)) ((0.00114358498 0.2413793103 38.3376) (0.998856415 0.7586206897 414.7415)) 1 1 1 1 1 1 1 1)
    hex (73 74 76 75 89 90 92 91) (87 13 5)
        edgeGrading (((0.001140284729 0.2413793103 38.3376) (0.9988597153 0.7586206897 416.14028)) ((0.001140284729 0.2413793103 38.3376) (0.9988597153 0.7586206897 416.14028)) ((0.00114358498 0.2413793103 38.3376) (0.998856415 0.7586206897 414.7415)) ((0.00114358498 0.2413793103 38.3376) (0.998856415 0.7586206897 414.7415)) 1 1 1 1 1 1 1 1)
    hex (75 76 78 77 91 92 94 93) (87 13 5)
        edgeGrading (((0.001140284729 0.2413793103 38.3376) (0.9988597153 0.7586206897 416.14028)) ((0.001140284729 0.2413793103 38.3376) (0.9988597153 0.7586206897 416.14028)) ((0.00114358498 0.2413793103 38.3376) (0.998856415 0.7586206897 414.7415)) ((0.00114358498 0.2413793103 38.3376) (0.998856415 0.7586206897 414.7415)) 1 1 1 1 1 1 1 1)
    hex (77 78 80 79 93 94 96 95) (87 13 5)
        edgeGrading (((0.001140284729 0.2413793103 38.3376) (0.9988597153 0.7586206897 416.14028)) ((0.001140284729 0.2413793103 38.3376) (0.9988597153 0.7586206897 416.14028)) ((0.00114358498 0.2413793103 38.3376) (0.998856415 0.7586206897 414.7415)) ((0.00114358498 0.2413793103 38.3376) (0.998856415 0.7586206897 414.7415)) 1 1 1 1 1 1 1 1)
    hex (79 80 66 65 95 96 82 81) (87 13 5)
        edgeGrading (((0.001140284729 0.2413793103 38.3376) (0.9988597153 0.7586206897 416.14028)) ((0.001140284729 0.2413793103 38.3376) (0.9988597153 0.7586206897 416.14028)) ((0.00114358498 0.2413793103 38.3376) (0.998856415 0.7586206897 414.7415)) ((0.00114358498 0.2413793103 38.3376) (0.998856415 0.7586206897 414.7415)) 1 1 1 1 1 1 1 1)
    hex (81 82 84 83 97 98 100 99) (87 13 5)
        edgeGrading (((0.00114358498 0.2413793103 38.3376) (0.998856415 0.7586206897 414.7415)) ((0.00114358498 0.2413793103 38.3376) (0.998856415 0.7586206897 414.7415)) ((0.001146819779 0.2413793103 38.3376) (0.9988531802 0.7586206897 413.37878)) ((0.001146819779 0.2413793103 38.3376) (0.9988531802 0.7586206897 413.37878)) 1 1 1 1 1 1 1 1)
    hex (83 84 86 85 99 100 102 101) (87 13 5)
        edgeGrading (((0.00114358498 0.2413793103 38.3376) (0.998856415 0.7586206897 414.7415)) ((0.00114358498 0.2413793103 38.3376) (0.998856415 0.7586206897 414.7415)) ((0.001146819779 0.2413793103 38.3376) (0.9988531802 0.7586206897 413.37878)) ((0.001146819779 0.2413793103 38.3376) (0.9988531802 0.7586206897 413.37878)) 1 1 1 1 1 1 1 1)
    hex (85 86 88 87 101 102 104 103) (87 13 5)
        edgeGrading (((0.00114358498 0.2413793103 38.3376) (0.998856415 0.7586206897 414.7415)) ((0.00114358498 0.2413793103 38.3376) (0.998856415 0.7586206897 414.7415)) ((0.001146819779 0.2413793103 38.3376) (0.9988531802 0.7586206897 413.37878)) ((0.001146819779 0.2413793103 38.3376) (0.9988531802 0.7586206897 413.37878)) 1 1 1 1 1 1 1 1)
    hex (87 88 90 89 103 104 106 105) (87 13 5)
        edgeGrading (((0.00114358498 0.2413793103 38.3376) (0.998856415 0.7586206897 414.7415)) ((0.00114358498 0.2413793103 38.3376) (0.998856415 0.7586206897 414.7415)) ((0.001146819779 0.2413793103 38.3376) (0.9988531802 0.7586206897 413.37878)) ((0.001146819779 0.2413793103 38.3376) (0.9988531802 0.7586206897 413.37878)) 1 1 1 1 1 1 1 1)
    hex (89 90 92 91 105 106 108 107) (87 13 5)
        edgeGrading (((0.00114358498 0.2413793103 38.3376) (0.998856415 0.7586206897 414.7415)) ((0.00114358498 0.2413793103 38.3376) (0.998856415 0.7586206897 414.7415)) ((0.001146819779 0.2413793103 38.3376) (0.9988531802 0.7586206897 413.37878)) ((0.001146819779 0.2413793103 38.3376) (0.9988531802 0.7586206897 413.37878)) 1 1 1 1 1 1 1 1)
    hex (91 92 94 93 107 108 110 109) (87 13 5)
        edgeGrading (((0.00114358498 0.2413793103 38.3376) (0.998856415 0.7586206897 414.7415)) ((0.00114358498 0.2413793103 38.3376) (0.998856415 0.7586206897 414.7415)) ((0.001146819779 0.2413793103 38.3376) (0.9988531802 0.7586206897 413.37878)) ((0.001146819779 0.2413793103 38.3376) (0.9988531802 0.7586206897 413.37878)) 1 1 1 1 1 1 1 1)
    hex (93 94 96 95 109 110 112 111) (87 13 5)
        edgeGrading (((0.00114358498 0.2413793103 38.3376) (0.998856415 0.7586206897 414.7415)) ((0.00114358498 0.2413793103 38.3376) (0.998856415 0.7586206897 414.7415)) ((0.001146819779 0.2413793103 38.3376) (0.9988531802 0.7586206897 413.37878)) ((0.001146819779 0.2413793103 38.3376) (0.9988531802 0.7586206897 413.37878)) 1 1 1 1 1 1 1 1)
    hex (95 96 82 81 111 112 98 97) (87 13 5)
        edgeGrading (((0.00114358498 0.2413793103 38.3376) (0.998856415 0.7586206897 414.7415)) ((0.00114358498 0.2413793103 38.3376) (0.998856415 0.7586206897 414.7415)) ((0.001146819779 0.2413793103 38.3376) (0.9988531802 0.7586206897 413.37878)) ((0.001146819779 0.2413793103 38.3376) (0.9988531802 0.7586206897 413.37878)) 1 1 1 1 1 1 1 1)
    hex (97 98 100 99 113 114 116 115) (87 13 5)
        edgeGrading (((0.001146819779 0.2413793103 38.3376) (0.9988531802 0.7586206897 413.37878)) ((0.001146819779 0.2413793103 38.3376) (0.9988531802 0.7586206897 413.37878)) ((0.001149988506 0.2413793103 38.3376) (0.9988500115 0.7586206897 412.05181)) ((0.001149988506 0.2413793103 38.3376) (0.9988500115 0.7586206897 412.05181)) 1 1 1 1 1 1 1 1)
    hex (99 100 102 101 115 116 118 117) (87 13 5)
        edgeGrading (((0.001146819779 0.2413793103 38.3376) (0.9988531802 0.7586206897 413.37878)) ((0.001146819779 0.2413793103 38.3376) (0.9988531802 0.7586206897 413.37878)) ((0.001149988506 0.2413793103 38.3376) (0.9988500115 0.7586206897 412.05181)) ((0.001149988506 0.2413793103 38.3376) (0.9988500115 0.7586206897 412.05181)) 1 1 1 1 1 1 1 1)
    hex (101 102 104 103 117 118 120 119) (87 13 5)
        edgeGrading (((0.001146819779 0.2413793103 38.3376) (0.9988531802 0.7586206897 413.37878)) ((0.001146819779 0.2413793103 38.3376) (0.9988531802 0.7586206897 413.37878)) ((0.001149988506 0.2413793103 38.3376) (0.9988500115 0.7586206897 412.05181)) ((0.001149988506 0.2413793103 38.3376) (0.9988500115 0.7586206897 412.05181)) 1 1 1 1 1 1 1 1)
    hex (103 104 106 105 119 120 122 121) (87 13 5)
        edgeGrading (((0.001146819779 0.2413793103 38.3376) (0.9988531802 0.7586206897 413.37878)) ((0.001146819779 0.2413793103 38.3376) (0.9988531802 0.7586206897 413.37878)) ((0.001149988506 0.2413793103 38.3376) (0.9988500115 0.7586206897 412.05181)) ((0.001149988506 0.2413793103 38.3376) (0.9988500115 0.7586206897 412.05181)) 1 1 1 1 1 1 1 1)
    hex (105 106 108 107 121 122 124 123) (87 13 5)
        edgeGrading (((0.001146819779 0.2413793103 38.3376) (0.9988531802 0.7586206897 413.37878)) ((0.001146819779 0.2413793103 38.3376) (0.9988531802 0.7586206897 413.37878)) ((0.001149988506 0.2413793103 38.3376) (0.9988500115 0.7586206897 412.05181)) ((0.001149988506 0.2413793103 38.3376) (0.9988500115 0.7586206897 412.05181)) 1 1 1 1 1 1 1 1)
    hex (107 108 110 109 123 124 126 125) (87 13 5)
        edgeGrading (((0.001146819779 0.2413793103 38.3376) (0.9988531802 0.7586206897 413.37878)) ((0.001146819779 0.2413793103 38.3376) (0.9988531802 0.7586206897 413.37878)) ((0.001149988506 0.2413793103 38.3376) (0.9988500115 0.7586206897 412.05181)) ((0.001149988506 0.2413793103 38.3376) (0.9988500115 0.7586206897 412.05181)) 1 1 1 1 1 1 1 1)
    hex (109 110 112 111 125 126 128 127) (87 13 5)
        edgeGrading (((0.001146819779 0.2413793103 38.3376) (0.9988531802 0.7586206897 413.37878)) ((0.001146819779 0.2413793103 38.3376) (0.9988531802 0.7586206897 413.37878)) ((0.001149988506 0.2413793103 38.3376) (0.9988500115 0.7586206897 412.05181)) ((0.001149988506 0.2413793103 38.3376) (0.9988500115 0.7586206897 412.05181)) 1 1 1 1 1 1 1 1)
    hex (111 112 98 97 127 128 114 113) (87 13 5)
        edgeGrading (((0.001146819779 0.2413793103 38.3376) (0.9988531802 0.7586206897 413.37878)) ((0.001146819779 0.2413793103 38.3376) (0.9988531802 0.7586206897 413.37878)) ((0.001149988506 0.2413793103 38.3376) (0.9988500115 0.7586206897 412.05181)) ((0.001149988506 0.2413793103 38.3376) (0.9988500115 0.7586206897 412.05181)) 1 1 1 1 1 1 1 1)
    hex (113 114 116 115 129 130 132 131) (87 13 5)
        edgeGrading (((0.001149988506 0.2413793103 38.3376) (0.9988500115 0.7586206897 412.05181)) ((0.001149988506 0.2413793103 38.3376) (0.9988500115 0.7586206897 412.05181)) ((0.00115309055 0.2413793103 38.3376) (0.9988469094 0.7586206897 410.76029)) ((0.00115309055 0.2413793103 38.3376) (0.9988469094 0.7586206897 410.76029)) 1 1 1 1 1 1 1 1)
    hex (115 116 118 117 131 132 134 133) (87 13 5)
        edgeGrading (((0.001149988506 0.2413793103 38.3376) (0.9988500115 0.7586206897 412.05181)) ((0.001149988506 0.2413793103 38.3376) (0.9988500115 0.7586206897 412.05181)) ((0.00115309055 0.2413793103 38.3376) (0.9988469094 0.7586206897 410.76029)) ((0.00115309055 0.2413793103 38.3376) (0.9988469094 0.7586206897 410.76029)) 1 1 1 1 1 1 1 1)
    hex (117 118 120 119 133 134 136 135) (87 13 5)
        edgeGrading (((0.001149988506 0.2413793103 38.3376) (0.9988500115 0.7586206897 412.05181)) ((0.001149988506 0.2413793103 38.3376) (0.9988500115 0.7586206897 412.05181)) ((0.00115309055 0.2413793103 38.3376) (0.9988469094 0.7586206897 410.76029)) ((0.00115309055 0.2413793103 38.3376) (0.9988469094 0.7586206897 410.76029)) 1 1 1 1 1 1 1 1)
    hex (119 120 122 121 135 136 138 137) (87 13 5)
        edgeGrading (((0.001149988506 0.2413793103 38.3376) (0.9988500115 0.7586206897 412.05181)) ((0.001149988506 0.2413793103 38.3376) (0.9988500115 0.7586206897 412.05181)) ((0.00115309055 0.2413793103 38.3376) (0.9988469094 0.7586206897 410.76029)) ((0.00115309055 0.2413793103 38.3376) (0.9988469094 0.7586206897 410.76029)) 1 1 1 1 1 1 1 1)
    hex (121 122 124 123 137 138 140 139) (87 13 5)
        edgeGrading (((0.001149988506 0.2413793103 38.3376) (0.9988500115 0.7586206897 412.05181)) ((0.001149988506 0.2413793103 38.3376) (0.9988500115 0.7586206897 412.05181)) ((0.00115309055 0.2413793103 38.3376) (0.9988469094 0.7586206897 410.76029)) ((0.00115309055 0.2413793103 38.3376) (0.9988469094 0.7586206897 410.76029)) 1 1 1 1 1 1 1 1)
    hex (123 124 126 125 139 140 142 141) (87 13 5)
        edgeGrading (((0.001149988506 0.2413793103 38.3376) (0.9988500115 0.7586206897 412.05181)) ((0.001149988506 0.2413793103 38.3376) (0.9988500115 0.7586206897 412.05181)) ((0.00115309055 0.2413793103 38.3376) (0.9988469094 0.7586206897 410.76029)) ((0.00115309055 0.2413793103 38.3376) (0.9988469094 0.7586206897 410.76029)) 1 1 1 1 1 1 1 1)
    hex (125 126 128 127 141 142 144 143) (87 13 5)
        edgeGrading (((0.001149988506 0.2413793103 38.3376) (0.9988500115 0.7586206897 412.05181)) ((0.001149988506 0.2413793103 38.3376) (0.9988500115 0.7586206897 412.05181)) ((0.00115309055 0.2413793103 38.3376) (0.9988469094 0.7586206897 410.76029)) ((0.00115309055 0.2413793103 38.3376) (0.9988469094 0.7586206897 410.76029)) 1 1 1 1 1 1 1 1)
    hex (127 128 114 113 143 144 130 129) (87 13 5)
        edgeGrading (((0.001149988506 0.2413793103 38.3376) (0.9988500115 0.7586206897 412.05181)) ((0.001149988506 0.2413793103 38.3376) (0.9988500115 0.7586206897 412.05181)) ((0.00115309055 0.2413793103 38.3376) (0.9988469094 0.7586206897 410.76029)) ((0.00115309055 0.2413793103 38.3376) (0.9988469094 0.7586206897 410.76029)) 1 1 1 1 1 1 1 1)
    hex (129 130 132 131 145 146 148 147) (87 13 5)
        edgeGrading (((0.00115309055 0.2413793103 38.3376) (0.9988469094 0.7586206897 410.76029)) ((0.00115309055 0.2413793103 38.3376) (0.9988469094 0.7586206897 410.76029)) ((0.001156125304 0.2413793103 38.3376) (0.9988438747 0.7586206897 409.50393)) ((0.001156125304 0.2413793103 38.3376) (0.9988438747 0.7586206897 409.50393)) 1 1 1 1 1 1 1 1)
    hex (131 132 134 133 147 148 150 149) (87 13 5)
        edgeGrading (((0.00115309055 0.2413793103 38.3376) (0.9988469094 0.7586206897 410.76029)) ((0.00115309055 0.2413793103 38.3376) (0.9988469094 0.7586206897 410.76029)) ((0.001156125304 0.2413793103 38.3376) (0.9988438747 0.7586206897 409.50393)) ((0.001156125304 0.2413793103 38.3376) (0.9988438747 0.7586206897 409.50393)) 1 1 1 1 1 1 1 1)
    hex (133 134 136 135 149 150 152 151) (87 13 5)
        edgeGrading (((0.00115309055 0.2413793103 38.3376) (0.9988469094 0.7586206897 410.76029)) ((0.00115309055 0.2413793103 38.3376) (0.9988469094 0.7586206897 410.76029)) ((0.001156125304 0.2413793103 38.3376) (0.9988438747 0.7586206897 409.50393)) ((0.001156125304 0.2413793103 38.3376) (0.9988438747 0.7586206897 409.50393)) 1 1 1 1 1 1 1 1)
    hex (135 136 138 137 151 152 154 153) (87 13 5)
        edgeGrading (((0.00115309055 0.2413793103 38.3376) (0.9988469094 0.7586206897 410.76029)) ((0.00115309055 0.2413793103 38.3376) (0.9988469094 0.7586206897 410.76029)) ((0.001156125304 0.2413793103 38.3376) (0.9988438747 0.7586206897 409.50393)) ((0.001156125304 0.2413793103 38.3376) (0.9988438747 0.7586206897 409.50393)) 1 1 1 1 1 1 1 1)
    hex (137 138 140 139 153 154 156 155) (87 13 5)
        edgeGrading (((0.00115309055 0.2413793103 38.3376) (0.9988469094 0.7586206897 410.76029)) ((0.00115309055 0.2413793103 38.3376) (0.9988469094 0.7586206897 410.76029)) ((0.001156125304 0.2413793103 38.3376) (0.9988438747 0.7586206897 409.50393)) ((0.001156125304 0.2413793103 38.3376) (0.9988438747 0.7586206897 409.50393)) 1 1 1 1 1 1 1 1)
    hex (139 140 142 141 155 156 158 157) (87 13 5)
        edgeGrading (((0.00115309055 0.2413793103 38.3376) (0.9988469094 0.7586206897 410.76029)) ((0.00115309055 0.2413793103 38.3376) (0.9988469094 0.7586206897 410.76029)) ((0.001156125304 0.2413793103 38.3376) (0.9988438747 0.7586206897 409.50393)) ((0.001156125304 0.2413793103 38.3376) (0.9988438747 0.7586206897 409.50393)) 1 1 1 1 1 1 1 1)
    hex (141 142 144 143 157 158 160 159) (87 13 5)
        edgeGrading (((0.00115309055 0.2413793103 38.3376) (0.9988469094 0.7586206897 410.76029)) ((0.00115309055 0.2413793103 38.3376) (0.9988469094 0.7586206897 410.76029)) ((0.001156125304 0.2413793103 38.3376) (0.9988438747 0.7586206897 409.50393)) ((0.001156125304 0.2413793103 38.3376) (0.9988438747 0.7586206897 409.50393)) 1 1 1 1 1 1 1 1)
    hex (143 144 130 129 159 160 146 145) (87 13 5)
        edgeGrading (((0.00115309055 0.2413793103 38.3376) (0.9988469094 0.7586206897 410.76029)) ((0.00115309055 0.2413793103 38.3376) (0.9988469094 0.7586206897 410.76029)) ((0.001156125304 0.2413793103 38.3376) (0.9988438747 0.7586206897 409.50393)) ((0.001156125304 0.2413793103 38.3376) (0.9988438747 0.7586206897 409.50393)) 1 1 1 1 1 1 1 1)
    hex (145 146 148 147 161 162 164 163) (87 13 5)
        edgeGrading (((0.001156125304 0.2413793103 38.3376) (0.9988438747 0.7586206897 409.50393)) ((0.001156125304 0.2413793103 38.3376) (0.9988438747 0.7586206897 409.50393)) ((0.001159092169 0.2413793103 38.3376) (0.9988409078 0.7586206897 408.28244)) ((0.001159092169 0.2413793103 38.3376) (0.9988409078 0.7586206897 408.28244)) 1 1 1 1 1 1 1 1)
    hex (147 148 150 149 163 164 166 165) (87 13 5)
        edgeGrading (((0.001156125304 0.2413793103 38.3376) (0.9988438747 0.7586206897 409.50393)) ((0.001156125304 0.2413793103 38.3376) (0.9988438747 0.7586206897 409.50393)) ((0.001159092169 0.2413793103 38.3376) (0.9988409078 0.7586206897 408.28244)) ((0.001159092169 0.2413793103 38.3376) (0.9988409078 0.7586206897 408.28244)) 1 1 1 1 1 1 1 1)
    hex (149 150 152 151 165 166 168 167) (87 13 5)
        edgeGrading (((0.001156125304 0.2413793103 38.3376) (0.9988438747 0.7586206897 409.50393)) ((0.001156125304 0.2413793103 38.3376) (0.9988438747 0.7586206897 409.50393)) ((0.001159092169 0.2413793103 38.3376) (0.9988409078 0.7586206897 408.28244)) ((0.001159092169 0.2413793103 38.3376) (0.9988409078 0.7586206897 408.28244)) 1 1 1 1 1 1 1 1)
    hex (151 152 154 153 167 168 170 169) (87 13 5)
        edgeGrading (((0.001156125304 0.2413793103 38.3376) (0.9988438747 0.7586206897 409.50393)) ((0.001156125304 0.2413793103 38.3376) (0.9988438747 0.7586206897 409.50393)) ((0.001159092169 0.2413793103 38.3376) (0.9988409078 0.7586206897 408.28244)) ((0.001159092169 0.2413793103 38.3376) (0.9988409078 0.7586206897 408.28244)) 1 1 1 1 1 1 1 1)
    hex (153 154 156 155 169 170 172 171) (87 13 5)
        edgeGrading (((0.001156125304 0.2413793103 38.3376) (0.9988438747 0.7586206897 409.50393)) ((0.001156125304 0.2413793103 38.3376) (0.9988438747 0.7586206897 409.50393)) ((0.001159092169 0.2413793103 38.3376) (0.9988409078 0.7586206897 408.28244)) ((0.001159092169 0.2413793103 38.3376) (0.9988409078 0.7586206897 408.28244)) 1 1 1 1 1 1 1 1)
    hex (155 156 158 157 171 172 174 173) (87 13 5)
        edgeGrading (((0.001156125304 0.2413793103 38.3376) (0.9988438747 0.7586206897 409.50393)) ((0.001156125304 0.2413793103 38.3376) (0.9988438747 0.7586206897 409.50393)) ((0.001159092169 0.2413793103 38.3376) (0.9988409078 0.7586206897 408.28244)) ((0.001159092169 0.2413793103 38.3376) (0.9988409078 0.7586206897 408.28244)) 1 1 1 1 1 1 1 1)
    hex (157 158 160 159 173 174 176 175) (87 13 5)
        edgeGrading (((0.001156125304 0.2413793103 38.3376) (0.9988438747 0.7586206897 409.50393)) ((0.001156125304 0.2413793103 38.3376) (0.9988438747 0.7586206897 409.50393)) ((0.001159092169 0.2413793103 38.3376) (0.9988409078 0.7586206897 408.28244)) ((0.001159092169 0.2413793103 38.3376) (0.9988409078 0.7586206897 408.28244)) 1 1 1 1 1 1 1 1)
    hex (159 160 146 145 175 176 162 161) (87 13 5)
        edgeGrading (((0.001156125304 0.2413793103 38.3376) (0.9988438747 0.7586206897 409.50393)) ((0.001156125304 0.2413793103 38.3376) (0.9988438747 0.7586206897 409.50393)) ((0.001159092169 0.2413793103 38.3376) (0.9988409078 0.7586206897 408.28244)) ((0.001159092169 0.2413793103 38.3376) (0.9988409078 0.7586206897 408.28244)) 1 1 1 1 1 1 1 1)
    hex (161 162 164 163 177 178 180 179) (87 13 5)
        edgeGrading (((0.001159092169 0.2413793103 38.3376) (0.9988409078 0.7586206897 408.28244)) ((0.001159092169 0.2413793103 38.3376) (0.9988409078 0.7586206897 408.28244)) ((0.001161990552 0.2413793103 38.3376) (0.9988380094 0.7586206897 407.09556)) ((0.001161990552 0.2413793103 38.3376) (0.9988380094 0.7586206897 407.09556)) 1 1 1 1 1 1 1 1)
    hex (163 164 166 165 179 180 182 181) (87 13 5)
        edgeGrading (((0.001159092169 0.2413793103 38.3376) (0.9988409078 0.7586206897 408.28244)) ((0.001159092169 0.2413793103 38.3376) (0.9988409078 0.7586206897 408.28244)) ((0.001161990552 0.2413793103 38.3376) (0.9988380094 0.7586206897 407.09556)) ((0.001161990552 0.2413793103 38.3376) (0.9988380094 0.7586206897 407.09556)) 1 1 1 1 1 1 1 1)
    hex (165 166 168 167 181 182 184 183) (87 13 5)
        edgeGrading (((0.001159092169 0.2413793103 38.3376) (0.9988409078 0.7586206897 408.28244)) ((0.001159092169 0.2413793103 38.3376) (0.9988409078 0.7586206897 408.28244)) ((0.001161990552 0.2413793103 38.3376) (0.9988380094 0.7586206897 407.09556)) ((0.001161990552 0.2413793103 38.3376) (0.9988380094 0.7586206897 407.09556)) 1 1 1 1 1 1 1 1)
    hex (167 168 170 169 183 184 186 185) (87 13 5)
        edgeGrading (((0.001159092169 0.2413793103 38.3376) (0.9988409078 0.7586206897 408.28244)) ((0.001159092169 0.2413793103 38.3376) (0.9988409078 0.7586206897 408.28244)) ((0.001161990552 0.2413793103 38.3376) (0.9988380094 0.7586206897 407.09556)) ((0.001161990552 0.2413793103 38.3376) (0.9988380094 0.7586206897 407.09556)) 1 1 1 1 1 1 1 1)
    hex (169 170 172 171 185 186 188 187) (87 13 5)
        edgeGrading (((0.001159092169 0.2413793103 38.3376) (0.9988409078 0.7586206897 408.28244)) ((0.001159092169 0.2413793103 38.3376) (0.9988409078 0.7586206897 408.28244)) ((0.001161990552 0.2413793103 38.3376) (0.9988380094 0.7586206897 407.09556)) ((0.001161990552 0.2413793103 38.3376) (0.9988380094 0.7586206897 407.09556)) 1 1 1 1 1 1 1 1)
    hex (171 172 174 173 187 188 190 189) (87 13 5)
        edgeGrading (((0.001159092169 0.2413793103 38.3376) (0.9988409078 0.7586206897 408.28244)) ((0.001159092169 0.2413793103 38.3376) (0.9988409078 0.7586206897 408.28244)) ((0.001161990552 0.2413793103 38.3376) (0.9988380094 0.7586206897 407.09556)) ((0.001161990552 0.2413793103 38.3376) (0.9988380094 0.7586206897 407.09556)) 1 1 1 1 1 1 1 1)
    hex (173 174 176 175 189 190 192 191) (87 13 5)
        edgeGrading (((0.001159092169 0.2413793103 38.3376) (0.9988409078 0.7586206897 408.28244)) ((0.001159092169 0.2413793103 38.3376) (0.9988409078 0.7586206897 408.28244)) ((0.001161990552 0.2413793103 38.3376) (0.9988380094 0.7586206897 407.09556)) ((0.001161990552 0.2413793103 38.3376) (0.9988380094 0.7586206897 407.09556)) 1 1 1 1 1 1 1 1)
    hex (175 176 162 161 191 192 178 177) (87 13 5)
        edgeGrading (((0.001159092169 0.2413793103 38.3376) (0.9988409078 0.7586206897 408.28244)) ((0.001159092169 0.2413793103 38.3376) (0.9988409078 0.7586206897 408.28244)) ((0.001161990552 0.2413793103 38.3376) (0.9988380094 0.7586206897 407.09556)) ((0.001161990552 0.2413793103 38.3376) (0.9988380094 0.7586206897 407.09556)) 1 1 1 1 1 1 1 1)
    hex (177 178 180 179 193 194 196 195) (87 13 5)
        edgeGrading (((0.001161990552 0.2413793103 38.3376) (0.9988380094 0.7586206897 407.09556)) ((0.001161990552 0.2413793103 38.3376) (0.9988380094 0.7586206897 407.09556)) ((0.001164819871 0.2413793103 38.3376) (0.9988351801 0.7586206897 405.94303)) ((0.001164819871 0.2413793103 38.3376) (0.9988351801 0.7586206897 405.94303)) 1 1 1 1 1 1 1 1)
    hex (179 180 182 181 195 196 198 197) (87 13 5)
        edgeGrading (((0.001161990552 0.2413793103 38.3376) (0.9988380094 0.7586206897 407.09556)) ((0.001161990552 0.2413793103 38.3376) (0.9988380094 0.7586206897 407.09556)) ((0.001164819871 0.2413793103 38.3376) (0.9988351801 0.7586206897 405.94303)) ((0.001164819871 0.2413793103 38.3376) (0.9988351801 0.7586206897 405.94303)) 1 1 1 1 1 1 1 1)
    hex (181 182 184 183 197 198 200 199) (87 13 5)
        edgeGrading (((0.001161990552 0.2413793103 38.3376) (0.9988380094 0.7586206897 407.09556)) ((0.001161990552 0.2413793103 38.3376) (0.9988380094 0.7586206897 407.09556)) ((0.001164819871 0.2413793103 38.3376) (0.9988351801 0.7586206897 405.94303)) ((0.001164819871 0.2413793103 38.3376) (0.9988351801 0.7586206897 405.94303)) 1 1 1 1 1 1 1 1)
    hex (183 184 186 185 199 200 202 201) (87 13 5)
        edgeGrading (((0.001161990552 0.2413793103 38.3376) (0.9988380094 0.7586206897 407.09556)) ((0.001161990552 0.2413793103 38.3376) (0.9988380094 0.7586206897 407.09556)) ((0.001164819871 0.2413793103 38.3376) (0.9988351801 0.7586206897 405.94303)) ((0.001164819871 0.2413793103 38.3376) (0.9988351801 0.7586206897 405.94303)) 1 1 1 1 1 1 1 1)
    hex (185 186 188 187 201 202 204 203) (87 13 5)
        edgeGrading (((0.001161990552 0.2413793103 38.3376) (0.9988380094 0.7586206897 407.09556)) ((0.001161990552 0.2413793103 38.3376) (0.9988380094 0.7586206897 407.09556)) ((0.001164819871 0.2413793103 38.3376) (0.9988351801 0.7586206897 405.94303)) ((0.001164819871 0.2413793103 38.3376) (0.9988351801 0.7586206897 405.94303)) 1 1 1 1 1 1 1 1)
    hex (187 188 190 189 203 204 206 205) (87 13 5)
        edgeGrading (((0.001161990552 0.2413793103 38.3376) (0.9988380094 0.7586206897 407.09556)) ((0.001161990552 0.2413793103 38.3376) (0.9988380094 0.7586206897 407.09556)) ((0.001164819871 0.2413793103 38.3376) (0.9988351801 0.7586206897 405.94303)) ((0.001164819871 0.2413793103 38.3376) (0.9988351801 0.7586206897 405.94303)) 1 1 1 1 1 1 1 1)
    hex (189 190 192 191 205 206 208 207) (87 13 5)
        edgeGrading (((0.001161990552 0.2413793103 38.3376) (0.9988380094 0.7586206897 407.09556)) ((0.001161990552 0.2413793103 38.3376) (0.9988380094 0.7586206897 407.09556)) ((0.001164819871 0.2413793103 38.3376) (0.9988351801 0.7586206897 405.94303)) ((0.001164819871 0.2413793103 38.3376) (0.9988351801 0.7586206897 405.94303)) 1 1 1 1 1 1 1 1)
    hex (191 192 178 177 207 208 194 193) (87 13 5)
        edgeGrading (((0.001161990552 0.2413793103 38.3376) (0.9988380094 0.7586206897 407.09556)) ((0.001161990552 0.2413793103 38.3376) (0.9988380094 0.7586206897 407.09556)) ((0.001164819871 0.2413793103 38.3376) (0.9988351801 0.7586206897 405.94303)) ((0.001164819871 0.2413793103 38.3376) (0.9988351801 0.7586206897 405.94303)) 1 1 1 1 1 1 1 1)
    hex (193 194 196 195 209 210 212 211) (87 13 5)
        edgeGrading (((0.001164819871 0.2413793103 38.3376) (0.9988351801 0.7586206897 405.94303)) ((0.001164819871 0.2413793103 38.3376) (0.9988351801 0.7586206897 405.94303)) ((0.001167579551 0.2413793103 38.3376) (0.9988324204 0.7586206897 404.82459)) ((0.001167579551 0.2413793103 38.3376) (0.9988324204 0.7586206897 404.82459)) 1 1 1 1 1 1 1 1)
    hex (195 196 198 197 211 212 214 213) (87 13 5)
        edgeGrading (((0.001164819871 0.2413793103 38.3376) (0.9988351801 0.7586206897 405.94303)) ((0.001164819871 0.2413793103 38.3376) (0.9988351801 0.7586206897 405.94303)) ((0.001167579551 0.2413793103 38.3376) (0.9988324204 0.7586206897 404.82459)) ((0.001167579551 0.2413793103 38.3376) (0.9988324204 0.7586206897 404.82459)) 1 1 1 1 1 1 1 1)
    hex (197 198 200 199 213 214 216 215) (87 13 5)
        edgeGrading (((0.001164819871 0.2413793103 38.3376) (0.9988351801 0.7586206897 405.94303)) ((0.001164819871 0.2413793103 38.3376) (0.9988351801 0.7586206897 405.94303)) ((0.001167579551 0.2413793103 38.3376) (0.9988324204 0.7586206897 404.82459)) ((0.001167579551 0.2413793103 38.3376) (0.9988324204 0.7586206897 404.82459)) 1 1 1 1 1 1 1 1)
    hex (199 200 202 201 215 216 218 217) (87 13 5)
        edgeGrading (((0.001164819871 0.2413793103 38.3376) (0.9988351801 0.7586206897 405.94303)) ((0.001164819871 0.2413793103 38.3376) (0.9988351801 0.7586206897 405.94303)) ((0.001167579551 0.2413793103 38.3376) (0.9988324204 0.7586206897 404.82459)) ((0.001167579551 0.2413793103 38.3376) (0.9988324204 0.7586206897 404.82459)) 1 1 1 1 1 1 1 1)
    hex (201 202 204 203 217 218 220 219) (87 13 5)
        edgeGrading (((0.001164819871 0.2413793103 38.3376) (0.9988351801 0.7586206897 405.94303)) ((0.001164819871 0.2413793103 38.3376) (0.9988351801 0.7586206897 405.94303)) ((0.001167579551 0.2413793103 38.3376) (0.9988324204 0.7586206897 404.82459)) ((0.001167579551 0.2413793103 38.3376) (0.9988324204 0.7586206897 404.82459)) 1 1 1 1 1 1 1 1)
    hex (203 204 206 205 219 220 222 221) (87 13 5)
        edgeGrading (((0.001164819871 0.2413793103 38.3376) (0.9988351801 0.7586206897 405.94303)) ((0.001164819871 0.2413793103 38.3376) (0.9988351801 0.7586206897 405.94303)) ((0.001167579551 0.2413793103 38.3376) (0.9988324204 0.7586206897 404.82459)) ((0.001167579551 0.2413793103 38.3376) (0.9988324204 0.7586206897 404.82459)) 1 1 1 1 1 1 1 1)
    hex (205 206 208 207 221 222 224 223) (87 13 5)
        edgeGrading (((0.001164819871 0.2413793103 38.3376) (0.9988351801 0.7586206897 405.94303)) ((0.001164819871 0.2413793103 38.3376) (0.9988351801 0.7586206897 405.94303)) ((0.001167579551 0.2413793103 38.3376) (0.9988324204 0.7586206897 404.82459)) ((0.001167579551 0.2413793103 38.3376) (0.9988324204 0.7586206897 404.82459)) 1 1 1 1 1 1 1 1)
    hex (207 208 194 193 223 224 210 209) (87 13 5)
        edgeGrading (((0.001164819871 0.2413793103 38.3376) (0.9988351801 0.7586206897 405.94303)) ((0.001164819871 0.2413793103 38.3376) (0.9988351801 0.7586206897 405.94303)) ((0.001167579551 0.2413793103 38.3376) (0.9988324204 0.7586206897 404.82459)) ((0.001167579551 0.2413793103 38.3376) (0.9988324204 0.7586206897 404.82459)) 1 1 1 1 1 1 1 1)
    hex (209 210 212 211 225 226 228 227) (87 13 5)
        edgeGrading (((0.001167579551 0.2413793103 38.3376) (0.9988324204 0.7586206897 404.82459)) ((0.001167579551 0.2413793103 38.3376) (0.9988324204 0.7586206897 404.82459)) ((0.001170269026 0.2413793103 38.3376) (0.998829731 0.7586206897 403.74002)) ((0.001170269026 0.2413793103 38.3376) (0.998829731 0.7586206897 403.74002)) 1 1 1 1 1 1 1 1)
    hex (211 212 214 213 227 228 230 229) (87 13 5)
        edgeGrading (((0.001167579551 0.2413793103 38.3376) (0.9988324204 0.7586206897 404.82459)) ((0.001167579551 0.2413793103 38.3376) (0.9988324204 0.7586206897 404.82459)) ((0.001170269026 0.2413793103 38.3376) (0.998829731 0.7586206897 403.74002)) ((0.001170269026 0.2413793103 38.3376) (0.998829731 0.7586206897 403.74002)) 1 1 1 1 1 1 1 1)
    hex (213 214 216 215 229 230 232 231) (87 13 5)
        edgeGrading (((0.001167579551 0.2413793103 38.3376) (0.9988324204 0.7586206897 404.82459)) ((0.001167579551 0.2413793103 38.3376) (0.9988324204 0.7586206897 404.82459)) ((0.001170269026 0.2413793103 38.3376) (0.998829731 0.7586206897 403.74002)) ((0.001170269026 0.2413793103 38.3376) (0.998829731 0.7586206897 403.74002)) 1 1 1 1 1 1 1 1)
    hex (215 216 218 217 231 232 234 233) (87 13 5)
        edgeGrading (((0.001167579551 0.2413793103 38.3376) (0.9988324204 0.7586206897 404.82459)) ((0.001167579551 0.2413793103 38.3376) (0.9988324204 0.7586206897 404.82459)) ((0.001170269026 0.2413793103 38.3376) (0.998829731 0.7586206897 403.74002)) ((0.001170269026 0.2413793103 38.3376) (0.998829731 0.7586206897 403.74002)) 1 1 1 1 1 1 1 1)
    hex (217 218 220 219 233 234 236 235) (87 13 5)
        edgeGrading (((0.001167579551 0.2413793103 38.3376) (0.9988324204 0.7586206897 404.82459)) ((0.001167579551 0.2413793103 38.3376) (0.9988324204 0.7586206897 404.82459)) ((0.001170269026 0.2413793103 38.3376) (0.998829731 0.7586206897 403.74002)) ((0.001170269026 0.2413793103 38.3376) (0.998829731 0.7586206897 403.74002)) 1 1 1 1 1 1 1 1)
    hex (219 220 222 221 235 236 238 237) (87 13 5)
        edgeGrading (((0.001167579551 0.2413793103 38.3376) (0.9988324204 0.7586206897 404.82459)) ((0.001167579551 0.2413793103 38.3376) (0.9988324204 0.7586206897 404.82459)) ((0.001170269026 0.2413793103 38.3376) (0.998829731 0.7586206897 403.74002)) ((0.001170269026 0.2413793103 38.3376) (0.998829731 0.7586206897 403.74002)) 1 1 1 1 1 1 1 1)
    hex (221 222 224 223 237 238 240 239) (87 13 5)
        edgeGrading (((0.001167579551 0.2413793103 38.3376) (0.9988324204 0.7586206897 404.82459)) ((0.001167579551 0.2413793103 38.3376) (0.9988324204 0.7586206897 404.82459)) ((0.001170269026 0.2413793103 38.3376) (0.998829731 0.7586206897 403.74002)) ((0.001170269026 0.2413793103 38.3376) (0.998829731 0.7586206897 403.74002)) 1 1 1 1 1 1 1 1)
    hex (223 224 210 209 239 240 226 225) (87 13 5)
        edgeGrading (((0.001167579551 0.2413793103 38.3376) (0.9988324204 0.7586206897 404.82459)) ((0.001167579551 0.2413793103 38.3376) (0.9988324204 0.7586206897 404.82459)) ((0.001170269026 0.2413793103 38.3376) (0.998829731 0.7586206897 403.74002)) ((0.001170269026 0.2413793103 38.3376) (0.998829731 0.7586206897 403.74002)) 1 1 1 1 1 1 1 1)
    hex (225 226 228 227 241 242 244 243) (87 13 5)
        edgeGrading (((0.001170269026 0.2413793103 38.3376) (0.998829731 0.7586206897 403.74002)) ((0.001170269026 0.2413793103 38.3376) (0.998829731 0.7586206897 403.74002)) ((0.00117288774 0.2413793103 38.3376) (0.9988271123 0.7586206897 402.68907)) ((0.00117288774 0.2413793103 38.3376) (0.9988271123 0.7586206897 402.68907)) 1 1 1 1 1 1 1 1)
    hex (227 228 230 229 243 244 246 245) (87 13 5)
        edgeGrading (((0.001170269026 0.2413793103 38.3376) (0.998829731 0.7586206897 403.74002)) ((0.001170269026 0.2413793103 38.3376) (0.998829731 0.7586206897 403.74002)) ((0.00117288774 0.2413793103 38.3376) (0.9988271123 0.7586206897 402.68907)) ((0.00117288774 0.2413793103 38.3376) (0.9988271123 0.7586206897 402.68907)) 1 1 1 1 1 1 1 1)
    hex (229 230 232 231 245 246 248 247) (87 13 5)
        edgeGrading (((0.001170269026 0.2413793103 38.3376) (0.998829731 0.7586206897 403.74002)) ((0.001170269026 0.2413793103 38.3376) (0.998829731 0.7586206897 403.74002)) ((0.00117288774 0.2413793103 38.3376) (0.9988271123 0.7586206897 402.68907)) ((0.00117288774 0.2413793103 38.3376) (0.9988271123 0.7586206897 402.68907)) 1 1 1 1 1 1 1 1)
    hex (231 232 234 233 247 248 250 249) (87 13 5)
        edgeGrading (((0.001170269026 0.2413793103 38.3376) (0.998829731 0.7586206897 403.74002)) ((0.001170269026 0.2413793103 38.3376) (0.998829731 0.7586206897 403.74002)) ((0.00117288774 0.2413793103 38.3376) (0.9988271123 0.7586206897 402.68907)) ((0.00117288774 0.2413793103 38.3376) (0.9988271123 0.7586206897 402.68907)) 1 1 1 1 1 1 1 1)
    hex (233 234 236 235 249 250 252 251) (87 13 5)
        edgeGrading (((0.001170269026 0.2413793103 38.3376) (0.998829731 0.7586206897 403.74002)) ((0.001170269026 0.2413793103 38.3376) (0.998829731 0.7586206897 403.74002)) ((0.00117288774 0.2413793103 38.3376) (0.9988271123 0.7586206897 402.68907)) ((0.00117288774 0.2413793103 38.3376) (0.9988271123 0.7586206897 402.68907)) 1 1 1 1 1 1 1 1)
    hex (235 236 238 237 251 252 254 253) (87 13 5)
        edgeGrading (((0.001170269026 0.2413793103 38.3376) (0.998829731 0.7586206897 403.74002)) ((0.001170269026 0.2413793103 38.3376) (0.998829731 0.7586206897 403.74002)) ((0.00117288774 0.2413793103 38.3376) (0.9988271123 0.7586206897 402.68907)) ((0.00117288774 0.2413793103 38.3376) (0.9988271123 0.7586206897 402.68907)) 1 1 1 1 1 1 1 1)
    hex (237 238 240 239 253 254 256 255) (87 13 5)
        edgeGrading (((0.001170269026 0.2413793103 38.3376) (0.998829731 0.7586206897 403.74002)) ((0.001170269026 0.2413793103 38.3376) (0.998829731 0.7586206897 403.74002)) ((0.00117288774 0.2413793103 38.3376) (0.9988271123 0.7586206897 402.68907)) ((0.00117288774 0.2413793103 38.3376) (0.9988271123 0.7586206897 402.68907)) 1 1 1 1 1 1 1 1)
    hex (239 240 226 225 255 256 242 241) (87 13 5)
        edgeGrading (((0.001170269026 0.2413793103 38.3376) (0.998829731 0.7586206897 403.74002)) ((0.001170269026 0.2413793103 38.3376) (0.998829731 0.7586206897 403.74002)) ((0.00117288774 0.2413793103 38.3376) (0.9988271123 0.7586206897 402.68907)) ((0.00117288774 0.2413793103 38.3376) (0.9988271123 0.7586206897 402.68907)) 1 1 1 1 1 1 1 1)
    hex (241 242 244 243 257 258 260 259) (87 13 5)
        edgeGrading (((0.00117288774 0.2413793103 38.3376) (0.9988271123 0.7586206897 402.68907)) ((0.00117288774 0.2413793103 38.3376) (0.9988271123 0.7586206897 402.68907)) ((0.001175435148 0.2413793103 38.3376) (0.9988245649 0.7586206897 401.67152)) ((0.001175435148 0.2413793103 38.3376) (0.9988245649 0.7586206897 401.67152)) 1 1 1 1 1 1 1 1)
    hex (243 244 246 245 259 260 262 261) (87 13 5)
        edgeGrading (((0.00117288774 0.2413793103 38.3376) (0.9988271123 0.7586206897 402.68907)) ((0.00117288774 0.2413793103 38.3376) (0.9988271123 0.7586206897 402.68907)) ((0.001175435148 0.2413793103 38.3376) (0.9988245649 0.7586206897 401.67152)) ((0.001175435148 0.2413793103 38.3376) (0.9988245649 0.7586206897 401.67152)) 1 1 1 1 1 1 1 1)
    hex (245 246 248 247 261 262 264 263) (87 13 5)
        edgeGrading (((0.00117288774 0.2413793103 38.3376) (0.9988271123 0.7586206897 402.68907)) ((0.00117288774 0.2413793103 38.3376) (0.9988271123 0.7586206897 402.68907)) ((0.001175435148 0.2413793103 38.3376) (0.9988245649 0.7586206897 401.67152)) ((0.001175435148 0.2413793103 38.3376) (0.9988245649 0.7586206897 401.67152)) 1 1 1 1 1 1 1 1)
    hex (247 248 250 249 263 264 266 265) (87 13 5)
        edgeGrading (((0.00117288774 0.2413793103 38.3376) (0.9988271123 0.7586206897 402.68907)) ((0.00117288774 0.2413793103 38.3376) (0.9988271123 0.7586206897 402.68907)) ((0.001175435148 0.2413793103 38.3376) (0.9988245649 0.7586206897 401.67152)) ((0.001175435148 0.2413793103 38.3376) (0.9988245649 0.7586206897 401.67152)) 1 1 1 1 1 1 1 1)
    hex (249 250 252 251 265 266 268 267) (87 13 5)
        edgeGrading (((0.00117288774 0.2413793103 38.3376) (0.9988271123 0.7586206897 402.68907)) ((0.00117288774 0.2413793103 38.3376) (0.9988271123 0.7586206897 402.68907)) ((0.001175435148 0.2413793103 38.3376) (0.9988245649 0.7586206897 401.67152)) ((0.001175435148 0.2413793103 38.3376) (0.9988245649 0.7586206897 401.67152)) 1 1 1 1 1 1 1 1)
    hex (251 252 254 253 267 268 270 269) (87 13 5)
        edgeGrading (((0.00117288774 0.2413793103 38.3376) (0.9988271123 0.7586206897 402.68907)) ((0.00117288774 0.2413793103 38.3376) (0.9988271123 0.7586206897 402.68907)) ((0.001175435148 0.2413793103 38.3376) (0.9988245649 0.7586206897 401.67152)) ((0.001175435148 0.2413793103 38.3376) (0.9988245649 0.7586206897 401.67152)) 1 1 1 1 1 1 1 1)
    hex (253 254 256 255 269 270 272 271) (87 13 5)
        edgeGrading (((0.00117288774 0.2413793103 38.3376) (0.9988271123 0.7586206897 402.68907)) ((0.00117288774 0.2413793103 38.3376) (0.9988271123 0.7586206897 402.68907)) ((0.001175435148 0.2413793103 38.3376) (0.9988245649 0.7586206897 401.67152)) ((0.001175435148 0.2413793103 38.3376) (0.9988245649 0.7586206897 401.67152)) 1 1 1 1 1 1 1 1)
    hex (255 256 242 241 271 272 258 257) (87 13 5)
        edgeGrading (((0.00117288774 0.2413793103 38.3376) (0.9988271123 0.7586206897 402.68907)) ((0.00117288774 0.2413793103 38.3376) (0.9988271123 0.7586206897 402.68907)) ((0.001175435148 0.2413793103 38.3376) (0.9988245649 0.7586206897 401.67152)) ((0.001175435148 0.2413793103 38.3376) (0.9988245649 0.7586206897 401.67152)) 1 1 1 1 1 1 1 1)
    hex (257 258 260 259 273 274 276 275) (87 13 5)
        edgeGrading (((0.001175435148 0.2413793103 38.3376) (0.9988245649 0.7586206897 401.67152)) ((0.001175435148 0.2413793103 38.3376) (0.9988245649 0.7586206897 401.67152)) ((0.001177910714 0.2413793103 38.3376) (0.9988220893 0.7586206897 400.68716)) ((0.001177910714 0.2413793103 38.3376) (0.9988220893 0.7586206897 400.68716)) 1 1 1 1 1 1 1 1)
    hex (259 260 262 261 275 276 278 277) (87 13 5)
        edgeGrading (((0.001175435148 0.2413793103 38.3376) (0.9988245649 0.7586206897 401.67152)) ((0.001175435148 0.2413793103 38.3376) (0.9988245649 0.7586206897 401.67152)) ((0.001177910714 0.2413793103 38.3376) (0.9988220893 0.7586206897 400.68716)) ((0.001177910714 0.2413793103 38.3376) (0.9988220893 0.7586206897 400.68716)) 1 1 1 1 1 1 1 1)
    hex (261 262 264 263 277 278 280 279) (87 13 5)
        edgeGrading (((0.001175435148 0.2413793103 38.3376) (0.9988245649 0.7586206897 401.67152)) ((0.001175435148 0.2413793103 38.3376) (0.9988245649 0.7586206897 401.67152)) ((0.001177910714 0.2413793103 38.3376) (0.9988220893 0.7586206897 400.68716)) ((0.001177910714 0.2413793103 38.3376) (0.9988220893 0.7586206897 400.68716)) 1 1 1 1 1 1 1 1)
    hex (263 264 266 265 279 280 282 281) (87 13 5)
        edgeGrading (((0.001175435148 0.2413793103 38.3376) (0.9988245649 0.7586206897 401.67152)) ((0.001175435148 0.2413793103 38.3376) (0.9988245649 0.7586206897 401.67152)) ((0.001177910714 0.2413793103 38.3376) (0.9988220893 0.7586206897 400.68716)) ((0.001177910714 0.2413793103 38.3376) (0.9988220893 0.7586206897 400.68716)) 1 1 1 1 1 1 1 1)
    hex (265 266 268 267 281 282 284 283) (87 13 5)
        edgeGrading (((0.001175435148 0.2413793103 38.3376) (0.9988245649 0.7586206897 401.67152)) ((0.001175435148 0.2413793103 38.3376) (0.9988245649 0.7586206897 401.67152)) ((0.001177910714 0.2413793103 38.3376) (0.9988220893 0.7586206897 400.68716)) ((0.001177910714 0.2413793103 38.3376) (0.9988220893 0.7586206897 400.68716)) 1 1 1 1 1 1 1 1)
    hex (267 268 270 269 283 284 286 285) (87 13 5)
        edgeGrading (((0.001175435148 0.2413793103 38.3376) (0.9988245649 0.7586206897 401.67152)) ((0.001175435148 0.2413793103 38.3376) (0.9988245649 0.7586206897 401.67152)) ((0.001177910714 0.2413793103 38.3376) (0.9988220893 0.7586206897 400.68716)) ((0.001177910714 0.2413793103 38.3376) (0.9988220893 0.7586206897 400.68716)) 1 1 1 1 1 1 1 1)
    hex (269 270 272 271 285 286 288 287) (87 13 5)
        edgeGrading (((0.001175435148 0.2413793103 38.3376) (0.9988245649 0.7586206897 401.67152)) ((0.001175435148 0.2413793103 38.3376) (0.9988245649 0.7586206897 401.67152)) ((0.001177910714 0.2413793103 38.3376) (0.9988220893 0.7586206897 400.68716)) ((0.001177910714 0.2413793103 38.3376) (0.9988220893 0.7586206897 400.68716)) 1 1 1 1 1 1 1 1)
    hex (271 272 258 257 287 288 274 273) (87 13 5)
        edgeGrading (((0.001175435148 0.2413793103 38.3376) (0.9988245649 0.7586206897 401.67152)) ((0.001175435148 0.2413793103 38.3376) (0.9988245649 0.7586206897 401.67152)) ((0.001177910714 0.2413793103 38.3376) (0.9988220893 0.7586206897 400.68716)) ((0.001177910714 0.2413793103 38.3376) (0.9988220893 0.7586206897 400.68716)) 1 1 1 1 1 1 1 1)
    hex (273 274 276 275 289 290 292 291) (87 13 5)
        edgeGrading (((0.001177910714 0.2413793103 38.3376) (0.9988220893 0.7586206897 400.68716)) ((0.001177910714 0.2413793103 38.3376) (0.9988220893 0.7586206897 400.68716)) ((0.001180313915 0.2413793103 38.3376) (0.9988196861 0.7586206897 399.73578)) ((0.001180313915 0.2413793103 38.3376) (0.9988196861 0.7586206897 399.73578)) 1 1 1 1 1 1 1 1)
    hex (275 276 278 277 291 292 294 293) (87 13 5)
        edgeGrading (((0.001177910714 0.2413793103 38.3376) (0.9988220893 0.7586206897 400.68716)) ((0.001177910714 0.2413793103 38.3376) (0.9988220893 0.7586206897 400.68716)) ((0.001180313915 0.2413793103 38.3376) (0.9988196861 0.7586206897 399.73578)) ((0.001180313915 0.2413793103 38.3376) (0.9988196861 0.7586206897 399.73578)) 1 1 1 1 1 1 1 1)
    hex (277 278 280 279 293 294 296 295) (87 13 5)
        edgeGrading (((0.001177910714 0.2413793103 38.3376) (0.9988220893 0.7586206897 400.68716)) ((0.001177910714 0.2413793103 38.3376) (0.9988220893 0.7586206897 400.68716)) ((0.001180313915 0.2413793103 38.3376) (0.9988196861 0.7586206897 399.73578)) ((0.001180313915 0.2413793103 38.3376) (0.9988196861 0.7586206897 399.73578)) 1 1 1 1 1 1 1 1)
    hex (279 280 282 281 295 296 298 297) (87 13 5)
        edgeGrading (((0.001177910714 0.2413793103 38.3376) (0.9988220893 0.7586206897 400.68716)) ((0.001177910714 0.2413793103 38.3376) (0.9988220893 0.7586206897 400.68716)) ((0.001180313915 0.2413793103 38.3376) (0.9988196861 0.7586206897 399.73578)) ((0.001180313915 0.2413793103 38.3376) (0.9988196861 0.7586206897 399.73578)) 1 1 1 1 1 1 1 1)
    hex (281 282 284 283 297 298 300 299) (87 13 5)
        edgeGrading (((0.001177910714 0.2413793103 38.3376) (0.9988220893 0.7586206897 400.68716)) ((0.001177910714 0.2413793103 38.3376) (0.9988220893 0.7586206897 400.68716)) ((0.001180313915 0.2413793103 38.3376) (0.9988196861 0.7586206897 399.73578)) ((0.001180313915 0.2413793103 38.3376) (0.9988196861 0.7586206897 399.73578)) 1 1 1 1 1 1 1 1)
    hex (283 284 286 285 299 300 302 301) (87 13 5)
        edgeGrading (((0.001177910714 0.2413793103 38.3376) (0.9988220893 0.7586206897 400.68716)) ((0.001177910714 0.2413793103 38.3376) (0.9988220893 0.7586206897 400.68716)) ((0.001180313915 0.2413793103 38.3376) (0.9988196861 0.7586206897 399.73578)) ((0.001180313915 0.2413793103 38.3376) (0.9988196861 0.7586206897 399.73578)) 1 1 1 1 1 1 1 1)
    hex (285 286 288 287 301 302 304 303) (87 13 5)
        edgeGrading (((0.001177910714 0.2413793103 38.3376) (0.9988220893 0.7586206897 400.68716)) ((0.001177910714 0.2413793103 38.3376) (0.9988220893 0.7586206897 400.68716)) ((0.001180313915 0.2413793103 38.3376) (0.9988196861 0.7586206897 399.73578)) ((0.001180313915 0.2413793103 38.3376) (0.9988196861 0.7586206897 399.73578)) 1 1 1 1 1 1 1 1)
    hex (287 288 274 273 303 304 290 289) (87 13 5)
        edgeGrading (((0.001177910714 0.2413793103 38.3376) (0.9988220893 0.7586206897 400.68716)) ((0.001177910714 0.2413793103 38.3376) (0.9988220893 0.7586206897 400.68716)) ((0.001180313915 0.2413793103 38.3376) (0.9988196861 0.7586206897 399.73578)) ((0.001180313915 0.2413793103 38.3376) (0.9988196861 0.7586206897 399.73578)) 1 1 1 1 1 1 1 1)
    hex (289 290 292 291 305 306 308 307) (87 13 5)
        edgeGrading (((0.001180313915 0.2413793103 38.3376) (0.9988196861 0.7586206897 399.73578)) ((0.001180313915 0.2413793103 38.3376) (0.9988196861 0.7586206897 399.73578)) ((0.001182644238 0.2413793103 38.3376) (0.9988173558 0.7586206897 398.81719)) ((0.001182644238 0.2413793103 38.3376) (0.9988173558 0.7586206897 398.81719)) 1 1 1 1 1 1 1 1)
    hex (291 292 294 293 307 308 310 309) (87 13 5)
        edgeGrading (((0.001180313915 0.2413793103 38.3376) (0.9988196861 0.7586206897 399.73578)) ((0.001180313915 0.2413793103 38.3376) (0.9988196861 0.7586206897 399.73578)) ((0.001182644238 0.2413793103 38.3376) (0.9988173558 0.7586206897 398.81719)) ((0.001182644238 0.2413793103 38.3376) (0.9988173558 0.7586206897 398.81719)) 1 1 1 1 1 1 1 1)
    hex (293 294 296 295 309 310 312 311) (87 13 5)
        edgeGrading (((0.001180313915 0.2413793103 38.3376) (0.9988196861 0.7586206897 399.73578)) ((0.001180313915 0.2413793103 38.3376) (0.9988196861 0.7586206897 399.73578)) ((0.001182644238 0.2413793103 38.3376) (0.9988173558 0.7586206897 398.81719)) ((0.001182644238 0.2413793103 38.3376) (0.9988173558 0.7586206897 398.81719)) 1 1 1 1 1 1 1 1)
    hex (295 296 298 297 311 312 314 313) (87 13 5)
        edgeGrading (((0.001180313915 0.2413793103 38.3376) (0.9988196861 0.7586206897 399.73578)) ((0.001180313915 0.2413793103 38.3376) (0.9988196861 0.7586206897 399.73578)) ((0.001182644238 0.2413793103 38.3376) (0.9988173558 0.7586206897 398.81719)) ((0.001182644238 0.2413793103 38.3376) (0.9988173558 0.7586206897 398.81719)) 1 1 1 1 1 1 1 1)
    hex (297 298 300 299 313 314 316 315) (87 13 5)
        edgeGrading (((0.001180313915 0.2413793103 38.3376) (0.9988196861 0.7586206897 399.73578)) ((0.001180313915 0.2413793103 38.3376) (0.9988196861 0.7586206897 399.73578)) ((0.001182644238 0.2413793103 38.3376) (0.9988173558 0.7586206897 398.81719)) ((0.001182644238 0.2413793103 38.3376) (0.9988173558 0.7586206897 398.81719)) 1 1 1 1 1 1 1 1)
    hex (299 300 302 301 315 316 318 317) (87 13 5)
        edgeGrading (((0.001180313915 0.2413793103 38.3376) (0.9988196861 0.7586206897 399.73578)) ((0.001180313915 0.2413793103 38.3376) (0.9988196861 0.7586206897 399.73578)) ((0.001182644238 0.2413793103 38.3376) (0.9988173558 0.7586206897 398.81719)) ((0.001182644238 0.2413793103 38.3376) (0.9988173558 0.7586206897 398.81719)) 1 1 1 1 1 1 1 1)
    hex (301 302 304 303 317 318 320 319) (87 13 5)
        edgeGrading (((0.001180313915 0.2413793103 38.3376) (0.9988196861 0.7586206897 399.73578)) ((0.001180313915 0.2413793103 38.3376) (0.9988196861 0.7586206897 399.73578)) ((0.001182644238 0.2413793103 38.3376) (0.9988173558 0.7586206897 398.81719)) ((0.001182644238 0.2413793103 38.3376) (0.9988173558 0.7586206897 398.81719)) 1 1 1 1 1 1 1 1)
    hex (303 304 290 289 319 320 306 305) (87 13 5)
        edgeGrading (((0.001180313915 0.2413793103 38.3376) (0.9988196861 0.7586206897 399.73578)) ((0.001180313915 0.2413793103 38.3376) (0.9988196861 0.7586206897 399.73578)) ((0.001182644238 0.2413793103 38.3376) (0.9988173558 0.7586206897 398.81719)) ((0.001182644238 0.2413793103 38.3376) (0.9988173558 0.7586206897 398.81719)) 1 1 1 1 1 1 1 1)
    hex (305 306 308 307 321 322 324 323) (87 13 5)
        edgeGrading (((0.001182644238 0.2413793103 38.3376) (0.9988173558 0.7586206897 398.81719)) ((0.001182644238 0.2413793103 38.3376) (0.9988173558 0.7586206897 398.81719)) ((0.001184901184 0.2413793103 38.3376) (0.9988150988 0.7586206897 397.93119)) ((0.001184901184 0.2413793103 38.3376) (0.9988150988 0.7586206897 397.93119)) 1 1 1 1 1 1 1 1)
    hex (307 308 310 309 323 324 326 325) (87 13 5)
        edgeGrading (((0.001182644238 0.2413793103 38.3376) (0.9988173558 0.7586206897 398.81719)) ((0.001182644238 0.2413793103 38.3376) (0.9988173558 0.7586206897 398.81719)) ((0.001184901184 0.2413793103 38.3376) (0.9988150988 0.7586206897 397.93119)) ((0.001184901184 0.2413793103 38.3376) (0.9988150988 0.7586206897 397.93119)) 1 1 1 1 1 1 1 1)
    hex (309 310 312 311 325 326 328 327) (87 13 5)
        edgeGrading (((0.001182644238 0.2413793103 38.3376) (0.9988173558 0.7586206897 398.81719)) ((0.001182644238 0.2413793103 38.3376) (0.9988173558 0.7586206897 398.81719)) ((0.001184901184 0.2413793103 38.3376) (0.9988150988 0.7586206897 397.93119)) ((0.001184901184 0.2413793103 38.3376) (0.9988150988 0.7586206897 397.93119)) 1 1 1 1 1 1 1 1)
    hex (311 312 314 313 327 328 330 329) (87 13 5)
        edgeGrading (((0.001182644238 0.2413793103 38.3376) (0.9988173558 0.7586206897 398.81719)) ((0.001182644238 0.2413793103 38.3376) (0.9988173558 0.7586206897 398.81719)) ((0.001184901184 0.2413793103 38.3376) (0.9988150988 0.7586206897 397.93119)) ((0.001184901184 0.2413793103 38.3376) (0.9988150988 0.7586206897 397.93119)) 1 1 1 1 1 1 1 1)
    hex (313 314 316 315 329 330 332 331) (87 13 5)
        edgeGrading (((0.001182644238 0.2413793103 38.3376) (0.9988173558 0.7586206897 398.81719)) ((0.001182644238 0.2413793103 38.3376) (0.9988173558 0.7586206897 398.81719)) ((0.001184901184 0.2413793103 38.3376) (0.9988150988 0.7586206897 397.93119)) ((0.001184901184 0.2413793103 38.3376) (0.9988150988 0.7586206897 397.93119)) 1 1 1 1 1 1 1 1)
    hex (315 316 318 317 331 332 334 333) (87 13 5)
        edgeGrading (((0.001182644238 0.2413793103 38.3376) (0.9988173558 0.7586206897 398.81719)) ((0.001182644238 0.2413793103 38.3376) (0.9988173558 0.7586206897 398.81719)) ((0.001184901184 0.2413793103 38.3376) (0.9988150988 0.7586206897 397.93119)) ((0.001184901184 0.2413793103 38.3376) (0.9988150988 0.7586206897 397.93119)) 1 1 1 1 1 1 1 1)
    hex (317 318 320 319 333 334 336 335) (87 13 5)
        edgeGrading (((0.001182644238 0.2413793103 38.3376) (0.9988173558 0.7586206897 398.81719)) ((0.001182644238 0.2413793103 38.3376) (0.9988173558 0.7586206897 398.81719)) ((0.001184901184 0.2413793103 38.3376) (0.9988150988 0.7586206897 397.93119)) ((0.001184901184 0.2413793103 38.3376) (0.9988150988 0.7586206897 397.93119)) 1 1 1 1 1 1 1 1)
    hex (319 320 306 305 335 336 322 321) (87 13 5)
        edgeGrading (((0.001182644238 0.2413793103 38.3376) (0.9988173558 0.7586206897 398.81719)) ((0.001182644238 0.2413793103 38.3376) (0.9988173558 0.7586206897 398.81719)) ((0.001184901184 0.2413793103 38.3376) (0.9988150988 0.7586206897 397.93119)) ((0.001184901184 0.2413793103 38.3376) (0.9988150988 0.7586206897 397.93119)) 1 1 1 1 1 1 1 1)
    hex (321 322 324 323 337 338 340 339) (87 13 5)
        edgeGrading (((0.001184901184 0.2413793103 38.3376) (0.9988150988 0.7586206897 397.93119)) ((0.001184901184 0.2413793103 38.3376) (0.9988150988 0.7586206897 397.93119)) ((0.001187084263 0.2413793103 38.3376) (0.9988129157 0.7586206897 397.0776)) ((0.001187084263 0.2413793103 38.3376) (0.9988129157 0.7586206897 397.0776)) 1 1 1 1 1 1 1 1)
    hex (323 324 326 325 339 340 342 341) (87 13 5)
        edgeGrading (((0.001184901184 0.2413793103 38.3376) (0.9988150988 0.7586206897 397.93119)) ((0.001184901184 0.2413793103 38.3376) (0.9988150988 0.7586206897 397.93119)) ((0.001187084263 0.2413793103 38.3376) (0.9988129157 0.7586206897 397.0776)) ((0.001187084263 0.2413793103 38.3376) (0.9988129157 0.7586206897 397.0776)) 1 1 1 1 1 1 1 1)
    hex (325 326 328 327 341 342 344 343) (87 13 5)
        edgeGrading (((0.001184901184 0.2413793103 38.3376) (0.9988150988 0.7586206897 397.93119)) ((0.001184901184 0.2413793103 38.3376) (0.9988150988 0.7586206897 397.93119)) ((0.001187084263 0.2413793103 38.3376) (0.9988129157 0.7586206897 397.0776)) ((0.001187084263 0.2413793103 38.3376) (0.9988129157 0.7586206897 397.0776)) 1 1 1 1 1 1 1 1)
    hex (327 328 330 329 343 344 346 345) (87 13 5)
        edgeGrading (((0.001184901184 0.2413793103 38.3376) (0.9988150988 0.7586206897 397.93119)) ((0.001184901184 0.2413793103 38.3376) (0.9988150988 0.7586206897 397.93119)) ((0.001187084263 0.2413793103 38.3376) (0.9988129157 0.7586206897 397.0776)) ((0.001187084263 0.2413793103 38.3376) (0.9988129157 0.7586206897 397.0776)) 1 1 1 1 1 1 1 1)
    hex (329 330 332 331 345 346 348 347) (87 13 5)
        edgeGrading (((0.001184901184 0.2413793103 38.3376) (0.9988150988 0.7586206897 397.93119)) ((0.001184901184 0.2413793103 38.3376) (0.9988150988 0.7586206897 397.93119)) ((0.001187084263 0.2413793103 38.3376) (0.9988129157 0.7586206897 397.0776)) ((0.001187084263 0.2413793103 38.3376) (0.9988129157 0.7586206897 397.0776)) 1 1 1 1 1 1 1 1)
    hex (331 332 334 333 347 348 350 349) (87 13 5)
        edgeGrading (((0.001184901184 0.2413793103 38.3376) (0.9988150988 0.7586206897 397.93119)) ((0.001184901184 0.2413793103 38.3376) (0.9988150988 0.7586206897 397.93119)) ((0.001187084263 0.2413793103 38.3376) (0.9988129157 0.7586206897 397.0776)) ((0.001187084263 0.2413793103 38.3376) (0.9988129157 0.7586206897 397.0776)) 1 1 1 1 1 1 1 1)
    hex (333 334 336 335 349 350 352 351) (87 13 5)
        edgeGrading (((0.001184901184 0.2413793103 38.3376) (0.9988150988 0.7586206897 397.93119)) ((0.001184901184 0.2413793103 38.3376) (0.9988150988 0.7586206897 397.93119)) ((0.001187084263 0.2413793103 38.3376) (0.9988129157 0.7586206897 397.0776)) ((0.001187084263 0.2413793103 38.3376) (0.9988129157 0.7586206897 397.0776)) 1 1 1 1 1 1 1 1)
    hex (335 336 322 321 351 352 338 337) (87 13 5)
        edgeGrading (((0.001184901184 0.2413793103 38.3376) (0.9988150988 0.7586206897 397.93119)) ((0.001184901184 0.2413793103 38.3376) (0.9988150988 0.7586206897 397.93119)) ((0.001187084263 0.2413793103 38.3376) (0.9988129157 0.7586206897 397.0776)) ((0.001187084263 0.2413793103 38.3376) (0.9988129157 0.7586206897 397.0776)) 1 1 1 1 1 1 1 1)
    hex (337 338 340 339 353 354 356 355) (87 13 5)
        edgeGrading (((0.001187084263 0.2413793103 38.3376) (0.9988129157 0.7586206897 397.0776)) ((0.001187084263 0.2413793103 38.3376) (0.9988129157 0.7586206897 397.0776)) ((0.001189193002 0.2413793103 38.3376) (0.998810807 0.7586206897 396.25625)) ((0.001189193002 0.2413793103 38.3376) (0.998810807 0.7586206897 396.25625)) 1 1 1 1 1 1 1 1)
    hex (339 340 342 341 355 356 358 357) (87 13 5)
        edgeGrading (((0.001187084263 0.2413793103 38.3376) (0.9988129157 0.7586206897 397.0776)) ((0.001187084263 0.2413793103 38.3376) (0.9988129157 0.7586206897 397.0776)) ((0.001189193002 0.2413793103 38.3376) (0.998810807 0.7586206897 396.25625)) ((0.001189193002 0.2413793103 38.3376) (0.998810807 0.7586206897 396.25625)) 1 1 1 1 1 1 1 1)
    hex (341 342 344 343 357 358 360 359) (87 13 5)
        edgeGrading (((0.001187084263 0.2413793103 38.3376) (0.9988129157 0.7586206897 397.0776)) ((0.001187084263 0.2413793103 38.3376) (0.9988129157 0.7586206897 397.0776)) ((0.001189193002 0.2413793103 38.3376) (0.998810807 0.7586206897 396.25625)) ((0.001189193002 0.2413793103 38.3376) (0.998810807 0.7586206897 396.25625)) 1 1 1 1 1 1 1 1)
    hex (343 344 346 345 359 360 362 361) (87 13 5)
        edgeGrading (((0.001187084263 0.2413793103 38.3376) (0.9988129157 0.7586206897 397.0776)) ((0.001187084263 0.2413793103 38.3376) (0.9988129157 0.7586206897 397.0776)) ((0.001189193002 0.2413793103 38.3376) (0.998810807 0.7586206897 396.25625)) ((0.001189193002 0.2413793103 38.3376) (0.998810807 0.7586206897 396.25625)) 1 1 1 1 1 1 1 1)
    hex (345 346 348 347 361 362 364 363) (87 13 5)
        edgeGrading (((0.001187084263 0.2413793103 38.3376) (0.9988129157 0.7586206897 397.0776)) ((0.001187084263 0.2413793103 38.3376) (0.9988129157 0.7586206897 397.0776)) ((0.001189193002 0.2413793103 38.3376) (0.998810807 0.7586206897 396.25625)) ((0.001189193002 0.2413793103 38.3376) (0.998810807 0.7586206897 396.25625)) 1 1 1 1 1 1 1 1)
    hex (347 348 350 349 363 364 366 365) (87 13 5)
        edgeGrading (((0.001187084263 0.2413793103 38.3376) (0.9988129157 0.7586206897 397.0776)) ((0.001187084263 0.2413793103 38.3376) (0.9988129157 0.7586206897 397.0776)) ((0.001189193002 0.2413793103 38.3376) (0.998810807 0.7586206897 396.25625)) ((0.001189193002 0.2413793103 38.3376) (0.998810807 0.7586206897 396.25625)) 1 1 1 1 1 1 1 1)
    hex (349 350 352 351 365 366 368 367) (87 13 5)
        edgeGrading (((0.001187084263 0.2413793103 38.3376) (0.9988129157 0.7586206897 397.0776)) ((0.001187084263 0.2413793103 38.3376) (0.9988129157 0.7586206897 397.0776)) ((0.001189193002 0.2413793103 38.3376) (0.998810807 0.7586206897 396.25625)) ((0.001189193002 0.2413793103 38.3376) (0.998810807 0.7586206897 396.25625)) 1 1 1 1 1 1 1 1)
    hex (351 352 338 337 367 368 354 353) (87 13 5)
        edgeGrading (((0.001187084263 0.2413793103 38.3376) (0.9988129157 0.7586206897 397.0776)) ((0.001187084263 0.2413793103 38.3376) (0.9988129157 0.7586206897 397.0776)) ((0.001189193002 0.2413793103 38.3376) (0.998810807 0.7586206897 396.25625)) ((0.001189193002 0.2413793103 38.3376) (0.998810807 0.7586206897 396.25625)) 1 1 1 1 1 1 1 1)
    hex (353 354 356 355 369 370 372 371) (87 13 5)
        edgeGrading (((0.001189193002 0.2413793103 38.3376) (0.998810807 0.7586206897 396.25625)) ((0.001189193002 0.2413793103 38.3376) (0.998810807 0.7586206897 396.25625)) ((0.001191226939 0.2413793103 38.3376) (0.9988087731 0.7586206897 395.46697)) ((0.001191226939 0.2413793103 38.3376) (0.9988087731 0.7586206897 395.46697)) 1 1 1 1 1 1 1 1)
    hex (355 356 358 357 371 372 374 373) (87 13 5)
        edgeGrading (((0.001189193002 0.2413793103 38.3376) (0.998810807 0.7586206897 396.25625)) ((0.001189193002 0.2413793103 38.3376) (0.998810807 0.7586206897 396.25625)) ((0.001191226939 0.2413793103 38.3376) (0.9988087731 0.7586206897 395.46697)) ((0.001191226939 0.2413793103 38.3376) (0.9988087731 0.7586206897 395.46697)) 1 1 1 1 1 1 1 1)
    hex (357 358 360 359 373 374 376 375) (87 13 5)
        edgeGrading (((0.001189193002 0.2413793103 38.3376) (0.998810807 0.7586206897 396.25625)) ((0.001189193002 0.2413793103 38.3376) (0.998810807 0.7586206897 396.25625)) ((0.001191226939 0.2413793103 38.3376) (0.9988087731 0.7586206897 395.46697)) ((0.001191226939 0.2413793103 38.3376) (0.9988087731 0.7586206897 395.46697)) 1 1 1 1 1 1 1 1)
    hex (359 360 362 361 375 376 378 377) (87 13 5)
        edgeGrading (((0.001189193002 0.2413793103 38.3376) (0.998810807 0.7586206897 396.25625)) ((0.001189193002 0.2413793103 38.3376) (0.998810807 0.7586206897 396.25625)) ((0.001191226939 0.2413793103 38.3376) (0.9988087731 0.7586206897 395.46697)) ((0.001191226939 0.2413793103 38.3376) (0.9988087731 0.7586206897 395.46697)) 1 1 1 1 1 1 1 1)
    hex (361 362 364 363 377 378 380 379) (87 13 5)
        edgeGrading (((0.001189193002 0.2413793103 38.3376) (0.998810807 0.7586206897 396.25625)) ((0.001189193002 0.2413793103 38.3376) (0.998810807 0.7586206897 396.25625)) ((0.001191226939 0.2413793103 38.3376) (0.9988087731 0.7586206897 395.46697)) ((0.001191226939 0.2413793103 38.3376) (0.9988087731 0.7586206897 395.46697)) 1 1 1 1 1 1 1 1)
    hex (363 364 366 365 379 380 382 381) (87 13 5)
        edgeGrading (((0.001189193002 0.2413793103 38.3376) (0.998810807 0.7586206897 396.25625)) ((0.001189193002 0.2413793103 38.3376) (0.998810807 0.7586206897 396.25625)) ((0.001191226939 0.2413793103 38.3376) (0.9988087731 0.7586206897 395.46697)) ((0.001191226939 0.2413793103 38.3376) (0.9988087731 0.7586206897 395.46697)) 1 1 1 1 1 1 1 1)
    hex (365 366 368 367 381 382 384 383) (87 13 5)
        edgeGrading (((0.001189193002 0.2413793103 38.3376) (0.998810807 0.7586206897 396.25625)) ((0.001189193002 0.2413793103 38.3376) (0.998810807 0.7586206897 396.25625)) ((0.001191226939 0.2413793103 38.3376) (0.9988087731 0.7586206897 395.46697)) ((0.001191226939 0.2413793103 38.3376) (0.9988087731 0.7586206897 395.46697)) 1 1 1 1 1 1 1 1)
    hex (367 368 354 353 383 384 370 369) (87 13 5)
        edgeGrading (((0.001189193002 0.2413793103 38.3376) (0.998810807 0.7586206897 396.25625)) ((0.001189193002 0.2413793103 38.3376) (0.998810807 0.7586206897 396.25625)) ((0.001191226939 0.2413793103 38.3376) (0.9988087731 0.7586206897 395.46697)) ((0.001191226939 0.2413793103 38.3376) (0.9988087731 0.7586206897 395.46697)) 1 1 1 1 1 1 1 1)
    hex (369 370 372 371 385 386 388 387) (87 13 5)
        edgeGrading (((0.001191226939 0.2413793103 38.3376) (0.9988087731 0.7586206897 395.46697)) ((0.001191226939 0.2413793103 38.3376) (0.9988087731 0.7586206897 395.46697)) ((0.001193185626 0.2413793103 38.3376) (0.9988068144 0.7586206897 394.7096)) ((0.001193185626 0.2413793103 38.3376) (0.9988068144 0.7586206897 394.7096)) 1 1 1 1 1 1 1 1)
    hex (371 372 374 373 387 388 390 389) (87 13 5)
        edgeGrading (((0.001191226939 0.2413793103 38.3376) (0.9988087731 0.7586206897 395.46697)) ((0.001191226939 0.2413793103 38.3376) (0.9988087731 0.7586206897 395.46697)) ((0.001193185626 0.2413793103 38.3376) (0.9988068144 0.7586206897 394.7096)) ((0.001193185626 0.2413793103 38.3376) (0.9988068144 0.7586206897 394.7096)) 1 1 1 1 1 1 1 1)
    hex (373 374 376 375 389 390 392 391) (87 13 5)
        edgeGrading (((0.001191226939 0.2413793103 38.3376) (0.9988087731 0.7586206897 395.46697)) ((0.001191226939 0.2413793103 38.3376) (0.9988087731 0.7586206897 395.46697)) ((0.001193185626 0.2413793103 38.3376) (0.9988068144 0.7586206897 394.7096)) ((0.001193185626 0.2413793103 38.3376) (0.9988068144 0.7586206897 394.7096)) 1 1 1 1 1 1 1 1)
    hex (375 376 378 377 391 392 394 393) (87 13 5)
        edgeGrading (((0.001191226939 0.2413793103 38.3376) (0.9988087731 0.7586206897 395.46697)) ((0.001191226939 0.2413793103 38.3376) (0.9988087731 0.7586206897 395.46697)) ((0.001193185626 0.2413793103 38.3376) (0.9988068144 0.7586206897 394.7096)) ((0.001193185626 0.2413793103 38.3376) (0.9988068144 0.7586206897 394.7096)) 1 1 1 1 1 1 1 1)
    hex (377 378 380 379 393 394 396 395) (87 13 5)
        edgeGrading (((0.001191226939 0.2413793103 38.3376) (0.9988087731 0.7586206897 395.46697)) ((0.001191226939 0.2413793103 38.3376) (0.9988087731 0.7586206897 395.46697)) ((0.001193185626 0.2413793103 38.3376) (0.9988068144 0.7586206897 394.7096)) ((0.001193185626 0.2413793103 38.3376) (0.9988068144 0.7586206897 394.7096)) 1 1 1 1 1 1 1 1)
    hex (379 380 382 381 395 396 398 397) (87 13 5)
        edgeGrading (((0.001191226939 0.2413793103 38.3376) (0.9988087731 0.7586206897 395.46697)) ((0.001191226939 0.2413793103 38.3376) (0.9988087731 0.7586206897 395.46697)) ((0.001193185626 0.2413793103 38.3376) (0.9988068144 0.7586206897 394.7096)) ((0.001193185626 0.2413793103 38.3376) (0.9988068144 0.7586206897 394.7096)) 1 1 1 1 1 1 1 1)
    hex (381 382 384 383 397 398 400 399) (87 13 5)
        edgeGrading (((0.001191226939 0.2413793103 38.3376) (0.9988087731 0.7586206897 395.46697)) ((0.001191226939 0.2413793103 38.3376) (0.9988087731 0.7586206897 395.46697)) ((0.001193185626 0.2413793103 38.3376) (0.9988068144 0.7586206897 394.7096)) ((0.001193185626 0.2413793103 38.3376) (0.9988068144 0.7586206897 394.7096)) 1 1 1 1 1 1 1 1)
    hex (383 384 370 369 399 400 386 385) (87 13 5)
        edgeGrading (((0.001191226939 0.2413793103 38.3376) (0.9988087731 0.7586206897 395.46697)) ((0.001191226939 0.2413793103 38.3376) (0.9988087731 0.7586206897 395.46697)) ((0.001193185626 0.2413793103 38.3376) (0.9988068144 0.7586206897 394.7096)) ((0.001193185626 0.2413793103 38.3376) (0.9988068144 0.7586206897 394.7096)) 1 1 1 1 1 1 1 1)
    hex (385 386 388 387 401 402 404 403) (87 13 5)
        edgeGrading (((0.001193185626 0.2413793103 38.3376) (0.9988068144 0.7586206897 394.7096)) ((0.001193185626 0.2413793103 38.3376) (0.9988068144 0.7586206897 394.7096)) ((0.00119506863 0.2413793103 38.3376) (0.9988049314 0.7586206897 393.98399)) ((0.00119506863 0.2413793103 38.3376) (0.9988049314 0.7586206897 393.98399)) 1 1 1 1 1 1 1 1)
    hex (387 388 390 389 403 404 406 405) (87 13 5)
        edgeGrading (((0.001193185626 0.2413793103 38.3376) (0.9988068144 0.7586206897 394.7096)) ((0.001193185626 0.2413793103 38.3376) (0.9988068144 0.7586206897 394.7096)) ((0.00119506863 0.2413793103 38.3376) (0.9988049314 0.7586206897 393.98399)) ((0.00119506863 0.2413793103 38.3376) (0.9988049314 0.7586206897 393.98399)) 1 1 1 1 1 1 1 1)
    hex (389 390 392 391 405 406 408 407) (87 13 5)
        edgeGrading (((0.001193185626 0.2413793103 38.3376) (0.9988068144 0.7586206897 394.7096)) ((0.001193185626 0.2413793103 38.3376) (0.9988068144 0.7586206897 394.7096)) ((0.00119506863 0.2413793103 38.3376) (0.9988049314 0.7586206897 393.98399)) ((0.00119506863 0.2413793103 38.3376) (0.9988049314 0.7586206897 393.98399)) 1 1 1 1 1 1 1 1)
    hex (391 392 394 393 407 408 410 409) (87 13 5)
        edgeGrading (((0.001193185626 0.2413793103 38.3376) (0.9988068144 0.7586206897 394.7096)) ((0.001193185626 0.2413793103 38.3376) (0.9988068144 0.7586206897 394.7096)) ((0.00119506863 0.2413793103 38.3376) (0.9988049314 0.7586206897 393.98399)) ((0.00119506863 0.2413793103 38.3376) (0.9988049314 0.7586206897 393.98399)) 1 1 1 1 1 1 1 1)
    hex (393 394 396 395 409 410 412 411) (87 13 5)
        edgeGrading (((0.001193185626 0.2413793103 38.3376) (0.9988068144 0.7586206897 394.7096)) ((0.001193185626 0.2413793103 38.3376) (0.9988068144 0.7586206897 394.7096)) ((0.00119506863 0.2413793103 38.3376) (0.9988049314 0.7586206897 393.98399)) ((0.00119506863 0.2413793103 38.3376) (0.9988049314 0.7586206897 393.98399)) 1 1 1 1 1 1 1 1)
    hex (395 396 398 397 411 412 414 413) (87 13 5)
        edgeGrading (((0.001193185626 0.2413793103 38.3376) (0.9988068144 0.7586206897 394.7096)) ((0.001193185626 0.2413793103 38.3376) (0.9988068144 0.7586206897 394.7096)) ((0.00119506863 0.2413793103 38.3376) (0.9988049314 0.7586206897 393.98399)) ((0.00119506863 0.2413793103 38.3376) (0.9988049314 0.7586206897 393.98399)) 1 1 1 1 1 1 1 1)
    hex (397 398 400 399 413 414 416 415) (87 13 5)
        edgeGrading (((0.001193185626 0.2413793103 38.3376) (0.9988068144 0.7586206897 394.7096)) ((0.001193185626 0.2413793103 38.3376) (0.9988068144 0.7586206897 394.7096)) ((0.00119506863 0.2413793103 38.3376) (0.9988049314 0.7586206897 393.98399)) ((0.00119506863 0.2413793103 38.3376) (0.9988049314 0.7586206897 393.98399)) 1 1 1 1 1 1 1 1)
    hex (399 400 386 385 415 416 402 401) (87 13 5)
        edgeGrading (((0.001193185626 0.2413793103 38.3376) (0.9988068144 0.7586206897 394.7096)) ((0.001193185626 0.2413793103 38.3376) (0.9988068144 0.7586206897 394.7096)) ((0.00119506863 0.2413793103 38.3376) (0.9988049314 0.7586206897 393.98399)) ((0.00119506863 0.2413793103 38.3376) (0.9988049314 0.7586206897 393.98399)) 1 1 1 1 1 1 1 1)
    hex (401 402 404 403 417 418 420 419) (87 13 5)
        edgeGrading (((0.00119506863 0.2413793103 38.3376) (0.9988049314 0.7586206897 393.98399)) ((0.00119506863 0.2413793103 38.3376) (0.9988049314 0.7586206897 393.98399)) ((0.00119687553 0.2413793103 38.3376) (0.9988031245 0.7586206897 393.28999)) ((0.00119687553 0.2413793103 38.3376) (0.9988031245 0.7586206897 393.28999)) 1 1 1 1 1 1 1 1)
    hex (403 404 406 405 419 420 422 421) (87 13 5)
        edgeGrading (((0.00119506863 0.2413793103 38.3376) (0.9988049314 0.7586206897 393.98399)) ((0.00119506863 0.2413793103 38.3376) (0.9988049314 0.7586206897 393.98399)) ((0.00119687553 0.2413793103 38.3376) (0.9988031245 0.7586206897 393.28999)) ((0.00119687553 0.2413793103 38.3376) (0.9988031245 0.7586206897 393.28999)) 1 1 1 1 1 1 1 1)
    hex (405 406 408 407 421 422 424 423) (87 13 5)
        edgeGrading (((0.00119506863 0.2413793103 38.3376) (0.9988049314 0.7586206897 393.98399)) ((0.00119506863 0.2413793103 38.3376) (0.9988049314 0.7586206897 393.98399)) ((0.00119687553 0.2413793103 38.3376) (0.9988031245 0.7586206897 393.28999)) ((0.00119687553 0.2413793103 38.3376) (0.9988031245 0.7586206897 393.28999)) 1 1 1 1 1 1 1 1)
    hex (407 408 410 409 423 424 426 425) (87 13 5)
        edgeGrading (((0.00119506863 0.2413793103 38.3376) (0.9988049314 0.7586206897 393.98399)) ((0.00119506863 0.2413793103 38.3376) (0.9988049314 0.7586206897 393.98399)) ((0.00119687553 0.2413793103 38.3376) (0.9988031245 0.7586206897 393.28999)) ((0.00119687553 0.2413793103 38.3376) (0.9988031245 0.7586206897 393.28999)) 1 1 1 1 1 1 1 1)
    hex (409 410 412 411 425 426 428 427) (87 13 5)
        edgeGrading (((0.00119506863 0.2413793103 38.3376) (0.9988049314 0.7586206897 393.98399)) ((0.00119506863 0.2413793103 38.3376) (0.9988049314 0.7586206897 393.98399)) ((0.00119687553 0.2413793103 38.3376) (0.9988031245 0.7586206897 393.28999)) ((0.00119687553 0.2413793103 38.3376) (0.9988031245 0.7586206897 393.28999)) 1 1 1 1 1 1 1 1)
    hex (411 412 414 413 427 428 430 429) (87 13 5)
        edgeGrading (((0.00119506863 0.2413793103 38.3376) (0.9988049314 0.7586206897 393.98399)) ((0.00119506863 0.2413793103 38.3376) (0.9988049314 0.7586206897 393.98399)) ((0.00119687553 0.2413793103 38.3376) (0.9988031245 0.7586206897 393.28999)) ((0.00119687553 0.2413793103 38.3376) (0.9988031245 0.7586206897 393.28999)) 1 1 1 1 1 1 1 1)
    hex (413 414 416 415 429 430 432 431) (87 13 5)
        edgeGrading (((0.00119506863 0.2413793103 38.3376) (0.9988049314 0.7586206897 393.98399)) ((0.00119506863 0.2413793103 38.3376) (0.9988049314 0.7586206897 393.98399)) ((0.00119687553 0.2413793103 38.3376) (0.9988031245 0.7586206897 393.28999)) ((0.00119687553 0.2413793103 38.3376) (0.9988031245 0.7586206897 393.28999)) 1 1 1 1 1 1 1 1)
    hex (415 416 402 401 431 432 418 417) (87 13 5)
        edgeGrading (((0.00119506863 0.2413793103 38.3376) (0.9988049314 0.7586206897 393.98399)) ((0.00119506863 0.2413793103 38.3376) (0.9988049314 0.7586206897 393.98399)) ((0.00119687553 0.2413793103 38.3376) (0.9988031245 0.7586206897 393.28999)) ((0.00119687553 0.2413793103 38.3376) (0.9988031245 0.7586206897 393.28999)) 1 1 1 1 1 1 1 1)
    hex (417 418 420 419 433 434 436 435) (87 13 5)
        edgeGrading (((0.00119687553 0.2413793103 38.3376) (0.9988031245 0.7586206897 393.28999)) ((0.00119687553 0.2413793103 38.3376) (0.9988031245 0.7586206897 393.28999)) ((0.001198605923 0.2413793103 38.3376) (0.9988013941 0.7586206897 392.62746)) ((0.001198605923 0.2413793103 38.3376) (0.9988013941 0.7586206897 392.62746)) 1 1 1 1 1 1 1 1)
    hex (419 420 422 421 435 436 438 437) (87 13 5)
        edgeGrading (((0.00119687553 0.2413793103 38.3376) (0.9988031245 0.7586206897 393.28999)) ((0.00119687553 0.2413793103 38.3376) (0.9988031245 0.7586206897 393.28999)) ((0.001198605923 0.2413793103 38.3376) (0.9988013941 0.7586206897 392.62746)) ((0.001198605923 0.2413793103 38.3376) (0.9988013941 0.7586206897 392.62746)) 1 1 1 1 1 1 1 1)
    hex (421 422 424 423 437 438 440 439) (87 13 5)
        edgeGrading (((0.00119687553 0.2413793103 38.3376) (0.9988031245 0.7586206897 393.28999)) ((0.00119687553 0.2413793103 38.3376) (0.9988031245 0.7586206897 393.28999)) ((0.001198605923 0.2413793103 38.3376) (0.9988013941 0.7586206897 392.62746)) ((0.001198605923 0.2413793103 38.3376) (0.9988013941 0.7586206897 392.62746)) 1 1 1 1 1 1 1 1)
    hex (423 424 426 425 439 440 442 441) (87 13 5)
        edgeGrading (((0.00119687553 0.2413793103 38.3376) (0.9988031245 0.7586206897 393.28999)) ((0.00119687553 0.2413793103 38.3376) (0.9988031245 0.7586206897 393.28999)) ((0.001198605923 0.2413793103 38.3376) (0.9988013941 0.7586206897 392.62746)) ((0.001198605923 0.2413793103 38.3376) (0.9988013941 0.7586206897 392.62746)) 1 1 1 1 1 1 1 1)
    hex (425 426 428 427 441 442 444 443) (87 13 5)
        edgeGrading (((0.00119687553 0.2413793103 38.3376) (0.9988031245 0.7586206897 393.28999)) ((0.00119687553 0.2413793103 38.3376) (0.9988031245 0.7586206897 393.28999)) ((0.001198605923 0.2413793103 38.3376) (0.9988013941 0.7586206897 392.62746)) ((0.001198605923 0.2413793103 38.3376) (0.9988013941 0.7586206897 392.62746)) 1 1 1 1 1 1 1 1)
    hex (427 428 430 429 443 444 446 445) (87 13 5)
        edgeGrading (((0.00119687553 0.2413793103 38.3376) (0.9988031245 0.7586206897 393.28999)) ((0.00119687553 0.2413793103 38.3376) (0.9988031245 0.7586206897 393.28999)) ((0.001198605923 0.2413793103 38.3376) (0.9988013941 0.7586206897 392.62746)) ((0.001198605923 0.2413793103 38.3376) (0.9988013941 0.7586206897 392.62746)) 1 1 1 1 1 1 1 1)
    hex (429 430 432 431 445 446 448 447) (87 13 5)
        edgeGrading (((0.00119687553 0.2413793103 38.3376) (0.9988031245 0.7586206897 393.28999)) ((0.00119687553 0.2413793103 38.3376) (0.9988031245 0.7586206897 393.28999)) ((0.001198605923 0.2413793103 38.3376) (0.9988013941 0.7586206897 392.62746)) ((0.001198605923 0.2413793103 38.3376) (0.9988013941 0.7586206897 392.62746)) 1 1 1 1 1 1 1 1)
    hex (431 432 418 417 447 448 434 433) (87 13 5)
        edgeGrading (((0.00119687553 0.2413793103 38.3376) (0.9988031245 0.7586206897 393.28999)) ((0.00119687553 0.2413793103 38.3376) (0.9988031245 0.7586206897 393.28999)) ((0.001198605923 0.2413793103 38.3376) (0.9988013941 0.7586206897 392.62746)) ((0.001198605923 0.2413793103 38.3376) (0.9988013941 0.7586206897 392.62746)) 1 1 1 1 1 1 1 1)
    hex (433 434 436 435 449 450 452 451) (87 13 5)
        edgeGrading (((0.001198605923 0.2413793103 38.3376) (0.9988013941 0.7586206897 392.62746)) ((0.001198605923 0.2413793103 38.3376) (0.9988013941 0.7586206897 392.62746)) ((0.001200259419 0.2413793103 38.3376) (0.9987997406 0.7586206897 391.99628)) ((0.001200259419 0.2413793103 38.3376) (0.9987997406 0.7586206897 391.99628)) 1 1 1 1 1 1 1 1)
    hex (435 436 438 437 451 452 454 453) (87 13 5)
        edgeGrading (((0.001198605923 0.2413793103 38.3376) (0.9988013941 0.7586206897 392.62746)) ((0.001198605923 0.2413793103 38.3376) (0.9988013941 0.7586206897 392.62746)) ((0.001200259419 0.2413793103 38.3376) (0.9987997406 0.7586206897 391.99628)) ((0.001200259419 0.2413793103 38.3376) (0.9987997406 0.7586206897 391.99628)) 1 1 1 1 1 1 1 1)
    hex (437 438 440 439 453 454 456 455) (87 13 5)
        edgeGrading (((0.001198605923 0.2413793103 38.3376) (0.9988013941 0.7586206897 392.62746)) ((0.001198605923 0.2413793103 38.3376) (0.9988013941 0.7586206897 392.62746)) ((0.001200259419 0.2413793103 38.3376) (0.9987997406 0.7586206897 391.99628)) ((0.001200259419 0.2413793103 38.3376) (0.9987997406 0.7586206897 391.99628)) 1 1 1 1 1 1 1 1)
    hex (439 440 442 441 455 456 458 457) (87 13 5)
        edgeGrading (((0.001198605923 0.2413793103 38.3376) (0.9988013941 0.7586206897 392.62746)) ((0.001198605923 0.2413793103 38.3376) (0.9988013941 0.7586206897 392.62746)) ((0.001200259419 0.2413793103 38.3376) (0.9987997406 0.7586206897 391.99628)) ((0.001200259419 0.2413793103 38.3376) (0.9987997406 0.7586206897 391.99628)) 1 1 1 1 1 1 1 1)
    hex (441 442 444 443 457 458 460 459) (87 13 5)
        edgeGrading (((0.001198605923 0.2413793103 38.3376) (0.9988013941 0.7586206897 392.62746)) ((0.001198605923 0.2413793103 38.3376) (0.9988013941 0.7586206897 392.62746)) ((0.001200259419 0.2413793103 38.3376) (0.9987997406 0.7586206897 391.99628)) ((0.001200259419 0.2413793103 38.3376) (0.9987997406 0.7586206897 391.99628)) 1 1 1 1 1 1 1 1)
    hex (443 444 446 445 459 460 462 461) (87 13 5)
        edgeGrading (((0.001198605923 0.2413793103 38.3376) (0.9988013941 0.7586206897 392.62746)) ((0.001198605923 0.2413793103 38.3376) (0.9988013941 0.7586206897 392.62746)) ((0.001200259419 0.2413793103 38.3376) (0.9987997406 0.7586206897 391.99628)) ((0.001200259419 0.2413793103 38.3376) (0.9987997406 0.7586206897 391.99628)) 1 1 1 1 1 1 1 1)
    hex (445 446 448 447 461 462 464 463) (87 13 5)
        edgeGrading (((0.001198605923 0.2413793103 38.3376) (0.9988013941 0.7586206897 392.62746)) ((0.001198605923 0.2413793103 38.3376) (0.9988013941 0.7586206897 392.62746)) ((0.001200259419 0.2413793103 38.3376) (0.9987997406 0.7586206897 391.99628)) ((0.001200259419 0.2413793103 38.3376) (0.9987997406 0.7586206897 391.99628)) 1 1 1 1 1 1 1 1)
    hex (447 448 434 433 463 464 450 449) (87 13 5)
        edgeGrading (((0.001198605923 0.2413793103 38.3376) (0.9988013941 0.7586206897 392.62746)) ((0.001198605923 0.2413793103 38.3376) (0.9988013941 0.7586206897 392.62746)) ((0.001200259419 0.2413793103 38.3376) (0.9987997406 0.7586206897 391.99628)) ((0.001200259419 0.2413793103 38.3376) (0.9987997406 0.7586206897 391.99628)) 1 1 1 1 1 1 1 1)
    hex (449 450 452 451 465 466 468 467) (87 13 5)
        edgeGrading (((0.001200259419 0.2413793103 38.3376) (0.9987997406 0.7586206897 391.99628)) ((0.001200259419 0.2413793103 38.3376) (0.9987997406 0.7586206897 391.99628)) ((0.001201835645 0.2413793103 38.3376) (0.9987981644 0.7586206897 391.39632)) ((0.001201835645 0.2413793103 38.3376) (0.9987981644 0.7586206897 391.39632)) 1 1 1 1 1 1 1 1)
    hex (451 452 454 453 467 468 470 469) (87 13 5)
        edgeGrading (((0.001200259419 0.2413793103 38.3376) (0.9987997406 0.7586206897 391.99628)) ((0.001200259419 0.2413793103 38.3376) (0.9987997406 0.7586206897 391.99628)) ((0.001201835645 0.2413793103 38.3376) (0.9987981644 0.7586206897 391.39632)) ((0.001201835645 0.2413793103 38.3376) (0.9987981644 0.7586206897 391.39632)) 1 1 1 1 1 1 1 1)
    hex (453 454 456 455 469 470 472 471) (87 13 5)
        edgeGrading (((0.001200259419 0.2413793103 38.3376) (0.9987997406 0.7586206897 391.99628)) ((0.001200259419 0.2413793103 38.3376) (0.9987997406 0.7586206897 391.99628)) ((0.001201835645 0.2413793103 38.3376) (0.9987981644 0.7586206897 391.39632)) ((0.001201835645 0.2413793103 38.3376) (0.9987981644 0.7586206897 391.39632)) 1 1 1 1 1 1 1 1)
    hex (455 456 458 457 471 472 474 473) (87 13 5)
        edgeGrading (((0.001200259419 0.2413793103 38.3376) (0.9987997406 0.7586206897 391.99628)) ((0.001200259419 0.2413793103 38.3376) (0.9987997406 0.7586206897 391.99628)) ((0.001201835645 0.2413793103 38.3376) (0.9987981644 0.7586206897 391.39632)) ((0.001201835645 0.2413793103 38.3376) (0.9987981644 0.7586206897 391.39632)) 1 1 1 1 1 1 1 1)
    hex (457 458 460 459 473 474 476 475) (87 13 5)
        edgeGrading (((0.001200259419 0.2413793103 38.3376) (0.9987997406 0.7586206897 391.99628)) ((0.001200259419 0.2413793103 38.3376) (0.9987997406 0.7586206897 391.99628)) ((0.001201835645 0.2413793103 38.3376) (0.9987981644 0.7586206897 391.39632)) ((0.001201835645 0.2413793103 38.3376) (0.9987981644 0.7586206897 391.39632)) 1 1 1 1 1 1 1 1)
    hex (459 460 462 461 475 476 478 477) (87 13 5)
        edgeGrading (((0.001200259419 0.2413793103 38.3376) (0.9987997406 0.7586206897 391.99628)) ((0.001200259419 0.2413793103 38.3376) (0.9987997406 0.7586206897 391.99628)) ((0.001201835645 0.2413793103 38.3376) (0.9987981644 0.7586206897 391.39632)) ((0.001201835645 0.2413793103 38.3376) (0.9987981644 0.7586206897 391.39632)) 1 1 1 1 1 1 1 1)
    hex (461 462 464 463 477 478 480 479) (87 13 5)
        edgeGrading (((0.001200259419 0.2413793103 38.3376) (0.9987997406 0.7586206897 391.99628)) ((0.001200259419 0.2413793103 38.3376) (0.9987997406 0.7586206897 391.99628)) ((0.001201835645 0.2413793103 38.3376) (0.9987981644 0.7586206897 391.39632)) ((0.001201835645 0.2413793103 38.3376) (0.9987981644 0.7586206897 391.39632)) 1 1 1 1 1 1 1 1)
    hex (463 464 450 449 479 480 466 465) (87 13 5)
        edgeGrading (((0.001200259419 0.2413793103 38.3376) (0.9987997406 0.7586206897 391.99628)) ((0.001200259419 0.2413793103 38.3376) (0.9987997406 0.7586206897 391.99628)) ((0.001201835645 0.2413793103 38.3376) (0.9987981644 0.7586206897 391.39632)) ((0.001201835645 0.2413793103 38.3376) (0.9987981644 0.7586206897 391.39632)) 1 1 1 1 1 1 1 1)
    hex (465 466 468 467 481 482 484 483) (87 13 5)
        edgeGrading (((0.001201835645 0.2413793103 38.3376) (0.9987981644 0.7586206897 391.39632)) ((0.001201835645 0.2413793103 38.3376) (0.9987981644 0.7586206897 391.39632)) ((0.001203334244 0.2413793103 38.3376) (0.9987966658 0.7586206897 390.82746)) ((0.001203334244 0.2413793103 38.3376) (0.9987966658 0.7586206897 390.82746)) 1 1 1 1 1 1 1 1)
    hex (467 468 470 469 483 484 486 485) (87 13 5)
        edgeGrading (((0.001201835645 0.2413793103 38.3376) (0.9987981644 0.7586206897 391.39632)) ((0.001201835645 0.2413793103 38.3376) (0.9987981644 0.7586206897 391.39632)) ((0.001203334244 0.2413793103 38.3376) (0.9987966658 0.7586206897 390.82746)) ((0.001203334244 0.2413793103 38.3376) (0.9987966658 0.7586206897 390.82746)) 1 1 1 1 1 1 1 1)
    hex (469 470 472 471 485 486 488 487) (87 13 5)
        edgeGrading (((0.001201835645 0.2413793103 38.3376) (0.9987981644 0.7586206897 391.39632)) ((0.001201835645 0.2413793103 38.3376) (0.9987981644 0.7586206897 391.39632)) ((0.001203334244 0.2413793103 38.3376) (0.9987966658 0.7586206897 390.82746)) ((0.001203334244 0.2413793103 38.3376) (0.9987966658 0.7586206897 390.82746)) 1 1 1 1 1 1 1 1)
    hex (471 472 474 473 487 488 490 489) (87 13 5)
        edgeGrading (((0.001201835645 0.2413793103 38.3376) (0.9987981644 0.7586206897 391.39632)) ((0.001201835645 0.2413793103 38.3376) (0.9987981644 0.7586206897 391.39632)) ((0.001203334244 0.2413793103 38.3376) (0.9987966658 0.7586206897 390.82746)) ((0.001203334244 0.2413793103 38.3376) (0.9987966658 0.7586206897 390.82746)) 1 1 1 1 1 1 1 1)
    hex (473 474 476 475 489 490 492 491) (87 13 5)
        edgeGrading (((0.001201835645 0.2413793103 38.3376) (0.9987981644 0.7586206897 391.39632)) ((0.001201835645 0.2413793103 38.3376) (0.9987981644 0.7586206897 391.39632)) ((0.001203334244 0.2413793103 38.3376) (0.9987966658 0.7586206897 390.82746)) ((0.001203334244 0.2413793103 38.3376) (0.9987966658 0.7586206897 390.82746)) 1 1 1 1 1 1 1 1)
    hex (475 476 478 477 491 492 494 493) (87 13 5)
        edgeGrading (((0.001201835645 0.2413793103 38.3376) (0.9987981644 0.7586206897 391.39632)) ((0.001201835645 0.2413793103 38.3376) (0.9987981644 0.7586206897 391.39632)) ((0.001203334244 0.2413793103 38.3376) (0.9987966658 0.7586206897 390.82746)) ((0.001203334244 0.2413793103 38.3376) (0.9987966658 0.7586206897 390.82746)) 1 1 1 1 1 1 1 1)
    hex (477 478 480 479 493 494 496 495) (87 13 5)
        edgeGrading (((0.001201835645 0.2413793103 38.3376) (0.9987981644 0.7586206897 391.39632)) ((0.001201835645 0.2413793103 38.3376) (0.9987981644 0.7586206897 391.39632)) ((0.001203334244 0.2413793103 38.3376) (0.9987966658 0.7586206897 390.82746)) ((0.001203334244 0.2413793103 38.3376) (0.9987966658 0.7586206897 390.82746)) 1 1 1 1 1 1 1 1)
    hex (479 480 466 465 495 496 482 481) (87 13 5)
        edgeGrading (((0.001201835645 0.2413793103 38.3376) (0.9987981644 0.7586206897 391.39632)) ((0.001201835645 0.2413793103 38.3376) (0.9987981644 0.7586206897 391.39632)) ((0.001203334244 0.2413793103 38.3376) (0.9987966658 0.7586206897 390.82746)) ((0.001203334244 0.2413793103 38.3376) (0.9987966658 0.7586206897 390.82746)) 1 1 1 1 1 1 1 1)
    hex (481 482 484 483 497 498 500 499) (87 13 6)
        edgeGrading (((0.001203334244 0.2413793103 38.3376) (0.9987966658 0.7586206897 390.82746)) ((0.001203334244 0.2413793103 38.3376) (0.9987966658 0.7586206897 390.82746)) ((0.001204864442 0.2413793103 38.3376) (0.9987951356 0.7586206897 390.24816)) ((0.001204864442 0.2413793103 38.3376) (0.9987951356 0.7586206897 390.24816)) 1 1 1 1 ((0.3705457586 0.3333333333 1) (0.6294542414 0.6666666667 0.7513148)) 1 1 ((0.3705457586 0.3333333333 1) (0.6294542414 0.6666666667 0.7513148)))
    hex (483 484 486 485 499 500 502 501) (87 13 6)
        edgeGrading (((0.001203334244 0.2413793103 38.3376) (0.9987966658 0.7586206897 390.82746)) ((0.001203334244 0.2413793103 38.3376) (0.9987966658 0.7586206897 390.82746)) ((0.001204864442 0.2413793103 38.3376) (0.9987951356 0.7586206897 390.24816)) ((0.001204864442 0.2413793103 38.3376) (0.9987951356 0.7586206897 390.24816)) 1 1 1 1 ((0.3705457586 0.3333333333 1) (0.6294542414 0.6666666667 0.7513148)) 1 1 ((0.3705457586 0.3333333333 1) (0.6294542414 0.6666666667 0.7513148)))
    hex (485 486 488 487 501 502 504 503) (87 13 6)
        edgeGrading (((0.001203334244 0.2413793103 38.3376) (0.9987966658 0.7586206897 390.82746)) ((0.001203334244 0.2413793103 38.3376) (0.9987966658 0.7586206897 390.82746)) ((0.001204864442 0.2413793103 38.3376) (0.9987951356 0.7586206897 390.24816)) ((0.001204864442 0.2413793103 38.3376) (0.9987951356 0.7586206897 390.24816)) 1 1 1 1 ((0.3705457586 0.3333333333 1) (0.6294542414 0.6666666667 0.7513148)) 1 1 ((0.3705457586 0.3333333333 1) (0.6294542414 0.6666666667 0.7513148)))
    hex (487 488 490 489 503 504 506 505) (87 13 6)
        edgeGrading (((0.001203334244 0.2413793103 38.3376) (0.9987966658 0.7586206897 390.82746)) ((0.001203334244 0.2413793103 38.3376) (0.9987966658 0.7586206897 390.82746)) ((0.001204864442 0.2413793103 38.3376) (0.9987951356 0.7586206897 390.24816)) ((0.001204864442 0.2413793103 38.3376) (0.9987951356 0.7586206897 390.24816)) 1 1 1 1 ((0.3705457586 0.3333333333 1) (0.6294542414 0.6666666667 0.7513148)) 1 1 ((0.3705457586 0.3333333333 1) (0.6294542414 0.6666666667 0.7513148)))
    hex (489 490 492 491 505 506 508 507) (87 13 6)
        edgeGrading (((0.001203334244 0.2413793103 38.3376) (0.9987966658 0.7586206897 390.82746)) ((0.001203334244 0.2413793103 38.3376) (0.9987966658 0.7586206897 390.82746)) ((0.001204864442 0.2413793103 38.3376) (0.9987951356 0.7586206897 390.24816)) ((0.001204864442 0.2413793103 38.3376) (0.9987951356 0.7586206897 390.24816)) 1 1 1 1 ((0.3705457586 0.3333333333 1) (0.6294542414 0.6666666667 0.7513148)) 1 1 ((0.3705457586 0.3333333333 1) (0.6294542414 0.6666666667 0.7513148)))
    hex (491 492 494 493 507 508 510 509) (87 13 6)
        edgeGrading (((0.001203334244 0.2413793103 38.3376) (0.9987966658 0.7586206897 390.82746)) ((0.001203334244 0.2413793103 38.3376) (0.9987966658 0.7586206897 390.82746)) ((0.001204864442 0.2413793103 38.3376) (0.9987951356 0.7586206897 390.24816)) ((0.001204864442 0.2413793103 38.3376) (0.9987951356 0.7586206897 390.24816)) 1 1 1 1 ((0.3705457586 0.3333333333 1) (0.6294542414 0.6666666667 0.7513148)) 1 1 ((0.3705457586 0.3333333333 1) (0.6294542414 0.6666666667 0.7513148)))
    hex (493 494 496 495 509 510 512 511) (87 13 6)
        edgeGrading (((0.001203334244 0.2413793103 38.3376) (0.9987966658 0.7586206897 390.82746)) ((0.001203334244 0.2413793103 38.3376) (0.9987966658 0.7586206897 390.82746)) ((0.001204864442 0.2413793103 38.3376) (0.9987951356 0.7586206897 390.24816)) ((0.001204864442 0.2413793103 38.3376) (0.9987951356 0.7586206897 390.24816)) 1 1 1 1 ((0.3705457586 0.3333333333 1) (0.6294542414 0.6666666667 0.7513148)) 1 1 ((0.3705457586 0.3333333333 1) (0.6294542414 0.6666666667 0.7513148)))
    hex (495 496 482 481 511 512 498 497) (87 13 6)
        edgeGrading (((0.001203334244 0.2413793103 38.3376) (0.9987966658 0.7586206897 390.82746)) ((0.001203334244 0.2413793103 38.3376) (0.9987966658 0.7586206897 390.82746)) ((0.001204864442 0.2413793103 38.3376) (0.9987951356 0.7586206897 390.24816)) ((0.001204864442 0.2413793103 38.3376) (0.9987951356 0.7586206897 390.24816)) 1 1 1 1 ((0.3705457586 0.3333333333 1) (0.6294542414 0.6666666667 0.7513148)) 1 1 ((0.3705457586 0.3333333333 1) (0.6294542414 0.6666666667 0.7513148)))
    hex (497 498 500 499 513 514 516 515) (87 13 4)
        edgeGrading (((0.001204864442 0.2413793103 38.3376) (0.9987951356 0.7586206897 390.24816)) ((0.001204864442 0.2413793103 38.3376) (0.9987951356 0.7586206897 390.24816)) ((0.001205494283 0.2413793103 38.3376) (0.9987945057 0.7586206897 390.01017)) ((0.001205494283 0.2413793103 38.3376) (0.9987945057 0.7586206897 390.01017)) 1 1 1 1 0.7513148 1 1 0.7513148)
    hex (499 500 502 501 515 516 518 517) (87 13 4)
        edgeGrading (((0.001204864442 0.2413793103 38.3376) (0.9987951356 0.7586206897 390.24816)) ((0.001204864442 0.2413793103 38.3376) (0.9987951356 0.7586206897 390.24816)) ((0.001205494283 0.2413793103 38.3376) (0.9987945057 0.7586206897 390.01017)) ((0.001205494283 0.2413793103 38.3376) (0.9987945057 0.7586206897 390.01017)) 1 1 1 1 0.7513148 1 1 0.7513148)
    hex (501 502 504 503 517 518 520 519) (87 13 4)
        edgeGrading (((0.001204864442 0.2413793103 38.3376) (0.9987951356 0.7586206897 390.24816)) ((0.001204864442 0.2413793103 38.3376) (0.9987951356 0.7586206897 390.24816)) ((0.001205494283 0.2413793103 38.3376) (0.9987945057 0.7586206897 390.01017)) ((0.001205494283 0.2413793103 38.3376) (0.9987945057 0.7586206897 390.01017)) 1 1 1 1 0.7513148 1 1 0.7513148)
    hex (503 504 506 505 519 520 522 521) (87 13 4)
        edgeGrading (((0.001204864442 0.2413793103 38.3376) (0.9987951356 0.7586206897 390.24816)) ((0.001204864442 0.2413793103 38.3376) (0.9987951356 0.7586206897 390.24816)) ((0.001205494283 0.2413793103 38.3376) (0.9987945057 0.7586206897 390.01017)) ((0.001205494283 0.2413793103 38.3376) (0.9987945057 0.7586206897 390.01017)) 1 1 1 1 0.7513148 1 1 0.7513148)
    hex (505 506 508 507 521 522 524 523) (87 13 4)
        edgeGrading (((0.001204864442 0.2413793103 38.3376) (0.9987951356 0.7586206897 390.24816)) ((0.001204864442 0.2413793103 38.3376) (0.9987951356 0.7586206897 390.24816)) ((0.001205494283 0.2413793103 38.3376) (0.9987945057 0.7586206897 390.01017)) ((0.001205494283 0.2413793103 38.3376) (0.9987945057 0.7586206897 390.01017)) 1 1 1 1 0.7513148 1 1 0.7513148)
    hex (507 508 510 509 523 524 526 525) (87 13 4)
        edgeGrading (((0.001204864442 0.2413793103 38.3376) (0.9987951356 0.7586206897 390.24816)) ((0.001204864442 0.2413793103 38.3376) (0.9987951356 0.7586206897 390.24816)) ((0.001205494283 0.2413793103 38.3376) (0.9987945057 0.7586206897 390.01017)) ((0.001205494283 0.2413793103 38.3376) (0.9987945057 0.7586206897 390.01017)) 1 1 1 1 0.7513148 1 1 0.7513148)
    hex (509 510 512 511 525 526 528 527) (87 13 4)
        edgeGrading (((0.001204864442 0.2413793103 38.3376) (0.9987951356 0.7586206897 390.24816)) ((0.001204864442 0.2413793103 38.3376) (0.9987951356 0.7586206897 390.24816)) ((0.001205494283 0.2413793103 38.3376) (0.9987945057 0.7586206897 390.01017)) ((0.001205494283 0.2413793103 38.3376) (0.9987945057 0.7586206897 390.01017)) 1 1 1 1 0.7513148 1 1 0.7513148)
    hex (511 512 498 497 527 528 514 513) (87 13 4)
        edgeGrading (((0.001204864442 0.2413793103 38.3376) (0.9987951356 0.7586206897 390.24816)) ((0.001204864442 0.2413793103 38.3376) (0.9987951356 0.7586206897 390.24816)) ((0.001205494283 0.2413793103 38.3376) (0.9987945057 0.7586206897 390.01017)) ((0.001205494283 0.2413793103 38.3376) (0.9987945057 0.7586206897 390.01017)) 1 1 1 1 0.7513148 1 1 0.7513148)
    hex (513 514 516 515 529 530 532 531) (87 13 307)
        edgeGrading (((0.001205494283 0.2413793103 38.3376) (0.9987945057 0.7586206897 390.01017)) ((0.001205494283 0.2413793103 38.3376) (0.9987945057 0.7586206897 390.01017)) ((0.001205494283 0.2413793103 38.3376) (0.9987945057 0.7586206897 390.01017)) ((0.001205494283 0.2413793103 38.3376) (0.9987945057 0.7586206897 390.01017)) 1 1 1 1 ((0.03173042195 0.05537459283 4.594973) (0.9273850186 0.7719869707 1) (0.04000945946 0.1074918567 0.047362441) (0.0008750999982 0.0651465798 0.031300864)) 1 1 ((0.03173042195 0.05537459283 4.594973) (0.9273850186 0.7719869707 1) (0.04000945946 0.1074918567 0.047362441) (0.0008750999982 0.0651465798 0.031300864)))
    hex (515 516 518 517 531 532 534 533) (87 13 307)
        edgeGrading (((0.001205494283 0.2413793103 38.3376) (0.9987945057 0.7586206897 390.01017)) ((0.001205494283 0.2413793103 38.3376) (0.9987945057 0.7586206897 390.01017)) ((0.001205494283 0.2413793103 38.3376) (0.9987945057 0.7586206897 390.01017)) ((0.001205494283 0.2413793103 38.3376) (0.9987945057 0.7586206897 390.01017)) 1 1 1 1 ((0.03173042195 0.05537459283 4.594973) (0.9273850186 0.7719869707 1) (0.04000945946 0.1074918567 0.047362441) (0.0008750999982 0.0651465798 0.031300864)) 1 1 ((0.03173042195 0.05537459283 4.594973) (0.9273850186 0.7719869707 1) (0.04000945946 0.1074918567 0.047362441) (0.0008750999982 0.0651465798 0.031300864)))
    hex (517 518 520 519 533 534 536 535) (87 13 307)
        edgeGrading (((0.001205494283 0.2413793103 38.3376) (0.9987945057 0.7586206897 390.01017)) ((0.001205494283 0.2413793103 38.3376) (0.9987945057 0.7586206897 390.01017)) ((0.001205494283 0.2413793103 38.3376) (0.9987945057 0.7586206897 390.01017)) ((0.001205494283 0.2413793103 38.3376) (0.9987945057 0.7586206897 390.01017)) 1 1 1 1 ((0.03173042195 0.05537459283 4.594973) (0.9273850186 0.7719869707 1) (0.04000945946 0.1074918567 0.047362441) (0.0008750999982 0.0651465798 0.031300864)) 1 1 ((0.03173042195 0.05537459283 4.594973) (0.9273850186 0.7719869707 1) (0.04000945946 0.1074918567 0.047362441) (0.0008750999982 0.0651465798 0.031300864)))
    hex (519 520 522 521 535 536 538 537) (87 13 307)
        edgeGrading (((0.001205494283 0.2413793103 38.3376) (0.9987945057 0.7586206897 390.01017)) ((0.001205494283 0.2413793103 38.3376) (0.9987945057 0.7586206897 390.01017)) ((0.001205494283 0.2413793103 38.3376) (0.9987945057 0.7586206897 390.01017)) ((0.001205494283 0.2413793103 38.3376) (0.9987945057 0.7586206897 390.01017)) 1 1 1 1 ((0.03173042195 0.05537459283 4.594973) (0.9273850186 0.7719869707 1) (0.04000945946 0.1074918567 0.047362441) (0.0008750999982 0.0651465798 0.031300864)) 1 1 ((0.03173042195 0.05537459283 4.594973) (0.9273850186 0.7719869707 1) (0.04000945946 0.1074918567 0.047362441) (0.0008750999982 0.0651465798 0.031300864)))
    hex (521 522 524 523 537 538 540 539) (87 13 307)
        edgeGrading (((0.001205494283 0.2413793103 38.3376) (0.9987945057 0.7586206897 390.01017)) ((0.001205494283 0.2413793103 38.3376) (0.9987945057 0.7586206897 390.01017)) ((0.001205494283 0.2413793103 38.3376) (0.9987945057 0.7586206897 390.01017)) ((0.001205494283 0.2413793103 38.3376) (0.9987945057 0.7586206897 390.01017)) 1 1 1 1 ((0.03173042195 0.05537459283 4.594973) (0.9273850186 0.7719869707 1) (0.04000945946 0.1074918567 0.047362441) (0.0008750999982 0.0651465798 0.031300864)) 1 1 ((0.03173042195 0.05537459283 4.594973) (0.9273850186 0.7719869707 1) (0.04000945946 0.1074918567 0.047362441) (0.0008750999982 0.0651465798 0.031300864)))
    hex (523 524 526 525 539 540 542 541) (87 13 307)
        edgeGrading (((0.001205494283 0.2413793103 38.3376) (0.9987945057 0.7586206897 390.01017)) ((0.001205494283 0.2413793103 38.3376) (0.9987945057 0.7586206897 390.01017)) ((0.001205494283 0.2413793103 38.3376) (0.9987945057 0.7586206897 390.01017)) ((0.001205494283 0.2413793103 38.3376) (0.9987945057 0.7586206897 390.01017)) 1 1 1 1 ((0.03173042195 0.05537459283 4.594973) (0.9273850186 0.7719869707 1) (0.04000945946 0.1074918567 0.047362441) (0.0008750999982 0.0651465798 0.031300864)) 1 1 ((0.03173042195 0.05537459283 4.594973) (0.9273850186 0.7719869707 1) (0.04000945946 0.1074918567 0.047362441) (0.0008750999982 0.0651465798 0.031300864)))
    hex (525 526 528 527 541 542 544 543) (87 13 307)
        edgeGrading (((0.001205494283 0.2413793103 38.3376) (0.9987945057 0.7586206897 390.01017)) ((0.001205494283 0.2413793103 38.3376) (0.9987945057 0.7586206897 390.01017)) ((0.001205494283 0.2413793103 38.3376) (0.9987945057 0.7586206897 390.01017)) ((0.001205494283 0.2413793103 38.3376) (0.9987945057 0.7586206897 390.01017)) 1 1 1 1 ((0.03173042195 0.05537459283 4.594973) (0.9273850186 0.7719869707 1) (0.04000945946 0.1074918567 0.047362441) (0.0008750999982 0.0651465798 0.031300864)) 1 1 ((0.03173042195 0.05537459283 4.594973) (0.9273850186 0.7719869707 1) (0.04000945946 0.1074918567 0.047362441) (0.0008750999982 0.0651465798 0.031300864)))
    hex (527 528 514 513 543 544 530 529) (87 13 307)
        edgeGrading (((0.001205494283 0.2413793103 38.3376) (0.9987945057 0.7586206897 390.01017)) ((0.001205494283 0.2413793103 38.3376) (0.9987945057 0.7586206897 390.01017)) ((0.001205494283 0.2413793103 38.3376) (0.9987945057 0.7586206897 390.01017)) ((0.001205494283 0.2413793103 38.3376) (0.9987945057 0.7586206897 390.01017)) 1 1 1 1 ((0.03173042195 0.05537459283 4.594973) (0.9273850186 0.7719869707 1) (0.04000945946 0.1074918567 0.047362441) (0.0008750999982 0.0651465798 0.031300864)) 1 1 ((0.03173042195 0.05537459283 4.594973) (0.9273850186 0.7719869707 1) (0.04000945946 0.1074918567 0.047362441) (0.0008750999982 0.0651465798 0.031300864)))
    hex (545 546 548 550 0 1 2 3) (13 13 104)
        edgeGrading (1 1 1 1 1 1 1 1 ((0.7278660237 0.2788461538 1) (0.2714338963 0.5288461538 0.0058182851) (0.0007000799986 0.1923076923 0.031300864)) ((0.9993061458 0.8076923077 0.0019679851) (0.0006938542265 0.1923076923 0.031300864)) ((0.9993072111 0.8076923077 0.0019644171) (0.0006927888785 0.1923076923 0.031300864)) ((0.9993061458 0.8076923077 0.0019679851) (0.0006938542265 0.1923076923 0.031300864)))
    hex (545 550 552 554 0 3 4 5) (13 13 104)
        edgeGrading (1 1 1 1 1 1 1 1 ((0.7278660237 0.2788461538 1) (0.2714338963 0.5288461538 0.0058182851) (0.0007000799986 0.1923076923 0.031300864)) ((0.9993061458 0.8076923077 0.0019679851) (0.0006938542265 0.1923076923 0.031300864)) ((0.9993072111 0.8076923077 0.0019644171) (0.0006927888785 0.1923076923 0.031300864)) ((0.9993061458 0.8076923077 0.0019679851) (0.0006938542265 0.1923076923 0.031300864)))
    hex (545 554 556 558 0 5 6 7) (13 13 104)
        edgeGrading (1 1 1 1 1 1 1 1 ((0.7278660237 0.2788461538 1) (0.2714338963 0.5288461538 0.0058182851) (0.0007000799986 0.1923076923 0.031300864)) ((0.9993061458 0.8076923077 0.0019679851) (0.0006938542265 0.1923076923 0.031300864)) ((0.9993072111 0.8076923077 0.0019644171) (0.0006927888785 0.1923076923 0.031300864)) ((0.9993061458 0.8076923077 0.0019679851) (0.0006938542265 0.1923076923 0.031300864)))
    hex (545 558 560 546 0 7 8 1) (13 13 104)
        edgeGrading (1 1 1 1 1 1 1 1 ((0.7278660237 0.2788461538 1) (0.2714338963 0.5288461538 0.0058182851) (0.0007000799986 0.1923076923 0.031300864)) ((0.9993061458 0.8076923077 0.0019679851) (0.0006938542265 0.1923076923 0.031300864)) ((0.9993072111 0.8076923077 0.0019644171) (0.0006927888785 0.1923076923 0.031300864)) ((0.9993061458 0.8076923077 0.0019679851) (0.0006938542265 0.1923076923 0.031300864)))
    hex (546 547 549 548 1 9 10 2) (87 13 104)
        edgeGrading (3.7735304 3.5916715 ((0.001052089976 0.2413793103 38.3376) (0.99894791 0.7586206897 456.99358)) ((0.001052090816 0.2413793103 38.3376) (0.9989479092 0.7586206897 456.99316)) 1 1 1 1 ((0.9993061458 0.8076923077 0.0019679851) (0.0006938542265 0.1923076923 0.031300864)) 1 1 ((0.9993072111 0.8076923077 0.0019644171) (0.0006927888785 0.1923076923 0.031300864)))
    hex (548 549 551 550 2 10 11 3) (87 13 104)
        edgeGrading (3.5916715 3.7735304 ((0.001052090816 0.2413793103 38.3376) (0.9989479092 0.7586206897 456.99316)) ((0.001052089976 0.2413793103 38.3376) (0.99894791 0.7586206897 456.99358)) 1 1 1 1 ((0.9993072111 0.8076923077 0.0019644171) (0.0006927888785 0.1923076923 0.031300864)) 1 1 ((0.9993061458 0.8076923077 0.0019679851) (0.0006938542265 0.1923076923 0.031300864)))
    hex (550 551 553 552 3 11 12 4) (87 13 104)
        edgeGrading (3.7735304 3.5916715 ((0.001052089976 0.2413793103 38.3376) (0.99894791 0.7586206897 456.99358)) ((0.001052090816 0.2413793103 38.3376) (0.9989479092 0.7586206897 456.99316)) 1 1 1 1 ((0.9993061458 0.8076923077 0.0019679851) (0.0006938542265 0.1923076923 0.031300864)) 1 1 ((0.9993072111 0.8076923077 0.0019644171) (0.0006927888785 0.1923076923 0.031300864)))
    hex (552 553 555 554 4 12 13 5) (87 13 104)
        edgeGrading (3.5916715 3.7735304 ((0.001052090816 0.2413793103 38.3376) (0.9989479092 0.7586206897 456.99316)) ((0.001052089976 0.2413793103 38.3376) (0.99894791 0.7586206897 456.99358)) 1 1 1 1 ((0.9993072111 0.8076923077 0.0019644171) (0.0006927888785 0.1923076923 0.031300864)) 1 1 ((0.9993061458 0.8076923077 0.0019679851) (0.0006938542265 0.1923076923 0.031300864)))
    hex (554 555 557 556 5 13 14 6) (87 13 104)
        edgeGrading (3.7735304 3.5916715 ((0.001052089976 0.2413793103 38.3376) (0.99894791 0.7586206897 456.99358)) ((0.001052090816 0.2413793103 38.3376) (0.9989479092 0.7586206897 456.99316)) 1 1 1 1 ((0.9993061458 0.8076923077 0.0019679851) (0.0006938542265 0.1923076923 0.031300864)) 1 1 ((0.9993072111 0.8076923077 0.0019644171) (0.0006927888785 0.1923076923 0.031300864)))
    hex (556 557 559 558 6 14 15 7) (87 13 104)
        edgeGrading (3.5916715 3.7735304 ((0.001052090816 0.2413793103 38.3376) (0.9989479092 0.7586206897 456.99316)) ((0.001052089976 0.2413793103 38.3376) (0.99894791 0.7586206897 456.99358)) 1 1 1 1 ((0.9993072111 0.8076923077 0.0019644171) (0.0006927888785 0.1923076923 0.031300864)) 1 1 ((0.9993061458 0.8076923077 0.0019679851) (0.0006938542265 0.1923076923 0.031300864)))
    hex (558 559 561 560 7 15 16 8) (87 13 104)
        edgeGrading (3.7735304 3.5916715 ((0.001052089976 0.2413793103 38.3376) (0.99894791 0.7586206897 456.99358)) ((0.001052090816 0.2413793103 38.3376) (0.9989479092 0.7586206897 456.99316)) 1 1 1 1 ((0.9993061458 0.8076923077 0.0019679851) (0.0006938542265 0.1923076923 0.031300864)) 1 1 ((0.9993072111 0.8076923077 0.0019644171) (0.0006927888785 0.1923076923 0.031300864)))
    hex (560 561 547 546 8 16 9 1) (87 13 104)
        edgeGrading (3.5916715 3.7735304 ((0.001052090816 0.2413793103 38.3376) (0.9989479092 0.7586206897 456.99316)) ((0.001052089976 0.2413793103 38.3376) (0.99894791 0.7586206897 456.99358)) 1 1 1 1 ((0.9993072111 0.8076923077 0.0019644171) (0.0006927888785 0.1923076923 0.031300864)) 1 1 ((0.9993061458 0.8076923077 0.0019679851) (0.0006938542265 0.1923076923 0.031300864)))
    hex (562 564 568 572 563 565 569 573) (13 13 170)
        edgeGrading (1 1 1 1 1 1 1 1 ((0.0001406409997 0.1235294118 38.3376) (0.1065525465 0.3705882353 368.42278) (0.8854166667 0.5 1) (0.007890145827 0.005882352941 1)) ((0.0001406409997 0.1235294118 38.3376) (0.1065525465 0.3705882353 368.42278) (0.8854166667 0.5 1) (0.007890145827 0.005882352941 1)) ((0.0001406409997 0.1235294118 38.3376) (0.1065525465 0.3705882353 368.42278) (0.8854166667 0.5 1) (0.007890145827 0.005882352941 1)) ((0.0001406409997 0.1235294118 38.3376) (0.1065525465 0.3705882353 368.42278) (0.8854166667 0.5 1) (0.007890145827 0.005882352941 1)))
    hex (562 572 576 580 563 573 577 581) (13 13 170)
        edgeGrading (1 1 1 1 1 1 1 1 ((0.0001406409997 0.1235294118 38.3376) (0.1065525465 0.3705882353 368.42278) (0.8854166667 0.5 1) (0.007890145827 0.005882352941 1)) ((0.0001406409997 0.1235294118 38.3376) (0.1065525465 0.3705882353 368.42278) (0.8854166667 0.5 1) (0.007890145827 0.005882352941 1)) ((0.0001406409997 0.1235294118 38.3376) (0.1065525465 0.3705882353 368.42278) (0.8854166667 0.5 1) (0.007890145827 0.005882352941 1)) ((0.0001406409997 0.1235294118 38.3376) (0.1065525465 0.3705882353 368.42278) (0.8854166667 0.5 1) (0.007890145827 0.005882352941 1)))
    hex (562 580 584 588 563 581 585 589) (13 13 170)
        edgeGrading (1 1 1 1 1 1 1 1 ((0.0001406409997 0.1235294118 38.3376) (0.1065525465 0.3705882353 368.42278) (0.8854166667 0.5 1) (0.007890145827 0.005882352941 1)) ((0.0001406409997 0.1235294118 38.3376) (0.1065525465 0.3705882353 368.42278) (0.8854166667 0.5 1) (0.007890145827 0.005882352941 1)) ((0.0001406409997 0.1235294118 38.3376) (0.1065525465 0.3705882353 368.42278) (0.8854166667 0.5 1) (0.007890145827 0.005882352941 1)) ((0.0001406409997 0.1235294118 38.3376) (0.1065525465 0.3705882353 368.42278) (0.8854166667 0.5 1) (0.007890145827 0.005882352941 1)))
    hex (562 588 592 564 563 589 593 565) (13 13 170)
        edgeGrading (1 1 1 1 1 1 1 1 ((0.0001406409997 0.1235294118 38.3376) (0.1065525465 0.3705882353 368.42278) (0.8854166667 0.5 1) (0.007890145827 0.005882352941 1)) ((0.0001406409997 0.1235294118 38.3376) (0.1065525465 0.3705882353 368.42278) (0.8854166667 0.5 1) (0.007890145827 0.005882352941 1)) ((0.0001406409997 0.1235294118 38.3376) (0.1065525465 0.3705882353 368.42278) (0.8854166667 0.5 1) (0.007890145827 0.005882352941 1)) ((0.0001406409997 0.1235294118 38.3376) (0.1065525465 0.3705882353 368.42278) (0.8854166667 0.5 1) (0.007890145827 0.005882352941 1)))
    hex (564 529 531 568 565 566 570 569) (50 13 170)
        edgeGrading (((0.9719968001 0.6 0.060702644) (0.02800319994 0.4 0.031300864)) ((0.9521955475 0.6 0.13507914) (0.04780445252 0.4 0.031300864)) 1 1 1 1 1 1 ((0.0001406409997 0.1235294118 38.3376) (0.1065525465 0.3705882353 368.42278) (0.8854166667 0.5 1) (0.007890145827 0.005882352941 1)) ((0.0001406409997 0.1235294118 38.3376) (0.1065525465 0.3705882353 368.42278) (0.8854166667 0.5 1) (0.007890145827 0.005882352941 1)) ((0.0001406409997 0.1235294118 38.3376) (0.1065525465 0.3705882353 368.42278) (0.8854166667 0.5 1) (0.007890145827 0.005882352941 1)) ((0.0001406409997 0.1235294118 38.3376) (0.1065525465 0.3705882353 368.42278) (0.8854166667 0.5 1) (0.007890145827 0.005882352941 1)))
    hex (529 530 532 531 566 567 571 570) (87 13 170)
        edgeGrading (((0.001205494283 0.2413793103 38.3376) (0.9987945057 0.7586206897 390.01017)) ((0.001205494283 0.2413793103 38.3376) (0.9987945057 0.7586206897 390.01017)) 20.199237 20.199237 1 1 1 1 ((0.0001406409997 0.1235294118 38.3376) (0.1065525465 0.3705882353 368.42278) (0.8854166667 0.5 1) (0.007890145827 0.005882352941 1)) 139.11933 139.11933 ((0.0001406409997 0.1235294118 38.3376) (0.1065525465 0.3705882353 368.42278) (0.8854166667 0.5 1) (0.007890145827 0.005882352941 1)))
    hex (568 531 533 572 569 570 574 573) (50 13 170)
        edgeGrading (((0.9521955475 0.6 0.13507914) (0.04780445252 0.4 0.031300864)) ((0.9719968001 0.6 0.060702644) (0.02800319994 0.4 0.031300864)) 1 1 1 1 1 1 ((0.0001406409997 0.1235294118 38.3376) (0.1065525465 0.3705882353 368.42278) (0.8854166667 0.5 1) (0.007890145827 0.005882352941 1)) ((0.0001406409997 0.1235294118 38.3376) (0.1065525465 0.3705882353 368.42278) (0.8854166667 0.5 1) (0.007890145827 0.005882352941 1)) ((0.0001406409997 0.1235294118 38.3376) (0.1065525465 0.3705882353 368.42278) (0.8854166667 0.5 1) (0.007890145827 0.005882352941 1)) ((0.0001406409997 0.1235294118 38.3376) (0.1065525465 0.3705882353 368.42278) (0.8854166667 0.5 1) (0.007890145827 0.005882352941 1)))
    hex (531 532 534 533 570 571 575 574) (87 13 170)
        edgeGrading (((0.001205494283 0.2413793103 38.3376) (0.9987945057 0.7586206897 390.01017)) ((0.001205494283 0.2413793103 38.3376) (0.9987945057 0.7586206897 390.01017)) 20.199237 20.199237 1 1 1 1 ((0.0001406409997 0.1235294118 38.3376) (0.1065525465 0.3705882353 368.42278) (0.8854166667 0.5 1) (0.007890145827 0.005882352941 1)) 139.11933 139.11933 ((0.0001406409997 0.1235294118 38.3376) (0.1065525465 0.3705882353 368.42278) (0.8854166667 0.5 1) (0.007890145827 0.005882352941 1)))
    hex (572 533 535 576 573 574 578 577) (50 13 170)
        edgeGrading (((0.9719968001 0.6 0.060702644) (0.02800319994 0.4 0.031300864)) ((0.9521955475 0.6 0.13507914) (0.04780445252 0.4 0.031300864)) 1 1 1 1 1 1 ((0.0001406409997 0.1235294118 38.3376) (0.1065525465 0.3705882353 368.42278) (0.8854166667 0.5 1) (0.007890145827 0.005882352941 1)) ((0.0001406409997 0.1235294118 38.3376) (0.1065525465 0.3705882353 368.42278) (0.8854166667 0.5 1) (0.007890145827 0.005882352941 1)) ((0.0001406409997 0.1235294118 38.3376) (0.1065525465 0.3705882353 368.42278) (0.8854166667 0.5 1) (0.007890145827 0.005882352941 1)) ((0.0001406409997 0.1235294118 38.3376) (0.1065525465 0.3705882353 368.42278) (0.8854166667 0.5 1) (0.007890145827 0.005882352941 1)))
    hex (533 534 536 535 574 575 579 578) (87 13 170)
        edgeGrading (((0.001205494283 0.2413793103 38.3376) (0.9987945057 0.7586206897 390.01017)) ((0.001205494283 0.2413793103 38.3376) (0.9987945057 0.7586206897 390.01017)) 20.199237 20.199237 1 1 1 1 ((0.0001406409997 0.1235294118 38.3376) (0.1065525465 0.3705882353 368.42278) (0.8854166667 0.5 1) (0.007890145827 0.005882352941 1)) 139.11933 139.11933 ((0.0001406409997 0.1235294118 38.3376) (0.1065525465 0.3705882353 368.42278) (0.8854166667 0.5 1) (0.007890145827 0.005882352941 1)))
    hex (576 535 537 580 577 578 582 581) (50 13 170)
        edgeGrading (((0.9521955475 0.6 0.13507914) (0.04780445252 0.4 0.031300864)) ((0.9719968001 0.6 0.060702644) (0.02800319994 0.4 0.031300864)) 1 1 1 1 1 1 ((0.0001406409997 0.1235294118 38.3376) (0.1065525465 0.3705882353 368.42278) (0.8854166667 0.5 1) (0.007890145827 0.005882352941 1)) ((0.0001406409997 0.1235294118 38.3376) (0.1065525465 0.3705882353 368.42278) (0.8854166667 0.5 1) (0.007890145827 0.005882352941 1)) ((0.0001406409997 0.1235294118 38.3376) (0.1065525465 0.3705882353 368.42278) (0.8854166667 0.5 1) (0.007890145827 0.005882352941 1)) ((0.0001406409997 0.1235294118 38.3376) (0.1065525465 0.3705882353 368.42278) (0.8854166667 0.5 1) (0.007890145827 0.005882352941 1)))
    hex (535 536 538 537 578 579 583 582) (87 13 170)
        edgeGrading (((0.001205494283 0.2413793103 38.3376) (0.9987945057 0.7586206897 390.01017)) ((0.001205494283 0.2413793103 38.3376) (0.9987945057 0.7586206897 390.01017)) 20.199237 20.199237 1 1 1 1 ((0.0001406409997 0.1235294118 38.3376) (0.1065525465 0.3705882353 368.42278) (0.8854166667 0.5 1) (0.007890145827 0.005882352941 1)) 139.11933 139.11933 ((0.0001406409997 0.1235294118 38.3376) (0.1065525465 0.3705882353 368.42278) (0.8854166667 0.5 1) (0.007890145827 0.005882352941 1)))
    hex (580 537 539 584 581 582 586 585) (50 13 170)
        edgeGrading (((0.9719968001 0.6 0.060702644) (0.02800319994 0.4 0.031300864)) ((0.9521955475 0.6 0.13507914) (0.04780445252 0.4 0.031300864)) 1 1 1 1 1 1 ((0.0001406409997 0.1235294118 38.3376) (0.1065525465 0.3705882353 368.42278) (0.8854166667 0.5 1) (0.007890145827 0.005882352941 1)) ((0.0001406409997 0.1235294118 38.3376) (0.1065525465 0.3705882353 368.42278) (0.8854166667 0.5 1) (0.007890145827 0.005882352941 1)) ((0.0001406409997 0.1235294118 38.3376) (0.1065525465 0.3705882353 368.42278) (0.8854166667 0.5 1) (0.007890145827 0.005882352941 1)) ((0.0001406409997 0.1235294118 38.3376) (0.1065525465 0.3705882353 368.42278) (0.8854166667 0.5 1) (0.007890145827 0.005882352941 1)))
    hex (537 538 540 539 582 583 587 586) (87 13 170)
        edgeGrading (((0.001205494283 0.2413793103 38.3376) (0.9987945057 0.7586206897 390.01017)) ((0.001205494283 0.2413793103 38.3376) (0.9987945057 0.7586206897 390.01017)) 20.199237 20.199237 1 1 1 1 ((0.0001406409997 0.1235294118 38.3376) (0.1065525465 0.3705882353 368.42278) (0.8854166667 0.5 1) (0.007890145827 0.005882352941 1)) 139.11933 139.11933 ((0.0001406409997 0.1235294118 38.3376) (0.1065525465 0.3705882353 368.42278) (0.8854166667 0.5 1) (0.007890145827 0.005882352941 1)))
    hex (584 539 541 588 585 586 590 589) (50 13 170)
        edgeGrading (((0.9521955475 0.6 0.13507914) (0.04780445252 0.4 0.031300864)) ((0.9719968001 0.6 0.060702644) (0.02800319994 0.4 0.031300864)) 1 1 1 1 1 1 ((0.0001406409997 0.1235294118 38.3376) (0.1065525465 0.3705882353 368.42278) (0.8854166667 0.5 1) (0.007890145827 0.005882352941 1)) ((0.0001406409997 0.1235294118 38.3376) (0.1065525465 0.3705882353 368.42278) (0.8854166667 0.5 1) (0.007890145827 0.005882352941 1)) ((0.0001406409997 0.1235294118 38.3376) (0.1065525465 0.3705882353 368.42278) (0.8854166667 0.5 1) (0.007890145827 0.005882352941 1)) ((0.0001406409997 0.1235294118 38.3376) (0.1065525465 0.3705882353 368.42278) (0.8854166667 0.5 1) (0.007890145827 0.005882352941 1)))
    hex (539 540 542 541 586 587 591 590) (87 13 170)
        edgeGrading (((0.001205494283 0.2413793103 38.3376) (0.9987945057 0.7586206897 390.01017)) ((0.001205494283 0.2413793103 38.3376) (0.9987945057 0.7586206897 390.01017)) 20.199237 20.199237 1 1 1 1 ((0.0001406409997 0.1235294118 38.3376) (0.1065525465 0.3705882353 368.42278) (0.8854166667 0.5 1) (0.007890145827 0.005882352941 1)) 139.11933 139.11933 ((0.0001406409997 0.1235294118 38.3376) (0.1065525465 0.3705882353 368.42278) (0.8854166667 0.5 1) (0.007890145827 0.005882352941 1)))
    hex (588 541 543 592 589 590 594 593) (50 13 170)
        edgeGrading (((0.9719968001 0.6 0.060702644) (0.02800319994 0.4 0.031300864)) ((0.9521955475 0.6 0.13507914) (0.04780445252 0.4 0.031300864)) 1 1 1 1 1 1 ((0.0001406409997 0.1235294118 38.3376) (0.1065525465 0.3705882353 368.42278) (0.8854166667 0.5 1) (0.007890145827 0.005882352941 1)) ((0.0001406409997 0.1235294118 38.3376) (0.1065525465 0.3705882353 368.42278) (0.8854166667 0.5 1) (0.007890145827 0.005882352941 1)) ((0.0001406409997 0.1235294118 38.3376) (0.1065525465 0.3705882353 368.42278) (0.8854166667 0.5 1) (0.007890145827 0.005882352941 1)) ((0.0001406409997 0.1235294118 38.3376) (0.1065525465 0.3705882353 368.42278) (0.8854166667 0.5 1) (0.007890145827 0.005882352941 1)))
    hex (541 542 544 543 590 591 595 594) (87 13 170)
        edgeGrading (((0.001205494283 0.2413793103 38.3376) (0.9987945057 0.7586206897 390.01017)) ((0.001205494283 0.2413793103 38.3376) (0.9987945057 0.7586206897 390.01017)) 20.199237 20.199237 1 1 1 1 ((0.0001406409997 0.1235294118 38.3376) (0.1065525465 0.3705882353 368.42278) (0.8854166667 0.5 1) (0.007890145827 0.005882352941 1)) 139.11933 139.11933 ((0.0001406409997 0.1235294118 38.3376) (0.1065525465 0.3705882353 368.42278) (0.8854166667 0.5 1) (0.007890145827 0.005882352941 1)))
    hex (592 543 529 564 593 594 566 565) (50 13 170)
        edgeGrading (((0.9521955475 0.6 0.13507914) (0.04780445252 0.4 0.031300864)) ((0.9719968001 0.6 0.060702644) (0.02800319994 0.4 0.031300864)) 1 1 1 1 1 1 ((0.0001406409997 0.1235294118 38.3376) (0.1065525465 0.3705882353 368.42278) (0.8854166667 0.5 1) (0.007890145827 0.005882352941 1)) ((0.0001406409997 0.1235294118 38.3376) (0.1065525465 0.3705882353 368.42278) (0.8854166667 0.5 1) (0.007890145827 0.005882352941 1)) ((0.0001406409997 0.1235294118 38.3376) (0.1065525465 0.3705882353 368.42278) (0.8854166667 0.5 1) (0.007890145827 0.005882352941 1)) ((0.0001406409997 0.1235294118 38.3376) (0.1065525465 0.3705882353 368.42278) (0.8854166667 0.5 1) (0.007890145827 0.005882352941 1)))
    hex (543 544 530 529 594 595 567 566) (87 13 170)
        edgeGrading (((0.001205494283 0.2413793103 38.3376) (0.9987945057 0.7586206897 390.01017)) ((0.001205494283 0.2413793103 38.3376) (0.9987945057 0.7586206897 390.01017)) 20.199237 20.199237 1 1 1 1 ((0.0001406409997 0.1235294118 38.3376) (0.1065525465 0.3705882353 368.42278) (0.8854166667 0.5 1) (0.007890145827 0.005882352941 1)) 139.11933 139.11933 ((0.0001406409997 0.1235294118 38.3376) (0.1065525465 0.3705882353 368.42278) (0.8854166667 0.5 1) (0.007890145827 0.005882352941 1)))
);

edges
(
    polyLine 1 2 ((1.30809302 0.5 0.025) (1.31299218 0.5 0.05) (1.32111745 0.5 0.075) (1.33241037 0.5 0.1) (1.346792 0.5 0.125) (1.36416561 0.5 0.15) (1.38441968 0.5 0.175) (1.40743111 0.5 0.2) (1.43306849 0.5 0.225) (1.46119512 0.5 0.25) (1.49167181 0.5 0.275) (1.52435931 0.5 0.3) (1.55912031 0.5 0.325) (1.59582115 0.5 0.35) (1.63433296 0.5 0.375) (1.67453267 0.5 0.4) (1.71630356 0.5 0.425) (1.75953562 0.5 0.45) (1.80412568 0.5 0.475))
    arc 9 10 (-227.424387 554.32772 229.610059)
    arc 17 19 (6.8271887 2.38265806 0.986929284)
    arc 18 20 (6.8271887 554.32772 229.610059)
    arc 33 35 (11.8593328 4.0895775 1.69395846)
    arc 34 36 (11.8593328 554.32772 229.610059)
    arc 49 51 (16.8736413 5.74925428 2.3814191)
    arc 50 52 (16.8736413 554.32772 229.610059)
    arc 65 67 (21.8879498 7.36815663 3.05199041)
    arc 66 68 (21.8879498 554.32772 229.610059)
    arc 81 83 (26.9022582 8.94661711 3.70581014)
    arc 82 84 (26.9022582 554.32772 229.610059)
    arc 97 99 (31.9165667 10.4849565 4.34301119)
    arc 98 100 (31.9165667 554.32772 229.610059)
    arc 113 115 (36.9308751 11.9834842 4.96372169)
    arc 114 116 (36.9308751 554.32772 229.610059)
    arc 129 131 (41.9451836 13.4424985 5.56806521)
    arc 130 132 (41.9451836 554.32772 229.610059)
    arc 145 147 (46.959492 14.8622871 6.15616088)
    arc 146 148 (46.959492 554.32772 229.610059)
    arc 161 163 (51.9738005 16.243127 6.72812352)
    arc 162 164 (51.9738005 554.32772 229.610059)
    arc 177 179 (56.9881089 17.5852855 7.28406375)
    arc 178 180 (56.9881089 554.32772 229.610059)
    arc 193 195 (62.0024174 18.8890197 7.82408815)
    arc 194 196 (62.0024174 554.32772 229.610059)
    arc 209 211 (67.0167258 20.1545775 8.34829933)
    arc 210 212 (67.0167258 554.32772 229.610059)
    arc 225 227 (72.0310343 21.3821971 8.85679604)
    arc 226 228 (72.0310343 554.32772 229.610059)
    arc 241 243 (77.0453428 22.5721081 9.34967331)
    arc 242 244 (77.0453428 554.32772 229.610059)
    arc 257 259 (82.0596512 23.724531 9.82702251)
    arc 258 260 (82.0596512 554.32772 229.610059)
    arc 273 275 (87.0739597 24.8396779 10.2889315)
    arc 274 276 (87.0739597 554.32772 229.610059)
    arc 289 291 (92.0882681 25.9177522 10.7354845)
    arc 290 292 (92.0882681 554.32772 229.610059)
    arc 305 307 (97.1025766 26.9589496 11.1667626)
    arc 306 308 (97.1025766 554.32772 229.610059)
    arc 321 323 (102.116885 27.9634575 11.5828433)
    arc 322 324 (102.116885 554.32772 229.610059)
    arc 337 339 (107.131193 28.9314554 11.9838012)
    arc 338 340 (107.131193 554.32772 229.610059)
    arc 353 355 (112.145502 29.8631155 12.3697074)
    arc 354 356 (112.145502 554.32772 229.610059)
    arc 369 371 (117.15981 30.7586022 12.7406302)
    arc 370 372 (117.15981 554.32772 229.610059)
    arc 385 387 (122.174119 31.6180729 13.0966346)
    arc 386 388 (122.174119 554.32772 229.610059)
    arc 401 403 (127.188427 32.4416774 13.4377828)
    arc 402 404 (127.188427 554.32772 229.610059)
    arc 417 419 (132.202736 33.2295588 13.7641339)
    arc 418 420 (132.202736 554.32772 229.610059)
    arc 433 435 (137.217044 33.9818533 14.0757445)
    arc 434 436 (137.217044 554.32772 229.610059)
    arc 449 451 (142.231353 34.69869 14.372668)
    arc 450 452 (142.231353 554.32772 229.610059)
    arc 465 467 (147.245661 35.3801916 14.6549552)
    arc 466 468 (147.245661 554.32772 229.610059)
    arc 481 483 (152.25997 36.0264742 14.9226542)
    arc 482 484 (152.25997 554.32772 229.610059)
    arc 497 499 (157.672859 36.6847255 15.1953108)
    arc 498 500 (157.672859 554.32772 229.610059)
    arc 513 515 (160 36.9551813 15.3073373)
    arc 514 516 (160 554.32772 229.610059)
    arc 529 531 (800 36.9551813 15.3073373)
    arc 530 532 (800 554.32772 229.610059)
    polyLine 2 3 ((1.80412568 0.475 0.5) (1.75953562 0.45 0.5) (1.71630356 0.425 0.5) (1.67453267 0.4 0.5) (1.63433296 0.375 0.5) (1.59582115 0.35 0.5) (1.55912031 0.325 0.5) (1.52435931 0.3 0.5) (1.49167181 0.275 0.5) (1.46119512 0.25 0.5) (1.43306849 0.225 0.5) (1.40743111 0.2 0.5) (1.38441968 0.175 0.5) (1.36416561 0.15 0.5) (1.346792 0.125 0.5) (1.33241037 0.1 0.5) (1.32111745 0.075 0.5) (1.31299218 0.05 0.5) (1.30809302 0.025 0.5))
    arc 10 11 (-227.424387 229.610059 554.32772)
    arc 19 21 (6.8271887 0.986929284 2.38265806)
    arc 20 22 (6.8271887 229.610059 554.32772)
    arc 35 37 (11.8593328 1.69395846 4.0895775)
    arc 36 38 (11.8593328 229.610059 554.32772)
    arc 51 53 (16.8736413 2.3814191 5.74925428)
    arc 52 54 (16.8736413 229.610059 554.32772)
    arc 67 69 (21.8879498 3.05199041 7.36815663)
    arc 68 70 (21.8879498 229.610059 554.32772)
    arc 83 85 (26.9022582 3.70581014 8.94661711)
    arc 84 86 (26.9022582 229.610059 554.32772)
    arc 99 101 (31.9165667 4.34301119 10.4849565)
    arc 100 102 (31.9165667 229.610059 554.32772)
    arc 115 117 (36.9308751 4.96372169 11.9834842)
    arc 116 118 (36.9308751 229.610059 554.32772)
    arc 131 133 (41.9451836 5.56806521 13.4424985)
    arc 132 134 (41.9451836 229.610059 554.32772)
    arc 147 149 (46.959492 6.15616088 14.8622871)
    arc 148 150 (46.959492 229.610059 554.32772)
    arc 163 165 (51.9738005 6.72812352 16.243127)
    arc 164 166 (51.9738005 229.610059 554.32772)
    arc 179 181 (56.9881089 7.28406375 17.5852855)
    arc 180 182 (56.9881089 229.610059 554.32772)
    arc 195 197 (62.0024174 7.82408815 18.8890197)
    arc 196 198 (62.0024174 229.610059 554.32772)
    arc 211 213 (67.0167258 8.34829933 20.1545775)
    arc 212 214 (67.0167258 229.610059 554.32772)
    arc 227 229 (72.0310343 8.85679604 21.3821971)
    arc 228 230 (72.0310343 229.610059 554.32772)
    arc 243 245 (77.0453428 9.34967331 22.5721081)
    arc 244 246 (77.0453428 229.610059 554.32772)
    arc 259 261 (82.0596512 9.82702251 23.724531)
    arc 260 262 (82.0596512 229.610059 554.32772)
    arc 275 277 (87.0739597 10.2889315 24.8396779)
    arc 276 278 (87.0739597 229.610059 554.32772)
    arc 291 293 (92.0882681 10.7354845 25.9177522)
    arc 292 294 (92.0882681 229.610059 554.32772)
    arc 307 309 (97.1025766 11.1667626 26.9589496)
    arc 308 310 (97.1025766 229.610059 554.32772)
    arc 323 325 (102.116885 11.5828433 27.9634575)
    arc 324 326 (102.116885 229.610059 554.32772)
    arc 339 341 (107.131193 11.9838012 28.9314554)
    arc 340 342 (107.131193 229.610059 554.32772)
    arc 355 357 (112.145502 12.3697074 29.8631155)
    arc 356 358 (112.145502 229.610059 554.32772)
    arc 371 373 (117.15981 12.7406302 30.7586022)
    arc 372 374 (117.15981 229.610059 554.32772)
    arc 387 389 (122.174119 13.0966346 31.6180729)
    arc 388 390 (122.174119 229.610059 554.32772)
    arc 403 405 (127.188427 13.4377828 32.4416774)
    arc 404 406 (127.188427 229.610059 554.32772)
    arc 419 421 (132.202736 13.7641339 33.2295588)
    arc 420 422 (132.202736 229.610059 554.32772)
    arc 435 437 (137.217044 14.0757445 33.9818533)
    arc 436 438 (137.217044 229.610059 554.32772)
    arc 451 453 (142.231353 14.372668 34.69869)
    arc 452 454 (142.231353 229.610059 554.32772)
    arc 467 469 (147.245661 14.6549552 35.3801916)
    arc 468 470 (147.245661 229.610059 554.32772)
    arc 483 485 (152.25997 14.9226542 36.0264742)
    arc 484 486 (152.25997 229.610059 554.32772)
    arc 499 501 (157.672859 15.1953108 36.6847255)
    arc 500 502 (157.672859 229.610059 554.32772)
    arc 515 517 (160 15.3073373 36.9551813)
    arc 516 518 (160 229.610059 554.32772)
    arc 531 533 (800 15.3073373 36.9551813)
    arc 532 534 (800 229.610059 554.32772)
    polyLine 3 4 ((1.30809302 -0.025 0.5) (1.31299218 -0.05 0.5) (1.32111745 -0.075 0.5) (1.33241037 -0.1 0.5) (1.346792 -0.125 0.5) (1.36416561 -0.15 0.5) (1.38441968 -0.175 0.5) (1.40743111 -0.2 0.5) (1.43306849 -0.225 0.5) (1.46119512 -0.25 0.5) (1.49167181 -0.275 0.5) (1.52435931 -0.3 0.5) (1.55912031 -0.325 0.5) (1.59582115 -0.35 0.5) (1.63433296 -0.375 0.5) (1.67453267 -0.4 0.5) (1.71630356 -0.425 0.5) (1.75953562 -0.45 0.5) (1.80412568 -0.475 0.5))
    arc 11 12 (-227.424387 -229.610059 554.32772)
    arc 21 23 (6.8271887 -0.986929284 2.38265806)
    arc 22 24 (6.8271887 -229.610059 554.32772)
    arc 37 39 (11.8593328 -1.69395846 4.0895775)
    arc 38 40 (11.8593328 -229.610059 554.32772)
    arc 53 55 (16.8736413 -2.3814191 5.74925428)
    arc 54 56 (16.8736413 -229.610059 554.32772)
    arc 69 71 (21.8879498 -3.05199041 7.36815663)
    arc 70 72 (21.8879498 -229.610059 554.32772)
    arc 85 87 (26.9022582 -3.70581014 8.94661711)
    arc 86 88 (26.9022582 -229.610059 554.32772)
    arc 101 103 (31.9165667 -4.34301119 10.4849565)
    arc 102 104 (31.9165667 -229.610059 554.32772)
    arc 117 119 (36.9308751 -4.96372169 11.9834842)
    arc 118 120 (36.9308751 -229.610059 554.32772)
    arc 133 135 (41.9451836 -5.56806521 13.4424985)
    arc 134 136 (41.9451836 -229.610059 554.32772)
    arc 149 151 (46.959492 -6.15616088 14.8622871)
    arc 150 152 (46.959492 -229.610059 554.32772)
    arc 165 167 (51.9738005 -6.72812352 16.243127)
    arc 166 168 (51.9738005 -229.610059 554.32772)
    arc 181 183 (56.9881089 -7.28406375 17.5852855)
    arc 182 184 (56.9881089 -229.610059 554.32772)
    arc 197 199 (62.0024174 -7.82408815 18.8890197)
    arc 198 200 (62.0024174 -229.610059 554.32772)
    arc 213 215 (67.0167258 -8.34829933 20.1545775)
    arc 214 216 (67.0167258 -229.610059 554.32772)
    arc 229 231 (72.0310343 -8.85679604 21.3821971)
    arc 230 232 (72.0310343 -229.610059 554.32772)
    arc 245 247 (77.0453428 -9.34967331 22.5721081)
    arc 246 248 (77.0453428 -229.610059 554.32772)
    arc 261 263 (82.0596512 -9.82702251 23.724531)
    arc 262 264 (82.0596512 -229.610059 554.32772)
    arc 277 279 (87.0739597 -10.2889315 24.8396779)
    arc 278 280 (87.0739597 -229.610059 554.32772)
    arc 293 295 (92.0882681 -10.7354845 25.9177522)
    arc 294 296 (92.0882681 -229.610059 554.32772)
    arc 309 311 (97.1025766 -11.1667626 26.9589496)
    arc 310 312 (97.1025766 -229.610059 554.32772)
    arc 325 327 (102.116885 -11.5828433 27.9634575)
    arc 326 328 (102.116885 -229.610059 554.32772)
    arc 341 343 (107.131193 -11.9838012 28.9314554)
    arc 342 344 (107.131193 -229.610059 554.32772)
    arc 357 359 (112.145502 -12.3697074 29.8631155)
    arc 358 360 (112.145502 -229.610059 554.32772)
    arc 373 375 (117.15981 -12.7406302 30.7586022)
    arc 374 376 (117.15981 -229.610059 554.32772)
    arc 389 391 (122.174119 -13.0966346 31.6180729)
    arc 390 392 (122.174119 -229.610059 554.32772)
    arc 405 407 (127.188427 -13.4377828 32.4416774)
    arc 406 408 (127.188427 -229.610059 554.32772)
    arc 421 423 (132.202736 -13.7641339 33.2295588)
    arc 422 424 (132.202736 -229.610059 554.32772)
    arc 437 439 (137.217044 -14.0757445 33.9818533)
    arc 438 440 (137.217044 -229.610059 554.32772)
    arc 453 455 (142.231353 -14.372668 34.69869)
    arc 454 456 (142.231353 -229.610059 554.32772)
    arc 469 471 (147.245661 -14.6549552 35.3801916)
    arc 470 472 (147.245661 -229.610059 554.32772)
    arc 485 487 (152.25997 -14.9226542 36.0264742)
    arc 486 488 (152.25997 -229.610059 554.32772)
    arc 501 503 (157.672859 -15.1953108 36.6847255)
    arc 502 504 (157.672859 -229.610059 554.32772)
    arc 517 519 (160 -15.3073373 36.9551813)
    arc 518 520 (160 -229.610059 554.32772)
    arc 533 535 (800 -15.3073373 36.9551813)
    arc 534 536 (800 -229.610059 554.32772)
    polyLine 4 5 ((1.80412568 -0.5 0.475) (1.75953562 -0.5 0.45) (1.71630356 -0.5 0.425) (1.67453267 -0.5 0.4) (1.63433296 -0.5 0.375) (1.59582115 -0.5 0.35) (1.55912031 -0.5 0.325) (1.52435931 -0.5 0.3) (1.49167181 -0.5 0.275) (1.46119512 -0.5 0.25) (1.43306849 -0.5 0.225) (1.40743111 -0.5 0.2) (1.38441968 -0.5 0.175) (1.36416561 -0.5 0.15) (1.346792 -0.5 0.125) (1.33241037 -0.5 0.1) (1.32111745 -0.5 0.075) (1.31299218 -0.5 0.05) (1.30809302 -0.5 0.025))
    arc 12 13 (-227.424387 -554.32772 229.610059)
    arc 23 25 (6.8271887 -2.38265806 0.986929284)
    arc 24 26 (6.8271887 -554.32772 229.610059)
    arc 39 41 (11.8593328 -4.0895775 1.69395846)
    arc 40 42 (11.8593328 -554.32772 229.610059)
    arc 55 57 (16.8736413 -5.74925428 2.3814191)
    arc 56 58 (16.8736413 -554.32772 229.610059)
    arc 71 73 (21.8879498 -7.36815663 3.05199041)
    arc 72 74 (21.8879498 -554.32772 229.610059)
    arc 87 89 (26.9022582 -8.94661711 3.70581014)
    arc 88 90 (26.9022582 -554.32772 229.610059)
    arc 103 105 (31.9165667 -10.4849565 4.34301119)
    arc 104 106 (31.9165667 -554.32772 229.610059)
    arc 119 121 (36.9308751 -11.9834842 4.96372169)
    arc 120 122 (36.9308751 -554.32772 229.610059)
    arc 135 137 (41.9451836 -13.4424985 5.56806521)
    arc 136 138 (41.9451836 -554.32772 229.610059)
    arc 151 153 (46.959492 -14.8622871 6.15616088)
    arc 152 154 (46.959492 -554.32772 229.610059)
    arc 167 169 (51.9738005 -16.243127 6.72812352)
    arc 168 170 (51.9738005 -554.32772 229.610059)
    arc 183 185 (56.9881089 -17.5852855 7.28406375)
    arc 184 186 (56.9881089 -554.32772 229.610059)
    arc 199 201 (62.0024174 -18.8890197 7.82408815)
    arc 200 202 (62.0024174 -554.32772 229.610059)
    arc 215 217 (67.0167258 -20.1545775 8.34829933)
    arc 216 218 (67.0167258 -554.32772 229.610059)
    arc 231 233 (72.0310343 -21.3821971 8.85679604)
    arc 232 234 (72.0310343 -554.32772 229.610059)
    arc 247 249 (77.0453428 -22.5721081 9.34967331)
    arc 248 250 (77.0453428 -554.32772 229.610059)
    arc 263 265 (82.0596512 -23.724531 9.82702251)
    arc 264 266 (82.0596512 -554.32772 229.610059)
    arc 279 281 (87.0739597 -24.8396779 10.2889315)
    arc 280 282 (87.0739597 -554.32772 229.610059)
    arc 295 297 (92.0882681 -25.9177522 10.7354845)
    arc 296 298 (92.0882681 -554.32772 229.610059)
    arc 311 313 (97.1025766 -26.9589496 11.1667626)
    arc 312 314 (97.1025766 -554.32772 229.610059)
    arc 327 329 (102.116885 -27.9634575 11.5828433)
    arc 328 330 (102.116885 -554.32772 229.610059)
    arc 343 345 (107.131193 -28.9314554 11.9838012)
    arc 344 346 (107.131193 -554.32772 229.610059)
    arc 359 361 (112.145502 -29.8631155 12.3697074)
    arc 360 362 (112.145502 -554.32772 229.610059)
    arc 375 377 (117.15981 -30.7586022 12.7406302)
    arc 376 378 (117.15981 -554.32772 229.610059)
    arc 391 393 (122.174119 -31.6180729 13.0966346)
    arc 392 394 (122.174119 -554.32772 229.610059)
    arc 407 409 (127.188427 -32.4416774 13.4377828)
    arc 408 410 (127.188427 -554.32772 229.610059)
    arc 423 425 (132.202736 -33.2295588 13.7641339)
    arc 424 426 (132.202736 -554.32772 229.610059)
    arc 439 441 (137.217044 -33.9818533 14.0757445)
    arc 440 442 (137.217044 -554.32772 229.610059)
    arc 455 457 (142.231353 -34.69869 14.372668)
    arc 456 458 (142.231353 -554.32772 229.610059)
    arc 471 473 (147.245661 -35.3801916 14.6549552)
    arc 472 474 (147.245661 -554.32772 229.610059)
    arc 487 489 (152.25997 -36.0264742 14.9226542)
    arc 488 490 (152.25997 -554.32772 229.610059)
    arc 503 505 (157.672859 -36.6847255 15.1953108)
    arc 504 506 (157.672859 -554.32772 229.610059)
    arc 519 521 (160 -36.9551813 15.3073373)
    arc 520 522 (160 -554.32772 229.610059)
    arc 535 537 (800 -36.9551813 15.3073373)
    arc 536 538 (800 -554.32772 229.610059)
    polyLine 5 6 ((1.30809302 -0.5 -0.025) (1.31299218 -0.5 -0.05) (1.32111745 -0.5 -0.075) (1.33241037 -0.5 -0.1) (1.346792 -0.5 -0.125) (1.36416561 -0.5 -0.15) (1.38441968 -0.5 -0.175) (1.40743111 -0.5 -0.2) (1.43306849 -0.5 -0.225) (1.46119512 -0.5 -0.25) (1.49167181 -0.5 -0.275) (1.52435931 -0.5 -0.3) (1.55912031 -0.5 -0.325) (1.59582115 -0.5 -0.35) (1.63433296 -0.5 -0.375) (1.67453267 -0.5 -0.4) (1.71630356 -0.5 -0.425) (1.75953562 -0.5 -0.45) (1.80412568 -0.5 -0.475))
    arc 13 14 (-227.424387 -554.32772 -229.610059)
    arc 25 27 (6.8271887 -2.38265806 -0.986929284)
    arc 26 28 (6.8271887 -554.32772 -229.610059)
    arc 41 43 (11.8593328 -4.0895775 -1.69395846)
    arc 42 44 (11.8593328 -554.32772 -229.610059)
    arc 57 59 (16.8736413 -5.74925428 -2.3814191)
    arc 58 60 (16.8736413 -554.32772 -229.610059)
    arc 73 75 (21.8879498 -7.36815663 -3.05199041)
    arc 74 76 (21.8879498 -554.32772 -229.610059)
    arc 89 91 (26.9022582 -8.94661711 -3.70581014)
    arc 90 92 (26.9022582 -554.32772 -229.610059)
    arc 105 107 (31.9165667 -10.4849565 -4.34301119)
    arc 106 108 (31.9165667 -554.32772 -229.610059)
    arc 121 123 (36.9308751 -11.9834842 -4.96372169)
    arc 122 124 (36.9308751 -554.32772 -229.610059)
    arc 137 139 (41.9451836 -13.4424985 -5.56806521)
    arc 138 140 (41.9451836 -554.32772 -229.610059)
    arc 153 155 (46.959492 -14.8622871 -6.15616088)
    arc 154 156 (46.959492 -554.32772 -229.610059)
    arc 169 171 (51.9738005 -16.243127 -6.72812352)
    arc 170 172 (51.9738005 -554.32772 -229.610059)
    arc 185 187 (56.9881089 -17.5852855 -7.28406375)
    arc 186 188 (56.9881089 -554.32772 -229.610059)
    arc 201 203 (62.0024174 -18.8890197 -7.82408815)
    arc 202 204 (62.0024174 -554.32772 -229.610059)
    arc 217 219 (67.0167258 -20.1545775 -8.34829933)
    arc 218 220 (67.0167258 -554.32772 -229.610059)
    arc 233 235 (72.0310343 -21.3821971 -8.85679604)
    arc 234 236 (72.0310343 -554.32772 -229.610059)
    arc 249 251 (77.0453428 -22.5721081 -9.34967331)
    arc 250 252 (77.0453428 -554.32772 -229.610059)
    arc 265 267 (82.0596512 -23.724531 -9.82702251)
    arc 266 268 (82.0596512 -554.32772 -229.610059)
    arc 281 283 (87.0739597 -24.8396779 -10.2889315)
    arc 282 284 (87.0739597 -554.32772 -229.610059)
    arc 297 299 (92.0882681 -25.9177522 -10.7354845)
    arc 298 300 (92.0882681 -554.32772 -229.610059)
    arc 313 315 (97.1025766 -26.9589496 -11.1667626)
    arc 314 316 (97.1025766 -554.32772 -229.610059)
    arc 329 331 (102.116885 -27.9634575 -11.5828433)
    arc 330 332 (102.116885 -554.32772 -229.610059)
    arc 345 347 (107.131193 -28.9314554 -11.9838012)
    arc 346 348 (107.131193 -554.32772 -229.610059)
    arc 361 363 (112.145502 -29.8631155 -12.3697074)
    arc 362 364 (112.145502 -554.32772 -229.610059)
    arc 377 379 (117.15981 -30.7586022 -12.7406302)
    arc 378 380 (117.15981 -554.32772 -229.610059)
    arc 393 395 (122.174119 -31.6180729 -13.0966346)
    arc 394 396 (122.174119 -554.32772 -229.610059)
    arc 409 411 (127.188427 -32.4416774 -13.4377828)
    arc 410 412 (127.188427 -554.32772 -229.610059)
    arc 425 427 (132.202736 -33.2295588 -13.7641339)
    arc 426 428 (132.202736 -554.32772 -229.610059)
    arc 441 443 (137.217044 -33.9818533 -14.0757445)
    arc 442 444 (137.217044 -554.32772 -229.610059)
    arc 457 459 (142.231353 -34.69869 -14.372668)
    arc 458 460 (142.231353 -554.32772 -229.610059)
    arc 473 475 (147.245661 -35.3801916 -14.6549552)
    arc 474 476 (147.245661 -554.32772 -229.610059)
    arc 489 491 (152.25997 -36.0264742 -14.9226542)
    arc 490 492 (152.25997 -554.32772 -229.610059)
    arc 505 507 (157.672859 -36.6847255 -15.1953108)
    arc 506 508 (157.672859 -554.32772 -229.610059)
    arc 521 523 (160 -36.9551813 -15.3073373)
    arc 522 524 (160 -554.32772 -229.610059)
    arc 537 539 (800 -36.9551813 -15.3073373)
    arc 538 540 (800 -554.32772 -229.610059)
    polyLine 6 7 ((1.80412568 -0.475 -0.5) (1.75953562 -0.45 -0.5) (1.71630356 -0.425 -0.5) (1.67453267 -0.4 -0.5) (1.63433296 -0.375 -0.5) (1.59582115 -0.35 -0.5) (1.55912031 -0.325 -0.5) (1.52435931 -0.3 -0.5) (1.49167181 -0.275 -0.5) (1.46119512 -0.25 -0.5) (1.43306849 -0.225 -0.5) (1.40743111 -0.2 -0.5) (1.38441968 -0.175 -0.5) (1.36416561 -0.15 -0.5) (1.346792 -0.125 -0.5) (1.33241037 -0.1 -0.5) (1.32111745 -0.075 -0.5) (1.31299218 -0.05 -0.5) (1.30809302 -0.025 -0.5))
    arc 14 15 (-227.424387 -229.610059 -554.32772)
    arc 27 29 (6.8271887 -0.986929284 -2.38265806)
    arc 28 30 (6.8271887 -229.610059 -554.32772)
    arc 43 45 (11.8593328 -1.69395846 -4.0895775)
    arc 44 46 (11.8593328 -229.610059 -554.32772)
    arc 59 61 (16.8736413 -2.3814191 -5.74925428)
    arc 60 62 (16.8736413 -229.610059 -554.32772)
    arc 75 77 (21.8879498 -3.05199041 -7.36815663)
    arc 76 78 (21.8879498 -229.610059 -554.32772)
    arc 91 93 (26.9022582 -3.70581014 -8.94661711)
    arc 92 94 (26.9022582 -229.610059 -554.32772)
    arc 107 109 (31.9165667 -4.34301119 -10.4849565)
    arc 108 110 (31.9165667 -229.610059 -554.32772)
    arc 123 125 (36.9308751 -4.96372169 -11.9834842)
    arc 124 126 (36.9308751 -229.610059 -554.32772)
    arc 139 141 (41.9451836 -5.56806521 -13.4424985)
    arc 140 142 (41.9451836 -229.610059 -554.32772)
    arc 155 157 (46.959492 -6.15616088 -14.8622871)
    arc 156 158 (46.959492 -229.610059 -554.32772)
    arc 171 173 (51.9738005 -6.72812352 -16.243127)
    arc 172 174 (51.9738005 -229.610059 -554.32772)
    arc 187 189 (56.9881089 -7.28406375 -17.5852855)
    arc 188 190 (56.9881089 -229.610059 -554.32772)
    arc 203 205 (62.0024174 -7.82408815 -18.8890197)
    arc 204 206 (62.0024174 -229.610059 -554.32772)
    arc 219 221 (67.0167258 -8.34829933 -20.1545775)
    arc 220 222 (67.0167258 -229.610059 -554.32772)
    arc 235 237 (72.0310343 -8.85679604 -21.3821971)
    arc 236 238 (72.0310343 -229.610059 -554.32772)
    arc 251 253 (77.0453428 -9.34967331 -22.5721081)
    arc 252 254 (77.0453428 -229.610059 -554.32772)
    arc 267 269 (82.0596512 -9.82702251 -23.724531)
    arc 268 270 (82.0596512 -229.610059 -554.32772)
    arc 283 285 (87.0739597 -10.2889315 -24.8396779)
    arc 284 286 (87.0739597 -229.610059 -554.32772)
    arc 299 301 (92.0882681 -10.7354845 -25.9177522)
    arc 300 302 (92.0882681 -229.610059 -554.32772)
    arc 315 317 (97.1025766 -11.1667626 -26.9589496)
    arc 316 318 (97.1025766 -229.610059 -554.32772)
    arc 331 333 (102.116885 -11.5828433 -27.9634575)
    arc 332 334 (102.116885 -229.610059 -554.32772)
    arc 347 349 (107.131193 -11.9838012 -28.9314554)
    arc 348 350 (107.131193 -229.610059 -554.32772)
    arc 363 365 (112.145502 -12.3697074 -29.8631155)
    arc 364 366 (112.145502 -229.610059 -554.32772)
    arc 379 381 (117.15981 -12.7406302 -30.7586022)
    arc 380 382 (117.15981 -229.610059 -554.32772)
    arc 395 397 (122.174119 -13.0966346 -31.6180729)
    arc 396 398 (122.174119 -229.610059 -554.32772)
    arc 411 413 (127.188427 -13.4377828 -32.4416774)
    arc 412 414 (127.188427 -229.610059 -554.32772)
    arc 427 429 (132.202736 -13.7641339 -33.2295588)
    arc 428 430 (132.202736 -229.610059 -554.32772)
    arc 443 445 (137.217044 -14.0757445 -33.9818533)
    arc 444 446 (137.217044 -229.610059 -554.32772)
    arc 459 461 (142.231353 -14.372668 -34.69869)
    arc 460 462 (142.231353 -229.610059 -554.32772)
    arc 475 477 (147.245661 -14.6549552 -35.3801916)
    arc 476 478 (147.245661 -229.610059 -554.32772)
    arc 491 493 (152.25997 -14.9226542 -36.0264742)
    arc 492 494 (152.25997 -229.610059 -554.32772)
    arc 507 509 (157.672859 -15.1953108 -36.6847255)
    arc 508 510 (157.672859 -229.610059 -554.32772)
    arc 523 525 (160 -15.3073373 -36.9551813)
    arc 524 526 (160 -229.610059 -554.32772)
    arc 539 541 (800 -15.3073373 -36.9551813)
    arc 540 542 (800 -229.610059 -554.32772)
    polyLine 7 8 ((1.30809302 0.025 -0.5) (1.31299218 0.05 -0.5) (1.32111745 0.075 -0.5) (1.33241037 0.1 -0.5) (1.346792 0.125 -0.5) (1.36416561 0.15 -0.5) (1.38441968 0.175 -0.5) (1.40743111 0.2 -0.5) (1.43306849 0.225 -0.5) (1.46119512 0.25 -0.5) (1.49167181 0.275 -0.5) (1.52435931 0.3 -0.5) (1.55912031 0.325 -0.5) (1.59582115 0.35 -0.5) (1.63433296 0.375 -0.5) (1.67453267 0.4 -0.5) (1.71630356 0.425 -0.5) (1.75953562 0.45 -0.5) (1.80412568 0.475 -0.5))
    arc 15 16 (-227.424387 229.610059 -554.32772)
    arc 29 31 (6.8271887 0.986929284 -2.38265806)
    arc 30 32 (6.8271887 229.610059 -554.32772)
    arc 45 47 (11.8593328 1.69395846 -4.0895775)
    arc 46 48 (11.8593328 229.610059 -554.32772)
    arc 61 63 (16.8736413 2.3814191 -5.74925428)
    arc 62 64 (16.8736413 229.610059 -554.32772)
    arc 77 79 (21.8879498 3.05199041 -7.36815663)
    arc 78 80 (21.8879498 229.610059 -554.32772)
    arc 93 95 (26.9022582 3.70581014 -8.94661711)
    arc 94 96 (26.9022582 229.610059 -554.32772)
    arc 109 111 (31.9165667 4.34301119 -10.4849565)
    arc 110 112 (31.9165667 229.610059 -554.32772)
    arc 125 127 (36.9308751 4.96372169 -11.9834842)
    arc 126 128 (36.9308751 229.610059 -554.32772)
    arc 141 143 (41.9451836 5.56806521 -13.4424985)
    arc 142 144 (41.9451836 229.610059 -554.32772)
    arc 157 159 (46.959492 6.15616088 -14.8622871)
    arc 158 160 (46.959492 229.610059 -554.32772)
    arc 173 175 (51.9738005 6.72812352 -16.243127)
    arc 174 176 (51.9738005 229.610059 -554.32772)
    arc 189 191 (56.9881089 7.28406375 -17.5852855)
    arc 190 192 (56.9881089 229.610059 -554.32772)
    arc 205 207 (62.0024174 7.82408815 -18.8890197)
    arc 206 208 (62.0024174 229.610059 -554.32772)
    arc 221 223 (67.0167258 8.34829933 -20.1545775)
    arc 222 224 (67.0167258 229.610059 -554.32772)
    arc 237 239 (72.0310343 8.85679604 -21.3821971)
    arc 238 240 (72.0310343 229.610059 -554.32772)
    arc 253 255 (77.0453428 9.34967331 -22.5721081)
    arc 254 256 (77.0453428 229.610059 -554.32772)
    arc 269 271 (82.0596512 9.82702251 -23.724531)
    arc 270 272 (82.0596512 229.610059 -554.32772)
    arc 285 287 (87.0739597 10.2889315 -24.8396779)
    arc 286 288 (87.0739597 229.610059 -554.32772)
    arc 301 303 (92.0882681 10.7354845 -25.9177522)
    arc 302 304 (92.0882681 229.610059 -554.32772)
    arc 317 319 (97.1025766 11.1667626 -26.9589496)
    arc 318 320 (97.1025766 229.610059 -554.32772)
    arc 333 335 (102.116885 11.5828433 -27.9634575)
    arc 334 336 (102.116885 229.610059 -554.32772)
    arc 349 351 (107.131193 11.9838012 -28.9314554)
    arc 350 352 (107.131193 229.610059 -554.32772)
    arc 365 367 (112.145502 12.3697074 -29.8631155)
    arc 366 368 (112.145502 229.610059 -554.32772)
    arc 381 383 (117.15981 12.7406302 -30.7586022)
    arc 382 384 (117.15981 229.610059 -554.32772)
    arc 397 399 (122.174119 13.0966346 -31.6180729)
    arc 398 400 (122.174119 229.610059 -554.32772)
    arc 413 415 (127.188427 13.4377828 -32.4416774)
    arc 414 416 (127.188427 229.610059 -554.32772)
    arc 429 431 (132.202736 13.7641339 -33.2295588)
    arc 430 432 (132.202736 229.610059 -554.32772)
    arc 445 447 (137.217044 14.0757445 -33.9818533)
    arc 446 448 (137.217044 229.610059 -554.32772)
    arc 461 463 (142.231353 14.372668 -34.69869)
    arc 462 464 (142.231353 229.610059 -554.32772)
    arc 477 479 (147.245661 14.6549552 -35.3801916)
    arc 478 480 (147.245661 229.610059 -554.32772)
    arc 493 495 (152.25997 14.9226542 -36.0264742)
    arc 494 496 (152.25997 229.610059 -554.32772)
    arc 509 511 (157.672859 15.1953108 -36.6847255)
    arc 510 512 (157.672859 229.610059 -554.32772)
    arc 525 527 (160 15.3073373 -36.9551813)
    arc 526 528 (160 229.610059 -554.32772)
    arc 541 543 (800 15.3073373 -36.9551813)
    arc 542 544 (800 229.610059 -554.32772)
    polyLine 8 1 ((1.80412568 0.5 -0.475) (1.75953562 0.5 -0.45) (1.71630356 0.5 -0.425) (1.67453267 0.5 -0.4) (1.63433296 0.5 -0.375) (1.59582115 0.5 -0.35) (1.55912031 0.5 -0.325) (1.52435931 0.5 -0.3) (1.49167181 0.5 -0.275) (1.46119512 0.5 -0.25) (1.43306849 0.5 -0.225) (1.40743111 0.5 -0.2) (1.38441968 0.5 -0.175) (1.36416561 0.5 -0.15) (1.346792 0.5 -0.125) (1.33241037 0.5 -0.1) (1.32111745 0.5 -0.075) (1.31299218 0.5 -0.05) (1.30809302 0.5 -0.025))
    arc 16 9 (-227.424387 554.32772 -229.610059)
    arc 31 17 (6.8271887 2.38265806 -0.986929284)
    arc 32 18 (6.8271887 554.32772 -229.610059)
    arc 47 33 (11.8593328 4.0895775 -1.69395846)
    arc 48 34 (11.8593328 554.32772 -229.610059)
    arc 63 49 (16.8736413 5.74925428 -2.3814191)
    arc 64 50 (16.8736413 554.32772 -229.610059)
    arc 79 65 (21.8879498 7.36815663 -3.05199041)
    arc 80 66 (21.8879498 554.32772 -229.610059)
    arc 95 81 (26.9022582 8.94661711 -3.70581014)
    arc 96 82 (26.9022582 554.32772 -229.610059)
    arc 111 97 (31.9165667 10.4849565 -4.34301119)
    arc 112 98 (31.9165667 554.32772 -229.610059)
    arc 127 113 (36.9308751 11.9834842 -4.96372169)
    arc 128 114 (36.9308751 554.32772 -229.610059)
    arc 143 129 (41.9451836 13.4424985 -5.56806521)
    arc 144 130 (41.9451836 554.32772 -229.610059)
    arc 159 145 (46.959492 14.8622871 -6.15616088)
    arc 160 146 (46.959492 554.32772 -229.610059)
    arc 175 161 (51.9738005 16.243127 -6.72812352)
    arc 176 162 (51.9738005 554.32772 -229.610059)
    arc 191 177 (56.9881089 17.5852855 -7.28406375)
    arc 192 178 (56.9881089 554.32772 -229.610059)
    arc 207 193 (62.0024174 18.8890197 -7.82408815)
    arc 208 194 (62.0024174 554.32772 -229.610059)
    arc 223 209 (67.0167258 20.1545775 -8.34829933)
    arc 224 210 (67.0167258 554.32772 -229.610059)
    arc 239 225 (72.0310343 21.3821971 -8.85679604)
    arc 240 226 (72.0310343 554.32772 -229.610059)
    arc 255 241 (77.0453428 22.5721081 -9.34967331)
    arc 256 242 (77.0453428 554.32772 -229.610059)
    arc 271 257 (82.0596512 23.724531 -9.82702251)
    arc 272 258 (82.0596512 554.32772 -229.610059)
    arc 287 273 (87.0739597 24.8396779 -10.2889315)
    arc 288 274 (87.0739597 554.32772 -229.610059)
    arc 303 289 (92.0882681 25.9177522 -10.7354845)
    arc 304 290 (92.0882681 554.32772 -229.610059)
    arc 319 305 (97.1025766 26.9589496 -11.1667626)
    arc 320 306 (97.1025766 554.32772 -229.610059)
    arc 335 321 (102.116885 27.9634575 -11.5828433)
    arc 336 322 (102.116885 554.32772 -229.610059)
    arc 351 337 (107.131193 28.9314554 -11.9838012)
    arc 352 338 (107.131193 554.32772 -229.610059)
    arc 367 353 (112.145502 29.8631155 -12.3697074)
    arc 368 354 (112.145502 554.32772 -229.610059)
    arc 383 369 (117.15981 30.7586022 -12.7406302)
    arc 384 370 (117.15981 554.32772 -229.610059)
    arc 399 385 (122.174119 31.6180729 -13.0966346)
    arc 400 386 (122.174119 554.32772 -229.610059)
    arc 415 401 (127.188427 32.4416774 -13.4377828)
    arc 416 402 (127.188427 554.32772 -229.610059)
    arc 431 417 (132.202736 33.2295588 -13.7641339)
    arc 432 418 (132.202736 554.32772 -229.610059)
    arc 447 433 (137.217044 33.9818533 -14.0757445)
    arc 448 434 (137.217044 554.32772 -229.610059)
    arc 463 449 (142.231353 34.69869 -14.372668)
    arc 464 450 (142.231353 554.32772 -229.610059)
    arc 479 465 (147.245661 35.3801916 -14.6549552)
    arc 480 466 (147.245661 554.32772 -229.610059)
    arc 495 481 (152.25997 36.0264742 -14.9226542)
    arc 496 482 (152.25997 554.32772 -229.610059)
    arc 511 497 (157.672859 36.6847255 -15.1953108)
    arc 512 498 (157.672859 554.32772 -229.610059)
    arc 527 513 (160 36.9551813 -15.3073373)
    arc 528 514 (160 554.32772 -229.610059)
    arc 543 529 (800 36.9551813 -15.3073373)
    arc 544 530 (800 554.32772 -229.610059)
    polyLine 1 17 ((1.53648645 0.587717235 0) (1.76651698 0.675339099 0) (1.99654751 0.762865632 0) (2.22657805 0.850296874 0) (2.45660858 0.937632862 0) (2.68663911 1.02487364 0) (2.91666964 1.11201924 0) (3.14670018 1.19906971 0) (3.37673071 1.28602508 0) (3.60676124 1.37288539 0) (3.83679178 1.45965069 0) (4.06682231 1.546321 0) (4.29685284 1.63289638 0) (4.52688337 1.71937686 0) (4.75691391 1.80576247 0) (4.98694444 1.89205326 0) (5.21697497 1.97824926 0) (5.4470055 2.06435051 0) (5.67703604 2.15035706 0) (5.90706657 2.23626894 0) (6.1370971 2.32208618 0) (6.36712763 2.40780883 0) (6.59715817 2.49343693 0))
    polyLine 2 19 ((2.05736122 0.555778362 0.555778362) (2.26474502 0.611501962 0.611501962) (2.47212883 0.667170822 0.667170822) (2.67951263 0.722784962 0.722784962) (2.88689643 0.778344402 0.778344402) (3.09428024 0.833849162 0.833849162) (3.30166404 0.889299262 0.889299262) (3.50904784 0.944694723 0.944694723) (3.71643165 1.00003556 1.00003556) (3.92381545 1.05532181 1.05532181) (4.13119925 1.11055347 1.11055347) (4.33858306 1.16573058 1.16573058) (4.54596686 1.22085314 1.22085314) (4.75335067 1.27592119 1.27592119) (4.96073447 1.33093474 1.33093474) (5.16811827 1.38589381 1.38589381) (5.37550208 1.44079842 1.44079842) (5.58288588 1.4956486 1.4956486) (5.79026968 1.55044435 1.55044435) (5.99765349 1.60518571 1.60518571) (6.20503729 1.65987268 1.65987268) (6.41242109 1.7145053 1.7145053) (6.6198049 1.76908357 1.76908357))
    polyLine 3 21 ((1.53648645 3.59873015e-17 0.587717235) (1.76651698 4.13525933e-17 0.675339099) (1.99654751 4.67120477e-17 0.762865632) (2.22657805 5.20656672e-17 0.850296874) (2.45660858 5.74134542e-17 0.937632862) (2.68663911 6.2755411e-17 1.02487364) (2.91666964 6.80915401e-17 1.11201924) (3.14670018 7.34218439e-17 1.19906971) (3.37673071 7.87463247e-17 1.28602508) (3.60676124 8.4064985e-17 1.37288539) (3.83679178 8.93778271e-17 1.45965069) (4.06682231 9.46848534e-17 1.546321) (4.29685284 9.99860663e-17 1.63289638) (4.52688337 1.05281468e-16 1.71937686) (4.75691391 1.10571061e-16 1.80576247) (4.98694444 1.15854848e-16 1.89205326) (5.21697497 1.21132831e-16 1.97824926) (5.4470055 1.26405013e-16 2.06435051) (5.67703604 1.31671395e-16 2.15035706) (5.90706657 1.3693198e-16 2.23626894) (6.1370971 1.4218677e-16 2.32208618) (6.36712763 1.47435769e-16 2.40780883) (6.59715817 1.52678977e-16 2.49343693))
    polyLine 4 23 ((2.05736122 -0.555778362 0.555778362) (2.26474502 -0.611501962 0.611501962) (2.47212883 -0.667170822 0.667170822) (2.67951263 -0.722784962 0.722784962) (2.88689643 -0.778344402 0.778344402) (3.09428024 -0.833849162 0.833849162) (3.30166404 -0.889299262 0.889299262) (3.50904784 -0.944694723 0.944694723) (3.71643165 -1.00003556 1.00003556) (3.92381545 -1.05532181 1.05532181) (4.13119925 -1.11055347 1.11055347) (4.33858306 -1.16573058 1.16573058) (4.54596686 -1.22085314 1.22085314) (4.75335067 -1.27592119 1.27592119) (4.96073447 -1.33093474 1.33093474) (5.16811827 -1.38589381 1.38589381) (5.37550208 -1.44079842 1.44079842) (5.58288588 -1.4956486 1.4956486) (5.79026968 -1.55044435 1.55044435) (5.99765349 -1.60518571 1.60518571) (6.20503729 -1.65987268 1.65987268) (6.41242109 -1.7145053 1.7145053) (6.6198049 -1.76908357 1.76908357))
    polyLine 5 25 ((1.53648645 -0.587717235 7.1974603e-17) (1.76651698 -0.675339099 8.27051866e-17) (1.99654751 -0.762865632 9.34240955e-17) (2.22657805 -0.850296874 1.04131334e-16) (2.45660858 -0.937632862 1.14826908e-16) (2.68663911 -1.02487364 1.25510822e-16) (2.91666964 -1.11201924 1.3618308e-16) (3.14670018 -1.19906971 1.46843688e-16) (3.37673071 -1.28602508 1.57492649e-16) (3.60676124 -1.37288539 1.6812997e-16) (3.83679178 -1.45965069 1.78755654e-16) (4.06682231 -1.546321 1.89369707e-16) (4.29685284 -1.63289638 1.99972133e-16) (4.52688337 -1.71937686 2.10562936e-16) (4.75691391 -1.80576247 2.21142123e-16) (4.98694444 -1.89205326 2.31709697e-16) (5.21697497 -1.97824926 2.42265662e-16) (5.4470055 -2.06435051 2.52810025e-16) (5.67703604 -2.15035706 2.63342789e-16) (5.90706657 -2.23626894 2.7386396e-16) (6.1370971 -2.32208618 2.84373541e-16) (6.36712763 -2.40780883 2.94871538e-16) (6.59715817 -2.49343693 3.05357955e-16))
    polyLine 6 27 ((2.05736122 -0.555778362 -0.555778362) (2.26474502 -0.611501962 -0.611501962) (2.47212883 -0.667170822 -0.667170822) (2.67951263 -0.722784962 -0.722784962) (2.88689643 -0.778344402 -0.778344402) (3.09428024 -0.833849162 -0.833849162) (3.30166404 -0.889299262 -0.889299262) (3.50904784 -0.944694723 -0.944694723) (3.71643165 -1.00003556 -1.00003556) (3.92381545 -1.05532181 -1.05532181) (4.13119925 -1.11055347 -1.11055347) (4.33858306 -1.16573058 -1.16573058) (4.54596686 -1.22085314 -1.22085314) (4.75335067 -1.27592119 -1.27592119) (4.96073447 -1.33093474 -1.33093474) (5.16811827 -1.38589381 -1.38589381) (5.37550208 -1.44079842 -1.44079842) (5.58288588 -1.4956486 -1.4956486) (5.79026968 -1.55044435 -1.55044435) (5.99765349 -1.60518571 -1.60518571) (6.20503729 -1.65987268 -1.65987268) (6.41242109 -1.7145053 -1.7145053) (6.6198049 -1.76908357 -1.76908357))
    polyLine 7 29 ((1.53648645 -1.07961905e-16 -0.587717235) (1.76651698 -1.2405778e-16 -0.675339099) (1.99654751 -1.40136143e-16 -0.762865632) (2.22657805 -1.56197002e-16 -0.850296874) (2.45660858 -1.72240363e-16 -0.937632862) (2.68663911 -1.88266233e-16 -1.02487364) (2.91666964 -2.0427462e-16 -1.11201924) (3.14670018 -2.20265532e-16 -1.19906971) (3.37673071 -2.36238974e-16 -1.28602508) (3.60676124 -2.52194955e-16 -1.37288539) (3.83679178 -2.68133481e-16 -1.45965069) (4.06682231 -2.8405456e-16 -1.546321) (4.29685284 -2.99958199e-16 -1.63289638) (4.52688337 -3.15844405e-16 -1.71937686) (4.75691391 -3.31713184e-16 -1.80576247) (4.98694444 -3.47564545e-16 -1.89205326) (5.21697497 -3.63398494e-16 -1.97824926) (5.4470055 -3.79215038e-16 -2.06435051) (5.67703604 -3.95014184e-16 -2.15035706) (5.90706657 -4.10795939e-16 -2.23626894) (6.1370971 -4.26560311e-16 -2.32208618) (6.36712763 -4.42307307e-16 -2.40780883) (6.59715817 -4.58036932e-16 -2.49343693))
    polyLine 8 31 ((2.05736122 0.555778362 -0.555778362) (2.26474502 0.611501962 -0.611501962) (2.47212883 0.667170822 -0.667170822) (2.67951263 0.722784962 -0.722784962) (2.88689643 0.778344402 -0.778344402) (3.09428024 0.833849162 -0.833849162) (3.30166404 0.889299262 -0.889299262) (3.50904784 0.944694723 -0.944694723) (3.71643165 1.00003556 -1.00003556) (3.92381545 1.05532181 -1.05532181) (4.13119925 1.11055347 -1.11055347) (4.33858306 1.16573058 -1.16573058) (4.54596686 1.22085314 -1.22085314) (4.75335067 1.27592119 -1.27592119) (4.96073447 1.33093474 -1.33093474) (5.16811827 1.38589381 -1.38589381) (5.37550208 1.44079842 -1.44079842) (5.58288588 1.4956486 -1.4956486) (5.79026968 1.55044435 -1.55044435) (5.99765349 1.60518571 -1.60518571) (6.20503729 1.65987268 -1.65987268) (6.41242109 1.7145053 -1.7145053) (6.6198049 1.76908357 -1.76908357))
    polyLine 17 33 ((7.03686137 2.65685199 0) (7.24653405 2.73465501 0) (7.45620672 2.81237959 0) (7.66587939 2.89002576 0) (7.87555206 2.96759355 0) (8.08522474 3.04508299 0) (8.29489741 3.1224941 0) (8.50457008 3.19982691 0) (8.71424275 3.27708146 0) (8.92391543 3.35425777 0) (9.1335881 3.43135587 0) (9.34326077 3.50837578 0) (9.55293344 3.58531754 0) (9.76260612 3.66218118 0) (9.97227879 3.73896672 0) (10.1819515 3.81567418 0) (10.3916241 3.89230361 0) (10.6012968 3.96885502 0) (10.8109695 4.04532845 0) (11.0206422 4.12172392 0) (11.2303148 4.19804146 0) (11.4399875 4.2742811 0) (11.6496602 4.35044287 0))
    polyLine 19 35 ((7.03686137 1.87867806 1.87867806) (7.24653405 1.9336931 1.9336931) (7.45620672 1.98865268 1.98865268) (7.66587939 2.04355681 2.04355681) (7.87555206 2.09840552 2.09840552) (8.08522474 2.15319883 2.15319883) (8.29489741 2.20793675 2.20793675) (8.50457008 2.26261931 2.26261931) (8.71424275 2.31724652 2.31724652) (8.92391543 2.37181842 2.37181842) (9.1335881 2.426335 2.426335) (9.34326077 2.48079631 2.48079631) (9.55293344 2.53520235 2.53520235) (9.76260612 2.58955315 2.58955315) (9.97227879 2.64384872 2.64384872) (10.1819515 2.69808909 2.69808909) (10.3916241 2.75227428 2.75227428) (10.6012968 2.8064043 2.8064043) (10.8109695 2.86047918 2.86047918) (11.0206422 2.91449893 2.91449893) (11.2303148 2.96846358 2.96846358) (11.4399875 3.02237315 3.02237315) (11.6496602 3.07622765 3.07622765))
    polyLine 21 37 ((7.03686137 1.62685264e-16 2.65685199) (7.24653405 1.67449325e-16 2.73465501) (7.45620672 1.72208583e-16 2.81237959) (7.66587939 1.7696304e-16 2.89002576) (7.87555206 1.81712697e-16 2.96759355) (8.08522474 1.86457557e-16 3.04508299) (8.29489741 1.9119762e-16 3.1224941) (8.50457008 1.95932889e-16 3.19982691) (8.71424275 2.00663366e-16 3.27708146) (8.92391543 2.05389052e-16 3.35425777) (9.1335881 2.10109949e-16 3.43135587) (9.34326077 2.14826059e-16 3.50837578) (9.55293344 2.19537383e-16 3.58531754) (9.76260612 2.24243923e-16 3.66218118) (9.97227879 2.28945681e-16 3.73896672) (10.1819515 2.33642659e-16 3.81567418) (10.3916241 2.38334858e-16 3.89230361) (10.6012968 2.4302228e-16 3.96885502) (10.8109695 2.47704927e-16 4.04532845) (11.0206422 2.523828e-16 4.12172392) (11.2303148 2.57055902e-16 4.19804146) (11.4399875 2.61724233e-16 4.2742811) (11.6496602 2.66387797e-16 4.35044287))
    polyLine 23 39 ((7.03686137 -1.87867806 1.87867806) (7.24653405 -1.9336931 1.9336931) (7.45620672 -1.98865268 1.98865268) (7.66587939 -2.04355681 2.04355681) (7.87555206 -2.09840552 2.09840552) (8.08522474 -2.15319883 2.15319883) (8.29489741 -2.20793675 2.20793675) (8.50457008 -2.26261931 2.26261931) (8.71424275 -2.31724652 2.31724652) (8.92391543 -2.37181842 2.37181842) (9.1335881 -2.426335 2.426335) (9.34326077 -2.48079631 2.48079631) (9.55293344 -2.53520235 2.53520235) (9.76260612 -2.58955315 2.58955315) (9.97227879 -2.64384872 2.64384872) (10.1819515 -2.69808909 2.69808909) (10.3916241 -2.75227428 2.75227428) (10.6012968 -2.8064043 2.8064043) (10.8109695 -2.86047918 2.86047918) (11.0206422 -2.91449893 2.91449893) (11.2303148 -2.96846358 2.96846358) (11.4399875 -3.02237315 3.02237315) (11.6496602 -3.07622765 3.07622765))
    polyLine 25 41 ((7.03686137 -2.65685199 3.25370529e-16) (7.24653405 -2.73465501 3.34898651e-16) (7.45620672 -2.81237959 3.44417167e-16) (7.66587939 -2.89002576 3.5392608e-16) (7.87555206 -2.96759355 3.63425394e-16) (8.08522474 -3.04508299 3.72915113e-16) (8.29489741 -3.1224941 3.8239524e-16) (8.50457008 -3.19982691 3.91865779e-16) (8.71424275 -3.27708146 4.01326732e-16) (8.92391543 -3.35425777 4.10778104e-16) (9.1335881 -3.43135587 4.20219898e-16) (9.34326077 -3.50837578 4.29652117e-16) (9.55293344 -3.58531754 4.39074765e-16) (9.76260612 -3.66218118 4.48487846e-16) (9.97227879 -3.73896672 4.57891362e-16) (10.1819515 -3.81567418 4.67285318e-16) (10.3916241 -3.89230361 4.76669716e-16) (10.6012968 -3.96885502 4.8604456e-16) (10.8109695 -4.04532845 4.95409854e-16) (11.0206422 -4.12172392 5.04765601e-16) (11.2303148 -4.19804146 5.14111804e-16) (11.4399875 -4.2742811 5.23448467e-16) (11.6496602 -4.35044287 5.32775593e-16))
    polyLine 27 43 ((7.03686137 -1.87867806 -1.87867806) (7.24653405 -1.9336931 -1.9336931) (7.45620672 -1.98865268 -1.98865268) (7.66587939 -2.04355681 -2.04355681) (7.87555206 -2.09840552 -2.09840552) (8.08522474 -2.15319883 -2.15319883) (8.29489741 -2.20793675 -2.20793675) (8.50457008 -2.26261931 -2.26261931) (8.71424275 -2.31724652 -2.31724652) (8.92391543 -2.37181842 -2.37181842) (9.1335881 -2.426335 -2.426335) (9.34326077 -2.48079631 -2.48079631) (9.55293344 -2.53520235 -2.53520235) (9.76260612 -2.58955315 -2.58955315) (9.97227879 -2.64384872 -2.64384872) (10.1819515 -2.69808909 -2.69808909) (10.3916241 -2.75227428 -2.75227428) (10.6012968 -2.8064043 -2.8064043) (10.8109695 -2.86047918 -2.86047918) (11.0206422 -2.91449893 -2.91449893) (11.2303148 -2.96846358 -2.96846358) (11.4399875 -3.02237315 -3.02237315) (11.6496602 -3.07622765 -3.07622765))
    polyLine 29 45 ((7.03686137 -4.88055793e-16 -2.65685199) (7.24653405 -5.02347976e-16 -2.73465501) (7.45620672 -5.1662575e-16 -2.81237959) (7.66587939 -5.3088912e-16 -2.89002576) (7.87555206 -5.45138092e-16 -2.96759355) (8.08522474 -5.5937267e-16 -3.04508299) (8.29489741 -5.73592861e-16 -3.1224941) (8.50457008 -5.87798668e-16 -3.19982691) (8.71424275 -6.01990098e-16 -3.27708146) (8.92391543 -6.16167156e-16 -3.35425777) (9.1335881 -6.30329847e-16 -3.43135587) (9.34326077 -6.44478176e-16 -3.50837578) (9.55293344 -6.58612148e-16 -3.58531754) (9.76260612 -6.72731769e-16 -3.66218118) (9.97227879 -6.86837043e-16 -3.73896672) (10.1819515 -7.00927976e-16 -3.81567418) (10.3916241 -7.15004574e-16 -3.89230361) (10.6012968 -7.2906684e-16 -3.96885502) (10.8109695 -7.43114781e-16 -4.04532845) (11.0206422 -7.57148401e-16 -4.12172392) (11.2303148 -7.71167706e-16 -4.19804146) (11.4399875 -7.851727e-16 -4.2742811) (11.6496602 -7.9916339e-16 -4.35044287))
    polyLine 31 47 ((7.03686137 1.87867806 -1.87867806) (7.24653405 1.9336931 -1.9336931) (7.45620672 1.98865268 -1.98865268) (7.66587939 2.04355681 -2.04355681) (7.87555206 2.09840552 -2.09840552) (8.08522474 2.15319883 -2.15319883) (8.29489741 2.20793675 -2.20793675) (8.50457008 2.26261931 -2.26261931) (8.71424275 2.31724652 -2.31724652) (8.92391543 2.37181842 -2.37181842) (9.1335881 2.426335 -2.426335) (9.34326077 2.48079631 -2.48079631) (9.55293344 2.53520235 -2.53520235) (9.76260612 2.58955315 -2.58955315) (9.97227879 2.64384872 -2.64384872) (10.1819515 2.69808909 -2.69808909) (10.3916241 2.75227428 -2.75227428) (10.6012968 2.8064043 -2.8064043) (10.8109695 2.86047918 -2.86047918) (11.0206422 2.91449893 -2.91449893) (11.2303148 2.96846358 -2.96846358) (11.4399875 3.02237315 -3.02237315) (11.6496602 3.07622765 -3.07622765))
    polyLine 33 49 ((12.0682624 4.50226363 0) (12.2771919 4.57792324 0) (12.4861214 4.65350564 0) (12.6950509 4.72901085 0) (12.9039804 4.8044389 0) (13.11291 4.87978982 0) (13.3218395 4.95506364 0) (13.530769 5.03026038 0) (13.7396985 5.10538008 0) (13.948628 5.18042275 0) (14.1575575 5.25538843 0) (14.3664871 5.33027714 0) (14.5754166 5.40508891 0) (14.7843461 5.47982377 0) (14.9932756 5.55448174 0) (15.2022051 5.62906285 0) (15.4111347 5.70356712 0) (15.6200642 5.7779946 0) (15.8289937 5.85234529 0) (16.0379232 5.92661923 0) (16.2468527 6.00081644 0) (16.4557823 6.07493696 0) (16.6647118 6.1489808 0))
    polyLine 35 51 ((12.0682624 3.18358115 3.18358115) (12.2771919 3.23708057 3.23708057) (12.4861214 3.29052539 3.29052539) (12.6950509 3.34391564 3.34391564) (12.9039804 3.39725133 3.39725133) (13.11291 3.45053247 3.45053247) (13.3218395 3.5037591 3.5037591) (13.530769 3.55693123 3.55693123) (13.7396985 3.61004887 3.61004887) (13.948628 3.66311206 3.66311206) (14.1575575 3.7161208 3.7161208) (14.3664871 3.76907511 3.76907511) (14.5754166 3.82197502 3.82197502) (14.7843461 3.87482054 3.87482054) (14.9932756 3.9276117 3.9276117) (15.2022051 3.98034851 3.98034851) (15.4111347 4.03303099 4.03303099) (15.6200642 4.08565916 4.08565916) (15.8289937 4.13823304 4.13823304) (16.0379232 4.19075265 4.19075265) (16.2468527 4.243218 4.243218) (16.4557823 4.29562912 4.29562912) (16.6647118 4.34798602 4.34798602))
    polyLine 37 53 ((12.0682624 2.75684137e-16 4.50226363) (12.2771919 2.80316952e-16 4.57792324) (12.4861214 2.84945039e-16 4.65350564) (12.6950509 2.895684e-16 4.72901085) (12.9039804 2.94187036e-16 4.8044389) (13.11291 2.98800949e-16 4.87978982) (13.3218395 3.03410141e-16 4.95506364) (13.530769 3.08014614e-16 5.03026038) (13.7396985 3.12614369e-16 5.10538008) (13.948628 3.17209407e-16 5.18042275) (14.1575575 3.21799731e-16 5.25538843) (14.3664871 3.26385342e-16 5.33027714) (14.5754166 3.30966242e-16 5.40508891) (14.7843461 3.35542432e-16 5.47982377) (14.9932756 3.40113914e-16 5.55448174) (15.2022051 3.4468069e-16 5.62906285) (15.4111347 3.49242761e-16 5.70356712) (15.6200642 3.53800129e-16 5.7779946) (15.8289937 3.58352796e-16 5.85234529) (16.0379232 3.62900763e-16 5.92661923) (16.2468527 3.67444032e-16 6.00081644) (16.4557823 3.71982605e-16 6.07493696) (16.6647118 3.76516483e-16 6.1489808))
    polyLine 39 55 ((12.0682624 -3.18358115 3.18358115) (12.2771919 -3.23708057 3.23708057) (12.4861214 -3.29052539 3.29052539) (12.6950509 -3.34391564 3.34391564) (12.9039804 -3.39725133 3.39725133) (13.11291 -3.45053247 3.45053247) (13.3218395 -3.5037591 3.5037591) (13.530769 -3.55693123 3.55693123) (13.7396985 -3.61004887 3.61004887) (13.948628 -3.66311206 3.66311206) (14.1575575 -3.7161208 3.7161208) (14.3664871 -3.76907511 3.76907511) (14.5754166 -3.82197502 3.82197502) (14.7843461 -3.87482054 3.87482054) (14.9932756 -3.9276117 3.9276117) (15.2022051 -3.98034851 3.98034851) (15.4111347 -4.03303099 4.03303099) (15.6200642 -4.08565916 4.08565916) (15.8289937 -4.13823304 4.13823304) (16.0379232 -4.19075265 4.19075265) (16.2468527 -4.243218 4.243218) (16.4557823 -4.29562912 4.29562912) (16.6647118 -4.34798602 4.34798602))
    polyLine 41 57 ((12.0682624 -4.50226363 5.51368275e-16) (12.2771919 -4.57792324 5.60633905e-16) (12.4861214 -4.65350564 5.69890078e-16) (12.6950509 -4.72901085 5.791368e-16) (12.9039804 -4.8044389 5.88374072e-16) (13.11291 -4.87978982 5.97601899e-16) (13.3218395 -4.95506364 6.06820283e-16) (13.530769 -5.03026038 6.16029228e-16) (13.7396985 -5.10538008 6.25228737e-16) (13.948628 -5.18042275 6.34418814e-16) (14.1575575 -5.25538843 6.43599462e-16) (14.3664871 -5.33027714 6.52770684e-16) (14.5754166 -5.40508891 6.61932483e-16) (14.7843461 -5.47982377 6.71084864e-16) (14.9932756 -5.55448174 6.80227828e-16) (15.2022051 -5.62906285 6.8936138e-16) (15.4111347 -5.70356712 6.98485522e-16) (15.6200642 -5.7779946 7.07600259e-16) (15.8289937 -5.85234529 7.16705592e-16) (16.0379232 -5.92661923 7.25801527e-16) (16.2468527 -6.00081644 7.34888065e-16) (16.4557823 -6.07493696 7.4396521e-16) (16.6647118 -6.1489808 7.53032965e-16))
    polyLine 43 59 ((12.0682624 -3.18358115 -3.18358115) (12.2771919 -3.23708057 -3.23708057) (12.4861214 -3.29052539 -3.29052539) (12.6950509 -3.34391564 -3.34391564) (12.9039804 -3.39725133 -3.39725133) (13.11291 -3.45053247 -3.45053247) (13.3218395 -3.5037591 -3.5037591) (13.530769 -3.55693123 -3.55693123) (13.7396985 -3.61004887 -3.61004887) (13.948628 -3.66311206 -3.66311206) (14.1575575 -3.7161208 -3.7161208) (14.3664871 -3.76907511 -3.76907511) (14.5754166 -3.82197502 -3.82197502) (14.7843461 -3.87482054 -3.87482054) (14.9932756 -3.9276117 -3.9276117) (15.2022051 -3.98034851 -3.98034851) (15.4111347 -4.03303099 -4.03303099) (15.6200642 -4.08565916 -4.08565916) (15.8289937 -4.13823304 -4.13823304) (16.0379232 -4.19075265 -4.19075265) (16.2468527 -4.243218 -4.243218) (16.4557823 -4.29562912 -4.29562912) (16.6647118 -4.34798602 -4.34798602))
    polyLine 45 61 ((12.0682624 -8.27052412e-16 -4.50226363) (12.2771919 -8.40950857e-16 -4.57792324) (12.4861214 -8.54835118e-16 -4.65350564) (12.6950509 -8.687052e-16 -4.72901085) (12.9039804 -8.82561108e-16 -4.8044389) (13.11291 -8.96402848e-16 -4.87978982) (13.3218395 -9.10230424e-16 -4.95506364) (13.530769 -9.24043842e-16 -5.03026038) (13.7396985 -9.37843106e-16 -5.10538008) (13.948628 -9.51628221e-16 -5.18042275) (14.1575575 -9.65399193e-16 -5.25538843) (14.3664871 -9.79156026e-16 -5.33027714) (14.5754166 -9.92898725e-16 -5.40508891) (14.7843461 -1.0066273e-15 -5.47982377) (14.9932756 -1.02034174e-15 -5.55448174) (15.2022051 -1.03404207e-15 -5.62906285) (15.4111347 -1.04772828e-15 -5.70356712) (15.6200642 -1.06140039e-15 -5.7779946) (15.8289937 -1.07505839e-15 -5.85234529) (16.0379232 -1.08870229e-15 -5.92661923) (16.2468527 -1.1023321e-15 -6.00081644) (16.4557823 -1.11594781e-15 -6.07493696) (16.6647118 -1.12954945e-15 -6.1489808))
    polyLine 47 63 ((12.0682624 3.18358115 -3.18358115) (12.2771919 3.23708057 -3.23708057) (12.4861214 3.29052539 -3.29052539) (12.6950509 3.34391564 -3.34391564) (12.9039804 3.39725133 -3.39725133) (13.11291 3.45053247 -3.45053247) (13.3218395 3.5037591 -3.5037591) (13.530769 3.55693123 -3.55693123) (13.7396985 3.61004887 -3.61004887) (13.948628 3.66311206 -3.66311206) (14.1575575 3.7161208 -3.7161208) (14.3664871 3.76907511 -3.76907511) (14.5754166 3.82197502 -3.82197502) (14.7843461 3.87482054 -3.87482054) (14.9932756 3.9276117 -3.9276117) (15.2022051 3.98034851 -3.98034851) (15.4111347 4.03303099 -4.03303099) (15.6200642 4.08565916 -4.08565916) (15.8289937 4.13823304 -4.13823304) (16.0379232 4.19075265 -4.19075265) (16.2468527 4.243218 -4.243218) (16.4557823 4.29562912 -4.29562912) (16.6647118 4.34798602 -4.34798602))
    polyLine 49 65 ((17.0825708 6.29683857 0) (17.2915003 6.37065255 0) (17.5004299 6.44438997 0) (17.7093594 6.51805085 0) (17.9182889 6.59163521 0) (18.1272184 6.66514308 0) (18.3361479 6.7385745 0) (18.5450774 6.81192948 0) (18.754007 6.88520805 0) (18.9629365 6.95841024 0) (19.171866 7.03153607 0) (19.3807955 7.10458557 0) (19.589725 7.17755877 0) (19.7986546 7.25045569 0) (20.0075841 7.32327635 0) (20.2165136 7.39602079 0) (20.4254431 7.46868903 0) (20.6343726 7.5412811 0) (20.8433022 7.61379701 0) (21.0522317 7.68623681 0) (21.2611612 7.7586005 0) (21.4700907 7.83088813 0) (21.6790202 7.90309971 0))
    polyLine 51 67 ((17.0825708 4.45253725 4.45253725) (17.2915003 4.50473162 4.50473162) (17.5004299 4.55687185 4.55687185) (17.7093594 4.60895795 4.60895795) (17.9182889 4.66098996 4.66098996) (18.1272184 4.71296787 4.71296787) (18.3361479 4.76489172 4.76489172) (18.5450774 4.81676153 4.81676153) (18.754007 4.8685773 4.8685773) (18.9629365 4.92033906 4.92033906) (19.171866 4.97204684 4.97204684) (19.3807955 5.02370063 5.02370063) (19.589725 5.07530048 5.07530048) (19.7986546 5.12684638 5.12684638) (20.0075841 5.17833837 5.17833837) (20.2165136 5.22977646 5.22977646) (20.4254431 5.28116066 5.28116066) (20.6343726 5.332491 5.332491) (20.8433022 5.3837675 5.3837675) (21.0522317 5.43499017 5.43499017) (21.2611612 5.48615903 5.48615903) (21.4700907 5.5372741 5.5372741) (21.6790202 5.5883354 5.5883354))
    polyLine 53 69 ((17.0825708 3.8557016e-16 6.29683857) (17.2915003 3.90089963e-16 6.37065255) (17.5004299 3.94605077e-16 6.44438997) (17.7093594 3.99115505e-16 6.51805085) (17.9182889 4.03621248e-16 6.59163521) (18.1272184 4.08122307e-16 6.66514308) (18.3361479 4.12618685e-16 6.7385745) (18.5450774 4.17110382e-16 6.81192948) (18.754007 4.215974e-16 6.88520805) (18.9629365 4.26079741e-16 6.95841024) (19.171866 4.30557407e-16 7.03153607) (19.3807955 4.35030399e-16 7.10458557) (19.589725 4.39498718e-16 7.17755877) (19.7986546 4.43962367e-16 7.25045569) (20.0075841 4.48421347e-16 7.32327635) (20.2165136 4.52875659e-16 7.39602079) (20.4254431 4.57325306e-16 7.46868903) (20.6343726 4.61770288e-16 7.5412811) (20.8433022 4.66210607e-16 7.61379701) (21.0522317 4.70646265e-16 7.68623681) (21.2611612 4.75077264e-16 7.7586005) (21.4700907 4.79503604e-16 7.83088813) (21.6790202 4.83925288e-16 7.90309971))
    polyLine 55 71 ((17.0825708 -4.45253725 4.45253725) (17.2915003 -4.50473162 4.50473162) (17.5004299 -4.55687185 4.55687185) (17.7093594 -4.60895795 4.60895795) (17.9182889 -4.66098996 4.66098996) (18.1272184 -4.71296787 4.71296787) (18.3361479 -4.76489172 4.76489172) (18.5450774 -4.81676153 4.81676153) (18.754007 -4.8685773 4.8685773) (18.9629365 -4.92033906 4.92033906) (19.171866 -4.97204684 4.97204684) (19.3807955 -5.02370063 5.02370063) (19.589725 -5.07530048 5.07530048) (19.7986546 -5.12684638 5.12684638) (20.0075841 -5.17833837 5.17833837) (20.2165136 -5.22977646 5.22977646) (20.4254431 -5.28116066 5.28116066) (20.6343726 -5.332491 5.332491) (20.8433022 -5.3837675 5.3837675) (21.0522317 -5.43499017 5.43499017) (21.2611612 -5.48615903 5.48615903) (21.4700907 -5.5372741 5.5372741) (21.6790202 -5.5883354 5.5883354))
    polyLine 57 73 ((17.0825708 -6.29683857 7.7114032e-16) (17.2915003 -6.37065255 7.80179926e-16) (17.5004299 -6.44438997 7.89210155e-16) (17.7093594 -6.51805085 7.98231011e-16) (17.9182889 -6.59163521 8.07242496e-16) (18.1272184 -6.66514308 8.16244614e-16) (18.3361479 -6.7385745 8.25237369e-16) (18.5450774 -6.81192948 8.34220763e-16) (18.754007 -6.88520805 8.431948e-16) (18.9629365 -6.95841024 8.52159482e-16) (19.171866 -7.03153607 8.61114814e-16) (19.3807955 -7.10458557 8.70060798e-16) (19.589725 -7.17755877 8.78997437e-16) (19.7986546 -7.25045569 8.87924735e-16) (20.0075841 -7.32327635 8.96842694e-16) (20.2165136 -7.39602079 9.05751319e-16) (20.4254431 -7.46868903 9.14650612e-16) (20.6343726 -7.5412811 9.23540576e-16) (20.8433022 -7.61379701 9.32421214e-16) (21.0522317 -7.68623681 9.4129253e-16) (21.2611612 -7.7586005 9.50154527e-16) (21.4700907 -7.83088813 9.59007208e-16) (21.6790202 -7.90309971 9.67850576e-16))
    polyLine 59 75 ((17.0825708 -4.45253725 -4.45253725) (17.2915003 -4.50473162 -4.50473162) (17.5004299 -4.55687185 -4.55687185) (17.7093594 -4.60895795 -4.60895795) (17.9182889 -4.66098996 -4.66098996) (18.1272184 -4.71296787 -4.71296787) (18.3361479 -4.76489172 -4.76489172) (18.5450774 -4.81676153 -4.81676153) (18.754007 -4.8685773 -4.8685773) (18.9629365 -4.92033906 -4.92033906) (19.171866 -4.97204684 -4.97204684) (19.3807955 -5.02370063 -5.02370063) (19.589725 -5.07530048 -5.07530048) (19.7986546 -5.12684638 -5.12684638) (20.0075841 -5.17833837 -5.17833837) (20.2165136 -5.22977646 -5.22977646) (20.4254431 -5.28116066 -5.28116066) (20.6343726 -5.332491 -5.332491) (20.8433022 -5.3837675 -5.3837675) (21.0522317 -5.43499017 -5.43499017) (21.2611612 -5.48615903 -5.48615903) (21.4700907 -5.5372741 -5.5372741) (21.6790202 -5.5883354 -5.5883354))
    polyLine 61 77 ((17.0825708 -1.15671048e-15 -6.29683857) (17.2915003 -1.17026989e-15 -6.37065255) (17.5004299 -1.18381523e-15 -6.44438997) (17.7093594 -1.19734652e-15 -6.51805085) (17.9182889 -1.21086374e-15 -6.59163521) (18.1272184 -1.22436692e-15 -6.66514308) (18.3361479 -1.23785605e-15 -6.7385745) (18.5450774 -1.25133114e-15 -6.81192948) (18.754007 -1.2647922e-15 -6.88520805) (18.9629365 -1.27823922e-15 -6.95841024) (19.171866 -1.29167222e-15 -7.03153607) (19.3807955 -1.3050912e-15 -7.10458557) (19.589725 -1.31849616e-15 -7.17755877) (19.7986546 -1.3318871e-15 -7.25045569) (20.0075841 -1.34526404e-15 -7.32327635) (20.2165136 -1.35862698e-15 -7.39602079) (20.4254431 -1.37197592e-15 -7.46868903) (20.6343726 -1.38531086e-15 -7.5412811) (20.8433022 -1.39863182e-15 -7.61379701) (21.0522317 -1.4119388e-15 -7.68623681) (21.2611612 -1.42523179e-15 -7.7586005) (21.4700907 -1.43851081e-15 -7.83088813) (21.6790202 -1.45177586e-15 -7.90309971))
    polyLine 63 79 ((17.0825708 4.45253725 -4.45253725) (17.2915003 4.50473162 -4.50473162) (17.5004299 4.55687185 -4.55687185) (17.7093594 4.60895795 -4.60895795) (17.9182889 4.66098996 -4.66098996) (18.1272184 4.71296787 -4.71296787) (18.3361479 4.76489172 -4.76489172) (18.5450774 4.81676153 -4.81676153) (18.754007 4.8685773 -4.8685773) (18.9629365 4.92033906 -4.92033906) (19.171866 4.97204684 -4.97204684) (19.3807955 5.02370063 -5.02370063) (19.589725 5.07530048 -5.07530048) (19.7986546 5.12684638 -5.12684638) (20.0075841 5.17833837 -5.17833837) (20.2165136 5.22977646 -5.22977646) (20.4254431 5.28116066 -5.28116066) (20.6343726 5.332491 -5.332491) (20.8433022 5.3837675 -5.3837675) (21.0522317 5.43499017 -5.43499017) (21.2611612 5.48615903 -5.48615903) (21.4700907 5.5372741 -5.5372741) (21.6790202 5.5883354 -5.5883354))
    polyLine 65 81 ((22.0968793 8.04729483 0) (22.3058088 8.11927843 0) (22.5147383 8.19118608 0) (22.7236678 8.26301781 0) (22.9325973 8.33477365 0) (23.1415269 8.40645363 0) (23.3504564 8.47805776 0) (23.5593859 8.54958607 0) (23.7683154 8.6210386 0) (23.9772449 8.69241535 0) (24.1861745 8.76371637 0) (24.395104 8.83494167 0) (24.6040335 8.90609128 0) (24.812963 8.97716523 0) (25.0218925 9.04816353 0) (25.2308221 9.11908622 0) (25.4397516 9.18993332 0) (25.6486811 9.26070486 0) (25.8576106 9.33140085 0) (26.0665401 9.40202133 0) (26.2754696 9.47256632 0) (26.4843992 9.54303584 0) (26.6933287 9.61342992 0))
    polyLine 67 83 ((22.0968793 5.69029675 5.69029675) (22.3058088 5.74119683 5.74119683) (22.5147383 5.79204322 5.79204322) (22.7236678 5.84283593 5.84283593) (22.9325973 5.89357497 5.89357497) (23.1415269 5.94426036 5.94426036) (23.3504564 5.99489213 5.99489213) (23.5593859 6.04547029 6.04547029) (23.7683154 6.09599485 6.09599485) (23.9772449 6.14646584 6.14646584) (24.1861745 6.19688327 6.19688327) (24.395104 6.24724717 6.24724717) (24.6040335 6.29755754 6.29755754) (24.812963 6.34781441 6.34781441) (25.0218925 6.39801779 6.39801779) (25.2308221 6.44816771 6.44816771) (25.4397516 6.49826417 6.49826417) (25.6486811 6.5483072 6.5483072) (25.8576106 6.59829682 6.59829682) (26.0665401 6.64823304 6.64823304) (26.2754696 6.69811588 6.69811588) (26.4843992 6.74794535 6.74794535) (26.6933287 6.79772148 6.79772148))
    polyLine 69 85 ((22.0968793 4.92754693e-16 8.04729483) (22.3058088 4.97162417e-16 8.11927843) (22.5147383 5.01565491e-16 8.19118608) (22.7236678 5.05963916e-16 8.26301781) (22.9325973 5.10357694e-16 8.33477365) (23.1415269 5.14746826e-16 8.40645363) (23.3504564 5.19131315e-16 8.47805776) (23.5593859 5.23511161e-16 8.54958607) (23.7683154 5.27886366e-16 8.6210386) (23.9772449 5.32256932e-16 8.69241535) (24.1861745 5.3662286e-16 8.76371637) (24.395104 5.40984152e-16 8.83494167) (24.6040335 5.45340809e-16 8.90609128) (24.812963 5.49692833e-16 8.97716523) (25.0218925 5.54040226e-16 9.04816353) (25.2308221 5.58382988e-16 9.11908622) (25.4397516 5.62721121e-16 9.18993332) (25.6486811 5.67054628e-16 9.26070486) (25.8576106 5.71383509e-16 9.33140085) (26.0665401 5.75707766e-16 9.40202133) (26.2754696 5.80027401e-16 9.47256632) (26.4843992 5.84342415e-16 9.54303584) (26.6933287 5.88652809e-16 9.61342992))
    polyLine 71 87 ((22.0968793 -5.69029675 5.69029675) (22.3058088 -5.74119683 5.74119683) (22.5147383 -5.79204322 5.79204322) (22.7236678 -5.84283593 5.84283593) (22.9325973 -5.89357497 5.89357497) (23.1415269 -5.94426036 5.94426036) (23.3504564 -5.99489213 5.99489213) (23.5593859 -6.04547029 6.04547029) (23.7683154 -6.09599485 6.09599485) (23.9772449 -6.14646584 6.14646584) (24.1861745 -6.19688327 6.19688327) (24.395104 -6.24724717 6.24724717) (24.6040335 -6.29755754 6.29755754) (24.812963 -6.34781441 6.34781441) (25.0218925 -6.39801779 6.39801779) (25.2308221 -6.44816771 6.44816771) (25.4397516 -6.49826417 6.49826417) (25.6486811 -6.5483072 6.5483072) (25.8576106 -6.59829682 6.59829682) (26.0665401 -6.64823304 6.64823304) (26.2754696 -6.69811588 6.69811588) (26.4843992 -6.74794535 6.74794535) (26.6933287 -6.79772148 6.79772148))
    polyLine 73 89 ((22.0968793 -8.04729483 9.85509386e-16) (22.3058088 -8.11927843 9.94324834e-16) (22.5147383 -8.19118608 1.00313098e-15) (22.7236678 -8.26301781 1.01192783e-15) (22.9325973 -8.33477365 1.02071539e-15) (23.1415269 -8.40645363 1.02949365e-15) (23.3504564 -8.47805776 1.03826263e-15) (23.5593859 -8.54958607 1.04702232e-15) (23.7683154 -8.6210386 1.05577273e-15) (23.9772449 -8.69241535 1.06451386e-15) (24.1861745 -8.76371637 1.07324572e-15) (24.395104 -8.83494167 1.0819683e-15) (24.6040335 -8.90609128 1.09068162e-15) (24.812963 -8.97716523 1.09938567e-15) (25.0218925 -9.04816353 1.10808045e-15) (25.2308221 -9.11908622 1.11676598e-15) (25.4397516 -9.18993332 1.12544224e-15) (25.6486811 -9.26070486 1.13410926e-15) (25.8576106 -9.33140085 1.14276702e-15) (26.0665401 -9.40202133 1.15141553e-15) (26.2754696 -9.47256632 1.1600548e-15) (26.4843992 -9.54303584 1.16868483e-15) (26.6933287 -9.61342992 1.17730562e-15))
    polyLine 75 91 ((22.0968793 -5.69029675 -5.69029675) (22.3058088 -5.74119683 -5.74119683) (22.5147383 -5.79204322 -5.79204322) (22.7236678 -5.84283593 -5.84283593) (22.9325973 -5.89357497 -5.89357497) (23.1415269 -5.94426036 -5.94426036) (23.3504564 -5.99489213 -5.99489213) (23.5593859 -6.04547029 -6.04547029) (23.7683154 -6.09599485 -6.09599485) (23.9772449 -6.14646584 -6.14646584) (24.1861745 -6.19688327 -6.19688327) (24.395104 -6.24724717 -6.24724717) (24.6040335 -6.29755754 -6.29755754) (24.812963 -6.34781441 -6.34781441) (25.0218925 -6.39801779 -6.39801779) (25.2308221 -6.44816771 -6.44816771) (25.4397516 -6.49826417 -6.49826417) (25.6486811 -6.5483072 -6.5483072) (25.8576106 -6.59829682 -6.59829682) (26.0665401 -6.64823304 -6.64823304) (26.2754696 -6.69811588 -6.69811588) (26.4843992 -6.74794535 -6.74794535) (26.6933287 -6.79772148 -6.79772148))
    polyLine 77 93 ((22.0968793 -1.47826408e-15 -8.04729483) (22.3058088 -1.49148725e-15 -8.11927843) (22.5147383 -1.50469647e-15 -8.19118608) (22.7236678 -1.51789175e-15 -8.26301781) (22.9325973 -1.53107308e-15 -8.33477365) (23.1415269 -1.54424048e-15 -8.40645363) (23.3504564 -1.55739394e-15 -8.47805776) (23.5593859 -1.57053348e-15 -8.54958607) (23.7683154 -1.5836591e-15 -8.6210386) (23.9772449 -1.5967708e-15 -8.69241535) (24.1861745 -1.60986858e-15 -8.76371637) (24.395104 -1.62295246e-15 -8.83494167) (24.6040335 -1.63602243e-15 -8.90609128) (24.812963 -1.6490785e-15 -8.97716523) (25.0218925 -1.66212068e-15 -9.04816353) (25.2308221 -1.67514896e-15 -9.11908622) (25.4397516 -1.68816336e-15 -9.18993332) (25.6486811 -1.70116388e-15 -9.26070486) (25.8576106 -1.71415053e-15 -9.33140085) (26.0665401 -1.7271233e-15 -9.40202133) (26.2754696 -1.7400822e-15 -9.47256632) (26.4843992 -1.75302724e-15 -9.54303584) (26.6933287 -1.76595843e-15 -9.61342992))
    polyLine 79 95 ((22.0968793 5.69029675 -5.69029675) (22.3058088 5.74119683 -5.74119683) (22.5147383 5.79204322 -5.79204322) (22.7236678 5.84283593 -5.84283593) (22.9325973 5.89357497 -5.89357497) (23.1415269 5.94426036 -5.94426036) (23.3504564 5.99489213 -5.99489213) (23.5593859 6.04547029 -6.04547029) (23.7683154 6.09599485 -6.09599485) (23.9772449 6.14646584 -6.14646584) (24.1861745 6.19688327 -6.19688327) (24.395104 6.24724717 -6.24724717) (24.6040335 6.29755754 -6.29755754) (24.812963 6.34781441 -6.34781441) (25.0218925 6.39801779 -6.39801779) (25.2308221 6.44816771 -6.44816771) (25.4397516 6.49826417 -6.49826417) (25.6486811 6.5483072 -6.5483072) (25.8576106 6.59829682 -6.59829682) (26.0665401 6.64823304 -6.64823304) (26.2754696 6.69811588 -6.69811588) (26.4843992 6.74794535 -6.74794535) (26.6933287 6.79772148 -6.79772148))
    polyLine 81 97 ((27.1111877 9.75399185 0) (27.3201172 9.82415975 0) (27.5290468 9.89425232 0) (27.7379763 9.96426956 0) (27.9469058 10.0342115 0) (28.1558353 10.1040782 0) (28.3647648 10.1738696 0) (28.5736944 10.2435858 0) (28.7826239 10.3132269 0) (28.9915534 10.3827927 0) (29.2004829 10.4522834 0) (29.4094124 10.521699 0) (29.618342 10.5910395 0) (29.8272715 10.6603049 0) (30.036201 10.7294952 0) (30.2451305 10.7986106 0) (30.45406 10.8676509 0) (30.6629895 10.9366162 0) (30.8719191 11.0055066 0) (31.0808486 11.0743221 0) (31.2897781 11.1430627 0) (31.4987076 11.2117283 0) (31.7076371 11.2803192 0))
    polyLine 83 99 ((27.1111877 6.89711378 6.89711378) (27.3201172 6.94672998 6.94672998) (27.5290468 6.99629291 6.99629291) (27.7379763 7.04580257 7.04580257) (27.9469058 7.095259 7.095259) (28.1558353 7.14466221 7.14466221) (28.3647648 7.1940122 7.1940122) (28.5736944 7.24330901 7.24330901) (28.7826239 7.29255265 7.29255265) (28.9915534 7.34174313 7.34174313) (29.2004829 7.39088048 7.39088048) (29.4094124 7.43996471 7.43996471) (29.618342 7.48899583 7.48899583) (29.8272715 7.53797387 7.53797387) (30.036201 7.58689884 7.58689884) (30.2451305 7.63577076 7.63577076) (30.45406 7.68458964 7.68458964) (30.6629895 7.73335551 7.73335551) (30.8719191 7.78206838 7.78206838) (31.0808486 7.83072826 7.83072826) (31.2897781 7.87933517 7.87933517) (31.4987076 7.92788914 7.92788914) (31.7076371 7.97639018 7.97639018))
    polyLine 85 101 ((27.1111877 5.97259745e-16 9.75399185) (27.3201172 6.0155629e-16 9.82415975) (27.5290468 6.05848221e-16 9.89425232) (27.7379763 6.10135541e-16 9.96426956) (27.9469058 6.1441825e-16 10.0342115) (28.1558353 6.18696351e-16 10.1040782) (28.3647648 6.22969844e-16 10.1738696) (28.5736944 6.27238731e-16 10.2435858) (28.7826239 6.31503013e-16 10.3132269) (28.9915534 6.35762693e-16 10.3827927) (29.2004829 6.40017771e-16 10.4522834) (29.4094124 6.4426825e-16 10.521699) (29.618342 6.4851413e-16 10.5910395) (29.8272715 6.52755412e-16 10.6603049) (30.036201 6.569921e-16 10.7294952) (30.2451305 6.61224193e-16 10.7986106) (30.45406 6.65451694e-16 10.8676509) (30.6629895 6.69674604e-16 10.9366162) (30.8719191 6.73892924e-16 11.0055066) (31.0808486 6.78106656e-16 11.0743221) (31.2897781 6.82315801e-16 11.1430627) (31.4987076 6.86520362e-16 11.2117283) (31.7076371 6.90720338e-16 11.2803192))
    polyLine 87 103 ((27.1111877 -6.89711378 6.89711378) (27.3201172 -6.94672998 6.94672998) (27.5290468 -6.99629291 6.99629291) (27.7379763 -7.04580257 7.04580257) (27.9469058 -7.095259 7.095259) (28.1558353 -7.14466221 7.14466221) (28.3647648 -7.1940122 7.1940122) (28.5736944 -7.24330901 7.24330901) (28.7826239 -7.29255265 7.29255265) (28.9915534 -7.34174313 7.34174313) (29.2004829 -7.39088048 7.39088048) (29.4094124 -7.43996471 7.43996471) (29.618342 -7.48899583 7.48899583) (29.8272715 -7.53797387 7.53797387) (30.036201 -7.58689884 7.58689884) (30.2451305 -7.63577076 7.63577076) (30.45406 -7.68458964 7.68458964) (30.6629895 -7.73335551 7.73335551) (30.8719191 -7.78206838 7.78206838) (31.0808486 -7.83072826 7.83072826) (31.2897781 -7.87933517 7.87933517) (31.4987076 -7.92788914 7.92788914) (31.7076371 -7.97639018 7.97639018))
    polyLine 89 105 ((27.1111877 -9.75399185 1.19451949e-15) (27.3201172 -9.82415975 1.20311258e-15) (27.5290468 -9.89425232 1.21169644e-15) (27.7379763 -9.96426956 1.22027108e-15) (27.9469058 -10.0342115 1.2288365e-15) (28.1558353 -10.1040782 1.2373927e-15) (28.3647648 -10.1738696 1.24593969e-15) (28.5736944 -10.2435858 1.25447746e-15) (28.7826239 -10.3132269 1.26300603e-15) (28.9915534 -10.3827927 1.27152539e-15) (29.2004829 -10.4522834 1.28003554e-15) (29.4094124 -10.521699 1.2885365e-15) (29.618342 -10.5910395 1.29702826e-15) (29.8272715 -10.6603049 1.30551082e-15) (30.036201 -10.7294952 1.3139842e-15) (30.2451305 -10.7986106 1.32244839e-15) (30.45406 -10.8676509 1.33090339e-15) (30.6629895 -10.9366162 1.33934921e-15) (30.8719191 -11.0055066 1.34778585e-15) (31.0808486 -11.0743221 1.35621331e-15) (31.2897781 -11.1430627 1.3646316e-15) (31.4987076 -11.2117283 1.37304072e-15) (31.7076371 -11.2803192 1.38144068e-15))
    polyLine 91 107 ((27.1111877 -6.89711378 -6.89711378) (27.3201172 -6.94672998 -6.94672998) (27.5290468 -6.99629291 -6.99629291) (27.7379763 -7.04580257 -7.04580257) (27.9469058 -7.095259 -7.095259) (28.1558353 -7.14466221 -7.14466221) (28.3647648 -7.1940122 -7.1940122) (28.5736944 -7.24330901 -7.24330901) (28.7826239 -7.29255265 -7.29255265) (28.9915534 -7.34174313 -7.34174313) (29.2004829 -7.39088048 -7.39088048) (29.4094124 -7.43996471 -7.43996471) (29.618342 -7.48899583 -7.48899583) (29.8272715 -7.53797387 -7.53797387) (30.036201 -7.58689884 -7.58689884) (30.2451305 -7.63577076 -7.63577076) (30.45406 -7.68458964 -7.68458964) (30.6629895 -7.73335551 -7.73335551) (30.8719191 -7.78206838 -7.78206838) (31.0808486 -7.83072826 -7.83072826) (31.2897781 -7.87933517 -7.87933517) (31.4987076 -7.92788914 -7.92788914) (31.7076371 -7.97639018 -7.97639018))
    polyLine 93 109 ((27.1111877 -1.79177923e-15 -9.75399185) (27.3201172 -1.80466887e-15 -9.82415975) (27.5290468 -1.81754466e-15 -9.89425232) (27.7379763 -1.83040662e-15 -9.96426956) (27.9469058 -1.84325475e-15 -10.0342115) (28.1558353 -1.85608905e-15 -10.1040782) (28.3647648 -1.86890953e-15 -10.1738696) (28.5736944 -1.88171619e-15 -10.2435858) (28.7826239 -1.89450904e-15 -10.3132269) (28.9915534 -1.90728808e-15 -10.3827927) (29.2004829 -1.92005331e-15 -10.4522834) (29.4094124 -1.93280475e-15 -10.521699) (29.618342 -1.94554239e-15 -10.5910395) (29.8272715 -1.95826624e-15 -10.6603049) (30.036201 -1.9709763e-15 -10.7294952) (30.2451305 -1.98367258e-15 -10.7986106) (30.45406 -1.99635508e-15 -10.8676509) (30.6629895 -2.00902381e-15 -10.9366162) (30.8719191 -2.02167877e-15 -11.0055066) (31.0808486 -2.03431997e-15 -11.0743221) (31.2897781 -2.0469474e-15 -11.1430627) (31.4987076 -2.05956108e-15 -11.2117283) (31.7076371 -2.07216101e-15 -11.2803192))
    polyLine 95 111 ((27.1111877 6.89711378 -6.89711378) (27.3201172 6.94672998 -6.94672998) (27.5290468 6.99629291 -6.99629291) (27.7379763 7.04580257 -7.04580257) (27.9469058 7.095259 -7.095259) (28.1558353 7.14466221 -7.14466221) (28.3647648 7.1940122 -7.1940122) (28.5736944 7.24330901 -7.24330901) (28.7826239 7.29255265 -7.29255265) (28.9915534 7.34174313 -7.34174313) (29.2004829 7.39088048 -7.39088048) (29.4094124 7.43996471 -7.43996471) (29.618342 7.48899583 -7.48899583) (29.8272715 7.53797387 -7.53797387) (30.036201 7.58689884 -7.58689884) (30.2451305 7.63577076 -7.63577076) (30.45406 7.68458964 -7.68458964) (30.6629895 7.73335551 -7.73335551) (30.8719191 7.78206838 -7.78206838) (31.0808486 7.83072826 -7.83072826) (31.2897781 7.87933517 -7.87933517) (31.4987076 7.92788914 -7.92788914) (31.7076371 7.97639018 -7.97639018))
    polyLine 97 113 ((32.1254962 11.4172763 0) (32.3344257 11.4856427 0) (32.5433552 11.5539343 0) (32.7522847 11.6221512 0) (32.9612143 11.6902934 0) (33.1701438 11.7583609 0) (33.3790733 11.8263537 0) (33.5880028 11.8942718 0) (33.7969323 11.9621154 0) (34.0058619 12.0298843 0) (34.2147914 12.0975787 0) (34.4237209 12.1651985 0) (34.6326504 12.2327438 0) (34.8415799 12.3002146 0) (35.0505094 12.3676109 0) (35.259439 12.4349328 0) (35.4683685 12.5021802 0) (35.677298 12.5693532 0) (35.8862275 12.6364518 0) (36.095157 12.703476 0) (36.3040866 12.7704259 0) (36.5130161 12.8373015 0) (36.7219456 12.9041028 0))
    polyLine 99 115 ((32.1254962 8.07323351 8.07323351) (32.3344257 8.12157585 8.12157585) (32.5433552 8.16986532 8.16986532) (32.7522847 8.21810194 8.21810194) (32.9612143 8.26628573 8.26628573) (33.1701438 8.31441671 8.31441671) (33.3790733 8.36249489 8.36249489) (33.5880028 8.41052028 8.41052028) (33.7969323 8.45849291 8.45849291) (34.0058619 8.50641279 8.50641279) (34.2147914 8.55427994 8.55427994) (34.4237209 8.60209437 8.60209437) (34.6326504 8.64985611 8.64985611) (34.8415799 8.69756516 8.69756516) (35.0505094 8.74522154 8.74522154) (35.259439 8.79282528 8.79282528) (35.4683685 8.84037638 8.84037638) (35.677298 8.88787487 8.88787487) (35.8862275 8.93532075 8.93532075) (36.095157 8.98271405 8.98271405) (36.3040866 9.03005479 9.03005479) (36.5130161 9.07734297 9.07734297) (36.7219456 9.12457862 9.12457862))
    polyLine 101 117 ((32.1254962 6.99106545e-16 11.4172763) (32.3344257 7.03292779e-16 11.4856427) (32.5433552 7.07474435e-16 11.5539343) (32.7522847 7.11651515e-16 11.6221512) (32.9612143 7.15824019e-16 11.6902934) (33.1701438 7.1999195e-16 11.7583609) (33.3790733 7.24155309e-16 11.8263537) (33.5880028 7.28314097e-16 11.8942718) (33.7969323 7.32468316e-16 11.9621154) (34.0058619 7.36617967e-16 12.0298843) (34.2147914 7.40763052e-16 12.0975787) (34.4237209 7.44903572e-16 12.1651985) (34.6326504 7.49039528e-16 12.2327438) (34.8415799 7.53170922e-16 12.3002146) (35.0505094 7.57297756e-16 12.3676109) (35.259439 7.6142003e-16 12.4349328) (35.4683685 7.65537747e-16 12.5021802) (35.677298 7.69650907e-16 12.5693532) (35.8862275 7.73759512e-16 12.6364518) (36.095157 7.77863564e-16 12.703476) (36.3040866 7.81963063e-16 12.7704259) (36.5130161 7.86058012e-16 12.8373015) (36.7219456 7.90148411e-16 12.9041028))
    polyLine 103 119 ((32.1254962 -8.07323351 8.07323351) (32.3344257 -8.12157585 8.12157585) (32.5433552 -8.16986532 8.16986532) (32.7522847 -8.21810194 8.21810194) (32.9612143 -8.26628573 8.26628573) (33.1701438 -8.31441671 8.31441671) (33.3790733 -8.36249489 8.36249489) (33.5880028 -8.41052028 8.41052028) (33.7969323 -8.45849291 8.45849291) (34.0058619 -8.50641279 8.50641279) (34.2147914 -8.55427994 8.55427994) (34.4237209 -8.60209437 8.60209437) (34.6326504 -8.64985611 8.64985611) (34.8415799 -8.69756516 8.69756516) (35.0505094 -8.74522154 8.74522154) (35.259439 -8.79282528 8.79282528) (35.4683685 -8.84037638 8.84037638) (35.677298 -8.88787487 8.88787487) (35.8862275 -8.93532075 8.93532075) (36.095157 -8.98271405 8.98271405) (36.3040866 -9.03005479 9.03005479) (36.5130161 -9.07734297 9.07734297) (36.7219456 -9.12457862 9.12457862))
    polyLine 105 121 ((32.1254962 -11.4172763 1.39821309e-15) (32.3344257 -11.4856427 1.40658556e-15) (32.5433552 -11.5539343 1.41494887e-15) (32.7522847 -11.6221512 1.42330303e-15) (32.9612143 -11.6902934 1.43164804e-15) (33.1701438 -11.7583609 1.4399839e-15) (33.3790733 -11.8263537 1.44831062e-15) (33.5880028 -11.8942718 1.45662819e-15) (33.7969323 -11.9621154 1.46493663e-15) (34.0058619 -12.0298843 1.47323593e-15) (34.2147914 -12.0975787 1.4815261e-15) (34.4237209 -12.1651985 1.48980714e-15) (34.6326504 -12.2327438 1.49807906e-15) (34.8415799 -12.3002146 1.50634184e-15) (35.0505094 -12.3676109 1.51459551e-15) (35.259439 -12.4349328 1.52284006e-15) (35.4683685 -12.5021802 1.53107549e-15) (35.677298 -12.5693532 1.53930181e-15) (35.8862275 -12.6364518 1.54751902e-15) (36.095157 -12.703476 1.55572713e-15) (36.3040866 -12.7704259 1.56392613e-15) (36.5130161 -12.8373015 1.57211602e-15) (36.7219456 -12.9041028 1.58029682e-15))
    polyLine 107 123 ((32.1254962 -8.07323351 -8.07323351) (32.3344257 -8.12157585 -8.12157585) (32.5433552 -8.16986532 -8.16986532) (32.7522847 -8.21810194 -8.21810194) (32.9612143 -8.26628573 -8.26628573) (33.1701438 -8.31441671 -8.31441671) (33.3790733 -8.36249489 -8.36249489) (33.5880028 -8.41052028 -8.41052028) (33.7969323 -8.45849291 -8.45849291) (34.0058619 -8.50641279 -8.50641279) (34.2147914 -8.55427994 -8.55427994) (34.4237209 -8.60209437 -8.60209437) (34.6326504 -8.64985611 -8.64985611) (34.8415799 -8.69756516 -8.69756516) (35.0505094 -8.74522154 -8.74522154) (35.259439 -8.79282528 -8.79282528) (35.4683685 -8.84037638 -8.84037638) (35.677298 -8.88787487 -8.88787487) (35.8862275 -8.93532075 -8.93532075) (36.095157 -8.98271405 -8.98271405) (36.3040866 -9.03005479 -9.03005479) (36.5130161 -9.07734297 -9.07734297) (36.7219456 -9.12457862 -9.12457862))
    polyLine 109 125 ((32.1254962 -2.09731964e-15 -11.4172763) (32.3344257 -2.10987834e-15 -11.4856427) (32.5433552 -2.12242331e-15 -11.5539343) (32.7522847 -2.13495454e-15 -11.6221512) (32.9612143 -2.14747206e-15 -11.6902934) (33.1701438 -2.15997585e-15 -11.7583609) (33.3790733 -2.17246593e-15 -11.8263537) (33.5880028 -2.18494229e-15 -11.8942718) (33.7969323 -2.19740495e-15 -11.9621154) (34.0058619 -2.2098539e-15 -12.0298843) (34.2147914 -2.22228916e-15 -12.0975787) (34.4237209 -2.23471072e-15 -12.1651985) (34.6326504 -2.24711858e-15 -12.2327438) (34.8415799 -2.25951277e-15 -12.3002146) (35.0505094 -2.27189327e-15 -12.3676109) (35.259439 -2.28426009e-15 -12.4349328) (35.4683685 -2.29661324e-15 -12.5021802) (35.677298 -2.30895272e-15 -12.5693532) (35.8862275 -2.32127854e-15 -12.6364518) (36.095157 -2.33359069e-15 -12.703476) (36.3040866 -2.34588919e-15 -12.7704259) (36.5130161 -2.35817404e-15 -12.8373015) (36.7219456 -2.37044523e-15 -12.9041028))
    polyLine 111 127 ((32.1254962 8.07323351 -8.07323351) (32.3344257 8.12157585 -8.12157585) (32.5433552 8.16986532 -8.16986532) (32.7522847 8.21810194 -8.21810194) (32.9612143 8.26628573 -8.26628573) (33.1701438 8.31441671 -8.31441671) (33.3790733 8.36249489 -8.36249489) (33.5880028 8.41052028 -8.41052028) (33.7969323 8.45849291 -8.45849291) (34.0058619 8.50641279 -8.50641279) (34.2147914 8.55427994 -8.55427994) (34.4237209 8.60209437 -8.60209437) (34.6326504 8.64985611 -8.64985611) (34.8415799 8.69756516 -8.69756516) (35.0505094 8.74522154 -8.74522154) (35.259439 8.79282528 -8.79282528) (35.4683685 8.84037638 -8.84037638) (35.677298 8.88787487 -8.88787487) (35.8862275 8.93532075 -8.93532075) (36.095157 8.98271405 -8.98271405) (36.3040866 9.03005479 -9.03005479) (36.5130161 9.07734297 -9.07734297) (36.7219456 9.12457862 -9.12457862))
    polyLine 113 129 ((37.1398046 13.0374826 0) (37.3487342 13.1040612 0) (37.5576637 13.1705655 0) (37.7665932 13.2369957 0) (37.9755227 13.3033517 0) (38.1844522 13.3696335 0) (38.3933817 13.4358413 0) (38.6023113 13.5019749 0) (38.8112408 13.5680345 0) (39.0201703 13.6340201 0) (39.2290998 13.6999316 0) (39.4380293 13.7657691 0) (39.6469589 13.8315327 0) (39.8558884 13.8972222 0) (40.0648179 13.9628379 0) (40.2737474 14.0283797 0) (40.4826769 14.0938475 0) (40.6916065 14.1592415 0) (40.900536 14.2245617 0) (41.1094655 14.289808 0) (41.318395 14.3549805 0) (41.5273245 14.4200793 0) (41.7362541 14.4851043 0))
    polyLine 115 131 ((37.1398046 9.21889237 9.21889237) (37.3487342 9.26597051 9.26597051) (37.5576637 9.31299618 9.31299618) (37.7665932 9.35996939 9.35996939) (37.9755227 9.40689017 9.40689017) (38.1844522 9.45375852 9.45375852) (38.3933817 9.50057447 9.50057447) (38.6023113 9.54733803 9.54733803) (38.8112408 9.59404921 9.59404921) (39.0201703 9.64070804 9.64070804) (39.2290998 9.68731453 9.68731453) (39.4380293 9.73386869 9.73386869) (39.6469589 9.78037054 9.78037054) (39.8558884 9.82682009 9.82682009) (40.0648179 9.87321737 9.87321737) (40.2737474 9.91956238 9.91956238) (40.4826769 9.96585515 9.96585515) (40.6916065 10.0120957 10.0120957) (40.900536 10.058284 10.058284) (41.1094655 10.1044201 10.1044201) (41.318395 10.1505041 10.1505041) (41.5273245 10.1965359 10.1965359) (41.7362541 10.2425155 10.2425155))
    polyLine 117 133 ((37.1398046 7.98315568e-16 13.0374826) (37.3487342 8.02392328e-16 13.1040612) (37.5576637 8.06464544e-16 13.1705655) (37.7665932 8.10532218e-16 13.2369957) (37.9755227 8.14595351e-16 13.3033517) (38.1844522 8.18653945e-16 13.3696335) (38.3933817 8.22708e-16 13.4358413) (38.6023113 8.26757519e-16 13.5019749) (38.8112408 8.30802502e-16 13.5680345) (39.0201703 8.34842951e-16 13.6340201) (39.2290998 8.38878868e-16 13.6999316) (39.4380293 8.42910254e-16 13.7657691) (39.6469589 8.4693711e-16 13.8315327) (39.8558884 8.50959437e-16 13.8972222) (40.0648179 8.54977238e-16 13.9628379) (40.2737474 8.58990512e-16 14.0283797) (40.4826769 8.62999263e-16 14.0938475) (40.6916065 8.6700349e-16 14.1592415) (40.900536 8.71003196e-16 14.2245617) (41.1094655 8.74998382e-16 14.289808) (41.318395 8.78989048e-16 14.3549805) (41.5273245 8.82975198e-16 14.4200793) (41.7362541 8.86956831e-16 14.4851043))
    polyLine 119 135 ((37.1398046 -9.21889237 9.21889237) (37.3487342 -9.26597051 9.26597051) (37.5576637 -9.31299618 9.31299618) (37.7665932 -9.35996939 9.35996939) (37.9755227 -9.40689017 9.40689017) (38.1844522 -9.45375852 9.45375852) (38.3933817 -9.50057447 9.50057447) (38.6023113 -9.54733803 9.54733803) (38.8112408 -9.59404921 9.59404921) (39.0201703 -9.64070804 9.64070804) (39.2290998 -9.68731453 9.68731453) (39.4380293 -9.73386869 9.73386869) (39.6469589 -9.78037054 9.78037054) (39.8558884 -9.82682009 9.82682009) (40.0648179 -9.87321737 9.87321737) (40.2737474 -9.91956238 9.91956238) (40.4826769 -9.96585515 9.96585515) (40.6916065 -10.0120957 10.0120957) (40.900536 -10.058284 10.058284) (41.1094655 -10.1044201 10.1044201) (41.318395 -10.1505041 10.1505041) (41.5273245 -10.1965359 10.1965359) (41.7362541 -10.2425155 10.2425155))
    polyLine 121 137 ((37.1398046 -13.0374826 1.59663114e-15) (37.3487342 -13.1040612 1.60478466e-15) (37.5576637 -13.1705655 1.61292909e-15) (37.7665932 -13.2369957 1.62106444e-15) (37.9755227 -13.3033517 1.6291907e-15) (38.1844522 -13.3696335 1.63730789e-15) (38.3933817 -13.4358413 1.645416e-15) (38.6023113 -13.5019749 1.65351504e-15) (38.8112408 -13.5680345 1.661605e-15) (39.0201703 -13.6340201 1.6696859e-15) (39.2290998 -13.6999316 1.67775774e-15) (39.4380293 -13.7657691 1.68582051e-15) (39.6469589 -13.8315327 1.69387422e-15) (39.8558884 -13.8972222 1.70191887e-15) (40.0648179 -13.9628379 1.70995448e-15) (40.2737474 -14.0283797 1.71798102e-15) (40.4826769 -14.0938475 1.72599853e-15) (40.6916065 -14.1592415 1.73400698e-15) (40.900536 -14.2245617 1.74200639e-15) (41.1094655 -14.289808 1.74999676e-15) (41.318395 -14.3549805 1.7579781e-15) (41.5273245 -14.4200793 1.7659504e-15) (41.7362541 -14.4851043 1.77391366e-15))
    polyLine 123 139 ((37.1398046 -9.21889237 -9.21889237) (37.3487342 -9.26597051 -9.26597051) (37.5576637 -9.31299618 -9.31299618) (37.7665932 -9.35996939 -9.35996939) (37.9755227 -9.40689017 -9.40689017) (38.1844522 -9.45375852 -9.45375852) (38.3933817 -9.50057447 -9.50057447) (38.6023113 -9.54733803 -9.54733803) (38.8112408 -9.59404921 -9.59404921) (39.0201703 -9.64070804 -9.64070804) (39.2290998 -9.68731453 -9.68731453) (39.4380293 -9.73386869 -9.73386869) (39.6469589 -9.78037054 -9.78037054) (39.8558884 -9.82682009 -9.82682009) (40.0648179 -9.87321737 -9.87321737) (40.2737474 -9.91956238 -9.91956238) (40.4826769 -9.96585515 -9.96585515) (40.6916065 -10.0120957 -10.0120957) (40.900536 -10.058284 -10.058284) (41.1094655 -10.1044201 -10.1044201) (41.318395 -10.1505041 -10.1505041) (41.5273245 -10.1965359 -10.1965359) (41.7362541 -10.2425155 -10.2425155))
    polyLine 125 141 ((37.1398046 -2.3949467e-15 -13.0374826) (37.3487342 -2.40717698e-15 -13.1040612) (37.5576637 -2.41939363e-15 -13.1705655) (37.7665932 -2.43159665e-15 -13.2369957) (37.9755227 -2.44378605e-15 -13.3033517) (38.1844522 -2.45596183e-15 -13.3696335) (38.3933817 -2.468124e-15 -13.4358413) (38.6023113 -2.48027256e-15 -13.5019749) (38.8112408 -2.49240751e-15 -13.5680345) (39.0201703 -2.50452885e-15 -13.6340201) (39.2290998 -2.5166366e-15 -13.6999316) (39.4380293 -2.52873076e-15 -13.7657691) (39.6469589 -2.54081133e-15 -13.8315327) (39.8558884 -2.55287831e-15 -13.8972222) (40.0648179 -2.56493171e-15 -13.9628379) (40.2737474 -2.57697154e-15 -14.0283797) (40.4826769 -2.58899779e-15 -14.0938475) (40.6916065 -2.60101047e-15 -14.1592415) (40.900536 -2.61300959e-15 -14.2245617) (41.1094655 -2.62499514e-15 -14.289808) (41.318395 -2.63696715e-15 -14.3549805) (41.5273245 -2.64892559e-15 -14.4200793) (41.7362541 -2.66087049e-15 -14.4851043))
    polyLine 127 143 ((37.1398046 9.21889237 -9.21889237) (37.3487342 9.26597051 -9.26597051) (37.5576637 9.31299618 -9.31299618) (37.7665932 9.35996939 -9.35996939) (37.9755227 9.40689017 -9.40689017) (38.1844522 9.45375852 -9.45375852) (38.3933817 9.50057447 -9.50057447) (38.6023113 9.54733803 -9.54733803) (38.8112408 9.59404921 -9.59404921) (39.0201703 9.64070804 -9.64070804) (39.2290998 9.68731453 -9.68731453) (39.4380293 9.73386869 -9.73386869) (39.6469589 9.78037054 -9.78037054) (39.8558884 9.82682009 -9.82682009) (40.0648179 9.87321737 -9.87321737) (40.2737474 9.91956238 -9.91956238) (40.4826769 9.96585515 -9.96585515) (40.6916065 10.0120957 -10.0120957) (40.900536 10.058284 -10.058284) (41.1094655 10.1044201 -10.1044201) (41.318395 10.1505041 -10.1505041) (41.5273245 10.1965359 -10.1965359) (41.7362541 10.2425155 -10.2425155))
    polyLine 129 145 ((42.1541131 14.6149331 0) (42.3630426 14.679737 0) (42.5719721 14.7444672 0) (42.7809016 14.8091238 0) (42.9898312 14.8737067 0) (43.1987607 14.9382161 0) (43.4076902 15.0026519 0) (43.6166197 15.0670141 0) (43.8255492 15.1313027 0) (44.0344788 15.1955179 0) (44.2434083 15.2596596 0) (44.4523378 15.3237278 0) (44.6612673 15.3877226 0) (44.8701968 15.4516439 0) (45.0791264 15.5154918 0) (45.2880559 15.5792664 0) (45.4969854 15.6429676 0) (45.7059149 15.7065954 0) (45.9148444 15.77015 0) (46.1237739 15.8336312 0) (46.3327035 15.8970392 0) (46.541633 15.9603739 0) (46.7505625 16.0236354 0))
    polyLine 131 147 ((42.1541131 10.3343183 10.3343183) (42.3630426 10.3801416 10.3801416) (42.5719721 10.4259128 10.4259128) (42.7809016 10.4716319 10.4716319) (42.9898312 10.5172989 10.5172989) (43.1987607 10.5629139 10.5629139) (43.4076902 10.6084769 10.6084769) (43.6166197 10.6539878 10.6539878) (43.8255492 10.6994468 10.6994468) (44.0344788 10.7448538 10.7448538) (44.2434083 10.7902088 10.7902088) (44.4523378 10.8355118 10.8355118) (44.6612673 10.880763 10.880763) (44.8701968 10.9259622 10.9259622) (45.0791264 10.9711095 10.9711095) (45.2880559 11.0162049 11.0162049) (45.4969854 11.0612484 11.0612484) (45.7059149 11.1062401 11.1062401) (45.9148444 11.15118 11.15118) (46.1237739 11.196068 11.196068) (46.3327035 11.2409042 11.2409042) (46.541633 11.2856886 11.2856886) (46.7505625 11.3304212 11.3304212))
    polyLine 133 149 ((42.1541131 8.94906554e-16 14.6149331) (42.3630426 8.98874647e-16 14.679737) (42.5719721 9.0283823e-16 14.7444672) (42.7809016 9.06797303e-16 14.8091238) (42.9898312 9.10751867e-16 14.8737067) (43.1987607 9.14701926e-16 14.9382161) (43.4076902 9.18647478e-16 15.0026519) (43.6166197 9.22588527e-16 15.0670141) (43.8255492 9.26525074e-16 15.1313027) (44.0344788 9.30457119e-16 15.1955179) (44.2434083 9.34384664e-16 15.2596596) (44.4523378 9.3830771e-16 15.3237278) (44.6612673 9.42226259e-16 15.3877226) (44.8701968 9.46140312e-16 15.4516439) (45.0791264 9.5004987e-16 15.5154918) (45.2880559 9.53954935e-16 15.5792664) (45.4969854 9.57855508e-16 15.6429676) (45.7059149 9.6175159e-16 15.7065954) (45.9148444 9.65643183e-16 15.77015) (46.1237739 9.69530288e-16 15.8336312) (46.3327035 9.73412906e-16 15.8970392) (46.541633 9.77291039e-16 15.9603739) (46.7505625 9.81164687e-16 16.0236354))
    polyLine 135 151 ((42.1541131 -10.3343183 10.3343183) (42.3630426 -10.3801416 10.3801416) (42.5719721 -10.4259128 10.4259128) (42.7809016 -10.4716319 10.4716319) (42.9898312 -10.5172989 10.5172989) (43.1987607 -10.5629139 10.5629139) (43.4076902 -10.6084769 10.6084769) (43.6166197 -10.6539878 10.6539878) (43.8255492 -10.6994468 10.6994468) (44.0344788 -10.7448538 10.7448538) (44.2434083 -10.7902088 10.7902088) (44.4523378 -10.8355118 10.8355118) (44.6612673 -10.880763 10.880763) (44.8701968 -10.9259622 10.9259622) (45.0791264 -10.9711095 10.9711095) (45.2880559 -11.0162049 11.0162049) (45.4969854 -11.0612484 11.0612484) (45.7059149 -11.1062401 11.1062401) (45.9148444 -11.15118 11.15118) (46.1237739 -11.196068 11.196068) (46.3327035 -11.2409042 11.2409042) (46.541633 -11.2856886 11.2856886) (46.7505625 -11.3304212 11.3304212))
    polyLine 137 153 ((42.1541131 -14.6149331 1.78981311e-15) (42.3630426 -14.679737 1.79774929e-15) (42.5719721 -14.7444672 1.80567646e-15) (42.7809016 -14.8091238 1.81359461e-15) (42.9898312 -14.8737067 1.82150373e-15) (43.1987607 -14.9382161 1.82940385e-15) (43.4076902 -15.0026519 1.83729496e-15) (43.6166197 -15.0670141 1.84517705e-15) (43.8255492 -15.1313027 1.85305015e-15) (44.0344788 -15.1955179 1.86091424e-15) (44.2434083 -15.2596596 1.86876933e-15) (44.4523378 -15.3237278 1.87661542e-15) (44.6612673 -15.3877226 1.88445252e-15) (44.8701968 -15.4516439 1.89228062e-15) (45.0791264 -15.5154918 1.90009974e-15) (45.2880559 -15.5792664 1.90790987e-15) (45.4969854 -15.6429676 1.91571102e-15) (45.7059149 -15.7065954 1.92350318e-15) (45.9148444 -15.77015 1.93128637e-15) (46.1237739 -15.8336312 1.93906058e-15) (46.3327035 -15.8970392 1.94682581e-15) (46.541633 -15.9603739 1.95458208e-15) (46.7505625 -16.0236354 1.96232937e-15))
    polyLine 139 155 ((42.1541131 -10.3343183 -10.3343183) (42.3630426 -10.3801416 -10.3801416) (42.5719721 -10.4259128 -10.4259128) (42.7809016 -10.4716319 -10.4716319) (42.9898312 -10.5172989 -10.5172989) (43.1987607 -10.5629139 -10.5629139) (43.4076902 -10.6084769 -10.6084769) (43.6166197 -10.6539878 -10.6539878) (43.8255492 -10.6994468 -10.6994468) (44.0344788 -10.7448538 -10.7448538) (44.2434083 -10.7902088 -10.7902088) (44.4523378 -10.8355118 -10.8355118) (44.6612673 -10.880763 -10.880763) (44.8701968 -10.9259622 -10.9259622) (45.0791264 -10.9711095 -10.9711095) (45.2880559 -11.0162049 -11.0162049) (45.4969854 -11.0612484 -11.0612484) (45.7059149 -11.1062401 -11.1062401) (45.9148444 -11.15118 -11.15118) (46.1237739 -11.196068 -11.196068) (46.3327035 -11.2409042 -11.2409042) (46.541633 -11.2856886 -11.2856886) (46.7505625 -11.3304212 -11.3304212))
    polyLine 141 157 ((42.1541131 -2.68471966e-15 -14.6149331) (42.3630426 -2.69662394e-15 -14.679737) (42.5719721 -2.70851469e-15 -14.7444672) (42.7809016 -2.72039191e-15 -14.8091238) (42.9898312 -2.7322556e-15 -14.8737067) (43.1987607 -2.74410578e-15 -14.9382161) (43.4076902 -2.75594244e-15 -15.0026519) (43.6166197 -2.76776558e-15 -15.0670141) (43.8255492 -2.77957522e-15 -15.1313027) (44.0344788 -2.79137136e-15 -15.1955179) (44.2434083 -2.80315399e-15 -15.2596596) (44.4523378 -2.81492313e-15 -15.3237278) (44.6612673 -2.82667878e-15 -15.3877226) (44.8701968 -2.83842094e-15 -15.4516439) (45.0791264 -2.85014961e-15 -15.5154918) (45.2880559 -2.86186481e-15 -15.5792664) (45.4969854 -2.87356652e-15 -15.6429676) (45.7059149 -2.88525477e-15 -15.7065954) (45.9148444 -2.89692955e-15 -15.77015) (46.1237739 -2.90859086e-15 -15.8336312) (46.3327035 -2.92023872e-15 -15.8970392) (46.541633 -2.93187312e-15 -15.9603739) (46.7505625 -2.94349406e-15 -16.0236354))
    polyLine 143 159 ((42.1541131 10.3343183 -10.3343183) (42.3630426 10.3801416 -10.3801416) (42.5719721 10.4259128 -10.4259128) (42.7809016 10.4716319 -10.4716319) (42.9898312 10.5172989 -10.5172989) (43.1987607 10.5629139 -10.5629139) (43.4076902 10.6084769 -10.6084769) (43.6166197 10.6539878 -10.6539878) (43.8255492 10.6994468 -10.6994468) (44.0344788 10.7448538 -10.7448538) (44.2434083 10.7902088 -10.7902088) (44.4523378 10.8355118 -10.8355118) (44.6612673 10.880763 -10.880763) (44.8701968 10.9259622 -10.9259622) (45.0791264 10.9711095 -10.9711095) (45.2880559 11.0162049 -11.0162049) (45.4969854 11.0612484 -11.0612484) (45.7059149 11.1062401 -11.1062401) (45.9148444 11.15118 -11.15118) (46.1237739 11.196068 -11.196068) (46.3327035 11.2409042 -11.2409042) (46.541633 11.2856886 -11.2856886) (46.7505625 11.3304212 -11.3304212))
    polyLine 145 161 ((47.1684215 16.1499387 0) (47.3773511 16.2129806 0) (47.5862806 16.2759494 0) (47.7952101 16.338845 0) (48.0041396 16.4016676 0) (48.2130691 16.464417 0) (48.4219987 16.5270934 0) (48.6309282 16.5896968 0) (48.8398577 16.6522271 0) (49.0487872 16.7146844 0) (49.2577167 16.7770688 0) (49.4666463 16.8393802 0) (49.6755758 16.9016187 0) (49.8845053 16.9637842 0) (50.0934348 17.0258769 0) (50.3023643 17.0878967 0) (50.5112938 17.1498436 0) (50.7202234 17.2117177 0) (50.9291529 17.273519 0) (51.1380824 17.3352475 0) (51.3470119 17.3969032 0) (51.5559414 17.4584862 0) (51.764871 17.5199965 0))
    polyLine 147 163 ((47.1684215 11.4197312 11.4197312) (47.3773511 11.4643085 11.4643085) (47.5862806 11.5088342 11.5088342) (47.7952101 11.5533081 11.5533081) (48.0041396 11.5977304 11.5977304) (48.2130691 11.6421009 11.6421009) (48.4219987 11.6864198 11.6864198) (48.6309282 11.7306871 11.7306871) (48.8398577 11.7749027 11.7749027) (49.0487872 11.8190667 11.8190667) (49.2577167 11.8631791 11.8631791) (49.4666463 11.9072399 11.9072399) (49.6755758 11.9512492 11.9512492) (49.8845053 11.9952069 11.9952069) (50.0934348 12.039113 12.039113) (50.3023643 12.0829676 12.0829676) (50.5112938 12.1267707 12.1267707) (50.7202234 12.1705223 12.1705223) (50.9291529 12.2142224 12.2142224) (51.1380824 12.2578711 12.2578711) (51.3470119 12.3014682 12.3014682) (51.5559414 12.345014 12.345014) (51.764871 12.3885083 12.3885083))
    polyLine 149 165 ((47.1684215 9.88898537e-16 16.1499387) (47.3773511 9.92758741e-16 16.2129806) (47.5862806 9.96614466e-16 16.2759494) (47.7952101 1.00046571e-15 16.338845) (48.0041396 1.00431248e-15 16.4016676) (48.2130691 1.00815478e-15 16.464417) (48.4219987 1.0119926e-15 16.5270934) (48.6309282 1.01582595e-15 16.5896968) (48.8398577 1.01965483e-15 16.6522271) (49.0487872 1.02347924e-15 16.7146844) (49.2577167 1.02729918e-15 16.7770688) (49.4666463 1.03111465e-15 16.8393802) (49.6755758 1.03492566e-15 16.9016187) (49.8845053 1.0387322e-15 16.9637842) (50.0934348 1.04253428e-15 17.0258769) (50.3023643 1.0463319e-15 17.0878967) (50.5112938 1.05012505e-15 17.1498436) (50.7202234 1.05391375e-15 17.2117177) (50.9291529 1.05769799e-15 17.273519) (51.1380824 1.06147777e-15 17.3352475) (51.3470119 1.06525309e-15 17.3969032) (51.5559414 1.06902396e-15 17.4584862) (51.764871 1.07279038e-15 17.5199965))
    polyLine 151 167 ((47.1684215 -11.4197312 11.4197312) (47.3773511 -11.4643085 11.4643085) (47.5862806 -11.5088342 11.5088342) (47.7952101 -11.5533081 11.5533081) (48.0041396 -11.5977304 11.5977304) (48.2130691 -11.6421009 11.6421009) (48.4219987 -11.6864198 11.6864198) (48.6309282 -11.7306871 11.7306871) (48.8398577 -11.7749027 11.7749027) (49.0487872 -11.8190667 11.8190667) (49.2577167 -11.8631791 11.8631791) (49.4666463 -11.9072399 11.9072399) (49.6755758 -11.9512492 11.9512492) (49.8845053 -11.9952069 11.9952069) (50.0934348 -12.039113 12.039113) (50.3023643 -12.0829676 12.0829676) (50.5112938 -12.1267707 12.1267707) (50.7202234 -12.1705223 12.1705223) (50.9291529 -12.2142224 12.2142224) (51.1380824 -12.2578711 12.2578711) (51.3470119 -12.3014682 12.3014682) (51.5559414 -12.345014 12.345014) (51.764871 -12.3885083 12.3885083))
    polyLine 153 169 ((47.1684215 -16.1499387 1.97779707e-15) (47.3773511 -16.2129806 1.98551748e-15) (47.5862806 -16.2759494 1.99322893e-15) (47.7952101 -16.338845 2.00093143e-15) (48.0041396 -16.4016676 2.00862497e-15) (48.2130691 -16.464417 2.01630956e-15) (48.4219987 -16.5270934 2.02398521e-15) (48.6309282 -16.5896968 2.03165191e-15) (48.8398577 -16.6522271 2.03930966e-15) (49.0487872 -16.7146844 2.04695848e-15) (49.2577167 -16.7770688 2.05459836e-15) (49.4666463 -16.8393802 2.06222931e-15) (49.6755758 -16.9016187 2.06985132e-15) (49.8845053 -16.9637842 2.07746441e-15) (50.0934348 -17.0258769 2.08506856e-15) (50.3023643 -17.0878967 2.0926638e-15) (50.5112938 -17.1498436 2.10025011e-15) (50.7202234 -17.2117177 2.1078275e-15) (50.9291529 -17.273519 2.11539598e-15) (51.1380824 -17.3352475 2.12295554e-15) (51.3470119 -17.3969032 2.13050619e-15) (51.5559414 -17.4584862 2.13804793e-15) (51.764871 -17.5199965 2.14558076e-15))
    polyLine 155 171 ((47.1684215 -11.4197312 -11.4197312) (47.3773511 -11.4643085 -11.4643085) (47.5862806 -11.5088342 -11.5088342) (47.7952101 -11.5533081 -11.5533081) (48.0041396 -11.5977304 -11.5977304) (48.2130691 -11.6421009 -11.6421009) (48.4219987 -11.6864198 -11.6864198) (48.6309282 -11.7306871 -11.7306871) (48.8398577 -11.7749027 -11.7749027) (49.0487872 -11.8190667 -11.8190667) (49.2577167 -11.8631791 -11.8631791) (49.4666463 -11.9072399 -11.9072399) (49.6755758 -11.9512492 -11.9512492) (49.8845053 -11.9952069 -11.9952069) (50.0934348 -12.039113 -12.039113) (50.3023643 -12.0829676 -12.0829676) (50.5112938 -12.1267707 -12.1267707) (50.7202234 -12.1705223 -12.1705223) (50.9291529 -12.2142224 -12.2142224) (51.1380824 -12.2578711 -12.2578711) (51.3470119 -12.3014682 -12.3014682) (51.5559414 -12.345014 -12.345014) (51.764871 -12.3885083 -12.3885083))
    polyLine 157 173 ((47.1684215 -2.96669561e-15 -16.1499387) (47.3773511 -2.97827622e-15 -16.2129806) (47.5862806 -2.9898434e-15 -16.2759494) (47.7952101 -3.00139714e-15 -16.338845) (48.0041396 -3.01293745e-15 -16.4016676) (48.2130691 -3.02446434e-15 -16.464417) (48.4219987 -3.03597781e-15 -16.5270934) (48.6309282 -3.04747786e-15 -16.5896968) (48.8398577 -3.05896449e-15 -16.6522271) (49.0487872 -3.07043772e-15 -16.7146844) (49.2577167 -3.08189754e-15 -16.7770688) (49.4666463 -3.09334396e-15 -16.8393802) (49.6755758 -3.10477698e-15 -16.9016187) (49.8845053 -3.11619661e-15 -16.9637842) (50.0934348 -3.12760284e-15 -17.0258769) (50.3023643 -3.13899569e-15 -17.0878967) (50.5112938 -3.15037516e-15 -17.1498436) (50.7202234 -3.16174125e-15 -17.2117177) (50.9291529 -3.17309396e-15 -17.273519) (51.1380824 -3.1844333e-15 -17.3352475) (51.3470119 -3.19575928e-15 -17.3969032) (51.5559414 -3.20707189e-15 -17.4584862) (51.764871 -3.21837114e-15 -17.5199965))
    polyLine 159 175 ((47.1684215 11.4197312 -11.4197312) (47.3773511 11.4643085 -11.4643085) (47.5862806 11.5088342 -11.5088342) (47.7952101 11.5533081 -11.5533081) (48.0041396 11.5977304 -11.5977304) (48.2130691 11.6421009 -11.6421009) (48.4219987 11.6864198 -11.6864198) (48.6309282 11.7306871 -11.7306871) (48.8398577 11.7749027 -11.7749027) (49.0487872 11.8190667 -11.8190667) (49.2577167 11.8631791 -11.8631791) (49.4666463 11.9072399 -11.9072399) (49.6755758 11.9512492 -11.9512492) (49.8845053 11.9952069 -11.9952069) (50.0934348 12.039113 -12.039113) (50.3023643 12.0829676 -12.0829676) (50.5112938 12.1267707 -12.1267707) (50.7202234 12.1705223 -12.1705223) (50.9291529 12.2142224 -12.2142224) (51.1380824 12.2578711 -12.2578711) (51.3470119 12.3014682 -12.3014682) (51.5559414 12.345014 -12.345014) (51.764871 12.3885083 -12.3885083))
    polyLine 161 177 ((52.18273 17.6427989 0) (52.3916595 17.7040911 0) (52.600589 17.7653106 0) (52.8095186 17.8264576 0) (53.0184481 17.8875319 0) (53.2273776 17.9485336 0) (53.4363071 18.0094628 0) (53.6452366 18.0703194 0) (53.8541662 18.1311035 0) (54.0630957 18.1918151 0) (54.2720252 18.2524542 0) (54.4809547 18.3130209 0) (54.6898842 18.3735151 0) (54.8988137 18.4339369 0) (55.1077433 18.4942862 0) (55.3166728 18.5545632 0) (55.5256023 18.6147679 0) (55.7345318 18.6749002 0) (55.9434613 18.7349601 0) (56.1523909 18.7949478 0) (56.3613204 18.8548632 0) (56.5702499 18.9147063 0) (56.7791794 18.9744772 0))
    polyLine 163 179 ((52.18273 12.4753427 12.4753427) (52.3916595 12.5186829 12.5186829) (52.600589 12.5619716 12.5619716) (52.8095186 12.605209 12.605209) (53.0184481 12.6483951 12.6483951) (53.2273776 12.6915298 12.6915298) (53.4363071 12.7346133 12.7346133) (53.6452366 12.7776454 12.7776454) (53.8541662 12.8206262 12.8206262) (54.0630957 12.8635558 12.8635558) (54.2720252 12.9064341 12.9064341) (54.4809547 12.9492612 12.9492612) (54.6898842 12.9920371 12.9920371) (54.8988137 13.0347618 13.0347618) (55.1077433 13.0774352 13.0774352) (55.3166728 13.1200575 13.1200575) (55.5256023 13.1626286 13.1626286) (55.7345318 13.2051486 13.2051486) (55.9434613 13.2476174 13.2476174) (56.1523909 13.2900351 13.2900351) (56.3613204 13.3324016 13.3324016) (56.5702499 13.3747171 13.3747171) (56.7791794 13.4169815 13.4169815))
    polyLine 165 181 ((52.18273 1.08030986e-15 17.6427989) (52.3916595 1.08406292e-15 17.7040911) (52.600589 1.08781154e-15 17.7653106) (52.8095186 1.09155571e-15 17.8264576) (53.0184481 1.09529543e-15 17.8875319) (53.2273776 1.09903071e-15 17.9485336) (53.4363071 1.10276155e-15 18.0094628) (53.6452366 1.10648794e-15 18.0703194) (53.8541662 1.11020989e-15 18.1311035) (54.0630957 1.11392741e-15 18.1918151) (54.2720252 1.11764048e-15 18.2524542) (54.4809547 1.12134912e-15 18.3130209) (54.6898842 1.12505332e-15 18.3735151) (54.8988137 1.12875309e-15 18.4339369) (55.1077433 1.13244842e-15 18.4942862) (55.3166728 1.13613932e-15 18.5545632) (55.5256023 1.1398258e-15 18.6147679) (55.7345318 1.14350784e-15 18.6749002) (55.9434613 1.14718545e-15 18.7349601) (56.1523909 1.15085863e-15 18.7949478) (56.3613204 1.15452739e-15 18.8548632) (56.5702499 1.15819173e-15 18.9147063) (56.7791794 1.16185164e-15 18.9744772))
    polyLine 167 183 ((52.18273 -12.4753427 12.4753427) (52.3916595 -12.5186829 12.5186829) (52.600589 -12.5619716 12.5619716) (52.8095186 -12.605209 12.605209) (53.0184481 -12.6483951 12.6483951) (53.2273776 -12.6915298 12.6915298) (53.4363071 -12.7346133 12.7346133) (53.6452366 -12.7776454 12.7776454) (53.8541662 -12.8206262 12.8206262) (54.0630957 -12.8635558 12.8635558) (54.2720252 -12.9064341 12.9064341) (54.4809547 -12.9492612 12.9492612) (54.6898842 -12.9920371 12.9920371) (54.8988137 -13.0347618 13.0347618) (55.1077433 -13.0774352 13.0774352) (55.3166728 -13.1200575 13.1200575) (55.5256023 -13.1626286 13.1626286) (55.7345318 -13.2051486 13.2051486) (55.9434613 -13.2476174 13.2476174) (56.1523909 -13.2900351 13.2900351) (56.3613204 -13.3324016 13.3324016) (56.5702499 -13.3747171 13.3747171) (56.7791794 -13.4169815 13.4169815))
    polyLine 169 185 ((52.18273 -17.6427989 2.16061972e-15) (52.3916595 -17.7040911 2.16812585e-15) (52.600589 -17.7653106 2.17562308e-15) (52.8095186 -17.8264576 2.18311142e-15) (53.0184481 -17.8875319 2.19059086e-15) (53.2273776 -17.9485336 2.19806142e-15) (53.4363071 -18.0094628 2.20552309e-15) (53.6452366 -18.0703194 2.21297588e-15) (53.8541662 -18.1311035 2.22041979e-15) (54.0630957 -18.1918151 2.22785481e-15) (54.2720252 -18.2524542 2.23528096e-15) (54.4809547 -18.3130209 2.24269824e-15) (54.6898842 -18.3735151 2.25010664e-15) (54.8988137 -18.4339369 2.25750618e-15) (55.1077433 -18.4942862 2.26489684e-15) (55.3166728 -18.5545632 2.27227865e-15) (55.5256023 -18.6147679 2.27965159e-15) (55.7345318 -18.6749002 2.28701567e-15) (55.9434613 -18.7349601 2.2943709e-15) (56.1523909 -18.7949478 2.30171727e-15) (56.3613204 -18.8548632 2.30905479e-15) (56.5702499 -18.9147063 2.31638346e-15) (56.7791794 -18.9744772 2.32370328e-15))
    polyLine 171 187 ((52.18273 -12.4753427 -12.4753427) (52.3916595 -12.5186829 -12.5186829) (52.600589 -12.5619716 -12.5619716) (52.8095186 -12.605209 -12.605209) (53.0184481 -12.6483951 -12.6483951) (53.2273776 -12.6915298 -12.6915298) (53.4363071 -12.7346133 -12.7346133) (53.6452366 -12.7776454 -12.7776454) (53.8541662 -12.8206262 -12.8206262) (54.0630957 -12.8635558 -12.8635558) (54.2720252 -12.9064341 -12.9064341) (54.4809547 -12.9492612 -12.9492612) (54.6898842 -12.9920371 -12.9920371) (54.8988137 -13.0347618 -13.0347618) (55.1077433 -13.0774352 -13.0774352) (55.3166728 -13.1200575 -13.1200575) (55.5256023 -13.1626286 -13.1626286) (55.7345318 -13.2051486 -13.2051486) (55.9434613 -13.2476174 -13.2476174) (56.1523909 -13.2900351 -13.2900351) (56.3613204 -13.3324016 -13.3324016) (56.5702499 -13.3747171 -13.3747171) (56.7791794 -13.4169815 -13.4169815))
    polyLine 173 189 ((52.18273 -3.24092958e-15 -17.6427989) (52.3916595 -3.25218877e-15 -17.7040911) (52.600589 -3.26343462e-15 -17.7653106) (52.8095186 -3.27466713e-15 -17.8264576) (53.0184481 -3.2858863e-15 -17.8875319) (53.2273776 -3.29709213e-15 -17.9485336) (53.4363071 -3.30828464e-15 -18.0094628) (53.6452366 -3.31946382e-15 -18.0703194) (53.8541662 -3.33062968e-15 -18.1311035) (54.0630957 -3.34178222e-15 -18.1918151) (54.2720252 -3.35292144e-15 -18.2524542) (54.4809547 -3.36404736e-15 -18.3130209) (54.6898842 -3.37515996e-15 -18.3735151) (54.8988137 -3.38625927e-15 -18.4339369) (55.1077433 -3.39734527e-15 -18.4942862) (55.3166728 -3.40841797e-15 -18.5545632) (55.5256023 -3.41947739e-15 -18.6147679) (55.7345318 -3.43052351e-15 -18.6749002) (55.9434613 -3.44155635e-15 -18.7349601) (56.1523909 -3.4525759e-15 -18.7949478) (56.3613204 -3.46358218e-15 -18.8548632) (56.5702499 -3.47457518e-15 -18.9147063) (56.7791794 -3.48555492e-15 -18.9744772))
    polyLine 175 191 ((52.18273 12.4753427 -12.4753427) (52.3916595 12.5186829 -12.5186829) (52.600589 12.5619716 -12.5619716) (52.8095186 12.605209 -12.605209) (53.0184481 12.6483951 -12.6483951) (53.2273776 12.6915298 -12.6915298) (53.4363071 12.7346133 -12.7346133) (53.6452366 12.7776454 -12.7776454) (53.8541662 12.8206262 -12.8206262) (54.0630957 12.8635558 -12.8635558) (54.2720252 12.9064341 -12.9064341) (54.4809547 12.9492612 -12.9492612) (54.6898842 12.9920371 -12.9920371) (54.8988137 13.0347618 -13.0347618) (55.1077433 13.0774352 -13.0774352) (55.3166728 13.1200575 -13.1200575) (55.5256023 13.1626286 -13.1626286) (55.7345318 13.2051486 -13.2051486) (55.9434613 13.2476174 -13.2476174) (56.1523909 13.2900351 -13.2900351) (56.3613204 13.3324016 -13.3324016) (56.5702499 13.3747171 -13.3747171) (56.7791794 13.4169815 -13.4169815))
    polyLine 177 193 ((57.1970385 19.0938023 0) (57.405968 19.1533566 0) (57.6148975 19.2128387 0) (57.823827 19.2722487 0) (58.0327565 19.3315865 0) (58.241686 19.3908522 0) (58.4506156 19.4500459 0) (58.6595451 19.5091675 0) (58.8684746 19.568217 0) (59.0774041 19.6271945 0) (59.2863336 19.6861 0) (59.4952632 19.7449335 0) (59.7041927 19.8036951 0) (59.9131222 19.8623846 0) (60.1220517 19.9210023 0) (60.3309812 19.9795481 0) (60.5399108 20.0380219 0) (60.7488403 20.0964239 0) (60.9577698 20.1547541 0) (61.1666993 20.2130124 0) (61.3756288 20.2711989 0) (61.5845584 20.3293135 0) (61.7934879 20.3873565 0))
    polyLine 179 195 ((57.1970385 13.5013571 13.5013571) (57.405968 13.5434683 13.5434683) (57.6148975 13.5855285 13.5855285) (57.823827 13.6275377 13.6275377) (58.0327565 13.6694959 13.6694959) (58.241686 13.7114031 13.7114031) (58.4506156 13.7532593 13.7532593) (58.6595451 13.7950646 13.7950646) (58.8684746 13.8368189 13.8368189) (59.0774041 13.8785223 13.8785223) (59.2863336 13.9201748 13.9201748) (59.4952632 13.9617764 13.9617764) (59.7041927 14.0033271 14.0033271) (59.9131222 14.0448269 14.0448269) (60.1220517 14.0862758 14.0862758) (60.3309812 14.1276739 14.1276739) (60.5399108 14.1690212 14.1690212) (60.7488403 14.2103176 14.2103176) (60.9577698 14.2515633 14.2515633) (61.1666993 14.2927581 14.2927581) (61.3756288 14.3339022 14.3339022) (61.5845584 14.3749955 14.3749955) (61.7934879 14.416038 14.416038))
    polyLine 181 197 ((57.1970385 1.16915819e-15 19.0938023) (57.405968 1.17280484e-15 19.1533566) (57.6148975 1.17644707e-15 19.2128387) (57.823827 1.18008488e-15 19.2722487) (58.0327565 1.18371828e-15 19.3315865) (58.241686 1.18734726e-15 19.3908522) (58.4506156 1.19097182e-15 19.4500459) (58.6595451 1.19459197e-15 19.5091675) (58.8684746 1.19820772e-15 19.568217) (59.0774041 1.20181905e-15 19.6271945) (59.2863336 1.20542597e-15 19.6861) (59.4952632 1.20902848e-15 19.7449335) (59.7041927 1.21262659e-15 19.8036951) (59.9131222 1.21622029e-15 19.8623846) (60.1220517 1.21980959e-15 19.9210023) (60.3309812 1.22339448e-15 19.9795481) (60.5399108 1.22697497e-15 20.0380219) (60.7488403 1.23055106e-15 20.0964239) (60.9577698 1.23412275e-15 20.1547541) (61.1666993 1.23769004e-15 20.2130124) (61.3756288 1.24125294e-15 20.2711989) (61.5845584 1.24481144e-15 20.3293135) (61.7934879 1.24836554e-15 20.3873565))
    polyLine 183 199 ((57.1970385 -13.5013571 13.5013571) (57.405968 -13.5434683 13.5434683) (57.6148975 -13.5855285 13.5855285) (57.823827 -13.6275377 13.6275377) (58.0327565 -13.6694959 13.6694959) (58.241686 -13.7114031 13.7114031) (58.4506156 -13.7532593 13.7532593) (58.6595451 -13.7950646 13.7950646) (58.8684746 -13.8368189 13.8368189) (59.0774041 -13.8785223 13.8785223) (59.2863336 -13.9201748 13.9201748) (59.4952632 -13.9617764 13.9617764) (59.7041927 -14.0033271 14.0033271) (59.9131222 -14.0448269 14.0448269) (60.1220517 -14.0862758 14.0862758) (60.3309812 -14.1276739 14.1276739) (60.5399108 -14.1690212 14.1690212) (60.7488403 -14.2103176 14.2103176) (60.9577698 -14.2515633 14.2515633) (61.1666993 -14.2927581 14.2927581) (61.3756288 -14.3339022 14.3339022) (61.5845584 -14.3749955 14.3749955) (61.7934879 -14.416038 14.416038))
    polyLine 185 201 ((57.1970385 -19.0938023 2.33831639e-15) (57.405968 -19.1533566 2.34560968e-15) (57.6148975 -19.2128387 2.35289414e-15) (57.823827 -19.2722487 2.36016976e-15) (58.0327565 -19.3315865 2.36743655e-15) (58.241686 -19.3908522 2.37469451e-15) (58.4506156 -19.4500459 2.38194364e-15) (58.6595451 -19.5091675 2.38918395e-15) (58.8684746 -19.568217 2.39641543e-15) (59.0774041 -19.6271945 2.40363809e-15) (59.2863336 -19.6861 2.41085194e-15) (59.4952632 -19.7449335 2.41805696e-15) (59.7041927 -19.8036951 2.42525318e-15) (59.9131222 -19.8623846 2.43244058e-15) (60.1220517 -19.9210023 2.43961917e-15) (60.3309812 -19.9795481 2.44678896e-15) (60.5399108 -20.0380219 2.45394994e-15) (60.7488403 -20.0964239 2.46110212e-15) (60.9577698 -20.1547541 2.4682455e-15) (61.1666993 -20.2130124 2.47538009e-15) (61.3756288 -20.2711989 2.48250588e-15) (61.5845584 -20.3293135 2.48962288e-15) (61.7934879 -20.3873565 2.49673108e-15))
    polyLine 187 203 ((57.1970385 -13.5013571 -13.5013571) (57.405968 -13.5434683 -13.5434683) (57.6148975 -13.5855285 -13.5855285) (57.823827 -13.6275377 -13.6275377) (58.0327565 -13.6694959 -13.6694959) (58.241686 -13.7114031 -13.7114031) (58.4506156 -13.7532593 -13.7532593) (58.6595451 -13.7950646 -13.7950646) (58.8684746 -13.8368189 -13.8368189) (59.0774041 -13.8785223 -13.8785223) (59.2863336 -13.9201748 -13.9201748) (59.4952632 -13.9617764 -13.9617764) (59.7041927 -14.0033271 -14.0033271) (59.9131222 -14.0448269 -14.0448269) (60.1220517 -14.0862758 -14.0862758) (60.3309812 -14.1276739 -14.1276739) (60.5399108 -14.1690212 -14.1690212) (60.7488403 -14.2103176 -14.2103176) (60.9577698 -14.2515633 -14.2515633) (61.1666993 -14.2927581 -14.2927581) (61.3756288 -14.3339022 -14.3339022) (61.5845584 -14.3749955 -14.3749955) (61.7934879 -14.416038 -14.416038))
    polyLine 189 205 ((57.1970385 -3.50747458e-15 -19.0938023) (57.405968 -3.51841453e-15 -19.1533566) (57.6148975 -3.52934121e-15 -19.2128387) (57.823827 -3.54025465e-15 -19.2722487) (58.0327565 -3.55115483e-15 -19.3315865) (58.241686 -3.56204177e-15 -19.3908522) (58.4506156 -3.57291546e-15 -19.4500459) (58.6595451 -3.58377592e-15 -19.5091675) (58.8684746 -3.59462315e-15 -19.568217) (59.0774041 -3.60545714e-15 -19.6271945) (59.2863336 -3.6162779e-15 -19.6861) (59.4952632 -3.62708544e-15 -19.7449335) (59.7041927 -3.63787976e-15 -19.8036951) (59.9131222 -3.64866087e-15 -19.8623846) (60.1220517 -3.65942876e-15 -19.9210023) (60.3309812 -3.67018344e-15 -19.9795481) (60.5399108 -3.68092491e-15 -20.0380219) (60.7488403 -3.69165318e-15 -20.0964239) (60.9577698 -3.70236826e-15 -20.1547541) (61.1666993 -3.71307013e-15 -20.2130124) (61.3756288 -3.72375882e-15 -20.2711989) (61.5845584 -3.73443431e-15 -20.3293135) (61.7934879 -3.74509663e-15 -20.3873565))
    polyLine 191 207 ((57.1970385 13.5013571 -13.5013571) (57.405968 13.5434683 -13.5434683) (57.6148975 13.5855285 -13.5855285) (57.823827 13.6275377 -13.6275377) (58.0327565 13.6694959 -13.6694959) (58.241686 13.7114031 -13.7114031) (58.4506156 13.7532593 -13.7532593) (58.6595451 13.7950646 -13.7950646) (58.8684746 13.8368189 -13.8368189) (59.0774041 13.8785223 -13.8785223) (59.2863336 13.9201748 -13.9201748) (59.4952632 13.9617764 -13.9617764) (59.7041927 14.0033271 -14.0033271) (59.9131222 14.0448269 -14.0448269) (60.1220517 14.0862758 -14.0862758) (60.3309812 14.1276739 -14.1276739) (60.5399108 14.1690212 -14.1690212) (60.7488403 14.2103176 -14.2103176) (60.9577698 14.2515633 -14.2515633) (61.1666993 14.2927581 -14.2927581) (61.3756288 14.3339022 -14.3339022) (61.5845584 14.3749955 -14.3749955) (61.7934879 14.416038 -14.416038))
    polyLine 193 209 ((62.2113469 20.503227 0) (62.4202764 20.5610548 0) (62.6292059 20.6188108 0) (62.8381355 20.6764951 0) (63.047065 20.7341077 0) (63.2559945 20.7916488 0) (63.464924 20.8491182 0) (63.6738535 20.9065159 0) (63.8827831 20.9638421 0) (64.0917126 21.0210968 0) (64.3006421 21.0782799 0) (64.5095716 21.1353914 0) (64.7185011 21.1924315 0) (64.9274307 21.2494 0) (65.1363602 21.3062971 0) (65.3452897 21.3631227 0) (65.5542192 21.4198769 0) (65.7631487 21.4765596 0) (65.9720783 21.533171 0) (66.1810078 21.589711 0) (66.3899373 21.6461796 0) (66.5988668 21.7025769 0) (66.8077963 21.7589028 0))
    polyLine 195 211 ((62.2113469 14.4979709 14.4979709) (62.4202764 14.5388612 14.5388612) (62.6292059 14.5797009 14.5797009) (62.8381355 14.6204899 14.6204899) (63.047065 14.6612282 14.6612282) (63.2559945 14.7019158 14.7019158) (63.464924 14.7425528 14.7425528) (63.6738535 14.7831392 14.7831392) (63.8827831 14.8236749 14.8236749) (64.0917126 14.8641601 14.8641601) (64.3006421 14.9045946 14.9045946) (64.5095716 14.9449786 14.9449786) (64.7185011 14.985312 14.985312) (64.9274307 15.0255948 15.0255948) (65.1363602 15.0658271 15.0658271) (65.3452897 15.1060089 15.1060089) (65.5542192 15.1461402 15.1461402) (65.7631487 15.186221 15.186221) (65.9720783 15.2262512 15.2262512) (66.1810078 15.266231 15.266231) (66.3899373 15.3061604 15.3061604) (66.5988668 15.3460393 15.3460393) (66.8077963 15.3858677 15.3858677))
    polyLine 197 213 ((62.2113469 1.25546057e-15 20.503227) (62.4202764 1.25900149e-15 20.5610548) (62.6292059 1.26253803e-15 20.6188108) (62.8381355 1.26607018e-15 20.6764951) (63.047065 1.26959793e-15 20.7341077) (63.2559945 1.27312131e-15 20.7916488) (63.464924 1.27664029e-15 20.8491182) (63.6738535 1.28015489e-15 20.9065159) (63.8827831 1.28366511e-15 20.9638421) (64.0917126 1.28717094e-15 21.0210968) (64.3006421 1.2906724e-15 21.0782799) (64.5095716 1.29416947e-15 21.1353914) (64.7185011 1.29766217e-15 21.1924315) (64.9274307 1.30115048e-15 21.2494) (65.1363602 1.30463443e-15 21.3062971) (65.3452897 1.30811399e-15 21.3631227) (65.5542192 1.31158918e-15 21.4198769) (65.7631487 1.31506e-15 21.4765596) (65.9720783 1.31852645e-15 21.533171) (66.1810078 1.32198852e-15 21.589711) (66.3899373 1.32544623e-15 21.6461796) (66.5988668 1.32889956e-15 21.7025769) (66.8077963 1.33234853e-15 21.7589028))
    polyLine 199 215 ((62.2113469 -14.4979709 14.4979709) (62.4202764 -14.5388612 14.5388612) (62.6292059 -14.5797009 14.5797009) (62.8381355 -14.6204899 14.6204899) (63.047065 -14.6612282 14.6612282) (63.2559945 -14.7019158 14.7019158) (63.464924 -14.7425528 14.7425528) (63.6738535 -14.7831392 14.7831392) (63.8827831 -14.8236749 14.8236749) (64.0917126 -14.8641601 14.8641601) (64.3006421 -14.9045946 14.9045946) (64.5095716 -14.9449786 14.9449786) (64.7185011 -14.985312 14.985312) (64.9274307 -15.0255948 15.0255948) (65.1363602 -15.0658271 15.0658271) (65.3452897 -15.1060089 15.1060089) (65.5542192 -15.1461402 15.1461402) (65.7631487 -15.186221 15.186221) (65.9720783 -15.2262512 15.2262512) (66.1810078 -15.266231 15.266231) (66.3899373 -15.3061604 15.3061604) (66.5988668 -15.3460393 15.3460393) (66.8077963 -15.3858677 15.3858677))
    polyLine 201 217 ((62.2113469 -20.503227 2.51092114e-15) (62.4202764 -20.5610548 2.51800299e-15) (62.6292059 -20.6188108 2.52507606e-15) (62.8381355 -20.6764951 2.53214035e-15) (63.047065 -20.7341077 2.53919587e-15) (63.2559945 -20.7916488 2.54624261e-15) (63.464924 -20.8491182 2.55328058e-15) (63.6738535 -20.9065159 2.56030978e-15) (63.8827831 -20.9638421 2.56733022e-15) (64.0917126 -21.0210968 2.57434189e-15) (64.3006421 -21.0782799 2.5813448e-15) (64.5095716 -21.1353914 2.58833894e-15) (64.7185011 -21.1924315 2.59532433e-15) (64.9274307 -21.2494 2.60230097e-15) (65.1363602 -21.3062971 2.60926885e-15) (65.3452897 -21.3631227 2.61622798e-15) (65.5542192 -21.4198769 2.62317836e-15) (65.7631487 -21.4765596 2.63012e-15) (65.9720783 -21.533171 2.63705289e-15) (66.1810078 -21.589711 2.64397704e-15) (66.3899373 -21.6461796 2.65089245e-15) (66.5988668 -21.7025769 2.65779913e-15) (66.8077963 -21.7589028 2.66469707e-15))
    polyLine 203 219 ((62.2113469 -14.4979709 -14.4979709) (62.4202764 -14.5388612 -14.5388612) (62.6292059 -14.5797009 -14.5797009) (62.8381355 -14.6204899 -14.6204899) (63.047065 -14.6612282 -14.6612282) (63.2559945 -14.7019158 -14.7019158) (63.464924 -14.7425528 -14.7425528) (63.6738535 -14.7831392 -14.7831392) (63.8827831 -14.8236749 -14.8236749) (64.0917126 -14.8641601 -14.8641601) (64.3006421 -14.9045946 -14.9045946) (64.5095716 -14.9449786 -14.9449786) (64.7185011 -14.985312 -14.985312) (64.9274307 -15.0255948 -15.0255948) (65.1363602 -15.0658271 -15.0658271) (65.3452897 -15.1060089 -15.1060089) (65.5542192 -15.1461402 -15.1461402) (65.7631487 -15.186221 -15.186221) (65.9720783 -15.2262512 -15.2262512) (66.1810078 -15.266231 -15.266231) (66.3899373 -15.3061604 -15.3061604) (66.5988668 -15.3460393 -15.3460393) (66.8077963 -15.3858677 -15.3858677))
    polyLine 205 221 ((62.2113469 -3.76638171e-15 -20.503227) (62.4202764 -3.77700448e-15 -20.5610548) (62.6292059 -3.78761409e-15 -20.6188108) (62.8381355 -3.79821053e-15 -20.6764951) (63.047065 -3.8087938e-15 -20.7341077) (63.2559945 -3.81936392e-15 -20.7916488) (63.464924 -3.82992087e-15 -20.8491182) (63.6738535 -3.84046467e-15 -20.9065159) (63.8827831 -3.85099533e-15 -20.9638421) (64.0917126 -3.86151283e-15 -21.0210968) (64.3006421 -3.87201719e-15 -21.0782799) (64.5095716 -3.88250842e-15 -21.1353914) (64.7185011 -3.8929865e-15 -21.1924315) (64.9274307 -3.90345145e-15 -21.2494) (65.1363602 -3.91390328e-15 -21.3062971) (65.3452897 -3.92434197e-15 -21.3631227) (65.5542192 -3.93476755e-15 -21.4198769) (65.7631487 -3.94518e-15 -21.4765596) (65.9720783 -3.95557934e-15 -21.533171) (66.1810078 -3.96596557e-15 -21.589711) (66.3899373 -3.97633868e-15 -21.6461796) (66.5988668 -3.98669869e-15 -21.7025769) (66.8077963 -3.9970456e-15 -21.7589028))
    polyLine 207 223 ((62.2113469 14.4979709 -14.4979709) (62.4202764 14.5388612 -14.5388612) (62.6292059 14.5797009 -14.5797009) (62.8381355 14.6204899 -14.6204899) (63.047065 14.6612282 -14.6612282) (63.2559945 14.7019158 -14.7019158) (63.464924 14.7425528 -14.7425528) (63.6738535 14.7831392 -14.7831392) (63.8827831 14.8236749 -14.8236749) (64.0917126 14.8641601 -14.8641601) (64.3006421 14.9045946 -14.9045946) (64.5095716 14.9449786 -14.9449786) (64.7185011 14.985312 -14.985312) (64.9274307 15.0255948 -15.0255948) (65.1363602 15.0658271 -15.0658271) (65.3452897 15.1060089 -15.1060089) (65.5542192 15.1461402 -15.1461402) (65.7631487 15.186221 -15.186221) (65.9720783 15.2262512 -15.2262512) (66.1810078 15.266231 -15.266231) (66.3899373 15.3061604 -15.3061604) (66.5988668 15.3460393 -15.3460393) (66.8077963 15.3858677 -15.3858677))
    polyLine 209 225 ((67.2256554 21.8713408 0) (67.4345849 21.9274529 0) (67.6435144 21.9834937 0) (67.8524439 22.0394633 0) (68.0613734 22.0953616 0) (68.270303 22.1511888 0) (68.4792325 22.2069448 0) (68.688162 22.2626296 0) (68.8970915 22.3182433 0) (69.106021 22.3737858 0) (69.3149506 22.4292573 0) (69.5238801 22.4846576 0) (69.7328096 22.5399869 0) (69.9417391 22.5952452 0) (70.1506686 22.6504324 0) (70.3595981 22.7055485 0) (70.5685277 22.7605937 0) (70.7774572 22.8155679 0) (70.9863867 22.8704711 0) (71.1953162 22.9253034 0) (71.4042457 22.9800647 0) (71.6131753 23.0347552 0) (71.8221048 23.0893747 0))
    polyLine 211 227 ((67.2256554 15.4653734 15.4653734) (67.4345849 15.5050506 15.5050506) (67.6435144 15.5446775 15.5446775) (67.8524439 15.5842539 15.5842539) (68.0613734 15.62378 15.62378) (68.270303 15.6632558 15.6632558) (68.4792325 15.7026812 15.7026812) (68.688162 15.7420564 15.7420564) (68.8970915 15.7813812 15.7813812) (69.106021 15.8206557 15.8206557) (69.3149506 15.8598799 15.8598799) (69.5238801 15.8990539 15.8990539) (69.7328096 15.9381776 15.9381776) (69.9417391 15.9772511 15.9772511) (70.1506686 16.0162743 16.0162743) (70.3595981 16.0552473 16.0552473) (70.5685277 16.0941701 16.0941701) (70.7774572 16.1330428 16.1330428) (70.9863867 16.1718652 16.1718652) (71.1953162 16.2106375 16.2106375) (71.4042457 16.2493596 16.2493596) (71.6131753 16.2880316 16.2880316) (71.8221048 16.3266534 16.3266534))
    polyLine 213 229 ((67.2256554 1.33923337e-15 21.8713408) (67.4345849 1.34266925e-15 21.9274529) (67.6435144 1.34610076e-15 21.9834937) (67.8524439 1.34952791e-15 22.0394633) (68.0613734 1.35295069e-15 22.0953616) (68.270303 1.35636912e-15 22.1511888) (68.4792325 1.35978319e-15 22.2069448) (68.688162 1.3631929e-15 22.2626296) (68.8970915 1.36659826e-15 22.3182433) (69.106021 1.36999926e-15 22.3737858) (69.3149506 1.37339591e-15 22.4292573) (69.5238801 1.3767882e-15 22.4846576) (69.7328096 1.38017614e-15 22.5399869) (69.9417391 1.38355973e-15 22.5952452) (70.1506686 1.38693897e-15 22.6504324) (70.3595981 1.39031387e-15 22.7055485) (70.5685277 1.39368441e-15 22.7605937) (70.7774572 1.39705061e-15 22.8155679) (70.9863867 1.40041246e-15 22.8704711) (71.1953162 1.40376997e-15 22.9253034) (71.4042457 1.40712314e-15 22.9800647) (71.6131753 1.41047196e-15 23.0347552) (71.8221048 1.41381644e-15 23.0893747))
    polyLine 215 231 ((67.2256554 -15.4653734 15.4653734) (67.4345849 -15.5050506 15.5050506) (67.6435144 -15.5446775 15.5446775) (67.8524439 -15.5842539 15.5842539) (68.0613734 -15.62378 15.62378) (68.270303 -15.6632558 15.6632558) (68.4792325 -15.7026812 15.7026812) (68.688162 -15.7420564 15.7420564) (68.8970915 -15.7813812 15.7813812) (69.106021 -15.8206557 15.8206557) (69.3149506 -15.8598799 15.8598799) (69.5238801 -15.8990539 15.8990539) (69.7328096 -15.9381776 15.9381776) (69.9417391 -15.9772511 15.9772511) (70.1506686 -16.0162743 16.0162743) (70.3595981 -16.0552473 16.0552473) (70.5685277 -16.0941701 16.0941701) (70.7774572 -16.1330428 16.1330428) (70.9863867 -16.1718652 16.1718652) (71.1953162 -16.2106375 16.2106375) (71.4042457 -16.2493596 16.2493596) (71.6131753 -16.2880316 16.2880316) (71.8221048 -16.3266534 16.3266534))
    polyLine 217 233 ((67.2256554 -21.8713408 2.67846675e-15) (67.4345849 -21.9274529 2.6853385e-15) (67.6435144 -21.9834937 2.69220152e-15) (67.8524439 -22.0394633 2.69905581e-15) (68.0613734 -22.0953616 2.70590139e-15) (68.270303 -22.1511888 2.71273825e-15) (68.4792325 -22.2069448 2.71956638e-15) (68.688162 -22.2626296 2.72638581e-15) (68.8970915 -22.3182433 2.73319652e-15) (69.106021 -22.3737858 2.73999852e-15) (69.3149506 -22.4292573 2.74679181e-15) (69.5238801 -22.4846576 2.7535764e-15) (69.7328096 -22.5399869 2.76035228e-15) (69.9417391 -22.5952452 2.76711947e-15) (70.1506686 -22.6504324 2.77387795e-15) (70.3595981 -22.7055485 2.78062773e-15) (70.5685277 -22.7605937 2.78736882e-15) (70.7774572 -22.8155679 2.79410122e-15) (70.9863867 -22.8704711 2.80082492e-15) (71.1953162 -22.9253034 2.80753994e-15) (71.4042457 -22.9800647 2.81424627e-15) (71.6131753 -23.0347552 2.82094392e-15) (71.8221048 -23.0893747 2.82763288e-15))
    polyLine 219 235 ((67.2256554 -15.4653734 -15.4653734) (67.4345849 -15.5050506 -15.5050506) (67.6435144 -15.5446775 -15.5446775) (67.8524439 -15.5842539 -15.5842539) (68.0613734 -15.62378 -15.62378) (68.270303 -15.6632558 -15.6632558) (68.4792325 -15.7026812 -15.7026812) (68.688162 -15.7420564 -15.7420564) (68.8970915 -15.7813812 -15.7813812) (69.106021 -15.8206557 -15.8206557) (69.3149506 -15.8598799 -15.8598799) (69.5238801 -15.8990539 -15.8990539) (69.7328096 -15.9381776 -15.9381776) (69.9417391 -15.9772511 -15.9772511) (70.1506686 -16.0162743 -16.0162743) (70.3595981 -16.0552473 -16.0552473) (70.5685277 -16.0941701 -16.0941701) (70.7774572 -16.1330428 -16.1330428) (70.9863867 -16.1718652 -16.1718652) (71.1953162 -16.2106375 -16.2106375) (71.4042457 -16.2493596 -16.2493596) (71.6131753 -16.2880316 -16.2880316) (71.8221048 -16.3266534 -16.3266534))
    polyLine 221 237 ((67.2256554 -4.01770012e-15 -21.8713408) (67.4345849 -4.02800774e-15 -21.9274529) (67.6435144 -4.03830227e-15 -21.9834937) (67.8524439 -4.04858372e-15 -22.0394633) (68.0613734 -4.05885208e-15 -22.0953616) (68.270303 -4.06910737e-15 -22.1511888) (68.4792325 -4.07934958e-15 -22.2069448) (68.688162 -4.08957871e-15 -22.2626296) (68.8970915 -4.09979478e-15 -22.3182433) (69.106021 -4.10999778e-15 -22.3737858) (69.3149506 -4.12018772e-15 -22.4292573) (69.5238801 -4.1303646e-15 -22.4846576) (69.7328096 -4.14052843e-15 -22.5399869) (69.9417391 -4.1506792e-15 -22.5952452) (70.1506686 -4.16081692e-15 -22.6504324) (70.3595981 -4.1709416e-15 -22.7055485) (70.5685277 -4.18105323e-15 -22.7605937) (70.7774572 -4.19115183e-15 -22.8155679) (70.9863867 -4.20123739e-15 -22.8704711) (71.1953162 -4.21130991e-15 -22.9253034) (71.4042457 -4.22136941e-15 -22.9800647) (71.6131753 -4.23141588e-15 -23.0347552) (71.8221048 -4.24144933e-15 -23.0893747))
    polyLine 223 239 ((67.2256554 15.4653734 -15.4653734) (67.4345849 15.5050506 -15.5050506) (67.6435144 15.5446775 -15.5446775) (67.8524439 15.5842539 -15.5842539) (68.0613734 15.62378 -15.62378) (68.270303 15.6632558 -15.6632558) (68.4792325 15.7026812 -15.7026812) (68.688162 15.7420564 -15.7420564) (68.8970915 15.7813812 -15.7813812) (69.106021 15.8206557 -15.8206557) (69.3149506 15.8598799 -15.8598799) (69.5238801 15.8990539 -15.8990539) (69.7328096 15.9381776 -15.9381776) (69.9417391 15.9772511 -15.9772511) (70.1506686 16.0162743 -16.0162743) (70.3595981 16.0552473 -16.0552473) (70.5685277 16.0941701 -16.0941701) (70.7774572 16.1330428 -16.1330428) (70.9863867 16.1718652 -16.1718652) (71.1953162 16.2106375 -16.2106375) (71.4042457 16.2493596 -16.2493596) (71.6131753 16.2880316 -16.2880316) (71.8221048 16.3266534 -16.3266534))
    polyLine 225 241 ((72.2399638 23.1984012 0) (72.4488933 23.2528082 0) (72.6578229 23.3071443 0) (72.8667524 23.3614096 0) (73.0756819 23.4156042 0) (73.2846114 23.4697279 0) (73.4935409 23.523781 0) (73.7024705 23.5777633 0) (73.9114 23.6316748 0) (74.1203295 23.6855157 0) (74.329259 23.7392859 0) (74.5381885 23.7929854 0) (74.747118 23.8466142 0) (74.9560476 23.9001725 0) (75.1649771 23.9536601 0) (75.3739066 24.0070771 0) (75.5828361 24.0604235 0) (75.7917656 24.1136994 0) (76.0006952 24.1669047 0) (76.2096247 24.2200395 0) (76.4185542 24.2731038 0) (76.6274837 24.3260976 0) (76.8364132 24.3790209 0))
    polyLine 227 243 ((72.2399638 16.4037468 16.4037468) (72.4488933 16.4422183 16.4422183) (72.6578229 16.4806398 16.4806398) (72.8667524 16.5190112 16.5190112) (73.0756819 16.5573325 16.5573325) (73.2846114 16.5956038 16.5956038) (73.4935409 16.633825 16.633825) (73.7024705 16.6719963 16.6719963) (73.9114 16.7101175 16.7101175) (74.1203295 16.7481888 16.7481888) (74.329259 16.78621 16.78621) (74.5381885 16.8241813 16.8241813) (74.747118 16.8621026 16.8621026) (74.9560476 16.899974 16.899974) (75.1649771 16.9377955 16.9377955) (75.3739066 16.975567 16.975567) (75.5828361 17.0132886 17.0132886) (75.7917656 17.0509604 17.0509604) (76.0006952 17.0885822 17.0885822) (76.2096247 17.1261542 17.1261542) (76.4185542 17.1636763 17.1636763) (76.6274837 17.2011486 17.2011486) (76.8364132 17.238571 17.238571))
    polyLine 229 245 ((72.2399638 1.42049239e-15 23.1984012) (72.4488933 1.42382385e-15 23.2528082) (72.6578229 1.42715098e-15 23.3071443) (72.8667524 1.43047378e-15 23.3614096) (73.0756819 1.43379223e-15 23.4156042) (73.2846114 1.43710636e-15 23.4697279) (73.4935409 1.44041615e-15 23.523781) (73.7024705 1.44372161e-15 23.5777633) (73.9114 1.44702275e-15 23.6316748) (74.1203295 1.45031955e-15 23.6855157) (74.329259 1.45361202e-15 23.7392859) (74.5381885 1.45690017e-15 23.7929854) (74.747118 1.46018399e-15 23.8466142) (74.9560476 1.46346349e-15 23.9001725) (75.1649771 1.46673866e-15 23.9536601) (75.3739066 1.47000951e-15 24.0070771) (75.5828361 1.47327603e-15 24.0604235) (75.7917656 1.47653824e-15 24.1136994) (76.0006952 1.47979613e-15 24.1669047) (76.2096247 1.48304969e-15 24.2200395) (76.4185542 1.48629894e-15 24.2731038) (76.6274837 1.48954388e-15 24.3260976) (76.8364132 1.4927845e-15 24.3790209))
    polyLine 231 247 ((72.2399638 -16.4037468 16.4037468) (72.4488933 -16.4422183 16.4422183) (72.6578229 -16.4806398 16.4806398) (72.8667524 -16.5190112 16.5190112) (73.0756819 -16.5573325 16.5573325) (73.2846114 -16.5956038 16.5956038) (73.4935409 -16.633825 16.633825) (73.7024705 -16.6719963 16.6719963) (73.9114 -16.7101175 16.7101175) (74.1203295 -16.7481888 16.7481888) (74.329259 -16.78621 16.78621) (74.5381885 -16.8241813 16.8241813) (74.747118 -16.8621026 16.8621026) (74.9560476 -16.899974 16.899974) (75.1649771 -16.9377955 16.9377955) (75.3739066 -16.975567 16.975567) (75.5828361 -17.0132886 17.0132886) (75.7917656 -17.0509604 17.0509604) (76.0006952 -17.0885822 17.0885822) (76.2096247 -17.1261542 17.1261542) (76.4185542 -17.1636763 17.1636763) (76.6274837 -17.2011486 17.2011486) (76.8364132 -17.238571 17.238571))
    polyLine 233 249 ((72.2399638 -23.1984012 2.84098478e-15) (72.4488933 -23.2528082 2.84764771e-15) (72.6578229 -23.3071443 2.85430197e-15) (72.8667524 -23.3614096 2.86094755e-15) (73.0756819 -23.4156042 2.86758447e-15) (73.2846114 -23.4697279 2.87421272e-15) (73.4935409 -23.523781 2.88083231e-15) (73.7024705 -23.5777633 2.88744323e-15) (73.9114 -23.6316748 2.89404549e-15) (74.1203295 -23.6855157 2.9006391e-15) (74.329259 -23.7392859 2.90722404e-15) (74.5381885 -23.7929854 2.91380034e-15) (74.747118 -23.8466142 2.92036798e-15) (74.9560476 -23.9001725 2.92692697e-15) (75.1649771 -23.9536601 2.93347731e-15) (75.3739066 -24.0070771 2.94001901e-15) (75.5828361 -24.0604235 2.94655207e-15) (75.7917656 -24.1136994 2.95307648e-15) (76.0006952 -24.1669047 2.95959225e-15) (76.2096247 -24.2200395 2.96609939e-15) (76.4185542 -24.2731038 2.97259789e-15) (76.6274837 -24.3260976 2.97908776e-15) (76.8364132 -24.3790209 2.98556899e-15))
    polyLine 235 251 ((72.2399638 -16.4037468 -16.4037468) (72.4488933 -16.4422183 -16.4422183) (72.6578229 -16.4806398 -16.4806398) (72.8667524 -16.5190112 -16.5190112) (73.0756819 -16.5573325 -16.5573325) (73.2846114 -16.5956038 -16.5956038) (73.4935409 -16.633825 -16.633825) (73.7024705 -16.6719963 -16.6719963) (73.9114 -16.7101175 -16.7101175) (74.1203295 -16.7481888 -16.7481888) (74.329259 -16.78621 -16.78621) (74.5381885 -16.8241813 -16.8241813) (74.747118 -16.8621026 -16.8621026) (74.9560476 -16.899974 -16.899974) (75.1649771 -16.9377955 -16.9377955) (75.3739066 -16.975567 -16.975567) (75.5828361 -17.0132886 -17.0132886) (75.7917656 -17.0509604 -17.0509604) (76.0006952 -17.0885822 -17.0885822) (76.2096247 -17.1261542 -17.1261542) (76.4185542 -17.1636763 -17.1636763) (76.6274837 -17.2011486 -17.2011486) (76.8364132 -17.238571 -17.238571))
    polyLine 237 253 ((72.2399638 -4.26147716e-15 -23.1984012) (72.4488933 -4.27147156e-15 -23.2528082) (72.6578229 -4.28145295e-15 -23.3071443) (72.8667524 -4.29142133e-15 -23.3614096) (73.0756819 -4.3013767e-15 -23.4156042) (73.2846114 -4.31131908e-15 -23.4697279) (73.4935409 -4.32124846e-15 -23.523781) (73.7024705 -4.33116484e-15 -23.5777633) (73.9114 -4.34106824e-15 -23.6316748) (74.1203295 -4.35095864e-15 -23.6855157) (74.329259 -4.36083607e-15 -23.7392859) (74.5381885 -4.37070051e-15 -23.7929854) (74.747118 -4.38055197e-15 -23.8466142) (74.9560476 -4.39039046e-15 -23.9001725) (75.1649771 -4.40021597e-15 -23.9536601) (75.3739066 -4.41002852e-15 -24.0070771) (75.5828361 -4.4198281e-15 -24.0604235) (75.7917656 -4.42961472e-15 -24.1136994) (76.0006952 -4.43938838e-15 -24.1669047) (76.2096247 -4.44914908e-15 -24.2200395) (76.4185542 -4.45889683e-15 -24.2731038) (76.6274837 -4.46863163e-15 -24.3260976) (76.8364132 -4.47835349e-15 -24.3790209))
    polyLine 239 255 ((72.2399638 16.4037468 -16.4037468) (72.4488933 16.4422183 -16.4422183) (72.6578229 16.4806398 -16.4806398) (72.8667524 16.5190112 -16.5190112) (73.0756819 16.5573325 -16.5573325) (73.2846114 16.5956038 -16.5956038) (73.4935409 16.633825 -16.633825) (73.7024705 16.6719963 -16.6719963) (73.9114 16.7101175 -16.7101175) (74.1203295 16.7481888 -16.7481888) (74.329259 16.78621 -16.78621) (74.5381885 16.8241813 -16.8241813) (74.747118 16.8621026 -16.8621026) (74.9560476 16.899974 -16.899974) (75.1649771 16.9377955 -16.9377955) (75.3739066 16.975567 -16.975567) (75.5828361 17.0132886 -17.0132886) (75.7917656 17.0509604 -17.0509604) (76.0006952 17.0885822 -17.0885822) (76.2096247 17.1261542 -17.1261542) (76.4185542 17.1636763 -17.1636763) (76.6274837 17.2011486 -17.2011486) (76.8364132 17.238571 -17.238571))
    polyLine 241 257 ((77.2542723 24.4846562 0) (77.4632018 24.5373681 0) (77.6721313 24.5900097 0) (77.8810608 24.6425809 0) (78.0899903 24.6950817 0) (78.2989199 24.7475121 0) (78.5078494 24.7998722 0) (78.7167789 24.852162 0) (78.9257084 24.9043814 0) (79.1346379 24.9565306 0) (79.3435675 25.0086095 0) (79.552497 25.0606181 0) (79.7614265 25.1125565 0) (79.970356 25.1644246 0) (80.1792855 25.2162226 0) (80.3882151 25.2679503 0) (80.5971446 25.3196079 0) (80.8060741 25.3711953 0) (81.0150036 25.4227126 0) (81.2239331 25.4741597 0) (81.4328627 25.5255367 0) (81.6417922 25.5768437 0) (81.8507217 25.6280805 0))
    polyLine 243 259 ((77.2542723 17.3132664 17.3132664) (77.4632018 17.3505394 17.3505394) (77.6721313 17.3877626 17.3877626) (77.8810608 17.424936 17.424936) (78.0899903 17.4620597 17.4620597) (78.2989199 17.4991336 17.4991336) (78.5078494 17.5361578 17.5361578) (78.7167789 17.5731322 17.5731322) (78.9257084 17.610057 17.610057) (79.1346379 17.646932 17.646932) (79.3435675 17.6837573 17.6837573) (79.552497 17.720533 17.720533) (79.7614265 17.757259 17.757259) (79.970356 17.7939353 17.7939353) (80.1792855 17.830562 17.830562) (80.3882151 17.867139 17.867139) (80.5971446 17.9036664 17.9036664) (80.8060741 17.9401442 17.9401442) (81.0150036 17.9765725 17.9765725) (81.2239331 18.0129511 18.0129511) (81.4328627 18.0492801 18.0492801) (81.6417922 18.0855596 18.0855596) (81.8507217 18.1217895 18.1217895))
    polyLine 245 261 ((77.2542723 1.49925279e-15 24.4846562) (77.4632018 1.50248047e-15 24.5373681) (77.6721313 1.50570383e-15 24.5900097) (77.8810608 1.50892289e-15 24.6425809) (78.0899903 1.51213764e-15 24.6950817) (78.2989199 1.51534807e-15 24.7475121) (78.5078494 1.51855421e-15 24.7998722) (78.7167789 1.52175603e-15 24.852162) (78.9257084 1.52495355e-15 24.9043814) (79.1346379 1.52814676e-15 24.9565306) (79.3435675 1.53133568e-15 25.0086095) (79.552497 1.53452029e-15 25.0606181) (79.7614265 1.53770059e-15 25.1125565) (79.970356 1.5408766e-15 25.1644246) (80.1792855 1.54404831e-15 25.2162226) (80.3882151 1.54721572e-15 25.2679503) (80.5971446 1.55037884e-15 25.3196079) (80.8060741 1.55353766e-15 25.3711953) (81.0150036 1.55669218e-15 25.4227126) (81.2239331 1.55984241e-15 25.4741597) (81.4328627 1.56298834e-15 25.5255367) (81.6417922 1.56612999e-15 25.5768437) (81.8507217 1.56926734e-15 25.6280805))
    polyLine 247 263 ((77.2542723 -17.3132664 17.3132664) (77.4632018 -17.3505394 17.3505394) (77.6721313 -17.3877626 17.3877626) (77.8810608 -17.424936 17.424936) (78.0899903 -17.4620597 17.4620597) (78.2989199 -17.4991336 17.4991336) (78.5078494 -17.5361578 17.5361578) (78.7167789 -17.5731322 17.5731322) (78.9257084 -17.610057 17.610057) (79.1346379 -17.646932 17.646932) (79.3435675 -17.6837573 17.6837573) (79.552497 -17.720533 17.720533) (79.7614265 -17.757259 17.757259) (79.970356 -17.7939353 17.7939353) (80.1792855 -17.830562 17.830562) (80.3882151 -17.867139 17.867139) (80.5971446 -17.9036664 17.9036664) (80.8060741 -17.9401442 17.9401442) (81.0150036 -17.9765725 17.9765725) (81.2239331 -18.0129511 18.0129511) (81.4328627 -18.0492801 18.0492801) (81.6417922 -18.0855596 18.0855596) (81.8507217 -18.1217895 18.1217895))
    polyLine 249 265 ((77.2542723 -24.4846562 2.99850558e-15) (77.4632018 -24.5373681 3.00496093e-15) (77.6721313 -24.5900097 3.01140767e-15) (77.8810608 -24.6425809 3.01784578e-15) (78.0899903 -24.6950817 3.02427527e-15) (78.2989199 -24.7475121 3.03069615e-15) (78.5078494 -24.7998722 3.03710841e-15) (78.7167789 -24.852162 3.04351206e-15) (78.9257084 -24.9043814 3.0499071e-15) (79.1346379 -24.9565306 3.05629353e-15) (79.3435675 -25.0086095 3.06267135e-15) (79.552497 -25.0606181 3.06904057e-15) (79.7614265 -25.1125565 3.07540119e-15) (79.970356 -25.1644246 3.08175321e-15) (80.1792855 -25.2162226 3.08809663e-15) (80.3882151 -25.2679503 3.09443145e-15) (80.5971446 -25.3196079 3.10075768e-15) (80.8060741 -25.3711953 3.10707531e-15) (81.0150036 -25.4227126 3.11338436e-15) (81.2239331 -25.4741597 3.11968482e-15) (81.4328627 -25.5255367 3.12597669e-15) (81.6417922 -25.5768437 3.13225997e-15) (81.8507217 -25.6280805 3.13853468e-15))
    polyLine 251 267 ((77.2542723 -17.3132664 -17.3132664) (77.4632018 -17.3505394 -17.3505394) (77.6721313 -17.3877626 -17.3877626) (77.8810608 -17.424936 -17.424936) (78.0899903 -17.4620597 -17.4620597) (78.2989199 -17.4991336 -17.4991336) (78.5078494 -17.5361578 -17.5361578) (78.7167789 -17.5731322 -17.5731322) (78.9257084 -17.610057 -17.610057) (79.1346379 -17.646932 -17.646932) (79.3435675 -17.6837573 -17.6837573) (79.552497 -17.720533 -17.720533) (79.7614265 -17.757259 -17.757259) (79.970356 -17.7939353 -17.7939353) (80.1792855 -17.830562 -17.830562) (80.3882151 -17.867139 -17.867139) (80.5971446 -17.9036664 -17.9036664) (80.8060741 -17.9401442 -17.9401442) (81.0150036 -17.9765725 -17.9765725) (81.2239331 -18.0129511 -18.0129511) (81.4328627 -18.0492801 -18.0492801) (81.6417922 -18.0855596 -18.0855596) (81.8507217 -18.1217895 -18.1217895))
    polyLine 253 269 ((77.2542723 -4.49775837e-15 -24.4846562) (77.4632018 -4.5074414e-15 -24.5373681) (77.6721313 -4.5171115e-15 -24.5900097) (77.8810608 -4.52676867e-15 -24.6425809) (78.0899903 -4.53641291e-15 -24.6950817) (78.2989199 -4.54604422e-15 -24.7475121) (78.5078494 -4.55566262e-15 -24.7998722) (78.7167789 -4.56526809e-15 -24.852162) (78.9257084 -4.57486065e-15 -24.9043814) (79.1346379 -4.58444029e-15 -24.9565306) (79.3435675 -4.59400703e-15 -25.0086095) (79.552497 -4.60356086e-15 -25.0606181) (79.7614265 -4.61310178e-15 -25.1125565) (79.970356 -4.62262981e-15 -25.1644246) (80.1792855 -4.63214494e-15 -25.2162226) (80.3882151 -4.64164717e-15 -25.2679503) (80.5971446 -4.65113651e-15 -25.3196079) (80.8060741 -4.66061297e-15 -25.3711953) (81.0150036 -4.67007654e-15 -25.4227126) (81.2239331 -4.67952722e-15 -25.4741597) (81.4328627 -4.68896503e-15 -25.5255367) (81.6417922 -4.69838996e-15 -25.5768437) (81.8507217 -4.70780202e-15 -25.6280805))
    polyLine 255 271 ((77.2542723 17.3132664 -17.3132664) (77.4632018 17.3505394 -17.3505394) (77.6721313 17.3877626 -17.3877626) (77.8810608 17.424936 -17.424936) (78.0899903 17.4620597 -17.4620597) (78.2989199 17.4991336 -17.4991336) (78.5078494 17.5361578 -17.5361578) (78.7167789 17.5731322 -17.5731322) (78.9257084 17.610057 -17.610057) (79.1346379 17.646932 -17.646932) (79.3435675 17.6837573 -17.6837573) (79.552497 17.720533 -17.720533) (79.7614265 17.757259 -17.757259) (79.970356 17.7939353 -17.7939353) (80.1792855 17.830562 -17.830562) (80.3882151 17.867139 -17.867139) (80.5971446 17.9036664 -17.9036664) (80.8060741 17.9401442 -17.9401442) (81.0150036 17.9765725 -17.9765725) (81.2239331 18.0129511 -18.0129511) (81.4328627 18.0492801 -18.0492801) (81.6417922 18.0855596 -18.0855596) (81.8507217 18.1217895 -18.1217895))
    polyLine 257 273 ((82.2685807 25.7303441 0) (82.4775102 25.7813708 0) (82.6864398 25.8323275 0) (82.8953693 25.8832142 0) (83.1042988 25.9340309 0) (83.3132283 25.9847777 0) (83.5221578 26.0354545 0) (83.7310874 26.0860614 0) (83.9400169 26.1365983 0) (84.1489464 26.1870654 0) (84.3578759 26.2374626 0) (84.5668054 26.2877899 0) (84.775735 26.3380473 0) (84.9846645 26.3882349 0) (85.193594 26.4383527 0) (85.4025235 26.4884007 0) (85.611453 26.5383789 0) (85.8203826 26.5882874 0) (86.0293121 26.638126 0) (86.2382416 26.687895 0) (86.4471711 26.7375942 0) (86.6561006 26.7872237 0) (86.8650301 26.8367834 0))
    polyLine 259 275 ((82.2685807 18.1941008 18.1941008) (82.4775102 18.2301821 18.2301821) (82.6864398 18.2662139 18.2662139) (82.8953693 18.3021963 18.3021963) (83.1042988 18.3381291 18.3381291) (83.3132283 18.3740125 18.3740125) (83.5221578 18.4098464 18.4098464) (83.7310874 18.4456309 18.4456309) (83.9400169 18.4813659 18.4813659) (84.1489464 18.5170515 18.5170515) (84.3578759 18.5526877 18.5526877) (84.5668054 18.5882745 18.5882745) (84.775735 18.6238119 18.6238119) (84.9846645 18.6592999 18.6592999) (85.193594 18.6947385 18.6947385) (85.4025235 18.7301278 18.7301278) (85.611453 18.7654677 18.7654677) (85.8203826 18.8007583 18.8007583) (86.0293121 18.8359996 18.8359996) (86.2382416 18.8711915 18.8711915) (86.4471711 18.9063341 18.9063341) (86.6561006 18.9414275 18.9414275) (86.8650301 18.9764716 18.9764716))
    polyLine 261 277 ((82.2685807 1.57552918e-15 25.7303441) (82.4775102 1.57865366e-15 25.7813708) (82.6864398 1.58177386e-15 25.8323275) (82.8953693 1.58488977e-15 25.8832142) (83.1042988 1.5880014e-15 25.9340309) (83.3132283 1.59110874e-15 25.9847777) (83.5221578 1.5942118e-15 26.0354545) (83.7310874 1.59731058e-15 26.0860614) (83.9400169 1.60040507e-15 26.1365983) (84.1489464 1.60349529e-15 26.1870654) (84.3578759 1.60658123e-15 26.2374626) (84.5668054 1.60966289e-15 26.2877899) (84.775735 1.61274027e-15 26.3380473) (84.9846645 1.61581337e-15 26.3882349) (85.193594 1.6188822e-15 26.4383527) (85.4025235 1.62194676e-15 26.4884007) (85.611453 1.62500704e-15 26.5383789) (85.8203826 1.62806305e-15 26.5882874) (86.0293121 1.63111479e-15 26.638126) (86.2382416 1.63416226e-15 26.687895) (86.4471711 1.63720546e-15 26.7375942) (86.6561006 1.64024439e-15 26.7872237) (86.8650301 1.64327905e-15 26.8367834))
    polyLine 263 279 ((82.2685807 -18.1941008 18.1941008) (82.4775102 -18.2301821 18.2301821) (82.6864398 -18.2662139 18.2662139) (82.8953693 -18.3021963 18.3021963) (83.1042988 -18.3381291 18.3381291) (83.3132283 -18.3740125 18.3740125) (83.5221578 -18.4098464 18.4098464) (83.7310874 -18.4456309 18.4456309) (83.9400169 -18.4813659 18.4813659) (84.1489464 -18.5170515 18.5170515) (84.3578759 -18.5526877 18.5526877) (84.5668054 -18.5882745 18.5882745) (84.775735 -18.6238119 18.6238119) (84.9846645 -18.6592999 18.6592999) (85.193594 -18.6947385 18.6947385) (85.4025235 -18.7301278 18.7301278) (85.611453 -18.7654677 18.7654677) (85.8203826 -18.8007583 18.8007583) (86.0293121 -18.8359996 18.8359996) (86.2382416 -18.8711915 18.8711915) (86.4471711 -18.9063341 18.9063341) (86.6561006 -18.9414275 18.9414275) (86.8650301 -18.9764716 18.9764716))
    polyLine 265 281 ((82.2685807 -25.7303441 3.15105835e-15) (82.4775102 -25.7813708 3.15730732e-15) (82.6864398 -25.8323275 3.16354772e-15) (82.8953693 -25.8832142 3.16977954e-15) (83.1042988 -25.9340309 3.1760028e-15) (83.3132283 -25.9847777 3.18221748e-15) (83.5221578 -26.0354545 3.1884236e-15) (83.7310874 -26.0860614 3.19462116e-15) (83.9400169 -26.1365983 3.20081015e-15) (84.1489464 -26.1870654 3.20699058e-15) (84.3578759 -26.2374626 3.21316246e-15) (84.5668054 -26.2877899 3.21932577e-15) (84.775735 -26.3380473 3.22548054e-15) (84.9846645 -26.3882349 3.23162675e-15) (85.193594 -26.4383527 3.23776441e-15) (85.4025235 -26.4884007 3.24389352e-15) (85.611453 -26.5383789 3.25001408e-15) (85.8203826 -26.5882874 3.2561261e-15) (86.0293121 -26.638126 3.26222958e-15) (86.2382416 -26.687895 3.26832451e-15) (86.4471711 -26.7375942 3.27441091e-15) (86.6561006 -26.7872237 3.28048877e-15) (86.8650301 -26.8367834 3.28655809e-15))
    polyLine 267 283 ((82.2685807 -18.1941008 -18.1941008) (82.4775102 -18.2301821 -18.2301821) (82.6864398 -18.2662139 -18.2662139) (82.8953693 -18.3021963 -18.3021963) (83.1042988 -18.3381291 -18.3381291) (83.3132283 -18.3740125 -18.3740125) (83.5221578 -18.4098464 -18.4098464) (83.7310874 -18.4456309 -18.4456309) (83.9400169 -18.4813659 -18.4813659) (84.1489464 -18.5170515 -18.5170515) (84.3578759 -18.5526877 -18.5526877) (84.5668054 -18.5882745 -18.5882745) (84.775735 -18.6238119 -18.6238119) (84.9846645 -18.6592999 -18.6592999) (85.193594 -18.6947385 -18.6947385) (85.4025235 -18.7301278 -18.7301278) (85.611453 -18.7654677 -18.7654677) (85.8203826 -18.8007583 -18.8007583) (86.0293121 -18.8359996 -18.8359996) (86.2382416 -18.8711915 -18.8711915) (86.4471711 -18.9063341 -18.9063341) (86.6561006 -18.9414275 -18.9414275) (86.8650301 -18.9764716 -18.9764716))
    polyLine 269 285 ((82.2685807 -4.72658753e-15 -25.7303441) (82.4775102 -4.73596098e-15 -25.7813708) (82.6864398 -4.74532158e-15 -25.8323275) (82.8953693 -4.75466931e-15 -25.8832142) (83.1042988 -4.76400419e-15 -25.9340309) (83.3132283 -4.77332622e-15 -25.9847777) (83.5221578 -4.7826354e-15 -26.0354545) (83.7310874 -4.79193173e-15 -26.0860614) (83.9400169 -4.80121522e-15 -26.1365983) (84.1489464 -4.81048587e-15 -26.1870654) (84.3578759 -4.81974368e-15 -26.2374626) (84.5668054 -4.82898866e-15 -26.2877899) (84.775735 -4.8382208e-15 -26.3380473) (84.9846645 -4.84744012e-15 -26.3882349) (85.193594 -4.85664661e-15 -26.4383527) (85.4025235 -4.86584028e-15 -26.4884007) (85.611453 -4.87502112e-15 -26.5383789) (85.8203826 -4.88418915e-15 -26.5882874) (86.0293121 -4.89334437e-15 -26.638126) (86.2382416 -4.90248677e-15 -26.687895) (86.4471711 -4.91161637e-15 -26.7375942) (86.6561006 -4.92073316e-15 -26.7872237) (86.8650301 -4.92983714e-15 -26.8367834))
    polyLine 271 287 ((82.2685807 18.1941008 -18.1941008) (82.4775102 18.2301821 -18.2301821) (82.6864398 18.2662139 -18.2662139) (82.8953693 18.3021963 -18.3021963) (83.1042988 18.3381291 -18.3381291) (83.3132283 18.3740125 -18.3740125) (83.5221578 18.4098464 -18.4098464) (83.7310874 18.4456309 -18.4456309) (83.9400169 18.4813659 -18.4813659) (84.1489464 18.5170515 -18.5170515) (84.3578759 18.5526877 -18.5526877) (84.5668054 18.5882745 -18.5882745) (84.775735 18.6238119 -18.6238119) (84.9846645 18.6592999 -18.6592999) (85.193594 18.6947385 -18.6947385) (85.4025235 18.7301278 -18.7301278) (85.611453 18.7654677 -18.7654677) (85.8203826 18.8007583 -18.8007583) (86.0293121 18.8359996 -18.8359996) (86.2382416 18.8711915 -18.8711915) (86.4471711 18.9063341 -18.9063341) (86.6561006 18.9414275 -18.9414275) (86.8650301 18.9764716 -18.9764716))
    polyLine 273 289 ((87.2828892 26.935694 0) (87.4918187 26.9850448 0) (87.7007482 27.034326 0) (87.9096777 27.0835376 0) (88.1186073 27.1326795 0) (88.3275368 27.1817519 0) (88.5364663 27.2307547 0) (88.7453958 27.2796879 0) (88.9543253 27.3285516 0) (89.1632549 27.3773458 0) (89.3721844 27.4260705 0) (89.5811139 27.4747257 0) (89.7900434 27.5233114 0) (89.9989729 27.5718276 0) (90.2079024 27.6202744 0) (90.416832 27.6686517 0) (90.6257615 27.7169597 0) (90.834691 27.7651982 0) (91.0436205 27.8133674 0) (91.25255 27.8614672 0) (91.4614796 27.9094976 0) (91.6704091 27.9574587 0) (91.8793386 28.0053504 0))
    polyLine 275 291 ((87.2828892 19.0464119 19.0464119) (87.4918187 19.0813082 19.0813082) (87.7007482 19.1161552 19.1161552) (87.9096777 19.1509531 19.1509531) (88.1186073 19.1857017 19.1857017) (88.3275368 19.2204011 19.2204011) (88.5364663 19.2550513 19.2550513) (88.7453958 19.2896523 19.2896523) (88.9543253 19.3242042 19.3242042) (89.1632549 19.3587069 19.3587069) (89.3721844 19.3931604 19.3931604) (89.5811139 19.4275648 19.4275648) (89.7900434 19.4619201 19.4619201) (89.9989729 19.4962263 19.4962263) (90.2079024 19.5304833 19.5304833) (90.416832 19.5646913 19.5646913) (90.6257615 19.5988501 19.5988501) (90.834691 19.6329599 19.6329599) (91.0436205 19.6670207 19.6670207) (91.25255 19.7010324 19.7010324) (91.4614796 19.734995 19.734995) (91.6704091 19.7689086 19.7689086) (91.8793386 19.8027732 19.8027732))
    polyLine 277 293 ((87.2828892 1.64933557e-15 26.935694) (87.4918187 1.65235744e-15 26.9850448) (87.7007482 1.65537504e-15 27.034326) (87.9096777 1.65838838e-15 27.0835376) (88.1186073 1.66139746e-15 27.1326795) (88.3275368 1.66440227e-15 27.1817519) (88.5364663 1.66740283e-15 27.2307547) (88.7453958 1.67039912e-15 27.2796879) (88.9543253 1.67339116e-15 27.3285516) (89.1632549 1.67637895e-15 27.3773458) (89.3721844 1.67936247e-15 27.4260705) (89.5811139 1.68234174e-15 27.4747257) (89.7900434 1.68531676e-15 27.5233114) (89.9989729 1.68828752e-15 27.5718276) (90.2079024 1.69125403e-15 27.6202744) (90.416832 1.69421629e-15 27.6686517) (90.6257615 1.6971743e-15 27.7169597) (90.834691 1.70012806e-15 27.7651982) (91.0436205 1.70307757e-15 27.8133674) (91.25255 1.70602283e-15 27.8614672) (91.4614796 1.70896384e-15 27.9094976) (91.6704091 1.71190061e-15 27.9574587) (91.8793386 1.71483314e-15 28.0053504))
    polyLine 279 295 ((87.2828892 -19.0464119 19.0464119) (87.4918187 -19.0813082 19.0813082) (87.7007482 -19.1161552 19.1161552) (87.9096777 -19.1509531 19.1509531) (88.1186073 -19.1857017 19.1857017) (88.3275368 -19.2204011 19.2204011) (88.5364663 -19.2550513 19.2550513) (88.7453958 -19.2896523 19.2896523) (88.9543253 -19.3242042 19.3242042) (89.1632549 -19.3587069 19.3587069) (89.3721844 -19.3931604 19.3931604) (89.5811139 -19.4275648 19.4275648) (89.7900434 -19.4619201 19.4619201) (89.9989729 -19.4962263 19.4962263) (90.2079024 -19.5304833 19.5304833) (90.416832 -19.5646913 19.5646913) (90.6257615 -19.5988501 19.5988501) (90.834691 -19.6329599 19.6329599) (91.0436205 -19.6670207 19.6670207) (91.25255 -19.7010324 19.7010324) (91.4614796 -19.734995 19.734995) (91.6704091 -19.7689086 19.7689086) (91.8793386 -19.8027732 19.8027732))
    polyLine 281 297 ((87.2828892 -26.935694 3.29867115e-15) (87.4918187 -26.9850448 3.30471488e-15) (87.7007482 -27.034326 3.31075008e-15) (87.9096777 -27.0835376 3.31677676e-15) (88.1186073 -27.1326795 3.32279491e-15) (88.3275368 -27.1817519 3.32880454e-15) (88.5364663 -27.2307547 3.33480566e-15) (88.7453958 -27.2796879 3.34079825e-15) (88.9543253 -27.3285516 3.34678233e-15) (89.1632549 -27.3773458 3.35275789e-15) (89.3721844 -27.4260705 3.35872494e-15) (89.5811139 -27.4747257 3.36468348e-15) (89.7900434 -27.5233114 3.37063352e-15) (89.9989729 -27.5718276 3.37657504e-15) (90.2079024 -27.6202744 3.38250806e-15) (90.416832 -27.6686517 3.38843258e-15) (90.6257615 -27.7169597 3.3943486e-15) (90.834691 -27.7651982 3.40025611e-15) (91.0436205 -27.8133674 3.40615513e-15) (91.25255 -27.8614672 3.41204566e-15) (91.4614796 -27.9094976 3.41792769e-15) (91.6704091 -27.9574587 3.42380123e-15) (91.8793386 -28.0053504 3.42966628e-15))
    polyLine 283 299 ((87.2828892 -19.0464119 -19.0464119) (87.4918187 -19.0813082 -19.0813082) (87.7007482 -19.1161552 -19.1161552) (87.9096777 -19.1509531 -19.1509531) (88.1186073 -19.1857017 -19.1857017) (88.3275368 -19.2204011 -19.2204011) (88.5364663 -19.2550513 -19.2550513) (88.7453958 -19.2896523 -19.2896523) (88.9543253 -19.3242042 -19.3242042) (89.1632549 -19.3587069 -19.3587069) (89.3721844 -19.3931604 -19.3931604) (89.5811139 -19.4275648 -19.4275648) (89.7900434 -19.4619201 -19.4619201) (89.9989729 -19.4962263 -19.4962263) (90.2079024 -19.5304833 -19.5304833) (90.416832 -19.5646913 -19.5646913) (90.6257615 -19.5988501 -19.5988501) (90.834691 -19.6329599 -19.6329599) (91.0436205 -19.6670207 -19.6670207) (91.25255 -19.7010324 -19.7010324) (91.4614796 -19.734995 -19.734995) (91.6704091 -19.7689086 -19.7689086) (91.8793386 -19.8027732 -19.8027732))
    polyLine 285 301 ((87.2828892 -4.94800672e-15 -26.935694) (87.4918187 -4.95707232e-15 -26.9850448) (87.7007482 -4.96612512e-15 -27.034326) (87.9096777 -4.97516514e-15 -27.0835376) (88.1186073 -4.98419237e-15 -27.1326795) (88.3275368 -4.99320681e-15 -27.1817519) (88.5364663 -5.00220848e-15 -27.2307547) (88.7453958 -5.01119737e-15 -27.2796879) (88.9543253 -5.02017349e-15 -27.3285516) (89.1632549 -5.02913684e-15 -27.3773458) (89.3721844 -5.03808741e-15 -27.4260705) (89.5811139 -5.04702522e-15 -27.4747257) (89.7900434 -5.05595027e-15 -27.5233114) (89.9989729 -5.06486256e-15 -27.5718276) (90.2079024 -5.07376209e-15 -27.6202744) (90.416832 -5.08264887e-15 -27.6686517) (90.6257615 -5.09152289e-15 -27.7169597) (90.834691 -5.10038417e-15 -27.7651982) (91.0436205 -5.1092327e-15 -27.8133674) (91.25255 -5.11806849e-15 -27.8614672) (91.4614796 -5.12689153e-15 -27.9094976) (91.6704091 -5.13570184e-15 -27.9574587) (91.8793386 -5.14449941e-15 -28.0053504))
    polyLine 287 303 ((87.2828892 19.0464119 -19.0464119) (87.4918187 19.0813082 -19.0813082) (87.7007482 19.1161552 -19.1161552) (87.9096777 19.1509531 -19.1509531) (88.1186073 19.1857017 -19.1857017) (88.3275368 19.2204011 -19.2204011) (88.5364663 19.2550513 -19.2550513) (88.7453958 19.2896523 -19.2896523) (88.9543253 19.3242042 -19.3242042) (89.1632549 19.3587069 -19.3587069) (89.3721844 19.3931604 -19.3931604) (89.5811139 19.4275648 -19.4275648) (89.7900434 19.4619201 -19.4619201) (89.9989729 19.4962263 -19.4962263) (90.2079024 19.5304833 -19.5304833) (90.416832 19.5646913 -19.5646913) (90.6257615 19.5988501 -19.5988501) (90.834691 19.6329599 -19.6329599) (91.0436205 19.6670207 -19.6670207) (91.25255 19.7010324 -19.7010324) (91.4614796 19.734995 -19.734995) (91.6704091 19.7689086 -19.7689086) (91.8793386 19.8027732 -19.8027732))
    polyLine 289 305 ((92.2971976 28.100926 0) (92.5061272 28.1486099 0) (92.7150567 28.1962245 0) (92.9239862 28.2437698 0) (93.1329157 28.291246 0) (93.3418452 28.3386528 0) (93.5507748 28.3859905 0) (93.7597043 28.433259 0) (93.9686338 28.4804583 0) (94.1775633 28.5275885 0) (94.3864928 28.5746495 0) (94.5954223 28.6216414 0) (94.8043519 28.6685641 0) (95.0132814 28.7154178 0) (95.2222109 28.7622023 0) (95.4311404 28.8089178 0) (95.6400699 28.8555643 0) (95.8489995 28.9021416 0) (96.057929 28.94865 0) (96.2668585 28.9950893 0) (96.475788 29.0414597 0) (96.6847175 29.087761 0) (96.8936471 29.1339934 0))
    polyLine 291 307 ((92.2971976 19.8703553 19.8703553) (92.5061272 19.9040729 19.9040729) (92.7150567 19.9377415 19.9377415) (92.9239862 19.9713612 19.9713612) (93.1329157 20.0049319 20.0049319) (93.3418452 20.0384536 20.0384536) (93.5507748 20.0719264 20.0719264) (93.7597043 20.1053503 20.1053503) (93.9686338 20.1387252 20.1387252) (94.1775633 20.1720513 20.1720513) (94.3864928 20.2053284 20.2053284) (94.5954223 20.2385567 20.2385567) (94.8043519 20.2717361 20.2717361) (95.0132814 20.3048666 20.3048666) (95.2222109 20.3379483 20.3379483) (95.4311404 20.3709812 20.3709812) (95.6400699 20.4039652 20.4039652) (95.8489995 20.4369003 20.4369003) (96.057929 20.4697867 20.4697867) (96.2668585 20.5026243 20.5026243) (96.475788 20.5354131 20.5354131) (96.6847175 20.5681531 20.5681531) (96.8936471 20.6008443 20.6008443))
    polyLine 293 309 ((92.2971976 1.72068546e-15 28.100926) (92.5061272 1.72360525e-15 28.1486099) (92.7150567 1.7265208e-15 28.1962245) (92.9239862 1.72943212e-15 28.2437698) (93.1329157 1.73233919e-15 28.291246) (93.3418452 1.73524202e-15 28.3386528) (93.5507748 1.73814062e-15 28.3859905) (93.7597043 1.74103498e-15 28.433259) (93.9686338 1.74392511e-15 28.4804583) (94.1775633 1.746811e-15 28.5275885) (94.3864928 1.74969265e-15 28.5746495) (94.5954223 1.75257007e-15 28.6216414) (94.8043519 1.75544326e-15 28.6685641) (95.0132814 1.75831222e-15 28.7154178) (95.2222109 1.76117695e-15 28.7622023) (95.4311404 1.76403745e-15 28.8089178) (95.6400699 1.76689372e-15 28.8555643) (95.8489995 1.76974576e-15 28.9021416) (96.057929 1.77259358e-15 28.94865) (96.2668585 1.77543717e-15 28.9950893) (96.475788 1.77827653e-15 29.0414597) (96.6847175 1.78111167e-15 29.087761) (96.8936471 1.78394259e-15 29.1339934))
    polyLine 295 311 ((92.2971976 -19.8703553 19.8703553) (92.5061272 -19.9040729 19.9040729) (92.7150567 -19.9377415 19.9377415) (92.9239862 -19.9713612 19.9713612) (93.1329157 -20.0049319 20.0049319) (93.3418452 -20.0384536 20.0384536) (93.5507748 -20.0719264 20.0719264) (93.7597043 -20.1053503 20.1053503) (93.9686338 -20.1387252 20.1387252) (94.1775633 -20.1720513 20.1720513) (94.3864928 -20.2053284 20.2053284) (94.5954223 -20.2385567 20.2385567) (94.8043519 -20.2717361 20.2717361) (95.0132814 -20.3048666 20.3048666) (95.2222109 -20.3379483 20.3379483) (95.4311404 -20.3709812 20.3709812) (95.6400699 -20.4039652 20.4039652) (95.8489995 -20.4369003 20.4369003) (96.057929 -20.4697867 20.4697867) (96.2668585 -20.5026243 20.5026243) (96.475788 -20.5354131 20.5354131) (96.6847175 -20.5681531 20.5681531) (96.8936471 -20.6008443 20.6008443))
    polyLine 297 313 ((92.2971976 -28.100926 3.44137091e-15) (92.5061272 -28.1486099 3.4472105e-15) (92.7150567 -28.1962245 3.45304161e-15) (92.9239862 -28.2437698 3.45886423e-15) (93.1329157 -28.291246 3.46467838e-15) (93.3418452 -28.3386528 3.47048405e-15) (93.5507748 -28.3859905 3.47628124e-15) (93.7597043 -28.433259 3.48206997e-15) (93.9686338 -28.4804583 3.48785021e-15) (94.1775633 -28.5275885 3.49362199e-15) (94.3864928 -28.5746495 3.4993853e-15) (94.5954223 -28.6216414 3.50514015e-15) (94.8043519 -28.6685641 3.51088653e-15) (95.0132814 -28.7154178 3.51662445e-15) (95.2222109 -28.7622023 3.5223539e-15) (95.4311404 -28.8089178 3.5280749e-15) (95.6400699 -28.8555643 3.53378744e-15) (95.8489995 -28.9021416 3.53949152e-15) (96.057929 -28.94865 3.54518715e-15) (96.2668585 -28.9950893 3.55087433e-15) (96.475788 -29.0414597 3.55655306e-15) (96.6847175 -29.087761 3.56222334e-15) (96.8936471 -29.1339934 3.56788517e-15))
    polyLine 299 315 ((92.2971976 -19.8703553 -19.8703553) (92.5061272 -19.9040729 -19.9040729) (92.7150567 -19.9377415 -19.9377415) (92.9239862 -19.9713612 -19.9713612) (93.1329157 -20.0049319 -20.0049319) (93.3418452 -20.0384536 -20.0384536) (93.5507748 -20.0719264 -20.0719264) (93.7597043 -20.1053503 -20.1053503) (93.9686338 -20.1387252 -20.1387252) (94.1775633 -20.1720513 -20.1720513) (94.3864928 -20.2053284 -20.2053284) (94.5954223 -20.2385567 -20.2385567) (94.8043519 -20.2717361 -20.2717361) (95.0132814 -20.3048666 -20.3048666) (95.2222109 -20.3379483 -20.3379483) (95.4311404 -20.3709812 -20.3709812) (95.6400699 -20.4039652 -20.4039652) (95.8489995 -20.4369003 -20.4369003) (96.057929 -20.4697867 -20.4697867) (96.2668585 -20.5026243 -20.5026243) (96.475788 -20.5354131 -20.5354131) (96.6847175 -20.5681531 -20.5681531) (96.8936471 -20.6008443 -20.6008443))
    polyLine 301 317 ((92.2971976 -5.16205637e-15 -28.100926) (92.5061272 -5.17081575e-15 -28.1486099) (92.7150567 -5.17956241e-15 -28.1962245) (92.9239862 -5.18829635e-15 -28.2437698) (93.1329157 -5.19701757e-15 -28.291246) (93.3418452 -5.20572607e-15 -28.3386528) (93.5507748 -5.21442187e-15 -28.3859905) (93.7597043 -5.22310495e-15 -28.433259) (93.9686338 -5.23177532e-15 -28.4804583) (94.1775633 -5.24043299e-15 -28.5275885) (94.3864928 -5.24907796e-15 -28.5746495) (94.5954223 -5.25771022e-15 -28.6216414) (94.8043519 -5.26632979e-15 -28.6685641) (95.0132814 -5.27493667e-15 -28.7154178) (95.2222109 -5.28353085e-15 -28.7622023) (95.4311404 -5.29211235e-15 -28.8089178) (95.6400699 -5.30068116e-15 -28.8555643) (95.8489995 -5.30923729e-15 -28.9021416) (96.057929 -5.31778073e-15 -28.94865) (96.2668585 -5.3263115e-15 -28.9950893) (96.475788 -5.33482959e-15 -29.0414597) (96.6847175 -5.34333501e-15 -29.087761) (96.8936471 -5.35182776e-15 -29.1339934))
    polyLine 303 319 ((92.2971976 19.8703553 -19.8703553) (92.5061272 19.9040729 -19.9040729) (92.7150567 19.9377415 -19.9377415) (92.9239862 19.9713612 -19.9713612) (93.1329157 20.0049319 -20.0049319) (93.3418452 20.0384536 -20.0384536) (93.5507748 20.0719264 -20.0719264) (93.7597043 20.1053503 -20.1053503) (93.9686338 20.1387252 -20.1387252) (94.1775633 20.1720513 -20.1720513) (94.3864928 20.2053284 -20.2053284) (94.5954223 20.2385567 -20.2385567) (94.8043519 20.2717361 -20.2717361) (95.0132814 20.3048666 -20.3048666) (95.2222109 20.3379483 -20.3379483) (95.4311404 20.3709812 -20.3709812) (95.6400699 20.4039652 -20.4039652) (95.8489995 20.4369003 -20.4369003) (96.057929 20.4697867 -20.4697867) (96.2668585 20.5026243 -20.5026243) (96.475788 20.5354131 -20.5354131) (96.6847175 20.5681531 -20.5681531) (96.8936471 20.6008443 -20.6008443))
    polyLine 305 321 ((97.3115061 29.2262513 0) (97.5204356 29.2722768 0) (97.7293651 29.3182334 0) (97.9382947 29.3641212 0) (98.1472242 29.40994 0) (98.3561537 29.45569 0) (98.5650832 29.5013711 0) (98.7740127 29.5469833 0) (98.9829422 29.5925268 0) (99.1918718 29.6380014 0) (99.4008013 29.6834072 0) (99.6097308 29.7287442 0) (99.8186603 29.7740125 0) (100.02759 29.819212 0) (100.236519 29.8643427 0) (100.445449 29.9094048 0) (100.654378 29.9543981 0) (100.863308 29.9993227 0) (101.072237 30.0441786 0) (101.281167 30.0889658 0) (101.490096 30.1336844 0) (101.699026 30.1783343 0) (101.907956 30.2229156 0))
    polyLine 307 323 ((97.3115061 20.6660805 20.6660805) (97.5204356 20.6986254 20.6986254) (97.7293651 20.7311217 20.7311217) (97.9382947 20.7635692 20.7635692) (98.1472242 20.795968 20.795968) (98.3561537 20.8283181 20.8283181) (98.5650832 20.8606195 20.8606195) (98.7740127 20.8928723 20.8928723) (98.9829422 20.9250764 20.9250764) (99.1918718 20.9572318 20.9572318) (99.4008013 20.9893385 20.9893385) (99.6097308 21.0213966 21.0213966) (99.8186603 21.0534061 21.0534061) (100.02759 21.085367 21.085367) (100.236519 21.1172793 21.1172793) (100.445449 21.1491429 21.1491429) (100.654378 21.180958 21.180958) (100.863308 21.2127245 21.2127245) (101.072237 21.2444424 21.2444424) (101.281167 21.2761118 21.2761118) (101.490096 21.3077326 21.3077326) (101.699026 21.3393048 21.3393048) (101.907956 21.3708286 21.3708286))
    polyLine 309 325 ((97.3115061 1.78959175e-15 29.2262513) (97.5204356 1.79241e-15 29.2722768) (97.7293651 1.79522404e-15 29.3182334) (97.9382947 1.79803385e-15 29.3641212) (98.1472242 1.80083944e-15 29.40994) (98.3561537 1.80364082e-15 29.45569) (98.5650832 1.80643798e-15 29.5013711) (98.7740127 1.80923093e-15 29.5469833) (98.9829422 1.81201966e-15 29.5925268) (99.1918718 1.81480418e-15 29.6380014) (99.4008013 1.81758448e-15 29.6834072) (99.6097308 1.82036057e-15 29.7287442) (99.8186603 1.82313245e-15 29.7740125) (100.02759 1.82590013e-15 29.819212) (100.236519 1.82866359e-15 29.8643427) (100.445449 1.83142284e-15 29.9094048) (100.654378 1.83417788e-15 29.9543981) (100.863308 1.83692872e-15 29.9993227) (101.072237 1.83967536e-15 30.0441786) (101.281167 1.84241778e-15 30.0889658) (101.490096 1.84515601e-15 30.1336844) (101.699026 1.84789002e-15 30.1783343) (101.907956 1.85061984e-15 30.2229156))
    polyLine 311 327 ((97.3115061 -20.6660805 20.6660805) (97.5204356 -20.6986254 20.6986254) (97.7293651 -20.7311217 20.7311217) (97.9382947 -20.7635692 20.7635692) (98.1472242 -20.795968 20.795968) (98.3561537 -20.8283181 20.8283181) (98.5650832 -20.8606195 20.8606195) (98.7740127 -20.8928723 20.8928723) (98.9829422 -20.9250764 20.9250764) (99.1918718 -20.9572318 20.9572318) (99.4008013 -20.9893385 20.9893385) (99.6097308 -21.0213966 21.0213966) (99.8186603 -21.0534061 21.0534061) (100.02759 -21.085367 21.085367) (100.236519 -21.1172793 21.1172793) (100.445449 -21.1491429 21.1491429) (100.654378 -21.180958 21.180958) (100.863308 -21.2127245 21.2127245) (101.072237 -21.2444424 21.2444424) (101.281167 -21.2761118 21.2761118) (101.490096 -21.3077326 21.3077326) (101.699026 -21.3393048 21.3393048) (101.907956 -21.3708286 21.3708286))
    polyLine 313 329 ((97.3115061 -29.2262513 3.57918351e-15) (97.5204356 -29.2722768 3.58482001e-15) (97.7293651 -29.3182334 3.59044807e-15) (97.9382947 -29.3641212 3.5960677e-15) (98.1472242 -29.40994 3.60167889e-15) (98.3561537 -29.45569 3.60728164e-15) (98.5650832 -29.5013711 3.61287597e-15) (98.7740127 -29.5469833 3.61846186e-15) (98.9829422 -29.5925268 3.62403932e-15) (99.1918718 -29.6380014 3.62960835e-15) (99.4008013 -29.6834072 3.63516896e-15) (99.6097308 -29.7287442 3.64072115e-15) (99.8186603 -29.7740125 3.64626491e-15) (100.02759 -29.819212 3.65180025e-15) (100.236519 -29.8643427 3.65732717e-15) (100.445449 -29.9094048 3.66284568e-15) (100.654378 -29.9543981 3.66835577e-15) (100.863308 -29.9993227 3.67385745e-15) (101.072237 -30.0441786 3.67935071e-15) (101.281167 -30.0889658 3.68483556e-15) (101.490096 -30.1336844 3.69031201e-15) (101.699026 -30.1783343 3.69578005e-15) (101.907956 -30.2229156 3.70123968e-15))
    polyLine 315 331 ((97.3115061 -20.6660805 -20.6660805) (97.5204356 -20.6986254 -20.6986254) (97.7293651 -20.7311217 -20.7311217) (97.9382947 -20.7635692 -20.7635692) (98.1472242 -20.795968 -20.795968) (98.3561537 -20.8283181 -20.8283181) (98.5650832 -20.8606195 -20.8606195) (98.7740127 -20.8928723 -20.8928723) (98.9829422 -20.9250764 -20.9250764) (99.1918718 -20.9572318 -20.9572318) (99.4008013 -20.9893385 -20.9893385) (99.6097308 -21.0213966 -21.0213966) (99.8186603 -21.0534061 -21.0534061) (100.02759 -21.085367 -21.085367) (100.236519 -21.1172793 -21.1172793) (100.445449 -21.1491429 -21.1491429) (100.654378 -21.180958 -21.180958) (100.863308 -21.2127245 -21.2127245) (101.072237 -21.2444424 -21.2444424) (101.281167 -21.2761118 -21.2761118) (101.490096 -21.3077326 -21.3077326) (101.699026 -21.3393048 -21.3393048) (101.907956 -21.3708286 -21.3708286))
    polyLine 317 333 ((97.3115061 -5.36877526e-15 -29.2262513) (97.5204356 -5.37723001e-15 -29.2722768) (97.7293651 -5.38567211e-15 -29.3182334) (97.9382947 -5.39410155e-15 -29.3641212) (98.1472242 -5.40251833e-15 -29.40994) (98.3561537 -5.41092246e-15 -29.45569) (98.5650832 -5.41931395e-15 -29.5013711) (98.7740127 -5.42769278e-15 -29.5469833) (98.9829422 -5.43605898e-15 -29.5925268) (99.1918718 -5.44441253e-15 -29.6380014) (99.4008013 -5.45275344e-15 -29.6834072) (99.6097308 -5.46108172e-15 -29.7287442) (99.8186603 -5.46939736e-15 -29.7740125) (100.02759 -5.47770038e-15 -29.819212) (100.236519 -5.48599076e-15 -29.8643427) (100.445449 -5.49426852e-15 -29.9094048) (100.654378 -5.50253365e-15 -29.9543981) (100.863308 -5.51078617e-15 -29.9993227) (101.072237 -5.51902607e-15 -30.0441786) (101.281167 -5.52725335e-15 -30.0889658) (101.490096 -5.53546802e-15 -30.1336844) (101.699026 -5.54367007e-15 -30.1783343) (101.907956 -5.55185952e-15 -30.2229156))
    polyLine 319 335 ((97.3115061 20.6660805 -20.6660805) (97.5204356 20.6986254 -20.6986254) (97.7293651 20.7311217 -20.7311217) (97.9382947 20.7635692 -20.7635692) (98.1472242 20.795968 -20.795968) (98.3561537 20.8283181 -20.8283181) (98.5650832 20.8606195 -20.8606195) (98.7740127 20.8928723 -20.8928723) (98.9829422 20.9250764 -20.9250764) (99.1918718 20.9572318 -20.9572318) (99.4008013 20.9893385 -20.9893385) (99.6097308 21.0213966 -21.0213966) (99.8186603 21.0534061 -21.0534061) (100.02759 21.085367 -21.085367) (100.236519 21.1172793 -21.1172793) (100.445449 21.1491429 -21.1491429) (100.654378 21.180958 -21.180958) (100.863308 21.2127245 -21.2127245) (101.072237 21.2444424 -21.2444424) (101.281167 21.2761118 -21.2761118) (101.490096 21.3077326 -21.3077326) (101.699026 21.3393048 -21.3393048) (101.907956 21.3708286 -21.3708286))
    polyLine 321 337 ((102.325815 30.3118723 0) (102.534744 30.3562478 0) (102.743674 30.4005547 0) (102.952603 30.444793 0) (103.161533 30.4889628 0) (103.370462 30.533064 0) (103.579392 30.5770967 0) (103.788321 30.6210609 0) (103.997251 30.6649566 0) (104.20618 30.7087838 0) (104.41511 30.7525426 0) (104.624039 30.7962329 0) (104.832969 30.8398547 0) (105.041898 30.8834082 0) (105.250828 30.9268932 0) (105.459757 30.9703098 0) (105.668687 31.013658 0) (105.877616 31.0569378 0) (106.086546 31.1001493 0) (106.295475 31.1432924 0) (106.504405 31.1863672 0) (106.713334 31.2293737 0) (106.922264 31.2723118 0))
    polyLine 323 339 ((102.325815 21.4337305 21.4337305) (102.534744 21.4651087 21.4651087) (102.743674 21.4964384 21.4964384) (102.952603 21.5277196 21.5277196) (103.161533 21.5589523 21.5589523) (103.370462 21.5901366 21.5901366) (103.579392 21.6212724 21.6212724) (103.788321 21.6523598 21.6523598) (103.997251 21.6833988 21.6833988) (104.20618 21.7143893 21.7143893) (104.41511 21.7453314 21.7453314) (104.624039 21.7762251 21.7762251) (104.832969 21.8070704 21.8070704) (105.041898 21.8378673 21.8378673) (105.250828 21.8686159 21.8686159) (105.459757 21.8993161 21.8993161) (105.668687 21.9299679 21.9299679) (105.877616 21.9605713 21.9605713) (106.086546 21.9911265 21.9911265) (106.295475 22.0216333 22.0216333) (106.504405 22.0520917 22.0520917) (106.713334 22.0825019 22.0825019) (106.922264 22.1128638 22.1128638))
    polyLine 325 341 ((102.325815 1.85606687e-15 30.3118723) (102.534744 1.85878408e-15 30.3562478) (102.743674 1.8614971e-15 30.4005547) (102.952603 1.86420591e-15 30.444793) (103.161533 1.86691053e-15 30.4889628) (103.370462 1.86961096e-15 30.533064) (103.579392 1.87230718e-15 30.5770967) (103.788321 1.87499921e-15 30.6210609) (103.997251 1.87768705e-15 30.6649566) (104.20618 1.88037069e-15 30.7087838) (104.41511 1.88305014e-15 30.7525426) (104.624039 1.8857254e-15 30.7962329) (104.832969 1.88839647e-15 30.8398547) (105.041898 1.89106335e-15 30.8834082) (105.250828 1.89372604e-15 30.9268932) (105.459757 1.89638454e-15 30.9703098) (105.668687 1.89903885e-15 31.013658) (105.877616 1.90168897e-15 31.0569378) (106.086546 1.90433491e-15 31.1001493) (106.295475 1.90697667e-15 31.1432924) (106.504405 1.90961424e-15 31.1863672) (106.713334 1.91224762e-15 31.2293737) (106.922264 1.91487683e-15 31.2723118))
    polyLine 327 343 ((102.325815 -21.4337305 21.4337305) (102.534744 -21.4651087 21.4651087) (102.743674 -21.4964384 21.4964384) (102.952603 -21.5277196 21.5277196) (103.161533 -21.5589523 21.5589523) (103.370462 -21.5901366 21.5901366) (103.579392 -21.6212724 21.6212724) (103.788321 -21.6523598 21.6523598) (103.997251 -21.6833988 21.6833988) (104.20618 -21.7143893 21.7143893) (104.41511 -21.7453314 21.7453314) (104.624039 -21.7762251 21.7762251) (104.832969 -21.8070704 21.8070704) (105.041898 -21.8378673 21.8378673) (105.250828 -21.8686159 21.8686159) (105.459757 -21.8993161 21.8993161) (105.668687 -21.9299679 21.9299679) (105.877616 -21.9605713 21.9605713) (106.086546 -21.9911265 21.9911265) (106.295475 -22.0216333 22.0216333) (106.504405 -22.0520917 22.0520917) (106.713334 -22.0825019 22.0825019) (106.922264 -22.1128638 22.1128638))
    polyLine 329 345 ((102.325815 -30.3118723 3.71213374e-15) (102.534744 -30.3562478 3.71756817e-15) (102.743674 -30.4005547 3.7229942e-15) (102.952603 -30.444793 3.72841183e-15) (103.161533 -30.4889628 3.73382107e-15) (103.370462 -30.533064 3.73922191e-15) (103.579392 -30.5770967 3.74461436e-15) (103.788321 -30.6210609 3.74999842e-15) (103.997251 -30.6649566 3.7553741e-15) (104.20618 -30.7087838 3.76074138e-15) (104.41511 -30.7525426 3.76610029e-15) (104.624039 -30.7962329 3.7714508e-15) (104.832969 -30.8398547 3.77679294e-15) (105.041898 -30.8834082 3.78212669e-15) (105.250828 -30.9268932 3.78745207e-15) (105.459757 -30.9703098 3.79276907e-15) (105.668687 -31.013658 3.7980777e-15) (105.877616 -31.0569378 3.80337795e-15) (106.086546 -31.1001493 3.80866983e-15) (106.295475 -31.1432924 3.81395334e-15) (106.504405 -31.1863672 3.81922848e-15) (106.713334 -31.2293737 3.82449525e-15) (106.922264 -31.2723118 3.82975366e-15))
    polyLine 331 347 ((102.325815 -21.4337305 -21.4337305) (102.534744 -21.4651087 -21.4651087) (102.743674 -21.4964384 -21.4964384) (102.952603 -21.5277196 -21.5277196) (103.161533 -21.5589523 -21.5589523) (103.370462 -21.5901366 -21.5901366) (103.579392 -21.6212724 -21.6212724) (103.788321 -21.6523598 -21.6523598) (103.997251 -21.6833988 -21.6833988) (104.20618 -21.7143893 -21.7143893) (104.41511 -21.7453314 -21.7453314) (104.624039 -21.7762251 -21.7762251) (104.832969 -21.8070704 -21.8070704) (105.041898 -21.8378673 -21.8378673) (105.250828 -21.8686159 -21.8686159) (105.459757 -21.8993161 -21.8993161) (105.668687 -21.9299679 -21.9299679) (105.877616 -21.9605713 -21.9605713) (106.086546 -21.9911265 -21.9911265) (106.295475 -22.0216333 -22.0216333) (106.504405 -22.0520917 -22.0520917) (106.713334 -22.0825019 -22.0825019) (106.922264 -22.1128638 -22.1128638))
    polyLine 333 349 ((102.325815 -5.56820061e-15 -30.3118723) (102.534744 -5.57635225e-15 -30.3562478) (102.743674 -5.5844913e-15 -30.4005547) (102.952603 -5.59261774e-15 -30.444793) (103.161533 -5.6007316e-15 -30.4889628) (103.370462 -5.60883287e-15 -30.533064) (103.579392 -5.61692154e-15 -30.5770967) (103.788321 -5.62499764e-15 -30.6210609) (103.997251 -5.63306115e-15 -30.6649566) (104.20618 -5.64111208e-15 -30.7087838) (104.41511 -5.64915043e-15 -30.7525426) (104.624039 -5.6571762e-15 -30.7962329) (104.832969 -5.66518941e-15 -30.8398547) (105.041898 -5.67319004e-15 -30.8834082) (105.250828 -5.68117811e-15 -30.9268932) (105.459757 -5.68915361e-15 -30.9703098) (105.668687 -5.69711655e-15 -31.013658) (105.877616 -5.70506692e-15 -31.0569378) (106.086546 -5.71300474e-15 -31.1001493) (106.295475 -5.72093e-15 -31.1432924) (106.504405 -5.72884272e-15 -31.1863672) (106.713334 -5.73674287e-15 -31.2293737) (106.922264 -5.74463049e-15 -31.2723118))
    polyLine 335 351 ((102.325815 21.4337305 -21.4337305) (102.534744 21.4651087 -21.4651087) (102.743674 21.4964384 -21.4964384) (102.952603 21.5277196 -21.5277196) (103.161533 21.5589523 -21.5589523) (103.370462 21.5901366 -21.5901366) (103.579392 21.6212724 -21.6212724) (103.788321 21.6523598 -21.6523598) (103.997251 21.6833988 -21.6833988) (104.20618 21.7143893 -21.7143893) (104.41511 21.7453314 -21.7453314) (104.624039 21.7762251 -21.7762251) (104.832969 21.8070704 -21.8070704) (105.041898 21.8378673 -21.8378673) (105.250828 21.8686159 -21.8686159) (105.459757 21.8993161 -21.8993161) (105.668687 21.9299679 -21.9299679) (105.877616 21.9605713 -21.9605713) (106.086546 21.9911265 -21.9911265) (106.295475 22.0216333 -22.0216333) (106.504405 22.0520917 -22.0520917) (106.713334 22.0825019 -22.0825019) (106.922264 22.1128638 -22.1128638))
    polyLine 337 353 ((107.340123 31.3579833 0) (107.549053 31.4007166 0) (107.757982 31.4433816 0) (107.966912 31.4859784 0) (108.175841 31.528507 0) (108.384771 31.5709673 0) (108.5937 31.6133595 0) (108.80263 31.6556835 0) (109.011559 31.6979392 0) (109.220489 31.7401269 0) (109.429418 31.7822463 0) (109.638348 31.8242976 0) (109.847277 31.8662808 0) (110.056207 31.9081959 0) (110.265136 31.9500429 0) (110.474066 31.9918218 0) (110.682995 32.0335326 0) (110.891925 32.0751754 0) (111.100854 32.1167501 0) (111.309784 32.1582567 0) (111.518713 32.1996954 0) (111.727643 32.241066 0) (111.936572 32.2823686 0))
    polyLine 339 355 ((107.340123 22.1734426 22.1734426) (107.549053 22.2036596 22.2036596) (107.757982 22.2338284 22.2338284) (107.966912 22.2639488 22.2639488) (108.175841 22.2940211 22.2940211) (108.384771 22.3240451 22.3240451) (108.5937 22.3540209 22.3540209) (108.80263 22.3839484 22.3839484) (109.011559 22.4138278 22.4138278) (109.220489 22.4436589 22.4436589) (109.429418 22.4734419 22.4734419) (109.638348 22.5031767 22.5031767) (109.847277 22.5328633 22.5328633) (110.056207 22.5625017 22.5625017) (110.265136 22.592092 22.592092) (110.474066 22.6216341 22.6216341) (110.682995 22.6511281 22.6511281) (110.891925 22.680574 22.680574) (111.100854 22.7099718 22.7099718) (111.309784 22.7393214 22.7393214) (111.518713 22.768623 22.768623) (111.727643 22.7978764 22.7978764) (111.936572 22.8270818 22.8270818))
    polyLine 341 357 ((107.340123 1.92012269e-15 31.3579833) (107.549053 1.92273935e-15 31.4007166) (107.757982 1.92535183e-15 31.4433816) (107.966912 1.92796013e-15 31.4859784) (108.175841 1.93056426e-15 31.528507) (108.384771 1.93316421e-15 31.5709673) (108.5937 1.93575998e-15 31.6133595) (108.80263 1.93835157e-15 31.6556835) (109.011559 1.94093899e-15 31.6979392) (109.220489 1.94352224e-15 31.7401269) (109.429418 1.94610131e-15 31.7822463) (109.638348 1.94867621e-15 31.8242976) (109.847277 1.95124694e-15 31.8662808) (110.056207 1.9538135e-15 31.9081959) (110.265136 1.95637589e-15 31.9500429) (110.474066 1.95893411e-15 31.9918218) (110.682995 1.96148816e-15 32.0335326) (110.891925 1.96403804e-15 32.0751754) (111.100854 1.96658376e-15 32.1167501) (111.309784 1.96912531e-15 32.1582567) (111.518713 1.97166269e-15 32.1996954) (111.727643 1.97419591e-15 32.241066) (111.936572 1.97672497e-15 32.2823686))
    polyLine 343 359 ((107.340123 -22.1734426 22.1734426) (107.549053 -22.2036596 22.2036596) (107.757982 -22.2338284 22.2338284) (107.966912 -22.2639488 22.2639488) (108.175841 -22.2940211 22.2940211) (108.384771 -22.3240451 22.3240451) (108.5937 -22.3540209 22.3540209) (108.80263 -22.3839484 22.3839484) (109.011559 -22.4138278 22.4138278) (109.220489 -22.4436589 22.4436589) (109.429418 -22.4734419 22.4734419) (109.638348 -22.5031767 22.5031767) (109.847277 -22.5328633 22.5328633) (110.056207 -22.5625017 22.5625017) (110.265136 -22.592092 22.592092) (110.474066 -22.6216341 22.6216341) (110.682995 -22.6511281 22.6511281) (110.891925 -22.680574 22.680574) (111.100854 -22.7099718 22.7099718) (111.309784 -22.7393214 22.7393214) (111.518713 -22.768623 22.768623) (111.727643 -22.7978764 22.7978764) (111.936572 -22.8270818 22.8270818))
    polyLine 345 361 ((107.340123 -31.3579833 3.84024538e-15) (107.549053 -31.4007166 3.8454787e-15) (107.757982 -31.4433816 3.85070366e-15) (107.966912 -31.4859784 3.85592027e-15) (108.175841 -31.528507 3.86112852e-15) (108.384771 -31.5709673 3.86632841e-15) (108.5937 -31.6133595 3.87151995e-15) (108.80263 -31.6556835 3.87670314e-15) (109.011559 -31.6979392 3.88187798e-15) (109.220489 -31.7401269 3.88704448e-15) (109.429418 -31.7822463 3.89220262e-15) (109.638348 -31.8242976 3.89735242e-15) (109.847277 -31.8662808 3.90249388e-15) (110.056207 -31.9081959 3.907627e-15) (110.265136 -31.9500429 3.91275178e-15) (110.474066 -31.9918218 3.91786822e-15) (110.682995 -32.0335326 3.92297632e-15) (110.891925 -32.0751754 3.92807608e-15) (111.100854 -32.1167501 3.93316752e-15) (111.309784 -32.1582567 3.93825062e-15) (111.518713 -32.1996954 3.94332539e-15) (111.727643 -32.241066 3.94839183e-15) (111.936572 -32.2823686 3.95344994e-15))
    polyLine 347 363 ((107.340123 -22.1734426 -22.1734426) (107.549053 -22.2036596 -22.2036596) (107.757982 -22.2338284 -22.2338284) (107.966912 -22.2639488 -22.2639488) (108.175841 -22.2940211 -22.2940211) (108.384771 -22.3240451 -22.3240451) (108.5937 -22.3540209 -22.3540209) (108.80263 -22.3839484 -22.3839484) (109.011559 -22.4138278 -22.4138278) (109.220489 -22.4436589 -22.4436589) (109.429418 -22.4734419 -22.4734419) (109.638348 -22.5031767 -22.5031767) (109.847277 -22.5328633 -22.5328633) (110.056207 -22.5625017 -22.5625017) (110.265136 -22.592092 -22.592092) (110.474066 -22.6216341 -22.6216341) (110.682995 -22.6511281 -22.6511281) (110.891925 -22.680574 -22.680574) (111.100854 -22.7099718 -22.7099718) (111.309784 -22.7393214 -22.7393214) (111.518713 -22.768623 -22.768623) (111.727643 -22.7978764 -22.7978764) (111.936572 -22.8270818 -22.8270818))
    polyLine 349 365 ((107.340123 -5.76036807e-15 -31.3579833) (107.549053 -5.76821805e-15 -31.4007166) (107.757982 -5.7760555e-15 -31.4433816) (107.966912 -5.7838804e-15 -31.4859784) (108.175841 -5.79169277e-15 -31.528507) (108.384771 -5.79949262e-15 -31.5709673) (108.5937 -5.80727993e-15 -31.6133595) (108.80263 -5.81505471e-15 -31.6556835) (109.011559 -5.82281697e-15 -31.6979392) (109.220489 -5.83056671e-15 -31.7401269) (109.429418 -5.83830393e-15 -31.7822463) (109.638348 -5.84602864e-15 -31.8242976) (109.847277 -5.85374082e-15 -31.8662808) (110.056207 -5.8614405e-15 -31.9081959) (110.265136 -5.86912767e-15 -31.9500429) (110.474066 -5.87680232e-15 -31.9918218) (110.682995 -5.88446448e-15 -32.0335326) (110.891925 -5.89211413e-15 -32.0751754) (111.100854 -5.89975128e-15 -32.1167501) (111.309784 -5.90737593e-15 -32.1582567) (111.518713 -5.91498808e-15 -32.1996954) (111.727643 -5.92258774e-15 -32.241066) (111.936572 -5.93017491e-15 -32.2823686))
    polyLine 351 367 ((107.340123 22.1734426 -22.1734426) (107.549053 22.2036596 -22.2036596) (107.757982 22.2338284 -22.2338284) (107.966912 22.2639488 -22.2639488) (108.175841 22.2940211 -22.2940211) (108.384771 22.3240451 -22.3240451) (108.5937 22.3540209 -22.3540209) (108.80263 22.3839484 -22.3839484) (109.011559 22.4138278 -22.4138278) (109.220489 22.4436589 -22.4436589) (109.429418 22.4734419 -22.4734419) (109.638348 22.5031767 -22.5031767) (109.847277 22.5328633 -22.5328633) (110.056207 22.5625017 -22.5625017) (110.265136 22.592092 -22.592092) (110.474066 22.6216341 -22.6216341) (110.682995 22.6511281 -22.6511281) (110.891925 22.680574 -22.680574) (111.100854 22.7099718 -22.7099718) (111.309784 22.7393214 -22.7393214) (111.518713 22.768623 -22.768623) (111.727643 22.7978764 -22.7978764) (111.936572 22.8270818 -22.8270818))
    polyLine 353 369 ((112.354431 32.36477 0) (112.563361 32.4058687 0) (112.77229 32.4468994 0) (112.98122 32.4878622 0) (113.19015 32.5287571 0) (113.399079 32.5695841 0) (113.608009 32.6103432 0) (113.816938 32.6510344 0) (114.025868 32.6916577 0) (114.234797 32.7322132 0) (114.443727 32.7727008 0) (114.652656 32.8131206 0) (114.861586 32.8534726 0) (115.070515 32.8937567 0) (115.279445 32.9339731 0) (115.488374 32.9741216 0) (115.697304 33.0142024 0) (115.906233 33.0542154 0) (116.115163 33.0941607 0) (116.324092 33.1340382 0) (116.533022 33.173848 0) (116.741951 33.2135901 0) (116.950881 33.2532645 0))
    polyLine 355 371 ((112.354431 22.8853483 22.8853483) (112.563361 22.9144095 22.9144095) (112.77229 22.9434226 22.9434226) (112.98122 22.9723877 22.9723877) (113.19015 23.0013048 23.0013048) (113.399079 23.0301738 23.0301738) (113.608009 23.0589948 23.0589948) (113.816938 23.0877679 23.0877679) (114.025868 23.1164929 23.1164929) (114.234797 23.1451699 23.1451699) (114.443727 23.173799 23.173799) (114.652656 23.2023801 23.2023801) (114.861586 23.2309132 23.2309132) (115.070515 23.2593984 23.2593984) (115.279445 23.2878357 23.2878357) (115.488374 23.316225 23.316225) (115.697304 23.3445664 23.3445664) (115.906233 23.3728599 23.3728599) (116.115163 23.4011054 23.4011054) (116.324092 23.4293031 23.4293031) (116.533022 23.4574529 23.4574529) (116.741951 23.4855548 23.4855548) (116.950881 23.5136088 23.5136088))
    polyLine 357 373 ((112.354431 1.9817706e-15 32.36477) (112.563361 1.98428717e-15 32.4058687) (112.77229 1.98679958e-15 32.4468994) (112.98122 1.98930783e-15 32.4878622) (113.19015 1.99181192e-15 32.5287571) (113.399079 1.99431185e-15 32.5695841) (113.608009 1.99680762e-15 32.6103432) (113.816938 1.99929924e-15 32.6510344) (114.025868 2.0017867e-15 32.6916577) (114.234797 2.00427001e-15 32.7322132) (114.443727 2.00674916e-15 32.7727008) (114.652656 2.00922416e-15 32.8131206) (114.861586 2.011695e-15 32.8534726) (115.070515 2.01416169e-15 32.8937567) (115.279445 2.01662423e-15 32.9339731) (115.488374 2.01908262e-15 32.9741216) (115.697304 2.02153686e-15 33.0142024) (115.906233 2.02398695e-15 33.0542154) (116.115163 2.0264329e-15 33.0941607) (116.324092 2.02887469e-15 33.1340382) (116.533022 2.03131234e-15 33.173848) (116.741951 2.03374584e-15 33.2135901) (116.950881 2.03617519e-15 33.2532645))
    polyLine 359 375 ((112.354431 -22.8853483 22.8853483) (112.563361 -22.9144095 22.9144095) (112.77229 -22.9434226 22.9434226) (112.98122 -22.9723877 22.9723877) (113.19015 -23.0013048 23.0013048) (113.399079 -23.0301738 23.0301738) (113.608009 -23.0589948 23.0589948) (113.816938 -23.0877679 23.0877679) (114.025868 -23.1164929 23.1164929) (114.234797 -23.1451699 23.1451699) (114.443727 -23.173799 23.173799) (114.652656 -23.2023801 23.2023801) (114.861586 -23.2309132 23.2309132) (115.070515 -23.2593984 23.2593984) (115.279445 -23.2878357 23.2878357) (115.488374 -23.316225 23.316225) (115.697304 -23.3445664 23.3445664) (115.906233 -23.3728599 23.3728599) (116.115163 -23.4011054 23.4011054) (116.324092 -23.4293031 23.4293031) (116.533022 -23.4574529 23.4574529) (116.741951 -23.4855548 23.4855548) (116.950881 -23.5136088 23.5136088))
    polyLine 361 377 ((112.354431 -32.36477 3.96354119e-15) (112.563361 -32.4058687 3.96857433e-15) (112.77229 -32.4468994 3.97359915e-15) (112.98122 -32.4878622 3.97861565e-15) (113.19015 -32.5287571 3.98362383e-15) (113.399079 -32.5695841 3.9886237e-15) (113.608009 -32.6103432 3.99361524e-15) (113.816938 -32.6510344 3.99859848e-15) (114.025868 -32.6916577 4.0035734e-15) (114.234797 -32.7322132 4.00854001e-15) (114.443727 -32.7727008 4.01349832e-15) (114.652656 -32.8131206 4.01844831e-15) (114.861586 -32.8534726 4.02339e-15) (115.070515 -32.8937567 4.02832339e-15) (115.279445 -32.9339731 4.03324847e-15) (115.488374 -32.9741216 4.03816525e-15) (115.697304 -33.0142024 4.04307373e-15) (115.906233 -33.0542154 4.04797391e-15) (116.115163 -33.0941607 4.05286579e-15) (116.324092 -33.1340382 4.05774938e-15) (116.533022 -33.173848 4.06262468e-15) (116.741951 -33.2135901 4.06749168e-15) (116.950881 -33.2532645 4.07235039e-15))
    polyLine 363 379 ((112.354431 -22.8853483 -22.8853483) (112.563361 -22.9144095 -22.9144095) (112.77229 -22.9434226 -22.9434226) (112.98122 -22.9723877 -22.9723877) (113.19015 -23.0013048 -23.0013048) (113.399079 -23.0301738 -23.0301738) (113.608009 -23.0589948 -23.0589948) (113.816938 -23.0877679 -23.0877679) (114.025868 -23.1164929 -23.1164929) (114.234797 -23.1451699 -23.1451699) (114.443727 -23.173799 -23.173799) (114.652656 -23.2023801 -23.2023801) (114.861586 -23.2309132 -23.2309132) (115.070515 -23.2593984 -23.2593984) (115.279445 -23.2878357 -23.2878357) (115.488374 -23.316225 -23.316225) (115.697304 -23.3445664 -23.3445664) (115.906233 -23.3728599 -23.3728599) (116.115163 -23.4011054 -23.4011054) (116.324092 -23.4293031 -23.4293031) (116.533022 -23.4574529 -23.4574529) (116.741951 -23.4855548 -23.4855548) (116.950881 -23.5136088 -23.5136088))
    polyLine 365 381 ((112.354431 -5.94531179e-15 -32.36477) (112.563361 -5.9528615e-15 -32.4058687) (112.77229 -5.96039873e-15 -32.4468994) (112.98122 -5.96792348e-15 -32.4878622) (113.19015 -5.97543575e-15 -32.5287571) (113.399079 -5.98293554e-15 -32.5695841) (113.608009 -5.99042287e-15 -32.6103432) (113.816938 -5.99789772e-15 -32.6510344) (114.025868 -6.0053601e-15 -32.6916577) (114.234797 -6.01281002e-15 -32.7322132) (114.443727 -6.02024748e-15 -32.7727008) (114.652656 -6.02767247e-15 -32.8131206) (114.861586 -6.035085e-15 -32.8534726) (115.070515 -6.04248508e-15 -32.8937567) (115.279445 -6.0498727e-15 -32.9339731) (115.488374 -6.05724787e-15 -32.9741216) (115.697304 -6.06461059e-15 -33.0142024) (115.906233 -6.07196086e-15 -33.0542154) (116.115163 -6.07929869e-15 -33.0941607) (116.324092 -6.08662407e-15 -33.1340382) (116.533022 -6.09393701e-15 -33.173848) (116.741951 -6.10123752e-15 -33.2135901) (116.950881 -6.10852558e-15 -33.2532645))
    polyLine 367 383 ((112.354431 22.8853483 -22.8853483) (112.563361 22.9144095 -22.9144095) (112.77229 22.9434226 -22.9434226) (112.98122 22.9723877 -22.9723877) (113.19015 23.0013048 -23.0013048) (113.399079 23.0301738 -23.0301738) (113.608009 23.0589948 -23.0589948) (113.816938 23.0877679 -23.0877679) (114.025868 23.1164929 -23.1164929) (114.234797 23.1451699 -23.1451699) (114.443727 23.173799 -23.173799) (114.652656 23.2023801 -23.2023801) (114.861586 23.2309132 -23.2309132) (115.070515 23.2593984 -23.2593984) (115.279445 23.2878357 -23.2878357) (115.488374 23.316225 -23.316225) (115.697304 23.3445664 -23.3445664) (115.906233 23.3728599 -23.3728599) (116.115163 23.4011054 -23.4011054) (116.324092 23.4293031 -23.4293031) (116.533022 23.4574529 -23.4574529) (116.741951 23.4855548 -23.4855548) (116.950881 23.5136088 -23.5136088))
    polyLine 369 385 ((117.36874 33.3324102 0) (117.577669 33.3718815 0) (117.786599 33.4112852 0) (117.995528 33.4506212 0) (118.204458 33.4898897 0) (118.413388 33.5290905 0) (118.622317 33.5682236 0) (118.831247 33.6072892 0) (119.040176 33.6462873 0) (119.249106 33.6852177 0) (119.458035 33.7240806 0) (119.666965 33.7628759 0) (119.875894 33.8016037 0) (120.084824 33.840264 0) (120.293753 33.8788567 0) (120.502683 33.917382 0) (120.711612 33.9558398 0) (120.920542 33.9942301 0) (121.129471 34.0325529 0) (121.338401 34.0708083 0) (121.54733 34.1089962 0) (121.75626 34.1471167 0) (121.965189 34.1851698 0))
    polyLine 371 387 ((117.36874 23.5695733 23.5695733) (117.577669 23.5974837 23.5974837) (117.786599 23.6253463 23.6253463) (117.995528 23.6531611 23.6531611) (118.204458 23.6809281 23.6809281) (118.413388 23.7086472 23.7086472) (118.622317 23.7363186 23.7363186) (118.831247 23.7639421 23.7639421) (119.040176 23.7915179 23.7915179) (119.249106 23.8190459 23.8190459) (119.458035 23.8465261 23.8465261) (119.666965 23.8739585 23.8739585) (119.875894 23.9013432 23.9013432) (120.084824 23.9286801 23.9286801) (120.293753 23.9559693 23.9559693) (120.502683 23.9832108 23.9832108) (120.711612 24.0104046 24.0104046) (120.920542 24.0375506 24.0375506) (121.129471 24.0646489 24.0646489) (121.338401 24.0916996 24.0916996) (121.54733 24.1187025 24.1187025) (121.75626 24.1456578 24.1456578) (121.965189 24.1725654 24.1725654))
    polyLine 373 389 ((117.36874 2.04102147e-15 33.3324102) (117.577669 2.04343839e-15 33.3718815) (117.786599 2.04585117e-15 33.4112852) (117.995528 2.04825981e-15 33.4506212) (118.204458 2.05066431e-15 33.4898897) (118.413388 2.05306467e-15 33.5290905) (118.622317 2.05546088e-15 33.5682236) (118.831247 2.05785296e-15 33.6072892) (119.040176 2.0602409e-15 33.6462873) (119.249106 2.0626247e-15 33.6852177) (119.458035 2.06500437e-15 33.7240806) (119.666965 2.0673799e-15 33.7628759) (119.875894 2.06975129e-15 33.8016037) (120.084824 2.07211855e-15 33.840264) (120.293753 2.07448167e-15 33.8788567) (120.502683 2.07684067e-15 33.917382) (120.711612 2.07919552e-15 33.9558398) (120.920542 2.08154625e-15 33.9942301) (121.129471 2.08389285e-15 34.0325529) (121.338401 2.08623531e-15 34.0708083) (121.54733 2.08857365e-15 34.1089962) (121.75626 2.09090786e-15 34.1471167) (121.965189 2.09323794e-15 34.1851698))
    polyLine 375 391 ((117.36874 -23.5695733 23.5695733) (117.577669 -23.5974837 23.5974837) (117.786599 -23.6253463 23.6253463) (117.995528 -23.6531611 23.6531611) (118.204458 -23.6809281 23.6809281) (118.413388 -23.7086472 23.7086472) (118.622317 -23.7363186 23.7363186) (118.831247 -23.7639421 23.7639421) (119.040176 -23.7915179 23.7915179) (119.249106 -23.8190459 23.8190459) (119.458035 -23.8465261 23.8465261) (119.666965 -23.8739585 23.8739585) (119.875894 -23.9013432 23.9013432) (120.084824 -23.9286801 23.9286801) (120.293753 -23.9559693 23.9559693) (120.502683 -23.9832108 23.9832108) (120.711612 -24.0104046 24.0104046) (120.920542 -24.0375506 24.0375506) (121.129471 -24.0646489 24.0646489) (121.338401 -24.0916996 24.0916996) (121.54733 -24.1187025 24.1187025) (121.75626 -24.1456578 24.1456578) (121.965189 -24.1725654 24.1725654))
    polyLine 377 393 ((117.36874 -33.3324102 4.08204294e-15) (117.577669 -33.3718815 4.08687679e-15) (117.786599 -33.4112852 4.09170235e-15) (117.995528 -33.4506212 4.09651962e-15) (118.204458 -33.4898897 4.10132862e-15) (118.413388 -33.5290905 4.10612933e-15) (118.622317 -33.5682236 4.11092176e-15) (118.831247 -33.6072892 4.11570592e-15) (119.040176 -33.6462873 4.1204818e-15) (119.249106 -33.6852177 4.1252494e-15) (119.458035 -33.7240806 4.13000873e-15) (119.666965 -33.7628759 4.13475979e-15) (119.875894 -33.8016037 4.13950258e-15) (120.084824 -33.840264 4.1442371e-15) (120.293753 -33.8788567 4.14896335e-15) (120.502683 -33.917382 4.15368133e-15) (120.711612 -33.9558398 4.15839105e-15) (120.920542 -33.9942301 4.1630925e-15) (121.129471 -34.0325529 4.1677857e-15) (121.338401 -34.0708083 4.17247063e-15) (121.54733 -34.1089962 4.1771473e-15) (121.75626 -34.1471167 4.18181572e-15) (121.965189 -34.1851698 4.18647587e-15))
    polyLine 379 395 ((117.36874 -23.5695733 -23.5695733) (117.577669 -23.5974837 -23.5974837) (117.786599 -23.6253463 -23.6253463) (117.995528 -23.6531611 -23.6531611) (118.204458 -23.6809281 -23.6809281) (118.413388 -23.7086472 -23.7086472) (118.622317 -23.7363186 -23.7363186) (118.831247 -23.7639421 -23.7639421) (119.040176 -23.7915179 -23.7915179) (119.249106 -23.8190459 -23.8190459) (119.458035 -23.8465261 -23.8465261) (119.666965 -23.8739585 -23.8739585) (119.875894 -23.9013432 -23.9013432) (120.084824 -23.9286801 -23.9286801) (120.293753 -23.9559693 -23.9559693) (120.502683 -23.9832108 -23.9832108) (120.711612 -24.0104046 -24.0104046) (120.920542 -24.0375506 -24.0375506) (121.129471 -24.0646489 -24.0646489) (121.338401 -24.0916996 -24.0916996) (121.54733 -24.1187025 -24.1187025) (121.75626 -24.1456578 -24.1456578) (121.965189 -24.1725654 -24.1725654))
    polyLine 381 397 ((117.36874 -6.12306441e-15 -33.3324102) (117.577669 -6.13031518e-15 -33.3718815) (117.786599 -6.13755352e-15 -33.4112852) (117.995528 -6.14477943e-15 -33.4506212) (118.204458 -6.15199293e-15 -33.4898897) (118.413388 -6.159194e-15 -33.5290905) (118.622317 -6.16638265e-15 -33.5682236) (118.831247 -6.17355888e-15 -33.6072892) (119.040176 -6.1807227e-15 -33.6462873) (119.249106 -6.1878741e-15 -33.6852177) (119.458035 -6.1950131e-15 -33.7240806) (119.666965 -6.20213969e-15 -33.7628759) (119.875894 -6.20925387e-15 -33.8016037) (120.084824 -6.21635565e-15 -33.840264) (120.293753 -6.22344502e-15 -33.8788567) (120.502683 -6.230522e-15 -33.917382) (120.711612 -6.23758657e-15 -33.9558398) (120.920542 -6.24463876e-15 -33.9942301) (121.129471 -6.25167855e-15 -34.0325529) (121.338401 -6.25870594e-15 -34.0708083) (121.54733 -6.26572095e-15 -34.1089962) (121.75626 -6.27272357e-15 -34.1471167) (121.965189 -6.27971381e-15 -34.1851698))
    polyLine 383 399 ((117.36874 23.5695733 -23.5695733) (117.577669 23.5974837 -23.5974837) (117.786599 23.6253463 -23.6253463) (117.995528 23.6531611 -23.6531611) (118.204458 23.6809281 -23.6809281) (118.413388 23.7086472 -23.7086472) (118.622317 23.7363186 -23.7363186) (118.831247 23.7639421 -23.7639421) (119.040176 23.7915179 -23.7915179) (119.249106 23.8190459 -23.8190459) (119.458035 23.8465261 -23.8465261) (119.666965 23.8739585 -23.8739585) (119.875894 23.9013432 -23.9013432) (120.084824 23.9286801 -23.9286801) (120.293753 23.9559693 -23.9559693) (120.502683 23.9832108 -23.9832108) (120.711612 24.0104046 -24.0104046) (120.920542 24.0375506 -24.0375506) (121.129471 24.0646489 -24.0646489) (121.338401 24.0916996 -24.0916996) (121.54733 24.1187025 -24.1187025) (121.75626 24.1456578 -24.1456578) (121.965189 24.1725654 -24.1725654))
    polyLine 385 401 ((122.383048 34.2610737 0) (122.591978 34.2989246 0) (122.800907 34.3367081 0) (123.009837 34.3744243 0) (123.218766 34.4120731 0) (123.427696 34.4496545 0) (123.636625 34.4871687 0) (123.845555 34.5246155 0) (124.054485 34.561995 0) (124.263414 34.5993072 0) (124.472344 34.6365521 0) (124.681273 34.6737298 0) (124.890203 34.7108402 0) (125.099132 34.7478834 0) (125.308062 34.7848593 0) (125.516991 34.8217679 0) (125.725921 34.8586094 0) (125.93485 34.8953837 0) (126.14378 34.9320908 0) (126.352709 34.9687306 0) (126.561639 35.0053034 0) (126.770568 35.0418089 0) (126.979498 35.0782473 0))
    polyLine 387 403 ((122.383048 24.2262376 24.2262376) (122.591978 24.2530022 24.2530022) (122.800907 24.2797192 24.2797192) (123.009837 24.3063885 24.3063885) (123.218766 24.3330102 24.3330102) (123.427696 24.3595843 24.3595843) (123.636625 24.3861108 24.3861108) (123.845555 24.4125897 24.4125897) (124.054485 24.439021 24.439021) (124.263414 24.4654048 24.4654048) (124.472344 24.4917409 24.4917409) (124.681273 24.5180295 24.5180295) (124.890203 24.5442705 24.5442705) (125.099132 24.570464 24.570464) (125.308062 24.5966099 24.5966099) (125.516991 24.6227083 24.6227083) (125.725921 24.6487591 24.6487591) (125.93485 24.6747624 24.6747624) (126.14378 24.7007183 24.7007183) (126.352709 24.7266266 24.7266266) (126.561639 24.7524874 24.7524874) (126.770568 24.7783007 24.7783007) (126.979498 24.8040665 24.8040665))
    polyLine 389 405 ((122.383048 2.09788571e-15 34.2610737) (122.591978 2.10020341e-15 34.2989246) (122.800907 2.10251698e-15 34.3367081) (123.009837 2.10482643e-15 34.3744243) (123.218766 2.10713176e-15 34.4120731) (123.427696 2.10943296e-15 34.4496545) (123.636625 2.11173004e-15 34.4871687) (123.845555 2.11402299e-15 34.5246155) (124.054485 2.11631183e-15 34.561995) (124.263414 2.11859654e-15 34.5993072) (124.472344 2.12087714e-15 34.6365521) (124.681273 2.12315361e-15 34.6737298) (124.890203 2.12542597e-15 34.7108402) (125.099132 2.12769421e-15 34.7478834) (125.308062 2.12995833e-15 34.7848593) (125.516991 2.13221833e-15 34.8217679) (125.725921 2.13447422e-15 34.8586094) (125.93485 2.136726e-15 34.8953837) (126.14378 2.13897366e-15 34.9320908) (126.352709 2.1412172e-15 34.9687306) (126.561639 2.14345664e-15 35.0053034) (126.770568 2.14569196e-15 35.0418089) (126.979498 2.14792316e-15 35.0782473))
    polyLine 391 407 ((122.383048 -24.2262376 24.2262376) (122.591978 -24.2530022 24.2530022) (122.800907 -24.2797192 24.2797192) (123.009837 -24.3063885 24.3063885) (123.218766 -24.3330102 24.3330102) (123.427696 -24.3595843 24.3595843) (123.636625 -24.3861108 24.3861108) (123.845555 -24.4125897 24.4125897) (124.054485 -24.439021 24.439021) (124.263414 -24.4654048 24.4654048) (124.472344 -24.4917409 24.4917409) (124.681273 -24.5180295 24.5180295) (124.890203 -24.5442705 24.5442705) (125.099132 -24.570464 24.570464) (125.308062 -24.5966099 24.5966099) (125.516991 -24.6227083 24.6227083) (125.725921 -24.6487591 24.6487591) (125.93485 -24.6747624 24.6747624) (126.14378 -24.7007183 24.7007183) (126.352709 -24.7266266 24.7266266) (126.561639 -24.7524874 24.7524874) (126.770568 -24.7783007 24.7783007) (126.979498 -24.8040665 24.8040665))
    polyLine 393 409 ((122.383048 -34.2610737 4.19577143e-15) (122.591978 -34.2989246 4.20040682e-15) (122.800907 -34.3367081 4.20503397e-15) (123.009837 -34.3744243 4.20965287e-15) (123.218766 -34.4120731 4.21426351e-15) (123.427696 -34.4496545 4.21886592e-15) (123.636625 -34.4871687 4.22346007e-15) (123.845555 -34.5246155 4.22804598e-15) (124.054485 -34.561995 4.23262365e-15) (124.263414 -34.5993072 4.23719308e-15) (124.472344 -34.6365521 4.24175427e-15) (124.681273 -34.6737298 4.24630722e-15) (124.890203 -34.7108402 4.25085194e-15) (125.099132 -34.7478834 4.25538841e-15) (125.308062 -34.7848593 4.25991666e-15) (125.516991 -34.8217679 4.26443667e-15) (125.725921 -34.8586094 4.26894844e-15) (125.93485 -34.8953837 4.27345199e-15) (126.14378 -34.9320908 4.27794731e-15) (126.352709 -34.9687306 4.2824344e-15) (126.561639 -35.0053034 4.28691327e-15) (126.770568 -35.0418089 4.29138391e-15) (126.979498 -35.0782473 4.29584633e-15))
    polyLine 395 411 ((122.383048 -24.2262376 -24.2262376) (122.591978 -24.2530022 -24.2530022) (122.800907 -24.2797192 -24.2797192) (123.009837 -24.3063885 -24.3063885) (123.218766 -24.3330102 -24.3330102) (123.427696 -24.3595843 -24.3595843) (123.636625 -24.3861108 -24.3861108) (123.845555 -24.4125897 -24.4125897) (124.054485 -24.439021 -24.439021) (124.263414 -24.4654048 -24.4654048) (124.472344 -24.4917409 -24.4917409) (124.681273 -24.5180295 -24.5180295) (124.890203 -24.5442705 -24.5442705) (125.099132 -24.570464 -24.570464) (125.308062 -24.5966099 -24.5966099) (125.516991 -24.6227083 -24.6227083) (125.725921 -24.6487591 -24.6487591) (125.93485 -24.6747624 -24.6747624) (126.14378 -24.7007183 -24.7007183) (126.352709 -24.7266266 -24.7266266) (126.561639 -24.7524874 -24.7524874) (126.770568 -24.7783007 -24.7783007) (126.979498 -24.8040665 -24.8040665))
    polyLine 397 413 ((122.383048 -6.29365714e-15 -34.2610737) (122.591978 -6.30061023e-15 -34.2989246) (122.800907 -6.30755095e-15 -34.3367081) (123.009837 -6.3144793e-15 -34.3744243) (123.218766 -6.32139527e-15 -34.4120731) (123.427696 -6.32829887e-15 -34.4496545) (123.636625 -6.33519011e-15 -34.4871687) (123.845555 -6.34206898e-15 -34.5246155) (124.054485 -6.34893548e-15 -34.561995) (124.263414 -6.35578962e-15 -34.5993072) (124.472344 -6.36263141e-15 -34.6365521) (124.681273 -6.36946083e-15 -34.6737298) (124.890203 -6.3762779e-15 -34.7108402) (125.099132 -6.38308262e-15 -34.7478834) (125.308062 -6.38987498e-15 -34.7848593) (125.516991 -6.396655e-15 -34.8217679) (125.725921 -6.40342267e-15 -34.8586094) (125.93485 -6.41017799e-15 -34.8953837) (126.14378 -6.41692097e-15 -34.9320908) (126.352709 -6.42365161e-15 -34.9687306) (126.561639 -6.43036991e-15 -35.0053034) (126.770568 -6.43707587e-15 -35.0418089) (126.979498 -6.44376949e-15 -35.0782473))
    polyLine 399 415 ((122.383048 24.2262376 -24.2262376) (122.591978 24.2530022 -24.2530022) (122.800907 24.2797192 -24.2797192) (123.009837 24.3063885 -24.3063885) (123.218766 24.3330102 -24.3330102) (123.427696 24.3595843 -24.3595843) (123.636625 24.3861108 -24.3861108) (123.845555 24.4125897 -24.4125897) (124.054485 24.439021 -24.439021) (124.263414 24.4654048 -24.4654048) (124.472344 24.4917409 -24.4917409) (124.681273 24.5180295 -24.5180295) (124.890203 24.5442705 -24.5442705) (125.099132 24.570464 -24.570464) (125.308062 24.5966099 -24.5966099) (125.516991 24.6227083 -24.6227083) (125.725921 24.6487591 -24.6487591) (125.93485 24.6747624 -24.6747624) (126.14378 24.7007183 -24.7007183) (126.352709 24.7266266 -24.7266266) (126.561639 24.7524874 -24.7524874) (126.770568 24.7783007 -24.7783007) (126.979498 24.8040665 -24.8040665))
    polyLine 401 417 ((127.397357 35.1509227 0) (127.606286 35.1871597 0) (127.815216 35.2233296 0) (128.024145 35.2594325 0) (128.233075 35.2954682 0) (128.442004 35.3314368 0) (128.650934 35.3673384 0) (128.859863 35.403173 0) (129.068793 35.4389405 0) (129.277722 35.474641 0) (129.486652 35.5102744 0) (129.695582 35.5458409 0) (129.904511 35.5813403 0) (130.113441 35.6167728 0) (130.32237 35.6521382 0) (130.5313 35.6874367 0) (130.740229 35.7226683 0) (130.949159 35.7578329 0) (131.158088 35.7929306 0) (131.367018 35.8279613 0) (131.575947 35.8629252 0) (131.784877 35.8978221 0) (131.993806 35.9326521 0))
    polyLine 403 419 ((127.397357 24.8554558 24.8554558) (127.606286 24.8810793 24.8810793) (127.815216 24.9066552 24.9066552) (128.024145 24.9321838 24.9321838) (128.233075 24.9576649 24.9576649) (128.442004 24.9830986 24.9830986) (128.650934 25.0084848 25.0084848) (128.859863 25.0338237 25.0338237) (129.068793 25.0591151 25.0591151) (129.277722 25.0843592 25.0843592) (129.486652 25.1095558 25.1095558) (129.695582 25.1347051 25.1347051) (129.904511 25.159807 25.159807) (130.113441 25.1848615 25.1848615) (130.32237 25.2098687 25.2098687) (130.5313 25.2348285 25.2348285) (130.740229 25.259741 25.259741) (130.949159 25.2846061 25.2846061) (131.158088 25.3094239 25.3094239) (131.367018 25.3341944 25.3341944) (131.575947 25.3589176 25.3589176) (131.784877 25.3835934 25.3835934) (131.993806 25.408222 25.408222))
    polyLine 405 421 ((127.397357 2.15237325e-15 35.1509227) (127.606286 2.15459213e-15 35.1871597) (127.815216 2.15680689e-15 35.2233296) (128.024145 2.15901755e-15 35.2594325) (128.233075 2.16122411e-15 35.2954682) (128.442004 2.16342655e-15 35.3314368) (128.650934 2.16562489e-15 35.3673384) (128.859863 2.16781912e-15 35.403173) (129.068793 2.17000925e-15 35.4389405) (129.277722 2.17219528e-15 35.474641) (129.486652 2.1743772e-15 35.5102744) (129.695582 2.17655501e-15 35.5458409) (129.904511 2.17872873e-15 35.5813403) (130.113441 2.18089834e-15 35.6167728) (130.32237 2.18306385e-15 35.6521382) (130.5313 2.18522526e-15 35.6874367) (130.740229 2.18738257e-15 35.7226683) (130.949159 2.18953578e-15 35.7578329) (131.158088 2.19168489e-15 35.7929306) (131.367018 2.19382991e-15 35.8279613) (131.575947 2.19597083e-15 35.8629252) (131.784877 2.19810765e-15 35.8978221) (131.993806 2.20024037e-15 35.9326521))
    polyLine 407 423 ((127.397357 -24.8554558 24.8554558) (127.606286 -24.8810793 24.8810793) (127.815216 -24.9066552 24.9066552) (128.024145 -24.9321838 24.9321838) (128.233075 -24.9576649 24.9576649) (128.442004 -24.9830986 24.9830986) (128.650934 -25.0084848 25.0084848) (128.859863 -25.0338237 25.0338237) (129.068793 -25.0591151 25.0591151) (129.277722 -25.0843592 25.0843592) (129.486652 -25.1095558 25.1095558) (129.695582 -25.1347051 25.1347051) (129.904511 -25.159807 25.159807) (130.113441 -25.1848615 25.1848615) (130.32237 -25.2098687 25.2098687) (130.5313 -25.2348285 25.2348285) (130.740229 -25.259741 25.259741) (130.949159 -25.2846061 25.2846061) (131.158088 -25.3094239 25.3094239) (131.367018 -25.3341944 25.3341944) (131.575947 -25.3589176 25.3589176) (131.784877 -25.3835934 25.3835934) (131.993806 -25.408222 25.408222))
    polyLine 409 425 ((127.397357 -35.1509227 4.3047465e-15) (127.606286 -35.1871597 4.30918425e-15) (127.815216 -35.2233296 4.31361379e-15) (128.024145 -35.2594325 4.31803511e-15) (128.233075 -35.2954682 4.32244821e-15) (128.442004 -35.3314368 4.3268531e-15) (128.650934 -35.3673384 4.33124978e-15) (128.859863 -35.403173 4.33563825e-15) (129.068793 -35.4389405 4.3400185e-15) (129.277722 -35.474641 4.34439055e-15) (129.486652 -35.5102744 4.34875439e-15) (129.695582 -35.5458409 4.35311002e-15) (129.904511 -35.5813403 4.35745745e-15) (130.113441 -35.6167728 4.36179668e-15) (130.32237 -35.6521382 4.3661277e-15) (130.5313 -35.6874367 4.37045052e-15) (130.740229 -35.7226683 4.37476514e-15) (130.949159 -35.7578329 4.37907156e-15) (131.158088 -35.7929306 4.38336979e-15) (131.367018 -35.8279613 4.38765982e-15) (131.575947 -35.8629252 4.39194165e-15) (131.784877 -35.8978221 4.39621529e-15) (131.993806 -35.9326521 4.40048074e-15))
    polyLine 411 427 ((127.397357 -24.8554558 -24.8554558) (127.606286 -24.8810793 -24.8810793) (127.815216 -24.9066552 -24.9066552) (128.024145 -24.9321838 -24.9321838) (128.233075 -24.9576649 -24.9576649) (128.442004 -24.9830986 -24.9830986) (128.650934 -25.0084848 -25.0084848) (128.859863 -25.0338237 -25.0338237) (129.068793 -25.0591151 -25.0591151) (129.277722 -25.0843592 -25.0843592) (129.486652 -25.1095558 -25.1095558) (129.695582 -25.1347051 -25.1347051) (129.904511 -25.159807 -25.159807) (130.113441 -25.1848615 -25.1848615) (130.32237 -25.2098687 -25.2098687) (130.5313 -25.2348285 -25.2348285) (130.740229 -25.259741 -25.259741) (130.949159 -25.2846061 -25.2846061) (131.158088 -25.3094239 -25.3094239) (131.367018 -25.3341944 -25.3341944) (131.575947 -25.3589176 -25.3589176) (131.784877 -25.3835934 -25.3835934) (131.993806 -25.408222 -25.408222))
    polyLine 413 429 ((127.397357 -6.45711975e-15 -35.1509227) (127.606286 -6.46377638e-15 -35.1871597) (127.815216 -6.47042068e-15 -35.2233296) (128.024145 -6.47705266e-15 -35.2594325) (128.233075 -6.48367232e-15 -35.2954682) (128.442004 -6.49027966e-15 -35.3314368) (128.650934 -6.49687467e-15 -35.3673384) (128.859863 -6.50345737e-15 -35.403173) (129.068793 -6.51002776e-15 -35.4389405) (129.277722 -6.51658583e-15 -35.474641) (129.486652 -6.52313159e-15 -35.5102744) (129.695582 -6.52966503e-15 -35.5458409) (129.904511 -6.53618618e-15 -35.5813403) (130.113441 -6.54269501e-15 -35.6167728) (130.32237 -6.54919155e-15 -35.6521382) (130.5313 -6.55567578e-15 -35.6874367) (130.740229 -6.56214771e-15 -35.7226683) (130.949159 -6.56860734e-15 -35.7578329) (131.158088 -6.57505468e-15 -35.7929306) (131.367018 -6.58148973e-15 -35.8279613) (131.575947 -6.58791248e-15 -35.8629252) (131.784877 -6.59432294e-15 -35.8978221) (131.993806 -6.60072112e-15 -35.9326521))
    polyLine 415 431 ((127.397357 24.8554558 -24.8554558) (127.606286 24.8810793 -24.8810793) (127.815216 24.9066552 -24.9066552) (128.024145 24.9321838 -24.9321838) (128.233075 24.9576649 -24.9576649) (128.442004 24.9830986 -24.9830986) (128.650934 25.0084848 -25.0084848) (128.859863 25.0338237 -25.0338237) (129.068793 25.0591151 -25.0591151) (129.277722 25.0843592 -25.0843592) (129.486652 25.1095558 -25.1095558) (129.695582 25.1347051 -25.1347051) (129.904511 25.159807 -25.159807) (130.113441 25.1848615 -25.1848615) (130.32237 25.2098687 -25.2098687) (130.5313 25.2348285 -25.2348285) (130.740229 25.259741 -25.259741) (130.949159 25.2846061 -25.2846061) (131.158088 25.3094239 -25.3094239) (131.367018 25.3341944 -25.3341944) (131.575947 25.3589176 -25.3589176) (131.784877 25.3835934 -25.3835934) (131.993806 25.408222 -25.408222))
    polyLine 417 433 ((132.411665 36.0021116 0) (132.620595 36.036741 0) (132.829524 36.0713036 0) (133.038454 36.1057993 0) (133.247383 36.1402282 0) (133.456313 36.1745903 0) (133.665242 36.2088856 0) (133.874172 36.243114 0) (134.083101 36.2772757 0) (134.292031 36.3113706 0) (134.50096 36.3453987 0) (134.70989 36.3793601 0) (134.91882 36.4132547 0) (135.127749 36.4470826 0) (135.336679 36.4808437 0) (135.545608 36.5145382 0) (135.754538 36.5481659 0) (135.963467 36.5817269 0) (136.172397 36.6152213 0) (136.381326 36.6486489 0) (136.590256 36.6820099 0) (136.799185 36.7153042 0) (137.008115 36.7485319 0))
    polyLine 419 435 ((132.411665 25.4573372 25.4573372) (132.620595 25.4818239 25.4818239) (132.829524 25.5062634 25.5062634) (133.038454 25.5306555 25.5306555) (133.247383 25.5550004 25.5550004) (133.456313 25.5792981 25.5792981) (133.665242 25.6035485 25.6035485) (133.874172 25.6277517 25.6277517) (134.083101 25.6519077 25.6519077) (134.292031 25.6760164 25.6760164) (134.50096 25.7000779 25.7000779) (134.70989 25.7240922 25.7240922) (134.91882 25.7480593 25.7480593) (135.127749 25.7719793 25.7719793) (135.336679 25.795852 25.795852) (135.545608 25.8196776 25.8196776) (135.754538 25.8434559 25.8434559) (135.963467 25.8671872 25.8671872) (136.172397 25.8908712 25.8908712) (136.381326 25.9145082 25.9145082) (136.590256 25.9380979 25.9380979) (136.799185 25.9616406 25.9616406) (137.008115 25.9851361 25.9851361))
    polyLine 421 437 ((132.411665 2.20449354e-15 36.0021116) (132.620595 2.20661398e-15 36.036741) (132.829524 2.20873032e-15 36.0713036) (133.038454 2.21084258e-15 36.1057993) (133.247383 2.21295074e-15 36.1402282) (133.456313 2.21505481e-15 36.1745903) (133.665242 2.21715479e-15 36.2088856) (133.874172 2.21925068e-15 36.243114) (134.083101 2.22134248e-15 36.2772757) (134.292031 2.22343019e-15 36.3113706) (134.50096 2.22551381e-15 36.3453987) (134.70989 2.22759334e-15 36.3793601) (134.91882 2.22966879e-15 36.4132547) (135.127749 2.23174015e-15 36.4470826) (135.336679 2.23380743e-15 36.4808437) (135.545608 2.23587061e-15 36.5145382) (135.754538 2.23792972e-15 36.5481659) (135.963467 2.23998474e-15 36.5817269) (136.172397 2.24203568e-15 36.6152213) (136.381326 2.24408253e-15 36.6486489) (136.590256 2.2461253e-15 36.6820099) (136.799185 2.24816399e-15 36.7153042) (137.008115 2.2501986e-15 36.7485319))
    polyLine 423 439 ((132.411665 -25.4573372 25.4573372) (132.620595 -25.4818239 25.4818239) (132.829524 -25.5062634 25.5062634) (133.038454 -25.5306555 25.5306555) (133.247383 -25.5550004 25.5550004) (133.456313 -25.5792981 25.5792981) (133.665242 -25.6035485 25.6035485) (133.874172 -25.6277517 25.6277517) (134.083101 -25.6519077 25.6519077) (134.292031 -25.6760164 25.6760164) (134.50096 -25.7000779 25.7000779) (134.70989 -25.7240922 25.7240922) (134.91882 -25.7480593 25.7480593) (135.127749 -25.7719793 25.7719793) (135.336679 -25.795852 25.795852) (135.545608 -25.8196776 25.8196776) (135.754538 -25.8434559 25.8434559) (135.963467 -25.8671872 25.8671872) (136.172397 -25.8908712 25.8908712) (136.381326 -25.9145082 25.9145082) (136.590256 -25.9380979 25.9380979) (136.799185 -25.9616406 25.9616406) (137.008115 -25.9851361 25.9851361))
    polyLine 425 441 ((132.411665 -36.0021116 4.40898707e-15) (132.620595 -36.036741 4.41322795e-15) (132.829524 -36.0713036 4.41746065e-15) (133.038454 -36.1057993 4.42168516e-15) (133.247383 -36.1402282 4.42590148e-15) (133.456313 -36.1745903 4.43010962e-15) (133.665242 -36.2088856 4.43430958e-15) (133.874172 -36.243114 4.43850136e-15) (134.083101 -36.2772757 4.44268496e-15) (134.292031 -36.3113706 4.44686038e-15) (134.50096 -36.3453987 4.45102762e-15) (134.70989 -36.3793601 4.45518669e-15) (134.91882 -36.4132547 4.45933758e-15) (135.127749 -36.4470826 4.4634803e-15) (135.336679 -36.4808437 4.46761485e-15) (135.545608 -36.5145382 4.47174123e-15) (135.754538 -36.5481659 4.47585944e-15) (135.963467 -36.5817269 4.47996948e-15) (136.172397 -36.6152213 4.48407135e-15) (136.381326 -36.6486489 4.48816506e-15) (136.590256 -36.6820099 4.4922506e-15) (136.799185 -36.7153042 4.49632798e-15) (137.008115 -36.7485319 4.5003972e-15))
    polyLine 427 443 ((132.411665 -25.4573372 -25.4573372) (132.620595 -25.4818239 -25.4818239) (132.829524 -25.5062634 -25.5062634) (133.038454 -25.5306555 -25.5306555) (133.247383 -25.5550004 -25.5550004) (133.456313 -25.5792981 -25.5792981) (133.665242 -25.6035485 -25.6035485) (133.874172 -25.6277517 -25.6277517) (134.083101 -25.6519077 -25.6519077) (134.292031 -25.6760164 -25.6760164) (134.50096 -25.7000779 -25.7000779) (134.70989 -25.7240922 -25.7240922) (134.91882 -25.7480593 -25.7480593) (135.127749 -25.7719793 -25.7719793) (135.336679 -25.795852 -25.795852) (135.545608 -25.8196776 -25.8196776) (135.754538 -25.8434559 -25.8434559) (135.963467 -25.8671872 -25.8671872) (136.172397 -25.8908712 -25.8908712) (136.381326 -25.9145082 -25.9145082) (136.590256 -25.9380979 -25.9380979) (136.799185 -25.9616406 -25.9616406) (137.008115 -25.9851361 -25.9851361))
    polyLine 429 445 ((132.411665 -6.61348061e-15 -36.0021116) (132.620595 -6.61984193e-15 -36.036741) (132.829524 -6.62619097e-15 -36.0713036) (133.038454 -6.63252773e-15 -36.1057993) (133.247383 -6.63885222e-15 -36.1402282) (133.456313 -6.64516443e-15 -36.1745903) (133.665242 -6.65146437e-15 -36.2088856) (133.874172 -6.65775204e-15 -36.243114) (134.083101 -6.66402744e-15 -36.2772757) (134.292031 -6.67029057e-15 -36.3113706) (134.50096 -6.67654143e-15 -36.3453987) (134.70989 -6.68278003e-15 -36.3793601) (134.91882 -6.68900637e-15 -36.4132547) (135.127749 -6.69522046e-15 -36.4470826) (135.336679 -6.70142228e-15 -36.4808437) (135.545608 -6.70761184e-15 -36.5145382) (135.754538 -6.71378916e-15 -36.5481659) (135.963467 -6.71995422e-15 -36.5817269) (136.172397 -6.72610703e-15 -36.6152213) (136.381326 -6.73224759e-15 -36.6486489) (136.590256 -6.7383759e-15 -36.6820099) (136.799185 -6.74449197e-15 -36.7153042) (137.008115 -6.75059579e-15 -36.7485319))
    polyLine 431 447 ((132.411665 25.4573372 -25.4573372) (132.620595 25.4818239 -25.4818239) (132.829524 25.5062634 -25.5062634) (133.038454 25.5306555 -25.5306555) (133.247383 25.5550004 -25.5550004) (133.456313 25.5792981 -25.5792981) (133.665242 25.6035485 -25.6035485) (133.874172 25.6277517 -25.6277517) (134.083101 25.6519077 -25.6519077) (134.292031 25.6760164 -25.6760164) (134.50096 25.7000779 -25.7000779) (134.70989 25.7240922 -25.7240922) (134.91882 25.7480593 -25.7480593) (135.127749 25.7719793 -25.7719793) (135.336679 25.795852 -25.795852) (135.545608 25.8196776 -25.8196776) (135.754538 25.8434559 -25.8434559) (135.963467 25.8671872 -25.8671872) (136.172397 25.8908712 -25.8908712) (136.381326 25.9145082 -25.9145082) (136.590256 25.9380979 -25.9380979) (136.799185 25.9616406 -25.9616406) (137.008115 25.9851361 -25.9851361))
    polyLine 433 449 ((137.425974 36.8147873 0) (137.634903 36.8478151 0) (137.843833 36.8807763 0) (138.052762 36.9136709 0) (138.261692 36.9464989 0) (138.470621 36.9792603 0) (138.679551 37.0119551 0) (138.88848 37.0445834 0) (139.09741 37.0771451 0) (139.306339 37.1096403 0) (139.515269 37.142069 0) (139.724198 37.1744311 0) (139.933128 37.2067267 0) (140.142057 37.2389558 0) (140.350987 37.2711185 0) (140.559917 37.3032146 0) (140.768846 37.3352443 0) (140.977776 37.3672075 0) (141.186705 37.3991042 0) (141.395635 37.4309345 0) (141.604564 37.4626984 0) (141.813494 37.4943958 0) (142.022423 37.5260268 0))
    polyLine 435 451 ((137.425974 26.0319858 26.0319858) (137.634903 26.05534 26.05534) (137.843833 26.078647 26.078647) (138.052762 26.101907 26.101907) (138.261692 26.1251199 26.1251199) (138.470621 26.1482857 26.1482857) (138.679551 26.1714045 26.1714045) (138.88848 26.1944761 26.1944761) (139.09741 26.2175008 26.2175008) (139.306339 26.2404783 26.2404783) (139.515269 26.2634088 26.2634088) (139.724198 26.2862923 26.2862923) (139.933128 26.3091288 26.3091288) (140.142057 26.3319182 26.3319182) (140.350987 26.3546606 26.3546606) (140.559917 26.377356 26.377356) (140.768846 26.4000044 26.4000044) (140.977776 26.4226058 26.4226058) (141.186705 26.4451602 26.4451602) (141.395635 26.4676676 26.4676676) (141.604564 26.4901281 26.4901281) (141.813494 26.5125415 26.5125415) (142.022423 26.534908 26.534908))
    polyLine 437 453 ((137.425974 2.25425557e-15 36.8147873) (137.634903 2.25627794e-15 36.8478151) (137.843833 2.25829623e-15 36.8807763) (138.052762 2.26031045e-15 36.9136709) (138.261692 2.26232058e-15 36.9464989) (138.470621 2.26432664e-15 36.9792603) (138.679551 2.26632862e-15 37.0119551) (138.88848 2.26832653e-15 37.0445834) (139.09741 2.27032036e-15 37.0771451) (139.306339 2.27231011e-15 37.1096403) (139.515269 2.27429579e-15 37.142069) (139.724198 2.2762774e-15 37.1744311) (139.933128 2.27825494e-15 37.2067267) (140.142057 2.2802284e-15 37.2389558) (140.350987 2.2821978e-15 37.2711185) (140.559917 2.28416312e-15 37.3032146) (140.768846 2.28612437e-15 37.3352443) (140.977776 2.28808155e-15 37.3672075) (141.186705 2.29003466e-15 37.3991042) (141.395635 2.29198371e-15 37.4309345) (141.604564 2.29392868e-15 37.4626984) (141.813494 2.29586959e-15 37.4943958) (142.022423 2.29780643e-15 37.5260268))
    polyLine 439 455 ((137.425974 -26.0319858 26.0319858) (137.634903 -26.05534 26.05534) (137.843833 -26.078647 26.078647) (138.052762 -26.101907 26.101907) (138.261692 -26.1251199 26.1251199) (138.470621 -26.1482857 26.1482857) (138.679551 -26.1714045 26.1714045) (138.88848 -26.1944761 26.1944761) (139.09741 -26.2175008 26.2175008) (139.306339 -26.2404783 26.2404783) (139.515269 -26.2634088 26.2634088) (139.724198 -26.2862923 26.2862923) (139.933128 -26.3091288 26.3091288) (140.142057 -26.3319182 26.3319182) (140.350987 -26.3546606 26.3546606) (140.559917 -26.377356 26.377356) (140.768846 -26.4000044 26.4000044) (140.977776 -26.4226058 26.4226058) (141.186705 -26.4451602 26.4451602) (141.395635 -26.4676676 26.4676676) (141.604564 -26.4901281 26.4901281) (141.813494 -26.5125415 26.5125415) (142.022423 -26.534908 26.534908))
    polyLine 441 457 ((137.425974 -36.8147873 4.50851115e-15) (137.634903 -36.8478151 4.51255589e-15) (137.843833 -36.8807763 4.51659247e-15) (138.052762 -36.9136709 4.52062089e-15) (138.261692 -36.9464989 4.52464116e-15) (138.470621 -36.9792603 4.52865328e-15) (138.679551 -37.0119551 4.53265724e-15) (138.88848 -37.0445834 4.53665305e-15) (139.09741 -37.0771451 4.54064071e-15) (139.306339 -37.1096403 4.54462022e-15) (139.515269 -37.142069 4.54859159e-15) (139.724198 -37.1744311 4.55255481e-15) (139.933128 -37.2067267 4.55650988e-15) (140.142057 -37.2389558 4.56045681e-15) (140.350987 -37.2711185 4.56439559e-15) (140.559917 -37.3032146 4.56832624e-15) (140.768846 -37.3352443 4.57224874e-15) (140.977776 -37.3672075 4.5761631e-15) (141.186705 -37.3991042 4.58006933e-15) (141.395635 -37.4309345 4.58396741e-15) (141.604564 -37.4626984 4.58785736e-15) (141.813494 -37.4943958 4.59173918e-15) (142.022423 -37.5260268 4.59561286e-15))
    polyLine 443 459 ((137.425974 -26.0319858 -26.0319858) (137.634903 -26.05534 -26.05534) (137.843833 -26.078647 -26.078647) (138.052762 -26.101907 -26.101907) (138.261692 -26.1251199 -26.1251199) (138.470621 -26.1482857 -26.1482857) (138.679551 -26.1714045 -26.1714045) (138.88848 -26.1944761 -26.1944761) (139.09741 -26.2175008 -26.2175008) (139.306339 -26.2404783 -26.2404783) (139.515269 -26.2634088 -26.2634088) (139.724198 -26.2862923 -26.2862923) (139.933128 -26.3091288 -26.3091288) (140.142057 -26.3319182 -26.3319182) (140.350987 -26.3546606 -26.3546606) (140.559917 -26.377356 -26.377356) (140.768846 -26.4000044 -26.4000044) (140.977776 -26.4226058 -26.4226058) (141.186705 -26.4451602 -26.4451602) (141.395635 -26.4676676 -26.4676676) (141.604564 -26.4901281 -26.4901281) (141.813494 -26.5125415 -26.5125415) (142.022423 -26.534908 -26.534908))
    polyLine 445 461 ((137.425974 -6.76276672e-15 -36.8147873) (137.634903 -6.76883383e-15 -36.8478151) (137.843833 -6.7748887e-15 -36.8807763) (138.052762 -6.78093134e-15 -36.9136709) (138.261692 -6.78696174e-15 -36.9464989) (138.470621 -6.79297991e-15 -36.9792603) (138.679551 -6.79898586e-15 -37.0119551) (138.88848 -6.80497958e-15 -37.0445834) (139.09741 -6.81096107e-15 -37.0771451) (139.306339 -6.81693034e-15 -37.1096403) (139.515269 -6.82288738e-15 -37.142069) (139.724198 -6.82883221e-15 -37.1744311) (139.933128 -6.83476482e-15 -37.2067267) (140.142057 -6.84068521e-15 -37.2389558) (140.350987 -6.84659339e-15 -37.2711185) (140.559917 -6.85248935e-15 -37.3032146) (140.768846 -6.85837311e-15 -37.3352443) (140.977776 -6.86424465e-15 -37.3672075) (141.186705 -6.87010399e-15 -37.3991042) (141.395635 -6.87595112e-15 -37.4309345) (141.604564 -6.88178605e-15 -37.4626984) (141.813494 -6.88760877e-15 -37.4943958) (142.022423 -6.89341929e-15 -37.5260268))
    polyLine 447 463 ((137.425974 26.0319858 -26.0319858) (137.634903 26.05534 -26.05534) (137.843833 26.078647 -26.078647) (138.052762 26.101907 -26.101907) (138.261692 26.1251199 -26.1251199) (138.470621 26.1482857 -26.1482857) (138.679551 26.1714045 -26.1714045) (138.88848 26.1944761 -26.1944761) (139.09741 26.2175008 -26.2175008) (139.306339 26.2404783 -26.2404783) (139.515269 26.2634088 -26.2634088) (139.724198 26.2862923 -26.2862923) (139.933128 26.3091288 -26.3091288) (140.142057 26.3319182 -26.3319182) (140.350987 26.3546606 -26.3546606) (140.559917 26.377356 -26.377356) (140.768846 26.4000044 -26.4000044) (140.977776 26.4226058 -26.4226058) (141.186705 26.4451602 -26.4451602) (141.395635 26.4676676 -26.4676676) (141.604564 26.4901281 -26.4901281) (141.813494 26.5125415 -26.5125415) (142.022423 26.534908 -26.534908))
    polyLine 449 465 ((142.440282 37.5890896 0) (142.649212 37.6205214 0) (142.858141 37.6518869 0) (143.067071 37.6831859 0) (143.276 37.7144187 0) (143.48493 37.745585 0) (143.693859 37.776685 0) (143.902789 37.8077187 0) (144.111718 37.838686 0) (144.320648 37.8695871 0) (144.529577 37.9004218 0) (144.738507 37.9311902 0) (144.947436 37.9618924 0) (145.156366 37.9925282 0) (145.365295 38.0230978 0) (145.574225 38.0536011 0) (145.783154 38.0840382 0) (145.992084 38.1144091 0) (146.201014 38.1447137 0) (146.409943 38.174952 0) (146.618873 38.2051242 0) (146.827802 38.2352301 0) (147.036732 38.2652699 0))
    polyLine 451 467 ((142.440282 26.5795002 26.5795002) (142.649212 26.6017258 26.6017258) (142.858141 26.6239045 26.6239045) (143.067071 26.6460363 26.6460363) (143.276 26.6681212 26.6681212) (143.48493 26.6901591 26.6901591) (143.693859 26.7121501 26.7121501) (143.902789 26.7340943 26.7340943) (144.111718 26.7559915 26.7559915) (144.320648 26.7778418 26.7778418) (144.529577 26.7996453 26.7996453) (144.738507 26.8214018 26.8214018) (144.947436 26.8431115 26.8431115) (145.156366 26.8647743 26.8647743) (145.365295 26.8863903 26.8863903) (145.574225 26.9079594 26.9079594) (145.783154 26.9294817 26.9294817) (145.992084 26.9509571 26.9509571) (146.201014 26.9723857 26.9723857) (146.409943 26.9937675 26.9937675) (146.618873 27.0151024 27.0151024) (146.827802 27.0363905 27.0363905) (147.036732 27.0576318 27.0576318))
    polyLine 453 469 ((142.440282 2.30166791e-15 37.5890896) (142.649212 2.30359256e-15 37.6205214) (142.858141 2.30551314e-15 37.6518869) (143.067071 2.30742965e-15 37.6831859) (143.276 2.3093421e-15 37.7144187) (143.48493 2.31125049e-15 37.745585) (143.693859 2.31315482e-15 37.776685) (143.902789 2.31505508e-15 37.8077187) (144.111718 2.31695129e-15 37.838686) (144.320648 2.31884343e-15 37.8695871) (144.529577 2.32073151e-15 37.9004218) (144.738507 2.32261553e-15 37.9311902) (144.947436 2.3244955e-15 37.9618924) (145.156366 2.3263714e-15 37.9925282) (145.365295 2.32824325e-15 38.0230978) (145.574225 2.33011104e-15 38.0536011) (145.783154 2.33197478e-15 38.0840382) (145.992084 2.33383445e-15 38.1144091) (146.201014 2.33569007e-15 38.1447137) (146.409943 2.33754164e-15 38.174952) (146.618873 2.33938915e-15 38.2051242) (146.827802 2.34123261e-15 38.2352301) (147.036732 2.34307201e-15 38.2652699))
    polyLine 455 471 ((142.440282 -26.5795002 26.5795002) (142.649212 -26.6017258 26.6017258) (142.858141 -26.6239045 26.6239045) (143.067071 -26.6460363 26.6460363) (143.276 -26.6681212 26.6681212) (143.48493 -26.6901591 26.6901591) (143.693859 -26.7121501 26.7121501) (143.902789 -26.7340943 26.7340943) (144.111718 -26.7559915 26.7559915) (144.320648 -26.7778418 26.7778418) (144.529577 -26.7996453 26.7996453) (144.738507 -26.8214018 26.8214018) (144.947436 -26.8431115 26.8431115) (145.156366 -26.8647743 26.8647743) (145.365295 -26.8863903 26.8863903) (145.574225 -26.9079594 26.9079594) (145.783154 -26.9294817 26.9294817) (145.992084 -26.9509571 26.9509571) (146.201014 -26.9723857 26.9723857) (146.409943 -26.9937675 26.9937675) (146.618873 -27.0151024 27.0151024) (146.827802 -27.0363905 27.0363905) (147.036732 -27.0576318 27.0576318))
    polyLine 457 473 ((142.440282 -37.5890896 4.60333583e-15) (142.649212 -37.6205214 4.60718512e-15) (142.858141 -37.6518869 4.61102627e-15) (143.067071 -37.6831859 4.61485931e-15) (143.276 -37.7144187 4.61868421e-15) (143.48493 -37.745585 4.62250099e-15) (143.693859 -37.776685 4.62630964e-15) (143.902789 -37.8077187 4.63011017e-15) (144.111718 -37.838686 4.63390257e-15) (144.320648 -37.8695871 4.63768686e-15) (144.529577 -37.9004218 4.64146302e-15) (144.738507 -37.9311902 4.64523107e-15) (144.947436 -37.9618924 4.648991e-15) (145.156366 -37.9925282 4.65274281e-15) (145.365295 -38.0230978 4.6564865e-15) (145.574225 -38.0536011 4.66022208e-15) (145.783154 -38.0840382 4.66394955e-15) (145.992084 -38.1144091 4.66766891e-15) (146.201014 -38.1447137 4.67138015e-15) (146.409943 -38.174952 4.67508328e-15) (146.618873 -38.2051242 4.67877831e-15) (146.827802 -38.2352301 4.68246522e-15) (147.036732 -38.2652699 4.68614403e-15))
    polyLine 459 475 ((142.440282 -26.5795002 -26.5795002) (142.649212 -26.6017258 -26.6017258) (142.858141 -26.6239045 -26.6239045) (143.067071 -26.6460363 -26.6460363) (143.276 -26.6681212 -26.6681212) (143.48493 -26.6901591 -26.6901591) (143.693859 -26.7121501 -26.7121501) (143.902789 -26.7340943 -26.7340943) (144.111718 -26.7559915 -26.7559915) (144.320648 -26.7778418 -26.7778418) (144.529577 -26.7996453 -26.7996453) (144.738507 -26.8214018 -26.8214018) (144.947436 -26.8431115 -26.8431115) (145.156366 -26.8647743 -26.8647743) (145.365295 -26.8863903 -26.8863903) (145.574225 -26.9079594 -26.9079594) (145.783154 -26.9294817 -26.9294817) (145.992084 -26.9509571 -26.9509571) (146.201014 -26.9723857 -26.9723857) (146.409943 -26.9937675 -26.9937675) (146.618873 -27.0151024 -27.0151024) (146.827802 -27.0363905 -27.0363905) (147.036732 -27.0576318 -27.0576318))
    polyLine 461 477 ((142.440282 -6.90500374e-15 -37.5890896) (142.649212 -6.91077767e-15 -37.6205214) (142.858141 -6.91653941e-15 -37.6518869) (143.067071 -6.92228896e-15 -37.6831859) (143.276 -6.92802631e-15 -37.7144187) (143.48493 -6.93375148e-15 -37.745585) (143.693859 -6.93946446e-15 -37.776685) (143.902789 -6.94516525e-15 -37.8077187) (144.111718 -6.95085386e-15 -37.838686) (144.320648 -6.95653029e-15 -37.8695871) (144.529577 -6.96219454e-15 -37.9004218) (144.738507 -6.9678466e-15 -37.9311902) (144.947436 -6.9734865e-15 -37.9618924) (145.156366 -6.97911421e-15 -37.9925282) (145.365295 -6.98472976e-15 -38.0230978) (145.574225 -6.99033313e-15 -38.0536011) (145.783154 -6.99592433e-15 -38.0840382) (145.992084 -7.00150336e-15 -38.1144091) (146.201014 -7.00707022e-15 -38.1447137) (146.409943 -7.01262492e-15 -38.174952) (146.618873 -7.01816746e-15 -38.2051242) (146.827802 -7.02369783e-15 -38.2352301) (147.036732 -7.02921604e-15 -38.2652699))
    polyLine 463 479 ((142.440282 26.5795002 -26.5795002) (142.649212 26.6017258 -26.6017258) (142.858141 26.6239045 -26.6239045) (143.067071 26.6460363 -26.6460363) (143.276 26.6681212 -26.6681212) (143.48493 26.6901591 -26.6901591) (143.693859 26.7121501 -26.7121501) (143.902789 26.7340943 -26.7340943) (144.111718 26.7559915 -26.7559915) (144.320648 26.7778418 -26.7778418) (144.529577 26.7996453 -26.7996453) (144.738507 26.8214018 -26.8214018) (144.947436 26.8431115 -26.8431115) (145.156366 26.8647743 -26.8647743) (145.365295 26.8863903 -26.8863903) (145.574225 26.9079594 -26.9079594) (145.783154 26.9294817 -26.9294817) (145.992084 26.9509571 -26.9509571) (146.201014 26.9723857 -26.9723857) (146.409943 26.9937675 -26.9937675) (146.618873 27.0151024 -27.0151024) (146.827802 27.0363905 -27.0363905) (147.036732 27.0576318 -27.0576318))
    polyLine 465 481 ((147.454591 38.3251508 0) (147.66352 38.354992 0) (147.87245 38.3847671 0) (148.081379 38.414476 0) (148.290309 38.4441187 0) (148.499238 38.4736953 0) (148.708168 38.5032058 0) (148.917097 38.5326502 0) (149.126027 38.5620284 0) (149.334956 38.5913406 0) (149.543886 38.6205866 0) (149.752815 38.6497666 0) (149.961745 38.6788805 0) (150.170674 38.7079283 0) (150.379604 38.7369101 0) (150.588533 38.7658258 0) (150.797463 38.7946754 0) (151.006392 38.8234591 0) (151.215322 38.8521767 0) (151.424252 38.8808283 0) (151.633181 38.9094139 0) (151.842111 38.9379335 0) (152.05104 38.966387 0))
    polyLine 467 483 ((147.454591 27.099974 27.099974) (147.66352 27.121075 27.121075) (147.87245 27.1421291 27.1421291) (148.081379 27.1631365 27.1631365) (148.290309 27.184097 27.184097) (148.499238 27.2050109 27.2050109) (148.708168 27.2258779 27.2258779) (148.917097 27.2466982 27.2466982) (149.126027 27.2674718 27.2674718) (149.334956 27.2881986 27.2881986) (149.543886 27.3088787 27.3088787) (149.752815 27.329512 27.329512) (149.961745 27.3500987 27.3500987) (150.170674 27.3706386 27.3706386) (150.379604 27.3911318 27.3911318) (150.588533 27.4115783 27.4115783) (150.797463 27.4319781 27.4319781) (151.006392 27.4523312 27.4523312) (151.215322 27.4726376 27.4726376) (151.424252 27.4928973 27.4928973) (151.633181 27.5131104 27.5131104) (151.842111 27.5332768 27.5332768) (152.05104 27.5533965 27.5533965))
    polyLine 469 485 ((147.454591 2.34673866e-15 38.3251508) (147.66352 2.34856591e-15 38.354992) (147.87245 2.35038911e-15 38.3847671) (148.081379 2.35220825e-15 38.414476) (148.290309 2.35402335e-15 38.4441187) (148.499238 2.35583439e-15 38.4736953) (148.708168 2.35764139e-15 38.5032058) (148.917097 2.35944433e-15 38.5326502) (149.126027 2.36124323e-15 38.5620284) (149.334956 2.36303808e-15 38.5913406) (149.543886 2.36482889e-15 38.6205866) (149.752815 2.36661565e-15 38.6497666) (149.961745 2.36839836e-15 38.6788805) (150.170674 2.37017702e-15 38.7079283) (150.379604 2.37195165e-15 38.7369101) (150.588533 2.37372222e-15 38.7658258) (150.797463 2.37548876e-15 38.7946754) (151.006392 2.37725124e-15 38.8234591) (151.215322 2.37900969e-15 38.8521767) (151.424252 2.3807641e-15 38.8808283) (151.633181 2.38251446e-15 38.9094139) (151.842111 2.38426078e-15 38.9379335) (152.05104 2.38600306e-15 38.966387))
    polyLine 471 487 ((147.454591 -27.099974 27.099974) (147.66352 -27.121075 27.121075) (147.87245 -27.1421291 27.1421291) (148.081379 -27.1631365 27.1631365) (148.290309 -27.184097 27.184097) (148.499238 -27.2050109 27.2050109) (148.708168 -27.2258779 27.2258779) (148.917097 -27.2466982 27.2466982) (149.126027 -27.2674718 27.2674718) (149.334956 -27.2881986 27.2881986) (149.543886 -27.3088787 27.3088787) (149.752815 -27.329512 27.329512) (149.961745 -27.3500987 27.3500987) (150.170674 -27.3706386 27.3706386) (150.379604 -27.3911318 27.3911318) (150.588533 -27.4115783 27.4115783) (150.797463 -27.4319781 27.4319781) (151.006392 -27.4523312 27.4523312) (151.215322 -27.4726376 27.4726376) (151.424252 -27.4928973 27.4928973) (151.633181 -27.5131104 27.5131104) (151.842111 -27.5332768 27.5332768) (152.05104 -27.5533965 27.5533965))
    polyLine 473 489 ((147.454591 -38.3251508 4.69347733e-15) (147.66352 -38.354992 4.69713182e-15) (147.87245 -38.3847671 4.70077821e-15) (148.081379 -38.414476 4.7044165e-15) (148.290309 -38.4441187 4.70804669e-15) (148.499238 -38.4736953 4.71166878e-15) (148.708168 -38.5032058 4.71528278e-15) (148.917097 -38.5326502 4.71888867e-15) (149.126027 -38.5620284 4.72248647e-15) (149.334956 -38.5913406 4.72607617e-15) (149.543886 -38.6205866 4.72965778e-15) (149.752815 -38.6497666 4.73323129e-15) (149.961745 -38.6788805 4.73679672e-15) (150.170674 -38.7079283 4.74035405e-15) (150.379604 -38.7369101 4.74390329e-15) (150.588533 -38.7658258 4.74744444e-15) (150.797463 -38.7946754 4.75097751e-15) (151.006392 -38.8234591 4.75450249e-15) (151.215322 -38.8521767 4.75801938e-15) (151.424252 -38.8808283 4.76152819e-15) (151.633181 -38.9094139 4.76502892e-15) (151.842111 -38.9379335 4.76852156e-15) (152.05104 -38.966387 4.77200612e-15))
    polyLine 475 491 ((147.454591 -27.099974 -27.099974) (147.66352 -27.121075 -27.121075) (147.87245 -27.1421291 -27.1421291) (148.081379 -27.1631365 -27.1631365) (148.290309 -27.184097 -27.184097) (148.499238 -27.2050109 -27.2050109) (148.708168 -27.2258779 -27.2258779) (148.917097 -27.2466982 -27.2466982) (149.126027 -27.2674718 -27.2674718) (149.334956 -27.2881986 -27.2881986) (149.543886 -27.3088787 -27.3088787) (149.752815 -27.329512 -27.329512) (149.961745 -27.3500987 -27.3500987) (150.170674 -27.3706386 -27.3706386) (150.379604 -27.3911318 -27.3911318) (150.588533 -27.4115783 -27.4115783) (150.797463 -27.4319781 -27.4319781) (151.006392 -27.4523312 -27.4523312) (151.215322 -27.4726376 -27.4726376) (151.424252 -27.4928973 -27.4928973) (151.633181 -27.5131104 -27.5131104) (151.842111 -27.5332768 -27.5332768) (152.05104 -27.5533965 -27.5533965))
    polyLine 477 493 ((147.454591 -7.04021599e-15 -38.3251508) (147.66352 -7.04569774e-15 -38.354992) (147.87245 -7.05116732e-15 -38.3847671) (148.081379 -7.05662476e-15 -38.414476) (148.290309 -7.06207004e-15 -38.4441187) (148.499238 -7.06750318e-15 -38.4736953) (148.708168 -7.07292416e-15 -38.5032058) (148.917097 -7.078333e-15 -38.5326502) (149.126027 -7.0837297e-15 -38.5620284) (149.334956 -7.08911425e-15 -38.5913406) (149.543886 -7.09448667e-15 -38.6205866) (149.752815 -7.09984694e-15 -38.6497666) (149.961745 -7.10519508e-15 -38.6788805) (150.170674 -7.11053107e-15 -38.7079283) (150.379604 -7.11585494e-15 -38.7369101) (150.588533 -7.12116667e-15 -38.7658258) (150.797463 -7.12646627e-15 -38.7946754) (151.006392 -7.13175373e-15 -38.8234591) (151.215322 -7.13702907e-15 -38.8521767) (151.424252 -7.14229229e-15 -38.8808283) (151.633181 -7.14754337e-15 -38.9094139) (151.842111 -7.15278234e-15 -38.9379335) (152.05104 -7.15800918e-15 -38.966387))
    polyLine 479 495 ((147.454591 27.099974 -27.099974) (147.66352 27.121075 -27.121075) (147.87245 27.1421291 -27.1421291) (148.081379 27.1631365 -27.1631365) (148.290309 27.184097 -27.184097) (148.499238 27.2050109 -27.2050109) (148.708168 27.2258779 -27.2258779) (148.917097 27.2466982 -27.2466982) (149.126027 27.2674718 -27.2674718) (149.334956 27.2881986 -27.2881986) (149.543886 27.3088787 -27.3088787) (149.752815 27.329512 -27.329512) (149.961745 27.3500987 -27.3500987) (150.170674 27.3706386 -27.3706386) (150.379604 27.3911318 -27.3911318) (150.588533 27.4115783 -27.4115783) (150.797463 27.4319781 -27.4319781) (151.006392 27.4523312 -27.4523312) (151.215322 27.4726376 -27.4726376) (151.424252 27.4928973 -27.4928973) (151.633181 27.5131104 -27.5131104) (151.842111 27.5332768 -27.5332768) (152.05104 27.5533965 -27.5533965))
    polyLine 481 497 ((152.485507 39.0253447 0) (152.711044 39.0558379 0) (152.936581 39.0862542 0) (153.162118 39.1165937 0) (153.387655 39.1468563 0) (153.613192 39.1770422 0) (153.838729 39.2071512 0) (154.064266 39.2371833 0) (154.289803 39.2671387 0) (154.51534 39.2970173 0) (154.740877 39.3268192 0) (154.966415 39.3565442 0) (155.191952 39.3861925 0) (155.417489 39.4157641 0) (155.643026 39.4452589 0) (155.868563 39.474677 0) (156.0941 39.5040183 0) (156.319637 39.533283 0) (156.545174 39.562471 0) (156.770711 39.5915823 0) (156.996248 39.6206169 0) (157.221785 39.6495748 0) (157.447322 39.6784561 0))
    polyLine 483 499 ((152.485507 27.5950859 27.5950859) (152.711044 27.6166478 27.6166478) (152.936581 27.6381554 27.6381554) (153.162118 27.6596087 27.6596087) (153.387655 27.6810076 27.6810076) (153.613192 27.7023522 27.7023522) (153.838729 27.7236425 27.7236425) (154.064266 27.7448784 27.7448784) (154.289803 27.7660601 27.7660601) (154.51534 27.7871874 27.7871874) (154.740877 27.8082605 27.8082605) (154.966415 27.8292793 27.8292793) (155.191952 27.8502438 27.8502438) (155.417489 27.8711541 27.8711541) (155.643026 27.89201 27.89201) (155.868563 27.9128118 27.9128118) (156.0941 27.9335593 27.9335593) (156.319637 27.9542525 27.9542525) (156.545174 27.9748915 27.9748915) (156.770711 27.9954763 27.9954763) (156.996248 28.0160069 28.0160069) (157.221785 28.0364832 28.0364832) (157.447322 28.0569054 28.0569054))
    polyLine 485 501 ((152.485507 2.38961317e-15 39.0253447) (152.711044 2.39148034e-15 39.0558379) (152.936581 2.39334281e-15 39.0862542) (153.162118 2.39520056e-15 39.1165937) (153.387655 2.39705362e-15 39.1468563) (153.613192 2.39890196e-15 39.1770422) (153.838729 2.40074561e-15 39.2071512) (154.064266 2.40258455e-15 39.2371833) (154.289803 2.40441879e-15 39.2671387) (154.51534 2.40624832e-15 39.2970173) (154.740877 2.40807316e-15 39.3268192) (154.966415 2.40989329e-15 39.3565442) (155.191952 2.41170873e-15 39.3861925) (155.417489 2.41351946e-15 39.4157641) (155.643026 2.4153255e-15 39.4452589) (155.868563 2.41712684e-15 39.474677) (156.0941 2.41892348e-15 39.5040183) (156.319637 2.42071542e-15 39.533283) (156.545174 2.42250267e-15 39.562471) (156.770711 2.42428522e-15 39.5915823) (156.996248 2.42606308e-15 39.6206169) (157.221785 2.42783624e-15 39.6495748) (157.447322 2.42960471e-15 39.6784561))
    polyLine 487 503 ((152.485507 -27.5950859 27.5950859) (152.711044 -27.6166478 27.6166478) (152.936581 -27.6381554 27.6381554) (153.162118 -27.6596087 27.6596087) (153.387655 -27.6810076 27.6810076) (153.613192 -27.7023522 27.7023522) (153.838729 -27.7236425 27.7236425) (154.064266 -27.7448784 27.7448784) (154.289803 -27.7660601 27.7660601) (154.51534 -27.7871874 27.7871874) (154.740877 -27.8082605 27.8082605) (154.966415 -27.8292793 27.8292793) (155.191952 -27.8502438 27.8502438) (155.417489 -27.8711541 27.8711541) (155.643026 -27.89201 27.89201) (155.868563 -27.9128118 27.9128118) (156.0941 -27.9335593 27.9335593) (156.319637 -27.9542525 27.9542525) (156.545174 -27.9748915 27.9748915) (156.770711 -27.9954763 27.9954763) (156.996248 -28.0160069 28.0160069) (157.221785 -28.0364832 28.0364832) (157.447322 -28.0569054 28.0569054))
    polyLine 489 505 ((152.485507 -39.0253447 4.77922635e-15) (152.711044 -39.0558379 4.78296069e-15) (152.936581 -39.0862542 4.78668561e-15) (153.162118 -39.1165937 4.79040113e-15) (153.387655 -39.1468563 4.79410723e-15) (153.613192 -39.1770422 4.79780393e-15) (153.838729 -39.2071512 4.80149122e-15) (154.064266 -39.2371833 4.8051691e-15) (154.289803 -39.2671387 4.80883758e-15) (154.51534 -39.2970173 4.81249665e-15) (154.740877 -39.3268192 4.81614632e-15) (154.966415 -39.3565442 4.81978659e-15) (155.191952 -39.3861925 4.82341746e-15) (155.417489 -39.4157641 4.82703893e-15) (155.643026 -39.4452589 4.830651e-15) (155.868563 -39.474677 4.83425368e-15) (156.0941 -39.5040183 4.83784696e-15) (156.319637 -39.533283 4.84143085e-15) (156.545174 -39.562471 4.84500534e-15) (156.770711 -39.5915823 4.84857045e-15) (156.996248 -39.6206169 4.85212616e-15) (157.221785 -39.6495748 4.85567249e-15) (157.447322 -39.6784561 4.85920942e-15))
    polyLine 491 507 ((152.485507 -27.5950859 -27.5950859) (152.711044 -27.6166478 -27.6166478) (152.936581 -27.6381554 -27.6381554) (153.162118 -27.6596087 -27.6596087) (153.387655 -27.6810076 -27.6810076) (153.613192 -27.7023522 -27.7023522) (153.838729 -27.7236425 -27.7236425) (154.064266 -27.7448784 -27.7448784) (154.289803 -27.7660601 -27.7660601) (154.51534 -27.7871874 -27.7871874) (154.740877 -27.8082605 -27.8082605) (154.966415 -27.8292793 -27.8292793) (155.191952 -27.8502438 -27.8502438) (155.417489 -27.8711541 -27.8711541) (155.643026 -27.89201 -27.89201) (155.868563 -27.9128118 -27.9128118) (156.0941 -27.9335593 -27.9335593) (156.319637 -27.9542525 -27.9542525) (156.545174 -27.9748915 -27.9748915) (156.770711 -27.9954763 -27.9954763) (156.996248 -28.0160069 -28.0160069) (157.221785 -28.0364832 -28.0364832) (157.447322 -28.0569054 -28.0569054))
    polyLine 493 509 ((152.485507 -7.16883952e-15 -39.0253447) (152.711044 -7.17444103e-15 -39.0558379) (152.936581 -7.18002842e-15 -39.0862542) (153.162118 -7.18560169e-15 -39.1165937) (153.387655 -7.19116085e-15 -39.1468563) (153.613192 -7.19670589e-15 -39.1770422) (153.838729 -7.20223682e-15 -39.2071512) (154.064266 -7.20775365e-15 -39.2371833) (154.289803 -7.21325636e-15 -39.2671387) (154.51534 -7.21874497e-15 -39.2970173) (154.740877 -7.22421948e-15 -39.3268192) (154.966415 -7.22967988e-15 -39.3565442) (155.191952 -7.23512619e-15 -39.3861925) (155.417489 -7.24055839e-15 -39.4157641) (155.643026 -7.2459765e-15 -39.4452589) (155.868563 -7.25138052e-15 -39.474677) (156.0941 -7.25677044e-15 -39.5040183) (156.319637 -7.26214627e-15 -39.533283) (156.545174 -7.26750802e-15 -39.562471) (156.770711 -7.27285567e-15 -39.5915823) (156.996248 -7.27818924e-15 -39.6206169) (157.221785 -7.28350873e-15 -39.6495748) (157.447322 -7.28881414e-15 -39.6784561))
    polyLine 495 511 ((152.485507 27.5950859 -27.5950859) (152.711044 27.6166478 -27.6166478) (152.936581 27.6381554 -27.6381554) (153.162118 27.6596087 -27.6596087) (153.387655 27.6810076 -27.6810076) (153.613192 27.7023522 -27.7023522) (153.838729 27.7236425 -27.7236425) (154.064266 27.7448784 -27.7448784) (154.289803 27.7660601 -27.7660601) (154.51534 27.7871874 -27.7871874) (154.740877 27.8082605 -27.8082605) (154.966415 27.8292793 -27.8292793) (155.191952 27.8502438 -27.8502438) (155.417489 27.8711541 -27.8711541) (155.643026 27.89201 -27.89201) (155.868563 27.9128118 -27.9128118) (156.0941 27.9335593 -27.9335593) (156.319637 27.9542525 -27.9542525) (156.545174 27.9748915 -27.9748915) (156.770711 27.9954763 -27.9954763) (156.996248 28.0160069 -28.0160069) (157.221785 28.0364832 -28.0364832) (157.447322 28.0569054 -28.0569054))
    polyLine 497 513 ((157.769824 39.719621 0) (157.866788 39.7319672 0) (157.963752 39.7442991 0) (158.060716 39.7566169 0) (158.15768 39.7689206 0) (158.254645 39.7812101 0) (158.351609 39.7934854 0) (158.448573 39.8057465 0) (158.545537 39.8179935 0) (158.642501 39.8302264 0) (158.739466 39.8424451 0) (158.83643 39.8546496 0) (158.933394 39.86684 0) (159.030358 39.8790162 0) (159.127322 39.8911783 0) (159.224286 39.9033262 0) (159.321251 39.9154599 0) (159.418215 39.9275795 0) (159.515179 39.939685 0) (159.612143 39.9517763 0) (159.709107 39.9638534 0) (159.806072 39.9759164 0) (159.903036 39.9879653 0))
    polyLine 499 515 ((157.769824 28.0860134 28.0860134) (157.866788 28.0947434 28.0947434) (157.963752 28.1034634 28.1034634) (158.060716 28.1121734 28.1121734) (158.15768 28.1208734 28.1208734) (158.254645 28.1295634 28.1295634) (158.351609 28.1382434 28.1382434) (158.448573 28.1469133 28.1469133) (158.545537 28.1555732 28.1555732) (158.642501 28.1642232 28.1642232) (158.739466 28.1728631 28.1728631) (158.83643 28.181493 28.181493) (158.933394 28.1901129 28.1901129) (159.030358 28.1987228 28.1987228) (159.127322 28.2073227 28.2073227) (159.224286 28.2159125 28.2159125) (159.321251 28.2244924 28.2244924) (159.418215 28.2330622 28.2330622) (159.515179 28.2416221 28.2416221) (159.612143 28.2501719 28.2501719) (159.709107 28.2587118 28.2587118) (159.806072 28.2672416 28.2672416) (159.903036 28.2757614 28.2757614))
    polyLine 501 517 ((157.769824 2.43212534e-15 39.719621) (157.866788 2.43288132e-15 39.7319672) (157.963752 2.43363644e-15 39.7442991) (158.060716 2.43439068e-15 39.7566169) (158.15768 2.43514406e-15 39.7689206) (158.254645 2.43589658e-15 39.7812101) (158.351609 2.43664822e-15 39.7934854) (158.448573 2.437399e-15 39.8057465) (158.545537 2.43814892e-15 39.8179935) (158.642501 2.43889796e-15 39.8302264) (158.739466 2.43964614e-15 39.8424451) (158.83643 2.44039345e-15 39.8546496) (158.933394 2.4411399e-15 39.86684) (159.030358 2.44188548e-15 39.8790162) (159.127322 2.44263019e-15 39.8911783) (159.224286 2.44337403e-15 39.9033262) (159.321251 2.44411701e-15 39.9154599) (159.418215 2.44485912e-15 39.9275795) (159.515179 2.44560037e-15 39.939685) (159.612143 2.44634075e-15 39.9517763) (159.709107 2.44708026e-15 39.9638534) (159.806072 2.44781891e-15 39.9759164) (159.903036 2.44855668e-15 39.9879653))
    polyLine 503 519 ((157.769824 -28.0860134 28.0860134) (157.866788 -28.0947434 28.0947434) (157.963752 -28.1034634 28.1034634) (158.060716 -28.1121734 28.1121734) (158.15768 -28.1208734 28.1208734) (158.254645 -28.1295634 28.1295634) (158.351609 -28.1382434 28.1382434) (158.448573 -28.1469133 28.1469133) (158.545537 -28.1555732 28.1555732) (158.642501 -28.1642232 28.1642232) (158.739466 -28.1728631 28.1728631) (158.83643 -28.181493 28.181493) (158.933394 -28.1901129 28.1901129) (159.030358 -28.1987228 28.1987228) (159.127322 -28.2073227 28.2073227) (159.224286 -28.2159125 28.2159125) (159.321251 -28.2244924 28.2244924) (159.418215 -28.2330622 28.2330622) (159.515179 -28.2416221 28.2416221) (159.612143 -28.2501719 28.2501719) (159.709107 -28.2587118 28.2587118) (159.806072 -28.2672416 28.2672416) (159.903036 -28.2757614 28.2757614))
    polyLine 505 521 ((157.769824 -39.719621 4.86425067e-15) (157.866788 -39.7319672 4.86576264e-15) (157.963752 -39.7442991 4.86727287e-15) (158.060716 -39.7566169 4.86878137e-15) (158.15768 -39.7689206 4.87028813e-15) (158.254645 -39.7812101 4.87179316e-15) (158.351609 -39.7934854 4.87329645e-15) (158.448573 -39.8057465 4.87479801e-15) (158.545537 -39.8179935 4.87629783e-15) (158.642501 -39.8302264 4.87779592e-15) (158.739466 -39.8424451 4.87929228e-15) (158.83643 -39.8546496 4.88078691e-15) (158.933394 -39.86684 4.8822798e-15) (159.030358 -39.8790162 4.88377095e-15) (159.127322 -39.8911783 4.88526038e-15) (159.224286 -39.9033262 4.88674807e-15) (159.321251 -39.9154599 4.88823402e-15) (159.418215 -39.9275795 4.88971825e-15) (159.515179 -39.939685 4.89120074e-15) (159.612143 -39.9517763 4.89268149e-15) (159.709107 -39.9638534 4.89416052e-15) (159.806072 -39.9759164 4.89563781e-15) (159.903036 -39.9879653 4.89711337e-15))
    polyLine 507 523 ((157.769824 -28.0860134 -28.0860134) (157.866788 -28.0947434 -28.0947434) (157.963752 -28.1034634 -28.1034634) (158.060716 -28.1121734 -28.1121734) (158.15768 -28.1208734 -28.1208734) (158.254645 -28.1295634 -28.1295634) (158.351609 -28.1382434 -28.1382434) (158.448573 -28.1469133 -28.1469133) (158.545537 -28.1555732 -28.1555732) (158.642501 -28.1642232 -28.1642232) (158.739466 -28.1728631 -28.1728631) (158.83643 -28.181493 -28.181493) (158.933394 -28.1901129 -28.1901129) (159.030358 -28.1987228 -28.1987228) (159.127322 -28.2073227 -28.2073227) (159.224286 -28.2159125 -28.2159125) (159.321251 -28.2244924 -28.2244924) (159.418215 -28.2330622 -28.2330622) (159.515179 -28.2416221 -28.2416221) (159.612143 -28.2501719 -28.2501719) (159.709107 -28.2587118 -28.2587118) (159.806072 -28.2672416 -28.2672416) (159.903036 -28.2757614 -28.2757614))
    polyLine 509 525 ((157.769824 -7.29637601e-15 -39.719621) (157.866788 -7.29864396e-15 -39.7319672) (157.963752 -7.30090931e-15 -39.7442991) (158.060716 -7.30317205e-15 -39.7566169) (158.15768 -7.30543219e-15 -39.7689206) (158.254645 -7.30768973e-15 -39.7812101) (158.351609 -7.30994467e-15 -39.7934854) (158.448573 -7.31219701e-15 -39.8057465) (158.545537 -7.31444675e-15 -39.8179935) (158.642501 -7.31669389e-15 -39.8302264) (158.739466 -7.31893842e-15 -39.8424451) (158.83643 -7.32118036e-15 -39.8546496) (158.933394 -7.32341969e-15 -39.86684) (159.030358 -7.32565643e-15 -39.8790162) (159.127322 -7.32789056e-15 -39.8911783) (159.224286 -7.3301221e-15 -39.9033262) (159.321251 -7.33235103e-15 -39.9154599) (159.418215 -7.33457737e-15 -39.9275795) (159.515179 -7.33680111e-15 -39.939685) (159.612143 -7.33902224e-15 -39.9517763) (159.709107 -7.34124078e-15 -39.9638534) (159.806072 -7.34345672e-15 -39.9759164) (159.903036 -7.34567005e-15 -39.9879653))
    polyLine 511 527 ((157.769824 28.0860134 -28.0860134) (157.866788 28.0947434 -28.0947434) (157.963752 28.1034634 -28.1034634) (158.060716 28.1121734 -28.1121734) (158.15768 28.1208734 -28.1208734) (158.254645 28.1295634 -28.1295634) (158.351609 28.1382434 -28.1382434) (158.448573 28.1469133 -28.1469133) (158.545537 28.1555732 -28.1555732) (158.642501 28.1642232 -28.1642232) (158.739466 28.1728631 -28.1728631) (158.83643 28.181493 -28.181493) (158.933394 28.1901129 -28.1901129) (159.030358 28.1987228 -28.1987228) (159.127322 28.2073227 -28.2073227) (159.224286 28.2159125 -28.2159125) (159.321251 28.2244924 -28.2244924) (159.418215 28.2330622 -28.2330622) (159.515179 28.2416221 -28.2416221) (159.612143 28.2501719 -28.2501719) (159.709107 28.2587118 -28.2587118) (159.806072 28.2672416 -28.2672416) (159.903036 28.2757614 -28.2757614))
    polyLine 546 1 ((-787.185782 40.053766 0) (-773.830698 40.2090292 0) (-759.959256 40.4567372 0) (-745.595962 40.7878376 0) (-730.765323 41.1932781 0) (-715.491847 41.6640063 0) (-699.800039 42.1909699 0) (-683.714408 42.7651165 0) (-667.25946 43.3773938 0) (-650.459701 44.0187493 0) (-633.33964 44.6801308 0) (-615.923783 45.3524859 0) (-598.236637 46.0267623 0) (-580.302709 46.6939075 0) (-562.146505 47.3448692 0) (-543.792534 47.9705951 0) (-525.265301 48.5620328 0) (-506.589314 49.1101299 0) (-487.78908 49.6058341 0) (-468.889105 50.0400931 0) (-449.913897 50.4038544 0) (-430.887963 50.6880658 0) (-411.83581 50.8836748 0) (-392.781944 50.9816292 0) (-373.750872 50.9728765 0) (-354.767102 50.8483644 0) (-335.855141 50.5990405 0) (-317.039495 50.2158525 0) (-298.344671 49.6897481 0) (-279.795177 49.0116748 0) (-261.415519 48.1725804 0) (-243.230205 47.1634124 0) (-225.26374 45.9751185 0) (-207.540633 44.5986463 0) (-190.08539 43.0249435 0) (-172.922519 41.2449578 0) (-156.076525 39.2496368 0) (-139.571916 37.029928 0) (-123.4332 34.5767793 0) (-107.684883 31.8811381 0) (-92.3514712 28.9339522 0) (-77.4574727 25.7261692 0) (-63.0273942 22.2487367 0) (-49.0857425 18.4926025 0) (-35.6570247 14.448714 0) (-22.7657477 10.108019 0) (-10.4364185 5.46146512 0))
    arc 547 549 (-800 554.32772 229.610059)
    polyLine 548 2 ((-787.162844 40.0233028 40.0233028) (-773.786219 40.0897689 40.0897689) (-759.894573 40.1942349 40.1942349) (-745.512354 40.3315374 40.3315374) (-730.66401 40.4965128 40.4965128) (-715.373991 40.6839978 40.6839978) (-699.666742 40.888829 40.888829) (-683.566714 41.1058429 41.1058429) (-667.098353 41.3298761 41.3298761) (-650.286108 41.5557651 41.5557651) (-633.154427 41.7783465 41.7783465) (-615.727759 41.9924569 41.9924569) (-598.03055 42.1929328 42.1929328) (-580.08725 42.3746109 42.3746109) (-561.922307 42.5323276 42.5323276) (-543.560168 42.6609195 42.6609195) (-525.025282 42.7552233 42.7552233) (-506.342096 42.8100754 42.8100754) (-487.53506 42.8203125 42.8203125) (-468.62862 42.780771 42.780771) (-449.647226 42.6862877 42.6862877) (-430.615325 42.531699 42.531699) (-411.557365 42.3118414 42.3118414) (-392.497794 42.0215517 42.0215517) (-373.461062 41.6556663 41.6556663) (-354.471614 41.2090218 41.2090218) (-335.553901 40.6764547 40.6764547) (-316.73237 40.0528017 40.0528017) (-298.031468 39.3328993 39.3328993) (-279.475645 38.511584 38.511584) (-261.089347 37.5836925 37.5836925) (-242.897025 36.5440613 36.5440613) (-224.923124 35.3875269 35.3875269) (-207.192094 34.108926 34.108926) (-189.728383 32.703095 32.703095) (-172.556438 31.1648707 31.1648707) (-155.700709 29.4890894 29.4890894) (-139.185642 27.6705878 27.6705878) (-123.035687 25.7042026 25.7042026) (-107.27529 23.5847701 23.5847701) (-91.928901 21.307127 21.307127) (-77.0209673 18.8661099 18.8661099) (-62.5759371 16.2565553 16.2565553) (-48.6182585 13.4732998 13.4732998) (-35.1723796 10.5111799 10.5111799) (-22.2627486 7.36503232 7.36503232) (-9.91381359 4.02969348 4.02969348))
    arc 549 551 (-800 229.610059 554.32772)
    polyLine 550 3 ((-787.185782 2.45258582e-15 40.053766) (-773.830698 2.46209295e-15 40.2090292) (-759.959256 2.47726068e-15 40.4567372) (-745.595962 2.49753474e-15 40.7878376) (-730.765323 2.52236081e-15 41.1932781) (-715.491847 2.5511846e-15 41.6640063) (-699.800039 2.58345181e-15 42.1909699) (-683.714408 2.61860815e-15 42.7651165) (-667.25946 2.65609932e-15 43.3773938) (-650.459701 2.69537102e-15 44.0187493) (-633.33964 2.73586896e-15 44.6801308) (-615.923783 2.77703884e-15 45.3524859) (-598.236637 2.81832635e-15 46.0267623) (-580.302709 2.85917722e-15 46.6939075) (-562.146505 2.89903713e-15 47.3448692) (-543.792534 2.93735179e-15 47.9705951) (-525.265301 2.9735669e-15 48.5620328) (-506.589314 3.00712817e-15 49.1101299) (-487.78908 3.0374813e-15 49.6058341) (-468.889105 3.06407199e-15 50.0400931) (-449.913897 3.08634595e-15 50.4038544) (-430.887963 3.10374888e-15 50.6880658) (-411.83581 3.11572648e-15 50.8836748) (-392.781944 3.12172445e-15 50.9816292) (-373.750872 3.1211885e-15 50.9728765) (-354.767102 3.11356433e-15 50.8483644) (-335.855141 3.09829765e-15 50.5990405) (-317.039495 3.07483415e-15 50.2158525) (-298.344671 3.04261955e-15 49.6897481) (-279.795177 3.00109953e-15 49.0116748) (-261.415519 2.94971982e-15 48.1725804) (-243.230205 2.8879261e-15 47.1634124) (-225.26374 2.81516408e-15 45.9751185) (-207.540633 2.73087947e-15 44.5986463) (-190.08539 2.63451797e-15 43.0249435) (-172.922519 2.52552528e-15 41.2449578) (-156.076525 2.4033471e-15 39.2496368) (-139.571916 2.26742914e-15 37.029928) (-123.4332 2.1172171e-15 34.5767793) (-107.684883 1.95215669e-15 31.8811381) (-92.3514712 1.7716936e-15 28.9339522) (-77.4574727 1.57527354e-15 25.7261692) (-63.0273942 1.36234221e-15 22.2487367) (-49.0857425 1.13234532e-15 18.4926025) (-35.6570247 8.84728567e-16 14.448714) (-22.7657477 6.18937656e-16 10.108019) (-10.4364185 3.34418289e-16 5.46146512))
    arc 551 553 (-800 -229.610059 554.32772)
    polyLine 552 4 ((-787.162844 -40.0233028 40.0233028) (-773.786219 -40.0897689 40.0897689) (-759.894573 -40.1942349 40.1942349) (-745.512354 -40.3315374 40.3315374) (-730.66401 -40.4965128 40.4965128) (-715.373991 -40.6839978 40.6839978) (-699.666742 -40.888829 40.888829) (-683.566714 -41.1058429 41.1058429) (-667.098353 -41.3298761 41.3298761) (-650.286108 -41.5557651 41.5557651) (-633.154427 -41.7783465 41.7783465) (-615.727759 -41.9924569 41.9924569) (-598.03055 -42.1929328 42.1929328) (-580.08725 -42.3746109 42.3746109) (-561.922307 -42.5323276 42.5323276) (-543.560168 -42.6609195 42.6609195) (-525.025282 -42.7552233 42.7552233) (-506.342096 -42.8100754 42.8100754) (-487.53506 -42.8203125 42.8203125) (-468.62862 -42.780771 42.780771) (-449.647226 -42.6862877 42.6862877) (-430.615325 -42.531699 42.531699) (-411.557365 -42.3118414 42.3118414) (-392.497794 -42.0215517 42.0215517) (-373.461062 -41.6556663 41.6556663) (-354.471614 -41.2090218 41.2090218) (-335.553901 -40.6764547 40.6764547) (-316.73237 -40.0528017 40.0528017) (-298.031468 -39.3328993 39.3328993) (-279.475645 -38.511584 38.511584) (-261.089347 -37.5836925 37.5836925) (-242.897025 -36.5440613 36.5440613) (-224.923124 -35.3875269 35.3875269) (-207.192094 -34.108926 34.108926) (-189.728383 -32.703095 32.703095) (-172.556438 -31.1648707 31.1648707) (-155.700709 -29.4890894 29.4890894) (-139.185642 -27.6705878 27.6705878) (-123.035687 -25.7042026 25.7042026) (-107.27529 -23.5847701 23.5847701) (-91.928901 -21.307127 21.307127) (-77.0209673 -18.8661099 18.8661099) (-62.5759371 -16.2565553 16.2565553) (-48.6182585 -13.4732998 13.4732998) (-35.1723796 -10.5111799 10.5111799) (-22.2627486 -7.36503232 7.36503232) (-9.91381359 -4.02969348 4.02969348))
    arc 553 555 (-800 -554.32772 229.610059)
    polyLine 554 5 ((-787.185782 -40.053766 4.90517164e-15) (-773.830698 -40.2090292 4.92418589e-15) (-759.959256 -40.4567372 4.95452137e-15) (-745.595962 -40.7878376 4.99506948e-15) (-730.765323 -41.1932781 5.04472162e-15) (-715.491847 -41.6640063 5.1023692e-15) (-699.800039 -42.1909699 5.16690363e-15) (-683.714408 -42.7651165 5.23721631e-15) (-667.25946 -43.3773938 5.31219864e-15) (-650.459701 -44.0187493 5.39074205e-15) (-633.33964 -44.6801308 5.47173792e-15) (-615.923783 -45.3524859 5.55407767e-15) (-598.236637 -46.0267623 5.63665271e-15) (-580.302709 -46.6939075 5.71835443e-15) (-562.146505 -47.3448692 5.79807425e-15) (-543.792534 -47.9705951 5.87470357e-15) (-525.265301 -48.5620328 5.9471338e-15) (-506.589314 -49.1101299 6.01425634e-15) (-487.78908 -49.6058341 6.0749626e-15) (-468.889105 -50.0400931 6.12814398e-15) (-449.913897 -50.4038544 6.1726919e-15) (-430.887963 -50.6880658 6.20749775e-15) (-411.83581 -50.8836748 6.23145295e-15) (-392.781944 -50.9816292 6.2434489e-15) (-373.750872 -50.9728765 6.242377e-15) (-354.767102 -50.8483644 6.22712867e-15) (-335.855141 -50.5990405 6.1965953e-15) (-317.039495 -50.2158525 6.14966831e-15) (-298.344671 -49.6897481 6.08523909e-15) (-279.795177 -49.0116748 6.00219907e-15) (-261.415519 -48.1725804 5.89943963e-15) (-243.230205 -47.1634124 5.7758522e-15) (-225.26374 -45.9751185 5.63032817e-15) (-207.540633 -44.5986463 5.46175894e-15) (-190.08539 -43.0249435 5.26903594e-15) (-172.922519 -41.2449578 5.05105056e-15) (-156.076525 -39.2496368 4.8066942e-15) (-139.571916 -37.029928 4.53485829e-15) (-123.4332 -34.5767793 4.23443421e-15) (-107.684883 -31.8811381 3.90431338e-15) (-92.3514712 -28.9339522 3.5433872e-15) (-77.4574727 -25.7261692 3.15054708e-15) (-63.0273942 -22.2487367 2.72468442e-15) (-49.0857425 -18.4926025 2.26469064e-15) (-35.6570247 -14.448714 1.76945713e-15) (-22.7657477 -10.108019 1.23787531e-15) (-10.4364185 -5.46146512 6.68836578e-16))
    arc 555 557 (-800 -554.32772 -229.610059)
    polyLine 556 6 ((-787.162844 -40.0233028 -40.0233028) (-773.786219 -40.0897689 -40.0897689) (-759.894573 -40.1942349 -40.1942349) (-745.512354 -40.3315374 -40.3315374) (-730.66401 -40.4965128 -40.4965128) (-715.373991 -40.6839978 -40.6839978) (-699.666742 -40.888829 -40.888829) (-683.566714 -41.1058429 -41.1058429) (-667.098353 -41.3298761 -41.3298761) (-650.286108 -41.5557651 -41.5557651) (-633.154427 -41.7783465 -41.7783465) (-615.727759 -41.9924569 -41.9924569) (-598.03055 -42.1929328 -42.1929328) (-580.08725 -42.3746109 -42.3746109) (-561.922307 -42.5323276 -42.5323276) (-543.560168 -42.6609195 -42.6609195) (-525.025282 -42.7552233 -42.7552233) (-506.342096 -42.8100754 -42.8100754) (-487.53506 -42.8203125 -42.8203125) (-468.62862 -42.780771 -42.780771) (-449.647226 -42.6862877 -42.6862877) (-430.615325 -42.531699 -42.531699) (-411.557365 -42.3118414 -42.3118414) (-392.497794 -42.0215517 -42.0215517) (-373.461062 -41.6556663 -41.6556663) (-354.471614 -41.2090218 -41.2090218) (-335.553901 -40.6764547 -40.6764547) (-316.73237 -40.0528017 -40.0528017) (-298.031468 -39.3328993 -39.3328993) (-279.475645 -38.511584 -38.511584) (-261.089347 -37.5836925 -37.5836925) (-242.897025 -36.5440613 -36.5440613) (-224.923124 -35.3875269 -35.3875269) (-207.192094 -34.108926 -34.108926) (-189.728383 -32.703095 -32.703095) (-172.556438 -31.1648707 -31.1648707) (-155.700709 -29.4890894 -29.4890894) (-139.185642 -27.6705878 -27.6705878) (-123.035687 -25.7042026 -25.7042026) (-107.27529 -23.5847701 -23.5847701) (-91.928901 -21.307127 -21.307127) (-77.0209673 -18.8661099 -18.8661099) (-62.5759371 -16.2565553 -16.2565553) (-48.6182585 -13.4732998 -13.4732998) (-35.1723796 -10.5111799 -10.5111799) (-22.2627486 -7.36503232 -7.36503232) (-9.91381359 -4.02969348 -4.02969348))
    arc 557 559 (-800 -229.610059 -554.32772)
    polyLine 558 7 ((-787.185782 -7.35775745e-15 -40.053766) (-773.830698 -7.38627884e-15 -40.2090292) (-759.959256 -7.43178205e-15 -40.4567372) (-745.595962 -7.49260421e-15 -40.7878376) (-730.765323 -7.56708242e-15 -41.1932781) (-715.491847 -7.6535538e-15 -41.6640063) (-699.800039 -7.75035544e-15 -42.1909699) (-683.714408 -7.85582446e-15 -42.7651165) (-667.25946 -7.96829797e-15 -43.3773938) (-650.459701 -8.08611307e-15 -44.0187493) (-633.33964 -8.20760688e-15 -44.6801308) (-615.923783 -8.33111651e-15 -45.3524859) (-598.236637 -8.45497906e-15 -46.0267623) (-580.302709 -8.57753165e-15 -46.6939075) (-562.146505 -8.69711138e-15 -47.3448692) (-543.792534 -8.81205536e-15 -47.9705951) (-525.265301 -8.9207007e-15 -48.5620328) (-506.589314 -9.02138451e-15 -49.1101299) (-487.78908 -9.1124439e-15 -49.6058341) (-468.889105 -9.19221597e-15 -50.0400931) (-449.913897 -9.25903785e-15 -50.4038544) (-430.887963 -9.31124663e-15 -50.6880658) (-411.83581 -9.34717943e-15 -50.8836748) (-392.781944 -9.36517335e-15 -50.9816292) (-373.750872 -9.3635655e-15 -50.9728765) (-354.767102 -9.340693e-15 -50.8483644) (-335.855141 -9.29489295e-15 -50.5990405) (-317.039495 -9.22450246e-15 -50.2158525) (-298.344671 -9.12785864e-15 -49.6897481) (-279.795177 -9.0032986e-15 -49.0116748) (-261.415519 -8.84915945e-15 -48.1725804) (-243.230205 -8.6637783e-15 -47.1634124) (-225.26374 -8.44549225e-15 -45.9751185) (-207.540633 -8.19263842e-15 -44.5986463) (-190.08539 -7.90355391e-15 -43.0249435) (-172.922519 -7.57657584e-15 -41.2449578) (-156.076525 -7.21004131e-15 -39.2496368) (-139.571916 -6.80228743e-15 -37.029928) (-123.4332 -6.35165131e-15 -34.5767793) (-107.684883 -5.85647006e-15 -31.8811381) (-92.3514712 -5.3150808e-15 -28.9339522) (-77.4574727 -4.72582062e-15 -25.7261692) (-63.0273942 -4.08702664e-15 -22.2487367) (-49.0857425 -3.39703596e-15 -18.4926025) (-35.6570247 -2.6541857e-15 -14.448714) (-22.7657477 -1.85681297e-15 -10.108019) (-10.4364185 -1.00325487e-15 -5.46146512))
    arc 559 561 (-800 229.610059 -554.32772)
    polyLine 560 8 ((-787.162844 40.0233028 -40.0233028) (-773.786219 40.0897689 -40.0897689) (-759.894573 40.1942349 -40.1942349) (-745.512354 40.3315374 -40.3315374) (-730.66401 40.4965128 -40.4965128) (-715.373991 40.6839978 -40.6839978) (-699.666742 40.888829 -40.888829) (-683.566714 41.1058429 -41.1058429) (-667.098353 41.3298761 -41.3298761) (-650.286108 41.5557651 -41.5557651) (-633.154427 41.7783465 -41.7783465) (-615.727759 41.9924569 -41.9924569) (-598.03055 42.1929328 -42.1929328) (-580.08725 42.3746109 -42.3746109) (-561.922307 42.5323276 -42.5323276) (-543.560168 42.6609195 -42.6609195) (-525.025282 42.7552233 -42.7552233) (-506.342096 42.8100754 -42.8100754) (-487.53506 42.8203125 -42.8203125) (-468.62862 42.780771 -42.780771) (-449.647226 42.6862877 -42.6862877) (-430.615325 42.531699 -42.531699) (-411.557365 42.3118414 -42.3118414) (-392.497794 42.0215517 -42.0215517) (-373.461062 41.6556663 -41.6556663) (-354.471614 41.2090218 -41.2090218) (-335.553901 40.6764547 -40.6764547) (-316.73237 40.0528017 -40.0528017) (-298.031468 39.3328993 -39.3328993) (-279.475645 38.511584 -38.511584) (-261.089347 37.5836925 -37.5836925) (-242.897025 36.5440613 -36.5440613) (-224.923124 35.3875269 -35.3875269) (-207.192094 34.108926 -34.108926) (-189.728383 32.703095 -32.703095) (-172.556438 31.1648707 -31.1648707) (-155.700709 29.4890894 -29.4890894) (-139.185642 27.6705878 -27.6705878) (-123.035687 25.7042026 -25.7042026) (-107.27529 23.5847701 -23.5847701) (-91.928901 21.307127 -21.307127) (-77.0209673 18.8661099 -18.8661099) (-62.5759371 16.2565553 -16.2565553) (-48.6182585 13.4732998 -13.4732998) (-35.1723796 10.5111799 -10.5111799) (-22.2627486 7.36503232 -7.36503232) (-9.91381359 4.02969348 -4.02969348))
    arc 561 547 (-800 554.32772 -229.610059)
    polyLine 0 1 ((0.108871326 0.0417843914 0) (0.217742653 0.0835473643 0) (0.326613979 0.125288923 0) (0.435485305 0.167009071 0) (0.544356632 0.208707814 0) (0.653227958 0.250385155 0) (0.762099284 0.292041098 0) (0.870970611 0.333675648 0) (0.979841937 0.375288809 0) (1.08871326 0.416880585 0) (1.19758459 0.458450981 0))
    polyLine 0 3 ((0.108871326 2.55855606e-18 0.0417843914) (0.217742653 5.11580061e-18 0.0835473643) (0.326613979 7.67173392e-18 0.125288923) (0.435485305 1.02263562e-17 0.167009071) (0.544356632 1.27796678e-17 0.208707814) (0.653227958 1.53316689e-17 0.250385155) (0.762099284 1.78823598e-17 0.292041098) (0.870970611 2.04317407e-17 0.333675648) (0.979841937 2.29798119e-17 0.375288809) (1.08871326 2.55265737e-17 0.416880585) (1.19758459 2.80720263e-17 0.458450981))
    polyLine 0 5 ((0.108871326 -0.0417843914 5.11711212e-18) (0.217742653 -0.0835473643 1.02316012e-17) (0.326613979 -0.125288923 1.53434678e-17) (0.435485305 -0.167009071 2.04527125e-17) (0.544356632 -0.208707814 2.55593356e-17) (0.653227958 -0.250385155 3.06633378e-17) (0.762099284 -0.292041098 3.57647196e-17) (0.870970611 -0.333675648 4.08634814e-17) (0.979841937 -0.375288809 4.59596239e-17) (1.08871326 -0.416880585 5.10531474e-17) (1.19758459 -0.458450981 5.61440526e-17))
    polyLine 0 7 ((0.108871326 -7.67566819e-18 -0.0417843914) (0.217742653 -1.53474018e-17 -0.0835473643) (0.326613979 -2.30152018e-17 -0.125288923) (0.435485305 -3.06790687e-17 -0.167009071) (0.544356632 -3.83390034e-17 -0.208707814) (0.653227958 -4.59950067e-17 -0.250385155) (0.762099284 -5.36470794e-17 -0.292041098) (0.870970611 -6.12952222e-17 -0.333675648) (0.979841937 -6.89394358e-17 -0.375288809) (1.08871326 -7.65797212e-17 -0.416880585) (1.19758459 -8.42160789e-17 -0.458450981))
    arc 566 570 (5600 36.9551813 15.3073373)
    arc 567 571 (5600 554.32772 229.610059)
    arc 570 574 (5600 15.3073373 36.9551813)
    arc 571 575 (5600 229.610059 554.32772)
    arc 574 578 (5600 -15.3073373 36.9551813)
    arc 575 579 (5600 -229.610059 554.32772)
    arc 578 582 (5600 -36.9551813 15.3073373)
    arc 579 583 (5600 -554.32772 229.610059)
    arc 582 586 (5600 -36.9551813 -15.3073373)
    arc 583 587 (5600 -554.32772 -229.610059)
    arc 586 590 (5600 -15.3073373 -36.9551813)
    arc 587 591 (5600 -229.610059 -554.32772)
    arc 590 594 (5600 15.3073373 -36.9551813)
    arc 591 595 (5600 229.610059 -554.32772)
    arc 594 566 (5600 36.9551813 -15.3073373)
    arc 595 567 (5600 554.32772 -229.610059)
);

boundary
(
    inlet
    {
        type patch;
        faces
        (
            (545 550 548 546)
            (545 554 552 550)
            (545 558 556 554)
            (545 546 560 558)
            (546 548 549 547)
            (548 550 551 549)
            (550 552 553 551)
            (552 554 555 553)
            (554 556 557 555)
            (556 558 559 557)
            (558 560 561 559)
            (560 546 547 561)
        );
    }
    outlet
    {
        type patch;
        faces
        (
            (563 565 569 573)
            (563 573 577 581)
            (563 581 585 589)
            (563 589 593 565)
            (565 566 570 569)
            (566 567 571 570)
            (569 570 574 573)
            (570 571 575 574)
            (573 574 578 577)
            (574 575 579 578)
            (577 578 582 581)
            (578 579 583 582)
            (581 582 586 585)
            (582 583 587 586)
            (585 586 590 589)
            (586 587 591 590)
            (589 590 594 593)
            (590 591 595 594)
            (593 594 566 565)
            (594 595 567 566)
        );
    }
    farfield
    {
        type patch;
        faces
        (
            (9 10 20 18)
            (10 11 22 20)
            (11 12 24 22)
            (12 13 26 24)
            (13 14 28 26)
            (14 15 30 28)
            (15 16 32 30)
            (16 9 18 32)
            (18 20 36 34)
            (20 22 38 36)
            (22 24 40 38)
            (24 26 42 40)
            (26 28 44 42)
            (28 30 46 44)
            (30 32 48 46)
            (32 18 34 48)
            (34 36 52 50)
            (36 38 54 52)
            (38 40 56 54)
            (40 42 58 56)
            (42 44 60 58)
            (44 46 62 60)
            (46 48 64 62)
            (48 34 50 64)
            (50 52 68 66)
            (52 54 70 68)
            (54 56 72 70)
            (56 58 74 72)
            (58 60 76 74)
            (60 62 78 76)
            (62 64 80 78)
            (64 50 66 80)
            (66 68 84 82)
            (68 70 86 84)
            (70 72 88 86)
            (72 74 90 88)
            (74 76 92 90)
            (76 78 94 92)
            (78 80 96 94)
            (80 66 82 96)
            (82 84 100 98)
            (84 86 102 100)
            (86 88 104 102)
            (88 90 106 104)
            (90 92 108 106)
            (92 94 110 108)
            (94 96 112 110)
            (96 82 98 112)
            (98 100 116 114)
            (100 102 118 116)
            (102 104 120 118)
            (104 106 122 120)
            (106 108 124 122)
            (108 110 126 124)
            (110 112 128 126)
            (112 98 114 128)
            (114 116 132 130)
            (116 118 134 132)
            (118 120 136 134)
            (120 122 138 136)
            (122 124 140 138)
            (124 126 142 140)
            (126 128 144 142)
            (128 114 130 144)
            (130 132 148 146)
            (132 134 150 148)
            (134 136 152 150)
            (136 138 154 152)
            (138 140 156 154)
            (140 142 158 156)
            (142 144 160 158)
            (144 130 146 160)
            (146 148 164 162)
            (148 150 166 164)
            (150 152 168 166)
            (152 154 170 168)
            (154 156 172 170)
            (156 158 174 172)
            (158 160 176 174)
            (160 146 162 176)
            (162 164 180 178)
            (164 166 182 180)
            (166 168 184 182)
            (168 170 186 184)
            (170 172 188 186)
            (172 174 190 188)
            (174 176 192 190)
            (176 162 178 192)
            (178 180 196 194)
            (180 182 198 196)
            (182 184 200 198)
            (184 186 202 200)
            (186 188 204 202)
            (188 190 206 204)
            (190 192 208 206)
            (192 178 194 208)
            (194 196 212 210)
            (196 198 214 212)
            (198 200 216 214)
            (200 202 218 216)
            (202 204 220 218)
            (204 206 222 220)
            (206 208 224 222)
            (208 194 210 224)
            (210 212 228 226)
            (212 214 230 228)
            (214 216 232 230)
            (216 218 234 232)
            (218 220 236 234)
            (220 222 238 236)
            (222 224 240 238)
            (224 210 226 240)
            (226 228 244 242)
            (228 230 246 244)
            (230 232 248 246)
            (232 234 250 248)
            (234 236 252 250)
            (236 238 254 252)
            (238 240 256 254)
            (240 226 242 256)
            (242 244 260 258)
            (244 246 262 260)
            (246 248 264 262)
            (248 250 266 264)
            (250 252 268 266)
            (252 254 270 268)
            (254 256 272 270)
            (256 242 258 272)
            (258 260 276 274)
            (260 262 278 276)
            (262 264 280 278)
            (264 266 282 280)
            (266 268 284 282)
            (268 270 286 284)
            (270 272 288 286)
            (272 258 274 288)
            (274 276 292 290)
            (276 278 294 292)
            (278 280 296 294)
            (280 282 298 296)
            (282 284 300 298)
            (284 286 302 300)
            (286 288 304 302)
            (288 274 290 304)
            (290 292 308 306)
            (292 294 310 308)
            (294 296 312 310)
            (296 298 314 312)
            (298 300 316 314)
            (300 302 318 316)
            (302 304 320 318)
            (304 290 306 320)
            (306 308 324 322)
            (308 310 326 324)
            (310 312 328 326)
            (312 314 330 328)
            (314 316 332 330)
            (316 318 334 332)
            (318 320 336 334)
            (320 306 322 336)
            (322 324 340 338)
            (324 326 342 340)
            (326 328 344 342)
            (328 330 346 344)
            (330 332 348 346)
            (332 334 350 348)
            (334 336 352 350)
            (336 322 338 352)
            (338 340 356 354)
            (340 342 358 356)
            (342 344 360 358)
            (344 346 362 360)
            (346 348 364 362)
            (348 350 366 364)
            (350 352 368 366)
            (352 338 354 368)
            (354 356 372 370)
            (356 358 374 372)
            (358 360 376 374)
            (360 362 378 376)
            (362 364 380 378)
            (364 366 382 380)
            (366 368 384 382)
            (368 354 370 384)
            (370 372 388 386)
            (372 374 390 388)
            (374 376 392 390)
            (376 378 394 392)
            (378 380 396 394)
            (380 382 398 396)
            (382 384 400 398)
            (384 370 386 400)
            (386 388 404 402)
            (388 390 406 404)
            (390 392 408 406)
            (392 394 410 408)
            (394 396 412 410)
            (396 398 414 412)
            (398 400 416 414)
            (400 386 402 416)
            (402 404 420 418)
            (404 406 422 420)
            (406 408 424 422)
            (408 410 426 424)
            (410 412 428 426)
            (412 414 430 428)
            (414 416 432 430)
            (416 402 418 432)
            (418 420 436 434)
            (420 422 438 436)
            (422 424 440 438)
            (424 426 442 440)
            (426 428 444 442)
            (428 430 446 444)
            (430 432 448 446)
            (432 418 434 448)
            (434 436 452 450)
            (436 438 454 452)
            (438 440 456 454)
            (440 442 458 456)
            (442 444 460 458)
            (444 446 462 460)
            (446 448 464 462)
            (448 434 450 464)
            (450 452 468 466)
            (452 454 470 468)
            (454 456 472 470)
            (456 458 474 472)
            (458 460 476 474)
            (460 462 478 476)
            (462 464 480 478)
            (464 450 466 480)
            (466 468 484 482)
            (468 470 486 484)
            (470 472 488 486)
            (472 474 490 488)
            (474 476 492 490)
            (476 478 494 492)
            (478 480 496 494)
            (480 466 482 496)
            (482 484 500 498)
            (484 486 502 500)
            (486 488 504 502)
            (488 490 506 504)
            (490 492 508 506)
            (492 494 510 508)
            (494 496 512 510)
            (496 482 498 512)
            (498 500 516 514)
            (500 502 518 516)
            (502 504 520 518)
            (504 506 522 520)
            (506 508 524 522)
            (508 510 526 524)
            (510 512 528 526)
            (512 498 514 528)
            (514 516 532 530)
            (516 518 534 532)
            (518 520 536 534)
            (520 522 538 536)
            (522 524 540 538)
            (524 526 542 540)
            (526 528 544 542)
            (528 514 530 544)
            (547 549 10 9)
            (549 551 11 10)
            (551 553 12 11)
            (553 555 13 12)
            (555 557 14 13)
            (557 559 15 14)
            (559 561 16 15)
            (561 547 9 16)
            (530 532 571 567)
            (532 534 575 571)
            (534 536 579 575)
            (536 538 583 579)
            (538 540 587 583)
            (540 542 591 587)
            (542 544 595 591)
            (544 530 567 595)
        );
    }
    fuselage
    {
        type wall;
        faces
        (
            (1 17 19 2)
            (2 19 21 3)
            (3 21 23 4)
            (4 23 25 5)
            (5 25 27 6)
            (6 27 29 7)
            (7 29 31 8)
            (8 31 17 1)
            (17 33 35 19)
            (19 35 37 21)
            (21 37 39 23)
            (23 39 41 25)
            (25 41 43 27)
            (27 43 45 29)
            (29 45 47 31)
            (31 47 33 17)
            (33 49 51 35)
            (35 51 53 37)
            (37 53 55 39)
            (39 55 57 41)
            (41 57 59 43)
            (43 59 61 45)
            (45 61 63 47)
            (47 63 49 33)
            (49 65 67 51)
            (51 67 69 53)
            (53 69 71 55)
            (55 71 73 57)
            (57 73 75 59)
            (59 75 77 61)
            (61 77 79 63)
            (63 79 65 49)
            (65 81 83 67)
            (67 83 85 69)
            (69 85 87 71)
            (71 87 89 73)
            (73 89 91 75)
            (75 91 93 77)
            (77 93 95 79)
            (79 95 81 65)
            (81 97 99 83)
            (83 99 101 85)
            (85 101 103 87)
            (87 103 105 89)
            (89 105 107 91)
            (91 107 109 93)
            (93 109 111 95)
            (95 111 97 81)
            (97 113 115 99)
            (99 115 117 101)
            (101 117 119 103)
            (103 119 121 105)
            (105 121 123 107)
            (107 123 125 109)
            (109 125 127 111)
            (111 127 113 97)
            (113 129 131 115)
            (115 131 133 117)
            (117 133 135 119)
            (119 135 137 121)
            (121 137 139 123)
            (123 139 141 125)
            (125 141 143 127)
            (127 143 129 113)
            (129 145 147 131)
            (131 147 149 133)
            (133 149 151 135)
            (135 151 153 137)
            (137 153 155 139)
            (139 155 157 141)
            (141 157 159 143)
            (143 159 145 129)
            (145 161 163 147)
            (147 163 165 149)
            (149 165 167 151)
            (151 167 169 153)
            (153 169 171 155)
            (155 171 173 157)
            (157 173 175 159)
            (159 175 161 145)
            (161 177 179 163)
            (163 179 181 165)
            (165 181 183 167)
            (167 183 185 169)
            (169 185 187 171)
            (171 187 189 173)
            (173 189 191 175)
            (175 191 177 161)
            (177 193 195 179)
            (179 195 197 181)
            (181 197 199 183)
            (183 199 201 185)
            (185 201 203 187)
            (187 203 205 189)
            (189 205 207 191)
            (191 207 193 177)
            (193 209 211 195)
            (195 211 213 197)
            (197 213 215 199)
            (199 215 217 201)
            (201 217 219 203)
            (203 219 221 205)
            (205 221 223 207)
            (207 223 209 193)
            (209 225 227 211)
            (211 227 229 213)
            (213 229 231 215)
            (215 231 233 217)
            (217 233 235 219)
            (219 235 237 221)
            (221 237 239 223)
            (223 239 225 209)
            (225 241 243 227)
            (227 243 245 229)
            (229 245 247 231)
            (231 247 249 233)
            (233 249 251 235)
            (235 251 253 237)
            (237 253 255 239)
            (239 255 241 225)
            (241 257 259 243)
            (243 259 261 245)
            (245 261 263 247)
            (247 263 265 249)
            (249 265 267 251)
            (251 267 269 253)
            (253 269 271 255)
            (255 271 257 241)
            (257 273 275 259)
            (259 275 277 261)
            (261 277 279 263)
            (263 279 281 265)
            (265 281 283 267)
            (267 283 285 269)
            (269 285 287 271)
            (271 287 273 257)
            (273 289 291 275)
            (275 291 293 277)
            (277 293 295 279)
            (279 295 297 281)
            (281 297 299 283)
            (283 299 301 285)
            (285 301 303 287)
            (287 303 289 273)
            (289 305 307 291)
            (291 307 309 293)
            (293 309 311 295)
            (295 311 313 297)
            (297 313 315 299)
            (299 315 317 301)
            (301 317 319 303)
            (303 319 305 289)
            (305 321 323 307)
            (307 323 325 309)
            (309 325 327 311)
            (311 327 329 313)
            (313 329 331 315)
            (315 331 333 317)
            (317 333 335 319)
            (319 335 321 305)
            (321 337 339 323)
            (323 339 341 325)
            (325 341 343 327)
            (327 343 345 329)
            (329 345 347 331)
            (331 347 349 333)
            (333 349 351 335)
            (335 351 337 321)
            (337 353 355 339)
            (339 355 357 341)
            (341 357 359 343)
            (343 359 361 345)
            (345 361 363 347)
            (347 363 365 349)
            (349 365 367 351)
            (351 367 353 337)
            (353 369 371 355)
            (355 371 373 357)
            (357 373 375 359)
            (359 375 377 361)
            (361 377 379 363)
            (363 379 381 365)
            (365 381 383 367)
            (367 383 369 353)
            (369 385 387 371)
            (371 387 389 373)
            (373 389 391 375)
            (375 391 393 377)
            (377 393 395 379)
            (379 395 397 381)
            (381 397 399 383)
            (383 399 385 369)
            (385 401 403 387)
            (387 403 405 389)
            (389 405 407 391)
            (391 407 409 393)
            (393 409 411 395)
            (395 411 413 397)
            (397 413 415 399)
            (399 415 401 385)
            (401 417 419 403)
            (403 419 421 405)
            (405 421 423 407)
            (407 423 425 409)
            (409 425 427 411)
            (411 427 429 413)
            (413 429 431 415)
            (415 431 417 401)
            (417 433 435 419)
            (419 435 437 421)
            (421 437 439 423)
            (423 439 441 425)
            (425 441 443 427)
            (427 443 445 429)
            (429 445 447 431)
            (431 447 433 417)
            (433 449 451 435)
            (435 451 453 437)
            (437 453 455 439)
            (439 455 457 441)
            (441 457 459 443)
            (443 459 461 445)
            (445 461 463 447)
            (447 463 449 433)
            (449 465 467 451)
            (451 467 469 453)
            (453 469 471 455)
            (455 471 473 457)
            (457 473 475 459)
            (459 475 477 461)
            (461 477 479 463)
            (463 479 465 449)
            (465 481 483 467)
            (467 483 485 469)
            (469 485 487 471)
            (471 487 489 473)
            (473 489 491 475)
            (475 491 493 477)
            (477 493 495 479)
            (479 495 481 465)
            (481 497 499 483)
            (483 499 501 485)
            (485 501 503 487)
            (487 503 505 489)
            (489 505 507 491)
            (491 507 509 493)
            (493 509 511 495)
            (495 511 497 481)
            (497 513 515 499)
            (499 515 517 501)
            (501 517 519 503)
            (503 519 521 505)
            (505 521 523 507)
            (507 523 525 509)
            (509 525 527 511)
            (511 527 513 497)
            (513 529 531 515)
            (515 531 533 517)
            (517 533 535 519)
            (519 535 537 521)
            (521 537 539 523)
            (523 539 541 525)
            (525 541 543 527)
            (527 543 529 513)
            (0 1 2 3)
            (0 3 4 5)
            (0 5 6 7)
            (0 7 8 1)
            (562 572 568 564)
            (562 580 576 572)
            (562 588 584 580)
            (562 564 592 588)
            (564 568 531 529)
            (568 572 533 531)
            (572 576 535 533)
            (576 580 537 535)
            (580 584 539 537)
            (584 588 541 539)
            (588 592 543 541)
            (592 564 529 543)
        );
    }
);

mergePatchPairs
(
);

// ************************************************************************* //
