time,Cx,Cy,Cz,Mx,My,Mz,Cx_p,Cy_p,Cz_p,Cx_v,Cy_v,Cz_v,Mx_p,My_p,Mz_p,Mx_v,My_v,Mz_v
1.00000000e+00,3.25470388e+00,-1.00751155e-05,-1.10180445e-05,-1.59722071e-03,1.19869290e-04,-8.80363790e-05,4.84006101e-01,-9.92455429e-06,-1.12625206e-05,2.77069778e+00,-1.50561231e-07,2.44476057e-07,-1.60835176e-03,8.91773143e-05,-7.99352839e-05,1.11310519e-05,3.06919759e-05,-8.10109489e-06
2.00000000e+00,3.42638480e+00,-1.60959987e-05,-2.78815367e-05,-1.35670289e-03,2.60662473e-04,-1.37196462e-04,6.35770588e-01,-1.57405917e-05,-2.84368688e-05,2.79061421e+00,-3.55406945e-07,5.55332100e-07,-1.36103051e-03,2.32571870e-04,-1.26168029e-04,4.32761829e-06,2.80906034e-05,-1.10284338e-05
3.00000000e+00,3.49207479e+00,-2.03199688e-05,-4.23212112e-05,-9.83701415e-04,3.33868387e-04,-1.76508012e-04,7.11592529e-01,-2.02644467e-05,-4.37218301e-05,2.78048226e+00,-5.55221400e-08,1.40061890e-06,-9.82750303e-04,3.11022782e-04,-1.67198700e-04,-9.51109806e-07,2.28456052e-05,-9.30931196e-06
4.00000000e+00,3.52270659e+00,-2.36255786e-05,-3.54200649e-05,-5.93415285e-04,3.46406474e-04,-2.08551439e-04,7.59166992e-01,-2.38766873e-05,-3.73596601e-05,2.76353960e+00,2.51108715e-07,1.93959524e-06,-5.89168587e-04,3.28485475e-04,-2.02322292e-04,-4.24669742e-06,1.79209990e-05,-6.22914730e-06
5.00000000e+00,3.52440893e+00,-2.90874708e-05,-4.48074350e-05,-5.51355820e-04,3.71064861e-04,-2.36713754e-04,7.97862636e-01,-2.97698958e-05,-4.76550794e-05,2.72654630e+00,6.82424988e-07,2.84764441e-06,-5.43996708e-04,3.59596253e-04,-2.34149106e-04,-7.35911237e-06,1.14686081e-05,-2.56464776e-06
6.00000000e+00,3.49475817e+00,-2.47408424e-05,-2.31025572e-05,-6.43837431e-04,2.78815285e-04,-1.96268685e-04,8.23912904e-01,-2.58526868e-05,-2.65693057e-05,2.67084527e+00,1.11184439e-06,3.46674851e-06,-6.44157267e-04,2.72565737e-04,-1.97012304e-04,3.19831207e-07,6.24954765e-06,7.43619367e-07
7.00000000e+00,3.43810303e+00,-1.81927796e-05,-1.18863932e-05,-8.61361169e-04,1.80937156e-04,-1.53070362e-04,8.45295728e-01,-1.94362630e-05,-1.53509250e-05,2.59280730e+00,1.24348338e-06,3.46453188e-06,-8.58448033e-04,1.76902459e-04,-1.55480345e-04,-2.91313220e-06,4.03469791e-06,2.40998224e-06
8.00000000e+00,3.35306743e+00,-1.61447106e-05,-1.63934533e-05,-9.30119057e-04,1.02671345e-04,-1.09856459e-04,8.57471473e-01,-1.74465790e-05,-2.03174430e-05,2.49559596e+00,1.30186838e-06,3.92398974e-06,-9.28169089e-04,9.89130429e-05,-1.12162488e-04,-1.94996705e-06,3.75830189e-06,2.30602890e-06
9.00000000e+00,3.25390558e+00,-6.74384542e-06,-1.45123249e-06,-1.13698198e-03,1.76985159e-05,-6.44447331e-05,8.73615936e-01,-7.74008314e-06,-4.48805611e-06,2.38028965e+00,9.96237718e-07,3.03682364e-06,-1.13323814e-03,1.01723810e-05,-6.46474061e-05,-3.74383871e-06,7.52613485e-06,2.02673274e-07
1.00000000e+01,3.13786156e+00,-5.78224425e-06,1.13686835e-05,-1.30171277e-03,-3.07879048e-05,-6.67474098e-05,8.85355639e-01,-6.26562847e-06,9.50470485e-06,2.25250592e+00,4.83384248e-07,1.86397867e-06,-1.31348177e-03,-4.35607281e-05,-6.42303467e-05,1.17690061e-05,1.27728234e-05,-2.51706291e-06
1.10000000e+01,3.01114791e+00,-1.45318115e-05,8.37980568e-06,-1.01857384e-03,1.49830717e-05,-1.34764676e-04,8.93655419e-01,-1.46498459e-05,8.21081638e-06,2.11749249e+00,1.18034379e-07,1.68989284e-07,-1.03100309e-03,-2.00004260e-06,-1.30179147e-04,1.24292463e-05,1.69831143e-05,-4.58552851e-06
1.20000000e+01,2.87505012e+00,-3.15687327e-06,2.54888850e-05,-1.10718058e-03,-1.76582764e-04,-1.72536156e-05,8.97956342e-01,-2.94511634e-06,2.56629806e-05,1.97709378e+00,-2.11756929e-07,-1.74095522e-07,-1.11599885e-03,-1.95136953e-04,-1.14588686e-05,8.81826278e-06,1.85541894e-05,-5.79474697e-06
1.30000000e+01,2.73751136e+00,-1.10054975e-05,1.92466973e-05,-7.49328097e-04,-1.16290650e-04,-4.41158024e-05,9.02164675e-01,-1.06934454e-05,1.90966645e-05,1.83534669e+00,-3.12052148e-07,1.50032814e-07,-7.48112874e-04,-1.33540007e-04,-3.81706167e-05,-1.21522236e-06,1.72493567e-05,-5.94518563e-06
1.40000000e+01,2.60276874e+00,-1.12237913e-05,3.26429567e-05,-4.81584750e-04,-2.87345514e-04,-2.28481617e-05,9.10745980e-01,-1.08153893e-05,3.30338403e-05,1.69202276e+00,-4.08402027e-07,-3.90883613e-07,-4.94262380e-04,-3.04189357e-04,-1.60523494e-05,1.26776312e-05,1.68438425e-05,-6.79581228e-06
1.50000000e+01,2.46998506e+00,-2.90284275e-05,-3.93109697e-06,5.92680870e-04,-1.67190155e-04,-1.45164307e-04,9.19375031e-01,-2.84080213e-05,-3.46658400e-06,1.55061003e+00,-6.20406221e-07,-4.64512974e-07,5.25954084e-04,-1.82240902e-04,-1.37837082e-04,6.67267866e-05,1.50507468e-05,-7.32722475e-06
1.60000000e+01,2.33892848e+00,-4.34416262e-05,-1.64929422e-06,2.99076909e-03,-2.58740362e-04,-1.93770034e-04,9.26164606e-01,-4.23744608e-05,-1.19365532e-06,1.41276387e+00,-1.06716566e-06,-4.55638905e-07,2.95517246e-03,-2.72759171e-04,-1.85374075e-04,3.55966282e-05,1.40188097e-05,-8.39595939e-06
1.70000000e+01,2.21307172e+00,-9.82505387e-05,-3.84116350e-05,4.60634858e-03,-5.56251239e-05,-3.29906887e-04,9.28726714e-01,-9.60292316e-05,-3.73336134e-05,1.28434501e+00,-2.22130717e-06,-1.07802171e-06,4.57135779e-03,-7.26836029e-05,-3.18591421e-04,3.49907822e-05,1.70584792e-05,-1.13154663e-05
1.80000000e+01,2.09737749e+00,-2.26549730e-04,-9.05361712e-05,6.40863193e-03,8.43863223e-05,-7.53684663e-04,9.28529948e-01,-2.22906475e-04,-8.79851899e-05,1.16884754e+00,-3.64325532e-06,-2.55098130e-06,6.38777334e-03,5.92564286e-05,-7.37081434e-04,2.08585845e-05,2.51298936e-05,-1.66032285e-05
1.90000000e+01,1.98550332e+00,-3.70010695e-04,-2.76637734e-04,8.94363677e-03,1.02375630e-03,-1.15143056e-03,9.20218918e-01,-3.65718652e-04,-2.72345456e-04,1.06528441e+00,-4.29204309e-06,-4.29227768e-06,8.92517775e-03,9.87548040e-04,-1.12963086e-03,1.84590160e-05,3.62082533e-05,-2.17997031e-05
2.00000000e+01,1.88127981e+00,-4.49079596e-04,-3.60867938e-04,1.23652838e-02,1.25384403e-03,-1.23937301e-03,9.09115228e-01,-4.44943328e-04,-3.56247833e-04,9.72164587e-01,-4.13626841e-06,-4.62010477e-06,1.23168165e-02,1.21563011e-03,-1.21224835e-03,4.84674006e-05,3.82139202e-05,-2.71246620e-05
2.10000000e+01,1.78076292e+00,-5.77840778e-04,-4.89593877e-04,1.74544828e-02,1.99863415e-03,-1.90949369e-03,8.91859452e-01,-5.74482595e-04,-4.85792972e-04,8.88903465e-01,-3.35818521e-06,-3.80090440e-06,1.73480151e-02,1.96387564e-03,-1.87886823e-03,1.06467722e-04,3.47585132e-05,-3.06254531e-05
2.20000000e+01,1.68931251e+00,-6.79140659e-04,-4.77257947e-04,2.49269560e-02,1.73026971e-03,-2.55598800e-03,8.74855755e-01,-6.75036370e-04,-4.74044236e-04,8.14456754e-01,-4.10428579e-06,-3.21371169e-06,2.47426242e-02,1.69840469e-03,-2.51495026e-03,1.84331819e-04,3.18650227e-05,-4.10377366e-05
2.30000000e+01,1.60442567e+00,-8.49425091e-04,-5.46121745e-04,3.41527456e-02,2.27835449e-03,-4.06436007e-03,8.56076142e-01,-8.43619646e-04,-5.43148520e-04,7.48349523e-01,-5.80544313e-06,-2.97322716e-06,3.38975557e-02,2.24505834e-03,-4.00724072e-03,2.55189822e-04,3.32961419e-05,-5.71193460e-05
2.40000000e+01,1.53144626e+00,-1.04054734e-03,-5.51690785e-04,4.32455409e-02,2.39452438e-03,-5.76258138e-03,8.41983564e-01,-1.03262046e-03,-5.47384672e-04,6.89462692e-01,-7.92688112e-06,-4.30611090e-06,4.29596232e-02,2.34772284e-03,-5.68688665e-03,2.85917610e-04,4.68015357e-05,-7.56947289e-05
2.50000000e+01,1.46748462e+00,-1.30198323e-03,-6.82555587e-04,4.99751976e-02,3.58868311e-03,-8.06411495e-03,8.29944873e-01,-1.29140732e-03,-6.77739881e-04,6.37539754e-01,-1.05759180e-05,-4.81570494e-06,4.97336562e-02,3.52919469e-03,-7.96353877e-03,2.41541296e-04,5.94884198e-05,-1.00576197e-04
2.60000000e+01,1.41678596e+00,-1.50711102e-03,-7.21899557e-04,5.29413896e-02,4.08207248e-03,-9.79116154e-03,8.24986473e-01,-1.49611842e-03,-7.16628549e-04,5.91799485e-01,-1.09925973e-05,-5.27101047e-06,5.28289941e-02,4.01089735e-03,-9.68506759e-03,1.12395661e-04,7.11751241e-05,-1.06093944e-04
2.70000000e+01,1.37584793e+00,-1.62780795e-03,-7.54031563e-04,5.25412737e-02,4.56647349e-03,-1.08836487e-02,8.23730167e-01,-1.62070128e-03,-7.51732667e-04,5.52117758e-01,-7.10667490e-06,-2.29889671e-06,5.25752666e-02,4.50993932e-03,-1.07995370e-02,-3.39932446e-05,5.65341648e-05,-8.41117201e-05
2.80000000e+01,1.34595891e+00,-1.55033699e-03,-6.86552355e-04,4.91650537e-02,4.33412775e-03,-1.04395211e-02,8.28194734e-01,-1.54855880e-03,-6.88545002e-04,5.17764178e-01,-1.77819017e-06,1.99264589e-06,4.93419697e-02,4.30821691e-03,-1.03927114e-02,-1.76916298e-04,2.59108449e-05,-4.68097556e-05
2.90000000e+01,1.32305935e+00,-1.38283828e-03,-4.84602818e-04,4.39202944e-02,3.13793096e-03,-9.46736414e-03,8.34526819e-01,-1.38540147e-03,-4.92684540e-04,4.88532535e-01,2.56318707e-06,8.08172240e-06,4.42010071e-02,3.15964205e-03,-9.45320561e-03,-2.80712675e-04,-2.17110908e-05,-1.41585463e-05
3.00000000e+01,1.30669677e+00,-1.12271324e-03,-2.27010037e-04,3.76883474e-02,1.33683142e-03,-7.68884051e-03,8.43180437e-01,-1.13083899e-03,-2.42332990e-04,4.63516329e-01,8.12575592e-06,1.53229533e-05,3.80334624e-02,1.42441739e-03,-7.70980735e-03,-3.45114988e-04,-8.75859682e-05,2.09668285e-05
3.10000000e+01,1.29183230e+00,-7.17402214e-04,1.23098089e-04,3.14692355e-02,-1.01701160e-03,-5.28542847e-03,8.49805866e-01,-7.34350505e-04,9.91718263e-05,4.42026435e-01,1.69482894e-05,2.39262629e-05,3.18257875e-02,-8.64184370e-04,-5.36574951e-03,-3.56551948e-04,-1.52827226e-04,8.03210619e-05
3.20000000e+01,1.27620134e+00,-1.71701623e-04,5.83004962e-04,2.57655079e-02,-3.84946293e-03,-2.05948049e-03,8.52703969e-01,-1.93446060e-04,5.58289339e-04,4.23497372e-01,2.17444368e-05,2.47156213e-05,2.61006640e-02,-3.65868163e-03,-2.18238561e-03,-3.35156156e-04,-1.90781302e-04,1.22905118e-04
3.30000000e+01,1.25933136e+00,3.33768904e-04,9.35157681e-04,2.08764141e-02,-6.72448928e-03,1.16946588e-03,8.51442255e-01,3.09956471e-04,9.14258361e-04,4.07889100e-01,2.38124321e-05,2.08993196e-05,2.11738050e-02,-6.51854280e-03,1.01604091e-03,-2.97390884e-04,-2.05946499e-04,1.53424969e-04
3.40000000e+01,1.24067073e+00,8.09692027e-04,1.21311912e-03,1.67954409e-02,-9.38740831e-03,4.34735786e-03,8.46299329e-01,7.85049653e-04,1.19650612e-03,3.94371399e-01,2.46423759e-05,1.66129981e-05,1.70607527e-02,-9.19126506e-03,4.17508671e-03,-2.65311762e-04,-1.96143232e-04,1.72271152e-04
3.50000000e+01,1.22154882e+00,1.27498231e-03,1.43578239e-03,1.32553144e-02,-1.15424377e-02,7.50916355e-03,8.39060030e-01,1.25535325e-03,1.42322969e-03,3.82488794e-01,1.96290650e-05,1.25527033e-05,1.34982567e-02,-1.13674723e-02,7.35471900e-03,-2.42942290e-04,-1.74965268e-04,1.54444560e-04
3.60000000e+01,1.20199233e+00,1.61150104e-03,1.61573100e-03,9.92541909e-03,-1.31365642e-02,9.78006515e-03,8.30245301e-01,1.59768791e-03,1.60902089e-03,3.71747034e-01,1.38131350e-05,6.71011522e-06,1.01489086e-02,-1.30092070e-02,9.65985930e-03,-2.23489525e-04,-1.27357141e-04,1.20205816e-04
3.70000000e+01,1.18116453e+00,1.81283560e-03,1.65080667e-03,6.79426675e-03,-1.36970729e-02,1.12425050e-02,8.19480445e-01,1.80638328e-03,1.65139893e-03,3.61684090e-01,6.45232142e-06,-5.92264187e-07,6.99618181e-03,-1.36257360e-02,1.11724518e-02,-2.01915044e-04,-7.13369066e-05,7.00532033e-05
3.80000000e+01,1.15988349e+00,1.73168737e-03,1.50204304e-03,4.09423570e-03,-1.27608851e-02,1.08891583e-02,8.07800992e-01,1.73378363e-03,1.50739398e-03,3.52082501e-01,-2.09626041e-06,-5.35093680e-06,4.26935100e-03,-1.27410652e-02,1.08785586e-02,-1.75115307e-04,-1.98199035e-05,1.05996997e-05
3.90000000e+01,1.13809037e+00,1.48057351e-03,1.21601545e-03,2.01768091e-03,-1.07745611e-02,9.52051922e-03,7.95461409e-01,1.48893917e-03,1.22571101e-03,3.42628966e-01,-8.36566003e-06,-9.69556206e-06,2.16720301e-03,-1.07954168e-02,9.55710001e-03,-1.49522094e-04,2.08557108e-05,-3.65807904e-05
4.00000000e+01,1.11601156e+00,1.20851448e-03,9.39200125e-04,4.72674275e-04,-8.54878863e-03,8.03989943e-03,7.82784307e-01,1.21940585e-03,9.51255246e-04,3.33227252e-01,-1.08913694e-05,-1.20551228e-05,6.00489264e-04,-8.61765921e-03,8.10376308e-03,-1.27814989e-04,6.88705537e-05,-6.38636557e-05
4.10000000e+01,1.09375738e+00,8.72026010e-04,6.02413535e-04,-6.49382188e-04,-5.82215281e-03,6.16590265e-03,7.69983633e-01,8.87779376e-04,6.17058842e-04,3.23773744e-01,-1.57533681e-05,-1.46453046e-05,-5.38967520e-04,-5.92233164e-03,6.27177271e-03,-1.10414668e-04,1.00178839e-04,-1.05870041e-04
4.20000000e+01,1.07194690e+00,5.69708723e-04,3.30200689e-04,-1.38537523e-03,-3.36614130e-03,4.39281926e-03,7.57655028e-01,5.84940044e-04,3.45552269e-04,3.14291870e-01,-1.52313224e-05,-1.53515800e-05,-1.29077913e-03,-3.49808717e-03,4.51048148e-03,-9.45961004e-05,1.31945868e-04,-1.17662213e-04
4.30000000e+01,1.05054901e+00,2.00321356e-04,-8.38243898e-06,-1.74663360e-03,-3.88166012e-04,2.08753561e-03,7.45788317e-01,2.16958168e-04,6.72450129e-06,3.04760690e-01,-1.66368121e-05,-1.51069403e-05,-1.66940963e-03,-5.28003791e-04,2.22455484e-03,-7.72239738e-05,1.39837778e-04,-1.37019232e-04
4.40000000e+01,1.03038889e+00,-1.11710725e-04,-2.73273448e-04,-1.72425913e-03,2.05245618e-03,-1.82837377e-05,7.35094297e-01,-9.80688708e-05,-2.61633050e-04,2.95294591e-01,-1.36418548e-05,-1.16403984e-05,-1.66704537e-03,1.92533769e-03,1.09524990e-04,-5.72137516e-05,1.27118486e-04,-1.27808728e-04
4.50000000e+01,1.01155739e+00,-3.73919233e-04,-5.05340459e-04,-1.26680914e-03,4.21933527e-03,-1.86977821e-03,7.25610579e-01,-3.63979734e-04,-4.99772757e-04,2.85946810e-01,-9.93949918e-06,-5.56770225e-06,-1.23176950e-03,4.13858694e-03,-1.76772924e-03,-3.50396358e-05,8.07483329e-05,-1.02048965e-04
4.60000000e+01,9.94325523e-01,-5.44653536e-04,-6.19153615e-04,-3.51979966e-04,5.52090775e-03,-3.29654781e-03,7.17437274e-01,-5.39172351e-04,-6.19544544e-04,2.76888250e-01,-5.48118407e-06,3.90930364e-07,-3.39409571e-04,5.48837010e-03,-3.21267552e-03,-1.25703955e-05,3.25376271e-05,-8.38722877e-05
4.70000000e+01,9.78315300e-01,-6.56019418e-04,-6.86843345e-04,9.84935054e-04,6.26006685e-03,-4.30100797e-03,7.10132641e-01,-6.52260475e-04,-6.93971442e-04,2.68182659e-01,-3.75894525e-06,7.12809601e-06,9.74922987e-04,6.28841985e-03,-4.23109489e-03,1.00120685e-05,-2.83530186e-05,-6.99130822e-05
4.80000000e+01,9.63935261e-01,-6.89096109e-04,-6.74265245e-04,2.68891189e-03,6.32662146e-03,-4.92090910e-03,7.03961220e-01,-6.91259947e-04,-6.85638236e-04,2.59974041e-01,2.16383815e-06,1.13729920e-05,2.65878042e-03,6.39530311e-03,-4.88427598e-03,3.01314699e-05,-6.86816453e-05,-3.66331097e-05
4.90000000e+01,9.50461984e-01,-6.85966145e-04,-6.09795987e-04,4.67531533e-03,5.89548226e-03,-5.20802943e-03,6.98133499e-01,-6.90442438e-04,-6.24025792e-04,2.52328485e-01,4.47629267e-06,1.42298072e-05,4.62732739e-03,5.98593936e-03,-5.19709361e-03,4.79879417e-05,-9.04571126e-05,-1.09357879e-05
5.00000000e+01,9.38909823e-01,-6.18988240e-04,-4.89836907e-04,6.85697356e-03,4.88608674e-03,-5.15151124e-03,6.93624921e-01,-6.28010823e-04,-5.04673303e-04,2.45284900e-01,9.02258518e-06,1.48363944e-05,6.79571926e-03,4.98286064e-03,-5.17064659e-03,6.12543078e-05,-9.67738921e-05,1.91353525e-05
5.10000000e+01,9.28626888e-01,-5.26850722e-04,-3.43865342e-04,9.12362092e-03,3.62253211e-03,-4.73559725e-03,6.89750563e-01,-5.37312567e-04,-3.57670893e-04,2.38876328e-01,1.04618455e-05,1.38055507e-05,9.05409161e-03,3.70517352e-03,-4.78356489e-03,6.95293452e-05,-8.26414066e-05,4.79676374e-05
5.20000000e+01,9.20569026e-01,-4.10818959e-04,-1.94666744e-04,1.13512339e-02,2.25154206e-03,-4.25834274e-03,6.87501907e-01,-4.23421973e-04,-2.03803583e-04,2.33067120e-01,1.26030146e-05,9.13683943e-06,1.12810405e-02,2.28839808e-03,-4.32605308e-03,7.01933609e-05,-3.68560225e-05,6.77103320e-05
5.30000000e+01,9.13627872e-01,-3.17874252e-04,-9.97741890e-05,1.33741701e-02,1.34132118e-03,-3.68547090e-03,6.85823070e-01,-3.29644244e-04,-1.02336282e-04,2.27804800e-01,1.17699920e-05,2.56209313e-06,1.33108373e-02,1.30795766e-03,-3.76657214e-03,6.33328173e-05,3.33635220e-05,8.11012414e-05
5.40000000e+01,9.07591947e-01,-1.67172952e-04,-4.23334106e-05,1.50117597e-02,7.24960366e-04,-2.69426414e-03,6.84566437e-01,-1.79690271e-04,-3.43818854e-05,2.23025509e-01,1.25173196e-05,-7.95152527e-06,1.49649156e-02,5.90017310e-04,-2.79017606e-03,4.68440843e-05,1.34943055e-04,9.59119248e-05
5.50000000e+01,9.01616183e-01,-8.69979664e-05,-1.48984377e-05,1.60882867e-02,4.29107860e-04,-1.90472429e-03,6.82955176e-01,-9.74195434e-05,5.24270123e-06,2.18661008e-01,1.04215771e-05,-2.01411390e-05,1.60659624e-02,1.67348684e-04,-2.00636531e-03,2.23242766e-05,2.61759176e-04,1.01641023e-04
5.60000000e+01,8.96185596e-01,1.80624090e-05,3.30252725e-05,1.64417816e-02,-6.99748862e-05,-9.93738380e-04,6.81542630e-01,6.30512947e-06,6.77123429e-05,2.14642967e-01,1.17572796e-05,-3.46870703e-05,1.64517495e-02,-4.71535915e-04,-1.11453091e-03,-9.96797083e-06,4.01561029e-04,1.20792526e-04
5.70000000e+01,8.91073590e-01,4.25120083e-05,6.48011270e-05,1.59782225e-02,-3.33437137e-04,-5.54876196e-04,6.80153041e-01,3.24835011e-05,1.11211786e-04,2.10920550e-01,1.00285073e-05,-4.64106588e-05,1.60235653e-02,-8.45730181e-04,-6.78228088e-04,-4.53427529e-05,5.12293046e-04,1.23351891e-04
5.80000000e+01,8.87099398e-01,3.46576934e-05,1.07080413e-04,1.47171976e-02,-8.67578669e-04,-5.16415404e-04,6.79666440e-01,2.24773346e-05,1.61638383e-04,2.07432958e-01,1.21803588e-05,-5.45579695e-05,1.47985582e-02,-1.44333726e-03,-6.61621921e-04,-8.13605569e-05,5.75758589e-04,1.45206520e-04
5.90000000e+01,8.84023794e-01,-3.01914642e-05,1.00106644e-04,1.27791322e-02,-8.90800002e-04,-7.85037581e-04,6.79922491e-01,-4.24195191e-05,1.56680251e-04,2.04101304e-01,1.22280549e-05,-5.65736064e-05,1.28918875e-02,-1.48227544e-03,-9.45431645e-04,-1.12755297e-04,5.91475441e-04,1.60394059e-04
6.00000000e+01,8.82119096e-01,-1.13981008e-04,7.02253174e-05,1.03098336e-02,-7.16187341e-04,-1.36600347e-03,6.81253367e-01,-1.27472134e-04,1.24746606e-04,2.00865729e-01,1.34911253e-05,-5.45212886e-05,1.04479877e-02,-1.27261395e-03,-1.53060667e-03,-1.38154081e-04,5.56426606e-04,1.64603201e-04
6.10000000e+01,8.80368657e-01,-1.99858676e-04,8.60493440e-06,7.49812080e-03,-1.34573911e-04,-1.93736666e-03,6.82674449e-01,-2.12174308e-04,5.44867660e-05,1.97694208e-01,1.23156325e-05,-4.58818319e-05,7.65310641e-03,-6.00309676e-04,-2.09569680e-03,-1.54985647e-04,4.65735768e-04,1.58330142e-04
6.20000000e+01,8.79027133e-01,-2.88707344e-04,-6.25069106e-05,4.54224015e-03,3.92663071e-04,-2.64358200e-03,6.84458340e-01,-3.00778856e-04,-2.59659962e-05,1.94568794e-01,1.20715120e-05,-3.65409145e-05,4.70558206e-03,3.92569504e-05,-2.78991629e-03,-1.63341917e-04,3.53406121e-04,1.46334293e-04
6.30000000e+01,8.77630534e-01,-3.67374732e-04,-1.35709384e-04,1.61931835e-03,1.05146811e-03,-3.19947101e-03,6.86168424e-01,-3.78619322e-04,-1.11344187e-04,1.91462110e-01,1.12445899e-05,-2.43651976e-05,1.78271678e-03,8.20708833e-04,-3.33880113e-03,-1.63398428e-04,2.30759279e-04,1.39330116e-04
6.40000000e+01,8.76761088e-01,-4.06133546e-04,-1.80861797e-04,-1.09152718e-03,1.41890612e-03,-3.55648088e-03,6.88390855e-01,-4.19799698e-04,-1.67971053e-04,1.88370231e-01,1.36661551e-05,-1.28907440e-05,-9.35370477e-04,1.31938687e-03,-3.70891388e-03,-1.56156704e-04,9.95192558e-05,1.52433004e-04
6.50000000e+01,8.76008165e-01,-4.33377057e-04,-2.02710398e-04,-3.47242384e-03,1.69056433e-03,-3.79489694e-03,6.90722620e-01,-4.48427100e-04,-2.01367907e-04,1.85285547e-01,1.50500417e-05,-1.34249109e-06,-3.32943431e-03,1.70259332e-03,-3.96011492e-03,-1.42989534e-04,-1.20289893e-05,1.65217978e-04
6.60000000e+01,8.75151157e-01,-4.53232675e-04,-2.21934055e-04,-5.46987729e-03,1.78374889e-03,-4.00503528e-03,6.92887622e-01,-4.71661367e-04,-2.30080719e-04,1.82263534e-01,1.84286928e-05,8.14666381e-06,-5.34521626e-03,1.90410003e-03,-4.19352206e-03,-1.24661024e-04,-1.20351134e-04,1.88486786e-04
6.70000000e+01,8.74254222e-01,-4.65765040e-04,-2.28648990e-04,-7.05743051e-03,1.85712195e-03,-4.08369947e-03,6.94980991e-01,-4.86001312e-04,-2.44918652e-04,1.79273233e-01,2.02362708e-05,1.62696613e-05,-6.95369605e-03,2.05107577e-03,-4.28998260e-03,-1.03734448e-04,-1.93953814e-04,2.06283119e-04
6.80000000e+01,8.73416046e-01,-4.61407594e-04,-2.48812719e-04,-8.20385637e-03,1.92775298e-03,-4.07369063e-03,6.97060020e-01,-4.83853681e-04,-2.70251160e-04,1.76356026e-01,2.24460869e-05,2.14384414e-05,-8.12300450e-03,2.18220799e-03,-4.29364961e-03,-8.08518361e-05,-2.54455007e-04,2.19958983e-04
6.90000000e+01,8.72150812e-01,-4.25884890e-04,-2.58648934e-04,-8.92108116e-03,2.04652217e-03,-3.77567311e-03,6.98651903e-01,-4.48912988e-04,-2.85206896e-04,1.73498912e-01,2.30280984e-05,2.65579619e-05,-8.86147681e-03,2.33712924e-03,-4.00132002e-03,-5.96043833e-05,-2.90607069e-04,2.25646910e-04
7.00000000e+01,8.70777142e-01,-3.79713333e-04,-2.81756997e-04,-9.25082696e-03,2.13396877e-03,-3.43731607e-03,7.00052090e-01,-4.03076868e-04,-3.08767169e-04,1.70725052e-01,2.33635362e-05,2.70101722e-05,-9.21103970e-03,2.43638795e-03,-3.65973903e-03,-3.97872628e-05,-3.02419176e-04,2.22422964e-04
7.10000000e+01,8.68984011e-01,-3.51397217e-04,-2.90641277e-04,-9.28494536e-03,2.20380335e-03,-3.13923811e-03,7.00959482e-01,-3.73418891e-04,-3.18936044e-04,1.68024528e-01,2.20216736e-05,2.82947665e-05,-9.26077492e-03,2.49960424e-03,-3.35099015e-03,-2.41704301e-05,-2.95800890e-04,2.11752040e-04
7.20000000e+01,8.66911522e-01,-3.29571701e-04,-2.98403001e-04,-9.09490471e-03,2.20158617e-03,-2.94131167e-03,7.01489954e-01,-3.49636292e-04,-3.25272310e-04,1.65421565e-01,2.00645909e-05,2.68693099e-05,-9.08350195e-03,2.48632438e-03,-3.12937626e-03,-1.14027618e-05,-2.84738208e-04,1.88064593e-04
7.30000000e+01,8.64385714e-01,-2.95043306e-04,-2.81759415e-04,-8.78674538e-03,2.14652145e-03,-2.59377210e-03,7.01478003e-01,-3.11548815e-04,-3.08669828e-04,1.62907710e-01,1.65055088e-05,2.69104121e-05,-8.78285352e-03,2.40977396e-03,-2.75146113e-03,-3.89182650e-06,-2.63252506e-04,1.57689029e-04
7.40000000e+01,8.61642793e-01,-2.17708782e-04,-2.63532423e-04,-8.43395972e-03,1.92082972e-03,-1.96765354e-03,7.01148518e-01,-2.30898205e-04,-2.87812261e-04,1.60494275e-01,1.31894237e-05,2.42798380e-05,-8.43438868e-03,2.16200820e-03,-2.09087451e-03,4.28934219e-07,-2.41178479e-04,1.23220966e-04
7.50000000e+01,8.58678555e-01,-1.40695461e-04,-2.16265971e-04,-8.14553802e-03,1.53321733e-03,-1.28769978e-03,7.00515278e-01,-1.49752318e-04,-2.39295689e-04,1.58163277e-01,9.05685615e-06,2.30297184e-05,-8.14490973e-03,1.74057945e-03,-1.37725494e-03,-6.28275716e-07,-2.07362123e-04,8.95551643e-05
7.60000000e+01,8.55606133e-01,-6.97349660e-05,-1.56450820e-04,-7.92931042e-03,9.53998102e-04,-7.23908406e-04,6.99678274e-01,-7.61124382e-05,-1.74714322e-04,1.55927861e-01,6.37747223e-06,1.82635021e-05,-7.92540335e-03,1.11765948e-03,-7.87061695e-04,-3.90710660e-06,-1.63661376e-04,6.31532865e-05
7.70000000e+01,8.52269160e-01,-3.32964301e-05,-8.45039284e-05,-7.79051328e-03,4.12697070e-04,-3.65637621e-04,6.98507423e-01,-3.79681187e-05,-9.83313529e-05,1.53761736e-01,4.67168860e-06,1.38274243e-05,-7.77998474e-03,5.14116199e-04,-4.19107833e-04,-1.05285440e-05,-1.01419128e-04,5.34702114e-05
7.80000000e+01,8.48987847e-01,-7.53026168e-06,-3.46650726e-05,-7.70940499e-03,-1.27195599e-04,-1.35232104e-04,6.97313620e-01,-1.29061414e-05,-4.06218779e-05,1.51674226e-01,5.37587972e-06,5.95680534e-06,-7.69264051e-03,-9.33122551e-05,-1.94465539e-04,-1.67645131e-05,-3.38833440e-05,5.92334352e-05
7.90000000e+01,8.45576899e-01,-6.11394173e-06,1.67359331e-05,-7.74546700e-03,-5.85001329e-04,-2.79436778e-05,6.95925299e-01,-1.34435480e-05,1.77604659e-05,1.49651598e-01,7.32960632e-06,-1.02453280e-06,-7.72124584e-03,-6.32231567e-04,-1.10656862e-04,-2.42211792e-05,4.72302368e-05,8.27131845e-05
8.00000000e+01,8.42207944e-01,-4.80034916e-06,5.57246256e-05,-7.91931029e-03,-1.01656001e-03,8.63763035e-06,6.94503412e-01,-1.46073897e-05,6.46103922e-05,1.47704533e-01,9.80704055e-06,-8.88576684e-06,-7.88970498e-03,-1.12721520e-03,-9.42924710e-05,-2.96053092e-05,1.10655191e-04,1.02930101e-04
8.10000000e+01,8.38753487e-01,-1.18371199e-05,8.88910946e-05,-8.26117359e-03,-1.23715252e-03,-4.95514250e-07,6.92935345e-01,-2.37849274e-05,1.01767005e-04,1.45818140e-01,1.19478075e-05,-1.28759107e-05,-8.22584219e-03,-1.39335783e-03,-1.26630013e-04,-3.53313791e-05,1.56205305e-04,1.26134499e-04
8.20000000e+01,8.35330775e-01,-8.16311197e-06,8.53282133e-05,-8.72283942e-03,-1.29535221e-03,-1.42703060e-05,6.91329410e-01,-2.15922874e-05,1.00985819e-04,1.44001365e-01,1.34291755e-05,-1.56576061e-05,-8.68457975e-03,-1.45887075e-03,-1.49834369e-04,-3.82596467e-05,1.63518544e-04,1.35564063e-04
8.30000000e+01,8.31858044e-01,-1.47042634e-05,7.56359371e-05,-9.27717123e-03,-1.21502202e-03,-9.43931225e-05,6.89619322e-01,-2.84558721e-05,8.91003253e-05,1.42238723e-01,1.37516087e-05,-1.34643884e-05,-9.23620329e-03,-1.36131229e-03,-2.35146883e-04,-4.09679691e-05,1.46290276e-04,1.40753760e-04
8.40000000e+01,8.28376825e-01,-1.50492187e-05,5.47522799e-05,-9.84896530e-03,-1.11313219e-03,-1.95103860e-04,6.87839589e-01,-2.86419466e-05,6.39250344e-05,1.40537238e-01,1.35927279e-05,-9.17275457e-06,-9.80890902e-03,-1.20024709e-03,-3.30125287e-04,-4.00562831e-05,8.71149015e-05,1.35021427e-04
8.50000000e+01,8.24797219e-01,-8.25386058e-06,4.93013570e-05,-1.04044663e-02,-1.00153425e-03,-1.88551046e-04,6.85918391e-01,-2.12944152e-05,4.91651225e-05,1.38878825e-01,1.30405546e-05,1.36234579e-07,-1.03658799e-02,-1.00328319e-03,-3.21308716e-04,-3.85863519e-05,1.74893483e-06,1.32757670e-04
8.60000000e+01,8.21263547e-01,-5.03581691e-06,3.66291265e-05,-1.08934775e-02,-9.75226386e-04,-2.67761751e-04,6.83982457e-01,-1.73943068e-05,2.79327115e-05,1.37281089e-01,1.23584899e-05,8.69641503e-06,-1.08595622e-02,-8.77181714e-04,-3.90582623e-04,-3.39153444e-05,-9.80446746e-05,1.22820872e-04
8.70000000e+01,8.17668430e-01,-2.05514439e-05,3.49478965e-05,-1.13258241e-02,-9.67305171e-04,-4.43200042e-04,6.81943234e-01,-3.22107341e-05,1.57596877e-05,1.35725194e-01,1.16592902e-05,1.91882089e-05,-1.12960815e-02,-7.74823318e-04,-5.62206787e-04,-2.97426517e-05,-1.92481852e-04,1.19006744e-04
8.80000000e+01,8.14252164e-01,-3.03518240e-05,3.33583430e-05,-1.16630501e-02,-1.00815404e-03,-6.26083632e-04,6.80031662e-01,-4.11929008e-05,7.78132584e-06,1.34220502e-01,1.08410770e-05,2.55770172e-05,-1.16394267e-02,-7.43417536e-04,-7.32818746e-04,-2.36233450e-05,-2.64736506e-04,1.06735114e-04
8.90000000e+01,8.10884839e-01,-4.49069198e-05,4.85653274e-05,-1.19108685e-02,-1.03960372e-03,-7.97394525e-04,6.78134771e-01,-5.39852298e-05,1.75939518e-05,1.32750065e-01,9.07831001e-06,3.09713753e-05,-1.18919645e-02,-7.33514126e-04,-8.89010116e-04,-1.89039797e-05,-3.06089589e-04,9.16155866e-05
9.00000000e+01,8.07691883e-01,-5.24691124e-05,5.16098355e-05,-1.20535030e-02,-1.09597567e-03,-9.68056101e-04,6.76366542e-01,-5.87134064e-05,2.00149947e-05,1.31325340e-01,6.24429393e-06,3.15948407e-05,-1.20403994e-02,-7.73913157e-04,-1.02662045e-03,-1.31035594e-05,-3.22062510e-04,5.85643436e-05
9.10000000e+01,8.04532065e-01,-6.26038324e-05,6.66109369e-05,-1.21255099e-02,-1.17466091e-03,-1.12168207e-03,6.74597971e-01,-6.50961815e-05,3.48212472e-05,1.29934094e-01,2.49234921e-06,3.17896898e-05,-1.21158902e-02,-8.61555253e-04,-1.14470837e-03,-9.61964318e-06,-3.13105654e-04,2.30263036e-05
9.20000000e+01,8.01443141e-01,-6.64754003e-05,7.33511326e-05,-1.21443743e-02,-1.23793116e-03,-1.27701647e-03,6.72863599e-01,-6.47626943e-05,4.45564605e-05,1.28579544e-01,-1.71270613e-06,2.87946720e-05,-1.21386993e-02,-9.46529982e-04,-1.25357083e-03,-5.67501137e-06,-2.91401179e-04,-2.34456458e-05
9.30000000e+01,7.98251838e-01,-6.10840145e-05,8.88962602e-05,-1.21585770e-02,-1.21701556e-03,-1.30088465e-03,6.71003543e-01,-5.47706532e-05,6.23638641e-05,1.27248297e-01,-6.31336109e-06,2.65323959e-05,-1.21545528e-02,-9.58282128e-04,-1.23511731e-03,-4.02423220e-06,-2.58733424e-04,-6.57673350e-05
9.40000000e+01,7.95135110e-01,-4.10213703e-05,9.18370423e-05,-1.21474499e-02,-1.19792843e-03,-1.24553282e-03,6.69175900e-01,-3.03766990e-05,6.97731330e-05,1.25959209e-01,-1.06446713e-05,2.20639094e-05,-1.21459532e-02,-9.73718735e-04,-1.13285378e-03,-1.49662616e-06,-2.24209692e-04,-1.12679028e-04
9.50000000e+01,7.92003882e-01,-1.41161846e-05,9.71073239e-05,-1.21134795e-02,-1.13488509e-03,-1.08702109e-03,6.67304826e-01,9.17465096e-07,7.80045973e-05,1.24699056e-01,-1.50336497e-05,1.91027264e-05,-1.21126430e-02,-9.48559450e-04,-9.34068659e-04,-8.36500093e-07,-1.86325642e-04,-1.52952428e-04
9.60000000e+01,7.88993481e-01,1.21221847e-05,9.91664837e-05,-1.20176623e-02,-1.10268856e-03,-9.68766615e-04,6.65514511e-01,3.14075884e-05,8.46287662e-05,1.23478967e-01,-1.92854037e-05,1.45377175e-05,-1.20187702e-02,-9.54200711e-04,-7.70139257e-04,1.10795230e-06,-1.48487845e-04,-1.98627358e-04
9.70000000e+01,7.86008106e-01,2.52772053e-05,1.07026668e-04,-1.18846965e-02,-9.85691352e-04,-8.92074295e-04,6.63722800e-01,4.87556381e-05,9.60681857e-05,1.22285305e-01,-2.34784329e-05,1.09584817e-05,-1.18858367e-02,-8.81863708e-04,-6.55908547e-04,1.14020647e-06,-1.03827646e-04,-2.36165750e-04
9.80000000e+01,7.83213681e-01,2.82632288e-05,1.07066297e-04,-1.17078924e-02,-9.26326226e-04,-9.30479799e-04,6.62080805e-01,5.52329456e-05,1.01355553e-04,1.21132877e-01,-2.69697166e-05,5.71074476e-06,-1.17099746e-02,-8.65769137e-04,-6.56118305e-04,2.08225441e-06,-6.05570875e-05,-2.74361496e-04
9.90000000e+01,7.80516939e-01,2.11188151e-05,1.06885927e-04,-1.15417445e-02,-8.33782768e-04,-9.95631258e-04,6.60509435e-01,5.10842939e-05,1.05013297e-04,1.20007502e-01,-2.99654789e-05,1.87263032e-06,-1.15425189e-02,-8.18869447e-04,-6.95167998e-04,7.74328223e-07,-1.49133208e-05,-3.00463260e-04
1.00000000e+02,7.78016154e-01,9.78989812e-06,1.02081716e-04,-1.13847447e-02,-7.77249665e-04,-1.11137577e-03,6.59098013e-01,4.14893958e-05,1.04914892e-04,1.18918142e-01,-3.16994977e-05,-2.83317580e-06,-1.13855755e-02,-8.02000507e-04,-7.90505464e-04,8.30840542e-07,2.47508409e-05,-3.20870300e-04
1.01000000e+02,7.75560648e-01,1.95007054e-06,1.04065075e-04,-1.12589561e-02,-6.63449120e-04,-1.12218161e-03,6.57704647e-01,3.38961005e-05,1.09957072e-04,1.17856002e-01,-3.19460300e-05,-5.89199717e-06,-1.12584675e-02,-7.27159745e-04,-8.03542607e-04,-4.88609297e-07,6.37106284e-05,-3.18639007e-04
1.02000000e+02,7.73249610e-01,8.62161334e-06,8.25715197e-05,-1.11313614e-02,-4.84871384e-04,-1.03078041e-03,6.56418377e-01,3.87094638e-05,9.27467786e-05,1.16831232e-01,-3.00878504e-05,-1.01752591e-05,-1.11316387e-02,-5.82325981e-04,-7.27852231e-04,2.77257522e-07,9.74545978e-05,-3.02928175e-04
1.03000000e+02,7.70946280e-01,2.45087371e-05,5.62546286e-05,-1.10142700e-02,-2.35357950e-04,-8.14417786e-04,6.55115391e-01,5.10499487e-05,6.92255382e-05,1.15830892e-01,-2.65412116e-05,-1.29709094e-05,-1.10141569e-02,-3.67341545e-04,-5.51206348e-04,-1.13093506e-07,1.31983595e-04,-2.63211438e-04
1.04000000e+02,7.68784433e-01,4.27586073e-05,2.76844957e-05,-1.08732228e-02,-2.32539946e-05,-6.14238268e-04,6.53918720e-01,6.40399918e-05,4.40220602e-05,1.14865711e-01,-2.12813846e-05,-1.63375644e-05,-1.08745523e-02,-1.81689864e-04,-4.01055106e-04,1.32949355e-06,1.58435869e-04,-2.13183164e-04
1.05000000e+02,7.66648640e-01,6.13858692e-05,1.60343622e-05,-1.07268530e-02,1.78629656e-04,-3.60122498e-04,6.52731903e-01,7.64196597e-05,3.38596764e-05,1.13916735e-01,-1.50337905e-05,-1.78253142e-05,-1.07279202e-02,-2.62217679e-06,-2.14438793e-04,1.06722074e-06,1.81251833e-04,-1.45683704e-04
1.06000000e+02,7.64697748e-01,8.41194730e-05,-6.81017838e-06,-1.05635132e-02,3.67293112e-04,-1.15038473e-04,6.51694799e-01,9.19393682e-05,1.30116575e-05,1.13002948e-01,-7.81989486e-06,-1.98218359e-05,-1.05655962e-02,1.74042924e-04,-3.85935279e-05,2.08292988e-06,1.93250188e-04,-7.64449449e-05
1.07000000e+02,7.62747621e-01,1.05611005e-04,-2.09739394e-05,-1.04218451e-02,5.17479273e-04,1.42882773e-04,6.50641017e-01,1.06371807e-04,-1.21490386e-06,1.12106603e-01,-7.60801806e-07,-1.97590355e-05,-1.04229011e-02,3.17984431e-04,1.45097520e-04,1.05596894e-06,1.99494840e-04,-2.21474717e-06
1.08000000e+02,7.60921310e-01,1.20303301e-04,-2.81218707e-05,-1.02859301e-02,5.63447142e-04,2.91182918e-04,6.49676919e-01,1.13932268e-04,-8.20798576e-06,1.11244389e-01,6.37103320e-06,-1.99138850e-05,-1.02874324e-02,3.68185042e-04,2.25777723e-04,1.50230429e-06,1.95262102e-04,6.54051952e-05
1.09000000e+02,7.59123506e-01,1.24054446e-04,-1.04956830e-05,-1.01691110e-02,5.19195267e-04,4.03523537e-04,6.48720702e-01,1.11265856e-04,8.05402449e-06,1.10402804e-01,1.27885900e-05,-1.85497075e-05,-1.01692857e-02,3.29347458e-04,2.70550515e-04,1.74624175e-07,1.89847806e-04,1.32973022e-04
1.10000000e+02,7.57464432e-01,1.26640767e-04,5.08932393e-06,-1.00411938e-02,3.87104087e-04,4.68156925e-04,6.47873319e-01,1.07676515e-04,2.33204509e-05,1.09591115e-01,1.89642518e-05,-1.82311269e-05,-1.00417423e-02,2.07408347e-04,2.77509156e-04,5.48548760e-07,1.79695740e-04,1.90647769e-04
1.11000000e+02,7.55829032e-01,1.24137555e-04,2.13414148e-05,-9.92282539e-03,2.75591361e-04,5.28919807e-04,6.47029094e-01,1.00277516e-04,3.83345662e-05,1.08799940e-01,2.38600394e-05,-1.69931514e-05,-9.92210704e-03,1.01786246e-04,2.86504545e-04,-7.18378258e-07,1.73805114e-04,2.42415262e-04
1.12000000e+02,7.54306544e-01,1.20043399e-04,2.94946714e-05,-9.79411422e-03,1.88075205e-04,5.40768580e-04,6.46268426e-01,9.19755480e-05,4.62427600e-05,1.08038119e-01,2.80678506e-05,-1.67480888e-05,-9.79394066e-03,2.22910427e-05,2.60059786e-04,-1.73551039e-07,1.65784162e-04,2.80708795e-04
1.13000000e+02,7.52781843e-01,1.12193939e-04,4.16448771e-05,-9.68580019e-03,1.79246038e-04,5.79371773e-04,6.45486353e-01,8.12196964e-05,5.73967272e-05,1.07295491e-01,3.09742430e-05,-1.57518504e-05,-9.68457128e-03,1.63366253e-05,2.66025592e-04,-1.22891116e-06,1.62909413e-04,3.13346180e-04
1.14000000e+02,7.51360870e-01,1.11185861e-04,4.09920725e-05,-9.57794930e-03,1.65377121e-04,6.35776899e-04,6.44777415e-01,7.76317713e-05,5.68752767e-05,1.06583457e-01,3.35540891e-05,-1.58832042e-05,-9.57760185e-03,8.72381307e-06,3.00301880e-04,-3.47449833e-07,1.56653308e-04,3.35475019e-04
1.15000000e+02,7.49912688e-01,1.08056239e-04,4.04671969e-05,-9.49224286e-03,1.76687266e-04,7.12127126e-04,6.44025325e-01,7.29575827e-05,5.53458637e-05,1.05887362e-01,3.50986560e-05,-1.48786671e-05,-9.49128612e-03,2.43174494e-05,3.57914477e-04,-9.56749448e-07,1.52369816e-04,3.54212647e-04
1.16000000e+02,7.48529806e-01,1.05737704e-04,3.76338812e-05,-9.39901477e-03,1.59190138e-04,7.61388529e-04,6.43309824e-01,6.92342211e-05,5.21727127e-05,1.05219981e-01,3.65034826e-05,-1.45388316e-05,-9.39948351e-03,1.57743563e-05,3.96427451e-04,4.68773744e-07,1.43415782e-04,3.64961077e-04
1.17000000e+02,7.47099998e-01,9.93659527e-05,4.48528194e-05,-9.32369142e-03,1.63691488e-04,8.31733411e-04,6.42528448e-01,6.21057582e-05,5.80000481e-05,1.04571551e-01,3.72601946e-05,-1.31472288e-05,-9.32388837e-03,2.78236123e-05,4.55154214e-04,1.96953382e-07,1.35867875e-04,3.76579199e-04
1.18000000e+02,7.45734498e-01,9.91135991e-05,3.94772961e-05,-9.24640179e-03,1.60350389e-04,9.11919881e-04,6.41779716e-01,6.06635037e-05,5.20545749e-05,1.03954780e-01,3.84500953e-05,-1.25772787e-05,-9.24830354e-03,3.77194589e-05,5.26619781e-04,1.90177456e-06,1.22630930e-04,3.85300099e-04
1.19000000e+02,7.44337910e-01,9.77054882e-05,3.38397737e-05,-9.19466265e-03,1.85101740e-04,1.01105040e-03,6.40980545e-01,5.83627670e-05,4.45525927e-05,1.03357365e-01,3.93427212e-05,-1.07128190e-05,-9.19669487e-03,7.56055125e-05,6.13130671e-04,2.03223185e-06,1.09496227e-04,3.97919730e-04
1.20000000e+02,7.43022619e-01,9.64186671e-05,2.57309816e-05,-9.13633525e-03,1.85376623e-04,1.06827771e-03,6.40233201e-01,5.55241816e-05,3.50307897e-05,1.02789415e-01,4.08944855e-05,-9.29980815e-06,-9.14060078e-03,9.53687219e-05,6.57753647e-04,4.26551288e-06,9.00079015e-05,4.10524061e-04
1.21000000e+02,7.41688358e-01,9.05255898e-05,3.12430733e-05,-9.09563507e-03,1.71957425e-04,1.13656745e-03,6.39450736e-01,4.80603377e-05,3.79538987e-05,1.02237624e-01,4.24652521e-05,-6.71082544e-06,-9.10039248e-03,1.01538428e-04,7.06465897e-04,4.75744337e-06,7.04189976e-05,4.30101552e-04
1.22000000e+02,7.40432884e-01,9.15147562e-05,2.60639022e-05,-9.04625538e-03,1.43860679e-04,1.21622616e-03,6.38720370e-01,4.66493142e-05,3.08233696e-05,1.01712513e-01,4.48654420e-05,-4.75946736e-06,-9.05344664e-03,1.00100616e-04,7.65290542e-04,7.19122754e-06,4.37600639e-05,4.50935622e-04
1.23000000e+02,7.39146140e-01,9.20608625e-05,2.49271475e-05,-9.01491600e-03,1.08001287e-04,1.30804856e-03,6.37944444e-01,4.50264522e-05,2.64882838e-05,1.01201699e-01,4.70344103e-05,-1.56113628e-06,-9.02261495e-03,9.09186051e-05,8.32206842e-04,7.69894982e-06,1.70826824e-05,4.75841713e-04
1.24000000e+02,7.37932290e-01,9.36060440e-05,1.94899722e-05,-8.97623034e-03,7.02272224e-05,1.35959936e-03,6.37216727e-01,4.40813775e-05,1.81838018e-05,1.00715564e-01,4.95246660e-05,1.30617038e-06,-8.98630464e-03,8.70003172e-05,8.62051594e-04,1.00743294e-05,-1.67730945e-05,4.97547769e-04
1.25000000e+02,7.36701726e-01,8.93288517e-05,2.49302408e-05,-8.95488463e-03,4.27358049e-05,1.40910392e-03,6.36457853e-01,3.79307821e-05,1.96531774e-05,1.00243874e-01,5.13980694e-05,5.27706338e-06,-8.96511036e-03,9.31715977e-05,8.89372079e-04,1.02257413e-05,-5.04357929e-05,5.19731838e-04
1.26000000e+02,7.35565305e-01,9.04315395e-05,1.91846372e-05,-8.93144563e-03,1.06244668e-05,1.45244830e-03,6.35767285e-01,3.71143715e-05,1.05613190e-05,9.97980213e-02,5.33171681e-05,8.62331820e-06,-8.94355137e-03,1.01489359e-04,9.17140041e-04,1.21057286e-05,-9.08648925e-05,5.35308254e-04
1.27000000e+02,7.34422908e-01,9.11655854e-05,1.55515848e-05,-8.93425364e-03,-3.64514973e-06,1.50889658e-03,6.35056997e-01,3.70767764e-05,2.47895545e-06,9.93659107e-02,5.40888088e-05,1.30726294e-05,-8.94605199e-03,1.26395110e-04,9.63342882e-04,1.17983338e-05,-1.30040260e-04,5.45553698e-04
1.28000000e+02,7.33376518e-01,8.92584426e-05,7.79543916e-06,-8.93113163e-03,-2.13391531e-05,1.49130722e-03,6.34417070e-01,3.49353831e-05,-9.22183905e-06,9.89594479e-02,5.43230598e-05,1.70172782e-05,-8.94453159e-03,1.52884843e-04,9.47211619e-04,1.33999465e-05,-1.74223996e-04,5.44095605e-04
1.29000000e+02,7.32331839e-01,8.38342946e-05,1.12674784e-05,-8.94618791e-03,-2.82768592e-05,1.48076158e-03,6.33764732e-01,3.06281401e-05,-1.04993635e-05,9.85671064e-02,5.32061543e-05,2.17668420e-05,-8.95898958e-03,1.87117306e-04,9.45143025e-04,1.28016636e-05,-2.15394166e-04,5.35618553e-04
1.30000000e+02,7.31386379e-01,8.09531325e-05,7.13288872e-06,-8.95237025e-03,-6.59854672e-05,1.43550153e-03,6.33187214e-01,2.93289612e-05,-1.84121296e-05,9.81991612e-02,5.16241714e-05,2.55450183e-05,-8.96655091e-03,1.93483157e-04,9.19561170e-04,1.41806568e-05,-2.59468625e-04,5.15940359e-04
1.31000000e+02,7.30434260e-01,7.82770209e-05,8.64626662e-06,-8.97339753e-03,-1.14868016e-04,1.40541666e-03,6.32589334e-01,2.95616842e-05,-2.12483396e-05,9.78449249e-02,4.87153364e-05,2.98946063e-05,-8.98679847e-03,1.82441348e-04,9.16348691e-04,1.34009256e-05,-2.97309364e-04,4.89067974e-04
1.32000000e+02,7.29563542e-01,7.22489112e-05,8.10689170e-06,-8.98019679e-03,-1.83433128e-04,1.29431176e-03,6.32049825e-01,2.68310621e-05,-2.51156946e-05,9.75137170e-02,4.54178492e-05,3.32225863e-05,-8.99481127e-03,1.51494925e-04,8.42069340e-04,1.46145053e-05,-3.34928054e-04,4.52242417e-04
1.33000000e+02,7.28677492e-01,6.23707146e-05,1.62201000e-05,-9.00321014e-03,-2.18346009e-04,1.19140812e-03,6.31482573e-01,2.13749988e-05,-2.05617178e-05,9.71949163e-02,4.09957154e-05,3.67818177e-05,-9.01677753e-03,1.45879133e-04,7.80499345e-04,1.35674029e-05,-3.64225141e-04,4.10908771e-04
1.34000000e+02,7.27878624e-01,5.61312840e-05,1.42623720e-05,-9.01724982e-03,-2.54727446e-04,1.06570142e-03,6.30979162e-01,1.96706812e-05,-2.47438928e-05,9.68994650e-02,3.64606028e-05,3.90062649e-05,-9.03183736e-03,1.37783112e-04,7.03828076e-04,1.45875519e-05,-3.92510558e-04,3.61873346e-04
1.35000000e+02,7.27063064e-01,5.00090034e-05,1.48576148e-05,-9.04920849e-03,-2.77265156e-04,9.59431415e-04,6.30447569e-01,1.90842424e-05,-2.65980330e-05,9.66154969e-02,3.09247612e-05,4.14556478e-05,-9.06277506e-03,1.34256009e-04,6.50577614e-04,1.35665769e-05,-4.11521165e-04,3.08853799e-04
1.36000000e+02,7.26326555e-01,4.25552405e-05,1.10621167e-05,-9.06875904e-03,-2.97515200e-04,7.95962275e-04,6.29973962e-01,1.73468481e-05,-3.16412676e-05,9.63525930e-02,2.52083924e-05,4.27033842e-05,-9.08363106e-03,1.30810084e-04,5.47705502e-04,1.48720304e-05,-4.28325283e-04,2.48256771e-04
1.37000000e+02,7.25579153e-01,3.13288830e-05,1.82199542e-05,-9.10064676e-03,-3.18074767e-04,6.47351086e-04,6.29478760e-01,1.26725348e-05,-2.57154900e-05,9.61003939e-02,1.86563482e-05,4.39354440e-05,-9.11469544e-03,1.16416928e-04,4.61583311e-04,1.40486825e-05,-4.34491695e-04,1.85767774e-04
1.38000000e+02,7.24917728e-01,2.74150218e-05,1.73987426e-05,-9.11631552e-03,-3.57736493e-04,5.20508915e-04,6.29049246e-01,1.51700265e-05,-2.61438176e-05,9.58684840e-02,1.22449953e-05,4.35425601e-05,-9.13181311e-03,7.86981305e-05,4.02240242e-04,1.54976067e-05,-4.36434624e-04,1.18268674e-04
1.39000000e+02,7.24236987e-01,2.47515482e-05,1.98045147e-05,-9.13947642e-03,-3.87039548e-04,4.35091468e-04,6.28591181e-01,1.95264091e-05,-2.32854513e-05,9.56458060e-02,5.22513911e-06,4.30899661e-05,-9.15433997e-03,3.93477177e-05,3.84319060e-04,1.48635327e-05,-4.26387266e-04,5.07724081e-05
1.40000000e+02,7.23629073e-01,2.22153112e-05,1.83992606e-05,-9.13735457e-03,-4.23588111e-04,3.16290383e-04,6.28186904e-01,2.36436762e-05,-2.28450398e-05,9.54421693e-02,-1.42836495e-06,4.12443004e-05,-9.15394000e-03,-1.14695936e-05,3.34984228e-04,1.65854423e-05,-4.12118517e-04,-1.86938453e-05
1.41000000e+02,7.23003914e-01,1.77359712e-05,2.58486824e-05,-9.14081577e-03,-4.44946063e-04,2.40053125e-04,6.27756721e-01,2.59364794e-05,-1.34546193e-05,9.52471917e-02,-8.20050820e-06,3.93033019e-05,-9.15686077e-03,-5.83191316e-05,3.22702654e-04,1.60450275e-05,-3.86626931e-04,-8.26495297e-05
1.42000000e+02,7.22456511e-01,1.86492337e-05,2.38755679e-05,-9.12498633e-03,-4.71275106e-04,1.71093807e-04,6.27385166e-01,3.26135512e-05,-1.20268929e-05,9.50713437e-02,-1.39643175e-05,3.59024607e-05,-9.14274173e-03,-1.12723833e-04,3.14033700e-04,1.77554114e-05,-3.58551273e-04,-1.42939893e-04
1.43000000e+02,7.21884140e-01,1.93373756e-05,2.23409536e-05,-9.11962509e-03,-4.64336341e-04,1.32332010e-04,6.26980301e-01,3.87315937e-05,-1.04102088e-05,9.49038413e-02,-1.93942182e-05,3.27511624e-05,-9.13689405e-03,-1.42525776e-04,3.26270639e-04,1.72689603e-05,-3.21810565e-04,-1.93938629e-04
1.44000000e+02,7.21380989e-01,1.83333964e-05,1.61552497e-05,-9.09208046e-03,-4.58479753e-04,5.17704787e-05,6.26626385e-01,4.18916994e-05,-1.26170732e-05,9.47546041e-02,-2.35583030e-05,2.87723229e-05,-9.11123011e-03,-1.71956769e-04,2.89633176e-04,1.91496430e-05,-2.86522984e-04,-2.37862698e-04
1.45000000e+02,7.20862612e-01,1.36807225e-05,1.84908527e-05,-9.07208777e-03,-4.39722380e-04,8.80403053e-07,6.26249916e-01,4.07120250e-05,-6.84905823e-06,9.46126966e-02,-2.70313026e-05,2.53399110e-05,-9.09084980e-03,-1.93020457e-04,2.69562691e-04,1.87619908e-05,-2.46701922e-04,-2.68682288e-04
1.46000000e+02,7.20419564e-01,1.62272864e-05,1.17040681e-05,-9.03099262e-03,-4.24829076e-04,-3.00607772e-05,6.25932494e-01,4.52335755e-05,-9.43579162e-06,9.44870691e-02,-2.90062891e-05,2.11398597e-05,-9.05168246e-03,-2.13889022e-04,2.60868938e-04,2.06898383e-05,-2.10940054e-04,-2.90929715e-04
1.47000000e+02,7.19949007e-01,2.13310575e-05,8.17471178e-06,-8.99692431e-03,-3.97468283e-04,-1.13651007e-05,6.25582145e-01,5.17393202e-05,-9.81766999e-06,9.43668613e-02,-3.04082626e-05,1.79923818e-05,-9.01731853e-03,-2.23167111e-04,2.90194944e-04,2.03942433e-05,-1.74301171e-04,-3.01560045e-04
1.48000000e+02,7.19536724e-01,2.64232313e-05,8.21578085e-07,-8.94022449e-03,-3.72975880e-04,-2.31610043e-05,6.25274438e-01,5.69710477e-05,-1.37762984e-05,9.42622825e-02,-3.05478165e-05,1.45978765e-05,-8.96273837e-03,-2.27863864e-04,2.82079265e-04,2.25138970e-05,-1.45112016e-04,-3.05240270e-04
1.49000000e+02,7.19094088e-01,2.79125044e-05,2.26293198e-06,-8.89297632e-03,-3.39547849e-04,-3.87128192e-06,6.24931049e-01,5.81290657e-05,-1.01040540e-05,9.41630409e-02,-3.02165613e-05,1.23669860e-05,-8.91526762e-03,-2.21841083e-04,2.94048045e-04,2.22912837e-05,-1.17706766e-04,-2.97919326e-04
1.50000000e+02,7.18714382e-01,3.58386359e-05,-2.88822072e-06,-8.82968470e-03,-3.26470322e-04,2.68655523e-05,6.24636344e-01,6.45241409e-05,-1.28087378e-05,9.40780372e-02,-2.86855049e-05,9.92051708e-06,-8.85405884e-03,-2.27020096e-04,3.12322846e-04,2.43741802e-05,-9.94502260e-05,-2.85457294e-04
1.51000000e+02,7.18298691e-01,4.20904218e-05,-3.47199214e-06,-8.77956739e-03,-3.14012876e-04,7.04943925e-05,6.24301918e-01,6.91720533e-05,-1.23001584e-05,9.39967718e-02,-2.70816315e-05,8.82816631e-06,-8.80371648e-03,-2.30250471e-04,3.36949782e-04,2.41491133e-05,-8.37624054e-05,-2.66455389e-04
1.52000000e+02,7.17932982e-01,4.49736450e-05,-8.23404031e-06,-8.70782370e-03,-3.02287832e-04,5.84904168e-05,6.24003785e-01,6.98954171e-05,-1.58959735e-05,9.39291960e-02,-2.49217723e-05,7.66193322e-06,-8.73418659e-03,-2.25099775e-04,3.05758358e-04,2.63628452e-05,-7.71880572e-05,-2.47267941e-04
1.53000000e+02,7.17531572e-01,4.21726186e-05,-3.42696334e-06,-8.64879910e-03,-2.90434093e-04,5.84000922e-05,6.23665931e-01,6.51729575e-05,-1.11297363e-05,9.38656418e-02,-2.30003388e-05,7.70277299e-06,-8.67494642e-03,-2.18172938e-04,2.83080851e-04,2.61473213e-05,-7.22611549e-05,-2.24680759e-04
1.54000000e+02,7.17187109e-01,4.61053907e-05,-5.41494721e-06,-8.57517190e-03,-2.95759018e-04,6.65063653e-05,6.23370911e-01,6.68540517e-05,-1.27068105e-05,9.38161978e-02,-2.07486611e-05,7.29186326e-06,-8.60342729e-03,-2.21578593e-04,2.71995306e-04,2.82553788e-05,-7.41804257e-05,-2.05488940e-04
1.55000000e+02,7.16801000e-01,4.94778364e-05,-1.56641410e-06,-8.51837059e-03,-3.05415751e-04,9.61983108e-05,6.23030424e-01,6.87171375e-05,-9.42698364e-06,9.37705753e-02,-1.92393013e-05,7.86056953e-06,-8.54628451e-03,-2.30787154e-04,2.84119546e-04,2.79139374e-05,-7.46285962e-05,-1.87921236e-04
1.56000000e+02,7.16455463e-01,4.98980433e-05,-1.32560918e-06,-8.44468901e-03,-3.21599511e-04,6.81785601e-05,6.22717422e-01,6.76709289e-05,-9.11612279e-06,9.37380388e-02,-1.77728853e-05,7.79051359e-06,-8.47465976e-03,-2.42999505e-04,2.44642106e-04,2.99707301e-05,-7.86000058e-05,-1.76463546e-04
1.57000000e+02,7.16063231e-01,4.58273016e-05,6.64054001e-06,-8.38965266e-03,-3.28669828e-04,6.25311918e-05,6.22354596e-01,6.28621386e-05,-1.73153121e-06,9.37086324e-02,-1.70348369e-05,8.37207120e-06,-8.41912233e-03,-2.49412187e-04,2.28479408e-04,2.94696769e-05,-7.92576408e-05,-1.65948216e-04
1.58000000e+02,7.15711940e-01,4.99242242e-05,6.78601165e-06,-8.32592064e-03,-3.48097979e-04,7.61349538e-05,6.22019198e-01,6.59428965e-05,-1.35152489e-06,9.36927415e-02,-1.60186725e-05,8.13753655e-06,-8.35718289e-03,-2.65556856e-04,2.35394417e-04,3.12622554e-05,-8.25411232e-05,-1.59259464e-04
1.59000000e+02,7.15301816e-01,5.37042063e-05,1.12476336e-05,-8.28546016e-03,-3.62231230e-04,1.16230356e-04,6.21622768e-01,6.93968267e-05,2.66180710e-06,9.36790455e-02,-1.56926204e-05,8.58582654e-06,-8.31605749e-03,-2.80327020e-04,2.69448268e-04,3.05973447e-05,-8.19042096e-05,-1.53217912e-04
1.60000000e+02,7.14921103e-01,5.44844026e-05,1.09565910e-05,-8.23494920e-03,-3.83315739e-04,1.05154952e-04,6.21244229e-01,6.96364149e-05,2.61359424e-06,9.36768740e-02,-1.51520122e-05,8.34299673e-06,-8.26731869e-03,-2.98959638e-04,2.55607983e-04,3.23694703e-05,-8.43561016e-05,-1.50453031e-04
1.61000000e+02,7.14487562e-01,4.80523119e-05,1.91386614e-05,-8.20696855e-03,-4.07565616e-04,9.03622825e-05,6.20811607e-01,6.30442119e-05,1.03059695e-05,9.36759566e-02,-1.49918998e-05,8.83269188e-06,-8.23857184e-03,-3.23656512e-04,2.35710995e-04,3.16032971e-05,-8.39091031e-05,-1.45348712e-04
1.62000000e+02,7.14090428e-01,4.96598587e-05,1.91355324e-05,-8.17236357e-03,-4.44238847e-04,8.92870109e-05,6.20404486e-01,6.38262888e-05,1.05828435e-05,9.36859392e-02,-1.41664300e-05,8.55268891e-06,-8.20556818e-03,-3.57152581e-04,2.29730928e-04,3.32046341e-05,-8.70862662e-05,-1.40443917e-04
1.63000000e+02,7.13633152e-01,5.00203710e-05,2.22499036e-05,-8.16280689e-03,-4.67117649e-04,1.04953146e-04,6.19936956e-01,6.37969327e-05,1.31971206e-05,9.36961961e-02,-1.37765615e-05,9.05278303e-06,-8.19514837e-03,-3.79957229e-04,2.38601137e-04,3.23414799e-05,-8.71604206e-05,-1.33647992e-04
1.64000000e+02,7.13204463e-01,4.71608334e-05,1.80029240e-05,-8.14262367e-03,-4.70011464e-04,7.09521736e-05,6.19488644e-01,6.01253901e-05,9.03770295e-06,9.37158191e-02,-1.29645567e-05,8.96522107e-06,-8.17657356e-03,-3.78810603e-04,1.99138959e-04,3.39499031e-05,-9.12008615e-05,-1.28186786e-04
1.65000000e+02,7.12728876e-01,4.08931013e-05,2.16114802e-05,-8.14542491e-03,-4.70073292e-04,6.30448820e-05,6.18993321e-01,5.33558319e-05,1.19956175e-05,9.37355583e-02,-1.24627305e-05,9.61586273e-06,-8.17840504e-03,-3.77553366e-04,1.82949265e-04,3.29801096e-05,-9.25199256e-05,-1.19904383e-04
1.66000000e+02,7.12307019e-01,4.44947682e-05,1.70689109e-05,-8.14353357e-03,-4.80190401e-04,8.09628968e-05,6.18542001e-01,5.58456834e-05,7.57382369e-06,9.37650183e-02,-1.13509154e-05,9.49508717e-06,-8.17792619e-03,-3.83151307e-04,1.93164919e-04,3.43926215e-05,-9.70390942e-05,-1.12202022e-04
1.67000000e+02,7.11846969e-01,4.79029642e-05,1.84732097e-05,-8.16795348e-03,-5.04691711e-04,1.26411294e-04,6.18053273e-01,5.85960357e-05,8.47344689e-06,9.37936964e-02,-1.06930716e-05,9.99976280e-06,-8.20130883e-03,-4.07572657e-04,2.29026765e-04,3.33553300e-05,-9.71190554e-05,-1.02615471e-04
1.68000000e+02,7.11432515e-01,5.26641721e-05,1.50619308e-05,-8.18202107e-03,-5.28413236e-04,1.64542524e-04,6.17601502e-01,6.22268760e-05,5.32803903e-06,9.38310111e-02,-9.56270401e-06,9.73389179e-06,-8.21690713e-03,-4.29131243e-04,2.58783036e-04,3.48860425e-05,-9.92819932e-05,-9.42405115e-05
1.69000000e+02,7.10979383e-01,5.46258487e-05,1.95602385e-05,-8.21842300e-03,-5.45816481e-04,2.33878107e-04,6.17113190e-01,6.34233473e-05,9.58207717e-06,9.38661942e-02,-8.79749870e-06,9.97816129e-06,-8.25233920e-03,-4.49475756e-04,3.17042264e-04,3.39161816e-05,-9.63407277e-05,-8.31641570e-05
1.70000000e+02,7.10580833e-01,6.54678073e-05,1.53707240e-05,-8.24890125e-03,-5.67274582e-04,3.18103521e-04,6.16671375e-01,7.28678114e-05,6.08142632e-06,9.39094591e-02,-7.40000410e-06,9.28929771e-06,-8.28429568e-03,-4.72013995e-04,3.90798346e-04,3.53944389e-05,-9.52605863e-05,-7.26948256e-05
1.71000000e+02,7.10140017e-01,7.39758049e-05,1.55968273e-05,-8.30050598e-03,-5.81990006e-04,4.07874082e-04,6.16189715e-01,8.04878831e-05,6.42258551e-06,9.39503039e-02,-6.51207829e-06,9.17424174e-06,-8.33498666e-03,-4.93039128e-04,4.68508236e-04,3.44806650e-05,-8.89508747e-05,-6.06341548e-05
1.72000000e+02,7.09742039e-01,7.97480149e-05,1.05575422e-05,-8.33810920e-03,-5.89779216e-04,4.54341998e-04,6.15743566e-01,8.48110939e-05,2.28208364e-06,9.39984738e-02,-5.06307879e-06,8.27545855e-06,-8.37427319e-03,-5.05096764e-04,5.03227700e-04,3.61639922e-05,-8.46824506e-05,-4.88857044e-05
1.73000000e+02,7.09301095e-01,8.20543393e-05,1.56764054e-05,-8.39061571e-03,-6.06803853e-04,5.24441356e-04,6.15257194e-01,8.59883380e-05,7.74140850e-06,9.40439014e-02,-3.93399863e-06,7.93499686e-06,-8.42599725e-03,-5.30955962e-04,5.58706199e-04,3.53815141e-05,-7.58478899e-05,-3.42648409e-05
1.74000000e+02,7.08906384e-01,9.32254268e-05,1.34272345e-05,-8.43026545e-03,-6.34106734e-04,6.02815274e-04,6.14810158e-01,9.53801571e-05,6.65984823e-06,9.40962234e-02,-2.15473052e-06,6.76738630e-06,-8.46731595e-03,-5.64451221e-04,6.22977846e-04,3.70504804e-05,-6.96555121e-05,-2.01625695e-05
1.75000000e+02,7.08460613e-01,1.02949815e-04,1.62419241e-05,-8.48403851e-03,-6.54289560e-04,6.96228443e-04,6.14315555e-01,1.03977532e-04,9.97320530e-06,9.41450563e-02,-1.02771676e-06,6.26871873e-06,-8.52043471e-03,-5.94724309e-04,7.02045884e-04,3.63961918e-05,-5.95652483e-05,-5.81744272e-06
1.76000000e+02,7.08048994e-01,1.08877486e-04,1.21372217e-05,-8.51515944e-03,-6.54178344e-04,7.35505605e-04,6.13848476e-01,1.08325462e-04,6.96465462e-06,9.42005151e-02,5.52023760e-07,5.17256705e-06,-8.55350728e-03,-6.00605669e-04,7.28510001e-04,3.83478138e-05,-5.35726787e-05,6.99560506e-06
1.77000000e+02,7.07587798e-01,1.09421255e-04,1.58387119e-05,-8.55701375e-03,-6.44109824e-04,7.86037809e-04,6.13335413e-01,1.07861478e-04,1.10041364e-05,9.42523870e-02,1.55977753e-06,4.83457542e-06,-8.59490048e-03,-5.99218881e-04,7.65425951e-04,3.78867411e-05,-4.48909433e-05,2.06118550e-05
1.78000000e+02,7.07170679e-01,1.18555894e-04,1.17278770e-05,-8.58058206e-03,-6.44304832e-04,8.42201626e-04,6.12859729e-01,1.15447713e-04,7.86865146e-06,9.43109519e-02,3.10818056e-06,3.85922557e-06,-8.62047577e-03,-6.03191334e-04,8.09825197e-04,3.98936759e-05,-4.11134986e-05,3.23764296e-05
1.79000000e+02,7.06701328e-01,1.24120708e-04,1.16097485e-05,-8.61387779e-03,-6.24707382e-04,8.97633139e-04,6.12335602e-01,1.20280100e-04,7.89965219e-06,9.43657269e-02,3.84060863e-06,3.71009628e-06,-8.65344218e-03,-5.90210826e-04,8.54793159e-04,3.95644042e-05,-3.44965541e-05,4.28399820e-05
1.80000000e+02,7.06266620e-01,1.25060971e-04,8.09119477e-06,-8.62157333e-03,-6.15614590e-04,8.98354351e-04,6.11840403e-01,1.20125872e-04,5.04535974e-06,9.44262202e-02,4.93509990e-06,3.04583504e-06,-8.66335080e-03,-5.83077023e-04,8.47413320e-04,4.17774898e-05,-3.25375712e-05,5.09410304e-05
1.81000000e+02,7.05782641e-01,1.19424421e-04,1.20213216e-05,-8.63524051e-03,-5.83906129e-04,9.05302609e-04,6.11300365e-01,1.14044435e-04,8.94242235e-06,9.44822770e-02,5.37998676e-06,3.07889932e-06,-8.67678952e-03,-5.56633174e-04,8.46280315e-04,4.15489841e-05,-2.72729569e-05,5.90222925e-05
1.82000000e+02,7.05343647e-01,1.22594853e-04,8.03031329e-06,-8.62942935e-03,-5.59372703e-04,9.22418620e-04,6.10799673e-01,1.16193143e-04,5.64002688e-06,9.45439725e-02,6.40171006e-06,2.39028642e-06,-8.67314918e-03,-5.33365059e-04,8.56875564e-04,4.37198536e-05,-2.60076401e-05,6.55430545e-05
1.83000000e+02,7.04855046e-01,1.24151074e-04,8.20464820e-06,-8.63400217e-03,-5.22819359e-04,9.53339204e-04,6.10254204e-01,1.17500144e-04,5.85556753e-06,9.46008424e-02,6.65093023e-06,2.34908067e-06,-8.67748696e-03,-5.02219920e-04,8.82171619e-04,4.34847738e-05,-2.05994394e-05,7.11675812e-05
1.84000000e+02,7.04405797e-01,1.21956741e-04,2.19465583e-06,-8.61723365e-03,-4.76763875e-04,9.35685055e-04,6.09742736e-01,1.14685750e-04,4.59779717e-07,9.46630618e-02,7.27099069e-06,1.73487611e-06,-8.66292014e-03,-4.57406436e-04,8.61347295e-04,4.56865082e-05,-1.93574394e-05,7.43377640e-05
1.85000000e+02,7.03910388e-01,1.11800424e-04,4.87285776e-06,-8.61385080e-03,-4.28877482e-04,9.12780781e-04,6.09190369e-01,1.04546937e-04,3.13100270e-06,9.47200228e-02,7.25348665e-06,1.74185505e-06,-8.65927435e-03,-4.14772685e-04,8.34889261e-04,4.54235450e-05,-1.41047969e-05,7.78915224e-05
1.86000000e+02,7.03466967e-01,1.10958021e-04,1.82925538e-07,-8.59294655e-03,-3.98808677e-04,9.01662367e-04,6.08684935e-01,1.03129456e-04,-8.54085498e-07,9.47820314e-02,7.82856423e-06,1.03701103e-06,-8.64047809e-03,-3.85911234e-04,8.21924187e-04,4.75315584e-05,-1.28974436e-05,7.97381814e-05
1.87000000e+02,7.02983319e-01,1.08698029e-04,-1.47570572e-06,-8.58567540e-03,-3.47267614e-04,9.06025683e-04,6.08144935e-01,1.01198213e-04,-2.49080070e-06,9.48383831e-02,7.49981528e-06,1.01509499e-06,-8.63300959e-03,-3.39788683e-04,8.26383240e-04,4.73342222e-05,-7.47893127e-06,7.96424399e-05
1.88000000e+02,7.02552525e-01,1.02676731e-04,-5.15550866e-06,-8.55561337e-03,-3.22922387e-04,8.60233143e-04,6.07653176e-01,9.51003824e-05,-5.58200791e-06,9.48993495e-02,7.57634911e-06,4.26499250e-07,-8.60518160e-03,-3.16801964e-04,7.82779954e-04,4.95682221e-05,-6.12042283e-06,7.74531926e-05
1.89000000e+02,7.02092273e-01,9.13142640e-05,-1.82277327e-06,-8.53773766e-03,-2.79066494e-04,8.32549319e-04,6.07137561e-01,8.43469887e-05,-2.24109189e-06,9.49547119e-02,6.96727547e-06,4.18318619e-07,-8.58702749e-03,-2.78502656e-04,7.57501016e-04,4.92898283e-05,-5.63837796e-07,7.50482995e-05
1.90000000e+02,7.01699932e-01,9.08597575e-05,-5.99338161e-06,-8.50480879e-03,-2.54055718e-04,8.27334892e-04,6.06685246e-01,8.38354578e-05,-5.66863035e-06,9.50146855e-02,7.02429956e-06,-3.24751274e-07,-8.55607797e-03,-2.54956421e-04,7.55779591e-04,5.12691855e-05,9.00702643e-07,7.15553049e-05
1.91000000e+02,7.01280195e-01,9.03435099e-05,-6.77303015e-06,-8.48797093e-03,-2.09423035e-04,8.44495939e-04,6.06211627e-01,8.40837799e-05,-6.35826169e-06,9.50685660e-02,6.25973024e-06,-4.14768448e-07,-8.53881922e-03,-2.16659682e-04,7.77356192e-04,5.08482582e-05,7.23664598e-06,6.71397440e-05
1.92000000e+02,7.00921396e-01,8.89451452e-05,-1.15344249e-05,-8.45253414e-03,-1.77589021e-04,8.36978660e-04,6.05794959e-01,8.28809051e-05,-1.03699546e-05,9.51264349e-02,6.06424013e-06,-1.16447033e-06,-8.50535927e-03,-1.87506477e-04,7.74780447e-04,5.28251251e-05,9.91745569e-06,6.21982097e-05
1.93000000e+02,7.00534302e-01,8.03514615e-05,-9.54272179e-06,-8.43320047e-03,-1.24170575e-04,8.28268376e-04,6.05356505e-01,7.50464970e-05,-8.17534380e-06,9.51777968e-02,5.30496449e-06,-1.36737797e-06,-8.48553508e-03,-1.41533291e-04,7.69931357e-04,5.23346199e-05,1.73627163e-05,5.83370189e-05
1.94000000e+02,7.00214959e-01,8.12308115e-05,-1.40042534e-05,-8.39809447e-03,-9.91996380e-05,8.23327649e-04,6.04981211e-01,7.58588346e-05,-1.16770371e-05,9.52337451e-02,5.37197724e-06,-2.32721638e-06,-8.45227388e-03,-1.20314606e-04,7.68367471e-04,5.41793886e-05,2.11149674e-05,5.49601779e-05
1.95000000e+02,6.99865867e-01,8.00432958e-05,-1.35958260e-05,-8.37871164e-03,-6.76612320e-05,8.24405830e-04,6.04583030e-01,7.52792001e-05,-1.09228521e-05,9.52828346e-02,4.76409598e-06,-2.67297392e-06,-8.43233619e-03,-9.76850309e-05,7.72129257e-04,5.36245604e-05,3.00237990e-05,5.22765716e-05
1.96000000e+02,6.99577335e-01,7.88462534e-05,-1.81053362e-05,-8.33732019e-03,-4.34450212e-05,8.03540239e-04,6.04241707e-01,7.39673290e-05,-1.44524569e-05,9.53356286e-02,4.87892464e-06,-3.65287928e-06,-8.39280885e-03,-7.82775388e-05,7.53259638e-04,5.54886646e-05,3.48325173e-05,5.02806001e-05
1.97000000e+02,6.99258727e-01,7.25673031e-05,-1.65657673e-05,-8.31176829e-03,9.09464264e-06,8.02192384e-04,6.03877057e-01,6.81173794e-05,-1.25619148e-05,9.53816724e-02,4.44992390e-06,-4.00385246e-06,-8.36663308e-03,-3.47206429e-05,7.52442466e-04,5.48647856e-05,4.38152856e-05,4.97499193e-05
1.98000000e+02,6.99003746e-01,7.71838445e-05,-2.22859167e-05,-8.26901444e-03,3.95142125e-05,8.16281870e-04,6.03572182e-01,7.22930954e-05,-1.72923382e-05,9.54315603e-02,4.89074908e-06,-4.99357851e-06,-8.32562318e-03,-8.32811227e-06,7.66322914e-04,5.66087131e-05,4.78423247e-05,4.99589569e-05
1.99000000e+02,6.98709698e-01,8.03691167e-05,-2.32498464e-05,-8.24263054e-03,8.17837051e-05,8.42515062e-04,6.03235737e-01,7.58361547e-05,-1.79581132e-05,9.54739620e-02,4.53296212e-06,-5.29173326e-06,-8.29857413e-03,2.55175277e-05,7.92822283e-04,5.59435712e-05,5.62661778e-05,4.96927808e-05
2.00000000e+02,6.98465692e-01,8.19670566e-05,-2.90668623e-05,-8.19509108e-03,1.18422484e-04,8.39173341e-04,6.02946353e-01,7.71629977e-05,-2.28924185e-05,9.55193374e-02,4.80405915e-06,-6.17444375e-06,-8.25276645e-03,5.84431432e-05,7.89787977e-04,5.76753880e-05,5.99793403e-05,4.93853650e-05
2.01000000e+02,6.98181008e-01,7.63001945e-05,-2.97013726e-05,-8.16476252e-03,1.82364922e-04,8.35207608e-04,6.02623789e-01,7.18025378e-05,-2.33924865e-05,9.55572197e-02,4.49765683e-06,-6.30888606e-06,-8.22167577e-03,1.15787248e-04,7.85081342e-04,5.69132967e-05,6.65776744e-05,5.01262666e-05
2.02000000e+02,6.97948003e-01,8.23659740e-05,-3.52606356e-05,-8.11778326e-03,2.06153458e-04,8.49138237e-04,6.02349531e-01,7.72912197e-05,-2.83486501e-05,9.55984722e-02,5.07475438e-06,-6.91198550e-06,-8.17634233e-03,1.39384663e-04,7.97612190e-04,5.85590756e-05,6.67687950e-05,5.15260491e-05
2.03000000e+02,6.97665210e-01,8.43890010e-05,-3.65849973e-05,-8.08751728e-03,2.47426749e-04,8.63106734e-04,6.02033129e-01,7.96093793e-05,-2.97804007e-05,9.56320774e-02,4.77962142e-06,-6.80459670e-06,-8.14529405e-03,1.76379469e-04,8.10757699e-04,5.77767360e-05,7.10472800e-05,5.23490375e-05
2.04000000e+02,6.97421445e-01,8.46875423e-05,-4.34890395e-05,-8.03789595e-03,2.88539638e-04,8.45782589e-04,6.01752441e-01,7.94736785e-05,-3.62639385e-05,9.56690030e-02,5.21386395e-06,-7.22510108e-06,-8.09734192e-03,2.18576680e-04,7.92263425e-04,5.94459664e-05,6.99629575e-05,5.35191646e-05
2.05000000e+02,6.97125770e-01,7.89807248e-05,-4.41943419e-05,-8.00463275e-03,3.54152066e-04,8.36505895e-04,6.01427511e-01,7.39130583e-05,-3.73160366e-05,9.56982561e-02,5.06766664e-06,-6.87830552e-06,-8.06325081e-03,2.82149306e-04,7.80787727e-04,5.86180119e-05,7.20027600e-05,5.57181640e-05
2.06000000e+02,6.96875076e-01,8.50374207e-05,-5.04075586e-05,-7.95637411e-03,3.82188342e-04,8.47163059e-04,6.01144313e-01,7.92386346e-05,-4.33759969e-05,9.57307619e-02,5.79878628e-06,-7.03156190e-06,-8.01654568e-03,3.14516184e-04,7.88513407e-04,6.01715949e-05,6.76721580e-05,5.86496541e-05
2.07000000e+02,6.96568770e-01,8.93195950e-05,-4.96868173e-05,-7.92709069e-03,4.02918254e-04,8.79926369e-04,6.00813303e-01,8.37164817e-05,-4.33108822e-05,9.57554698e-02,5.60311324e-06,-6.37593503e-06,-7.98637803e-03,3.36298034e-04,8.19550788e-04,5.92873472e-05,6.66202202e-05,6.03755790e-05
2.08000000e+02,6.96297539e-01,8.95368425e-05,-5.18322964e-05,-7.88068930e-03,3.97801359e-04,8.64916801e-04,6.00514217e-01,8.35124205e-05,-4.55526567e-05,9.57833201e-02,6.02442199e-06,-6.27963964e-06,-7.94157863e-03,3.37392671e-04,8.03516396e-04,6.08893169e-05,6.04086883e-05,6.14004059e-05
2.09000000e+02,6.95971512e-01,8.35846724e-05,-4.94681358e-05,-7.85157642e-03,4.28248079e-04,8.52582274e-04,6.00168144e-01,7.78694618e-05,-4.38933559e-05,9.58033701e-02,5.71521049e-06,-5.57478000e-06,-7.91155191e-03,3.69437632e-04,7.90432695e-04,5.99754864e-05,5.88104470e-05,6.21495803e-05
2.10000000e+02,6.95689439e-01,8.84720237e-05,-5.48595061e-05,-7.80855482e-03,4.45678850e-04,8.52237964e-04,5.99862810e-01,8.22047397e-05,-4.93078932e-05,9.58266301e-02,6.26728413e-06,-5.55161259e-06,-7.87003315e-03,3.92829852e-04,7.89076199e-04,6.14783101e-05,5.28489973e-05,6.31617675e-05
2.11000000e+02,6.95349251e-01,8.97488174e-05,-5.66346770e-05,-7.78612225e-03,4.86898055e-04,8.62646987e-04,5.99507360e-01,8.39316264e-05,-5.17243836e-05,9.58418916e-02,5.81719073e-06,-4.91029337e-06,-7.84668888e-03,4.35030068e-04,8.00099786e-04,6.05666500e-05,5.18679868e-05,6.25472006e-05
2.12000000e+02,6.95044263e-01,8.77827840e-05,-6.35085299e-05,-7.74591215e-03,5.23446278e-04,8.28525027e-04,5.99183932e-01,8.17009541e-05,-5.86543843e-05,9.58603314e-02,6.08182959e-06,-4.85414546e-06,-7.80808647e-03,4.77285152e-04,7.66850654e-04,6.21743424e-05,4.61611247e-05,6.16743724e-05
2.13000000e+02,6.94683811e-01,7.80774262e-05,-6.25162112e-05,-7.72196327e-03,5.69971011e-04,7.84559306e-04,5.98812820e-01,7.24918299e-05,-5.83617193e-05,9.58709925e-02,5.58559614e-06,-4.15449173e-06,-7.78325351e-03,5.25126797e-04,7.23966260e-04,6.12902444e-05,4.48442163e-05,6.05930484e-05
2.14000000e+02,6.94366806e-01,8.16066296e-05,-6.79428382e-05,-7.68186925e-03,5.87419506e-04,7.78494206e-04,5.98481888e-01,7.56395279e-05,-6.37895457e-05,9.58849180e-02,5.96710154e-06,-4.15329234e-06,-7.74473950e-03,5.48380692e-04,7.18429168e-04,6.28702404e-05,3.90388171e-05,6.00650364e-05
2.15000000e+02,6.93995076e-01,8.32102059e-05,-6.73728583e-05,-7.65908125e-03,6.08149008e-04,7.99022169e-04,5.98104248e-01,7.78473623e-05,-6.38321893e-05,9.58908290e-02,5.36284371e-06,-3.54066922e-06,-7.72109363e-03,5.69603116e-04,7.40984430e-04,6.20123566e-05,3.85458960e-05,5.80377384e-05
2.16000000e+02,6.93660405e-01,8.41587161e-05,-7.13878505e-05,-7.61638415e-03,6.23062991e-04,8.02719701e-04,5.97760400e-01,7.86525468e-05,-6.78057723e-05,9.59000071e-02,5.50616944e-06,-3.58207806e-06,-7.68005032e-03,5.89193077e-04,7.46804064e-04,6.36661890e-05,3.38699112e-05,5.59156375e-05
2.17000000e+02,6.93270619e-01,8.04294466e-05,-6.84795322e-05,-7.58894018e-03,6.57430500e-04,8.20785478e-04,5.97369315e-01,7.55532132e-05,-6.54574520e-05,9.59013034e-02,4.87623318e-06,-3.02208010e-06,-7.65172475e-03,6.23406576e-04,7.67350890e-04,6.27845740e-05,3.40239278e-05,5.34345860e-05
2.18000000e+02,6.92927506e-01,8.66282596e-05,-7.46169575e-05,-7.54786872e-03,6.84531404e-04,8.38669059e-04,5.97021315e-01,8.14644160e-05,-7.14347483e-05,9.59061905e-02,5.16384373e-06,-3.18220904e-06,-7.61220349e-03,6.54906870e-04,7.87016304e-04,6.43347763e-05,2.96245334e-05,5.16527529e-05
2.19000000e+02,6.92528057e-01,8.85840968e-05,-7.70900525e-05,-7.52582995e-03,7.27562045e-04,8.67701715e-04,5.96624916e-01,8.41775345e-05,-7.43901008e-05,9.59031400e-02,4.40656240e-06,-2.69995167e-06,-7.58928078e-03,6.97352807e-04,8.19387929e-04,6.34508369e-05,3.02092353e-05,4.83137860e-05
2.20000000e+02,6.92168565e-01,8.86789785e-05,-8.28387426e-05,-7.48405442e-03,7.52912283e-04,8.59953189e-04,5.96264849e-01,8.41810810e-05,-8.00267280e-05,9.59037181e-02,4.49789752e-06,-2.81201454e-06,-7.54915905e-03,7.26600794e-04,8.14510624e-04,6.51045856e-05,2.63114889e-05,4.54425641e-05
2.21000000e+02,6.91754360e-01,8.26203164e-05,-7.91070988e-05,-7.45736820e-03,7.77612347e-04,8.59034731e-04,5.95858024e-01,7.88402580e-05,-7.67601748e-05,9.58963358e-02,3.78005814e-06,-2.34692406e-06,-7.52159224e-03,7.50387331e-04,8.16509587e-04,6.42240522e-05,2.72250146e-05,4.25251455e-05
2.22000000e+02,6.91388593e-01,8.93734638e-05,-8.35108009e-05,-7.41536514e-03,7.81114311e-04,8.84133181e-04,5.95495941e-01,8.53315493e-05,-8.09455829e-05,9.58926497e-02,4.04191437e-06,-2.56521816e-06,-7.48115101e-03,7.57778875e-04,8.43646141e-04,6.57858783e-05,2.33354335e-05,4.04870418e-05
2.23000000e+02,6.90967654e-01,9.10143373e-05,-8.33373980e-05,-7.39147155e-03,7.93578994e-04,9.04105272e-04,5.95086622e-01,8.77212920e-05,-8.12285566e-05,9.58810347e-02,3.29304523e-06,-2.10884147e-06,-7.45634450e-03,7.69106662e-04,8.66986023e-04,6.48729368e-05,2.44723309e-05,3.71192476e-05
2.24000000e+02,6.90589734e-01,8.93487454e-05,-8.58950754e-05,-7.34822693e-03,7.84170870e-04,8.80571734e-04,5.94716681e-01,8.59816940e-05,-8.35820830e-05,9.58730540e-02,3.36705132e-06,-2.31299250e-06,-7.41471452e-03,7.62785951e-04,8.46317108e-04,6.64875881e-05,2.13849233e-05,3.42546238e-05
2.25000000e+02,6.90161193e-01,8.10898090e-05,-7.93864021e-05,-7.31845687e-03,7.79210337e-04,8.61448104e-04,5.94303958e-01,7.84092429e-05,-7.74425911e-05,9.58572324e-02,2.68056609e-06,-1.94381098e-06,-7.38402547e-03,7.55830978e-04,8.29765406e-04,6.55685830e-05,2.33793614e-05,3.16826945e-05
2.26000000e+02,6.89785342e-01,8.46787521e-05,-8.04490816e-05,-7.27175214e-03,7.50203264e-04,8.56572234e-04,5.93940191e-01,8.16417403e-05,-7.81672407e-05,9.58451490e-02,3.03701162e-06,-2.28184053e-06,-7.33887152e-03,7.29549434e-04,8.26068978e-04,6.71194101e-05,2.06538315e-05,3.05032537e-05
2.27000000e+02,6.89357587e-01,8.51955762e-05,-7.85429230e-05,-7.24006316e-03,7.45188125e-04,8.64188523e-04,5.93532413e-01,8.28024496e-05,-7.66105937e-05,9.58251775e-02,2.39312669e-06,-1.93232935e-06,-7.30627659e-03,7.22359177e-04,8.35952328e-04,6.62133896e-05,2.28289496e-05,2.82361967e-05
2.28000000e+02,6.88976271e-01,8.31656450e-05,-8.07505835e-05,-7.18654336e-03,7.25428107e-04,8.33554079e-04,5.93167421e-01,8.05777824e-05,-7.85608264e-05,9.58088516e-02,2.58786229e-06,-2.18975720e-06,-7.25439798e-03,7.05243643e-04,8.07115619e-04,6.78546304e-05,2.01844635e-05,2.64384635e-05
2.29000000e+02,6.88545002e-01,7.42937731e-05,-7.29100524e-05,-7.14371715e-03,7.09962688e-04,8.01758790e-04,5.92760265e-01,7.23171425e-05,-7.11222009e-05,9.57847404e-02,1.97663055e-06,-1.78785153e-06,-7.21064903e-03,6.87808910e-04,7.77125587e-04,6.69318857e-05,2.21537783e-05,2.46332020e-05
2.30000000e+02,6.88169868e-01,7.76671541e-05,-7.26019353e-05,-7.08249554e-03,6.66776194e-04,7.87104732e-04,5.92405014e-01,7.52222683e-05,-7.04522360e-05,9.57648553e-02,2.44488578e-06,-2.14969927e-06,-7.15093603e-03,6.47234711e-04,7.62820677e-04,6.84404909e-05,1.95414809e-05,2.42840525e-05
2.31000000e+02,6.87743847e-01,7.84894276e-05,-6.92923098e-05,-7.03943941e-03,6.48052258e-04,7.90240541e-04,5.92006708e-01,7.65860506e-05,-6.74992853e-05,9.57371413e-02,1.90337682e-06,-1.79302438e-06,-7.10687352e-03,6.26395122e-04,7.67030641e-04,6.74341076e-05,2.16571380e-05,2.32099018e-05
2.32000000e+02,6.87365282e-01,7.73659851e-05,-6.91199340e-05,-6.97527508e-03,6.10842126e-04,7.62795721e-04,5.91651691e-01,7.51476522e-05,-6.70901413e-05,9.57135926e-02,2.21833289e-06,-2.02979254e-06,-7.04419832e-03,5.92034859e-04,7.40314074e-04,6.89232359e-05,1.88072700e-05,2.24816480e-05
2.33000000e+02,6.86937266e-01,6.68650201e-05,-6.19918601e-05,-6.92881869e-03,5.97675420e-04,7.14765482e-04,5.91255097e-01,6.52121442e-05,-6.03330556e-05,9.56821714e-02,1.65287617e-06,-1.65880451e-06,-6.99667326e-03,5.76929773e-04,6.93376605e-04,6.78545633e-05,2.07456482e-05,2.13888760e-05
2.34000000e+02,6.86568138e-01,7.08006730e-05,-6.34901570e-05,-6.86465641e-03,5.71252871e-04,7.04923161e-04,5.90913198e-01,6.86077538e-05,-6.15006170e-05,9.56549405e-02,2.19291901e-06,-1.98954012e-06,-6.93383126e-03,5.53312558e-04,6.83257933e-04,6.91748241e-05,1.79403138e-05,2.16652288e-05
2.35000000e+02,6.86149451e-01,7.28800302e-05,-6.24292550e-05,-6.82128463e-03,5.76169220e-04,7.23056474e-04,5.90529543e-01,7.12322051e-05,-6.07874583e-05,9.56199072e-02,1.64782545e-06,-1.64179665e-06,-6.88928124e-03,5.56025244e-04,7.02318276e-04,6.79965940e-05,2.01439775e-05,2.07381962e-05
2.36000000e+02,6.85779389e-01,7.27986971e-05,-6.54722680e-05,-6.76126444e-03,5.65204183e-04,7.09522830e-04,5.90189900e-01,7.08002668e-05,-6.35611714e-05,9.55894893e-02,1.99843031e-06,-1.91109638e-06,-6.83059870e-03,5.47625405e-04,6.89236512e-04,6.93342462e-05,1.75787755e-05,2.02863175e-05
2.37000000e+02,6.85361391e-01,6.58142307e-05,-5.96783382e-05,-6.71790078e-03,5.61515307e-04,6.92780774e-04,5.89810195e-01,6.43286914e-05,-5.81586666e-05,9.55511978e-02,1.48553953e-06,-1.51967178e-06,-6.78607450e-03,5.42206263e-04,6.73327228e-04,6.81737400e-05,1.93090441e-05,1.94535417e-05
2.38000000e+02,6.85002242e-01,7.10136812e-05,-6.07359801e-05,-6.65800874e-03,5.27115508e-04,6.92127823e-04,5.89484845e-01,6.90193732e-05,-5.89165871e-05,9.55173965e-02,1.99430785e-06,-1.81939295e-06,-6.72746549e-03,5.10874164e-04,6.72621927e-04,6.94567576e-05,1.62413449e-05,1.95058971e-05
2.39000000e+02,6.84594164e-01,7.17781877e-05,-5.70358800e-05,-6.61858897e-03,5.11513036e-04,6.98032942e-04,5.89118242e-01,7.04170338e-05,-5.55881654e-05,9.54759215e-02,1.36115412e-06,-1.44771471e-06,-6.68686272e-03,4.93171439e-04,6.80237472e-04,6.82737073e-05,1.83415949e-05,1.77954666e-05
2.40000000e+02,6.84238166e-01,7.00281029e-05,-5.72992425e-05,-6.56057907e-03,4.80618401e-04,6.66375877e-04,5.88799175e-01,6.83416501e-05,-5.56245814e-05,9.54389912e-02,1.68645278e-06,-1.67466120e-06,-6.63016207e-03,4.65130196e-04,6.49400813e-04,6.95830222e-05,1.54882042e-05,1.69750676e-05
2.41000000e+02,6.83834184e-01,5.92143376e-05,-4.76782216e-05,-6.52286337e-03,4.48994200e-04,6.12177001e-04,5.88439874e-01,5.80554689e-05,-4.64142259e-05,9.53943129e-02,1.15886893e-06,-1.26399542e-06,-6.59122742e-03,4.31813422e-04,5.96020675e-04,6.83640427e-05,1.71807773e-05,1.61563225e-05
2.42000000e+02,6.83492145e-01,6.38313385e-05,-4.52571969e-05,-6.46919929e-03,3.92455171e-04,6.01177010e-04,5.88137754e-01,6.20868982e-05,-4.36734435e-05,9.53543910e-02,1.74444034e-06,-1.58375348e-06,-6.53877718e-03,3.78025209e-04,5.84539832e-04,6.95778773e-05,1.44299621e-05,1.66371764e-05
2.43000000e+02,6.83100189e-01,6.44859459e-05,-3.81440012e-05,-6.43579599e-03,3.49951599e-04,6.04783065e-04,5.87793458e-01,6.33510000e-05,-3.68070218e-05,9.53067307e-02,1.13494562e-06,-1.33697940e-06,-6.50416607e-03,3.32268179e-04,5.89514478e-04,6.83700912e-05,1.76834197e-05,1.52685849e-05
2.44000000e+02,6.82761122e-01,6.45653358e-05,-3.93210792e-05,-6.37930824e-03,3.27525979e-04,5.89314032e-04,5.87497348e-01,6.30453261e-05,-3.75990621e-05,9.52637751e-02,1.52000957e-06,-1.72201689e-06,-6.44899238e-03,3.11372263e-04,5.74333151e-04,6.96841873e-05,1.61537161e-05,1.49808821e-05
2.45000000e+02,6.82373507e-01,5.76757566e-05,-3.56500582e-05,-6.33870814e-03,3.46801415e-04,5.73212001e-04,5.87160323e-01,5.66422313e-05,-3.42227402e-05,9.52131830e-02,1.03352540e-06,-1.42731800e-06,-6.40719712e-03,3.27898495e-04,5.58602463e-04,6.84889724e-05,1.89029205e-05,1.46095385e-05
2.46000000e+02,6.82048017e-01,6.56451628e-05,-3.81663201e-05,-6.27862683e-03,3.31941467e-04,6.00613157e-04,5.86880421e-01,6.39986701e-05,-3.64454166e-05,9.51675956e-02,1.64649247e-06,-1.72090351e-06,-6.34832882e-03,3.16075718e-04,5.85048140e-04,6.97019934e-05,1.58657497e-05,1.55650138e-05
2.47000000e+02,6.81672521e-01,6.77015841e-05,-3.28567229e-05,-6.23758799e-03,3.05497608e-04,6.25523091e-04,5.86558164e-01,6.66560501e-05,-3.14820774e-05,9.51143573e-02,1.04553407e-06,-1.37464550e-06,-6.30603661e-03,2.87264348e-04,6.11103027e-04,6.84485969e-05,1.82332608e-05,1.44200656e-05
2.48000000e+02,6.81350937e-01,6.78242059e-05,-3.28571000e-05,-6.17455566e-03,2.68883826e-04,6.13850507e-04,5.86285007e-01,6.63488134e-05,-3.11661412e-05,9.50659314e-02,1.47539216e-06,-1.69095875e-06,-6.24424043e-03,2.52902454e-04,5.99547971e-04,6.96848210e-05,1.59813720e-05,1.43025347e-05
2.49000000e+02,6.80980451e-01,6.16692429e-05,-2.70292779e-05,-6.12552595e-03,2.67761463e-04,6.08499606e-04,5.85970511e-01,6.07122591e-05,-2.56456007e-05,9.50099384e-02,9.56983724e-07,-1.38367717e-06,-6.19391354e-03,2.49034818e-04,5.94737478e-04,6.83875739e-05,1.87266452e-05,1.37621262e-05
2.50000000e+02,6.80672561e-01,6.93616529e-05,-2.67728418e-05,-6.05863614e-03,2.25765511e-04,6.34925968e-04,5.85713433e-01,6.77896612e-05,-2.50657335e-05,9.49591309e-02,1.57199194e-06,-1.70710831e-06,-6.12812567e-03,2.09666047e-04,6.20353408e-04,6.94895338e-05,1.60994641e-05,1.45725615e-05
2.51000000e+02,6.80315058e-01,7.15195150e-05,-2.19930234e-05,-6.01122705e-03,1.99785299e-04,6.62104723e-04,5.85414164e-01,7.05724181e-05,-2.05341192e-05,9.49008947e-02,9.47096721e-07,-1.45890418e-06,-6.07937539e-03,1.80765967e-04,6.48998604e-04,6.81483608e-05,1.90193328e-05,1.31061177e-05
2.52000000e+02,6.80011097e-01,7.25347883e-05,-2.34417925e-05,-5.93837228e-03,1.72779061e-04,6.60538950e-04,5.85163241e-01,7.12366448e-05,-2.16676599e-05,9.48478545e-02,1.29814386e-06,-1.77413259e-06,-6.00770882e-03,1.55873142e-04,6.48145553e-04,6.93365532e-05,1.69059185e-05,1.23933982e-05
2.53000000e+02,6.79657406e-01,6.54700828e-05,-1.60715554e-05,-5.87978355e-03,1.61756015e-04,6.47147091e-04,5.84869866e-01,6.48035604e-05,-1.46473436e-05,9.47875417e-02,6.66522275e-07,-1.42421182e-06,-5.94780554e-03,1.42386433e-04,6.36380102e-04,6.80220398e-05,1.93695828e-05,1.07669893e-05
2.54000000e+02,6.79365070e-01,7.16793445e-05,-1.42238975e-05,-5.80110487e-03,9.98708406e-05,6.60741472e-04,5.84632477e-01,7.04711664e-05,-1.25009676e-05,9.47325948e-02,1.20817810e-06,-1.72292986e-06,-5.87021548e-03,8.35861911e-05,6.49801407e-04,6.91106543e-05,1.62846493e-05,1.09400630e-05
2.55000000e+02,6.79020751e-01,7.11330534e-05,-6.11897012e-06,-5.73890789e-03,4.17342686e-05,6.67954740e-04,5.84350388e-01,7.06217936e-05,-4.69258315e-06,9.46703640e-02,5.11259731e-07,-1.42638699e-06,-5.80662459e-03,2.28891383e-05,6.58860100e-04,6.77166811e-05,1.88451303e-05,9.09463992e-06
2.56000000e+02,6.78730780e-01,7.16410398e-05,-2.71529271e-06,-5.65381559e-03,-3.15298069e-05,6.61527673e-04,5.84117344e-01,7.07074050e-05,-9.49501220e-07,9.46134385e-02,9.33634512e-07,-1.76579149e-06,-5.72261390e-03,-4.83716444e-05,6.52717096e-04,6.87983197e-05,1.68418375e-05,8.81057555e-06
2.57000000e+02,6.78388655e-01,6.46200609e-05,7.71732313e-06,-5.58301452e-03,-6.98765178e-05,6.50816593e-04,5.83839278e-01,6.42645999e-05,9.21397195e-06,9.45493785e-02,3.55461095e-07,-1.49664882e-06,-5.65034053e-03,-8.98941264e-05,6.42967506e-04,6.73260070e-05,2.00176086e-05,7.84908849e-06
2.58000000e+02,6.78107967e-01,7.18148251e-05,8.53513644e-06,-5.49522227e-03,-1.26872699e-04,6.73939943e-04,5.83617030e-01,7.08629862e-05,1.04353837e-05,9.44909381e-02,9.51838891e-07,-1.90024728e-06,-5.56344150e-03,-1.44685089e-04,6.65667751e-04,6.82192473e-05,1.78123902e-05,8.27218862e-06
2.59000000e+02,6.77777645e-01,7.26794672e-05,1.15534712e-05,-5.42613582e-03,-1.47997811e-04,6.89224087e-04,5.83352195e-01,7.24185101e-05,1.32421279e-05,9.44254511e-02,2.60957280e-07,-1.68865674e-06,-5.49279138e-03,-1.69046227e-04,6.82882704e-04,6.66555144e-05,2.10484166e-05,6.34137998e-06
2.60000000e+02,6.77501819e-01,7.02042407e-05,1.21836577e-05,-5.33658834e-03,-1.99190439e-04,6.50695749e-04,5.83136358e-01,6.95791420e-05,1.41778830e-05,9.43654627e-02,6.25098676e-07,-1.99422528e-06,-5.40414758e-03,-2.18075190e-04,6.45126230e-04,6.75592392e-05,1.88847517e-05,5.56952231e-06
2.61000000e+02,6.77176127e-01,6.09616868e-05,2.21316458e-05,-5.26757791e-03,-2.37151804e-04,6.13273646e-04,5.82877778e-01,6.09863173e-05,2.38017488e-05,9.42983476e-02,-2.46304977e-08,-1.67010293e-06,-5.33350262e-03,-2.58687374e-04,6.09397056e-04,6.59246966e-05,2.15355694e-05,3.87659152e-06
2.62000000e+02,6.76915077e-01,6.64772206e-05,2.52039420e-05,-5.18424637e-03,-3.17793033e-04,6.13615301e-04,5.82678102e-01,6.59259533e-05,2.72238786e-05,9.42369766e-02,5.51267041e-07,-2.01993653e-06,-5.25094123e-03,-3.36582746e-04,6.09493464e-04,6.66948594e-05,1.87897133e-05,4.12183883e-06
2.63000000e+02,6.76603585e-01,6.56464427e-05,3.20251635e-05,-5.12292769e-03,-3.77366134e-04,6.11302334e-04,5.82435049e-01,6.57846069e-05,3.38229608e-05,9.41685349e-02,-1.38164243e-07,-1.79779729e-06,-5.18796083e-03,-3.99377907e-04,6.08841738e-04,6.50331506e-05,2.20117729e-05,2.46059286e-06
2.64000000e+02,6.76345207e-01,6.62198406e-05,3.43936223e-05,-5.03711334e-03,-4.42338608e-04,5.99981603e-04,5.82239509e-01,6.59249126e-05,3.65347521e-05,9.41056976e-02,2.94927782e-07,-2.14112977e-06,-5.10295703e-03,-4.62688988e-04,5.97707797e-04,6.58437356e-05,2.03503808e-05,2.27380744e-06
2.65000000e+02,6.76035411e-01,5.93115208e-05,4.51875830e-05,-4.96837707e-03,-4.84296022e-04,5.84983487e-04,5.81999470e-01,5.96570626e-05,4.70995861e-05,9.40359406e-02,-3.45541643e-07,-1.91200295e-06,-5.03255297e-03,-5.08066680e-04,5.84030693e-04,6.41758624e-05,2.37706571e-05,9.52794424e-07
2.66000000e+02,6.75787172e-01,6.63608560e-05,4.68809696e-05,-4.88430190e-03,-5.47908292e-04,5.95739486e-04,5.81815153e-01,6.60869176e-05,4.91804434e-05,9.39720198e-02,2.73938211e-07,-2.29947367e-06,-4.94921026e-03,-5.69273190e-04,5.94270899e-04,6.49083536e-05,2.13648972e-05,1.46859052e-06
2.67000000e+02,6.75488214e-01,6.75032013e-05,5.26664429e-05,-4.81849819e-03,-5.96497228e-04,6.05593060e-04,5.81587070e-01,6.79527309e-05,5.47681097e-05,9.39011416e-02,-4.49529678e-07,-2.10166648e-06,-4.88173320e-03,-6.21341206e-04,6.06211397e-04,6.32350130e-05,2.48439762e-05,-6.18336350e-07
2.68000000e+02,6.75242951e-01,6.85784202e-05,5.57157556e-05,-4.72899717e-03,-6.65351967e-04,5.99382120e-04,5.81406896e-01,6.86184149e-05,5.81899484e-05,9.38360526e-02,-3.99945890e-08,-2.47419295e-06,-4.79303854e-03,-6.88820789e-04,6.00296605e-04,6.40413673e-05,2.34688205e-05,-9.14482754e-07
2.69000000e+02,6.74943655e-01,6.00892161e-05,6.55897845e-05,-4.65656108e-03,-6.94202540e-04,5.70885063e-04,5.81179646e-01,6.07570179e-05,6.78763782e-05,9.37640080e-02,-6.67801833e-07,-2.28659357e-06,-4.71889473e-03,-7.21466503e-04,5.72952238e-04,6.23336584e-05,2.72639643e-05,-2.06717490e-06
2.70000000e+02,6.74709188e-01,6.71202619e-05,6.72657971e-05,-4.56588540e-03,-7.57901523e-04,5.82214328e-04,5.81011042e-01,6.70634158e-05,6.99834763e-05,9.36981475e-02,5.68462921e-08,-2.71767929e-06,-4.62888842e-03,-7.83078572e-04,5.82928791e-04,6.30030165e-05,2.51770534e-05,-7.14461772e-07
2.71000000e+02,6.74424667e-01,6.95318653e-05,7.30631512e-05,-4.49221129e-03,-8.03847975e-04,6.06846233e-04,5.80799209e-01,7.01220493e-05,7.56032792e-05,9.36254576e-02,-5.90184244e-07,-2.54012792e-06,-4.55347246e-03,-8.32660656e-04,6.08803452e-04,6.12611626e-05,2.88126811e-05,-1.95721732e-06
2.72000000e+02,6.74194549e-01,7.23012593e-05,7.45280981e-05,-4.39255561e-03,-8.60241862e-04,6.14269517e-04,5.80635725e-01,7.24400693e-05,7.74745974e-05,9.35588268e-02,-1.38809759e-07,-2.94649959e-06,-4.45453427e-03,-8.87978858e-04,6.16225219e-04,6.19786628e-05,2.77369957e-05,-1.95570034e-06
2.73000000e+02,6.73909072e-01,6.37338787e-05,8.29080177e-05,-4.30618154e-03,-8.77877352e-04,5.85643772e-04,5.80423736e-01,6.45057318e-05,8.56952968e-05,9.34853366e-02,-7.71853151e-07,-2.78727896e-06,-4.36636345e-03,-9.09621211e-04,5.88843266e-04,6.01819160e-05,3.17438614e-05,-3.19949492e-06
2.74000000e+02,6.73687163e-01,7.08191677e-05,8.41448171e-05,-4.19962749e-03,-9.33502235e-04,5.99122960e-04,5.80268822e-01,7.08622070e-05,8.73567793e-05,9.34183421e-02,-4.30395627e-08,-3.21196253e-06,-4.26036077e-03,-9.63175490e-04,6.00828508e-04,6.07332843e-05,2.96732583e-05,-1.70555185e-06
2.75000000e+02,6.73413115e-01,7.34627101e-05,9.12798057e-05,-4.11284416e-03,-9.92035847e-04,6.30421486e-04,5.80068601e-01,7.41582132e-05,9.43514645e-05,9.33445115e-02,-6.95503332e-07,-3.07165879e-06,-4.17165680e-03,-1.02566561e-03,6.33243539e-04,5.88126363e-05,3.36297573e-05,-2.82205417e-06
2.76000000e+02,6.73193777e-01,7.46435387e-05,9.58143888e-05,-4.00268435e-03,-1.07566131e-03,6.24430132e-04,5.79916769e-01,7.47826334e-05,9.92870599e-05,9.32770081e-02,-1.39094628e-07,-3.47267116e-06,-4.06204096e-03,-1.10826677e-03,6.26431822e-04,5.93566065e-05,3.26054691e-05,-2.00168847e-06
2.77000000e+02,6.72921958e-01,6.71261449e-05,1.08522653e-04,-3.90809310e-03,-1.13099896e-03,6.07955206e-04,5.79719104e-01,6.78903757e-05,1.11875980e-04,9.32028557e-02,-7.64230813e-07,-3.35332725e-06,-3.96549758e-03,-1.16802374e-03,6.11055978e-04,5.74044886e-05,3.70247745e-05,-3.10077294e-06
2.78000000e+02,6.72714475e-01,7.33521842e-05,1.12668446e-04,-3.79445406e-03,-1.21294972e-03,6.14213335e-04,5.79579238e-01,7.33919404e-05,1.16473842e-04,9.31352353e-02,-3.97563904e-08,-3.80539561e-06,-3.85228736e-03,-1.24827505e-03,6.15839389e-04,5.78332963e-05,3.53253259e-05,-1.62604923e-06
2.79000000e+02,6.72454864e-01,7.26663089e-05,1.22785886e-04,-3.70126447e-03,-1.29737001e-03,6.15360589e-04,5.79393972e-01,7.33565258e-05,1.26460915e-04,9.30608923e-02,-6.90216720e-07,-3.67502920e-06,-3.75703167e-03,-1.33671882e-03,6.18079110e-04,5.57671989e-05,3.93488134e-05,-2.71852195e-06
2.80000000e+02,6.72252328e-01,7.04969707e-05,1.28574901e-04,-3.58588911e-03,-1.39731653e-03,5.82911975e-04,5.79259429e-01,7.05954805e-05,1.32657277e-04,9.29928987e-02,-9.85096639e-08,-4.08237508e-06,-3.64203183e-03,-1.43553637e-03,5.84380235e-04,5.61427181e-05,3.82198412e-05,-1.46825914e-06
2.81000000e+02,6.71996593e-01,6.19745123e-05,1.41535041e-04,-3.48888940e-03,-1.46230038e-03,5.57536051e-04,5.79078383e-01,6.26104339e-05,1.45501863e-04,9.29182068e-02,-6.35921673e-07,-3.96682203e-06,-3.54290085e-03,-1.50491523e-03,5.59287923e-04,5.40114540e-05,4.26148591e-05,-1.75187336e-06
2.82000000e+02,6.71806036e-01,6.56722427e-05,1.45002565e-04,-3.37671777e-03,-1.54096422e-03,5.41395447e-04,5.78955764e-01,6.54652241e-05,1.49428776e-04,9.28502736e-02,2.07018579e-07,-4.42621032e-06,-3.43097424e-03,-1.58203460e-03,5.40604130e-04,5.42564690e-05,4.10703805e-05,7.91317059e-07
2.83000000e+02,6.71560916e-01,6.29424805e-05,1.51633632e-04,-3.28647681e-03,-1.59228812e-03,5.25727544e-04,5.78785320e-01,6.33282092e-05,1.55974915e-04,9.27755952e-02,-3.85728558e-07,-4.34128268e-06,-3.33855914e-03,-1.63779791e-03,5.25433964e-04,5.20823270e-05,4.55097888e-05,2.93581121e-07
2.84000000e+02,6.71371573e-01,6.02845344e-05,1.55089806e-04,-3.17864888e-03,-1.66963676e-03,4.86492389e-04,5.78663953e-01,6.00175453e-05,1.59783368e-04,9.27076219e-02,2.66988990e-07,-4.69356208e-06,-3.23101745e-03,-1.71361826e-03,4.84468020e-04,5.23685719e-05,4.39814992e-05,2.02436888e-06
2.85000000e+02,6.71128236e-01,5.07780041e-05,1.67887825e-04,-3.09131126e-03,-1.73377120e-03,4.52789241e-04,5.78495193e-01,5.10913906e-05,1.72416821e-04,9.26330447e-02,-3.13386491e-07,-4.52899595e-06,-3.14149393e-03,-1.78168439e-03,4.51335506e-04,5.01826684e-05,4.79131941e-05,1.45373520e-06
2.86000000e+02,6.70949494e-01,5.39971145e-05,1.71912905e-04,-2.98609233e-03,-1.81840056e-03,4.27572041e-04,5.78384030e-01,5.34742183e-05,1.76817654e-04,9.25654647e-02,5.22896009e-07,-4.90474893e-06,-3.03649837e-03,-1.86403628e-03,4.23778746e-04,5.04060473e-05,4.56357250e-05,3.79329523e-06
2.87000000e+02,6.70717248e-01,5.11246360e-05,1.81516944e-04,-2.90116701e-03,-1.89682023e-03,4.09326893e-04,5.78226039e-01,5.12372390e-05,1.86324896e-04,9.24912093e-02,-1.12602892e-07,-4.80795202e-06,-2.94941836e-03,-1.94663979e-03,4.06197717e-04,4.82513554e-05,4.98195594e-05,3.12917573e-06
2.88000000e+02,6.70541669e-01,4.96385069e-05,1.85314675e-04,-2.79609723e-03,-1.97551669e-03,3.80437419e-04,5.78118012e-01,4.90076299e-05,1.90520651e-04,9.24236546e-02,6.30876663e-07,-5.20597530e-06,-2.84465672e-03,-2.02418871e-03,3.74981334e-04,4.85594930e-05,4.86720222e-05,5.45608416e-06
2.89000000e+02,6.70311162e-01,4.16948894e-05,1.96236289e-04,-2.71011316e-03,-2.01746001e-03,3.57921881e-04,5.77961535e-01,4.15654529e-05,2.01344533e-04,9.23496247e-02,1.29436603e-07,-5.10824409e-06,-2.75648884e-03,-2.07073248e-03,3.52248985e-04,4.63756708e-05,5.32724635e-05,5.67289711e-06
2.90000000e+02,6.70145713e-01,4.94396654e-05,1.98189146e-04,-2.60601132e-03,-2.08451978e-03,3.80327196e-04,5.77862930e-01,4.84306315e-05,2.03742038e-04,9.22827816e-02,1.00903395e-06,-5.55289197e-06,-2.65258365e-03,-2.13605244e-03,3.71867351e-04,4.65723286e-05,5.15326554e-05,8.45984532e-06
2.91000000e+02,6.69927760e-01,4.93036480e-05,2.03568319e-04,-2.52004324e-03,-2.12725646e-03,3.83280542e-04,5.77718404e-01,4.89496466e-05,2.09045548e-04,9.22093575e-02,3.54001443e-07,-5.47722872e-06,-2.56443115e-03,-2.18300350e-03,3.75922780e-04,4.43879180e-05,5.57470420e-05,7.35776208e-06
2.92000000e+02,6.69766723e-01,4.76203060e-05,2.05447448e-04,-2.41076552e-03,-2.18727846e-03,3.50445814e-04,5.77623962e-01,4.66531177e-05,2.11244031e-04,9.21427617e-02,9.67188377e-07,-5.79658286e-06,-2.45543282e-03,-2.24125612e-03,3.41744736e-04,4.46672941e-05,5.39776610e-05,8.70107798e-06
2.93000000e+02,6.69551494e-01,3.78991070e-05,2.16039509e-04,-2.31938407e-03,-2.23082887e-03,3.14447881e-04,5.77481855e-01,3.76152331e-05,2.21715085e-04,9.20696403e-02,2.83873923e-07,-5.67557672e-06,-2.36188398e-03,-2.28895712e-03,3.07055920e-04,4.24999151e-05,5.81282434e-05,7.39196124e-06
2.94000000e+02,6.69401474e-01,3.95113829e-05,2.16478578e-04,-2.20766149e-03,-2.28657018e-03,2.79577083e-04,5.77397711e-01,3.84090252e-05,2.22552863e-04,9.20037655e-02,1.10235758e-06,-6.07428535e-06,-2.25035951e-03,-2.34266759e-03,2.70097859e-04,4.26980232e-05,5.60974130e-05,9.47922386e-06
2.95000000e+02,6.69197460e-01,3.46776617e-05,2.23333424e-04,-2.11536066e-03,-2.34050070e-03,2.39566072e-04,5.77266123e-01,3.42718574e-05,2.29311163e-04,9.19313369e-02,4.05804263e-07,-5.97773829e-06,-2.15582671e-03,-2.40081496e-03,2.31563793e-04,4.04660375e-05,6.03142647e-05,8.00227880e-06
2.96000000e+02,6.69050872e-01,3.30735875e-05,2.25551335e-04,-1.99912232e-03,-2.40329517e-03,2.06221213e-04,5.77184912e-01,3.20120459e-05,2.31872952e-04,9.18659600e-02,1.06154163e-06,-6.32161695e-06,-2.03981855e-03,-2.46193445e-03,1.96586505e-04,4.06962276e-05,5.86392766e-05,9.63470826e-06
2.97000000e+02,6.68847893e-01,2.43672459e-05,2.35616609e-04,-1.90014155e-03,-2.44062883e-03,1.79909284e-04,5.77053769e-01,2.39443496e-05,2.41810431e-04,9.17941271e-02,4.22896275e-07,-6.19382231e-06,-1.93860171e-03,-2.50337949e-03,1.71226955e-04,3.84601661e-05,6.27506614e-05,8.68232835e-06
2.98000000e+02,6.68709008e-01,3.03697812e-05,2.38060647e-04,-1.78190929e-03,-2.50966800e-03,1.82489820e-04,5.76979308e-01,2.90932840e-05,2.44653896e-04,9.17296987e-02,1.27649717e-06,-6.59324930e-06,-1.82048265e-03,-2.57061540e-03,1.71410859e-04,3.85733650e-05,6.09473949e-05,1.10789617e-05
2.99000000e+02,6.68516622e-01,3.07235199e-05,2.45139070e-04,-1.68380180e-03,-2.56780896e-03,1.85936710e-04,5.76857909e-01,3.01398915e-05,2.51685293e-04,9.16587123e-02,5.83628367e-07,-6.54622274e-06,-1.72009028e-03,-2.63319282e-03,1.76316583e-04,3.62884758e-05,6.53838605e-05,9.62012723e-06
3.00000000e+02,6.68381997e-01,2.84508428e-05,2.46481279e-04,-1.56175916e-03,-2.62552709e-03,1.42726056e-04,5.76787043e-01,2.72492862e-05,2.53372209e-04,9.15949530e-02,1.20155655e-06,-6.89093024e-06,-1.59816651e-03,-2.68928742e-03,1.31741255e-04,3.64073458e-05,6.37603354e-05,1.09848007e-05
3.01000000e+02,6.68190495e-01,1.63309511e-05,2.57578747e-04,-1.45826350e-03,-2.66745883e-03,8.75930894e-05,5.76665855e-01,1.59033038e-05,2.64310834e-04,9.15246427e-02,4.27647245e-07,-6.73208735e-06,-1.49234619e-03,-2.73536384e-03,7.86939985e-05,3.40826902e-05,6.79050138e-05,8.89909078e-06
3.02000000e+02,6.68061852e-01,1.82065918e-05,2.60309177e-04,-1.33523363e-03,-2.74064966e-03,5.29367723e-05,5.76600073e-01,1.69440792e-05,2.67451032e-04,9.14617825e-02,1.26251266e-06,-7.14185551e-06,-1.36934460e-03,-2.80661785e-03,4.19662505e-05,3.41109715e-05,6.59681873e-05,1.09705218e-05
3.03000000e+02,6.67880730e-01,1.53912109e-05,2.67058594e-04,-1.23275375e-03,-2.79277968e-03,2.60176987e-05,5.76488357e-01,1.48555497e-05,2.74177831e-04,9.13923721e-02,5.35661219e-07,-7.11923792e-06,-1.26449904e-03,-2.86351421e-03,1.68519538e-05,3.17452851e-05,7.07345320e-05,9.16574497e-06
3.04000000e+02,6.67756764e-01,1.18719154e-05,2.69273428e-04,-1.10938176e-03,-2.85686517e-03,-2.75809156e-05,5.76426505e-01,1.07162167e-05,2.76764928e-04,9.13302576e-02,1.15569874e-06,-7.49150017e-06,-1.14115049e-03,-2.92635349e-03,-3.81627052e-05,3.17687268e-05,6.94883117e-05,1.05817896e-05
3.05000000e+02,6.67576450e-01,-1.48455556e-06,2.80495028e-04,-1.00502158e-03,-2.90050150e-03,-9.39637453e-05,5.76314758e-01,-1.90220471e-06,2.87884789e-04,9.12616906e-02,4.17649145e-07,-7.38976128e-06,-1.03438112e-03,-2.97450448e-03,-1.02882092e-04,2.93595369e-05,7.40029792e-05,8.91834673e-06
3.06000000e+02,6.67460576e-01,1.59435229e-06,2.85153801e-04,-8.84672126e-04,-2.98280074e-03,-1.18547687e-04,5.76259893e-01,3.13455924e-07,2.92898127e-04,9.12006834e-02,1.28089636e-06,-7.74432614e-06,-9.13951629e-04,-3.05470712e-03,-1.29642143e-04,2.92795078e-05,7.19063815e-05,1.10944564e-05
3.07000000e+02,6.67290447e-01,-1.34910155e-06,2.92947504e-04,-7.86530370e-04,-3.04553311e-03,-1.46549249e-04,5.76157312e-01,-1.87252378e-06,3.00644771e-04,9.11331345e-02,5.23422229e-07,-7.69726675e-06,-8.13392383e-04,-3.12180273e-03,-1.55619544e-04,2.68620125e-05,7.62696240e-05,9.07029476e-06
3.08000000e+02,6.67176833e-01,-4.32229490e-06,2.98017765e-04,-6.67532244e-04,-3.14118080e-03,-1.92687030e-04,5.76103878e-01,-5.49644587e-06,3.06065842e-04,9.10729578e-02,1.17415095e-06,-8.04807708e-06,-6.94345107e-04,-3.21594771e-03,-2.03501712e-04,2.68128648e-05,7.47669053e-05,1.08146819e-05
3.09000000e+02,6.67005810e-01,-1.43061120e-05,3.12259356e-04,-5.70329059e-04,-3.21125603e-03,-2.25895014e-04,5.75999496e-01,-1.48015151e-05,3.20204919e-04,9.10063142e-02,4.95403146e-07,-7.94556390e-06,-5.94720541e-04,-3.29063730e-03,-2.35477547e-04,2.43914847e-05,7.93812736e-05,9.58253349e-06
3.10000000e+02,6.66899397e-01,-8.73382535e-06,3.19676711e-04,-4.54758525e-04,-3.31817738e-03,-2.24477455e-04,5.75952011e-01,-1.00998611e-05,3.27978023e-04,9.09473852e-02,1.36603576e-06,-8.30131224e-06,-4.79017901e-04,-3.39538475e-03,-2.36577837e-04,2.42593760e-05,7.72073664e-05,1.21003813e-05
3.11000000e+02,6.66736874e-01,-1.07253685e-05,3.30933280e-04,-3.62458048e-04,-3.41106112e-03,-2.36707625e-04,5.75854982e-01,-1.12697932e-05,3.39197465e-04,9.08818924e-02,5.44424678e-07,-8.26418459e-06,-3.84319890e-04,-3.49297710e-03,-2.46431266e-04,2.18618419e-05,8.19159687e-05,9.72364097e-06
3.12000000e+02,6.66631212e-01,-1.22473573e-05,3.35859703e-04,-2.47968119e-04,-3.50886836e-03,-2.64561015e-04,5.75807294e-01,-1.34509792e-05,3.44498006e-04,9.08239176e-02,1.20362189e-06,-8.63830277e-06,-2.69781452e-04,-3.58946724e-03,-2.75852824e-04,2.18133337e-05,8.05988877e-05,1.12918085e-05
3.13000000e+02,6.66468580e-01,-2.21139235e-05,3.50677633e-04,-1.53843352e-04,-3.58703208e-03,-2.97149329e-04,5.75709206e-01,-2.26515338e-05,3.59182454e-04,9.07593737e-02,5.37610326e-07,-8.50482122e-06,-1.73339159e-04,-3.67191576e-03,-3.07307453e-04,1.94958068e-05,8.48836896e-05,1.01581243e-05
3.14000000e+02,6.66372516e-01,-1.52261197e-05,3.58151279e-04,-4.33353718e-05,-3.69351031e-03,-2.85541221e-04,5.75669996e-01,-1.67035581e-05,3.67011497e-04,9.07025201e-02,1.47743840e-06,-8.86021725e-06,-6.27476031e-05,-3.77621159e-03,-2.98769724e-04,1.94122314e-05,8.27012786e-05,1.32285023e-05
3.15000000e+02,6.66219178e-01,-1.38791935e-05,3.67724772e-04,4.63159732e-05,-3.77431081e-03,-2.64388086e-04,5.75580156e-01,-1.46107199e-05,3.76574373e-04,9.06390230e-02,7.31526381e-07,-8.84960115e-06,2.92482190e-05,-3.86164842e-03,-2.76094741e-04,1.70677542e-05,8.73376118e-05,1.17066555e-05
3.16000000e+02,6.66123043e-01,-1.35795900e-05,3.71140316e-04,1.57218297e-04,-3.85774386e-03,-2.77471714e-04,5.75539883e-01,-1.49872264e-05,3.80307782e-04,9.05831608e-02,1.40763643e-06,-9.16746565e-06,1.40217449e-04,-3.94343945e-03,-2.90935571e-04,1.70008481e-05,8.56955949e-05,1.34638567e-05
3.17000000e+02,6.65969943e-01,-2.16866210e-05,3.84430069e-04,2.48088244e-04,-3.92313965e-03,-2.94558577e-04,5.75449215e-01,-2.23448692e-05,3.93395930e-04,9.05207273e-02,6.58248237e-07,-8.96585878e-06,2.33389915e-04,-4.01248726e-03,-3.06126787e-04,1.46983281e-05,8.93476069e-05,1.15682106e-05
3.18000000e+02,6.65882157e-01,-1.57747305e-05,3.91384581e-04,3.57611240e-04,-4.02343174e-03,-2.88429724e-04,5.75416053e-01,-1.72748078e-05,4.00585085e-04,9.04661053e-02,1.50007730e-06,-9.20050442e-06,3.43050079e-04,-4.10951185e-03,-3.02237747e-04,1.45611609e-05,8.60801114e-05,1.38080229e-05
3.19000000e+02,6.65737257e-01,-1.64825691e-05,4.03082712e-04,4.48063113e-04,-4.12071475e-03,-2.83553944e-04,5.75332485e-01,-1.71460116e-05,4.12177613e-04,9.04047735e-02,6.63442419e-07,-9.09489931e-06,4.35762829e-04,-4.21058025e-03,-2.94984681e-04,1.23002836e-05,8.98654949e-05,1.14307370e-05
3.20000000e+02,6.65650148e-01,-1.76291617e-05,4.07495043e-04,5.61072702e-04,-4.21429290e-03,-3.10733165e-04,5.75299043e-01,-1.89601338e-05,4.16880323e-04,9.03511035e-02,1.33097201e-06,-9.38527908e-06,5.48816133e-04,-4.30214981e-03,-3.23663820e-04,1.22565656e-05,8.78569172e-05,1.29306557e-05
3.21000000e+02,6.65505560e-01,-2.70449057e-05,4.20254655e-04,6.55595875e-04,-4.27536280e-03,-3.43996313e-04,5.75214841e-01,-2.76152244e-05,4.29506850e-04,9.02907198e-02,5.70318761e-07,-9.25219376e-06,6.45586716e-04,-4.36754764e-03,-3.54901802e-04,1.00091618e-05,9.21848422e-05,1.09054886e-05
3.22000000e+02,6.65426391e-01,-2.19674975e-05,4.26021717e-04,7.69130767e-04,-4.36565047e-03,-3.49087714e-04,5.75188254e-01,-2.33911886e-05,4.35590416e-04,9.02381360e-02,1.42369108e-06,-9.56869577e-06,7.59267900e-04,-4.45531730e-03,-3.62366303e-04,9.86286522e-06,8.96668304e-05,1.32785891e-05
3.23000000e+02,6.65289385e-01,-2.45332850e-05,4.34408190e-04,8.63560766e-04,-4.43221298e-03,-3.62304809e-04,5.75110606e-01,-2.50913893e-05,4.43904077e-04,9.01787794e-02,5.58104295e-07,-9.49588675e-06,8.55976709e-04,-4.52586403e-03,-3.72904261e-04,7.58405532e-06,9.36510543e-05,1.05994522e-05
3.24000000e+02,6.65209422e-01,-2.75977752e-05,4.35311342e-04,9.81088492e-04,-4.49657050e-03,-4.01986735e-04,5.75082304e-01,-2.87580870e-05,4.45061751e-04,9.01271202e-02,1.16031174e-06,-9.75040814e-06,9.73631703e-04,-4.58782596e-03,-4.13761430e-04,7.45678460e-06,9.12554503e-05,1.17746956e-05
3.25000000e+02,6.65071373e-01,-3.84605737e-05,4.45980254e-04,1.07921827e-03,-4.53911820e-03,-4.47297079e-04,5.75002614e-01,-3.88231276e-05,4.55512531e-04,9.00687576e-02,3.62553902e-07,-9.53227940e-06,1.07406956e-03,-4.63403939e-03,-4.56659983e-04,5.14870795e-06,9.49211881e-05,9.36290398e-06
3.26000000e+02,6.64998822e-01,-3.40585927e-05,4.50016941e-04,1.19480839e-03,-4.61357216e-03,-4.57899955e-04,5.74980459e-01,-3.52530245e-05,4.59798604e-04,9.00183652e-02,1.19443178e-06,-9.78166506e-06,1.18989306e-03,-4.70539456e-03,-4.69341172e-04,4.91532995e-06,9.18224038e-05,1.14412171e-05
3.27000000e+02,6.64868410e-01,-3.62258431e-05,4.58348944e-04,1.29152129e-03,-4.67499992e-03,-4.70104864e-04,5.74907192e-01,-3.65786600e-05,4.67985498e-04,8.99612195e-02,3.52816935e-07,-9.63655339e-06,1.28892766e-03,-4.77038821e-03,-4.78914812e-04,2.59362744e-06,9.53882816e-05,8.80994833e-06
3.28000000e+02,6.64794688e-01,-3.61469338e-05,4.60144102e-04,1.41031611e-03,-4.74349081e-03,-4.91983269e-04,5.74882924e-01,-3.71612011e-05,4.70026390e-04,8.99117634e-02,1.01426734e-06,-9.88228816e-06,1.40793290e-03,-4.83626617e-03,-5.02190811e-04,2.38320824e-06,9.27753527e-05,1.02075438e-05
3.29000000e+02,6.64661000e-01,-4.48833964e-05,4.71356792e-04,1.51145298e-03,-4.78883202e-03,-5.19989598e-04,5.74805393e-01,-4.50576618e-05,4.81001115e-04,8.98556055e-02,1.74265318e-07,-9.64432004e-06,1.51140487e-03,-4.88506747e-03,-5.27804980e-04,4.81084427e-08,9.62354310e-05,7.81538306e-06
3.30000000e+02,6.64594180e-01,-3.85073892e-05,4.74298587e-04,1.62912152e-03,-4.85207145e-03,-5.13690041e-04,5.74786766e-01,-3.95338586e-05,4.84186640e-04,8.98074130e-02,1.02646938e-06,-9.88805330e-06,1.62934263e-03,-4.94529807e-03,-5.23749171e-04,-2.21113195e-07,9.32266048e-05,1.00591290e-05
3.31000000e+02,6.64468082e-01,-3.75800255e-05,4.78668030e-04,1.72742392e-03,-4.87416142e-03,-4.93119036e-04,5.74715678e-01,-3.77109500e-05,4.88485524e-04,8.97524031e-02,1.30924537e-07,-9.81749664e-06,1.72996076e-03,-4.97158180e-03,-5.00230202e-04,-2.53684111e-06,9.74203968e-05,7.11116424e-06
3.32000000e+02,6.64398892e-01,-3.72526613e-05,4.77366098e-04,1.84695703e-03,-4.90670145e-03,-5.06038496e-04,5.74693736e-01,-3.79794852e-05,4.87411046e-04,8.97051549e-02,7.26823889e-07,-1.00449467e-05,1.84973713e-03,-5.00161912e-03,-5.14072253e-04,-2.78010214e-06,9.49176673e-05,8.03375298e-06
3.33000000e+02,6.64269915e-01,-4.51710498e-05,4.85357214e-04,1.94877604e-03,-4.92080479e-03,-5.22028140e-04,5.74618746e-01,-4.50413702e-05,4.95196848e-04,8.96511728e-02,-1.29679846e-07,-9.83963256e-06,1.95393172e-03,-5.01935969e-03,-5.27446557e-04,-5.15568335e-06,9.85548888e-05,5.41841635e-06
3.34000000e+02,6.64207195e-01,-3.79182993e-05,4.85448879e-04,2.06489715e-03,-4.95900435e-03,-5.01791155e-04,5.74601971e-01,-3.86070805e-05,4.95536538e-04,8.96052266e-02,6.88781283e-07,-1.00876608e-05,2.07044136e-03,-5.05426914e-03,-5.09276427e-04,-5.54420427e-06,9.52647660e-05,7.48527342e-06
3.35000000e+02,6.64085703e-01,-3.68842764e-05,4.88143800e-04,2.15792334e-03,-4.97360084e-03,-4.81734142e-04,5.74533256e-01,-3.67106079e-05,4.98119569e-04,8.95524467e-02,-1.73668461e-07,-9.97576889e-06,2.16592171e-03,-5.07263085e-03,-4.86324656e-04,-7.99837085e-06,9.90299974e-05,4.59051516e-06
3.36000000e+02,6.64023003e-01,-3.55409813e-05,4.87037607e-04,2.26909231e-03,-5.00939879e-03,-4.88735490e-04,5.74515636e-01,-3.59949601e-05,4.97135809e-04,8.95073649e-02,4.53978855e-07,-1.00982040e-05,2.27744045e-03,-5.10512818e-03,-4.94286617e-04,-8.34813968e-06,9.57293732e-05,5.55113011e-06
3.37000000e+02,6.63898885e-01,-4.25960207e-05,4.96024496e-04,2.35979529e-03,-5.02540787e-03,-4.93918760e-04,5.74443470e-01,-4.21327924e-05,5.05834358e-04,8.94554156e-02,-4.63228261e-07,-9.80986280e-06,2.37058289e-03,-5.12427487e-03,-4.96498041e-04,-1.07876095e-05,9.88670322e-05,2.57927793e-06
3.38000000e+02,6.63839631e-01,-3.46043479e-05,4.97281580e-04,2.46709126e-03,-5.07000948e-03,-4.71860599e-04,5.74428278e-01,-3.49587632e-05,5.07355378e-04,8.94113527e-02,3.54415248e-07,-1.00737974e-05,2.47826511e-03,-5.16578099e-03,-4.76155645e-04,-1.11738480e-05,9.57714818e-05,4.29504614e-06
3.39000000e+02,6.63721800e-01,-3.38529795e-05,4.99217343e-04,2.55511982e-03,-5.07924692e-03,-4.56609924e-04,5.74361364e-01,-3.33007797e-05,5.09235179e-04,8.93604386e-02,-5.52199825e-07,-1.00178341e-05,2.56875677e-03,-5.17912852e-03,-4.58017887e-04,-1.36369504e-05,9.98816207e-05,1.40796250e-06
3.40000000e+02,6.63662951e-01,-3.35688019e-05,4.95549446e-04,2.66207102e-03,-5.09054619e-03,-4.68989056e-04,5.74345671e-01,-3.36481880e-05,5.05765576e-04,8.93172791e-02,7.93861157e-08,-1.02161318e-05,2.67605915e-03,-5.18771379e-03,-4.71566973e-04,-1.39881327e-05,9.71676303e-05,2.57791650e-06
3.41000000e+02,6.63542483e-01,-4.28030895e-05,5.01930406e-04,2.74950333e-03,-5.08345943e-03,-4.93894494e-04,5.74275139e-01,-4.20292846e-05,5.11871535e-04,8.92673457e-02,-7.73804852e-07,-9.94113075e-06,2.76594728e-03,-5.18369497e-03,-4.93934098e-04,-1.64439517e-05,1.00235538e-04,3.96003194e-08
3.42000000e+02,6.63488165e-01,-3.75195652e-05,5.02465219e-04,2.85123743e-03,-5.12696237e-03,-4.92686449e-04,5.74262729e-01,-3.75741281e-05,5.12542666e-04,8.92254373e-02,5.45628970e-08,-1.00774489e-05,2.86810433e-03,-5.22302448e-03,-4.94670069e-04,-1.68668969e-05,9.60620786e-05,1.98362096e-06
3.43000000e+02,6.63376310e-01,-4.05595141e-05,5.06990425e-04,2.93067984e-03,-5.15392233e-03,-5.13993527e-04,5.74199631e-01,-3.96982410e-05,5.16826211e-04,8.91766788e-02,-8.61273156e-07,-9.83578598e-06,2.95000273e-03,-5.25278506e-03,-5.12786697e-04,-1.93228882e-05,9.88627115e-05,-1.20683314e-06
3.44000000e+02,6.63322231e-01,-4.23213112e-05,5.06646689e-04,3.02756738e-03,-5.19175688e-03,-5.47407789e-04,5.74186509e-01,-4.20932692e-05,5.16612028e-04,8.91357208e-02,-2.28041781e-07,-9.96533711e-06,3.04723506e-03,-5.28725426e-03,-5.47508952e-04,-1.96676822e-05,9.54974103e-05,1.01167107e-07
3.45000000e+02,6.63207033e-01,-5.23091888e-05,5.14888099e-04,3.10681714e-03,-5.19568983e-03,-5.73421628e-04,5.74119101e-01,-5.12592047e-05,5.24614695e-04,8.90879322e-02,-1.04998389e-06,-9.72659669e-06,3.12894913e-03,-5.29470627e-03,-5.71278353e-04,-2.21319892e-05,9.90164483e-05,-2.14327595e-06
3.46000000e+02,6.63159353e-01,-4.54585784e-05,5.15129654e-04,3.20058143e-03,-5.22974793e-03,-5.61471492e-04,5.74111165e-01,-4.53187076e-05,5.25051464e-04,8.90481876e-02,-1.39871021e-07,-9.92180732e-06,3.22314487e-03,-5.32501067e-03,-5.61695620e-04,-2.25634364e-05,9.52627776e-05,2.24129262e-07
3.47000000e+02,6.63053481e-01,-4.43230412e-05,5.17196961e-04,3.27466880e-03,-5.24018957e-03,-5.46096776e-04,5.74051965e-01,-4.32980841e-05,5.26959006e-04,8.90015198e-02,-1.02495718e-06,-9.76204417e-06,3.29969782e-03,-5.33863126e-03,-5.43546371e-04,-2.50290217e-05,9.84416748e-05,-2.55040358e-06
3.48000000e+02,6.63005416e-01,-4.31051127e-05,5.15051275e-04,3.36796350e-03,-5.26629424e-03,-5.54085838e-04,5.74042698e-01,-4.27271931e-05,5.24929081e-04,8.89627206e-02,-3.77919792e-07,-9.87780613e-06,3.39333305e-03,-5.36131315e-03,-5.52982243e-04,-2.53695579e-05,9.50189223e-05,-1.10359205e-06
3.49000000e+02,6.62896903e-01,-5.13598176e-05,5.21540192e-04,3.44209646e-03,-5.25584549e-03,-5.67426452e-04,5.73979784e-01,-5.01188820e-05,5.31113520e-04,8.89171175e-02,-1.24093577e-06,-9.57332805e-06,3.46991398e-03,-5.35368973e-03,-5.63740503e-04,-2.78175204e-05,9.78442147e-05,-3.68594786e-06
3.50000000e+02,6.62854541e-01,-4.38989868e-05,5.20449420e-04,3.53069954e-03,-5.27829124e-03,-5.45317116e-04,5.73975002e-01,-4.35368849e-05,5.30164139e-04,8.88795383e-02,-3.62101933e-07,-9.71471992e-06,3.55895489e-03,-5.37199741e-03,-5.43889149e-04,-2.82553497e-05,9.37061217e-05,-1.42796737e-06
3.51000000e+02,6.62752968e-01,-4.13011213e-05,5.19868615e-04,3.59793912e-03,-5.26162368e-03,-5.11803538e-04,5.73917950e-01,-4.00380710e-05,5.29389874e-04,8.88350149e-02,-1.26305049e-06,-9.52126065e-06,3.62869146e-03,-5.35843216e-03,-5.07451660e-04,-3.07523437e-05,9.68084744e-05,-4.35187733e-06
3.52000000e+02,6.62709979e-01,-3.75887870e-05,5.14924948e-04,3.68423794e-03,-5.25901671e-03,-4.96569755e-04,5.73911695e-01,-3.69960421e-05,5.24522532e-04,8.87982826e-02,-5.92744909e-07,-9.59758137e-06,3.71535636e-03,-5.35204382e-03,-4.93711128e-04,-3.11184210e-05,9.30271189e-05,-2.85862534e-06
3.53000000e+02,6.62606835e-01,-4.35947347e-05,5.20547655e-04,3.75250566e-03,-5.23964691e-03,-4.84975457e-04,5.73852091e-01,-4.21006425e-05,5.29833518e-04,8.87547449e-02,-1.49409213e-06,-9.28586195e-06,3.78606764e-03,-5.33534897e-03,-4.79286637e-04,-3.35619800e-05,9.57020615e-05,-5.68881938e-06
3.54000000e+02,6.62569686e-01,-3.36173116e-05,5.18381308e-04,3.83496798e-03,-5.24831237e-03,-4.38814441e-04,5.73850492e-01,-3.29645615e-05,5.27768358e-04,8.87191957e-02,-6.52750134e-07,-9.38705152e-06,3.86892160e-03,-5.33954676e-03,-4.34854621e-04,-3.39536199e-05,9.12343637e-05,-3.95981936e-06
3.55000000e+02,6.62472641e-01,-3.04604884e-05,5.17510796e-04,3.89838367e-03,-5.22697946e-03,-4.00368482e-04,5.73795957e-01,-2.88600370e-05,5.26697886e-04,8.86766851e-02,-1.60045145e-06,-9.18709218e-06,3.93473283e-03,-5.32115864e-03,-3.93080399e-04,-3.63491611e-05,9.41791792e-05,-7.28808313e-06
3.56000000e+02,6.62434772e-01,-2.56963102e-05,5.12706742e-04,3.98082309e-03,-5.23208228e-03,-3.74162645e-04,5.73792743e-01,-2.47025546e-05,5.22018576e-04,8.86420283e-02,-9.93755607e-07,-9.31183500e-06,4.01744641e-03,-5.32270248e-03,-3.67661994e-04,-3.66233203e-05,9.06202023e-05,-6.50065056e-06
3.57000000e+02,6.62336090e-01,-3.19790658e-05,5.17429900e-04,4.04623322e-03,-5.20704464e-03,-3.70496999e-04,5.73735532e-01,-3.00953273e-05,5.26427126e-04,8.86005588e-02,-1.88373846e-06,-8.99722797e-06,4.08521373e-03,-5.30049341e-03,-3.61100693e-04,-3.89805039e-05,9.34487995e-05,-9.39630621e-06
3.58000000e+02,6.62304496e-01,-2.25393615e-05,5.15342647e-04,4.12623656e-03,-5.21268724e-03,-3.28760209e-04,5.73737287e-01,-2.15095829e-05,5.24432124e-04,8.85672092e-02,-1.02977858e-06,-9.08947912e-06,4.16557213e-03,-5.30168400e-03,-3.21442475e-04,-3.93355727e-05,8.89967545e-05,-7.31773346e-06
3.59000000e+02,6.62212921e-01,-1.96786765e-05,5.14251198e-04,4.18448741e-03,-5.18690543e-03,-2.89676646e-04,5.73685988e-01,-1.77167403e-05,5.23143937e-04,8.85269336e-02,-1.96193617e-06,-8.89273943e-06,4.22622233e-03,-5.27885257e-03,-2.79180155e-04,-4.17349132e-05,9.19471347e-05,-1.04964914e-05
3.60000000e+02,6.62179433e-01,-1.66863325e-05,5.08411868e-04,4.26223485e-03,-5.18473451e-03,-2.79562558e-04,5.73684946e-01,-1.53641797e-05,5.17388277e-04,8.84944881e-02,-1.32215280e-06,-8.97641111e-06,4.30423980e-03,-5.27271161e-03,-2.70060874e-04,-4.20049504e-05,8.79770964e-05,-9.50168342e-06
3.61000000e+02,6.62085119e-01,-2.24623257e-05,5.12910701e-04,4.32262566e-03,-5.15678636e-03,-2.73922703e-04,5.73629831e-01,-2.02513768e-05,5.21515912e-04,8.84552882e-02,-2.21094889e-06,-8.60520801e-06,4.36700176e-03,-5.24719793e-03,-2.61465888e-04,-4.43761034e-05,9.04115547e-05,-1.24568139e-05
3.62000000e+02,6.62057685e-01,-1.39888804e-05,5.10071631e-04,4.39825897e-03,-5.15835577e-03,-2.47634776e-04,5.73633547e-01,-1.25786096e-05,5.18757516e-04,8.84241366e-02,-1.41027075e-06,-8.68588619e-06,4.44294857e-03,-5.24415320e-03,-2.36437746e-04,-4.46896018e-05,8.57974320e-05,-1.11970292e-05
3.63000000e+02,6.61969572e-01,-1.38036414e-05,5.08248229e-04,4.45406275e-03,-5.12699641e-03,-2.35733469e-04,5.73583505e-01,-1.13905596e-05,5.16745631e-04,8.83860676e-02,-2.41308179e-06,-8.49740353e-06,4.50109715e-03,-5.21574666e-03,-2.20864560e-04,-4.70344054e-05,8.87502723e-05,-1.48689086e-05
3.64000000e+02,6.61939803e-01,-1.24545547e-05,5.01262581e-04,4.52877284e-03,-5.11347045e-03,-2.40918258e-04,5.73583910e-01,-1.06814251e-05,5.09806686e-04,8.83558929e-02,-1.77312963e-06,-8.54410626e-06,4.57600696e-03,-5.19789960e-03,-2.27096251e-04,-4.72341205e-05,8.44291414e-05,-1.38220058e-05
3.65000000e+02,6.61850570e-01,-1.91184042e-05,5.06136455e-04,4.58665942e-03,-5.09166301e-03,-2.37275880e-04,5.73531655e-01,-1.64099522e-05,5.14287931e-04,8.83189155e-02,-2.70845203e-06,-8.15147660e-06,4.63619020e-03,-5.17816347e-03,-2.20333632e-04,-4.95307692e-05,8.65004931e-05,-1.69422482e-05
3.66000000e+02,6.61827217e-01,-1.05298274e-05,5.05868266e-04,4.65896171e-03,-5.11799079e-03,-2.07056054e-04,5.73537245e-01,-8.67183305e-06,5.14063820e-04,8.82899714e-02,-1.85799437e-06,-8.19555311e-06,4.70872854e-03,-5.19951740e-03,-1.91780635e-04,-4.97668267e-05,8.15266261e-05,-1.52754189e-05
3.67000000e+02,6.61743473e-01,-7.59745079e-06,5.07249304e-04,4.71172480e-03,-5.11088298e-03,-1.67760481e-04,5.73489429e-01,-4.76094632e-06,5.15231904e-04,8.82540440e-02,-2.83650445e-06,-7.98260004e-06,4.76377758e-03,-5.19531067e-03,-1.48803925e-04,-5.20527779e-05,8.44276713e-05,-1.89565561e-05
3.68000000e+02,6.61718205e-01,-3.59606405e-06,5.01470037e-04,4.78460444e-03,-5.10640641e-03,-1.46767913e-04,5.73492191e-01,-1.39483889e-06,5.09590492e-04,8.82260156e-02,-2.20122516e-06,-8.12045777e-06,4.83678373e-03,-5.18730492e-03,-1.28717215e-04,-5.21792949e-05,8.08985334e-05,-1.80506978e-05
3.69000000e+02,6.61633182e-01,-8.11596259e-06,5.04337753e-04,4.83925609e-03,-5.06774199e-03,-1.27135119e-04,5.73442056e-01,-5.00510067e-06,5.12184836e-04,8.81911277e-02,-3.11086192e-06,-7.84708317e-06,4.89370682e-03,-5.15173085e-03,-1.06002920e-04,-5.44507374e-05,8.39888207e-05,-2.11321996e-05
3.70000000e+02,6.61614847e-01,2.91637248e-06,5.02159625e-04,4.91051881e-03,-5.07448946e-03,-7.44646798e-05,5.73450564e-01,5.16789082e-06,5.10067203e-04,8.81642828e-02,-2.25151832e-06,-7.90757734e-06,4.96514240e-03,-5.15374853e-03,-5.52024250e-05,-5.46235812e-05,7.92590953e-05,-1.92622548e-05
3.71000000e+02,6.61535518e-01,7.21134505e-06,5.01676027e-04,4.96201957e-03,-5.05105488e-03,-2.08676472e-05,5.73405035e-01,1.04464750e-05,5.09383409e-04,8.81304811e-02,-3.23512995e-06,-7.70738076e-06,5.01889922e-03,-5.13314890e-03,2.00783905e-06,-5.68796394e-05,8.20940581e-05,-2.28754862e-05
3.72000000e+02,6.61514857e-01,1.17866973e-05,4.95705126e-04,5.03623499e-03,-5.04361158e-03,9.76763506e-06,5.73410256e-01,1.43847440e-05,5.03475473e-04,8.81046006e-02,-2.59804673e-06,-7.77034689e-06,5.09317937e-03,-5.12163663e-03,3.15899165e-05,-5.69443723e-05,7.80250528e-05,-2.18222814e-05
3.73000000e+02,6.61433871e-01,7.68569487e-06,4.99052338e-04,5.09210004e-03,-5.00355282e-03,3.85495405e-05,5.73362012e-01,1.11976391e-05,5.06515340e-04,8.80718575e-02,-3.51194424e-06,-7.46299983e-06,5.15125934e-03,-5.08443732e-03,6.35868701e-05,-5.91593168e-05,8.08845223e-05,-2.50373297e-05
3.74000000e+02,6.61419181e-01,1.98511078e-05,4.95810309e-04,5.16350927e-03,-5.00359974e-03,1.03668273e-04,5.73372037e-01,2.24558212e-05,5.03404124e-04,8.80471440e-02,-2.60471341e-06,-7.59381471e-06,5.22280127e-03,-5.08023346e-03,1.26420186e-04,-5.92920360e-05,7.66337474e-05,-2.27519127e-05
3.75000000e+02,6.61344199e-01,2.55136778e-05,4.93939387e-04,5.21405990e-03,-4.96715993e-03,1.69983821e-04,5.73328683e-01,2.90668430e-05,5.01352074e-04,8.80155136e-02,-3.55316517e-06,-7.41268655e-06,5.27556075e-03,-5.04699667e-03,1.95994301e-04,-6.15008328e-05,7.98367579e-05,-2.60104804e-05
3.76000000e+02,6.61326778e-01,3.12581274e-05,4.86747232e-04,5.28570226e-03,-4.94738140e-03,2.14714854e-04,5.73335048e-01,3.41193707e-05,4.94258321e-04,8.79917295e-02,-2.86124332e-06,-7.51109052e-06,5.34719615e-03,-5.02324235e-03,2.39193249e-04,-6.14939201e-05,7.58609153e-05,-2.44783953e-05
3.77000000e+02,6.61248286e-01,2.81050306e-05,4.89066447e-04,5.33802023e-03,-4.89623476e-03,2.52425709e-04,5.73287216e-01,3.18643386e-05,4.96274549e-04,8.79610693e-02,-3.75930798e-06,-7.20810151e-06,5.40165265e-03,-4.97509293e-03,2.79956490e-04,-6.36324028e-05,7.88581683e-05,-2.75307809e-05
3.78000000e+02,6.61235335e-01,4.15358796e-05,4.85475948e-04,5.40556911e-03,-4.89003131e-03,3.27149804e-04,5.73296864e-01,4.43687236e-05,4.92782545e-04,8.79384746e-02,-2.83284413e-06,-7.30659546e-06,5.46926728e-03,-4.96431035e-03,3.52547963e-04,-6.36981385e-05,7.42790052e-05,-2.53981590e-05
3.79000000e+02,6.61161862e-01,4.57155187e-05,4.85077502e-04,5.45072345e-03,-4.87185731e-03,3.82458582e-04,5.73252899e-01,4.95816826e-05,4.92207482e-04,8.79089620e-02,-3.86616363e-06,-7.12997672e-06,5.51658329e-03,-4.94902799e-03,4.11711329e-04,-6.58598620e-05,7.71707169e-05,-2.92527477e-05
3.80000000e+02,6.61146254e-01,5.06332268e-05,4.80348719e-04,5.51576170e-03,-4.87392785e-03,4.15053975e-04,5.73258910e-01,5.38247448e-05,4.87543485e-04,8.78873449e-02,-3.19151802e-06,-7.19476618e-06,5.58160383e-03,-4.94700720e-03,4.43212556e-04,-6.58421439e-05,7.30793548e-05,-2.81585807e-05
3.81000000e+02,6.61069692e-01,4.53711903e-05,4.83909733e-04,5.56053497e-03,-4.83850674e-03,4.30274109e-04,5.73210740e-01,4.94504713e-05,4.90838060e-04,8.78589497e-02,-4.07928124e-06,-6.92832721e-06,5.62847187e-03,-4.91461763e-03,4.61311698e-04,-6.79368616e-05,7.61108647e-05,-3.10375893e-05
3.82000000e+02,6.61060118e-01,5.73976808e-05,4.81255539e-04,5.62084081e-03,-4.84206650e-03,4.97918845e-04,5.73221477e-01,6.05049927e-05,4.88319426e-04,8.78386409e-02,-3.10731190e-06,-7.06388458e-06,5.68879808e-03,-4.91392359e-03,5.26003802e-04,-6.79572733e-05,7.18570815e-05,-2.80849581e-05
3.83000000e+02,6.60990415e-01,6.37005742e-05,4.80111812e-04,5.65876002e-03,-4.81848271e-03,5.73872106e-04,5.73179030e-01,6.77261614e-05,4.87013557e-04,8.78113832e-02,-4.02558709e-06,-6.90174747e-06,5.72879556e-03,-4.89359502e-03,6.05032826e-04,-7.00355168e-05,7.51123054e-05,-3.11607166e-05
3.84000000e+02,6.60979222e-01,7.09541363e-05,4.74478266e-04,5.71681125e-03,-4.81069024e-03,6.27648888e-04,5.73187230e-01,7.42195694e-05,4.81454048e-04,8.77919882e-02,-3.26543287e-06,-6.97578105e-06,5.78675313e-03,-4.88194698e-03,6.56940817e-04,-6.99418859e-05,7.12567139e-05,-2.92919290e-05
3.85000000e+02,6.60906803e-01,6.92424208e-05,4.78905789e-04,5.75414113e-03,-4.77817098e-03,6.72177217e-04,5.73140951e-01,7.34112824e-05,4.85596031e-04,8.77658529e-02,-4.16886155e-06,-6.69024177e-06,5.82608800e-03,-4.85240220e-03,7.04658510e-04,-7.19468951e-05,7.42312220e-05,-3.24812908e-05
3.86000000e+02,6.60900470e-01,8.27916698e-05,4.77214966e-04,5.80983252e-03,-4.79152633e-03,7.46670338e-04,5.73152785e-01,8.60115980e-05,4.84029011e-04,8.77476861e-02,-3.21992782e-06,-6.81404472e-06,5.88168359e-03,-4.86122067e-03,7.76547146e-04,-7.18510690e-05,6.96943426e-05,-2.98768073e-05
3.87000000e+02,6.60834692e-01,8.85886617e-05,4.77369530e-04,5.84607874e-03,-4.77898846e-03,8.15455886e-04,5.73112224e-01,9.27942763e-05,4.84003054e-04,8.77224673e-02,-4.20561444e-06,-6.63352225e-06,5.91989419e-03,-4.85177099e-03,8.48858429e-04,-7.38154129e-05,7.27825237e-05,-3.34025422e-05
3.88000000e+02,6.60826697e-01,9.53098492e-05,4.71341110e-04,5.90127762e-03,-4.77164880e-03,8.63777571e-04,5.73121511e-01,9.87576167e-05,4.78092100e-04,8.77051868e-02,-3.44776752e-06,-6.75098787e-06,5.97491932e-03,-4.84066778e-03,8.95268693e-04,-7.36416607e-05,6.90189812e-05,-3.14911206e-05
3.89000000e+02,6.60757558e-01,9.14915518e-05,4.75405550e-04,5.93995560e-03,-4.74110163e-03,8.93261945e-04,5.73076612e-01,9.58510109e-05,4.81875365e-04,8.76809472e-02,-4.35945924e-06,-6.46981573e-06,6.01551748e-03,-4.81319833e-03,9.27655981e-04,-7.55618798e-05,7.20966944e-05,-3.43940398e-05
3.90000000e+02,6.60753026e-01,1.06304409e-04,4.73564914e-04,5.99310727e-03,-4.75273709e-03,9.85802767e-04,5.73088237e-01,1.09668930e-04,4.80180776e-04,8.76647859e-02,-3.36452009e-06,-6.61586179e-06,6.06855093e-03,-4.82055442e-03,1.01715344e-03,-7.54436483e-05,6.78173263e-05,-3.13506763e-05
3.91000000e+02,6.60688458e-01,1.12203422e-04,4.72153115e-04,6.02681140e-03,-4.72703758e-03,1.05784168e-03,5.73046878e-01,1.16480574e-04,4.78646423e-04,8.76415773e-02,-4.27715217e-06,-6.49330802e-06,6.10414985e-03,-4.79834618e-03,1.09224634e-03,-7.73385008e-05,7.13086009e-05,-3.44046633e-05
3.92000000e+02,6.60682960e-01,1.19819280e-04,4.66240650e-04,6.08203104e-03,-4.72339483e-03,1.11441205e-03,5.73056670e-01,1.23320884e-04,4.72824293e-04,8.76262905e-02,-3.50160330e-06,-6.58364446e-06,6.15917556e-03,-4.79083544e-03,1.14679372e-03,-7.71445334e-05,6.74406128e-05,-3.23816698e-05
3.93000000e+02,6.60616046e-01,1.16410059e-04,4.71134653e-04,6.11936451e-03,-4.69946622e-03,1.14778723e-03,5.73011959e-01,1.20832196e-04,4.77420330e-04,8.76040891e-02,-4.42213690e-06,-6.28567726e-06,6.19836123e-03,-4.76998704e-03,1.18316787e-03,-7.89967254e-05,7.05208206e-05,-3.53806362e-05
3.94000000e+02,6.60615420e-01,1.30972786e-04,4.71145717e-04,6.17443126e-03,-4.72451076e-03,1.23390759e-03,5.73025435e-01,1.34409728e-04,4.77550458e-04,8.75899858e-02,-3.43694250e-06,-6.40474115e-06,6.25330159e-03,-4.79050804e-03,1.26633694e-03,-7.88703154e-05,6.59972754e-05,-3.24293547e-05
3.95000000e+02,6.60554466e-01,1.36788195e-04,4.72309269e-04,6.20949127e-03,-4.72260512e-03,1.30509230e-03,5.72985691e-01,1.41182952e-04,4.78594367e-04,8.75687772e-02,-4.39475597e-06,-6.28509698e-06,6.29019910e-03,-4.79205408e-03,1.34081668e-03,-8.07078086e-05,6.94489604e-05,-3.57243765e-05
3.96000000e+02,6.60551358e-01,1.43913087e-04,4.68760899e-04,6.26583356e-03,-4.73498598e-03,1.35735380e-03,5.72995884e-01,1.47544962e-04,4.75152607e-04,8.75554765e-02,-3.63187479e-06,-6.39170748e-06,6.34633876e-03,-4.80080127e-03,1.39110468e-03,-8.05051600e-05,6.58152986e-05,-3.37508780e-05
3.97000000e+02,6.60486883e-01,1.40318191e-04,4.74251774e-04,6.30610445e-03,-4.71629575e-03,1.38602956e-03,5.72951646e-01,1.44864120e-04,4.80419033e-04,8.75352362e-02,-4.54592864e-06,-6.16725863e-06,6.38844778e-03,-4.78550295e-03,1.42293037e-03,-8.23433511e-05,6.92072050e-05,-3.69008087e-05
3.98000000e+02,6.60487984e-01,1.52863639e-04,4.73870178e-04,6.36142451e-03,-4.74333767e-03,1.45375561e-03,5.72964870e-01,1.56480266e-04,4.80164799e-04,8.75231146e-02,-3.61662631e-06,-6.29462300e-06,6.44368245e-03,-4.80809820e-03,1.48820301e-03,-8.22579696e-05,6.47605330e-05,-3.44474037e-05
3.99000000e+02,6.60428932e-01,1.57178339e-04,4.75630295e-04,6.39707049e-03,-4.74497652e-03,1.50753813e-03,5.72924982e-01,1.61759364e-04,4.81830914e-04,8.75039484e-02,-4.58102495e-06,-6.20061618e-06,6.48118550e-03,-4.81353629e-03,1.54540092e-03,-8.41150158e-05,6.85597729e-05,-3.78627874e-05
4.00000000e+02,6.60428419e-01,1.61426587e-04,4.72324212e-04,6.45234985e-03,-4.76313015e-03,1.53046587e-03,5.72935731e-01,1.65252135e-04,4.78672111e-04,8.74926886e-02,-3.82554727e-06,-6.34790018e-06,6.53631289e-03,-4.82815545e-03,1.56641010e-03,-8.39630447e-05,6.50252964e-05,-3.59442330e-05
4.01000000e+02,6.60367516e-01,1.55726061e-04,4.79160879e-04,6.49131207e-03,-4.75341034e-03,1.53858355e-03,5.72893000e-01,1.60412206e-04,4.85260773e-04,8.74745145e-02,-4.68614482e-06,-6.09989205e-06,6.57714699e-03,-4.82181297e-03,1.57705566e-03,-8.58349072e-05,6.84026364e-05,-3.84721115e-05
4.02000000e+02,6.60373464e-01,1.67880286e-04,4.77861709e-04,6.54364201e-03,-4.77044213e-03,1.60136622e-03,5.72909032e-01,1.71525536e-04,4.84099897e-04,8.74644338e-02,-3.64525038e-06,-6.23818958e-06,6.62942582e-03,-4.83441947e-03,1.63636325e-03,-8.57838148e-05,6.39773438e-05,-3.49970268e-05
4.03000000e+02,6.60318489e-01,1.72919150e-04,4.77863367e-04,6.57602876e-03,-4.75781293e-03,1.66367814e-03,5.72871221e-01,1.77492374e-04,4.84053824e-04,8.74472661e-02,-4.57322441e-06,-6.19045599e-06,6.66371714e-03,-4.82574202e-03,1.70156056e-03,-8.76883718e-05,6.79290931e-05,-3.78824186e-05
4.04000000e+02,6.60321146e-01,1.78741492e-04,4.72359074e-04,6.62712502e-03,-4.75415114e-03,1.70350770e-03,5.72883137e-01,1.82532470e-04,4.78665708e-04,8.74380086e-02,-3.79097854e-06,-6.30663534e-06,6.71472714e-03,-4.81856793e-03,1.73932789e-03,-8.76021112e-05,6.44167946e-05,-3.58201951e-05
4.05000000e+02,6.60262270e-01,1.72453304e-04,4.76150987e-04,6.65822329e-03,-4.71590040e-03,1.71482999e-03,5.72840437e-01,1.77133157e-04,4.82268123e-04,8.74218322e-02,-4.67985288e-06,-6.11713415e-06,6.74771427e-03,-4.78398440e-03,1.75320840e-03,-8.94909920e-05,6.80840028e-05,-3.83784066e-05
4.06000000e+02,6.60270354e-01,1.85432129e-04,4.74583469e-04,6.70414150e-03,-4.72972230e-03,1.78313215e-03,5.72856574e-01,1.89048065e-04,4.80791744e-04,8.74137795e-02,-3.61593507e-06,-6.20827725e-06,6.79362304e-03,-4.79296006e-03,1.81818690e-03,-8.94815706e-05,6.32377650e-05,-3.50547411e-05
4.07000000e+02,6.60217325e-01,1.89934797e-04,4.75775378e-04,6.73113599e-03,-4.72665931e-03,1.83439657e-03,5.72818694e-01,1.94461508e-04,4.81873401e-04,8.73986313e-02,-4.52671060e-06,-6.09802278e-06,6.82250211e-03,-4.79354162e-03,1.87241565e-03,-9.13661278e-05,6.68823051e-05,-3.80190774e-05
4.08000000e+02,6.60222620e-01,1.95084334e-04,4.71667016e-04,6.77665101e-03,-4.73586983e-03,1.87188166e-03,5.72831287e-01,1.98881648e-04,4.77883371e-04,8.73913311e-02,-3.79731315e-06,-6.21635516e-06,6.86791851e-03,-4.79895016e-03,1.90796499e-03,-9.12675021e-05,6.30803304e-05,-3.60833327e-05
4.09000000e+02,6.60166560e-01,1.90323332e-04,4.76560692e-04,6.80417566e-03,-4.71062036e-03,1.89211847e-03,5.72789489e-01,1.95001332e-04,4.82645786e-04,8.73770675e-02,-4.67800014e-06,-6.08509255e-06,6.89729783e-03,-4.77789172e-03,1.93090810e-03,-9.31221640e-05,6.72713608e-05,-3.87896339e-05
4.10000000e+02,6.60177849e-01,2.03192586e-04,4.76115313e-04,6.84607587e-03,-4.73610036e-03,1.95739262e-03,5.72806999e-01,2.06822469e-04,4.82348754e-04,8.73708499e-02,-3.62988284e-06,-6.23344382e-06,6.93916813e-03,-4.79911018e-03,1.99293788e-03,-9.30922657e-05,6.30098276e-05,-3.55452583e-05
4.11000000e+02,6.60127100e-01,2.09280442e-04,4.76854331e-04,6.86652188e-03,-4.73455400e-03,2.02734083e-03,5.72769590e-01,2.13842977e-04,4.83041820e-04,8.73575107e-02,-4.56253455e-06,-6.18748785e-06,6.96147062e-03,-4.80160679e-03,2.06571970e-03,-9.49487696e-05,6.70527889e-05,-3.83788707e-05
4.12000000e+02,6.60135028e-01,2.15434279e-04,4.73402371e-04,6.90644287e-03,-4.74961271e-03,2.07280578e-03,5.72783031e-01,2.19215654e-04,4.79690309e-04,8.73519973e-02,-3.78137530e-06,-6.28793662e-06,7.00129868e-03,-4.81290522e-03,2.10898745e-03,-9.48558112e-05,6.32925138e-05,-3.61816677e-05
4.13000000e+02,6.60082104e-01,2.10376599e-04,4.80237910e-04,6.92908212e-03,-4.73882890e-03,2.08927705e-03,5.72742575e-01,2.15008527e-04,4.86334318e-04,8.73395256e-02,-4.63192734e-06,-6.09640684e-06,7.02580116e-03,-4.80589322e-03,2.12799188e-03,-9.67190455e-05,6.70643214e-05,-3.87148315e-05
4.14000000e+02,6.60095678e-01,2.23470186e-04,4.80626770e-04,6.96452761e-03,-4.77325400e-03,2.15977327e-03,5.72760634e-01,2.27087850e-04,4.86852532e-04,8.73350405e-02,-3.61766442e-06,-6.22576093e-06,7.06123250e-03,-4.83573929e-03,2.19532511e-03,-9.67049075e-05,6.24852964e-05,-3.55518455e-05
4.15000000e+02,6.60047142e-01,2.28566555e-04,4.82827773e-04,6.97923156e-03,-4.78324443e-03,2.22048754e-03,5.72723664e-01,2.33129436e-04,4.88981120e-04,8.73234787e-02,-4.56288177e-06,-6.15334920e-06,7.07782245e-03,-4.84967585e-03,2.25904216e-03,-9.85908881e-05,6.64314163e-05,-3.85546215e-05
4.16000000e+02,6.60056595e-01,2.33579452e-04,4.81309456e-04,7.01267999e-03,-4.81863615e-03,2.25836993e-03,5.72736845e-01,2.37380206e-04,4.87565574e-04,8.73197483e-02,-3.80075436e-06,-6.25611821e-06,7.11118155e-03,-4.88133133e-03,2.29485193e-03,-9.85015536e-05,6.26951928e-05,-3.64820042e-05
4.17000000e+02,6.60004608e-01,2.28119164e-04,4.88897224e-04,7.02863747e-03,-4.81701060e-03,2.27533288e-03,5.72695553e-01,2.32803683e-04,4.94985319e-04,8.73090557e-02,-4.68451931e-06,-6.08809519e-06,7.12901626e-03,-4.88363519e-03,2.31453707e-03,-1.00378789e-04,6.66245789e-05,-3.92041854e-05
4.18000000e+02,6.60019652e-01,2.41717894e-04,4.90731698e-04,7.05782903e-03,-4.86436961e-03,2.34724571e-03,5.72713254e-01,2.45359338e-04,4.96964988e-04,8.73064009e-02,-3.64144416e-06,-6.23328763e-06,7.15821959e-03,-4.92665242e-03,2.38330895e-03,-1.00390546e-04,6.22827936e-05,-3.60632433e-05
4.19000000e+02,6.59973303e-01,2.45610161e-04,4.94341696e-04,7.07008445e-03,-4.88840077e-03,2.39840048e-03,5.72676657e-01,2.50210236e-04,5.00556759e-04,8.72966419e-02,-4.60007466e-06,-6.21506368e-06,7.17235099e-03,-4.95504797e-03,2.43749480e-03,-1.02266564e-04,6.66471896e-05,-3.90943200e-05
4.20000000e+02,6.59984674e-01,2.51417858e-04,4.91624926e-04,7.10272923e-03,-4.91706402e-03,2.43901693e-03,5.72689982e-01,2.55225742e-04,4.97985589e-04,8.72946902e-02,-3.80788447e-06,-6.36066180e-06,7.20490507e-03,-4.98025503e-03,2.47598887e-03,-1.02175886e-04,6.31909777e-05,-3.69719443e-05
4.21000000e+02,6.59935594e-01,2.47363772e-04,4.99775449e-04,7.11975072e-03,-4.92319156e-03,2.46208609e-03,5.72649845e-01,2.52041669e-04,5.05989077e-04,8.72857478e-02,-4.67789689e-06,-6.21362943e-06,7.22380929e-03,-4.99058293e-03,2.50174166e-03,-1.04058603e-04,6.73913707e-05,-3.96555681e-05
4.22000000e+02,6.59952478e-01,2.60428352e-04,5.01700681e-04,7.15309090e-03,-4.97447928e-03,2.53198448e-03,5.72667655e-01,2.64104732e-04,5.08063554e-04,8.72848219e-02,-3.67637999e-06,-6.36287230e-06,7.25719076e-03,-5.03751443e-03,2.56865506e-03,-1.04099846e-04,6.30351576e-05,-3.66705712e-05
4.23000000e+02,6.59908497e-01,2.64129284e-04,5.04574297e-04,7.16737431e-03,-4.99156209e-03,2.57978665e-03,5.72631693e-01,2.68794318e-04,5.10892906e-04,8.72768020e-02,-4.66503432e-06,-6.31860750e-06,7.27341584e-03,-5.05887594e-03,2.61982249e-03,-1.06041540e-04,6.73138473e-05,-4.00358451e-05
4.24000000e+02,6.59923156e-01,2.68888278e-04,5.03370585e-04,7.20148064e-03,-5.03119495e-03,2.61246014e-03,5.72646608e-01,2.72779438e-04,5.09821462e-04,8.72765495e-02,-3.89115929e-06,-6.45087581e-06,7.30752762e-03,-5.09499981e-03,2.65048827e-03,-1.06046950e-04,6.38048784e-05,-3.80281289e-05
4.25000000e+02,6.59876449e-01,2.62885107e-04,5.11677399e-04,7.21928652e-03,-5.03545415e-03,2.61838360e-03,5.72607207e-01,2.67653003e-04,5.17937898e-04,8.72692418e-02,-4.76789537e-06,-6.26050189e-06,7.32732137e-03,-5.10330633e-03,2.65914221e-03,-1.08034825e-04,6.78521926e-05,-4.07586103e-05
4.26000000e+02,6.59895881e-01,2.76796541e-04,5.14538185e-04,7.25126177e-03,-5.08879758e-03,2.69159412e-03,5.72625986e-01,2.80495659e-04,5.20941145e-04,8.72698923e-02,-3.69911737e-06,-6.40295750e-06,7.35943327e-03,-5.15235739e-03,2.72881876e-03,-1.08171515e-04,6.35597914e-05,-3.72246398e-05
4.27000000e+02,6.59854196e-01,2.81105736e-04,5.18814019e-04,7.26160976e-03,-5.12134947e-03,2.74651443e-03,5.72590766e-01,2.85771698e-04,5.25224211e-04,8.72634301e-02,-4.66596240e-06,-6.41019005e-06,7.37184932e-03,-5.18929201e-03,2.78683640e-03,-1.10239556e-04,6.79425021e-05,-4.03219724e-05
4.28000000e+02,6.59870387e-01,2.85185267e-04,5.17892462e-04,7.29144940e-03,-5.16479123e-03,2.77227932e-03,5.72605627e-01,2.89067610e-04,5.24423644e-04,8.72647609e-02,-3.88234338e-06,-6.53117993e-06,7.40179823e-03,-5.22909114e-03,2.81064445e-03,-1.10348859e-04,6.42999042e-05,-3.83651317e-05
4.29000000e+02,6.59825357e-01,2.78745594e-04,5.25321699e-04,7.30489011e-03,-5.16818605e-03,2.77462012e-03,5.72566273e-01,2.83572250e-04,5.31673668e-04,8.72590845e-02,-4.82665600e-06,-6.35197178e-06,7.41729524e-03,-5.23636662e-03,2.81619973e-03,-1.12405102e-04,6.81805428e-05,-4.15796100e-05
4.30000000e+02,6.59845832e-01,2.89726977e-04,5.28063577e-04,7.33221835e-03,-5.23128578e-03,2.82666074e-03,5.72584479e-01,2.93527157e-04,5.34516255e-04,8.72613522e-02,-3.80017978e-06,-6.45267840e-06,7.44479401e-03,-5.29487078e-03,2.86496814e-03,-1.12575638e-04,6.35849770e-05,-3.83074050e-05
4.31000000e+02,6.59805967e-01,2.92905669e-04,5.33053928e-04,7.34029850e-03,-5.26585973e-03,2.86892250e-03,5.72549439e-01,2.97666751e-04,5.39444878e-04,8.72565297e-02,-4.76108213e-06,-6.39095178e-06,7.45494432e-03,-5.33369028e-03,2.91051237e-03,-1.14645833e-04,6.78305321e-05,-4.15898728e-05
4.32000000e+02,6.59823910e-01,2.95902434e-04,5.33328392e-04,7.36671104e-03,-5.31870675e-03,2.87960861e-03,5.72564479e-01,2.99882320e-04,5.39892672e-04,8.72594339e-02,-3.97988574e-06,-6.56428107e-06,7.48146097e-03,-5.38324353e-03,2.91926860e-03,-1.14749902e-04,6.45367534e-05,-3.96599917e-05
4.33000000e+02,6.59780793e-01,2.89257933e-04,5.42470895e-04,7.37616391e-03,-5.33362030e-03,2.87784851e-03,5.72525467e-01,2.94173164e-04,5.48860810e-04,8.72553265e-02,-4.91523104e-06,-6.38991375e-06,7.49298739e-03,-5.40242357e-03,2.92060795e-03,-1.16823460e-04,6.88032780e-05,-4.27594317e-05
4.34000000e+02,6.59803372e-01,2.99634788e-04,5.45874202e-04,7.39875958e-03,-5.40232826e-03,2.92058624e-03,5.72544207e-01,3.03550783e-04,5.52416607e-04,8.72591670e-02,-3.91599476e-06,-6.54240635e-06,7.51577325e-03,-5.46693171e-03,2.96046924e-03,-1.17013687e-04,6.46034568e-05,-3.98829923e-05
4.35000000e+02,6.59765200e-01,3.01231863e-04,5.50203272e-04,7.40285213e-03,-5.43904930e-03,2.94592109e-03,5.72509252e-01,3.06145383e-04,5.56772065e-04,8.72559477e-02,-4.91351983e-06,-6.56879193e-06,7.52193795e-03,-5.50818913e-03,2.98937984e-03,-1.19085823e-04,6.91398285e-05,-4.34587508e-05
4.36000000e+02,6.59784835e-01,3.03378052e-04,5.49887543e-04,7.42672359e-03,-5.48668334e-03,2.94957419e-03,5.72524381e-01,3.07531399e-04,5.56581730e-04,8.72604555e-02,-4.15334758e-06,-6.69418510e-06,7.54590740e-03,-5.55248740e-03,2.99118924e-03,-1.19183775e-04,6.58040569e-05,-4.16150532e-05
4.37000000e+02,6.59742282e-01,2.95790257e-04,5.58665575e-04,7.43381730e-03,-5.49847460e-03,2.94285736e-03,5.72484264e-01,3.00883831e-04,5.65218943e-04,8.72580174e-02,-5.09357394e-06,-6.55336697e-06,7.55505662e-03,-5.56872951e-03,2.98756188e-03,-1.21239322e-04,7.02549008e-05,-4.47045217e-05
4.38000000e+02,6.59764504e-01,3.06624598e-04,5.61539526e-04,7.45334918e-03,-5.56160827e-03,2.99205123e-03,5.72500996e-01,3.10700624e-04,5.68238000e-04,8.72635051e-02,-4.07602580e-06,-6.69847086e-06,7.57474207e-03,-5.62762907e-03,3.03366131e-03,-1.21392912e-04,6.60207999e-05,-4.16100792e-05
4.39000000e+02,6.59725748e-01,3.09383733e-04,5.65651581e-04,7.45487745e-03,-5.59460168e-03,3.03025775e-03,5.72463816e-01,3.14459144e-04,5.72341609e-04,8.72619350e-02,-5.07541154e-06,-6.69002916e-06,7.57832926e-03,-5.66512852e-03,3.07546117e-03,-1.23451785e-04,7.05268604e-05,-4.52034208e-05
4.40000000e+02,6.59744830e-01,3.12337588e-04,5.65556917e-04,7.47611831e-03,-5.64713508e-03,3.04036866e-03,5.72476690e-01,3.16614545e-04,5.72404885e-04,8.72681385e-02,-4.27695746e-06,-6.84797209e-06,7.59964661e-03,-5.71443867e-03,3.08343947e-03,-1.23528316e-04,6.73036059e-05,-4.30708087e-05
4.41000000e+02,6.59702484e-01,3.05398975e-04,5.75673357e-04,7.48020405e-03,-5.66678960e-03,3.04583209e-03,5.72435102e-01,3.10593640e-04,5.82388777e-04,8.72673858e-02,-5.19466551e-06,-6.71541846e-06,7.60578301e-03,-5.73869567e-03,3.09175849e-03,-1.25578966e-04,7.19060980e-05,-4.59264013e-05
4.42000000e+02,6.59726437e-01,3.17916310e-04,5.79838577e-04,7.49861969e-03,-5.73507283e-03,3.10902962e-03,5.72451822e-01,3.22044604e-04,5.86743683e-04,8.72746171e-02,-4.12829366e-06,-6.90510289e-06,7.62434074e-03,-5.80321446e-03,3.15163326e-03,-1.25721051e-04,6.81416257e-05,-4.26036428e-05
4.43000000e+02,6.59689545e-01,3.21295070e-04,5.83351708e-04,7.50017461e-03,-5.76619075e-03,3.15318166e-03,5.72414759e-01,3.26444812e-04,5.90317220e-04,8.72747848e-02,-5.14974200e-06,-6.96551182e-06,7.62794539e-03,-5.83921763e-03,3.19936654e-03,-1.27770781e-04,7.30268555e-05,-4.61848757e-05
4.44000000e+02,6.59709008e-01,3.25620938e-04,5.83407496e-04,7.52043938e-03,-5.81923948e-03,3.17993537e-03,5.72426364e-01,3.29991885e-04,5.90507030e-04,8.72826441e-02,-4.37094743e-06,-7.09953386e-06,7.64826229e-03,-5.88898276e-03,3.22413706e-03,-1.27822890e-04,6.97432744e-05,-4.42016908e-05
4.45000000e+02,6.59667062e-01,3.19468469e-04,5.93636122e-04,7.52479020e-03,-5.83946039e-03,3.18684151e-03,5.72383508e-01,3.24796813e-04,6.00603030e-04,8.72835521e-02,-5.32834419e-06,-6.96690689e-06,7.65466269e-03,-5.91374472e-03,3.23451698e-03,-1.29872488e-04,7.42843359e-05,-4.76754634e-05
4.46000000e+02,6.59690393e-01,3.30955735e-04,5.97432864e-04,7.54265069e-03,-5.90771551e-03,3.23997671e-03,5.72398027e-01,3.35313104e-04,6.04615239e-04,8.72923684e-02,-4.35736891e-06,-7.18237157e-06,7.67264067e-03,-5.97829512e-03,3.28509624e-03,-1.29990003e-04,7.05795877e-05,-4.51195304e-05
4.47000000e+02,6.59652656e-01,3.34342685e-04,6.00351107e-04,7.54190632e-03,-5.93289705e-03,3.28003982e-03,5.72358520e-01,3.39734609e-04,6.07568911e-04,8.72941358e-02,-5.39192383e-06,-7.21780306e-06,7.67392468e-03,-6.00850673e-03,3.32901174e-03,-1.32018365e-04,7.56096771e-05,-4.89719252e-05
4.48000000e+02,6.59671066e-01,3.37516703e-04,6.00081311e-04,7.55951914e-03,-5.98677719e-03,3.29550150e-03,5.72367503e-01,3.42133826e-04,6.07453659e-04,8.73035621e-02,-4.61712247e-06,-7.37234976e-06,7.69158175e-03,-6.05915390e-03,3.34245510e-03,-1.32062621e-04,7.23767118e-05,-4.69536075e-05
4.49000000e+02,6.59628980e-01,3.31083262e-04,6.10679314e-04,7.56173027e-03,-6.00668089e-03,3.30066365e-03,5.72322912e-01,3.36646537e-04,6.17889722e-04,8.73060679e-02,-5.56327527e-06,-7.21041047e-06,7.69580637e-03,-6.08349483e-03,3.35082952e-03,-1.34076083e-04,7.68139424e-05,-5.01658636e-05
4.50000000e+02,6.59651976e-01,3.44317290e-04,6.16128014e-04,7.57895167e-03,-6.08493610e-03,3.36722854e-03,5.72335521e-01,3.48823096e-04,6.23507353e-04,8.73164543e-02,-4.50580590e-06,-7.37933811e-06,7.71310223e-03,-6.15768584e-03,3.41417322e-03,-1.34150556e-04,7.27497573e-05,-4.69446784e-05
4.51000000e+02,6.59613169e-01,3.48493888e-04,6.20332192e-04,7.57950653e-03,-6.12450079e-03,3.41910458e-03,5.72293427e-01,3.54022881e-04,6.27769629e-04,8.73197459e-02,-5.52899271e-06,-7.43743803e-06,7.71563397e-03,-6.20215427e-03,3.46965599e-03,-1.36127456e-04,7.76534541e-05,-5.05514121e-05
4.52000000e+02,6.59630773e-01,3.52951548e-04,6.21414152e-04,7.60146535e-03,-6.19020078e-03,3.44683818e-03,5.72300041e-01,3.57701868e-04,6.29003157e-04,8.73307315e-02,-4.75032003e-06,-7.58900679e-06,7.73758554e-03,-6.26479756e-03,3.49538712e-03,-1.36120221e-04,7.45967999e-05,-4.85489363e-05
4.53000000e+02,6.59588189e-01,3.47008188e-04,6.31987443e-04,7.60849856e-03,-6.21638749e-03,3.45580403e-03,5.72253399e-01,3.52711702e-04,6.39472195e-04,8.73347895e-02,-5.70351338e-06,-7.48475470e-06,7.74659928e-03,-6.29566630e-03,3.50774808e-03,-1.38100740e-04,7.92788315e-05,-5.19440495e-05
4.54000000e+02,6.59610894e-01,3.59632174e-04,6.37754996e-04,7.63067316e-03,-6.30355218e-03,3.51858118e-03,5.72264113e-01,3.64322744e-04,6.45426243e-04,8.73467807e-02,-4.69057040e-06,-7.67124749e-06,7.76885752e-03,-6.37886328e-03,3.56758433e-03,-1.38184350e-04,7.53111265e-05,-4.90031506e-05
4.55000000e+02,6.59572469e-01,3.63361455e-04,6.42150050e-04,7.63399123e-03,-6.34514048e-03,3.56632150e-03,5.72220747e-01,3.69094775e-04,6.49857804e-04,8.73517207e-02,-5.73332017e-06,-7.70775384e-06,7.77419094e-03,-6.42547027e-03,3.61917327e-03,-1.40199750e-04,8.03297787e-05,-5.28517687e-05
4.56000000e+02,6.59591539e-01,3.67227334e-04,6.43508446e-04,7.65600185e-03,-6.41365427e-03,3.58893393e-03,5.72227194e-01,3.72199801e-04,6.51366481e-04,8.73643461e-02,-4.97246750e-06,-7.85803754e-06,7.79622397e-03,-6.49098406e-03,3.63996891e-03,-1.40222091e-04,7.73297913e-05,-5.10349774e-05
4.57000000e+02,6.59549745e-01,3.61086559e-04,6.54361551e-04,7.66166590e-03,-6.43884519e-03,3.59516101e-03,5.72179716e-01,3.67021227e-04,6.62112780e-04,8.73700295e-02,-5.93466794e-06,-7.75123182e-06,7.80388898e-03,-6.52106613e-03,3.64960860e-03,-1.42223057e-04,8.22209213e-05,-5.44475892e-05
4.58000000e+02,6.59572967e-01,3.72740623e-04,6.59925090e-04,7.68189790e-03,-6.52519821e-03,3.65124844e-03,5.72189422e-01,3.77673189e-04,6.67895038e-04,8.73835426e-02,-4.93256654e-06,-7.96994999e-06,7.82419518e-03,-6.60355934e-03,3.70280136e-03,-1.42297322e-04,7.83611302e-05,-5.15529207e-05
4.59000000e+02,6.59535394e-01,3.75982989e-04,6.65486326e-04,7.68417958e-03,-6.57522215e-03,3.69758724e-03,5.72145419e-01,3.81929579e-04,6.73461682e-04,8.73899733e-02,-5.94659069e-06,-7.97535765e-06,7.82845988e-03,-6.65830781e-03,3.75268345e-03,-1.44280317e-04,8.30856736e-05,-5.50962151e-05
4.60000000e+02,6.59553748e-01,3.80211119e-04,6.68602156e-04,7.70617896e-03,-6.66016642e-03,3.72374767e-03,5.72149702e-01,3.85356730e-04,6.76708072e-04,8.74040467e-02,-5.14561064e-06,-8.10591768e-06,7.85044204e-03,-6.73989034e-03,3.77681625e-03,-1.44263081e-04,7.97239262e-05,-5.30685806e-05
4.61000000e+02,6.59511674e-01,3.75449564e-04,6.81009563e-04,7.71240707e-03,-6.70914765e-03,3.74113399e-03,5.72100481e-01,3.81578666e-04,6.89011334e-04,8.74111932e-02,-6.12910237e-06,-8.00177393e-06,7.85864178e-03,-6.79361750e-03,3.79764010e-03,-1.46234708e-04,8.44698116e-05,-5.65061047e-05
4.62000000e+02,6.59534717e-01,3.87744106e-04,6.87570447e-04,7.73270063e-03,-6.80955664e-03,3.80379126e-03,5.72108515e-01,3.92877370e-04,6.95795847e-04,8.74262010e-02,-5.13326400e-06,-8.22539908e-06,7.87898897e-03,-6.89027969e-03,3.85737592e-03,-1.46288305e-04,8.07230617e-05,-5.35846600e-05
4.63000000e+02,6.59498140e-01,3.91924056e-04,6.94816114e-04,7.73342759e-03,-6.87587739e-03,3.85479840e-03,5.72063955e-01,3.98057468e-04,7.03045253e-04,8.74341852e-02,-6.13341443e-06,-8.22914085e-06,7.88169714e-03,-6.96141066e-03,3.91215474e-03,-1.48269533e-04,8.55332667e-05,-5.73563382e-05
4.64000000e+02,6.59518218e-01,3.94442950e-04,6.99606991e-04,7.75312199e-03,-6.97518915e-03,3.86653385e-03,5.72068421e-01,3.99820924e-04,7.07976482e-04,8.74497975e-02,-5.37797394e-06,-8.36948910e-06,7.90136946e-03,-7.05752271e-03,3.92199347e-03,-1.48247456e-04,8.23335484e-05,-5.54596125e-05
4.65000000e+02,6.59476859e-01,3.87748152e-04,7.13796679e-04,7.75806832e-03,-7.03810361e-03,3.87318993e-03,5.72018368e-01,3.94084062e-04,7.22061135e-04,8.74584944e-02,-6.33591091e-06,-8.26445560e-06,7.90826642e-03,-7.12526281e-03,3.93188984e-03,-1.50198099e-04,8.71591961e-05,-5.86999028e-05
4.66000000e+02,6.59500680e-01,4.01458819e-04,7.21266590e-04,7.77854628e-03,-7.14368759e-03,3.94303964e-03,5.72025643e-01,4.06718844e-04,7.29724372e-04,8.74750362e-02,-5.26002895e-06,-8.45778209e-06,7.92876456e-03,-7.22710442e-03,3.99844519e-03,-1.50218287e-04,8.34167923e-05,-5.54055425e-05
4.67000000e+02,6.59463632e-01,4.06748858e-04,7.28747491e-04,7.78287356e-03,-7.20936400e-03,4.00446711e-03,5.71979122e-01,4.13035170e-04,7.37264165e-04,8.74845134e-02,-6.28631228e-06,-8.51667666e-06,7.93504640e-03,-7.29779869e-03,4.06356764e-03,-1.52172810e-04,8.84346586e-05,-5.91005376e-05
4.68000000e+02,6.59482598e-01,4.11745255e-04,7.33375109e-04,7.80742127e-03,-7.30561109e-03,4.03745271e-03,5.71981009e-01,4.17294124e-04,7.42035762e-04,8.75015901e-02,-5.54886729e-06,-8.66065336e-06,7.95955909e-03,-7.39084919e-03,4.09483793e-03,-1.52137794e-04,8.52380803e-05,-5.73852148e-05
4.69000000e+02,6.59440224e-01,4.05492821e-04,7.46065088e-04,7.81673442e-03,-7.35947543e-03,4.04960910e-03,5.71928547e-01,4.12024539e-04,7.54642639e-04,8.75116743e-02,-6.53172085e-06,-8.57755099e-06,7.97083512e-03,-7.44955147e-03,4.11040879e-03,-1.54100723e-04,9.00760191e-05,-6.07996910e-05
4.70000000e+02,6.59462325e-01,4.17856839e-04,7.52494393e-04,7.84031848e-03,-7.45566247e-03,4.11162809e-03,5.71932714e-01,4.23359794e-04,7.61268885e-04,8.75296135e-02,-5.50295598e-06,-8.77449193e-06,7.99447544e-03,-7.54210463e-03,4.16955520e-03,-1.54156965e-04,8.64421749e-05,-5.79271096e-05
4.71000000e+02,6.59424227e-01,4.23136087e-04,7.59763741e-04,7.84634697e-03,-7.51522539e-03,4.16680394e-03,5.71883734e-01,4.29631983e-04,7.68563703e-04,8.75404924e-02,-6.49589343e-06,-8.79996048e-06,8.00248450e-03,-7.60664856e-03,4.22849932e-03,-1.56137547e-04,9.14231608e-05,-6.16953827e-05
4.72000000e+02,6.59441838e-01,4.28946683e-04,7.63196400e-04,7.86983893e-03,-7.59966169e-03,4.20676692e-03,5.71882867e-01,4.34707599e-04,7.72193373e-04,8.75589712e-02,-5.76091810e-06,-8.99697425e-06,8.02595920e-03,-7.68814745e-03,4.26661547e-03,-1.56120260e-04,8.84857506e-05,-5.98485531e-05
4.73000000e+02,6.59398333e-01,4.24643157e-04,7.75184144e-04,7.87740614e-03,-7.63786305e-03,4.23214302e-03,5.71827830e-01,4.31409954e-04,7.84106734e-04,8.75705018e-02,-6.76679536e-06,-8.92258960e-06,8.03549716e-03,-7.73156314e-03,4.29552662e-03,-1.58091007e-04,9.37000902e-05,-6.33835961e-05
4.74000000e+02,6.59419267e-01,4.37347927e-04,7.81015530e-04,7.89952660e-03,-7.72280081e-03,4.29591921e-03,5.71829429e-01,4.43098510e-04,7.90171777e-04,8.75898380e-02,-5.75058445e-06,-9.15624491e-06,8.05764019e-03,-7.81310288e-03,4.35651071e-03,-1.58113589e-04,9.03020721e-05,-6.05914976e-05
4.75000000e+02,6.59379702e-01,4.41858225e-04,7.84657362e-04,7.90381459e-03,-7.75613881e-03,4.34292906e-03,5.71777621e-01,4.48612093e-04,7.93904488e-04,8.76020774e-02,-6.75386754e-06,-9.24712600e-06,8.06387730e-03,-7.85162461e-03,4.40728015e-03,-1.60062710e-04,9.54858073e-05,-6.43510871e-05
4.76000000e+02,6.59395193e-01,4.45762737e-04,7.84717215e-04,7.92566541e-03,-7.81280648e-03,4.36869088e-03,5.71773342e-01,4.51814118e-04,7.94149164e-04,8.76218493e-02,-6.05138051e-06,-9.43194776e-06,8.08567608e-03,-7.90532911e-03,4.43145720e-03,-1.60010688e-04,9.25226192e-05,-6.27663181e-05
4.77000000e+02,6.59349653e-01,4.37979762e-04,7.93875458e-04,7.93235895e-03,-7.82766547e-03,4.36716270e-03,5.71715030e-01,4.45038907e-04,8.03180866e-04,8.76346217e-02,-7.05914466e-06,-9.30540671e-06,8.09431980e-03,-7.92477457e-03,4.43351980e-03,-1.61960812e-04,9.71091112e-05,-6.63570985e-05
4.78000000e+02,6.59368692e-01,4.49730891e-04,7.98369269e-04,7.95390102e-03,-7.90302685e-03,4.41797527e-03,5.71713528e-01,4.55760194e-04,8.07844789e-04,8.76551666e-02,-6.02930411e-06,-9.47551923e-06,8.11587228e-03,-7.99618224e-03,4.48152440e-03,-1.61971274e-04,9.31553691e-05,-6.35491265e-05
4.79000000e+02,6.59328295e-01,4.52349784e-04,8.02998910e-04,7.95662105e-03,-7.94252681e-03,4.44702725e-03,5.71659678e-01,4.59380233e-04,8.12519621e-04,8.76686179e-02,-7.03044701e-06,-9.52070873e-06,8.12053155e-03,-8.04069637e-03,4.51430035e-03,-1.63910511e-04,9.81695484e-05,-6.72730964e-05
4.80000000e+02,6.59344358e-01,4.53884954e-04,8.03099779e-04,7.97794667e-03,-8.00023097e-03,4.45093487e-03,5.71654780e-01,4.60170798e-04,8.12818458e-04,8.76895748e-02,-6.28584311e-06,-9.71867730e-06,8.14180013e-03,-8.09548102e-03,4.51623935e-03,-1.63853421e-04,9.52500673e-05,-6.53044746e-05
4.81000000e+02,6.59298841e-01,4.45700289e-04,8.12125580e-04,7.98322986e-03,-8.00961201e-03,4.44547749e-03,5.71595281e-01,4.52942793e-04,8.21726965e-04,8.77035606e-02,-7.24250440e-06,-9.60138582e-06,8.14903423e-03,-8.10966566e-03,4.51389601e-03,-1.65804357e-04,1.00053642e-04,-6.84185197e-05
4.82000000e+02,6.59317554e-01,4.57582698e-04,8.15591136e-04,8.00261726e-03,-8.07029992e-03,4.49079158e-03,5.71592231e-01,4.63738021e-04,8.25371859e-04,8.77253193e-02,-6.15532246e-06,-9.78072387e-06,8.16844035e-03,-8.16653797e-03,4.55604100e-03,-1.65823116e-04,9.62380283e-05,-6.52494193e-05
4.83000000e+02,6.59277016e-01,4.59635720e-04,8.18532585e-04,8.00276743e-03,-8.09638840e-03,4.51784083e-03,5.71536976e-01,4.66828388e-04,8.28355242e-04,8.77400404e-02,-7.19267041e-06,-9.82265664e-06,8.17054625e-03,-8.19729978e-03,4.58674195e-03,-1.67778829e-04,1.00911382e-04,-6.89011280e-05
4.84000000e+02,6.59291037e-01,4.60937270e-04,8.18036091e-04,8.02000390e-03,-8.15058658e-03,4.52099475e-03,5.71528686e-01,4.67357709e-04,8.28017287e-04,8.77623527e-02,-6.42043812e-06,-9.98119507e-06,8.18774012e-03,-8.24827903e-03,4.58783348e-03,-1.67736247e-04,9.76924683e-05,-6.68387347e-05
4.85000000e+02,6.59244205e-01,4.52167844e-04,8.25985938e-04,8.02039843e-03,-8.15275569e-03,4.50915390e-03,5.71466452e-01,4.59537663e-04,8.35837691e-04,8.77777554e-02,-7.36981893e-06,-9.85175274e-06,8.19007307e-03,-8.25501765e-03,4.57910453e-03,-1.69674647e-04,1.02261942e-04,-6.99506270e-05
4.86000000e+02,6.59262552e-01,4.61822328e-04,8.28774065e-04,8.03444589e-03,-8.20729807e-03,4.53811256e-03,5.71461562e-01,4.68125582e-04,8.38790935e-04,8.78009897e-02,-6.30325331e-06,-1.00168673e-05,8.20410025e-03,-8.30556255e-03,4.60487983e-03,-1.69654327e-04,9.82644831e-05,-6.67672661e-05
4.87000000e+02,6.59220019e-01,4.63633320e-04,8.31598297e-04,8.03089571e-03,-8.22786035e-03,4.55648958e-03,5.71402860e-01,4.70915257e-04,8.41616529e-04,8.78171568e-02,-7.28193700e-06,-1.00182318e-05,8.20244607e-03,-8.33071992e-03,4.62682671e-03,-1.71550356e-04,1.02859560e-04,-7.03371369e-05
4.88000000e+02,6.59233666e-01,4.64070023e-04,8.30646707e-04,8.04680777e-03,-8.27661934e-03,4.55129393e-03,5.71392780e-01,4.70595241e-04,8.40822218e-04,8.78408868e-02,-6.52521844e-06,-1.01755113e-05,8.21824779e-03,-8.37625303e-03,4.61946690e-03,-1.71440015e-04,9.96336743e-05,-6.81729828e-05
4.89000000e+02,6.59186974e-01,4.53537483e-04,8.39623481e-04,8.04704872e-03,-8.28370386e-03,4.52674836e-03,5.71329352e-01,4.61018415e-04,8.49662173e-04,8.78576211e-02,-7.48093290e-06,-1.00386937e-05,8.22036866e-03,-8.38783990e-03,4.59797027e-03,-1.73319960e-04,1.04136039e-04,-7.12219113e-05
4.90000000e+02,6.59204551e-01,4.63610635e-04,8.42163092e-04,8.06057926e-03,-8.33219519e-03,4.55859403e-03,5.71322610e-01,4.69994318e-04,8.52366905e-04,8.78819408e-02,-6.38368379e-06,-1.02038133e-05,8.23384040e-03,-8.43234042e-03,4.62641634e-03,-1.73261150e-04,1.00145211e-04,-6.78223196e-05
4.91000000e+02,6.59161687e-01,4.64206547e-04,8.44443859e-04,8.05517114e-03,-8.35095221e-03,4.56954215e-03,5.71262392e-01,4.71573686e-04,8.54673313e-04,8.78992926e-02,-7.36713922e-06,-1.02294543e-05,8.23032289e-03,-8.45561870e-03,4.64075400e-03,-1.75151785e-04,1.04666449e-04,-7.12118514e-05
4.92000000e+02,6.59175042e-01,4.64627821e-04,8.43243154e-04,8.06812376e-03,-8.39577781e-03,4.56204498e-03,5.71250833e-01,4.71187908e-04,8.53590770e-04,8.79242091e-02,-6.56008801e-06,-1.03476159e-05,8.24314611e-03,-8.49697834e-03,4.63081291e-03,-1.75022339e-04,1.01200511e-04,-6.87679274e-05
4.93000000e+02,6.59126923e-01,4.55242440e-04,8.51814340e-04,8.06618218e-03,-8.39716983e-03,4.54488005e-03,5.71184791e-01,4.62743068e-04,8.62032415e-04,8.79421299e-02,-7.50063120e-06,-1.02180727e-05,8.24308280e-03,-8.50290680e-03,4.61667556e-03,-1.76900621e-04,1.05736972e-04,-7.17955061e-05
4.94000000e+02,6.59143943e-01,4.63993045e-04,8.53725104e-04,8.07814534e-03,-8.44298655e-03,4.56585929e-03,5.71176403e-01,4.70425419e-04,8.64158054e-04,8.79675413e-02,-6.43237195e-06,-1.04329508e-05,8.25497977e-03,-8.54492561e-03,4.63438867e-03,-1.76834439e-04,1.01939066e-04,-6.85293766e-05
4.95000000e+02,6.59100383e-01,4.63113764e-04,8.53643527e-04,8.07376092e-03,-8.44011960e-03,4.56322569e-03,5.71114535e-01,4.70540254e-04,8.64108161e-04,8.79858466e-02,-7.42649145e-06,-1.04646324e-05,8.25246189e-03,-8.54679974e-03,4.63524536e-03,-1.78700990e-04,1.06680136e-04,-7.20196645e-05
4.96000000e+02,6.59111855e-01,4.60647015e-04,8.49740092e-04,8.08868439e-03,-8.46273638e-03,4.52842800e-03,5.71100180e-01,4.67271312e-04,8.60346276e-04,8.80116773e-02,-6.62429423e-06,-1.06061819e-05,8.26723485e-03,-8.56606094e-03,4.59806644e-03,-1.78550463e-04,1.03324556e-04,-6.96384398e-05
4.97000000e+02,6.59063078e-01,4.49393337e-04,8.56787818e-04,8.08845758e-03,-8.45139996e-03,4.49067358e-03,5.71032511e-01,4.56926980e-04,8.67209923e-04,8.80305661e-02,-7.53364080e-06,-1.04221056e-05,8.26886466e-03,-8.55889614e-03,4.56302500e-03,-1.80407083e-04,1.07496188e-04,-7.23514183e-05
4.98000000e+02,6.59078441e-01,4.58436516e-04,8.58661779e-04,8.10218545e-03,-8.49210291e-03,4.51680066e-03,5.71021334e-01,4.64851104e-04,8.69218046e-04,8.80571080e-02,-6.41458723e-06,-1.05562680e-05,8.28247820e-03,-8.59528237e-03,4.58529434e-03,-1.80292771e-04,1.03179442e-04,-6.84936807e-05
4.99000000e+02,6.59032687e-01,4.59282686e-04,8.58547014e-04,8.09945350e-03,-8.48609077e-03,4.53102546e-03,5.70956210e-01,4.66632708e-04,8.69121861e-04,8.80764761e-02,-7.35001952e-06,-1.05748485e-05,8.28158950e-03,-8.59381454e-03,4.60253062e-03,-1.82136013e-04,1.07723754e-04,-7.15051646e-05
5.00000000e+02,6.59042712e-01,4.60342646e-04,8.54236486e-04,8.11517099e-03,-8.50406806e-03,4.52228912e-03,5.70939251e-01,4.66847922e-04,8.64953459e-04,8.81034588e-02,-6.50527376e-06,-1.07169734e-05,8.29715517e-03,-8.60830846e-03,4.59119294e-03,-1.81984181e-04,1.04240404e-04,-6.89038128e-05
5.01000000e+02,6.58992433e-01,4.48780884e-04,8.59627204e-04,8.11552681e-03,-8.48195941e-03,4.48457695e-03,5.70869003e-01,4.56246713e-04,8.70216205e-04,8.81234299e-02,-7.46583092e-06,-1.05890001e-05,8.29935312e-03,-8.59067683e-03,4.55635583e-03,-1.83826282e-04,1.08717407e-04,-7.17788792e-05
5.02000000e+02,6.59007563e-01,4.57088223e-04,8.59200122e-04,8.13090395e-03,-8.50615708e-03,4.50398152e-03,5.70856442e-01,4.63421109e-04,8.69943569e-04,8.81511225e-02,-6.33288678e-06,-1.07434461e-05,8.31461661e-03,-8.61065648e-03,4.57194303e-03,-1.83712662e-04,1.04499383e-04,-6.79615113e-05
5.03000000e+02,6.58961299e-01,4.57631397e-04,8.58347459e-04,8.12794534e-03,-8.49395574e-03,4.51164559e-03,5.70789446e-01,4.64903888e-04,8.69060627e-04,8.81718515e-02,-7.27249081e-06,-1.07131689e-05,8.31350742e-03,-8.60271774e-03,4.58271541e-03,-1.85562075e-04,1.08762035e-04,-7.10698221e-05
5.04000000e+02,6.58971523e-01,4.57593458e-04,8.53905293e-04,8.14413093e-03,-8.50714494e-03,4.49607767e-03,5.70771601e-01,4.64053528e-04,8.64700108e-04,8.81999215e-02,-6.46007154e-06,-1.07948149e-05,8.32951017e-03,-8.61223164e-03,4.56458337e-03,-1.85379250e-04,1.05086726e-04,-6.85056985e-05
5.05000000e+02,6.58920567e-01,4.46739739e-04,8.59451022e-04,8.14304840e-03,-8.47869989e-03,4.46128019e-03,5.70699559e-01,4.54113920e-04,8.70089566e-04,8.82210099e-02,-7.37418056e-06,-1.06385462e-05,8.33026684e-03,-8.58803703e-03,4.53255918e-03,-1.87218457e-04,1.09337168e-04,-7.12789881e-05
5.06000000e+02,6.58934343e-01,4.54260345e-04,8.59396347e-04,8.15655092e-03,-8.49886993e-03,4.47268355e-03,5.70684593e-01,4.60521602e-04,8.70170256e-04,8.82497475e-02,-6.26125580e-06,-1.07739071e-05,8.34366972e-03,-8.60387721e-03,4.54019413e-03,-1.87118807e-04,1.05007284e-04,-6.75105836e-05
5.07000000e+02,6.58886807e-01,4.53505213e-04,8.57692468e-04,8.15127332e-03,-8.47541750e-03,4.47245474e-03,5.70615520e-01,4.60739322e-04,8.68467458e-04,8.82712891e-02,-7.23410992e-06,-1.07749880e-05,8.34023717e-03,-8.58467173e-03,4.54316006e-03,-1.88963865e-04,1.09254220e-04,-7.07053272e-05
5.08000000e+02,6.58894754e-01,4.52624088e-04,8.52106416e-04,8.16427116e-03,-8.47780608e-03,4.44737447e-03,5.70594594e-01,4.59010630e-04,8.62999832e-04,8.83001610e-02,-6.38654362e-06,-1.08934184e-05,8.35306180e-03,-8.58346232e-03,4.51534561e-03,-1.88790622e-04,1.05656246e-04,-6.79711317e-05
5.09000000e+02,6.58842332e-01,4.40848637e-04,8.55430924e-04,8.16060767e-03,-8.43277672e-03,4.40641882e-03,5.70520362e-01,4.48133141e-04,8.66196087e-04,8.83219667e-02,-7.28450544e-06,-1.07651610e-05,8.35123912e-03,-8.54282220e-03,4.47698224e-03,-1.90631407e-04,1.10045498e-04,-7.05634209e-05
5.10000000e+02,6.58855361e-01,4.48117766e-04,8.52785367e-04,8.17100414e-03,-8.43778763e-03,4.41579849e-03,5.70503867e-01,4.54252840e-04,8.63693804e-04,8.83514925e-02,-6.13507316e-06,-1.09084366e-05,8.36152170e-03,-8.54349688e-03,4.48224206e-03,-1.90517571e-04,1.05709273e-04,-6.64435707e-05
5.11000000e+02,6.58807934e-01,4.49701877e-04,8.49888871e-04,8.16274240e-03,-8.40298619e-03,4.43014128e-03,5.70433923e-01,4.56747600e-04,8.60735292e-04,8.83740118e-02,-7.04572308e-06,-1.08464206e-05,8.35507651e-03,-8.51271519e-03,4.49948224e-03,-1.92334114e-04,1.09728986e-04,-6.93409614e-05
5.12000000e+02,6.58816979e-01,4.49660573e-04,8.43315969e-04,8.17300198e-03,-8.39521216e-03,4.40957943e-03,5.70413055e-01,4.55869762e-04,8.54239275e-04,8.84039243e-02,-6.20919031e-06,-1.09233084e-05,8.36512329e-03,-8.50100111e-03,4.47622132e-03,-1.92121298e-04,1.05788922e-04,-6.66418880e-05
5.13000000e+02,6.58765280e-01,4.37641329e-04,8.46504533e-04,8.16700336e-03,-8.34943347e-03,4.36908386e-03,5.70338446e-01,4.44813099e-04,8.57233306e-04,8.84268326e-02,-7.17176812e-06,-1.07287737e-05,8.36089394e-03,-8.45908286e-03,4.43866137e-03,-1.93890596e-04,1.09649407e-04,-6.95775116e-05
5.14000000e+02,6.58777266e-01,4.44456471e-04,8.44532119e-04,8.17502423e-03,-8.35828498e-03,4.36839254e-03,5.70319799e-01,4.50485152e-04,8.55366838e-04,8.84574648e-02,-6.02868255e-06,-1.08347179e-05,8.36873071e-03,-8.46334065e-03,4.43420338e-03,-1.93706477e-04,1.05055637e-04,-6.58108368e-05
5.15000000e+02,6.58728971e-01,4.43447155e-04,8.42463318e-04,8.16476397e-03,-8.32962673e-03,4.36042075e-03,5.70247945e-01,4.50456320e-04,8.53255955e-04,8.84810279e-02,-7.00916828e-06,-1.07926383e-05,8.36021765e-03,-8.43861720e-03,4.42937219e-03,-1.95453672e-04,1.08990449e-04,-6.89514341e-05
5.16000000e+02,6.58735853e-01,4.41167023e-04,8.36128646e-04,8.17419106e-03,-8.32524504e-03,4.32478047e-03,5.70223859e-01,4.47347583e-04,8.47004349e-04,8.85119919e-02,-6.18055794e-06,-1.08757035e-05,8.36936070e-03,-8.43037890e-03,4.39098321e-03,-1.95169609e-04,1.05133847e-04,-6.62027363e-05
5.17000000e+02,6.58681968e-01,4.27884031e-04,8.39324251e-04,8.16906855e-03,-8.28256948e-03,4.27193714e-03,5.70145955e-01,4.34984129e-04,8.50010269e-04,8.85360121e-02,-7.10009881e-06,-1.06860181e-05,8.36596268e-03,-8.39153748e-03,4.34079400e-03,-1.96894110e-04,1.08967992e-04,-6.88568631e-05
5.18000000e+02,6.58692966e-01,4.34885154e-04,8.37254948e-04,8.17979195e-03,-8.28663903e-03,4.27797921e-03,5.70125340e-01,4.40800307e-04,8.48036124e-04,8.85676262e-02,-5.91515307e-06,-1.07811784e-05,8.37646102e-03,-8.39097051e-03,4.34250378e-03,-1.96669043e-04,1.04331510e-04,-6.45245698e-05
5.19000000e+02,6.58643251e-01,4.33852430e-04,8.34810744e-04,8.17421402e-03,-8.25408368e-03,4.27201195e-03,5.70051093e-01,4.40695688e-04,8.45534996e-04,8.85921568e-02,-6.84325508e-06,-1.07242511e-05,8.37258560e-03,-8.36235895e-03,4.33948135e-03,-1.98371582e-04,1.08275273e-04,-6.74694018e-05
5.20000000e+02,6.58649386e-01,4.30721759e-04,8.28163899e-04,8.18860266e-03,-8.24422388e-03,4.22738298e-03,5.70025304e-01,4.36718788e-04,8.38984138e-04,8.86240833e-02,-5.99702924e-06,-1.08202375e-05,8.38667216e-03,-8.34864766e-03,4.29204284e-03,-1.98069470e-04,1.04423787e-04,-6.46598644e-05
5.21000000e+02,6.58594758e-01,4.18060324e-04,8.31299562e-04,8.18750291e-03,-8.19481924e-03,4.17679928e-03,5.69945750e-01,4.24954879e-04,8.41908022e-04,8.86490104e-02,-6.89455511e-06,-1.06084621e-05,8.38727745e-03,-8.30311061e-03,4.24398207e-03,-1.99774509e-04,1.08291344e-04,-6.71827888e-05
5.22000000e+02,6.58605460e-01,4.24807322e-04,8.28774854e-04,8.20147835e-03,-8.19087258e-03,4.17865600e-03,5.69923964e-01,4.30543437e-04,8.39485564e-04,8.86814979e-02,-5.73611652e-06,-1.07107111e-05,8.40102215e-03,-8.29459513e-03,4.24171221e-03,-1.99543839e-04,1.03722556e-04,-6.30562122e-05
5.23000000e+02,6.58556302e-01,4.23323446e-04,8.24677696e-04,8.19725445e-03,-8.13827669e-03,4.16861528e-03,5.69849429e-01,4.30015890e-04,8.35367877e-04,8.87068738e-02,-6.69244464e-06,-1.06901815e-05,8.39850869e-03,-8.24608566e-03,4.23465547e-03,-2.01254222e-04,1.07808981e-04,-6.60401879e-05
5.24000000e+02,6.58562433e-01,4.20129012e-04,8.15326818e-04,8.21076232e-03,-8.10601414e-03,4.12561060e-03,5.69822815e-01,4.25967214e-04,8.26126660e-04,8.87396197e-02,-5.83820149e-06,-1.07998442e-05,8.41173266e-03,-8.21012314e-03,4.18866273e-03,-2.00970381e-04,1.04108999e-04,-6.30521263e-05
5.25000000e+02,6.58507657e-01,4.07198042e-04,8.15689819e-04,8.20752585e-03,-8.03423309e-03,4.07489953e-03,5.69742304e-01,4.13925067e-04,8.26287915e-04,8.87653524e-02,-6.72702535e-06,-1.05980924e-05,8.41020298e-03,-8.14205446e-03,4.14043910e-03,-2.02677124e-04,1.07821358e-04,-6.55395649e-05
5.26000000e+02,6.58517714e-01,4.12901221e-04,8.10763445e-04,8.21904857e-03,-8.00905491e-03,4.06893016e-03,5.69719071e-01,4.18459306e-04,8.21427883e-04,8.87986428e-02,-5.55808484e-06,-1.06644381e-05,8.42149369e-03,-8.11200410e-03,4.13030425e-03,-2.02445100e-04,1.02949168e-04,-6.13740901e-05
5.27000000e+02,6.58467754e-01,4.11390716e-04,8.05884494e-04,8.21346655e-03,-7.95214997e-03,4.05118368e-03,5.69642968e-01,4.17872412e-04,8.16461648e-04,8.88247848e-02,-6.48169818e-06,-1.05771573e-05,8.41760315e-03,-8.05869837e-03,4.11555846e-03,-2.04136578e-04,1.06548382e-04,-6.43747749e-05
5.28000000e+02,6.58473920e-01,4.07881101e-04,7.97105699e-04,8.22512359e-03,-7.92159776e-03,3.99871852e-03,5.69615646e-01,4.13554963e-04,8.07723757e-04,8.88582721e-02,-5.67386341e-06,-1.06180567e-05,8.42895479e-03,-8.02403907e-03,4.06043118e-03,-2.03831190e-04,1.02441302e-04,-6.17126544e-05
5.29000000e+02,6.58418529e-01,3.92748447e-04,7.96705783e-04,8.21951789e-03,-7.83925559e-03,3.92567839e-03,5.69533774e-01,3.99344777e-04,8.07128829e-04,8.88847572e-02,-6.59632936e-06,-1.04230470e-05,8.42503935e-03,-7.94545444e-03,3.99010490e-03,-2.05521451e-04,1.06198840e-04,-6.44265126e-05
5.30000000e+02,6.58428018e-01,3.97378233e-04,7.91250971e-04,8.22749568e-03,-7.81007089e-03,3.90660457e-03,5.69509222e-01,4.02770220e-04,8.01753069e-04,8.89187931e-02,-5.39198716e-06,-1.05020983e-05,8.43276753e-03,-7.91128722e-03,3.96649147e-03,-2.05271837e-04,1.01216344e-04,-5.98869066e-05
5.31000000e+02,6.58376895e-01,3.95165372e-04,7.85239758e-04,8.21769021e-03,-7.74757007e-03,3.88682584e-03,5.69431213e-01,4.01488051e-04,7.95680556e-04,8.89456851e-02,-6.32268116e-06,-1.04407957e-05,8.42462984e-03,-7.85240419e-03,3.94947616e-03,-2.06939672e-04,1.04834103e-04,-6.26503196e-05
5.32000000e+02,6.58380999e-01,3.91111895e-04,7.74797214e-04,8.22630392e-03,-7.70510255e-03,3.82878147e-03,5.69401086e-01,3.96575973e-04,7.85270831e-04,8.89799116e-02,-5.46407771e-06,-1.04736158e-05,8.43290058e-03,-7.80578684e-03,3.88848784e-03,-2.06596643e-04,1.00684272e-04,-5.97063677e-05
5.33000000e+02,6.58324165e-01,3.75716515e-04,7.73926080e-04,8.21767236e-03,-7.62124203e-03,3.74888506e-03,5.69317047e-01,3.82078055e-04,7.84180506e-04,8.90071207e-02,-6.36154063e-06,-1.02544244e-05,8.42591240e-03,-7.72542665e-03,3.81114339e-03,-2.08240028e-04,1.04184612e-04,-6.22583350e-05
5.34000000e+02,6.58331950e-01,3.80238615e-04,7.68784993e-04,8.22403381e-03,-7.59883460e-03,3.73240812e-03,5.69290110e-01,3.85428728e-04,7.79094169e-04,8.90418413e-02,-5.19011342e-06,-1.03091770e-05,8.43196257e-03,-7.69796060e-03,3.79026605e-03,-2.07928774e-04,9.91260054e-05,-5.78579304e-05
5.35000000e+02,6.58279679e-01,3.77820064e-04,7.63282287e-04,8.21312128e-03,-7.53777176e-03,3.70655196e-03,5.69210237e-01,3.83896925e-04,7.73500962e-04,8.90694390e-02,-6.07686100e-06,-1.02186738e-05,8.42265851e-03,-7.64051807e-03,3.76718444e-03,-2.09537204e-04,1.02746334e-04,-6.06324873e-05
5.36000000e+02,6.58283853e-01,3.74081684e-04,7.50656787e-04,8.22139810e-03,-7.47594495e-03,3.64943575e-03,5.69179542e-01,3.79292029e-04,7.60939866e-04,8.91043133e-02,-5.21034497e-06,-1.02830775e-05,8.43053544e-03,-7.57452372e-03,3.70690301e-03,-2.09137312e-04,9.85787565e-05,-5.74672632e-05
5.37000000e+02,6.58228497e-01,3.59102565e-04,7.49836698e-04,8.21301649e-03,-7.39027740e-03,3.57558946e-03,5.69096215e-01,3.65219820e-04,7.59884337e-04,8.91322818e-02,-6.11725611e-06,-1.00476368e-05,8.42373293e-03,-7.49238614e-03,3.63547571e-03,-2.10716450e-04,1.02108728e-04,-5.98862438e-05
5.38000000e+02,6.58237169e-01,3.62957915e-04,7.43285956e-04,8.22096836e-03,-7.35254755e-03,3.54917418e-03,5.69069340e-01,3.67897523e-04,7.53378416e-04,8.91678290e-02,-4.93960815e-06,-1.00924595e-05,8.43133189e-03,-7.44952565e-03,3.60469017e-03,-2.10363558e-04,9.69780838e-05,-5.55159977e-05
5.39000000e+02,6.58185462e-01,3.58723187e-04,7.35957110e-04,8.21243644e-03,-7.27852615e-03,3.51267782e-03,5.68989316e-01,3.64588932e-04,7.45996377e-04,8.91961492e-02,-5.86574507e-06,-1.00392685e-05,8.42436647e-03,-7.37899832e-03,3.57097056e-03,-2.11930030e-04,1.00472189e-04,-5.82927419e-05
5.40000000e+02,6.58190057e-01,3.53895068e-04,7.25373225e-04,8.22328423e-03,-7.22931015e-03,3.44857464e-03,5.68958174e-01,3.58875942e-04,7.35405521e-04,8.92318832e-02,-4.98087322e-06,-1.00322953e-05,8.43477913e-03,-7.32538709e-03,3.50361242e-03,-2.11494894e-04,9.60769558e-05,-5.50377704e-05
5.41000000e+02,6.58133017e-01,3.38134260e-04,7.24448956e-04,8.21914641e-03,-7.14013064e-03,3.37521953e-03,5.68872469e-01,3.44034908e-04,7.34227885e-04,8.92605485e-02,-5.90064686e-06,-9.77892571e-06,8.43220430e-03,-7.23959909e-03,3.43258162e-03,-2.13057921e-04,9.94684702e-05,-5.73620945e-05
5.42000000e+02,6.58140665e-01,3.41224286e-04,7.17477574e-04,8.23046854e-03,-7.09886490e-03,3.34544412e-03,5.68843891e-01,3.45893940e-04,7.27329268e-04,8.92967723e-02,-4.66965422e-06,-9.85169544e-06,8.44313978e-03,-7.19332706e-03,3.39818510e-03,-2.12671247e-04,9.44621553e-05,-5.27409910e-05
5.43000000e+02,6.58087461e-01,3.38175097e-04,7.09029078e-04,8.22500994e-03,-7.00784828e-03,3.31203452e-03,5.68761598e-01,3.43732824e-04,7.18801681e-04,8.93258604e-02,-5.55772713e-06,-9.77260487e-06,8.43920882e-03,-7.10591285e-03,3.36749539e-03,-2.14198887e-04,9.80645980e-05,-5.54608657e-05
5.44000000e+02,6.58090402e-01,3.33333757e-04,6.97434306e-04,8.23959369e-03,-6.94196607e-03,3.24762227e-03,5.68728064e-01,3.38017260e-04,7.07209100e-04,8.93623382e-02,-4.68350292e-06,-9.77479272e-06,8.45333657e-03,-7.03557196e-03,3.29980516e-03,-2.13742873e-04,9.36059000e-05,-5.21828881e-05
5.45000000e+02,6.58033163e-01,3.17500226e-04,6.95391496e-04,8.24003393e-03,-6.84062014e-03,3.16816763e-03,5.68641379e-01,3.23063226e-04,7.04919700e-04,8.93917862e-02,-5.56300034e-06,-9.52820107e-06,8.45531822e-03,-6.93745103e-03,3.22259607e-03,-2.15284254e-04,9.68308959e-05,-5.44284428e-05
5.46000000e+02,6.58040500e-01,3.20987007e-04,6.87268669e-04,8.25549130e-03,-6.78811377e-03,3.13716575e-03,5.68611766e-01,3.25341433e-04,6.96863277e-04,8.94287336e-02,-4.35442598e-06,-9.59460486e-06,8.47037814e-03,-6.87987618e-03,3.18701264e-03,-2.14886836e-04,9.17624331e-05,-4.98468901e-05
5.47000000e+02,6.57987821e-01,3.16029436e-04,6.78274878e-04,8.25423992e-03,-6.69377499e-03,3.09009798e-03,5.68529259e-01,3.21324338e-04,6.87772998e-04,8.94585656e-02,-5.29490226e-06,-9.49811763e-06,8.47064716e-03,-6.78896381e-03,3.14266093e-03,-2.16407252e-04,9.51888405e-05,-5.25629478e-05
5.48000000e+02,6.57991217e-01,3.10346977e-04,6.66351924e-04,8.27247135e-03,-6.62769442e-03,3.01989154e-03,5.68495557e-01,3.14728782e-04,6.75835502e-04,8.94956620e-02,-4.38180562e-06,-9.48357808e-06,8.48841263e-03,-6.71830373e-03,3.06897360e-03,-2.15941236e-04,9.06093186e-05,-4.90820527e-05
5.49000000e+02,6.57933850e-01,2.93449285e-04,6.63831100e-04,8.27489592e-03,-6.52350367e-03,2.93473630e-03,5.68408055e-01,2.98709614e-04,6.73089485e-04,8.95257943e-02,-5.26032890e-06,-9.25838326e-06,8.49237903e-03,-6.61736098e-03,2.98600874e-03,-2.17483139e-04,9.38573118e-05,-5.12724393e-05
5.50000000e+02,6.57941892e-01,2.96113468e-04,6.54686737e-04,8.29174170e-03,-6.46497126e-03,2.89910105e-03,5.68378543e-01,3.00158000e-04,6.64006792e-04,8.95633486e-02,-4.04453227e-06,-9.32005604e-06,8.50885455e-03,-6.55383219e-03,2.94578209e-03,-2.17112871e-04,8.88609653e-05,-4.66810421e-05
5.51000000e+02,6.57889306e-01,2.91916262e-04,6.44413314e-04,8.29019174e-03,-6.35775703e-03,2.85314248e-03,5.68295550e-01,2.96839072e-04,6.53646151e-04,8.95937555e-02,-4.92280982e-06,-9.23283508e-06,8.50885173e-03,-6.45023365e-03,2.90242059e-03,-2.18659983e-04,9.24766630e-05,-4.92781125e-05
5.52000000e+02,6.57892831e-01,2.86775344e-04,6.30684846e-04,8.30695899e-03,-6.27577904e-03,2.78400267e-03,5.68261428e-01,2.90806716e-04,6.39934232e-04,8.96314032e-02,-4.03137118e-06,-9.24939014e-06,8.52518638e-03,-6.36387168e-03,2.82975682e-03,-2.18227379e-04,8.80926324e-05,-4.57541535e-05
5.53000000e+02,6.57836354e-01,2.70492149e-04,6.26096224e-04,8.30666386e-03,-6.14864784e-03,2.70449614e-03,5.68174300e-01,2.75402282e-04,6.35067972e-04,8.96620553e-02,-4.91013285e-06,-8.97175009e-06,8.52643732e-03,-6.23978676e-03,2.75240637e-03,-2.19773472e-04,9.11389529e-05,-4.79102313e-05
5.54000000e+02,6.57844676e-01,2.74070458e-04,6.16147341e-04,8.32020869e-03,-6.07989728e-03,2.67698639e-03,5.68144504e-01,2.77743483e-04,6.25142684e-04,8.97001721e-02,-3.67302521e-06,-8.99534287e-06,8.53960162e-03,-6.16568445e-03,2.72004397e-03,-2.19392937e-04,8.57872014e-05,-4.30575841e-05
5.55000000e+02,6.57792401e-01,2.70618165e-04,6.06594881e-04,8.31566880e-03,-5.97918732e-03,2.64505241e-03,5.68061254e-01,2.75171017e-04,6.15474136e-04,8.97311494e-02,-4.55285214e-06,-8.87925295e-06,8.53658631e-03,-6.06811667e-03,2.69040554e-03,-2.20917502e-04,8.89293572e-05,-4.53531339e-05
5.56000000e+02,6.57796583e-01,2.67687436e-04,5.93358689e-04,8.32853306e-03,-5.90679943e-03,2.59677081e-03,5.68027132e-01,2.71290306e-04,6.02239524e-04,8.97694502e-02,-3.60287010e-06,-8.88083722e-06,8.54899545e-03,-5.99107564e-03,2.63838930e-03,-2.20462396e-04,8.42761904e-05,-4.16184865e-05
5.57000000e+02,6.57740379e-01,2.53789334e-04,5.87937708e-04,8.32482186e-03,-5.78137959e-03,2.53212220e-03,5.67939743e-01,2.58239281e-04,5.96588409e-04,8.98006349e-02,-4.44994724e-06,-8.65070022e-06,8.54680586e-03,-5.86879492e-03,2.57581530e-03,-2.21983959e-04,8.74153463e-05,-4.36930962e-05
5.58000000e+02,6.57748689e-01,2.59591761e-04,5.78006818e-04,8.33498856e-03,-5.71500453e-03,2.52520451e-03,5.67909410e-01,2.62845551e-04,5.86646681e-04,8.98392789e-02,-3.25378945e-06,-8.63986171e-06,8.55656169e-03,-5.79707403e-03,2.56419927e-03,-2.21573134e-04,8.20695328e-05,-3.89947568e-05
5.59000000e+02,6.57696030e-01,2.57862648e-04,5.68167056e-04,8.32783538e-03,-5.60996583e-03,2.50795668e-03,5.67825367e-01,2.62035538e-04,5.76658941e-04,8.98706650e-02,-4.17289070e-06,-8.49188597e-06,8.55088373e-03,-5.69515155e-03,2.54967396e-03,-2.23048362e-04,8.51857113e-05,-4.17172834e-05
5.60000000e+02,6.57700005e-01,2.53988273e-04,5.54991527e-04,8.33962648e-03,-5.53629014e-03,2.45187298e-03,5.67790754e-01,2.57269678e-04,5.63459304e-04,8.99092518e-02,-3.28140511e-06,-8.46777601e-06,8.56216992e-03,-5.61654392e-03,2.49028799e-03,-2.22543434e-04,8.02538095e-05,-3.84150120e-05
5.61000000e+02,6.57644611e-01,2.40169277e-04,5.51819132e-04,8.33701562e-03,-5.42737359e-03,2.38693129e-03,5.67703603e-01,2.44318633e-04,5.60025897e-04,8.99410087e-02,-4.14935682e-06,-8.20676777e-06,8.56102825e-03,-5.51051031e-03,2.42767303e-03,-2.24012626e-04,8.31367193e-05,-4.07417431e-05
5.62000000e+02,6.57653555e-01,2.45553287e-04,5.43845701e-04,8.34893589e-03,-5.37857302e-03,2.37240111e-03,5.67673484e-01,2.48485820e-04,5.52040998e-04,8.99800713e-02,-2.93253300e-06,-8.19529751e-06,8.57249368e-03,-5.45622951e-03,2.40844245e-03,-2.23557811e-04,7.76565070e-05,-3.60413364e-05
5.63000000e+02,6.57601992e-01,2.42618854e-04,5.34956078e-04,8.34357995e-03,-5.28395048e-03,2.34957953e-03,5.67589935e-01,2.46487840e-04,5.43024227e-04,9.00120581e-02,-3.86898544e-06,-8.06814902e-06,8.56858155e-03,-5.36473919e-03,2.38815269e-03,-2.25001618e-04,8.07887031e-05,-3.85731532e-05
5.64000000e+02,6.57607353e-01,2.39555811e-04,5.22114205e-04,8.35679215e-03,-5.21366513e-03,2.30191271e-03,5.67556034e-01,2.42509018e-04,5.30173838e-04,9.00513195e-02,-2.95320775e-06,-8.05963258e-06,8.58125304e-03,-5.28967542e-03,2.33704279e-03,-2.24460907e-04,7.60103294e-05,-3.51300832e-05
5.65000000e+02,6.57552246e-01,2.24800229e-04,5.17569023e-04,8.35470824e-03,-5.09584081e-03,2.23256984e-03,5.67468661e-01,2.28670780e-04,5.25344956e-04,9.00835857e-02,-3.87055042e-06,-7.77593533e-06,8.58061259e-03,-5.17467267e-03,2.27030604e-03,-2.25904386e-04,7.88318364e-05,-3.77361937e-05
5.66000000e+02,6.57561937e-01,2.28383243e-04,5.08676404e-04,8.36780461e-03,-5.03579650e-03,2.21114067e-03,5.67438631e-01,2.31072935e-04,5.16433687e-04,9.01233061e-02,-2.68969189e-06,-7.75728369e-06,8.59322043e-03,-5.10906663e-03,2.24443949e-03,-2.25415855e-04,7.32700800e-05,-3.32988247e-05
5.67000000e+02,6.57512098e-01,2.24042462e-04,5.00885692e-04,8.36328899e-03,-4.94530561e-03,2.17494709e-03,5.67356175e-01,2.27654035e-04,5.08507898e-04,9.01559213e-02,-3.61157346e-06,-7.62220437e-06,8.59013432e-03,-5.02168208e-03,2.21101813e-03,-2.26845364e-04,7.63765059e-05,-3.60710360e-05
5.68000000e+02,6.57518731e-01,2.19999010e-04,4.89670540e-04,8.37707706e-03,-4.88813856e-03,2.11415904e-03,5.67323010e-01,2.22663980e-04,4.97275130e-04,9.01957179e-02,-2.66497066e-06,-7.60459020e-06,8.60337696e-03,-4.95970763e-03,2.14663303e-03,-2.26299915e-04,7.15690650e-05,-3.24739868e-05
5.69000000e+02,6.57465421e-01,2.05747162e-04,4.85927209e-04,8.37606625e-03,-4.77318743e-03,2.04409381e-03,5.67236909e-01,2.09285960e-04,4.93261327e-04,9.02285120e-02,-3.53879788e-06,-7.33412083e-06,8.60378370e-03,-4.84771909e-03,2.07881987e-03,-2.27717434e-04,7.45316545e-05,-3.47260547e-05
5.70000000e+02,6.57476688e-01,2.10112139e-04,4.78462511e-04,8.39020829e-03,-4.72449242e-03,2.02846740e-03,5.67207903e-01,2.12457319e-04,4.85794303e-04,9.02687865e-02,-2.34517903e-06,-7.33179149e-06,8.61743284e-03,-4.79361703e-03,2.05846920e-03,-2.27224569e-04,6.91246046e-05,-3.00017964e-05
5.71000000e+02,6.57428665e-01,2.07432724e-04,4.70532065e-04,8.38657228e-03,-4.63244930e-03,2.00749577e-03,5.67126804e-01,2.10695522e-04,4.77726030e-04,9.03018591e-02,-3.26279773e-06,-7.19396745e-06,8.61523036e-03,-4.70453547e-03,2.04014182e-03,-2.28658099e-04,7.20861666e-05,-3.26460443e-05
5.72000000e+02,6.57436633e-01,2.04883699e-04,4.58454820e-04,8.40202411e-03,-4.57256762e-03,1.95971451e-03,5.67094487e-01,2.07225576e-04,4.65628076e-04,9.03421452e-02,-2.34187660e-06,-7.17325543e-06,8.63012651e-03,-4.63972456e-03,1.98893469e-03,-2.28102390e-04,6.71569364e-05,-2.92201803e-05
5.73000000e+02,6.57384880e-01,1.90915515e-04,4.54878599e-04,8.40001002e-03,-4.46539968e-03,1.89397550e-03,5.67009370e-01,1.94151734e-04,4.61809895e-04,9.03755076e-02,-3.23621970e-06,-6.93129765e-06,8.62954952e-03,-4.53559727e-03,1.92557539e-03,-2.29539506e-04,7.01975902e-05,-3.15998811e-05
5.74000000e+02,6.57397753e-01,1.96042842e-04,4.47068190e-04,8.41214825e-03,-4.41610584e-03,1.88659267e-03,5.66981449e-01,1.98084282e-04,4.53997031e-04,9.04163022e-02,-2.04143950e-06,-6.92884101e-06,8.64120159e-03,-4.48104095e-03,1.91352376e-03,-2.29053370e-04,6.49351123e-05,-2.69310936e-05
5.75000000e+02,6.57351084e-01,1.94524417e-04,4.38691069e-04,8.40676265e-03,-4.32250389e-03,1.87477017e-03,5.66901118e-01,1.97475140e-04,4.45491506e-04,9.04499677e-02,-2.95072310e-06,-6.80044002e-06,8.63721817e-03,-4.39062003e-03,1.90442655e-03,-2.30455509e-04,6.81161434e-05,-2.96563819e-05
5.76000000e+02,6.57359981e-01,1.91649331e-04,4.26179463e-04,8.41990555e-03,-4.25509474e-03,1.82714278e-03,5.66869213e-01,1.93692470e-04,4.32990469e-04,9.04907662e-02,-2.04313914e-06,-6.81100445e-06,8.64978370e-03,-4.31871045e-03,1.85340422e-03,-2.29878153e-04,6.36157107e-05,-2.62614334e-05
5.77000000e+02,6.57309177e-01,1.78372302e-04,4.22604565e-04,8.41511848e-03,-4.14046141e-03,1.76666127e-03,5.66784691e-01,1.81330350e-04,4.29139018e-04,9.05244838e-02,-2.95804741e-06,-6.53445343e-06,8.64639706e-03,-4.20706236e-03,1.79545849e-03,-2.31278580e-04,6.66009465e-05,-2.87972085e-05
5.78000000e+02,6.57322373e-01,1.84809276e-04,4.14597261e-04,8.42492361e-03,-4.08986835e-03,1.76407927e-03,5.66756595e-01,1.86532507e-04,4.21122401e-04,9.05657771e-02,-1.72323141e-06,-6.52513978e-06,8.65567291e-03,-4.15089538e-03,1.78817488e-03,-2.30749289e-04,6.10270288e-05,-2.40956039e-05
5.79000000e+02,6.57276358e-01,1.82622523e-04,4.06800830e-04,8.41723609e-03,-4.00540866e-03,1.74772591e-03,5.66676434e-01,1.85300431e-04,4.13218973e-04,9.05999254e-02,-2.67790846e-06,-6.41814663e-06,8.64935766e-03,-4.06958241e-03,1.77463054e-03,-2.32121590e-04,6.41737495e-05,-2.69046247e-05
5.80000000e+02,6.57286041e-01,1.79323501e-04,3.95316940e-04,8.42875298e-03,-3.94755245e-03,1.70063487e-03,5.66644786e-01,1.81111195e-04,4.01701942e-04,9.06412577e-02,-1.78769472e-06,-6.38500168e-06,8.66028307e-03,-4.00688963e-03,1.72431135e-03,-2.31530062e-04,5.93371738e-05,-2.36764828e-05
5.81000000e+02,6.57235864e-01,1.64893359e-04,3.92514992e-04,8.42436136e-03,-3.84047845e-03,1.63098428e-03,5.66560206e-01,1.67583669e-04,3.98652435e-04,9.06756561e-02,-2.69031021e-06,-6.13744355e-06,8.65728244e-03,-3.90291863e-03,1.65722509e-03,-2.32921058e-04,6.24401786e-05,-2.62408073e-05
5.82000000e+02,6.57249554e-01,1.70014984e-04,3.83532418e-04,8.43414165e-03,-3.78329220e-03,1.61637408e-03,5.66532145e-01,1.71476628e-04,3.89691895e-04,9.07174096e-02,-1.46164426e-06,-6.15947626e-06,8.66653257e-03,-3.84044800e-03,1.63778833e-03,-2.32390915e-04,5.71557971e-05,-2.14142499e-05
5.83000000e+02,6.57204679e-01,1.67119927e-04,3.74386843e-04,8.42611610e-03,-3.68673719e-03,1.58989968e-03,5.66452646e-01,1.69509276e-04,3.80421779e-04,9.07520345e-02,-2.38934927e-06,-6.03493581e-06,8.65987585e-03,-3.74716208e-03,1.61408813e-03,-2.33759751e-04,6.04248906e-05,-2.41884493e-05
5.84000000e+02,6.57215319e-01,1.63542737e-04,3.62774341e-04,8.43725174e-03,-3.62254381e-03,1.54146007e-03,5.66421504e-01,1.65053220e-04,3.68786228e-04,9.07938165e-02,-1.51048240e-06,-6.01188768e-06,8.67039004e-03,-3.67817240e-03,1.56237036e-03,-2.33138306e-04,5.56285868e-05,-2.09102908e-05
5.85000000e+02,6.57165935e-01,1.48426105e-04,3.59988964e-04,8.43290131e-03,-3.51722410e-03,1.46618907e-03,5.66337328e-01,1.50846546e-04,3.65756223e-04,9.08286051e-02,-2.42044148e-06,-5.76726003e-06,8.66737498e-03,-3.57592135e-03,1.48974972e-03,-2.34473690e-04,5.86972525e-05,-2.35606510e-05
5.86000000e+02,6.57180842e-01,1.52880073e-04,3.51047391e-04,8.44487273e-03,-3.46099083e-03,1.44460486e-03,5.66310158e-01,1.54094631e-04,3.56836391e-04,9.08706823e-02,-1.21455712e-06,-5.78900081e-06,8.67874393e-03,-3.51439844e-03,1.46359236e-03,-2.33871206e-04,5.34076089e-05,-1.89874986e-05
5.87000000e+02,6.57136823e-01,1.49687131e-04,3.40843145e-04,8.43974861e-03,-3.35902988e-03,1.41531085e-03,5.66231246e-01,1.51853070e-04,3.46534343e-04,9.09055791e-02,-2.16593888e-06,-5.69119818e-06,8.67492653e-03,-3.41579619e-03,1.43718325e-03,-2.35177927e-04,5.67663087e-05,-2.18723967e-05
5.88000000e+02,6.57148556e-01,1.44460421e-04,3.29044601e-04,8.45408512e-03,-3.29470817e-03,1.35147337e-03,5.66200976e-01,1.45737422e-04,3.34689559e-04,9.09475809e-02,-1.27700191e-06,-5.64495739e-06,8.68859862e-03,-3.34675464e-03,1.36992881e-03,-2.34513483e-04,5.20464716e-05,-1.84554409e-05
5.89000000e+02,6.57100709e-01,1.29242464e-04,3.26082971e-04,8.45222131e-03,-3.18821155e-03,1.27646737e-03,5.66118146e-01,1.31427903e-04,3.31497636e-04,9.09825609e-02,-2.18543906e-06,-5.41466450e-06,8.68804843e-03,-3.24344967e-03,1.29750896e-03,-2.35827106e-04,5.52381165e-05,-2.10415845e-05
5.90000000e+02,6.57117702e-01,1.33180006e-04,3.16677778e-04,8.46696645e-03,-3.12779230e-03,1.25193623e-03,5.66092789e-01,1.34149543e-04,3.22141803e-04,9.10249152e-02,-9.69536642e-07,-5.46402488e-06,8.70218872e-03,-3.17782874e-03,1.26821921e-03,-2.35222291e-04,5.00364356e-05,-1.62829700e-05
5.91000000e+02,6.57075698e-01,1.30196316e-04,3.07059462e-04,8.46473709e-03,-3.02698612e-03,1.22407979e-03,5.66015612e-01,1.32083564e-04,3.12401897e-04,9.10600870e-02,-1.88724731e-06,-5.34243546e-06,8.70126666e-03,-3.08037937e-03,1.24319119e-03,-2.36529567e-04,5.33932501e-05,-1.91114068e-05
5.92000000e+02,6.57088945e-01,1.26153181e-04,2.94576392e-04,8.48103876e-03,-2.96146852e-03,1.16954959e-03,5.65986489e-01,1.27147628e-04,2.99904679e-04,9.11024560e-02,-9.94447548e-07,-5.32828712e-06,8.71691928e-03,-3.01017475e-03,1.18530165e-03,-2.35880541e-04,4.87062242e-05,-1.57520555e-05
5.93000000e+02,6.57043007e-01,1.10438133e-04,2.91421147e-04,8.48106604e-03,-2.85174553e-03,1.09151739e-03,5.65905243e-01,1.12369194e-04,2.96483689e-04,9.11377679e-02,-1.93106088e-06,-5.06254208e-06,8.71828032e-03,-2.90352913e-03,1.10990459e-03,-2.37214284e-04,5.17836038e-05,-1.83871932e-05
5.94000000e+02,6.57061813e-01,1.15173309e-04,2.82130224e-04,8.49551066e-03,-2.78702919e-03,1.07082713e-03,5.65881442e-01,1.15858799e-04,2.87192500e-04,9.11803707e-02,-6.85489488e-07,-5.06227563e-06,8.73213394e-03,-2.83341986e-03,1.08442207e-03,-2.36623296e-04,4.63906717e-05,-1.35949459e-05
5.95000000e+02,6.57021280e-01,1.12452741e-04,2.73053528e-04,8.49159950e-03,-2.68928740e-03,1.04881800e-03,5.65805448e-01,1.14101143e-04,2.78004901e-04,9.12158320e-02,-1.64840218e-06,-4.95137244e-06,8.72953714e-03,-2.73889328e-03,1.06534647e-03,-2.37937619e-04,4.96058763e-05,-1.65284710e-05
5.96000000e+02,6.57036398e-01,1.08660351e-04,2.62032719e-04,8.50749390e-03,-2.63036747e-03,9.98795506e-04,5.65777935e-01,1.09381950e-04,2.66949223e-04,9.12584624e-02,-7.21599277e-07,-4.91650462e-06,8.74478355e-03,-2.67518666e-03,1.01180152e-03,-2.37289662e-04,4.48191923e-05,-1.30060164e-05
5.97000000e+02,6.56991729e-01,9.51526698e-05,2.59662897e-04,8.50652239e-03,-2.52986854e-03,9.39131028e-04,5.65697775e-01,9.67714660e-05,2.64369701e-04,9.12939552e-02,-1.61879586e-06,-4.70680459e-06,8.74514132e-03,-2.57802630e-03,9.54545488e-04,-2.38618915e-04,4.81577603e-05,-1.54144620e-05
5.98000000e+02,6.57012515e-01,1.01646996e-04,2.50318649e-04,8.51873677e-03,-2.47141177e-03,9.37677263e-04,5.65675623e-01,1.02014002e-04,2.55059509e-04,9.13368907e-02,-3.67006077e-07,-4.74086010e-06,8.75676300e-03,-2.51434508e-03,9.48232792e-04,-2.38026244e-04,4.29333139e-05,-1.05555264e-05
5.99000000e+02,6.56973666e-01,1.01673931e-04,2.41009260e-04,8.51253545e-03,-2.37122328e-03,9.36013605e-04,5.65601053e-01,1.03016206e-04,2.45606537e-04,9.13726111e-02,-1.34227454e-06,-4.59727703e-06,8.75186243e-03,-2.41728666e-03,9.49680964e-04,-2.39326998e-04,4.60633742e-05,-1.36673603e-05
6.00000000e+02,6.56990733e-01,9.94850152e-05,2.29778412e-04,8.52506495e-03,-2.30815516e-03,8.99945839e-04,5.65575202e-01,9.99530038e-05,2.34312702e-04,9.14155321e-02,-4.67988443e-07,-4.53429051e-06,8.76372230e-03,-2.34929251e-03,9.10345292e-04,-2.38657371e-04,4.11373498e-05,-1.03994523e-05
6.01000000e+02,6.56948060e-01,8.55312346e-05,2.27394544e-04,8.52047176e-03,-2.20625159e-03,8.40833508e-04,5.65496729e-01,8.69373404e-05,2.31677947e-04,9.14513319e-02,-1.40610577e-06,-4.28340306e-06,8.76043145e-03,-2.25036562e-03,8.53983067e-04,-2.39959665e-04,4.41140266e-05,-1.31495587e-05
6.02000000e+02,6.56970254e-01,9.21442638e-05,2.19427067e-04,8.53029649e-03,-2.15541378e-03,8.40324018e-04,5.65475760e-01,9.22994175e-05,2.23721130e-04,9.14944914e-02,-1.55153362e-07,-4.29406296e-06,8.76963801e-03,-2.19414156e-03,8.48634812e-04,-2.39341506e-04,3.87277793e-05,-8.31079249e-06
6.03000000e+02,6.56933366e-01,9.13393824e-05,2.11194744e-04,8.52138152e-03,-2.06457032e-03,8.37847822e-04,5.65402867e-01,9.24378096e-05,2.15376231e-04,9.15304985e-02,-1.09842717e-06,-4.18148720e-06,8.76198959e-03,-2.10655584e-03,8.49026458e-04,-2.40608031e-04,4.19855278e-05,-1.11786321e-05
6.04000000e+02,6.56952522e-01,9.04009532e-05,2.00736546e-04,8.53115188e-03,-2.00723365e-03,8.10371397e-04,5.65378922e-01,9.05615468e-05,2.04876073e-04,9.15736016e-02,-1.60593451e-07,-4.13952778e-06,8.77104282e-03,-2.04440347e-03,8.17983654e-04,-2.39890904e-04,3.71698197e-05,-7.61225761e-06
6.05000000e+02,6.56912062e-01,7.81413104e-05,1.97804610e-04,8.52460326e-03,-1.90350133e-03,7.65383098e-04,5.65302344e-01,7.92418943e-05,2.01733784e-04,9.16097184e-02,-1.10058367e-06,-3.92917351e-06,8.76574256e-03,-1.94379850e-03,7.75643068e-04,-2.41139289e-04,4.02971727e-05,-1.02599698e-05
6.06000000e+02,6.56936066e-01,8.61089574e-05,1.89840537e-04,8.53312570e-03,-1.85827398e-03,7.82814067e-04,5.65282955e-01,8.59893335e-05,1.93790236e-04,9.16531094e-02,1.19623897e-07,-3.94969987e-06,8.77359250e-03,-1.89324123e-03,7.88230637e-04,-2.40466795e-04,3.49672495e-05,-5.41657209e-06
6.07000000e+02,6.56900901e-01,8.70286779e-05,1.81231412e-04,8.52444867e-03,-1.76702067e-03,7.94185859e-04,5.65211536e-01,8.78439061e-05,1.85033434e-04,9.16893643e-02,-8.15228396e-07,-3.80202211e-06,8.76613436e-03,-1.80512652e-03,8.02712703e-04,-2.41685730e-04,3.81058526e-05,-8.52684386e-06
6.08000000e+02,6.56921446e-01,8.60720267e-05,1.71284669e-04,8.53551841e-03,-1.71799086e-03,7.72344452e-04,5.65188766e-01,8.60105569e-05,1.75052626e-04,9.17326767e-02,6.14696039e-08,-3.76795644e-06,8.77645429e-03,-1.75124837e-03,7.77594734e-04,-2.40935860e-04,3.32575127e-05,-5.25028142e-06
6.09000000e+02,6.56882173e-01,7.44828681e-05,1.69211992e-04,8.52991140e-03,-1.62595187e-03,7.30431425e-04,5.65113199e-01,7.53420825e-05,1.72770984e-04,9.17689725e-02,-8.59214197e-07,-3.55899233e-06,8.77206330e-03,-1.66240921e-03,7.38430300e-04,-2.42151893e-04,3.64573460e-05,-7.99887290e-06
6.10000000e+02,6.56907339e-01,8.30550646e-05,1.62044601e-04,8.53942675e-03,-1.58666667e-03,7.45876075e-04,5.65094701e-01,8.26782487e-05,1.65596377e-04,9.18126385e-02,3.76815987e-07,-3.55177572e-06,8.78087640e-03,-1.61766010e-03,7.49188778e-04,-2.41449681e-04,3.09934322e-05,-3.31270451e-06
6.11000000e+02,6.56874100e-01,8.37112274e-05,1.55425789e-04,8.53232244e-03,-1.51035586e-03,7.57566603e-04,5.65024990e-01,8.43598560e-05,1.58826597e-04,9.18491113e-02,-6.48628466e-07,-3.40080825e-06,8.77495937e-03,-1.54450873e-03,7.64301684e-04,-2.42636950e-04,3.41528639e-05,-6.73508095e-06
6.12000000e+02,6.56896940e-01,8.27355994e-05,1.46359291e-04,8.54471120e-03,-1.47268350e-03,7.32432931e-04,5.65004250e-01,8.25032788e-05,1.49739029e-04,9.18926906e-02,2.32320581e-07,-3.37973845e-06,8.78656447e-03,-1.50203716e-03,7.36094088e-04,-2.41853245e-04,2.93536601e-05,-3.66115999e-06
6.13000000e+02,6.56859340e-01,7.01695127e-05,1.45731822e-04,8.54024698e-03,-1.39578860e-03,6.82910466e-04,5.64930170e-01,7.09010513e-05,1.48911396e-04,9.19291719e-02,-7.31538737e-07,-3.17957389e-06,8.78331321e-03,-1.42839321e-03,6.89494972e-04,-2.43066235e-04,3.26046043e-05,-6.58450140e-06
6.14000000e+02,6.56886405e-01,7.78311127e-05,1.40109407e-04,8.55028092e-03,-1.36957278e-03,6.93252780e-04,5.64913380e-01,7.73401918e-05,1.43285531e-04,9.19730271e-02,4.90920711e-07,-3.17612468e-06,8.79262787e-03,-1.39695070e-03,6.95186997e-04,-2.42346979e-04,2.73779227e-05,-1.93421796e-06
6.15000000e+02,6.56855384e-01,7.82976646e-05,1.33551999e-04,8.54401342e-03,-1.29713562e-03,6.99982298e-04,5.64845726e-01,7.87786567e-05,1.36639275e-04,9.20096574e-02,-4.80992334e-07,-3.08727590e-06,8.78753356e-03,-1.32801811e-03,7.05108195e-04,-2.43520158e-04,3.08824933e-05,-5.12589588e-06
6.16000000e+02,6.56880325e-01,7.72243314e-05,1.23841994e-04,8.55795852e-03,-1.25827423e-03,6.78403290e-04,5.64826928e-01,7.68256030e-05,1.26913897e-04,9.20533942e-02,3.98728040e-07,-3.07190244e-06,8.80068041e-03,-1.28438799e-03,6.80318775e-04,-2.42721917e-04,2.61137525e-05,-1.91548408e-06
6.17000000e+02,6.56845755e-01,6.58212644e-05,1.24228904e-04,8.55603129e-03,-1.18495063e-03,6.41976751e-04,5.64755653e-01,6.63774915e-05,1.27032100e-04,9.20901028e-02,-5.56227171e-07,-2.80319627e-06,8.79993681e-03,-1.21421597e-03,6.46711396e-04,-2.43905488e-04,2.92653370e-05,-4.73464928e-06
6.18000000e+02,6.56875528e-01,7.47718011e-05,1.19893931e-04,8.56808587e-03,-1.16656931e-03,6.65028120e-04,5.64741418e-01,7.41003388e-05,1.22690530e-04,9.21341112e-02,6.71462281e-07,-2.79659947e-06,8.81125320e-03,-1.19061652e-03,6.65092388e-04,-2.43167330e-04,2.40472122e-05,-6.42705651e-08
6.19000000e+02,6.56846584e-01,7.62000519e-05,1.14828328e-04,8.56292547e-03,-1.10386155e-03,6.83005410e-04,5.64675668e-01,7.65313286e-05,1.17538773e-04,9.21709150e-02,-3.31276897e-07,-2.71044563e-06,8.80725908e-03,-1.13130022e-03,6.86438564e-04,-2.44333599e-04,2.74386638e-05,-3.43315369e-06
6.20000000e+02,6.56873408e-01,7.58394140e-05,1.06982929e-04,8.57773427e-03,-1.08080698e-03,6.69791831e-04,5.64658706e-01,7.53062781e-05,1.09701898e-04,9.22147020e-02,5.33135699e-07,-2.71896937e-06,8.82125091e-03,-1.10365079e-03,6.70204611e-04,-2.43516671e-04,2.28438134e-05,-4.12782256e-07
6.21000000e+02,6.56840573e-01,6.44138601e-05,1.07874591e-04,8.57542068e-03,-1.01588062e-03,6.36065358e-04,5.64589092e-01,6.48402900e-05,1.10397669e-04,9.22514798e-02,-4.26429846e-07,-2.52307832e-06,8.82011551e-03,-1.04223712e-03,6.39480831e-04,-2.44694813e-04,2.63565062e-05,-3.41547075e-06
6.22000000e+02,6.56871840e-01,7.44561414e-05,1.03675884e-04,8.58781625e-03,-1.00259404e-03,6.68786001e-04,5.64576273e-01,7.36668487e-05,1.06220767e-04,9.22955672e-02,7.89292687e-07,-2.54488318e-06,8.83174760e-03,-1.02385664e-03,6.67743621e-04,-2.43931336e-04,2.12625990e-05,1.04238068e-06
6.23000000e+02,6.56844436e-01,7.71066705e-05,1.00022376e-04,8.58272481e-03,-9.52163331e-04,6.90175457e-04,5.64512040e-01,7.73167579e-05,1.02457594e-04,9.23323995e-02,-2.10087349e-07,-2.43521763e-06,8.82779613e-03,-9.76816750e-04,6.92617938e-04,-2.45071347e-04,2.46534192e-05,-2.44248387e-06
6.24000000e+02,6.56873571e-01,7.63517237e-05,9.23041221e-05,8.59671465e-03,-9.36918412e-04,6.69159255e-04,5.64497225e-01,7.57317770e-05,9.47739823e-05,9.23763444e-02,6.19946876e-07,-2.46986016e-06,8.84096135e-03,-9.57091998e-04,6.68683422e-04,-2.44246716e-04,2.01735875e-05,4.75830589e-07
6.25000000e+02,6.56843129e-01,6.41916601e-05,9.31914092e-05,8.59391826e-03,-8.75670883e-04,6.31921492e-04,5.64429899e-01,6.45567342e-05,9.54517710e-05,9.24132308e-02,-3.65074265e-07,-2.26036197e-06,8.83933538e-03,-8.99310983e-04,6.34543654e-04,-2.45417155e-04,2.36401009e-05,-2.62216581e-06
6.26000000e+02,6.56877049e-01,7.52228558e-05,9.09076383e-05,8.60468310e-03,-8.75130674e-04,6.72669778e-04,5.64419667e-01,7.43580903e-05,9.31827944e-05,9.24573815e-02,8.64765435e-07,-2.27515605e-06,8.84934914e-03,-8.93864598e-04,6.70725081e-04,-2.44666042e-04,1.87339254e-05,1.94469637e-06
6.27000000e+02,6.56852361e-01,7.86911624e-05,8.67237124e-05,8.59789824e-03,-8.24959504e-04,7.01940650e-04,5.64357974e-01,7.88500963e-05,8.89569613e-05,9.24943853e-02,-1.58934049e-07,-2.23324893e-06,8.84370215e-03,-8.47412737e-04,7.03600204e-04,-2.45803939e-04,2.24532299e-05,-1.65955316e-06
6.28000000e+02,6.56883114e-01,7.94511892e-05,7.91568358e-05,8.61051609e-03,-8.08823126e-04,6.92448446e-04,5.64344615e-01,7.87816900e-05,8.14123510e-05,9.25384996e-02,6.69499453e-07,-2.25551513e-06,8.85546739e-03,-8.26931161e-04,6.91418248e-04,-2.44951305e-04,1.81080399e-05,1.03019773e-06
6.29000000e+02,6.56854302e-01,6.79165153e-05,8.00297519e-05,8.60641756e-03,-7.46347638e-04,6.56984783e-04,5.64278724e-01,6.82382116e-05,8.21072060e-05,9.25755796e-02,-3.21696569e-07,-2.07745385e-06,8.85250601e-03,-7.68189089e-04,6.59252636e-04,-2.46088486e-04,2.18414534e-05,-2.26784987e-06
6.30000000e+02,6.56890144e-01,7.79757337e-05,7.72124689e-05,8.61607861e-03,-7.44059180e-04,6.89228215e-04,5.64270247e-01,7.71091246e-05,7.93249023e-05,9.26198961e-02,8.66609133e-07,-2.11243309e-06,8.86137493e-03,-7.60933693e-04,6.87086861e-04,-2.45296332e-04,1.68745113e-05,2.14135598e-06
6.31000000e+02,6.56867067e-01,7.98065246e-05,7.40774402e-05,8.60756828e-03,-7.01234824e-04,7.06340735e-04,5.64209962e-01,7.99566079e-05,7.60990787e-05,9.26571073e-02,-1.50083382e-07,-2.02163877e-06,8.85396552e-03,-7.21695936e-04,7.07730912e-04,-2.46397261e-04,2.04611131e-05,-1.39017583e-06
6.32000000e+02,6.56899726e-01,7.90865586e-05,6.72431716e-05,8.61871349e-03,-6.93045278e-04,6.85524668e-04,5.64198287e-01,7.84017244e-05,6.93066415e-05,9.27014366e-02,6.84834424e-07,-2.06346994e-06,8.86422685e-03,-7.09178345e-04,6.84044483e-04,-2.45513386e-04,1.61330656e-05,1.48018387e-06
6.33000000e+02,6.56873046e-01,6.68994917e-05,6.96661796e-05,8.61366742e-03,-6.45710814e-04,6.43775103e-04,5.64134365e-01,6.71858847e-05,7.15571623e-05,9.27386805e-02,-2.86393076e-07,-1.89098252e-06,8.86027460e-03,-6.65674243e-04,6.45465444e-04,-2.46607194e-04,1.99634285e-05,-1.69034304e-06
6.34000000e+02,6.56911265e-01,7.63820552e-05,6.85369849e-05,8.62255817e-03,-6.53062782e-04,6.72780600e-04,5.64128105e-01,7.54629151e-05,7.04485930e-05,9.27831619e-02,9.19140159e-07,-1.91160836e-06,8.86834264e-03,-6.68131299e-04,6.70062433e-04,-2.45784485e-04,1.50685175e-05,2.71816323e-06
6.35000000e+02,6.56890607e-01,7.71197779e-05,6.55177438e-05,8.61328344e-03,-6.15479775e-04,6.84233768e-04,5.64070123e-01,7.72543431e-05,6.74065067e-05,9.28204832e-02,-1.34565061e-07,-1.88876284e-06,8.86014048e-03,-6.34361795e-04,6.85107127e-04,-2.46857021e-04,1.88820225e-05,-8.73358368e-07
6.36000000e+02,6.56925391e-01,7.69402893e-05,5.91607555e-05,8.62312359e-03,-6.13434911e-04,6.66638378e-04,5.64060538e-01,7.61990424e-05,6.10804069e-05,9.28648546e-02,7.41246683e-07,-1.91965154e-06,8.86907568e-03,-6.28130708e-04,6.64487177e-04,-2.45952052e-04,1.46957959e-05,2.15120475e-06
6.37000000e+02,6.56901395e-01,6.50852267e-05,6.23018702e-05,8.61727430e-03,-5.68294369e-04,6.28172062e-04,5.63999241e-01,6.53388773e-05,6.40421261e-05,9.29021552e-02,-2.53650528e-07,-1.74025586e-06,8.86430543e-03,-5.86894319e-04,6.29234818e-04,-2.47031139e-04,1.85999495e-05,-1.06275678e-06
6.38000000e+02,6.56941808e-01,7.36779303e-05,6.08022961e-05,8.62609820e-03,-5.79443059e-04,6.54151224e-04,5.63995164e-01,7.27470344e-05,6.26093656e-05,9.29466429e-02,9.30895898e-07,-1.80706942e-06,8.87226970e-03,-5.93317283e-04,6.50845707e-04,-2.46171490e-04,1.38742236e-05,3.30551886e-06
6.39000000e+02,6.56923582e-01,7.36572104e-05,5.74339236e-05,8.61721318e-03,-5.39016849e-04,6.56780612e-04,5.63939602e-01,7.37418869e-05,5.92186166e-05,9.29839801e-02,-8.46765490e-08,-1.78469310e-06,8.86442506e-03,-5.56859660e-04,6.57111647e-04,-2.47211897e-04,1.78428143e-05,-3.31033398e-07
6.40000000e+02,6.56960365e-01,7.25844957e-05,5.17989729e-05,8.62722844e-03,-5.38564207e-04,6.32015132e-04,5.63931965e-01,7.18358824e-05,5.35962799e-05,9.30284001e-02,7.48613355e-07,-1.79730711e-06,8.87351505e-03,-5.52264965e-04,6.29662129e-04,-2.46286625e-04,1.37007581e-05,2.35300661e-06
6.41000000e+02,6.56938093e-01,6.04398764e-05,5.48068136e-05,8.62126789e-03,-4.86731222e-04,5.86987629e-04,5.63872315e-01,6.06855129e-05,5.64263532e-05,9.30657790e-02,-2.45636702e-07,-1.61953977e-06,8.86861190e-03,-5.04389095e-04,5.87820334e-04,-2.47344016e-04,1.76578749e-05,-8.32705886e-07
6.42000000e+02,6.56980151e-01,6.95645310e-05,5.28368098e-05,8.63064630e-03,-4.93267205e-04,6.13168583e-04,5.63869821e-01,6.85875563e-05,5.45549343e-05,9.31103300e-02,9.76975134e-07,-1.71812438e-06,8.87712782e-03,-5.06355564e-04,6.09387428e-04,-2.46481545e-04,1.30883623e-05,3.78115674e-06
6.43000000e+02,6.56962975e-01,7.02782456e-05,4.99888568e-05,8.62182985e-03,-4.58452303e-04,6.24290989e-04,5.63815426e-01,7.03283346e-05,5.16844469e-05,9.31475482e-02,-5.00888897e-08,-1.69559034e-06,8.86935189e-03,-4.75348107e-04,6.24053016e-04,-2.47522030e-04,1.68958043e-05,2.37972796e-07
6.44000000e+02,6.57001863e-01,6.91706972e-05,4.43761752e-05,8.63155718e-03,-4.61410467e-04,5.99017726e-04,5.63810217e-01,6.83585265e-05,4.60692890e-05,9.31916430e-02,8.12170817e-07,-1.69311374e-06,8.87813674e-03,-4.73989842e-04,5.95827870e-04,-2.46579571e-04,1.25793751e-05,3.18985590e-06
6.45000000e+02,6.56980812e-01,5.66536047e-05,4.87857373e-05,8.62498920e-03,-4.23115028e-04,5.51168884e-04,5.63752130e-01,5.68481727e-05,5.02863871e-05,9.32286799e-02,-1.94567754e-07,-1.50064962e-06,8.87260734e-03,-4.39567962e-04,5.51346712e-04,-2.47618176e-04,1.64529342e-05,-1.77825846e-07
6.46000000e+02,6.57024412e-01,6.56968659e-05,4.67581754e-05,8.63336079e-03,-4.30231961e-04,5.78409428e-04,5.63751570e-01,6.46841283e-05,4.83766377e-05,9.32728400e-02,1.01273737e-06,-1.61846222e-06,8.88010306e-03,-4.42305239e-04,5.74172061e-04,-2.46742250e-04,1.20732774e-05,4.23736747e-06
6.47000000e+02,6.57009558e-01,6.71272902e-05,4.26972623e-05,8.62439938e-03,-3.87930092e-04,5.94551490e-04,5.63699630e-01,6.71461075e-05,4.43308546e-05,9.33099298e-02,-1.88173694e-08,-1.63359211e-06,8.87215071e-03,-4.04174144e-04,5.93845956e-04,-2.47751344e-04,1.62440520e-05,7.05535122e-07
6.48000000e+02,6.57050528e-01,6.77678064e-05,3.77181766e-05,8.63368515e-03,-3.91761430e-04,5.83921816e-04,5.63696541e-01,6.69312945e-05,3.93455452e-05,9.33539829e-02,8.36511662e-07,-1.62736861e-06,8.88049871e-03,-4.03814913e-04,5.80282956e-04,-2.46813560e-04,1.20534830e-05,3.63886134e-06
6.49000000e+02,6.57032262e-01,5.66896877e-05,4.13186041e-05,8.62583793e-03,-3.48905253e-04,5.49337231e-04,5.63641166e-01,5.68387763e-05,4.27645856e-05,9.33910972e-02,-1.49088479e-07,-1.44598155e-06,8.87369498e-03,-3.64805911e-04,5.48865551e-04,-2.47857069e-04,1.59006578e-05,4.71682956e-07
6.50000000e+02,6.57078056e-01,6.66045828e-05,3.91465325e-05,8.63265693e-03,-3.58029759e-04,5.87828654e-04,5.63642644e-01,6.55656990e-05,4.06979245e-05,9.34354114e-02,1.03888411e-06,-1.55139211e-06,8.87960914e-03,-3.69373785e-04,5.82948092e-04,-2.46952189e-04,1.13440263e-05,4.88056289e-06
6.51000000e+02,6.57065323e-01,6.94492709e-05,3.58668694e-05,8.62229227e-03,-3.20785225e-04,6.17827896e-04,5.63592786e-01,6.94177008e-05,3.74154931e-05,9.34725346e-02,3.15702618e-08,-1.54862365e-06,8.87021054e-03,-3.36288855e-04,6.16520662e-04,-2.47918312e-04,1.55036300e-05,1.30723842e-06
6.52000000e+02,6.57107696e-01,7.20693814e-05,3.09259444e-05,8.63112273e-03,-3.24280042e-04,6.23458031e-04,5.63591031e-01,7.11740463e-05,3.24898683e-05,9.35166656e-02,8.95335003e-07,-1.56392394e-06,8.87803714e-03,-3.35652954e-04,6.19386627e-04,-2.46914402e-04,1.13729114e-05,4.07140498e-06
6.53000000e+02,6.57090232e-01,6.16999343e-05,3.49409594e-05,8.62400130e-03,-2.83327774e-04,5.95332823e-04,5.63536613e-01,6.18449866e-05,3.63290893e-05,9.35536215e-02,-1.45052263e-07,-1.38812990e-06,8.87189652e-03,-2.98583344e-04,5.94750239e-04,-2.47895231e-04,1.52555698e-05,5.82585317e-07
6.54000000e+02,6.57137722e-01,7.19031620e-05,3.29526006e-05,8.63025659e-03,-2.95855008e-04,6.31903679e-04,5.63539830e-01,7.08455886e-05,3.44348656e-05,9.35978917e-02,1.05757343e-06,-1.48226502e-06,8.87721793e-03,-3.06512586e-04,6.26927866e-04,-2.46961336e-04,1.06575779e-05,4.97580968e-06
6.55000000e+02,6.57126914e-01,7.43573037e-05,2.88532066e-05,8.61954247e-03,-2.51844452e-04,6.56122103e-04,5.63491901e-01,7.43147468e-05,3.02990390e-05,9.36350130e-02,4.25569161e-08,-1.44583230e-06,8.86744922e-03,-2.66481122e-04,6.54857896e-04,-2.47906754e-04,1.46366700e-05,1.26420920e-06
6.56000000e+02,6.57171264e-01,7.54349560e-05,2.36765005e-05,8.62788425e-03,-2.51330183e-04,6.48998220e-04,5.63492181e-01,7.45806442e-05,2.51506239e-05,9.36790856e-02,8.54311947e-07,-1.47412339e-06,8.87477523e-03,-2.61792593e-04,6.45228479e-04,-2.46890979e-04,1.04624106e-05,3.76974343e-06
6.57000000e+02,6.57156197e-01,6.37274227e-05,2.68852672e-05,8.61967698e-03,-2.07844234e-04,6.07592382e-04,5.63440124e-01,6.39234425e-05,2.81964132e-05,9.37160758e-02,-1.96019998e-07,-1.31114602e-06,8.86754390e-03,-2.22188679e-04,6.07448031e-04,-2.47866929e-04,1.43444455e-05,1.44353366e-07
6.58000000e+02,6.57205410e-01,7.25645312e-05,2.34521147e-05,8.62616774e-03,-2.10273383e-04,6.29234390e-04,5.63445135e-01,7.15756096e-05,2.48443215e-05,9.37602737e-02,9.88921597e-07,-1.39220677e-06,8.87309971e-03,-2.20112560e-04,6.24894853e-04,-2.46932015e-04,9.83917645e-06,4.33953927e-06
6.59000000e+02,6.57196260e-01,7.31835205e-05,1.89609599e-05,8.61520060e-03,-1.63104885e-04,6.41540269e-04,5.63399058e-01,7.32494413e-05,2.03460162e-05,9.37972012e-02,-6.59208029e-08,-1.38505637e-06,8.86307788e-03,-1.77021647e-04,6.40923274e-04,-2.47877292e-04,1.39167621e-05,6.16993514e-07
6.60000000e+02,6.57243325e-01,7.24600621e-05,1.39163798e-05,8.62217629e-03,-1.61524119e-04,6.20662481e-04,5.63402194e-01,7.16748278e-05,1.52908876e-05,9.38411326e-02,7.85234615e-07,-1.37450781e-06,8.86903182e-03,-1.71200035e-04,6.17223550e-04,-2.46855492e-04,9.67591637e-06,3.43892877e-06
6.61000000e+02,6.57229915e-01,5.88850201e-05,1.79216488e-05,8.61180195e-03,-1.23065754e-04,5.71838232e-04,5.63351993e-01,5.91209541e-05,1.91312433e-05,9.38779228e-02,-2.35934127e-07,-1.20959446e-06,8.85960283e-03,-1.36510581e-04,5.71681947e-04,-2.47800893e-04,1.34448267e-05,1.56284899e-07
6.62000000e+02,6.57281260e-01,6.79461232e-05,1.47908245e-05,8.61767029e-03,-1.33036213e-04,5.97665261e-04,5.63359365e-01,6.69408294e-05,1.61175747e-05,9.39218946e-02,1.00529383e-06,-1.32675013e-06,8.86447520e-03,-1.42035076e-04,5.93006419e-04,-2.46804890e-04,8.99886268e-06,4.65883987e-06
6.63000000e+02,6.57274888e-01,6.79086031e-05,1.23807769e-05,8.60671897e-03,-1.03677996e-04,6.02947186e-04,5.63316236e-01,6.79544505e-05,1.36701678e-05,9.39586495e-02,-4.58475322e-08,-1.28939086e-06,8.85439511e-03,-1.16741176e-04,6.02117871e-04,-2.47676156e-04,1.30631799e-05,8.29315453e-07
6.64000000e+02,6.57323288e-01,6.72013407e-05,8.66411768e-06,8.61548085e-03,-1.16481148e-04,5.85233428e-04,5.63320920e-01,6.64220920e-05,9.93327556e-06,9.40023669e-02,7.79248600e-07,-1.26915785e-06,8.86208677e-03,-1.25215094e-04,5.81615789e-04,-2.46605910e-04,8.73394563e-06,3.61764159e-06
6.65000000e+02,6.57312266e-01,5.44349237e-05,1.49069379e-05,8.60833769e-03,-9.39885157e-05,5.36411148e-04,5.63273287e-01,5.46245193e-05,1.60045185e-05,9.40389782e-02,-1.89595913e-07,-1.09758064e-06,8.85586061e-03,-1.06506416e-04,5.36025357e-04,-2.47522958e-04,1.25179003e-05,3.85790921e-07
6.66000000e+02,6.57365875e-01,6.32005486e-05,1.58093171e-05,8.61555132e-03,-1.31756526e-04,5.61286535e-04,5.63283094e-01,6.21923095e-05,1.70118345e-05,9.40827811e-02,1.00823905e-06,-1.20251743e-06,8.86207933e-03,-1.39826368e-04,5.56494512e-04,-2.46528023e-04,8.06984178e-06,4.79201958e-06
6.67000000e+02,6.57361141e-01,6.34285343e-05,1.54117693e-05,8.60549214e-03,-1.20843428e-04,5.69440066e-04,5.63241802e-01,6.34565790e-05,1.66217236e-05,9.41193411e-02,-2.80448498e-08,-1.20995435e-06,8.85291518e-03,-1.33188706e-04,5.68248686e-04,-2.47423030e-04,1.23452781e-05,1.19138139e-06
6.68000000e+02,6.57411851e-01,6.39971482e-05,1.23659160e-05,8.61450593e-03,-1.43446391e-04,5.56427496e-04,5.63249027e-01,6.31256408e-05,1.36315479e-05,9.41628239e-02,8.71507271e-07,-1.26563192e-06,8.86085985e-03,-1.51905056e-04,5.52131653e-04,-2.46353941e-04,8.45866470e-06,4.29584580e-06
6.69000000e+02,6.57402472e-01,5.22253479e-05,1.82359827e-05,8.60737940e-03,-1.26416917e-04,5.19446777e-04,5.63203338e-01,5.23436639e-05,1.93874889e-05,9.41991348e-02,-1.18315941e-07,-1.15150621e-06,8.85464794e-03,-1.39093843e-04,5.18268124e-04,-2.47268553e-04,1.26769256e-05,1.17865156e-06
6.70000000e+02,6.57457014e-01,6.27595112e-05,1.78505146e-05,8.61440187e-03,-1.55448236e-04,5.59642255e-04,5.63214333e-01,6.16781401e-05,1.90979560e-05,9.42426810e-02,1.08137113e-06,-1.24744140e-06,8.86068420e-03,-1.63793485e-04,5.54047926e-04,-2.46282312e-04,8.34524935e-06,5.59432746e-06
6.71000000e+02,6.57453046e-01,6.51861532e-05,1.78265377e-05,8.60435485e-03,-1.41485511e-04,5.82634924e-04,5.63174122e-01,6.51430189e-05,1.90446737e-05,9.42789239e-02,4.31344413e-08,-1.21813598e-06,8.85151733e-03,-1.54086728e-04,5.80860055e-04,-2.47162455e-04,1.26012172e-05,1.77487096e-06
6.72000000e+02,6.57504442e-01,6.64589982e-05,1.40225505e-05,8.61433383e-03,-1.57660575e-04,5.78142676e-04,5.63182303e-01,6.55847274e-05,1.53108358e-05,9.43221386e-02,8.74270764e-07,-1.28828527e-06,8.86041450e-03,-1.66411952e-04,5.73629596e-04,-2.46080663e-04,8.75137701e-06,4.51308050e-06
6.73000000e+02,6.57496451e-01,5.52161498e-05,1.92438242e-05,8.60736705e-03,-1.33416243e-04,5.50056702e-04,5.63138152e-01,5.54112939e-05,2.03903123e-05,9.43582986e-02,-1.95144268e-07,-1.14648814e-06,8.85435135e-03,-1.46294478e-04,5.49155075e-04,-2.46984337e-04,1.28782353e-05,9.01627636e-07
6.74000000e+02,6.57552919e-01,6.62041622e-05,1.85954014e-05,8.61505258e-03,-1.56176609e-04,5.91568387e-04,5.63151243e-01,6.51688275e-05,1.98517832e-05,9.44016756e-02,1.03533436e-06,-1.25638176e-06,8.86103491e-03,-1.64773273e-04,5.86419376e-04,-2.45982367e-04,8.59666383e-06,5.14901091e-06
6.75000000e+02,6.57550752e-01,6.79252445e-05,1.66893744e-05,8.60431920e-03,-1.31694823e-04,6.12245437e-04,5.63112935e-01,6.79695991e-05,1.79666044e-05,9.44378162e-02,-4.43548993e-08,-1.27723004e-06,8.85117157e-03,-1.44699331e-04,6.11135215e-04,-2.46852394e-04,1.30045079e-05,1.11022097e-06
6.76000000e+02,6.57604342e-01,6.86950540e-05,1.13275240e-05,8.61264664e-03,-1.36315494e-04,6.06001362e-04,5.63123512e-01,6.79233028e-05,1.26476533e-05,9.44808290e-02,7.71750835e-07,-1.32012927e-06,8.85840407e-03,-1.45306178e-04,6.02318545e-04,-2.45757437e-04,8.99068400e-06,3.68281831e-06
6.77000000e+02,6.57597985e-01,5.75097255e-05,1.58795485e-05,8.60602113e-03,-1.06118888e-04,5.70876937e-04,5.63081220e-01,5.77521003e-05,1.70443275e-05,9.45167649e-02,-2.42374950e-07,-1.16477894e-06,8.85265010e-03,-1.19189937e-04,5.70650436e-04,-2.46628986e-04,1.30710486e-05,2.26500508e-07
6.78000000e+02,6.57656091e-01,6.82094452e-05,1.47530291e-05,8.61345749e-03,-1.26234800e-04,6.13662525e-04,5.63096264e-01,6.72415704e-05,1.60343813e-05,9.45598253e-02,9.67874868e-07,-1.28135227e-06,8.85906878e-03,-1.35078947e-04,6.09059296e-04,-2.45611296e-04,8.84414687e-06,4.60323325e-06
6.79000000e+02,6.57655317e-01,7.04922365e-05,1.26864986e-05,8.60267441e-03,-1.00719084e-04,6.36002554e-04,5.63059575e-01,7.05550645e-05,1.39576035e-05,9.45957425e-02,-6.28277802e-08,-1.27110490e-06,8.84914203e-03,-1.13712635e-04,6.35202538e-04,-2.46467614e-04,1.29935520e-05,8.00016158e-07
6.80000000e+02,6.57709607e-01,7.17571651e-05,8.39882742e-06,8.61132742e-03,-1.11925299e-04,6.29116867e-04,5.63070989e-01,7.09791602e-05,9.69188121e-06,9.46386180e-02,7.78004794e-07,-1.29305380e-06,8.85669061e-03,-1.20814243e-04,6.25616756e-04,-2.45363196e-04,8.88894398e-06,3.50011116e-06
6.81000000e+02,6.57704938e-01,6.01075575e-05,1.29642462e-05,8.60422248e-03,-7.93007629e-05,5.89206703e-04,5.63030603e-01,6.03677412e-05,1.40949323e-05,9.46743361e-02,-2.60183706e-07,-1.13068613e-06,8.85046226e-03,-9.23170761e-05,5.89289445e-04,-2.46239776e-04,1.30163131e-05,-8.27394084e-08
6.82000000e+02,6.57764585e-01,6.94147344e-05,1.18455826e-05,8.61120138e-03,-9.71137392e-05,6.13610006e-04,5.63047394e-01,6.84797073e-05,1.31057276e-05,9.47171925e-02,9.35027163e-07,-1.26014500e-06,8.85640555e-03,-1.05953154e-04,6.09434403e-04,-2.45204157e-04,8.83941436e-06,4.17560285e-06
6.83000000e+02,6.57765138e-01,6.94779054e-05,9.34440090e-06,8.60052548e-03,-6.60066448e-05,6.19149622e-04,5.63012521e-01,6.96055707e-05,1.06309801e-05,9.47526200e-02,-1.27665149e-07,-1.28657921e-06,8.84657085e-03,-7.91271143e-05,6.18706867e-04,-2.46045378e-04,1.31204693e-05,4.42752672e-07
6.84000000e+02,6.57820894e-01,6.87518943e-05,4.94635214e-06,8.60830773e-03,-7.45367718e-05,6.03007258e-04,5.63025939e-01,6.80363769e-05,6.24208573e-06,9.47949563e-02,7.15517466e-07,-1.29573359e-06,8.85324167e-03,-8.35920578e-05,5.99724305e-04,-2.44933936e-04,9.05528589e-06,3.28295336e-06
6.85000000e+02,6.57817560e-01,5.57603786e-05,9.19755725e-06,8.60017141e-03,-4.59221316e-05,5.54783528e-04,5.62987323e-01,5.60549480e-05,1.03537440e-05,9.48302363e-02,-2.94569132e-07,-1.15618680e-06,8.84595457e-03,-5.89068984e-05,5.54922437e-04,-2.45783190e-04,1.29847669e-05,-1.38905771e-07
6.86000000e+02,6.57879498e-01,6.51578839e-05,8.50851039e-06,8.60631948e-03,-7.28057520e-05,5.77144481e-04,5.63006993e-01,6.42211151e-05,9.77308560e-06,9.48725057e-02,9.36769047e-07,-1.26457522e-06,8.85105214e-03,-8.13472480e-05,5.72962153e-04,-2.44732651e-04,8.54149603e-06,4.18232828e-06
6.87000000e+02,6.57882046e-01,6.61536573e-05,7.77686163e-06,8.59422336e-03,-5.81421023e-05,5.83410785e-04,5.62974294e-01,6.62528786e-05,8.98938951e-06,9.49077507e-02,-9.92216118e-08,-1.21252786e-06,8.83977742e-03,-7.07044129e-05,5.82995568e-04,-2.45554073e-04,1.25623107e-05,4.15215296e-07
6.88000000e+02,6.57939659e-01,6.53820757e-05,5.59180392e-06,8.60004488e-03,-8.96130920e-05,5.68211388e-04,5.62989832e-01,6.46507137e-05,6.81106693e-06,9.49498264e-02,7.31362224e-07,-1.21926302e-06,8.84447507e-03,-9.78847035e-05,5.64865392e-04,-2.44430191e-04,8.27161125e-06,3.34599915e-06
6.89000000e+02,6.57938266e-01,5.30479526e-05,1.28473531e-05,8.58904716e-03,-8.41290059e-05,5.27497701e-04,5.62953333e-01,5.33112108e-05,1.39241923e-05,9.49849321e-02,-2.63258147e-07,-1.07683922e-06,8.83431042e-03,-9.64638757e-05,5.27484128e-04,-2.45263278e-04,1.23348698e-05,1.35735106e-08
6.90000000e+02,6.58001826e-01,6.36117517e-05,1.41270272e-05,8.59233703e-03,-1.24580983e-04,5.59525263e-04,5.62974687e-01,6.26584143e-05,1.53319060e-05,9.50271404e-02,9.53337574e-07,-1.20487887e-06,8.83653968e-03,-1.32773094e-04,5.55124021e-04,-2.44202676e-04,8.19211137e-06,4.40124265e-06
6.91000000e+02,6.58006892e-01,6.52271158e-05,1.45334509e-05,8.57807054e-03,-1.22012830e-04,5.73656070e-04,5.62944837e-01,6.53263761e-05,1.57461471e-05,9.50620528e-02,-9.92602146e-08,-1.21269626e-06,8.82306566e-03,-1.34421540e-04,5.72937561e-04,-2.44995073e-04,1.24087097e-05,7.18505983e-07
6.92000000e+02,6.58066371e-01,6.47567600e-05,1.22945619e-05,8.58280223e-03,-1.54454532e-04,5.60952510e-04,5.62962433e-01,6.40125664e-05,1.35413582e-05,9.51039378e-02,7.44193808e-07,-1.24679634e-06,8.82663510e-03,-1.62866939e-04,5.57539177e-04,-2.43832863e-04,8.41240686e-06,3.41333204e-06
6.93000000e+02,6.58066710e-01,5.19838083e-05,1.90777312e-05,8.57227237e-03,-1.48720483e-04,5.17996714e-04,5.62928030e-01,5.22737796e-05,2.02040772e-05,9.51386782e-02,-2.89971333e-07,-1.12634596e-06,8.81691667e-03,-1.61416289e-04,5.18111824e-04,-2.44644293e-04,1.26958057e-05,-1.15110621e-07
6.94000000e+02,6.58131550e-01,6.29599649e-05,2.00578528e-05,8.57617351e-03,-1.89184448e-04,5.54539267e-04,5.62951042e-01,6.20108594e-05,2.13036868e-05,9.51805076e-02,9.49105525e-07,-1.24583403e-06,8.81971899e-03,-1.97641552e-04,5.50169503e-04,-2.43545471e-04,8.45710389e-06,4.36976268e-06
6.95000000e+02,6.58137354e-01,6.56848261e-05,2.15291174e-05,8.56336576e-03,-1.87953513e-04,5.76397534e-04,5.62922265e-01,6.57602863e-05,2.27403020e-05,9.52150893e-02,-7.54605607e-08,-1.21118463e-06,8.80767194e-03,-2.00684231e-04,5.75607590e-04,-2.44306188e-04,1.27307174e-05,7.89945215e-07
6.96000000e+02,6.58198635e-01,6.68678885e-05,1.95578057e-05,8.56978323e-03,-2.17008583e-04,5.77555613e-04,5.62942074e-01,6.61197918e-05,2.08577423e-05,9.52565596e-02,7.48096503e-07,-1.29993663e-06,8.81291385e-03,-2.25989664e-04,5.74012581e-04,-2.43130603e-04,8.98108121e-06,3.54303119e-06
6.97000000e+02,6.58199316e-01,5.56737453e-05,2.41727405e-05,8.56013215e-03,-1.94613506e-04,5.49545963e-04,5.62908473e-01,5.59621002e-05,2.53889971e-05,9.52908410e-02,-2.88355040e-07,-1.21625655e-06,8.80406768e-03,-2.08136832e-04,5.49452653e-04,-2.43935523e-04,1.35233255e-05,9.33056479e-08
6.98000000e+02,6.58264845e-01,6.70580024e-05,2.30959390e-05,8.56462541e-03,-2.14459165e-04,5.92338734e-04,5.62932597e-01,6.61254919e-05,2.44462472e-05,9.53322475e-02,9.32510494e-07,-1.35030814e-06,8.80745793e-03,-2.23931162e-04,5.87993600e-04,-2.42832500e-04,9.47199681e-06,4.34513167e-06
6.99000000e+02,6.58271700e-01,6.89235422e-05,2.24028056e-05,8.55183346e-03,-1.98043422e-04,6.10950195e-04,5.62905342e-01,6.90554476e-05,2.37290658e-05,9.53663585e-02,-1.31905581e-07,-1.32626025e-06,8.79543651e-03,-2.11614778e-04,6.10459996e-04,-2.43603016e-04,1.35713566e-05,4.90200264e-07
7.00000000e+02,6.58333490e-01,6.86417955e-05,1.92340931e-05,8.55838135e-03,-2.21648523e-04,6.00435952e-04,5.62926311e-01,6.79537331e-05,2.05845448e-05,9.54071807e-02,6.88062537e-07,-1.35045173e-06,8.80080037e-03,-2.30986630e-04,5.97358162e-04,-2.42419044e-04,9.33810686e-06,3.07779084e-06
7.01000000e+02,6.58335428e-01,5.62067458e-05,2.41108146e-05,8.54940457e-03,-2.01018264e-04,5.57086842e-04,5.62894476e-01,5.65350674e-05,2.53226789e-05,9.54409493e-02,-3.28321778e-07,-1.21186422e-06,8.79260283e-03,-2.14499712e-04,5.57530361e-04,-2.43198224e-04,1.34814476e-05,-4.43519571e-07
7.02000000e+02,6.58402956e-01,6.59021545e-05,2.39930836e-05,8.55455160e-03,-2.28399156e-04,5.88805574e-04,5.62921168e-01,6.50317235e-05,2.53280206e-05,9.54817897e-02,8.70431006e-07,-1.33493698e-06,8.79664009e-03,-2.37860234e-04,5.84925288e-04,-2.42088494e-04,9.46107865e-06,3.88028215e-06
7.03000000e+02,6.58411130e-01,6.75518948e-05,2.34010739e-05,8.54230760e-03,-2.09104246e-04,6.00146802e-04,5.62895701e-01,6.77126234e-05,2.47339026e-05,9.55154276e-02,-1.60728606e-07,-1.33282872e-06,8.78514936e-03,-2.22913739e-04,6.00082582e-04,-2.42841768e-04,1.38094925e-05,6.42186538e-08
7.04000000e+02,6.58474185e-01,6.68683514e-05,1.95817279e-05,8.54949852e-03,-2.27332948e-04,5.83245139e-04,5.62918277e-01,6.62246055e-05,2.09897912e-05,9.55559106e-02,6.43746259e-07,-1.40806337e-06,8.79115090e-03,-2.37212608e-04,5.80567389e-04,-2.41652387e-04,9.87966043e-06,2.67775272e-06
7.05000000e+02,6.58477771e-01,5.35813834e-05,2.45953387e-05,8.54094661e-03,-2.05612507e-04,5.36532877e-04,5.62888465e-01,5.39517355e-05,2.58678723e-05,9.55893042e-02,-3.70352034e-07,-1.27253358e-06,8.78337454e-03,-2.19707174e-04,5.37164806e-04,-2.42427928e-04,1.40946669e-05,-6.31926481e-07
7.06000000e+02,6.58546210e-01,6.41804770e-05,2.37971030e-05,8.54674561e-03,-2.24233760e-04,5.72498497e-04,5.62916402e-01,6.32832298e-05,2.51614507e-05,9.56298085e-02,8.97247019e-07,-1.36434765e-06,8.78804631e-03,-2.34182211e-04,5.68489586e-04,-2.41300691e-04,9.94845150e-06,4.00891349e-06
7.07000000e+02,6.58556111e-01,6.66530363e-05,2.29669666e-05,8.53594795e-03,-2.02743387e-04,5.94399743e-04,5.62893072e-01,6.67905756e-05,2.43411262e-05,9.56630406e-02,-1.37539064e-07,-1.37415958e-06,8.77799817e-03,-2.16903224e-04,5.94053735e-04,-2.42050221e-04,1.41598370e-05,3.46008854e-07
7.08000000e+02,6.58621683e-01,6.73982105e-05,1.99281792e-05,8.54265973e-03,-2.26565534e-04,5.88188020e-04,5.62918635e-01,6.67056061e-05,2.13383921e-05,9.57030470e-02,6.92604171e-07,-1.41021287e-06,8.78351989e-03,-2.36520749e-04,5.85202441e-04,-2.40860139e-04,9.95521458e-06,2.98557887e-06
7.09000000e+02,6.58626406e-01,5.48614648e-05,2.52739973e-05,8.53392988e-03,-2.06393380e-04,5.44365255e-04,5.62890527e-01,5.52068293e-05,2.65143635e-05,9.57358765e-02,-3.45364302e-07,-1.24036615e-06,8.77555630e-03,-2.20274401e-04,5.44796033e-04,-2.41626383e-04,1.38810206e-05,-4.30777048e-07
7.10000000e+02,6.58696281e-01,6.49147614e-05,2.59235976e-05,8.53956744e-03,-2.39932087e-04,5.77041659e-04,5.62920495e-01,6.40477192e-05,2.72650840e-05,9.57757868e-02,8.67042253e-07,-1.34148647e-06,8.78007051e-03,-2.49409632e-04,5.73285475e-04,-2.40503058e-04,9.47754566e-06,3.75618204e-06
7.11000000e+02,6.58707714e-01,6.62116752e-05,2.63658337e-05,8.52747273e-03,-2.30826555e-04,5.86729577e-04,5.62899230e-01,6.63653120e-05,2.76966425e-05,9.58084844e-02,-1.53636758e-07,-1.33080876e-06,8.76872709e-03,-2.44604735e-04,5.86655661e-04,-2.41254341e-04,1.37781799e-05,7.39135547e-08
7.12000000e+02,6.58773710e-01,6.70941830e-05,2.28638476e-05,8.53274727e-03,-2.52372420e-04,5.80478854e-04,5.62925712e-01,6.64270012e-05,2.42958894e-05,9.58480002e-02,6.67181957e-07,-1.43204179e-06,8.77282119e-03,-2.62399093e-04,5.77674857e-04,-2.40073952e-04,1.00266731e-05,2.80399722e-06
7.13000000e+02,6.58779059e-01,5.52175441e-05,2.82930878e-05,8.52163780e-03,-2.31110347e-04,5.40385931e-04,5.62898701e-01,5.55475696e-05,2.95702738e-05,9.58803578e-02,-3.30025563e-07,-1.27718600e-06,8.76248201e-03,-2.45233871e-04,5.40809030e-04,-2.40844218e-04,1.41235236e-05,-4.23102196e-07
7.14000000e+02,6.58850043e-01,6.55930508e-05,2.87589184e-05,8.52440879e-03,-2.60983348e-04,5.77204164e-04,5.62930127e-01,6.46884855e-05,3.01441795e-05,9.59199141e-02,9.04565412e-07,-1.38526113e-06,8.76412398e-03,-2.70900852e-04,5.72983861e-04,-2.39715184e-04,9.91750471e-06,4.22030121e-06
7.15000000e+02,6.58861916e-01,6.77907532e-05,2.74212498e-05,8.50979918e-03,-2.40298291e-04,6.00400511e-04,5.62909749e-01,6.79153953e-05,2.88278622e-05,9.59521666e-02,-1.24642284e-07,-1.40661239e-06,8.75024803e-03,-2.54556286e-04,5.99795402e-04,-2.40448883e-04,1.42579946e-05,6.05106937e-07
7.16000000e+02,6.58928791e-01,6.88508760e-05,2.32840518e-05,8.51348314e-03,-2.57559180e-04,5.96973416e-04,5.62937492e-01,6.81472771e-05,2.47340062e-05,9.59912992e-02,7.03599165e-07,-1.44995430e-06,8.75272993e-03,-2.67759253e-04,5.93793529e-04,-2.39246798e-04,1.02000726e-05,3.17988843e-06
7.17000000e+02,6.58936128e-01,5.65191255e-05,2.80435638e-05,8.50109389e-03,-2.32563993e-04,5.55916470e-04,5.62912803e-01,5.68529913e-05,2.93684499e-05,9.60233245e-02,-3.33865572e-07,-1.32488612e-06,8.74111180e-03,-2.47068190e-04,5.56335154e-04,-2.40017875e-04,1.45041970e-05,-4.18680979e-07
7.18000000e+02,6.59008835e-01,6.61963678e-05,2.72659778e-05,8.50254295e-03,-2.51879541e-04,5.83463188e-04,5.62946432e-01,6.53166023e-05,2.86978906e-05,9.60624043e-02,8.79765634e-07,-1.43191285e-06,8.74140625e-03,-2.62093651e-04,5.79582090e-04,-2.38863304e-04,1.02141096e-05,3.88109849e-06
7.19000000e+02,6.59022241e-01,6.76374976e-05,2.64939629e-05,8.48710445e-03,-2.34273034e-04,5.96460207e-04,5.62928112e-01,6.77861824e-05,2.78977431e-05,9.60941312e-02,-1.48684738e-07,-1.40378029e-06,8.72666052e-03,-2.48553433e-04,5.96170580e-04,-2.39556081e-04,1.42803991e-05,2.89625489e-07
7.20000000e+02,6.59090427e-01,6.87460887e-05,2.35854602e-05,8.49093138e-03,-2.61398208e-04,5.91971762e-04,5.62957733e-01,6.80106738e-05,2.50300672e-05,9.61326943e-02,7.35415036e-07,-1.44460705e-06,8.72924949e-03,-2.71606602e-04,5.88579350e-04,-2.38318120e-04,1.02083946e-05,3.39241195e-06
7.21000000e+02,6.59098488e-01,5.75387362e-05,2.90217250e-05,8.47953383e-03,-2.40610439e-04,5.62418821e-04,5.62934360e-01,5.78309997e-05,3.03178939e-05,9.61641291e-02,-2.92263589e-07,-1.29616884e-06,8.71859553e-03,-2.54906943e-04,5.62302864e-04,-2.39061674e-04,1.42965042e-05,1.15958869e-07
7.22000000e+02,6.59171693e-01,6.88486760e-05,2.93258014e-05,8.48152141e-03,-2.68874169e-04,6.05024578e-04,5.62969108e-01,6.79190724e-05,3.07298196e-05,9.62025824e-02,9.29603544e-07,-1.40401820e-06,8.71943570e-03,-2.78846461e-04,6.00620150e-04,-2.37914270e-04,9.97229165e-06,4.40442935e-06
7.23000000e+02,6.59185562e-01,7.08638059e-05,2.89473428e-05,8.46640206e-03,-2.54145262e-04,6.24146696e-04,5.62951777e-01,7.09895886e-05,3.03326115e-05,9.62337834e-02,-1.25782790e-07,-1.38526873e-06,8.70504516e-03,-2.68362174e-04,6.23578758e-04,-2.38643089e-04,1.42169113e-05,5.67935688e-07
7.24000000e+02,6.59254020e-01,7.16305343e-05,2.45914692e-05,8.47003428e-03,-2.73967037e-04,6.21879148e-04,5.62982129e-01,7.09308903e-05,2.60543016e-05,9.62718909e-02,6.99643907e-07,-1.46283241e-06,8.70743933e-03,-2.84186580e-04,6.18541658e-04,-2.37405067e-04,1.02195431e-05,3.33749257e-06
7.25000000e+02,6.59262610e-01,5.94267755e-05,2.96380839e-05,8.45903365e-03,-2.52416778e-04,5.81715795e-04,5.62959733e-01,5.97186169e-05,3.09579681e-05,9.63028771e-02,-2.91841392e-07,-1.31988418e-06,8.69714936e-03,-2.66771951e-04,5.81716967e-04,-2.38115725e-04,1.43551724e-05,-1.17068251e-09
7.26000000e+02,6.59337495e-01,7.01924028e-05,2.94643736e-05,8.46205119e-03,-2.77617326e-04,6.20477539e-04,5.62996454e-01,6.92810535e-05,3.08915128e-05,9.63410407e-02,9.11349237e-07,-1.42713911e-06,8.69897233e-03,-2.87778452e-04,6.16159730e-04,-2.36921127e-04,1.01611259e-05,4.31781095e-06
7.27000000e+02,6.59352995e-01,7.17659098e-05,2.86381768e-05,8.44890853e-03,-2.57506634e-04,6.36783755e-04,5.62981044e-01,7.19206596e-05,3.00467670e-05,9.63719534e-02,-1.54750079e-07,-1.40859016e-06,8.68649774e-03,-2.72042388e-04,6.36371806e-04,-2.37589212e-04,1.45357535e-05,4.11947048e-07
7.28000000e+02,6.59423394e-01,7.15013284e-05,2.52951057e-05,8.45438857e-03,-2.77800521e-04,6.22703474e-04,5.63013692e-01,7.08292896e-05,2.67415418e-05,9.64097053e-02,6.72038853e-07,-1.44643607e-06,8.69069372e-03,-2.88127173e-04,6.19698604e-04,-2.36305155e-04,1.03266518e-05,3.00486759e-06
7.29000000e+02,6.59434536e-01,5.92215130e-05,3.10954812e-05,8.44465001e-03,-2.62224700e-04,5.84717431e-04,5.62994248e-01,5.95799879e-05,3.23989722e-05,9.64402869e-02,-3.58474707e-07,-1.30349109e-06,8.68165659e-03,-2.76546377e-04,5.85203112e-04,-2.37006561e-04,1.43216770e-05,-4.85680586e-07
7.30000000e+02,6.59510900e-01,6.94296612e-05,3.18317219e-05,8.44865541e-03,-2.94684388e-04,6.14961887e-04,5.63033066e-01,6.85511932e-05,3.32053814e-05,9.64778311e-02,8.78468106e-07,-1.37365943e-06,8.68447641e-03,-3.04604194e-04,6.10987946e-04,-2.35820983e-04,9.91980677e-06,3.97394381e-06
7.31000000e+02,6.59527555e-01,7.10986106e-05,3.21131276e-05,8.43675314e-03,-2.83479764e-04,6.28532513e-04,5.63019492e-01,7.12557191e-05,3.34746324e-05,9.65080622e-02,-1.57108493e-07,-1.36150483e-06,8.67325300e-03,-2.97561708e-04,6.28238573e-04,-2.36499837e-04,1.40819434e-05,2.93940293e-07
7.32000000e+02,6.59600347e-01,7.09373479e-05,2.83299349e-05,8.44416785e-03,-3.01922067e-04,6.16144742e-04,5.63055210e-01,7.02593739e-05,2.97605531e-05,9.65451384e-02,6.77973851e-07,-1.43061826e-06,8.67941682e-03,-3.12110845e-04,6.13185608e-04,-2.35248964e-04,1.01887785e-05,2.95913155e-06
7.33000000e+02,6.59612983e-01,5.73379643e-05,3.27423348e-05,8.43589780e-03,-2.76199094e-04,5.66670737e-04,5.63037878e-01,5.77314500e-05,3.40517100e-05,9.65751038e-02,-3.93485664e-07,-1.30937521e-06,8.67186813e-03,-2.90604384e-04,5.67332247e-04,-2.35970352e-04,1.44052907e-05,-6.61507598e-07
7.34000000e+02,6.59691151e-01,6.68408144e-05,3.23245512e-05,8.44153574e-03,-3.00446939e-04,5.91503398e-04,5.63079030e-01,6.59878981e-05,3.37230704e-05,9.66121197e-02,8.52916433e-07,-1.39851912e-06,8.67633202e-03,-3.10418963e-04,5.87754402e-04,-2.34796265e-04,9.97202409e-06,3.74899535e-06
7.35000000e+02,6.59709856e-01,6.81123830e-05,3.27189530e-05,8.43043959e-03,-2.85301655e-04,6.03230768e-04,5.63068001e-01,6.83133903e-05,3.40602870e-05,9.66418552e-02,-2.01007245e-07,-1.34133402e-06,8.66592402e-03,-2.99382021e-04,6.03295518e-04,-2.35484436e-04,1.40803659e-05,-6.47484661e-08
7.36000000e+02,6.59783598e-01,6.64923536e-05,2.93229378e-05,8.43749639e-03,-3.05778690e-04,5.78656367e-04,5.63105298e-01,6.58622026e-05,3.07280894e-05,9.66782984e-02,6.30150888e-07,-1.40515170e-06,8.67172443e-03,-3.15838473e-04,5.76035314e-04,-2.34228065e-04,1.00597825e-05,2.62105684e-06
7.37000000e+02,6.59796778e-01,5.33279346e-05,3.47953356e-05,8.42932472e-03,-2.85778198e-04,5.26583878e-04,5.63089110e-01,5.36764156e-05,3.60569382e-05,9.67076693e-02,-3.48480689e-07,-1.26160266e-06,8.66424646e-03,-2.99890019e-04,5.27143232e-04,-2.34921734e-04,1.41118209e-05,-5.59350766e-07
7.38000000e+02,6.59875305e-01,6.33064159e-05,3.41519173e-05,8.43437765e-03,-3.09717296e-04,5.58541277e-04,5.63131278e-01,6.24067193e-05,3.55333777e-05,9.67440258e-02,8.99696545e-07,-1.38146046e-06,8.66812907e-03,-3.19514518e-04,5.54306994e-04,-2.33751390e-04,9.79722236e-06,4.23428327e-06
7.39000000e+02,6.59894453e-01,6.45317349e-05,3.28845546e-05,8.42065055e-03,-2.85118997e-04,5.77087551e-04,5.63121240e-01,6.46943502e-05,3.42534166e-05,9.67732123e-02,-1.62615492e-07,-1.36886196e-06,8.65508727e-03,-2.99116755e-04,5.76445284e-04,-2.34436708e-04,1.39977570e-05,6.42268600e-07
7.40000000e+02,6.59968210e-01,6.39800245e-05,2.72833318e-05,8.42618778e-03,-2.91232205e-04,5.62691422e-04,5.63158942e-01,6.32626316e-05,2.87113550e-05,9.68092704e-02,7.17392870e-07,-1.42802320e-06,8.65934973e-03,-3.01192954e-04,5.59177456e-04,-2.33161939e-04,9.96074898e-06,3.51396826e-06
7.41000000e+02,6.59981208e-01,5.15397271e-05,3.02033144e-05,8.41566896e-03,-2.55847509e-04,5.20118621e-04,5.63143050e-01,5.18152936e-05,3.14793340e-05,9.68381590e-02,-2.75566599e-07,-1.27601970e-06,8.64953929e-03,-2.69937030e-04,5.19998317e-04,-2.33870284e-04,1.40895212e-05,1.20308606e-07
7.42000000e+02,6.60058929e-01,6.14439996e-05,2.83043497e-05,8.41738432e-03,-2.67625852e-04,5.46937820e-04,5.63184840e-01,6.04792782e-05,2.96728021e-05,9.68740879e-02,9.64721220e-07,-1.36845236e-06,8.65008501e-03,-2.77307899e-04,5.42302393e-04,-2.32700686e-04,9.68204727e-06,4.63542527e-06
7.43000000e+02,6.60077782e-01,6.27481008e-05,2.72798331e-05,8.40170305e-03,-2.43606803e-04,5.62497746e-04,5.63174954e-01,6.28710199e-05,2.86121999e-05,9.69028274e-02,-1.22919070e-07,-1.33236681e-06,8.63509312e-03,-2.57355573e-04,5.61646582e-04,-2.33390062e-04,1.37487699e-05,8.51160736e-07
7.44000000e+02,6.60152161e-01,6.22765510e-05,2.21297627e-05,8.40510657e-03,-2.48495339e-04,5.47578128e-04,5.63213846e-01,6.15383580e-05,2.34866526e-05,9.69383160e-02,7.38193153e-07,-1.35688987e-06,8.63722697e-03,-2.58100026e-04,5.43772556e-04,-2.32120417e-04,9.60468610e-06,3.80557034e-06
7.45000000e+02,6.60166777e-01,5.04089572e-05,2.55969655e-05,8.39335544e-03,-2.13712768e-04,5.09095536e-04,5.63200265e-01,5.06682481e-05,2.67962739e-05,9.69665128e-02,-2.59291019e-07,-1.19930838e-06,8.62617547e-03,-2.27278861e-04,5.08706083e-04,-2.32820036e-04,1.35660924e-05,3.89449861e-07
7.46000000e+02,6.60245822e-01,6.06137026e-05,2.50566884e-05,8.39449322e-03,-2.40267812e-04,5.41079920e-04,5.63244039e-01,5.96438674e-05,2.63694495e-05,9.70017792e-02,9.69835218e-07,-1.31276116e-06,8.62613107e-03,-2.49429792e-04,5.36203895e-04,-2.31637878e-04,9.16197969e-06,4.87602169e-06
7.47000000e+02,6.60266328e-01,6.24987848e-05,2.51442948e-05,8.37894574e-03,-2.24367079e-04,5.63104353e-04,5.63236550e-01,6.25966259e-05,2.64269743e-05,9.70297784e-02,-9.78409260e-08,-1.28267956e-06,8.61125375e-03,-2.37679853e-04,5.61934210e-04,-2.32308025e-04,1.33127734e-05,1.17014368e-06
7.48000000e+02,6.60341042e-01,6.43331264e-05,2.12180396e-05,8.38168483e-03,-2.41729494e-04,5.63113646e-04,5.63276450e-01,6.35601144e-05,2.25482099e-05,9.70645900e-02,7.73011848e-07,-1.33017027e-06,8.61269566e-03,-2.50969897e-04,5.59149066e-04,-2.31010846e-04,9.24040224e-06,3.96458048e-06
7.49000000e+02,6.60356630e-01,5.31730058e-05,2.62245088e-05,8.37054512e-03,-2.22115718e-04,5.26436963e-04,5.63264320e-01,5.34177628e-05,2.74093328e-05,9.70923119e-02,-2.44757250e-07,-1.18482394e-06,8.60223262e-03,-2.35440463e-04,5.25909102e-04,-2.31687477e-04,1.33247449e-05,5.27860981e-07
7.50000000e+02,6.60436468e-01,6.25593995e-05,2.62102359e-05,8.37256168e-03,-2.50600282e-04,5.58844535e-04,5.63309420e-01,6.16182467e-05,2.74940320e-05,9.71270480e-02,9.41152838e-07,-1.28379612e-06,8.60303627e-03,-2.59602751e-04,5.53977170e-04,-2.30474574e-04,9.00246854e-06,4.86736226e-06
7.51000000e+02,6.60458394e-01,6.40834532e-05,2.70296367e-05,8.35944036e-03,-2.38126634e-04,5.77581440e-04,5.63303834e-01,6.41880795e-05,2.82844736e-05,9.71545633e-02,-1.04626374e-07,-1.25483695e-06,8.59054524e-03,-2.51348427e-04,5.76493300e-04,-2.31104850e-04,1.32217938e-05,1.08814110e-06
7.52000000e+02,6.60534758e-01,6.51221760e-05,2.31027777e-05,8.36551441e-03,-2.55030395e-04,5.66358493e-04,5.63345780e-01,6.43419641e-05,2.44279831e-05,9.71889781e-02,7.80211928e-07,-1.32520541e-06,8.59532010e-03,-2.64199465e-04,5.62405987e-04,-2.29805665e-04,9.16907112e-06,3.95250377e-06
7.53000000e+02,6.60551268e-01,5.49425090e-05,2.78886309e-05,8.35698672e-03,-2.34539319e-04,5.37440894e-04,5.63335058e-01,5.51909318e-05,2.90658869e-05,9.72162093e-02,-2.48422983e-07,-1.17725595e-06,8.58746038e-03,-2.47820365e-04,5.36921421e-04,-2.30473685e-04,1.32810453e-05,5.19477560e-07
7.54000000e+02,6.60632802e-01,6.49923053e-05,2.82647065e-05,8.36234728e-03,-2.65292012e-04,5.74299460e-04,5.63382333e-01,6.40617661e-05,2.95312887e-05,9.72504712e-02,9.30539021e-07,-1.26658218e-06,8.59160871e-03,-2.74315677e-04,5.69528178e-04,-2.29261448e-04,9.02366578e-06,4.77128469e-06
7.55000000e+02,6.60655230e-01,6.62139896e-05,2.89711310e-05,8.35015318e-03,-2.51899131e-04,5.94900455e-04,5.63377626e-01,6.63705406e-05,3.02229938e-05,9.72776044e-02,-1.56550795e-07,-1.25186278e-06,8.58006255e-03,-2.64979421e-04,5.94048794e-04,-2.29909389e-04,1.30802903e-05,8.51660247e-07
7.56000000e+02,6.60732368e-01,6.72633096e-05,2.51312360e-05,8.35833025e-03,-2.72004528e-04,5.89124548e-04,5.63421089e-01,6.65419528e-05,2.64419976e-05,9.73112789e-02,7.21357009e-07,-1.31076160e-06,8.58693927e-03,-2.81027623e-04,5.85497266e-04,-2.28609030e-04,9.02309492e-06,3.62728256e-06
7.57000000e+02,6.60748556e-01,5.59745034e-05,2.98904340e-05,8.34913362e-03,-2.46374563e-04,5.52514915e-04,5.63410978e-01,5.62698364e-05,3.10292144e-05,9.73375777e-02,-2.95333076e-07,-1.13878039e-06,8.57843507e-03,-2.59366693e-04,5.52301875e-04,-2.29301454e-04,1.29921305e-05,2.13041810e-07
7.58000000e+02,6.60829712e-01,6.54093576e-05,2.87598994e-05,8.35520883e-03,-2.69498020e-04,5.84480971e-04,5.63458635e-01,6.45079357e-05,3.00194459e-05,9.73710778e-02,9.01422074e-07,-1.25954653e-06,8.58332290e-03,-2.78210987e-04,5.80060296e-04,-2.28114046e-04,8.71296659e-06,4.42067784e-06
7.59000000e+02,6.60852875e-01,6.65163960e-05,2.90920567e-05,8.34412402e-03,-2.55203344e-04,5.98998347e-04,5.63455098e-01,6.66774194e-05,3.03286029e-05,9.73977769e-02,-1.61023486e-07,-1.23654623e-06,8.57289736e-03,-2.68193848e-04,5.98429277e-04,-2.28773356e-04,1.29905040e-05,5.69066933e-07
7.60000000e+02,6.60930822e-01,6.64206366e-05,2.47122444e-05,8.35187529e-03,-2.68856339e-04,5.79448262e-04,5.63499736e-01,6.57172836e-05,2.60283349e-05,9.74310849e-02,7.03353205e-07,-1.31609053e-06,8.57937274e-03,-2.77872384e-04,5.76150979e-04,-2.27497431e-04,9.01604459e-06,3.29728233e-06
7.61000000e+02,6.60948531e-01,5.40096406e-05,2.87579486e-05,8.34303686e-03,-2.35554402e-04,5.33568053e-04,5.63491481e-01,5.43275306e-05,2.99044661e-05,9.74570502e-02,-3.17890314e-07,-1.14651749e-06,8.57123297e-03,-2.48667434e-04,5.33586187e-04,-2.28196137e-04,1.31130314e-05,-1.81353205e-08
7.62000000e+02,6.61031489e-01,6.24904587e-05,2.80997919e-05,8.34770528e-03,-2.57539568e-04,5.56398571e-04,5.63541114e-01,6.15995400e-05,2.93659920e-05,9.74903753e-02,8.90918467e-07,-1.26620017e-06,8.57473379e-03,-2.66471515e-04,5.51963400e-04,-2.27028519e-04,8.93194720e-06,4.43516889e-06
7.63000000e+02,6.61054815e-01,6.30527652e-05,2.71460523e-05,8.33406893e-03,-2.37129297e-04,5.65366907e-04,5.63538682e-01,6.32142045e-05,2.84030882e-05,9.75161325e-02,-1.61439314e-07,-1.25703588e-06,8.56178983e-03,-2.50133802e-04,5.64822754e-04,-2.27720895e-04,1.30045053e-05,5.44154320e-07
7.64000000e+02,6.61132070e-01,6.22177492e-05,2.30033096e-05,8.33908563e-03,-2.52657425e-04,5.42430751e-04,5.63583445e-01,6.15318172e-05,2.42946280e-05,9.75486232e-02,6.85931965e-07,-1.29131839e-06,8.56555442e-03,-2.61529821e-04,5.39169302e-04,-2.26468784e-04,8.87239556e-06,3.26145111e-06
7.65000000e+02,6.61149717e-01,4.93463286e-05,2.69579091e-05,8.32797572e-03,-2.19183590e-04,4.90470911e-04,5.63575435e-01,4.96682109e-05,2.80867180e-05,9.75742823e-02,-3.21882359e-07,-1.12880885e-06,8.55515854e-03,-2.32061920e-04,4.90616507e-04,-2.27182828e-04,1.28783307e-05,-1.45597270e-07
7.66000000e+02,6.61232635e-01,5.85989095e-05,2.52208529e-05,8.32992901e-03,-2.30348804e-04,5.14518865e-04,5.63625772e-01,5.76978067e-05,2.64555119e-05,9.76068628e-02,9.01102595e-07,-1.23465897e-06,8.55593636e-03,-2.38930614e-04,5.10345144e-04,-2.26007362e-04,8.58181072e-06,4.17372436e-06
7.67000000e+02,6.61255721e-01,5.91738441e-05,2.40503643e-05,8.31462108e-03,-2.04826702e-04,5.25449024e-04,5.63623360e-01,5.93332838e-05,2.52560122e-05,9.76323582e-02,-1.59439483e-07,-1.20564788e-06,8.54129465e-03,-2.17629621e-04,5.24827930e-04,-2.26673593e-04,1.28029188e-05,6.21093857e-07
7.68000000e+02,6.61332734e-01,5.95818976e-05,1.88585859e-05,8.31703494e-03,-2.13946362e-04,5.13004231e-04,5.63668056e-01,5.88702613e-05,2.01515124e-05,9.76646816e-02,7.11636443e-07,-1.29292644e-06,8.54241556e-03,-2.22769334e-04,5.09523459e-04,-2.25380630e-04,8.82297176e-06,3.48077526e-06
7.69000000e+02,6.61350120e-01,4.79344208e-05,2.37418581e-05,8.30342257e-03,-1.88119262e-04,4.72748932e-04,5.63660131e-01,4.82285805e-05,2.48432425e-05,9.76899867e-02,-2.94159461e-07,-1.10138439e-06,8.52946065e-03,-2.00700831e-04,4.72522507e-04,-2.26038103e-04,1.25815692e-05,2.26423798e-07
7.70000000e+02,6.61432895e-01,5.83021099e-05,2.31754323e-05,8.30433384e-03,-2.08850804e-04,5.10751248e-04,5.63710554e-01,5.73628890e-05,2.43630173e-05,9.77223439e-02,9.39220860e-07,-1.18758491e-06,8.52914422e-03,-2.17094515e-04,5.05943158e-04,-2.24810348e-04,8.24371041e-06,4.80809319e-06
7.71000000e+02,6.61456513e-01,6.01341869e-05,2.24830102e-05,8.28813005e-03,-1.88600939e-04,5.32622835e-04,5.63709064e-01,6.02463904e-05,2.36558765e-05,9.77474503e-02,-1.12203456e-07,-1.17286629e-06,8.51355779e-03,-2.01048833e-04,5.31539222e-04,-2.25427701e-04,1.24478927e-05,1.08360867e-06
7.72000000e+02,6.61534880e-01,5.93151575e-05,1.69996295e-05,8.29139167e-03,-1.97162497e-04,5.13084751e-04,5.63755515e-01,5.85979860e-05,1.82550221e-05,9.77793651e-02,7.17171416e-07,-1.25539264e-06,8.51549382e-03,-2.05590094e-04,5.09378388e-04,-2.24102155e-04,8.42759799e-06,3.70636382e-06
7.73000000e+02,6.61553391e-01,4.77443042e-05,2.17670093e-05,8.27936996e-03,-1.72725205e-04,4.70073864e-04,5.63749224e-01,4.79872805e-05,2.28447336e-05,9.78041665e-02,-2.42976321e-07,-1.07772426e-06,8.50411057e-03,-1.85026063e-04,4.69539436e-04,-2.24740569e-04,1.23008581e-05,5.34427684e-07
7.74000000e+02,6.61637383e-01,5.76003515e-05,2.04975187e-05,8.28150017e-03,-1.88270172e-04,5.02240267e-04,5.63801425e-01,5.66404270e-05,2.16709307e-05,9.78359596e-02,9.59924472e-07,-1.17341209e-06,8.50500617e-03,-1.96213551e-04,4.97202209e-04,-2.23505982e-04,7.94337943e-06,5.03805893e-06
7.75000000e+02,6.61661974e-01,5.80276070e-05,2.02108419e-05,8.26720864e-03,-1.71313032e-04,5.15814068e-04,5.63801444e-01,5.81539985e-05,2.13288350e-05,9.78605279e-02,-1.26391657e-07,-1.11799306e-06,8.49132630e-03,-1.83246250e-04,5.14694242e-04,-2.24117657e-04,1.19332180e-05,1.11982885e-06
7.76000000e+02,6.61740221e-01,5.80620183e-05,1.64913930e-05,8.27280592e-03,-1.90940533e-04,5.02351336e-04,5.63848405e-01,5.72943259e-05,1.76448857e-05,9.78918191e-02,7.67692261e-07,-1.15349278e-06,8.49559533e-03,-1.98745034e-04,4.98299744e-04,-2.22789419e-04,7.80450088e-06,4.05159635e-06
7.77000000e+02,6.61759058e-01,4.65504095e-05,2.20005177e-05,8.26338170e-03,-1.72192835e-04,4.65472414e-04,5.63842974e-01,4.67952496e-05,2.30206549e-05,9.79160855e-02,-2.44840155e-07,-1.02013718e-06,8.48680829e-03,-1.84011233e-04,4.64704630e-04,-2.23426615e-04,1.18183979e-05,7.67783992e-07
7.78000000e+02,6.61843140e-01,5.65099540e-05,2.14579789e-05,8.26712582e-03,-1.92410073e-04,4.96390687e-04,5.63895824e-01,5.55444375e-05,2.26215873e-05,9.79473169e-02,9.65516228e-07,-1.16360849e-06,8.48930998e-03,-2.00314486e-04,4.91303003e-04,-2.22184192e-04,7.90441293e-06,5.08767993e-06
7.79000000e+02,6.61867178e-01,5.76775379e-05,2.07492696e-05,8.25510120e-03,-1.69497970e-04,5.15318399e-04,5.63895972e-01,5.77819483e-05,2.18964094e-05,9.79712075e-02,-1.04410219e-07,-1.14713978e-06,8.47789293e-03,-1.81642826e-04,5.13976930e-04,-2.22791715e-04,1.21448559e-05,1.34147063e-06
7.80000000e+02,6.61945020e-01,5.80773194e-05,1.57985802e-05,8.26182129e-03,-1.84236472e-04,5.05827863e-04,5.63943072e-01,5.73118924e-05,1.70051294e-05,9.80019490e-02,7.65426670e-07,-1.20654925e-06,8.48327348e-03,-1.92151850e-04,5.01813569e-04,-2.21452184e-04,7.91537831e-06,4.01428994e-06
7.81000000e+02,6.61963142e-01,4.63076347e-05,2.03931924e-05,8.25309436e-03,-1.61202836e-04,4.62661508e-04,5.63937501e-01,4.65678810e-05,2.14294790e-05,9.80256393e-02,-2.60246454e-07,-1.03628669e-06,8.47519279e-03,-1.73089243e-04,4.62045528e-04,-2.22098430e-04,1.18864073e-05,6.15980142e-07
7.82000000e+02,6.62045792e-01,5.52100299e-05,2.02516664e-05,8.25858539e-03,-1.84999280e-04,4.88596405e-04,5.63989445e-01,5.42737859e-05,2.13870065e-05,9.80563474e-02,9.36244068e-07,-1.13534008e-06,8.47946395e-03,-1.92672824e-04,4.83805478e-04,-2.20878536e-04,7.67354347e-06,4.79092767e-06
7.83000000e+02,6.62069737e-01,5.58024975e-05,2.11228931e-05,8.24763314e-03,-1.74403319e-04,4.99666564e-04,5.63989947e-01,5.59110218e-05,2.22199798e-05,9.80797886e-02,-1.08524076e-07,-1.09708667e-06,8.46915040e-03,-1.86289786e-04,4.98624101e-04,-2.21517264e-04,1.18864670e-05,1.04246598e-06
7.84000000e+02,6.62147614e-01,5.53802792e-05,1.54971437e-05,8.25493522e-03,-1.79815282e-04,4.80148563e-04,5.64037600e-01,5.45988185e-05,1.66873946e-05,9.81100139e-02,7.81460912e-07,-1.19025087e-06,8.47514703e-03,-1.87730093e-04,4.76120729e-04,-2.20211818e-04,7.91481110e-06,4.02783491e-06
7.85000000e+02,6.62166027e-01,4.29127856e-05,2.01727723e-05,8.24584820e-03,-1.54438095e-04,4.33231925e-04,5.64032846e-01,4.31659484e-05,2.11799842e-05,9.81331833e-02,-2.53162598e-07,-1.00721183e-06,8.46672477e-03,-1.66230234e-04,4.32510285e-04,-2.20876567e-04,1.17921388e-05,7.21639162e-07
7.86000000e+02,6.62249125e-01,5.31155598e-05,1.99843437e-05,8.25039704e-03,-1.78170247e-04,4.68769326e-04,5.64085731e-01,5.21432293e-05,2.10844813e-05,9.81633910e-02,9.72330327e-07,-1.10013767e-06,8.47006370e-03,-1.85530028e-04,4.63672614e-04,-2.19666689e-04,7.35978083e-06,5.09671166e-06
7.87000000e+02,6.62272681e-01,5.32082228e-05,2.12919385e-05,8.23644577e-03,-1.75955994e-04,4.79385901e-04,5.64086556e-01,5.33253273e-05,2.23516903e-05,9.81861262e-02,-1.17104570e-07,-1.05975176e-06,8.45676217e-03,-1.87281272e-04,4.78314923e-04,-2.20316424e-04,1.13252775e-05,1.07097832e-06
7.88000000e+02,6.62350169e-01,5.27824597e-05,1.73700921e-05,8.24082041e-03,-1.97033126e-04,4.59217609e-04,5.64134365e-01,5.20396830e-05,1.85106970e-05,9.82158022e-02,7.42776990e-07,-1.14060481e-06,8.45984196e-03,-2.04463782e-04,4.55347783e-04,-2.19021566e-04,7.43065566e-06,3.86982558e-06
7.89000000e+02,6.62367115e-01,4.16867224e-05,2.17914553e-05,8.22924741e-03,-1.70031992e-04,4.21245036e-04,5.64128689e-01,4.19124396e-05,2.27955013e-05,9.82384261e-02,-2.25716940e-07,-1.00404599e-06,8.44892925e-03,-1.81753334e-04,4.20437124e-04,-2.19681829e-04,1.17213424e-05,8.07911569e-07
7.90000000e+02,6.62448583e-01,5.11774875e-05,2.06550912e-05,8.23126737e-03,-1.85620550e-04,4.53064107e-04,5.64180551e-01,5.01953829e-05,2.17686412e-05,9.82680317e-02,9.82104588e-07,-1.11354997e-06,8.44972721e-03,-1.93139661e-04,4.47822489e-04,-2.18459834e-04,7.51911127e-06,5.24161849e-06
7.91000000e+02,6.62470544e-01,5.26284984e-05,2.05877070e-05,8.21581666e-03,-1.69901129e-04,4.72368070e-04,5.64180181e-01,5.26774888e-05,2.16663853e-05,9.82903607e-02,-4.89903502e-08,-1.07867834e-06,8.43489443e-03,-1.81453408e-04,4.70821966e-04,-2.19077762e-04,1.15522792e-05,1.54610416e-06
7.92000000e+02,6.62546783e-01,5.28575897e-05,1.57282790e-05,8.22065494e-03,-1.77350594e-04,4.57115584e-04,5.64227266e-01,5.20245605e-05,1.68718462e-05,9.83195153e-02,8.33029311e-07,-1.14356724e-06,8.43840907e-03,-1.85005491e-04,4.52709974e-04,-2.17754143e-04,7.65489747e-06,4.40560915e-06
7.93000000e+02,6.62563344e-01,4.18408020e-05,2.01110183e-05,8.20932328e-03,-1.48803156e-04,4.26334436e-04,5.64221785e-01,4.20648906e-05,2.11068668e-05,9.83415619e-02,-2.24088671e-07,-9.95848505e-07,8.42771440e-03,-1.60544793e-04,4.25291452e-04,-2.18391141e-04,1.17416371e-05,1.04298384e-06
7.94000000e+02,6.62644349e-01,5.21962528e-05,1.96840939e-05,8.21161091e-03,-1.68522344e-04,4.61059070e-04,5.64273822e-01,5.11862871e-05,2.08129676e-05,9.83705291e-02,1.00996576e-06,-1.12887375e-06,8.42874851e-03,-1.76195313e-04,4.55716297e-04,-2.17137587e-04,7.67296872e-06,5.34277380e-06
7.95000000e+02,6.62666162e-01,5.40388785e-05,1.89037253e-05,8.19851133e-03,-1.50135445e-04,4.78280381e-04,5.64273958e-01,5.40798135e-05,2.00328398e-05,9.83922053e-02,-4.09350509e-08,-1.12911448e-06,8.41623909e-03,-1.61998904e-04,4.76777723e-04,-2.17727748e-04,1.18634594e-05,1.50265796e-06
7.96000000e+02,6.62742444e-01,5.37293574e-05,1.30299194e-05,8.20389766e-03,-1.56188387e-04,4.63915699e-04,5.64321786e-01,5.29467514e-05,1.42110638e-05,9.84206582e-02,7.82606227e-07,-1.18114434e-06,8.42028272e-03,-1.63958362e-04,4.59778485e-04,-2.16385031e-04,7.76997551e-06,4.13721495e-06
7.97000000e+02,6.62758655e-01,4.23813117e-05,1.82164055e-05,8.19378781e-03,-1.31286442e-04,4.30205204e-04,5.64316674e-01,4.26075085e-05,1.91888249e-05,9.84419815e-02,-2.26196863e-07,-9.72419412e-07,8.41080501e-03,-1.42927722e-04,4.29180597e-04,-2.17017201e-04,1.16412797e-05,1.02460725e-06
7.98000000e+02,6.62838404e-01,5.31391828e-05,1.79094200e-05,8.19775577e-03,-1.53251443e-04,4.68823810e-04,5.64368085e-01,5.21279597e-05,1.90153134e-05,9.84703181e-02,1.01122314e-06,-1.10589341e-06,8.41353491e-03,-1.60615685e-04,4.63446665e-04,-2.15779172e-04,7.36424150e-06,5.37714458e-06
7.99000000e+02,6.62859528e-01,5.53748094e-05,1.80638601e-05,8.18488393e-03,-1.41733451e-04,4.92134015e-04,5.64368190e-01,5.54335319e-05,1.91432958e-05,9.84913384e-02,-5.87222841e-08,-1.07943564e-06,8.40128027e-03,-1.53244675e-04,4.90563073e-04,-2.16396327e-04,1.15112250e-05,1.57094138e-06
8.00000000e+02,6.62935048e-01,5.55254876e-05,1.25020444e-05,8.19068599e-03,-1.49877284e-04,4.82606938e-04,5.64415886e-01,5.47435220e-05,1.36616837e-05,9.85191621e-02,7.81966008e-07,-1.15963933e-06,8.40576555e-03,-1.57446022e-04,4.78435442e-04,-2.15079520e-04,7.56873839e-06,4.17149664e-06
8.01000000e+02,6.62950885e-01,4.41491513e-05,1.67826880e-05,8.18115308e-03,-1.23283251e-04,4.47624959e-04,5.64410949e-01,4.43848402e-05,1.77476651e-05,9.85399343e-02,-2.35688913e-07,-9.64977011e-07,8.39688403e-03,-1.34770550e-04,4.46898621e-04,-2.15730964e-04,1.14872981e-05,7.26337165e-07
8.02000000e+02,6.63031054e-01,5.43276816e-05,1.65662821e-05,8.18436092e-03,-1.43926865e-04,4.80116532e-04,5.64463208e-01,5.33668650e-05,1.76190984e-05,9.85678456e-02,9.60816681e-07,-1.05281635e-06,8.39887288e-03,-1.51116573e-04,4.75202928e-04,-2.14511965e-04,7.18970811e-06,4.91360380e-06
8.03000000e+02,6.63052450e-01,5.66219700e-05,1.69117432e-05,8.16980013e-03,-1.33205968e-04,5.03646598e-04,5.64463928e-01,5.67286029e-05,1.79895560e-05,9.85885224e-02,-1.06633034e-07,-1.07781282e-06,8.38494178e-03,-1.44602445e-04,5.02440625e-04,-2.15141663e-04,1.13964764e-05,1.20597337e-06
8.04000000e+02,6.63127966e-01,5.67851070e-05,1.20370115e-05,8.17417297e-03,-1.47016822e-04,4.95967160e-04,5.64512001e-01,5.60343190e-05,1.31892813e-05,9.86159649e-02,7.50788250e-07,-1.15226977e-06,8.38800334e-03,-1.54475468e-04,4.91911219e-04,-2.13830393e-04,7.45864593e-06,4.05594167e-06
8.05000000e+02,6.63143683e-01,4.44291971e-05,1.63654385e-05,8.16298652e-03,-1.19083853e-04,4.60256745e-04,5.64507344e-01,4.46942936e-05,1.73229574e-05,9.86363390e-02,-2.65096805e-07,-9.57518849e-07,8.37746964e-03,-1.30520520e-04,4.59480187e-04,-2.14483125e-04,1.14366663e-05,7.76558155e-07
8.06000000e+02,6.63223560e-01,5.59467555e-05,1.53823821e-05,8.16511839e-03,-1.36973811e-04,5.03675290e-04,5.64559825e-01,5.49652593e-05,1.64655807e-05,9.86637341e-02,9.81496426e-07,-1.08319858e-06,8.37838679e-03,-1.44164956e-04,4.98612343e-04,-2.13268445e-04,7.19114453e-06,5.06294432e-06
8.07000000e+02,6.63244408e-01,5.72536869e-05,1.60212228e-05,8.15004951e-03,-1.29594203e-04,5.17930349e-04,5.64560471e-01,5.73459586e-05,1.70817186e-05,9.86839351e-02,-9.22715610e-08,-1.06049581e-06,8.36394339e-03,-1.40960192e-04,5.16679053e-04,-2.13893837e-04,1.13659888e-05,1.25129620e-06
8.08000000e+02,6.63319550e-01,5.64114629e-05,1.15202210e-05,8.15386915e-03,-1.43967393e-04,5.01128367e-04,5.64608559e-01,5.57002113e-05,1.26488884e-05,9.87109913e-02,7.11251700e-07,-1.12866737e-06,8.36644294e-03,-1.51396050e-04,4.97420481e-04,-2.12573798e-04,7.42865729e-06,3.70788654e-06
8.09000000e+02,6.63335738e-01,4.49584042e-05,1.65985216e-05,8.14293198e-03,-1.18895165e-04,4.63330635e-04,5.64604684e-01,4.52057475e-05,1.75502153e-05,9.87310557e-02,-2.47343283e-07,-9.51693637e-07,8.35614976e-03,-1.30251346e-04,4.62889981e-04,-2.13217782e-04,1.13561811e-05,4.40653447e-07
8.10000000e+02,6.63416447e-01,5.51079156e-05,1.60170356e-05,8.14665499e-03,-1.38024011e-04,4.93178310e-04,5.64658379e-01,5.41563546e-05,1.70806744e-05,9.87580668e-02,9.51561132e-07,-1.06363880e-06,8.35864581e-03,-1.45148985e-04,4.88425580e-04,-2.11990799e-04,7.12497429e-06,4.75273051e-06
8.11000000e+02,6.63437237e-01,5.58198515e-05,1.60059500e-05,8.13324122e-03,-1.27862617e-04,5.04894578e-04,5.64659406e-01,5.59577445e-05,1.70458769e-05,9.87778310e-02,-1.37893097e-07,-1.03992688e-06,8.34585386e-03,-1.39059868e-04,5.03995820e-04,-2.12612600e-04,1.11972501e-05,8.98757984e-07
8.12000000e+02,6.63511768e-01,5.50714471e-05,1.14611052e-05,8.13849941e-03,-1.42467791e-04,4.86074691e-04,5.64707386e-01,5.43402089e-05,1.25746425e-05,9.88043826e-02,7.31238507e-07,-1.11353734e-06,8.34979590e-03,-1.49683610e-04,4.82466970e-04,-2.11296460e-04,7.21581920e-06,3.60772092e-06
8.13000000e+02,6.63526528e-01,4.22982679e-05,1.69826921e-05,8.12920109e-03,-1.21550090e-04,4.36484730e-04,5.64702694e-01,4.25618502e-05,1.79395227e-05,9.88238335e-02,-2.63582055e-07,-9.56830619e-07,8.34114304e-03,-1.32817378e-04,4.36020434e-04,-2.11941934e-04,1.12672880e-05,4.64295702e-07
8.14000000e+02,6.63605658e-01,5.32818111e-05,1.68618035e-05,8.13299734e-03,-1.47937486e-04,4.69115616e-04,5.64755408e-01,5.23326737e-05,1.79308395e-05,9.88502517e-02,9.49137414e-07,-1.06903600e-06,8.34370872e-03,-1.55065128e-04,4.64423810e-04,-2.10711410e-04,7.12764136e-06,4.69180575e-06
8.15000000e+02,6.63625580e-01,5.46102838e-05,1.77457907e-05,8.12032833e-03,-1.39655067e-04,4.89534178e-04,5.64756186e-01,5.47521566e-05,1.87620001e-05,9.88693969e-02,-1.41872791e-07,-1.01620936e-06,8.33166960e-03,-1.50732226e-04,4.88662444e-04,-2.11341300e-04,1.10771585e-05,8.71734503e-07
8.16000000e+02,6.63699026e-01,5.43159961e-05,1.51033880e-05,8.12687695e-03,-1.67764381e-04,4.78228171e-04,5.64803765e-01,5.35960838e-05,1.61934963e-05,9.88952611e-02,7.19912169e-07,-1.09010832e-06,8.33691160e-03,-1.74918621e-04,4.74586081e-04,-2.10034613e-04,7.15423928e-06,3.64209028e-06
8.17000000e+02,6.63713152e-01,4.37806443e-05,2.00213142e-05,8.11752942e-03,-1.39962354e-04,4.44174297e-04,5.64799194e-01,4.40259949e-05,2.09696492e-05,9.89139589e-02,-2.45350565e-07,-9.48335003e-07,8.32822042e-03,-1.51229134e-04,4.43746611e-04,-2.10691000e-04,1.12667792e-05,4.27685644e-07
8.18000000e+02,6.63791535e-01,5.47794836e-05,1.94039125e-05,8.12216652e-03,-1.62561592e-04,4.81047117e-04,5.64852033e-01,5.38368030e-05,2.04828848e-05,9.89395002e-02,9.42680515e-07,-1.07897236e-06,8.33163984e-03,-1.69626206e-04,4.76428795e-04,-2.09473302e-04,7.06461423e-06,4.61832295e-06
8.19000000e+02,6.63810065e-01,5.54971204e-05,2.00135454e-05,8.11020706e-03,-1.58158918e-04,4.98102547e-04,5.64852173e-01,5.56539664e-05,2.10726037e-05,9.89578922e-02,-1.56845684e-07,-1.05905841e-06,8.32030600e-03,-1.69373992e-04,4.97152548e-04,-2.10098966e-04,1.12150735e-05,9.49997984e-07
8.20000000e+02,6.63882129e-01,5.59624421e-05,1.50451419e-05,8.11718313e-03,-1.72346441e-04,4.88045089e-04,5.64899110e-01,5.52100968e-05,1.62097088e-05,9.89830199e-02,7.52345342e-07,-1.16456692e-06,8.32597817e-03,-1.79801252e-04,4.84293118e-04,-2.08795018e-04,7.45481156e-06,3.75197149e-06
8.21000000e+02,6.63895356e-01,4.58168016e-05,1.95606122e-05,8.10786161e-03,-1.42891729e-04,4.63457171e-04,5.64894157e-01,4.60693303e-05,2.05431694e-05,9.90011995e-02,-2.52528460e-07,-9.82557121e-07,8.31732419e-03,-1.54412849e-04,4.62922526e-04,-2.09462560e-04,1.15211206e-05,5.34644702e-07
8.22000000e+02,6.63972872e-01,5.61128636e-05,1.83010432e-05,8.11253363e-03,-1.61053680e-04,5.01039302e-04,5.64946591e-01,5.51848562e-05,1.94376288e-05,9.90262833e-02,9.28007557e-07,-1.13658563e-06,8.32079803e-03,-1.68497633e-04,4.96302712e-04,-2.08264394e-04,7.44395321e-06,4.73658956e-06
8.23000000e+02,6.63992028e-01,5.81767971e-05,1.77465077e-05,8.09952601e-03,-1.47382298e-04,5.25245559e-04,5.64947778e-01,5.83002449e-05,1.88379169e-05,9.90442489e-02,-1.23447836e-07,-1.09140918e-06,8.30844511e-03,-1.58868420e-04,5.24250136e-04,-2.08919068e-04,1.14861224e-05,9.95421208e-07
8.24000000e+02,6.64064956e-01,5.94105800e-05,1.35061895e-05,8.10499973e-03,-1.61284105e-04,5.20418737e-04,5.64995972e-01,5.86855414e-05,1.46446561e-05,9.90689853e-02,7.25038628e-07,-1.13846655e-06,8.31264561e-03,-1.68789745e-04,5.16843571e-04,-2.07645845e-04,7.50563972e-06,3.57516183e-06
8.25000000e+02,6.64078479e-01,4.84307369e-05,1.81444947e-05,8.09292560e-03,-1.33987359e-04,4.87444186e-04,5.64991840e-01,4.86972537e-05,1.91193805e-05,9.90866386e-02,-2.66516613e-07,-9.74885803e-07,8.30126168e-03,-1.45513680e-04,4.87093418e-04,-2.08336063e-04,1.15263201e-05,3.50769028e-07
8.26000000e+02,6.64155671e-01,5.91396499e-05,1.72991784e-05,8.09374306e-03,-1.52620500e-04,5.26589742e-04,5.65044356e-01,5.81997992e-05,1.83922914e-05,9.91113131e-02,9.39850727e-07,-1.09311297e-06,8.30088888e-03,-1.59999791e-04,5.21940121e-04,-2.07145820e-04,7.37929087e-06,4.64962180e-06
8.27000000e+02,6.64173913e-01,6.09037412e-05,1.78234218e-05,8.07665398e-03,-1.45089741e-04,5.48576050e-04,5.65045087e-01,6.10340313e-05,1.89001512e-05,9.91288251e-02,-1.30290220e-07,-1.07672939e-06,8.28444424e-03,-1.56493717e-04,5.47657719e-04,-2.07790240e-04,1.14039759e-05,9.18328100e-07
8.28000000e+02,6.64245974e-01,6.19735222e-05,1.44081059e-05,8.07870288e-03,-1.69067909e-04,5.41390136e-04,5.65092787e-01,6.12445512e-05,1.55601259e-05,9.91531872e-02,7.28971088e-07,-1.15201999e-06,8.28519104e-03,-1.76608486e-04,5.37920447e-04,-2.06488157e-04,7.54057641e-06,3.46969171e-06
8.29000000e+02,6.64258159e-01,5.12519752e-05,1.93879450e-05,8.06403247e-03,-1.50504404e-04,5.11929449e-04,5.65087585e-01,5.15637636e-05,2.04051454e-05,9.91705728e-02,-3.11788605e-07,-1.01720031e-06,8.27117718e-03,-1.62124190e-04,5.11893221e-04,-2.07144713e-04,1.16197861e-05,3.62302385e-08
8.30000000e+02,6.64334530e-01,6.08239035e-05,1.75372713e-05,8.06306159e-03,-1.67401665e-04,5.47087341e-04,5.65139595e-01,5.99495226e-05,1.86859831e-05,9.91949342e-02,8.74381098e-07,-1.14871179e-06,8.26898035e-03,-1.74854050e-04,5.42854132e-04,-2.05918762e-04,7.45238529e-06,4.23320931e-06
8.31000000e+02,6.64351900e-01,6.15872924e-05,1.92034221e-05,8.04407606e-03,-1.64484608e-04,5.60826842e-04,5.65139844e-01,6.17554133e-05,2.02607103e-05,9.92120536e-02,-1.68121073e-07,-1.05728819e-06,8.25060668e-03,-1.75962237e-04,5.60282310e-04,-2.06530652e-04,1.14776280e-05,5.44530454e-07
8.32000000e+02,6.64422304e-01,6.13095021e-05,1.50247795e-05,8.04482364e-03,-1.79750045e-04,5.39905001e-04,5.65186291e-01,6.06066498e-05,1.61679456e-05,9.92360116e-02,7.02852377e-07,-1.14316605e-06,8.25001466e-03,-1.87399090e-04,5.36742382e-04,-2.05191045e-04,7.64904445e-06,3.16262002e-06
8.33000000e+02,6.64432734e-01,4.92546565e-05,1.95494680e-05,8.02982222e-03,-1.53248123e-04,4.97391226e-04,5.65179713e-01,4.95705624e-05,2.05590645e-05,9.92530229e-02,-3.15906026e-07,-1.00959655e-06,8.23562587e-03,-1.64910831e-04,4.97495025e-04,-2.05803653e-04,1.16627084e-05,-1.03801000e-07
8.34000000e+02,6.64507794e-01,5.77364429e-05,1.91061706e-05,8.02959692e-03,-1.78995237e-04,5.20308382e-04,5.65230692e-01,5.68684464e-05,2.02257550e-05,9.92771030e-02,8.67996256e-07,-1.11958439e-06,8.23413329e-03,-1.86458862e-04,5.16191534e-04,-2.04536385e-04,7.46362538e-06,4.11684712e-06
8.35000000e+02,6.64523978e-01,5.81788454e-05,2.11579859e-05,8.01357282e-03,-1.81147755e-04,5.34381957e-04,5.65229972e-01,5.83796340e-05,2.22181889e-05,9.92940065e-02,-2.00788652e-07,-1.06020303e-06,8.21870666e-03,-1.92654666e-04,5.34062210e-04,-2.05133832e-04,1.15069110e-05,3.19747374e-07
8.36000000e+02,6.64593985e-01,5.78997888e-05,1.81313279e-05,8.01777216e-03,-2.06047208e-04,5.13520431e-04,5.65276388e-01,5.72152756e-05,1.92704835e-05,9.93175960e-02,6.84513525e-07,-1.13915557e-06,8.22157263e-03,-2.13554091e-04,5.10460021e-04,-2.03800507e-04,7.50688352e-06,3.06041118e-06
8.37000000e+02,6.64603944e-01,4.55787298e-05,2.41839120e-05,8.00658610e-03,-1.95258318e-04,4.69046049e-04,5.65269739e-01,4.58996088e-05,2.51726184e-05,9.93342039e-02,-3.20878919e-07,-9.88706445e-07,8.21100562e-03,-2.06756294e-04,4.69161903e-04,-2.04419488e-04,1.14979754e-05,-1.15854279e-07
8.38000000e+02,6.64678468e-01,5.48866727e-05,2.39433466e-05,8.01014912e-03,-2.21822638e-04,4.97940426e-04,5.65320683e-01,5.39968266e-05,2.50525617e-05,9.93577845e-02,8.89846034e-07,-1.10921515e-06,8.21332329e-03,-2.29196947e-04,4.93738914e-04,-2.03174157e-04,7.37430947e-06,4.20151499e-06
8.39000000e+02,6.64693986e-01,5.63937894e-05,2.61359129e-05,7.99675777e-03,-2.21664440e-04,5.16681353e-04,5.65319816e-01,5.65409990e-05,2.72215353e-05,9.93741683e-02,-1.47209635e-07,-1.08562231e-06,8.20052225e-03,-2.33290913e-04,5.16066542e-04,-2.03764476e-04,1.16264734e-05,6.14810261e-07
8.40000000e+02,6.64763861e-01,5.67539411e-05,2.19578270e-05,8.00426750e-03,-2.37485614e-04,4.99851501e-04,5.65366527e-01,5.60250639e-05,2.31612754e-05,9.93973322e-02,7.28877218e-07,-1.20344830e-06,8.20668811e-03,-2.45439002e-04,4.96522186e-04,-2.02420623e-04,7.95338856e-06,3.32931378e-06
8.41000000e+02,6.64773801e-01,4.55554255e-05,2.60200775e-05,7.99655785e-03,-2.13772776e-04,4.62412879e-04,5.65360318e-01,4.58298288e-05,2.70746434e-05,9.94134810e-02,-2.74403487e-07,-1.05456588e-06,8.19960690e-03,-2.25887089e-04,4.62330490e-04,-2.03049043e-04,1.21143130e-05,8.23887475e-08
8.42000000e+02,6.64848328e-01,5.61442509e-05,2.58630086e-05,8.00299827e-03,-2.34202392e-04,5.02231431e-04,5.65411745e-01,5.52240336e-05,2.70197188e-05,9.94365839e-02,9.20217361e-07,-1.15671022e-06,8.20483295e-03,-2.42250040e-04,4.97893076e-04,-2.01834692e-04,8.04764725e-06,4.33835327e-06
8.43000000e+02,6.64863812e-01,5.66871419e-05,2.60469817e-05,7.99231650e-03,-2.16231463e-04,5.12131650e-04,5.65411328e-01,5.68314251e-05,2.72001677e-05,9.94524861e-02,-1.44283073e-07,-1.15318595e-06,8.19479045e-03,-2.28345552e-04,5.11386041e-04,-2.02473957e-04,1.21140889e-05,7.45608010e-07
8.44000000e+02,6.64933231e-01,5.74147699e-05,2.12972051e-05,8.00052474e-03,-2.34179709e-04,5.01864659e-04,5.65458090e-01,5.66813612e-05,2.25529061e-05,9.94751427e-02,7.33408547e-07,-1.25570104e-06,8.20169261e-03,-2.42395276e-04,4.98324078e-04,-2.01167829e-04,8.21556705e-06,3.54058255e-06
8.45000000e+02,6.64942082e-01,4.64854562e-05,2.56348966e-05,7.99369125e-03,-2.08496322e-04,4.72677466e-04,5.65451286e-01,4.67656853e-05,2.66914821e-05,9.94907947e-02,-2.80229080e-07,-1.05658552e-06,8.19553210e-03,-2.20675883e-04,4.72379648e-04,-2.01840822e-04,1.21795607e-05,2.97817801e-07
8.46000000e+02,6.65015792e-01,5.69511385e-05,2.43820949e-05,7.99982404e-03,-2.24716125e-04,5.11920876e-04,5.65502347e-01,5.60257567e-05,2.55797138e-05,9.95134431e-02,9.25381778e-07,-1.19761886e-06,8.20047775e-03,-2.32845962e-04,5.07442931e-04,-2.00653714e-04,8.12983716e-06,4.47794496e-06
8.47000000e+02,6.65030132e-01,5.91005644e-05,2.52765376e-05,7.98849681e-03,-2.14088036e-04,5.37621202e-04,5.65501234e-01,5.92319609e-05,2.64242308e-05,9.95288991e-02,-1.31396446e-07,-1.14769322e-06,8.18980843e-03,-2.26195271e-04,5.36815866e-04,-2.01311650e-04,1.21072350e-05,8.05333956e-07
8.48000000e+02,6.65098555e-01,6.00806129e-05,1.97660189e-05,7.99518684e-03,-2.24706747e-04,5.29159793e-04,5.65547456e-01,5.93534218e-05,2.10138824e-05,9.95510997e-02,7.27191110e-07,-1.24786353e-06,8.19522287e-03,-2.32880394e-04,5.25702072e-04,-2.00036035e-04,8.17364734e-06,3.45772387e-06
8.49000000e+02,6.65106593e-01,4.91511686e-05,2.35549932e-05,7.98634710e-03,-1.97851387e-04,4.98148526e-04,5.65540297e-01,4.94381941e-05,2.46378726e-05,9.95662978e-02,-2.87025617e-07,-1.08287940e-06,8.18705557e-03,-2.10032953e-04,4.97943976e-04,-2.00708499e-04,1.21815661e-05,2.04550981e-07
8.50000000e+02,6.65179587e-01,5.98990991e-05,2.35088186e-05,7.99059638e-03,-2.21771304e-04,5.40000640e-04,5.65591171e-01,5.89840520e-05,2.46742737e-05,9.95884167e-02,9.15047016e-07,-1.16545513e-06,8.19011917e-03,-2.29794489e-04,5.35565309e-04,-1.99522819e-04,8.02318562e-06,4.43532973e-06
8.51000000e+02,6.65192406e-01,6.18250004e-05,2.38095233e-05,7.97716957e-03,-2.04657983e-04,5.65778218e-04,5.65589040e-01,6.19785497e-05,2.49381070e-05,9.96033666e-02,-1.53549131e-07,-1.12858362e-06,8.17735095e-03,-2.16604459e-04,5.65146620e-04,-2.00181401e-04,1.19464752e-05,6.31595111e-07
8.52000000e+02,6.65259569e-01,6.23392172e-05,1.84228121e-05,7.98183979e-03,-2.15799431e-04,5.54375454e-04,5.65634498e-01,6.16223203e-05,1.96605453e-05,9.96250716e-02,7.16896765e-07,-1.23773324e-06,8.18074732e-03,-2.23895539e-04,5.51154796e-04,-1.98907522e-04,8.09610819e-06,3.22066055e-06
8.53000000e+02,6.65266560e-01,5.24394843e-05,2.27672576e-05,7.97131042e-03,-1.90785679e-04,5.27567610e-04,5.65626764e-01,5.27356133e-05,2.38254156e-05,9.96397966e-02,-2.96128957e-07,-1.05815795e-06,8.17089395e-03,-2.02856975e-04,5.27656432e-04,-1.99583559e-04,1.20712955e-05,-8.88233277e-08
8.54000000e+02,6.65339029e-01,6.27630759e-05,2.22157217e-05,7.97393431e-03,-2.15755292e-04,5.60075538e-04,5.65677483e-01,6.18636475e-05,2.33841754e-05,9.96615448e-02,8.99428699e-07,-1.16845372e-06,8.17231903e-03,-2.23519653e-04,5.56009892e-04,-1.98384690e-04,7.76436149e-06,4.06564350e-06
8.55000000e+02,6.65351482e-01,6.42214197e-05,2.34681656e-05,7.96047536e-03,-2.09837475e-04,5.77525579e-04,5.65675413e-01,6.43961524e-05,2.45797030e-05,9.96760705e-02,-1.74732670e-07,-1.11153745e-06,8.15949990e-03,-2.21526510e-04,5.77245966e-04,-1.99024556e-04,1.16890344e-05,2.79614291e-07
8.56000000e+02,6.65417490e-01,6.45521320e-05,1.97963273e-05,7.96520992e-03,-2.32670493e-04,5.69387192e-04,5.65720148e-01,6.38974943e-05,2.09913988e-05,9.96973441e-02,6.54637380e-07,-1.19507154e-06,8.16294650e-03,-2.40513077e-04,5.66524081e-04,-1.97736593e-04,7.84258437e-06,2.86310848e-06
8.57000000e+02,6.65423609e-01,5.24068945e-05,2.55811415e-05,7.95490852e-03,-2.15267934e-04,5.29273994e-04,5.65711975e-01,5.27606415e-05,2.65970559e-05,9.97116326e-02,-3.53746885e-07,-1.01591437e-06,8.15330199e-03,-2.27119199e-04,5.29637980e-04,-1.98393445e-04,1.18512654e-05,-3.63986857e-07
8.58000000e+02,6.65495048e-01,6.19756089e-05,2.58106111e-05,7.95779949e-03,-2.42102523e-04,5.56841696e-04,5.65762137e-01,6.10951502e-05,2.69466546e-05,9.97329128e-02,8.80458735e-07,-1.13604350e-06,8.15498408e-03,-2.49861006e-04,5.52885768e-04,-1.97184613e-04,7.75848337e-06,3.95592845e-06
8.59000000e+02,6.65506470e-01,6.35944848e-05,2.71601998e-05,7.94450559e-03,-2.38469960e-04,5.79475884e-04,5.65759526e-01,6.37814183e-05,2.82874546e-05,9.97469422e-02,-1.86933645e-07,-1.12725480e-06,8.14232124e-03,-2.50295703e-04,5.79189233e-04,-1.97815668e-04,1.18257424e-05,2.86649345e-07
8.60000000e+02,6.65572489e-01,6.31241846e-05,2.36522707e-05,7.95088459e-03,-2.63310483e-04,5.59712705e-04,5.65804678e-01,6.24307065e-05,2.48511906e-05,9.97678115e-02,6.93478173e-07,-1.19891983e-06,8.14739790e-03,-2.71109699e-04,5.56780929e-04,-1.96513303e-04,7.79921609e-06,2.93177653e-06
8.61000000e+02,6.65578543e-01,5.12176425e-05,2.97411919e-05,7.94365657e-03,-2.50587124e-04,5.17615489e-04,5.65796835e-01,5.15367226e-05,3.07606740e-05,9.97817044e-02,-3.19080113e-07,-1.01948215e-06,8.14082331e-03,-2.62255270e-04,5.17928832e-04,-1.97166731e-04,1.16681456e-05,-3.13346726e-07
8.62000000e+02,6.65649915e-01,6.04753190e-05,3.04705766e-05,7.95030726e-03,-2.85405052e-04,5.41998207e-04,5.65847421e-01,5.96158432e-05,3.16088939e-05,9.98024924e-02,8.59475792e-07,-1.13831738e-06,8.14627257e-03,-2.93051233e-04,5.38138900e-04,-1.95965302e-04,7.64618071e-06,3.85930313e-06
8.63000000e+02,6.65661146e-01,6.09351954e-05,3.17499454e-05,7.94065725e-03,-2.79397889e-04,5.54539350e-04,5.65845036e-01,6.11316070e-05,3.28748882e-05,9.98161094e-02,-1.96411479e-07,-1.12494287e-06,8.13726700e-03,-2.91227874e-04,5.54387626e-04,-1.96609763e-04,1.18299857e-05,1.51723066e-07
8.64000000e+02,6.65726629e-01,5.87514734e-05,2.71082904e-05,7.94963900e-03,-2.92520821e-04,5.25727437e-04,5.65890098e-01,5.80981615e-05,2.83469029e-05,9.98365299e-02,6.53311795e-07,-1.23861245e-06,8.14497587e-03,-3.00695845e-04,5.22868703e-04,-1.95336846e-04,8.17502374e-06,2.85873594e-06
8.65000000e+02,6.65732180e-01,4.67229436e-05,3.23186707e-05,7.94345675e-03,-2.68144791e-04,4.83686618e-04,5.65882232e-01,4.70387504e-05,3.33888843e-05,9.98499477e-02,-3.15806461e-07,-1.07021362e-06,8.13947210e-03,-2.80371222e-04,4.83948849e-04,-1.96015380e-04,1.22264311e-05,-2.62230732e-07
8.66000000e+02,6.65802234e-01,5.66359795e-05,3.09047526e-05,7.95000386e-03,-2.83987076e-04,5.10674487e-04,5.65931830e-01,5.57416711e-05,3.21325290e-05,9.98704051e-02,8.94308301e-07,-1.22777642e-06,8.14483868e-03,-2.92262254e-04,5.06707417e-04,-1.94834840e-04,8.27517826e-06,3.96706758e-06
8.67000000e+02,6.65812298e-01,5.77113392e-05,3.01849545e-05,7.94049371e-03,-2.65917802e-04,5.24909978e-04,5.65928647e-01,5.78895743e-05,3.13947612e-05,9.98836505e-02,-1.78235100e-07,-1.20980671e-06,8.13598737e-03,-2.78354598e-04,5.24648449e-04,-1.95493644e-04,1.24367964e-05,2.61526627e-07
8.68000000e+02,6.65877076e-01,5.64859837e-05,2.46537914e-05,7.94950775e-03,-2.71007573e-04,4.98094907e-04,5.65973418e-01,5.57995603e-05,2.59656587e-05,9.99036590e-02,6.86423429e-07,-1.31186726e-06,8.14374097e-03,-2.79716498e-04,4.95190987e-04,-1.94233228e-04,8.70892432e-06,2.90391835e-06
8.69000000e+02,6.65881682e-01,4.32800383e-05,2.83919420e-05,7.94274015e-03,-2.32849427e-04,4.56542352e-04,5.65965014e-01,4.36524753e-05,2.95283240e-05,9.99166648e-02,-3.72436934e-07,-1.13638200e-06,8.13766984e-03,-2.45477249e-04,4.56891315e-04,-1.94929701e-04,1.26278218e-05,-3.48963465e-07
8.70000000e+02,6.65951218e-01,5.26422446e-05,2.57920458e-05,7.94918100e-03,-2.37686150e-04,4.84226789e-04,5.66014542e-01,5.17675424e-05,2.70476161e-05,9.99366740e-02,8.74702277e-07,-1.25557032e-06,8.14294234e-03,-2.46066810e-04,4.80278914e-04,-1.93761330e-04,8.38066094e-06,3.94787403e-06
8.71000000e+02,6.65960563e-01,5.48352731e-05,2.48927828e-05,7.93978630e-03,-2.16867560e-04,5.02718522e-04,5.66011053e-01,5.49591838e-05,2.60852299e-05,9.99495098e-02,-1.23910623e-07,-1.19244707e-06,8.13421852e-03,-2.29186217e-04,5.02223203e-04,-1.94432216e-04,1.23186566e-05,4.95320623e-07
8.72000000e+02,6.66024450e-01,5.51153999e-05,1.97485017e-05,7.94821819e-03,-2.27039417e-04,4.92631303e-04,5.66055337e-01,5.44111614e-05,2.10482851e-05,9.99691125e-02,7.04238679e-07,-1.29978339e-06,8.14140866e-03,-2.35459147e-04,4.89443577e-04,-1.93190437e-04,8.41972898e-06,3.18772257e-06
8.73000000e+02,6.66027994e-01,4.39738402e-05,2.36634521e-05,7.94116781e-03,-1.96093045e-04,4.60248047e-04,5.66046292e-01,4.42558456e-05,2.47934768e-05,9.99817032e-02,-2.82005730e-07,-1.13002473e-06,8.13507124e-03,-2.08398044e-04,4.60161019e-04,-1.93903415e-04,1.23049985e-05,8.70286983e-08
8.74000000e+02,6.66095710e-01,5.46614298e-05,2.28446678e-05,7.94596626e-03,-2.13848081e-04,4.96306724e-04,5.66094516e-01,5.37191165e-05,2.40753184e-05,1.00001193e-01,9.42312971e-07,-1.23065056e-06,8.13873006e-03,-2.22116204e-04,4.91980409e-04,-1.92763777e-04,8.26812243e-06,4.32631564e-06
8.75000000e+02,6.66103685e-01,5.70890712e-05,2.23186765e-05,7.93333630e-03,-1.93403987e-04,5.22988195e-04,5.66090147e-01,5.72075015e-05,2.35053085e-05,1.00013536e-01,-1.18430259e-07,-1.18663211e-06,8.12679336e-03,-2.05613694e-04,5.22255078e-04,-1.93457055e-04,1.22097068e-05,7.33114096e-07
8.76000000e+02,6.66166316e-01,5.78623532e-05,1.69501094e-05,7.93828448e-03,-1.98474114e-04,5.17547228e-04,5.66133622e-01,5.71357086e-05,1.81974855e-05,1.00032693e-01,7.26644700e-07,-1.24737612e-06,8.13048987e-03,-2.06685381e-04,5.14162344e-04,-1.92205368e-04,8.21126695e-06,3.38488504e-06
8.77000000e+02,6.66167697e-01,4.78499053e-05,2.05912164e-05,7.92820002e-03,-1.65548643e-04,4.92059257e-04,5.66122900e-01,4.80893640e-05,2.16692102e-05,1.00044795e-01,-2.39458515e-07,-1.07799378e-06,8.12111374e-03,-1.77557811e-04,4.91696652e-04,-1.92913711e-04,1.20091687e-05,3.62602676e-07
8.78000000e+02,6.66234296e-01,6.07586437e-05,1.96812236e-05,7.93039306e-03,-1.87359992e-04,5.46201120e-04,5.66170386e-01,5.97952011e-05,2.08855026e-05,1.00063910e-01,9.63442611e-07,-1.20427903e-06,8.12215032e-03,-1.95125056e-04,5.41747061e-04,-1.91757250e-04,7.76506365e-06,4.45406071e-06
8.79000000e+02,6.66241644e-01,6.43784661e-05,2.11827422e-05,7.91581836e-03,-1.85371473e-04,5.82174909e-04,5.66165776e-01,6.45058765e-05,2.23146464e-05,1.00075870e-01,-1.27410445e-07,-1.13190423e-06,8.10824598e-03,-1.96982795e-04,5.81456625e-04,-1.92427587e-04,1.16113220e-05,7.18286134e-07
8.80000000e+02,6.66303260e-01,6.44595230e-05,1.66504181e-05,7.91972291e-03,-2.01108909e-04,5.74371782e-04,5.66208612e-01,6.37748055e-05,1.78618060e-05,1.00094646e-01,6.84717227e-07,-1.21138790e-06,8.11090508e-03,-2.08858226e-04,5.71249438e-04,-1.91182198e-04,7.74931689e-06,3.12234204e-06
8.81000000e+02,6.66304621e-01,5.36314424e-05,2.14788838e-05,7.90778148e-03,-1.72527900e-04,5.42440224e-04,5.66198112e-01,5.39199510e-05,2.24877755e-05,1.00106509e-01,-2.88508698e-07,-1.00889163e-06,8.09965916e-03,-1.84148986e-04,5.42549178e-04,-1.91877686e-04,1.16210861e-05,-1.08953632e-07
8.82000000e+02,6.66370999e-01,6.50468126e-05,2.11600184e-05,7.90881948e-03,-1.93079840e-04,5.84594064e-04,5.66245633e-01,6.41438933e-05,2.23084636e-05,1.00125365e-01,9.02919426e-07,-1.14844520e-06,8.09952246e-03,-2.00630266e-04,5.80599197e-04,-1.90702995e-04,7.55042638e-06,3.99486875e-06
8.83000000e+02,6.66377056e-01,6.72182839e-05,2.18123463e-05,7.89444601e-03,-1.80124983e-04,6.10969539e-04,5.66239972e-01,6.74116711e-05,2.29178244e-05,1.00137081e-01,-1.93387250e-07,-1.10547814e-06,8.08580568e-03,-1.91629506e-04,6.10730434e-04,-1.91359666e-04,1.15045231e-05,2.39106292e-07
8.84000000e+02,6.66438193e-01,6.55760691e-05,1.78754436e-05,7.89817160e-03,-2.03983505e-04,5.89135811e-04,5.66282661e-01,6.49423910e-05,1.91033156e-05,1.00155530e-01,6.33677717e-07,-1.22787203e-06,8.08826924e-03,-2.11649404e-04,5.86554371e-04,-1.90097628e-04,7.66589918e-06,2.58143880e-06
8.85000000e+02,6.66438978e-01,5.35903393e-05,2.21760276e-05,7.88665199e-03,-1.80397806e-04,5.47257777e-04,5.66271897e-01,5.39331996e-05,2.32524213e-05,1.00167083e-01,-3.42860289e-07,-1.07639377e-06,8.07743015e-03,-1.92107586e-04,5.47815716e-04,-1.90778173e-04,1.17097792e-05,-5.57940943e-07
8.86000000e+02,6.66504426e-01,6.32734218e-05,2.14756338e-05,7.88977127e-03,-2.00817824e-04,5.71864511e-04,5.66318849e-01,6.24082210e-05,2.26632616e-05,1.00185577e-01,8.65200664e-07,-1.18762778e-06,8.07936166e-03,-2.08531230e-04,5.68317823e-04,-1.89590396e-04,7.71340645e-06,3.54669004e-06
8.87000000e+02,6.66509973e-01,6.36681703e-05,2.17419242e-05,7.87730815e-03,-1.85141786e-04,5.84748817e-04,5.66313029e-01,6.38763210e-05,2.28655003e-05,1.00196944e-01,-2.08151022e-07,-1.12357601e-06,8.06754886e-03,-1.96680989e-04,5.84803024e-04,-1.90240695e-04,1.15392030e-05,-5.42071652e-08
8.88000000e+02,6.66570075e-01,6.19094384e-05,1.81467731e-05,7.88385405e-03,-2.10701561e-04,5.59486554e-04,5.66354983e-01,6.12690433e-05,1.93498056e-05,1.00215094e-01,6.40395285e-07,-1.20303253e-06,8.07282889e-03,-2.18234050e-04,5.57014311e-04,-1.88974874e-04,7.53248886e-06,2.47224225e-06
8.89000000e+02,6.66569943e-01,5.01315408e-05,2.43990870e-05,7.87471270e-03,-2.02277111e-04,5.16317543e-04,5.66343821e-01,5.04688895e-05,2.54319340e-05,1.00226122e-01,-3.37348806e-07,-1.03284699e-06,8.06436539e-03,-2.13704782e-04,5.16963476e-04,-1.89652670e-04,1.14276715e-05,-6.45935238e-07
8.90000000e+02,6.66634768e-01,5.98881423e-05,2.48338624e-05,7.88048053e-03,-2.29839074e-04,5.41968135e-04,5.66390482e-01,5.90176802e-05,2.59782351e-05,1.00244287e-01,8.70461977e-07,-1.14437266e-06,8.06897107e-03,-2.37209210e-04,5.38449296e-04,-1.88490563e-04,7.37013533e-06,3.51883780e-06
8.91000000e+02,6.66639378e-01,6.08443111e-05,2.58246345e-05,7.86969372e-03,-2.22110692e-04,5.54817802e-04,5.66384273e-01,6.10225571e-05,2.69245701e-05,1.00255103e-01,-1.78245729e-07,-1.09993566e-06,8.05886118e-03,-2.33403272e-04,5.54801875e-04,-1.89167475e-04,1.12925796e-05,1.59269972e-08
8.92000000e+02,6.66698426e-01,5.86501979e-05,2.21520440e-05,7.87767661e-03,-2.46801479e-04,5.22623664e-04,5.66425663e-01,5.79891240e-05,2.33507871e-05,1.00272762e-01,6.61073621e-07,-1.19874310e-06,8.06560320e-03,-2.54270485e-04,5.20050414e-04,-1.87926562e-04,7.46900627e-06,2.57324974e-06
8.93000000e+02,6.66697033e-01,4.67358160e-05,2.72309674e-05,7.87042647e-03,-2.25044513e-04,4.76441724e-04,5.66413599e-01,4.70602197e-05,2.82692402e-05,1.00283436e-01,-3.24403739e-07,-1.03827277e-06,8.05905930e-03,-2.36514502e-04,4.77044350e-04,-1.88632817e-04,1.14699897e-05,-6.02625265e-07
8.94000000e+02,6.66760636e-01,5.59913703e-05,2.75611690e-05,7.87611858e-03,-2.53554638e-04,4.98371302e-04,5.66459594e-01,5.51216287e-05,2.87653256e-05,1.00301042e-01,8.69741889e-07,-1.20415657e-06,8.06360084e-03,-2.61211073e-04,4.94781552e-04,-1.87482246e-04,7.65643440e-06,3.58975012e-06
8.95000000e+02,6.66764110e-01,5.57541031e-05,2.78900726e-05,7.86549171e-03,-2.37549207e-04,5.03800612e-04,5.66452627e-01,5.58977834e-05,2.90459934e-05,1.00311482e-01,-1.43680243e-07,-1.15592081e-06,8.05366217e-03,-2.49240301e-04,5.03490902e-04,-1.88170489e-04,1.16910929e-05,3.09709965e-07
8.96000000e+02,6.66821793e-01,5.49275440e-05,2.23864244e-05,7.87367777e-03,-2.49540224e-04,4.85755668e-04,5.66493078e-01,5.42098282e-05,2.36567457e-05,1.00328714e-01,7.17715594e-07,-1.27032138e-06,8.06063158e-03,-2.57413321e-04,4.82721798e-04,-1.86953807e-04,7.87309719e-06,3.03386946e-06
8.97000000e+02,6.66819680e-01,4.38374092e-05,2.69664171e-05,7.86544478e-03,-2.23487591e-04,4.46341630e-04,5.66480695e-01,4.40806547e-05,2.80186199e-05,1.00338985e-01,-2.43245546e-07,-1.05220273e-06,8.05311888e-03,-2.35153576e-04,4.46269774e-04,-1.87674082e-04,1.16659845e-05,7.18564367e-08
8.98000000e+02,6.66883167e-01,5.30845751e-05,2.68167518e-05,7.87168582e-03,-2.48921969e-04,4.71142628e-04,5.66526901e-01,5.21690955e-05,2.80259086e-05,1.00356267e-01,9.15479471e-07,-1.20915685e-06,8.05820755e-03,-2.56611649e-04,4.66967649e-04,-1.86521736e-04,7.68967927e-06,4.17497896e-06
8.99000000e+02,6.66886707e-01,5.31091944e-05,2.65510164e-05,7.86219143e-03,-2.29103833e-04,4.83082284e-04,5.66520334e-01,5.32335992e-05,2.77355136e-05,1.00366373e-01,-1.24404580e-07,-1.18449713e-06,8.04940525e-03,-2.40839998e-04,4.82376611e-04,-1.87213820e-04,1.17361651e-05,7.05673190e-07
9.00000000e+02,6.66944265e-01,5.19465038e-05,2.19887600e-05,7.87144734e-03,-2.43071837e-04,4.64917662e-04,5.66560984e-01,5.11913251e-05,2.32734201e-05,1.00383280e-01,7.55178620e-07,-1.28466006e-06,8.05744004e-03,-2.51173971e-04,4.61474424e-04,-1.85992670e-04,8.10213400e-06,3.44323853e-06
9.01000000e+02,6.66941553e-01,4.07249659e-05,2.55290184e-05,7.86425774e-03,-2.10101491e-04,4.30499145e-04,5.66548353e-01,4.09310652e-05,2.66243892e-05,1.00393203e-01,-2.06099288e-07,-1.09537081e-06,8.05098449e-03,-2.22077627e-04,4.29994685e-04,-1.86726759e-04,1.19761362e-05,5.04459788e-07
9.02000000e+02,6.67003970e-01,5.13500186e-05,2.44855109e-05,7.87039787e-03,-2.27766752e-04,4.62981885e-04,5.66593827e-01,5.03628223e-05,2.57167869e-05,1.00410142e-01,9.87196286e-07,-1.23127600e-06,8.05601296e-03,-2.35573153e-04,4.58365056e-04,-1.85615102e-04,7.80640039e-06,4.61682932e-06
9.03000000e+02,6.67006782e-01,5.31777505e-05,2.40924732e-05,7.85975869e-03,-2.09615413e-04,4.83778829e-04,5.66586774e-01,5.32425684e-05,2.52646566e-05,1.00420010e-01,-6.48179174e-08,-1.17218337e-06,8.04609384e-03,-2.21199310e-04,4.82787471e-04,-1.86335154e-04,1.15838970e-05,9.91358523e-07
9.04000000e+02,6.67063885e-01,5.13649743e-05,1.90648061e-05,7.86706234e-03,-2.17729900e-04,4.63415925e-04,5.66627179e-01,5.06283821e-05,2.03257847e-05,1.00436705e-01,7.36592341e-07,-1.26097863e-06,8.05217902e-03,-2.25539905e-04,4.60042450e-04,-1.85116725e-04,7.81000456e-06,3.37347484e-06
9.05000000e+02,6.67060076e-01,3.97123917e-05,2.31464867e-05,7.85939918e-03,-1.85558799e-04,4.27087964e-04,5.66613636e-01,3.99304757e-05,2.42134651e-05,1.00446439e-01,-2.18083728e-07,-1.06697834e-06,8.04523631e-03,-1.97258900e-04,4.26724968e-04,-1.85837149e-04,1.17001016e-05,3.62996246e-07
9.06000000e+02,6.67122225e-01,5.16989349e-05,2.06626472e-05,7.86357469e-03,-1.94910945e-04,4.70068972e-04,5.66658994e-01,5.06876632e-05,2.18751334e-05,1.00463234e-01,1.01127166e-06,-1.21248621e-06,8.04827486e-03,-2.02566490e-04,4.65480545e-04,-1.84700160e-04,7.65554517e-06,4.58842662e-06
9.07000000e+02,6.67124372e-01,5.39398034e-05,2.12511355e-05,7.85091579e-03,-1.85737287e-04,4.93934312e-04,5.66651509e-01,5.39900387e-05,2.24198071e-05,1.00472864e-01,-5.02353372e-08,-1.16867160e-06,8.03631618e-03,-1.97267133e-04,4.92737344e-04,-1.85400390e-04,1.15298457e-05,1.19696543e-06
9.08000000e+02,6.67181171e-01,5.40165518e-05,1.67528738e-05,7.85676021e-03,-1.95318992e-04,4.87493044e-04,5.66691930e-01,5.32329829e-05,1.79842517e-05,1.00489241e-01,7.83568718e-07,-1.23137788e-06,8.04093446e-03,-2.02906864e-04,4.83727004e-04,-1.84174262e-04,7.58787233e-06,3.76604251e-06
9.09000000e+02,6.67176682e-01,4.42883588e-05,2.19242323e-05,7.84770445e-03,-1.75533335e-04,4.68917560e-04,5.66677994e-01,4.44552843e-05,2.29674139e-05,1.00498685e-01,-1.66925350e-07,-1.04318168e-06,8.03258957e-03,-1.86862170e-04,4.68152011e-04,-1.84885140e-04,1.13288347e-05,7.65548915e-07
9.10000000e+02,6.67238573e-01,5.63742393e-05,1.95312437e-05,7.85288771e-03,-1.87743538e-04,5.13550290e-04,5.66723383e-01,5.53433906e-05,2.07166584e-05,1.00515190e-01,1.03084868e-06,-1.18541474e-06,8.03663135e-03,-1.95008418e-04,5.08779849e-04,-1.83743647e-04,7.26488013e-06,4.77044292e-06
9.11000000e+02,6.67241028e-01,5.90855547e-05,2.01902483e-05,7.84190142e-03,-1.74932410e-04,5.39390434e-04,5.66716493e-01,5.91249281e-05,2.12894262e-05,1.00524536e-01,-3.93733188e-08,-1.09917786e-06,8.02633754e-03,-1.86025383e-04,5.38162894e-04,-1.84436153e-04,1.10929728e-05,1.22754349e-06
9.12000000e+02,6.67297454e-01,6.01179797e-05,1.72636203e-05,7.84963125e-03,-1.97047289e-04,5.37955538e-04,5.66756836e-01,5.93248659e-05,1.84481317e-05,1.00540617e-01,7.93113837e-07,-1.18451130e-06,8.03285022e-03,-2.04343886e-04,5.34273558e-04,-1.83218970e-04,7.29659706e-06,3.68198040e-06
9.13000000e+02,6.67293015e-01,4.98862221e-05,2.27914033e-05,7.84193745e-03,-1.77922392e-04,5.11295892e-04,5.66743302e-01,5.00593379e-05,2.38230624e-05,1.00549711e-01,-1.73115698e-07,-1.03165911e-06,8.02587993e-03,-1.89105532e-04,5.10654884e-04,-1.83942451e-04,1.11831400e-05,6.41009265e-07
9.14000000e+02,6.67354066e-01,6.08577355e-05,2.13918294e-05,7.84753099e-03,-1.99161930e-04,5.47681796e-04,5.66788200e-01,5.98456033e-05,2.25705680e-05,1.00565865e-01,1.01213199e-06,-1.17873866e-06,8.03035393e-03,-2.06248213e-04,5.43081859e-04,-1.82822931e-04,7.08628274e-06,4.59994170e-06
9.15000000e+02,6.67354502e-01,6.35986311e-05,2.15448401e-05,7.83610358e-03,-1.85086040e-04,5.77469150e-04,5.66779750e-01,6.36685831e-05,2.26286056e-05,1.00574752e-01,-6.99517871e-08,-1.08376558e-06,8.01963661e-03,-1.95959429e-04,5.76445906e-04,-1.83533015e-04,1.08733892e-05,1.02324219e-06
9.16000000e+02,6.67410223e-01,6.34035318e-05,1.79685308e-05,7.84331945e-03,-2.05418219e-04,5.62969285e-04,5.66819693e-01,6.26139099e-05,1.91730743e-05,1.00590530e-01,7.89621865e-07,-1.20454355e-06,8.02563304e-03,-2.12549776e-04,5.59500054e-04,-1.82313631e-04,7.13155695e-06,3.46923166e-06
9.17000000e+02,6.67404854e-01,5.25258598e-05,2.28926649e-05,7.83480294e-03,-1.83576811e-04,5.27527248e-04,5.66805504e-01,5.27011444e-05,2.39274470e-05,1.00599352e-01,-1.75284811e-07,-1.03478212e-06,8.01783197e-03,-1.94626371e-04,5.27136249e-04,-1.83029040e-04,1.10495602e-05,3.90999871e-07
9.18000000e+02,6.67464991e-01,6.22394138e-05,2.23021330e-05,7.84047658e-03,-2.11881786e-04,5.57027256e-04,5.66849722e-01,6.12771434e-05,2.34813405e-05,1.00615270e-01,9.62270476e-07,-1.17920750e-06,8.02237497e-03,-2.18869966e-04,5.52717525e-04,-1.81898393e-04,6.98817990e-06,4.30973276e-06
9.19000000e+02,6.67465633e-01,6.31339482e-05,2.32162543e-05,7.82908204e-03,-2.04602591e-04,5.74268897e-04,5.66841584e-01,6.32448309e-05,2.43067300e-05,1.00624050e-01,-1.10882450e-07,-1.09047576e-06,8.01168060e-03,-2.15472261e-04,5.73501409e-04,-1.82598587e-04,1.08696707e-05,7.67488039e-07
9.20000000e+02,6.67520301e-01,6.16490182e-05,1.94696159e-05,7.83704787e-03,-2.25207082e-04,5.51599016e-04,5.66880685e-01,6.09245036e-05,2.06764159e-05,1.00639616e-01,7.24514299e-07,-1.20679998e-06,8.01843673e-03,-2.32414077e-04,5.48553263e-04,-1.81388852e-04,7.20699536e-06,3.04575070e-06
9.21000000e+02,6.67514224e-01,4.94986832e-05,2.43315647e-05,7.82912206e-03,-2.03830162e-04,5.05299636e-04,5.66866042e-01,4.97199786e-05,2.53820750e-05,1.00648180e-01,-2.21295254e-07,-1.05051030e-06,8.01123511e-03,-2.15013734e-04,5.05302413e-04,-1.82113045e-04,1.11835719e-05,-2.77916429e-09
9.22000000e+02,6.67574477e-01,5.86618845e-05,2.40490789e-05,7.83473895e-03,-2.26427200e-04,5.24841031e-04,5.66910692e-01,5.77048210e-05,2.52127291e-05,1.00663785e-01,9.57063923e-07,-1.16365019e-06,8.01573357e-03,-2.33665782e-04,5.20807441e-04,-1.80994629e-04,7.23858221e-06,4.03359037e-06
9.23000000e+02,6.67574567e-01,5.88949868e-05,2.51112898e-05,7.82351578e-03,-2.17554356e-04,5.35167273e-04,5.66902320e-01,5.90108195e-05,2.62383949e-05,1.00672247e-01,-1.15832641e-07,-1.12710521e-06,8.00522248e-03,-2.28764356e-04,5.34608468e-04,-1.81706685e-04,1.12100000e-05,5.58804124e-07
9.24000000e+02,6.67628009e-01,5.87874381e-05,2.05380034e-05,7.83067952e-03,-2.34251459e-04,5.21188068e-04,5.66940585e-01,5.80376285e-05,2.17779341e-05,1.00687422e-01,7.49809625e-07,-1.23993068e-06,8.01118468e-03,-2.41754070e-04,5.18065373e-04,-1.80505164e-04,7.50261133e-06,3.12269884e-06
9.25000000e+02,6.67621064e-01,4.73540479e-05,2.53990361e-05,7.82245595e-03,-2.12447497e-04,4.78455877e-04,5.66925343e-01,4.75529897e-05,2.64539470e-05,1.00695720e-01,-1.98941548e-07,-1.05491098e-06,8.00369819e-03,-2.23783803e-04,4.78195726e-04,-1.81242234e-04,1.13363053e-05,2.60150957e-07
9.26000000e+02,6.67680349e-01,5.67801507e-05,2.51287765e-05,7.82806744e-03,-2.41723106e-04,5.05910737e-04,5.66969280e-01,5.58063513e-05,2.63431060e-05,1.00711070e-01,9.73799319e-07,-1.21432953e-06,8.00819957e-03,-2.49149828e-04,5.01536649e-04,-1.80132151e-04,7.42672135e-06,4.37408976e-06
9.27000000e+02,6.67680093e-01,5.81059691e-05,2.58596421e-05,7.81737059e-03,-2.27460666e-04,5.26501159e-04,5.66960858e-01,5.81661306e-05,2.69934915e-05,1.00719234e-01,-6.01612252e-08,-1.13384935e-06,7.99821314e-03,-2.38793317e-04,5.25513872e-04,-1.80842547e-04,1.13326512e-05,9.87285855e-07
9.28000000e+02,6.67733285e-01,5.84320319e-05,2.07112148e-05,7.82539881e-03,-2.39964824e-04,5.13835584e-04,5.66999073e-01,5.76408843e-05,2.19713449e-05,1.00734214e-01,7.91147726e-07,-1.26013007e-06,8.00503200e-03,-2.47583612e-04,5.10375319e-04,-1.79633220e-04,7.61878810e-06,3.46026705e-06
9.29000000e+02,6.67725699e-01,4.74869628e-05,2.58480197e-05,7.81819062e-03,-2.23853504e-04,4.77356310e-04,5.66983468e-01,4.76686564e-05,2.69281517e-05,1.00742228e-01,-1.81693388e-07,-1.08013206e-06,7.99855467e-03,-2.35274166e-04,4.76810313e-04,-1.80364067e-04,1.14206617e-05,5.45998005e-07
9.30000000e+02,6.67784813e-01,5.79102873e-05,2.64905018e-05,7.82540639e-03,-2.57988218e-04,5.13688120e-04,5.67027523e-01,5.69158955e-05,2.76890248e-05,1.00757291e-01,9.94391986e-07,-1.19852300e-06,8.00464515e-03,-2.65420727e-04,5.09059404e-04,-1.79238750e-04,7.43250878e-06,4.62871931e-06
9.31000000e+02,6.67783650e-01,5.93659468e-05,2.75671786e-05,7.81625600e-03,-2.43037280e-04,5.37949557e-04,5.67018454e-01,5.94042259e-05,2.86738979e-05,1.00765192e-01,-3.82790656e-08,-1.10671924e-06,7.99620665e-03,-2.54358849e-04,5.36718510e-04,-1.79950616e-04,1.13215685e-05,1.23104310e-06
9.32000000e+02,6.67836403e-01,5.99751810e-05,2.31526411e-05,7.82649297e-03,-2.60864504e-04,5.26777661e-04,5.67056537e-01,5.91567675e-05,2.44142424e-05,1.00779867e-01,8.18413844e-07,-1.26160130e-06,8.00523678e-03,-2.68543671e-04,5.23134798e-04,-1.78743833e-04,7.67916755e-06,3.64286448e-06
9.33000000e+02,6.67828120e-01,4.95807769e-05,2.76728731e-05,7.82170565e-03,-2.44020127e-04,4.95182924e-04,5.67040501e-01,4.97481186e-05,2.87743870e-05,1.00787621e-01,-1.67341981e-07,-1.10151381e-06,8.00118868e-03,-2.55519707e-04,4.94572606e-04,-1.79483031e-04,1.14995802e-05,6.10315553e-07
9.34000000e+02,6.67886386e-01,5.90106717e-05,2.79272558e-05,7.83133557e-03,-2.68822190e-04,5.20030714e-04,5.67084034e-01,5.80201476e-05,2.91146552e-05,1.00802355e-01,9.90524082e-07,-1.18739943e-06,8.00971180e-03,-2.76264014e-04,5.15458486e-04,-1.78376206e-04,7.44182422e-06,4.57222810e-06
9.35000000e+02,6.67884079e-01,6.05426866e-05,3.02820385e-05,7.82413464e-03,-2.62101549e-04,5.38867251e-04,5.67074164e-01,6.05623574e-05,3.13793532e-05,1.00809918e-01,-1.96707324e-08,-1.09731470e-06,8.00323529e-03,-2.73353556e-04,5.37678531e-04,-1.79100666e-04,1.12520068e-05,1.18872278e-06
9.36000000e+02,6.67936424e-01,5.98572564e-05,2.67745641e-05,7.83646402e-03,-2.88399473e-04,5.21696337e-04,5.67112177e-01,5.90724819e-05,2.80236567e-05,1.00824248e-01,7.84774364e-07,-1.24909257e-06,8.01437832e-03,-2.95958763e-04,5.18210386e-04,-1.77914335e-04,7.55929029e-06,3.48594834e-06
9.37000000e+02,6.67928098e-01,4.80773864e-05,3.15462486e-05,7.83327423e-03,-2.69486636e-04,4.81925742e-04,5.67096471e-01,4.82661865e-05,3.26188693e-05,1.00831628e-01,-1.88799957e-07,-1.07262062e-06,8.01194938e-03,-2.81050189e-04,4.81361120e-04,-1.78675168e-04,1.15635527e-05,5.64622158e-07
9.38000000e+02,6.67985948e-01,5.65967154e-05,3.17494966e-05,7.84440043e-03,-2.92804840e-04,4.99969092e-04,5.67139930e-01,5.56219258e-05,3.29720350e-05,1.00846020e-01,9.74789622e-07,-1.22253834e-06,8.02199489e-03,-3.00600592e-04,4.95630586e-04,-1.77594431e-04,7.79575120e-06,4.33850262e-06
9.39000000e+02,6.67983598e-01,5.72377147e-05,3.26930394e-05,7.83828933e-03,-2.77626986e-04,5.10984771e-04,5.67130384e-01,5.72953385e-05,3.38636446e-05,1.00853217e-01,-5.76239597e-08,-1.17060512e-06,8.01664289e-03,-2.89294085e-04,5.10067840e-04,-1.78353599e-04,1.16670987e-05,9.16930386e-07
9.40000000e+02,6.68035554e-01,5.55525722e-05,2.77091914e-05,7.85020400e-03,-2.94456625e-04,4.83284695e-04,5.67168388e-01,5.47557606e-05,2.89894513e-05,1.00867167e-01,7.96811519e-07,-1.28025991e-06,8.02741137e-03,-3.02166268e-04,4.79703517e-04,-1.77207353e-04,7.70964308e-06,3.58117722e-06
9.41000000e+02,6.68026773e-01,4.34098164e-05,3.32067636e-05,7.84666797e-03,-2.79034055e-04,4.42317640e-04,5.67152531e-01,4.35605573e-05,3.42383404e-05,1.00874240e-01,-1.50741180e-07,-1.03157675e-06,8.02467466e-03,-2.90314683e-04,4.41453538e-04,-1.78006674e-04,1.12806271e-05,8.64102794e-07
9.42000000e+02,6.68084129e-01,5.28185127e-05,3.33109490e-05,7.85576039e-03,-3.04609327e-04,4.68077149e-04,5.67195804e-01,5.17889828e-05,3.45152988e-05,1.00888328e-01,1.02952977e-06,-1.20434983e-06,8.03271474e-03,-3.12043749e-04,4.63288724e-04,-1.76954372e-04,7.43442234e-06,4.78842463e-06
9.43000000e+02,6.68080775e-01,5.42179037e-05,3.34556080e-05,7.84753206e-03,-2.88470164e-04,4.82320760e-04,5.67185498e-01,5.42050010e-05,3.46737714e-05,1.00895277e-01,1.29028024e-08,-1.21816341e-06,8.02526895e-03,-3.00259202e-04,4.80819168e-04,-1.77736885e-04,1.17890378e-05,1.50159150e-06
9.44000000e+02,6.68131883e-01,5.22914461e-05,2.64633781e-05,7.85806075e-03,-2.88024752e-04,4.56946353e-04,5.67222818e-01,5.14591366e-05,2.78468125e-05,1.00909065e-01,8.32309616e-07,-1.38343438e-06,8.03466011e-03,-2.96553369e-04,4.53038987e-04,-1.76599341e-04,8.52861640e-06,3.90736637e-06
9.45000000e+02,6.68122546e-01,4.09035437e-05,2.89251600e-05,7.85142800e-03,-2.47984937e-04,4.23795500e-04,5.67206599e-01,4.10233096e-05,3.01147935e-05,1.00915948e-01,-1.19765730e-07,-1.18963356e-06,8.02882332e-03,-2.60504679e-04,4.22655215e-04,-1.77395351e-04,1.25197420e-05,1.14028473e-06
9.46000000e+02,6.68179819e-01,4.98395714e-05,2.69801660e-05,7.85772224e-03,-2.51932710e-04,4.43871601e-04,5.67249973e-01,4.87845453e-05,2.82779049e-05,1.00929848e-01,1.05502576e-06,-1.29773892e-06,8.03405312e-03,-2.60338464e-04,4.38848695e-04,-1.76330913e-04,8.40575378e-06,5.02290647e-06
9.47000000e+02,6.68175303e-01,5.08362566e-05,2.78538375e-05,7.84678123e-03,-2.37517070e-04,4.53145317e-04,5.67238679e-01,5.08039461e-05,2.90641663e-05,1.00936624e-01,3.23102417e-08,-1.21032882e-06,8.02387042e-03,-2.49532769e-04,4.51553808e-04,-1.77089192e-04,1.20156992e-05,1.59150823e-06
9.48000000e+02,6.68226336e-01,5.01413417e-05,2.25166986e-05,7.85458375e-03,-2.48422423e-04,4.37087484e-04,5.67276112e-01,4.93103297e-05,2.38402286e-05,1.00950225e-01,8.31012217e-07,-1.32352996e-06,8.03051023e-03,-2.56554900e-04,4.33235551e-04,-1.75926492e-04,8.13247667e-06,3.85193369e-06
9.49000000e+02,6.68216603e-01,3.82000242e-05,2.75461241e-05,7.84629780e-03,-2.31207649e-04,3.98257544e-04,5.67259776e-01,3.83091179e-05,2.86754723e-05,1.00956827e-01,-1.09093616e-07,-1.12934828e-06,8.02300939e-03,-2.43089002e-04,3.97122374e-04,-1.76711578e-04,1.18813530e-05,1.13517011e-06
9.50000000e+02,6.68272822e-01,4.84186609e-05,2.65756736e-05,7.85187029e-03,-2.51538172e-04,4.27311925e-04,5.67302329e-01,4.73118275e-05,2.78661771e-05,1.00970492e-01,1.10683353e-06,-1.29050353e-06,8.02751957e-03,-2.59558902e-04,4.22073870e-04,-1.75649271e-04,8.02072994e-06,5.23805494e-06
9.51000000e+02,6.68268500e-01,5.19633832e-05,2.71515872e-05,7.83963077e-03,-2.35511323e-04,4.57970966e-04,5.67291498e-01,5.18748051e-05,2.83594329e-05,1.00976998e-01,8.85781442e-08,-1.20784572e-06,8.01604655e-03,-2.47387868e-04,4.56003412e-04,-1.76415790e-04,1.18765449e-05,1.96755478e-06
9.52000000e+02,6.68319273e-01,5.15241198e-05,2.17842742e-05,7.84647292e-03,-2.46096314e-04,4.41509292e-04,5.67328935e-01,5.06575189e-05,2.31080729e-05,1.00990338e-01,8.66600870e-07,-1.32379872e-06,8.02173798e-03,-2.54189705e-04,4.37313350e-04,-1.75265081e-04,8.09339006e-06,4.19594241e-06
9.53000000e+02,6.68308512e-01,4.03346991e-05,2.66985662e-05,7.83725347e-03,-2.27342644e-04,4.08222291e-04,5.67311716e-01,4.04346347e-05,2.78257262e-05,1.00996797e-01,-9.99355696e-08,-1.12716009e-06,8.01329704e-03,-2.39177879e-04,4.07094990e-04,-1.76043546e-04,1.18352347e-05,1.12730140e-06
9.54000000e+02,6.68364280e-01,4.99732721e-05,2.61607592e-05,7.84254605e-03,-2.52343807e-04,4.34573771e-04,5.67354005e-01,4.89155964e-05,2.74371120e-05,1.01010275e-01,1.05767569e-06,-1.27635278e-06,8.01751836e-03,-2.60300583e-04,4.29707719e-04,-1.74972325e-04,7.95677569e-06,4.86605194e-06
9.55000000e+02,6.68359565e-01,5.08181070e-05,2.74689116e-05,7.83091021e-03,-2.41808636e-04,4.45890891e-04,5.67343014e-01,5.07961020e-05,2.86877537e-05,1.01016552e-01,2.20048454e-08,-1.21884211e-06,8.00663871e-03,-2.53770341e-04,4.44259924e-04,-1.75728528e-04,1.19617047e-05,1.63096746e-06
9.56000000e+02,6.68409821e-01,5.01666076e-05,2.22172568e-05,7.83760516e-03,-2.50714391e-04,4.29362150e-04,5.67380194e-01,4.93034706e-05,2.35738310e-05,1.01029624e-01,8.63137013e-07,-1.35657414e-06,8.01216237e-03,-2.59059527e-04,4.25184986e-04,-1.74557214e-04,8.34513570e-06,4.17716386e-06
9.57000000e+02,6.68398122e-01,3.98416011e-05,2.61951351e-05,7.82948931e-03,-2.27729725e-04,4.04717858e-04,5.67362268e-01,3.99060213e-05,2.73503855e-05,1.01035855e-01,-6.44201496e-08,-1.15525042e-06,8.00481161e-03,-2.39834269e-04,4.03176803e-04,-1.75322315e-04,1.21045439e-05,1.54105470e-06
9.58000000e+02,6.68453295e-01,4.99133985e-05,2.56443242e-05,7.83552358e-03,-2.51435933e-04,4.39234066e-04,5.67404186e-01,4.88092868e-05,2.69225651e-05,1.01049110e-01,1.10411161e-06,-1.27824088e-06,8.00976038e-03,-2.59486642e-04,4.33742277e-04,-1.74236794e-04,8.05070818e-06,5.49178903e-06
9.59000000e+02,6.68447615e-01,5.13943748e-05,2.77251211e-05,7.82377104e-03,-2.44983028e-04,4.59047772e-04,5.67392426e-01,5.13104662e-05,2.89200867e-05,1.01055190e-01,8.39084960e-08,-1.19496565e-06,7.99875108e-03,-2.56849908e-04,4.56885496e-04,-1.74980059e-04,1.18668801e-05,2.16227682e-06
9.60000000e+02,6.68497217e-01,5.15503886e-05,2.35884163e-05,7.83158062e-03,-2.57469468e-04,4.48292050e-04,5.67429096e-01,5.06435930e-05,2.48998888e-05,1.01068121e-01,9.06795955e-07,-1.31147253e-06,8.00538694e-03,-2.65642310e-04,4.43929196e-04,-1.73806323e-04,8.17284165e-06,4.36285388e-06
9.61000000e+02,6.68485449e-01,4.07533242e-05,2.90702764e-05,7.82390409e-03,-2.43195665e-04,4.14683840e-04,5.67411325e-01,4.08067153e-05,3.01980143e-05,1.01074123e-01,-5.33910796e-08,-1.12773791e-06,7.99848328e-03,-2.55267476e-04,4.13180063e-04,-1.74579177e-04,1.20718114e-05,1.50377702e-06
9.62000000e+02,6.68540147e-01,5.06888272e-05,2.78787266e-05,7.83047269e-03,-2.62492028e-04,4.41762232e-04,5.67452956e-01,4.95964710e-05,2.91808268e-05,1.01087193e-01,1.09235635e-06,-1.30210026e-06,8.00396429e-03,-2.70717962e-04,4.36594668e-04,-1.73491645e-04,8.22593366e-06,5.16756417e-06
9.63000000e+02,6.68533825e-01,5.08846673e-05,2.83456658e-05,7.82038079e-03,-2.47040733e-04,4.54673949e-04,5.67440713e-01,5.08699633e-05,2.95725938e-05,1.01093112e-01,1.47039505e-08,-1.22692801e-06,7.99463159e-03,-2.59107978e-04,4.53016697e-04,-1.74250829e-04,1.20672444e-05,1.65725260e-06
9.64000000e+02,6.68583229e-01,4.85744234e-05,2.34375854e-05,7.82933564e-03,-2.55519529e-04,4.27022201e-04,5.67477469e-01,4.77498884e-05,2.47802967e-05,1.01105762e-01,8.24534920e-07,-1.34271130e-06,8.00242897e-03,-2.63849560e-04,4.23217239e-04,-1.73093361e-04,8.33003104e-06,3.80496198e-06
9.65000000e+02,6.68570403e-01,3.69247548e-05,2.89484863e-05,7.82294998e-03,-2.37007423e-04,3.82535699e-04,5.67458881e-01,3.70124824e-05,3.00828727e-05,1.01111521e-01,-8.77276508e-08,-1.13438637e-06,7.99683406e-03,-2.49004631e-04,3.81477417e-04,-1.73884091e-04,1.19972082e-05,1.05828180e-06
9.66000000e+02,6.68624910e-01,4.68778398e-05,2.81438640e-05,7.83052239e-03,-2.55953338e-04,4.09540719e-04,5.67500527e-01,4.57971876e-05,2.94338627e-05,1.01124381e-01,1.08065229e-06,-1.28999865e-06,8.00333746e-03,-2.64105130e-04,4.04518757e-04,-1.72815044e-04,8.15179254e-06,5.02196252e-06
9.67000000e+02,6.68618246e-01,4.68425372e-05,2.83469054e-05,7.82181371e-03,-2.43123504e-04,4.16635501e-04,5.67488241e-01,4.67666268e-05,2.95866417e-05,1.01130007e-01,7.59106490e-08,-1.23973632e-06,7.99540835e-03,-2.55299729e-04,4.14677969e-04,-1.73594643e-04,1.21762243e-05,1.95753272e-06
9.68000000e+02,6.68666117e-01,4.60168728e-05,2.23992000e-05,7.83159054e-03,-2.47057817e-04,3.99038712e-04,5.67523659e-01,4.51116185e-05,2.37761048e-05,1.01142459e-01,9.05254299e-07,-1.37690486e-06,8.00404123e-03,-2.55666318e-04,3.94776840e-04,-1.72450676e-04,8.60850113e-06,4.26187195e-06
9.69000000e+02,6.68652893e-01,3.60528736e-05,2.68819897e-05,7.82540459e-03,-2.17979354e-04,3.68555292e-04,5.67504923e-01,3.60733390e-05,2.80627507e-05,1.01147972e-01,-2.04653886e-08,-1.18076100e-06,7.99866632e-03,-2.30361339e-04,3.67002146e-04,-1.73261712e-04,1.23819854e-05,1.55314548e-06
9.70000000e+02,6.68707249e-01,4.62587630e-05,2.56094556e-05,7.83342211e-03,-2.33967961e-04,3.98423906e-04,5.67546682e-01,4.51423492e-05,2.69322840e-05,1.01160570e-01,1.11641407e-06,-1.32282847e-06,8.00562323e-03,-2.42401696e-04,3.93020821e-04,-1.72201122e-04,8.43373511e-06,5.40308532e-06
9.71000000e+02,6.68700367e-01,4.66666036e-05,2.63628742e-05,7.82375324e-03,-2.27584752e-04,4.10570921e-04,5.67534326e-01,4.65780224e-05,2.76119901e-05,1.01166040e-01,8.85813000e-08,-1.24911588e-06,7.99673875e-03,-2.39736442e-04,4.08363004e-04,-1.72985495e-04,1.21516898e-05,2.20791694e-06
9.72000000e+02,6.68748756e-01,4.60543758e-05,2.15074542e-05,7.83285291e-03,-2.40893592e-04,3.97116202e-04,5.67570452e-01,4.51271449e-05,2.28740881e-05,1.01178306e-01,9.27230825e-07,-1.36663397e-06,8.00469981e-03,-2.49364046e-04,3.92551270e-04,-1.71846879e-04,8.47045376e-06,4.56493274e-06
9.73000000e+02,6.68735583e-01,3.56858659e-05,2.72065162e-05,7.82610004e-03,-2.24727921e-04,3.69339293e-04,5.67551973e-01,3.57046219e-05,2.83986796e-05,1.01183614e-01,-1.87560210e-08,-1.19216345e-06,7.99875930e-03,-2.37153416e-04,3.67438139e-04,-1.72659216e-04,1.24254944e-05,1.90115368e-06
9.74000000e+02,6.68789456e-01,4.66190099e-05,2.69304499e-05,7.83286390e-03,-2.48504687e-04,4.07262949e-04,5.67593490e-01,4.54915767e-05,2.82940546e-05,1.01195968e-01,1.12743322e-06,-1.36360465e-06,8.00446892e-03,-2.57151143e-04,4.01634890e-04,-1.71604985e-04,8.64645507e-06,5.62805828e-06
9.75000000e+02,6.68782613e-01,4.81847884e-05,2.76786110e-05,7.82201435e-03,-2.34536546e-04,4.28295813e-04,5.67581384e-01,4.80457653e-05,2.89381241e-05,1.01201231e-01,1.39022947e-07,-1.25951308e-06,7.99440751e-03,-2.46918691e-04,4.25799623e-04,-1.72393176e-04,1.23821458e-05,2.49619008e-06
9.76000000e+02,6.68830900e-01,4.81359828e-05,2.16648744e-05,7.82989858e-03,-2.39929229e-04,4.18808662e-04,5.67617646e-01,4.71827174e-05,2.30753649e-05,1.01213256e-01,9.53265478e-07,-1.41049049e-06,8.00115235e-03,-2.48763827e-04,4.14002467e-04,-1.71253763e-04,8.83459762e-06,4.80619554e-06
9.77000000e+02,6.68816840e-01,3.87788825e-05,2.63817858e-05,7.82255978e-03,-2.14895809e-04,3.98778485e-04,5.67598455e-01,3.87502992e-05,2.75875809e-05,1.01218386e-01,2.85832747e-08,-1.20579514e-06,7.99462926e-03,-2.27434542e-04,3.96672230e-04,-1.72069515e-04,1.25387327e-05,2.10625471e-06
9.78000000e+02,6.68870197e-01,5.06310482e-05,2.54458651e-05,7.82917609e-03,-2.33307285e-04,4.45652677e-04,5.67639669e-01,4.94826067e-05,2.68031666e-05,1.01230527e-01,1.14844151e-06,-1.35730148e-06,8.00019411e-03,-2.41928593e-04,4.39958871e-04,-1.71018026e-04,8.62130884e-06,5.69380597e-06
9.79000000e+02,6.68862498e-01,5.17469702e-05,2.53697212e-05,7.81797845e-03,-2.17924573e-04,4.63250092e-04,5.67626932e-01,5.16476714e-05,2.66491786e-05,1.01235563e-01,9.92989010e-08,-1.27945735e-06,7.98979001e-03,-2.30324553e-04,4.61000373e-04,-1.71811545e-04,1.23999809e-05,2.24971853e-06
9.80000000e+02,6.68909929e-01,5.11593822e-05,1.98884971e-05,7.82655721e-03,-2.29904511e-04,4.47863824e-04,5.67662505e-01,5.02568166e-05,2.13197584e-05,1.01247426e-01,9.02565906e-07,-1.43126133e-06,7.99722821e-03,-2.38758829e-04,4.43538934e-04,-1.70670990e-04,8.85431833e-06,4.32489021e-06
9.81000000e+02,6.68896118e-01,4.04539293e-05,2.51338735e-05,7.82022849e-03,-2.09865872e-04,4.20409410e-04,5.67643765e-01,4.04801689e-05,2.63300220e-05,1.01252353e-01,-2.62398253e-08,-1.19614853e-06,7.99171048e-03,-2.22431404e-04,4.18855667e-04,-1.71482001e-04,1.25655329e-05,1.55374331e-06
9.82000000e+02,6.68949105e-01,5.14302885e-05,2.41002949e-05,7.82791839e-03,-2.27829242e-04,4.54324733e-04,5.67684797e-01,5.03040567e-05,2.54601732e-05,1.01264306e-01,1.12623179e-06,-1.35987831e-06,7.99833973e-03,-2.36492496e-04,4.49029124e-04,-1.70421330e-04,8.66325418e-06,5.29560893e-06
9.83000000e+02,6.68940519e-01,5.32635206e-05,2.54437958e-05,7.81842886e-03,-2.24093562e-04,4.70616969e-04,5.67671399e-01,5.31673878e-05,2.67289606e-05,1.01269121e-01,9.61325017e-08,-1.28516474e-06,7.98963887e-03,-2.36430563e-04,4.68651384e-04,-1.71210018e-04,1.23370013e-05,1.96558556e-06
9.84000000e+02,6.68987751e-01,5.27949096e-05,2.07534412e-05,7.82800198e-03,-2.37874417e-04,4.57702046e-04,5.67706945e-01,5.19150643e-05,2.21446035e-05,1.01280805e-01,8.79845273e-07,-1.39116227e-06,7.99806847e-03,-2.46633190e-04,4.53481071e-04,-1.70066524e-04,8.75877281e-06,4.22097446e-06
9.85000000e+02,6.68973256e-01,4.14829550e-05,2.62340888e-05,7.82216666e-03,-2.21228651e-04,4.25273959e-04,5.67687750e-01,4.15192118e-05,2.74331773e-05,1.01285505e-01,-3.62568924e-08,-1.19908849e-06,7.99305099e-03,-2.33815713e-04,4.23680512e-04,-1.70884308e-04,1.25870618e-05,1.59344686e-06
9.86000000e+02,6.69025709e-01,5.20187860e-05,2.55629462e-05,7.83055843e-03,-2.42204597e-04,4.56609842e-04,5.67728412e-01,5.08981186e-05,2.69276353e-05,1.01297299e-01,1.12066722e-06,-1.36468916e-06,8.00038551e-03,-2.50914082e-04,4.51424306e-04,-1.69827094e-04,8.70948556e-06,5.18553578e-06
9.87000000e+02,6.69016462e-01,5.29098098e-05,2.65035239e-05,7.82153681e-03,-2.33439504e-04,4.68579086e-04,5.67714480e-01,5.28472935e-05,2.77820414e-05,1.01301979e-01,6.25162276e-08,-1.27851755e-06,7.99216672e-03,-2.45828127e-04,4.66793244e-04,-1.70629897e-04,1.23886236e-05,1.78584182e-06
9.88000000e+02,6.69063718e-01,5.19671767e-05,2.17946029e-05,7.83226877e-03,-2.49422451e-04,4.48431023e-04,5.67750240e-01,5.11044478e-05,2.31908305e-05,1.01313477e-01,8.62729130e-07,-1.39622757e-06,8.00175715e-03,-2.58254480e-04,4.44472755e-04,-1.69488396e-04,8.83202819e-06,3.95826757e-06
9.89000000e+02,6.69048658e-01,4.06743081e-05,2.79558601e-05,7.82679413e-03,-2.37793444e-04,4.11782859e-04,5.67730621e-01,4.07564197e-05,2.91600631e-05,1.01318036e-01,-8.21114045e-08,-1.20420297e-06,7.99711796e-03,-2.50381847e-04,4.10610954e-04,-1.70323846e-04,1.25884021e-05,1.17190457e-06
9.90000000e+02,6.69100676e-01,4.96374935e-05,2.70019439e-05,7.83575958e-03,-2.59969137e-04,4.39601953e-04,5.67771007e-01,4.85837085e-05,2.83688391e-05,1.01329668e-01,1.05378490e-06,-1.36689516e-06,8.00502821e-03,-2.68616137e-04,4.34739912e-04,-1.69268618e-04,8.64699977e-06,4.86204192e-06
9.91000000e+02,6.69091655e-01,4.99547595e-05,2.90965739e-05,7.82724497e-03,-2.55953619e-04,4.48648503e-04,5.67757469e-01,4.98903552e-05,3.03480474e-05,1.01334186e-01,6.44042237e-08,-1.25147350e-06,7.99733573e-03,-2.68425166e-04,4.46883615e-04,-1.70090784e-04,1.24715468e-05,1.76488777e-06
9.92000000e+02,6.69138257e-01,4.87094169e-05,2.45193329e-05,7.83773471e-03,-2.71025074e-04,4.25996319e-04,5.67792703e-01,4.78502854e-05,2.59207154e-05,1.01345550e-01,8.59131589e-07,-1.40138254e-06,8.00670183e-03,-2.79896809e-04,4.22034879e-04,-1.68967098e-04,8.87173439e-06,3.96144021e-06
9.93000000e+02,6.69123093e-01,3.88028932e-05,2.96392585e-05,7.83252164e-03,-2.56117138e-04,3.97730437e-04,5.67773123e-01,3.88450716e-05,3.08631760e-05,1.01349971e-01,-4.21783783e-08,-1.22391749e-06,8.00235106e-03,-2.68709594e-04,3.96451320e-04,-1.69829410e-04,1.25924558e-05,1.27911730e-06
9.94000000e+02,6.69174830e-01,4.85723849e-05,2.92361180e-05,7.84072381e-03,-2.79552333e-04,4.27351709e-04,5.67813423e-01,4.74868161e-05,3.06021832e-05,1.01361409e-01,1.08556877e-06,-1.36606516e-06,8.00950614e-03,-2.88362757e-04,4.22286305e-04,-1.68782310e-04,8.81042407e-06,5.06540404e-06
9.95000000e+02,6.69164976e-01,4.85037128e-05,3.15875299e-05,7.83195764e-03,-2.74847452e-04,4.39887424e-04,5.67799193e-01,4.84470052e-05,3.28556781e-05,1.01365783e-01,5.67075891e-08,-1.26814814e-06,8.00157149e-03,-2.87413009e-04,4.37927456e-04,-1.69613857e-04,1.25655570e-05,1.95996798e-06
9.96000000e+02,6.69210979e-01,4.78357301e-05,2.75400320e-05,7.84188284e-03,-2.93429213e-04,4.25002705e-04,5.67834023e-01,4.69538346e-05,2.89561160e-05,1.01376957e-01,8.81895354e-07,-1.41608404e-06,8.01036785e-03,-3.02361467e-04,4.20863254e-04,-1.68484995e-04,8.93225439e-06,4.13945122e-06
9.97000000e+02,6.69195340e-01,3.70982257e-05,3.28427230e-05,7.83608224e-03,-2.80011216e-04,3.92674843e-04,5.67814229e-01,3.71320810e-05,3.40571162e-05,1.01381110e-01,-3.38553916e-08,-1.21439315e-06,8.00543767e-03,-2.92800767e-04,3.91093417e-04,-1.69355401e-04,1.27895506e-05,1.58142692e-06
9.98000000e+02,6.69246463e-01,4.75588393e-05,3.14811078e-05,7.84414926e-03,-3.00202144e-04,4.27577966e-04,5.67854066e-01,4.64185244e-05,3.29029619e-05,1.01392397e-01,1.14031498e-06,-1.42185410e-06,8.01246203e-03,-3.09333412e-04,4.22217115e-04,-1.68312742e-04,9.13126846e-06,5.36085147e-06
9.99000000e+02,6.69235843e-01,4.93723391e-05,3.33274337e-05,7.83440788e-03,-2.93369247e-04,4.52382542e-04,5.67839267e-01,4.92685022e-05,3.46665662e-05,1.01396572e-01,1.03836908e-07,-1.33913251e-06,8.00356602e-03,-3.06378395e-04,4.50232316e-04,-1.69158152e-04,1.30091483e-05,2.15022669e-06
1.00000000e+03,6.69281539e-01,4.88897594e-05,2.80739001e-05,7.84407092e-03,-3.01730306e-04,4.39655019e-04,5.67874051e-01,4.80086712e-05,2.95493207e-05,1.01407487e-01,8.81088216e-07,-1.47542052e-06,8.01209074e-03,-3.11197682e-04,4.35499791e-04,-1.68019826e-04,9.46737547e-06,4.15522806e-06
