time,Fx,Fy,Fz,Mx,My,Mz,Fx_p,Fy_p,Fz_p,Fx_v,Fy_v,Fz_v,Mx_p,My_p,Mz_p,Mx_v,My_v,Mz_v
1.00000000e+00,8.36610085e+02,-2.58977270e-03,-2.83214926e-03,-3.28447934e-02,2.46495806e-03,-1.81035511e-03,1.24412051e+02,-2.55107147e-03,-2.89499097e-03,7.12198034e+02,-3.87012303e-05,6.28417032e-05,-3.30736892e-02,1.83381698e-03,-1.64376649e-03,2.28895793e-04,6.31141082e-04,-1.66588616e-04
2.00000000e+00,8.80740056e+02,-4.13741936e-03,-7.16685008e-03,-2.78988532e-02,5.36018911e-03,-2.82126911e-03,1.63422574e+02,-4.04606326e-03,-7.30959623e-03,7.17317482e+02,-9.13560944e-05,1.42746146e-04,-2.79878451e-02,4.78254192e-03,-2.59448353e-03,8.89919142e-05,5.77647195e-04,-2.26785583e-04
3.00000000e+00,8.97625435e+02,-5.22317590e-03,-1.08785172e-02,-2.02285567e-02,6.86557475e-03,-3.62966067e-03,1.82912335e+02,-5.20890413e-03,-1.12385413e-02,7.14713100e+02,-1.42717691e-05,3.60024119e-04,-2.02089983e-02,6.39578421e-03,-3.43822662e-03,-1.95583521e-05,4.69790542e-04,-1.91434049e-04
4.00000000e+00,9.05499231e+02,-6.07287116e-03,-9.10460201e-03,-1.22028235e-02,7.12340441e-03,-4.28859260e-03,1.95141182e+02,-6.13741776e-03,-9.60316809e-03,7.10358049e+02,6.45466043e-05,4.98566075e-04,-1.21154956e-02,6.75488207e-03,-4.16049819e-03,-8.73278804e-05,3.68522338e-04,-1.28094417e-04
5.00000000e+00,9.05936812e+02,-7.47683117e-03,-1.15175922e-02,-1.13379246e-02,7.63047248e-03,-4.86771445e-03,2.05087760e+02,-7.65224610e-03,-1.22495691e-02,7.00849053e+02,1.75414922e-04,7.31976892e-04,-1.11865939e-02,7.39463528e-03,-4.81497576e-03,-1.51330698e-04,2.35837201e-04,-5.27386886e-05
6.00000000e+00,8.98315190e+02,-6.35954576e-03,-5.93843036e-03,-1.32396902e-02,5.73347838e-03,-4.03601353e-03,2.11783889e+02,-6.64534141e-03,-6.82954576e-03,6.86531301e+02,2.85795655e-04,8.91115405e-04,-1.32462672e-02,5.60496445e-03,-4.05130511e-03,6.57691817e-06,1.28513924e-04,1.52915776e-05
7.00000000e+00,8.83752185e+02,-4.67638945e-03,-3.05535519e-03,-1.77127866e-02,3.72074033e-03,-3.14769548e-03,2.17280268e+02,-4.99602244e-03,-3.94590082e-03,6.66471917e+02,3.19632991e-04,8.90545629e-04,-1.76528817e-02,3.63777195e-03,-3.19725368e-03,-5.99048237e-05,8.29683827e-05,4.95581908e-05
8.00000000e+00,8.61894087e+02,-4.14994059e-03,-4.21387901e-03,-1.91267043e-02,2.11130439e-03,-2.25905704e-03,2.20410000e+02,-4.48458123e-03,-5.22252664e-03,6.41484087e+02,3.34640647e-04,1.00864764e-03,-1.90866057e-02,2.03401974e-03,-2.30647757e-03,-4.00985689e-05,7.72846534e-05,4.74205238e-05
9.00000000e+00,8.36404886e+02,-1.73348154e-03,-3.73034162e-04,-2.33805748e-02,3.63947257e-04,-1.32522320e-03,2.24559877e+02,-1.98956091e-03,-1.15363890e-03,6.11845009e+02,2.56079371e-04,7.80604742e-04,-2.33035875e-02,2.09181956e-04,-1.32939091e-03,-7.69872366e-05,1.54765301e-04,4.16771568e-06
1.00000000e+01,8.06576181e+02,-1.48630537e-03,2.92227976e-03,-2.67680519e-02,-6.33113735e-04,-1.37257479e-03,2.27577526e+02,-1.61055757e-03,2.44315066e-03,5.78998654e+02,1.24252206e-04,4.79129103e-04,-2.70100664e-02,-8.95770450e-04,-1.32081462e-03,2.42014502e-04,2.62656715e-04,-5.17601673e-05
1.10000000e+01,7.74004888e+02,-3.73535060e-03,2.15399932e-03,-2.09456634e-02,3.08107634e-04,-2.77126254e-03,2.29710955e+02,-3.76569092e-03,2.11056122e-03,5.44293933e+02,3.03403184e-05,4.34380958e-05,-2.12012549e-02,-4.11283083e-05,-2.67696703e-03,2.55591494e-04,3.49235942e-04,-9.42955067e-05
1.20000000e+01,7.39021434e+02,-8.11463073e-04,6.55182747e-03,-2.27677472e-02,-3.63119784e-03,-3.54798454e-04,2.30816492e+02,-7.57031706e-04,6.59657811e-03,5.08204942e+02,-5.44313674e-05,-4.47506362e-05,-2.29490835e-02,-4.01274092e-03,-2.35636922e-04,1.81336253e-04,3.81543084e-04,-1.19161532e-04
1.30000000e+01,7.03667582e+02,-2.82892409e-03,4.94729526e-03,-1.54089703e-02,-2.39136792e-03,-9.07184839e-04,2.31898229e+02,-2.74871220e-03,4.90872986e-03,4.71769354e+02,-8.02118975e-05,3.85654025e-05,-1.53839808e-02,-2.74607880e-03,-7.84929728e-04,-2.49894878e-05,3.54710876e-04,-1.22255110e-04
1.40000000e+01,6.69032471e+02,-2.88503573e-03,8.39075620e-03,-9.90317211e-03,-5.90889160e-03,-4.69843113e-04,2.34104023e+02,-2.78005744e-03,8.49123144e-03,4.34928448e+02,-1.04978292e-04,-1.00475246e-04,-1.01638713e-02,-6.25526360e-03,-3.30095958e-04,2.60699209e-04,3.46371996e-04,-1.39747155e-04
1.50000000e+01,6.34900897e+02,-7.46165431e-03,-1.01047453e-03,1.21877212e-02,-3.43805089e-03,-2.98511760e-03,2.36322090e+02,-7.30218109e-03,-8.91073119e-04,3.98578807e+02,-1.59473218e-04,-1.19401412e-04,1.08155705e-02,-3.74755018e-03,-2.83444263e-03,1.37215070e-03,3.09499286e-04,-1.50674970e-04
1.60000000e+01,6.01213267e+02,-1.11665159e-02,-4.23945228e-04,6.15013268e-02,-5.32066336e-03,-3.98463199e-03,2.38067326e+02,-1.08922048e-02,-3.06824864e-04,3.63145940e+02,-2.74311147e-04,-1.17120364e-04,6.07693278e-02,-5.60894218e-03,-3.81197987e-03,7.31998960e-04,2.88278824e-04,-1.72652126e-04
1.70000000e+01,5.68862234e+02,-2.52549524e-02,-9.87357451e-03,9.47236447e-02,-1.14385926e-03,-6.78411158e-03,2.38725907e+02,-2.46839733e-02,-9.59647286e-03,3.30136327e+02,-5.70979126e-04,-2.77101655e-04,9.40041042e-02,-1.49464498e-03,-6.55142355e-03,7.19540513e-04,3.50785724e-04,-2.32688038e-04
1.80000000e+01,5.39123442e+02,-5.82338044e-02,-2.32720016e-02,1.31785288e-01,1.73529638e-03,-1.54985575e-02,2.38675329e+02,-5.72973185e-02,-2.26162809e-02,3.00448113e+02,-9.36485854e-04,-6.55720693e-04,1.31356358e-01,1.21853238e-03,-1.51571334e-02,4.28930011e-04,5.16763999e-04,-3.41424078e-04
1.90000000e+01,5.10366585e+02,-9.51099363e-02,-7.11087480e-02,1.83914408e-01,2.10522339e-02,-2.36776913e-02,2.36539008e+02,-9.40066819e-02,-7.00054333e-02,2.73827577e+02,-1.10325445e-03,-1.10331475e-03,1.83534822e-01,2.03076576e-02,-2.32294084e-02,3.79585966e-04,7.44576245e-04,-4.48282907e-04
2.00000000e+01,4.83576301e+02,-1.15434317e-01,-9.27598232e-02,2.54276187e-01,2.57836928e-02,-2.54861148e-02,2.33684844e+02,-1.14371104e-01,-9.15722416e-02,2.49891458e+02,-1.06321312e-03,-1.18758154e-03,2.53279518e-01,2.49978726e-02,-2.49283310e-02,9.96669870e-04,7.85820209e-04,-5.57783850e-04
2.10000000e+01,4.57738791e+02,-1.48531922e-01,-1.25848369e-01,3.58929030e-01,4.10993454e-02,-3.92662862e-02,2.29249308e+02,-1.47668713e-01,-1.24871360e-01,2.28489482e+02,-8.63209594e-04,-9.77008992e-04,3.56739658e-01,4.03845812e-02,-3.86365130e-02,2.18937202e-03,7.14764200e-04,-6.29773125e-04
2.20000000e+01,4.34231787e+02,-1.74570697e-01,-1.22677462e-01,5.12590848e-01,3.55807752e-02,-5.25606117e-02,2.24878568e+02,-1.73515704e-01,-1.21851389e-01,2.09353219e+02,-1.05499210e-03,-8.26073189e-04,5.08800301e-01,3.49255119e-02,-5.17167234e-02,3.79054721e-03,6.55263282e-04,-8.43888368e-04
2.30000000e+01,4.12411926e+02,-2.18341706e-01,-1.40378657e-01,7.02307367e-01,4.68514350e-02,-8.35783469e-02,2.20051335e+02,-2.16849437e-01,-1.39614400e-01,1.92360590e+02,-1.49226856e-03,-7.64257492e-04,6.97059715e-01,4.61667425e-02,-8.24037609e-02,5.24765107e-03,6.84692412e-04,-1.17458602e-03
2.40000000e+01,3.93652827e+02,-2.67469001e-01,-1.41810159e-01,8.89289028e-01,4.92403197e-02,-1.18500088e-01,2.16428888e+02,-2.65431425e-01,-1.40703288e-01,1.77223939e+02,-2.03757667e-03,-1.10687053e-03,8.83409499e-01,4.82779062e-02,-1.16943523e-01,5.87952858e-03,9.62413496e-04,-1.55656492e-03
2.50000000e+01,3.77211716e+02,-3.34670171e-01,-1.75448492e-01,1.02767578e+00,7.37966610e-02,-1.65828171e-01,2.13334385e+02,-3.31951669e-01,-1.74210632e-01,1.63877332e+02,-2.71850220e-03,-1.23785987e-03,1.02270879e+00,7.25733580e-02,-1.63759951e-01,4.96698666e-03,1.22330298e-03,-2.06822037e-03
2.60000000e+01,3.64179804e+02,-3.87397540e-01,-1.85561720e-01,1.08867171e+00,8.39425799e-02,-2.01342667e-01,2.12059846e+02,-3.84571932e-01,-1.84206826e-01,1.52119958e+02,-2.82560813e-03,-1.35489454e-03,1.08636044e+00,8.24789548e-02,-1.99160981e-01,2.31127248e-03,1.46362505e-03,-2.18168575e-03
2.70000000e+01,3.53656828e+02,-4.18422259e-01,-1.93821138e-01,1.08044384e+00,9.39036647e-02,-2.23808263e-01,2.11736917e+02,-4.16595514e-01,-1.93230215e-01,1.41919911e+02,-1.82674557e-03,-5.90923244e-04,1.08114286e+00,9.27411122e-02,-2.22078613e-01,-6.99027433e-04,1.16255252e-03,-1.72964954e-03
2.80000000e+01,3.45973963e+02,-3.98508622e-01,-1.76475847e-01,1.01101621e+00,8.91257730e-02,-2.14675349e-01,2.12884518e+02,-3.98051545e-01,-1.76988050e-01,1.33089445e+02,-4.57077475e-04,5.12202556e-04,1.01465426e+00,8.85929498e-02,-2.13712767e-01,-3.63805653e-03,5.32823260e-04,-9.62582529e-04
2.90000000e+01,3.40087713e+02,-3.55453675e-01,-1.24565435e-01,9.03164469e-01,6.45275217e-02,-1.94684189e-01,2.14512158e+02,-3.56112533e-01,-1.26642813e-01,1.25575555e+02,6.58858143e-04,2.07737807e-03,9.08936965e-01,6.49739824e-02,-1.94393037e-01,-5.77249578e-03,-4.46460710e-04,-2.91152328e-04
3.00000000e+01,3.35881768e+02,-2.88589455e-01,-5.83521245e-02,7.75012479e-01,2.74902219e-02,-1.58111134e-01,2.16736540e+02,-2.90678151e-01,-6.22908353e-02,1.19145228e+02,2.08869673e-03,3.93871079e-03,7.82109326e-01,2.92913149e-02,-1.58542290e-01,-7.09684666e-03,-1.80109299e-03,4.31155910e-04
3.10000000e+01,3.32060910e+02,-1.84405694e-01,3.16419271e-02,6.47124428e-01,-2.09135378e-02,-1.08688051e-01,2.18439583e+02,-1.88762192e-01,2.54917661e-02,1.13621327e+02,4.35649766e-03,6.15016098e-03,6.54456461e-01,-1.77708421e-02,-1.10339750e-01,-7.33203307e-03,-3.14269569e-03,1.65169952e-03
3.20000000e+01,3.28043027e+02,-4.41352929e-02,1.49859357e-01,5.29834591e-01,-7.91592631e-02,-4.23505722e-02,2.19184530e+02,-4.97246233e-02,1.43506294e-01,1.08858497e+02,5.58933033e-03,6.35306278e-03,5.36726647e-01,-7.52360906e-02,-4.48779582e-02,-6.89205607e-03,-3.92317254e-03,2.52738596e-03
3.30000000e+01,3.23706657e+02,8.57941125e-02,2.40378964e-01,4.29296654e-01,-1.38280489e-01,2.40485644e-02,2.18860211e+02,7.96732113e-02,2.35006868e-01,1.04846446e+02,6.12090119e-03,5.37209596e-03,4.35412116e-01,-1.34045464e-01,2.08935769e-02,-6.11546173e-03,-4.23502536e-03,3.15498751e-03
3.40000000e+01,3.18910009e+02,2.08128463e-01,3.11827966e-01,3.45376680e-01,-1.93040000e-01,8.93978331e-02,2.17538240e+02,2.01794228e-01,3.07557654e-01,1.01371769e+02,6.33423531e-03,4.27031221e-03,3.50832476e-01,-1.89006566e-01,8.58552981e-02,-5.45579577e-03,-4.03343376e-03,3.54253508e-03
3.50000000e+01,3.13994791e+02,3.27729679e-01,3.69062770e-01,2.72578523e-01,-2.37355412e-01,1.54416308e-01,2.15677404e+02,3.22684098e-01,3.65836142e-01,9.83173875e+01,5.04558151e-03,3.22662786e-03,2.77574320e-01,-2.33757475e-01,1.51240354e-01,-4.99579630e-03,-3.59793612e-03,3.17595409e-03
3.60000000e+01,3.08967865e+02,4.14230625e-01,4.15317922e-01,2.04103501e-01,-2.70136577e-01,2.01114484e-01,2.13411609e+02,4.10680008e-01,4.13593111e-01,9.55562562e+01,3.55061734e-03,1.72481131e-03,2.08699276e-01,-2.67517641e-01,1.98642605e-01,-4.59577517e-03,-2.61893609e-03,2.47187829e-03
3.70000000e+01,3.03614153e+02,4.65982960e-01,4.24333998e-01,1.39715373e-01,-2.81662720e-01,2.31187681e-01,2.10644541e+02,4.64324414e-01,4.24486237e-01,9.29696122e+01,1.65854633e-03,-1.52239408e-04,1.43867497e-01,-2.80195768e-01,2.29747127e-01,-4.15212365e-03,-1.46695190e-03,1.44055419e-03
3.80000000e+01,2.98143937e+02,4.45124096e-01,3.86094834e-01,8.41927009e-02,-2.62411219e-01,2.23921561e-01,2.07642379e+02,4.45662932e-01,3.87470274e-01,9.05015577e+01,-5.38836301e-04,-1.37543932e-03,8.77937223e-02,-2.62003648e-01,2.23703592e-01,-3.60102147e-03,-4.07570871e-04,2.17969216e-04
3.90000000e+01,2.92542093e+02,3.80576169e-01,3.12572456e-01,4.14910176e-02,-2.21565017e-01,1.95777255e-01,2.04470533e+02,3.82726532e-01,3.15064666e-01,8.80715601e+01,-2.15036323e-03,-2.49220983e-03,4.45657475e-02,-2.21993888e-01,1.96529492e-01,-3.07472990e-03,4.28870918e-04,-7.52236992e-04
4.00000000e+01,2.86866812e+02,3.10644360e-01,2.41418060e-01,9.71993964e-03,-1.75794863e-01,1.65330210e-01,2.01211929e+02,3.13443948e-01,2.44516786e-01,8.56548830e+01,-2.79958786e-03,-3.09872654e-03,1.23482908e-02,-1.77211098e-01,1.66643484e-01,-2.62835115e-03,1.41623452e-03,-1.31327409e-03
4.10000000e+01,2.81146453e+02,2.24151192e-01,1.54848262e-01,-1.33537110e-02,-1.19725098e-01,1.26793872e-01,1.97921561e+02,2.28200539e-01,1.58612786e-01,8.32248921e+01,-4.04934738e-03,-3.76452359e-03,-1.10831751e-02,-1.21785147e-01,1.28970954e-01,-2.27053589e-03,2.06004921e-03,-2.17708147e-03
4.20000000e+01,2.75540147e+02,1.46441606e-01,8.48769157e-02,-2.84884630e-02,-6.92203743e-02,9.03326885e-02,1.94752537e+02,1.50356763e-01,8.88229849e-02,8.07876102e+01,-3.91515738e-03,-3.94606918e-03,-2.65432157e-02,-7.19336717e-02,9.27522609e-02,-1.94524736e-03,2.71329737e-03,-2.41957235e-03
4.30000000e+01,2.70039895e+02,5.14918938e-02,-2.15467620e-03,-3.59172777e-02,-7.98213570e-03,4.29274898e-02,1.91702241e+02,5.57683274e-02,1.72850920e-03,7.83376540e+01,-4.27643352e-03,-3.88318541e-03,-3.43292658e-02,-1.08577201e-02,4.57451144e-02,-1.58801188e-03,2.87558437e-03,-2.81762459e-03
4.40000000e+01,2.64857808e+02,-2.87148456e-02,-7.02439703e-02,-3.54571753e-02,4.22061263e-02,-3.75981592e-04,1.88953381e+02,-2.52082553e-02,-6.72518472e-02,7.59044270e+01,-3.50659037e-03,-2.99212310e-03,-3.42806479e-02,3.95920978e-02,2.25224081e-03,-1.17652735e-03,2.61402847e-03,-2.62822240e-03
4.50000000e+01,2.60017238e+02,-9.61146123e-02,-1.29895972e-01,-2.60503036e-02,8.67652129e-02,-3.84495884e-02,1.86515625e+02,-9.35596993e-02,-1.28464814e-01,7.35016129e+01,-2.55491300e-03,-1.43115811e-03,-2.53297584e-02,8.51047271e-02,-3.63510824e-02,-7.20545126e-04,1.66048580e-03,-2.09850595e-03
4.60000000e+01,2.55587848e+02,-1.40001259e-01,-1.59151240e-01,-7.23801612e-03,1.13530380e-01,-6.77892736e-02,1.84414706e+02,-1.38592340e-01,-1.59251727e-01,7.11731422e+01,-1.40891892e-03,1.00487263e-04,-6.97952208e-03,1.12861285e-01,-6.60645476e-02,-2.58494045e-04,6.69094528e-04,-1.72472592e-03
4.70000000e+01,2.51472477e+02,-1.68627464e-01,-1.76550645e-01,2.02539249e-02,1.28730238e-01,-8.84447072e-02,1.82537076e+02,-1.67661241e-01,-1.78382897e-01,6.89354011e+01,-9.66223541e-04,1.83225179e-03,2.00480396e-02,1.29313281e-01,-8.70070344e-02,2.05885335e-04,-5.83043427e-04,-1.43767278e-03
4.80000000e+01,2.47776139e+02,-1.77129710e-01,-1.73317489e-01,5.52940210e-02,1.30098848e-01,-1.01192178e-01,1.80950734e+02,-1.77685917e-01,-1.76240876e-01,6.68254048e+01,5.56206919e-04,2.92338724e-03,5.46744060e-02,1.31511198e-01,-1.00438865e-01,6.19614994e-04,-1.41234986e-03,-7.53312871e-04
4.90000000e+01,2.44312881e+02,-1.76325164e-01,-1.56745895e-01,9.61418575e-02,1.21233024e-01,-1.07096439e-01,1.79452739e+02,-1.77475779e-01,-1.60403616e-01,6.48601418e+01,1.15061515e-03,3.65772145e-03,9.51550471e-02,1.23093158e-01,-1.06871558e-01,9.86810412e-04,-1.86013439e-03,-2.24880438e-04
5.00000000e+01,2.41343439e+02,-1.59108731e-01,-1.25910839e-01,1.41004858e-01,1.00476101e-01,-1.05934215e-01,1.78293825e+02,-1.61427954e-01,-1.29724482e-01,6.30496133e+01,2.31922351e-03,3.81364254e-03,1.39745242e-01,1.02466132e-01,-1.06327709e-01,1.25961620e-03,-1.99003085e-03,3.93493957e-04
5.10000000e+01,2.38700247e+02,-1.35425109e-01,-8.83893663e-02,1.87615551e-01,7.44927222e-02,-9.73814778e-02,1.77297935e+02,-1.38114289e-01,-9.19380341e-02,6.14023127e+01,2.68918028e-03,3.54866783e-03,1.86185770e-01,7.61921367e-02,-9.83678707e-02,1.42978172e-03,-1.69941443e-03,9.86392881e-04
5.20000000e+01,2.36629002e+02,-1.05599556e-01,-5.00383958e-02,2.33423552e-01,4.63000718e-02,-8.75673515e-02,1.76719926e+02,-1.08839116e-01,-5.23869879e-02,5.99090762e+01,3.23956019e-03,2.34859216e-03,2.31980115e-01,4.70579686e-02,-8.89597276e-02,1.44343635e-03,-7.57896786e-04,1.39237605e-03
5.30000000e+01,2.34844803e+02,-8.17084487e-02,-2.56466013e-02,2.75022638e-01,2.75825481e-02,-7.57869776e-02,1.76288387e+02,-8.47338834e-02,-2.63051782e-02,5.85564156e+01,3.02543469e-03,6.58576948e-04,2.73720280e-01,2.68964701e-02,-7.74547205e-02,1.30235808e-03,6.86077998e-04,1.66774291e-03
5.40000000e+01,2.33293290e+02,-4.29712141e-02,-1.08816530e-02,3.08697566e-01,1.49078792e-02,-5.54040830e-02,1.75965374e+02,-4.61887467e-02,-8.83774167e-03,5.73279159e+01,3.21753260e-03,-2.04391136e-03,3.07734277e-01,1.21329485e-02,-5.73763886e-02,9.63288454e-04,2.77493069e-03,1.97230560e-03
5.50000000e+01,2.31757241e+02,-2.23625186e-02,-3.82959056e-03,3.30834961e-01,8.82405225e-03,-3.91682096e-02,1.75551205e+02,-2.50413480e-02,1.34761775e-03,5.62060363e+01,2.67882943e-03,-5.17720831e-03,3.30375891e-01,3.44131084e-03,-4.12583267e-02,4.59070087e-04,5.38274141e-03,2.09011714e-03
5.60000000e+01,2.30361328e+02,4.64287816e-03,8.48902913e-03,3.38104130e-01,-1.43894370e-03,-2.04349540e-02,1.75188115e+02,1.62071116e-03,1.74052175e-02,5.51732131e+01,3.02216700e-03,-8.91618836e-03,3.38309108e-01,-9.69653072e-03,-2.29188973e-02,-2.04978523e-04,8.25758702e-03,2.48394322e-03
5.70000000e+01,2.29047305e+02,1.09275609e-02,1.66568998e-02,3.28571633e-01,-6.85670664e-03,-1.14103166e-02,1.74830926e+02,8.34976872e-03,2.85865950e-02,5.42163790e+01,2.57779221e-03,-1.19296952e-02,3.29504049e-01,-1.73913554e-02,-1.39468899e-02,-9.32415502e-04,1.05346488e-02,2.53657327e-03
5.80000000e+01,2.28025753e+02,8.90863712e-03,2.75246403e-02,3.02640275e-01,-1.78406415e-02,-1.06194198e-02,1.74705847e+02,5.77771911e-03,4.15485728e-02,5.33199059e+01,3.13091801e-03,-1.40239325e-02,3.04313351e-01,-2.96803777e-02,-1.36054054e-02,-1.67307540e-03,1.18397362e-02,2.98598566e-03
5.90000000e+01,2.27235180e+02,-7.76060876e-03,2.57320578e-02,2.62786448e-01,-1.83181584e-02,-1.61432900e-02,1.74771664e+02,-1.09037869e-02,4.02741026e-02,5.24635160e+01,3.14317813e-03,-1.45420448e-02,2.65105116e-01,-3.04810915e-02,-1.94415880e-02,-2.31866792e-03,1.21629331e-02,3.29829790e-03
6.00000000e+01,2.26745584e+02,-2.92984138e-02,1.80511687e-02,2.12008492e-01,-1.47274732e-02,-2.80901077e-02,1.75113761e+02,-3.27662597e-02,3.20656725e-02,5.16318230e+01,3.46784589e-03,-1.40145038e-02,2.14849453e-01,-2.61696720e-02,-3.14749612e-02,-2.84096130e-03,1.14421988e-02,3.38485351e-03
6.10000000e+01,2.26295640e+02,-5.13729636e-02,2.21186786e-03,1.54189228e-01,-2.76733970e-03,-3.98394581e-02,1.75479045e+02,-5.45386532e-02,1.40056299e-02,5.08165948e+01,3.16568963e-03,-1.17937621e-02,1.57376308e-01,-1.23445978e-02,-4.30953142e-02,-3.18708086e-03,9.57725814e-03,3.25585610e-03
6.20000000e+01,2.25950806e+02,-7.42111984e-02,-1.60671796e-02,9.34053372e-02,8.07461195e-03,-5.43618699e-02,1.75937588e+02,-7.73141377e-02,-6.67446721e-03,5.00132181e+01,3.10293933e-03,-9.39271242e-03,9.67642540e-02,8.07268786e-04,-5.73710467e-02,-3.35891683e-03,7.26734317e-03,3.00917686e-03
6.30000000e+01,2.25591815e+02,-9.44323716e-02,-3.48836158e-02,3.32992029e-02,2.16220918e-02,-6.57930137e-02,1.76377159e+02,-9.73227535e-02,-2.86206282e-02,4.92146562e+01,2.89038193e-03,-6.26298759e-03,3.66592818e-02,1.68768235e-02,-6.86581587e-02,-3.36007889e-03,4.74526832e-03,2.86514496e-03
6.40000000e+01,2.25368327e+02,-1.04395187e-01,-4.64898833e-02,-2.24458552e-02,2.91779828e-02,-7.31344633e-02,1.76948427e+02,-1.07908023e-01,-4.31763633e-02,4.84198997e+01,3.51283669e-03,-3.31352000e-03,-1.92346930e-02,2.71314971e-02,-7.62690524e-02,-3.21116215e-03,2.04648573e-03,3.13458903e-03
6.50000000e+01,2.25174791e+02,-1.11398035e-01,-5.21059887e-02,-7.14059383e-02,3.47642850e-02,-7.80371836e-02,1.77547799e+02,-1.15266595e-01,-5.17609061e-02,4.76269926e+01,3.86855983e-03,-3.45082571e-04,-6.84655421e-02,3.50116457e-02,-8.14346792e-02,-2.94039620e-03,-2.47360722e-04,3.39749561e-03
6.60000000e+01,2.24954500e+02,-1.16501851e-01,-5.70473614e-02,-1.12481004e-01,3.66805060e-02,-8.23584087e-02,1.78104305e+02,-1.21238881e-01,-5.91414325e-02,4.68501949e+01,4.73703011e-03,2.09407103e-03,-1.09917510e-01,3.91553725e-02,-8.62343975e-02,-2.56349392e-03,-2.47486656e-03,3.87598878e-03
6.70000000e+01,2.24723946e+02,-1.19723251e-01,-5.87734118e-02,-1.45126998e-01,3.81893287e-02,-8.39760369e-02,1.78642398e+02,-1.24924913e-01,-6.29554705e-02,4.60815484e+01,5.20166162e-03,4.18205872e-03,-1.42993832e-01,4.21777399e-02,-8.82179845e-02,-2.13316575e-03,-3.98841119e-03,4.24194752e-03
6.80000000e+01,2.24508496e+02,-1.18603185e-01,-6.39564267e-02,-1.68701774e-01,3.96417652e-02,-8.37702179e-02,1.79176805e+02,-1.24372872e-01,-6.94671020e-02,4.53316909e+01,5.76968700e-03,5.51067530e-03,-1.67039159e-01,4.48743058e-02,-8.82933920e-02,-1.66261421e-03,-5.23254054e-03,4.52317410e-03
6.90000000e+01,2.24183272e+02,-1.09472200e-01,-6.64847909e-02,-1.83450581e-01,4.20841010e-02,-7.76418702e-02,1.79585993e+02,-1.15391491e-01,-7.33114208e-02,4.45972797e+01,5.91929099e-03,6.82662988e-03,-1.82224894e-01,4.80600623e-02,-8.22820092e-02,-1.22568762e-03,-5.97596128e-03,4.64013902e-03
7.00000000e+01,2.23830175e+02,-9.76039651e-02,-7.24246365e-02,-1.90231380e-01,4.38823281e-02,-7.06839920e-02,1.79945906e+02,-1.03609479e-01,-7.93675054e-02,4.38842690e+01,6.00551410e-03,6.94286893e-03,-1.89413206e-01,5.01011902e-02,-7.52578347e-02,-8.18173979e-04,-6.21886211e-03,4.57384270e-03
7.10000000e+01,2.23369257e+02,-9.03254079e-02,-7.47083092e-02,-1.90932981e-01,4.53183866e-02,-6.45544015e-02,1.80179148e+02,-9.59860010e-02,-8.19813785e-02,4.31901089e+01,5.66059307e-03,7.27306934e-03,-1.90435947e-01,5.14011521e-02,-6.89088103e-02,-4.97033865e-04,-6.08276555e-03,4.35440885e-03
7.20000000e+01,2.22836531e+02,-8.47152364e-02,-7.67034327e-02,-1.87025039e-01,4.52727932e-02,-6.04842984e-02,1.80315504e+02,-8.98727683e-02,-8.36100934e-02,4.25210264e+01,5.15753191e-03,6.90666077e-03,-1.86790556e-01,5.11280689e-02,-6.43516053e-02,-2.34483157e-04,-5.85527570e-03,3.86730692e-03
7.30000000e+01,2.22187281e+02,-7.58398351e-02,-7.24252581e-02,-1.80688138e-01,4.41404579e-02,-5.33375932e-02,1.80312432e+02,-8.00825176e-02,-7.93424841e-02,4.18748489e+01,4.24268249e-03,6.91722596e-03,-1.80608107e-01,4.95539077e-02,-5.65802657e-02,-8.00304156e-05,-5.41344982e-03,3.24267244e-03
7.40000000e+01,2.21482223e+02,-5.59612699e-02,-6.77400744e-02,-1.73433554e-01,3.94993971e-02,-4.04622690e-02,1.80227739e+02,-5.93515645e-02,-7.39811206e-02,4.12544840e+01,3.39029456e-03,6.24104623e-03,-1.73442375e-01,4.44589229e-02,-4.29961499e-02,8.82048154e-06,-4.95952579e-03,2.53388097e-03
7.50000000e+01,2.20720276e+02,-3.61652692e-02,-5.55904006e-02,-1.67502532e-01,3.15286460e-02,-2.64798927e-02,1.80064967e+02,-3.84933020e-02,-6.15101080e-02,4.06553091e+01,2.32803274e-03,5.91970741e-03,-1.67489612e-01,3.57927818e-02,-2.83214797e-02,-1.29196835e-05,-4.26413585e-03,1.84158698e-03
7.60000000e+01,2.19930521e+02,-1.79251256e-02,-4.02151282e-02,-1.63056089e-01,1.96177462e-02,-1.48862470e-02,1.79849818e+02,-1.95644322e-02,-4.49096966e-02,4.00807034e+01,1.63930661e-03,4.69456841e-03,-1.62975745e-01,2.29832323e-02,-1.61849133e-02,-8.03446312e-05,-3.36548608e-03,1.29866626e-03
7.70000000e+01,2.19072764e+02,-8.55872924e-03,-2.17214350e-02,-1.60201904e-01,8.48658541e-03,-7.51886827e-03,1.79548855e+02,-9.75957022e-03,-2.52757254e-02,3.95239087e+01,1.20084098e-03,3.55429036e-03,-1.59985398e-01,1.05721396e-02,-8.61841453e-03,-2.16505990e-04,-2.08555416e-03,1.09954625e-03
7.80000000e+01,2.18229314e+02,-1.93562705e-03,-8.91053392e-03,-1.58534016e-01,-2.61561420e-03,-2.78087460e-03,1.79241992e+02,-3.31747786e-03,-1.04417096e-02,3.89873217e+01,1.38185081e-03,1.53117568e-03,-1.58189276e-01,-1.91884673e-03,-3.99893415e-03,-3.44740690e-04,-6.96767469e-04,1.21805955e-03
7.90000000e+01,2.17352542e+02,-1.57156703e-03,4.30191224e-03,-1.59275585e-01,-1.20298013e-02,-5.74625859e-04,1.78885129e+02,-3.45561633e-03,4.56526476e-03,3.84674122e+01,1.88404930e-03,-2.63352521e-04,-1.58777508e-01,-1.30010305e-02,-2.27551631e-03,-4.98077455e-04,9.71229184e-04,1.70089045e-03
8.00000000e+01,2.16486564e+02,-1.23391272e-03,1.43238173e-02,-1.62850449e-01,-2.09042515e-02,1.77621779e-04,1.78519638e+02,-3.75477770e-03,1.66078721e-02,3.79669261e+01,2.52086498e-03,-2.28405484e-03,-1.62241654e-01,-2.31797335e-02,-1.93900361e-03,-6.08795175e-04,2.27548195e-03,2.11662539e-03
8.10000000e+01,2.15598608e+02,-3.04268968e-03,2.28491405e-02,-1.69880429e-01,-2.54404533e-02,-1.01896144e-05,1.78116572e+02,-6.11383121e-03,2.61588476e-02,3.74820355e+01,3.07114153e-03,-3.30970716e-03,-1.69153884e-01,-2.86526149e-02,-2.60398365e-03,-7.26544451e-04,3.21216156e-03,2.59379403e-03
8.20000000e+01,2.14718812e+02,-2.09829897e-03,2.19333145e-02,-1.79373994e-01,-2.66372551e-02,-2.93450522e-04,1.77703772e+02,-5.55022088e-03,2.59580466e-02,3.70150401e+01,3.45192192e-03,-4.02473210e-03,-1.78587233e-01,-2.99998040e-02,-3.08115143e-03,-7.86760515e-04,3.36254892e-03,2.78770091e-03
8.30000000e+01,2.13826159e+02,-3.77967874e-03,1.94419493e-02,-1.90773116e-01,-2.49853679e-02,-1.94107338e-03,1.77264200e+02,-7.31448096e-03,2.29029225e-02,3.65619591e+01,3.53480222e-03,-3.46097326e-03,-1.89930663e-01,-2.79936396e-02,-4.83549377e-03,-8.42453688e-04,3.00827172e-03,2.89442038e-03
8.40000000e+01,2.12931324e+02,-3.86834827e-03,1.40738793e-02,-2.02531327e-01,-2.28901345e-02,-4.01206041e-03,1.76806726e+02,-7.36231075e-03,1.64317033e-02,3.61245983e+01,3.49396248e-03,-2.35782402e-03,-2.01707621e-01,-2.46815406e-02,-6.78860271e-03,-8.23706036e-04,1.79140611e-03,2.77654230e-03
8.50000000e+01,2.12011199e+02,-2.12162558e-03,1.26727389e-02,-2.13954492e-01,-2.05952661e-02,-3.87731020e-03,1.76312889e+02,-5.47365388e-03,1.26377203e-02,3.56983092e+01,3.35202830e-03,3.50186153e-05,-2.13161013e-01,-2.06312307e-02,-6.60730124e-03,-7.93478789e-04,3.59645994e-05,2.72999104e-03
8.60000000e+01,2.11102881e+02,-1.29443887e-03,9.41538702e-03,-2.24010379e-01,-2.00542786e-02,-5.50617665e-03,1.75815264e+02,-4.47114486e-03,7.18000440e-03,3.52876169e+01,3.17670599e-03,2.23538263e-03,-2.23312954e-01,-1.80381158e-02,-8.03183020e-03,-6.97425517e-04,-2.01616286e-03,2.52565355e-03
8.70000000e+01,2.10178769e+02,-5.28267575e-03,8.98323281e-03,-2.32901033e-01,-1.98913890e-02,-9.11383987e-03,1.75291089e+02,-8.27965492e-03,4.05097180e-03,3.48876797e+01,2.99697917e-03,4.93226101e-03,-2.32289413e-01,-1.59332468e-02,-1.15610608e-02,-6.11619447e-04,-3.95814217e-03,2.44722091e-03
8.80000000e+01,2.09300630e+02,-7.80182867e-03,8.57464372e-03,-2.39835652e-01,-2.07313936e-02,-1.28746061e-02,1.74799726e+02,-1.05884890e-02,2.00016220e-03,3.45009039e+01,2.78666037e-03,6.57448152e-03,-2.39349868e-01,-1.52874272e-02,-1.50694767e-02,-4.85783761e-04,-5.44396638e-03,2.19487059e-03
8.90000000e+01,2.08435071e+02,-1.15431644e-02,1.24835451e-02,-2.44931719e-01,-2.13781158e-02,-1.63973947e-02,1.74312137e+02,-1.38767118e-02,4.52246290e-03,3.41229333e+01,2.33354738e-03,7.96108215e-03,-2.44542983e-01,-1.50837763e-02,-1.82813517e-02,-3.88736074e-04,-6.29433944e-03,1.88395692e-03
9.00000000e+01,2.07614333e+02,-1.34869992e-02,1.32661251e-02,-2.47864814e-01,-2.25373326e-02,-1.99068309e-02,1.73857620e+02,-1.50920728e-02,5.14478337e-03,3.37567128e+01,1.60507360e-03,8.12134170e-03,-2.47595356e-01,-1.59145305e-02,-2.11111315e-02,-2.69457876e-04,-6.62280204e-03,1.20430054e-03
9.10000000e+01,2.06802113e+02,-1.60920930e-02,1.71221050e-02,-2.49345544e-01,-2.41553935e-02,-2.30659518e-02,1.73403015e+02,-1.67327425e-02,8.95067805e-03,3.33990980e+01,6.40649521e-04,8.17142699e-03,-2.49147728e-01,-1.77167777e-02,-2.35394581e-02,-1.97815612e-04,-6.43861580e-03,4.73506372e-04
9.20000000e+01,2.06008116e+02,-1.70872658e-02,1.88546484e-02,-2.49733467e-01,-2.54564651e-02,-2.62602043e-02,1.72957201e+02,-1.66470208e-02,1.14530801e-02,3.30509155e+01,-4.40245034e-04,7.40156829e-03,-2.49616768e-01,-1.94641739e-02,-2.57780747e-02,-1.16699323e-04,-5.99229114e-03,-4.82129605e-04
9.30000000e+01,2.05187803e+02,-1.57014292e-02,2.28504683e-02,-2.50025526e-01,-2.50263625e-02,-2.67510227e-02,1.72479080e+02,-1.40786021e-02,1.60304100e-02,3.27087234e+01,-1.62282707e-03,6.82005823e-03,-2.49942773e-01,-1.97058417e-02,-2.53986018e-02,-8.27531688e-05,-5.32052070e-03,-1.35242081e-03
9.40000000e+01,2.04386659e+02,-1.05443977e-02,2.36063859e-02,-2.49796711e-01,-2.46338602e-02,-2.56127833e-02,1.72009291e+02,-7.80822270e-03,1.79349363e-02,3.23773677e+01,-2.73617498e-03,5.67144964e-03,-2.49765934e-01,-2.00232757e-02,-2.32956837e-02,-3.07761956e-05,-4.61058448e-03,-2.31709955e-03
9.50000000e+01,2.03581788e+02,-3.62851517e-03,2.49610931e-02,-2.49098155e-01,-2.33374549e-02,-2.23531931e-02,1.71528338e+02,2.35831148e-04,2.00508050e-02,3.20534500e+01,-3.86434632e-03,4.91028804e-03,-2.49080953e-01,-1.95059073e-02,-1.92079228e-02,-1.72015505e-05,-3.83154761e-03,-3.14527031e-03
9.60000000e+01,2.02807975e+02,3.11596458e-03,2.54903928e-02,-2.47127796e-01,-2.26753745e-02,-1.99214417e-02,1.71068144e+02,8.07320917e-03,2.17535241e-02,3.17398303e+01,-4.95724459e-03,3.73686871e-03,-2.47150580e-01,-1.96219126e-02,-1.58369251e-02,2.27836167e-05,-3.05346190e-03,-4.08451661e-03
9.70000000e+01,2.02040595e+02,6.49741595e-03,2.75108252e-02,-2.44393525e-01,-2.02694772e-02,-1.83443626e-02,1.70607591e+02,1.25324638e-02,2.46939863e-02,3.14330038e+01,-6.03504788e-03,2.81683883e-03,-2.44416972e-01,-1.81343950e-02,-1.34879172e-02,2.34468823e-05,-2.13508225e-03,-4.85644545e-03
9.80000000e+01,2.01322298e+02,7.26496269e-03,2.75210119e-02,-2.40757776e-01,-1.90487096e-02,-1.91341225e-02,1.70185522e+02,1.41974327e-02,2.60530852e-02,3.11367764e+01,-6.93246998e-03,1.46792668e-03,-2.40800594e-01,-1.78034308e-02,-1.34922306e-02,4.28188886e-05,-1.24527876e-03,-5.64189193e-03
9.90000000e+01,2.00629110e+02,5.42851650e-03,2.74746483e-02,-2.37341159e-01,-1.71456722e-02,-2.04738786e-02,1.69781607e+02,1.31310365e-02,2.69932953e-02,3.08475025e+01,-7.70252005e-03,4.81352979e-04,-2.37357082e-01,-1.68389989e-02,-1.42952374e-02,1.59230658e-05,-3.06673297e-04,-6.17864120e-03
1.00000000e+02,1.99986292e+02,2.51645858e-03,2.62397429e-02,-2.34112658e-01,-1.59831415e-02,-2.28540158e-02,1.69418806e+02,1.06647020e-02,2.69680007e-02,3.05674865e+01,-8.14824343e-03,-7.28257787e-04,-2.34129744e-01,-1.64921108e-02,-1.62557300e-02,1.70851691e-05,5.08969268e-04,-6.59828578e-03
1.01000000e+02,1.99355113e+02,5.01258714e-04,2.67495582e-02,-2.31525978e-01,-1.36429794e-02,-2.30762242e-02,1.69060646e+02,8.71287237e-03,2.82640752e-02,3.02944672e+01,-8.21161366e-03,-1.51451697e-03,-2.31515930e-01,-1.49531066e-02,-1.65238221e-02,-1.00476229e-05,1.31012728e-03,-6.55240210e-03
1.02000000e+02,1.98761069e+02,2.21615512e-03,2.12247162e-02,-2.28902157e-01,-9.97075753e-03,-2.11966757e-02,1.68730015e+02,9.95013034e-03,2.38402304e-02,3.00310536e+01,-7.73397521e-03,-2.61551424e-03,-2.28907858e-01,-1.19747862e-02,-1.49673467e-02,5.70144499e-06,2.00402869e-03,-6.22932901e-03
1.03000000e+02,1.98169006e+02,6.29988391e-03,1.44600527e-02,-2.26494323e-01,-4.83983409e-03,-1.67474562e-02,1.68395087e+02,1.31222082e-02,1.77941790e-02,2.97739198e+01,-6.82232428e-03,-3.33412623e-03,-2.26491997e-01,-7.55390727e-03,-1.13348509e-02,-2.32562275e-06,2.71407318e-03,-5.41260531e-03
1.04000000e+02,1.97613311e+02,1.09909483e-02,7.11620139e-03,-2.23593867e-01,-4.78188545e-04,-1.26310214e-02,1.68087487e+02,1.64612527e-02,1.13157144e-02,2.95258235e+01,-5.47030440e-03,-4.19951297e-03,-2.23621207e-01,-3.73621879e-03,-8.24718337e-03,2.73393280e-05,3.25803025e-03,-4.38383807e-03
1.05000000e+02,1.97064313e+02,1.57790199e-02,4.12157591e-03,-2.20583961e-01,3.67328954e-03,-7.40545683e-03,1.67782420e+02,1.96434024e-02,8.70350968e-03,2.92818927e+01,-3.86438252e-03,-4.58193377e-03,-2.20605907e-01,-5.39216992e-05,-4.40965848e-03,2.19460243e-05,3.72721124e-03,-2.99579835e-03
1.06000000e+02,1.96562843e+02,2.16226121e-02,-1.75053219e-03,-2.17225088e-01,7.55291130e-03,-2.36561850e-03,1.67515836e+02,2.36326884e-02,3.34460041e-03,2.90470068e+01,-2.01007623e-03,-5.09513260e-03,-2.17267921e-01,3.57896929e-03,-7.93626354e-04,4.28327789e-05,3.97394201e-03,-1.57199215e-03
1.07000000e+02,1.96061570e+02,2.71469341e-02,-5.39127670e-03,-2.14311864e-01,1.06412969e-02,2.93820078e-03,1.67244965e+02,2.73424955e-02,-3.12286727e-04,2.88166045e+01,-1.95561405e-04,-5.07898997e-03,-2.14333579e-01,6.53894159e-03,2.98374421e-03,2.17146456e-05,4.10235527e-03,-4.55434321e-05
1.08000000e+02,1.95592123e+02,3.09235368e-02,-7.22862710e-03,-2.11516947e-01,1.15865671e-02,5.98780289e-03,1.66997147e+02,2.92858853e-02,-2.10983362e-03,2.85949756e+01,1.63765148e-03,-5.11879348e-03,-2.11547840e-01,7.57125270e-03,4.64282901e-03,3.08929591e-05,4.01531444e-03,1.34497387e-03
1.09000000e+02,1.95130004e+02,3.18877552e-02,-2.69787807e-03,-2.09114713e-01,1.06765841e-02,8.29794348e-03,1.66751355e+02,2.86004935e-02,2.07025842e-03,2.83786490e+01,3.28726170e-03,-4.76813649e-03,-2.09118304e-01,6.77260765e-03,5.56352401e-03,3.59092197e-06,3.90397640e-03,2.73441948e-03
1.10000000e+02,1.94703545e+02,3.25525599e-02,1.30819266e-03,-2.06484259e-01,7.96029858e-03,9.62704614e-03,1.66533538e+02,2.76778662e-02,5.99443916e-03,2.81700074e+01,4.87469365e-03,-4.68624650e-03,-2.06495539e-01,4.26508639e-03,5.70661952e-03,1.12802010e-05,3.69521219e-03,3.92042661e-03
1.11000000e+02,1.94283171e+02,3.19091182e-02,5.48573497e-03,-2.04050165e-01,5.66718252e-03,1.08765568e-02,1.66316533e+02,2.57759797e-02,9.85376425e-03,2.79666385e+01,6.13313847e-03,-4.36802928e-03,-2.04035393e-01,2.09310348e-03,5.89159814e-03,-1.47725266e-05,3.57407903e-03,4.98495864e-03
1.12000000e+02,1.93891821e+02,3.08567297e-02,7.58150065e-03,-2.01403385e-01,3.86752513e-03,1.11202116e-02,1.66121006e+02,2.36419883e-02,1.18865374e-02,2.77708153e+01,7.21474142e-03,-4.30503680e-03,-2.01399816e-01,4.58386676e-04,5.34779563e-03,-3.56885431e-06,3.40913846e-03,5.77241599e-03
1.13000000e+02,1.93499902e+02,2.88390541e-02,1.07046679e-02,-1.99176046e-01,3.68596465e-03,1.19140367e-02,1.65919977e+02,2.08772348e-02,1.47536251e-02,2.75799254e+01,7.96181926e-03,-4.04895727e-03,-1.99150775e-01,3.35941726e-04,5.47047476e-03,-2.52709803e-05,3.35002293e-03,6.44356191e-03
1.14000000e+02,1.93134646e+02,2.85799310e-02,1.05368668e-02,-1.96958231e-01,3.40076817e-03,1.30739357e-02,1.65737747e+02,1.99549714e-02,1.46195881e-02,2.73968995e+01,8.62495957e-03,-4.08272128e-03,-1.96951086e-01,1.79394016e-04,6.17532262e-03,-7.14485975e-06,3.22137416e-03,6.89861308e-03
1.15000000e+02,1.92762396e+02,2.77754728e-02,1.04019494e-02,-1.95195788e-01,3.63334678e-03,1.46439801e-02,1.65544425e+02,1.87534878e-02,1.42264579e-02,2.72179708e+01,9.02198501e-03,-3.82450858e-03,-1.95176114e-01,5.00057128e-04,7.36005172e-03,-1.96743241e-05,3.13328965e-03,7.28392834e-03
1.16000000e+02,1.92406931e+02,2.71795016e-02,9.67365565e-03,-1.93278672e-01,3.27354081e-03,1.56569776e-02,1.65360508e+02,1.77964109e-02,1.34108107e-02,2.70464227e+01,9.38309069e-03,-3.73715508e-03,-1.93288311e-01,3.24379385e-04,8.15202158e-03,9.63973022e-06,2.94916143e-03,7.50495600e-03
1.17000000e+02,1.92039404e+02,2.55416656e-02,1.15292581e-02,-1.91729744e-01,3.36610529e-03,1.71035298e-02,1.65159658e+02,1.59640648e-02,1.49087066e-02,2.68797461e+01,9.57760082e-03,-3.37944853e-03,-1.91733794e-01,5.72156867e-04,9.35966207e-03,4.05009344e-06,2.79394842e-03,7.74386777e-03
1.18000000e+02,1.91688407e+02,2.54767990e-02,1.01474989e-02,-1.90140382e-01,3.29739988e-03,1.87524616e-02,1.64967199e+02,1.55933384e-02,1.33804438e-02,2.67212075e+01,9.88346059e-03,-3.23294486e-03,-1.90179489e-01,7.75652247e-04,1.08292597e-02,3.91075523e-05,2.52174763e-03,7.92320187e-03
1.19000000e+02,1.91329419e+02,2.51148491e-02,8.69839376e-03,-1.89076433e-01,3.80637964e-03,2.07909535e-02,1.64761775e+02,1.50019422e-02,1.14520859e-02,2.65676441e+01,1.01129069e-02,-2.75369211e-03,-1.89118223e-01,1.55473030e-03,1.26082451e-02,4.17902389e-05,2.25164934e-03,8.18270839e-03
1.20000000e+02,1.90991328e+02,2.47840763e-02,6.61405752e-03,-1.87877005e-01,3.81203227e-03,2.19677596e-02,1.64569673e+02,1.42722939e-02,9.00454021e-03,2.64216544e+01,1.05117824e-02,-2.39048269e-03,-1.87964720e-01,1.96113533e-03,1.35258593e-02,8.77147963e-05,1.85089694e-03,8.44190027e-03
1.21000000e+02,1.90648361e+02,2.32692817e-02,8.03092114e-03,-1.87040058e-01,3.53608369e-03,2.33720504e-02,1.64368543e+02,1.23537393e-02,9.75591501e-03,2.62798185e+01,1.09155424e-02,-1.72499387e-03,-1.87137888e-01,2.08800741e-03,1.45275642e-02,9.78307151e-05,1.44807628e-03,8.84448625e-03
1.22000000e+02,1.90325646e+02,2.35235434e-02,6.69963359e-03,-1.86024628e-01,2.95831018e-03,2.50101296e-02,1.64180805e+02,1.19910407e-02,7.92303779e-03,2.61448405e+01,1.15325027e-02,-1.22340420e-03,-1.86172507e-01,2.05844065e-03,1.57372175e-02,1.47878362e-04,8.99869533e-04,9.27291214e-03
1.23000000e+02,1.89994893e+02,2.36639181e-02,6.40743484e-03,-1.85380174e-01,2.22090782e-03,2.68983393e-02,1.63981356e+02,1.15738898e-02,6.80871938e-03,2.60135377e+01,1.20900283e-02,-4.01284542e-04,-1.85538493e-01,1.86962439e-03,1.71132653e-02,1.58319019e-04,3.51283433e-04,9.78507392e-03
1.24000000e+02,1.89682877e+02,2.40611015e-02,5.00982821e-03,-1.84584653e-01,1.44413267e-03,2.79584154e-02,1.63794299e+02,1.13309617e-02,4.67408175e-03,2.58885785e+01,1.27301397e-02,3.35746462e-04,-1.84791818e-01,1.78904983e-03,1.77269843e-02,2.07165651e-04,-3.44917155e-04,1.02314311e-02
1.25000000e+02,1.89366565e+02,2.29616644e-02,6.40822994e-03,-1.84145706e-01,8.78806962e-04,2.89764130e-02,1.63599233e+02,9.74997297e-03,5.05177952e-03,2.57673321e+01,1.32116914e-02,1.35645042e-03,-1.84355985e-01,1.91595429e-03,1.82887950e-02,2.10279241e-04,-1.03714733e-03,1.06876180e-02
1.26000000e+02,1.89074452e+02,2.32451064e-02,4.93134294e-03,-1.83663713e-01,2.18478519e-04,2.98677345e-02,1.63421725e+02,9.54011751e-03,2.71474958e-03,2.56527273e+01,1.37049889e-02,2.21659335e-03,-1.83912652e-01,2.08699838e-03,1.88598075e-02,2.48938767e-04,-1.86851986e-03,1.10079270e-02
1.27000000e+02,1.88780803e+02,2.34337903e-02,3.99747970e-03,-1.83721456e-01,-7.49578245e-05,3.10285210e-02,1.63239148e+02,9.53045384e-03,6.37206703e-04,2.55416548e+01,1.39033364e-02,3.36027300e-03,-1.83964074e-01,2.59915317e-03,1.98099096e-02,2.42617588e-04,-2.67411099e-03,1.12186114e-02
1.28000000e+02,1.88511832e+02,2.29435660e-02,2.00378998e-03,-1.83657256e-01,-4.38812288e-04,3.06668185e-02,1.63074657e+02,8.98001628e-03,-2.37044101e-03,2.54371750e+01,1.39635498e-02,4.37423099e-03,-1.83932809e-01,3.14388052e-03,1.94781909e-02,2.75552697e-04,-3.58269281e-03,1.11886276e-02
1.29000000e+02,1.88243301e+02,2.15493080e-02,2.89626536e-03,-1.83966869e-01,-5.81477307e-04,3.04499608e-02,1.62906976e+02,7.87285475e-03,-2.69882415e-03,2.53363250e+01,1.36764532e-02,5.59508951e-03,-1.84230119e-01,3.84782718e-03,1.94356529e-02,2.63249777e-04,-4.42930449e-03,1.10143079e-02
1.30000000e+02,1.88000274e+02,2.08087155e-02,1.83348374e-03,-1.84094001e-01,-1.35690642e-03,2.95192460e-02,1.62758527e+02,7.53890541e-03,-4.73277258e-03,2.52417460e+01,1.32698101e-02,6.56625632e-03,-1.84385608e-01,3.97873273e-03,1.89095949e-02,2.91607001e-04,-5.33563916e-03,1.06096511e-02
1.31000000e+02,1.87755535e+02,2.01208305e-02,2.22249216e-03,-1.84526400e-01,-2.36211327e-03,2.89005894e-02,1.62604844e+02,7.59872605e-03,-5.46181032e-03,2.51506908e+01,1.25221044e-02,7.68430249e-03,-1.84801973e-01,3.75167210e-03,1.88435344e-02,2.75572830e-04,-6.11378537e-03,1.00570550e-02
1.32000000e+02,1.87531720e+02,1.85713263e-02,2.08384775e-03,-1.84666218e-01,-3.77206679e-03,2.66158596e-02,1.62466165e+02,6.89682931e-03,-6.45590019e-03,2.50655550e+01,1.16744970e-02,8.53974794e-03,-1.84966746e-01,3.11529864e-03,1.73160749e-02,3.00528538e-04,-6.88736544e-03,9.29978470e-03
1.33000000e+02,1.87303964e+02,1.60321709e-02,4.16931915e-03,-1.85139458e-01,-4.49000535e-03,2.44997784e-02,1.62320355e+02,5.49436761e-03,-5.28531660e-03,2.49836084e+01,1.05378032e-02,9.45463575e-03,-1.85418454e-01,2.99981708e-03,1.60499670e-02,2.78996223e-04,-7.48982243e-03,8.44981135e-03
1.34000000e+02,1.87098618e+02,1.44283474e-02,3.66609211e-03,-1.85428166e-01,-5.23814290e-03,2.19147815e-02,1.62190955e+02,5.05627882e-03,-6.36032986e-03,2.49076637e+01,9.37206859e-03,1.00264220e-02,-1.85728140e-01,2.83333281e-03,1.44733208e-02,2.99974276e-04,-8.07147571e-03,7.44146077e-03
1.35000000e+02,1.86888981e+02,1.28546369e-02,3.81909718e-03,-1.86085355e-01,-5.70160197e-03,1.97294753e-02,1.62054311e+02,4.90553679e-03,-6.83693001e-03,2.48346707e+01,7.94910014e-03,1.06560272e-02,-1.86364334e-01,2.76080247e-03,1.33782934e-02,2.78979236e-04,-8.46240444e-03,6.35118186e-03
1.36000000e+02,1.86699664e+02,1.09386736e-02,2.84347785e-03,-1.86487387e-01,-6.11801812e-03,1.63679423e-02,1.61932572e+02,4.45894577e-03,-8.13327557e-03,2.47670922e+01,6.47972782e-03,1.09767534e-02,-1.86793211e-01,2.68994143e-03,1.12628605e-02,3.05824213e-04,-8.80795955e-03,5.10508177e-03
1.37000000e+02,1.86507547e+02,8.05297823e-03,4.68337458e-03,-1.87143117e-01,-6.54079923e-03,1.33119440e-02,1.61805282e+02,3.25743011e-03,-6.61007546e-03,2.47022653e+01,4.79554812e-03,1.12934500e-02,-1.87432010e-01,2.39396467e-03,9.49186820e-03,2.88893119e-04,-8.93476389e-03,3.82007578e-03
1.38000000e+02,1.86337530e+02,7.04693409e-03,4.47228507e-03,-1.87465325e-01,-7.35639171e-03,1.07035976e-02,1.61694877e+02,3.89940148e-03,-6.72017557e-03,2.46426537e+01,3.14753261e-03,1.11924606e-02,-1.87784013e-01,1.61832602e-03,8.27155418e-03,3.18688385e-04,-8.97471773e-03,2.43204344e-03
1.39000000e+02,1.86162548e+02,6.36229765e-03,5.09068024e-03,-1.87941599e-01,-7.95897141e-03,8.94709745e-03,1.61577133e+02,5.01919419e-03,-5.98544265e-03,2.45854151e+01,1.34310347e-03,1.10761229e-02,-1.88247249e-01,8.09135298e-04,7.90302806e-03,3.05649467e-04,-8.76810671e-03,1.04406939e-03
1.40000000e+02,1.86006286e+02,5.71036694e-03,4.72946465e-03,-1.87897966e-01,-8.71054568e-03,6.50410566e-03,1.61473215e+02,6.07752308e-03,-5.87223644e-03,2.45330710e+01,-3.67156144e-04,1.06017011e-02,-1.88239024e-01,-2.35857468e-04,6.88852059e-03,3.41058328e-04,-8.47468821e-03,-3.84414928e-04
1.41000000e+02,1.85845591e+02,4.55896847e-03,6.64431210e-03,-1.87969141e-01,-9.14974455e-03,4.93638432e-03,1.61362638e+02,6.66688001e-03,-3.45846215e-03,2.44829527e+01,-2.10791154e-03,1.01027743e-02,-1.88299086e-01,-1.19925807e-03,6.63596579e-03,3.29945392e-04,-7.95048648e-03,-1.69958147e-03
1.42000000e+02,1.85704883e+02,4.79371936e-03,6.13713001e-03,-1.87643629e-01,-9.69116752e-03,3.51832449e-03,1.61267131e+02,8.38319764e-03,-3.09147015e-03,2.44377516e+01,-3.58947828e-03,9.22860016e-03,-1.88008746e-01,-2.31802090e-03,6.45769988e-03,3.65117240e-04,-7.37314662e-03,-2.93937539e-03
1.43000000e+02,1.85557757e+02,4.97060378e-03,5.74266287e-03,-1.87533382e-01,-9.54848073e-03,2.72123789e-03,1.61163062e+02,9.95581875e-03,-2.67590724e-03,2.43946957e+01,-4.98521498e-03,8.41857011e-03,-1.87888496e-01,-2.93085961e-03,6.70933682e-03,3.55113998e-04,-6.61762112e-03,-3.98809893e-03
1.44000000e+02,1.85428424e+02,4.71253450e-03,4.15264963e-03,-1.86966962e-01,-9.42804752e-03,1.06459343e-03,1.61072089e+02,1.07681127e-02,-3.24317390e-03,2.43563348e+01,-6.05557821e-03,7.39582353e-03,-1.87360750e-01,-3.53607020e-03,5.95593442e-03,3.93787824e-04,-5.89197732e-03,-4.89134100e-03
1.45000000e+02,1.85295177e+02,3.51658119e-03,4.75300809e-03,-1.86555838e-01,-9.04232622e-03,1.81043585e-05,1.60975319e+02,1.04648816e-02,-1.76052612e-03,2.43198580e+01,-6.94830042e-03,6.51353421e-03,-1.86941655e-01,-3.96921790e-03,5.54321067e-03,3.85816254e-04,-5.07310831e-03,-5.52510631e-03
1.46000000e+02,1.85181293e+02,4.17116639e-03,3.00848917e-03,-1.85710769e-01,-8.73606454e-03,-6.18161291e-04,1.60893727e+02,1.16271301e-02,-2.42543676e-03,2.42875659e+01,-7.45596371e-03,5.43392593e-03,-1.86136229e-01,-4.39835314e-03,5.36443480e-03,4.25459962e-04,-4.33771139e-03,-5.98259609e-03
1.47000000e+02,1.85060338e+02,5.48307264e-03,2.10128066e-03,-1.85010198e-01,-8.17342496e-03,-2.33708706e-04,1.60803671e+02,1.32994087e-02,-2.52359724e-03,2.42566669e+01,-7.81633602e-03,4.62487790e-03,-1.85429579e-01,-4.58914514e-03,5.96748647e-03,4.19381430e-04,-3.58427981e-03,-6.20119517e-03
1.48000000e+02,1.84954362e+02,6.79199787e-03,2.11183732e-04,-1.83844239e-01,-7.66977013e-03,-4.76276318e-04,1.60724576e+02,1.46442057e-02,-3.54114863e-03,2.42297853e+01,-7.85220786e-03,3.75233236e-03,-1.84307208e-01,-4.68572782e-03,5.80059795e-03,4.62969388e-04,-2.98404231e-03,-6.27687427e-03
1.49000000e+02,1.84840584e+02,7.17481023e-03,5.81678638e-04,-1.82872641e-01,-6.98236559e-03,-7.96079427e-05,1.60636309e+02,1.49418701e-02,-2.59721124e-03,2.42042756e+01,-7.76705988e-03,3.17888988e-03,-1.83331033e-01,-4.56187706e-03,6.04672053e-03,4.58391632e-04,-2.42048853e-03,-6.12632847e-03
1.50000000e+02,1.84742982e+02,9.21219421e-03,-7.42406888e-04,-1.81571130e-01,-6.71344305e-03,5.52455593e-04,1.60560556e+02,1.65857015e-02,-3.29244061e-03,2.41824257e+01,-7.37350726e-03,2.55003372e-03,-1.82072353e-01,-4.66837683e-03,6.42251837e-03,5.01223723e-04,-2.04506622e-03,-5.87006278e-03
1.51000000e+02,1.84636130e+02,1.08191936e-02,-8.92463262e-04,-1.80540532e-01,-6.45727166e-03,1.44962668e-03,1.60474593e+02,1.77804309e-02,-3.16171209e-03,2.41615367e+01,-6.96123729e-03,2.26924883e-03,-1.81037127e-01,-4.73480533e-03,6.92893968e-03,4.96595512e-04,-1.72246633e-03,-5.47931299e-03
1.52000000e+02,1.84542126e+02,1.15603159e-02,-2.11653085e-03,-1.79065215e-01,-6.21616119e-03,1.20278033e-03,1.60397959e+02,1.79663690e-02,-4.08600360e-03,2.41441666e+01,-6.40605314e-03,1.96947275e-03,-1.79607334e-01,-4.62888789e-03,6.28752809e-03,5.42118067e-04,-1.58727330e-03,-5.08474776e-03
1.53000000e+02,1.84438945e+02,1.08403220e-02,-8.80888767e-04,-1.77851450e-01,-5.97240425e-03,1.20092292e-03,1.60311115e+02,1.67524775e-02,-2.86085923e-03,2.41278302e+01,-5.91215548e-03,1.97997047e-03,-1.78389136e-01,-4.48644638e-03,5.82119427e-03,5.37686094e-04,-1.48595788e-03,-4.62027135e-03
1.54000000e+02,1.84350402e+02,1.18512271e-02,-1.39189297e-03,-1.76337401e-01,-6.08190451e-03,1.36761802e-03,1.60235281e+02,1.71845968e-02,-3.26624055e-03,2.41151208e+01,-5.33336972e-03,1.87434758e-03,-1.76918437e-01,-4.55647929e-03,5.59323427e-03,5.81035591e-04,-1.52542522e-03,-4.22561624e-03
1.55000000e+02,1.84251154e+02,1.27181023e-02,-4.02641188e-04,-1.75169355e-01,-6.28048282e-03,1.97819476e-03,1.60147760e+02,1.76634964e-02,-2.42317270e-03,2.41033937e+01,-4.94539413e-03,2.02053151e-03,-1.75743369e-01,-4.74584154e-03,5.84255370e-03,5.74014286e-04,-1.53464127e-03,-3.86435895e-03
1.56000000e+02,1.84162335e+02,1.28261150e-02,-3.40743137e-04,-1.73654188e-01,-6.61328106e-03,1.40200456e-03,1.60067304e+02,1.73945722e-02,-2.34326702e-03,2.40950303e+01,-4.56845710e-03,2.00252388e-03,-1.74270498e-01,-4.99697285e-03,5.03075083e-03,6.16309587e-04,-1.61630821e-03,-3.62874627e-03
1.57000000e+02,1.84061513e+02,1.17797453e-02,1.70692725e-03,-1.72522436e-01,-6.75867306e-03,1.28587368e-03,1.59974041e+02,1.61584897e-02,-4.45083954e-04,2.40874715e+01,-4.37874440e-03,2.15201120e-03,-1.73128442e-01,-5.12884143e-03,4.69838570e-03,6.06006071e-04,-1.62983163e-03,-3.41251202e-03
1.58000000e+02,1.83971215e+02,1.28328447e-02,1.74432022e-03,-1.71211869e-01,-7.15818805e-03,1.56561758e-03,1.59887828e+02,1.69503876e-02,-3.47404677e-04,2.40833868e+01,-4.11754293e-03,2.09172490e-03,-1.71854737e-01,-5.46083582e-03,4.84058398e-03,6.42868146e-04,-1.69735223e-03,-3.27496641e-03
1.59000000e+02,1.83865794e+02,1.38044757e-02,2.89116432e-03,-1.70379851e-01,-7.44882020e-03,2.39012805e-03,1.59785927e+02,1.78382081e-02,6.84208072e-04,2.40798663e+01,-4.03373239e-03,2.20695625e-03,-1.71009046e-01,-5.76456528e-03,5.54085771e-03,6.29195113e-04,-1.68425492e-03,-3.15072966e-03
1.60000000e+02,1.83767933e+02,1.40050224e-02,2.81635284e-03,-1.69341158e-01,-7.88239607e-03,2.16237658e-03,1.59688625e+02,1.78997934e-02,6.71815127e-04,2.40793081e+01,-3.89477098e-03,2.14453771e-03,-1.70006795e-01,-6.14772114e-03,5.25625001e-03,6.65636600e-04,-1.73467493e-03,-3.09387343e-03
1.61000000e+02,1.83656493e+02,1.23516763e-02,4.91952501e-03,-1.68765772e-01,-8.38106364e-03,1.85818433e-03,1.59577421e+02,1.62052910e-02,2.64911290e-03,2.40790723e+01,-3.85361465e-03,2.27041211e-03,-1.69415653e-01,-6.65558066e-03,4.84709401e-03,6.49881231e-04,-1.72548298e-03,-2.98890967e-03
1.62000000e+02,1.83554411e+02,1.27648905e-02,4.91872071e-03,-1.68054165e-01,-9.13520157e-03,1.83607275e-03,1.59472772e+02,1.64063211e-02,2.72028238e-03,2.40816383e+01,-3.64143056e-03,2.19843834e-03,-1.68736975e-01,-7.34438431e-03,4.72412159e-03,6.82810671e-04,-1.79081726e-03,-2.88804884e-03
1.63000000e+02,1.83436870e+02,1.28575589e-02,5.71925878e-03,-1.67857644e-01,-9.60567475e-03,2.15822670e-03,1.59352595e+02,1.63987752e-02,3.39227302e-03,2.40842748e+01,-3.54121625e-03,2.32698576e-03,-1.68522705e-01,-7.81333261e-03,4.90652607e-03,6.65061014e-04,-1.79234215e-03,-2.74829937e-03
1.64000000e+02,1.83326677e+02,1.21225249e-02,4.62758775e-03,-1.67442602e-01,-9.66518235e-03,1.45904036e-03,1.59237358e+02,1.54550182e-02,2.32310948e-03,2.40893188e+01,-3.33249331e-03,2.30447827e-03,-1.68140738e-01,-7.78975372e-03,4.09503704e-03,6.98136172e-04,-1.87542863e-03,-2.63599668e-03
1.65000000e+02,1.83204429e+02,1.05114266e-02,5.55515431e-03,-1.67500206e-01,-9.66645375e-03,1.29643706e-03,1.59110037e+02,1.37149273e-02,3.08343091e-03,2.40943927e+01,-3.20350065e-03,2.47172340e-03,-1.68178400e-01,-7.76390026e-03,3.76211675e-03,6.78193614e-04,-1.90255349e-03,-2.46567969e-03
1.66000000e+02,1.83095992e+02,1.14372223e-02,4.38750298e-03,-1.67461313e-01,-9.87449911e-03,1.66489803e-03,1.58994027e+02,1.43549348e-02,1.94682451e-03,2.41019653e+01,-2.91771253e-03,2.44067847e-03,-1.68168553e-01,-7.87901472e-03,3.97218857e-03,7.07240108e-04,-1.99548439e-03,-2.30729054e-03
1.67000000e+02,1.82977738e+02,1.23132870e-02,4.74847301e-03,-1.67963477e-01,-1.03783371e-02,2.59948597e-03,1.58868401e+02,1.50619031e-02,2.17806946e-03,2.41093369e+01,-2.74861613e-03,2.57040355e-03,-1.68649387e-01,-8.38120843e-03,4.70964139e-03,6.85909540e-04,-1.99712869e-03,-2.11015542e-03
1.68000000e+02,1.82871204e+02,1.35371386e-02,3.87161588e-03,-1.68252759e-01,-1.08661398e-02,3.38360577e-03,1.58752275e+02,1.59951977e-02,1.36955353e-03,2.41189285e+01,-2.45805914e-03,2.50206235e-03,-1.68970146e-01,-8.82453308e-03,5.32154090e-03,7.17386677e-04,-2.04160673e-03,-1.93793513e-03
1.69000000e+02,1.82754728e+02,1.40413806e-02,5.02788990e-03,-1.69001318e-01,-1.12240152e-02,4.80940301e-03,1.58626756e+02,1.63027464e-02,2.46303894e-03,2.41279722e+01,-2.26136583e-03,2.56485096e-03,-1.69698761e-01,-9.24289187e-03,6.51956713e-03,6.97442733e-04,-1.98112338e-03,-1.71016412e-03
1.70000000e+02,1.82652282e+02,1.68282676e-02,3.95099008e-03,-1.69628064e-01,-1.16652735e-02,6.54139052e-03,1.58513189e+02,1.87304124e-02,1.56320906e-03,2.41390933e+01,-1.90214480e-03,2.38778102e-03,-1.70355905e-01,-9.70636183e-03,8.03626627e-03,7.27841195e-04,-1.95891166e-03,-1.49487576e-03
1.71000000e+02,1.82538972e+02,1.90152182e-02,4.00910911e-03,-1.70689249e-01,-1.19678773e-02,8.38740685e-03,1.58389380e+02,2.06891248e-02,1.65090282e-03,2.41495923e+01,-1.67390662e-03,2.35820629e-03,-1.71398300e-01,-1.01387167e-02,9.63427040e-03,7.09050609e-04,-1.82916054e-03,-1.24686355e-03
1.72000000e+02,1.82436673e+02,2.04989443e-02,2.71377877e-03,-1.71462511e-01,-1.21280524e-02,9.34295989e-03,1.58274699e+02,2.18003908e-02,5.86601504e-04,2.41619742e+01,-1.30144644e-03,2.12717726e-03,-1.72206177e-01,-1.03866665e-02,1.03482316e-02,7.43666071e-04,-1.74138588e-03,-1.00527175e-03
1.73000000e+02,1.82323330e+02,2.10917768e-02,4.02956438e-03,-1.72542240e-01,-1.24781422e-02,1.07844632e-02,1.58149679e+02,2.21029972e-02,1.98990159e-03,2.41736512e+01,-1.01122039e-03,2.03966279e-03,-1.73269816e-01,-1.09184277e-02,1.14890757e-02,7.27575413e-04,-1.55971448e-03,-7.04612464e-04
1.74000000e+02,1.82221871e+02,2.39632652e-02,3.45142300e-03,-1.73357586e-01,-1.30395909e-02,1.23961222e-02,1.58034770e+02,2.45171310e-02,1.71189036e-03,2.41871004e+01,-5.53865835e-04,1.73953264e-03,-1.74119482e-01,-1.16072147e-02,1.28107396e-02,7.61895564e-04,-1.43237618e-03,-4.14617356e-04
1.75000000e+02,1.82107287e+02,2.64628846e-02,4.17492896e-03,-1.74463360e-01,-1.34546248e-02,1.43170441e-02,1.57907634e+02,2.67270556e-02,2.56357704e-03,2.41996527e+01,-2.64170948e-04,1.61135191e-03,-1.75211801e-01,-1.22297419e-02,1.44366723e-02,7.48440958e-04,-1.22488286e-03,-1.19628241e-04
1.76000000e+02,1.82001482e+02,2.79865715e-02,3.11982977e-03,-1.75103322e-01,-1.34523378e-02,1.51247285e-02,1.57787573e+02,2.78446757e-02,1.79023976e-03,2.42139082e+01,1.41895749e-04,1.32959001e-03,-1.75891896e-01,-1.23506845e-02,1.49808729e-02,7.88573558e-04,-1.10165336e-03,1.43855637e-04
1.77000000e+02,1.81882933e+02,2.81263455e-02,4.07128469e-03,-1.75964002e-01,-1.32452916e-02,1.61638584e-02,1.57655692e+02,2.77254102e-02,2.82857422e-03,2.42272417e+01,4.00935281e-04,1.24271046e-03,-1.76743094e-01,-1.23221670e-02,1.57400020e-02,7.79092191e-04,-9.23124617e-04,4.23856336e-04
1.78000000e+02,1.81775714e+02,3.04743719e-02,3.01460918e-03,-1.76448654e-01,-1.32493017e-02,1.73187952e-02,1.57533419e+02,2.96754251e-02,2.02260894e-03,2.42422956e+01,7.98946786e-04,9.92000240e-04,-1.77269017e-01,-1.24038554e-02,1.66530155e-02,8.20362228e-04,-8.45446316e-04,6.65779710e-04
1.79000000e+02,1.81655069e+02,3.19047877e-02,2.98424465e-03,-1.77133338e-01,-1.28463053e-02,1.84586731e-02,1.57398694e+02,3.09175729e-02,2.03057757e-03,2.42563753e+01,9.87214822e-04,9.53667086e-04,-1.77946929e-01,-1.21369279e-02,1.75777239e-02,8.13591179e-04,-7.09377348e-04,8.80949231e-04
1.80000000e+02,1.81543329e+02,3.21464790e-02,2.07981291e-03,-1.77291587e-01,-1.26593237e-02,1.84735039e-02,1.57271405e+02,3.08779291e-02,1.29689182e-03,2.42719249e+01,1.26854992e-03,7.82921091e-04,-1.78150687e-01,-1.19902304e-02,1.74259670e-02,8.59100443e-04,-6.69093380e-04,1.04753689e-03
1.81000000e+02,1.81418924e+02,3.06976238e-02,3.09003808e-03,-1.77572635e-01,-1.20072799e-02,1.86163859e-02,1.57132590e+02,2.93147173e-02,2.29861794e-03,2.42863341e+01,1.38290651e-03,7.91420146e-04,-1.78427037e-01,-1.14464466e-02,1.74026682e-02,8.54401517e-04,-5.60833344e-04,1.21371767e-03
1.82000000e+02,1.81306082e+02,3.15125720e-02,2.06416354e-03,-1.77453136e-01,-1.15027815e-02,1.89683547e-02,1.57003889e+02,2.98670352e-02,1.44974890e-03,2.43021927e+01,1.64553686e-03,6.14414643e-04,-1.78352178e-01,-1.09679677e-02,1.76205459e-02,8.99042661e-04,-5.34813729e-04,1.34780877e-03
1.83000000e+02,1.81180489e+02,3.19125932e-02,2.10897571e-03,-1.77547170e-01,-1.07511089e-02,1.96041968e-02,1.56863678e+02,3.02029952e-02,1.50515286e-03,2.43168109e+01,1.70959802e-03,6.03822851e-04,-1.78441379e-01,-1.03275079e-02,1.81407268e-02,8.94208547e-04,-4.23601026e-04,1.46346994e-03
1.84000000e+02,1.81065011e+02,3.13485475e-02,5.64128495e-04,-1.77202347e-01,-9.80403701e-03,1.92411619e-02,1.56732207e+02,2.94795651e-02,1.18184745e-04,2.43328042e+01,1.86898236e-03,4.45943750e-04,-1.78141831e-01,-9.40597612e-03,1.77125013e-02,9.39484388e-04,-3.98060890e-04,1.52866068e-03
1.85000000e+02,1.80937668e+02,2.87379023e-02,1.25255080e-03,-1.77132783e-01,-8.81931481e-03,1.87701649e-02,1.56590223e+02,2.68734193e-02,8.04813135e-04,2.43474458e+01,1.86448301e-03,4.47737662e-04,-1.78066860e-01,-8.52926777e-03,1.71684258e-02,9.34076886e-04,-2.90047040e-04,1.60173916e-03
1.86000000e+02,1.80823688e+02,2.85213656e-02,4.70203606e-05,-1.76702914e-01,-8.20098845e-03,1.85415290e-02,1.56460303e+02,2.65090609e-02,-2.19539647e-04,2.43633849e+01,2.01230466e-03,2.66560007e-04,-1.77680339e-01,-7.93576908e-03,1.69018157e-02,9.77425476e-04,-2.65219370e-04,1.63971333e-03
1.87000000e+02,1.80699368e+02,2.79404426e-02,-3.79324919e-04,-1.76553392e-01,-7.14111265e-03,1.86312550e-02,1.56321498e+02,2.60126416e-02,-6.40251483e-04,2.43778699e+01,1.92780091e-03,2.60926565e-04,-1.77526759e-01,-6.98731803e-03,1.69935104e-02,9.73367510e-04,-1.53794620e-04,1.63774453e-03
1.88000000e+02,1.80588634e+02,2.63926895e-02,-1.32520521e-03,-1.75935205e-01,-6.64048431e-03,1.76895902e-02,1.56195093e+02,2.44452159e-02,-1.43483533e-03,2.43935411e+01,1.94747366e-03,1.09630119e-04,-1.76954512e-01,-6.51462567e-03,1.60968648e-02,1.01930685e-03,-1.25858638e-04,1.59272547e-03
1.89000000e+02,1.80470328e+02,2.34720076e-02,-4.68537402e-04,-1.75567614e-01,-5.73864418e-03,1.71203079e-02,1.56062556e+02,2.16810942e-02,-5.76064720e-04,2.44077718e+01,1.79091344e-03,1.07527317e-04,-1.76581196e-01,-5.72704958e-03,1.55770359e-02,1.01358204e-03,-1.15946004e-05,1.54327193e-03
1.90000000e+02,1.80369478e+02,2.33551783e-02,-1.54057748e-03,-1.74890474e-01,-5.22432968e-03,1.70130799e-02,1.55946290e+02,2.15496070e-02,-1.45710132e-03,2.44231878e+01,1.80557128e-03,-8.34761629e-05,-1.75944759e-01,-5.24285148e-03,1.55416370e-02,1.05428498e-03,1.85217935e-05,1.47144298e-03
1.91000000e+02,1.80261586e+02,2.32224787e-02,-1.74098337e-03,-1.74544225e-01,-4.30651586e-03,1.73659748e-02,1.55824548e+02,2.16134373e-02,-1.63436861e-03,2.44370376e+01,1.60904145e-03,-1.06614758e-04,-1.75589855e-01,-4.45532820e-03,1.59853321e-02,1.04562915e-03,1.48812334e-04,1.38064264e-03
1.92000000e+02,1.80169358e+02,2.28630340e-02,-2.96488300e-03,-1.73815513e-01,-3.65189023e-03,1.72113916e-02,1.55717445e+02,2.13042426e-02,-2.66556003e-03,2.44519126e+01,1.55879141e-03,-2.99322967e-04,-1.74901794e-01,-3.85582997e-03,1.59323652e-02,1.08628088e-03,2.03939744e-04,1.27902633e-03
1.93000000e+02,1.80069857e+02,2.06540581e-02,-2.45292278e-03,-1.73417941e-01,-2.55340846e-03,1.70322758e-02,1.55604742e+02,1.92904358e-02,-2.10144312e-03,2.44651150e+01,1.36362230e-03,-3.51479655e-04,-1.74494135e-01,-2.91045043e-03,1.58326499e-02,1.07619427e-03,3.57041971e-04,1.19962590e-03
1.94000000e+02,1.79987771e+02,2.08800919e-02,-3.59974366e-03,-1.72696031e-01,-2.03991320e-03,1.69306761e-02,1.55508274e+02,1.94992443e-02,-3.00154095e-03,2.44794963e+01,1.38084769e-03,-5.98202713e-04,-1.73810161e-01,-2.47411540e-03,1.58004906e-02,1.11412957e-03,4.34202196e-04,1.13018550e-03
1.95000000e+02,1.79898038e+02,2.05748452e-02,-3.49475884e-03,-1.72297448e-01,-1.39136637e-03,1.69528475e-02,1.55405923e+02,1.93502513e-02,-2.80768038e-03,2.44921146e+01,1.22459397e-03,-6.87078462e-04,-1.73400168e-01,-2.00876725e-03,1.58778469e-02,1.10272024e-03,6.17400882e-04,1.07500058e-03
1.96000000e+02,1.79823872e+02,2.02671497e-02,-4.65391244e-03,-1.71446286e-01,-8.93391086e-04,1.65237734e-02,1.55318187e+02,1.90130395e-02,-3.71495278e-03,2.45056851e+01,1.25411027e-03,-9.38959659e-04,-1.72587339e-01,-1.60967709e-03,1.54898174e-02,1.14105315e-03,7.16286000e-04,1.03395599e-03
1.97000000e+02,1.79741975e+02,1.86531678e-02,-4.25817171e-03,-1.70920844e-01,1.87019650e-04,1.64960565e-02,1.55224455e+02,1.75093307e-02,-3.22899564e-03,2.45175205e+01,1.14383715e-03,-1.02917607e-03,-1.72049068e-01,-7.13985447e-04,1.54730133e-02,1.12822388e-03,9.01005097e-04,1.02304322e-03
1.98000000e+02,1.79676433e+02,1.98398334e-02,-5.72851582e-03,-1.70041666e-01,8.12559050e-04,1.67857887e-02,1.55146088e+02,1.85826837e-02,-4.44493418e-03,2.45303440e+01,1.25714970e-03,-1.28358164e-03,-1.71205752e-01,-1.71256937e-04,1.57584469e-02,1.16408551e-03,9.83815987e-04,1.02734181e-03
1.99000000e+02,1.79600849e+02,2.06585963e-02,-5.97629054e-03,-1.69499115e-01,1.68177690e-03,1.73252406e-02,1.55059606e+02,1.94934145e-02,-4.61606928e-03,2.45412432e+01,1.16518183e-03,-1.36022126e-03,-1.70649523e-01,5.24735198e-04,1.63033724e-02,1.15040772e-03,1.15704171e-03,1.02186824e-03
2.00000000e+02,1.79538128e+02,2.10693411e-02,-7.47153383e-03,-1.68521527e-01,2.43520634e-03,1.72565224e-02,1.54985221e+02,1.98344748e-02,-5.88441496e-03,2.45529068e+01,1.23486636e-03,-1.58711886e-03,-1.69707547e-01,1.20180821e-03,1.62409758e-02,1.18602031e-03,1.23339813e-03,1.01554663e-03
2.01000000e+02,1.79464951e+02,1.96126943e-02,-7.63463244e-03,-1.67897859e-01,3.75010050e-03,1.71749722e-02,1.54902307e+02,1.84565876e-02,-6.01295566e-03,2.45626443e+01,1.15610673e-03,-1.62167678e-03,-1.69068207e-01,2.38101610e-03,1.61441899e-02,1.17034888e-03,1.36908440e-03,1.03078232e-03
2.02000000e+02,1.79405058e+02,2.11718814e-02,-9.06362129e-03,-1.66931791e-01,4.23928119e-03,1.74614377e-02,1.54831810e+02,1.98674338e-02,-7.28691994e-03,2.45732481e+01,1.30444761e-03,-1.77670135e-03,-1.68135983e-01,2.86626664e-03,1.64018707e-02,1.20419221e-03,1.37301455e-03,1.05956705e-03
2.03000000e+02,1.79332367e+02,2.16918933e-02,-9.40404377e-03,-1.66309410e-01,5.08801344e-03,1.77486819e-02,1.54750480e+02,2.04633085e-02,-7.65494634e-03,2.45818862e+01,1.22858473e-03,-1.74909744e-03,-1.67497515e-01,3.62701734e-03,1.66721912e-02,1.18810440e-03,1.46099610e-03,1.07649075e-03
2.04000000e+02,1.79269708e+02,2.17686323e-02,-1.11787033e-02,-1.65289011e-01,5.93344722e-03,1.73924331e-02,1.54678330e+02,2.04284271e-02,-9.32151673e-03,2.45913778e+01,1.34020523e-03,-1.85718660e-03,-1.66511441e-01,4.49474882e-03,1.62918802e-02,1.22242998e-03,1.43869840e-03,1.10055291e-03
2.05000000e+02,1.79193706e+02,2.03017151e-02,-1.13599988e-02,-1.64604996e-01,7.28268256e-03,1.72016698e-02,1.54594808e+02,1.89990894e-02,-9.59195481e-03,2.45988972e+01,1.30262573e-03,-1.76804403e-03,-1.65810401e-01,5.80203824e-03,1.60558972e-02,1.20540416e-03,1.48064432e-03,1.14577251e-03
2.06000000e+02,1.79129266e+02,2.18585673e-02,-1.29570841e-02,-1.63612619e-01,7.85921258e-03,1.74208207e-02,1.54522013e+02,2.03680099e-02,-1.11496461e-02,2.46072527e+01,1.49055744e-03,-1.80743804e-03,-1.64849970e-01,6.46762153e-03,1.62147659e-02,1.23735160e-03,1.39159105e-03,1.20605484e-03
2.07000000e+02,1.79050531e+02,2.29592850e-02,-1.27718201e-02,-1.63010443e-01,8.28549662e-03,1.80945561e-02,1.54436928e+02,2.15190246e-02,-1.11329086e-02,2.46136038e+01,1.44026038e-03,-1.63891148e-03,-1.64229611e-01,6.91553732e-03,1.68530098e-02,1.21916818e-03,1.36995930e-03,1.24154627e-03
2.08000000e+02,1.78980812e+02,2.30151277e-02,-1.33233079e-02,-1.62056258e-01,8.18027424e-03,1.77859036e-02,1.54360049e+02,2.14665714e-02,-1.17091488e-02,2.46207626e+01,1.54855630e-03,-1.61415909e-03,-1.63308369e-01,6.93804712e-03,1.65232831e-02,1.25211063e-03,1.24222712e-03,1.26262052e-03
2.09000000e+02,1.78897008e+02,2.14851435e-02,-1.27156088e-02,-1.61457589e-01,8.80637195e-03,1.75322599e-02,1.54271092e+02,2.00160689e-02,-1.12826314e-02,2.46259164e+01,1.46907458e-03,-1.43297742e-03,-1.62690908e-01,7.59701061e-03,1.62542336e-02,1.23331888e-03,1.20936134e-03,1.27802633e-03
2.10000000e+02,1.78824502e+02,2.27414198e-02,-1.41014414e-02,-1.60572905e-01,9.16481337e-03,1.75251796e-02,1.54192607e+02,2.11304367e-02,-1.26744190e-02,2.46318953e+01,1.61098315e-03,-1.42702232e-03,-1.61837128e-01,8.07804159e-03,1.62263390e-02,1.26422252e-03,1.08677178e-03,1.29884066e-03
2.11000000e+02,1.78737058e+02,2.30696151e-02,-1.45577428e-02,-1.60111608e-01,1.00124334e-02,1.77392278e-02,1.54101240e+02,2.15743268e-02,-1.32955693e-02,2.46358182e+01,1.49528824e-03,-1.26217349e-03,-1.61357083e-01,8.94583484e-03,1.64530249e-02,1.24547540e-03,1.06659856e-03,1.28620288e-03
2.12000000e+02,1.78658662e+02,2.25642532e-02,-1.63246423e-02,-1.59284739e-01,1.07640007e-02,1.70375535e-02,1.54018104e+02,2.10009404e-02,-1.50769014e-02,2.46405581e+01,1.56331272e-03,-1.24774087e-03,-1.60563274e-01,9.81475640e-03,1.57692992e-02,1.27853553e-03,9.49244267e-04,1.26825429e-03
2.13000000e+02,1.78566009e+02,2.00695254e-02,-1.60695703e-02,-1.58792261e-01,1.17207221e-02,1.61334549e-02,1.53922711e+02,1.86337677e-02,-1.50016729e-02,2.46432985e+01,1.43575767e-03,-1.06789736e-03,-1.60052616e-01,1.07985584e-02,1.48874367e-02,1.26035519e-03,9.22163737e-04,1.24601825e-03
2.14000000e+02,1.78484524e+02,2.09766946e-02,-1.74644655e-02,-1.57967779e-01,1.20795280e-02,1.60087339e-02,1.53837646e+02,1.94428723e-02,-1.63968764e-02,2.46468780e+01,1.53382228e-03,-1.06758906e-03,-1.59260625e-01,1.12767449e-02,1.47735735e-02,1.29284578e-03,8.02783154e-04,1.23516036e-03
2.15000000e+02,1.78388972e+02,2.13888882e-02,-1.73179542e-02,-1.57499173e-01,1.25058036e-02,1.64308651e-02,1.53740575e+02,2.00103883e-02,-1.64078378e-02,2.46483974e+01,1.37849995e-03,-9.10116461e-04,-1.58774378e-01,1.17131568e-02,1.52373935e-02,1.27520450e-03,7.92646864e-04,1.19347158e-03
2.16000000e+02,1.78302946e+02,2.16326994e-02,-1.83499937e-02,-1.56621162e-01,1.28124905e-02,1.65069001e-02,1.53652190e+02,2.02173581e-02,-1.74292332e-02,2.46507566e+01,1.41534132e-03,-9.20760456e-04,-1.57930375e-01,1.21159992e-02,1.53570668e-02,1.30921344e-03,6.96491241e-04,1.14983330e-03
2.17000000e+02,1.78202753e+02,2.06741039e-02,-1.76024208e-02,-1.56056812e-01,1.35192142e-02,1.68783996e-02,1.53551663e+02,1.94206854e-02,-1.68256058e-02,2.46510898e+01,1.25341844e-03,-7.76814967e-04,-1.57347896e-01,1.28195559e-02,1.57795859e-02,1.29108416e-03,6.99658395e-04,1.09881366e-03
2.18000000e+02,1.78114557e+02,2.22674868e-02,-1.91800242e-02,-1.55212230e-01,1.40765095e-02,1.72461525e-02,1.53462211e+02,2.09401391e-02,-1.83620486e-02,2.46523460e+01,1.32734771e-03,-8.17975545e-04,-1.56535192e-01,1.34673190e-02,1.61839799e-02,1.32296208e-03,6.09190496e-04,1.06217255e-03
2.19000000e+02,1.78011880e+02,2.27702278e-02,-1.98157245e-02,-1.54759031e-01,1.49613794e-02,1.78431718e-02,1.53360318e+02,2.16375366e-02,-1.91217115e-02,2.46515619e+01,1.13269123e-03,-6.94012999e-04,-1.56063816e-01,1.43401652e-02,1.68496608e-02,1.30478500e-03,6.21214140e-04,9.93510982e-04
2.20000000e+02,1.77919474e+02,2.27946168e-02,-2.12934049e-02,-1.53899971e-01,1.54826745e-02,1.76838333e-02,1.53267764e+02,2.16384482e-02,-2.05705865e-02,2.46517105e+01,1.15616860e-03,-7.22818362e-04,-1.55238764e-01,1.49416125e-02,1.67493653e-02,1.33879222e-03,5.41061989e-04,9.34467991e-04
2.21000000e+02,1.77813004e+02,2.12372592e-02,-2.03341991e-02,-1.53351203e-01,1.59905996e-02,1.76649464e-02,1.53163191e+02,2.02656086e-02,-1.97309306e-02,2.46498129e+01,9.71650533e-04,-6.03268503e-04,-1.54671888e-01,1.54307521e-02,1.67904714e-02,1.32068518e-03,5.59847474e-04,8.74475023e-04
2.22000000e+02,1.77718985e+02,2.29731318e-02,-2.14661551e-02,-1.52487464e-01,1.60626130e-02,1.81810638e-02,1.53070119e+02,2.19341720e-02,-2.08067749e-02,2.46488654e+01,1.03895975e-03,-6.59380227e-04,-1.53840266e-01,1.55827497e-02,1.73484998e-02,1.35280213e-03,4.79863232e-04,8.32564037e-04
2.23000000e+02,1.77610784e+02,2.33949125e-02,-2.14215825e-02,-1.51996123e-01,1.63189332e-02,1.85917642e-02,1.52964905e+02,2.25484469e-02,-2.08795123e-02,2.46458798e+01,8.46465594e-04,-5.42070218e-04,-1.53330152e-01,1.58156911e-02,1.78284545e-02,1.33402866e-03,5.03242066e-04,7.63309673e-04
2.24000000e+02,1.77513641e+02,2.29667780e-02,-2.20790244e-02,-1.51106853e-01,1.61254672e-02,1.81078272e-02,1.52869813e+02,2.21012894e-02,-2.14844779e-02,2.46438284e+01,8.65488596e-04,-5.94546516e-04,-1.52474085e-01,1.56857138e-02,1.74034248e-02,1.36723189e-03,4.39753494e-04,7.04402361e-04
2.25000000e+02,1.77403486e+02,2.08438477e-02,-2.04059930e-02,-1.50494670e-01,1.60234602e-02,1.77145743e-02,1.52763724e+02,2.01548177e-02,-1.99063433e-02,2.46397615e+01,6.89030003e-04,-4.99649715e-04,-1.51843004e-01,1.55426937e-02,1.70630603e-02,1.34833373e-03,4.80766553e-04,6.51513938e-04
2.26000000e+02,1.77306875e+02,2.17663728e-02,-2.06791510e-02,-1.49534247e-01,1.54269670e-02,1.76143083e-02,1.52670219e+02,2.09857197e-02,-2.00926119e-02,2.46366555e+01,7.80653062e-04,-5.86539012e-04,-1.50914471e-01,1.50022475e-02,1.69870480e-02,1.38022450e-03,4.24719529e-04,6.27260252e-04
2.27000000e+02,1.77196922e+02,2.18992206e-02,-2.01891797e-02,-1.48882604e-01,1.53238371e-02,1.77709275e-02,1.52565401e+02,2.12840759e-02,-1.96924813e-02,2.46315219e+01,6.15144726e-04,-4.96698405e-04,-1.50244198e-01,1.48543891e-02,1.71902864e-02,1.36159335e-03,4.69448040e-04,5.80641135e-04
2.28000000e+02,1.77098906e+02,2.13774340e-02,-2.07566510e-02,-1.47782038e-01,1.49174977e-02,1.71409695e-02,1.52471581e+02,2.07122331e-02,-2.01937817e-02,2.46273254e+01,6.65200821e-04,-5.62869319e-04,-1.49177381e-01,1.45024301e-02,1.65972965e-02,1.39534336e-03,4.15067578e-04,5.43673059e-04
2.29000000e+02,1.76988050e+02,1.90969508e-02,-1.87412703e-02,-1.46901372e-01,1.45994712e-02,1.64871402e-02,1.52366923e+02,1.85888649e-02,-1.82817094e-02,2.46211277e+01,5.08085870e-04,-4.59560894e-04,-1.48277740e-01,1.41439072e-02,1.59805900e-02,1.37636830e-03,4.55564010e-04,5.06550174e-04
2.30000000e+02,1.76891623e+02,1.99640664e-02,-1.86620699e-02,-1.45642428e-01,1.37113964e-02,1.61857983e-02,1.52275607e+02,1.93356172e-02,-1.81094973e-02,2.46160163e+01,6.28449216e-04,-5.52572571e-04,-1.47049819e-01,1.33095509e-02,1.56864279e-02,1.40739083e-03,4.01845466e-04,4.99370363e-04
2.31000000e+02,1.76782116e+02,2.01754289e-02,-1.78113424e-02,-1.44757034e-01,1.33263627e-02,1.62502822e-02,1.52173224e+02,1.96861726e-02,-1.73504518e-02,2.46088925e+01,4.89256259e-04,-4.60890556e-04,-1.46143730e-01,1.28810115e-02,1.57730004e-02,1.38669585e-03,4.45351240e-04,4.77281833e-04
2.32000000e+02,1.76684807e+02,1.98866520e-02,-1.77670338e-02,-1.43437577e-01,1.25611841e-02,1.56859147e-02,1.52081968e+02,1.93164374e-02,-1.72452828e-02,2.46028394e+01,5.70214598e-04,-5.21750970e-04,-1.44854895e-01,1.21744368e-02,1.52236085e-02,1.41731786e-03,3.86747363e-04,4.62306228e-04
2.33000000e+02,1.76574787e+02,1.71874162e-02,-1.59347877e-02,-1.42482261e-01,1.22904277e-02,1.46982345e-02,1.51980025e+02,1.67625503e-02,-1.55083979e-02,2.45947627e+01,4.24865955e-04,-4.26389815e-04,-1.43877603e-01,1.18638201e-02,1.42583997e-02,1.39534198e-03,4.26607622e-04,4.39834776e-04
2.34000000e+02,1.76479904e+02,1.81990618e-02,-1.63199196e-02,-1.41162846e-01,1.17470819e-02,1.44958398e-02,1.51892141e+02,1.76353797e-02,-1.58085154e-02,2.45877631e+01,5.63682051e-04,-5.11404230e-04,-1.42585338e-01,1.13781624e-02,1.40503222e-02,1.42249145e-03,3.68919522e-04,4.45517615e-04
2.35000000e+02,1.76372282e+02,1.87335532e-02,-1.60472185e-02,-1.40270961e-01,1.18481803e-02,1.48687281e-02,1.51793524e+02,1.83099856e-02,-1.56252005e-02,2.45787579e+01,4.23567686e-04,-4.22018003e-04,-1.41669224e-01,1.14339453e-02,1.44422737e-02,1.39826266e-03,4.14235035e-04,4.26454381e-04
2.36000000e+02,1.76277159e+02,1.87126468e-02,-1.68294142e-02,-1.39036723e-01,1.16226984e-02,1.45904261e-02,1.51706220e+02,1.81989574e-02,-1.63381736e-02,2.45709391e+01,5.13689420e-04,-4.91240544e-04,-1.40462493e-01,1.12612134e-02,1.41732640e-02,1.42576976e-03,3.61484950e-04,4.17162075e-04
2.37000000e+02,1.76169714e+02,1.69173145e-02,-1.53401051e-02,-1.38145005e-01,1.15468414e-02,1.42461472e-02,1.51608618e+02,1.65354619e-02,-1.49494789e-02,2.45610964e+01,3.81852666e-04,-3.90626240e-04,-1.39546910e-01,1.11497757e-02,1.38461100e-02,1.40190544e-03,3.97065703e-04,4.00037110e-04
2.38000000e+02,1.76077396e+02,1.82538148e-02,-1.56119682e-02,-1.36913402e-01,1.08394537e-02,1.42327201e-02,1.51524988e+02,1.77411850e-02,-1.51442997e-02,2.45524079e+01,5.12629757e-04,-4.67668504e-04,-1.38341691e-01,1.05054713e-02,1.38316064e-02,1.42828905e-03,3.33982407e-04,4.01113731e-04
2.39000000e+02,1.75972501e+02,1.84503285e-02,-1.46608706e-02,-1.36102785e-01,1.05186089e-02,1.43541513e-02,1.51430754e+02,1.81004487e-02,-1.42887407e-02,2.45417469e+01,3.49879837e-04,-3.72129929e-04,-1.37506747e-01,1.01414375e-02,1.39882103e-02,1.40396114e-03,3.77171352e-04,3.65940924e-04
2.40000000e+02,1.75880993e+02,1.80004754e-02,-1.47285670e-02,-1.34909886e-01,9.88330038e-03,1.37031644e-02,1.51348739e+02,1.75669787e-02,-1.42981013e-02,2.45322541e+01,4.33496704e-04,-4.30465720e-04,-1.36340771e-01,9.56480534e-03,1.33540940e-02,1.43088552e-03,3.18495036e-04,3.49070472e-04
2.41000000e+02,1.75777151e+02,1.52208354e-02,-1.22555177e-02,-1.34134311e-01,9.23298929e-03,1.25886341e-02,1.51256382e+02,1.49229523e-02,-1.19306121e-02,2.45207697e+01,2.97883148e-04,-3.24905538e-04,-1.35540130e-01,8.87968866e-03,1.22564000e-02,1.40581877e-03,3.53300629e-04,3.32234030e-04
2.42000000e+02,1.75689231e+02,1.64076191e-02,-1.16332019e-02,-1.33030778e-01,8.07033674e-03,1.23624334e-02,1.51178723e+02,1.59592169e-02,-1.12261037e-02,2.45105079e+01,4.48402200e-04,-4.07098213e-04,-1.34461558e-01,7.77360310e-03,1.20203112e-02,1.43077972e-03,2.96733644e-04,3.42122174e-04
2.43000000e+02,1.75588480e+02,1.65758836e-02,-9.80478019e-03,-1.32343882e-01,7.19630535e-03,1.24365873e-02,1.51090223e+02,1.62841498e-02,-9.46111438e-03,2.44982570e+01,2.91733744e-04,-3.43665811e-04,-1.33749825e-01,6.83266853e-03,1.21226084e-02,1.40594315e-03,3.63636824e-04,3.13978847e-04
2.44000000e+02,1.75501324e+02,1.65962905e-02,-1.01073439e-02,-1.31182284e-01,6.73515128e-03,1.21184865e-02,1.51014109e+02,1.62055774e-02,-9.66470553e-03,2.44872154e+01,3.90713066e-04,-4.42638332e-04,-1.32615249e-01,6.40297085e-03,1.18104239e-02,1.43296585e-03,3.32180433e-04,3.08062608e-04
2.45000000e+02,1.75401689e+02,1.48253486e-02,-9.16372098e-03,-1.30347395e-01,7.13152587e-03,1.17873689e-02,1.50927478e+02,1.45596846e-02,-8.79683395e-03,2.44742109e+01,2.65664037e-04,-3.66887028e-04,-1.31755783e-01,6.74281158e-03,1.14869425e-02,1.40838779e-03,3.88714292e-04,3.00426403e-04
2.46000000e+02,1.75318023e+02,1.68738562e-02,-9.81051717e-03,-1.29111900e-01,6.82595012e-03,1.23508385e-02,1.50855530e+02,1.64506311e-02,-9.36816503e-03,2.44624928e+01,4.23225048e-04,-4.42352141e-04,-1.30545232e-01,6.49969135e-03,1.20307639e-02,1.43333201e-03,3.26258773e-04,3.20074526e-04
2.47000000e+02,1.75221503e+02,1.74024520e-02,-8.44570406e-03,-1.28267989e-01,6.28216611e-03,1.28630793e-02,1.50772695e+02,1.71337012e-02,-8.09235631e-03,2.44488081e+01,2.68750824e-04,-3.53347750e-04,-1.29675547e-01,5.90722251e-03,1.25665492e-02,1.40755752e-03,3.74943600e-04,2.96530136e-04
2.48000000e+02,1.75138841e+02,1.74339715e-02,-8.44580098e-03,-1.26971810e-01,5.52925069e-03,1.26230476e-02,1.50702481e+02,1.70547271e-02,-8.01114603e-03,2.44363604e+01,3.79244320e-04,-4.34654947e-04,-1.28404788e-01,5.20061429e-03,1.23289343e-02,1.43297888e-03,3.28636397e-04,2.94113265e-04
2.49000000e+02,1.75043609e+02,1.58518601e-02,-6.94777998e-03,-1.25963577e-01,5.50617073e-03,1.25130132e-02,1.50621641e+02,1.56058708e-02,-6.59211067e-03,2.44219676e+01,2.45989271e-04,-3.55669307e-04,-1.27369880e-01,5.12108131e-03,1.22300127e-02,1.40630266e-03,3.85089417e-04,2.83000457e-04
2.50000000e+02,1.74964467e+02,1.78291668e-02,-6.88186401e-03,-1.24588074e-01,4.64257789e-03,1.30564374e-02,1.50555560e+02,1.74250919e-02,-6.44305787e-03,2.44089077e+01,4.04074950e-04,-4.38806135e-04,-1.26017037e-01,4.31151308e-03,1.27567714e-02,1.42896305e-03,3.31064810e-04,2.99666019e-04
2.51000000e+02,1.74872572e+02,1.83838376e-02,-5.65322863e-03,-1.23613167e-01,4.10832819e-03,1.36153336e-02,1.50478634e+02,1.81403897e-02,-5.27822248e-03,2.43939383e+01,2.43447852e-04,-3.75006143e-04,-1.25014550e-01,3.71722003e-03,1.33458231e-02,1.40138355e-03,3.91108161e-04,2.69510485e-04
2.52000000e+02,1.74794440e+02,1.86448100e-02,-6.02562959e-03,-1.22115002e-01,3.55297957e-03,1.35831355e-02,1.50414135e+02,1.83111268e-02,-5.56959510e-03,2.43803045e+01,3.33683273e-04,-4.56034487e-04,-1.23540819e-01,3.20533106e-03,1.33282812e-02,1.42581720e-03,3.47648510e-04,2.54854322e-04
2.53000000e+02,1.74703525e+02,1.68288525e-02,-4.13113630e-03,-1.20910200e-01,3.32630479e-03,1.33077491e-02,1.50338724e+02,1.66575253e-02,-3.76504771e-03,2.43648013e+01,1.71327186e-04,-3.66088595e-04,-1.22308985e-01,2.92799419e-03,1.30863398e-02,1.39878592e-03,3.98310603e-04,2.21409311e-04
2.54000000e+02,1.74628381e+02,1.84249212e-02,-3.65620239e-03,-1.19292274e-01,2.05371562e-03,1.35873001e-02,1.50277704e+02,1.81143633e-02,-3.21332938e-03,2.43506774e+01,3.10557895e-04,-4.42873009e-04,-1.20713445e-01,1.71884271e-03,1.33623317e-02,1.42117188e-03,3.34872907e-04,2.24968350e-04
2.55000000e+02,1.74539875e+02,1.82844990e-02,-1.57285956e-03,-1.18013273e-01,8.58211654e-04,1.37356317e-02,1.50205194e+02,1.81530815e-02,-1.20621185e-03,2.43346812e+01,1.31417500e-04,-3.66647715e-04,-1.19405780e-01,4.70685744e-04,1.35486121e-02,1.39250661e-03,3.87525910e-04,1.87019594e-04
2.56000000e+02,1.74465339e+02,1.84150751e-02,-6.97956357e-04,-1.16263459e-01,-6.48370001e-04,1.36034673e-02,1.50145291e+02,1.81750876e-02,-2.44065920e-04,2.43200487e+01,2.39987439e-04,-4.53890437e-04,-1.17678208e-01,-9.94700767e-04,1.34222891e-02,1.41474912e-03,3.46330766e-04,1.81178175e-04
2.57000000e+02,1.74377397e+02,1.66103574e-02,1.98371053e-03,-1.14807526e-01,-1.43692088e-03,1.33832077e-02,1.50073815e+02,1.65189874e-02,2.36841880e-03,2.43035823e+01,9.13700134e-05,-3.84708269e-04,-1.16191999e-01,-1.84855730e-03,1.32218013e-02,1.38447290e-03,4.11636421e-04,1.61406428e-04
2.58000000e+02,1.74305247e+02,1.84597460e-02,2.19392654e-03,-1.13002191e-01,-2.60897417e-03,1.38587097e-02,1.50016687e+02,1.82150792e-02,2.68237836e-03,2.42885604e+01,2.44666810e-04,-4.88451822e-04,-1.14405032e-01,-2.97526310e-03,1.36886027e-02,1.40284124e-03,3.66288936e-04,1.70106939e-04
2.59000000e+02,1.74220339e+02,1.86819992e-02,2.96977877e-03,-1.11581517e-01,-3.04338497e-03,1.41730085e-02,1.49948612e+02,1.86149211e-02,3.40384200e-03,2.42717272e+01,6.70781431e-05,-4.34063224e-04,-1.12952203e-01,-3.47621864e-03,1.40426061e-02,1.37068508e-03,4.32833664e-04,1.30402338e-04
2.60000000e+02,1.74149439e+02,1.80457510e-02,3.13176598e-03,-1.09740088e-01,-4.09609565e-03,1.33807227e-02,1.49893132e+02,1.78850716e-02,3.64437452e-03,2.42563074e+01,1.60679397e-04,-5.12608534e-04,-1.11129357e-01,-4.48443632e-03,1.32661927e-02,1.38926902e-03,3.88340674e-04,1.14530076e-04
2.61000000e+02,1.74065721e+02,1.56699853e-02,5.68886104e-03,-1.08320977e-01,-4.87672239e-03,1.26111852e-02,1.49826665e+02,1.56763165e-02,6.11815508e-03,2.42390557e+01,-6.33118205e-06,-4.29294032e-04,-1.09676634e-01,-5.31957373e-03,1.25314681e-02,1.35565675e-03,4.42851336e-04,7.97171278e-05
2.62000000e+02,1.73998619e+02,1.70877337e-02,6.47858388e-03,-1.06607371e-01,-6.53500573e-03,1.26182109e-02,1.49775339e+02,1.69460324e-02,6.99780140e-03,2.42232805e+01,1.41701237e-04,-5.19217519e-04,-1.07978865e-01,-6.92139206e-03,1.25334506e-02,1.37149416e-03,3.86386332e-04,8.47603239e-05
2.63000000e+02,1.73918551e+02,1.68741852e-02,8.23195465e-03,-1.05346431e-01,-7.76005008e-03,1.25706477e-02,1.49712863e+02,1.69096998e-02,8.69407207e-03,2.42056878e+01,-3.55146284e-05,-4.62117414e-04,-1.06683754e-01,-8.21269393e-03,1.25200487e-02,1.33732325e-03,4.52643851e-04,5.05989331e-05
2.64000000e+02,1.73852136e+02,1.70215751e-02,8.84075860e-03,-1.03581769e-01,-9.09612558e-03,1.23378514e-02,1.49662600e+02,1.69457649e-02,9.39112841e-03,2.41895357e+01,7.58101399e-05,-5.50369810e-04,-1.04935760e-01,-9.51460503e-03,1.22910935e-02,1.35399189e-03,4.18479455e-04,4.67579308e-05
2.65000000e+02,1.73772504e+02,1.52458160e-02,1.16153079e-02,-1.02168296e-01,-9.95892594e-03,1.20294344e-02,1.49600899e+02,1.53346363e-02,1.21067815e-02,2.41716049e+01,-8.88202534e-05,-4.91473575e-04,-1.03487991e-01,-1.04477390e-02,1.20098414e-02,1.31969422e-03,4.88813045e-04,1.95929941e-05
2.66000000e+02,1.73708695e+02,1.70578226e-02,1.20505869e-02,-1.00439398e-01,-1.12670306e-02,1.22506177e-02,1.49553521e+02,1.69874077e-02,1.26416585e-02,2.41551743e+01,7.04148453e-05,-5.91071549e-04,-1.01774155e-01,-1.17063723e-02,1.22204181e-02,1.33475696e-03,4.39341682e-04,3.01996787e-05
2.67000000e+02,1.73631849e+02,1.73514584e-02,1.35377223e-02,-9.90862292e-02,-1.22661997e-02,1.24532438e-02,1.49494893e+02,1.74670084e-02,1.40779483e-02,2.41369553e+01,-1.15550009e-04,-5.40225912e-04,-1.00386576e-01,-1.27770842e-02,1.24659591e-02,1.30034686e-03,5.10884475e-04,-1.27152932e-05
2.68000000e+02,1.73568805e+02,1.76278396e-02,1.43215373e-02,-9.72457556e-02,-1.36821090e-02,1.23255238e-02,1.49448580e+02,1.76381201e-02,1.49575198e-02,2.41202244e+01,-1.02804672e-05,-6.35982519e-04,-9.85626841e-02,-1.41647152e-02,1.23443290e-02,1.31692850e-03,4.82606164e-04,-1.88051638e-05
2.69000000e+02,1.73491872e+02,1.54457198e-02,1.68596214e-02,-9.57562003e-02,-1.42753840e-02,1.17395184e-02,1.49390166e+02,1.56173759e-02,1.74473822e-02,2.41017056e+01,-1.71656092e-04,-5.87760765e-04,-9.70380119e-02,-1.48360324e-02,1.17820272e-02,1.28181166e-03,5.60648424e-04,-4.25087980e-05
2.70000000e+02,1.73431603e+02,1.72530252e-02,1.72904345e-02,-9.38915715e-02,-1.55852718e-02,1.19724902e-02,1.49346827e+02,1.72384131e-02,1.79890043e-02,2.40847764e+01,1.46121377e-05,-6.98569819e-04,-9.51871476e-02,-1.61030055e-02,1.19871822e-02,1.29557615e-03,5.17733780e-04,-1.46919891e-05
2.71000000e+02,1.73358468e+02,1.78729193e-02,1.87806238e-02,-9.23765580e-02,-1.65301016e-02,1.24790137e-02,1.49292376e+02,1.80246240e-02,1.94335547e-02,2.40660917e+01,-1.51704766e-04,-6.52930870e-04,-9.36363152e-02,-1.71225974e-02,1.25192614e-02,1.25975716e-03,5.92495796e-04,-4.02476615e-05
2.72000000e+02,1.73299317e+02,1.85847822e-02,1.91571832e-02,-9.03272669e-02,-1.76897695e-02,1.26316640e-02,1.49250353e+02,1.86204628e-02,1.99145704e-02,2.40489645e+01,-3.56805560e-05,-7.57387266e-04,-9.16017785e-02,-1.82601452e-02,1.26718805e-02,1.27451163e-03,5.70375707e-04,-4.02164668e-05
2.73000000e+02,1.73225936e+02,1.63825674e-02,2.13112118e-02,-8.85510950e-02,-1.80524207e-02,1.20430123e-02,1.49195862e+02,1.65809695e-02,2.20276720e-02,2.40300741e+01,-1.98402114e-04,-7.16460169e-04,-8.97886588e-02,-1.87051924e-02,1.21088058e-02,1.23756384e-03,6.52771757e-04,-6.57935055e-05
2.74000000e+02,1.73168895e+02,1.82038158e-02,2.16291267e-02,-8.63599477e-02,-1.91962750e-02,1.23201945e-02,1.49156042e+02,1.82148789e-02,2.24547502e-02,2.40128534e+01,-1.10631669e-05,-8.25623573e-04,-8.76088497e-02,-1.98064674e-02,1.23552669e-02,1.24890202e-03,6.10192462e-04,-3.50724842e-05
2.75000000e+02,1.73098452e+02,1.88833290e-02,2.34631502e-02,-8.45753600e-02,-2.03999436e-02,1.29638085e-02,1.49104576e+02,1.90621056e-02,2.42527092e-02,2.39938755e+01,-1.78776664e-04,-7.89558994e-04,-8.57847664e-02,-2.10914964e-02,1.30218404e-02,1.20940636e-03,6.91552785e-04,-5.80319209e-05
2.76000000e+02,1.73042072e+02,1.91868568e-02,2.46287487e-02,-8.23100649e-02,-2.21195938e-02,1.28406040e-02,1.49065548e+02,1.92226106e-02,2.55213865e-02,2.39765240e+01,-3.57537807e-05,-8.92637801e-04,-8.35306573e-02,-2.27900834e-02,1.28817662e-02,1.22059241e-03,6.70489612e-04,-4.11621535e-05
2.77000000e+02,1.72972202e+02,1.72545374e-02,2.78953629e-02,-8.03649172e-02,-2.32575417e-02,1.25018183e-02,1.49014739e+02,1.74509802e-02,2.87573238e-02,2.39574634e+01,-1.96442819e-04,-8.61960872e-04,-8.15453668e-02,-2.40189086e-02,1.25655817e-02,1.18044961e-03,7.61366954e-04,-6.37634147e-05
2.78000000e+02,1.72918869e+02,1.88549187e-02,2.89610243e-02,-7.80280763e-02,-2.49427538e-02,1.26305087e-02,1.48978787e+02,1.88651379e-02,2.99391878e-02,2.39400818e+01,-1.02192391e-05,-9.78163441e-04,-7.92173438e-02,-2.56691738e-02,1.26639464e-02,1.18926749e-03,7.26419976e-04,-3.34376148e-05
2.79000000e+02,1.72852137e+02,1.86786169e-02,3.15616763e-02,-7.61117521e-02,-2.66787486e-02,1.26541005e-02,1.48931165e+02,1.88560347e-02,3.25063295e-02,2.39209722e+01,-1.77417759e-04,-9.44653217e-04,-7.72585330e-02,-2.74879065e-02,1.27100034e-02,1.14678085e-03,8.09157831e-04,-5.59029137e-05
2.80000000e+02,1.72800076e+02,1.81209962e-02,3.30497222e-02,-7.37392058e-02,-2.87340205e-02,1.19868364e-02,1.48896581e+02,1.81463178e-02,3.40990823e-02,2.39034947e+01,-2.53215596e-05,-1.04936003e-03,-7.48937088e-02,-2.95199625e-02,1.20170293e-02,1.15450292e-03,7.85941966e-04,-3.01928643e-05
2.81000000e+02,1.72734340e+02,1.59303285e-02,3.63810802e-02,-7.17445313e-02,-3.00703299e-02,1.14650131e-02,1.48850044e+02,1.60937899e-02,3.74007377e-02,2.38842954e+01,-1.63461410e-04,-1.01965753e-03,-7.28552076e-02,-3.09466497e-02,1.15010381e-02,1.11067621e-03,8.76319868e-04,-3.60250265e-05
2.82000000e+02,1.72685358e+02,1.68808170e-02,3.72723950e-02,-6.94378658e-02,-3.16879508e-02,1.11331023e-02,1.48818525e+02,1.68276036e-02,3.84101367e-02,2.38668334e+01,5.32133912e-05,-1.13774166e-03,-7.05535804e-02,-3.25325105e-02,1.11168299e-02,1.11571463e-03,8.44559647e-04,1.62724194e-05
2.83000000e+02,1.72622351e+02,1.61791413e-02,3.89768872e-02,-6.75821763e-02,-3.27433609e-02,1.08109120e-02,1.48774713e+02,1.62782915e-02,4.00927985e-02,2.38476376e+01,-9.91501573e-05,-1.11591131e-03,-6.86531825e-02,-3.36792113e-02,1.08048749e-02,1.07100619e-03,9.35850381e-04,6.03711885e-06
2.84000000e+02,1.72573681e+02,1.54959257e-02,3.98652844e-02,-6.53648334e-02,-3.43339364e-02,1.00040914e-02,1.48743516e+02,1.54272971e-02,4.10717479e-02,2.38301653e+01,6.86285726e-05,-1.20646348e-03,-6.64417258e-02,-3.52383595e-02,9.96246285e-03,1.07689245e-03,9.04423066e-04,4.16285471e-05
2.85000000e+02,1.72511132e+02,1.30523058e-02,4.31549699e-02,-6.35688473e-02,-3.56527789e-02,9.31102944e-03,1.48700137e+02,1.31328607e-02,4.43191322e-02,2.38109955e+01,-8.05548856e-05,-1.16416234e-03,-6.46007895e-02,-3.66380522e-02,9.28113524e-03,1.03194215e-03,9.85273324e-04,2.98941980e-05
2.86000000e+02,1.72465187e+02,1.38797667e-02,4.41896023e-02,-6.14051551e-02,-3.73930730e-02,8.79247010e-03,1.48671563e+02,1.37453581e-02,4.54503507e-02,2.37936243e+01,1.34408564e-04,-1.26074831e-03,-6.24416907e-02,-3.83315131e-02,8.71446585e-03,1.03653565e-03,9.38440097e-04,7.80042464e-05
2.87000000e+02,1.72405489e+02,1.31414063e-02,4.66582865e-02,-5.96587749e-02,-3.90056728e-02,8.41728205e-03,1.48630952e+02,1.31703505e-02,4.78941535e-02,2.37745372e+01,-2.89441739e-05,-1.23586701e-03,-6.06510021e-02,-4.00301481e-02,8.35293457e-03,9.92227177e-04,1.02447528e-03,6.43474815e-05
2.88000000e+02,1.72360357e+02,1.27594021e-02,4.76344798e-02,-5.74981499e-02,-4.06239646e-02,7.82320710e-03,1.48603184e+02,1.25972374e-02,4.89726573e-02,2.37571725e+01,1.62164608e-04,-1.33817748e-03,-5.84967135e-02,-4.16248422e-02,7.71100973e-03,9.98563632e-04,1.00087765e-03,1.12197366e-04
2.89000000e+02,1.72301106e+02,1.07175234e-02,5.04418419e-02,-5.57299979e-02,-4.14864750e-02,7.36020398e-03,1.48562962e+02,1.06842522e-02,5.17548979e-02,2.37381434e+01,3.32712196e-05,-1.31305602e-03,-5.66836541e-02,-4.25819549e-02,7.24354814e-03,9.53656131e-04,1.09547982e-03,1.16655846e-04
2.90000000e+02,1.72258578e+02,1.27082906e-02,5.09438168e-02,-5.35892772e-02,-4.28654732e-02,7.82094052e-03,1.48537616e+02,1.24489220e-02,5.23711680e-02,2.37209616e+01,2.59368597e-04,-1.42735118e-03,-5.45469774e-02,-4.39251761e-02,7.64697467e-03,9.57700146e-04,1.05970290e-03,1.73965858e-04
2.91000000e+02,1.72202554e+02,1.26733278e-02,5.23265143e-02,-5.18214539e-02,-4.37442981e-02,7.88167229e-03,1.48500466e+02,1.25823330e-02,5.37344165e-02,2.37020882e+01,9.09948150e-05,-1.40790221e-03,-5.27342344e-02,-4.48906644e-02,7.73036936e-03,9.12780547e-04,1.14636635e-03,1.51302931e-04
2.92000000e+02,1.72161160e+02,1.22406307e-02,5.28095377e-02,-4.95742979e-02,-4.49785734e-02,7.20646825e-03,1.48476190e+02,1.19920184e-02,5.42995288e-02,2.36849700e+01,2.48612341e-04,-1.48999106e-03,-5.04928235e-02,-4.60885547e-02,7.02754175e-03,9.18525559e-04,1.10998130e-03,1.78926498e-04
2.93000000e+02,1.72105836e+02,9.74183100e-03,5.55321892e-02,-4.76951558e-02,-4.58741318e-02,6.46621697e-03,1.48439662e+02,9.66886222e-03,5.69910761e-02,2.36661744e+01,7.29687847e-05,-1.45888686e-03,-4.85691119e-02,-4.70694645e-02,6.31421078e-03,8.73956192e-04,1.19533270e-03,1.52006193e-04
2.94000000e+02,1.72067274e+02,1.01562608e-02,5.56450504e-02,-4.53977242e-02,-4.70203802e-02,5.74914379e-03,1.48418033e+02,9.87290365e-03,5.72064239e-02,2.36492415e+01,2.83357106e-04,-1.56137350e-03,-4.62757543e-02,-4.81739515e-02,5.55421572e-03,8.78030030e-04,1.15357128e-03,1.94928069e-04
2.95000000e+02,1.72014833e+02,8.91376990e-03,5.74070644e-02,-4.34996763e-02,-4.81293920e-02,4.92636870e-03,1.48384209e+02,8.80945935e-03,5.89436209e-02,2.36306240e+01,1.04310546e-04,-1.53655642e-03,-4.43318085e-02,-4.93696774e-02,4.76181211e-03,8.32132110e-04,1.24028542e-03,1.64556590e-04
2.96000000e+02,1.71977153e+02,8.50144833e-03,5.79771704e-02,-4.11093840e-02,-4.94206798e-02,4.24067450e-03,1.48363334e+02,8.22858282e-03,5.96021196e-02,2.36138191e+01,2.72865511e-04,-1.62494921e-03,-4.19462497e-02,-5.06265213e-02,4.04254910e-03,8.36865674e-04,1.20584144e-03,1.98125406e-04
2.97000000e+02,1.71924978e+02,6.26351410e-03,6.05644134e-02,-3.90739715e-02,-5.01883985e-02,3.69960345e-03,1.48329624e+02,6.15481012e-03,6.21565135e-02,2.35953547e+01,1.08703987e-04,-1.59210005e-03,-3.98648554e-02,-5.14787853e-02,3.52106251e-03,7.90883939e-04,1.29038679e-03,1.78540936e-04
2.98000000e+02,1.71889278e+02,7.80644451e-03,6.11926448e-02,-3.66426768e-02,-5.16081005e-02,3.75266887e-03,1.48310484e+02,7.47832544e-03,6.28874161e-02,2.35787936e+01,3.28119069e-04,-1.69477134e-03,-3.74358886e-02,-5.28614054e-02,3.52484425e-03,7.93211729e-04,1.25330493e-03,2.27824624e-04
2.99000000e+02,1.71839826e+02,7.89737178e-03,6.30121283e-02,-3.46252223e-02,-5.28036946e-02,3.82354974e-03,1.48279279e+02,7.74735218e-03,6.46948116e-02,2.35605468e+01,1.50019601e-04,-1.68268333e-03,-3.53714483e-02,-5.41482297e-02,3.62572417e-03,7.46225917e-04,1.34453515e-03,1.97825566e-04
3.00000000e+02,1.71805221e+02,7.31318820e-03,6.33571383e-02,-3.21155722e-02,-5.39905938e-02,2.93497810e-03,1.48261063e+02,7.00433235e-03,6.51284274e-02,2.35441577e+01,3.08855848e-04,-1.77128917e-03,-3.28642426e-02,-5.53017432e-02,2.70908978e-03,7.48670326e-04,1.31114944e-03,2.25888324e-04
3.01000000e+02,1.71755996e+02,4.19781304e-03,6.62097031e-02,-2.99873168e-02,-5.48528663e-02,1.80123943e-03,1.48229912e+02,4.08788783e-03,6.79401622e-02,2.35260847e+01,1.09925207e-04,-1.73045917e-03,-3.06881835e-02,-5.62492457e-02,1.61824105e-03,7.00866767e-04,1.39637943e-03,1.82998377e-04
3.02000000e+02,1.71722929e+02,4.67993984e-03,6.69115504e-02,-2.74573654e-02,-5.63579418e-02,1.08857676e-03,1.48213003e+02,4.35541545e-03,6.87473390e-02,2.35099267e+01,3.24524400e-04,-1.83578862e-03,-2.81588137e-02,-5.77144928e-02,8.62982064e-04,7.01448337e-04,1.35655108e-03,2.25594696e-04
3.03000000e+02,1.71676372e+02,3.95625616e-03,6.86464640e-02,-2.53499983e-02,-5.74299286e-02,5.35020572e-04,1.48184287e+02,3.81856635e-03,7.04764388e-02,2.34920850e+01,1.37689816e-04,-1.82997485e-03,-2.60027993e-02,-5.88844934e-02,3.46538794e-04,6.52801033e-04,1.45456484e-03,1.88481778e-04
3.04000000e+02,1.71644507e+02,3.05163374e-03,6.92157793e-02,-2.28130116e-02,-5.87477646e-02,-5.67166121e-04,1.48168388e+02,2.75456548e-03,7.11414429e-02,2.34761187e+01,2.97068260e-04,-1.92566354e-03,-2.34662947e-02,-6.01767025e-02,-7.84767039e-04,6.53283081e-04,1.42893792e-03,2.17600918e-04
3.05000000e+02,1.71598158e+02,-3.81599741e-04,7.21002517e-02,-2.06669786e-02,-5.96450896e-02,-1.93224379e-03,1.48139664e+02,-4.88954972e-04,7.39997636e-02,2.34584938e+01,1.07355231e-04,-1.89951192e-03,-2.12707198e-02,-6.11668659e-02,-2.11563814e-03,6.03741184e-04,1.52177626e-03,1.83394351e-04
3.06000000e+02,1.71568373e+02,4.09822599e-04,7.32977729e-02,-1.81921465e-02,-6.13374679e-02,-2.43778098e-03,1.48125561e+02,8.05727333e-05,7.52884245e-02,2.34428121e+01,3.29249866e-04,-1.99065156e-03,-1.87942419e-02,-6.28161303e-02,-2.66592424e-03,6.02095489e-04,1.47866242e-03,2.28143252e-04
3.07000000e+02,1.71524642e+02,-3.46781767e-04,7.53011167e-02,-1.61739873e-02,-6.26274784e-02,-3.01359716e-03,1.48099193e+02,-4.81325594e-04,7.72796718e-02,2.34254489e+01,1.34543827e-04,-1.97855511e-03,-1.67263701e-02,-6.41958653e-02,-3.20011613e-03,5.52382801e-04,1.56838690e-03,1.86518967e-04
3.08000000e+02,1.71495438e+02,-1.11103057e-03,7.66044093e-02,-1.37269436e-02,-6.45943504e-02,-3.96236140e-03,1.48085458e+02,-1.41284191e-03,7.86731389e-02,2.34099807e+01,3.01811336e-04,-2.06872966e-03,-1.42783157e-02,-6.61318359e-02,-4.18475145e-03,5.51372142e-04,1.53748542e-03,2.22390050e-04
3.09000000e+02,1.71451477e+02,-3.67733533e-03,8.02651595e-02,-1.17280849e-02,-6.60353575e-02,-4.64524095e-03,1.48058627e+02,-3.80467695e-03,8.23075385e-02,2.33928502e+01,1.27341621e-04,-2.04237901e-03,-1.22296644e-02,-6.76677315e-02,-4.84229345e-03,5.01579568e-04,1.63237398e-03,1.97052499e-04
3.10000000e+02,1.71424124e+02,-2.24499882e-03,8.21717643e-02,-9.35152524e-03,-6.82340578e-02,-4.61609068e-03,1.48046421e+02,-2.59613347e-03,8.43055872e-02,2.33777027e+01,3.51134646e-04,-2.13382286e-03,-9.85038816e-03,-6.98217282e-02,-4.86491949e-03,4.98862922e-04,1.58767037e-03,2.48828806e-04
3.11000000e+02,1.71382348e+02,-2.75691792e-03,8.50652255e-02,-7.45348442e-03,-7.01440928e-02,-4.86758841e-03,1.48021480e+02,-2.89686036e-03,8.71895049e-02,2.33608680e+01,1.39942432e-04,-2.12427933e-03,-7.90304513e-03,-7.18285896e-02,-5.06754261e-03,4.49560711e-04,1.68449673e-03,1.99954193e-04
3.12000000e+02,1.71355188e+02,-3.14813974e-03,8.63315452e-02,-5.09914601e-03,-7.21553730e-02,-5.44035763e-03,1.48009222e+02,-3.45752648e-03,8.85519902e-02,2.33459658e+01,3.09386736e-04,-2.22044508e-03,-5.54770921e-03,-7.38127856e-02,-5.67255918e-03,4.48563203e-04,1.65741265e-03,2.32201545e-04
3.13000000e+02,1.71313384e+02,-5.68430558e-03,9.01404413e-02,-3.16359103e-03,-7.37627095e-02,-6.11049446e-03,1.47984009e+02,-5.82249641e-03,9.23265754e-02,2.33293750e+01,1.38190827e-04,-2.18613412e-03,-3.56449726e-03,-7.55082336e-02,-6.31938325e-03,4.00906237e-04,1.74552410e-03,2.08888785e-04
3.14000000e+02,1.71288691e+02,-3.91382004e-03,9.20615157e-02,-8.91136285e-04,-7.59522977e-02,-5.87178863e-03,1.47973930e+02,-4.29359034e-03,9.43390032e-02,2.33147610e+01,3.79770299e-04,-2.27748741e-03,-1.29032390e-03,-7.76529433e-02,-6.14381580e-03,3.99187616e-04,1.70064562e-03,2.72027166e-04
3.15000000e+02,1.71249276e+02,-3.56759745e-03,9.45223480e-02,9.52428527e-04,-7.76138562e-02,-5.43680156e-03,1.47950837e+02,-3.75563371e-03,9.67971066e-02,2.32984393e+01,1.88036261e-04,-2.27475858e-03,6.01452074e-04,-7.94098421e-02,-5.67753390e-03,3.50976453e-04,1.79598586e-03,2.40732342e-04
3.16000000e+02,1.71224565e+02,-3.49058542e-03,9.54003014e-02,3.23299244e-03,-7.93295498e-02,-5.70584958e-03,1.47940485e+02,-3.85241337e-03,9.77567660e-02,2.32840801e+01,3.61827951e-04,-2.35646452e-03,2.88339182e-03,-8.10917697e-02,-5.98271651e-03,3.49600615e-04,1.76221989e-03,2.76866927e-04
3.17000000e+02,1.71185211e+02,-5.57446898e-03,9.88163854e-02,5.10161623e-03,-8.06743303e-02,-6.05721897e-03,1.47917179e+02,-5.74366936e-03,1.01121028e-01,2.32680318e+01,1.69200374e-04,-2.30464219e-03,4.79936398e-03,-8.25116491e-02,-6.29510437e-03,3.02252248e-04,1.83731883e-03,2.37885400e-04
3.18000000e+02,1.71162646e+02,-4.05483851e-03,1.00604018e-01,7.35381604e-03,-8.27367084e-02,-5.93118698e-03,1.47908655e+02,-4.44042806e-03,1.02968975e-01,2.32539914e+01,3.85589547e-04,-2.36495702e-03,7.05438446e-03,-8.45068354e-02,-6.21513125e-03,2.99431580e-04,1.77012698e-03,2.83944264e-04
3.19000000e+02,1.71125400e+02,-4.23678592e-03,1.03610981e-01,9.21384268e-03,-8.47372086e-02,-5.83092282e-03,1.47887174e+02,-4.40732144e-03,1.05948793e-01,2.32382263e+01,1.70535520e-04,-2.33781160e-03,8.96090313e-03,-8.65851771e-02,-6.06598125e-03,2.52939540e-04,1.84796853e-03,2.35058431e-04
3.20000000e+02,1.71103009e+02,-4.53151348e-03,1.04745155e-01,1.15377398e-02,-8.66615230e-02,-6.38982861e-03,1.47878578e+02,-4.87363512e-03,1.07157608e-01,2.32244306e+01,3.42121634e-04,-2.41245269e-03,1.12856992e-02,-8.84681877e-02,-6.65573094e-03,2.52040537e-04,1.80666471e-03,2.65902334e-04
3.21000000e+02,1.71065843e+02,-6.95179705e-03,1.08024968e-01,1.34814875e-02,-8.79173471e-02,-7.07384255e-03,1.47856934e+02,-7.09839547e-03,1.10403212e-01,2.32089092e+01,1.46598414e-04,-2.37824358e-03,1.32756620e-02,-8.98130101e-02,-7.29809992e-03,2.05825563e-04,1.89566293e-03,2.24257372e-04
3.22000000e+02,1.71045493e+02,-5.64666729e-03,1.09507371e-01,1.58161868e-02,-8.97739972e-02,-7.17854068e-03,1.47850100e+02,-6.01262203e-03,1.11966971e-01,2.31953927e+01,3.65954741e-04,-2.45959930e-03,1.56133696e-02,-9.16178805e-02,-7.45159781e-03,2.02817161e-04,1.84388325e-03,2.73057138e-04
3.23000000e+02,1.71010276e+02,-6.30619388e-03,1.11663084e-01,1.77580185e-02,-9.11427697e-02,-7.45033326e-03,1.47830141e+02,-6.44965261e-03,1.14103968e-01,2.31801353e+01,1.43458729e-04,-2.44088400e-03,1.76020621e-02,-9.30685833e-02,-7.66829738e-03,1.55956361e-04,1.92581370e-03,2.17964127e-04
3.24000000e+02,1.70989722e+02,-7.09391021e-03,1.11895236e-01,2.01748253e-02,-9.24661996e-02,-8.26634112e-03,1.47822866e+02,-7.39216423e-03,1.14401544e-01,2.31668565e+01,2.98254016e-04,-2.50630782e-03,2.00214860e-02,-9.43427508e-02,-8.50847262e-03,1.53339202e-04,1.87655118e-03,2.42131498e-04
3.25000000e+02,1.70954237e+02,-9.88615402e-03,1.14637642e-01,2.21927381e-02,-9.33411383e-02,-9.19809017e-03,1.47802382e+02,-9.97934722e-03,1.17087880e-01,2.31518546e+01,9.31931942e-05,-2.45023860e-03,2.20868616e-02,-9.52930707e-02,-9.39062627e-03,1.05876569e-04,1.95193237e-03,1.92536100e-04
3.26000000e+02,1.70935588e+02,-8.75464043e-03,1.15675258e-01,2.45697007e-02,-9.48721884e-02,-9.41612471e-03,1.47796687e+02,-9.06166488e-03,1.18189600e-01,2.31389014e+01,3.07024452e-04,-2.51434230e-03,2.44686232e-02,-9.67603983e-02,-9.65139865e-03,1.01077450e-04,1.88820985e-03,2.35273942e-04
3.27000000e+02,1.70902066e+02,-9.31172445e-03,1.17816970e-01,2.65584772e-02,-9.61353715e-02,-9.66710300e-03,1.47777854e+02,-9.40241479e-03,1.20294012e-01,2.31242123e+01,9.06903413e-05,-2.47704186e-03,2.65051426e-02,-9.80969091e-02,-9.84826827e-03,5.33346185e-05,1.96153755e-03,1.81165277e-04
3.28000000e+02,1.70883116e+02,-9.29144109e-03,1.18278409e-01,2.90013401e-02,-9.75437987e-02,-1.01170043e-02,1.47771616e+02,-9.55215491e-03,1.20818616e-01,2.31114998e+01,2.60713822e-04,-2.54020711e-03,2.89523325e-02,-9.94516048e-02,-1.03269093e-02,4.90076178e-05,1.90780602e-03,2.09905033e-04
3.29000000e+02,1.70848752e+02,-1.15371178e-02,1.21160591e-01,3.10810900e-02,-9.84761825e-02,-1.06929185e-02,1.47751687e+02,-1.15819121e-02,1.23639630e-01,2.30970646e+01,4.47942817e-05,-2.47903825e-03,3.10801007e-02,-1.00455141e-01,-1.08536318e-02,9.89288362e-07,1.97895809e-03,1.60713319e-04
3.30000000e+02,1.70831576e+02,-9.89818777e-03,1.21916769e-01,3.35007925e-02,-9.97766201e-02,-1.05633762e-02,1.47746899e+02,-1.01620381e-02,1.24458458e-01,2.30846769e+01,2.63850312e-04,-2.54168902e-03,3.35053394e-02,-1.01693706e-01,-1.07702293e-02,-4.54690899e-06,1.91708544e-03,2.06853073e-04
3.31000000e+02,1.70799163e+02,-9.65981222e-03,1.23039919e-01,3.55222552e-02,-1.00230872e-01,-1.01403599e-02,1.47728626e+02,-9.69346590e-03,1.25563471e-01,2.30705368e+01,3.36536877e-05,-2.52355268e-03,3.55744221e-02,-1.02234197e-01,-1.02865919e-02,-5.21668805e-05,2.00332539e-03,1.46231963e-04
3.32000000e+02,1.70781378e+02,-9.57566442e-03,1.22705262e-01,3.79803001e-02,-1.00900016e-01,-1.04060320e-02,1.47722986e+02,-9.76249192e-03,1.25287280e-01,2.30583918e+01,1.86827502e-04,-2.58201791e-03,3.80374693e-02,-1.02851876e-01,-1.05712359e-02,-5.71692314e-05,1.95185997e-03,1.65203816e-04
3.33000000e+02,1.70748225e+02,-1.16110581e-02,1.24759350e-01,4.00740774e-02,-1.01190033e-01,-1.07348385e-02,1.47703710e+02,-1.15777244e-02,1.27288593e-01,2.30445159e+01,-3.33337444e-05,-2.52924264e-03,4.01800974e-02,-1.03216688e-01,-1.08462613e-02,-1.06020009e-04,2.02665476e-03,1.11422776e-04
3.34000000e+02,1.70732103e+02,-9.74676430e-03,1.24782912e-01,4.24619590e-02,-1.01975558e-01,-1.03186909e-02,1.47699398e+02,-9.92381308e-03,1.27375909e-01,2.30327056e+01,1.77048785e-04,-2.59299743e-03,4.25759684e-02,-1.03934556e-01,-1.04726159e-02,-1.14009443e-04,1.95899761e-03,1.53925038e-04
3.35000000e+02,1.70700874e+02,-9.48097238e-03,1.25475632e-01,4.43749230e-02,-1.02275716e-01,-9.90624416e-03,1.47681735e+02,-9.43633151e-03,1.28039868e-01,2.30191387e+01,-4.46408618e-05,-2.56423600e-03,4.45393992e-02,-1.04312141e-01,-1.00006422e-02,-1.64476228e-04,2.03642476e-03,9.43980508e-05
3.36000000e+02,1.70684757e+02,-9.13568315e-03,1.25191289e-01,4.66609703e-02,-1.03011855e-01,-1.00502179e-02,1.47677206e+02,-9.25237680e-03,1.27786996e-01,2.30075506e+01,1.16693654e-04,-2.59570752e-03,4.68326391e-02,-1.04980407e-01,-1.01643697e-02,-1.71668775e-04,1.96855166e-03,1.14151864e-04
3.37000000e+02,1.70652853e+02,-1.09491560e-02,1.27501337e-01,4.85261605e-02,-1.03341061e-01,-1.01568052e-02,1.47658656e+02,-1.08300848e-02,1.30022927e-01,2.29941972e+01,-1.19071181e-04,-2.52159043e-03,4.87479938e-02,-1.05374134e-01,-1.02098448e-02,-2.21833339e-04,2.03307359e-03,5.30395392e-05
3.38000000e+02,1.70637622e+02,-8.89492487e-03,1.27824466e-01,5.07325645e-02,-1.04258236e-01,-9.70320743e-03,1.47654751e+02,-8.98602605e-03,1.30413900e-01,2.29828710e+01,9.11011822e-05,-2.58943387e-03,5.09623403e-02,-1.06227654e-01,-9.79152954e-03,-2.29775839e-04,1.96941757e-03,8.83221098e-05
3.39000000e+02,1.70607334e+02,-8.70178828e-03,1.28322047e-01,5.25427588e-02,-1.04448192e-01,-9.38959688e-03,1.47637551e+02,-8.55984728e-03,1.30897096e-01,2.29697837e+01,-1.41941006e-04,-2.57504872e-03,5.28231851e-02,-1.06502129e-01,-9.41854983e-03,-2.80426378e-04,2.05393730e-03,2.89529412e-05
3.40000000e+02,1.70592207e+02,-8.62874142e-03,1.27379227e-01,5.47420729e-02,-1.04680547e-01,-9.64415783e-03,1.47633517e+02,-8.64914734e-03,1.30005247e-01,2.29586897e+01,2.04059194e-05,-2.62602044e-03,5.50297209e-02,-1.06678674e-01,-9.69716938e-03,-2.87647991e-04,1.99812757e-03,5.30115433e-05
3.41000000e+02,1.70561241e+02,-1.10023823e-02,1.29019430e-01,5.65400061e-02,-1.04534817e-01,-1.01563062e-02,1.47615387e+02,-1.08034785e-02,1.31574762e-01,2.29458545e+01,-1.98903792e-04,-2.55533239e-03,5.68781548e-02,-1.06596032e-01,-1.01571206e-02,-3.38148755e-04,2.06121516e-03,8.14329728e-07
3.42000000e+02,1.70547279e+02,-9.64427112e-03,1.29156902e-01,5.86320372e-02,-1.05429399e-01,-1.01314643e-02,1.47612197e+02,-9.65829632e-03,1.31747274e-01,2.29350821e+01,1.40251991e-05,-2.59037248e-03,5.89788833e-02,-1.07404793e-01,-1.01722549e-02,-3.46846080e-04,1.97539332e-03,4.07906185e-05
3.43000000e+02,1.70518527e+02,-1.04256792e-02,1.30320090e-01,6.02656685e-02,-1.05983796e-01,-1.05696170e-02,1.47595978e+02,-1.02042920e-02,1.32848344e-01,2.29225489e+01,-2.21387209e-04,-2.52825389e-03,6.06630188e-02,-1.08016781e-01,-1.05448001e-02,-3.97350388e-04,2.03298474e-03,-2.48169742e-05
3.44000000e+02,1.70504626e+02,-1.08785429e-02,1.30231734e-01,6.22580362e-02,-1.06761815e-01,-1.12567384e-02,1.47592605e+02,-1.08199255e-02,1.32793289e-01,2.29120208e+01,-5.86173308e-05,-2.56155455e-03,6.26624769e-02,-1.08725596e-01,-1.12588187e-02,-4.04440635e-04,1.96378164e-03,2.08037167e-06
3.45000000e+02,1.70475015e+02,-1.34458914e-02,1.32350159e-01,6.38877059e-02,-1.06842691e-01,-1.17916796e-02,1.47575278e+02,-1.31759967e-02,1.34850346e-01,2.28997369e+01,-2.69894635e-04,-2.50018717e-03,6.43428218e-02,-1.08878837e-01,-1.17476059e-02,-4.55115944e-04,2.03614614e-03,-4.40737184e-05
3.46000000e+02,1.70462759e+02,-1.16849663e-02,1.32412250e-01,6.58158482e-02,-1.07543052e-01,-1.15459404e-02,1.47573238e+02,-1.16490130e-02,1.34962616e-01,2.28895207e+01,-3.59533496e-05,-2.55036537e-03,6.62798363e-02,-1.09502008e-01,-1.15505493e-02,-4.63988103e-04,1.95895672e-03,4.60893053e-06
3.47000000e+02,1.70435545e+02,-1.13930805e-02,1.32943644e-01,6.73393598e-02,-1.07757771e-01,-1.12297791e-02,1.47558021e+02,-1.11296189e-02,1.35452943e-01,2.28775249e+01,-2.63461606e-04,-2.50929882e-03,6.78540495e-02,-1.09782098e-01,-1.11773333e-02,-5.14689698e-04,2.02432666e-03,-5.24457754e-05
3.48000000e+02,1.70423190e+02,-1.10800163e-02,1.32392103e-01,6.92578454e-02,-1.08294580e-01,-1.13940639e-02,1.47555639e+02,-1.09828734e-02,1.34931158e-01,2.28675517e+01,-9.71429418e-05,-2.53905502e-03,6.97795378e-02,-1.10248522e-01,-1.13713699e-02,-5.21692389e-04,1.95394215e-03,-2.26939536e-05
3.49000000e+02,1.70395297e+02,-1.32018589e-02,1.34060056e-01,7.07822947e-02,-1.08079715e-01,-1.16683965e-02,1.47539467e+02,-1.28828808e-02,1.36520846e-01,2.28558296e+01,-3.18978138e-04,-2.46079001e-03,7.13543263e-02,-1.10091756e-01,-1.15925997e-02,-5.72031594e-04,2.01204066e-03,-7.57967857e-05
3.50000000e+02,1.70384408e+02,-1.12840788e-02,1.33779677e-01,7.26043032e-02,-1.08541283e-01,-1.12137464e-02,1.47538238e+02,-1.11910018e-02,1.36276811e-01,2.28461700e+01,-9.30770173e-05,-2.49713429e-03,7.31853382e-02,-1.10468230e-01,-1.11843821e-02,-5.81034992e-04,1.92694609e-03,-2.93643156e-05
3.51000000e+02,1.70358299e+02,-1.06163067e-02,1.33630383e-01,7.39869989e-02,-1.08198536e-01,-1.05245827e-02,1.47523573e+02,-1.02916441e-02,1.36077789e-01,2.28347254e+01,-3.24662648e-04,-2.44740627e-03,7.46193813e-02,-1.10189278e-01,-1.04350919e-02,-6.32382468e-04,1.99074199e-03,-8.94907703e-05
3.52000000e+02,1.70347249e+02,-9.66206434e-03,1.32359631e-01,7.57616233e-02,-1.08144927e-01,-1.02113195e-02,1.47521965e+02,-9.50970136e-03,1.34826656e-01,2.28252835e+01,-1.52362976e-04,-2.46702424e-03,7.64015337e-02,-1.10057910e-01,-1.01525355e-02,-6.39910377e-04,1.91298327e-03,-5.87839601e-05
3.53000000e+02,1.70320736e+02,-1.12058719e-02,1.33804928e-01,7.71654614e-02,-1.07746612e-01,-9.97289764e-03,1.47506644e+02,-1.08218208e-02,1.36191826e-01,2.28140923e+01,-3.84051081e-04,-2.38689787e-03,7.78556204e-02,-1.09714602e-01,-9.85591437e-03,-6.90159030e-04,1.96799003e-03,-1.16983267e-04
3.54000000e+02,1.70311187e+02,-8.64121069e-03,1.33248076e-01,7.88611931e-02,-1.07924806e-01,-9.02365561e-03,1.47506233e+02,-8.47342358e-03,1.35660984e-01,2.28049545e+01,-1.67787106e-04,-2.41290829e-03,7.95594057e-02,-1.09800924e-01,-8.94222701e-03,-6.98212602e-04,1.87611756e-03,-8.14286014e-05
3.55000000e+02,1.70286242e+02,-7.82976048e-03,1.33024314e-01,8.01652553e-02,-1.07486122e-01,-8.23306382e-03,1.47492215e+02,-7.41837011e-03,1.35385823e-01,2.27940273e+01,-4.11390366e-04,-2.36150945e-03,8.09127291e-02,-1.09422796e-01,-8.08319375e-03,-7.47473832e-04,1.93667391e-03,-1.49870073e-04
3.56000000e+02,1.70276508e+02,-6.60514537e-03,1.31789449e-01,8.18605162e-02,-1.07591055e-01,-7.69417443e-03,1.47491389e+02,-6.34970402e-03,1.34183023e-01,2.27851189e+01,-2.55441353e-04,-2.39357415e-03,8.26136278e-02,-1.09454543e-01,-7.56049690e-03,-7.53111565e-04,1.86348812e-03,-1.33677533e-04
3.57000000e+02,1.70251142e+02,-8.22010541e-03,1.33003520e-01,8.32055916e-02,-1.07076188e-01,-7.61879514e-03,1.47476683e+02,-7.73589712e-03,1.35316225e-01,2.27744593e+01,-4.84208287e-04,-2.31270553e-03,8.40071756e-02,-1.08997842e-01,-7.42557216e-03,-8.01584018e-04,1.92165459e-03,-1.93222974e-04
3.58000000e+02,1.70243021e+02,-5.79366290e-03,1.32466999e-01,8.48507575e-02,-1.07192221e-01,-6.76053163e-03,1.47477134e+02,-5.52896197e-03,1.34803417e-01,2.27658869e+01,-2.64700930e-04,-2.33641836e-03,8.56596430e-02,-1.09022325e-01,-6.61005183e-03,-8.08885552e-04,1.83010400e-03,-1.50479794e-04
3.59000000e+02,1.70219482e+02,-5.05833398e-03,1.32186446e-01,8.60486115e-02,-1.06662051e-01,-5.95682833e-03,1.47463948e+02,-4.55402525e-03,1.34472293e-01,2.27555342e+01,-5.04308732e-04,-2.28584712e-03,8.69068364e-02,-1.08552826e-01,-5.74098146e-03,-8.58224910e-04,1.89077478e-03,-2.15846870e-04
3.60000000e+02,1.70210874e+02,-4.28916257e-03,1.30685467e-01,8.76473877e-02,-1.06617409e-01,-5.74884510e-03,1.47463680e+02,-3.94930788e-03,1.32992821e-01,2.27471942e+01,-3.39854687e-04,-2.30735463e-03,8.85111656e-02,-1.08426545e-01,-5.55345517e-03,-8.63777878e-04,1.80913604e-03,-1.95389921e-04
3.61000000e+02,1.70186631e+02,-5.77386112e-03,1.31841876e-01,8.88892472e-02,-1.06042691e-01,-5.63286871e-03,1.47449513e+02,-5.20554455e-03,1.34053815e-01,2.27371180e+01,-5.68316567e-04,-2.21193819e-03,8.98017848e-02,-1.07901889e-01,-5.37671032e-03,-9.12537595e-04,1.85919755e-03,-2.56158386e-04
3.62000000e+02,1.70179579e+02,-3.59579207e-03,1.31112103e-01,9.04445491e-02,-1.06074964e-01,-5.09229124e-03,1.47450468e+02,-3.23328698e-03,1.33344779e-01,2.27291106e+01,-3.62505093e-04,-2.23267623e-03,9.13635334e-02,-1.07839278e-01,-4.86203871e-03,-9.18984287e-04,1.76431404e-03,-2.30252531e-04
3.63000000e+02,1.70156930e+02,-3.54817704e-03,1.30643404e-01,9.15920822e-02,-1.05430099e-01,-4.84755614e-03,1.47437605e+02,-2.92790293e-03,1.32827631e-01,2.27193251e+01,-6.20274113e-04,-2.18422743e-03,9.25592843e-02,-1.07255134e-01,-4.54179612e-03,-9.67202164e-04,1.82503541e-03,-3.05760017e-04
3.64000000e+02,1.70149278e+02,-3.20139910e-03,1.28847768e-01,9.31283992e-02,-1.05151955e-01,-4.95417467e-03,1.47437709e+02,-2.74562242e-03,1.31044000e-01,2.27115688e+01,-4.55776680e-04,-2.19623220e-03,9.40997083e-02,-1.06888132e-01,-4.66994286e-03,-9.71309048e-04,1.73617690e-03,-2.84231804e-04
3.65000000e+02,1.70126341e+02,-4.91431797e-03,1.30100580e-01,9.43187626e-02,-1.04703513e-01,-4.87927386e-03,1.47424277e+02,-4.21811999e-03,1.32195888e-01,2.27020639e+01,-6.96197985e-04,-2.09530814e-03,9.53372993e-02,-1.06482284e-01,-4.53087828e-03,-1.01853668e-03,1.77877159e-03,-3.48395583e-04
3.66000000e+02,1.70120338e+02,-2.70665478e-03,1.30031643e-01,9.58055663e-02,-1.05244910e-01,-4.25784193e-03,1.47425714e+02,-2.22906392e-03,1.32138281e-01,2.26946239e+01,-4.77590860e-04,-2.10663785e-03,9.68289572e-02,-1.06921400e-01,-3.94372255e-03,-1.02339090e-03,1.67649040e-03,-3.14119379e-04
3.67000000e+02,1.70098812e+02,-1.95289777e-03,1.30386634e-01,9.68905715e-02,-1.05098747e-01,-3.44977891e-03,1.47413423e+02,-1.22378436e-03,1.32438533e-01,2.26853889e+01,-7.29113405e-04,-2.05189902e-03,9.79609701e-02,-1.06834894e-01,-3.05996167e-03,-1.07039855e-03,1.73614667e-03,-3.89817240e-04
3.68000000e+02,1.70092317e+02,-9.24355506e-04,1.28901094e-01,9.83892477e-02,-1.05006692e-01,-3.01809370e-03,1.47414133e+02,-3.58538389e-04,1.30988428e-01,2.26781843e+01,-5.65817117e-04,-2.08733486e-03,9.94622479e-02,-1.06670266e-01,-2.64690427e-03,-1.07300021e-03,1.66357448e-03,-3.71189427e-04
3.69000000e+02,1.70070462e+02,-2.08617939e-03,1.29638230e-01,9.95130887e-02,-1.04211608e-01,-2.61437051e-03,1.47401246e+02,-1.28654337e-03,1.31655295e-01,2.26692165e+01,-7.99636019e-04,-2.01706489e-03,1.00632798e-01,-1.05938731e-01,-2.17981396e-03,-1.11970951e-03,1.72712227e-03,-4.34556555e-04
3.70000000e+02,1.70065749e+02,7.49643200e-04,1.29078350e-01,1.00978515e-01,-1.04350361e-01,-1.53127054e-03,1.47403433e+02,1.32838800e-03,1.31110965e-01,2.26623161e+01,-5.78744796e-04,-2.03261470e-03,1.02101779e-01,-1.05980222e-01,-1.13516700e-03,-1.12326382e-03,1.62986154e-03,-3.96103540e-04
3.71000000e+02,1.70045358e+02,1.85365066e-03,1.28954043e-01,1.02037562e-01,-1.03868459e-01,-4.29116374e-04,1.47391730e+02,2.68522933e-03,1.30935198e-01,2.26536275e+01,-8.31578676e-04,-1.98115488e-03,1.03207219e-01,-1.05556617e-01,4.12886323e-05,-1.16965676e-03,1.68815891e-03,-4.70405006e-04
3.72000000e+02,1.70040047e+02,3.02972873e-03,1.27419244e-01,1.03563707e-01,-1.03715397e-01,2.00858875e-04,1.47393072e+02,3.69754742e-03,1.29416584e-01,2.26469750e+01,-6.67818694e-04,-1.99734010e-03,1.04734695e-01,-1.05319882e-01,6.49606076e-04,-1.17098791e-03,1.60448504e-03,-4.48747201e-04
3.73000000e+02,1.70019230e+02,1.97558060e-03,1.28279633e-01,1.04712500e-01,-1.02891640e-01,7.92721810e-04,1.47380671e+02,2.87831341e-03,1.30197971e-01,2.26385585e+01,-9.02732808e-04,-1.91833763e-03,1.05929035e-01,-1.04554926e-01,1.30758235e-03,-1.21653540e-03,1.66328636e-03,-5.14860541e-04
3.74000000e+02,1.70015454e+02,5.10265682e-03,1.27446281e-01,1.06180939e-01,-1.02892605e-01,2.13180495e-03,1.47383248e+02,5.77218916e-03,1.29398244e-01,2.26322060e+01,-6.69532341e-04,-1.95196313e-03,1.07400203e-01,-1.04468479e-01,2.59966883e-03,-1.21926460e-03,1.57587463e-03,-4.67863875e-04
3.75000000e+02,1.69996180e+02,6.55820037e-03,1.26965367e-01,1.07220448e-01,-1.02143267e-01,3.49549905e-03,1.47372104e+02,7.47152887e-03,1.28870772e-01,2.26240755e+01,-9.13328500e-04,-1.90540478e-03,1.08485134e-01,-1.03785007e-01,4.03037118e-03,-1.26468567e-03,1.64174043e-03,-5.34872136e-04
3.76000000e+02,1.69991702e+02,8.03479076e-03,1.25116649e-01,1.08693681e-01,-1.01736547e-01,4.41533531e-03,1.47373740e+02,8.77026320e-03,1.27047348e-01,2.26179619e+01,-7.35472444e-04,-1.93069917e-03,1.09958224e-01,-1.03296530e-01,4.91870208e-03,-1.26454352e-03,1.55998233e-03,-5.03366774e-04
3.77000000e+02,1.69971526e+02,7.22429840e-03,1.25712795e-01,1.09769533e-01,-1.00684782e-01,5.19081064e-03,1.47361445e+02,8.19061518e-03,1.27565612e-01,2.26100808e+01,-9.66316779e-04,-1.85281692e-03,1.11078052e-01,-1.02306399e-01,5.75694581e-03,-1.30851867e-03,1.62161699e-03,-5.66135164e-04
3.78000000e+02,1.69968197e+02,1.06766505e-02,1.24789870e-01,1.11158589e-01,-1.00557216e-01,6.72741571e-03,1.47363925e+02,1.14048230e-02,1.26668005e-01,2.26042729e+01,-7.28172533e-04,-1.87813444e-03,1.12468460e-01,-1.02084669e-01,7.24969625e-03,-1.30987044e-03,1.52745238e-03,-5.22280533e-04
3.79000000e+02,1.69949311e+02,1.17510119e-02,1.24687451e-01,1.12087130e-01,-1.00183491e-01,7.86476972e-03,1.47352624e+02,1.27447956e-02,1.26520187e-01,2.25966868e+01,-9.93783645e-04,-1.83273522e-03,1.13441453e-01,-1.01770407e-01,8.46631492e-03,-1.35432351e-03,1.58691672e-03,-6.01545202e-04
3.80000000e+02,1.69945299e+02,1.30150913e-02,1.23471934e-01,1.13424558e-01,-1.00226069e-01,8.53505214e-03,1.47354169e+02,1.38354597e-02,1.25321323e-01,2.25911302e+01,-8.20368385e-04,-1.84938912e-03,1.14778517e-01,-1.01728852e-01,9.11409720e-03,-1.35395916e-03,1.50278311e-03,-5.79045062e-04
3.81000000e+02,1.69925619e+02,1.16625035e-02,1.24387280e-01,1.14345263e-01,-9.94976793e-02,8.84803465e-03,1.47341787e+02,1.27110682e-02,1.26168182e-01,2.25838313e+01,-1.04856477e-03,-1.78090193e-03,1.15742298e-01,-1.01062802e-01,9.48628283e-03,-1.39703434e-03,1.56512222e-03,-6.38248177e-04
3.82000000e+02,1.69923158e+02,1.47538702e-02,1.23705029e-01,1.15585375e-01,-9.95708813e-02,1.02390618e-02,1.47344547e+02,1.55525937e-02,1.25520776e-01,2.25786110e+01,-7.98723499e-04,-1.81574647e-03,1.16982829e-01,-1.01048530e-01,1.08165929e-02,-1.39745408e-03,1.47764863e-03,-5.77531107e-04
3.83000000e+02,1.69905241e+02,1.63740066e-02,1.23411038e-01,1.16365135e-01,-9.90859109e-02,1.18009431e-02,1.47333636e+02,1.74087695e-02,1.25185107e-01,2.25716045e+01,-1.03476288e-03,-1.77406970e-03,1.17805326e-01,-1.00630499e-01,1.24417233e-02,-1.44019049e-03,1.54458813e-03,-6.40780132e-04
3.84000000e+02,1.69902364e+02,1.82385090e-02,1.21962955e-01,1.17558884e-01,-9.89256687e-02,1.29067936e-02,1.47335744e+02,1.90778770e-02,1.23756055e-01,2.25666191e+01,-8.39367935e-04,-1.79309977e-03,1.18997149e-01,-1.00390972e-01,1.35091445e-02,-1.43826509e-03,1.46530284e-03,-6.02350915e-04
3.85000000e+02,1.69883749e+02,1.77985186e-02,1.23101034e-01,1.18326525e-01,-9.82569518e-02,1.38224615e-02,1.47323848e+02,1.88701097e-02,1.24820737e-01,2.25599011e+01,-1.07159107e-03,-1.71970291e-03,1.19806020e-01,-9.97834216e-02,1.44903976e-02,-1.47949553e-03,1.52646978e-03,-6.67936044e-04
3.86000000e+02,1.69882121e+02,2.12813050e-02,1.22666414e-01,1.19471747e-01,-9.85315875e-02,1.53543169e-02,1.47326890e+02,2.21089761e-02,1.24417940e-01,2.25552314e+01,-8.27671022e-04,-1.75152602e-03,1.20949272e-01,-9.99647622e-02,1.59686951e-02,-1.47752499e-03,1.43317468e-03,-6.14378185e-04
3.87000000e+02,1.69865213e+02,2.27714012e-02,1.22706144e-01,1.20217104e-01,-9.82737623e-02,1.67688034e-02,1.47316464e+02,2.38524395e-02,1.24411268e-01,2.25487490e+01,-1.08103827e-03,-1.70512336e-03,1.21735024e-01,-9.97704415e-02,1.74556838e-02,-1.51791920e-03,1.49667916e-03,-6.86880397e-04
3.88000000e+02,1.69863158e+02,2.44990586e-02,1.21156560e-01,1.21352198e-01,-9.81228316e-02,1.77624768e-02,1.47318851e+02,2.53852950e-02,1.22891878e-01,2.25443071e+01,-8.86236409e-04,-1.73531748e-03,1.22866545e-01,-9.95421184e-02,1.84100513e-02,-1.51434621e-03,1.41928674e-03,-6.47574465e-04
3.89000000e+02,1.69845386e+02,2.35175788e-02,1.22201310e-01,1.22147561e-01,-9.74946683e-02,1.83687851e-02,1.47307310e+02,2.46381623e-02,1.23864353e-01,2.25380764e+01,-1.12058353e-03,-1.66304318e-03,1.23701394e-01,-9.89772443e-02,1.90760543e-02,-1.55383305e-03,1.48257596e-03,-7.07269272e-04
3.90000000e+02,1.69844221e+02,2.73251713e-02,1.21728181e-01,1.23240557e-01,-9.77339366e-02,2.02717683e-02,1.47310298e+02,2.81900093e-02,1.23428765e-01,2.25339222e+01,-8.64837953e-04,-1.70058380e-03,1.24791959e-01,-9.91285128e-02,2.09164547e-02,-1.55140177e-03,1.39457625e-03,-6.44686410e-04
3.91000000e+02,1.69827624e+02,2.88414916e-02,1.21365283e-01,1.23933639e-01,-9.72054591e-02,2.17531561e-02,1.47299667e+02,2.99409184e-02,1.23034365e-01,2.25279565e+01,-1.09942679e-03,-1.66908179e-03,1.25524005e-01,-9.86718290e-02,2.24606438e-02,-1.59036698e-03,1.46636983e-03,-7.07487731e-04
3.92000000e+02,1.69826211e+02,3.07991209e-02,1.19845505e-01,1.25069160e-01,-9.71305507e-02,2.29164530e-02,1.47302184e+02,3.16991956e-02,1.21537807e-01,2.25240271e+01,-9.00074705e-04,-1.69230245e-03,1.26655538e-01,-9.85173803e-02,2.35823405e-02,-1.58637829e-03,1.38682962e-03,-6.65887468e-04
3.93000000e+02,1.69809011e+02,2.99227927e-02,1.21103491e-01,1.25836875e-01,-9.66384895e-02,2.36027708e-02,1.47290691e+02,3.10594873e-02,1.22719202e-01,2.25183203e+01,-1.13669460e-03,-1.61571104e-03,1.27461341e-01,-9.80886597e-02,2.43303282e-02,-1.62446624e-03,1.45017014e-03,-7.27557361e-04
3.94000000e+02,1.69808850e+02,3.36660899e-02,1.21106335e-01,1.26969252e-01,-9.71534984e-02,2.53737254e-02,1.47294155e+02,3.45495438e-02,1.22752651e-01,2.25146951e+01,-8.83453876e-04,-1.64631599e-03,1.28591119e-01,-9.85106476e-02,2.60405935e-02,-1.62186678e-03,1.35714924e-03,-6.66868046e-04
3.95000000e+02,1.69793182e+02,3.51609203e-02,1.21405422e-01,1.27690216e-01,-9.71143112e-02,2.68375477e-02,1.47283939e+02,3.62905768e-02,1.23020984e-01,2.25092435e+01,-1.12965643e-03,-1.61556188e-03,1.29349869e-01,-9.85424400e-02,2.75721736e-02,-1.65965247e-03,1.42812871e-03,-7.34625938e-04
3.96000000e+02,1.69792383e+02,3.69923484e-02,1.20493326e-01,1.28848823e-01,-9.73689077e-02,2.79122383e-02,1.47286559e+02,3.79259090e-02,1.22136292e-01,2.25058246e+01,-9.33560530e-04,-1.64296573e-03,1.30504309e-01,-9.87223148e-02,2.86062818e-02,-1.65548526e-03,1.35340712e-03,-6.94043475e-04
3.97000000e+02,1.69775810e+02,3.60682932e-02,1.21904736e-01,1.29676942e-01,-9.69845672e-02,2.85019184e-02,1.47275188e+02,3.72368080e-02,1.23490008e-01,2.25006219e+01,-1.16851483e-03,-1.58527195e-03,1.31370227e-01,-9.84077245e-02,2.92607362e-02,-1.69328530e-03,1.42315732e-03,-7.58817756e-04
3.98000000e+02,1.69776093e+02,3.92930561e-02,1.21806648e-01,1.30814528e-01,-9.75406496e-02,2.98946178e-02,1.47278587e+02,4.02226971e-02,1.23424658e-01,2.24975061e+01,-9.29640961e-04,-1.61801051e-03,1.32506057e-01,-9.88723668e-02,3.06029844e-02,-1.69152954e-03,1.33171722e-03,-7.08366633e-04
3.99000000e+02,1.69760914e+02,4.04021345e-02,1.22259080e-01,1.31547542e-01,-9.75743504e-02,3.10005862e-02,1.47268334e+02,4.15796707e-02,1.23852927e-01,2.24925795e+01,-1.17753621e-03,-1.59384639e-03,1.33277259e-01,-9.89841941e-02,3.17791858e-02,-1.72971731e-03,1.40984371e-03,-7.78599613e-04
4.00000000e+02,1.69760782e+02,4.14941316e-02,1.21409263e-01,1.32684291e-01,-9.79476565e-02,3.14720658e-02,1.47271097e+02,4.24774749e-02,1.23040968e-01,2.24896852e+01,-9.83343354e-04,-1.63170522e-03,1.34410883e-01,-9.92848183e-02,3.22112128e-02,-1.72659222e-03,1.33716174e-03,-7.39147005e-04
4.01000000e+02,1.69745127e+02,4.00288316e-02,1.23166604e-01,1.33485499e-01,-9.77477810e-02,3.16389954e-02,1.47260113e+02,4.12333885e-02,1.24734560e-01,2.24850136e+01,-1.20455690e-03,-1.56795561e-03,1.35250584e-01,-9.91543934e-02,3.24301250e-02,-1.76508467e-03,1.40661240e-03,-7.91129581e-04
4.02000000e+02,1.69746656e+02,4.31530319e-02,1.22832657e-01,1.34561597e-01,-9.80980180e-02,3.29300405e-02,1.47264234e+02,4.40900305e-02,1.24436161e-01,2.24824224e+01,-9.36998677e-04,-1.60350450e-03,1.36325631e-01,-9.94136299e-02,3.36497094e-02,-1.76403402e-03,1.31561194e-03,-7.19668926e-04
4.03000000e+02,1.69732525e+02,4.44482539e-02,1.22833083e-01,1.35227589e-01,-9.78383147e-02,3.42114051e-02,1.47254515e+02,4.56237851e-02,1.24424318e-01,2.24780095e+01,-1.17553111e-03,-1.59123475e-03,1.37030788e-01,-9.92351893e-02,3.49904084e-02,-1.80319879e-03,1.39687459e-03,-7.79003304e-04
4.04000000e+02,1.69733208e+02,4.59448663e-02,1.21418224e-01,1.36278318e-01,-9.77630146e-02,3.50304488e-02,1.47257578e+02,4.69193238e-02,1.23039322e-01,2.24756299e+01,-9.74457583e-04,-1.62109824e-03,1.38079743e-01,-9.90876633e-02,3.57670451e-02,-1.80142495e-03,1.32464868e-03,-7.36596326e-04
4.05000000e+02,1.69718074e+02,4.43285100e-02,1.22392922e-01,1.36917814e-01,-9.69764373e-02,3.52632772e-02,1.47246602e+02,4.55314496e-02,1.23965310e-01,2.24714718e+01,-1.20293958e-03,-1.57238763e-03,1.38758081e-01,-9.83764974e-02,3.60524799e-02,-1.84026736e-03,1.40006011e-03,-7.89202660e-04
4.06000000e+02,1.69720152e+02,4.76646710e-02,1.21989997e-01,1.37862063e-01,-9.72606669e-02,3.66678235e-02,1.47250750e+02,4.85941343e-02,1.23585812e-01,2.24694019e+01,-9.29463282e-04,-1.59581564e-03,1.39702136e-01,-9.85610703e-02,3.73886793e-02,-1.84007362e-03,1.30040345e-03,-7.20855746e-04
4.07000000e+02,1.69706521e+02,4.88220657e-02,1.22296373e-01,1.38417170e-01,-9.71976806e-02,3.77220104e-02,1.47241013e+02,4.99856406e-02,1.23863848e-01,2.24655081e+01,-1.16357490e-03,-1.56747512e-03,1.40295997e-01,-9.85730293e-02,3.85038239e-02,-1.87882712e-03,1.37534874e-03,-7.81813516e-04
4.08000000e+02,1.69707882e+02,5.01457360e-02,1.21240333e-01,1.39353128e-01,-9.73870830e-02,3.84928431e-02,1.47244250e+02,5.11218219e-02,1.22838225e-01,2.24636316e+01,-9.76085874e-04,-1.59789204e-03,1.41229927e-01,-9.86842490e-02,3.92348505e-02,-1.87679901e-03,1.29716601e-03,-7.42007413e-04
4.09000000e+02,1.69693472e+02,4.89219372e-02,1.22498235e-01,1.39919137e-01,-9.68678601e-02,3.89089871e-02,1.47233506e+02,5.01244005e-02,1.24062387e-01,2.24599652e+01,-1.20246334e-03,-1.56415145e-03,1.41834075e-01,-9.82512093e-02,3.97066461e-02,-1.91493775e-03,1.38334917e-03,-7.97659021e-04
4.10000000e+02,1.69696374e+02,5.22299333e-02,1.22383752e-01,1.40780761e-01,-9.73918235e-02,4.02512663e-02,1.47238007e+02,5.31629818e-02,1.23986036e-01,2.24583670e+01,-9.33048505e-04,-1.60228462e-03,1.42695084e-01,-9.86875397e-02,4.09822089e-02,-1.91432293e-03,1.29571621e-03,-7.30942602e-04
4.11000000e+02,1.69683329e+02,5.37947952e-02,1.22573714e-01,1.41201207e-01,-9.73600247e-02,4.16896615e-02,1.47228391e+02,5.49675785e-02,1.24164186e-01,2.24549382e+01,-1.17278332e-03,-1.59047180e-03,1.43153706e-01,-9.87388793e-02,4.24788737e-02,-1.95249955e-03,1.37885452e-03,-7.89212204e-04
4.12000000e+02,1.69685367e+02,5.53766170e-02,1.21686400e-01,1.42022131e-01,-9.76696877e-02,4.26245898e-02,1.47231846e+02,5.63486061e-02,1.23302692e-01,2.24535210e+01,-9.71989106e-04,-1.61629180e-03,1.43972719e-01,-9.89712170e-02,4.33686194e-02,-1.95058798e-03,1.30152929e-03,-7.44029545e-04
4.13000000e+02,1.69671763e+02,5.40765585e-02,1.23443451e-01,1.42487678e-01,-9.74479325e-02,4.29633003e-02,1.47221447e+02,5.52671790e-02,1.25010511e-01,2.24503152e+01,-1.19062049e-03,-1.56705975e-03,1.44476581e-01,-9.88270242e-02,4.37594211e-02,-1.98890300e-03,1.37909167e-03,-7.96120807e-04
4.14000000e+02,1.69675252e+02,5.74422184e-02,1.23543406e-01,1.43216569e-01,-9.81558404e-02,4.44129645e-02,1.47226089e+02,5.83721262e-02,1.25143716e-01,2.24491623e+01,-9.29907805e-04,-1.60030976e-03,1.45205181e-01,-9.94407703e-02,4.51440425e-02,-1.98861227e-03,1.28492990e-03,-7.31078061e-04
4.15000000e+02,1.69662776e+02,5.87522220e-02,1.24109166e-01,1.43518937e-01,-9.83612809e-02,4.56614755e-02,1.47216586e+02,5.99250945e-02,1.25690862e-01,2.24461904e+01,-1.17287257e-03,-1.58169658e-03,1.45546332e-01,-9.97273577e-02,4.64543018e-02,-2.02739504e-03,1.36607679e-03,-7.92826294e-04
4.16000000e+02,1.69665206e+02,6.00407694e-02,1.23718888e-01,1.44206761e-01,-9.90890661e-02,4.64404782e-02,1.47219974e+02,6.10177398e-02,1.25327001e-01,2.24452315e+01,-9.76970424e-04,-1.60811299e-03,1.46232319e-01,-1.00378312e-01,4.71906837e-02,-2.02555799e-03,1.28924615e-03,-7.50205579e-04
4.17000000e+02,1.69651843e+02,5.86372217e-02,1.25669297e-01,1.44534906e-01,-9.90556388e-02,4.67892996e-02,1.47209360e+02,5.98413608e-02,1.27234220e-01,2.24424830e+01,-1.20413907e-03,-1.56492327e-03,1.46599067e-01,-1.00425688e-01,4.75954834e-02,-2.06416093e-03,1.37004893e-03,-8.06183742e-04
4.18000000e+02,1.69655710e+02,6.21327270e-02,1.26140842e-01,1.45135193e-01,-1.00029516e-01,4.82680945e-02,1.47213910e+02,6.30687473e-02,1.27743087e-01,2.24418006e+01,-9.36020303e-04,-1.60224447e-03,1.47199596e-01,-1.01310282e-01,4.90096888e-02,-2.06440269e-03,1.28076569e-03,-7.41594299e-04
4.19000000e+02,1.69643796e+02,6.31332206e-02,1.27068779e-01,1.45387210e-01,-1.00523686e-01,4.93200267e-02,1.47204503e+02,6.43156535e-02,1.28666339e-01,2.24392921e+01,-1.18243287e-03,-1.59756007e-03,1.47490190e-01,-1.01894200e-01,5.01239512e-02,-2.10298060e-03,1.37051389e-03,-8.03924501e-04
4.20000000e+02,1.69646719e+02,6.46260683e-02,1.26370443e-01,1.46058508e-01,-1.01113109e-01,5.01552518e-02,1.47207928e+02,6.56048715e-02,1.28005429e-01,2.24387904e+01,-9.78803194e-04,-1.63498555e-03,1.48159623e-01,-1.02412551e-01,5.09155324e-02,-2.10111592e-03,1.29944133e-03,-7.60280569e-04
4.21000000e+02,1.69634103e+02,6.35839801e-02,1.28465506e-01,1.46408533e-01,-1.01239114e-01,5.06296395e-02,1.47197611e+02,6.47864169e-02,1.30062697e-01,2.24364918e+01,-1.20243680e-03,-1.59719140e-03,1.48548364e-01,-1.02624931e-01,5.14451054e-02,-2.13983158e-03,1.38581702e-03,-8.15465848e-04
4.22000000e+02,1.69638443e+02,6.69421840e-02,1.28960380e-01,1.47094131e-01,-1.02293780e-01,5.20670103e-02,1.47202189e+02,6.78871844e-02,1.30595934e-01,2.24362538e+01,-9.45000432e-04,-1.63555375e-03,1.49234811e-01,-1.03590017e-01,5.28210936e-02,-2.14067968e-03,1.29623709e-03,-7.54083219e-04
4.23000000e+02,1.69627138e+02,6.78934953e-02,1.29699033e-01,1.47387851e-01,-1.02645066e-01,5.30500005e-02,1.47192945e+02,6.90926258e-02,1.31323209e-01,2.24341923e+01,-1.19913052e-03,-1.62417564e-03,1.49568459e-01,-1.04029289e-01,5.38732862e-02,-2.18060814e-03,1.38422285e-03,-8.23285756e-04
4.24000000e+02,1.69630906e+02,6.91167780e-02,1.29389623e-01,1.48089204e-01,-1.03460065e-01,5.37218889e-02,1.47196779e+02,7.01169867e-02,1.31047798e-01,2.24341274e+01,-1.00020869e-03,-1.65817474e-03,1.50269924e-01,-1.04772130e-01,5.45038885e-02,-2.18071939e-03,1.31206541e-03,-7.81999649e-04
4.25000000e+02,1.69618900e+02,6.75736842e-02,1.31524860e-01,1.48455359e-01,-1.03547650e-01,5.38436972e-02,1.47186651e+02,6.87992548e-02,1.33134099e-01,2.24322490e+01,-1.22557059e-03,-1.60923980e-03,1.50676957e-01,-1.04942943e-01,5.46818457e-02,-2.22159748e-03,1.39529323e-03,-8.38148493e-04
4.26000000e+02,1.69623895e+02,7.11495689e-02,1.32260215e-01,1.49112889e-01,-1.04644589e-01,5.53491775e-02,1.47191478e+02,7.21004139e-02,1.33906073e-01,2.24324162e+01,-9.50844996e-04,-1.64585751e-03,1.51337297e-01,-1.05951615e-01,5.61146544e-02,-2.22440833e-03,1.30702551e-03,-7.65476928e-04
4.27000000e+02,1.69613180e+02,7.22572321e-02,1.33359303e-01,1.49325682e-01,-1.05313977e-01,5.64785432e-02,1.47182425e+02,7.34566012e-02,1.35007020e-01,2.24307551e+01,-1.19936908e-03,-1.64771661e-03,1.51592617e-01,-1.06711128e-01,5.73077128e-02,-2.26693495e-03,1.39715033e-03,-8.29169597e-04
4.28000000e+02,1.69617342e+02,7.33058611e-02,1.33122420e-01,1.49939296e-01,-1.06207301e-01,5.70083650e-02,1.47186245e+02,7.43038037e-02,1.34801237e-01,2.24310972e+01,-9.97942593e-04,-1.67881663e-03,1.52208478e-01,-1.07529546e-01,5.77972947e-02,-2.26918261e-03,1.32224498e-03,-7.88929679e-04
4.29000000e+02,1.69605767e+02,7.16505659e-02,1.35032079e-01,1.50215687e-01,-1.06277111e-01,5.70565006e-02,1.47176129e+02,7.28912407e-02,1.36664830e-01,2.24296381e+01,-1.24067480e-03,-1.63275181e-03,1.52527154e-01,-1.07679157e-01,5.79115319e-02,-2.31146661e-03,1.40204533e-03,-8.55031298e-04
4.30000000e+02,1.69611030e+02,7.44732916e-02,1.35736869e-01,1.50777657e-01,-1.07574676e-01,5.81266491e-02,1.47180809e+02,7.54501143e-02,1.37395507e-01,2.24302210e+01,-9.76822729e-04,-1.65863809e-03,1.53092631e-01,-1.08882220e-01,5.89143917e-02,-2.31497347e-03,1.30754342e-03,-7.87742603e-04
4.31000000e+02,1.69600783e+02,7.52903630e-02,1.37019621e-01,1.50943815e-01,-1.08285645e-01,5.89957080e-02,1.47171802e+02,7.65141823e-02,1.38662392e-01,2.24289814e+01,-1.22381927e-03,-1.64277148e-03,1.53301359e-01,-1.09680493e-01,5.98509504e-02,-2.35754438e-03,1.39484781e-03,-8.55242339e-04
4.32000000e+02,1.69605395e+02,7.60606709e-02,1.37090171e-01,1.51486955e-01,-1.09372376e-01,5.92154541e-02,1.47175668e+02,7.70836864e-02,1.38777496e-01,2.24297279e+01,-1.02301551e-03,-1.68732516e-03,1.53846640e-01,-1.10699492e-01,6.00310109e-02,-2.35968441e-03,1.32711548e-03,-8.15556813e-04
4.33000000e+02,1.69594312e+02,7.43527254e-02,1.39440219e-01,1.51681341e-01,-1.09679054e-01,5.91792600e-02,1.47165640e+02,7.56161681e-02,1.41082724e-01,2.24286721e+01,-1.26344270e-03,-1.64250466e-03,1.54083666e-01,-1.11093905e-01,6.00585529e-02,-2.40232447e-03,1.41485108e-03,-8.79292817e-04
4.34000000e+02,1.69600116e+02,7.70200591e-02,1.40315027e-01,1.52145992e-01,-1.11091945e-01,6.00581066e-02,1.47170457e+02,7.80266517e-02,1.41996729e-01,2.24296593e+01,-1.00659256e-03,-1.68170234e-03,1.54552228e-01,-1.12420432e-01,6.08782492e-02,-2.40623625e-03,1.32848715e-03,-8.20142534e-04
4.35000000e+02,1.69590304e+02,7.74305817e-02,1.41427799e-01,1.52230150e-01,-1.11847066e-01,6.05790852e-02,1.47161472e+02,7.86935846e-02,1.43116284e-01,2.24288318e+01,-1.26300284e-03,-1.68848466e-03,1.54678997e-01,-1.13268838e-01,6.14727586e-02,-2.44884706e-03,1.42177181e-03,-8.93673417e-04
4.36000000e+02,1.69595351e+02,7.79822519e-02,1.41346642e-01,1.52721036e-01,-1.12826599e-01,6.06542065e-02,1.47165361e+02,7.90498551e-02,1.43067359e-01,2.24299905e+01,-1.06760326e-03,-1.72071653e-03,1.55171898e-01,-1.14179775e-01,6.15099666e-02,-2.45086132e-03,1.35317595e-03,-8.55760142e-04
4.37000000e+02,1.69584413e+02,7.60318361e-02,1.43603004e-01,1.52866909e-01,-1.13069071e-01,6.05160834e-02,1.47155049e+02,7.73411212e-02,1.45287524e-01,2.24293638e+01,-1.30928511e-03,-1.68451973e-03,1.55360040e-01,-1.14513773e-01,6.14353745e-02,-2.49313100e-03,1.44470184e-03,-9.19291095e-04
4.38000000e+02,1.69590125e+02,7.88167651e-02,1.44341743e-01,1.53268557e-01,-1.14367334e-01,6.15276922e-02,1.47159350e+02,7.98644931e-02,1.46063562e-01,2.24307744e+01,-1.04772797e-03,-1.72181817e-03,1.55764846e-01,-1.15724967e-01,6.23833501e-02,-2.49628938e-03,1.35763299e-03,-8.55657858e-04
4.39000000e+02,1.69580163e+02,7.95259909e-02,1.45398732e-01,1.53299984e-01,-1.15045801e-01,6.23133603e-02,1.47149793e+02,8.08306074e-02,1.47118380e-01,2.24303708e+01,-1.30461653e-03,-1.71964826e-03,1.55838612e-01,-1.16496095e-01,6.32429106e-02,-2.53862746e-03,1.45029434e-03,-9.29550315e-04
4.40000000e+02,1.69585068e+02,8.02852688e-02,1.45374399e-01,1.53736775e-01,-1.16126083e-01,6.25212781e-02,1.47153102e+02,8.13846456e-02,1.47134645e-01,2.24319654e+01,-1.09937674e-03,-1.76024693e-03,1.56276976e-01,-1.17510095e-01,6.34069740e-02,-2.54020122e-03,1.38401225e-03,-8.85695885e-04
4.41000000e+02,1.69574183e+02,7.85017229e-02,1.47974794e-01,1.53820793e-01,-1.16530253e-01,6.26336266e-02,1.47142412e+02,7.98369932e-02,1.49700969e-01,2.24317719e+01,-1.33527034e-03,-1.72617449e-03,1.56403163e-01,-1.18008909e-01,6.35780440e-02,-2.58237021e-03,1.47865659e-03,-9.44417482e-04
4.42000000e+02,1.69580340e+02,8.17192597e-02,1.49045449e-01,1.54199487e-01,-1.17934410e-01,6.39332026e-02,1.47146710e+02,8.27804229e-02,1.50820382e-01,2.24336307e+01,-1.06116324e-03,-1.77493220e-03,1.56784779e-01,-1.19335655e-01,6.48092918e-02,-2.58529202e-03,1.40124505e-03,-8.76089218e-04
4.43000000e+02,1.69570857e+02,8.25877579e-02,1.49948487e-01,1.54231462e-01,-1.18574310e-01,6.48411328e-02,1.47137183e+02,8.39114808e-02,1.51738947e-01,2.24336738e+01,-1.32372291e-03,-1.79046010e-03,1.56858904e-01,-1.20076014e-01,6.57908654e-02,-2.62744207e-03,1.50170353e-03,-9.49732675e-04
4.44000000e+02,1.69575860e+02,8.36997068e-02,1.49962827e-01,1.54648181e-01,-1.19665189e-01,6.53912884e-02,1.47140166e+02,8.48232433e-02,1.51787737e-01,2.24356940e+01,-1.12353653e-03,-1.82490999e-03,1.57276695e-01,-1.21099370e-01,6.63002395e-02,-2.62851364e-03,1.43418090e-03,-9.08951025e-04
4.45000000e+02,1.69565078e+02,8.21182366e-02,1.52592059e-01,1.54737650e-01,-1.20081006e-01,6.55333044e-02,1.47129150e+02,8.34878685e-02,1.54382878e-01,2.24359274e+01,-1.36963197e-03,-1.79081870e-03,1.57408311e-01,-1.21608568e-01,6.65136891e-02,-2.67066098e-03,1.52756200e-03,-9.80384698e-04
4.46000000e+02,1.69571075e+02,8.50709976e-02,1.53567998e-01,1.55104928e-01,-1.21484585e-01,6.66259615e-02,1.47132882e+02,8.61910438e-02,1.55414202e-01,2.24381936e+01,-1.12004622e-03,-1.84620313e-03,1.57778005e-01,-1.22935964e-01,6.75537867e-02,-2.67307752e-03,1.45137861e-03,-9.27825218e-04
4.47000000e+02,1.69561375e+02,8.59416009e-02,1.54318122e-01,1.55089621e-01,-1.22002411e-01,6.74498079e-02,1.47122727e+02,8.73275758e-02,1.56173433e-01,2.24386479e+01,-1.38597489e-03,-1.85531067e-03,1.57804409e-01,-1.23557227e-01,6.84568526e-02,-2.71478819e-03,1.55481594e-03,-1.00704477e-03
4.48000000e+02,1.69566107e+02,8.67574711e-02,1.54248772e-01,1.55451806e-01,-1.23110387e-01,6.77677575e-02,1.47125036e+02,8.79442861e-02,1.56143808e-01,2.24410709e+01,-1.18681495e-03,-1.89503635e-03,1.58167504e-01,-1.24598721e-01,6.87332981e-02,-2.71569825e-03,1.48833416e-03,-9.65540659e-04
4.49000000e+02,1.69555289e+02,8.51037778e-02,1.56972951e-01,1.55497275e-01,-1.23519681e-01,6.78739105e-02,1.47113574e+02,8.65337980e-02,1.58826361e-01,2.24417150e+01,-1.43002017e-03,-1.85341043e-03,1.58254378e-01,-1.25099261e-01,6.89055071e-02,-2.75710251e-03,1.57958011e-03,-1.03159658e-03
4.50000000e+02,1.69561200e+02,8.85055377e-02,1.58373520e-01,1.55851411e-01,-1.25128899e-01,6.92427320e-02,1.47116815e+02,8.96637392e-02,1.60270353e-01,2.24443848e+01,-1.15820142e-03,-1.89683268e-03,1.58610045e-01,-1.26624904e-01,7.02080891e-02,-2.75863396e-03,1.49600536e-03,-9.65357042e-04
4.51000000e+02,1.69551225e+02,8.95791175e-02,1.59454189e-01,1.55862821e-01,-1.25942496e-01,7.03094961e-02,1.47105995e+02,9.10003255e-02,1.61365956e-01,2.24452309e+01,-1.42120796e-03,-1.91176706e-03,1.58662107e-01,-1.27539340e-01,7.13490210e-02,-2.79928637e-03,1.59684359e-03,-1.03952489e-03
4.52000000e+02,1.69555750e+02,9.07249433e-02,1.59732303e-01,1.56314376e-01,-1.27293532e-01,7.08798020e-02,1.47107695e+02,9.19459962e-02,1.61683030e-01,2.24480547e+01,-1.22105291e-03,-1.95072727e-03,1.59113513e-01,-1.28827519e-01,7.18781486e-02,-2.79913758e-03,1.53398742e-03,-9.98346546e-04
4.53000000e+02,1.69544804e+02,8.91972237e-02,1.62450130e-01,1.56459005e-01,-1.27832028e-01,7.10641732e-02,1.47095706e+02,9.06632916e-02,1.64374059e-01,2.24490978e+01,-1.46606788e-03,-1.92392964e-03,1.59298869e-01,-1.29462295e-01,7.21323359e-02,-2.83986442e-03,1.63026739e-03,-1.06816269e-03
4.54000000e+02,1.69550640e+02,9.24421744e-02,1.63932659e-01,1.56914997e-01,-1.29624458e-01,7.23551048e-02,1.47098460e+02,9.36478689e-02,1.65904526e-01,2.24521801e+01,-1.20569448e-03,-1.97186695e-03,1.59756581e-01,-1.31173134e-01,7.33627916e-02,-2.84158376e-03,1.54867663e-03,-1.00768688e-03
4.55000000e+02,1.69540763e+02,9.34007729e-02,1.65062392e-01,1.56983229e-01,-1.30479668e-01,7.33368231e-02,1.47087313e+02,9.48745025e-02,1.67043643e-01,2.24534499e+01,-1.47372961e-03,-1.98125078e-03,1.59866256e-01,-1.32131547e-01,7.44236519e-02,-2.88302786e-03,1.65187877e-03,-1.08682877e-03
4.56000000e+02,1.69545665e+02,9.43944833e-02,1.65411563e-01,1.57435849e-01,-1.31888566e-01,7.38018188e-02,1.47088970e+02,9.56726384e-02,1.67431443e-01,2.24566952e+01,-1.27815513e-03,-2.01988067e-03,1.60319337e-01,-1.33478754e-01,7.48512876e-02,-2.88348728e-03,1.59018788e-03,-1.04946879e-03
4.57000000e+02,1.69534922e+02,9.28160189e-02,1.68201315e-01,1.57552323e-01,-1.32406585e-01,7.39298706e-02,1.47076766e+02,9.43415042e-02,1.70193741e-01,2.24581561e+01,-1.52548534e-03,-1.99242664e-03,1.60476958e-01,-1.34097353e-01,7.50495154e-02,-2.92463458e-03,1.69076769e-03,-1.11964477e-03
4.58000000e+02,1.69540891e+02,9.58116546e-02,1.69631403e-01,1.57968368e-01,-1.34182324e-01,7.50832366e-02,1.47079261e+02,9.70795534e-02,1.71680050e-01,2.24616296e+01,-1.26789873e-03,-2.04864737e-03,1.60894529e-01,-1.35793720e-01,7.61433562e-02,-2.92616174e-03,1.61139604e-03,-1.06011963e-03
4.59000000e+02,1.69531233e+02,9.66450933e-02,1.71060899e-01,1.58015288e-01,-1.35211002e-01,7.60361345e-02,1.47067950e+02,9.81736433e-02,1.73110936e-01,2.24632826e+01,-1.52855004e-03,-2.05003739e-03,1.60982227e-01,-1.36919552e-01,7.71691174e-02,-2.96693948e-03,1.70855021e-03,-1.13298293e-03
4.60000000e+02,1.69535951e+02,9.77319192e-02,1.71861812e-01,1.58467677e-01,-1.36957772e-01,7.65740902e-02,1.47069051e+02,9.90545802e-02,1.73945409e-01,2.24669001e+01,-1.32266096e-03,-2.08359738e-03,1.61434262e-01,-1.38597192e-01,7.76653774e-02,-2.96658505e-03,1.63942019e-03,-1.09128723e-03
4.61000000e+02,1.69525136e+02,9.65079784e-02,1.75051092e-01,1.58595750e-01,-1.37965008e-01,7.69316176e-02,1.47056399e+02,9.80834424e-02,1.77107919e-01,2.24687371e+01,-1.57546402e-03,-2.05682760e-03,1.61602879e-01,-1.39702022e-01,7.80935931e-02,-3.00712902e-03,1.73701323e-03,-1.16197550e-03
4.62000000e+02,1.69531059e+02,9.96682468e-02,1.76737544e-01,1.59013061e-01,-1.40029790e-01,7.82200839e-02,1.47058464e+02,1.00987734e-01,1.78851854e-01,2.24725948e+01,-1.31948730e-03,-2.11430965e-03,1.62021293e-01,-1.41689756e-01,7.93219836e-02,-3.00823119e-03,1.65996613e-03,-1.10189974e-03
4.63000000e+02,1.69521657e+02,1.00742688e-01,1.78600017e-01,1.59028010e-01,-1.41393591e-01,7.92689802e-02,1.47047010e+02,1.02319260e-01,1.80715288e-01,2.24746471e+01,-1.57657242e-03,-2.11527146e-03,1.62076983e-01,-1.43152473e-01,8.04484397e-02,-3.04897260e-03,1.75888182e-03,-1.17945946e-03
4.64000000e+02,1.69526818e+02,1.01390161e-01,1.79831495e-01,1.59433000e-01,-1.43435810e-01,7.95103047e-02,1.47048158e+02,1.02772550e-01,1.81982843e-01,2.24786602e+01,-1.38238912e-03,-2.15134748e-03,1.62481519e-01,-1.45128894e-01,8.06507605e-02,-3.04851860e-03,1.69308372e-03,-1.14045573e-03
4.65000000e+02,1.69516187e+02,9.96692867e-02,1.83478904e-01,1.59534715e-01,-1.44729565e-01,7.96471785e-02,1.47035292e+02,1.01297910e-01,1.85603253e-01,2.24808957e+01,-1.62862342e-03,-2.12434899e-03,1.62623346e-01,-1.46521882e-01,8.08542666e-02,-3.08863107e-03,1.79231697e-03,-1.20708814e-03
4.66000000e+02,1.69522310e+02,1.03193565e-01,1.85399018e-01,1.59955818e-01,-1.46900764e-01,8.10835481e-02,1.47037162e+02,1.04545636e-01,1.87573061e-01,2.24851477e+01,-1.35207178e-03,-2.17404288e-03,1.63044864e-01,-1.48616124e-01,8.22228920e-02,-3.08904621e-03,1.71535924e-03,-1.13934385e-03
4.67000000e+02,1.69512787e+02,1.04553351e-01,1.87321957e-01,1.60044803e-01,-1.48251315e-01,8.23467250e-02,1.47025204e+02,1.06169225e-01,1.89511138e-01,2.24875838e+01,-1.61587427e-03,-2.18918152e-03,1.63174042e-01,-1.50069861e-01,8.35620517e-02,-3.12923848e-03,1.81854522e-03,-1.21532668e-03
4.68000000e+02,1.69517662e+02,1.05837657e-01,1.88511470e-01,1.60549595e-01,-1.50230513e-01,8.30250316e-02,1.47025689e+02,1.07263974e-01,1.90737660e-01,2.24919733e+01,-1.42631665e-03,-2.22619022e-03,1.63678114e-01,-1.51983325e-01,8.42050849e-02,-3.12851841e-03,1.75281169e-03,-1.18005327e-03
4.69000000e+02,1.69506770e+02,1.04230491e-01,1.91773384e-01,1.60741108e-01,-1.51338164e-01,8.32750122e-02,1.47012204e+02,1.05909446e-01,1.93978213e-01,2.24945654e+01,-1.67895567e-03,-2.20482905e-03,1.63909991e-01,-1.53190462e-01,8.45252798e-02,-3.16888352e-03,1.85229769e-03,-1.25026759e-03
4.70000000e+02,1.69512451e+02,1.07408618e-01,1.93426014e-01,1.61226084e-01,-1.53316127e-01,8.45503530e-02,1.47013275e+02,1.08823133e-01,1.95681466e-01,2.24991766e+01,-1.41451531e-03,-2.25545202e-03,1.64396124e-01,-1.55093699e-01,8.57415497e-02,-3.17004007e-03,1.77757235e-03,-1.19119664e-03
4.71000000e+02,1.69502658e+02,1.08765630e-01,1.95294574e-01,1.61350052e-01,-1.54540962e-01,8.56849735e-02,1.47000685e+02,1.10435377e-01,1.97556573e-01,2.25019730e+01,-1.66974636e-03,-2.26199862e-03,1.64560820e-01,-1.56420962e-01,8.69536598e-02,-3.21076820e-03,1.87999993e-03,-1.26868634e-03
4.72000000e+02,1.69507185e+02,1.10259223e-01,1.96176927e-01,1.61833134e-01,-1.56277286e-01,8.65067610e-02,1.47000462e+02,1.11740046e-01,1.98489567e-01,2.25067229e+01,-1.48082356e-03,-2.31264031e-03,1.65043547e-01,-1.58096882e-01,8.77374696e-02,-3.21041271e-03,1.81959586e-03,-1.23070866e-03
4.73000000e+02,1.69496002e+02,1.09153017e-01,1.99258334e-01,1.61988744e-01,-1.57062848e-01,8.70285879e-02,1.46986315e+02,1.10892398e-01,2.01551854e-01,2.25096868e+01,-1.73938074e-03,-2.29352000e-03,1.65239683e-01,-1.58989670e-01,8.83319902e-02,-3.25093859e-03,1.92682206e-03,-1.30340228e-03
4.74000000e+02,1.69501383e+02,1.12418733e-01,2.00757271e-01,1.62443623e-01,-1.58809484e-01,8.83400634e-02,1.46986726e+02,1.13896900e-01,2.03110852e-01,2.25146571e+01,-1.47816733e-03,-2.35358027e-03,1.65695026e-01,-1.60666430e-01,8.95860498e-02,-3.25140297e-03,1.85694618e-03,-1.24598636e-03
4.75000000e+02,1.69491213e+02,1.13578089e-01,2.01693391e-01,1.62531800e-01,-1.59495037e-01,8.93067606e-02,1.46973409e+02,1.15314147e-01,2.04070332e-01,2.25178032e+01,-1.73605769e-03,-2.37694093e-03,1.65823284e-01,-1.61458580e-01,9.06300581e-02,-3.29148414e-03,1.96354304e-03,-1.32329749e-03
4.76000000e+02,1.69495195e+02,1.14581730e-01,2.01708776e-01,1.62981134e-01,-1.60660335e-01,8.98365194e-02,1.46972309e+02,1.16137216e-01,2.04133225e-01,2.25228855e+01,-1.55548589e-03,-2.42444871e-03,1.66271548e-01,-1.62562944e-01,9.11272282e-02,-3.29041438e-03,1.90260888e-03,-1.29070875e-03
4.77000000e+02,1.69483489e+02,1.12581144e-01,2.04062870e-01,1.63118778e-01,-1.60965891e-01,8.98050942e-02,1.46957320e+02,1.14395672e-01,2.06454792e-01,2.25261686e+01,-1.81452809e-03,-2.39192178e-03,1.66449295e-01,-1.62962815e-01,9.11696428e-02,-3.33051616e-03,1.99692420e-03,-1.36454854e-03
4.78000000e+02,1.69488383e+02,1.15601730e-01,2.05217988e-01,1.63561763e-01,-1.62515601e-01,9.08499895e-02,1.46956934e+02,1.17151541e-01,2.07653637e-01,2.25314496e+01,-1.54981123e-03,-2.43564860e-03,1.66892494e-01,-1.64431222e-01,9.21567957e-02,-3.33073130e-03,1.91562057e-03,-1.30680620e-03
4.79000000e+02,1.69477999e+02,1.16274907e-01,2.06408021e-01,1.63617697e-01,-1.63327867e-01,9.14474062e-02,1.46943092e+02,1.18082059e-01,2.08855286e-01,2.25349072e+01,-1.80715146e-03,-2.44726440e-03,1.66988306e-01,-1.65346598e-01,9.28307911e-02,-3.37060923e-03,2.01873073e-03,-1.38338486e-03
4.80000000e+02,1.69482128e+02,1.16669517e-01,2.06433949e-01,1.64056231e-01,-1.64514479e-01,9.15277614e-02,1.46941833e+02,1.18285271e-01,2.08932101e-01,2.25402941e+01,-1.61575367e-03,-2.49815152e-03,1.67425667e-01,-1.66473174e-01,9.28706641e-02,-3.36943525e-03,1.95869535e-03,-1.34290268e-03
4.81000000e+02,1.69470428e+02,1.14565678e-01,2.08753999e-01,1.64164873e-01,-1.64707388e-01,9.14155374e-02,1.46926539e+02,1.16427338e-01,2.11222001e-01,2.25438891e+01,-1.86166006e-03,-2.46800216e-03,1.67574427e-01,-1.66764863e-01,9.28224764e-02,-3.40955374e-03,2.05747469e-03,-1.40693902e-03
4.82000000e+02,1.69475238e+02,1.17620009e-01,2.09644808e-01,1.64563550e-01,-1.65955357e-01,9.23473635e-02,1.46925755e+02,1.19202213e-01,2.12158908e-01,2.25494821e+01,-1.58220380e-03,-2.51410037e-03,1.67973489e-01,-1.67934369e-01,9.36891340e-02,-3.40993950e-03,1.97901150e-03,-1.34177054e-03
4.83000000e+02,1.69464818e+02,1.18147731e-01,2.10400897e-01,1.64566638e-01,-1.66491833e-01,9.29035965e-02,1.46911552e+02,1.19996581e-01,2.12925776e-01,2.25532661e+01,-1.84885041e-03,-2.52487904e-03,1.68016794e-01,-1.68566946e-01,9.43204597e-02,-3.45015621e-03,2.07511302e-03,-1.41686324e-03
4.84000000e+02,1.69468422e+02,1.18482290e-01,2.10273275e-01,1.64921084e-01,-1.67606349e-01,9.29684528e-02,1.46909421e+02,1.20132641e-01,2.12838906e-01,2.25590014e+01,-1.65035084e-03,-2.56563078e-03,1.68370364e-01,-1.69615269e-01,9.43429056e-02,-3.44928058e-03,2.00892019e-03,-1.37445277e-03
4.85000000e+02,1.69456384e+02,1.16228140e-01,2.12316755e-01,1.64929197e-01,-1.67650954e-01,9.27249610e-02,1.46893424e+02,1.18122526e-01,2.14849113e-01,2.25629606e+01,-1.89438581e-03,-2.53235809e-03,1.68418338e-01,-1.69753840e-01,9.41634058e-02,-3.48914128e-03,2.10288555e-03,-1.43844484e-03
4.86000000e+02,1.69461100e+02,1.18709791e-01,2.13033433e-01,1.65218065e-01,-1.68772548e-01,9.33204587e-02,1.46892167e+02,1.20330020e-01,2.15608234e-01,2.25689329e+01,-1.62022890e-03,-2.57480021e-03,1.68706789e-01,-1.70793231e-01,9.46934418e-02,-3.48872343e-03,2.02068294e-03,-1.37298311e-03
4.87000000e+02,1.69450167e+02,1.19175300e-01,2.13759392e-01,1.65145060e-01,-1.69195385e-01,9.36983584e-02,1.46877078e+02,1.21047096e-01,2.16334543e-01,2.25730886e+01,-1.87179607e-03,-2.57515093e-03,1.68672773e-01,-1.71310560e-01,9.51447513e-02,-3.52771284e-03,2.11517480e-03,-1.44639292e-03
4.88000000e+02,1.69453675e+02,1.19287553e-01,2.13514789e-01,1.65472271e-01,-1.70198051e-01,9.35915165e-02,1.46874487e+02,1.20964837e-01,2.16130368e-01,2.25791883e+01,-1.67728425e-03,-2.61557907e-03,1.68997715e-01,-1.72246890e-01,9.49934063e-02,-3.52544380e-03,2.04883860e-03,-1.40188987e-03
4.89000000e+02,1.69441673e+02,1.16580201e-01,2.15822237e-01,1.65477226e-01,-1.70343735e-01,9.30867685e-02,1.46858183e+02,1.18503148e-01,2.18402647e-01,2.25834898e+01,-1.92294726e-03,-2.58041060e-03,1.69041328e-01,-1.72485159e-01,9.45513557e-02,-3.56410246e-03,2.14142395e-03,-1.46458717e-03
4.90000000e+02,1.69446191e+02,1.19169469e-01,2.16475035e-01,1.65755464e-01,-1.71340897e-01,9.37416337e-02,1.46856450e+02,1.20810372e-01,2.19097889e-01,2.25897411e+01,-1.64090327e-03,-2.62285401e-03,1.69318357e-01,-1.73400255e-01,9.51363126e-02,-3.56289311e-03,2.05935769e-03,-1.39467893e-03
4.91000000e+02,1.69435173e+02,1.19322646e-01,2.17061298e-01,1.65644253e-01,-1.71726611e-01,9.39667678e-02,1.46840971e+02,1.21216343e-01,2.19690743e-01,2.25942013e+01,-1.89369700e-03,-2.62944493e-03,1.69246024e-01,-1.73878943e-01,9.54311481e-02,-3.60177159e-03,2.15233115e-03,-1.46438030e-03
4.92000000e+02,1.69438606e+02,1.19430933e-01,2.16752661e-01,1.65910607e-01,-1.72648392e-01,9.38125982e-02,1.46838000e+02,1.21117180e-01,2.19412479e-01,2.26006060e+01,-1.68624735e-03,-2.65981795e-03,1.69509717e-01,-1.74729451e-01,9.52267223e-02,-3.59910970e-03,2.08105858e-03,-1.41412414e-03
4.93000000e+02,1.69426237e+02,1.17018454e-01,2.18955854e-01,1.65870681e-01,-1.72677017e-01,9.34596234e-02,1.46821024e+02,1.18946464e-01,2.21582374e-01,2.26052125e+01,-1.92801064e-03,-2.62651934e-03,1.69508415e-01,-1.74851362e-01,9.49360058e-02,-3.63773417e-03,2.17434508e-03,-1.47638241e-03
4.94000000e+02,1.69430612e+02,1.19267766e-01,2.19447009e-01,1.66116688e-01,-1.73619179e-01,9.38910345e-02,1.46818868e+02,1.20921185e-01,2.22128762e-01,2.26117444e+01,-1.65341839e-03,-2.68175298e-03,1.69753061e-01,-1.75715425e-01,9.53002532e-02,-3.63637321e-03,2.09624601e-03,-1.40921865e-03
4.95000000e+02,1.69419415e+02,1.19041750e-01,2.19426040e-01,1.66026528e-01,-1.73560224e-01,9.38368780e-02,1.46802965e+02,1.20950703e-01,2.22115937e-01,2.26164497e+01,-1.90895328e-03,-2.68989663e-03,1.69701284e-01,-1.75753964e-01,9.53178700e-02,-3.67475643e-03,2.19374003e-03,-1.48099194e-03
4.96000000e+02,1.69422364e+02,1.18407681e-01,2.18422676e-01,1.66333410e-01,-1.74025309e-01,9.31213082e-02,1.46799275e+02,1.20110433e-01,2.21148958e-01,2.26230894e+01,-1.70275133e-03,-2.72628142e-03,1.70005071e-01,-1.76150046e-01,9.45533333e-02,-3.67166104e-03,2.12473684e-03,-1.43202511e-03
4.97000000e+02,1.69409826e+02,1.15514963e-01,2.20234269e-01,1.66328746e-01,-1.73792190e-01,9.23449370e-02,1.46781881e+02,1.17451459e-01,2.22913234e-01,2.26279447e+01,-1.93649564e-03,-2.67896527e-03,1.70038586e-01,-1.76002711e-01,9.38327510e-02,-3.70984005e-03,2.21052111e-03,-1.48781403e-03
4.98000000e+02,1.69413775e+02,1.17839480e-01,2.20715964e-01,1.66611042e-01,-1.74629194e-01,9.28822067e-02,1.46779008e+02,1.19488327e-01,2.23429415e-01,2.26347672e+01,-1.64884689e-03,-2.71345125e-03,1.70318531e-01,-1.76750947e-01,9.42906913e-02,-3.70748937e-03,2.12175277e-03,-1.40848461e-03
4.99000000e+02,1.69402014e+02,1.18056985e-01,2.20686464e-01,1.66554863e-01,-1.74505562e-01,9.31747215e-02,1.46762268e+02,1.19946282e-01,2.23404691e-01,2.26397457e+01,-1.88929644e-03,-2.71822728e-03,1.70300256e-01,-1.76720763e-01,9.46451334e-02,-3.74539328e-03,2.21520070e-03,-1.47041191e-03
5.00000000e+02,1.69404591e+02,1.18329444e-01,2.19578458e-01,1.66878073e-01,-1.74875242e-01,9.29950700e-02,1.46757909e+02,1.20001602e-01,2.22333218e-01,2.26466815e+01,-1.67215754e-03,-2.75475999e-03,1.70620344e-01,-1.77018812e-01,9.44119885e-02,-3.74227104e-03,2.14357008e-03,-1.41691845e-03
5.01000000e+02,1.69391667e+02,1.15357534e-01,2.20964123e-01,1.66885390e-01,-1.74420606e-01,9.22195676e-02,1.46739852e+02,1.17276599e-01,2.23685988e-01,2.26518150e+01,-1.91906535e-03,-2.72186490e-03,1.70665542e-01,-1.76656240e-01,9.36956081e-02,-3.78015149e-03,2.23563390e-03,-1.47604050e-03
5.02000000e+02,1.69395556e+02,1.17492906e-01,2.20854343e-01,1.67201601e-01,-1.74918200e-01,9.26185976e-02,1.46736623e+02,1.19120752e-01,2.23615908e-01,2.26589333e+01,-1.62784608e-03,-2.76156471e-03,1.70979416e-01,-1.77067096e-01,9.40161388e-02,-3.77781503e-03,2.14889566e-03,-1.39754123e-03
5.03000000e+02,1.69383664e+02,1.17632527e-01,2.20635169e-01,1.67140761e-01,-1.74667295e-01,9.27761994e-02,1.46719402e+02,1.19501895e-01,2.23388951e-01,2.26642616e+01,-1.86936796e-03,-2.75378205e-03,1.70956607e-01,-1.76903846e-01,9.42376591e-02,-3.81584585e-03,2.23655161e-03,-1.46145965e-03
5.04000000e+02,1.69386292e+02,1.17622775e-01,2.19493326e-01,1.67473597e-01,-1.74938514e-01,9.24560652e-02,1.46714815e+02,1.19283313e-01,2.22268095e-01,2.26714769e+01,-1.66053847e-03,-2.77476886e-03,1.71285683e-01,-1.77099487e-01,9.38647969e-02,-3.81208629e-03,2.16097360e-03,-1.40873174e-03
5.05000000e+02,1.69373194e+02,1.14832865e-01,2.20918836e-01,1.67451336e-01,-1.74353578e-01,9.17404997e-02,1.46696297e+02,1.16728372e-01,2.23653436e-01,2.26768976e+01,-1.89550695e-03,-2.73460056e-03,1.71301243e-01,-1.76601956e-01,9.32062606e-02,-3.84990721e-03,2.24837848e-03,-1.46576088e-03
5.06000000e+02,1.69376735e+02,1.16766010e-01,2.20904782e-01,1.67728998e-01,-1.74768349e-01,9.19749950e-02,1.46692450e+02,1.18375444e-01,2.23674177e-01,2.26842845e+01,-1.60943359e-03,-2.76939459e-03,1.71576856e-01,-1.76927689e-01,9.33632634e-02,-3.84785804e-03,2.15933999e-03,-1.38826848e-03
5.07000000e+02,1.69364516e+02,1.16571906e-01,2.20466806e-01,1.67620471e-01,-1.74286080e-01,9.19702899e-02,1.46674695e+02,1.18431408e-01,2.23236479e-01,2.26898217e+01,-1.85950229e-03,-2.76967243e-03,1.71506270e-01,-1.76532753e-01,9.34242541e-02,-3.88579929e-03,2.24667277e-03,-1.45396428e-03
5.08000000e+02,1.69366559e+02,1.16345416e-01,2.19030931e-01,1.67887755e-01,-1.74335198e-01,9.14545464e-02,1.46669316e+02,1.17987054e-01,2.21831045e-01,2.26972431e+01,-1.64163838e-03,-2.80011454e-03,1.71769992e-01,-1.76507883e-01,9.28522855e-02,-3.88223677e-03,2.17268505e-03,-1.39773906e-03
5.09000000e+02,1.69353084e+02,1.13318578e-01,2.19885484e-01,1.67812420e-01,-1.73409227e-01,9.06123460e-02,1.46650235e+02,1.15191034e-01,2.22652631e-01,2.27028482e+01,-1.87245628e-03,-2.76714643e-03,1.71732511e-01,-1.75672171e-01,9.20633921e-02,-3.92009014e-03,2.26294439e-03,-1.45104616e-03
5.10000000e+02,1.69356433e+02,1.15187082e-01,2.19205453e-01,1.68026210e-01,-1.73512270e-01,9.08052269e-02,1.46645995e+02,1.16764081e-01,2.22009428e-01,2.27104377e+01,-1.57699879e-03,-2.80397492e-03,1.71943959e-01,-1.75686045e-01,9.21715536e-02,-3.91774925e-03,2.17377548e-03,-1.36632673e-03
5.11000000e+02,1.69344242e+02,1.15594272e-01,2.18460919e-01,1.67856318e-01,-1.72796623e-01,9.11001678e-02,1.46628016e+02,1.17405350e-01,2.21248953e-01,2.27162262e+01,-1.81107812e-03,-2.78803393e-03,1.71811422e-01,-1.75053059e-01,9.25260757e-02,-3.95510414e-03,2.25643573e-03,-1.42590785e-03
5.12000000e+02,1.69346567e+02,1.15583655e-01,2.16771378e-01,1.68067293e-01,-1.72636760e-01,9.06773399e-02,1.46622652e+02,1.17179705e-01,2.19579175e-01,2.27239151e+01,-1.59605034e-03,-2.80779766e-03,1.72018021e-01,-1.74812174e-01,9.20477448e-02,-3.95072784e-03,2.17541336e-03,-1.37040487e-03
5.13000000e+02,1.69333278e+02,1.12494151e-01,2.17590987e-01,1.67943939e-01,-1.71695380e-01,8.98446004e-02,1.46603474e+02,1.14337629e-01,2.20348780e-01,2.27298036e+01,-1.84347755e-03,-2.75779321e-03,1.71931050e-01,-1.73950179e-01,9.12753726e-02,-3.98711119e-03,2.25479929e-03,-1.43077220e-03
5.14000000e+02,1.69336359e+02,1.14245959e-01,2.17083985e-01,1.68108878e-01,-1.71877400e-01,8.98303844e-02,1.46598681e+02,1.15795610e-01,2.19869011e-01,2.27376775e+01,-1.54965146e-03,-2.78502579e-03,1.72092203e-01,-1.74037735e-01,9.11836998e-02,-3.98332502e-03,2.16033430e-03,-1.35331537e-03
5.15000000e+02,1.69323945e+02,1.13986518e-01,2.16552207e-01,1.67897889e-01,-1.71288080e-01,8.96664548e-02,1.46580211e+02,1.15788199e-01,2.19326416e-01,2.27437343e+01,-1.80168184e-03,-2.77420939e-03,1.71917143e-01,-1.73529329e-01,9.10843525e-02,-4.01925384e-03,2.24124866e-03,-1.41789772e-03
5.16000000e+02,1.69325714e+02,1.13400418e-01,2.14923902e-01,1.68091745e-01,-1.71197976e-01,8.89335582e-02,1.46574020e+02,1.14989109e-01,2.17719463e-01,2.27516935e+01,-1.58869049e-03,-2.79556100e-03,1.72105158e-01,-1.73359919e-01,9.02949325e-02,-4.01341245e-03,2.16194260e-03,-1.36137428e-03
5.17000000e+02,1.69311863e+02,1.09986072e-01,2.15745321e-01,1.67986407e-01,-1.70320408e-01,8.78469028e-02,1.46553995e+02,1.11811127e-01,2.18492124e-01,2.27578678e+01,-1.82505521e-03,-2.74680305e-03,1.72035282e-01,-1.72561195e-01,8.92628558e-02,-4.04887460e-03,2.24078686e-03,-1.41595299e-03
5.18000000e+02,1.69314690e+02,1.11785686e-01,2.15213414e-01,1.68206920e-01,-1.70404093e-01,8.79711503e-02,1.46548696e+02,1.13306155e-01,2.17984677e-01,2.27659941e+01,-1.52046911e-03,-2.77126365e-03,1.72251167e-01,-1.72549536e-01,8.92980153e-02,-4.04424639e-03,2.14544355e-03,-1.32686494e-03
5.19000000e+02,1.69301911e+02,1.11520228e-01,2.14585140e-01,1.68092217e-01,-1.69734634e-01,8.78484413e-02,1.46529611e+02,1.13279263e-01,2.17341771e-01,2.27722996e+01,-1.75903444e-03,-2.75663069e-03,1.72171474e-01,-1.71961176e-01,8.92358629e-02,-4.07925691e-03,2.22654198e-03,-1.38742163e-03
5.20000000e+02,1.69303488e+02,1.10715500e-01,2.12876592e-01,1.68388101e-01,-1.69531880e-01,8.69307037e-02,1.46522982e+02,1.12257015e-01,2.15657896e-01,2.27805062e+01,-1.54151509e-03,-2.78130365e-03,1.72461146e-01,-1.71679221e-01,8.82603508e-02,-4.07304437e-03,2.14734112e-03,-1.32964710e-03
5.21000000e+02,1.69289446e+02,1.07460923e-01,2.13682603e-01,1.68365486e-01,-1.68515937e-01,8.58905150e-02,1.46502533e+02,1.09233144e-01,2.16409470e-01,2.27869136e+01,-1.77222093e-03,-2.72686755e-03,1.72473593e-01,-1.70742810e-01,8.72720428e-02,-4.10810630e-03,2.22687247e-03,-1.38152780e-03
5.22000000e+02,1.69292197e+02,1.09195215e-01,2.13033636e-01,1.68652873e-01,-1.68434779e-01,8.59286960e-02,1.46496933e+02,1.10669663e-01,2.15786786e-01,2.27952644e+01,-1.47444840e-03,-2.75315029e-03,1.72756235e-01,-1.70567700e-01,8.72253660e-02,-4.10336287e-03,2.13292120e-03,-1.29667005e-03
5.23000000e+02,1.69279561e+02,1.08813790e-01,2.11980476e-01,1.68566014e-01,-1.67353212e-01,8.57222214e-02,1.46477774e+02,1.10534059e-01,2.14728349e-01,2.28017872e+01,-1.72026915e-03,-2.74787322e-03,1.72704549e-01,-1.69570165e-01,8.70802531e-02,-4.13853471e-03,2.21695328e-03,-1.35803168e-03
5.24000000e+02,1.69281137e+02,1.07992672e-01,2.09576866e-01,1.68843786e-01,-1.66689774e-01,8.48378855e-02,1.46470933e+02,1.09493361e-01,2.12352927e-01,2.28102044e+01,-1.50068898e-03,-2.77606163e-03,1.72976483e-01,-1.68830642e-01,8.61344715e-02,-4.13269787e-03,2.14086790e-03,-1.29658603e-03
5.25000000e+02,1.69267057e+02,1.04668812e-01,2.09670174e-01,1.68777232e-01,-1.65213689e-01,8.37950773e-02,1.46450238e+02,1.06397970e-01,2.12394377e-01,2.28168189e+01,-1.72915800e-03,-2.72420205e-03,1.72945027e-01,-1.67430897e-01,8.51428144e-02,-4.16779486e-03,2.21720781e-03,-1.34773701e-03
5.26000000e+02,1.69269642e+02,1.06134794e-01,2.08403867e-01,1.69014182e-01,-1.64695932e-01,8.36723249e-02,1.46444266e+02,1.07563480e-01,2.11145123e-01,2.28253761e+01,-1.42868599e-03,-2.74125599e-03,1.73177206e-01,-1.66812950e-01,8.49344043e-02,-4.16302357e-03,2.11701748e-03,-1.26207937e-03
5.27000000e+02,1.69256800e+02,1.05746524e-01,2.07149750e-01,1.68899395e-01,-1.63525755e-01,8.33073914e-02,1.46424704e+02,1.07412621e-01,2.09868570e-01,2.28320958e+01,-1.66609752e-03,-2.71882077e-03,1.73097202e-01,-1.65716786e-01,8.46311760e-02,-4.19780665e-03,2.19103069e-03,-1.32378460e-03
5.28000000e+02,1.69258385e+02,1.04844390e-01,2.04893192e-01,1.69139107e-01,-1.62897488e-01,8.22285128e-02,1.46417681e+02,1.06302836e-01,2.07622526e-01,2.28407036e+01,-1.45844646e-03,-2.72933380e-03,1.73330634e-01,-1.65004062e-01,8.34975543e-02,-4.19152674e-03,2.10657385e-03,-1.26904151e-03
5.29000000e+02,1.69244147e+02,1.00954595e-01,2.04790395e-01,1.69023833e-01,-1.61204227e-01,8.07265362e-02,1.46396636e+02,1.02650158e-01,2.07469602e-01,2.28475115e+01,-1.69556306e-03,-2.67920726e-03,1.73250118e-01,-1.63388070e-01,8.20513847e-02,-4.22628478e-03,2.18384281e-03,-1.32484852e-03
5.30000000e+02,1.69246586e+02,1.02144665e-01,2.03388255e-01,1.69187886e-01,-1.60604081e-01,8.03343075e-02,1.46390325e+02,1.03530656e-01,2.06087782e-01,2.28562603e+01,-1.38599117e-03,-2.69952710e-03,1.73409038e-01,-1.62685465e-01,8.15658048e-02,-4.22115179e-03,2.08138416e-03,-1.23149735e-03
5.31000000e+02,1.69233445e+02,1.01575857e-01,2.01843094e-01,1.68986249e-01,-1.59318832e-01,7.99275834e-02,1.46370273e+02,1.03201079e-01,2.04526864e-01,2.28631728e+01,-1.62522276e-03,-2.68376950e-03,1.73241697e-01,-1.61474611e-01,8.12159067e-02,-4.25544869e-03,2.15577874e-03,-1.28832339e-03
5.32000000e+02,1.69234500e+02,1.00533925e-01,1.99158875e-01,1.69163379e-01,-1.58445542e-01,7.87339754e-02,1.46362529e+02,1.01938447e-01,2.01851081e-01,2.28719706e+01,-1.40452179e-03,-2.69220578e-03,1.73411774e-01,-1.60515985e-01,7.99617602e-02,-4.24839472e-03,2.07044280e-03,-1.22778480e-03
5.33000000e+02,1.69219891e+02,9.65765972e-02,1.98934953e-01,1.68985882e-01,-1.56721058e-01,7.70910083e-02,1.46340927e+02,9.82118086e-02,2.01570817e-01,2.28789646e+01,-1.63521145e-03,-2.63586341e-03,1.73268071e-01,-1.58863481e-01,7.83712710e-02,-4.28218884e-03,2.14242279e-03,-1.28026273e-03
5.34000000e+02,1.69221892e+02,9.77389869e-02,1.97613455e-01,1.69116697e-01,-1.56260278e-01,7.67521812e-02,1.46334003e+02,9.90730872e-02,2.00263392e-01,2.28878894e+01,-1.33410024e-03,-2.64993738e-03,1.73392485e-01,-1.58298677e-01,7.79419552e-02,-4.27578830e-03,2.03839904e-03,-1.18977406e-03
5.35000000e+02,1.69208456e+02,9.71173070e-02,1.96199004e-01,1.68892295e-01,-1.55004599e-01,7.62204824e-02,1.46313472e+02,9.86793426e-02,1.98825678e-01,2.28949833e+01,-1.56203556e-03,-2.62667384e-03,1.73201159e-01,-1.57117445e-01,7.74673117e-02,-4.30886359e-03,2.11284645e-03,-1.24682926e-03
5.36000000e+02,1.69209529e+02,9.61563696e-02,1.92953664e-01,1.69062497e-01,-1.53733210e-01,7.50459610e-02,1.46305582e+02,9.74956703e-02,1.95596893e-01,2.29039476e+01,-1.33930069e-03,-2.64322858e-03,1.73363138e-01,-1.55760356e-01,7.62277014e-02,-4.30064033e-03,2.02714557e-03,-1.18174049e-03
5.37000000e+02,1.69195300e+02,9.23060402e-02,1.92742863e-01,1.68890140e-01,-1.51971567e-01,7.35274069e-02,1.46284163e+02,9.38784591e-02,1.95325573e-01,2.29111368e+01,-1.57241898e-03,-2.58270938e-03,1.73223253e-01,-1.54071302e-01,7.47588906e-02,-4.33311327e-03,2.09973490e-03,-1.23148372e-03
5.38000000e+02,1.69197529e+02,9.32970443e-02,1.91059018e-01,1.69053660e-01,-1.51195701e-01,7.29842104e-02,1.46277255e+02,9.45667530e-02,1.93653249e-01,2.29202741e+01,-1.26970875e-03,-2.59423092e-03,1.73379516e-01,-1.53189931e-01,7.41258256e-02,-4.32585651e-03,1.99422979e-03,-1.14161522e-03
5.39000000e+02,1.69184238e+02,9.22085226e-02,1.89175164e-01,1.68878212e-01,-1.49673546e-01,7.22337097e-02,1.46256685e+02,9.37162915e-02,1.91755722e-01,2.29275537e+01,-1.50776896e-03,-2.58055836e-03,1.73236281e-01,-1.51739627e-01,7.34324251e-02,-4.35806898e-03,2.06608157e-03,-1.19871540e-03
5.40000000e+02,1.69185419e+02,9.09674718e-02,1.86454614e-01,1.69101283e-01,-1.48661482e-01,7.09155102e-02,1.46248680e+02,9.22477876e-02,1.89033380e-01,2.29367390e+01,-1.28031579e-03,-2.57876591e-03,1.73450404e-01,-1.50637181e-01,7.20472913e-02,-4.34912098e-03,1.97569925e-03,-1.13178109e-03
5.41000000e+02,1.69170757e+02,8.69162120e-02,1.86217034e-01,1.69016194e-01,-1.46827620e-01,6.94070564e-02,1.46226650e+02,8.84329524e-02,1.88730673e-01,2.29441073e+01,-1.51674034e-03,-2.51363816e-03,1.73397456e-01,-1.48873061e-01,7.05866342e-02,-4.38126262e-03,2.04544139e-03,-1.17957783e-03
5.42000000e+02,1.69172723e+02,8.77104921e-02,1.84425065e-01,1.69249019e-01,-1.45979043e-01,6.87947633e-02,1.46219304e+02,8.89108101e-02,1.86957408e-01,2.29534185e+01,-1.20031805e-03,-2.53234336e-03,1.73622330e-01,-1.47921536e-01,6.98793140e-02,-4.37331116e-03,1.94249295e-03,-1.08455077e-03
5.43000000e+02,1.69159047e+02,8.69267088e-02,1.82253409e-01,1.69136770e-01,-1.44107403e-01,6.81077379e-02,1.46198151e+02,8.83553028e-02,1.84765422e-01,2.29608955e+01,-1.42859404e-03,-2.51201341e-03,1.73541495e-01,-1.46123975e-01,6.92482194e-02,-4.40472511e-03,2.01657256e-03,-1.14048150e-03
5.44000000e+02,1.69159803e+02,8.56822597e-02,1.79273014e-01,1.69436666e-01,-1.42752620e-01,6.67831827e-02,1.46189531e+02,8.68861375e-02,1.81785590e-01,2.29702720e+01,-1.20387781e-03,-2.51257579e-03,1.73832014e-01,-1.44677505e-01,6.78562568e-02,-4.39534777e-03,1.92488516e-03,-1.07307410e-03
5.45000000e+02,1.69145090e+02,8.16123067e-02,1.78747917e-01,1.69445719e-01,-1.40668571e-01,6.51492999e-02,1.46167249e+02,8.30422562e-02,1.81197108e-01,2.29778415e+01,-1.42994950e-03,-2.44919028e-03,1.73872764e-01,-1.42659774e-01,6.62685509e-02,-4.42704430e-03,1.99120306e-03,-1.11925105e-03
5.46000000e+02,1.69146976e+02,8.25085714e-02,1.76659973e-01,1.69763580e-01,-1.39588845e-01,6.45117860e-02,1.46159637e+02,8.36278611e-02,1.79126233e-01,2.29873387e+01,-1.11928975e-03,-2.46625914e-03,1.74182452e-01,-1.41475821e-01,6.55368233e-02,-4.41887190e-03,1.88697663e-03,-1.02503730e-03
5.47000000e+02,1.69133435e+02,8.12342454e-02,1.74348151e-01,1.69737847e-01,-1.37648889e-01,6.35438978e-02,1.46138429e+02,8.25952812e-02,1.76789609e-01,2.29950069e+01,-1.36103584e-03,-2.44145744e-03,1.74187984e-01,-1.39606325e-01,6.46247874e-02,-4.45013731e-03,1.95743630e-03,-1.08088954e-03
5.48000000e+02,1.69134308e+02,7.97735893e-02,1.71283398e-01,1.70112753e-01,-1.36290027e-01,6.21001926e-02,1.46129766e+02,8.08999169e-02,1.73721118e-01,2.30045424e+01,-1.12632759e-03,-2.43772010e-03,1.74553308e-01,-1.38153291e-01,6.31095020e-02,-4.44055428e-03,1.86326431e-03,-1.00930940e-03
5.49000000e+02,1.69119562e+02,7.54300976e-02,1.70635429e-01,1.70162611e-01,-1.34147478e-01,6.03490844e-02,1.46107274e+02,7.67822465e-02,1.73015264e-01,2.30122878e+01,-1.35214888e-03,-2.37983457e-03,1.74634872e-01,-1.36077533e-01,6.14034362e-02,-4.47226155e-03,1.93005512e-03,-1.05435189e-03
5.50000000e+02,1.69121629e+02,7.61149164e-02,1.68284903e-01,1.70509023e-01,-1.32943834e-01,5.96162912e-02,1.46099688e+02,7.71545490e-02,1.70680590e-01,2.30219410e+01,-1.03963267e-03,-2.39568734e-03,1.74973670e-01,-1.34771145e-01,6.05762269e-02,-4.46464746e-03,1.82731167e-03,-9.59935700e-04
5.51000000e+02,1.69108112e+02,7.50360394e-02,1.65644156e-01,1.70477150e-01,-1.30739111e-01,5.86712121e-02,1.46078355e+02,7.63014302e-02,1.68017424e-01,2.30297570e+01,-1.26539080e-03,-2.37326750e-03,1.74973612e-01,-1.32640774e-01,5.96845532e-02,-4.49646183e-03,1.90166385e-03,-1.01334112e-03
5.52000000e+02,1.69109018e+02,7.37145848e-02,1.62115302e-01,1.70821947e-01,-1.29053339e-01,5.72494407e-02,1.46069584e+02,7.47508345e-02,1.64492824e-01,2.30394342e+01,-1.03624966e-03,-2.37752292e-03,1.75309513e-01,-1.30864851e-01,5.81903161e-02,-4.48756588e-03,1.81151189e-03,-9.40875427e-04
5.53000000e+02,1.69094501e+02,6.95290472e-02,1.60935813e-01,1.70815878e-01,-1.26439049e-01,5.56144910e-02,1.46047188e+02,7.07911794e-02,1.63241969e-01,2.30473132e+01,-1.26213223e-03,-2.30615653e-03,1.75335237e-01,-1.28313204e-01,5.65997034e-02,-4.51935930e-03,1.87415556e-03,-9.85212399e-04
5.54000000e+02,1.69096640e+02,7.04488388e-02,1.58378488e-01,1.71094410e-01,-1.25025282e-01,5.50487883e-02,1.46039529e+02,7.13929769e-02,1.60690709e-01,2.30571110e+01,-9.44138099e-04,-2.31222097e-03,1.75605944e-01,-1.26789385e-01,5.59342122e-02,-4.51153409e-03,1.76410366e-03,-8.85423938e-04
5.55000000e+02,1.69083203e+02,6.95614391e-02,1.55923062e-01,1.71001053e-01,-1.22954311e-01,5.43921070e-02,1.46018130e+02,7.07317336e-02,1.58205443e-01,2.30650736e+01,-1.17029449e-03,-2.28238047e-03,1.75543938e-01,-1.24783029e-01,5.53247360e-02,-4.54288481e-03,1.82871806e-03,-9.32628973e-04
5.56000000e+02,1.69084278e+02,6.88081056e-02,1.52520746e-01,1.71265590e-01,-1.21465747e-01,5.33992579e-02,1.46009359e+02,6.97342106e-02,1.54803533e-01,2.30749187e+01,-9.26104976e-04,-2.28278770e-03,1.75799116e-01,-1.23198779e-01,5.42550887e-02,-4.53352613e-03,1.73303166e-03,-8.55830744e-04
5.57000000e+02,1.69069831e+02,6.52356479e-02,1.51127302e-01,1.71189274e-01,-1.18886649e-01,5.20698423e-02,1.45986896e+02,6.63794911e-02,1.53350934e-01,2.30829346e+01,-1.14384315e-03,-2.22363180e-03,1.75754090e-01,-1.20684233e-01,5.29683347e-02,-4.56481512e-03,1.79758437e-03,-8.98492428e-04
5.58000000e+02,1.69071967e+02,6.67271413e-02,1.48574602e-01,1.71398339e-01,-1.17521731e-01,5.19275889e-02,1.45979099e+02,6.75635163e-02,1.50795448e-01,2.30928679e+01,-8.36375034e-04,-2.22084580e-03,1.75954706e-01,-1.19209385e-01,5.27294660e-02,-4.55636704e-03,1.68765458e-03,-8.01877112e-04
5.59000000e+02,1.69058431e+02,6.62826788e-02,1.46045326e-01,1.71251243e-01,-1.15361745e-01,5.15729093e-02,1.45957496e+02,6.73553055e-02,1.48228135e-01,2.31009356e+01,-1.07262675e-03,-2.18280916e-03,1.75837946e-01,-1.17113480e-01,5.24307717e-02,-4.58670321e-03,1.75173479e-03,-8.57862376e-04
5.60000000e+02,1.69059453e+02,6.52867845e-02,1.42658603e-01,1.71493712e-01,-1.13846699e-01,5.04196200e-02,1.45948599e+02,6.61302581e-02,1.44835215e-01,2.31108542e+01,-8.43473542e-04,-2.17661178e-03,1.76070032e-01,-1.15497015e-01,5.12095754e-02,-4.57632001e-03,1.65031656e-03,-7.89955403e-04
5.61000000e+02,1.69045214e+02,6.17346605e-02,1.41843150e-01,1.71440023e-01,-1.11606970e-01,4.90841775e-02,1.45926197e+02,6.28012379e-02,1.43952670e-01,2.31190172e+01,-1.06657745e-03,-2.10952054e-03,1.76046555e-01,-1.13316570e-01,4.99219791e-02,-4.60653206e-03,1.70959990e-03,-8.37801641e-04
5.62000000e+02,1.69047513e+02,6.31186013e-02,1.39793608e-01,1.71685148e-01,-1.10603449e-01,4.87853831e-02,1.45918455e+02,6.38723985e-02,1.41900180e-01,2.31290581e+01,-7.53797204e-04,-2.10657215e-03,1.76282327e-01,-1.12200355e-01,4.95265269e-02,-4.59717937e-03,1.59690637e-03,-7.41143813e-04
5.63000000e+02,1.69034259e+02,6.23643157e-02,1.37508562e-01,1.71575010e-01,-1.08657658e-01,4.83160866e-02,1.45896979e+02,6.33588247e-02,1.39582451e-01,2.31372802e+01,-9.94508981e-04,-2.07388908e-03,1.76201879e-01,-1.10318974e-01,4.91092940e-02,-4.62686941e-03,1.66131596e-03,-7.93207375e-04
5.64000000e+02,1.69035637e+02,6.15769713e-02,1.34207604e-01,1.71846702e-01,-1.07212330e-01,4.73358796e-02,1.45888265e+02,6.23360828e-02,1.36279304e-01,2.31473722e+01,-7.59111575e-04,-2.07169996e-03,1.76462452e-01,-1.08775384e-01,4.80582847e-02,-4.61575039e-03,1.56305484e-03,-7.22405061e-04
5.65000000e+02,1.69021472e+02,5.77841014e-02,1.33039281e-01,1.71803849e-01,-1.04789424e-01,4.59099326e-02,1.45865806e+02,5.87790126e-02,1.35038057e-01,2.31556661e+01,-9.94911253e-04,-1.99877659e-03,1.76449282e-01,-1.06410500e-01,4.66859290e-02,-4.64543367e-03,1.62107551e-03,-7.75996377e-04
5.66000000e+02,1.69023963e+02,5.87051023e-02,1.30753465e-01,1.72073159e-01,-1.03554690e-01,4.54692691e-02,1.45858087e+02,5.93964781e-02,1.32747447e-01,2.31658761e+01,-6.91375757e-04,-1.99398225e-03,1.76708546e-01,-1.05061396e-01,4.61540167e-02,-4.63538766e-03,1.50670513e-03,-6.84747581e-04
5.67000000e+02,1.69011152e+02,5.75893199e-02,1.28750890e-01,1.71980301e-01,-1.01693861e-01,4.47249946e-02,1.45836892e+02,5.85176620e-02,1.30710151e-01,2.31742597e+01,-9.28342144e-04,-1.95926059e-03,1.76645084e-01,-1.03264445e-01,4.54667492e-02,-4.66478368e-03,1.57058479e-03,-7.41754546e-04
5.68000000e+02,1.69012857e+02,5.65499649e-02,1.25868075e-01,1.72263835e-01,-1.00518294e-01,4.34749665e-02,1.45828367e+02,5.72349861e-02,1.27822808e-01,2.31844893e+01,-6.85021254e-04,-1.95473293e-03,1.76917402e-01,-1.01990020e-01,4.41427523e-02,-4.65356722e-03,1.47172594e-03,-6.67785848e-04
5.69000000e+02,1.68999154e+02,5.28865781e-02,1.24905865e-01,1.72243049e-01,-9.81544716e-02,4.20341649e-02,1.45806235e+02,5.37962136e-02,1.26791074e-01,2.31929189e+01,-9.09635441e-04,-1.88520974e-03,1.76925766e-01,-9.96871194e-02,4.27482617e-02,-4.68271669e-03,1.53264779e-03,-7.14096733e-04
5.70000000e+02,1.69002050e+02,5.40085800e-02,1.22987091e-01,1.72533862e-01,-9.71531212e-02,4.17128279e-02,1.45798779e+02,5.46114000e-02,1.24871702e-01,2.32032713e+01,-6.02819949e-04,-1.88461099e-03,1.77206443e-01,-9.85745800e-02,4.23297763e-02,-4.67258155e-03,1.42145875e-03,-6.16948426e-04
5.71000000e+02,1.68989706e+02,5.33198458e-02,1.20948598e-01,1.72459092e-01,-9.52603726e-02,4.12815733e-02,1.45777933e+02,5.41585364e-02,1.22797781e-01,2.32117725e+01,-8.38690581e-04,-1.84918381e-03,1.77161152e-01,-9.67427321e-02,4.19528973e-02,-4.70206025e-03,1.48235947e-03,-6.71323989e-04
5.72000000e+02,1.68991754e+02,5.26646280e-02,1.17844185e-01,1.72776839e-01,-9.40289827e-02,4.02990129e-02,1.45769626e+02,5.32665990e-02,1.19688045e-01,2.32221279e+01,-6.01971071e-04,-1.84385986e-03,1.77467472e-01,-9.54099789e-02,4.08998884e-02,-4.69063281e-03,1.38099618e-03,-6.00875495e-04
5.73000000e+02,1.68978451e+02,4.90741557e-02,1.16924930e-01,1.72735422e-01,-9.18252116e-02,3.89471747e-02,1.45747747e+02,4.99060145e-02,1.18706595e-01,2.32307036e+01,-8.31858793e-04,-1.78166547e-03,1.77455607e-01,-9.32687349e-02,3.95969857e-02,-4.72018526e-03,1.44352332e-03,-6.49810986e-04
5.74000000e+02,1.68981760e+02,5.03921170e-02,1.14917292e-01,1.72985029e-01,-9.08115471e-02,3.87953561e-02,1.45740570e+02,5.09168618e-02,1.16698326e-01,2.32411897e+01,-5.24744780e-04,-1.78103400e-03,1.77695217e-01,-9.21468543e-02,3.93491594e-02,-4.71018848e-03,1.33530722e-03,-5.53803366e-04
5.75000000e+02,1.68969764e+02,5.00018112e-02,1.12763983e-01,1.72874281e-01,-8.88867432e-02,3.85522416e-02,1.45719921e+02,5.07602841e-02,1.14512011e-01,2.32498433e+01,-7.58472903e-04,-1.74802898e-03,1.77613303e-01,-9.02874642e-02,3.91620870e-02,-4.73902168e-03,1.40072104e-03,-6.09845421e-04
5.76000000e+02,1.68972051e+02,4.92627806e-02,1.09547919e-01,1.73144548e-01,-8.75005606e-02,3.75728456e-02,1.45711720e+02,4.97879623e-02,1.11298664e-01,2.32603304e+01,-5.25181666e-04,-1.75074453e-03,1.77871697e-01,-8.88087360e-02,3.81128783e-02,-4.72714909e-03,1.30817542e-03,-5.40032663e-04
5.77000000e+02,1.68958992e+02,4.58499675e-02,1.08629004e-01,1.73046108e-01,-8.51432732e-02,3.63291210e-02,1.45689994e+02,4.66103231e-02,1.10308662e-01,2.32689974e+01,-7.60355591e-04,-1.67965807e-03,1.77802055e-01,-8.65128362e-02,3.69212987e-02,-4.75594708e-03,1.36956296e-03,-5.92177622e-04
5.78000000e+02,1.68962384e+02,4.75045687e-02,1.06570755e-01,1.73247738e-01,-8.41028919e-02,3.62760255e-02,1.45682772e+02,4.79475192e-02,1.08248019e-01,2.32796117e+01,-4.42950521e-04,-1.67726403e-03,1.77992801e-01,-8.53578344e-02,3.67715207e-02,-4.74506288e-03,1.25494250e-03,-4.95495160e-04
5.79000000e+02,1.68950556e+02,4.69424715e-02,1.04566710e-01,1.73089654e-01,-8.23660869e-02,3.59397396e-02,1.45662167e+02,4.76308183e-02,1.06216471e-01,2.32883894e+01,-6.88346868e-04,-1.64976182e-03,1.77862936e-01,-8.36857377e-02,3.64929987e-02,-4.77328249e-03,1.31965077e-03,-5.53259066e-04
5.80000000e+02,1.68953045e+02,4.60944696e-02,1.01614817e-01,1.73326484e-01,-8.11763482e-02,3.49713727e-02,1.45654032e+02,4.65539901e-02,1.03256059e-01,2.32990137e+01,-4.59520586e-04,-1.64124203e-03,1.78087603e-01,-8.23965410e-02,3.54582491e-02,-4.76111848e-03,1.22019280e-03,-4.86876472e-04
5.81000000e+02,1.68940147e+02,4.23852529e-02,1.00894586e-01,1.73236176e-01,-7.89745088e-02,3.35390979e-02,1.45632291e+02,4.30767876e-02,1.02472194e-01,2.33078557e+01,-6.91534695e-04,-1.57760809e-03,1.78025899e-01,-8.02585109e-02,3.40787064e-02,-4.78972253e-03,1.28400211e-03,-5.39608514e-04
5.82000000e+02,1.68943666e+02,4.37017484e-02,9.85856474e-02,1.73437295e-01,-7.77985471e-02,3.32386578e-02,1.45625078e+02,4.40774589e-02,1.00168919e-01,2.33185883e+01,-3.75710472e-04,-1.58327152e-03,1.78216116e-01,-7.89738827e-02,3.36790144e-02,-4.77882081e-03,1.17533559e-03,-4.40356556e-04
5.83000000e+02,1.68932131e+02,4.29575844e-02,9.62348098e-02,1.73272260e-01,-7.58130171e-02,3.26942457e-02,1.45604643e+02,4.35717581e-02,9.77860686e-02,2.33274885e+01,-6.14173753e-04,-1.55125884e-03,1.78079229e-01,-7.70555774e-02,3.31916501e-02,-4.80696918e-03,1.24256030e-03,-4.97404406e-04
5.84000000e+02,1.68934866e+02,4.20380804e-02,9.32498572e-02,1.73501250e-01,-7.44929628e-02,3.16981473e-02,1.45596638e+02,4.24263445e-02,9.47951916e-02,2.33382284e+01,-3.88264142e-04,-1.54533440e-03,1.78295440e-01,-7.56368933e-02,3.21281406e-02,-4.79418995e-03,1.14393047e-03,-4.29993286e-04
5.85000000e+02,1.68922172e+02,3.81524036e-02,9.25338859e-02,1.73411789e-01,-7.23271981e-02,3.01502959e-02,1.45575001e+02,3.87745695e-02,9.40163396e-02,2.33471707e+01,-6.22165896e-04,-1.48245373e-03,1.78233439e-01,-7.35342318e-02,3.06347904e-02,-4.82165041e-03,1.20703364e-03,-4.84494541e-04
5.86000000e+02,1.68926004e+02,3.92972805e-02,9.02354863e-02,1.73657966e-01,-7.11708331e-02,2.97064443e-02,1.45568017e+02,3.96094781e-02,9.17235284e-02,2.33579865e+01,-3.12197598e-04,-1.48804212e-03,1.78467227e-01,-7.22690920e-02,3.00968978e-02,-4.80926111e-03,1.09825891e-03,-3.90453533e-04
5.87000000e+02,1.68914689e+02,3.84765459e-02,8.76125211e-02,1.73552595e-01,-6.90741371e-02,2.91040507e-02,1.45547733e+02,3.90332928e-02,8.90754234e-02,2.33669566e+01,-5.56746906e-04,-1.46290230e-03,1.78388727e-01,-7.02414633e-02,2.95538285e-02,-4.83613215e-03,1.16732626e-03,-4.49777757e-04
5.88000000e+02,1.68917705e+02,3.71330386e-02,8.45797473e-02,1.73847407e-01,-6.77514436e-02,2.77913148e-02,1.45539952e+02,3.74612874e-02,8.60307636e-02,2.33777530e+01,-3.28248810e-04,-1.45101627e-03,1.78669876e-01,-6.88217125e-02,2.81708272e-02,-4.82246871e-03,1.07026887e-03,-3.79512449e-04
5.89000000e+02,1.68905406e+02,3.32213168e-02,8.38184709e-02,1.73809080e-01,-6.55614775e-02,2.62489128e-02,1.45518661e+02,3.37830762e-02,8.52102912e-02,2.33867445e+01,-5.61759357e-04,-1.39182030e-03,1.78658562e-01,-6.66973785e-02,2.66816060e-02,-4.84948168e-03,1.13590095e-03,-4.32693172e-04
5.90000000e+02,1.68909774e+02,3.42334481e-02,8.14008993e-02,1.74112295e-01,-6.43190331e-02,2.57444614e-02,1.45512143e+02,3.44826640e-02,8.28054075e-02,2.33976315e+01,-2.49215954e-04,-1.40450821e-03,1.78949339e-01,-6.53479682e-02,2.60792998e-02,-4.83704442e-03,1.02893506e-03,-3.34838373e-04
5.91000000e+02,1.68898977e+02,3.34665012e-02,7.89285452e-02,1.74066451e-01,-6.22460834e-02,2.51716293e-02,1.45492305e+02,3.39516115e-02,8.03017993e-02,2.34066723e+01,-4.85110226e-04,-1.37325408e-03,1.78930378e-01,-6.33440470e-02,2.55646308e-02,-4.86392688e-03,1.09796364e-03,-3.93001546e-04
5.92000000e+02,1.68902382e+02,3.24272276e-02,7.57198164e-02,1.74401674e-01,-6.08987981e-02,2.40502859e-02,1.45484819e+02,3.26828468e-02,7.70894337e-02,2.34175631e+01,-2.55619214e-04,-1.36961730e-03,1.79252254e-01,-6.19003791e-02,2.43742067e-02,-4.85058049e-03,1.00158097e-03,-3.23920799e-04
5.93000000e+02,1.68890574e+02,2.83877303e-02,7.49087720e-02,1.74402235e-01,-5.86424856e-02,2.24456539e-02,1.45463935e+02,2.88841027e-02,7.62100805e-02,2.34266399e+01,-4.96372348e-04,-1.30130848e-03,1.79280242e-01,-5.97073489e-02,2.28237630e-02,-4.87800720e-03,1.06486333e-03,-3.78109022e-04
5.94000000e+02,1.68895408e+02,2.96048905e-02,7.25205732e-02,1.74699270e-01,-5.73116772e-02,2.20201851e-02,1.45457817e+02,2.97810932e-02,7.38218132e-02,2.34375908e+01,-1.76202641e-04,-1.30123999e-03,1.79565124e-01,-5.82656418e-02,2.22997477e-02,-4.86585429e-03,9.53964606e-04,-2.79562608e-04
5.95000000e+02,1.68884989e+02,2.89055780e-02,7.01874407e-02,1.74618842e-01,-5.53017428e-02,2.15675957e-02,1.45438283e+02,2.93292939e-02,7.14601734e-02,2.34467060e+01,-4.23715931e-04,-1.27273272e-03,1.79511724e-01,-5.63218240e-02,2.19074825e-02,-4.89288167e-03,1.02008116e-03,-3.39886786e-04
5.96000000e+02,1.68888875e+02,2.79307576e-02,6.73545808e-02,1.74945690e-01,-5.40901300e-02,2.05389473e-02,1.45431211e+02,2.81162422e-02,6.86183508e-02,2.34576640e+01,-1.85484534e-04,-1.26377007e-03,1.79825247e-01,-5.50117791e-02,2.08063993e-02,-4.87955726e-03,9.21649149e-04,-2.67452030e-04
5.97000000e+02,1.68877393e+02,2.44586562e-02,6.67454264e-02,1.74925712e-01,-5.20234987e-02,1.93120239e-02,1.45410606e+02,2.48747620e-02,6.79552938e-02,2.34667873e+01,-4.16105732e-04,-1.20986742e-03,1.79832604e-01,-5.30138012e-02,1.96290025e-02,-4.90689164e-03,9.90302515e-04,-3.16978621e-04
5.98000000e+02,1.68882736e+02,2.61279997e-02,6.43435206e-02,1.75176885e-01,-5.08214101e-02,1.92821291e-02,1.45404912e+02,2.62223373e-02,6.55621418e-02,2.34778237e+01,-9.43376100e-05,-1.21862127e-03,1.80071589e-01,-5.17042786e-02,1.94991900e-02,-4.89470412e-03,8.82868481e-04,-2.17060849e-04
5.99000000e+02,1.68872750e+02,2.61349232e-02,6.19505752e-02,1.75049363e-01,-4.87611626e-02,1.92479181e-02,1.45385744e+02,2.64799502e-02,6.31322890e-02,2.34870055e+01,-3.45026908e-04,-1.18171375e-03,1.79970815e-01,-4.97083968e-02,1.95289698e-02,-4.92145245e-03,9.47234154e-04,-2.81051718e-04
6.00000000e+02,1.68877137e+02,2.55722702e-02,5.90637255e-02,1.75307016e-01,-4.74642476e-02,1.85062308e-02,1.45379099e+02,2.56925650e-02,6.02292488e-02,2.34980382e+01,-1.20294769e-04,-1.16552329e-03,1.80214698e-01,-4.83101844e-02,1.87200822e-02,-4.90768243e-03,8.45936785e-04,-2.13851386e-04
6.01000000e+02,1.68866168e+02,2.19855004e-02,5.84509609e-02,1.75212563e-01,-4.53687315e-02,1.72906616e-02,1.45358928e+02,2.23469349e-02,5.95519944e-02,2.35072404e+01,-3.61434499e-04,-1.10103356e-03,1.80147026e-01,-4.62758798e-02,1.75610654e-02,-4.93446245e-03,9.07148323e-04,-2.70403792e-04
6.02000000e+02,1.68871873e+02,2.36853561e-02,5.64029490e-02,1.75414596e-01,-4.43233172e-02,1.72801846e-02,1.45353538e+02,2.37252378e-02,5.75067227e-02,2.35183344e+01,-3.98816212e-05,-1.10377365e-03,1.80336347e-01,-4.51197043e-02,1.74510854e-02,-4.92175080e-03,7.96387062e-04,-1.70900778e-04
6.03000000e+02,1.68862391e+02,2.34784642e-02,5.42868596e-02,1.75231271e-01,-4.24552381e-02,1.72292648e-02,1.45334801e+02,2.37608110e-02,5.53616961e-02,2.35275899e+01,-2.82346807e-04,-1.07483645e-03,1.80179067e-01,-4.33186165e-02,1.74591391e-02,-4.94779525e-03,8.63378477e-04,-2.29874217e-04
6.04000000e+02,1.68867315e+02,2.32372443e-02,5.15986169e-02,1.75432186e-01,-4.12761831e-02,1.66642474e-02,1.45328646e+02,2.32785243e-02,5.26626678e-02,2.35386694e+01,-4.12799767e-05,-1.06405093e-03,1.80365235e-01,-4.20405328e-02,1.68207837e-02,-4.93304846e-03,7.64349623e-04,-1.56536305e-04
6.05000000e+02,1.68856915e+02,2.00859466e-02,5.08449733e-02,1.75297522e-01,-3.91430611e-02,1.57391208e-02,1.45308962e+02,2.03688478e-02,5.18549534e-02,2.35479531e+01,-2.82901128e-04,-1.00998011e-03,1.80256242e-01,-3.99717207e-02,1.59501039e-02,-4.95871990e-03,8.28659622e-04,-2.10983107e-04
6.06000000e+02,1.68863085e+02,2.21340020e-02,4.87978364e-02,1.75472775e-01,-3.82130188e-02,1.60975663e-02,1.45303978e+02,2.21032531e-02,4.98130927e-02,2.35591066e+01,3.07488982e-05,-1.01525634e-03,1.80417666e-01,-3.89320754e-02,1.62089511e-02,-4.94489092e-03,7.19056595e-04,-1.11384851e-04
6.07000000e+02,1.68854046e+02,2.23704129e-02,4.65848915e-02,1.75294343e-01,-3.63365116e-02,1.63314126e-02,1.45285620e+02,2.25799644e-02,4.75621878e-02,2.35684258e+01,-2.09551567e-04,-9.77296294e-04,1.80264299e-01,-3.71201095e-02,1.65067562e-02,-4.96995675e-03,7.83597937e-04,-1.75343597e-04
6.08000000e+02,1.68859327e+02,2.21245091e-02,4.40281166e-02,1.75521978e-01,-3.53282764e-02,1.58822721e-02,1.45279767e+02,2.21087085e-02,4.49966564e-02,2.35795591e+01,1.58005436e-05,-9.68539836e-04,1.80476515e-01,-3.60121744e-02,1.59902374e-02,-4.95453665e-03,6.83898051e-04,-1.07965297e-04
6.09000000e+02,1.68849232e+02,1.91455570e-02,4.34953421e-02,1.75406677e-01,-3.34356127e-02,1.50203845e-02,1.45260343e+02,1.93664150e-02,4.44101684e-02,2.35888888e+01,-2.20857961e-04,-9.14826352e-04,1.80386220e-01,-3.41853112e-02,1.51848711e-02,-4.97954280e-03,7.49698516e-04,-1.64486552e-04
6.10000000e+02,1.68855701e+02,2.13490097e-02,4.16529899e-02,1.75602348e-01,-3.26277631e-02,1.53379839e-02,1.45255588e+02,2.12521505e-02,4.25659613e-02,2.36001130e+01,9.68592125e-05,-9.12971348e-04,1.80567450e-01,-3.32651032e-02,1.54061054e-02,-4.96510272e-03,6.37340142e-04,-6.81215153e-05
6.11000000e+02,1.68847157e+02,2.15176740e-02,3.99516476e-02,1.75456257e-01,-3.10585293e-02,1.55783846e-02,1.45237669e+02,2.16844017e-02,4.08258133e-02,2.36094882e+01,-1.66727646e-04,-8.74165694e-04,1.80445774e-01,-3.17608391e-02,1.57168829e-02,-4.98951737e-03,7.02309799e-04,-1.38498293e-04
6.12000000e+02,1.68853028e+02,2.12668923e-02,3.76211364e-02,1.75711016e-01,-3.02838455e-02,1.50615429e-02,1.45232338e+02,2.12071751e-02,3.84898862e-02,2.36206901e+01,5.97171812e-05,-8.68749778e-04,1.80684418e-01,-3.08874658e-02,1.51368299e-02,-4.97340149e-03,6.03620334e-04,-7.52870549e-05
6.13000000e+02,1.68843363e+02,1.80368243e-02,3.74598478e-02,1.75619215e-01,-2.87026007e-02,1.40431770e-02,1.45213296e+02,1.82248637e-02,3.82771460e-02,2.36300675e+01,-1.88039437e-04,-8.17298188e-04,1.80617560e-01,-2.93730726e-02,1.41785789e-02,-4.99834507e-03,6.70471828e-04,-1.35401818e-04
6.14000000e+02,1.68850320e+02,2.00062114e-02,3.60146259e-02,1.75825550e-01,-2.81635059e-02,1.42558534e-02,1.45208980e+02,1.98800219e-02,3.68310374e-02,2.36413403e+01,1.26189427e-04,-8.16411581e-04,1.80809104e-01,-2.87264977e-02,1.42956281e-02,-4.98355450e-03,5.62991831e-04,-3.97747091e-05
6.15000000e+02,1.68842346e+02,2.01261369e-02,3.43290675e-02,1.75696667e-01,-2.66739287e-02,1.43942373e-02,1.45191590e+02,2.02497742e-02,3.51226408e-02,2.36507560e+01,-1.23637373e-04,-7.93573317e-04,1.80704346e-01,-2.73089875e-02,1.44996448e-02,-5.00767942e-03,6.35058826e-04,-1.05407468e-04
6.16000000e+02,1.68848757e+02,1.98502404e-02,3.18331453e-02,1.75983430e-01,-2.58747942e-02,1.39504927e-02,1.45186758e+02,1.97477487e-02,3.26227669e-02,2.36619984e+01,1.02491628e-04,-7.89621624e-04,1.80974694e-01,-2.64117900e-02,1.39898822e-02,-4.99126462e-03,5.36995794e-04,-3.93894709e-05
6.17000000e+02,1.68839871e+02,1.69191225e-02,3.19325990e-02,1.75943799e-01,-2.43669885e-02,1.32014277e-02,1.45168437e+02,1.70620987e-02,3.26531507e-02,2.36714342e+01,-1.42976221e-04,-7.20551655e-04,1.80959403e-01,-2.49687926e-02,1.32987896e-02,-5.01560323e-03,6.01804084e-04,-9.73619840e-05
6.18000000e+02,1.68847524e+02,1.92198262e-02,3.08183096e-02,1.76191686e-01,-2.39890002e-02,1.36754495e-02,1.45164778e+02,1.90472292e-02,3.15371655e-02,2.36827464e+01,1.72596997e-04,-7.18855973e-04,1.81192110e-01,-2.44835002e-02,1.36767711e-02,-5.00042396e-03,4.94500046e-04,-1.32164166e-06
6.19000000e+02,1.68840084e+02,1.95869530e-02,2.95162143e-02,1.76085569e-01,-2.26994957e-02,1.40451294e-02,1.45147877e+02,1.96721065e-02,3.02129247e-02,2.36922067e+01,-8.51535511e-05,-6.96710432e-04,1.81109976e-01,-2.32637366e-02,1.41157278e-02,-5.02440679e-03,5.64240894e-04,-7.05983980e-05
6.20000000e+02,1.68846979e+02,1.94942523e-02,2.74995824e-02,1.76390093e-01,-2.22254080e-02,1.37734091e-02,1.45143517e+02,1.93572116e-02,2.81984838e-02,2.37034620e+01,1.37040640e-04,-6.98901431e-04,1.81397700e-01,-2.26951617e-02,1.37818974e-02,-5.00760770e-03,4.69753695e-04,-8.48833715e-06
6.21000000e+02,1.68838539e+02,1.65573542e-02,2.77287808e-02,1.76342517e-01,-2.08902807e-02,1.30798675e-02,1.45125623e+02,1.66669665e-02,2.83773292e-02,2.37129156e+01,-1.09612279e-04,-6.48548330e-04,1.81374352e-01,-2.14322684e-02,1.31501023e-02,-5.03183468e-03,5.41987712e-04,-7.02347712e-05
6.22000000e+02,1.68846576e+02,1.91386870e-02,2.66495182e-02,1.76597416e-01,-2.06170592e-02,1.37527255e-02,1.45122328e+02,1.89358021e-02,2.73036714e-02,2.37242481e+01,2.02884885e-04,-6.54153192e-04,1.81613551e-01,-2.10542973e-02,1.37312903e-02,-5.01613475e-03,4.37238050e-04,2.14352205e-05
6.23000000e+02,1.68839532e+02,1.98199961e-02,2.57103969e-02,1.76492717e-01,-1.95800165e-02,1.41925722e-02,1.45105817e+02,1.98739983e-02,2.63363610e-02,2.37337157e+01,-5.40022078e-05,-6.25964051e-04,1.81532294e-01,-2.00869824e-02,1.42427987e-02,-5.03957762e-03,5.06965915e-04,-5.02265450e-05
6.24000000e+02,1.68847021e+02,1.96259397e-02,2.37264471e-02,1.76780400e-01,-1.92665243e-02,1.37604010e-02,1.45102009e+02,1.94665846e-02,2.43613159e-02,2.37450116e+01,1.59355145e-04,-6.34868791e-04,1.81803020e-01,-1.96813682e-02,1.37506161e-02,-5.02262014e-03,4.14843927e-04,9.78484518e-06
6.25000000e+02,1.68839196e+02,1.65002385e-02,2.39545211e-02,1.76722896e-01,-1.80070475e-02,1.29946542e-02,1.45084703e+02,1.65940795e-02,2.45355391e-02,2.37544931e+01,-9.38410445e-05,-5.81018026e-04,1.81769584e-01,-1.84931758e-02,1.30485756e-02,-5.04668871e-03,4.86128325e-04,-5.39214735e-05
6.26000000e+02,1.68847915e+02,1.93357682e-02,2.33674859e-02,1.76944261e-01,-1.79959388e-02,1.38325904e-02,1.45082073e+02,1.91134833e-02,2.39523067e-02,2.37658419e+01,2.22284887e-04,-5.84820790e-04,1.81975504e-01,-1.83811779e-02,1.37926002e-02,-5.03124304e-03,3.85239125e-04,3.99901842e-05
6.27000000e+02,1.68841569e+02,2.02272841e-02,2.22920226e-02,1.76804739e-01,-1.69642331e-02,1.44345083e-02,1.45066215e+02,2.02681375e-02,2.28660713e-02,2.37753536e+01,-4.08534335e-05,-5.74048714e-04,1.81859381e-01,-1.74259550e-02,1.44686349e-02,-5.05464243e-03,4.61721846e-04,-3.41265801e-05
6.28000000e+02,1.68849474e+02,2.04226463e-02,2.03469838e-02,1.77064209e-01,-1.66324092e-02,1.42393133e-02,1.45062781e+02,2.02505539e-02,2.09267560e-02,2.37866930e+01,1.72092459e-04,-5.79772162e-04,1.82101318e-01,-1.70047777e-02,1.42181286e-02,-5.03710911e-03,3.72368593e-04,2.11846937e-05
6.29000000e+02,1.68842068e+02,1.74576993e-02,2.05713638e-02,1.76979928e-01,-1.53476810e-02,1.35100486e-02,1.45045844e+02,1.75403902e-02,2.11053660e-02,2.37962243e+01,-8.26909617e-05,-5.34002141e-04,1.82040421e-01,-1.57968224e-02,1.35566841e-02,-5.06049377e-03,4.49141449e-04,-4.66354210e-05
6.30000000e+02,1.68851281e+02,2.00433857e-02,1.98471912e-02,1.77178595e-01,-1.53006218e-02,1.41730934e-02,1.45043665e+02,1.98206269e-02,2.03901847e-02,2.38076157e+01,2.22758803e-04,-5.42993430e-04,1.82222799e-01,-1.56476245e-02,1.41290592e-02,-5.04420416e-03,3.47002661e-04,4.40342366e-05
6.31000000e+02,1.68845349e+02,2.05139840e-02,1.90413432e-02,1.77003591e-01,-1.44199939e-02,1.45249904e-02,1.45028169e+02,2.05525624e-02,1.95609982e-02,2.38171807e+01,-3.85784009e-05,-5.19655073e-04,1.82070434e-01,-1.48407504e-02,1.45535776e-02,-5.06684334e-03,4.20756523e-04,-2.85871812e-05
6.32000000e+02,1.68853744e+02,2.03289193e-02,1.72846187e-02,1.77232778e-01,-1.42515864e-02,1.40969347e-02,1.45025168e+02,2.01528851e-02,1.78150263e-02,2.38285754e+01,1.76034259e-04,-5.30407626e-04,1.82281445e-01,-1.45833422e-02,1.40664966e-02,-5.04866758e-03,3.31755783e-04,3.04380810e-05
6.33000000e+02,1.68846886e+02,1.71962770e-02,1.79074443e-02,1.77129012e-01,-1.32782139e-02,1.32384085e-02,1.45008737e+02,1.72698933e-02,1.83935147e-02,2.38381488e+01,-7.36163240e-05,-4.86070348e-04,1.82200172e-01,-1.36887362e-02,1.32731682e-02,-5.07116034e-03,4.10522277e-04,-3.47597345e-05
6.34000000e+02,1.68856710e+02,1.96337363e-02,1.76171888e-02,1.77311839e-01,-1.34293977e-02,1.38348693e-02,1.45007128e+02,1.93974746e-02,1.81085609e-02,2.38495826e+01,2.36261717e-04,-4.91372148e-04,1.82366081e-01,-1.37392624e-02,1.37789737e-02,-5.05424238e-03,3.09864717e-04,5.58955371e-05
6.35000000e+02,1.68851400e+02,1.98233653e-02,1.68411036e-02,1.77121116e-01,-1.26565514e-02,1.40703890e-02,1.44992224e+02,1.98579548e-02,1.73266034e-02,2.38591759e+01,-3.45894714e-05,-4.85499787e-04,1.82197414e-01,-1.30448359e-02,1.40883485e-02,-5.07629771e-03,3.88284552e-04,-1.79594936e-05
6.36000000e+02,1.68860341e+02,1.97772284e-02,1.52070623e-02,1.77323466e-01,-1.26145014e-02,1.37085624e-02,1.44989760e+02,1.95866935e-02,1.57005019e-02,2.38705814e+01,1.90534830e-04,-4.93439618e-04,1.82381155e-01,-1.29167016e-02,1.36643257e-02,-5.05768820e-03,3.02200175e-04,4.42367639e-05
6.37000000e+02,1.68854173e+02,1.67299266e-02,1.60144747e-02,1.77203183e-01,-1.16862441e-02,1.29175520e-02,1.44974004e+02,1.67951266e-02,1.64618013e-02,2.38801694e+01,-6.51999682e-05,-4.47326594e-04,1.82283061e-01,-1.20687282e-02,1.29394062e-02,-5.07987822e-03,3.82484082e-04,-2.18542288e-05
6.38000000e+02,1.68864561e+02,1.89386506e-02,1.56290145e-02,1.77384635e-01,-1.19155026e-02,1.34517801e-02,1.44972956e+02,1.86993671e-02,1.60935153e-02,2.38916048e+01,2.39283488e-04,-4.64500783e-04,1.82446836e-01,-1.22008082e-02,1.33838064e-02,-5.06220065e-03,2.85305597e-04,6.79737517e-05
6.39000000e+02,1.68859876e+02,1.89333246e-02,1.47631863e-02,1.77201926e-01,-1.10841895e-02,1.35058501e-02,1.44958674e+02,1.89550904e-02,1.52219353e-02,2.39012022e+01,-2.17658065e-05,-4.58749029e-04,1.82285521e-01,-1.14511040e-02,1.35126574e-02,-5.08359528e-03,3.66914570e-04,-6.80727685e-06
6.40000000e+02,1.68869331e+02,1.86575871e-02,1.33147422e-02,1.77407877e-01,-1.10748815e-02,1.29965798e-02,1.44956711e+02,1.84651587e-02,1.37767336e-02,2.39126202e+01,1.92428407e-04,-4.61991415e-04,1.82472445e-01,-1.13566200e-02,1.29481933e-02,-5.06456826e-03,2.81738500e-04,4.83865601e-05
6.41000000e+02,1.68863606e+02,1.55358558e-02,1.40878970e-02,1.77285306e-01,-1.00090027e-02,1.20706470e-02,1.44941378e+02,1.55989958e-02,1.45041939e-02,2.39222283e+01,-6.31400428e-05,-4.16296952e-04,1.82371618e-01,-1.03721142e-02,1.20877705e-02,-5.08631215e-03,3.63111527e-04,-1.71235275e-05
6.42000000e+02,1.68874417e+02,1.78813159e-02,1.35815145e-02,1.77478161e-01,-1.01434068e-02,1.26090247e-02,1.44940737e+02,1.76301880e-02,1.40231523e-02,2.39336800e+01,2.51127992e-04,-4.41637775e-04,1.82546737e-01,-1.04125521e-02,1.25312701e-02,-5.06857653e-03,2.69145367e-04,7.77546341e-05
6.43000000e+02,1.68870002e+02,1.80647737e-02,1.28494583e-02,1.77296862e-01,-9.42748303e-03,1.28377427e-02,1.44926755e+02,1.80776489e-02,1.32853037e-02,2.39432468e+01,-1.28751714e-05,-4.35845482e-04,1.82386835e-01,-9.77492356e-03,1.28328491e-02,-5.08997278e-03,3.47440524e-04,4.89360504e-06
6.44000000e+02,1.68879998e+02,1.77800823e-02,1.14067384e-02,1.77496892e-01,-9.48831389e-03,1.23180305e-02,1.44925416e+02,1.75713167e-02,1.18419473e-02,2.39545812e+01,2.08765627e-04,-4.35208880e-04,1.82567484e-01,-9.74699259e-03,1.22524352e-02,-5.07059232e-03,2.58678700e-04,6.55952913e-05
6.45000000e+02,1.68874587e+02,1.45626081e-02,1.25402007e-02,1.77361830e-01,-8.70081734e-03,1.13340805e-02,1.44910485e+02,1.46126211e-02,1.29259374e-02,2.39641014e+01,-5.00129508e-05,-3.85736661e-04,1.82453779e-01,-9.03915081e-03,1.13377373e-02,-5.09194989e-03,3.38333470e-04,-3.65676023e-06
6.46000000e+02,1.68885794e+02,1.68871463e-02,1.20190231e-02,1.77533981e-01,-8.84716794e-03,1.18942473e-02,1.44910341e+02,1.66268257e-02,1.24350431e-02,2.39754526e+01,2.60320548e-04,-4.16019972e-04,1.82607919e-01,-9.09543939e-03,1.18071113e-02,-5.07393760e-03,2.48271449e-04,8.71360219e-05
6.47000000e+02,1.68881976e+02,1.72548318e-02,1.09751798e-02,1.77349701e-01,-7.97728431e-03,1.22261881e-02,1.44896990e+02,1.72596687e-02,1.13950889e-02,2.39849864e+01,-4.83693805e-06,-4.19909057e-04,1.82444389e-01,-8.31132239e-03,1.22116797e-02,-5.09468833e-03,3.34038075e-04,1.45084240e-05
6.48000000e+02,1.68892507e+02,1.74194742e-02,9.69532347e-03,1.77540651e-01,-8.05607086e-03,1.20076025e-02,1.44896196e+02,1.72044518e-02,1.01136328e-02,2.39963101e+01,2.15022355e-04,-4.18309328e-04,1.82616055e-01,-8.30393526e-03,1.19327740e-02,-5.07540399e-03,2.47864403e-04,7.48285117e-05
6.49000000e+02,1.68887812e+02,1.45718831e-02,1.06208006e-02,1.77379283e-01,-7.17478860e-03,1.12964149e-02,1.44881962e+02,1.46102058e-02,1.09924850e-02,2.40058502e+01,-3.83226645e-05,-3.71684428e-04,1.82476145e-01,-7.50176521e-03,1.12867154e-02,-5.09686242e-03,3.26976613e-04,9.69955444e-06
6.50000000e+02,1.68899583e+02,1.71204717e-02,1.00624773e-02,1.77519507e-01,-7.36242234e-03,1.20879416e-02,1.44882342e+02,1.68534303e-02,1.04612571e-02,2.40172410e+01,2.67041474e-04,-3.98779837e-04,1.82597762e-01,-7.59569768e-03,1.19875791e-02,-5.07825473e-03,2.33275338e-04,1.00362510e-04
6.51000000e+02,1.68896310e+02,1.78516887e-02,9.21945154e-03,1.77306371e-01,-6.59653633e-03,1.27048375e-02,1.44869526e+02,1.78435737e-02,9.61751975e-03,2.40267834e+01,8.11502380e-06,-3.98068214e-04,1.82404492e-01,-6.91534857e-03,1.26779559e-02,-5.09812181e-03,3.18812248e-04,2.68816799e-05
6.52000000e+02,1.68907202e+02,1.85251788e-02,7.94940428e-03,1.77487958e-01,-6.66840275e-03,1.28206140e-02,1.44869075e+02,1.82950361e-02,8.35140538e-03,2.40381271e+01,2.30142686e-04,-4.02001099e-04,1.82565436e-01,-6.90227207e-03,1.27368908e-02,-5.07747769e-03,2.33869322e-04,8.37232164e-05
6.53000000e+02,1.68902713e+02,1.58597492e-02,8.98144965e-03,1.77341515e-01,-5.82627193e-03,1.22422552e-02,1.44855087e+02,1.58970344e-02,9.33826352e-03,2.40476265e+01,-3.72851697e-05,-3.56813866e-04,1.82439162e-01,-6.13998314e-03,1.22302751e-02,-5.09764718e-03,3.13711208e-04,1.19801191e-05
6.54000000e+02,1.68914920e+02,1.84824527e-02,8.47034908e-03,1.77470147e-01,-6.08387842e-03,1.29942879e-02,1.44855914e+02,1.82106072e-02,8.85136004e-03,2.40590060e+01,2.71845499e-04,-3.81010964e-04,1.82548590e-01,-6.30303783e-03,1.28919667e-02,-5.07844281e-03,2.19159407e-04,1.02321138e-04
6.55000000e+02,1.68912142e+02,1.91132811e-02,7.41661440e-03,1.77249825e-01,-5.17885783e-03,1.34923087e-02,1.44843594e+02,1.91023420e-02,7.78826047e-03,2.40685479e+01,1.09391043e-05,-3.71646064e-04,1.82347709e-01,-5.47984216e-03,1.34663119e-02,-5.09788412e-03,3.00984327e-04,2.59968391e-05
6.56000000e+02,1.68923542e+02,1.93902878e-02,6.08596046e-03,1.77421363e-01,-5.16828254e-03,1.33458152e-02,1.44843666e+02,1.91706900e-02,6.46487864e-03,2.40798766e+01,2.19597855e-04,-3.78918188e-04,1.82498359e-01,-5.38342858e-03,1.32682953e-02,-5.07699601e-03,2.15146043e-04,7.75199340e-05
6.57000000e+02,1.68919669e+02,1.63809079e-02,6.91076254e-03,1.77252591e-01,-4.27404983e-03,1.24943573e-02,1.44830285e+02,1.64312941e-02,7.24778797e-03,2.40893848e+01,-5.03862450e-05,-3.37025433e-04,1.82349656e-01,-4.56902494e-03,1.24913889e-02,-5.09706518e-03,2.94975106e-04,2.96844165e-06
6.58000000e+02,1.68932319e+02,1.86524553e-02,6.02828287e-03,1.77386065e-01,-4.32400217e-03,1.29393974e-02,1.44831573e+02,1.83982565e-02,6.38614469e-03,2.41007457e+01,2.54198788e-04,-3.57861811e-04,1.82463904e-01,-4.52633220e-03,1.28501604e-02,-5.07783987e-03,2.02330032e-04,8.92370539e-05
6.59000000e+02,1.68929967e+02,1.88115643e-02,4.87384747e-03,1.77160540e-01,-3.35404257e-03,1.31924520e-02,1.44819729e+02,1.88285090e-02,5.22987129e-03,2.41102378e+01,-1.69447085e-05,-3.56023825e-04,1.82257818e-01,-3.64022291e-03,1.31797643e-02,-5.09727827e-03,2.86180345e-04,1.26876795e-05
6.60000000e+02,1.68942065e+02,1.86256019e-02,3.57715606e-03,1.77303986e-01,-3.32153613e-03,1.27631271e-02,1.44820535e+02,1.84237602e-02,3.93046842e-03,2.41215302e+01,2.01841772e-04,-3.53312356e-04,1.82380253e-01,-3.52050893e-03,1.26924099e-02,-5.07626628e-03,1.98972798e-04,7.07171551e-05
6.61000000e+02,1.68938618e+02,1.51361855e-02,4.60669625e-03,1.77090651e-01,-2.53068924e-03,1.17591191e-02,1.44807631e+02,1.51968315e-02,4.91761821e-03,2.41309870e+01,-6.06460303e-05,-3.10921964e-04,1.82186358e-01,-2.80716484e-03,1.17559053e-02,-5.09570724e-03,2.76475601e-04,3.21379831e-06
6.62000000e+02,1.68951816e+02,1.74653099e-02,3.80192897e-03,1.77211326e-01,-2.73571893e-03,1.22902188e-02,1.44809526e+02,1.72069027e-02,4.14296539e-03,2.41422898e+01,2.58407212e-04,-3.41036414e-04,1.82286552e-01,-2.92076899e-03,1.21944157e-02,-5.07522571e-03,1.85050058e-04,9.58030607e-05
6.63000000e+02,1.68950178e+02,1.74556655e-02,3.18243479e-03,1.76986126e-01,-2.13200488e-03,1.23988348e-02,1.44798440e+02,1.74674504e-02,3.51386813e-03,2.41517375e+01,-1.17849455e-05,-3.31433346e-04,1.82079268e-01,-2.40063240e-03,1.23817810e-02,-5.09314217e-03,2.68627523e-04,1.70538076e-05
6.64000000e+02,1.68962619e+02,1.72738662e-02,2.22708071e-03,1.77166303e-01,-2.39528527e-03,1.20345741e-02,1.44799644e+02,1.70735631e-02,2.55331324e-03,2.41629749e+01,2.00303088e-04,-3.26232522e-04,1.82237437e-01,-2.57488765e-03,1.19601820e-02,-5.07113393e-03,1.79602379e-04,7.43921548e-05
6.65000000e+02,1.68959786e+02,1.39923040e-02,3.83177549e-03,1.77019413e-01,-1.93275316e-03,1.10306066e-02,1.44787400e+02,1.40410389e-02,4.11390470e-03,2.41723857e+01,-4.87349568e-05,-2.82129210e-04,1.82109404e-01,-2.19016771e-03,1.10226733e-02,-5.08999186e-03,2.57414549e-04,7.93329500e-06
6.66000000e+02,1.68973566e+02,1.62454768e-02,4.06372887e-03,1.77167752e-01,-2.70940380e-03,1.15421370e-02,1.44789921e+02,1.59863125e-02,4.37283171e-03,2.41836451e+01,2.59164271e-04,-3.09102840e-04,1.82237284e-01,-2.87534974e-03,1.14435952e-02,-5.06953230e-03,1.65945936e-04,9.85417306e-05
6.67000000e+02,1.68972349e+02,1.63040797e-02,3.96154061e-03,1.76960898e-01,-2.48498995e-03,1.17098039e-02,1.44779307e+02,1.63112885e-02,4.27255509e-03,2.41930427e+01,-7.20882914e-06,-3.11014474e-04,1.82048835e-01,-2.73885475e-03,1.16853047e-02,-5.08793696e-03,2.53864794e-04,2.44992287e-05
6.68000000e+02,1.68985384e+02,1.64502399e-02,3.17861483e-03,1.77146255e-01,-2.94979087e-03,1.14422171e-02,1.44781164e+02,1.62262220e-02,3.50394103e-03,2.42042198e+01,2.24017852e-04,-3.25326195e-04,1.82212207e-01,-3.12373245e-03,1.13538786e-02,-5.06595252e-03,1.73941580e-04,8.83385538e-05
6.69000000e+02,1.68982973e+02,1.34243404e-02,4.68749466e-03,1.76999707e-01,-2.59960161e-03,1.06817561e-02,1.44769420e+02,1.34547531e-02,4.98348525e-03,2.42135534e+01,-3.04126928e-05,-2.95990587e-04,1.82084467e-01,-2.86028631e-03,1.06575186e-02,-5.08476035e-03,2.60684701e-04,2.42374562e-05
6.70000000e+02,1.68996993e+02,1.61321097e-02,4.58841144e-03,1.77144115e-01,-3.19659340e-03,1.15083245e-02,1.44772246e+02,1.58541471e-02,4.90906183e-03,2.42247468e+01,2.77962612e-04,-3.20650385e-04,1.82208595e-01,-3.36820274e-03,1.13932843e-02,-5.06447957e-03,1.71609339e-04,1.15040162e-04
6.71000000e+02,1.68995973e+02,1.67558694e-02,4.58224828e-03,1.76937511e-01,-2.90946789e-03,1.19811392e-02,1.44761910e+02,1.67447819e-02,4.89536581e-03,2.42340629e+01,1.10875551e-05,-3.13117532e-04,1.82020090e-01,-3.16859575e-03,1.19446413e-02,-5.08257857e-03,2.59127853e-04,3.64979427e-05
6.72000000e+02,1.69009184e+02,1.70830497e-02,3.60444686e-03,1.77142716e-01,-3.24208732e-03,1.18887619e-02,1.44764013e+02,1.68583215e-02,3.93559602e-03,2.42451711e+01,2.24728198e-04,-3.31149157e-04,1.82203049e-01,-3.42204815e-03,1.17959562e-02,-5.06033291e-03,1.79960833e-04,9.28057064e-05
6.73000000e+02,1.69007130e+02,1.41931154e-02,4.94655673e-03,1.76999453e-01,-2.74353376e-03,1.13112099e-02,1.44752664e+02,1.42432765e-02,5.24125744e-03,2.42544659e+01,-5.01611417e-05,-2.94700709e-04,1.82078368e-01,-3.00835813e-03,1.12926691e-02,-5.07891580e-03,2.64824375e-04,1.85408148e-05
6.74000000e+02,1.69021645e+02,1.70175450e-02,4.77988196e-03,1.77157496e-01,-3.21157147e-03,1.21648444e-02,1.44756029e+02,1.67514159e-02,5.10283043e-03,2.42656158e+01,2.66129024e-04,-3.22948474e-04,1.82215807e-01,-3.38835082e-03,1.20589616e-02,-5.05831158e-03,1.76779355e-04,1.05882799e-04
6.75000000e+02,1.69021088e+02,1.74599431e-02,4.28994447e-03,1.76936778e-01,-2.70813497e-03,1.25900414e-02,1.44746182e+02,1.74713443e-02,4.61825192e-03,2.42749056e+01,-1.14012695e-05,-3.28307451e-04,1.82012980e-01,-2.97555598e-03,1.25672111e-02,-5.07620256e-03,2.67421010e-04,2.28302690e-05
6.76000000e+02,1.69034863e+02,1.76578199e-02,2.91169986e-03,1.77108021e-01,-2.80315313e-03,1.24616400e-02,1.44748901e+02,1.74594440e-02,3.25103440e-03,2.42859619e+01,1.98375814e-04,-3.39334545e-04,1.82161707e-01,-2.98803501e-03,1.23859076e-02,-5.05368619e-03,1.84881874e-04,7.57324304e-05
6.77000000e+02,1.69033229e+02,1.47826709e-02,4.08178161e-03,1.76971776e-01,-2.18219870e-03,1.17393513e-02,1.44738030e+02,1.48449725e-02,4.38118391e-03,2.42951991e+01,-6.23016210e-05,-2.99402293e-04,1.82043384e-01,-2.45098804e-03,1.17346936e-02,-5.07160847e-03,2.68789333e-04,4.65769216e-06
6.78000000e+02,1.69048165e+02,1.75329959e-02,3.79221378e-03,1.77124695e-01,-2.59585659e-03,1.26191820e-02,1.44741897e+02,1.72842071e-02,4.12158083e-03,2.43062676e+01,2.48788801e-04,-3.29367055e-04,1.82175376e-01,-2.77772512e-03,1.25245225e-02,-5.05068098e-03,1.81868526e-04,9.46595821e-05
6.79000000e+02,1.69047966e+02,1.81197793e-02,3.26101946e-03,1.76902955e-01,-2.07115865e-03,1.30785760e-02,1.44732466e+02,1.81359290e-02,3.58775246e-03,2.43155000e+01,-1.61496580e-05,-3.26733005e-04,1.81971245e-01,-2.33835436e-03,1.30621247e-02,-5.06829006e-03,2.67195716e-04,1.64513052e-05
6.80000000e+02,1.69061921e+02,1.84449247e-02,2.15888879e-03,1.77080893e-01,-2.30160009e-03,1.29369807e-02,1.44735400e+02,1.82449413e-02,2.49126368e-03,2.43265210e+01,1.99983372e-04,-3.32374891e-04,1.82126472e-01,-2.48438981e-03,1.28650054e-02,-5.04557912e-03,1.82789721e-04,7.19752925e-05
6.81000000e+02,1.69060721e+02,1.54504344e-02,3.33241350e-03,1.76934789e-01,-1.63071838e-03,1.21162794e-02,1.44725019e+02,1.55173137e-02,3.62305235e-03,2.43357022e+01,-6.68792986e-05,-2.90638857e-04,1.81998394e-01,-1.89838215e-03,1.21179809e-02,-5.06360487e-03,2.67663768e-04,-1.70142971e-06
6.82000000e+02,1.69076053e+02,1.78428112e-02,3.04486499e-03,1.77078301e-01,-1.99701937e-03,1.26181020e-02,1.44729335e+02,1.76024658e-02,3.36878079e-03,2.43467183e+01,2.40345415e-04,-3.23915802e-04,1.82120610e-01,-2.17879058e-03,1.25322361e-02,-5.04230868e-03,1.81771208e-04,8.58659118e-05
6.83000000e+02,1.69076195e+02,1.78590491e-02,2.40194510e-03,1.76858765e-01,-1.35734191e-03,1.27320171e-02,1.44720371e+02,1.78918650e-02,2.73265573e-03,2.43558248e+01,-3.28158735e-05,-3.30710622e-04,1.81918372e-01,-1.62714752e-03,1.27229124e-02,-5.05960732e-03,2.69805607e-04,9.10464028e-06
6.84000000e+02,1.69090527e+02,1.76724305e-02,1.27144227e-03,1.77018797e-01,-1.53275302e-03,1.24000701e-02,1.44723820e+02,1.74885093e-02,1.60450599e-03,2.43667072e+01,1.83921226e-04,-3.33063721e-04,1.82055549e-01,-1.71896335e-03,1.23325604e-02,-5.03675195e-03,1.86210329e-04,6.75097211e-05
6.85000000e+02,1.69089670e+02,1.43330075e-02,2.36419946e-03,1.76851484e-01,-9.44329680e-04,1.14084110e-02,1.44713894e+02,1.44087255e-02,2.66139317e-03,2.43757758e+01,-7.57179504e-05,-2.97193715e-04,1.81905699e-01,-1.21134474e-03,1.14112675e-02,-5.05421575e-03,2.67015061e-04,-2.85641886e-06
6.86000000e+02,1.69105591e+02,1.67486029e-02,2.18708241e-03,1.76977911e-01,-1.49715682e-03,1.18682353e-02,1.44718950e+02,1.65078098e-02,2.51213698e-03,2.43866410e+01,2.40793160e-04,-3.25054574e-04,1.82010524e-01,-1.67280172e-03,1.17822311e-02,-5.03261277e-03,1.75644900e-04,8.60042117e-05
6.87000000e+02,1.69106246e+02,1.70045629e-02,1.99901469e-03,1.76729170e-01,-1.19561769e-03,1.19970938e-02,1.44710545e+02,1.70300674e-02,2.31069068e-03,2.43957006e+01,-2.55045633e-05,-3.11675984e-04,1.81778674e-01,-1.45394548e-03,1.19885554e-02,-5.04950427e-03,2.58327791e-04,8.53836949e-06
6.88000000e+02,1.69121055e+02,1.68062306e-02,1.43735336e-03,1.76848882e-01,-1.84277819e-03,1.16845377e-02,1.44714539e+02,1.66182366e-02,1.75076059e-03,2.44065160e+01,1.87994065e-04,-3.13407233e-04,1.81875275e-01,-2.01287326e-03,1.16157316e-02,-5.02639308e-03,1.70095066e-04,6.88061769e-05
6.89000000e+02,1.69120697e+02,1.36357880e-02,3.30236654e-03,1.76622728e-01,-1.73000500e-03,1.08473130e-02,1.44705157e+02,1.37034576e-02,3.57916424e-03,2.44155398e+01,-6.76695727e-05,-2.76797701e-04,1.81666252e-01,-1.98365576e-03,1.08470339e-02,-5.04352443e-03,2.53650761e-04,2.79121820e-07
6.90000000e+02,1.69137035e+02,1.63511751e-02,3.63130222e-03,1.76690380e-01,-2.56184798e-03,1.15059187e-02,1.44710646e+02,1.61061231e-02,3.94101205e-03,2.44263893e+01,2.45052041e-04,-3.09709839e-04,1.81712094e-01,-2.73030823e-03,1.14154128e-02,-5.02171451e-03,1.68460253e-04,9.05059046e-05
6.91000000e+02,1.69138337e+02,1.67663987e-02,3.73577198e-03,1.76397008e-01,-2.50903721e-03,1.17965006e-02,1.44702973e+02,1.67919132e-02,4.04749125e-03,2.44353634e+01,-2.55144860e-05,-3.11719271e-04,1.81435018e-01,-2.76420639e-03,1.17817254e-02,-5.03800915e-03,2.55169184e-04,1.47751531e-05
6.92000000e+02,1.69153626e+02,1.66454954e-02,3.16027351e-03,1.76494309e-01,-3.17615916e-03,1.15352682e-02,1.44707496e+02,1.64542031e-02,3.48075808e-03,2.44461298e+01,1.91292378e-04,-3.20484576e-04,1.81508419e-01,-3.34914950e-03,1.14650774e-02,-5.01410978e-03,1.72990347e-04,7.01907912e-05
6.93000000e+02,1.69153713e+02,1.33622535e-02,4.90386312e-03,1.76277776e-01,-3.05824580e-03,1.06519374e-02,1.44698653e+02,1.34367896e-02,5.19338636e-03,2.44550597e+01,-7.45361024e-05,-2.89523233e-04,1.81308572e-01,-3.31931875e-03,1.06543045e-02,-5.03079581e-03,2.61072946e-04,-2.36710213e-06
6.94000000e+02,1.69170380e+02,1.61836356e-02,5.15579991e-03,1.76357998e-01,-3.89033530e-03,1.14033881e-02,1.44704568e+02,1.59396714e-02,5.47603712e-03,2.44658118e+01,2.43964208e-04,-3.20237217e-04,1.81366198e-01,-4.06424478e-03,1.13135295e-02,-5.00819994e-03,1.73909484e-04,8.98585594e-05
6.95000000e+02,1.69171872e+02,1.68840515e-02,5.53398325e-03,1.76094623e-01,-3.86502270e-03,1.18528753e-02,1.44697171e+02,1.69034483e-02,5.84531396e-03,2.44747009e+01,-1.93968694e-05,-3.11330711e-04,1.81118466e-01,-4.12681356e-03,1.18366311e-02,-5.02384310e-03,2.61790859e-04,1.62442092e-05
6.96000000e+02,1.69187624e+02,1.71881535e-02,5.02726456e-03,1.76226590e-01,-4.46250291e-03,1.18766897e-02,1.44702263e+02,1.69958579e-02,5.36140866e-03,2.44853607e+01,1.92295552e-04,-3.34144100e-04,1.81226259e-01,-4.64718731e-03,1.18038318e-02,-4.99966871e-03,1.84684405e-04,7.28578877e-05
6.97000000e+02,1.69187799e+02,1.43107387e-02,6.21351719e-03,1.76028128e-01,-4.00197691e-03,1.13007072e-02,1.44693626e+02,1.43848593e-02,6.52615162e-03,2.44941726e+01,-7.41206400e-05,-3.12634430e-04,1.81044349e-01,-4.28006673e-03,1.12987884e-02,-5.01622085e-03,2.78089828e-04,1.91871086e-06
6.98000000e+02,1.69204643e+02,1.72370216e-02,5.93672919e-03,1.76120526e-01,-4.41007740e-03,1.21806856e-02,1.44699827e+02,1.69973231e-02,6.28382111e-03,2.45048160e+01,2.39698514e-04,-3.47091917e-04,1.81114065e-01,-4.60485685e-03,1.20913335e-02,-4.99353861e-03,1.94779454e-04,8.93520544e-05
6.99000000e+02,1.69206405e+02,1.77165520e-02,5.75856170e-03,1.75857476e-01,-4.07250871e-03,1.25634064e-02,1.44692821e+02,1.77504578e-02,6.09947219e-03,2.45135841e+01,-3.39058615e-05,-3.40910493e-04,1.80866860e-01,-4.35158623e-03,1.25533261e-02,-5.00938329e-03,2.79077526e-04,1.00803391e-05
7.00000000e+02,1.69222288e+02,1.76441300e-02,4.94405539e-03,1.75992125e-01,-4.55791732e-03,1.23471945e-02,1.44698211e+02,1.74672660e-02,5.29118422e-03,2.45240773e+01,1.76864034e-04,-3.47128825e-04,1.80977161e-01,-4.74994350e-03,1.22839037e-02,-4.98503641e-03,1.92026179e-04,6.32908172e-05
7.01000000e+02,1.69222786e+02,1.44477446e-02,6.19759936e-03,1.75807529e-01,-4.13368253e-03,1.14557757e-02,1.44690028e+02,1.45321385e-02,6.50910476e-03,2.45327574e+01,-8.43939483e-05,-3.11505397e-04,1.80808589e-01,-4.41091120e-03,1.14648961e-02,-5.00105925e-03,2.77228662e-04,-9.12041058e-06
7.02000000e+02,1.69240144e+02,1.69399150e-02,6.16733701e-03,1.75913371e-01,-4.69673541e-03,1.21080307e-02,1.44696889e+02,1.67161738e-02,6.51047783e-03,2.45432553e+01,2.23741202e-04,-3.43140814e-04,1.80891610e-01,-4.89129035e-03,1.20282376e-02,-4.97823907e-03,1.94554936e-04,7.97930209e-05
7.03000000e+02,1.69242245e+02,1.73639749e-02,6.01516303e-03,1.75661589e-01,-4.29996037e-03,1.23412485e-02,1.44690343e+02,1.74052896e-02,6.35776192e-03,2.45519018e+01,-4.13147180e-05,-3.42598895e-04,1.80655318e-01,-4.58393485e-03,1.23399279e-02,-4.99372919e-03,2.83974485e-04,1.32057417e-06
7.04000000e+02,1.69258453e+02,1.71882725e-02,5.03341368e-03,1.75809461e-01,-4.67481021e-03,1.19936875e-02,1.44696146e+02,1.70227999e-02,5.39535137e-03,2.45623078e+01,1.65472692e-04,-3.61937694e-04,1.80778732e-01,-4.87797274e-03,1.19386230e-02,-4.96927110e-03,2.03162533e-04,5.50645469e-05
7.05000000e+02,1.69259375e+02,1.37729045e-02,6.32214456e-03,1.75633602e-01,-4.22815723e-03,1.10331098e-02,1.44688483e+02,1.38681022e-02,6.64924480e-03,2.45708915e+01,-9.51976764e-05,-3.27100242e-04,1.80618821e-01,-4.51799596e-03,1.10461046e-02,-4.98521911e-03,2.89838729e-04,-1.29947568e-05
7.06000000e+02,1.69276967e+02,1.64973639e-02,6.11696091e-03,1.75752851e-01,-4.61107939e-03,1.17726966e-02,1.44695664e+02,1.62667297e-02,6.46766163e-03,2.45813030e+01,2.30634163e-04,-3.50700722e-04,1.80714890e-01,-4.81565653e-03,1.16902585e-02,-4.96203893e-03,2.04577133e-04,8.24381592e-05
7.07000000e+02,1.69279512e+02,1.71329265e-02,5.90357728e-03,1.75530811e-01,-4.16915747e-03,1.22230676e-02,1.44689667e+02,1.71682805e-02,6.25680012e-03,2.45898452e+01,-3.53539285e-05,-3.53222844e-04,1.80508263e-01,-4.46033634e-03,1.22159524e-02,-4.97745204e-03,2.91178870e-04,7.11522786e-06
7.08000000e+02,1.69296367e+02,1.73244709e-02,5.12246777e-03,1.75668830e-01,-4.65902934e-03,1.20953315e-02,1.44696238e+02,1.71464394e-02,5.48495798e-03,2.46001287e+01,1.78031445e-04,-3.62490214e-04,1.80621810e-01,-4.86374555e-03,1.20339369e-02,-4.95297954e-03,2.04716207e-04,6.13945964e-05
7.09000000e+02,1.69297581e+02,1.41019449e-02,6.49659135e-03,1.75489312e-01,-4.24421489e-03,1.11941726e-02,1.44689013e+02,1.41907196e-02,6.81542307e-03,2.46085674e+01,-8.87746686e-05,-3.18831719e-04,1.80458049e-01,-4.52966026e-03,1.12030310e-02,-4.96873636e-03,2.85445367e-04,-8.85837694e-06
7.10000000e+02,1.69315542e+02,1.66861091e-02,6.66356878e-03,1.75605241e-01,-4.93389533e-03,1.18661209e-02,1.44696716e+02,1.64632390e-02,7.00839312e-03,2.46188262e+01,2.22870135e-04,-3.44824339e-04,1.80550878e-01,-5.12878889e-03,1.17888798e-02,-4.94563662e-03,1.94893559e-04,7.72410613e-05
7.11000000e+02,1.69318481e+02,1.70194762e-02,6.77724401e-03,1.75356529e-01,-4.74665177e-03,1.20653405e-02,1.44691250e+02,1.70589680e-02,7.11932369e-03,2.46272310e+01,-3.94917835e-05,-3.42079671e-04,1.80317615e-01,-5.02998235e-03,1.20638205e-02,-4.96108580e-03,2.83330581e-04,1.51993736e-06
7.12000000e+02,1.69335445e+02,1.72463217e-02,5.87707090e-03,1.75464993e-01,-5.18971482e-03,1.19368024e-02,1.44698057e+02,1.70748250e-02,6.24517216e-03,2.46373884e+01,1.71496755e-04,-3.68101261e-04,1.80401805e-01,-5.39590048e-03,1.18791418e-02,-4.93681262e-03,2.06185659e-04,5.76606029e-05
7.13000000e+02,1.69336820e+02,1.41934738e-02,7.27263785e-03,1.75236541e-01,-4.75248759e-03,1.11123429e-02,1.44691114e+02,1.42783057e-02,7.60093398e-03,2.46457058e+01,-8.48319002e-05,-3.28296129e-04,1.80189193e-01,-5.04291972e-03,1.11210434e-02,-4.95265215e-03,2.90432130e-04,-8.70055347e-06
7.14000000e+02,1.69355066e+02,1.68604610e-02,7.39237794e-03,1.75293523e-01,-5.36678749e-03,1.18694626e-02,1.44699192e+02,1.66279457e-02,7.74845440e-03,2.46558736e+01,2.32515330e-04,-3.56076459e-04,1.80222958e-01,-5.57072824e-03,1.17826775e-02,-4.92943500e-03,2.03940752e-04,8.67850762e-05
7.15000000e+02,1.69358118e+02,1.74253726e-02,7.04853498e-03,1.74993095e-01,-4.94142586e-03,1.23464657e-02,1.44693954e+02,1.74574114e-02,7.41009971e-03,2.46641640e+01,-3.20388570e-05,-3.61564725e-04,1.79937617e-01,-5.23462321e-03,1.23340224e-02,-4.94452258e-03,2.93197355e-04,1.24432473e-05
7.16000000e+02,1.69375308e+02,1.76978734e-02,5.98508292e-03,1.75068851e-01,-5.29637388e-03,1.22759919e-02,1.44701085e+02,1.75170158e-02,6.35778853e-03,2.46742229e+01,1.80857669e-04,-3.72705609e-04,1.79988654e-01,-5.50612528e-03,1.22106016e-02,-4.91980325e-03,2.09751397e-04,6.53903232e-05
7.17000000e+02,1.69377194e+02,1.45280407e-02,7.20849857e-03,1.74814082e-01,-4.78237994e-03,1.14317085e-02,1.44694739e+02,1.46138597e-02,7.54905585e-03,2.46824549e+01,-8.58189607e-05,-3.40557276e-04,1.79749742e-01,-5.08064013e-03,1.14403182e-02,-4.93565945e-03,2.98260190e-04,-8.60963681e-06
7.18000000e+02,1.69395883e+02,1.70155415e-02,7.00862285e-03,1.74843880e-01,-5.17957940e-03,1.19981714e-02,1.44703383e+02,1.67894009e-02,7.37669097e-03,2.46925002e+01,2.26140635e-04,-3.68068117e-04,1.79755797e-01,-5.38961945e-03,1.19183616e-02,-4.91191719e-03,2.10040050e-04,7.98098077e-05
7.19000000e+02,1.69399329e+02,1.73859788e-02,6.81017916e-03,1.74526407e-01,-4.81752418e-03,1.22654384e-02,1.44698674e+02,1.74241977e-02,7.17101590e-03,2.47006555e+01,-3.82188843e-05,-3.60836744e-04,1.79452570e-01,-5.11118225e-03,1.22594826e-02,-4.92616325e-03,2.93658074e-04,5.95577635e-06
7.20000000e+02,1.69416856e+02,1.76709382e-02,6.06255886e-03,1.74605103e-01,-5.37531855e-03,1.21731393e-02,1.44706288e+02,1.74819024e-02,6.43388998e-03,2.47105680e+01,1.89035826e-04,-3.71331118e-04,1.79505809e-01,-5.58524108e-03,1.21033787e-02,-4.90070617e-03,2.09922530e-04,6.97605964e-05
7.21000000e+02,1.69418928e+02,1.47901280e-02,7.45993146e-03,1.74370727e-01,-4.94784478e-03,1.15654210e-02,1.44700280e+02,1.48652533e-02,7.79310706e-03,2.47186482e+01,-7.51253186e-05,-3.33175602e-04,1.79286724e-01,-5.24183403e-03,1.15630365e-02,-4.91599642e-03,2.93989255e-04,2.38454527e-06
7.22000000e+02,1.69437745e+02,1.76973079e-02,7.53809320e-03,1.74411599e-01,-5.52905209e-03,1.24415537e-02,1.44709212e+02,1.74583566e-02,7.89899110e-03,2.47285325e+01,2.38951293e-04,-3.60897896e-04,1.79304001e-01,-5.73411947e-03,1.23509823e-02,-4.89240153e-03,2.05067375e-04,9.05714350e-05
7.23000000e+02,1.69441310e+02,1.82152899e-02,7.44081177e-03,1.74100689e-01,-5.22617104e-03,1.28347755e-02,1.44704757e+02,1.82476219e-02,7.79689018e-03,2.47365526e+01,-3.23320198e-05,-3.56078412e-04,1.79008078e-01,-5.51852357e-03,1.28230966e-02,-4.90738875e-03,2.92352529e-04,1.16788683e-05
7.24000000e+02,1.69458907e+02,1.84123747e-02,6.32114990e-03,1.74175381e-01,-5.63378040e-03,1.27881463e-02,1.44712559e+02,1.82325337e-02,6.69716578e-03,2.47463480e+01,1.79840984e-04,-3.76015880e-04,1.79057311e-01,-5.84393218e-03,1.27195151e-02,-4.88193041e-03,2.10151784e-04,6.86312499e-05
7.25000000e+02,1.69461115e+02,1.52754418e-02,7.61836431e-03,1.73949167e-01,-5.19062699e-03,1.19622385e-02,1.44706802e+02,1.53504586e-02,7.95763586e-03,2.47543129e+01,-7.50167944e-05,-3.39271547e-04,1.78845711e-01,-5.48582268e-03,1.19622626e-02,-4.89654418e-03,2.95195691e-04,-2.40735829e-08
7.26000000e+02,1.69480364e+02,1.80427081e-02,7.57371271e-03,1.74011219e-01,-5.70884389e-03,1.27593240e-02,1.44716241e+02,1.78084490e-02,7.94055376e-03,2.47641227e+01,2.34259088e-04,-3.66841045e-04,1.78883198e-01,-5.91779440e-03,1.26705338e-02,-4.87197881e-03,2.08950508e-04,8.87902388e-05
7.27000000e+02,1.69484348e+02,1.84471725e-02,7.36134175e-03,1.73740957e-01,-5.29529334e-03,1.30946404e-02,1.44712280e+02,1.84869504e-02,7.72341486e-03,2.47720687e+01,-3.97779587e-05,-3.62073102e-04,1.78626674e-01,-5.59420245e-03,1.30861692e-02,-4.88571712e-03,2.98909109e-04,8.47116218e-06
7.28000000e+02,1.69502444e+02,1.83791628e-02,6.50201718e-03,1.73853647e-01,-5.71261107e-03,1.28050975e-02,1.44720672e+02,1.82064176e-02,6.87381844e-03,2.47817727e+01,1.72745203e-04,-3.71801260e-04,1.78712959e-01,-5.92496540e-03,1.27433062e-02,-4.85931213e-03,2.12354336e-04,6.17912442e-05
7.29000000e+02,1.69505308e+02,1.52226798e-02,7.99298311e-03,1.73653386e-01,-5.39231431e-03,1.20239633e-02,1.44715674e+02,1.53148245e-02,8.32804087e-03,2.47896336e+01,-9.21446516e-05,-3.35057761e-04,1.78527122e-01,-5.68682121e-03,1.20339507e-02,-4.87373566e-03,2.94506901e-04,-9.98739773e-06
7.30000000e+02,1.69524937e+02,1.78466481e-02,8.18223119e-03,1.73735752e-01,-6.05980611e-03,1.26459017e-02,1.44725652e+02,1.76208410e-02,8.53532547e-03,2.47992842e+01,2.25807110e-04,-3.53094284e-04,1.78585108e-01,-6.26379420e-03,1.25641827e-02,-4.84935576e-03,2.03988091e-04,8.17190525e-05
7.31000000e+02,1.69529218e+02,1.82756456e-02,8.25456551e-03,1.73490997e-01,-5.82939741e-03,1.29249642e-02,1.44722163e+02,1.83160298e-02,8.60453549e-03,2.48070550e+01,-4.03841807e-05,-3.49969985e-04,1.78354313e-01,-6.11897450e-03,1.29189197e-02,-4.86331553e-03,2.89577087e-04,6.04450475e-06
7.32000000e+02,1.69547929e+02,1.82341936e-02,7.28210925e-03,1.73643471e-01,-6.20863969e-03,1.26702256e-02,1.44731344e+02,1.80599228e-02,7.64984460e-03,2.48165853e+01,1.74270773e-04,-3.67735347e-04,1.78481064e-01,-6.41815884e-03,1.26093748e-02,-4.83759292e-03,2.09519150e-04,6.08507413e-05
7.33000000e+02,1.69551177e+02,1.47385203e-02,8.41630099e-03,1.73473408e-01,-5.67967977e-03,1.16528562e-02,1.44726889e+02,1.48396644e-02,8.75287124e-03,2.48242878e+01,-1.01144094e-04,-3.36570253e-04,1.78325835e-01,-5.97590608e-03,1.16664593e-02,-4.85242735e-03,2.96226310e-04,-1.36030545e-05
7.34000000e+02,1.69571270e+02,1.71811942e-02,8.30891121e-03,1.73589345e-01,-6.17830557e-03,1.21635080e-02,1.44737467e+02,1.69619551e-02,8.66839559e-03,2.48338026e+01,2.19239143e-04,-3.59484379e-04,1.78417629e-01,-6.38336744e-03,1.20864147e-02,-4.82828375e-03,2.05061873e-04,7.70932763e-05
7.35000000e+02,1.69576078e+02,1.75080464e-02,8.41029079e-03,1.73361167e-01,-5.86686226e-03,1.24046663e-02,1.44734632e+02,1.75597146e-02,8.75507594e-03,2.48414460e+01,-5.16681992e-05,-3.44785151e-04,1.78203602e-01,-6.15640691e-03,1.24059978e-02,-4.84243510e-03,2.89544648e-04,-1.33146908e-06
7.36000000e+02,1.69595033e+02,1.70916236e-02,7.53735712e-03,1.73506281e-01,-6.28794620e-03,1.18993253e-02,1.44744219e+02,1.69296455e-02,7.89854637e-03,2.48508136e+01,1.61978050e-04,-3.61189258e-04,1.78322880e-01,-6.49481271e-03,1.18454267e-02,-4.81659945e-03,2.06866512e-04,5.38986689e-05
7.37000000e+02,1.69598421e+02,1.37077564e-02,8.94401756e-03,1.73338241e-01,-5.87666176e-03,1.08285214e-02,1.44740058e+02,1.37973322e-02,9.26830805e-03,2.48583633e+01,-8.95757247e-05,-3.24290489e-04,1.78169105e-01,-6.16685324e-03,1.08400238e-02,-4.83086387e-03,2.90191480e-04,-1.15023304e-05
7.38000000e+02,1.69618606e+02,1.62726896e-02,8.77862917e-03,1.73442148e-01,-6.36893856e-03,1.14856843e-02,1.44750897e+02,1.60414258e-02,9.13372868e-03,2.48677086e+01,2.31263805e-04,-3.55099510e-04,1.78248946e-01,-6.57040586e-03,1.13986117e-02,-4.80679724e-03,2.01467300e-04,8.70725993e-05
7.39000000e+02,1.69623528e+02,1.65876535e-02,8.45285809e-03,1.73159868e-01,-5.86310614e-03,1.18670646e-02,1.44748317e+02,1.66294532e-02,8.80471920e-03,2.48752109e+01,-4.17997352e-05,-3.51861110e-04,1.77980758e-01,-6.15095205e-03,1.18538572e-02,-4.82088993e-03,2.87845901e-04,1.32074292e-05
7.40000000e+02,1.69642487e+02,1.64458383e-02,7.01308363e-03,1.73273734e-01,-5.98881641e-03,1.15710267e-02,1.44758008e+02,1.62614350e-02,7.38015193e-03,2.48844795e+01,1.84403292e-04,-3.67068296e-04,1.78068410e-01,-6.19364642e-03,1.14987665e-02,-4.79467593e-03,2.04830015e-04,7.22602460e-05
7.41000000e+02,1.69645828e+02,1.32481040e-02,7.76365480e-03,1.73057428e-01,-5.26117555e-03,1.06955717e-02,1.44753923e+02,1.33189374e-02,8.09165113e-03,2.48919052e+01,-7.08334165e-05,-3.27996337e-04,1.77866671e-01,-5.55090847e-03,1.06930978e-02,-4.80924214e-03,2.89732916e-04,2.47399203e-06
7.42000000e+02,1.69665806e+02,1.57939621e-02,7.27553268e-03,1.73092702e-01,-5.50338206e-03,1.12470741e-02,1.44764665e+02,1.55459839e-02,7.62728850e-03,2.49011406e+01,2.47978167e-04,-3.51755823e-04,1.77877893e-01,-5.70248093e-03,1.11517525e-02,-4.78519086e-03,1.99098872e-04,9.53215696e-05
7.43000000e+02,1.69670652e+02,1.61291767e-02,7.01218432e-03,1.72770237e-01,-5.00946115e-03,1.15670440e-02,1.44762124e+02,1.61607726e-02,7.35466448e-03,2.49085280e+01,-3.15959109e-05,-3.42480162e-04,1.77569604e-01,-5.29218695e-03,1.15495409e-02,-4.79936699e-03,2.82725802e-04,1.75030278e-05
7.44000000e+02,1.69689771e+02,1.60079665e-02,5.68837700e-03,1.72840226e-01,-5.10998763e-03,1.12602412e-02,1.44772121e+02,1.58182166e-02,6.03716072e-03,2.49176502e+01,1.89749931e-04,-3.48783728e-04,1.77613484e-01,-5.30749567e-03,1.11819845e-02,-4.77325838e-03,1.97508039e-04,7.82566683e-05
7.45000000e+02,1.69693528e+02,1.29574436e-02,6.57960918e-03,1.72598579e-01,-4.39472871e-03,1.04688961e-02,1.44768630e+02,1.30240934e-02,6.88788714e-03,2.49248981e+01,-6.66498365e-05,-3.08277964e-04,1.77386224e-01,-4.67369798e-03,1.04608875e-02,-4.78764514e-03,2.78969273e-04,8.00853640e-06
7.46000000e+02,1.69713846e+02,1.55805372e-02,6.44073285e-03,1.72621976e-01,-4.94079909e-03,1.11266139e-02,1.44779882e+02,1.53312445e-02,6.77817344e-03,2.49339632e+01,2.49292702e-04,-3.37440599e-04,1.77385311e-01,-5.12920344e-03,1.10263447e-02,-4.76333557e-03,1.88404350e-04,1.00269126e-04
7.47000000e+02,1.69719117e+02,1.60650909e-02,6.46325177e-03,1.72302262e-01,-4.61382094e-03,1.15795181e-02,1.44777957e+02,1.60902406e-02,6.79295999e-03,2.49411603e+01,-2.51496629e-05,-3.29708229e-04,1.77079378e-01,-4.88758104e-03,1.15554556e-02,-4.77711630e-03,2.73760093e-04,2.40625025e-05
7.48000000e+02,1.69738322e+02,1.65366019e-02,5.45402180e-03,1.72358588e-01,-4.97085671e-03,1.15797092e-02,1.44788213e+02,1.63379019e-02,5.79593735e-03,2.49501085e+01,1.98699953e-04,-3.41915549e-04,1.77109029e-01,-5.16087372e-03,1.14981827e-02,-4.75044147e-03,1.90017009e-04,8.15265078e-05
7.49000000e+02,1.69742329e+02,1.36679325e-02,6.74091695e-03,1.72129514e-01,-4.56752459e-03,1.08255003e-02,1.44785095e+02,1.37308464e-02,7.04547174e-03,2.49572343e+01,-6.29139828e-05,-3.04554790e-04,1.76893870e-01,-4.84153086e-03,1.08146455e-02,-4.76435551e-03,2.74006272e-04,1.08547834e-05
7.50000000e+02,1.69762851e+02,1.60806717e-02,6.73724814e-03,1.72170982e-01,-5.15327307e-03,1.14919204e-02,1.44796688e+02,1.58387517e-02,7.06724338e-03,2.49661631e+01,2.41919998e-04,-3.29995239e-04,1.76910396e-01,-5.33839728e-03,1.13918293e-02,-4.73941372e-03,1.85124208e-04,1.00091056e-04
7.51000000e+02,1.69768487e+02,1.64724243e-02,6.94787221e-03,1.71901159e-01,-4.89676851e-03,1.18772208e-02,1.44795252e+02,1.64993181e-02,7.27042359e-03,2.49732358e+01,-2.68938383e-05,-3.22551386e-04,1.76653534e-01,-5.16865772e-03,1.18548446e-02,-4.75237454e-03,2.71889216e-04,2.23762248e-05
7.52000000e+02,1.69788116e+02,1.67394243e-02,5.93848704e-03,1.72026064e-01,-5.24437265e-03,1.16464353e-02,1.44806034e+02,1.65388736e-02,6.27912639e-03,2.49820820e+01,2.00550708e-04,-3.40639348e-04,1.76751723e-01,-5.43292282e-03,1.15651571e-02,-4.72565846e-03,1.88550176e-04,8.12781657e-05
7.53000000e+02,1.69792360e+02,1.41227770e-02,7.16867363e-03,1.71850703e-01,-4.82299999e-03,1.10517820e-02,1.44803278e+02,1.41866332e-02,7.47128310e-03,2.49890817e+01,-6.38562463e-05,-3.02609466e-04,1.76590098e-01,-5.09610764e-03,1.10410997e-02,-4.73939545e-03,2.73107646e-04,1.06823891e-05
7.54000000e+02,1.69813318e+02,1.67060415e-02,7.26534254e-03,1.71960936e-01,-5.45538963e-03,1.18097311e-02,1.44815430e+02,1.64668497e-02,7.59091300e-03,2.49978886e+01,2.39191754e-04,-3.25570455e-04,1.76675403e-01,-5.64094973e-03,1.17116158e-02,-4.71446735e-03,1.85560102e-04,9.81153442e-05
7.55000000e+02,1.69819083e+02,1.70200711e-02,7.44692643e-03,1.71710180e-01,-5.17998223e-03,1.22333641e-02,1.44814220e+02,1.70603120e-02,7.76871332e-03,2.50048631e+01,-4.02408264e-05,-3.21786887e-04,1.76437971e-01,-5.44896161e-03,1.22158508e-02,-4.72779142e-03,2.68979377e-04,1.75132996e-05
7.56000000e+02,1.69838911e+02,1.72897951e-02,6.45989504e-03,1.71878331e-01,-5.59342391e-03,1.21145900e-02,1.44825392e+02,1.71043729e-02,6.79682166e-03,2.50135190e+01,1.85422260e-04,-3.36926618e-04,1.76579382e-01,-5.77897227e-03,1.20399996e-02,-4.70105120e-03,1.85548363e-04,7.45904090e-05
7.57000000e+02,1.69843072e+02,1.43880475e-02,7.68323002e-03,1.71689214e-01,-5.06637659e-03,1.13617599e-02,1.44822793e+02,1.44639618e-02,7.97594948e-03,2.50202790e+01,-7.59143195e-05,-2.92719458e-04,1.76404504e-01,-5.33354307e-03,1.13573790e-02,-4.71529001e-03,2.67166484e-04,4.38093132e-06
7.58000000e+02,1.69863933e+02,1.68132433e-02,7.39263010e-03,1.71814143e-01,-5.54188079e-03,1.20191008e-02,1.44835043e+02,1.65815360e-02,7.71639207e-03,2.50288901e+01,2.31707346e-04,-3.23761968e-04,1.76505016e-01,-5.72105177e-03,1.19281953e-02,-4.69087250e-03,1.79170972e-04,9.09055645e-05
7.59000000e+02,1.69869887e+02,1.70978036e-02,7.47800995e-03,1.71586198e-01,-5.24792914e-03,1.23176320e-02,1.44834134e+02,1.71391941e-02,7.79585977e-03,2.50357530e+01,-4.13905159e-05,-3.17849822e-04,1.76290628e-01,-5.51506218e-03,1.23059298e-02,-4.70443037e-03,2.67133038e-04,1.17021309e-05
7.60000000e+02,1.69889923e+02,1.70731890e-02,6.35219475e-03,1.71745593e-01,-5.52868544e-03,1.19156096e-02,1.44845608e+02,1.68923946e-02,6.69049115e-03,2.50443147e+01,1.80794446e-04,-3.38296401e-04,1.76423786e-01,-5.71408883e-03,1.18478052e-02,-4.67819260e-03,1.85403382e-04,6.78043779e-05
7.61000000e+02,1.69894475e+02,1.38829865e-02,7.39212867e-03,1.71563842e-01,-4.84387387e-03,1.09721420e-02,1.44843486e+02,1.39646990e-02,7.68683692e-03,2.50509890e+01,-8.17125773e-05,-2.94708252e-04,1.76256402e-01,-5.11352653e-03,1.09725149e-02,-4.69256059e-03,2.69652656e-04,-3.72929583e-07
7.62000000e+02,1.69915799e+02,1.60629507e-02,7.22295181e-03,1.71659842e-01,-5.29597057e-03,1.14416223e-02,1.44856244e+02,1.58339432e-02,7.54842407e-03,2.50595551e+01,2.29007431e-04,-3.25472261e-04,1.76328392e-01,-5.47964460e-03,1.13504187e-02,-4.66855003e-03,1.83674027e-04,9.12035543e-05
7.63000000e+02,1.69921795e+02,1.62074896e-02,6.97779644e-03,1.71379428e-01,-4.87625955e-03,1.16260446e-02,1.44855619e+02,1.62489870e-02,7.30091305e-03,2.50661759e+01,-4.14974028e-05,-3.23116612e-04,1.76062216e-01,-5.14368051e-03,1.16148548e-02,-4.68278785e-03,2.67420956e-04,1.11898350e-05
7.64000000e+02,1.69941653e+02,1.59928517e-02,5.91291912e-03,1.71482590e-01,-5.19557558e-03,1.11543920e-02,1.44867125e+02,1.58165353e-02,6.24484793e-03,2.50745275e+01,1.76316378e-04,-3.31928811e-04,1.76139630e-01,-5.37802500e-03,1.10873245e-02,-4.65703979e-03,1.82449424e-04,6.70675550e-05
7.65000000e+02,1.69946189e+02,1.26842987e-02,6.92943490e-03,1.71254129e-01,-4.50722913e-03,1.00859046e-02,1.44865066e+02,1.27670374e-02,7.21959122e-03,2.50811231e+01,-8.27387183e-05,-2.90156311e-04,1.75925852e-01,-4.77205546e-03,1.00888986e-02,-4.67172319e-03,2.64826338e-04,-2.99402093e-06
7.66000000e+02,1.69967503e+02,1.50626418e-02,6.48293076e-03,1.71294296e-01,-4.73682742e-03,1.05804199e-02,1.44878005e+02,1.48310165e-02,6.80029547e-03,2.50894978e+01,2.31625225e-04,-3.17364707e-04,1.75941847e-01,-4.91330134e-03,1.04945927e-02,-4.64755124e-03,1.76473920e-04,8.58272832e-05
7.67000000e+02,1.69973437e+02,1.52104267e-02,6.18206081e-03,1.70979508e-01,-4.21199817e-03,1.08051846e-02,1.44877385e+02,1.52514101e-02,6.49196832e-03,2.50960513e+01,-4.09833534e-05,-3.09907509e-04,1.75640759e-01,-4.47527376e-03,1.07924126e-02,-4.66125143e-03,2.63275589e-04,1.27719978e-05
7.68000000e+02,1.69993233e+02,1.53153154e-02,4.84753261e-03,1.71029146e-01,-4.39953227e-03,1.05492734e-02,1.44888874e+02,1.51323918e-02,5.17987477e-03,2.51043599e+01,1.82923623e-04,-3.32342155e-04,1.75663809e-01,-4.58096536e-03,1.04776958e-02,-4.63466330e-03,1.81433087e-04,7.15776745e-05
7.69000000e+02,1.69997702e+02,1.23213728e-02,6.10276040e-03,1.70749225e-01,-3.86843111e-03,9.72147485e-03,1.44886837e+02,1.23969855e-02,6.38586735e-03,2.51108645e+01,-7.56126457e-05,-2.83106950e-04,1.75397408e-01,-4.12715493e-03,9.71681873e-03,-4.64818340e-03,2.58723819e-04,4.65611472e-06
7.70000000e+02,1.70018979e+02,1.49863505e-02,5.95716266e-03,1.70767964e-01,-4.29474866e-03,1.05029437e-02,1.44899798e+02,1.47449271e-02,6.26242715e-03,2.51191818e+01,2.41423390e-04,-3.05264488e-04,1.75390901e-01,-4.46426998e-03,1.04040715e-02,-4.62293619e-03,1.69521321e-04,9.88722636e-05
7.71000000e+02,1.70025050e+02,1.54572794e-02,5.77917801e-03,1.70434754e-01,-3.87833619e-03,1.09527048e-02,1.44899415e+02,1.54861209e-02,6.08065913e-03,2.51256353e+01,-2.88415002e-05,-3.01481119e-04,1.75070386e-01,-4.13431113e-03,1.09304217e-02,-4.63563127e-03,2.55974932e-04,2.22830211e-05
7.72000000e+02,1.70045194e+02,1.52467508e-02,4.36969445e-03,1.70501825e-01,-4.05439362e-03,1.05509292e-02,1.44911355e+02,1.50624044e-02,4.69238867e-03,2.51338389e+01,1.84346368e-04,-3.22694225e-04,1.75110198e-01,-4.22769635e-03,1.04747126e-02,-4.60837310e-03,1.73302733e-04,7.62166137e-05
7.73000000e+02,1.70049952e+02,1.22725040e-02,5.59513252e-03,1.70254614e-01,-3.55187210e-03,9.66646551e-03,1.44909738e+02,1.23349602e-02,5.87215772e-03,2.51402140e+01,-6.24562013e-05,-2.77025198e-04,1.74876116e-01,-3.80482345e-03,9.65547569e-03,-4.62150128e-03,2.52951354e-04,1.09898192e-05
7.74000000e+02,1.70071542e+02,1.48059660e-02,5.26881445e-03,1.70298419e-01,-3.87153438e-03,1.03279263e-02,1.44923156e+02,1.45592208e-02,5.57043586e-03,2.51483863e+01,2.46745180e-04,-3.01621414e-04,1.74894533e-01,-4.03487978e-03,1.02243251e-02,-4.59611358e-03,1.63345400e-04,1.03601214e-04
7.75000000e+02,1.70077863e+02,1.49157905e-02,5.19512521e-03,1.70004532e-01,-3.52283256e-03,1.06070541e-02,1.44923161e+02,1.49482790e-02,5.48250136e-03,2.51547015e+01,-3.24885269e-05,-2.87376150e-04,1.74613224e-01,-3.76822387e-03,1.05840263e-02,-4.60869189e-03,2.45391309e-04,2.30278427e-05
7.76000000e+02,1.70097976e+02,1.49246358e-02,4.23905405e-03,1.70119633e-01,-3.92644692e-03,1.03302103e-02,1.44935232e+02,1.47273032e-02,4.53555528e-03,2.51627448e+01,1.97332572e-04,-2.96501226e-04,1.74701011e-01,-4.08693646e-03,1.02468945e-02,-4.58137837e-03,1.60489541e-04,8.33158774e-05
7.77000000e+02,1.70102818e+02,1.19656176e-02,5.65515502e-03,1.69925836e-01,-3.54092458e-03,9.57184261e-03,1.44933836e+02,1.20285529e-02,5.91737766e-03,2.51689824e+01,-6.29352932e-05,-2.62222643e-04,1.74520317e-01,-3.78395477e-03,9.55605412e-03,-4.59448149e-03,2.43030181e-04,1.57884921e-05
7.78000000e+02,1.70124431e+02,1.45256832e-02,5.51569734e-03,1.70002829e-01,-3.95666613e-03,1.02076372e-02,1.44947421e+02,1.42775006e-02,5.81479877e-03,2.51770103e+01,2.48182521e-04,-2.99101434e-04,1.74571761e-01,-4.11921023e-03,1.01030155e-02,-4.56893266e-03,1.62544104e-04,1.04621606e-04
7.79000000e+02,1.70130610e+02,1.48258065e-02,5.33352613e-03,1.69755558e-01,-3.48550814e-03,1.05968613e-02,1.44947459e+02,1.48526448e-02,5.62839434e-03,2.51831513e+01,-2.68382764e-05,-2.94868210e-04,1.74336984e-01,-3.73525151e-03,1.05692757e-02,-4.58142559e-03,2.49743370e-04,2.75856213e-05
7.80000000e+02,1.70150619e+02,1.49285689e-02,4.06096899e-03,1.69893748e-01,-3.78858652e-03,1.04017006e-02,1.44959566e+02,1.47318186e-02,4.37110819e-03,2.51910533e+01,1.96750210e-04,-3.10139205e-04,1.74447628e-01,-3.95135611e-03,1.03191518e-02,-4.55387985e-03,1.62769593e-04,8.25487190e-05
7.81000000e+02,1.70155277e+02,1.19032132e-02,5.24199775e-03,1.69714290e-01,-3.31492936e-03,9.51403994e-03,1.44958134e+02,1.19701086e-02,5.50837156e-03,2.51971428e+01,-6.68954278e-05,-2.66373816e-04,1.74281459e-01,-3.55935807e-03,9.50137310e-03,-4.56716908e-03,2.44428707e-04,1.26668408e-05
7.82000000e+02,1.70176522e+02,1.41915423e-02,5.20561901e-03,1.69827206e-01,-3.80427269e-03,1.00473578e-02,1.44971486e+02,1.39508841e-02,5.49745415e-03,2.52050362e+01,2.40658216e-04,-2.91835140e-04,1.74369290e-01,-3.96206926e-03,9.94883853e-03,-4.54208352e-03,1.57796570e-04,9.85192769e-05
7.83000000e+02,1.70182677e+02,1.43438340e-02,5.42956474e-03,1.69601987e-01,-3.58638036e-03,1.02750014e-02,1.44971615e+02,1.43717298e-02,5.71156697e-03,2.52110617e+01,-2.78957287e-05,-2.82002235e-04,1.74157205e-01,-3.83081029e-03,1.02535645e-02,-4.55521814e-03,2.44429933e-04,2.14369746e-05
7.84000000e+02,1.70202695e+02,1.42353043e-02,3.98348581e-03,1.69752145e-01,-3.69767042e-03,9.87363878e-03,1.44983864e+02,1.40344326e-02,4.28943557e-03,2.52188310e+01,2.00871755e-04,-3.05949763e-04,1.74280518e-01,-3.86042834e-03,9.79081153e-03,-4.52837333e-03,1.62757929e-04,8.28272538e-05
7.85000000e+02,1.70207428e+02,1.10305793e-02,5.18533956e-03,1.69565282e-01,-3.17582116e-03,8.90885834e-03,1.44982642e+02,1.10956539e-02,5.44423979e-03,2.52247866e+01,-6.50745477e-05,-2.58900227e-04,1.74107325e-01,-3.41831136e-03,8.89401875e-03,-4.54204303e-03,2.42490196e-04,1.48395829e-05
7.86000000e+02,1.70228788e+02,1.36531662e-02,5.13690464e-03,1.69658823e-01,-3.66384239e-03,9.63963937e-03,1.44996236e+02,1.34032321e-02,5.41969112e-03,2.52325514e+01,2.49934061e-04,-2.82786486e-04,1.74175986e-01,-3.81518684e-03,9.53483204e-03,-4.51716345e-03,1.51344444e-04,1.04807332e-04
7.87000000e+02,1.70234843e+02,1.36769849e-02,5.47301726e-03,1.69371933e-01,-3.61830913e-03,9.85795560e-03,1.44996448e+02,1.37070862e-02,5.74542269e-03,2.52383954e+01,-3.01013143e-05,-2.72405429e-04,1.73902457e-01,-3.85119892e-03,9.83593231e-03,-4.53052441e-03,2.32889792e-04,2.20232943e-05
7.88000000e+02,1.70254761e+02,1.35675440e-02,4.46492056e-03,1.69461892e-01,-4.05173328e-03,9.44322057e-03,1.45008737e+02,1.33766159e-02,4.75810898e-03,2.52460235e+01,1.90928190e-04,-2.93188420e-04,1.73965789e-01,-4.20453518e-03,9.36364257e-03,-4.50389732e-03,1.52801894e-04,7.95779949e-05
7.89000000e+02,1.70259117e+02,1.07154241e-02,5.60141627e-03,1.69223908e-01,-3.49648962e-03,8.66236335e-03,1.45007278e+02,1.07734439e-02,5.85950273e-03,2.52518389e+01,-5.80197386e-05,-2.58086460e-04,1.73741383e-01,-3.73752398e-03,8.64574969e-03,-4.51747477e-03,2.41034358e-04,1.66136642e-05
7.90000000e+02,1.70280058e+02,1.31549916e-02,5.30931792e-03,1.69265446e-01,-3.81704830e-03,9.31668171e-03,1.45020609e+02,1.29025451e-02,5.59555199e-03,2.52594489e+01,2.52446500e-04,-2.86234069e-04,1.73757792e-01,-3.97166917e-03,9.20889456e-03,-4.49234603e-03,1.54620870e-04,1.07787155e-04
7.91000000e+02,1.70285703e+02,1.35279688e-02,5.29199703e-03,1.68947722e-01,-3.49379859e-03,9.71364292e-03,1.45020514e+02,1.35405616e-02,5.56926747e-03,2.52651885e+01,-1.25927957e-05,-2.77270441e-04,1.73452775e-01,-3.73135638e-03,9.68184927e-03,-4.50505292e-03,2.37557791e-04,3.17936471e-05
7.92000000e+02,1.70305300e+02,1.35868559e-02,4.04289832e-03,1.69047215e-01,-3.64698727e-03,9.39999512e-03,1.45032617e+02,1.33727287e-02,4.33684822e-03,2.52726826e+01,2.14127229e-04,-2.93949903e-04,1.73525049e-01,-3.80440041e-03,9.30939942e-03,-4.47783439e-03,1.57413139e-04,9.05956961e-05
7.93000000e+02,1.70309557e+02,1.07550297e-02,5.16946591e-03,1.68814194e-01,-3.05994586e-03,8.76702034e-03,1.45031208e+02,1.08126309e-02,5.42544523e-03,2.52783496e+01,-5.76011978e-05,-2.55979325e-04,1.73305127e-01,-3.30139755e-03,8.74557272e-03,-4.49093344e-03,2.41451692e-04,2.14476237e-05
7.94000000e+02,1.70330379e+02,1.34168616e-02,5.05972649e-03,1.68861236e-01,-3.46544566e-03,9.48108786e-03,1.45044584e+02,1.31572535e-02,5.34989949e-03,2.52857955e+01,2.59608116e-04,-2.90172993e-04,1.73326392e-01,-3.62323041e-03,9.37122058e-03,-4.46515571e-03,1.57784751e-04,1.09867284e-04
7.95000000e+02,1.70335986e+02,1.38905020e-02,4.85913553e-03,1.68591860e-01,-3.08734267e-03,9.83522200e-03,1.45044619e+02,1.39010242e-02,5.14937040e-03,2.52913673e+01,-1.05222096e-05,-2.90234871e-04,1.73069152e-01,-3.33129948e-03,9.80432177e-03,-4.47729162e-03,2.43956811e-04,3.09002318e-05
7.96000000e+02,1.70355594e+02,1.38109407e-02,3.34929456e-03,1.68702623e-01,-3.21181365e-03,9.53983077e-03,1.45056913e+02,1.36097746e-02,3.65290352e-03,2.52986810e+01,2.01166154e-04,-3.03608962e-04,1.73152304e-01,-3.37159322e-03,9.45475426e-03,-4.44968037e-03,1.59779571e-04,8.50765140e-05
7.97000000e+02,1.70359761e+02,1.08939658e-02,4.68246240e-03,1.68494727e-01,-2.69973713e-03,8.84661771e-03,1.45055599e+02,1.09521089e-02,4.93241936e-03,2.53041621e+01,-5.81431011e-05,-2.49956960e-04,1.72957407e-01,-2.93912510e-03,8.82554798e-03,-4.46268013e-03,2.39387971e-04,2.10697327e-05
7.98000000e+02,1.70380260e+02,1.36592384e-02,4.60355287e-03,1.68576323e-01,-3.15141918e-03,9.64075977e-03,1.45068814e+02,1.33993071e-02,4.88781885e-03,2.53114459e+01,2.59931320e-04,-2.84265978e-04,1.73013544e-01,-3.30285535e-03,9.53018569e-03,-4.43722165e-03,1.51436172e-04,1.10574075e-04
7.99000000e+02,1.70385690e+02,1.42338983e-02,4.64325116e-03,1.68311630e-01,-2.91456645e-03,1.01201042e-02,1.45068841e+02,1.42489927e-02,4.92071627e-03,2.53168491e+01,-1.50943548e-05,-2.77465102e-04,1.72761543e-01,-3.15128001e-03,1.00877998e-02,-4.44991264e-03,2.36713563e-04,3.23043926e-05
8.00000000e+02,1.70405102e+02,1.42726296e-02,3.21360615e-03,1.68430942e-01,-3.08203392e-03,9.92419210e-03,1.45081101e+02,1.40716281e-02,3.51168733e-03,2.53240011e+01,2.01001588e-04,-2.98081175e-04,1.72853777e-01,-3.23767531e-03,9.83841063e-03,-4.42283421e-03,1.55641388e-04,8.57814729e-05
8.01000000e+02,1.70409173e+02,1.13483827e-02,4.31393042e-03,1.68234910e-01,-2.53516179e-03,9.20483260e-03,1.45079832e+02,1.14089657e-02,4.56197434e-03,2.53293405e+01,-6.05829989e-05,-2.48043917e-04,1.72671140e-01,-2.77138333e-03,9.18989641e-03,-4.43623031e-03,2.36221537e-04,1.49361913e-05
8.02000000e+02,1.70429780e+02,1.39647378e-02,4.25830403e-03,1.68300875e-01,-2.95967120e-03,9.87298009e-03,1.45093265e+02,1.37177633e-02,4.52892673e-03,2.53365150e+01,2.46974519e-04,-2.70622707e-04,1.72712038e-01,-3.10751832e-03,9.77193813e-03,-4.41116317e-03,1.47847117e-04,1.01041954e-04
8.03000000e+02,1.70435280e+02,1.45544765e-02,4.34710359e-03,1.68001451e-01,-2.73920972e-03,1.03568457e-02,1.45093450e+02,1.45818861e-02,4.62415155e-03,2.53418299e+01,-2.74096432e-05,-2.77047961e-04,1.72425563e-01,-2.97356363e-03,1.03320464e-02,-4.42411209e-03,2.34353906e-04,2.47992941e-05
8.04000000e+02,1.70454691e+02,1.45964103e-02,3.09407110e-03,1.68091373e-01,-3.02321221e-03,1.01989279e-02,1.45105807e+02,1.44034229e-02,3.39025796e-03,2.53488839e+01,1.92987456e-04,-2.96186857e-04,1.72488520e-01,-3.17658969e-03,1.01155227e-02,-4.39714752e-03,1.53377478e-04,8.34052334e-05
8.05000000e+02,1.70458731e+02,1.14203675e-02,4.20667790e-03,1.67861338e-01,-2.44880656e-03,9.46458908e-03,1.45104610e+02,1.14885096e-02,4.45280473e-03,2.53541210e+01,-6.81421931e-05,-2.46126823e-04,1.72271908e-01,-2.68398692e-03,9.44862016e-03,-4.41057011e-03,2.35180359e-04,1.59689215e-05
8.06000000e+02,1.70479263e+02,1.43809150e-02,3.95398675e-03,1.67905177e-01,-2.81669057e-03,1.03574357e-02,1.45118100e+02,1.41286249e-02,4.23241910e-03,2.53611628e+01,2.52290174e-04,-2.78432351e-04,1.72290768e-01,-2.96456723e-03,1.02533227e-02,-4.38559177e-03,1.47876655e-04,1.04112950e-04
8.07000000e+02,1.70484622e+02,1.47168571e-02,4.11819847e-03,1.67595305e-01,-2.66493841e-03,1.06505727e-02,1.45118266e+02,1.47405752e-02,4.39079516e-03,2.53663554e+01,-2.37180774e-05,-2.72596685e-04,1.71993758e-01,-2.89866538e-03,1.06248414e-02,-4.39845216e-03,2.33726967e-04,2.57312999e-05
8.08000000e+02,1.70503937e+02,1.45003664e-02,2.96123194e-03,1.67673851e-01,-2.96050461e-03,1.03050615e-02,1.45130627e+02,1.43175417e-02,3.25135188e-03,2.53733101e+01,1.82824726e-04,-2.90119944e-04,1.72045158e-01,-3.11326541e-03,1.02288136e-02,-4.37130724e-03,1.52760800e-04,7.62479265e-05
8.09000000e+02,1.70508098e+02,1.15563983e-02,4.26659110e-03,1.67448942e-01,-2.44492643e-03,9.52779967e-03,1.45129631e+02,1.16199770e-02,4.51122058e-03,2.53784676e+01,-6.35787134e-05,-2.44629473e-04,1.71833492e-01,-2.67845172e-03,9.51873819e-03,-4.38454996e-03,2.33525285e-04,9.06147242e-06
8.10000000e+02,1.70528844e+02,1.41652942e-02,4.11712217e-03,1.67525501e-01,-2.83828658e-03,1.01415788e-02,1.45143433e+02,1.39206988e-02,4.39052675e-03,2.53854107e+01,2.44595413e-04,-2.73404580e-04,1.71884820e-01,-2.98480253e-03,1.00438450e-02,-4.35931863e-03,1.46515949e-04,9.77338012e-05
8.11000000e+02,1.70534188e+02,1.43482948e-02,4.11427266e-03,1.67249664e-01,-2.62933057e-03,1.03825088e-02,1.45143697e+02,1.43837397e-02,4.38158218e-03,2.53904910e+01,-3.54449314e-05,-2.67309514e-04,1.71621770e-01,-2.85958765e-03,1.03640270e-02,-4.37210516e-03,2.30257072e-04,1.84818041e-05
8.12000000e+02,1.70553346e+02,1.41559201e-02,2.94603642e-03,1.67357792e-01,-2.92966722e-03,9.99550198e-03,1.45156030e+02,1.39679579e-02,3.23226724e-03,2.53973160e+01,1.87962264e-04,-2.86230822e-04,1.71702833e-01,-3.07805128e-03,9.92131383e-03,-4.34504043e-03,1.48384058e-04,7.41881490e-05
8.13000000e+02,1.70557140e+02,1.08726197e-02,4.36534074e-03,1.67166584e-01,-2.49952156e-03,8.97574811e-03,1.45154824e+02,1.09403726e-02,4.61129066e-03,2.54023158e+01,-6.77528322e-05,-2.45949916e-04,1.71524898e-01,-2.73121887e-03,8.96620046e-03,-4.35831378e-03,2.31697313e-04,9.54764504e-06
8.14000000e+02,1.70577480e+02,1.36959005e-02,4.33426677e-03,1.67244649e-01,-3.04214448e-03,9.64676037e-03,1.45168374e+02,1.34519281e-02,4.60905869e-03,2.54091065e+01,2.43972405e-04,-2.74791911e-04,1.71577658e-01,-3.18871528e-03,9.55027941e-03,-4.33300962e-03,1.46570794e-04,9.64809618e-05
8.15000000e+02,1.70582601e+02,1.40373797e-02,4.56149254e-03,1.66984127e-01,-2.87182717e-03,1.00666419e-02,1.45168574e+02,1.40738476e-02,4.82270555e-03,2.54140277e+01,-3.64678977e-05,-2.61213011e-04,1.71330089e-01,-3.09961471e-03,1.00487158e-02,-4.34596250e-03,2.27787544e-04,1.79261009e-05
8.16000000e+02,1.70601480e+02,1.39617341e-02,3.88227229e-03,1.67118791e-01,-3.44985912e-03,9.83414837e-03,1.45180804e+02,1.37766832e-02,4.16248076e-03,2.54206760e+01,1.85050869e-04,-2.80208476e-04,1.71437884e-01,-3.59697687e-03,9.75925346e-03,-4.31909217e-03,1.47117746e-04,7.48949107e-05
8.17000000e+02,1.70605111e+02,1.12536593e-02,5.14640779e-03,1.66926571e-01,-2.87814613e-03,9.13387417e-03,1.45179629e+02,1.13167258e-02,5.39017393e-03,2.54254822e+01,-6.30664922e-05,-2.43766148e-04,1.71259161e-01,-3.10983298e-03,9.12507937e-03,-4.33258993e-03,2.31686849e-04,8.79480620e-06
8.18000000e+02,1.70625259e+02,1.40808719e-02,4.98770686e-03,1.67021927e-01,-3.34287043e-03,9.89211639e-03,1.45193211e+02,1.38385592e-02,5.26505288e-03,2.54320475e+01,2.42312682e-04,-2.77346017e-04,1.71329477e-01,-3.48814515e-03,9.79714651e-03,-4.30754952e-03,1.45274722e-04,9.49698823e-05
8.19000000e+02,1.70630022e+02,1.42653379e-02,5.14441083e-03,1.66775996e-01,-3.25233511e-03,1.02428394e-02,1.45193247e+02,1.43056546e-02,5.41663803e-03,2.54367751e+01,-4.03166267e-05,-2.72227208e-04,1.71096411e-01,-3.48295870e-03,1.02233039e-02,-4.32041551e-03,2.30623589e-04,1.95354889e-05
8.20000000e+02,1.70648546e+02,1.43849472e-02,3.86730034e-03,1.66919450e-01,-3.54408329e-03,1.00360207e-02,1.45205312e+02,1.41915595e-02,4.16664814e-03,2.54432341e+01,1.93387701e-04,-2.99347795e-04,1.71213052e-01,-3.69738192e-03,9.95886622e-03,-4.29360149e-03,1.53298629e-04,7.71544769e-05
8.21000000e+02,1.70651946e+02,1.17770463e-02,5.02798598e-03,1.66727765e-01,-2.93838495e-03,9.53040172e-03,1.45204039e+02,1.18419579e-02,5.28054880e-03,2.54479071e+01,-6.49115448e-05,-2.52562822e-04,1.71035094e-01,-3.17530201e-03,9.51940744e-03,-4.30732863e-03,2.36917054e-04,1.09942819e-05
8.22000000e+02,1.70671871e+02,1.44236125e-02,4.70421822e-03,1.66823839e-01,-3.31186217e-03,1.03032300e-02,1.45217517e+02,1.41850715e-02,4.99637353e-03,2.54543548e+01,2.38541050e-04,-2.92155304e-04,1.71106529e-01,-3.46493751e-03,1.02058281e-02,-4.28268989e-03,1.53075341e-04,9.74018833e-05
8.23000000e+02,1.70676795e+02,1.49541393e-02,4.56167684e-03,1.66556354e-01,-3.03072774e-03,1.08010006e-02,1.45217822e+02,1.49858711e-02,4.84221970e-03,2.54589728e+01,-3.17318284e-05,-2.80542858e-04,1.70852507e-01,-3.26692510e-03,1.07805310e-02,-4.29615241e-03,2.36197360e-04,2.04695592e-05
8.24000000e+02,1.70695541e+02,1.52712788e-02,3.47171810e-03,1.66668914e-01,-3.31660056e-03,1.07017432e-02,1.45230210e+02,1.50849102e-02,3.76435689e-03,2.54653312e+01,1.86368607e-04,-2.92638788e-04,1.70938885e-01,-3.47094441e-03,1.06282245e-02,-4.26997022e-03,1.54343845e-04,7.35186132e-05
8.25000000e+02,1.70699017e+02,1.24489491e-02,4.66397799e-03,1.66420625e-01,-2.75527803e-03,1.00236639e-02,1.45229148e+02,1.25174563e-02,4.91456893e-03,2.54698689e+01,-6.85071497e-05,-2.50590937e-04,1.70704789e-01,-2.99230201e-03,1.00164508e-02,-4.28416366e-03,2.37023975e-04,7.21311473e-06
8.26000000e+02,1.70718859e+02,1.52016372e-02,4.44669244e-03,1.66437435e-01,-3.13844465e-03,1.08286420e-02,1.45242647e+02,1.49600519e-02,4.72767325e-03,2.54762114e+01,2.41585295e-04,-2.80980810e-04,1.70697123e-01,-3.29019029e-03,1.07330285e-02,-4.25968785e-03,1.51745643e-04,9.56135030e-05
8.27000000e+02,1.70723548e+02,1.56550906e-02,4.58144734e-03,1.66086020e-01,-2.98358426e-03,1.12807622e-02,1.45242835e+02,1.56885812e-02,4.85821681e-03,2.54807128e+01,-3.34906389e-05,-2.76769469e-04,1.70358960e-01,-3.21809238e-03,1.12618779e-02,-4.27293951e-03,2.34508124e-04,1.88842384e-05
8.28000000e+02,1.70742071e+02,1.59300740e-02,3.70355250e-03,1.66128153e-01,-3.47666449e-03,1.11329931e-02,1.45255096e+02,1.57426946e-02,3.99967515e-03,2.54869750e+01,1.87379432e-04,-2.96122652e-04,1.70374317e-01,-3.63172677e-03,1.10616434e-02,-4.24616386e-03,1.55062273e-04,7.13497556e-05
8.29000000e+02,1.70745203e+02,1.31741384e-02,4.98360249e-03,1.65826475e-01,-3.09492984e-03,1.05271719e-02,1.45253759e+02,1.32542825e-02,5.24507023e-03,2.54914439e+01,-8.01441547e-05,-2.61467732e-04,1.70086140e-01,-3.33387583e-03,1.05264269e-02,-4.25966509e-03,2.38945983e-04,7.45028341e-07
8.30000000e+02,1.70764834e+02,1.56345686e-02,4.50789337e-03,1.65806510e-01,-3.44240032e-03,1.12501488e-02,1.45267128e+02,1.54098121e-02,4.80316566e-03,2.54977059e+01,2.24756559e-04,-2.95272290e-04,1.70040965e-01,-3.59564906e-03,1.11630983e-02,-4.23445498e-03,1.53248736e-04,8.70505147e-05
8.31000000e+02,1.70769299e+02,1.58307950e-02,4.93617151e-03,1.65416097e-01,-3.38241480e-03,1.15326840e-02,1.45267192e+02,1.58740099e-02,5.20794369e-03,2.55021064e+01,-4.32149254e-05,-2.71772179e-04,1.69663134e-01,-3.61843749e-03,1.15214864e-02,-4.24703770e-03,2.36022684e-04,1.11975697e-05
8.32000000e+02,1.70787396e+02,1.57593900e-02,3.86206627e-03,1.65431470e-01,-3.69632891e-03,1.11024532e-02,1.45279131e+02,1.55787243e-02,4.15591305e-03,2.55082647e+01,1.80665710e-04,-2.93846778e-04,1.69650960e-01,-3.85362169e-03,1.10374180e-02,-4.21949041e-03,1.57292779e-04,6.50352205e-05
8.33000000e+02,1.70790077e+02,1.26607347e-02,5.02512138e-03,1.65122985e-01,-3.15135090e-03,1.02282120e-02,1.45277440e+02,1.27419372e-02,5.28463459e-03,2.55126374e+01,-8.12025232e-05,-2.59513212e-04,1.69355073e-01,-3.39117953e-03,1.02303465e-02,-4.23208791e-03,2.39828626e-04,-2.13453430e-06
8.34000000e+02,1.70809371e+02,1.48409478e-02,4.91117336e-03,1.65118352e-01,-3.68080725e-03,1.06994739e-02,1.45290544e+02,1.46178324e-02,5.19895856e-03,2.55188271e+01,2.23115358e-04,-2.87785195e-04,1.69324380e-01,-3.83428712e-03,1.06148162e-02,-4.20602816e-03,1.53479874e-04,8.46576757e-05
8.35000000e+02,1.70813531e+02,1.49546658e-02,5.43858520e-03,1.64788837e-01,-3.72507102e-03,1.09888789e-02,1.45290359e+02,1.50062778e-02,5.71110663e-03,2.55231721e+01,-5.16120107e-05,-2.72521428e-04,1.69007151e-01,-3.96169587e-03,1.09823037e-02,-4.21831389e-03,2.36624852e-04,6.57519424e-06
8.36000000e+02,1.70831526e+02,1.48829353e-02,4.66059351e-03,1.64875191e-01,-4.23709630e-03,1.05598884e-02,1.45302290e+02,1.47069836e-02,4.95340941e-03,2.55292357e+01,1.75951773e-04,-2.92815897e-04,1.69066086e-01,-4.39146572e-03,1.04969550e-02,-4.19089579e-03,1.54369422e-04,6.29334269e-05
8.37000000e+02,1.70834086e+02,1.17158508e-02,6.21638877e-03,1.64645164e-01,-4.01523663e-03,9.64532983e-03,1.45300581e+02,1.17983316e-02,6.47053225e-03,2.55335047e+01,-8.24807878e-05,-2.54143484e-04,1.68848789e-01,-4.25167774e-03,9.64771222e-03,-4.20362433e-03,2.36441102e-04,-2.38239452e-06
8.38000000e+02,1.70853242e+02,1.41084245e-02,6.15455229e-03,1.64718433e-01,-4.56149776e-03,1.02395056e-02,1.45313676e+02,1.38796927e-02,6.43967211e-03,2.55395660e+01,2.28731766e-04,-2.85119820e-04,1.68896449e-01,-4.71314096e-03,1.01531069e-02,-4.17801570e-03,1.51643207e-04,8.63987618e-05
8.39000000e+02,1.70857231e+02,1.44958235e-02,6.71814369e-03,1.64443057e-01,-4.55824464e-03,1.06248887e-02,1.45313453e+02,1.45336632e-02,6.99719906e-03,2.55437774e+01,-3.78397144e-05,-2.79055364e-04,1.68633212e-01,-4.79732813e-03,1.06122459e-02,-4.19015485e-03,2.39083499e-04,1.26427837e-05
8.40000000e+02,1.70875192e+02,1.45883992e-02,5.64418154e-03,1.64597485e-01,-4.88358676e-03,1.02788044e-02,1.45325460e+02,1.44010439e-02,5.95352366e-03,2.55497316e+01,1.87355303e-04,-3.09342115e-04,1.68760005e-01,-5.04713798e-03,1.02103413e-02,-4.16252024e-03,1.63551225e-04,6.84630636e-05
8.41000000e+02,1.70877747e+02,1.17098605e-02,6.68836860e-03,1.64438946e-01,-4.39596269e-03,9.50892719e-03,1.45323864e+02,1.17803949e-02,6.95944102e-03,2.55538826e+01,-7.05344427e-05,-2.71072418e-04,1.68614389e-01,-4.64507798e-03,9.50723297e-03,-4.17544289e-03,2.49115294e-04,1.69421882e-06
8.42000000e+02,1.70896904e+02,1.44316805e-02,6.64799460e-03,1.64571385e-01,-4.81607152e-03,1.03277446e-02,1.45337083e+02,1.41951419e-02,6.94532286e-03,2.55598211e+01,2.36538608e-04,-2.97328259e-04,1.68721856e-01,-4.98156106e-03,1.02385319e-02,-4.15047132e-03,1.65489534e-04,8.92126654e-05
8.43000000e+02,1.70900884e+02,1.45712287e-02,6.69528424e-03,1.64351728e-01,-4.44652243e-03,1.05313299e-02,1.45336976e+02,1.46083162e-02,6.99170660e-03,2.55639087e+01,-3.70874521e-05,-2.96422358e-04,1.68515345e-01,-4.69563312e-03,1.05159974e-02,-4.16361698e-03,2.49110686e-04,1.53324715e-05
8.44000000e+02,1.70918728e+02,1.47582629e-02,5.47437100e-03,1.64520520e-01,-4.81560506e-03,1.03202024e-02,1.45348996e+02,1.45697428e-02,5.79714450e-03,2.55697325e+01,1.88520065e-04,-3.22773498e-04,1.68657279e-01,-4.98454765e-03,1.02473949e-02,-4.13675813e-03,1.68942589e-04,7.28075346e-05
8.45000000e+02,1.70921003e+02,1.19489216e-02,6.58935922e-03,1.64379998e-01,-4.28745919e-03,9.72000526e-03,1.45347247e+02,1.20209535e-02,6.86095078e-03,2.55737558e+01,-7.20318908e-05,-2.71591559e-04,1.68530596e-01,-4.53791622e-03,9.71388101e-03,-4.15059737e-03,2.50457029e-04,6.12424074e-06
8.46000000e+02,1.70939950e+02,1.46390881e-02,6.26733099e-03,1.64506111e-01,-4.62099861e-03,1.05269956e-02,1.45360372e+02,1.44012220e-02,6.57517467e-03,2.55795775e+01,2.37866103e-04,-3.07843678e-04,1.68632297e-01,-4.78817827e-03,1.04349124e-02,-4.12618602e-03,1.67179664e-04,9.20831893e-05
8.47000000e+02,1.70943636e+02,1.51915904e-02,6.49724432e-03,1.64273181e-01,-4.40244561e-03,1.10554898e-02,1.45360086e+02,1.52253654e-02,6.79225479e-03,2.55835504e+01,-3.37749902e-05,-2.95010470e-04,1.68412896e-01,-4.65141535e-03,1.10389291e-02,-4.13971563e-03,2.48969744e-04,1.65606589e-05
8.48000000e+02,1.70961224e+02,1.54435084e-02,5.08078503e-03,1.64410753e-01,-4.62080576e-03,1.08814918e-02,1.45371967e+02,1.52565865e-02,5.40154393e-03,2.55892570e+01,1.86921895e-04,-3.20758893e-04,1.68524237e-01,-4.78888633e-03,1.08103882e-02,-4.11348425e-03,1.68080564e-04,7.11036523e-05
8.49000000e+02,1.70963290e+02,1.26341335e-02,6.05472744e-03,1.64228975e-01,-4.06855976e-03,1.02437849e-02,1.45370127e+02,1.27079124e-02,6.33307775e-03,2.55931636e+01,-7.37789165e-05,-2.78350309e-04,1.68356287e-01,-4.31905803e-03,1.02395786e-02,-4.12731261e-03,2.50498267e-04,4.20632831e-06
8.50000000e+02,1.70982053e+02,1.53968509e-02,6.04285842e-03,1.64316356e-01,-4.56044215e-03,1.11044199e-02,1.45383204e+02,1.51616413e-02,6.34243452e-03,2.55988492e+01,2.35209589e-04,-2.99576107e-04,1.68419286e-01,-4.72542866e-03,1.10132130e-02,-4.10293062e-03,1.64986512e-04,9.12068618e-05
8.51000000e+02,1.70985348e+02,1.58918970e-02,6.12015350e-03,1.64040251e-01,-4.20852868e-03,1.16345027e-02,1.45382656e+02,1.59313663e-02,6.41025192e-03,2.56026920e+01,-3.94692594e-05,-2.90098416e-04,1.68156724e-01,-4.45419261e-03,1.16215147e-02,-4.11647352e-03,2.45663926e-04,1.29879426e-05
8.52000000e+02,1.71002612e+02,1.60240746e-02,4.73551849e-03,1.64136288e-01,-4.43763825e-03,1.14000195e-02,1.45394341e+02,1.58397988e-02,5.05367343e-03,2.56082712e+01,1.84275770e-04,-3.18154937e-04,1.68226566e-01,-4.60412432e-03,1.13337908e-02,-4.09027782e-03,1.66486071e-04,6.62287494e-05
8.53000000e+02,1.71004409e+02,1.34793834e-02,5.85224280e-03,1.63919765e-01,-3.92326255e-03,1.08487506e-02,1.45392353e+02,1.35555023e-02,6.12423855e-03,2.56120562e+01,-7.61188978e-05,-2.71995748e-04,1.68023944e-01,-4.17149325e-03,1.08505771e-02,-4.10417966e-03,2.48230695e-04,-1.82653770e-06
8.54000000e+02,1.71023037e+02,1.61330260e-02,5.71047244e-03,1.63973722e-01,-4.43673058e-03,1.15172344e-02,1.45405390e+02,1.59018311e-02,6.01081933e-03,2.56176465e+01,2.31194956e-04,-3.00346883e-04,1.68053249e-01,-4.59639470e-03,1.14336296e-02,-4.07952646e-03,1.59664126e-04,8.36047391e-05
8.55000000e+02,1.71026238e+02,1.65078881e-02,6.03240870e-03,1.63696956e-01,-4.31503828e-03,1.18760721e-02,1.45404858e+02,1.65528025e-02,6.31812546e-03,2.56213803e+01,-4.49144130e-05,-2.85716759e-04,1.67789640e-01,-4.55540827e-03,1.18703222e-02,-4.09268448e-03,2.40369985e-04,5.74990892e-06
8.56000000e+02,1.71043205e+02,1.65928965e-02,5.08857571e-03,1.63794316e-01,-4.78456997e-03,1.17087166e-02,1.45416357e+02,1.64246242e-02,5.39576460e-03,2.56268486e+01,1.68272216e-04,-3.07188899e-04,1.67860515e-01,-4.94584265e-03,1.16498404e-02,-4.06619918e-03,1.61272679e-04,5.88761502e-05
8.57000000e+02,1.71044778e+02,1.34710063e-02,6.57554166e-03,1.63582481e-01,-4.42670869e-03,1.08838402e-02,1.45414256e+02,1.35619357e-02,6.83667885e-03,2.56305214e+01,-9.09293818e-05,-2.61137185e-04,1.67662188e-01,-4.67041475e-03,1.08913251e-02,-4.07970649e-03,2.43706059e-04,-7.48492242e-06
8.58000000e+02,1.71063141e+02,1.59306104e-02,6.63452602e-03,1.63641930e-01,-4.97852757e-03,1.14507346e-02,1.45427150e+02,1.57042916e-02,6.92654197e-03,2.56359914e+01,2.26318794e-04,-2.92015950e-04,1.67696778e-01,-5.13807081e-03,1.13693860e-02,-4.05484842e-03,1.59543250e-04,8.13485899e-05
8.59000000e+02,1.71066077e+02,1.63467367e-02,6.98143300e-03,1.63368558e-01,-4.90382858e-03,1.19161776e-02,1.45426479e+02,1.63947873e-02,7.27118984e-03,2.56395976e+01,-4.80506302e-05,-2.89756847e-04,1.67436383e-01,-5.14700979e-03,1.19102830e-02,-4.06782525e-03,2.43181210e-04,5.89457578e-06
8.60000000e+02,1.71083047e+02,1.62258477e-02,6.07973228e-03,1.63499734e-01,-5.41464203e-03,1.15097732e-02,1.45438085e+02,1.60475916e-02,6.38791037e-03,2.56449620e+01,1.78256104e-04,-3.08178088e-04,1.67540778e-01,-5.57502290e-03,1.14494850e-02,-4.04104379e-03,1.60380866e-04,6.02882204e-05
8.61000000e+02,1.71084603e+02,1.31653133e-02,7.64486786e-03,1.63351099e-01,-5.15300250e-03,1.06440980e-02,1.45436069e+02,1.32473317e-02,7.90692213e-03,2.56485331e+01,-8.20184109e-05,-2.62054270e-04,1.67405580e-01,-5.39294294e-03,1.06505415e-02,-4.05448070e-03,2.39940434e-04,-6.44357313e-06
8.62000000e+02,1.71102949e+02,1.55449662e-02,7.83235360e-03,1.63487862e-01,-5.86898848e-03,1.11454973e-02,1.45449072e+02,1.53240410e-02,8.12495404e-03,2.56538766e+01,2.20925203e-04,-2.92600443e-04,1.67517637e-01,-6.02622237e-03,1.10661356e-02,-4.02977485e-03,1.57233890e-04,7.93616141e-05
8.63000000e+02,1.71105836e+02,1.56631758e-02,8.16121081e-03,1.63289422e-01,-5.74545888e-03,1.14033898e-02,1.45448459e+02,1.57136627e-02,8.45037338e-03,2.56573768e+01,-5.04868739e-05,-2.89162574e-04,1.67332449e-01,-5.98872735e-03,1.14002698e-02,-4.04302736e-03,2.43268468e-04,3.11999007e-06
8.64000000e+02,1.71122668e+02,1.51018578e-02,6.96808988e-03,1.63474120e-01,-6.01531514e-03,1.08109098e-02,1.45460042e+02,1.49339263e-02,7.28647082e-03,2.56626258e+01,1.67931479e-04,-3.18380937e-04,1.67490972e-01,-6.18342401e-03,1.07521236e-02,-4.01685145e-03,1.68108868e-04,5.87862345e-05
8.65000000e+02,1.71124095e+02,1.20099669e-02,8.30739965e-03,1.63346990e-01,-5.51405337e-03,9.94639434e-03,1.45458020e+02,1.20911439e-02,8.58249426e-03,2.56660748e+01,-8.11769304e-05,-2.75094613e-04,1.67377794e-01,-5.76547423e-03,9.95178678e-03,-4.03080465e-03,2.51420858e-04,-5.39243834e-06
8.66000000e+02,1.71142102e+02,1.45580776e-02,7.94395701e-03,1.63481623e-01,-5.83982963e-03,1.05013652e-02,1.45470769e+02,1.43281988e-02,8.25955259e-03,2.56713333e+01,2.29878776e-04,-3.15595574e-04,1.67488151e-01,-6.00999804e-03,1.04197875e-02,-4.00652836e-03,1.70168417e-04,8.15776518e-05
8.67000000e+02,1.71144689e+02,1.48344950e-02,7.75893547e-03,1.63286059e-01,-5.46825820e-03,1.07940998e-02,1.45469951e+02,1.48803097e-02,8.06991199e-03,2.56747380e+01,-4.58147002e-05,-3.10976523e-04,1.67306135e-01,-5.72400495e-03,1.07887218e-02,-4.02007580e-03,2.55746751e-04,5.37795932e-06
8.68000000e+02,1.71161340e+02,1.45195217e-02,6.33716962e-03,1.63471421e-01,-5.57292282e-03,1.02426823e-02,1.45481459e+02,1.43430790e-02,6.67438045e-03,2.56798811e+01,1.76442707e-04,-3.37210824e-04,1.67465578e-01,-5.75201067e-03,1.01829669e-02,-3.99415698e-03,1.79087848e-04,5.97153527e-05
8.69000000e+02,1.71162524e+02,1.11249803e-02,7.29804797e-03,1.63332254e-01,-4.78824953e-03,9.38820734e-03,1.45479299e+02,1.12207139e-02,7.59015093e-03,2.56832242e+01,-9.57335926e-05,-2.92102961e-04,1.67340733e-01,-5.04792447e-03,9.39538333e-03,-4.00847904e-03,2.59674943e-04,-7.17598564e-06
8.70000000e+02,1.71180398e+02,1.35315022e-02,6.62975386e-03,1.63464702e-01,-4.88771052e-03,9.95750225e-03,1.45492030e+02,1.33066631e-02,6.95249375e-03,2.56883675e+01,2.24839117e-04,-3.22739896e-04,1.67449155e-01,-5.06004805e-03,9.87631928e-03,-3.98445299e-03,1.72337533e-04,8.11829611e-05
8.71000000e+02,1.71182800e+02,1.40952124e-02,6.39860151e-03,1.63271512e-01,-4.45960296e-03,1.03377610e-02,1.45491133e+02,1.41270632e-02,6.70511580e-03,2.56916669e+01,-3.18507861e-05,-3.06514288e-04,1.67269761e-01,-4.71292031e-03,1.03275754e-02,-3.99824891e-03,2.53317358e-04,1.01856327e-05
8.72000000e+02,1.71199222e+02,1.41672180e-02,5.07628229e-03,1.63444903e-01,-4.66877414e-03,1.01303303e-02,1.45502516e+02,1.39861960e-02,5.41038700e-03,2.56967057e+01,1.81022054e-04,-3.34104710e-04,1.67417617e-01,-4.84191506e-03,1.00647788e-02,-3.97271331e-03,1.73140917e-04,6.55514221e-05
8.73000000e+02,1.71200133e+02,1.13033196e-02,6.08260641e-03,1.63299921e-01,-4.03240172e-03,9.46441021e-03,1.45500191e+02,1.13758081e-02,6.37307526e-03,2.56999421e+01,-7.24885723e-05,-2.90468849e-04,1.67287296e-01,-4.28543822e-03,9.46262058e-03,-3.98737480e-03,2.53036497e-04,1.78963345e-06
8.74000000e+02,1.71217539e+02,1.40505266e-02,5.87214081e-03,1.63398595e-01,-4.39751125e-03,1.02059106e-02,1.45512587e+02,1.38083083e-02,6.18847517e-03,2.57049519e+01,2.42218206e-04,-3.16334361e-04,1.67362535e-01,-4.56753457e-03,1.01169455e-02,-3.96393959e-03,1.70023323e-04,8.89651270e-05
8.75000000e+02,1.71219589e+02,1.46745432e-02,5.73693660e-03,1.63138876e-01,-3.97710470e-03,1.07545808e-02,1.45511464e+02,1.47049853e-02,6.04195617e-03,2.57081245e+01,-3.04420780e-05,-3.05019575e-04,1.67117072e-01,-4.22818164e-03,1.07395052e-02,-3.97819597e-03,2.51076945e-04,1.50755502e-05
8.76000000e+02,1.71235688e+02,1.48733126e-02,4.35696549e-03,1.63240629e-01,-4.08136535e-03,1.06426943e-02,1.45522639e+02,1.46865312e-02,4.67759909e-03,2.57130489e+01,1.86781442e-04,-3.20633605e-04,1.67193086e-01,-4.25021952e-03,1.05730885e-02,-3.95245663e-03,1.68854163e-04,6.96058152e-05
8.77000000e+02,1.71236043e+02,1.22996484e-02,5.29289913e-03,1.63033255e-01,-3.40429530e-03,1.01185669e-02,1.45519883e+02,1.23612004e-02,5.56999361e-03,2.57161597e+01,-6.15519618e-05,-2.77094477e-04,1.67000278e-01,-3.65124844e-03,1.01111104e-02,-3.96702280e-03,2.46953137e-04,7.45645851e-06
8.78000000e+02,1.71253162e+02,1.56177938e-02,5.05898869e-03,1.63078352e-01,-3.85281770e-03,1.12319248e-02,1.45532089e+02,1.53701443e-02,5.36854435e-03,2.57210731e+01,2.47649505e-04,-3.09555653e-04,1.67021594e-01,-4.01249627e-03,1.11403328e-02,-3.94324167e-03,1.59678565e-04,9.15920403e-05
8.79000000e+02,1.71255051e+02,1.65482563e-02,5.44494872e-03,1.62778642e-01,-3.81192635e-03,1.19716796e-02,1.45530904e+02,1.65810067e-02,5.73590068e-03,2.57241474e+01,-3.27504029e-05,-2.90951966e-04,1.66735669e-01,-4.05069828e-03,1.19569090e-02,-3.95702628e-03,2.38771929e-04,1.47706322e-05
8.80000000e+02,1.71270889e+02,1.65690917e-02,4.27993091e-03,1.62858934e-01,-4.13554653e-03,1.18112183e-02,1.45541915e+02,1.63930875e-02,4.59131387e-03,2.57289736e+01,1.76004134e-04,-3.11382961e-04,1.66790350e-01,-4.29490129e-03,1.17470113e-02,-3.93141645e-03,1.59354753e-04,6.42069555e-05
8.81000000e+02,1.71271239e+02,1.37857720e-02,5.52107089e-03,1.62613374e-01,-3.54781476e-03,1.11545868e-02,1.45539216e+02,1.38599321e-02,5.78040291e-03,2.57320230e+01,-7.41601373e-05,-2.59332015e-04,1.66559092e-01,-3.78678748e-03,1.11568273e-02,-3.94571828e-03,2.38972717e-04,-2.24049157e-06
8.82000000e+02,1.71288301e+02,1.67200524e-02,5.43910767e-03,1.62634719e-01,-3.97043903e-03,1.20214264e-02,1.45551431e+02,1.64879602e-02,5.73431143e-03,2.57368699e+01,2.32092235e-04,-2.95203764e-04,1.66556281e-01,-4.12570385e-03,1.19392771e-02,-3.92156227e-03,1.55264825e-04,8.21493472e-05
8.83000000e+02,1.71289858e+02,1.72782214e-02,5.60678622e-03,1.62339147e-01,-3.70403902e-03,1.25638042e-02,1.45549976e+02,1.73279309e-02,5.89094545e-03,2.57398815e+01,-4.97095064e-05,-2.84159233e-04,1.66274213e-01,-3.94061477e-03,1.25588873e-02,-3.93506585e-03,2.36575748e-04,4.91691392e-06
8.84000000e+02,1.71305573e+02,1.68560959e-02,4.59481935e-03,1.62415759e-01,-4.19465890e-03,1.21148216e-02,1.45560949e+02,1.66932112e-02,4.91043950e-03,2.57446236e+01,1.62884609e-04,-3.15620148e-04,1.66324873e-01,-4.35229828e-03,1.20617376e-02,-3.90911367e-03,1.57639375e-04,5.30839748e-05
8.85000000e+02,1.71305775e+02,1.37752066e-02,5.70026921e-03,1.62178873e-01,-3.70964929e-03,1.12536536e-02,1.45558182e+02,1.38633376e-02,5.97695241e-03,2.57475932e+01,-8.81310208e-05,-2.76683201e-04,1.66101981e-01,-3.95044587e-03,1.12651269e-02,-3.92310820e-03,2.40796575e-04,-1.14733392e-05
8.86000000e+02,1.71322598e+02,1.62642086e-02,5.52023548e-03,1.62243017e-01,-4.12956073e-03,1.17596595e-02,1.45570251e+02,1.60418118e-02,5.82551099e-03,2.57523471e+01,2.22396761e-04,-3.05275507e-04,1.66141700e-01,-4.28817703e-03,1.16867264e-02,-3.89868309e-03,1.58616301e-04,7.29331273e-05
8.87000000e+02,1.71324024e+02,1.63656773e-02,5.58868449e-03,1.61986729e-01,-3.80720314e-03,1.20246087e-02,1.45568755e+02,1.64191817e-02,5.87749572e-03,2.57552690e+01,-5.35044817e-05,-2.88811227e-04,1.65898785e-01,-4.04449203e-03,1.20257234e-02,-3.91205566e-03,2.37288895e-04,-1.11470076e-06
8.88000000e+02,1.71339473e+02,1.59136015e-02,4.66456364e-03,1.62121337e-01,-4.33280710e-03,1.15051227e-02,1.45579539e+02,1.57489902e-02,4.97379888e-03,2.57599344e+01,1.64611336e-04,-3.09235243e-04,1.66007362e-01,-4.48770306e-03,1.14542842e-02,-3.88602568e-03,1.54895963e-04,5.08384880e-05
8.89000000e+02,1.71339439e+02,1.28861347e-02,6.27169876e-03,1.61933357e-01,-4.15956909e-03,1.06174074e-02,1.45576670e+02,1.29728490e-02,6.53718841e-03,2.57627691e+01,-8.67143138e-05,-2.65489655e-04,1.65833321e-01,-4.39456448e-03,1.06306902e-02,-3.89996368e-03,2.34995393e-04,-1.32828289e-05
8.90000000e+02,1.71356102e+02,1.53940345e-02,6.38345623e-03,1.62051965e-01,-4.72634549e-03,1.11448789e-02,1.45588664e+02,1.51702853e-02,6.67761316e-03,2.57674382e+01,2.23749163e-04,-2.94156931e-04,1.65928031e-01,-4.87790287e-03,1.10725185e-02,-3.87606644e-03,1.51557371e-04,7.23603817e-05
8.91000000e+02,1.71357287e+02,1.56398143e-02,6.63813067e-03,1.61830148e-01,-4.56742123e-03,1.14091158e-02,1.45587068e+02,1.56856318e-02,6.92086523e-03,2.57702185e+01,-4.58174323e-05,-2.82734558e-04,1.65720134e-01,-4.79963863e-03,1.14087883e-02,-3.88998626e-03,2.32217401e-04,3.27518249e-07
8.92000000e+02,1.71372465e+02,1.50758253e-02,5.69410432e-03,1.61994306e-01,-5.07515556e-03,1.07470847e-02,1.45597707e+02,1.49058986e-02,6.00223698e-03,2.57747576e+01,1.69926629e-04,-3.08132661e-04,1.65858775e-01,-5.22874609e-03,1.06941691e-02,-3.86446849e-03,1.53590525e-04,5.29155773e-05
8.93000000e+02,1.71372107e+02,1.20132757e-02,6.99962357e-03,1.61845216e-01,-4.62775149e-03,9.79741239e-03,1.45594606e+02,1.20966625e-02,7.26650790e-03,2.57775015e+01,-8.33868303e-05,-2.66884333e-04,1.65724208e-01,-4.86361710e-03,9.80980461e-03,-3.87899170e-03,2.35865612e-04,-1.23922149e-05
8.94000000e+02,1.71388456e+02,1.43923831e-02,7.08450070e-03,1.61962267e-01,-5.21402561e-03,1.02483660e-02,1.45606429e+02,1.41688191e-02,7.39402488e-03,2.57820270e+01,2.23564067e-04,-3.09524175e-04,1.65817599e-01,-5.37147036e-03,1.01745474e-02,-3.85533169e-03,1.57444744e-04,7.38186026e-05
8.95000000e+02,1.71389349e+02,1.43313944e-02,7.16904421e-03,1.61743739e-01,-4.88489448e-03,1.03600128e-02,1.45604638e+02,1.43683269e-02,7.46616955e-03,2.57847105e+01,-3.69324968e-05,-2.97125342e-04,1.65613223e-01,-5.12530680e-03,1.03536440e-02,-3.86948452e-03,2.40412316e-04,6.36878781e-06
8.96000000e+02,1.71404176e+02,1.41189303e-02,5.75435096e-03,1.61912075e-01,-5.13147435e-03,9.98894168e-03,1.45615036e+02,1.39344440e-02,6.08088256e-03,2.57891401e+01,1.84486247e-04,-3.26531603e-04,1.65756540e-01,-5.29337448e-03,9.92655405e-03,-3.84446503e-03,1.61900136e-04,6.23876305e-05
8.97000000e+02,1.71403633e+02,1.12682505e-02,6.93162185e-03,1.61742774e-01,-4.59573539e-03,9.17844260e-03,1.45611853e+02,1.13307759e-02,7.20208683e-03,2.57917802e+01,-6.25254047e-05,-2.70464980e-04,1.65602051e-01,-4.83563139e-03,9.17696496e-03,-3.85927656e-03,2.39895995e-04,1.47763537e-06
8.98000000e+02,1.71419952e+02,1.36452017e-02,6.89315090e-03,1.61871113e-01,-5.11876072e-03,9.68844328e-03,1.45623730e+02,1.34098809e-02,7.20396038e-03,2.57962223e+01,2.35320750e-04,-3.10809479e-04,1.65706693e-01,-5.27688911e-03,9.60259019e-03,-3.83558003e-03,1.58128382e-04,8.58530823e-05
8.99000000e+02,1.71420862e+02,1.36515300e-02,6.82484458e-03,1.61675873e-01,-4.71122619e-03,9.93396698e-03,1.45622042e+02,1.36835078e-02,7.12931536e-03,2.57988200e+01,-3.19777558e-05,-3.04470784e-04,1.65525685e-01,-4.95256536e-03,9.91945572e-03,-3.84981186e-03,2.41339168e-04,1.45112632e-05
9.00000000e+02,1.71435657e+02,1.33526645e-02,5.65213275e-03,1.61866209e-01,-4.99846026e-03,9.56043485e-03,1.45632491e+02,1.31585485e-02,5.98235007e-03,2.58031659e+01,1.94115985e-04,-3.30217311e-04,1.65690910e-01,-5.16507025e-03,9.48962907e-03,-3.82470048e-03,1.66609984e-04,7.08057799e-05
9.01000000e+02,1.71434960e+02,1.04682080e-02,6.56214360e-03,1.61718364e-01,-4.32046742e-03,8.85266223e-03,1.45629244e+02,1.05211851e-02,6.84370478e-03,2.58057167e+01,-5.29770907e-05,-2.81561180e-04,1.65558160e-01,-4.56674129e-03,8.84228866e-03,-3.83979608e-03,2.46273865e-04,1.03735679e-05
9.02000000e+02,1.71451004e+02,1.31993401e-02,6.29391370e-03,1.61844628e-01,-4.68373085e-03,9.52062807e-03,1.45640933e+02,1.29455848e-02,6.61040883e-03,2.58100708e+01,2.53755303e-04,-3.16495128e-04,1.65661564e-01,-4.84425945e-03,9.42568891e-03,-3.81693627e-03,1.60528602e-04,9.49391677e-05
9.03000000e+02,1.71451727e+02,1.36691521e-02,6.19288477e-03,1.61625847e-01,-4.31047186e-03,9.94829053e-03,1.45639120e+02,1.36858133e-02,6.49419035e-03,2.58126072e+01,-1.66612157e-05,-3.01305577e-04,1.65457590e-01,-4.54867982e-03,9.92790452e-03,-3.83174321e-03,2.38207970e-04,2.03860153e-05
9.04000000e+02,1.71466405e+02,1.32031844e-02,4.90054077e-03,1.61776037e-01,-4.47733587e-03,9.52955356e-03,1.45649506e+02,1.30138460e-02,5.22467085e-03,2.58168987e+01,1.89338448e-04,-3.24130083e-04,1.65582724e-01,-4.63793859e-03,9.46018238e-03,-3.80668780e-03,1.60602717e-04,6.93711791e-05
9.05000000e+02,1.71465426e+02,1.02079294e-02,5.94972229e-03,1.61618454e-01,-3.81577847e-03,8.78251568e-03,1.45646025e+02,1.02639871e-02,6.22398529e-03,2.58194008e+01,-5.60576485e-05,-2.74262997e-04,1.65439956e-01,-4.05637603e-03,8.77505112e-03,-3.82150239e-03,2.40597568e-04,7.46455178e-06
9.06000000e+02,1.71481401e+02,1.32890278e-02,5.31126016e-03,1.61704318e-01,-4.00809335e-03,9.66636492e-03,1.45657684e+02,1.30290840e-02,5.62292544e-03,2.58237179e+01,2.59943793e-04,-3.11665279e-04,1.65502440e-01,-4.16551981e-03,9.57200982e-03,-3.79812166e-03,1.57426458e-04,9.43551026e-05
9.07000000e+02,1.71481953e+02,1.38650351e-02,5.46252899e-03,1.61444004e-01,-3.81944886e-03,1.01571250e-02,1.45655760e+02,1.38779479e-02,5.76293188e-03,2.58261933e+01,-1.29128152e-05,-3.00402889e-04,1.65256525e-01,-4.05654533e-03,1.01325109e-02,-3.81252100e-03,2.37096475e-04,2.46140574e-05
9.08000000e+02,1.71496553e+02,1.38847630e-02,4.30626677e-03,1.61564187e-01,-4.01648431e-03,1.00246686e-02,1.45666150e+02,1.36833494e-02,4.62278809e-03,2.58304028e+01,2.01413559e-04,-3.16521316e-04,1.65351494e-01,-4.17251916e-03,9.94722482e-03,-3.78730725e-03,1.56034853e-04,7.74438292e-05
9.09000000e+02,1.71495399e+02,1.13841655e-02,5.63554612e-03,1.61377967e-01,-3.60961769e-03,9.64268762e-03,1.45662568e+02,1.14270731e-02,5.90369227e-03,2.58328304e+01,-4.29075691e-05,-2.68146150e-04,1.65179892e-01,-3.84258063e-03,9.62694509e-03,-3.80192555e-03,2.32962941e-04,1.57425306e-05
9.10000000e+02,1.71511308e+02,1.44907982e-02,5.02043689e-03,1.61484554e-01,-3.86070483e-03,1.05605024e-02,1.45674235e+02,1.42258222e-02,5.32514355e-03,2.58370730e+01,2.64975997e-04,-3.04706654e-04,1.65263006e-01,-4.01009776e-03,1.04624044e-02,-3.77845221e-03,1.49392933e-04,9.80980342e-05
9.11000000e+02,1.71511939e+02,1.51877322e-02,5.18983170e-03,1.61258635e-01,-3.59726043e-03,1.10918718e-02,1.45672464e+02,1.51978530e-02,5.47237147e-03,2.58394753e+01,-1.01207719e-05,-2.82539770e-04,1.65051327e-01,-3.82537317e-03,1.10666290e-02,-3.79269270e-03,2.28112745e-04,2.52428559e-05
9.12000000e+02,1.71526443e+02,1.54531134e-02,4.43755236e-03,1.61417589e-01,-4.05202453e-03,1.10623650e-02,1.45682834e+02,1.52492463e-02,4.74202679e-03,2.58436088e+01,2.03867098e-04,-3.04474428e-04,1.65185252e-01,-4.20206968e-03,1.09866498e-02,-3.76766290e-03,1.50045151e-04,7.57152000e-05
9.13000000e+02,1.71525302e+02,1.28230764e-02,5.85844936e-03,1.61259376e-01,-3.65874558e-03,1.05141436e-02,1.45679355e+02,1.28675752e-02,6.12363367e-03,2.58459464e+01,-4.44987761e-05,-2.65184314e-04,1.65041917e-01,-3.88871249e-03,1.05009621e-02,-3.78254036e-03,2.29966916e-04,1.31815326e-05
9.14000000e+02,1.71540995e+02,1.56432650e-02,5.49869385e-03,1.61374400e-01,-4.09550941e-03,1.12623730e-02,1.45690896e+02,1.53831000e-02,5.80168444e-03,2.58500987e+01,2.60164937e-04,-3.02990590e-04,1.65133919e-01,-4.24122972e-03,1.11677812e-02,-3.75951886e-03,1.45720307e-04,9.45918955e-05
9.15000000e+02,1.71541107e+02,1.63478025e-02,5.53802470e-03,1.61139410e-01,-3.80605679e-03,1.18749117e-02,1.45688724e+02,1.63657834e-02,5.81660279e-03,2.58523831e+01,-1.79808587e-05,-2.78578097e-04,1.64913531e-01,-4.02965408e-03,1.18538700e-02,-3.77412082e-03,2.23597290e-04,2.10416619e-05
9.16000000e+02,1.71555430e+02,1.62976529e-02,4.61874709e-03,1.61287795e-01,-4.22416196e-03,1.15767406e-02,1.45698991e+02,1.60946834e-02,4.92837073e-03,2.58564388e+01,2.02969499e-04,-3.09623645e-04,1.65036840e-01,-4.37081327e-03,1.15054003e-02,-3.74904577e-03,1.46651313e-04,7.13402951e-05
9.17000000e+02,1.71554050e+02,1.35015859e-02,5.88447829e-03,1.61112664e-01,-3.77502144e-03,1.08479206e-02,1.45695344e+02,1.35466422e-02,6.15046536e-03,2.58587064e+01,-4.50563388e-05,-2.65987072e-04,1.64876421e-01,-4.00224146e-03,1.08398802e-02,-3.76375722e-03,2.27220020e-04,8.04041037e-06
9.18000000e+02,1.71569508e+02,1.59984205e-02,5.73268416e-03,1.61229335e-01,-4.35707692e-03,1.14545504e-02,1.45706710e+02,1.57510723e-02,6.03579526e-03,2.58627981e+01,2.47348212e-04,-3.03111105e-04,1.64969842e-01,-4.50077987e-03,1.13659263e-02,-3.74050693e-03,1.43702948e-04,8.86241213e-05
9.19000000e+02,1.71569673e+02,1.62283574e-02,5.96765579e-03,1.60995021e-01,-4.20738960e-03,1.18091026e-02,1.45704618e+02,1.62568594e-02,6.24795871e-03,2.58650550e+01,-2.85019403e-05,-2.80302926e-04,1.64749926e-01,-4.43091042e-03,1.17933202e-02,-3.75490552e-03,2.23520823e-04,1.57824062e-05
9.20000000e+02,1.71583725e+02,1.58466614e-02,5.00459569e-03,1.61158828e-01,-4.63109452e-03,1.13429256e-02,1.45714669e+02,1.56604275e-02,5.31479934e-03,2.58690562e+01,1.86233830e-04,-3.10203653e-04,1.64888857e-01,-4.77929712e-03,1.12802936e-02,-3.73002886e-03,1.48202607e-04,6.26319529e-05
9.21000000e+02,1.71582163e+02,1.27234609e-02,6.25434238e-03,1.60995844e-01,-4.19150560e-03,1.03908383e-02,1.45710905e+02,1.27803441e-02,6.52437232e-03,2.58712576e+01,-5.68831600e-05,-2.70029945e-04,1.64740765e-01,-4.42148140e-03,1.03908954e-02,-3.74492097e-03,2.29975798e-04,-5.71499457e-08
9.22000000e+02,1.71597651e+02,1.50788293e-02,6.18173041e-03,1.61111348e-01,-4.65618468e-03,1.07926820e-02,1.45722382e+02,1.48328195e-02,6.48084256e-03,2.58752687e+01,2.46009886e-04,-2.99112152e-04,1.64833270e-01,-4.80503683e-03,1.07097364e-02,-3.72192217e-03,1.48852150e-04,8.29456076e-05
9.23000000e+02,1.71597674e+02,1.51387474e-02,6.45476794e-03,1.60880558e-01,-4.47372603e-03,1.10050279e-02,1.45720230e+02,1.51685218e-02,6.74448633e-03,2.58774439e+01,-2.97743695e-05,-2.89718395e-04,1.64617123e-01,-4.70424529e-03,1.09935368e-02,-3.73656469e-03,2.30519258e-04,1.14910894e-05
9.24000000e+02,1.71611411e+02,1.51111024e-02,5.27922092e-03,1.61027871e-01,-4.81708051e-03,1.07175635e-02,1.45730066e+02,1.49183665e-02,5.59794070e-03,2.58813447e+01,1.92735904e-04,-3.18719781e-04,1.64739728e-01,-4.97136208e-03,1.06533493e-02,-3.71185696e-03,1.54281570e-04,6.42142927e-05
9.25000000e+02,1.71609626e+02,1.21721900e-02,6.52873211e-03,1.60858764e-01,-4.36871004e-03,9.83883086e-03,1.45726148e+02,1.22233273e-02,6.79989323e-03,2.58834776e+01,-5.11372191e-05,-2.71161124e-04,1.64585778e-01,-4.60182660e-03,9.83348119e-03,-3.72701385e-03,2.33116564e-04,5.34967045e-06
9.26000000e+02,1.71624865e+02,1.45951363e-02,6.45926284e-03,1.60974157e-01,-4.97072535e-03,1.04034048e-02,1.45737442e+02,1.43448246e-02,6.77140194e-03,2.58874232e+01,2.50311660e-04,-3.12139098e-04,1.64678343e-01,-5.12344634e-03,1.03134573e-02,-3.70418642e-03,1.52720990e-04,8.99475404e-05
9.27000000e+02,1.71624799e+02,1.49359332e-02,6.64712926e-03,1.60754190e-01,-4.67743657e-03,1.08268204e-02,1.45735277e+02,1.49513975e-02,6.93858122e-03,2.58895218e+01,-1.54642295e-05,-2.91451954e-04,1.64472985e-01,-4.91047799e-03,1.08065181e-02,-3.71879480e-03,2.33041423e-04,2.03022661e-05
9.28000000e+02,1.71638472e+02,1.50197465e-02,5.32374428e-03,1.60919280e-01,-4.93456854e-03,1.05663691e-02,1.45745100e+02,1.48163848e-02,5.64765625e-03,2.58933724e+01,2.03361716e-04,-3.23911965e-04,1.64613206e-01,-5.09123913e-03,1.04952132e-02,-3.69392656e-03,1.56670596e-04,7.11559494e-05
9.29000000e+02,1.71636522e+02,1.22063553e-02,6.64414175e-03,1.60771053e-01,-4.60325993e-03,9.81621968e-03,1.45741089e+02,1.22530590e-02,6.92178587e-03,2.58954322e+01,-4.67036407e-05,-2.77644115e-04,1.64480008e-01,-4.83811118e-03,9.80499194e-03,-3.70895549e-03,2.34851246e-04,1.12277480e-05
9.30000000e+02,1.71651717e+02,1.48856339e-02,6.80928950e-03,1.60919436e-01,-5.30519650e-03,1.05633367e-02,1.45752413e+02,1.46300290e-02,7.11736559e-03,2.58993042e+01,2.55604932e-04,-3.08076085e-04,1.64605251e-01,-5.45803650e-03,1.04681531e-02,-3.68581478e-03,1.52840001e-04,9.51836701e-05
9.31000000e+02,1.71651418e+02,1.52598060e-02,7.08604546e-03,1.60731270e-01,-4.99774965e-03,1.10622420e-02,1.45750082e+02,1.52696455e-02,7.37052372e-03,2.59013352e+01,-9.83949800e-06,-2.84478253e-04,1.64431724e-01,-5.23056317e-03,1.10369271e-02,-3.70045339e-03,2.32813521e-04,2.53148210e-05
9.32000000e+02,1.71664978e+02,1.54164075e-02,5.95130425e-03,1.60941780e-01,-5.36434361e-03,1.08325063e-02,1.45759871e+02,1.52060372e-02,6.27559439e-03,2.59051073e+01,2.10370375e-04,-3.24290138e-04,1.64617417e-01,-5.52225583e-03,1.07575955e-02,-3.67563744e-03,1.57912222e-04,7.49108313e-05
9.33000000e+02,1.71662849e+02,1.27445628e-02,7.11321386e-03,1.60843335e-01,-5.01796063e-03,1.01828011e-02,1.45755749e+02,1.27875774e-02,7.39635408e-03,2.59071003e+01,-4.30146624e-05,-2.83140218e-04,1.64534173e-01,-5.25443474e-03,1.01702507e-02,-3.69083810e-03,2.36474104e-04,1.25503558e-05
9.34000000e+02,1.71677826e+02,1.51684838e-02,7.17860201e-03,1.61041362e-01,-5.52798322e-03,1.06937640e-02,1.45766939e+02,1.49138731e-02,7.48381882e-03,2.59108876e+01,2.54610701e-04,-3.05216810e-04,1.64709440e-01,-5.68101478e-03,1.05997420e-02,-3.66807768e-03,1.53031561e-04,9.40220009e-05
9.35000000e+02,1.71677233e+02,1.55622828e-02,7.78389055e-03,1.60893284e-01,-5.38978187e-03,1.10811132e-02,1.45764402e+02,1.55673391e-02,8.06595140e-03,2.59128317e+01,-5.05629197e-06,-2.82060850e-04,1.64576259e-01,-5.62116495e-03,1.10566687e-02,-3.68297527e-03,2.31383074e-04,2.44445578e-05
9.36000000e+02,1.71690688e+02,1.53860954e-02,6.88230672e-03,1.61146822e-01,-5.93056490e-03,1.07280154e-02,1.45774173e+02,1.51843719e-02,7.20338153e-03,2.59165153e+01,2.01723466e-04,-3.21074814e-04,1.64805401e-01,-6.08601200e-03,1.06563313e-02,-3.65857988e-03,1.55447100e-04,7.16840522e-05
9.37000000e+02,1.71688548e+02,1.23581216e-02,8.10885129e-03,1.61081228e-01,-5.54164670e-03,9.91018418e-03,1.45770136e+02,1.24066520e-02,8.38456462e-03,2.59184123e+01,-4.85303590e-05,-2.75713324e-04,1.64755453e-01,-5.77943632e-03,9.89857345e-03,-3.67422545e-03,2.37789616e-04,1.16107298e-05
9.38000000e+02,1.71703418e+02,1.45479849e-02,8.16109547e-03,1.61310024e-01,-6.02115563e-03,1.02812225e-02,1.45781307e+02,1.42974187e-02,8.47534461e-03,2.59221117e+01,2.50566214e-04,-3.14249142e-04,1.64962026e-01,-6.18146525e-03,1.01920067e-02,-3.65200148e-03,1.60309615e-04,8.92157364e-05
9.39000000e+02,1.71702814e+02,1.47127515e-02,8.40362979e-03,1.61184357e-01,-5.70904255e-03,1.05077458e-02,1.45778853e+02,1.47275635e-02,8.70452969e-03,2.59239616e+01,-1.48120344e-05,-3.00899894e-04,1.64851969e-01,-5.94896146e-03,1.04888903e-02,-3.66761279e-03,2.39918907e-04,1.88554962e-05
9.40000000e+02,1.71716169e+02,1.42795916e-02,7.12254933e-03,1.61429367e-01,-6.05512246e-03,9.93812929e-03,1.45788622e+02,1.40747740e-02,7.45163560e-03,2.59275473e+01,2.04817574e-04,-3.29086269e-04,1.65073409e-01,-6.21366137e-03,9.86448698e-03,-3.64404172e-03,1.58538912e-04,7.36423120e-05
9.41000000e+02,1.71713912e+02,1.11583393e-02,8.53568078e-03,1.61356653e-01,-5.73797712e-03,9.09569441e-03,1.45784546e+02,1.11970867e-02,8.80084392e-03,2.59293654e+01,-3.87474854e-05,-2.65163145e-04,1.65017132e-01,-5.96994874e-03,9.07792525e-03,-3.66047873e-03,2.31971613e-04,1.77691646e-05
9.42000000e+02,1.71728655e+02,1.35768113e-02,8.56246125e-03,1.61543627e-01,-6.26389974e-03,9.62540564e-03,1.45795669e+02,1.33121743e-02,8.87203510e-03,2.59329867e+01,2.64636975e-04,-3.09573852e-04,1.65182466e-01,-6.41677909e-03,9.52693783e-03,-3.63883949e-03,1.52879351e-04,9.84678050e-05
9.43000000e+02,1.71727793e+02,1.39365198e-02,8.59964534e-03,1.61374422e-01,-5.93201858e-03,9.91830721e-03,1.45793020e+02,1.39332032e-02,8.91276992e-03,2.59347729e+01,3.31661958e-06,-3.13124582e-04,1.65029353e-01,-6.17444501e-03,9.88742891e-03,-3.65493086e-03,2.42426427e-04,3.08783015e-05
9.44000000e+02,1.71740930e+02,1.34413307e-02,6.80231746e-03,1.61590931e-01,-5.92285926e-03,9.39651512e-03,1.45802613e+02,1.32273885e-02,7.15792435e-03,2.59383172e+01,2.13942234e-04,-3.55606898e-04,1.65222470e-01,-6.09823931e-03,9.31616515e-03,-3.63153873e-03,1.75380047e-04,8.03499730e-05
9.45000000e+02,1.71738530e+02,1.05141108e-02,7.43510976e-03,1.61454537e-01,-5.09949187e-03,8.71481038e-03,1.45798444e+02,1.05448962e-02,7.74090084e-03,2.59400863e+01,-3.07853559e-05,-3.05791085e-04,1.65102444e-01,-5.35694429e-03,8.69136189e-03,-3.64790764e-03,2.57452422e-04,2.34484916e-05
9.46000000e+02,1.71753252e+02,1.28110850e-02,6.93515595e-03,1.61583970e-01,-5.18067275e-03,9.12764963e-03,1.45809593e+02,1.25398943e-02,7.26873513e-03,2.59436594e+01,2.71190629e-04,-3.33579185e-04,1.65209988e-01,-5.35352629e-03,9.02436000e-03,-3.62601885e-03,1.72853535e-04,1.03289623e-04
9.47000000e+02,1.71752091e+02,1.30672794e-02,7.15973011e-03,1.61358982e-01,-4.88423361e-03,9.31835168e-03,1.45806690e+02,1.30589741e-02,7.47084084e-03,2.59454011e+01,8.30523300e-06,-3.11110729e-04,1.65000594e-01,-5.13132104e-03,9.28562435e-03,-3.64161189e-03,2.47087429e-04,3.27273235e-05
9.48000000e+02,1.71765209e+02,1.28886540e-02,5.78783750e-03,1.61519431e-01,-5.10848820e-03,8.98814297e-03,1.45816312e+02,1.26750453e-02,6.12804618e-03,2.59488971e+01,2.13608742e-04,-3.40208681e-04,1.65137133e-01,-5.27572214e-03,8.90893290e-03,-3.61770244e-03,1.67233942e-04,7.92100712e-05
9.49000000e+02,1.71762707e+02,9.81918070e-03,7.08063346e-03,1.61349041e-01,-4.75448848e-03,8.18965510e-03,1.45812113e+02,9.84722283e-03,7.37092843e-03,2.59505941e+01,-2.80421270e-05,-2.90294968e-04,1.64982888e-01,-4.99881325e-03,8.16631178e-03,-3.63384674e-03,2.44324771e-04,2.33433160e-05
9.50000000e+02,1.71777158e+02,1.24458450e-02,6.83118261e-03,1.61463632e-01,-5.17255958e-03,8.78712115e-03,1.45823051e+02,1.21613374e-02,7.16290197e-03,2.59541067e+01,2.84507631e-04,-3.31719354e-04,1.65075634e-01,-5.33749559e-03,8.67940727e-03,-3.61200176e-03,1.64936014e-04,1.07713875e-04
9.51000000e+02,1.71776047e+02,1.33570033e-02,6.97921915e-03,1.61211942e-01,-4.84298800e-03,9.41758497e-03,1.45820267e+02,1.33342346e-02,7.28969161e-03,2.59557792e+01,2.27686977e-05,-3.10472458e-04,1.64839706e-01,-5.08721390e-03,9.37712473e-03,-3.62776424e-03,2.44225899e-04,4.04602381e-05
9.52000000e+02,1.71789098e+02,1.32440922e-02,5.59957039e-03,1.61352642e-01,-5.06065476e-03,9.07907177e-03,1.45829890e+02,1.30213355e-02,5.93984816e-03,2.59592080e+01,2.22756679e-04,-3.40277765e-04,1.64956743e-01,-5.22708494e-03,8.99278761e-03,-3.60410138e-03,1.66430176e-04,8.62841689e-05
9.53000000e+02,1.71786332e+02,1.03678913e-02,6.86277171e-03,1.61163056e-01,-4.67500960e-03,8.39456733e-03,1.45825464e+02,1.03935794e-02,7.15250421e-03,2.59608684e+01,-2.56880836e-05,-2.89732501e-04,1.64783166e-01,-4.91838601e-03,8.37138582e-03,-3.62010951e-03,2.43376407e-04,2.31815061e-05
9.54000000e+02,1.71800667e+02,1.28454523e-02,6.72453033e-03,1.61271891e-01,-5.18912643e-03,8.93645168e-03,1.45836334e+02,1.25735805e-02,7.05261229e-03,2.59643329e+01,2.71871783e-04,-3.28081954e-04,1.64869972e-01,-5.35274731e-03,8.83638757e-03,-3.59808123e-03,1.63620877e-04,1.00064111e-04
9.55000000e+02,1.71799455e+02,1.30626141e-02,7.06078627e-03,1.61032615e-01,-4.97248416e-03,9.16917373e-03,1.45833509e+02,1.30569578e-02,7.37408531e-03,2.59659463e+01,5.65626745e-06,-3.13299041e-04,1.64646246e-01,-5.21846127e-03,9.13563498e-03,-3.61363158e-03,2.45977101e-04,3.35387520e-05
9.56000000e+02,1.71812373e+02,1.28951485e-02,5.71086704e-03,1.61170288e-01,-5.15561958e-03,8.82928138e-03,1.45843066e+02,1.26732822e-02,6.05956961e-03,2.59693064e+01,2.21866307e-04,-3.48702569e-04,1.64759833e-01,-5.32722659e-03,8.74338337e-03,-3.58954500e-03,1.71607002e-04,8.58980120e-05
9.57000000e+02,1.71809366e+02,1.02411422e-02,6.73336654e-03,1.61003396e-01,-4.68296943e-03,8.32250316e-03,1.45838458e+02,1.02577012e-02,7.03031956e-03,2.59709080e+01,-1.65589709e-05,-2.96953021e-04,1.64608674e-01,-4.93188383e-03,8.29081335e-03,-3.60527833e-03,2.48914406e-04,3.16898114e-05
9.58000000e+02,1.71823548e+02,1.28300620e-02,6.59178255e-03,1.61127483e-01,-5.17045717e-03,9.03228467e-03,1.45849233e+02,1.25462540e-02,6.92034984e-03,2.59743151e+01,2.83807972e-04,-3.28567284e-04,1.64710439e-01,-5.33600965e-03,8.91935308e-03,-3.58295597e-03,1.65552478e-04,1.12931591e-04
9.59000000e+02,1.71822088e+02,1.32107417e-02,7.12664401e-03,1.60885807e-01,-5.03776145e-03,9.43972810e-03,1.45846210e+02,1.31891733e-02,7.43380569e-03,2.59758780e+01,2.15683812e-05,-3.07161682e-04,1.64484047e-01,-5.28178861e-03,9.39526366e-03,-3.59824026e-03,2.44027155e-04,4.44644468e-05
9.60000000e+02,1.71834838e+02,1.32508445e-02,6.06331871e-03,1.61046401e-01,-5.29452907e-03,9.21855047e-03,1.45855636e+02,1.30177559e-02,6.40042807e-03,2.59792020e+01,2.33088683e-04,-3.37109362e-04,1.64620505e-01,-5.46259306e-03,9.12883398e-03,-3.57410389e-03,1.68063996e-04,8.97164890e-05
9.61000000e+02,1.71831813e+02,1.04754974e-02,7.47241142e-03,1.60888543e-01,-5.00100663e-03,8.52744079e-03,1.45851068e+02,1.04892214e-02,7.76229245e-03,2.59807447e+01,-1.37239876e-05,-2.89881030e-04,1.64478540e-01,-5.24924793e-03,8.49651755e-03,-3.58999664e-03,2.48241304e-04,3.09232439e-05
9.62000000e+02,1.71845873e+02,1.30293832e-02,7.16612776e-03,1.61023618e-01,-5.39781157e-03,9.08427315e-03,1.45861769e+02,1.27485969e-02,7.50082801e-03,2.59841042e+01,2.80786325e-04,-3.34700251e-04,1.64591250e-01,-5.56696734e-03,8.97800883e-03,-3.56763294e-03,1.69155765e-04,1.06264323e-04
9.63000000e+02,1.71844248e+02,1.30797232e-02,7.28615284e-03,1.60816091e-01,-5.08007552e-03,9.34978604e-03,1.45858622e+02,1.30759436e-02,7.60153033e-03,2.59856257e+01,3.77959831e-06,-3.15377491e-04,1.64399335e-01,-5.32822291e-03,9.31570677e-03,-3.58324460e-03,2.48147389e-04,3.40792720e-05
9.64000000e+02,1.71856947e+02,1.24858832e-02,6.02454818e-03,1.61000236e-01,-5.25443108e-03,8.78116335e-03,1.45868070e+02,1.22739394e-02,6.36968735e-03,2.59888773e+01,2.11943776e-04,-3.45139175e-04,1.64559678e-01,-5.42572747e-03,8.70291919e-03,-3.55944275e-03,1.71296394e-04,7.82441583e-05
9.65000000e+02,1.71853650e+02,9.49137722e-03,7.44110571e-03,1.60868923e-01,-4.87375337e-03,7.86635555e-03,1.45863292e+02,9.51392730e-03,7.73269570e-03,2.59903578e+01,-2.25500814e-05,-2.91589992e-04,1.64444626e-01,-5.12046055e-03,7.84459334e-03,-3.57570309e-03,2.46707184e-04,2.17622066e-05
9.66000000e+02,1.71867661e+02,1.20497824e-02,7.23428040e-03,1.61024640e-01,-5.26335179e-03,8.42167911e-03,1.45873997e+02,1.17720046e-02,7.56586997e-03,2.59936634e+01,2.77777836e-04,-3.31589577e-04,1.64578360e-01,-5.43098294e-03,8.31840890e-03,-3.55371951e-03,1.67631148e-04,1.03270212e-04
9.67000000e+02,1.71865948e+02,1.20407080e-02,7.28647146e-03,1.60845557e-01,-4.99952274e-03,8.56757420e-03,1.45870839e+02,1.20211955e-02,7.60514128e-03,2.59951094e+01,1.95125630e-05,-3.18669823e-04,1.64415308e-01,-5.24991116e-03,8.52732005e-03,-3.56975096e-03,2.50388420e-04,4.02541473e-05
9.68000000e+02,1.71878253e+02,1.18284739e-02,5.75763488e-03,1.61046605e-01,-5.08042682e-03,8.20571881e-03,1.45879943e+02,1.15957815e-02,6.11156339e-03,2.59983102e+01,2.32692406e-04,-3.53928509e-04,1.64592832e-01,-5.25744960e-03,8.11807889e-03,-3.54622676e-03,1.77022774e-04,8.76399252e-05
9.69000000e+02,1.71874854e+02,9.26726324e-03,6.90992007e-03,1.60919399e-01,-4.48246556e-03,7.57886641e-03,1.45875127e+02,9.27252380e-03,7.21343050e-03,2.59997274e+01,-5.26055554e-06,-3.03510427e-04,1.64482304e-01,-4.73708519e-03,7.54692797e-03,-3.56290466e-03,2.54619634e-04,3.19384429e-05
9.70000000e+02,1.71888826e+02,1.18906509e-02,6.58281970e-03,1.61084269e-01,-4.81125074e-03,8.19307613e-03,1.45885861e+02,1.16036807e-02,6.92284806e-03,2.60029657e+01,2.86970276e-04,-3.40028365e-04,1.64625364e-01,-4.98467968e-03,8.08196862e-03,-3.54109500e-03,1.73428935e-04,1.11107513e-04
9.71000000e+02,1.71887057e+02,1.19954849e-02,6.77648328e-03,1.60885441e-01,-4.67998824e-03,8.44286389e-03,1.45882685e+02,1.19727154e-02,7.09756409e-03,2.60043716e+01,2.27695089e-05,-3.21080806e-04,1.64442666e-01,-4.92987215e-03,8.39746091e-03,-3.55722463e-03,2.49883901e-04,4.54029773e-05
9.72000000e+02,1.71899495e+02,1.18381139e-02,5.52841479e-03,1.61072564e-01,-4.95366746e-03,8.16618487e-03,1.45891971e+02,1.15997725e-02,5.87970320e-03,2.60075245e+01,2.38341394e-04,-3.51288414e-04,1.64606375e-01,-5.12785147e-03,8.07231289e-03,-3.53381044e-03,1.74184007e-04,9.38719813e-05
9.73000000e+02,1.71896109e+02,9.17292522e-03,6.99333846e-03,1.60933700e-01,-4.62124119e-03,7.59498840e-03,1.45887221e+02,9.17774639e-03,7.29977985e-03,2.60088890e+01,-4.82116866e-06,-3.06441386e-04,1.64484216e-01,-4.87675553e-03,7.55589361e-03,-3.55051511e-03,2.55514341e-04,3.90947847e-05
9.74000000e+02,1.71909957e+02,1.19832511e-02,6.92237660e-03,1.61072790e-01,-5.11017986e-03,8.37483969e-03,1.45897893e+02,1.16934484e-02,7.27288634e-03,2.60120645e+01,2.89802709e-04,-3.50509737e-04,1.64601627e-01,-5.28798311e-03,8.25910589e-03,-3.52883621e-03,1.77803248e-04,1.15733793e-04
9.75000000e+02,1.71908198e+02,1.23857289e-02,7.11468875e-03,1.60849683e-01,-4.82294296e-03,8.80735354e-03,1.45894781e+02,1.23499935e-02,7.43844212e-03,2.60134175e+01,3.57353552e-05,-3.23753368e-04,1.64394727e-01,-5.07756589e-03,8.75602260e-03,-3.54504435e-03,2.54622932e-04,5.13309444e-05
9.76000000e+02,1.71920610e+02,1.23731836e-02,5.56887910e-03,1.61011812e-01,-4.93383657e-03,8.61226246e-03,1.45904102e+02,1.21281501e-02,5.93144068e-03,2.60165084e+01,2.45033509e-04,-3.62561576e-04,1.64533426e-01,-5.11550873e-03,8.51342922e-03,-3.52161378e-03,1.81672158e-04,9.88332410e-05
9.77000000e+02,1.71916996e+02,9.96797416e-03,6.78134444e-03,1.60860899e-01,-4.41905643e-03,8.20036759e-03,1.45899169e+02,9.96062694e-03,7.09128980e-03,2.60178270e+01,7.34722935e-06,-3.09945364e-04,1.64399287e-01,-4.67689937e-03,8.15705516e-03,-3.53838867e-03,2.57842941e-04,4.33124240e-05
9.78000000e+02,1.71930711e+02,1.30145313e-02,6.54076934e-03,1.60996955e-01,-4.79766478e-03,9.16427517e-03,1.45909763e+02,1.27193285e-02,6.88965887e-03,2.60209478e+01,2.95202816e-04,-3.48889531e-04,1.64513721e-01,-4.97495092e-03,9.04718936e-03,-3.51676614e-03,1.77286148e-04,1.17085810e-04
9.79000000e+02,1.71928732e+02,1.33013751e-02,6.52119684e-03,1.60766690e-01,-4.48133906e-03,9.52614340e-03,1.45906489e+02,1.32758507e-02,6.85007681e-03,2.60222422e+01,2.55244302e-05,-3.28879972e-04,1.64299774e-01,-4.73632874e-03,9.47988082e-03,-3.53308385e-03,2.54989688e-04,4.62625734e-05
9.80000000e+02,1.71940924e+02,1.31503377e-02,5.11226762e-03,1.60943101e-01,-4.72769111e-03,9.20974456e-03,1.45915633e+02,1.29183364e-02,5.48016827e-03,2.60252916e+01,2.32001364e-04,-3.67900648e-04,1.64452731e-01,-4.90976880e-03,9.12080875e-03,-3.50962980e-03,1.82077689e-04,8.89358147e-05
9.81000000e+02,1.71937374e+02,1.03985390e-02,6.46057301e-03,1.60812959e-01,-4.31562222e-03,8.64517979e-03,1.45910816e+02,1.04052838e-02,6.76803874e-03,2.60265582e+01,-6.74485399e-06,-3.07465735e-04,1.64339266e-01,-4.57401627e-03,8.61322905e-03,-3.52630719e-03,2.58394053e-04,3.19507364e-05
9.82000000e+02,1.71950994e+02,1.32199732e-02,6.19489531e-03,1.60971092e-01,-4.68501587e-03,9.34260487e-03,1.45921363e+02,1.29304793e-02,6.54444720e-03,2.60296305e+01,2.89493885e-04,-3.49551894e-04,1.64475588e-01,-4.86316457e-03,9.23370747e-03,-3.50449586e-03,1.78148700e-04,1.08897399e-04
9.83000000e+02,1.71948787e+02,1.36911990e-02,6.54023745e-03,1.60775952e-01,-4.60819641e-03,9.67763378e-03,1.45917919e+02,1.36664884e-02,6.87058448e-03,2.60308683e+01,2.47105185e-05,-3.30347037e-04,1.64296666e-01,-4.86189100e-03,9.63721404e-03,-3.52071422e-03,2.53694593e-04,4.04197435e-05
9.84000000e+02,1.71960928e+02,1.35707442e-02,5.33459844e-03,1.60972811e-01,-4.89158199e-03,9.41205496e-03,1.45927056e+02,1.33445831e-02,5.69219177e-03,2.60338715e+01,2.26161106e-04,-3.57593325e-04,1.64470010e-01,-5.07169491e-03,9.32525604e-03,-3.49719972e-03,1.80112918e-04,8.67989208e-05
9.85000000e+02,1.71957202e+02,1.06630464e-02,6.74337945e-03,1.60852815e-01,-4.54928319e-03,8.74521299e-03,1.45922122e+02,1.06723661e-02,7.05160089e-03,2.60350796e+01,-9.31970555e-06,-3.08221441e-04,1.64366832e-01,-4.80811996e-03,8.71244580e-03,-3.51401640e-03,2.58836767e-04,3.27671890e-05
9.86000000e+02,1.71970685e+02,1.33712444e-02,6.57086462e-03,1.61025381e-01,-4.98062658e-03,9.38959519e-03,1.45932574e+02,1.30831808e-02,6.92165313e-03,2.60381113e+01,2.88063532e-04,-3.50788507e-04,1.64517657e-01,-5.15972597e-03,9.28296130e-03,-3.49227615e-03,1.79099389e-04,1.06633886e-04
9.87000000e+02,1.71968308e+02,1.36002789e-02,6.81263678e-03,1.60839863e-01,-4.80038370e-03,9.63572733e-03,1.45928993e+02,1.35842093e-02,7.14127518e-03,2.60393142e+01,1.60695745e-05,-3.28638400e-04,1.64348648e-01,-5.05513984e-03,9.59900379e-03,-3.50878477e-03,2.54756139e-04,3.67235443e-05
9.88000000e+02,1.71980455e+02,1.33579784e-02,5.60222535e-03,1.61060552e-01,-5.12905250e-03,9.22140828e-03,1.45938185e+02,1.31362170e-02,5.96112070e-03,2.60422698e+01,2.21761462e-04,-3.58895343e-04,1.64545863e-01,-5.31067182e-03,9.14001159e-03,-3.48531126e-03,1.81619321e-04,8.13966909e-05
9.89000000e+02,1.71976584e+02,1.04551866e-02,7.18595466e-03,1.60947973e-01,-4.88991690e-03,8.46778583e-03,1.45933142e+02,1.04762931e-02,7.49549076e-03,2.60434417e+01,-2.11064452e-05,-3.09536101e-04,1.64450464e-01,-5.14878123e-03,8.44368712e-03,-3.50249122e-03,2.58864328e-04,2.40987129e-05
9.90000000e+02,1.71989955e+02,1.27591416e-02,6.94075389e-03,1.61132336e-01,-5.34593155e-03,9.03984980e-03,1.45943523e+02,1.24882699e-02,7.29210944e-03,2.60464316e+01,2.70871671e-04,-3.51355551e-04,1.64613128e-01,-5.52374600e-03,8.93986815e-03,-3.48079182e-03,1.77814449e-04,9.99816501e-05
9.91000000e+02,1.71987636e+02,1.28406937e-02,7.47917109e-03,1.60957244e-01,-5.26335758e-03,9.22588047e-03,1.45940043e+02,1.28241388e-02,7.80085791e-03,2.60475930e+01,1.65548772e-05,-3.21686824e-04,1.64454942e-01,-5.51981893e-03,9.18958782e-03,-3.49769861e-03,2.56461349e-04,3.62926512e-05
9.92000000e+02,1.71999615e+02,1.25205828e-02,6.30260753e-03,1.61172952e-01,-5.57328270e-03,8.76006740e-03,1.45949100e+02,1.22997461e-02,6.66282794e-03,2.60505141e+01,2.20836727e-04,-3.60220409e-04,1.64647544e-01,-5.75571853e-03,8.67860547e-03,-3.47459145e-03,1.82435828e-04,8.14619321e-05
9.93000000e+02,1.71995717e+02,9.97414602e-03,7.61866625e-03,1.61065752e-01,-5.26672013e-03,8.17881583e-03,1.45944067e+02,9.98498783e-03,7.93326990e-03,2.60516504e+01,-1.08418025e-05,-3.14603649e-04,1.64558076e-01,-5.52566782e-03,8.15251242e-03,-3.49232379e-03,2.58947688e-04,2.63034051e-05
9.94000000e+02,1.72009016e+02,1.24853592e-02,7.51504041e-03,1.61234419e-01,-5.74863484e-03,8.78793926e-03,1.45954426e+02,1.22063176e-02,7.86618261e-03,2.60545905e+01,2.79041602e-04,-3.51142202e-04,1.64705211e-01,-5.92980990e-03,8.68377573e-03,-3.47079152e-03,1.81175060e-04,1.04163531e-04
9.95000000e+02,1.72006483e+02,1.24677073e-02,8.11946250e-03,1.61054154e-01,-5.65188499e-03,9.04572013e-03,1.45950768e+02,1.24531308e-02,8.44543548e-03,2.60557150e+01,1.45764846e-05,-3.25972980e-04,1.64542045e-01,-5.91027954e-03,9.00541590e-03,-3.48789122e-03,2.58394547e-04,4.03042252e-05
9.96000000e+02,1.72018308e+02,1.22960047e-02,7.07906751e-03,1.61258253e-01,-6.03399505e-03,8.73963500e-03,1.45959721e+02,1.20693166e-02,7.44306689e-03,2.60585871e+01,2.26688072e-04,-3.63999378e-04,1.64722931e-01,-6.21767539e-03,8.65451250e-03,-3.46467761e-03,1.83680344e-04,8.51225000e-05
9.97000000e+02,1.72014288e+02,9.53596729e-03,8.44210543e-03,1.61138971e-01,-5.75807118e-03,8.07485403e-03,1.45954633e+02,9.54466969e-03,8.75426088e-03,2.60596546e+01,-8.70240829e-06,-3.12155452e-04,1.64621548e-01,-6.02107187e-03,8.04233402e-03,-3.48257639e-03,2.63000689e-04,3.25200144e-05
9.98000000e+02,1.72027429e+02,1.22248309e-02,8.09210708e-03,1.61304859e-01,-6.17327168e-03,8.79259193e-03,1.45964873e+02,1.19317170e-02,8.45758963e-03,2.60625558e+01,2.93113921e-04,-3.65482552e-04,1.64765995e-01,-6.36104449e-03,8.68235291e-03,-3.46113546e-03,1.87772813e-04,1.10239028e-04
9.99000000e+02,1.72024699e+02,1.26909846e-02,8.56669858e-03,1.61104540e-01,-6.03276192e-03,9.30266620e-03,1.45961069e+02,1.26642937e-02,8.91091784e-03,2.60636292e+01,2.66909087e-05,-3.44219260e-04,1.64583060e-01,-6.30027835e-03,9.25844955e-03,-3.47852022e-03,2.67516433e-04,4.42166513e-05
1.00000000e+03,1.72036445e+02,1.25669392e-02,7.21629643e-03,1.61303248e-01,-6.20469637e-03,9.04094103e-03,1.45970010e+02,1.23404586e-02,7.59554804e-03,2.60664347e+01,2.26480600e-04,-3.79251609e-04,1.64758360e-01,-6.39938080e-03,8.95549410e-03,-3.45511202e-03,1.94684422e-04,8.54469304e-05
