time,Cx,Cy,Cz,Mx,My,Mz,Cx_p,Cy_p,Cz_p,Cx_v,Cy_v,Cz_v,Mx_p,My_p,Mz_p,Mx_v,My_v,Mz_v
1.00000000e+00,2.12652758e+00,-7.90688167e-05,-2.85093307e-05,5.57672286e-13,1.19655555e-04,-4.98623479e-04,3.91084048e-01,-6.65900582e-05,-2.39827853e-05,1.73544353e+00,-1.24787583e-05,-4.52654546e-06,-1.03418546e-14,1.00786900e-04,-4.19896305e-04,5.68014142e-13,1.88686551e-05,-7.87271725e-05
2.00000000e+00,2.25533343e+00,-1.05024209e-04,-3.76680999e-05,4.51704778e-13,1.59912514e-04,-6.68114561e-04,5.14008545e-01,-9.38849966e-05,-3.36231735e-05,1.74132489e+00,-1.11392122e-05,-4.04492636e-06,-1.21687702e-14,1.41446980e-04,-5.93450133e-04,4.63873548e-13,1.84655345e-05,-7.46644306e-05
3.00000000e+00,2.30264286e+00,-1.31424356e-04,-4.70883760e-05,3.27536336e-13,1.99208757e-04,-8.35192694e-04,5.75115146e-01,-1.22185462e-04,-4.37291326e-05,1.72752772e+00,-9.23889460e-06,-3.35924324e-06,-1.25684437e-14,1.83783067e-04,-7.73078877e-04,3.40104779e-13,1.54256896e-05,-6.21138178e-05
4.00000000e+00,2.33204560e+00,-1.44648179e-04,-5.18127007e-05,-3.02259606e-13,2.18891716e-04,-9.18961356e-04,6.15265508e-01,-1.37751507e-04,-4.92964551e-05,1.71678010e+00,-6.89667200e-06,-2.51624591e-06,-1.28363485e-14,2.07076412e-04,-8.71945350e-04,-2.89423258e-13,1.18153042e-05,-4.70160062e-05
5.00000000e+00,2.33695124e+00,-1.43685203e-04,-5.16092219e-05,-2.44357213e-12,2.17934469e-04,-9.11962417e-04,6.41920714e-01,-1.39325236e-04,-5.00081961e-05,1.69503053e+00,-4.35996732e-06,-1.60102565e-06,-1.27773553e-14,2.10103811e-04,-8.81448107e-04,-2.43079478e-12,7.83065822e-06,-3.05143124e-05
6.00000000e+00,2.32661739e+00,-1.27213500e-04,-4.57621033e-05,-5.18806888e-12,1.92559993e-04,-8.07144607e-04,6.63667083e-01,-1.25186479e-04,-4.50036416e-05,1.66295031e+00,-2.02702115e-06,-7.58461995e-07,-1.29864831e-14,1.88447539e-04,-7.91987220e-04,-5.17508242e-12,4.11245332e-06,-1.51573872e-05
7.00000000e+00,2.29446859e+00,-1.02431285e-04,-3.67979281e-05,-1.38455081e-11,1.55170186e-04,-6.49104043e-04,6.76574298e-01,-1.02226324e-04,-3.66988552e-05,1.61789429e+00,-2.04961830e-07,-9.90728737e-08,-1.24050233e-14,1.54057619e-04,-6.46133310e-04,-1.38331030e-11,1.11256649e-06,-2.97073132e-06
8.00000000e+00,2.25091779e+00,-7.27296053e-05,-2.63059801e-05,-8.33496930e-11,1.10542590e-04,-4.59854178e-04,6.88602984e-01,-7.36312485e-05,-2.66143003e-05,1.56231481e+00,9.01643365e-07,3.08320193e-07,-1.15280135e-14,1.11350897e-04,-4.64468512e-04,-8.33381649e-11,-8.08307456e-07,4.61433440e-06
9.00000000e+00,2.19867906e+00,-4.48188446e-05,-1.63123337e-05,-1.99805882e-10,6.85231170e-05,-2.82357681e-04,7.03314414e-01,-4.58903260e-05,-1.66913142e-05,1.49536464e+00,1.07148130e-06,3.78980492e-07,-1.07618661e-14,6.98199614e-05,-2.88537992e-04,-1.99795119e-10,-1.29684447e-06,6.18031050e-06
1.00000000e+01,2.13021699e+00,-2.30178411e-05,-8.49643433e-06,-5.06784057e-10,3.56633982e-05,-1.43872853e-04,7.09985652e-01,-2.36559015e-05,-8.72467027e-06,1.42023134e+00,6.38060388e-07,2.28235907e-07,-6.42297107e-15,3.64850994e-05,-1.47700207e-04,-5.06777633e-10,-8.21701124e-07,3.82735411e-06
1.10000000e+01,2.05782050e+00,-1.05028468e-05,-4.04628343e-06,-8.78554861e-10,1.64728552e-05,-6.48943376e-05,7.20664823e-01,-1.09266800e-05,-4.20869049e-06,1.33715567e+00,4.23833187e-07,1.62407036e-07,-5.34146431e-15,1.71286357e-05,-6.75851976e-05,-8.78549521e-10,-6.55780482e-07,2.69086002e-06
1.20000000e+01,1.97357318e+00,-3.70245194e-06,-1.59656979e-06,-1.89690614e-09,6.00704940e-06,-2.21603957e-05,7.24120665e-01,-3.81238538e-06,-1.64254613e-06,1.24945252e+00,1.09933442e-07,4.59763447e-08,-9.71890734e-15,6.23868040e-06,-2.30391573e-05,-1.89689643e-09,-2.31630981e-07,8.78761623e-07
1.30000000e+01,1.88790092e+00,-2.61143937e-07,-2.31894064e-07,-2.68155001e-09,2.97115358e-07,-1.14653171e-06,7.29051167e-01,-2.80066847e-07,-2.47889244e-07,1.15884975e+00,1.89229103e-08,1.59951798e-08,-1.38969974e-14,4.34669247e-07,-1.53673447e-06,-2.68153612e-09,-1.37553888e-07,3.90202757e-07
1.40000000e+01,1.80892259e+00,3.99361984e-07,6.21611637e-08,-2.76500126e-09,-1.02964147e-06,3.03880856e-06,7.36695747e-01,4.62156676e-07,8.65466141e-08,1.07222684e+00,-6.27946940e-08,-2.43854500e-08,-1.86271370e-14,-1.03239180e-06,3.08020832e-06,-2.76498264e-09,2.75032427e-09,-4.13997598e-08
1.50000000e+01,1.73405927e+00,8.06688407e-08,-1.05350527e-07,-4.47308099e-09,-1.10308389e-06,3.00554123e-06,7.50573904e-01,1.17166959e-07,-5.58290300e-08,9.83485370e-01,-3.64981182e-08,-4.95214962e-08,-1.60381110e-14,-1.21495684e-06,2.75774538e-06,-4.47306495e-09,1.11872948e-07,2.47795846e-07
1.60000000e+01,1.67195789e+00,-4.50690558e-06,-2.95388966e-06,-3.86073354e-09,2.33466376e-05,-3.91040571e-05,7.58775954e-01,-4.75109012e-06,-3.04950141e-06,9.13181941e-01,2.44184534e-07,9.56117476e-08,-1.95351946e-14,2.46326067e-05,-4.18677147e-05,-3.86071401e-09,-1.28596911e-06,2.76365757e-06
1.70000000e+01,1.61280041e+00,1.17607080e-05,3.17023521e-06,-5.79464057e-09,-4.06988450e-05,9.83763072e-05,7.70280595e-01,1.20357159e-05,3.34829965e-06,8.42519814e-01,-2.75007914e-07,-1.78064437e-07,-2.75069721e-14,-4.20560731e-05,1.00551450e-04,-5.79461305e-09,1.35722803e-06,-2.17514231e-06
1.80000000e+01,1.55481776e+00,2.64673507e-06,-4.62428896e-06,-6.29145773e-09,1.93565938e-05,-9.01833732e-06,7.77504981e-01,2.41452002e-06,-4.66253901e-06,7.77312783e-01,2.32215051e-07,3.82500355e-08,-3.14070517e-14,1.99299621e-05,-1.05347990e-05,-6.29142631e-09,-5.73368325e-07,1.51646169e-06
1.90000000e+01,1.49779828e+00,1.91816786e-05,-4.02843611e-06,-1.25497525e-08,2.29712352e-05,5.86236529e-05,7.83978165e-01,1.91470288e-05,-3.99442961e-06,7.13820115e-01,3.46497965e-08,-3.40064826e-08,-2.99892472e-15,2.37728806e-05,5.86921454e-05,-1.25497495e-08,-8.01645508e-07,-6.84924912e-08
2.00000000e+01,1.44424493e+00,3.13430589e-05,-4.49091194e-06,3.10463919e-10,-2.55355635e-05,1.33621192e-04,7.85604183e-01,3.14214040e-05,-4.72284192e-06,6.58640746e-01,-7.83451506e-08,2.31929974e-07,1.47134928e-13,-2.39190199e-05,1.31927129e-04,3.10316784e-10,-1.61654358e-06,1.69406324e-06
2.10000000e+01,1.39567927e+00,2.25457191e-05,6.33500006e-06,-9.78831673e-09,-7.71517627e-05,2.06766016e-04,7.86485327e-01,2.26498282e-05,6.21500404e-06,6.09193952e-01,-1.04109153e-07,1.19996048e-07,9.82730705e-14,-7.64976105e-05,2.06503909e-04,-9.78841501e-09,-6.54152493e-07,2.62106585e-07
2.20000000e+01,1.34756095e+00,3.58384864e-05,1.49308858e-05,1.09658238e-08,-1.09345806e-04,3.27445422e-04,7.82631992e-01,3.63012288e-05,1.47456423e-05,5.64928960e-01,-4.62742399e-07,1.85243495e-07,-2.82641893e-13,-1.08263645e-04,3.25279605e-04,1.09661065e-08,-1.08216064e-06,2.16581736e-06
2.30000000e+01,1.30275572e+00,2.24521944e-05,3.59090601e-05,1.93778380e-10,-1.91787780e-04,3.69955510e-04,7.78020522e-01,2.30829848e-05,3.59731044e-05,5.24735198e-01,-6.30790336e-07,-6.40443152e-08,-1.03988062e-13,-1.92891297e-04,3.77296770e-04,1.93882368e-10,1.10351748e-06,-7.34125990e-06
2.40000000e+01,1.25737923e+00,3.74312454e-05,7.15948380e-05,3.25158807e-08,-3.57351825e-04,5.26434357e-04,7.68745440e-01,3.31046908e-05,7.25343853e-05,4.88633793e-01,4.32655464e-06,-9.39547159e-07,1.63586234e-12,-3.55669021e-04,4.96378928e-04,3.25142448e-08,-1.68280388e-06,3.00554308e-05
2.50000000e+01,1.21473176e+00,1.13421962e-04,5.25694772e-05,3.70884503e-08,-2.86941336e-04,9.33819332e-04,7.59245756e-01,1.13261497e-04,5.17287408e-05,4.55486003e-01,1.60464516e-07,8.40736510e-07,4.09432051e-12,-2.81102560e-04,9.32212327e-04,3.70843560e-08,-5.83877695e-06,1.60700771e-06
2.60000000e+01,1.17165614e+00,4.25884723e-05,1.17126537e-04,8.24494642e-08,-4.70405130e-04,4.85112500e-04,7.45945678e-01,4.34690695e-05,1.16319300e-04,4.25710466e-01,-8.80596978e-07,8.07238117e-07,6.17688427e-12,-4.66706272e-04,4.93167019e-04,8.24432873e-08,-3.69885855e-06,-8.05451600e-06
2.70000000e+01,1.13150761e+00,4.09718435e-05,1.74867408e-04,1.06774695e-07,-6.81430529e-04,4.93529614e-04,7.33365205e-01,3.80558263e-05,1.74506693e-04,3.98142402e-01,2.91601734e-06,3.60714143e-07,7.53460351e-12,-6.73737212e-04,4.75716388e-04,1.06767160e-07,-7.69331752e-06,1.78132280e-05
2.80000000e+01,1.09114837e+00,6.51646683e-05,1.82004198e-04,1.42709905e-07,-6.24809246e-04,5.58895070e-04,7.17927450e-01,6.43285984e-05,1.81034699e-04,3.73220919e-01,8.36069867e-07,9.69499411e-07,7.44127310e-12,-6.11766453e-04,5.68484631e-04,1.42702464e-07,-1.30427937e-05,-9.58956262e-06
2.90000000e+01,1.05372749e+00,8.45860844e-05,2.28764779e-04,1.79330205e-07,-9.14357378e-04,3.82309867e-04,7.03431008e-01,8.30133290e-05,2.28945860e-04,3.50296483e-01,1.57275570e-06,-1.81081361e-07,6.28952486e-12,-9.15578767e-04,3.78797313e-04,1.79323915e-07,1.22139202e-06,3.51255385e-06
3.00000000e+01,1.01778429e+00,1.09804893e-04,2.47259388e-04,1.98973984e-07,-8.13204260e-04,4.81403671e-04,6.88192976e-01,1.10701959e-04,2.46070659e-04,3.29591308e-01,-8.97066099e-07,1.18872848e-06,3.77215601e-12,-8.04567796e-04,4.91707895e-04,1.98970212e-07,-8.63646203e-06,-1.03042261e-05
3.10000000e+01,9.83545588e-01,9.88425694e-05,2.69374286e-04,2.09389781e-07,-8.84982006e-04,1.48166725e-04,6.73091589e-01,9.41189454e-05,2.66076006e-04,3.10453998e-01,4.72362427e-06,3.29827945e-06,7.11807164e-15,-8.64601250e-04,1.16089483e-04,2.09389773e-07,-2.03807596e-05,3.20772415e-05
3.20000000e+01,9.49893873e-01,2.18724564e-04,3.68362847e-04,2.10244741e-07,-1.39532797e-03,8.52632469e-04,6.57261007e-01,2.21011723e-04,3.69571631e-04,2.92632867e-01,-2.28715842e-06,-1.20878392e-06,-4.50423254e-12,-1.39866267e-03,8.77895520e-04,2.10249245e-07,3.33469403e-06,-2.52630474e-05
3.30000000e+01,9.15141866e-01,1.86387260e-04,3.32518366e-04,1.99876186e-07,-1.12209771e-03,3.14543275e-04,6.39149160e-01,1.83802353e-04,3.31596199e-04,2.75992705e-01,2.58490654e-06,9.22166694e-07,-8.98587422e-12,-1.11079686e-03,2.94709785e-04,1.99885172e-07,-1.13008421e-05,1.98334899e-05
3.40000000e+01,8.80391673e-01,2.91516337e-04,4.12900322e-04,1.64778192e-07,-1.60297899e-03,1.02941756e-03,6.18951433e-01,2.93258469e-04,4.12435403e-04,2.61440239e-01,-1.74213227e-06,4.64919372e-07,-1.24599792e-11,-1.59527372e-03,1.04842580e-03,1.64790652e-07,-7.70526984e-06,-1.90082426e-05
3.50000000e+01,8.49478003e-01,2.81109624e-04,4.64642441e-04,1.00917134e-07,-1.86590039e-03,7.03084373e-04,6.00766814e-01,2.80967673e-04,4.71014352e-04,2.48711192e-01,1.41950656e-07,-6.37190837e-06,-1.43053133e-11,-1.89737626e-03,7.02434087e-04,1.00931439e-07,3.14758607e-05,6.50282823e-07
3.60000000e+01,8.23948501e-01,3.32227703e-04,4.15331101e-04,-1.03725893e-07,-1.64254309e-03,1.10061252e-03,5.86495315e-01,3.37094381e-04,4.14708727e-04,2.37453186e-01,-4.86667764e-06,6.22372605e-07,-1.48646135e-11,-1.63740477e-03,1.14085973e-03,-1.03711029e-07,-5.13831752e-06,-4.02472088e-05
3.70000000e+01,8.04057151e-01,2.63675970e-04,4.24447049e-04,-3.95467707e-07,-1.71530503e-03,5.07310348e-04,5.76603119e-01,2.63244760e-04,4.25798548e-04,2.27454031e-01,4.31209632e-07,-1.35149619e-06,-1.32651383e-11,-1.72053100e-03,4.99851579e-04,-3.95454442e-07,5.22597361e-06,7.45877188e-06
3.80000000e+01,7.85664285e-01,2.73113125e-04,4.07607349e-04,-1.06482019e-06,-1.70993357e-03,7.38053991e-04,5.67152691e-01,2.78568000e-04,4.11457665e-04,2.18511593e-01,-5.45487424e-06,-3.85031562e-06,-1.01248950e-11,-1.73470440e-03,7.85142620e-04,-1.06481006e-06,2.47708309e-05,-4.70886328e-05
3.90000000e+01,7.71000597e-01,2.06524659e-04,3.29960815e-04,-1.93095630e-06,-1.30416913e-03,3.45347942e-04,5.60510249e-01,2.11127786e-04,3.31525567e-04,2.10490347e-01,-4.60312663e-06,-1.56475196e-06,-6.52194958e-12,-1.31148840e-03,3.85027719e-04,-1.93094978e-06,7.31926436e-06,-3.96797764e-05
4.00000000e+01,7.56288540e-01,1.89971903e-04,2.98398091e-04,-3.48307638e-06,-1.23726238e-03,4.26925573e-04,5.52989165e-01,1.97943160e-04,2.97990801e-04,2.03299373e-01,-7.97125707e-06,4.07289313e-07,-3.06398422e-12,-1.22921497e-03,4.99336366e-04,-3.48307331e-06,-8.04740479e-06,-7.24107932e-05
4.10000000e+01,7.44642567e-01,1.30929389e-04,2.24812112e-04,-5.00642287e-06,-8.97015041e-04,1.75327452e-04,5.47776465e-01,1.39954423e-04,2.23641988e-04,1.96866103e-01,-9.02503369e-06,1.17012453e-06,1.28914403e-13,-8.78359998e-04,2.55143996e-04,-5.00642302e-06,-1.86550439e-05,-7.98165442e-05
4.20000000e+01,7.32022603e-01,7.99287608e-05,1.24078572e-04,-7.22932002e-06,-3.83665652e-04,3.60123304e-05,5.40868340e-01,9.04679092e-05,1.19991198e-04,1.91154262e-01,-1.05391483e-05,4.08737371e-06,2.93653880e-12,-3.37258526e-04,1.29466393e-04,-7.22932294e-06,-4.64071257e-05,-9.34540627e-05
4.30000000e+01,7.22009829e-01,3.90370107e-05,4.04538242e-05,-9.01085346e-06,-1.75869130e-05,-2.13353041e-05,5.35914100e-01,4.91376185e-05,3.78594907e-05,1.86095731e-01,-1.01006077e-05,2.59433358e-06,5.26852190e-12,1.36433777e-05,6.87185243e-05,-9.01085871e-06,-3.12302907e-05,-9.00538285e-05
4.40000000e+01,7.10491919e-01,1.58860540e-05,-5.58703879e-05,-1.10872073e-05,4.94192738e-04,-2.41512193e-05,5.28746298e-01,2.57431612e-05,-6.07330277e-05,1.81745620e-01,-9.85710714e-06,4.86263961e-06,6.83743380e-12,5.43664462e-04,6.28483577e-05,-1.10872142e-05,-4.94717274e-05,-8.69995771e-05
4.50000000e+01,7.01157435e-01,-1.07896098e-05,-1.29398958e-04,-1.25102727e-05,8.89763754e-04,3.77575424e-06,5.23150461e-01,-2.77668823e-06,-1.31011213e-04,1.78006973e-01,-8.01292157e-06,1.61225481e-06,7.49905930e-12,9.05152145e-04,7.86368824e-05,-1.25102802e-05,-1.53883922e-05,-7.48611281e-05
4.60000000e+01,6.91363314e-01,1.45677430e-05,-2.10754084e-04,-1.36672133e-05,1.28280982e-03,2.45689300e-04,5.16437822e-01,2.31816215e-05,-2.10086406e-04,1.74925493e-01,-8.61387859e-06,-6.67678688e-07,7.51728310e-12,1.27187128e-03,3.22325505e-04,-1.36672208e-05,1.09385440e-05,-7.66362046e-05
4.70000000e+01,6.84482628e-01,2.84536350e-05,-2.97276975e-04,-1.40082589e-05,1.78976059e-03,4.55391690e-04,5.12237982e-01,3.60970340e-05,-2.90644398e-04,1.72244647e-01,-7.64339906e-06,-6.63257705e-06,6.97129929e-12,1.71828528e-03,5.15472666e-04,-1.40082659e-05,7.14753038e-05,-6.00809751e-05
4.80000000e+01,6.77080281e-01,-1.25471533e-05,-3.72295067e-04,-1.40183290e-05,2.32078531e-03,3.81992799e-04,5.06921717e-01,-7.66001990e-06,-3.61378984e-04,1.70158562e-01,-4.88713343e-06,-1.09160830e-05,5.93358724e-12,2.20695374e-03,4.10178923e-04,-1.40183349e-05,1.13831565e-04,-2.81861242e-05
4.90000000e+01,6.72520342e-01,-2.82272635e-05,-4.23894845e-04,-1.33876662e-05,2.64023743e-03,5.61808202e-04,5.04209861e-01,-2.65257992e-05,-4.11311979e-04,1.68310479e-01,-1.70146429e-06,-1.25828689e-05,4.47922004e-12,2.50999952e-03,5.59253751e-04,-1.33876707e-05,1.30237909e-04,2.55445013e-06
5.00000000e+01,6.67817441e-01,-4.51261677e-05,-4.58523022e-04,-1.26881682e-05,2.85845639e-03,5.81466054e-04,5.00985779e-01,-4.83195866e-05,-4.46717101e-04,1.66831662e-01,3.19341888e-06,-1.18059184e-05,2.81283823e-12,2.73650991e-03,5.36036799e-04,-1.26881710e-05,1.21946486e-04,4.54292551e-05
5.10000000e+01,6.65486551e-01,-8.67359662e-06,-4.96929181e-04,-1.16441014e-05,3.10165909e-03,9.28669460e-04,5.00027746e-01,-1.25186099e-05,-4.85154084e-04,1.65458805e-01,3.84501333e-06,-1.17750995e-05,1.20189794e-12,2.97730637e-03,8.77375254e-04,-1.16441027e-05,1.24352716e-04,5.12942044e-05
5.20000000e+01,6.63631252e-01,-6.67734768e-06,-5.19668690e-04,-1.06174641e-05,3.24968489e-03,1.00458376e-03,4.99374420e-01,-7.72291713e-06,-5.10535348e-04,1.64256832e-01,1.04556945e-06,-9.13333824e-06,6.62748994e-14,3.14771410e-03,9.84402577e-04,-1.06174641e-05,1.01970787e-04,2.01811822e-05
5.30000000e+01,6.63352564e-01,-1.57410213e-05,-5.28558456e-04,-9.60678183e-06,3.33800415e-03,9.93920687e-04,5.00394407e-01,-1.20607709e-05,-5.20318724e-04,1.62958156e-01,-3.68025037e-06,-8.23973252e-06,-9.88160692e-13,3.24706613e-03,1.01534938e-03,-9.60678086e-06,9.09380179e-05,-2.14286915e-05
5.40000000e+01,6.62088002e-01,-4.57197191e-05,-5.27886714e-04,-8.59872732e-06,3.36571846e-03,8.39862594e-04,5.00494350e-01,-4.18204885e-05,-5.22978399e-04,1.61593655e-01,-3.89923059e-06,-4.90831427e-06,-1.60968480e-12,3.30487628e-03,8.71739556e-04,-8.59872566e-06,6.08421795e-05,-3.18769629e-05
5.50000000e+01,6.61378936e-01,-2.81802436e-05,-4.95613010e-04,-7.77508767e-06,3.19219698e-03,9.43041298e-04,5.01266537e-01,-2.17281748e-05,-4.92116565e-04,1.60112395e-01,-6.45206878e-06,-3.49644572e-06,-1.77827855e-12,3.14358609e-03,1.00640035e-03,-7.77508587e-06,4.86108841e-05,-6.33590509e-05
5.60000000e+01,6.59987619e-01,1.35584234e-05,-4.39226163e-04,-7.02018545e-06,2.83963792e-03,1.20209263e-03,5.01464381e-01,1.93226339e-05,-4.38141227e-04,1.58523238e-01,-5.76421047e-06,-1.08493307e-06,-1.65348691e-12,2.81392928e-03,1.26434058e-03,-7.02018379e-06,2.57086435e-05,-6.22479575e-05
5.70000000e+01,6.57890520e-01,2.96447618e-05,-3.77956991e-04,-6.46284494e-06,2.46422438e-03,1.20868095e-03,5.01029043e-01,3.77999820e-05,-3.77077405e-04,1.56861477e-01,-8.15522020e-06,-8.79586453e-07,-1.40460516e-12,2.44111645e-03,1.29287432e-03,-6.46284358e-06,2.31079319e-05,-8.41933639e-05
5.80000000e+01,6.55801703e-01,3.46259164e-05,-3.08770483e-04,-5.97544986e-06,2.04266134e-03,1.14297934e-03,5.00755221e-01,4.11485232e-05,-3.07595313e-04,1.55046483e-01,-6.52260681e-06,-1.17517043e-06,-1.09689775e-12,2.01582345e-03,1.21340512e-03,-5.97544874e-06,2.68378937e-05,-7.04257829e-05
5.90000000e+01,6.52853220e-01,3.16733350e-05,-2.30801098e-04,-5.67816931e-06,1.56727039e-03,9.66131264e-04,4.99681073e-01,3.68266832e-05,-2.28658222e-04,1.53172149e-01,-5.15334819e-06,-2.14287660e-06,-6.91144931e-13,1.53122304e-03,1.02336003e-03,-5.67816863e-06,3.60473576e-05,-5.72287674e-05
6.00000000e+01,6.50162862e-01,3.03573255e-05,-1.48002354e-04,-5.42017372e-06,1.01163733e-03,8.22947587e-04,4.98992711e-01,3.40499991e-05,-1.44769332e-04,1.51170151e-01,-3.69267358e-06,-3.23302162e-06,-3.43900200e-13,9.66704779e-04,8.69113878e-04,-5.42017338e-06,4.49325477e-05,-4.61662894e-05
6.10000000e+01,6.47065208e-01,1.36468351e-05,-5.36764794e-05,-5.21757221e-06,3.64898262e-04,5.73888858e-04,4.97937719e-01,1.71231344e-05,-5.15757443e-05,1.49127489e-01,-3.47629928e-06,-2.10073485e-06,2.14968461e-14,3.30897001e-04,6.07307283e-04,-5.21757221e-06,3.40012604e-05,-3.34184240e-05
6.20000000e+01,6.44310943e-01,1.96458789e-05,3.42766222e-05,-4.99157249e-06,-2.53251544e-04,4.07625681e-04,4.97320173e-01,2.04429506e-05,3.68792546e-05,1.46990768e-01,-7.97071698e-07,-2.60263233e-06,9.18210183e-14,-2.91617764e-04,4.21093014e-04,-4.99157259e-06,3.83662201e-05,-1.34673340e-05
6.30000000e+01,6.41979504e-01,9.80353492e-06,1.17012665e-04,-4.67225040e-06,-8.18100919e-04,1.77317319e-04,4.97161470e-01,7.80021118e-06,1.19670920e-04,1.44818033e-01,2.00332374e-06,-2.65825497e-06,3.96268937e-13,-8.55040643e-04,1.61813378e-04,-4.67225080e-06,3.69397246e-05,1.55039416e-05
6.40000000e+01,6.40622664e-01,-3.15445429e-08,1.86708019e-04,-4.29617384e-06,-1.31224236e-03,-3.20525281e-05,4.98080654e-01,-4.02067961e-06,1.89826861e-04,1.42542012e-01,3.98913508e-06,-3.11884216e-06,3.73307759e-13,-1.34975927e-03,-6.91849527e-05,-4.29617421e-06,3.75169077e-05,3.71324246e-05
6.50000000e+01,6.39273254e-01,-3.92604967e-06,2.44035052e-04,-3.84926160e-06,-1.73961665e-03,-2.16213758e-04,4.99007883e-01,-9.48537328e-06,2.48108783e-04,1.40265369e-01,5.55932361e-06,-4.07373123e-06,3.47048375e-13,-1.78248380e-03,-2.70138913e-04,-3.84926195e-06,4.28671436e-05,5.39251544e-05
6.60000000e+01,6.39106709e-01,-8.08447233e-06,2.89930823e-04,-3.41982290e-06,-2.13347375e-03,-3.64241487e-04,5.01208536e-01,-1.52563990e-05,2.94051785e-04,1.37898174e-01,7.17192673e-06,-4.12096250e-06,3.75157208e-13,-2.17316279e-03,-4.37476732e-04,-3.41982327e-06,3.96890417e-05,7.32352444e-05
6.70000000e+01,6.38798410e-01,-1.44062886e-05,3.18201139e-04,-2.99076263e-06,-2.38460876e-03,-4.91090774e-04,5.03232699e-01,-2.36456815e-05,3.22579082e-04,1.35565712e-01,9.23939292e-06,-4.37794333e-06,2.74490414e-13,-2.42549597e-03,-5.88953101e-04,-2.99076290e-06,4.08872038e-05,9.78623281e-05
6.80000000e+01,6.39296091e-01,-1.25713430e-05,3.38746347e-04,-2.70329086e-06,-2.56517281e-03,-5.42133650e-04,5.06087755e-01,-2.32257771e-05,3.43433818e-04,1.33208334e-01,1.06544341e-05,-4.68747127e-06,1.71373986e-13,-2.61158568e-03,-6.55701581e-04,-2.70329103e-06,4.64128632e-05,1.13567933e-04
6.90000000e+01,6.39159174e-01,-1.44805588e-05,3.45162492e-04,-2.53750393e-06,-2.60532003e-03,-5.92500261e-04,5.08280608e-01,-2.52822168e-05,3.51983174e-04,1.30878566e-01,1.08016580e-05,-6.82068204e-06,3.19818462e-14,-2.67100957e-03,-7.10478124e-04,-2.53750396e-06,6.56895309e-05,1.17977861e-04
7.00000000e+01,6.39481789e-01,-1.43459619e-05,3.34133822e-04,-2.44564702e-06,-2.53729724e-03,-6.27232981e-04,5.10930413e-01,-2.39655538e-05,3.42208701e-04,1.28551372e-01,9.61959186e-06,-8.07487893e-06,-6.84071954e-14,-2.61094035e-03,-7.33875369e-04,-2.44564695e-06,7.36431089e-05,1.06642387e-04
7.10000000e+01,6.38815462e-01,-1.11573697e-05,3.13420334e-04,-2.40644918e-06,-2.44236861e-03,-6.05899853e-04,5.12553886e-01,-1.91051420e-05,3.23454239e-04,1.26261575e-01,7.94777225e-06,-1.00339053e-05,-2.05634744e-13,-2.52956139e-03,-6.96386372e-04,-2.40644898e-06,8.71927810e-05,9.04865183e-05
7.20000000e+01,6.37720325e-01,-9.78490156e-06,2.86534692e-04,-2.44360710e-06,-2.29522693e-03,-5.83150633e-04,5.13698438e-01,-1.51350775e-05,2.97328910e-04,1.24021887e-01,5.35017596e-06,-1.07942183e-05,-2.65107002e-13,-2.38464307e-03,-6.48303540e-04,-2.44360684e-06,8.94161417e-05,6.51529042e-05
7.30000000e+01,6.35931415e-01,-3.79486799e-06,2.51212083e-04,-2.47295653e-06,-2.11057048e-03,-4.95426372e-04,5.14074572e-01,-7.29618683e-06,2.63057934e-04,1.21856844e-01,3.50131884e-06,-1.18458517e-05,-3.89773417e-13,-2.20506925e-03,-5.41144402e-04,-2.47295614e-06,9.44987615e-05,4.57180300e-05
7.40000000e+01,6.33811090e-01,4.00100869e-06,2.11182889e-04,-2.53244722e-06,-1.87853172e-03,-3.72252703e-04,5.14036058e-01,2.87133481e-06,2.23517290e-04,1.19775034e-01,1.12967389e-06,-1.23344001e-05,-5.17992006e-13,-1.97298060e-03,-3.92090583e-04,-2.53244670e-06,9.44488741e-05,1.98378802e-05
7.50000000e+01,6.30605755e-01,1.55887874e-05,1.66041041e-04,-2.57277958e-06,-1.62015370e-03,-2.10834313e-04,5.12785969e-01,1.58231919e-05,1.79582241e-04,1.17819785e-01,-2.34404496e-07,-1.35412009e-05,-5.88987404e-13,-1.72531430e-03,-2.14295132e-04,-2.57277899e-06,1.05160604e-04,3.46081971e-06
7.60000000e+01,6.27638478e-01,2.57858965e-05,1.20521364e-04,-2.61444482e-06,-1.33428419e-03,-6.45671686e-05,5.11661927e-01,2.83122553e-05,1.33847759e-04,1.15976550e-01,-2.52635883e-06,-1.33263946e-05,-5.86069823e-13,-1.43843317e-03,-4.24954950e-05,-2.61444423e-06,1.04148981e-04,-2.20716738e-05
7.70000000e+01,6.24031371e-01,3.56070203e-05,7.26524208e-05,-2.63522675e-06,-1.02041558e-03,6.96159356e-05,5.09756820e-01,3.82759365e-05,8.67017973e-05,1.14274549e-01,-2.66891618e-06,-1.40493765e-05,-6.55938717e-13,-1.13400891e-03,9.65849039e-05,-2.63522609e-06,1.13593329e-04,-2.69689678e-05
7.80000000e+01,6.20652153e-01,4.29872434e-05,2.94820040e-05,-2.62848257e-06,-7.19753306e-04,1.77599665e-04,5.07955822e-01,4.68006884e-05,4.26572334e-05,1.12696334e-01,-3.81344491e-06,-1.31752295e-05,-6.36064687e-13,-8.27733521e-04,2.19542976e-04,-2.62848194e-06,1.07980213e-04,-4.19433113e-05
7.90000000e+01,6.17301572e-01,4.83721798e-05,-9.15860581e-06,-2.49150415e-06,-4.14104659e-04,2.48464554e-04,5.06048155e-01,5.29022583e-05,1.97732515e-06,1.11253414e-01,-4.53007847e-06,-1.11359309e-05,-6.19206164e-13,-5.04172043e-04,3.01204145e-04,-2.49150352e-06,9.00673839e-05,-5.27395900e-05
8.00000000e+01,6.14056836e-01,5.02396672e-05,-4.27468717e-05,-2.16556872e-06,-1.38450268e-04,2.71434881e-04,5.04122577e-01,5.70299173e-05,-3.40714633e-05,1.09934260e-01,-6.79025011e-06,-8.67540824e-06,-5.64619055e-13,-2.07236647e-04,3.50085215e-04,-2.16556816e-06,6.87863798e-05,-7.86503333e-05
8.10000000e+01,6.11066240e-01,4.33944149e-05,-7.32076885e-05,-1.56695650e-06,1.31480018e-04,1.98884421e-04,5.02330987e-01,5.43106286e-05,-6.77809028e-05,1.08735254e-01,-1.09162135e-05,-5.42678558e-06,-4.48648514e-13,9.14733545e-05,3.20064708e-04,-1.56695605e-06,4.00066635e-05,-1.21180288e-04
8.20000000e+01,6.08312504e-01,3.09398278e-05,-9.53288800e-05,-5.45860121e-07,3.55863667e-04,8.68158428e-05,5.00680095e-01,4.64817448e-05,-9.36153905e-05,1.07632413e-01,-1.55419171e-05,-1.71348960e-06,-3.88591772e-13,3.49434974e-04,2.54547232e-04,-5.45859732e-07,6.42869328e-06,-1.67731390e-04
8.30000000e+01,6.05710212e-01,1.38727643e-05,-1.11613100e-04,9.95467046e-07,5.69293045e-04,-8.34570034e-05,4.99083982e-01,3.60137053e-05,-1.12937819e-04,1.06626229e-01,-2.21409410e-05,1.32471933e-06,-2.88048616e-13,5.89136093e-04,1.50408272e-04,9.95467333e-07,-1.98430437e-05,-2.33865276e-04
8.40000000e+01,6.03385216e-01,-7.28190362e-06,-1.22885846e-04,3.34096243e-06,7.51116071e-04,-3.00086291e-04,4.97697914e-01,2.20932407e-05,-1.26784638e-04,1.05687300e-01,-2.93751444e-05,3.89879285e-06,-1.81266678e-13,7.93327187e-04,6.58278668e-06,3.34096261e-06,-4.22111180e-05,-3.06669078e-04
8.50000000e+01,6.01351474e-01,-3.06984553e-05,-1.28080153e-04,6.08164156e-06,9.09473455e-04,-5.45045229e-04,4.96547235e-01,5.08746500e-06,-1.36008107e-04,1.04804239e-01,-3.57859203e-05,7.92795404e-06,-8.86074990e-14,9.88854146e-04,-1.74938086e-04,6.08164166e-06,-7.93806920e-05,-3.70107142e-04
8.60000000e+01,5.99455374e-01,-5.28117497e-05,-1.25484280e-04,9.29817818e-06,9.81152241e-04,-7.87268418e-04,4.95504820e-01,-1.27131184e-05,-1.39750542e-04,1.03950552e-01,-4.00986313e-05,1.42662614e-05,-5.02280201e-15,1.12145844e-03,-3.73655175e-04,9.29817818e-06,-1.40306199e-04,-4.13613243e-04
8.70000000e+01,5.97440006e-01,-7.52009979e-05,-1.16117445e-04,1.26929250e-05,1.00261523e-03,-1.05317379e-03,4.94315292e-01,-3.42570918e-05,-1.37628385e-04,1.03124712e-01,-4.09439061e-05,2.15109405e-05,7.34156350e-14,1.21516355e-03,-6.30470261e-04,1.26929250e-05,-2.12548319e-04,-4.22703528e-04
8.80000000e+01,5.95301848e-01,-9.38881778e-05,-1.01348879e-04,1.59208535e-05,9.55416703e-04,-1.29355035e-03,4.92998837e-01,-5.37582491e-05,-1.32598519e-04,1.02303012e-01,-4.01299287e-05,3.12496401e-05,1.12810946e-13,1.26571317e-03,-8.78470990e-04,1.59208534e-05,-3.10296459e-04,-4.15079362e-04
8.90000000e+01,5.92816924e-01,-1.12270183e-04,-8.21474085e-05,1.87560610e-05,8.51514320e-04,-1.52130899e-03,4.91327415e-01,-7.45758291e-05,-1.24833787e-04,1.01489510e-01,-3.76943536e-05,4.26863787e-05,1.36304564e-13,1.27649479e-03,-1.13057940e-03,1.87560609e-05,-4.24980463e-04,-3.90729594e-04
9.00000000e+01,5.90038511e-01,-1.26725500e-04,-5.98060513e-05,2.08388689e-05,7.04228529e-04,-1.71022732e-03,4.89367517e-01,-8.92021672e-05,-1.13465111e-04,1.00670993e-01,-3.75233330e-05,5.36590596e-05,1.64003061e-13,1.23885448e-03,-1.32175793e-03,2.08388687e-05,-5.34625950e-04,-3.88469382e-04
9.10000000e+01,5.86802092e-01,-1.40049309e-04,-3.82668456e-05,2.20591960e-05,5.55320882e-04,-1.86912060e-03,4.86949849e-01,-9.85049433e-05,-1.00543808e-04,9.98522449e-02,-4.15443660e-05,6.22769623e-05,1.49694851e-13,1.17477967e-03,-1.44182649e-03,2.20591958e-05,-6.19458783e-04,-4.27294107e-04
9.20000000e+01,5.83318170e-01,-1.54578014e-04,-1.85818391e-05,2.23880430e-05,4.08780433e-04,-2.01278704e-03,4.84296807e-01,-1.06619780e-04,-8.73849392e-05,9.90213636e-02,-4.79582332e-05,6.88030998e-05,1.63554178e-13,1.09171274e-03,-1.52303844e-03,2.23880428e-05,-6.82932306e-04,-4.89748609e-04
9.30000000e+01,5.79777549e-01,-1.68997722e-04,-4.65833413e-07,2.21223196e-05,2.84564650e-04,-2.12898787e-03,4.81597322e-01,-1.11963442e-04,-7.47124006e-05,9.81802289e-02,-5.70342799e-05,7.42465673e-05,1.18009658e-13,1.01969544e-03,-1.55052510e-03,2.21223194e-05,-7.35130794e-04,-5.78462769e-04
9.40000000e+01,5.76170582e-01,-1.81670127e-04,1.59749980e-05,2.15468582e-05,1.77256409e-04,-2.20553737e-03,4.78841836e-01,-1.11929983e-04,-6.15936146e-05,9.73287462e-02,-6.97401448e-05,7.75686127e-05,1.24218476e-13,9.44090715e-04,-1.50135647e-03,2.15468581e-05,-7.66834305e-04,-7.04180897e-04
9.50000000e+01,5.72684286e-01,-1.91218540e-04,3.16314834e-05,2.08786767e-05,6.80057587e-05,-2.24211406e-03,4.76216894e-01,-1.06711801e-04,-4.74148447e-05,9.64673925e-02,-8.45067388e-05,7.90463277e-05,9.31365432e-14,8.47843262e-04,-1.39169682e-03,2.08786766e-05,-7.79837504e-04,-8.50417237e-04
9.60000000e+01,5.69254723e-01,-1.98088385e-04,4.30030012e-05,2.01630638e-05,3.45424625e-06,-2.24435050e-03,4.73664172e-01,-9.74723086e-05,-3.41561359e-05,9.55905530e-02,-1.00616076e-04,7.71591373e-05,4.09805196e-14,7.63227151e-04,-1.23443350e-03,2.01630638e-05,-7.59772906e-04,-1.00991700e-03
9.70000000e+01,5.65994460e-01,-2.01852756e-04,4.93102488e-05,1.94800584e-05,-1.35909660e-05,-2.20390084e-03,4.71282634e-01,-8.60012936e-05,-2.29635646e-05,9.47118242e-02,-1.15851462e-04,7.22738137e-05,3.98765152e-14,6.94952395e-04,-1.04239527e-03,1.94800584e-05,-7.08543362e-04,-1.16150557e-03
9.80000000e+01,5.62979029e-01,-2.01596017e-04,5.14347403e-05,1.88659666e-05,1.95276660e-05,-2.11012490e-03,4.69142896e-01,-7.25887296e-05,-1.30053490e-05,9.38361331e-02,-1.29007288e-04,6.44400892e-05,3.29888267e-14,6.47355939e-04,-8.18531323e-04,1.88659666e-05,-6.27828277e-04,-1.29159358e-03
9.90000000e+01,5.60270172e-01,-1.95157881e-04,4.61360626e-05,1.81649368e-05,1.47942519e-04,-1.94111370e-03,4.67291834e-01,-5.65162813e-05,-4.82859642e-06,9.29783368e-02,-1.38641600e-04,5.09646591e-05,2.07493826e-15,6.36068534e-04,-5.54286618e-04,1.81649368e-05,-4.88126014e-04,-1.38682707e-03
1.00000000e+02,5.58146046e-01,-1.79257938e-04,3.45061048e-05,1.71863940e-05,3.91761208e-04,-1.66057865e-03,4.66008953e-01,-3.86919604e-05,1.62210485e-06,9.21370931e-02,-1.40565977e-04,3.28839999e-05,6.35979581e-15,6.93888959e-04,-2.56868925e-04,1.71863940e-05,-3.02127751e-04,-1.40370973e-03
1.01000000e+02,5.56766167e-01,-1.58035411e-04,1.32210373e-05,1.61080307e-05,7.96256424e-04,-1.30119217e-03,4.65447560e-01,-1.94832167e-05,7.60495083e-06,9.13186072e-02,-1.38552194e-04,5.61608650e-06,1.80899167e-15,8.17944585e-04,8.14861816e-05,1.61080307e-05,-2.16881639e-05,-1.38267835e-03
1.02000000e+02,5.56121801e-01,-1.28735329e-04,-1.31518603e-05,1.49013690e-05,1.32424260e-03,-8.57815385e-04,4.65593230e-01,-4.48664173e-07,1.21418367e-05,9.05285722e-02,-1.28286665e-04,-2.52936970e-05,-1.04523308e-14,1.03117118e-03,4.21071028e-04,1.49013690e-05,2.93071424e-04,-1.27888641e-03
1.03000000e+02,5.56299629e-01,-9.82624611e-05,-4.84949611e-05,1.38059625e-05,1.96740995e-03,-4.04727267e-04,4.66532138e-01,1.83763601e-05,1.52356830e-05,8.97674930e-02,-1.16638821e-04,-6.37306439e-05,-2.12351940e-14,1.28296326e-03,7.56190572e-04,1.38059625e-05,6.84446691e-04,-1.16091784e-03
1.04000000e+02,5.57148448e-01,-6.93320229e-05,-8.56433034e-05,1.26887135e-05,2.66588590e-03,1.12913608e-05,4.68108888e-01,3.13768363e-05,1.66341699e-05,8.90395596e-02,-1.00708859e-04,-1.02277473e-04,-2.84593403e-14,1.59148482e-03,1.01241427e-03,1.26887135e-05,1.07440108e-03,-1.00112292e-03
1.05000000e+02,5.58692481e-01,-3.81629543e-05,-1.27031072e-04,1.18265050e-05,3.42794971e-03,4.20549758e-04,4.70363263e-01,4.44030910e-05,1.72611143e-05,8.83292176e-02,-8.25660452e-05,-1.44292187e-04,-2.34342664e-14,1.92733993e-03,1.24036406e-03,1.18265050e-05,1.50060977e-03,-8.19814301e-04
1.06000000e+02,5.60438620e-01,-1.01858298e-05,-1.62783433e-04,1.13164354e-05,4.15970250e-03,7.27181754e-04,4.72796555e-01,5.41517460e-05,1.76492418e-05,8.76420647e-02,-6.43375758e-05,-1.80432674e-04,-1.51648620e-14,2.29526034e-03,1.36680829e-03,1.13164354e-05,1.86444216e-03,-6.39626534e-04
1.07000000e+02,5.62278039e-01,1.39685747e-05,-1.95225987e-04,1.14176289e-05,4.83672253e-03,9.09593093e-04,4.75310178e-01,6.07771053e-05,1.58284453e-05,8.69678601e-02,-4.68085309e-05,-2.11054433e-04,-3.55622541e-14,2.66495176e-03,1.37813029e-03,1.14176289e-05,2.17177076e-03,-4.68537196e-04
1.08000000e+02,5.63955319e-01,3.39093764e-05,-2.16472621e-04,1.20332921e-05,5.35961866e-03,9.69002564e-04,4.77642519e-01,6.28581090e-05,1.41652169e-05,8.63127968e-02,-2.89487326e-05,-2.30637838e-04,-1.93092419e-14,2.99527510e-03,1.26456953e-03,1.20332921e-05,2.36434358e-03,-2.95566963e-04
1.09000000e+02,5.65337634e-01,4.90958988e-05,-2.32570595e-04,1.32067694e-05,5.75642262e-03,9.22378559e-04,4.79676463e-01,6.07561963e-05,1.01935952e-05,8.56611710e-02,-1.16602976e-05,-2.42764191e-04,-1.26929791e-14,3.27688130e-03,1.05143380e-03,1.32067694e-05,2.47954133e-03,-1.29055242e-04
1.10000000e+02,5.66224104e-01,5.87871852e-05,-2.39393711e-04,1.44592815e-05,5.95904130e-03,7.68198013e-04,4.81209847e-01,5.74305908e-05,6.27173196e-06,8.50142564e-02,1.35659446e-06,-2.45665443e-04,-4.75130673e-15,3.45954405e-03,7.70993947e-04,1.44592816e-05,2.49949724e-03,-2.79593532e-06
1.11000000e+02,5.66480983e-01,6.21364565e-05,-2.39780840e-04,1.59402869e-05,6.00778998e-03,5.46906775e-04,4.82101752e-01,5.18147116e-05,2.73475692e-06,8.43792307e-02,1.03217448e-05,-2.42515597e-04,-5.33247362e-15,3.55028239e-03,4.61019981e-04,1.59402869e-05,2.45750759e-03,8.58867952e-05
1.12000000e+02,5.66141076e-01,6.02869293e-05,-2.32032974e-04,1.74584411e-05,5.88019811e-03,3.00530900e-04,4.82381826e-01,4.56210922e-05,-5.40865532e-07,8.37592510e-02,1.46658370e-05,-2.31492109e-04,-2.90761167e-14,3.54401144e-03,1.68518541e-04,1.74584411e-05,2.33618669e-03,1.32012358e-04
1.13000000e+02,5.65379000e-01,5.57081352e-05,-2.17736337e-04,1.93029958e-05,5.61945920e-03,6.55351445e-05,4.82217864e-01,4.00580569e-05,-4.61143350e-06,8.31611377e-02,1.56500785e-05,-2.13124903e-04,1.10277411e-14,3.47856695e-03,-8.24473293e-05,1.93029958e-05,2.14089226e-03,1.47982474e-04
1.14000000e+02,5.64393493e-01,4.84926176e-05,-1.94263250e-04,2.08654368e-05,5.21394076e-03,-1.09657361e-04,4.81805491e-01,3.45735392e-05,-7.53982439e-06,8.25880020e-02,1.39190784e-05,-1.86723426e-04,-1.23289128e-14,3.34732923e-03,-2.48245642e-04,2.08654368e-05,1.86661156e-03,1.38588281e-04
1.15000000e+02,5.63153118e-01,4.19613996e-05,-1.62275456e-04,2.26872016e-05,4.70174641e-03,-1.89964548e-04,4.81105722e-01,3.08253867e-05,-9.87590748e-06,8.20473962e-02,1.11360130e-05,-1.52399548e-04,-3.34453630e-14,3.18857667e-03,-3.09405560e-04,2.26872016e-05,1.51316974e-03,1.19441012e-04
1.16000000e+02,5.62013343e-01,3.91635236e-05,-1.26772115e-04,2.42405547e-05,4.12912170e-03,-1.35420852e-04,4.80468717e-01,2.96617332e-05,-1.15388496e-05,8.15446287e-02,9.50179035e-06,-1.15233266e-04,-1.41385025e-14,2.99464929e-03,-2.47470760e-04,2.42405547e-05,1.13447240e-03,1.12049908e-04
1.17000000e+02,5.60970186e-01,4.12797073e-05,-9.08859060e-05,2.59204116e-05,3.57348731e-03,5.55727501e-05,4.79893019e-01,2.84162364e-05,-1.28336721e-05,8.10771677e-02,1.28634709e-05,-7.80522343e-05,-2.68430466e-15,2.81601895e-03,-9.87253866e-05,2.59204116e-05,7.57468362e-04,1.54298137e-04
1.18000000e+02,5.60176675e-01,5.31061728e-05,-6.28645148e-05,2.73159632e-05,3.14883091e-03,3.98152235e-04,4.79552672e-01,2.79286720e-05,-1.32765805e-05,8.06240064e-02,2.51775007e-05,-4.95879344e-05,6.35937668e-16,2.67850344e-03,1.14870939e-04,2.73159632e-05,4.70327470e-04,2.83281296e-04
1.19000000e+02,5.59434728e-01,7.37688913e-05,-4.38664281e-05,2.80430484e-05,2.86071175e-03,8.11058257e-04,4.79256998e-01,2.99741537e-05,-1.31770771e-05,8.01777295e-02,4.37947375e-05,-3.06893509e-05,-3.96693752e-16,2.58111123e-03,3.39050579e-04,2.80430484e-05,2.79600523e-04,4.72007680e-04
1.20000000e+02,5.58378351e-01,9.69022427e-05,-2.77950693e-05,2.79800664e-05,2.61851829e-03,1.18712998e-03,4.78657884e-01,3.26276556e-05,-1.17285708e-05,7.97204662e-02,6.42745872e-05,-1.60664984e-05,1.65061025e-14,2.48697329e-03,5.12337785e-04,2.79800664e-05,1.31544997e-04,6.74792191e-04
1.21000000e+02,5.56952842e-01,1.15856285e-04,-9.88258655e-06,2.70381959e-05,2.37369741e-03,1.43844941e-03,4.77695922e-01,3.39368639e-05,-9.96258325e-06,7.92569188e-02,8.19194209e-05,7.99967100e-08,2.01190529e-14,2.40461700e-03,5.91714289e-04,2.70381958e-05,-3.09195835e-05,8.46735121e-04
1.22000000e+02,5.55086117e-01,1.31422167e-04,7.67981212e-06,2.50624818e-05,2.14307844e-03,1.57664337e-03,4.76299190e-01,3.71141244e-05,-6.91250634e-06,7.87869264e-02,9.43080424e-05,1.45923185e-05,2.74456572e-14,2.31814214e-03,6.11714157e-04,2.50624818e-05,-1.75063703e-04,9.64929210e-04
1.23000000e+02,5.52811586e-01,1.40700610e-04,2.73311953e-05,2.23396216e-05,1.91492575e-03,1.59159528e-03,4.74493754e-01,3.95478347e-05,-3.28737668e-06,7.83178345e-02,1.01152775e-04,3.06185720e-05,1.41458007e-14,2.24939989e-03,5.63389025e-04,2.23396216e-05,-3.34474127e-04,1.02820626e-03
1.24000000e+02,5.50069572e-01,1.46095259e-04,4.37085099e-05,1.89708851e-05,1.74431450e-03,1.54408125e-03,4.72226382e-01,4.33103659e-05,9.93636858e-07,7.78431915e-02,1.02784894e-04,4.27148728e-05,3.44972777e-14,2.19832034e-03,5.04669628e-04,1.89708851e-05,-4.54005844e-04,1.03941162e-03
1.25000000e+02,5.46960200e-01,1.47620986e-04,6.27725583e-05,1.56096107e-05,1.53923715e-03,1.46188045e-03,4.69581782e-01,4.59289101e-05,5.53535876e-06,7.73784187e-02,1.01692075e-04,5.72371996e-05,5.21769738e-14,2.13765762e-03,4.36681028e-04,1.56096106e-05,-5.98420470e-04,1.02519943e-03
1.26000000e+02,5.43555901e-01,1.45735431e-04,7.87753693e-05,1.25096583e-05,1.36384218e-03,1.37367071e-03,4.66639671e-01,4.73626156e-05,1.00303632e-05,7.69162306e-02,9.83728158e-05,6.87450060e-05,5.85482293e-14,2.07837445e-03,3.83613393e-04,1.25096582e-05,-7.14532270e-04,9.90057314e-04
1.27000000e+02,5.40009675e-01,1.42269077e-04,9.68770562e-05,9.99792845e-06,1.12795591e-03,1.30688037e-03,4.63535120e-01,4.81816671e-05,1.44474783e-05,7.64745540e-02,9.40874103e-05,8.24295777e-05,5.88213137e-14,1.98199478e-03,3.61542703e-04,9.99792840e-06,-8.54038879e-04,9.45337668e-04
1.28000000e+02,5.36353693e-01,1.39424079e-04,1.13592906e-04,7.97974284e-06,8.44020222e-04,1.28196632e-03,4.60316670e-01,4.90784296e-05,1.89188799e-05,7.60370218e-02,9.03456496e-05,9.46740256e-05,3.29380035e-14,1.82513243e-03,3.75758311e-04,7.97974280e-06,-9.81112204e-04,9.06208014e-04
1.29000000e+02,5.32959128e-01,1.37007568e-04,1.29920584e-04,6.72421414e-06,4.98569345e-04,1.28036217e-03,4.57334684e-01,4.91629369e-05,2.27407002e-05,7.56244462e-02,8.78446312e-05,1.07179884e-04,6.48407223e-14,1.60951046e-03,4.00417241e-04,6.72421409e-06,-1.11094112e-03,8.79944926e-04
1.30000000e+02,5.29720231e-01,1.37757096e-04,1.42621216e-04,5.87430093e-06,1.33272293e-04,1.31287103e-03,4.54500239e-01,4.94152240e-05,2.61808638e-05,7.52199905e-02,8.83418713e-05,1.16440352e-04,8.31975313e-14,1.34072817e-03,4.30008973e-04,5.87430083e-06,-1.20745588e-03,8.82862054e-04
1.31000000e+02,5.27095180e-01,1.39243578e-04,1.50801529e-04,5.54076180e-06,-2.10395571e-04,1.34202932e-03,4.52253731e-01,4.86713572e-05,2.88654115e-05,7.48414523e-02,9.05722203e-05,1.21936118e-04,7.82204003e-14,1.05356643e-03,4.39779217e-04,5.54076170e-06,-1.26396200e-03,9.02250101e-04
1.32000000e+02,5.25013389e-01,1.35711346e-04,1.52425852e-04,5.38150795e-06,-4.87468681e-04,1.28225270e-03,4.50540900e-01,4.66284592e-05,3.04130465e-05,7.44724875e-02,8.90828868e-05,1.22012806e-04,8.01508077e-14,7.77139101e-04,3.99187742e-04,5.38150785e-06,-1.26460779e-03,8.83064955e-04
1.33000000e+02,5.23567281e-01,1.32364345e-04,1.46746915e-04,5.38604482e-06,-6.65214963e-04,1.17257302e-03,4.49445678e-01,4.47123125e-05,3.12246689e-05,7.41215996e-02,8.76520330e-05,1.15522246e-04,8.37973786e-14,5.32310814e-04,3.08041323e-04,5.38604477e-06,-1.19752578e-03,8.64531690e-04
1.34000000e+02,5.22597876e-01,1.21606458e-04,1.37926704e-04,5.25331419e-06,-7.94762394e-04,9.25552509e-04,4.48823845e-01,4.19081396e-05,3.11299342e-05,7.37740336e-02,7.96983181e-05,1.06796770e-04,9.48404648e-14,3.12478962e-04,1.46766353e-04,5.25331409e-06,-1.10724136e-03,7.78786157e-04
1.35000000e+02,5.22034165e-01,1.07703554e-04,1.26524093e-04,5.06085477e-06,-8.58424166e-04,5.65737890e-04,4.48593420e-01,3.92216699e-05,3.04445713e-05,7.34407460e-02,6.84818839e-05,9.60795218e-05,6.63180428e-14,1.37128238e-04,-9.47772676e-05,5.06085472e-06,-9.95552405e-04,6.60515156e-04
1.36000000e+02,5.21835874e-01,8.32624925e-05,1.19626936e-04,4.54673614e-06,-9.31819110e-04,8.02370883e-06,4.48732966e-01,3.60988316e-05,2.91895937e-05,7.31029074e-02,4.71636613e-05,9.04373424e-05,9.84273393e-14,1.84919722e-06,-4.32784836e-04,4.54673603e-06,-9.33668309e-04,4.40808545e-04
1.37000000e+02,5.21793411e-01,5.41852042e-05,1.17934803e-04,3.75992512e-06,-1.00589034e-03,-6.48050862e-04,4.49022046e-01,3.42756737e-05,2.74371545e-05,7.27713631e-02,1.99095305e-05,9.04976482e-05,9.29957267e-14,-7.70884930e-05,-8.11148246e-04,3.75992503e-06,-9.28801849e-04,1.63097379e-04
1.38000000e+02,5.21592093e-01,1.58963055e-05,1.24291601e-04,2.61614351e-06,-1.14250527e-03,-1.42961278e-03,4.49163628e-01,2.95530720e-05,2.44406108e-05,7.24284632e-02,-1.36567665e-05,9.98509899e-05,1.00194879e-13,-1.24211544e-04,-1.25227283e-03,2.61614341e-06,-1.01829373e-03,-1.77339952e-04
1.39000000e+02,5.21068678e-01,-2.34595506e-05,1.37372125e-04,1.28151766e-06,-1.32826929e-03,-2.24683936e-03,4.48979451e-01,2.75597380e-05,2.12818211e-05,7.20892284e-02,-5.10192885e-05,1.16090304e-04,9.72685896e-14,-1.48828251e-04,-1.69220463e-03,1.28151756e-06,-1.17944104e-03,-5.54634727e-04
1.40000000e+02,5.19955790e-01,-6.54848836e-05,1.56020525e-04,-3.22895909e-07,-1.58417464e-03,-3.10484342e-03,4.48199327e-01,2.46684373e-05,1.72246793e-05,7.17564609e-02,-9.01533209e-05,1.38795845e-04,8.27390354e-14,-1.76550546e-04,-2.15478712e-03,-3.22895992e-07,-1.40762410e-03,-9.50056310e-04
1.41000000e+02,5.18506771e-01,-1.07736215e-04,1.76878930e-04,-1.98960010e-06,-1.88353473e-03,-3.97647192e-03,4.47054939e-01,2.28076858e-05,1.34881670e-05,7.14518300e-02,-1.30543901e-04,1.63390763e-04,1.37766144e-13,-2.29800674e-04,-2.62007865e-03,-1.98960023e-06,-1.65373406e-03,-1.35639326e-03
1.42000000e+02,5.16787024e-01,-1.49992533e-04,1.96011658e-04,-3.69541370e-06,-2.16680807e-03,-4.83725901e-03,4.45613063e-01,1.99256221e-05,9.08842569e-06,7.11739584e-02,-1.69918155e-04,1.86923233e-04,7.64015340e-14,-2.79530061e-04,-3.08751446e-03,-3.69541377e-06,-1.88727800e-03,-1.74974455e-03
1.43000000e+02,5.15226010e-01,-1.84823092e-04,2.06072929e-04,-5.09965437e-06,-2.31423187e-03,-5.55442314e-03,4.44311754e-01,1.88622055e-05,5.17632949e-06,7.09142571e-02,-2.03685298e-04,2.00896599e-04,6.21918480e-14,-2.92833512e-04,-3.47275030e-03,-5.09965442e-06,-2.02139836e-03,-2.08167287e-03
1.44000000e+02,5.13714151e-01,-2.09211093e-04,2.03979041e-04,-5.99475683e-06,-2.26878715e-03,-6.01777543e-03,4.43042832e-01,1.66825053e-05,9.59829303e-07,7.06713193e-02,-2.25893598e-04,2.03019211e-04,8.10941376e-14,-2.34110166e-04,-3.72453432e-03,-5.99475693e-06,-2.03467698e-03,-2.29324113e-03
1.45000000e+02,5.12449948e-01,-2.19457343e-04,1.88553250e-04,-5.93228330e-06,-2.01946846e-03,-6.15179382e-03,4.41997612e-01,1.50860189e-05,-2.72303577e-06,7.04523340e-02,-2.34543362e-04,1.91276286e-04,9.99484559e-14,-1.12805071e-04,-3.78708265e-03,-5.93228340e-06,-1.90666339e-03,-2.36471117e-03
1.46000000e+02,5.11249562e-01,-2.15861515e-04,1.59730491e-04,-4.63435794e-06,-1.56340840e-03,-5.94239091e-03,4.40993957e-01,1.30462494e-05,-5.39862573e-06,7.02556038e-02,-2.28907764e-04,1.65129117e-04,5.29119008e-14,7.08754710e-05,-3.65085252e-03,-4.63435800e-06,-1.63428387e-03,-2.29153839e-03
1.47000000e+02,5.10314676e-01,-2.00081055e-04,1.20017906e-04,-2.18320028e-06,-9.57304776e-04,-5.44293162e-03,4.40240980e-01,1.04491944e-05,-8.49072450e-06,7.00736985e-02,-2.10530249e-04,1.28508631e-04,4.09947165e-14,3.00833456e-04,-3.35086013e-03,-2.18320033e-06,-1.25813823e-03,-2.09207148e-03
1.48000000e+02,5.09443009e-01,-1.71036021e-04,7.76745068e-05,7.72269057e-07,-3.12321281e-04,-4.72796648e-03,4.39550537e-01,9.81946663e-06,-1.07464654e-05,6.98924749e-02,-1.80855487e-04,8.84209722e-05,5.39174977e-14,5.37342677e-04,-2.94393297e-03,7.72269004e-07,-8.49663959e-04,-1.78403351e-03
1.49000000e+02,5.08618092e-01,-1.34304879e-04,3.75236501e-05,3.87638526e-06,2.87851436e-04,-3.92659332e-03,4.38906431e-01,7.70558673e-06,-1.23688375e-05,6.97116628e-02,-1.42010466e-04,4.98924875e-05,4.20371340e-14,7.46095218e-04,-2.53880418e-03,3.87638522e-06,-4.58243780e-04,-1.38778914e-03
1.50000000e+02,5.07589912e-01,-8.97039780e-05,6.78670522e-07,6.65666268e-06,8.53634360e-04,-3.08745287e-03,4.38061705e-01,7.27388215e-06,-1.40240781e-05,6.95282084e-02,-9.69778602e-05,1.47027486e-05,4.99532230e-14,9.55274151e-04,-2.15367112e-03,6.65666263e-06,-1.01639792e-04,-9.33781751e-04
1.51000000e+02,5.06415809e-01,-4.27322607e-05,-2.84884307e-05,9.06921382e-06,1.35944321e-03,-2.28767022e-03,4.37071098e-01,6.17134676e-06,-1.51052270e-05,6.93447132e-02,-4.89036075e-05,-1.33832037e-05,5.59490610e-14,1.17827782e-03,-1.83558632e-03,9.06921378e-06,1.81165397e-04,-4.52083900e-04
1.52000000e+02,5.04936921e-01,8.80770511e-07,-4.71074162e-05,1.06634979e-05,1.77528383e-03,-1.59886424e-03,4.35776094e-01,4.96759239e-06,-1.61597074e-05,6.91608262e-02,-4.08682190e-06,-3.09477086e-05,3.83333139e-14,1.41715934e-03,-1.59412661e-03,1.06634979e-05,3.58124494e-04,-4.73763142e-06
1.53000000e+02,5.03140899e-01,3.91306615e-05,-5.31830309e-05,1.15685386e-05,2.10642492e-03,-1.02202060e-03,4.34157290e-01,4.51670980e-06,-1.68015894e-05,6.89836107e-02,3.46139517e-05,-3.63814414e-05,2.21801107e-14,1.69377577e-03,-1.40213268e-03,1.15685386e-05,4.12649150e-04,3.80112082e-04
1.54000000e+02,5.00982950e-01,6.58134627e-05,-4.95488399e-05,1.17125649e-05,2.39624757e-03,-5.97518367e-04,4.32166268e-01,3.78959971e-06,-1.76524676e-05,6.88166822e-02,6.20238629e-05,-3.18963723e-05,1.84085910e-14,2.02947876e-03,-1.24793841e-03,1.17125649e-05,3.66768812e-04,6.50420045e-04
1.55000000e+02,4.98754400e-01,7.83080853e-05,-3.71408104e-05,1.12395975e-05,2.62624406e-03,-3.24948319e-04,4.30097693e-01,3.18173724e-06,-1.82122487e-05,6.86567084e-02,7.51263479e-05,-1.89285617e-05,2.13603471e-14,2.39188127e-03,-1.10259550e-03,1.12395974e-05,2.34362788e-04,7.77647180e-04
1.56000000e+02,4.96459643e-01,7.82869304e-05,-2.06228898e-05,1.04588531e-05,2.82984607e-03,-1.62329084e-04,4.27948548e-01,2.89747229e-06,-1.88130264e-05,6.85110954e-02,7.53894580e-05,-1.80986342e-06,1.67115987e-14,2.77164945e-03,-9.39524001e-04,1.04588531e-05,5.81966217e-05,7.77194918e-04
1.57000000e+02,4.94270491e-01,6.99769522e-05,-4.16420348e-06,9.72125122e-06,3.02730858e-03,-3.32025114e-05,4.25891422e-01,3.01461506e-06,-1.90290284e-05,6.83790683e-02,6.69623372e-05,1.48648249e-05,9.87518716e-15,3.14230846e-03,-7.24824607e-04,9.72125122e-06,-1.14999879e-04,6.91622097e-04
1.58000000e+02,4.92431391e-01,5.86203352e-05,9.06267587e-06,9.23539979e-06,3.21702488e-03,1.43886912e-04,4.24168764e-01,3.67978203e-06,-1.91336033e-05,6.82626239e-02,5.49405533e-05,2.81962792e-05,-5.19140014e-16,3.47314431e-03,-4.26853861e-04,9.23539979e-06,-2.56119432e-04,5.70740775e-04
1.59000000e+02,4.91073333e-01,4.82805777e-05,1.74395409e-05,9.14143822e-06,3.40010437e-03,4.10432200e-04,4.22913065e-01,4.65078409e-06,-1.88666771e-05,6.81602685e-02,4.36297934e-05,3.63062180e-05,-6.44780967e-15,3.74447006e-03,-4.73869058e-05,9.14143822e-06,-3.44365687e-04,4.57819106e-04
1.60000000e+02,4.90148955e-01,4.23240489e-05,2.12772685e-05,9.28892596e-06,3.57254442e-03,7.82682540e-04,4.22085876e-01,6.01441116e-06,-1.81559630e-05,6.80630795e-02,3.63096376e-05,3.94332317e-05,-1.04891260e-14,3.95329803e-03,3.97357521e-04,9.28892596e-06,-3.80753616e-04,3.85325016e-04
1.61000000e+02,4.89678192e-01,4.27324517e-05,2.22266498e-05,9.61539239e-06,3.69671584e-03,1.26038262e-03,4.21718375e-01,7.37564516e-06,-1.68045514e-05,6.79598184e-02,3.53568066e-05,3.90312012e-05,-1.40284681e-14,4.07656894e-03,8.83560527e-04,9.61539239e-06,-3.79853099e-04,3.76822091e-04
1.62000000e+02,4.89372465e-01,4.99087600e-05,2.33266071e-05,1.00008395e-05,3.75110567e-03,1.81653720e-03,4.21521834e-01,8.71901962e-06,-1.45997627e-05,6.78506288e-02,4.11897403e-05,3.79263698e-05,-1.84807721e-14,4.12313828e-03,1.38010595e-03,1.00008395e-05,-3.72032609e-04,4.36431250e-04
1.63000000e+02,4.88979902e-01,6.19630213e-05,2.79621803e-05,1.01916433e-05,3.67892566e-03,2.41084226e-03,4.21242924e-01,9.84192098e-06,-1.15057684e-05,6.77369769e-02,5.21211002e-05,3.94679487e-05,-2.21660895e-14,4.07087279e-03,1.86419977e-03,1.01916433e-05,-3.91947124e-04,5.46642494e-04
1.64000000e+02,4.88393269e-01,7.71089787e-05,3.91169418e-05,1.01344754e-05,3.42306585e-03,3.02011459e-03,4.20764212e-01,1.06092515e-05,-7.62560500e-06,6.76290567e-02,6.64997270e-05,4.67425471e-05,-2.44365793e-14,3.89472991e-03,2.33004662e-03,1.01344754e-05,-4.71664062e-04,6.90067976e-04
1.65000000e+02,4.87573794e-01,9.26694206e-05,5.81947375e-05,9.85662632e-06,2.94561528e-03,3.59842599e-03,4.20033442e-01,1.09143306e-05,-3.33709961e-06,6.75403514e-02,8.17550899e-05,6.15318374e-05,-2.70832225e-14,3.57468931e-03,2.75778980e-03,9.85662632e-06,-6.29074025e-04,8.40636189e-04
1.66000000e+02,4.86699929e-01,1.04636130e-04,8.50965174e-05,9.30606022e-06,2.24469740e-03,4.07308759e-03,4.19230361e-01,1.05970772e-05,8.46026238e-07,6.74695661e-02,9.40390525e-05,8.42504914e-05,-3.59408308e-14,3.11124318e-03,3.11375016e-03,9.30606027e-06,-8.66545781e-04,9.59337424e-04
1.67000000e+02,4.85960471e-01,1.10330284e-04,1.19123699e-04,8.60942062e-06,1.34387566e-03,4.37772998e-03,4.18543563e-01,9.54531296e-06,4.46617197e-06,6.74169107e-02,1.00784971e-04,1.14657527e-04,-4.19201773e-14,2.52384388e-03,3.35698004e-03,8.60942067e-06,-1.17996821e-03,1.02074994e-03
1.68000000e+02,4.85422421e-01,1.07854978e-04,1.57229514e-04,7.85337784e-06,3.34215145e-04,4.48229280e-03,4.18050893e-01,7.88153061e-06,7.33216702e-06,6.73715290e-02,9.99734471e-05,1.49897347e-04,-4.41956507e-14,1.87348452e-03,3.47765524e-03,7.85337789e-06,-1.53926937e-03,1.00463756e-03
1.69000000e+02,4.84989437e-01,9.62179302e-05,1.95108195e-04,7.16088934e-06,-6.83991200e-04,4.37144886e-03,4.17667721e-01,5.77339289e-06,9.33892983e-06,6.73217174e-02,9.04445376e-05,1.85769265e-04,-4.27345241e-14,1.21691153e-03,3.47033285e-03,7.16088939e-06,-1.90090272e-03,9.01116011e-04
1.70000000e+02,4.84584782e-01,7.58723147e-05,2.28780638e-04,6.54401733e-06,-1.62949360e-03,4.07493564e-03,4.17316540e-01,3.36728710e-06,1.06444450e-05,6.72682406e-02,7.25050276e-05,2.18136193e-04,-4.15717892e-14,5.95063883e-04,3.35966701e-03,6.54401738e-06,-2.22455748e-03,7.15268625e-04
1.71000000e+02,4.84066681e-01,4.91904805e-05,2.54154107e-04,6.20378831e-06,-2.43632901e-03,3.65267705e-03,4.16847656e-01,7.38859126e-07,1.13494651e-05,6.72190246e-02,4.84516215e-05,2.42804642e-04,-4.13314869e-14,3.34581395e-05,3.18120667e-03,6.20378836e-06,-2.46978715e-03,4.71470374e-04
1.72000000e+02,4.83462164e-01,1.87066443e-05,2.70036218e-04,6.13856099e-06,-3.09748618e-03,3.18089609e-03,4.16284633e-01,-1.98720029e-06,1.14594018e-05,6.71775294e-02,2.06938445e-05,2.58576816e-04,-4.32388848e-14,-4.71748067e-04,2.98794882e-03,6.13856104e-06,-2.62573812e-03,1.92947271e-04
1.73000000e+02,4.82891504e-01,-1.23593881e-05,2.76164056e-04,6.39954130e-06,-3.61971259e-03,2.73493604e-03,4.15749800e-01,-4.87253436e-06,1.09999344e-05,6.71417059e-02,-7.48685373e-06,2.65164121e-04,-4.59282608e-14,-9.30822053e-04,2.82320405e-03,6.39954135e-06,-2.68889053e-03,-8.82680146e-05
1.74000000e+02,4.82427448e-01,-4.01451442e-05,2.71675497e-04,7.01775252e-06,-4.00520527e-03,2.36427419e-03,4.15325114e-01,-7.78505225e-06,1.00362651e-05,6.71023360e-02,-3.23600919e-05,2.61639232e-04,-4.73209106e-14,-1.35629273e-03,2.69999433e-03,7.01775257e-06,-2.64891254e-03,-3.35720150e-04
1.75000000e+02,4.82043557e-01,-6.15705786e-05,2.56143987e-04,7.96381231e-06,-4.23080954e-03,2.09986228e-03,4.14993886e-01,-1.07351445e-05,8.53399127e-06,6.70496704e-02,-5.08354342e-05,2.47609995e-04,-4.87541829e-14,-1.72907299e-03,2.61845958e-03,7.96381236e-06,-2.50173655e-03,-5.18597310e-04
1.76000000e+02,4.81650025e-01,-7.50200053e-05,2.30360393e-04,9.13124624e-06,-4.27240634e-03,1.95241750e-03,4.14667307e-01,-1.37111585e-05,6.59117278e-06,6.69827206e-02,-6.13088466e-05,2.23769220e-04,-4.86652559e-14,-2.01794051e-03,2.57287792e-03,9.13124629e-06,-2.25446582e-03,-6.20460416e-04
1.77000000e+02,4.81172722e-01,-7.99877222e-05,1.96275472e-04,1.03690755e-05,-4.14075632e-03,1.92737409e-03,4.14269452e-01,-1.67203703e-05,4.13308898e-06,6.69032696e-02,-6.32673517e-05,1.92142383e-04,-4.71687929e-14,-2.21273760e-03,2.56297353e-03,1.03690756e-05,-1.92801872e-03,-6.35599441e-04
1.78000000e+02,4.80510507e-01,-7.73768447e-05,1.56678860e-04,1.14534943e-05,-3.84667805e-03,2.02583106e-03,4.13683574e-01,-1.96823773e-05,1.15990022e-06,6.68269301e-02,-5.76944672e-05,1.55518960e-04,-4.58512830e-14,-2.29441368e-03,2.60020170e-03,1.14534944e-05,-1.55226437e-03,-5.74370639e-04
1.79000000e+02,4.79690655e-01,-6.92958605e-05,1.14850995e-04,1.21952702e-05,-3.42911331e-03,2.22771412e-03,4.12923914e-01,-2.25737317e-05,-2.32531176e-06,6.67667418e-02,-4.67221290e-05,1.17176307e-04,-4.51940178e-14,-2.26847629e-03,2.68721479e-03,1.21952702e-05,-1.16063703e-03,-4.59500670e-04
1.80000000e+02,4.78783792e-01,-5.86237175e-05,7.40140645e-05,1.24740068e-05,-2.93101284e-03,2.47814973e-03,4.12060848e-01,-2.52200384e-05,-6.38004196e-06,6.67229427e-02,-3.34036793e-05,8.03941063e-05,-4.63297380e-14,-2.14569849e-03,2.80169966e-03,1.24740069e-05,-7.85314345e-04,-3.23549925e-04
1.81000000e+02,4.77897341e-01,-4.82351832e-05,3.59216314e-05,1.22501224e-05,-2.37424816e-03,2.70396654e-03,4.11203252e-01,-2.76344165e-05,-1.11202069e-05,6.66940907e-02,-2.06007667e-05,4.70418381e-05,-4.75031962e-14,-1.92938369e-03,2.89994102e-03,1.22501225e-05,-4.44864470e-04,-1.95974480e-04
1.82000000e+02,4.77062647e-01,-4.05600366e-05,1.69369146e-07,1.15943989e-05,-1.74028996e-03,2.82330380e-03,4.10382980e-01,-2.98114644e-05,-1.65772419e-05,6.66796680e-02,-1.07485721e-05,1.67466110e-05,-4.79266192e-14,-1.60451121e-03,2.92542850e-03,1.15943990e-05,-1.35778756e-04,-1.02124699e-04
1.83000000e+02,4.76432158e-01,-3.78549248e-05,-3.10741272e-05,1.04849638e-05,-1.06946486e-03,2.75027069e-03,4.09755747e-01,-3.17100365e-05,-2.26216134e-05,6.66764083e-02,-6.14488835e-06,-8.45251374e-06,-4.79018295e-14,-1.19032266e-03,2.81492920e-03,1.04849638e-05,1.20857794e-04,-6.46585052e-05
1.84000000e+02,4.76044625e-01,-4.11400181e-05,-5.93635219e-05,9.06288126e-06,-3.55726689e-04,2.42379634e-03,4.09368443e-01,-3.31930789e-05,-2.90232595e-05,6.66761823e-02,-7.94693913e-06,-3.03402623e-05,-4.82307264e-14,-6.97584098e-04,2.51807412e-03,9.06288131e-06,3.41857409e-04,-9.42777839e-05
1.85000000e+02,4.75825280e-01,-5.01956607e-05,-8.49190935e-05,7.44241467e-06,3.73085945e-04,1.82431519e-03,4.09146869e-01,-3.38775739e-05,-3.54190751e-05,6.66784126e-02,-1.63180866e-05,-4.95000184e-05,-4.82395526e-14,-1.58873620e-04,2.01476178e-03,7.44241472e-06,5.31959564e-04,-1.90446588e-04
1.86000000e+02,4.75740279e-01,-6.40679370e-05,-1.06578899e-04,5.76302804e-06,1.04197565e-03,9.82860127e-04,4.09068451e-01,-3.37995575e-05,-4.12491521e-05,6.66718294e-02,-3.02683796e-05,-6.53297463e-05,-4.81660143e-14,3.56554156e-04,1.32379936e-03,5.76302809e-06,6.85421496e-04,-3.40939233e-04
1.87000000e+02,4.75583899e-01,-8.05406596e-05,-1.23424410e-04,4.18418986e-06,1.58149896e-03,-1.09736846e-05,4.08919349e-01,-3.28786784e-05,-4.59939828e-05,6.66645521e-02,-4.76619813e-05,-7.74304272e-05,-4.85480108e-14,7.81896626e-04,5.11349700e-04,4.18418990e-06,7.99602341e-04,-5.22323383e-04
1.88000000e+02,4.75180190e-01,-9.66646662e-05,-1.33993789e-04,2.82325896e-06,1.94856028e-03,-1.04663364e-03,4.08526724e-01,-3.11886632e-05,-4.91150198e-05,6.66534669e-02,-6.54760031e-05,-8.48787692e-05,-5.10920405e-14,1.08204353e-03,-3.43513381e-04,2.82325901e-06,8.66516750e-04,-7.03120257e-04
1.89000000e+02,4.74659911e-01,-1.09433753e-04,-1.36702891e-04,1.76966673e-06,2.12030971e-03,-2.02338546e-03,4.08011844e-01,-2.89625474e-05,-5.04142986e-05,6.66480671e-02,-8.04712052e-05,-8.62885930e-05,-5.37523491e-14,1.24684327e-03,-1.17232876e-03,1.76966679e-06,8.73466437e-04,-8.51056704e-04
1.90000000e+02,4.74085637e-01,-1.15856542e-04,-1.30092389e-04,1.07487830e-06,2.09237539e-03,-2.84223145e-03,4.07442939e-01,-2.63522653e-05,-4.97186321e-05,6.66426977e-02,-8.95042764e-05,-8.03737563e-05,-5.99010962e-14,1.28474024e-03,-1.90695606e-03,1.07487835e-06,8.07635145e-04,-9.35275397e-04
1.91000000e+02,4.73511764e-01,-1.13678295e-04,-1.14037594e-04,7.42985902e-07,1.87962280e-03,-3.42578889e-03,4.06875341e-01,-2.35284662e-05,-4.73248045e-05,6.66364233e-02,-9.01498294e-05,-6.67127893e-05,-6.40596913e-14,1.21475723e-03,-2.49306446e-03,7.42985970e-07,6.64865576e-04,-9.32724437e-04
1.92000000e+02,4.72954355e-01,-1.01866249e-04,-8.95307529e-05,7.68641250e-07,1.49661121e-03,-3.73638704e-03,4.06327892e-01,-2.05120136e-05,-4.36654729e-05,6.66264633e-02,-8.13542355e-05,-4.58652800e-05,-6.89460868e-14,1.04614391e-03,-2.90233610e-03,7.68641318e-07,4.50467297e-04,-8.34050949e-04
1.93000000e+02,4.72412496e-01,-8.10933134e-05,-5.89701549e-05,1.11726676e-06,9.72974108e-04,-3.77401207e-03,4.05795848e-01,-1.73077701e-05,-3.91882230e-05,6.66166456e-02,-6.37855433e-05,-1.97819317e-05,-7.56710050e-14,7.88172452e-04,-3.12695278e-03,1.11726683e-06,1.84801651e-04,-6.47059286e-04
1.94000000e+02,4.71990626e-01,-5.32909114e-05,-2.59167102e-05,1.72811361e-06,3.64132116e-04,-3.55965852e-03,4.05381012e-01,-1.37844117e-05,-3.44669639e-05,6.66096122e-02,-3.95064998e-05,8.55025374e-06,-8.35762221e-14,4.66812807e-04,-3.16608873e-03,1.72811370e-06,-1.02680692e-04,-3.93569792e-04
1.95000000e+02,4.71768064e-01,-2.17573158e-05,6.48892765e-06,2.50724847e-06,-2.82596449e-04,-3.14898658e-03,4.05156504e-01,-9.89674811e-06,-2.98915783e-05,6.66115597e-02,-1.18605677e-05,3.63805059e-05,-9.05300455e-14,1.01193348e-04,-3.04094221e-03,2.50724857e-06,-3.83789797e-04,-1.08044361e-04
1.96000000e+02,4.71849524e-01,9.67507331e-06,3.54829971e-05,3.34227531e-06,-9.04673160e-04,-2.61647732e-03,4.05228814e-01,-5.64593076e-06,-2.57965755e-05,6.66207090e-02,1.53210041e-05,6.12795725e-05,-9.68432954e-14,-2.70663843e-04,-2.78649539e-03,3.34227541e-06,-6.34009320e-04,1.70018072e-04
1.97000000e+02,4.72328962e-01,3.74926376e-05,5.92581266e-05,4.09370299e-06,-1.44975241e-03,-2.04762094e-03,4.05693450e-01,-1.09206601e-06,-2.24267910e-05,6.66355103e-02,3.85847036e-05,8.16849177e-05,-1.02971876e-13,-6.12699626e-04,-2.45338839e-03,4.09370309e-06,-8.37052785e-04,4.05767451e-04
1.98000000e+02,4.73154961e-01,5.91406817e-05,7.68692878e-05,4.65019136e-06,-1.87600786e-03,-1.52481968e-03,4.06505790e-01,3.78455434e-06,-1.98759718e-05,6.66491716e-02,5.53561272e-05,9.67452598e-05,-1.09283187e-13,-8.91659204e-04,-2.09853972e-03,4.65019147e-06,-9.84348647e-04,5.73720042e-04
1.99000000e+02,4.74226884e-01,7.35349243e-05,8.81272786e-05,4.95238609e-06,-2.13854560e-03,-1.10009761e-03,4.07570527e-01,8.86337096e-06,-1.82427303e-05,6.66563578e-02,6.46715532e-05,1.06370009e-04,-1.15881837e-13,-1.06404389e-03,-1.76450496e-03,4.95238619e-06,-1.07450171e-03,6.64407347e-04
2.00000000e+02,4.75334524e-01,8.02540328e-05,9.32610693e-05,4.95638129e-06,-2.20344171e-03,-8.15824400e-04,4.08681381e-01,1.41645125e-05,-1.75685167e-05,6.66531417e-02,6.60895202e-05,1.10829586e-04,-1.21635955e-13,-1.09208131e-03,-1.49027094e-03,4.95638138e-06,-1.11136040e-03,6.74446539e-04
2.01000000e+02,4.76301552e-01,7.94666856e-05,9.29085506e-05,4.71310801e-06,-2.05504767e-03,-6.80737060e-04,4.09660060e-01,1.92845400e-05,-1.78573338e-05,6.66414909e-02,6.01821456e-05,1.10765884e-04,-1.27006246e-13,-9.52858327e-04,-1.29052253e-03,4.71310814e-06,-1.10218935e-03,6.09785473e-04
2.02000000e+02,4.77031381e-01,7.17716656e-05,8.77232796e-05,4.29317938e-06,-1.70731885e-03,-6.93244664e-04,4.10406528e-01,2.39961955e-05,-1.90568822e-05,6.66248530e-02,4.77754701e-05,1.06780162e-04,-1.33813404e-13,-6.53029131e-04,-1.17342883e-03,4.29317951e-06,-1.05428972e-03,4.80184166e-04
2.03000000e+02,4.77520203e-01,5.78472890e-05,7.86457534e-05,3.81495864e-06,-1.18747678e-03,-8.35537850e-04,4.10907644e-01,2.74917508e-05,-2.08983189e-05,6.66125584e-02,3.03555381e-05,9.95440722e-05,-1.39958190e-13,-2.12610733e-04,-1.13692125e-03,3.81495878e-06,-9.74866042e-04,3.01383397e-04
2.04000000e+02,4.77802004e-01,3.94507911e-05,6.65608654e-05,3.36649764e-06,-5.33198557e-04,-1.06860652e-03,4.11198272e-01,2.95419464e-05,-2.32029164e-05,6.66037304e-02,9.90884487e-06,8.97637816e-05,-1.46214709e-13,3.38336442e-04,-1.16244398e-03,3.36649778e-06,-8.71534996e-04,9.38374593e-05
2.05000000e+02,4.78036884e-01,1.92121662e-05,5.27885761e-05,3.00685547e-06,2.10468962e-04,-1.33722790e-03,4.11439213e-01,3.02123642e-05,-2.56762241e-05,6.65976700e-02,-1.10001981e-05,7.84648002e-05,-1.50401733e-13,9.64648609e-04,-1.22028735e-03,3.00685562e-06,-7.54179647e-04,-1.16940548e-04
2.06000000e+02,4.78221827e-01,2.73020768e-07,3.86220848e-05,2.75112130e-06,1.00127873e-03,-1.59315584e-03,4.11634170e-01,3.00800163e-05,-2.81279818e-05,6.65876559e-02,-2.98069956e-05,6.67500666e-05,-1.53946134e-13,1.63537124e-03,-1.28801921e-03,2.75112145e-06,-6.34092505e-04,-3.05136633e-04
2.07000000e+02,4.78280124e-01,-1.50652027e-05,2.54537030e-05,2.59874088e-06,1.80725671e-03,-1.80103682e-03,4.11708849e-01,2.93240781e-05,-3.02882432e-05,6.65712736e-02,-4.43892806e-05,5.57419462e-05,-1.56493336e-13,2.32919128e-03,-1.35080527e-03,2.59874104e-06,-5.21934572e-04,-4.50231541e-04
2.08000000e+02,4.78090551e-01,-2.59239056e-05,1.45022975e-05,2.52295983e-06,2.59564952e-03,-1.93862762e-03,4.11543747e-01,2.77278395e-05,-3.17798439e-05,6.65468037e-02,-5.36517450e-05,4.62821416e-05,-1.57296425e-13,3.02207145e-03,-1.39781856e-03,2.52295999e-06,-4.26421930e-04,-5.40809059e-04
2.09000000e+02,4.77573905e-01,-3.17589955e-05,6.93960463e-06,2.48574609e-06,3.33424975e-03,-1.99072327e-03,4.11055714e-01,2.57486735e-05,-3.20512789e-05,6.65181890e-02,-5.75076690e-05,3.89908836e-05,-1.58848269e-13,3.68796693e-03,-1.41386899e-03,2.48574625e-06,-3.53717182e-04,-5.76854276e-04
2.10000000e+02,4.76693738e-01,-3.40484000e-05,3.32108036e-06,2.46322943e-06,3.98955155e-03,-1.96139854e-03,4.10204989e-01,2.27610977e-05,-3.09652113e-05,6.64887473e-02,-5.68094976e-05,3.42862917e-05,-1.59330353e-13,4.29817395e-03,-1.39459634e-03,2.46322959e-06,-3.08622402e-04,-5.66802197e-04
2.11000000e+02,4.75480486e-01,-3.43914101e-05,4.47851363e-06,2.43798020e-06,4.52574584e-03,-1.86928838e-03,4.09014340e-01,1.83932833e-05,-2.79028101e-05,6.64661448e-02,-5.27846935e-05,3.23813237e-05,-1.59900023e-13,4.81905915e-03,-1.34490564e-03,2.43798036e-06,-2.93313308e-04,-5.24382743e-04
2.12000000e+02,4.74015008e-01,-3.39487161e-05,1.02755885e-05,2.41456224e-06,4.91553298e-03,-1.73807975e-03,4.07565034e-01,1.32060221e-05,-2.29982290e-05,6.64499749e-02,-4.71547384e-05,3.32738175e-05,-1.60293429e-13,5.22327098e-03,-1.27159985e-03,2.41456240e-06,-3.07737998e-04,-4.66479901e-04
2.13000000e+02,4.72471108e-01,-3.45160274e-05,2.01493753e-05,2.41289388e-06,5.14740838e-03,-1.60321223e-03,4.06029370e-01,6.76532520e-06,-1.65975793e-05,6.64417367e-02,-4.12813525e-05,3.67469546e-05,-1.60440889e-13,5.49621737e-03,-1.19578503e-03,2.41289405e-06,-3.48808952e-04,-4.07427203e-04
2.14000000e+02,4.70973651e-01,-3.69475561e-05,3.26441030e-05,2.45716047e-06,5.23266958e-03,-1.48501570e-03,4.04533570e-01,-5.88507691e-07,-9.59838037e-06,6.64400810e-02,-3.63590483e-05,4.22424834e-05,-1.61265549e-13,5.64313152e-03,-1.12710874e-03,2.45716063e-06,-4.10461969e-04,-3.57906965e-04
2.15000000e+02,4.69650723e-01,-4.14583462e-05,4.59850027e-05,2.57295872e-06,5.19938094e-03,-1.38954413e-03,4.03206047e-01,-8.69260292e-06,-3.03368296e-06,6.64446751e-02,-3.27657432e-05,4.90186855e-05,-1.61487397e-13,5.68363447e-03,-1.06715967e-03,2.57295888e-06,-4.84253546e-04,-3.22384457e-04
2.16000000e+02,4.68598773e-01,-4.78990778e-05,5.77829411e-05,2.77809507e-06,5.08178124e-03,-1.30863988e-03,4.02145885e-01,-1.74934783e-05,1.57114637e-06,6.64528872e-02,-3.04055996e-05,5.62117947e-05,-1.62046722e-13,5.64317928e-03,-1.01022684e-03,2.77809523e-06,-5.61398057e-04,-2.98413043e-04
2.17000000e+02,4.67890488e-01,-5.54994752e-05,6.67175406e-05,3.07947698e-06,4.90804610e-03,-1.22904925e-03,4.01426163e-01,-2.67256357e-05,3.42234145e-06,6.64643245e-02,-2.87738394e-05,6.32951992e-05,-1.61492732e-13,5.54455956e-03,-9.47491263e-04,3.07947714e-06,-6.36513454e-04,-2.81557991e-04
2.18000000e+02,4.67544601e-01,-6.35154174e-05,7.17236233e-05,3.47119560e-06,4.68897934e-03,-1.12726819e-03,4.01068780e-01,-3.60365192e-05,1.75132776e-06,6.64758239e-02,-2.74788980e-05,6.99722955e-05,-1.60294732e-13,5.39674692e-03,-8.60740532e-04,3.47119577e-06,-7.07767583e-04,-2.66527653e-04
2.19000000e+02,4.67583022e-01,-7.06577043e-05,7.27554422e-05,3.95057421e-06,4.41913828e-03,-9.65779567e-04,4.01092916e-01,-4.51472495e-05,-3.42971161e-06,6.64901093e-02,-2.55104548e-05,7.61851538e-05,-1.59118034e-13,5.19393548e-03,-7.21440769e-04,3.95057437e-06,-7.74797204e-04,-2.44338802e-04
2.20000000e+02,4.67989474e-01,-7.55534937e-05,6.94248073e-05,4.52463867e-06,4.09031505e-03,-6.99042511e-04,4.01483861e-01,-5.32050413e-05,-1.25305411e-05,6.65056135e-02,-2.23484523e-05,8.19553482e-05,-1.57075758e-13,4.92860926e-03,-4.91408251e-04,4.52463882e-06,-8.38294229e-04,-2.07634260e-04
2.21000000e+02,4.68758028e-01,-7.74680885e-05,6.30085125e-05,5.19794677e-06,3.68603136e-03,-2.99243890e-04,4.02236044e-01,-6.00407742e-05,-2.43574506e-05,6.65219860e-02,-1.74273140e-05,8.73659633e-05,-1.55904640e-13,4.58394966e-03,-1.46880350e-04,5.19794691e-06,-8.97918297e-04,-1.52363540e-04
2.22000000e+02,4.69844796e-01,-7.69488341e-05,5.30733534e-05,5.97405756e-06,3.21371460e-03,2.42523712e-04,4.03308216e-01,-6.60471104e-05,-3.90325796e-05,6.65365799e-02,-1.09017239e-05,9.21059326e-05,-1.54586093e-13,4.16490439e-03,3.22459194e-04,5.97405770e-06,-9.51189796e-04,-7.99354828e-05
2.23000000e+02,4.71178723e-01,-7.37699561e-05,4.02806746e-05,6.84323051e-06,2.68456312e-03,9.16784925e-04,4.04630323e-01,-7.06881704e-05,-5.56812136e-05,6.65484011e-02,-3.08178566e-06,9.59618878e-05,-1.52287914e-13,3.67859688e-03,9.12685944e-04,6.84323066e-06,-9.94033755e-04,4.09898222e-06
2.24000000e+02,4.72643046e-01,-6.96937540e-05,2.36319501e-05,7.76605340e-06,2.13076856e-03,1.67210524e-03,4.06089040e-01,-7.46048262e-05,-7.47625242e-05,6.65540055e-02,4.91107233e-06,9.83944742e-05,-1.50557100e-13,3.15211095e-03,1.58327759e-03,7.76605355e-06,-1.02134239e-03,8.88276601e-05
2.25000000e+02,4.74159211e-01,-6.61558366e-05,4.49312780e-06,8.68521859e-06,1.58644718e-03,2.44887676e-03,4.07606723e-01,-7.83600269e-05,-9.47213894e-05,6.65524910e-02,1.22041905e-05,9.92145170e-05,-1.49344916e-13,2.61585815e-03,2.28561157e-03,8.68521874e-06,-1.02941097e-03,1.63265186e-04
2.26000000e+02,4.75600340e-01,-6.50513075e-05,-1.71152940e-05,9.50173263e-06,1.08469996e-03,3.17321992e-03,4.09060040e-01,-8.26666718e-05,-1.15190442e-04,6.65402994e-02,1.76153647e-05,9.80751482e-05,-1.48920317e-13,2.10163508e-03,2.95719558e-03,9.50173278e-06,-1.01693512e-03,2.16024342e-04
2.27000000e+02,4.76848772e-01,-6.64598743e-05,-3.97376969e-05,1.01456489e-05,6.36172358e-04,3.78535840e-03,4.10333071e-01,-8.71505228e-05,-1.35183921e-04,6.65157039e-02,2.06906487e-05,9.54462242e-05,-1.46989550e-13,1.62414052e-03,3.54425093e-03,1.01456491e-05,-9.87968163e-04,2.41107466e-04
2.28000000e+02,4.77754153e-01,-7.04974531e-05,-6.30591007e-05,1.05583337e-05,2.36678037e-04,4.23738519e-03,4.11277682e-01,-9.12202328e-05,-1.54801183e-04,6.64764682e-02,2.07227799e-05,9.17420824e-05,-1.45878495e-13,1.18585730e-03,4.00356701e-03,1.05583339e-05,-9.49179260e-04,2.33818184e-04
2.29000000e+02,4.78199181e-01,-7.69960376e-05,-8.53716556e-05,1.07231515e-05,-1.39671054e-04,4.50285002e-03,4.11773581e-01,-9.48954113e-05,-1.73297596e-04,6.64256015e-02,1.78993736e-05,8.79259399e-05,-1.45198988e-13,7.69584075e-04,4.30752674e-03,1.07231516e-05,-9.09255129e-04,1.95323277e-04
2.30000000e+02,4.78115885e-01,-8.56781925e-05,-1.06382563e-04,1.06289074e-05,-5.22335842e-04,4.57344343e-03,4.11749274e-01,-9.79701590e-05,-1.90861945e-04,6.63666110e-02,1.22919663e-05,8.44793815e-05,-1.43108916e-13,3.53596529e-04,4.44427326e-03,1.06289076e-05,-8.75932373e-04,1.29170171e-04
2.31000000e+02,4.77472853e-01,-9.53185041e-05,-1.25625284e-04,1.03066549e-05,-9.43774357e-04,4.45193609e-03,4.11155766e-01,-1.00058206e-04,-2.07860038e-04,6.63170857e-02,4.73970191e-06,8.22347538e-05,-1.40531171e-13,-8.88110502e-05,4.40779347e-03,1.03066551e-05,-8.54963308e-04,4.41426265e-05
2.32000000e+02,4.76368613e-01,-1.05780869e-04,-1.44073477e-04,9.82071121e-06,-1.42722779e-03,4.18091182e-03,4.10089115e-01,-1.01542776e-04,-2.25440847e-04,6.62794979e-02,-4.23809304e-06,8.13673693e-05,-1.37690581e-13,-5.78002346e-04,4.23334635e-03,9.82071136e-06,-8.49225444e-04,-5.24345294e-05
2.33000000e+02,4.75130849e-01,-1.16958979e-04,-1.61272396e-04,9.22469063e-06,-1.95444761e-03,3.79120491e-03,4.08872724e-01,-1.03397371e-04,-2.43255552e-04,6.62581271e-02,-1.35616085e-05,8.19831557e-05,-1.34750373e-13,-1.09786452e-03,3.94282318e-03,9.22469078e-06,-8.56583098e-04,-1.51618274e-04
2.34000000e+02,4.73986429e-01,-1.29746040e-04,-1.79282031e-04,8.58100513e-06,-2.49174597e-03,3.30485201e-03,4.07737380e-01,-1.07216605e-04,-2.62515724e-04,6.62490470e-02,-2.25294342e-05,8.32336927e-05,-1.32198720e-13,-1.62155041e-03,3.54967676e-03,8.58100528e-06,-8.70195559e-04,-2.44824749e-04
2.35000000e+02,4.73082585e-01,-1.43601355e-04,-1.97458699e-04,7.92759979e-06,-3.00709380e-03,2.73687531e-03,4.06834680e-01,-1.13538149e-04,-2.82108981e-04,6.62479044e-02,-3.00632066e-05,8.46502821e-05,-1.30902916e-13,-2.12413769e-03,3.06114755e-03,7.92759993e-06,-8.82956113e-04,-3.24272238e-04
2.36000000e+02,4.72436028e-01,-1.58280671e-04,-2.17671403e-04,7.29334157e-06,-3.46058546e-03,2.10302942e-03,4.06189150e-01,-1.22258266e-04,-3.03081831e-04,6.62468758e-02,-3.60224053e-05,8.54104288e-05,-1.30395991e-13,-2.57207972e-03,2.48910078e-03,7.29334172e-06,-8.88505732e-04,-3.86071360e-04
2.37000000e+02,4.72025737e-01,-1.73382761e-04,-2.37543487e-04,6.69322125e-06,-3.83583409e-03,1.42146479e-03,4.05783126e-01,-1.33437515e-04,-3.22969024e-04,6.62426116e-02,-3.99452465e-05,8.54255377e-05,-1.29844512e-13,-2.95230415e-03,1.84964288e-03,6.69322134e-06,-8.83529939e-04,-4.28178093e-04
2.38000000e+02,4.71789453e-01,-1.88288267e-04,-2.56705590e-04,6.12726445e-06,-4.11083919e-03,7.18034230e-04,4.05557840e-01,-1.46173183e-04,-3.40810549e-04,6.62316109e-02,-4.21150843e-05,8.41049585e-05,-1.28628310e-13,-3.24609957e-03,1.16947332e-03,6.12726459e-06,-8.64739624e-04,-4.51439091e-04
2.39000000e+02,4.71673828e-01,-2.01428146e-04,-2.73029899e-04,5.57747860e-06,-4.26369387e-03,9.85933055e-06,4.05457882e-01,-1.58804930e-04,-3.54575854e-04,6.62159452e-02,-4.26232158e-05,8.15459553e-05,-1.26357443e-13,-3.43316211e-03,4.69456443e-04,5.57747870e-06,-8.30531751e-04,-4.59597113e-04
2.40000000e+02,4.71605206e-01,-2.12653535e-04,-2.87239673e-04,5.01552381e-06,-4.25985140e-03,-7.04496569e-04,4.05409178e-01,-1.70166641e-04,-3.64519363e-04,6.61960274e-02,-4.24868941e-05,7.72796902e-05,-1.23258163e-13,-3.48116401e-03,-2.44564115e-04,5.01552390e-06,-7.78687396e-04,-4.59932454e-04
2.41000000e+02,4.71487461e-01,-2.22792921e-04,-2.99022212e-04,4.40358969e-06,-4.06081226e-03,-1.45096256e-03,4.05310632e-01,-1.80854529e-04,-3.70575983e-04,6.61768274e-02,-4.19383917e-05,7.15537711e-05,-1.19873783e-13,-3.35182278e-03,-9.93687310e-04,4.40358981e-06,-7.08989483e-04,-4.57275249e-04
2.42000000e+02,4.71265680e-01,-2.31110414e-04,-3.08337217e-04,3.69898609e-06,-3.66742575e-03,-2.22044476e-03,4.05109711e-01,-1.89479524e-04,-3.72591185e-04,6.61559677e-02,-4.16308901e-05,6.42539672e-05,-1.17680521e-13,-3.04307255e-03,-1.76431190e-03,3.69898620e-06,-6.24353200e-04,-4.56132857e-04
2.43000000e+02,4.70942835e-01,-2.35313270e-04,-3.14074967e-04,2.88953075e-06,-3.08249829e-03,-3.00535007e-03,4.04808793e-01,-1.93874844e-04,-3.70241865e-04,6.61340437e-02,-4.14384257e-05,5.61668978e-05,-1.15981268e-13,-2.55152926e-03,-2.54726281e-03,2.88953087e-06,-5.30969033e-04,-4.58087259e-04
2.44000000e+02,4.70458028e-01,-2.35483803e-04,-3.16876527e-04,1.98662717e-06,-2.33582346e-03,-3.79940998e-03,4.04348821e-01,-1.93578133e-04,-3.64620284e-04,6.61092066e-02,-4.19056696e-05,4.77437580e-05,-1.14270819e-13,-1.89878084e-03,-3.33505424e-03,1.98662729e-06,-4.37042613e-04,-4.64355743e-04
2.45000000e+02,4.69777342e-01,-2.31175140e-04,-3.14333863e-04,1.02027720e-06,-1.48123309e-03,-4.58518203e-03,4.03694776e-01,-1.88575822e-04,-3.54476068e-04,6.60825639e-02,-4.25993178e-05,4.01422051e-05,-1.11328983e-13,-1.12868062e-03,-4.11194822e-03,1.02027731e-06,-3.52552467e-04,-4.73233800e-04
2.46000000e+02,4.68857232e-01,-2.24213270e-04,-3.07468821e-04,3.67122714e-08,-5.72184779e-04,-5.35155169e-03,4.02804081e-01,-1.80484831e-04,-3.41296438e-04,6.60531486e-02,-4.37284390e-05,3.38276171e-05,-1.08363968e-13,-2.86757607e-04,-4.86769269e-03,3.67123797e-08,-2.85427170e-04,-4.83858998e-04
2.47000000e+02,4.67701678e-01,-2.14052313e-04,-2.94992554e-04,-9.21958475e-07,3.31705712e-04,-6.08141048e-03,4.01679522e-01,-1.69433946e-04,-3.24636125e-04,6.60221557e-02,-4.46183665e-05,2.96435706e-05,-1.05281025e-13,5.73474327e-04,-5.58839706e-03,-9.21958373e-07,-2.41768615e-04,-4.93013442e-04
2.48000000e+02,4.66306378e-01,-2.02054162e-04,-2.79079547e-04,-1.80545043e-06,1.18344464e-03,-6.75516438e-03,4.00317869e-01,-1.56419064e-04,-3.06631820e-04,6.59885112e-02,-4.56350983e-05,2.75522731e-05,-1.02429601e-13,1.40674347e-03,-6.25527570e-03,-1.80545033e-06,-2.23298834e-04,-4.99888659e-04
2.49000000e+02,4.64724255e-01,-1.87345835e-04,-2.58899055e-04,-2.57430822e-06,1.93999475e-03,-7.33628099e-03,3.98768896e-01,-1.41133848e-04,-2.86759357e-04,6.59553612e-02,-4.62119874e-05,2.78603019e-05,-9.96507831e-14,2.16967841e-03,-6.83383946e-03,-2.57430812e-06,-2.29683665e-04,-5.02441558e-04
2.50000000e+02,4.63015891e-01,-1.72537182e-04,-2.35572532e-04,-3.19970740e-06,2.56638212e-03,-7.81132222e-03,3.97091090e-01,-1.26016275e-04,-2.65383061e-04,6.59247998e-02,-4.65209070e-05,2.98105287e-05,-9.75408498e-14,2.82114203e-03,-7.31228605e-03,-3.19970730e-06,-2.54759907e-04,-4.99036133e-04
2.51000000e+02,4.61302138e-01,-1.56107145e-04,-2.09693535e-04,-3.66072310e-06,3.05543504e-03,-8.15001465e-03,3.95403839e-01,-1.10262231e-04,-2.42807359e-04,6.58982976e-02,-4.58449140e-05,3.31138245e-05,-9.61130587e-14,3.34822454e-03,-7.66308651e-03,-3.66072301e-06,-2.92789504e-04,-4.86928122e-04
2.52000000e+02,4.59692892e-01,-1.39555910e-04,-1.83760151e-04,-3.94000727e-06,3.41816877e-03,-8.32911797e-03,3.93819192e-01,-9.50335898e-05,-2.20607647e-04,6.58737009e-02,-4.45223204e-05,3.68474956e-05,-9.53401965e-14,3.75457085e-03,-7.86463369e-03,-3.94000718e-06,-3.36402073e-04,-4.64484284e-04
2.53000000e+02,4.58267679e-01,-1.21892094e-04,-1.57200097e-04,-4.02721831e-06,3.67315151e-03,-8.31912576e-03,3.92415364e-01,-8.01495960e-05,-1.97986007e-04,6.58523145e-02,-4.17424979e-05,4.07859101e-05,-9.43592332e-14,4.05300717e-03,-7.89097635e-03,-4.02721822e-06,-3.79855662e-04,-4.28149414e-04
2.54000000e+02,4.57066690e-01,-1.04752404e-04,-1.31690200e-04,-3.91998590e-06,3.85179497e-03,-8.10195806e-03,3.91232939e-01,-6.69638906e-05,-1.75726120e-04,6.58337497e-02,-3.77885139e-05,4.40359204e-05,-9.27487733e-14,4.26891737e-03,-7.72538498e-03,-3.91998581e-06,-4.17122400e-04,-3.76573088e-04
2.55000000e+02,4.56117604e-01,-8.61745397e-05,-1.06406625e-04,-3.62499474e-06,3.99657712e-03,-7.66030866e-03,3.90296182e-01,-5.41781401e-05,-1.52846835e-04,6.58214208e-02,-3.19963994e-05,4.64402095e-05,-9.01766585e-14,4.43968531e-03,-7.35204127e-03,-3.62499464e-06,-4.43108198e-04,-3.08267351e-04
2.56000000e+02,4.55471204e-01,-6.77345081e-05,-8.40610653e-05,-3.15932737e-06,4.15344891e-03,-6.99631593e-03,3.89657874e-01,-4.24940730e-05,-1.31287560e-04,6.58133308e-02,-2.52404352e-05,4.72264950e-05,-8.73174817e-14,4.60601878e-03,-6.76897283e-03,-3.15932728e-06,-4.52569869e-04,-2.27343123e-04
2.57000000e+02,4.55172686e-01,-4.88400291e-05,-6.31406089e-05,-2.53945465e-06,4.34351738e-03,-6.12277056e-03,3.89359834e-01,-3.13624578e-05,-1.09739589e-04,6.58128516e-02,-1.74775712e-05,4.65989801e-05,-8.43553561e-14,4.78743560e-03,-5.98333375e-03,-2.53945456e-06,-4.43918219e-04,-1.39436812e-04
2.58000000e+02,4.55157852e-01,-3.26276927e-05,-4.55508123e-05,-1.77708412e-06,4.58411845e-03,-5.09020549e-03,3.89348175e-01,-2.25601801e-05,-8.97806825e-05,6.58096790e-02,-1.00675125e-05,4.42298698e-05,-8.30054503e-14,5.00322126e-03,-5.03551829e-03,-1.77708404e-06,-4.19102791e-04,-5.46871859e-05
2.59000000e+02,4.55397517e-01,-1.83380457e-05,-2.98205850e-05,-8.89551448e-07,4.86520239e-03,-3.95387954e-03,3.89593780e-01,-1.50726210e-05,-7.08779582e-05,6.58037369e-02,-3.26542465e-06,4.10573731e-05,-7.92929724e-14,5.25039862e-03,-3.97190199e-03,-8.89551370e-07,-3.85196206e-04,1.80224528e-05
2.60000000e+02,4.55786423e-01,-8.69991023e-06,-1.84909793e-05,1.08111880e-07,5.16481312e-03,-2.78257529e-03,3.89996847e-01,-1.01782904e-05,-5.57695536e-05,6.57895756e-02,1.47838016e-06,3.72785744e-05,-7.52666661e-14,5.51351599e-03,-2.85282558e-03,1.08111955e-07,-3.48702883e-04,7.02503000e-05
2.61000000e+02,4.56232444e-01,-2.85115999e-06,-9.16161935e-06,1.17233714e-06,5.43878373e-03,-1.63282141e-03,3.90464362e-01,-7.25891929e-06,-4.32112745e-05,6.57680810e-02,4.40775930e-06,3.40496551e-05,-7.17406950e-14,5.75618833e-03,-1.73155889e-03,1.17233722e-06,-3.17404601e-04,9.87374774e-05
2.62000000e+02,4.56632056e-01,-2.34256722e-06,-2.35276384e-06,2.25072898e-06,5.65122651e-03,-5.55568298e-04,3.90895837e-01,-7.03758151e-06,-3.36306611e-05,6.57362175e-02,4.69501430e-06,3.12778972e-05,-6.68926068e-14,5.94567091e-03,-6.57005367e-04,2.25072905e-06,-2.94444372e-04,1.01437069e-04
2.63000000e+02,4.56936383e-01,-5.51996072e-06,3.86401347e-06,3.27195434e-06,5.77360201e-03,4.09766190e-04,3.91238794e-01,-8.97768073e-06,-2.58838038e-05,6.56975895e-02,3.45772002e-06,2.97478173e-05,-6.30365717e-14,6.05697880e-03,3.26156265e-04,3.27195440e-06,-2.83376803e-04,8.36099251e-05
2.64000000e+02,4.57115712e-01,-1.25875828e-05,8.35459934e-06,4.16774424e-06,5.78649992e-03,1.24277627e-03,3.91461377e-01,-1.29083724e-05,-2.07755282e-05,6.56543343e-02,3.20789678e-07,2.91301276e-05,-5.89590257e-14,6.07151392e-03,1.19370151e-03,4.16774430e-06,-2.85013997e-04,4.90747529e-05
2.65000000e+02,4.57209535e-01,-2.13558049e-05,1.38728890e-05,4.88927163e-06,5.66250755e-03,1.94502512e-03,3.91596656e-01,-1.81432754e-05,-1.62092172e-05,6.56128811e-02,-3.21252949e-06,3.00821062e-05,-5.43369953e-14,5.96421206e-03,1.93736594e-03,4.88927167e-06,-3.01704527e-04,7.65918264e-06
2.66000000e+02,4.57268179e-01,-3.30367991e-05,1.93694552e-05,5.42530917e-06,5.37438122e-03,2.53056128e-03,3.91693374e-01,-2.57797155e-05,-1.27938578e-05,6.55748078e-02,-7.25708359e-06,3.21633129e-05,-4.99055196e-14,5.70762274e-03,2.56545362e-03,5.42530922e-06,-3.33241515e-04,-3.48923410e-05
2.67000000e+02,4.57360006e-01,-4.48234251e-05,2.69546256e-05,5.79065398e-06,4.89574944e-03,3.03556857e-03,3.91815231e-01,-3.46065320e-05,-9.03278820e-06,6.55447743e-02,-1.02168932e-05,3.59874138e-05,-4.43179119e-14,5.27654939e-03,3.10551710e-03,5.79065403e-06,-3.80799941e-04,-6.99485350e-05
2.68000000e+02,4.57529229e-01,-5.67435803e-05,3.44720851e-05,6.01766436e-06,4.21748600e-03,3.49047175e-03,3.92008986e-01,-4.40616819e-05,-6.45358563e-06,6.55202399e-02,-1.26818984e-05,4.09256709e-05,-3.96259317e-14,4.65946958e-03,3.58613776e-03,6.01766441e-06,-4.41983581e-04,-9.56660097e-05
2.69000000e+02,4.57863297e-01,-6.66929431e-05,4.37431997e-05,6.13133565e-06,3.34431535e-03,3.90620704e-03,3.92362046e-01,-5.30111273e-05,-3.61222962e-06,6.55012507e-02,-1.36818157e-05,4.73554293e-05,-3.52754602e-14,3.86013380e-03,4.01569897e-03,6.13133569e-06,-5.15818450e-04,-1.09491926e-04
2.70000000e+02,4.58349345e-01,-7.69613789e-05,5.24973400e-05,6.14566647e-06,2.29963987e-03,4.27119260e-03,3.92866169e-01,-6.27595528e-05,-1.74938993e-06,6.54831773e-02,-1.42018261e-05,5.42467300e-05,-2.95729455e-14,2.89532878e-03,4.38695357e-03,6.14566647e-06,-5.95688906e-04,-1.15760971e-04
2.71000000e+02,4.58957749e-01,-8.47161084e-05,6.17584801e-05,6.06187748e-06,1.11647999e-03,4.57162847e-03,3.93494215e-01,-7.10852391e-05,2.02696635e-07,6.54635349e-02,-1.36308694e-05,6.15557833e-05,-2.44644701e-14,1.79241139e-03,4.68802306e-03,6.06187753e-06,-6.75931402e-04,-1.16394593e-04
2.72000000e+02,4.59588872e-01,-9.11506014e-05,6.86260100e-05,5.87543501e-06,-1.48427994e-04,4.77958148e-03,3.94151272e-01,-7.77948660e-05,6.81468538e-07,6.54375980e-02,-1.33557355e-05,6.79445417e-05,-1.98872617e-14,5.98154769e-04,4.89748770e-03,5.87543506e-06,-7.46582761e-04,-1.17906226e-04
2.73000000e+02,4.60146604e-01,-9.50537325e-05,7.40865973e-05,5.57676030e-06,-1.43411411e-03,4.86558218e-03,3.94741052e-01,-8.21878673e-05,8.55684446e-07,6.54055516e-02,-1.28658652e-05,7.32309127e-05,-1.58532180e-14,-6.34199008e-04,4.98734952e-03,5.57676030e-06,-7.99915106e-04,-1.21767324e-04
2.74000000e+02,4.60525372e-01,-9.86264431e-05,7.61744639e-05,5.15654686e-06,-2.66785969e-03,4.80847104e-03,3.95159731e-01,-8.52246542e-05,2.20056206e-07,6.53656402e-02,-1.34017889e-05,7.59544076e-05,-9.99365875e-15,-1.84140495e-03,4.94158673e-03,5.15654686e-06,-8.26454735e-04,-1.33115678e-04
2.75000000e+02,4.60678959e-01,-1.00015671e-04,7.56859845e-05,4.60588778e-06,-3.78443640e-03,4.60209185e-03,3.95359193e-01,-8.58430094e-05,-5.58095254e-07,6.53197632e-02,-1.41726620e-05,7.62440798e-05,-4.93909175e-15,-2.96198683e-03,4.75383752e-03,4.60588778e-06,-8.22449569e-04,-1.51745665e-04
2.76000000e+02,4.60567197e-01,-1.01279684e-04,7.04172419e-05,3.93639678e-06,-4.72408195e-03,4.24942590e-03,3.95297481e-01,-8.51066600e-05,-2.89872353e-06,6.52697143e-02,-1.61730239e-05,7.33159654e-05,-3.12688409e-17,-3.93831490e-03,4.42812349e-03,3.93639678e-06,-7.85767055e-04,-1.78697595e-04
2.77000000e+02,4.60211059e-01,-1.00829053e-04,6.27518558e-05,3.16889231e-06,-5.45939314e-03,3.77514069e-03,3.94992583e-01,-8.25186414e-05,-5.34502398e-06,6.52184784e-02,-1.83104118e-05,6.80968800e-05,4.52065795e-15,-4.73770615e-03,3.98498934e-03,3.16889230e-06,-7.21686979e-04,-2.09848657e-04
2.78000000e+02,4.59652137e-01,-1.01156111e-04,5.13827014e-05,2.35873687e-06,-5.97927052e-03,3.20729380e-03,3.94484036e-01,-8.00293069e-05,-9.18411349e-06,6.51681031e-02,-2.11268040e-05,6.05668146e-05,8.77578038e-15,-5.34221685e-03,3.44950977e-03,2.35873686e-06,-6.37053657e-04,-2.42215978e-04
2.79000000e+02,4.58980375e-01,-9.97060713e-05,3.90654666e-05,1.55826587e-06,-6.30688563e-03,2.58480311e-03,3.93858453e-01,-7.64855754e-05,-1.32442897e-05,6.51219220e-02,-2.32204957e-05,5.23097564e-05,1.19926080e-14,-5.76337959e-03,2.85456897e-03,1.55826586e-06,-5.43506043e-04,-2.69765854e-04
2.80000000e+02,4.58254183e-01,-9.79246747e-05,2.48584746e-05,8.21439143e-07,-6.47840696e-03,1.94007026e-03,3.93173542e-01,-7.26338568e-05,-1.88832496e-05,6.50806450e-02,-2.52908178e-05,4.37417241e-05,1.50311580e-14,-6.02654734e-03,2.23072098e-03,8.21439129e-07,-4.51859654e-04,-2.90650720e-04
2.81000000e+02,4.57540363e-01,-9.37165333e-05,1.24944731e-05,1.75560570e-07,-6.55254701e-03,1.30594086e-03,3.92496400e-01,-6.75062070e-05,-2.40109755e-05,6.50439633e-02,-2.62103264e-05,3.65054486e-05,1.84584900e-14,-6.17938693e-03,1.60749605e-03,1.75560551e-07,-3.73160118e-04,-3.01555192e-04
2.82000000e+02,4.56869375e-01,-8.96896736e-05,2.74834650e-07,-3.52473253e-07,-6.57127378e-03,7.02538674e-04,3.91859386e-01,-6.29723836e-05,-3.01461684e-05,6.50099916e-02,-2.67172900e-05,3.04210030e-05,2.27984664e-14,-6.26007366e-03,1.00586132e-03,-3.52473275e-07,-3.11200147e-04,-3.03322648e-04
2.83000000e+02,4.56266616e-01,-8.33074023e-05,-8.86023694e-06,-7.68683664e-07,-6.57637816e-03,1.36569214e-04,3.91287330e-01,-5.74220118e-05,-3.53514307e-05,6.49792878e-02,-2.58853906e-05,2.64911938e-05,2.56758187e-14,-6.30678764e-03,4.32402692e-04,-7.68683689e-07,-2.69590544e-04,-2.95833479e-04
2.84000000e+02,4.55736619e-01,-7.64974616e-05,-1.76051081e-05,-1.08275997e-06,-6.57495279e-03,-4.04280701e-04,3.90786382e-01,-5.15349054e-05,-4.14517750e-05,6.49502386e-02,-2.49625563e-05,2.38466667e-05,2.84367868e-14,-6.33064281e-03,-1.20271703e-04,-1.08276000e-06,-2.44309971e-04,-2.84008998e-04
2.85000000e+02,4.55300986e-01,-6.76633043e-05,-2.35154924e-05,-1.31713556e-06,-6.56940987e-03,-9.33352928e-04,3.90376985e-01,-4.43075028e-05,-4.63145128e-05,6.49240017e-02,-2.33558013e-05,2.27990203e-05,3.04477817e-14,-6.33793400e-03,-6.63893072e-04,-1.31713559e-06,-2.31475890e-04,-2.69459859e-04
2.86000000e+02,4.54961669e-01,-6.00235373e-05,-2.95298238e-05,-1.49228835e-06,-6.53397503e-03,-1.46936293e-03,3.90063995e-01,-3.77603151e-05,-5.15105923e-05,6.48976738e-02,-2.22632221e-05,2.19807686e-05,3.23920768e-14,-6.31093874e-03,-1.21258487e-03,-1.49228838e-06,-2.23036292e-04,-2.56778056e-04
2.87000000e+02,4.54730268e-01,-5.11371598e-05,-3.42987307e-05,-1.62431847e-06,-6.43795576e-03,-2.01771825e-03,3.89860071e-01,-3.02950238e-05,-5.57902604e-05,6.48701994e-02,-2.08421360e-05,2.14915296e-05,3.41313655e-14,-6.22468784e-03,-1.77191644e-03,-1.62431850e-06,-2.13267936e-04,-2.45801819e-04
2.88000000e+02,4.54560209e-01,-4.31006645e-05,-4.05566535e-05,-1.72553882e-06,-6.24723775e-03,-2.58716172e-03,3.89722018e-01,-2.27936261e-05,-6.05880076e-05,6.48381911e-02,-2.03070383e-05,2.00313539e-05,3.45966618e-14,-6.05172372e-03,-2.34738282e-03,-1.72553885e-06,-1.95514000e-04,-2.39778907e-04
2.89000000e+02,4.54408563e-01,-3.43304194e-05,-4.58361370e-05,-1.80091301e-06,-5.94475891e-03,-3.17218590e-03,3.89605809e-01,-1.45966909e-05,-6.38391511e-05,6.48027532e-02,-1.97337285e-05,1.80030140e-05,3.57918512e-14,-5.77728388e-03,-2.93550430e-03,-1.80091304e-06,-1.67475046e-04,-2.36681605e-04
2.90000000e+02,4.54221041e-01,-2.78728589e-05,-5.20932107e-05,-1.85187932e-06,-5.52147710e-03,-3.76501340e-03,3.89457462e-01,-7.91069786e-06,-6.64984409e-05,6.47635782e-02,-1.99621610e-05,1.44052300e-05,3.80809216e-14,-5.39483628e-03,-3.52831421e-03,-1.85187936e-06,-1.26640814e-04,-2.36699183e-04
2.91000000e+02,4.53985126e-01,-2.11919745e-05,-5.67811144e-05,-1.87632946e-06,-4.98679865e-03,-4.34028000e-03,3.89259133e-01,-1.46482237e-06,-6.68381122e-05,6.47259928e-02,-1.97271521e-05,1.00569981e-05,4.07978249e-14,-4.91203215e-03,-4.10515963e-03,-1.87632950e-06,-7.47665065e-05,-2.35120369e-04
2.92000000e+02,4.53721022e-01,-1.58889369e-05,-6.21641706e-05,-1.87699936e-06,-4.34730379e-03,-4.86523224e-03,3.89030868e-01,3.93211080e-06,-6.65259071e-05,6.46901541e-02,-1.98210477e-05,4.36173641e-06,4.27916943e-14,-4.33440590e-03,-4.63402755e-03,-1.87699940e-06,-1.28978863e-05,-2.31204709e-04
2.93000000e+02,4.53503326e-01,-9.63706637e-06,-6.54277935e-05,-1.86050477e-06,-3.61855258e-03,-5.29908068e-03,3.88846447e-01,9.47784744e-06,-6.38701128e-05,6.46568776e-02,-1.91149138e-05,-1.55768084e-06,4.40061812e-14,-3.67266334e-03,-5.07829529e-03,-1.86050482e-06,5.41107600e-05,-2.20785397e-04
2.94000000e+02,4.53360963e-01,-4.84974770e-06,-6.89472632e-05,-1.84290348e-06,-2.80789197e-03,-5.61473495e-03,3.88737507e-01,1.34377904e-05,-6.06890170e-05,6.46234560e-02,-1.82875381e-05,-8.25824610e-06,4.49141210e-14,-2.93277848e-03,-5.41091148e-03,-1.84290352e-06,1.24886507e-04,-2.03823456e-04
2.95000000e+02,4.53310419e-01,1.59227472e-06,-7.05342464e-05,-1.84528943e-06,-1.92882922e-03,-5.78253254e-03,3.88719988e-01,1.78899960e-05,-5.58714165e-05,6.45904328e-02,-1.62977213e-05,-1.46628297e-05,4.61870678e-14,-2.12437235e-03,-5.60454657e-03,-1.84528947e-06,1.95543126e-04,-1.77985974e-04
2.96000000e+02,4.53322919e-01,7.58632124e-06,-7.25685550e-05,-1.89036147e-06,-9.86711917e-04,-5.78950745e-03,3.88767349e-01,2.17138742e-05,-5.11968475e-05,6.45555675e-02,-1.41275529e-05,-2.13717075e-05,4.73121614e-14,-1.25217032e-03,-5.64380733e-03,-1.89036152e-06,2.65458407e-04,-1.45700123e-04
2.97000000e+02,4.53364795e-01,1.48631915e-05,-7.26436725e-05,-1.99590389e-06,6.18670682e-06,-5.61980802e-03,3.88844360e-01,2.58077030e-05,-4.52515520e-05,6.45204338e-02,-1.09445115e-05,-2.73921207e-05,4.76486524e-14,-3.25125553e-04,-5.51348861e-03,-1.99590393e-06,3.31312260e-04,-1.06319373e-04
2.98000000e+02,4.53380084e-01,2.06144807e-05,-7.29667920e-05,-2.16924187e-06,1.03404225e-03,-5.27767341e-03,3.88897043e-01,2.83424716e-05,-3.95205260e-05,6.44830413e-02,-7.72799093e-06,-3.34462661e-05,4.72048240e-14,6.41167345e-04,-5.21498172e-03,-2.16924191e-06,3.92874907e-04,-6.26916691e-05
2.99000000e+02,4.53349653e-01,2.70532627e-05,-7.14697162e-05,-2.40252329e-06,2.06638000e-03,-4.77228168e-03,3.88904137e-01,3.06491667e-05,-3.30546872e-05,6.44455162e-02,-3.59590400e-06,-3.84150292e-05,4.71021019e-14,1.62099550e-03,-4.75761243e-03,-2.40252333e-06,4.45384502e-04,-1.46692506e-05
3.00000000e+02,4.53264147e-01,3.22017738e-05,-7.03590800e-05,-2.67536083e-06,3.07226847e-03,-4.13103527e-03,3.88857040e-01,3.18996758e-05,-2.74745628e-05,6.44071064e-02,3.02098013e-07,-4.28845172e-05,4.60483650e-14,2.58503011e-03,-4.16481919e-03,-2.67536087e-06,4.87238368e-04,3.37839252e-05
3.01000000e+02,4.53156642e-01,3.75934814e-05,-6.66948762e-05,-2.95588233e-06,4.00385258e-03,-3.38298138e-03,3.88786166e-01,3.29811769e-05,-2.10840240e-05,6.43704749e-02,4.61230447e-06,-4.56108520e-05,4.66645986e-14,3.49094265e-03,-3.46438011e-03,-2.95588237e-06,5.12909924e-04,8.13987319e-05
3.02000000e+02,4.53054582e-01,4.01933402e-05,-6.25405562e-05,-3.21267450e-06,4.82514372e-03,-2.57128658e-03,3.88721154e-01,3.19425996e-05,-1.52307773e-05,6.43334271e-02,8.25074045e-06,-4.73097788e-05,4.76239381e-14,4.30292790e-03,-2.69568067e-03,-3.21267454e-06,5.22215815e-04,1.24394087e-04
3.03000000e+02,4.52982222e-01,4.26992919e-05,-5.56422401e-05,-3.42222270e-06,5.50287964e-03,-1.72516525e-03,3.88685916e-01,3.06484340e-05,-8.61933834e-06,6.42963074e-02,1.20508579e-05,-4.70229019e-05,4.76121379e-14,4.98927301e-03,-1.88826079e-03,-3.42222275e-06,5.13606637e-04,1.63095541e-04
3.04000000e+02,4.52906761e-01,4.30686925e-05,-4.88003977e-05,-3.57179393e-06,6.02670660e-03,-8.71513030e-04,3.88651254e-01,2.81335206e-05,-3.01634562e-06,6.42555074e-02,1.49351719e-05,-4.57840523e-05,4.77090864e-14,5.53581984e-03,-1.06676513e-03,-3.57179398e-06,4.90886740e-04,1.95252098e-04
3.05000000e+02,4.52781200e-01,4.33349650e-05,-3.93526202e-05,-3.65399809e-06,6.38766791e-03,-1.89729584e-05,3.88569851e-01,2.55909573e-05,3.62349006e-06,6.42113472e-02,1.77440078e-05,-4.29761104e-05,4.85578506e-14,5.93190127e-03,-2.41686807e-04,-3.65399814e-06,4.55766692e-04,2.22713849e-04
3.06000000e+02,4.52521737e-01,4.05464305e-05,-3.05450476e-05,-3.66664586e-06,6.59346778e-03,8.17387055e-04,3.88358537e-01,2.09931607e-05,9.25698869e-06,6.41631991e-02,1.95532696e-05,-3.98020362e-05,4.96208731e-14,6.17996791e-03,5.74243079e-04,-3.66664591e-06,4.13499849e-04,2.43143978e-04
3.07000000e+02,4.52093542e-01,3.76548128e-05,-2.00715727e-05,-3.61325614e-06,6.64420024e-03,1.63462067e-03,3.87980317e-01,1.63164191e-05,1.55340660e-05,6.41132226e-02,2.13383937e-05,-3.56056387e-05,5.00820460e-14,6.27896689e-03,1.37611289e-03,-3.61325620e-06,3.65233345e-04,2.58507779e-04
3.08000000e+02,4.51482859e-01,3.23134372e-05,-1.07080018e-05,-3.49651964e-06,6.55105988e-03,2.41010570e-03,3.87421551e-01,1.02397638e-05,2.07722072e-05,6.40613067e-02,2.20736733e-05,-3.14802090e-05,5.14033617e-14,6.23671772e-03,2.14381418e-03,-3.49651969e-06,3.14342151e-04,2.66291519e-04
3.09000000e+02,4.50714628e-01,2.66363013e-05,1.48344362e-07,-3.32472562e-06,6.31311524e-03,3.13373361e-03,3.86703706e-01,4.00380519e-06,2.67905128e-05,6.40109232e-02,2.26324961e-05,-2.66421685e-05,5.28152573e-14,6.05284006e-03,2.86553524e-03,-3.32472567e-06,2.60275164e-04,2.68198372e-04
3.10000000e+02,4.49806488e-01,1.77731868e-05,9.50129702e-06,-3.10746947e-06,5.94270739e-03,3.78695614e-03,3.85844547e-01,-4.35286128e-06,3.16231694e-05,6.39619425e-02,2.21260480e-05,-2.21218723e-05,5.46453817e-14,5.73692323e-03,3.52444761e-03,-3.10746952e-06,2.05784144e-04,2.62508523e-04
3.11000000e+02,4.48819737e-01,8.55036987e-06,1.96736840e-05,-2.85925978e-06,5.44601812e-03,4.36612928e-03,3.84902128e-01,-1.30577284e-05,3.67628365e-05,6.39176101e-02,2.16080983e-05,-1.70891525e-05,5.52389388e-14,5.29566938e-03,4.11437244e-03,-2.85925983e-06,1.50348749e-04,2.51756836e-04
3.12000000e+02,4.47806313e-01,-2.48960252e-06,2.78163093e-05,-2.59574613e-06,4.84767505e-03,4.86034954e-03,3.83929269e-01,-2.26263112e-05,4.04347110e-05,6.38770427e-02,2.01367087e-05,-1.26184016e-05,5.56324032e-14,4.75002758e-03,4.62575024e-03,-2.59574618e-06,9.76474745e-05,2.34599295e-04
3.13000000e+02,4.46865055e-01,-1.27613044e-05,3.57997524e-05,-2.33560393e-06,4.16781960e-03,5.27079445e-03,3.83023280e-01,-3.14017152e-05,4.37652794e-05,6.38417747e-02,1.86404109e-05,-7.96552717e-06,5.52472924e-14,4.11981542e-03,5.05749662e-03,-2.33560399e-06,4.80041917e-05,2.13297829e-04
3.14000000e+02,4.46045600e-01,-2.42842161e-05,4.10726902e-05,-2.09878048e-06,3.43752718e-03,5.58518757e-03,3.82236953e-01,-4.05700215e-05,4.52542430e-05,6.38086461e-02,1.62858054e-05,-4.18155260e-06,5.43618162e-14,3.43305957e-03,5.39858618e-03,-2.09878053e-06,4.46760868e-06,1.86601349e-04
3.15000000e+02,4.45380938e-01,-3.41289339e-05,4.54755337e-05,-1.90296065e-06,2.67737430e-03,5.79854604e-03,3.81603359e-01,-4.82121441e-05,4.58695088e-05,6.37775793e-02,1.40832104e-05,-3.93975265e-07,5.26213769e-14,2.71164891e-03,5.64228440e-03,-1.90296070e-06,-3.42746123e-05,1.56261674e-04
3.16000000e+02,4.44848653e-01,-4.36283224e-05,4.67132929e-05,-1.76579000e-06,1.90977916e-03,5.89592076e-03,3.81103850e-01,-5.46621180e-05,4.42630431e-05,6.37448028e-02,1.10337955e-05,2.45024941e-06,5.13239864e-14,1.97610142e-03,5.77565752e-03,-1.76579005e-06,-6.63222624e-05,1.20263252e-04
3.17000000e+02,4.44429756e-01,-5.12522075e-05,4.72912483e-05,-1.69950891e-06,1.13905099e-03,5.86933164e-03,3.80718266e-01,-5.92089503e-05,4.20189005e-05,6.37114909e-02,7.95674277e-06,5.27234789e-06,4.89402879e-14,1.23305244e-03,5.78880942e-03,-1.69950896e-06,-9.40014487e-05,8.05222211e-05
3.18000000e+02,4.44070502e-01,-6.02971489e-05,4.51313562e-05,-1.70934102e-06,3.74278233e-04,5.70439997e-03,3.80394864e-01,-6.43748267e-05,3.79137807e-05,6.36756386e-02,4.07767795e-06,7.21757563e-06,4.53025022e-14,4.90538768e-04,5.66828145e-03,-1.70934106e-06,-1.16260536e-04,3.61185274e-05
3.19000000e+02,4.43749817e-01,-6.75090006e-05,4.23922291e-05,-1.79259032e-06,-3.83008041e-04,5.40433368e-03,3.80110607e-01,-6.79943362e-05,3.31779909e-05,6.36392086e-02,4.85335759e-07,9.21423828e-06,4.21833421e-14,-2.47824320e-04,5.41404769e-03,-1.79259036e-06,-1.35183720e-04,-9.71400278e-06
3.20000000e+02,4.43419098e-01,-7.45088304e-05,3.66160148e-05,-1.93770693e-06,-1.12252065e-03,4.96867386e-03,3.79818933e-01,-7.08048784e-05,2.61540415e-05,6.36001651e-02,-3.70395174e-06,1.04619733e-05,3.91613971e-14,-9.72847448e-04,5.02657268e-03,-1.93770697e-06,-1.49673199e-04,-5.78987917e-05
3.21000000e+02,4.43059081e-01,-7.96152988e-05,3.05687120e-05,-2.12811723e-06,-1.84014855e-03,4.41010585e-03,3.79498598e-01,-7.20283826e-05,1.87171455e-05,6.35604836e-02,-7.58691607e-06,1.18515665e-05,3.74627286e-14,-1.67887722e-03,4.51553765e-03,-2.12811727e-06,-1.61271330e-04,-1.05431808e-04
3.22000000e+02,4.42640433e-01,-8.56798326e-05,2.25749841e-05,-2.34491634e-06,-2.52226272e-03,3.73862167e-03,3.79121518e-01,-7.38772103e-05,1.00857056e-05,6.35189152e-02,-1.18026222e-05,1.24892785e-05,3.66189492e-14,-2.35401803e-03,3.89052005e-03,-2.34491638e-06,-1.68244684e-04,-1.51898376e-04
3.23000000e+02,4.42165449e-01,-8.91377212e-05,1.49869949e-05,-2.56742035e-06,-3.15803585e-03,2.98653484e-03,3.78687995e-01,-7.39105097e-05,1.76143988e-06,6.34774538e-02,-1.52272116e-05,1.32255550e-05,3.71285911e-14,-2.98636039e-03,3.18000409e-03,-2.56742039e-06,-1.71675463e-04,-1.93469251e-04
3.24000000e+02,4.41631779e-01,-9.13330019e-05,5.83049689e-06,-2.77562168e-06,-3.73073508e-03,2.17965673e-03,3.78196747e-01,-7.26527919e-05,-7.31144808e-06,6.34350335e-02,-1.86802101e-05,1.31419450e-05,3.82574977e-14,-3.56141864e-03,2.40999415e-03,-2.77562172e-06,-1.69316448e-04,-2.30337415e-04
3.25000000e+02,4.41064244e-01,-9.05557649e-05,-1.86605874e-06,-2.95217681e-06,-4.22927788e-03,1.35226669e-03,3.77670756e-01,-6.92866198e-05,-1.49078882e-05,6.33934889e-02,-2.12691449e-05,1.30418294e-05,3.88161299e-14,-4.06722572e-03,1.61239995e-03,-2.95217685e-06,-1.62052151e-04,-2.60133256e-04
3.26000000e+02,4.40475790e-01,-8.96232031e-05,-1.02778481e-05,-3.08470290e-06,-4.63225882e-03,5.23933588e-04,3.77124390e-01,-6.58224774e-05,-2.21686474e-05,6.33513992e-02,-2.38007256e-05,1.18907994e-05,3.97014524e-14,-4.48519800e-03,8.08092864e-04,-3.08470294e-06,-1.47060825e-04,-2.84159277e-04
3.27000000e+02,4.39896645e-01,-8.58285166e-05,-1.75096556e-05,-3.16630605e-06,-4.92413954e-03,-2.78051168e-04,3.76585846e-01,-6.05745696e-05,-2.79996465e-05,6.33107995e-02,-2.52539469e-05,1.04899909e-05,4.03787070e-14,-4.79907031e-03,2.25829049e-05,-3.16630609e-06,-1.25069233e-04,-3.00634073e-04
3.28000000e+02,4.39334607e-01,-8.09189037e-05,-2.62002239e-05,-3.19855042e-06,-5.08264956e-03,-1.04148632e-03,3.76064539e-01,-5.42992563e-05,-3.40734568e-05,6.32700676e-02,-2.66196476e-05,7.87323292e-06,4.05868273e-14,-4.98903993e-03,-7.29676503e-04,-3.19855046e-06,-9.36096557e-05,-3.11809821e-04
3.29000000e+02,4.38801797e-01,-7.32072804e-05,-3.38784559e-05,-3.18795121e-06,-5.09787891e-03,-1.75141906e-03,3.75571305e-01,-4.60814401e-05,-3.87546697e-05,6.32304919e-02,-2.71258405e-05,4.87621385e-06,4.02638482e-14,-5.04391041e-03,-1.43455445e-03,-3.18795125e-06,-5.39685075e-05,-3.16864614e-04
3.30000000e+02,4.38288753e-01,-6.58797064e-05,-4.28947403e-05,-3.14624978e-06,-4.95520426e-03,-2.40843521e-03,3.75097881e-01,-3.81936986e-05,-4.34897156e-05,6.31908733e-02,-2.76860080e-05,5.94975277e-07,3.91797056e-14,-4.95072949e-03,-2.09013854e-03,-3.14624982e-06,-4.47477983e-06,-3.18296662e-04
3.31000000e+02,4.37811116e-01,-5.63645511e-05,-5.09440484e-05,-3.08870136e-06,-4.65536939e-03,-2.99831976e-03,3.74657781e-01,-2.89620204e-05,-4.69008267e-05,6.31533358e-02,-2.74025308e-05,-4.04322165e-06,3.90194836e-14,-4.70782782e-03,-2.68362727e-03,-3.08870140e-06,5.24584327e-05,-3.14692493e-04
3.32000000e+02,4.37384064e-01,-4.70386247e-05,-6.03092712e-05,-3.03033307e-06,-4.19542804e-03,-3.52110491e-03,3.74266493e-01,-1.97790807e-05,-5.05040353e-05,6.31175722e-02,-2.72595439e-05,-9.80523597e-06,3.84326247e-14,-4.31272577e-03,-3.21303125e-03,-3.03033311e-06,1.17297730e-04,-3.08073659e-04
3.33000000e+02,4.37053867e-01,-3.64196598e-05,-6.81028913e-05,-2.98792079e-06,-3.59284831e-03,-3.96164044e-03,3.73968231e-01,-1.00494912e-05,-5.24734864e-05,6.30856363e-02,-2.63701686e-05,-1.56294050e-05,3.90023709e-14,-3.77871840e-03,-3.66524683e-03,-2.98792083e-06,1.85870087e-04,-2.96393603e-04
3.34000000e+02,4.36860147e-01,-2.74083274e-05,-7.61537031e-05,-2.97717135e-06,-2.85983289e-03,-4.31413880e-03,3.73804026e-01,-1.86366058e-06,-5.39929592e-05,6.30561226e-02,-2.55446669e-05,-2.21607440e-05,4.21022583e-14,-3.11700772e-03,-4.03341955e-03,-2.97717139e-06,2.57174828e-04,-2.80719255e-04
3.35000000e+02,4.36847535e-01,-1.75744251e-05,-8.19748381e-05,-3.01382848e-06,-2.02865913e-03,-4.55835824e-03,3.73818029e-01,6.17581704e-06,-5.37756039e-05,6.30295056e-02,-2.37502421e-05,-2.81992340e-05,4.62209337e-14,-2.35442515e-03,-4.29980365e-03,-3.01382853e-06,3.25766016e-04,-2.58554588e-04
3.36000000e+02,4.37023270e-01,-8.83951512e-06,-8.74546612e-05,-3.11104383e-06,-1.12489623e-03,-4.68409479e-03,3.74020083e-01,1.30618254e-05,-5.32175336e-05,6.30031878e-02,-2.19013405e-05,-3.42371274e-05,5.25914320e-14,-1.51421900e-03,-4.45297104e-03,-3.11104388e-06,3.89322772e-04,-2.31123751e-04
3.37000000e+02,4.37379703e-01,6.12157085e-07,-8.98315651e-05,-3.27822624e-06,-1.88698935e-04,-4.67431426e-03,3.74403013e-01,1.96721081e-05,-5.08091039e-05,6.29766899e-02,-1.90599510e-05,-3.90224612e-05,5.97074575e-14,-6.31094511e-04,-4.47766544e-03,-3.27822631e-06,4.42395574e-04,-1.96648817e-04
3.38000000e+02,4.37859904e-01,8.11471484e-06,-9.07275245e-05,-3.51814822e-06,7.50508710e-04,-4.52375183e-03,3.74913074e-01,2.43241747e-05,-4.75436906e-05,6.29468307e-02,-1.62094599e-05,-4.31838339e-05,6.78151754e-14,2.67106448e-04,-4.36644203e-03,-3.51814829e-06,4.83402261e-04,-1.57309803e-04
3.39000000e+02,4.38398161e-01,1.58398299e-05,-8.81129839e-05,-3.82511063e-06,1.65455843e-03,-4.22387148e-03,3.75484705e-01,2.81922673e-05,-4.25647839e-05,6.29134558e-02,-1.23524374e-05,-4.55481999e-05,7.52737602e-14,1.14638691e-03,-4.11141884e-03,-3.82511071e-06,5.08171525e-04,-1.12452635e-04
3.40000000e+02,4.38902097e-01,2.23770590e-05,-8.41019828e-05,-4.18351724e-06,2.49651751e-03,-3.78303201e-03,3.76028322e-01,3.10854006e-05,-3.72264982e-05,6.28737746e-02,-8.70834155e-06,-4.68754846e-05,8.23065017e-14,1.97934134e-03,-3.71705460e-03,-4.18351733e-06,5.17176176e-04,-6.59774128e-05
3.41000000e+02,4.39304383e-01,2.90471869e-05,-7.61480438e-05,-4.56817651e-06,3.24409888e-03,-3.21532608e-03,3.76474746e-01,3.36049825e-05,-2.98813715e-05,6.28296375e-02,-4.55779553e-06,-4.62666724e-05,9.02900460e-14,2.73526032e-03,-3.19640322e-03,-4.56817660e-06,5.08838554e-04,-1.89228578e-05
3.42000000e+02,4.39536286e-01,3.27353543e-05,-6.70087031e-05,-4.94806197e-06,3.88132617e-03,-2.55201685e-03,3.76756393e-01,3.38735311e-05,-2.22560425e-05,6.27798947e-02,-1.13817685e-06,-4.47526609e-05,9.72257127e-14,3.39506596e-03,-2.57599973e-03,-4.94806207e-06,4.86260218e-04,2.39828796e-05
3.43000000e+02,4.39578092e-01,3.56109175e-05,-5.49579408e-05,-5.28922929e-06,4.39163953e-03,-1.82126798e-03,3.76850072e-01,3.31407502e-05,-1.33398580e-05,6.27280204e-02,2.47016723e-06,-4.16180827e-05,1.03561648e-13,3.94123637e-03,-1.88324240e-03,-5.28922939e-06,4.50403167e-04,6.19744082e-05
3.44000000e+02,4.39419471e-01,3.64361262e-05,-4.28070464e-05,-5.56229944e-06,4.77519622e-03,-1.05989011e-03,3.76745607e-01,3.15115943e-05,-4.77811345e-06,6.26738644e-02,4.92453189e-06,-3.80289329e-05,1.10740492e-13,4.36901809e-03,-1.15067498e-03,-5.56229954e-06,4.06178131e-04,9.07848817e-05
3.45000000e+02,4.39090966e-01,3.65416057e-05,-2.83838682e-05,-5.74344379e-06,5.03149645e-03,-2.98851572e-04,3.76469366e-01,2.95326653e-05,5.05264169e-06,6.26216004e-02,7.00894039e-06,-3.34365099e-05,1.19312450e-13,4.67581227e-03,-4.09337966e-04,-5.74344389e-06,3.55684168e-04,1.10486395e-04
3.46000000e+02,4.38607513e-01,3.26876438e-05,-1.50835682e-05,-5.82082922e-06,5.17452221e-03,4.27385669e-04,3.76036152e-01,2.50317437e-05,1.39360711e-05,6.25713604e-02,7.65590007e-06,-2.90196392e-05,1.29069013e-13,4.87079311e-03,3.08471021e-04,-5.82082932e-06,3.03729128e-04,1.18914648e-04
3.47000000e+02,4.38029878e-01,2.78790963e-05,-7.93299150e-07,-5.79214759e-06,5.21372076e-03,1.10159698e-03,3.75504742e-01,1.98270525e-05,2.33279601e-05,6.25251341e-02,8.05204383e-06,-2.41212593e-05,1.39283468e-13,4.96258415e-03,9.83031697e-04,-5.79214768e-06,2.51136586e-04,1.18565287e-04
3.48000000e+02,4.37390433e-01,2.08665567e-05,1.15184161e-05,-5.66510314e-06,5.16695237e-03,1.70696399e-03,3.74909581e-01,1.37033474e-05,3.12896576e-05,6.24808534e-02,7.16320935e-06,-1.97712415e-05,1.47058175e-13,4.96594882e-03,1.59836817e-03,-5.66510328e-06,2.01003526e-04,1.08595823e-04
3.49000000e+02,4.36727277e-01,1.38042455e-05,2.43793030e-05,-5.45343055e-06,5.03907373e-03,2.23884916e-03,3.74287252e-01,7.77445805e-06,3.95777628e-05,6.24400234e-02,6.02978744e-06,-1.51984596e-05,1.55502712e-13,4.88658019e-03,2.14665231e-03,-5.45343070e-06,1.52493521e-04,9.21968526e-05
3.50000000e+02,4.36056219e-01,3.58902248e-06,3.45588219e-05,-5.17541173e-06,4.84361255e-03,2.68692349e-03,3.73655583e-01,-2.97458686e-07,4.58676181e-05,6.24006364e-02,3.88648116e-06,-1.13087963e-05,1.61860550e-13,4.73626885e-03,2.61746490e-03,-5.17541188e-06,1.07343704e-04,6.94585924e-05
3.51000000e+02,4.35406169e-01,-5.87558446e-06,4.46047444e-05,-4.84717554e-06,4.57993974e-03,3.05728316e-03,3.73042454e-01,-7.84929807e-06,5.17314629e-05,6.23637162e-02,1.97371360e-06,-7.12671824e-06,1.66578651e-13,4.51707990e-03,3.01339820e-03,-4.84717570e-06,6.28598415e-05,4.38849530e-05
3.52000000e+02,4.34786464e-01,-1.60711125e-05,5.17931867e-05,-4.48816724e-06,4.25656507e-03,3.34645680e-03,3.72458802e-01,-1.53987931e-05,5.52640964e-05,6.23276613e-02,-6.72319429e-07,-3.47090947e-06,1.68880272e-13,4.23648693e-03,3.33165040e-03,-4.48816741e-06,2.00781335e-05,1.48063976e-05
3.53000000e+02,4.34220718e-01,-2.47361066e-05,5.89714418e-05,-4.11060117e-06,3.86824514e-03,3.55778159e-03,3.71927354e-01,-2.17174559e-05,5.82383911e-05,6.22933624e-02,-3.01865073e-06,7.33050841e-07,1.68751135e-13,3.89257578e-03,3.57310237e-03,-4.11060134e-06,-2.43306420e-05,-1.53207838e-05
3.54000000e+02,4.33709460e-01,-3.48577956e-05,6.36512784e-05,-3.73040019e-06,3.42105152e-03,3.68503200e-03,3.71450051e-01,-2.88920327e-05,5.90648129e-05,6.22594075e-02,-5.96576295e-06,4.58646544e-06,1.68214097e-13,3.49015986e-03,3.73251173e-03,-3.73040036e-06,-6.91083396e-05,-4.74797288e-05
3.55000000e+02,4.33267797e-01,-4.29021665e-05,6.84782429e-05,-3.35514219e-06,2.91060015e-03,3.73312118e-03,3.71040972e-01,-3.44983531e-05,5.93150159e-05,6.22268242e-02,-8.40381344e-06,9.16322696e-06,1.66459078e-13,3.02781013e-03,3.81258977e-03,-3.35514236e-06,-1.17209987e-04,-7.94686007e-05
3.56000000e+02,4.32887297e-01,-5.10756760e-05,7.09395942e-05,-2.99746787e-06,2.34641879e-03,3.69942965e-03,3.70692677e-01,-3.97046519e-05,5.74411503e-05,6.21946207e-02,-1.13710240e-05,1.34984441e-05,1.64484332e-13,2.51287957e-03,3.81192452e-03,-2.99746804e-06,-1.66460779e-04,-1.12494870e-04
3.57000000e+02,4.32569958e-01,-5.68890560e-05,7.39504048e-05,-2.66344332e-06,1.73016023e-03,3.58979151e-03,3.70405946e-01,-4.30189688e-05,5.54095736e-05,6.21640115e-02,-1.38700871e-05,1.85408315e-05,1.62143706e-13,1.94848436e-03,3.73426089e-03,-2.66344348e-06,-2.18324128e-04,-1.44469378e-04
3.58000000e+02,4.32313755e-01,-6.36210131e-05,7.51262798e-05,-2.36288251e-06,1.07614701e-03,3.40499357e-03,3.70180702e-01,-4.67713201e-05,5.20015491e-05,6.21330521e-02,-1.68496929e-05,2.31247305e-05,1.59975616e-13,1.34524419e-03,3.58138832e-03,-2.36288267e-06,-2.69097179e-04,-1.76394756e-04
3.59000000e+02,4.32128699e-01,-6.79001766e-05,7.65316005e-05,-2.10229392e-06,3.95290067e-04,3.15999005e-03,3.70025744e-01,-4.87517186e-05,4.84285470e-05,6.21029560e-02,-1.91484583e-05,2.81030539e-05,1.58458487e-13,7.14299836e-04,3.36583262e-03,-2.10229408e-06,-3.19009768e-04,-2.05842573e-04
3.60000000e+02,4.32002687e-01,-7.19089415e-05,7.57070317e-05,-1.88958088e-06,-2.90360597e-04,2.86166790e-03,3.69931068e-01,-5.00794074e-05,4.34107011e-05,6.20716196e-02,-2.18295338e-05,3.22963303e-05,1.56725798e-13,7.35778702e-05,3.09598852e-03,-1.88958104e-06,-3.63938467e-04,-2.34320630e-04
3.61000000e+02,4.31938379e-01,-7.33252147e-05,7.54578238e-05,-1.73020015e-06,-9.67442097e-04,2.52464667e-03,3.69898086e-01,-4.94345061e-05,3.89954392e-05,6.20402930e-02,-2.38907085e-05,3.64623843e-05,1.53449456e-13,-5.63965151e-04,2.78441228e-03,-1.73020031e-06,-4.03476946e-04,-2.59765613e-04
3.62000000e+02,4.31912968e-01,-7.57558855e-05,7.30162087e-05,-1.62840763e-06,-1.61138724e-03,2.15232481e-03,3.69905947e-01,-4.94468112e-05,3.35996628e-05,6.20070188e-02,-2.63090742e-05,3.94165460e-05,1.49180349e-13,-1.17754028e-03,2.43616546e-03,-1.62840777e-06,-4.33846964e-04,-2.83840645e-04
3.63000000e+02,4.31921200e-01,-7.58654400e-05,7.07556333e-05,-1.58566290e-06,-2.20823646e-03,1.75957007e-03,3.69947788e-01,-4.79067157e-05,2.87584897e-05,6.19734101e-02,-2.79587241e-05,4.19971437e-05,1.44786239e-13,-1.75285080e-03,2.06409899e-03,-1.58566304e-06,-4.55385656e-04,-3.04528918e-04
3.64000000e+02,4.31937384e-01,-7.61051018e-05,6.61735198e-05,-1.60055110e-06,-2.73702037e-03,1.34943586e-03,3.69999941e-01,-4.61487716e-05,2.30416654e-05,6.19374435e-02,-2.99563299e-05,4.31318546e-05,1.40229921e-13,-2.27168954e-03,1.67337727e-03,-1.60055124e-06,-4.65330834e-04,-3.23941409e-04
3.65000000e+02,4.31952774e-01,-7.43481808e-05,6.20507144e-05,-1.66868505e-06,-3.18915983e-03,9.33185740e-04,3.70051610e-01,-4.30162043e-05,1.83094259e-05,6.19011621e-02,-3.13319768e-05,4.37412884e-05,1.35485902e-13,-2.72393133e-03,1.27366782e-03,-1.66868519e-06,-4.65228499e-04,-3.40482082e-04
3.66000000e+02,4.31942138e-01,-7.42508470e-05,5.56122443e-05,-1.78266443e-06,-3.54998858e-03,5.11186330e-04,3.70079136e-01,-4.11504874e-05,1.27491228e-05,6.18630017e-02,-3.31003593e-05,4.28631215e-05,1.29223486e-13,-3.09631822e-03,8.67288974e-04,-1.78266455e-06,-4.53670365e-04,-3.56102641e-04
3.67000000e+02,4.31902040e-01,-7.24593677e-05,4.96373721e-05,-1.93239958e-06,-3.81906004e-03,9.60791174e-05,3.70077209e-01,-3.83069228e-05,8.08443778e-06,6.18248327e-02,-3.41524450e-05,4.15529345e-05,1.22682104e-13,-3.38560556e-03,4.64962605e-04,-1.93239970e-06,-4.33454482e-04,-3.68883488e-04
3.68000000e+02,4.31812678e-01,-7.14794293e-05,4.16771214e-05,-2.10644217e-06,-3.99016468e-03,-3.10182071e-04,3.70027228e-01,-3.58707434e-05,2.69705474e-06,6.17854503e-02,-3.56086859e-05,3.89800665e-05,1.17280126e-13,-3.58576766e-03,7.07191486e-05,-2.10644229e-06,-4.04397018e-04,-3.80901220e-04
3.69000000e+02,4.31675723e-01,-6.89505440e-05,3.47276438e-05,-2.29247866e-06,-4.07108595e-03,-6.96979086e-04,3.69928218e-01,-3.25050518e-05,-1.56706070e-06,6.17475043e-02,-3.64454922e-05,3.62947045e-05,1.12504420e-13,-3.70073167e-03,-3.06616107e-04,-2.29247878e-06,-3.70354277e-04,-3.90362981e-04
3.70000000e+02,4.31484360e-01,-6.81793417e-05,2.63388553e-05,-2.47937128e-06,-4.06279232e-03,-1.06412594e-03,3.69775378e-01,-3.04850612e-05,-6.34438019e-06,6.17089836e-02,-3.76942804e-05,3.26832355e-05,1.08072162e-13,-3.73140714e-03,-6.64997571e-04,-2.47937139e-06,-3.31385182e-04,-3.99128373e-04
3.71000000e+02,4.31256048e-01,-6.57480337e-05,1.92735896e-05,-2.65768001e-06,-3.97857511e-03,-1.39988219e-03,3.69584121e-01,-2.75230054e-05,-1.00350479e-05,6.16719269e-02,-3.82250285e-05,2.93086375e-05,1.02897870e-13,-3.68731554e-03,-9.94710354e-04,-2.65768012e-06,-2.91259567e-04,-4.05171839e-04
3.72000000e+02,4.30988893e-01,-6.42178247e-05,1.11513086e-05,-2.82107923e-06,-3.82323889e-03,-1.70450857e-03,3.69354366e-01,-2.50662144e-05,-1.41989036e-05,6.16345255e-02,-3.91516102e-05,2.53502122e-05,9.82818442e-14,-3.57350723e-03,-1.29404994e-03,-2.82107932e-06,-2.49731665e-04,-4.10458633e-04
3.73000000e+02,4.30698230e-01,-6.10862584e-05,4.85552883e-06,-2.96611560e-06,-3.61147335e-03,-1.96948733e-03,3.69099500e-01,-2.16770003e-05,-1.70587059e-05,6.15987311e-02,-3.94092582e-05,2.19142348e-05,9.37187021e-14,-3.40164064e-03,-1.55649729e-03,-2.96611569e-06,-2.09832709e-04,-4.12990033e-04
3.74000000e+02,4.30382384e-01,-5.95863217e-05,-2.08974001e-06,-3.09272427e-06,-3.34724285e-03,-2.19756688e-03,3.68819572e-01,-1.95626303e-05,-2.01568711e-05,6.15628104e-02,-4.00236915e-05,1.80671311e-05,8.72679896e-14,-3.17694710e-03,-1.78310743e-03,-3.09272435e-06,-1.70295754e-04,-4.14459440e-04
3.75000000e+02,4.30060124e-01,-5.64260630e-05,-7.22173111e-06,-3.20331126e-06,-3.04245342e-03,-2.38049904e-03,3.68531370e-01,-1.65816476e-05,-2.20355023e-05,6.15287539e-02,-3.98444153e-05,1.48137712e-05,8.15343251e-14,-2.90931241e-03,-1.96788866e-03,-3.20331134e-06,-1.33141015e-04,-4.12610382e-04
3.76000000e+02,4.29733906e-01,-5.40311118e-05,-1.29963295e-05,-3.30243357e-06,-2.69795396e-03,-2.52108476e-03,3.68239140e-01,-1.40664911e-05,-2.41766893e-05,6.14947651e-02,-3.99646208e-05,1.11803599e-05,7.67637783e-14,-2.60160883e-03,-2.11188654e-03,-3.30243365e-06,-9.63451320e-05,-4.09198225e-04
3.77000000e+02,4.29422772e-01,-5.00514755e-05,-1.68088452e-05,-3.39545226e-06,-2.32214267e-03,-2.61381523e-03,3.67960171e-01,-1.07477936e-05,-2.49039596e-05,6.14626017e-02,-3.93036819e-05,8.09511437e-06,7.31690847e-14,-2.26089595e-03,-2.21174672e-03,-3.39545234e-06,-6.12467163e-05,-4.02068501e-04
3.78000000e+02,4.29127689e-01,-4.75554679e-05,-2.13278657e-05,-3.48795477e-06,-1.91358449e-03,-2.66320302e-03,3.67697267e-01,-8.67476241e-06,-2.58449827e-05,6.14304223e-02,-3.88807055e-05,4.51711697e-06,6.94775189e-14,-1.88814015e-03,-2.27033061e-03,-3.48795484e-06,-2.54443449e-05,-3.92872420e-04
3.79000000e+02,4.28866009e-01,-4.34404836e-05,-2.42028094e-05,-3.58425288e-06,-1.47970515e-03,-2.66306552e-03,3.67466007e-01,-5.88723854e-06,-2.55825265e-05,6.14000033e-02,-3.75532450e-05,1.37971707e-06,6.42704873e-14,-1.48939384e-03,-2.28367509e-03,-3.58425295e-06,9.68867968e-06,-3.79390434e-04
3.80000000e+02,4.28635759e-01,-3.99241939e-05,-2.78225073e-05,-3.68687023e-06,-1.01992480e-03,-2.61765152e-03,3.67266211e-01,-3.48572169e-06,-2.55353544e-05,6.13695492e-02,-3.64384723e-05,-2.28715290e-06,6.03002998e-14,-1.06594253e-03,-2.25407349e-03,-3.68687029e-06,4.60177252e-05,-3.63578032e-04
3.81000000e+02,4.28452165e-01,-3.51254356e-05,-2.96788423e-05,-3.79586754e-06,-5.44369442e-04,-2.52453067e-03,3.67111438e-01,-6.42060521e-07,-2.41943845e-05,6.13407280e-02,-3.44833751e-05,-5.48445776e-06,5.61303536e-14,-6.25763558e-04,-2.18093526e-03,-3.79586759e-06,8.13941170e-05,-3.43595413e-04
3.82000000e+02,4.28310487e-01,-3.18831991e-05,-3.22283695e-05,-3.90910592e-06,-5.58664587e-05,-2.39101172e-03,3.66998957e-01,8.72307087e-07,-2.31104951e-05,6.13115294e-02,-3.27555061e-05,-9.11787442e-06,5.19304999e-14,-1.72599358e-04,-2.06943720e-03,-3.90910598e-06,1.16732900e-04,-3.21574512e-04
3.83000000e+02,4.28220740e-01,-2.72973422e-05,-3.29482613e-05,-4.02218457e-06,4.31083752e-04,-2.21488888e-03,3.66937378e-01,2.87890163e-06,-2.08341255e-05,6.12833640e-02,-3.01762438e-05,-1.21141358e-05,4.80923074e-14,2.82145739e-04,-1.91896188e-03,-4.02218461e-06,1.48938014e-04,-2.95927000e-04
3.84000000e+02,4.28169174e-01,-2.35940463e-05,-3.44279961e-05,-4.12952846e-06,9.10026687e-04,-2.00415856e-03,3.66915140e-01,4.33053415e-06,-1.91817268e-05,6.12540320e-02,-2.79245805e-05,-1.52462693e-05,4.40066411e-14,7.31950960e-04,-1.73486141e-03,-4.12952850e-06,1.78075729e-04,-2.69297142e-04
3.85000000e+02,4.28154628e-01,-1.89467169e-05,-3.38300199e-05,-4.22476467e-06,1.36369229e-03,-1.75995744e-03,3.66929693e-01,6.08245757e-06,-1.64415795e-05,6.12249345e-02,-2.50291745e-05,-1.73884403e-05,4.04030499e-14,1.16303011e-03,-1.51938144e-03,-4.22476471e-06,2.00662181e-04,-2.40575997e-04
3.86000000e+02,4.28154169e-01,-1.61088433e-05,-3.34733749e-05,-4.30174438e-06,1.78437688e-03,-1.49266313e-03,3.66960167e-01,6.50963223e-06,-1.40965063e-05,6.11940020e-02,-2.26184755e-05,-1.93768686e-05,3.80377533e-14,1.56741707e-03,-1.28012687e-03,-4.30174441e-06,2.16959811e-04,-2.12536253e-04
3.87000000e+02,4.28161385e-01,-1.23386051e-05,-3.12004225e-05,-4.35490175e-06,2.15671547e-03,-1.20298730e-03,3.66998557e-01,7.31772594e-06,-1.10792600e-05,6.11628267e-02,-1.96563310e-05,-2.01211625e-05,3.72173840e-14,1.93266827e-03,-1.01894169e-03,-4.35490179e-06,2.24047196e-04,-1.84045613e-04
3.88000000e+02,4.28151399e-01,-9.70847665e-06,-2.91940674e-05,-4.37996766e-06,2.47534986e-03,-9.00885878e-04,3.67021736e-01,7.65128903e-06,-8.69596706e-06,6.11296634e-02,-1.73597657e-05,-2.04981003e-05,3.68199485e-14,2.25231684e-03,-7.42844444e-04,-4.37996770e-06,2.23033013e-04,-1.58041434e-04
3.89000000e+02,4.28120350e-01,-6.48186546e-06,-2.50059816e-05,-4.37397238e-06,2.72861555e-03,-5.89420540e-04,3.67023798e-01,8.27836721e-06,-5.48237752e-06,6.10965523e-02,-1.47602327e-05,-1.95236041e-05,3.59571548e-14,2.51650266e-03,-4.56023449e-04,-4.37397241e-06,2.12112892e-04,-1.33397093e-04
3.90000000e+02,4.28049934e-01,-5.41723921e-06,-2.10449894e-05,-4.33566635e-06,2.91627634e-03,-2.79805232e-04,3.66987933e-01,7.53213104e-06,-2.81274796e-06,6.10620025e-02,-1.29493702e-05,-1.82322415e-05,3.52102101e-14,2.72260280e-03,-1.67202563e-04,-4.33566639e-06,1.93673543e-04,-1.12602669e-04
3.91000000e+02,4.27945331e-01,-3.79663300e-06,-1.52609988e-05,-4.26515893e-06,3.03245710e-03,2.68764414e-05,3.66917156e-01,7.06996060e-06,4.81581800e-07,6.10281732e-02,-1.08665936e-05,-1.57425806e-05,3.40769781e-14,2.86549080e-03,1.20998553e-04,-4.26515896e-06,1.66966298e-04,-9.41221117e-05
3.92000000e+02,4.27797074e-01,-3.43792399e-06,-9.99893777e-06,-4.16420990e-06,3.08218262e-03,3.21541083e-04,3.66803310e-01,6.21487446e-06,3.13183080e-06,6.09937654e-02,-9.65279847e-06,-1.31307685e-05,3.27492709e-14,2.94699251e-03,4.01780920e-04,-4.16420993e-06,1.35190113e-04,-8.02398373e-05
3.93000000e+02,4.27617133e-01,-2.67586695e-06,-3.13311951e-06,-4.03562032e-06,3.06405716e-03,6.01964168e-04,3.66656144e-01,5.59989795e-06,6.44999383e-06,6.09609904e-02,-8.27576491e-06,-9.58311336e-06,3.11862871e-14,2.96583092e-03,6.71111047e-04,-4.03562035e-06,9.82262429e-05,-6.91468798e-05
3.94000000e+02,4.27404285e-01,-4.21030094e-06,2.92864505e-06,-3.88327760e-06,2.98761068e-03,8.58218930e-04,3.66476105e-01,3.57693456e-06,9.15375081e-06,6.09281811e-02,-7.78723551e-06,-6.22510576e-06,3.00258572e-14,2.92819968e-03,9.20918147e-04,-3.88327763e-06,5.94110019e-05,-6.26992154e-05
3.95000000e+02,4.27178030e-01,-5.27590386e-06,1.00984625e-05,-3.71165676e-06,2.85540680e-03,1.09152172e-03,3.66280895e-01,1.76974481e-06,1.23435080e-05,6.08971342e-02,-7.04564869e-06,-2.24504550e-06,2.94099367e-14,2.83698164e-03,1.15021056e-03,-3.71165679e-06,1.84251577e-05,-5.86888357e-05
3.96000000e+02,4.26938194e-01,-7.57574366e-06,1.59348608e-05,-3.52571798e-06,2.67828862e-03,1.29580898e-03,3.66072106e-01,-4.30436927e-07,1.46186503e-05,6.08660865e-02,-7.14530671e-06,1.31621047e-06,2.91140576e-14,2.70015708e-03,1.35473446e-03,-3.52571801e-06,-2.18684572e-05,-5.89254875e-05
3.97000000e+02,4.26701392e-01,-9.25818711e-06,2.27383987e-05,-3.33033164e-06,2.45780814e-03,1.47211150e-03,3.65864620e-01,-2.22204658e-06,1.74209074e-05,6.08367712e-02,-7.03614053e-06,5.31749129e-06,2.74584136e-14,2.52016240e-03,1.53344868e-03,-3.33033167e-06,-6.23542641e-05,-6.13371800e-05
3.98000000e+02,4.26465384e-01,-1.29962774e-05,2.79714552e-05,-3.13027749e-06,2.20449339e-03,1.61344392e-03,3.65657974e-01,-5.25886414e-06,1.92339590e-05,6.08074100e-02,-7.73741323e-06,8.73749616e-06,2.50996231e-14,2.30519021e-03,1.68109686e-03,-3.13027751e-06,-1.00696826e-04,-6.76529377e-05
3.99000000e+02,4.26246144e-01,-1.58707733e-05,3.36759342e-05,-2.93011704e-06,1.92022017e-03,1.72342326e-03,3.65466447e-01,-7.73698315e-06,2.11918526e-05,6.07796986e-02,-8.13379015e-06,1.24840816e-05,2.32110031e-14,2.05850364e-03,1.79915858e-03,-2.93011707e-06,-1.38283472e-04,-7.57353134e-05
4.00000000e+02,4.26041640e-01,-1.96409995e-05,3.77328774e-05,-2.73429380e-06,1.61412266e-03,1.79706489e-03,3.65289849e-01,-1.03164274e-05,2.21192344e-05,6.07517912e-02,-9.32457208e-06,1.56136429e-05,2.31558990e-14,1.78734299e-03,1.88458301e-03,-2.73429382e-06,-1.73220333e-04,-8.75181229e-05
4.01000000e+02,4.25865983e-01,-2.26443351e-05,4.21581349e-05,-2.54675712e-06,1.28732258e-03,1.83620860e-03,3.65140639e-01,-1.23756108e-05,2.31036808e-05,6.07253450e-02,-1.02687243e-05,1.90544540e-05,2.46728516e-14,1.49447623e-03,1.93724760e-03,-2.54675715e-06,-2.07153652e-04,-1.01039000e-04
4.02000000e+02,4.25713800e-01,-2.70409666e-05,4.48756441e-05,-2.37136548e-06,9.48633274e-04,1.83598342e-03,3.65015248e-01,-1.50682364e-05,2.30175757e-05,6.06985538e-02,-1.19727302e-05,2.18580683e-05,2.73668319e-14,1.18685290e-03,1.95404705e-03,-2.37136550e-06,-2.38219626e-04,-1.18063631e-04
4.03000000e+02,4.25597895e-01,-3.02702867e-05,4.79673779e-05,-2.21125855e-06,5.99396057e-04,1.80042136e-03,3.64924851e-01,-1.68949599e-05,2.30440905e-05,6.06730448e-02,-1.33753268e-05,2.49232872e-05,3.12962885e-14,8.67314052e-04,1.93695320e-03,-2.21125859e-06,-2.67917992e-04,-1.36531834e-04
4.04000000e+02,4.25510860e-01,-3.42414027e-05,4.92765323e-05,-2.06927611e-06,2.49006447e-04,1.72591715e-03,3.64863928e-01,-1.87222591e-05,2.19776807e-05,6.06469312e-02,-1.55191436e-05,2.72988516e-05,3.51131083e-14,5.43242627e-04,1.88408988e-03,-2.06927614e-06,-2.94236181e-04,-1.58172735e-04
4.05000000e+02,4.25461247e-01,-3.70172612e-05,5.08862052e-05,-1.94800974e-06,-1.00394441e-04,1.61695500e-03,3.64839328e-01,-1.96645130e-05,2.10047449e-05,6.06219198e-02,-1.73527482e-05,2.98814602e-05,3.82552436e-14,2.18033058e-04,1.79772241e-03,-1.94800977e-06,-3.18427499e-04,-1.80767416e-04
4.06000000e+02,4.25438399e-01,-4.08780495e-05,5.06278445e-05,-1.84928647e-06,-4.38419545e-04,1.47088794e-03,3.64842370e-01,-2.10268036e-05,1.89380573e-05,6.05960276e-02,-1.98512457e-05,3.16897872e-05,4.20454650e-14,-1.00227669e-04,1.67658794e-03,-1.84928651e-06,-3.38191876e-04,-2.05699999e-04
4.07000000e+02,4.25447175e-01,-4.35084655e-05,5.07921591e-05,-1.77425149e-06,-7.62514745e-04,1.29478628e-03,3.64876386e-01,-2.15987164e-05,1.72348359e-05,6.05707901e-02,-2.19097491e-05,3.35573234e-05,4.60549883e-14,-4.07973112e-04,1.52527591e-03,-1.77425154e-06,-3.54541635e-04,-2.30489627e-04
4.08000000e+02,4.25471078e-01,-4.65856743e-05,4.91006011e-05,-1.72348847e-06,-1.06190708e-03,1.08927305e-03,3.64926698e-01,-2.20650395e-05,1.45799996e-05,6.05443778e-02,-2.45206350e-05,3.45206015e-05,4.97925468e-14,-6.96725902e-04,1.34564094e-03,-1.72348852e-06,-3.65181176e-04,-2.56367889e-04
4.09000000e+02,4.25511234e-01,-4.82819603e-05,4.76639837e-05,-1.69632912e-06,-1.33441409e-03,8.62391197e-04,3.64992843e-01,-2.16779442e-05,1.22177670e-05,6.05183895e-02,-2.66040161e-05,3.54462166e-05,5.40073186e-14,-9.63135332e-04,1.14312633e-03,-1.69632918e-06,-3.71278759e-04,-2.80735138e-04
4.10000000e+02,4.25549281e-01,-5.09658238e-05,4.43640533e-05,-1.69132065e-06,-1.57053415e-03,6.15247662e-04,3.65058239e-01,-2.18759562e-05,8.97901535e-06,6.04910423e-02,-2.90898677e-05,3.53850378e-05,5.58406686e-14,-1.19976725e-03,9.19877095e-04,-1.69132071e-06,-3.70766891e-04,-3.04629438e-04
4.11000000e+02,4.25585469e-01,-5.23015684e-05,4.16340810e-05,-1.70609708e-06,-1.76972181e-03,3.58431742e-04,3.65121361e-01,-2.14481398e-05,6.43482412e-06,6.04641102e-02,-3.08534286e-05,3.51992570e-05,5.78029744e-14,-1.40458865e-03,6.83775111e-04,-1.70609714e-06,-3.65133167e-04,-3.25343370e-04
4.12000000e+02,4.25603077e-01,-5.37175767e-05,3.73231149e-05,-1.73759873e-06,-1.92426377e-03,9.56114232e-05,3.65167193e-01,-2.08521919e-05,3.30922357e-06,6.04358830e-02,-3.28653847e-05,3.40138914e-05,5.88497414e-14,-1.57138715e-03,4.39677681e-04,-1.73759879e-06,-3.52876617e-04,-3.44066257e-04
4.13000000e+02,4.25604672e-01,-5.36066644e-05,3.35158953e-05,-1.78225670e-06,-2.03571177e-03,-1.63843617e-04,3.65196435e-01,-1.95164161e-05,7.57678145e-07,6.04082385e-02,-3.40902481e-05,3.27582172e-05,6.09098516e-14,-1.69967847e-03,1.94601090e-04,-1.78225676e-06,-3.36033306e-04,-3.58444707e-04
4.14000000e+02,4.25575506e-01,-5.43809560e-05,2.83033675e-05,-1.83639824e-06,-2.09958499e-03,-4.17976928e-04,3.65195878e-01,-1.89228223e-05,-2.29773651e-06,6.03796285e-02,-3.54581337e-05,3.06011040e-05,6.19986791e-14,-1.78595004e-03,-4.81783831e-05,-1.83639830e-06,-3.13634952e-04,-3.69798544e-04
4.15000000e+02,4.25523220e-01,-5.35332306e-05,2.40787097e-05,-1.89626429e-06,-2.12001251e-03,-6.56263614e-04,3.65171287e-01,-1.76151444e-05,-4.40721399e-06,6.03519324e-02,-3.59180861e-05,2.84859238e-05,6.28996938e-14,-1.83193616e-03,-2.80235108e-04,-1.89626435e-06,-2.88076350e-04,-3.76028507e-04
4.16000000e+02,4.25438243e-01,-5.27095293e-05,1.87608423e-05,-1.95857625e-06,-2.09440787e-03,-8.76810405e-04,3.65114618e-01,-1.62173366e-05,-6.86034468e-06,6.03236239e-02,-3.64921927e-05,2.56211870e-05,6.30905031e-14,-1.83568324e-03,-4.97834351e-04,-1.95857631e-06,-2.58724624e-04,-3.78976053e-04
4.17000000e+02,4.25331157e-01,-5.03521336e-05,1.44653534e-05,-2.02043812e-06,-2.02915611e-03,-1.07260549e-03,3.65034539e-01,-1.41405290e-05,-8.52818944e-06,6.02966179e-02,-3.62116047e-05,2.29935429e-05,6.49824807e-14,-1.80094041e-03,-6.95594312e-04,-2.02043819e-06,-2.28215702e-04,-3.77011178e-04
4.18000000e+02,4.25196571e-01,-4.88852127e-05,9.15366721e-06,-2.07974348e-06,-1.92405216e-03,-1.24472533e-03,3.64927301e-01,-1.28223152e-05,-1.06593227e-05,6.02692699e-02,-3.60628974e-05,1.98129899e-05,6.81750603e-14,-1.72817398e-03,-8.72578436e-04,-2.07974355e-06,-1.95878180e-04,-3.72146889e-04
4.19000000e+02,4.25048983e-01,-4.57627522e-05,5.36122941e-06,-2.13492742e-06,-1.78768763e-03,-1.38597484e-03,3.64805596e-01,-1.06922473e-05,-1.16560959e-05,6.02433878e-02,-3.50705050e-05,1.70173253e-05,6.81262175e-14,-1.62360775e-03,-1.02306641e-03,-2.13492749e-06,-1.64079889e-04,-3.62908431e-04
4.20000000e+02,4.24884580e-01,-4.29876130e-05,7.64239620e-07,-2.18518903e-06,-1.62006463e-03,-1.49828096e-03,3.64667302e-01,-8.70059046e-06,-1.30277574e-05,6.02172805e-02,-3.42870224e-05,1.37919970e-05,6.85358307e-14,-1.48817430e-03,-1.14677087e-03,-2.18518910e-06,-1.31890328e-04,-3.51510100e-04
4.21000000e+02,4.24717922e-01,-3.88279492e-05,-2.49299581e-06,-2.23006666e-06,-1.42966457e-03,-1.57742011e-03,3.64525200e-01,-6.05962478e-06,-1.35900287e-05,6.01927195e-02,-3.27683244e-05,1.10970328e-05,6.98614904e-14,-1.32816279e-03,-1.24085311e-03,-2.23006673e-06,-1.01501772e-04,-3.36567006e-04
4.22000000e+02,4.24545541e-01,-3.56991224e-05,-6.38437538e-06,-2.26953934e-06,-1.21743060e-03,-1.62743597e-03,3.64377607e-01,-4.19431484e-06,-1.44684258e-05,6.01679330e-02,-3.15048075e-05,8.08405046e-06,7.12335624e-14,-1.14570130e-03,-1.30726511e-03,-2.26953942e-06,-7.17293031e-05,-3.20170854e-04
4.23000000e+02,4.24382181e-01,-3.11352532e-05,-8.56520412e-06,-2.30363581e-06,-9.92273480e-04,-1.64361923e-03,3.64237606e-01,-1.58596411e-06,-1.42136771e-05,6.01445730e-02,-2.95492891e-05,5.64847302e-06,7.25394028e-14,-9.47803059e-04,-1.34271939e-03,-2.30363588e-06,-4.44704191e-05,-3.00899846e-04
4.24000000e+02,4.24223179e-01,-2.74515767e-05,-1.14348317e-05,-2.33255982e-06,-7.54606262e-04,-1.63069901e-03,3.64102344e-01,4.76804321e-07,-1.43746044e-05,6.01208333e-02,-2.79283810e-05,2.93977264e-06,7.19224078e-14,-7.36174740e-04,-1.34979008e-03,-2.33255989e-06,-1.84315237e-05,-2.80908932e-04
4.25000000e+02,4.24080255e-01,-2.26358239e-05,-1.27385428e-05,-2.35636475e-06,-5.13514455e-04,-1.58612396e-03,3.63981883e-01,3.06261055e-06,-1.36247109e-05,6.00983720e-02,-2.56984344e-05,8.86168049e-07,7.04708944e-14,-5.18024423e-04,-1.32735448e-03,-2.35636482e-06,4.50996850e-06,-2.58769486e-04
4.26000000e+02,4.23946089e-01,-1.91615055e-05,-1.45324932e-05,-2.37505060e-06,-2.70020806e-04,-1.51587481e-03,3.63870735e-01,4.67394761e-06,-1.31519287e-05,6.00753528e-02,-2.38354531e-05,-1.38056459e-06,6.84760769e-14,-2.95771771e-04,-1.27934417e-03,-2.37505067e-06,2.57509647e-05,-2.36530638e-04
4.27000000e+02,4.23829861e-01,-1.44959521e-05,-1.47027008e-05,-2.38838350e-06,-3.26323342e-05,-1.41736716e-03,3.63776482e-01,6.91367449e-06,-1.17274713e-05,6.00533778e-02,-2.14096266e-05,-2.97522953e-06,6.49367687e-14,-7.61758958e-05,-1.20459556e-03,-2.38838357e-06,4.35435616e-05,-2.12771595e-04
4.28000000e+02,4.23721456e-01,-1.09438133e-05,-1.54059456e-05,-2.39609995e-06,1.98382297e-04,-1.29727544e-03,3.63690855e-01,8.49532546e-06,-1.06458586e-05,6.00306033e-02,-1.94391388e-05,-4.76008702e-06,6.04072396e-14,1.39098900e-04,-1.10764700e-03,-2.39610001e-06,5.92833970e-05,-1.89628439e-04
4.29000000e+02,4.23627854e-01,-6.58820643e-06,-1.46052477e-05,-2.39775634e-06,4.15180388e-04,-1.15513836e-03,3.63619158e-01,1.03976984e-05,-8.79733091e-06,6.00086948e-02,-1.69859048e-05,-5.80791673e-06,5.51913925e-14,3.44058435e-04,-9.89433866e-04,-2.39775639e-06,7.11219523e-05,-1.65704493e-04
4.30000000e+02,4.23537026e-01,-3.80399300e-06,-1.44281036e-05,-2.39296209e-06,6.17818506e-04,-9.98824883e-04,3.63551188e-01,1.12228978e-05,-7.44557563e-06,5.99858390e-02,-1.50268908e-05,-6.98252796e-06,4.93491021e-14,5.37354839e-04,-8.55712506e-04,-2.39296214e-06,8.04636670e-05,-1.43112380e-04
4.31000000e+02,4.23454672e-01,4.87002582e-08,-1.26885944e-05,-2.38127852e-06,7.98799053e-04,-8.27478499e-04,3.63490930e-01,1.27068936e-05,-5.27620000e-06,5.99637434e-02,-1.26581933e-05,-7.41239439e-06,4.40615040e-14,7.13190747e-04,-7.06942640e-04,-2.38127857e-06,8.56083052e-05,-1.20535858e-04
4.32000000e+02,4.23368193e-01,2.41781806e-06,-1.17041814e-05,-2.36247560e-06,9.59467858e-04,-6.49625082e-04,3.63427536e-01,1.33052684e-05,-3.75104549e-06,5.99406554e-02,-1.08874504e-05,-7.95313587e-06,3.93208638e-14,8.71461299e-04,-5.49464538e-04,-2.36247564e-06,8.80065604e-05,-1.00160545e-04
4.33000000e+02,4.23283267e-01,5.36188661e-06,-9.36590597e-06,-2.33642451e-06,1.09347214e-03,-4.65724159e-04,3.63364907e-01,1.41588758e-05,-1.66436126e-06,5.99183586e-02,-8.79698922e-06,-7.70154473e-06,3.40093027e-14,1.00744839e-03,-3.85093313e-04,-2.33642454e-06,8.60237525e-05,-8.06308464e-05
4.34000000e+02,4.23188272e-01,6.67323363e-06,-7.77078362e-06,-2.30323566e-06,1.20274231e-03,-2.83829824e-04,3.63293121e-01,1.40183585e-05,-2.24641199e-07,5.98951515e-02,-7.34512495e-06,-7.54614243e-06,2.74819001e-14,1.12141337e-03,-2.19848190e-04,-2.30323568e-06,8.13289425e-05,-6.39816339e-05
4.35000000e+02,4.23089905e-01,8.76584089e-06,-4.82523481e-06,-2.26314254e-06,1.28215791e-03,-1.03483486e-04,3.63217121e-01,1.43968681e-05,1.82468821e-06,5.98727836e-02,-5.63102726e-06,-6.64992302e-06,2.14079629e-14,1.20955604e-03,-5.47099834e-05,-2.26314256e-06,7.26018633e-05,-4.87735029e-05
4.36000000e+02,4.22977338e-01,9.25792128e-06,-2.89395007e-06,-2.21674291e-06,1.33575967e-03,6.75099446e-05,3.63127706e-01,1.38826767e-05,3.00910363e-06,5.98496313e-02,-4.62475537e-06,-5.90305370e-06,1.55614255e-14,1.27405986e-03,1.04452127e-04,-2.21674293e-06,6.16998114e-05,-3.69421821e-05
4.37000000e+02,4.22859048e-01,1.03791236e-05,2.88859920e-07,-2.16465324e-06,1.35956928e-03,2.30156080e-04,3.63031558e-01,1.37724155e-05,4.73708892e-06,5.98274890e-02,-3.39329190e-06,-4.44822899e-06,9.88539811e-15,1.31215972e-03,2.56995057e-04,-2.16465325e-06,4.74095571e-05,-2.68389774e-05
4.38000000e+02,4.22725761e-01,9.86502641e-06,2.58691292e-06,-2.10780401e-06,1.35840178e-03,3.77785173e-04,3.62921012e-01,1.27204642e-05,5.79576157e-06,5.98047500e-02,-2.85543775e-06,-3.20884865e-06,4.52501773e-15,1.32662644e-03,3.97940507e-04,-2.10780401e-06,3.17753463e-05,-2.01553339e-05
4.39000000e+02,4.22587346e-01,1.01785933e-05,5.91128093e-06,-2.04704432e-06,1.32992295e-03,5.12797853e-04,3.62804162e-01,1.22748175e-05,7.29081446e-06,5.97831819e-02,-2.09622417e-06,-1.37953350e-06,-2.96032296e-17,1.31616310e-03,5.27932180e-04,-2.04704432e-06,1.37598457e-05,-1.51343307e-05
4.40000000e+02,4.22436272e-01,9.02080402e-06,8.16214607e-06,-1.98339369e-06,1.28000836e-03,6.29434470e-04,3.62675156e-01,1.10477949e-05,8.02803160e-06,5.97611166e-02,-2.02699088e-06,1.34114462e-07,-4.45550026e-15,1.28463115e-03,6.42775668e-04,-1.98339369e-06,-4.62278148e-06,-1.33411988e-05
4.41000000e+02,4.22283872e-01,8.64913342e-06,1.13554764e-05,-1.91792515e-06,1.20702253e-03,7.30677970e-04,3.62543522e-01,1.03679992e-05,9.18034040e-06,5.97403491e-02,-1.71886584e-06,2.17513599e-06,-9.02855989e-15,1.23152388e-03,7.43605814e-04,-1.91792514e-06,-2.45013494e-05,-1.29278409e-05
4.42000000e+02,4.22123616e-01,6.83032734e-06,1.35158940e-05,-1.85158754e-06,1.11694734e-03,8.11611936e-04,3.62404502e-01,8.86685566e-06,9.68354128e-06,5.97191152e-02,-2.03652835e-06,3.83235275e-06,-1.15804909e-14,1.16085541e-03,8.26930651e-04,-1.85158752e-06,-4.39080767e-05,-1.53187137e-05
4.43000000e+02,4.21966890e-01,6.11526573e-06,1.65492252e-05,-1.78543504e-06,1.00875239e-03,8.76626119e-04,3.62267724e-01,8.21080031e-06,1.06449109e-05,5.96991648e-02,-2.09553460e-06,5.90431429e-06,-1.52512905e-14,1.07271439e-03,8.95348255e-04,-1.78543503e-06,-6.39620056e-05,-1.87221374e-05
4.44000000e+02,4.21807113e-01,3.96865968e-06,1.82902551e-05,-1.72044603e-06,8.88715339e-04,9.20917000e-04,3.62128415e-01,6.72764897e-06,1.07756204e-05,5.96786973e-02,-2.75898930e-06,7.51463474e-06,-1.75729848e-14,9.71532340e-04,9.45478601e-04,-1.72044601e-06,-8.28170018e-05,-2.45616038e-05
4.45000000e+02,4.21655950e-01,2.77141864e-06,2.07794135e-05,-1.65748824e-06,7.55410776e-04,9.48762779e-04,3.61996501e-01,5.89490186e-06,1.12755188e-05,5.96594482e-02,-3.12348323e-06,9.50389464e-06,-1.99409222e-14,8.57158441e-04,9.79758285e-04,-1.65748822e-06,-1.01747661e-04,-3.09955089e-05
4.46000000e+02,4.21506397e-01,4.66968853e-07,2.22281742e-05,-1.59737888e-06,6.14755621e-04,9.56764645e-04,3.61866738e-01,4.49307890e-06,1.12262027e-05,5.96396596e-02,-4.02611003e-06,1.10019715e-05,-2.23025425e-14,7.33750747e-04,9.96172279e-04,-1.59737886e-06,-1.18995124e-04,-3.94076352e-05
4.47000000e+02,4.21368916e-01,-7.22844880e-07,2.43645860e-05,-1.54081940e-06,4.65869297e-04,9.49635539e-04,3.61747890e-01,3.89889244e-06,1.15666244e-05,5.96210271e-02,-4.62173732e-06,1.27979617e-05,-2.38127499e-14,6.01673068e-04,9.97704881e-04,-1.54081938e-06,-1.35803769e-04,-4.80693407e-05
4.48000000e+02,4.21235894e-01,-3.25256257e-06,2.51271625e-05,-1.48823469e-06,3.14874434e-04,9.23630682e-04,3.61634141e-01,2.47179620e-06,1.10646638e-05,5.96017532e-02,-5.72435876e-06,1.40624987e-05,-2.44554842e-14,4.65440165e-04,9.81994039e-04,-1.48823467e-06,-1.50565731e-04,-5.83633547e-05
4.49000000e+02,4.21116441e-01,-4.50781005e-06,2.66438167e-05,-1.44008540e-06,1.60325244e-04,8.84598754e-04,3.61532889e-01,1.97975386e-06,1.10300457e-05,5.95835518e-02,-6.48756389e-06,1.56137710e-05,-2.42633417e-14,3.24949006e-04,9.53170251e-04,-1.44008537e-06,-1.64623762e-04,-6.85714935e-05
4.50000000e+02,4.21001971e-01,-6.74877173e-06,2.71039932e-05,-1.39650353e-06,7.72424627e-06,8.29397068e-04,3.61437369e-01,9.51781224e-07,1.04723443e-05,5.95646019e-02,-7.70055293e-06,1.66316488e-05,-2.40220267e-14,1.84145647e-04,9.09442785e-04,-1.39650350e-06,-1.76421401e-04,-8.00457172e-05
4.51000000e+02,4.20900647e-01,-7.75133768e-06,2.82505917e-05,-1.35765501e-06,-1.43794440e-04,7.63537017e-04,3.61354044e-01,8.26233979e-07,1.03815335e-05,5.95466040e-02,-8.57757165e-06,1.78690583e-05,-2.40080780e-14,4.34006620e-05,8.54724917e-04,-1.35765498e-06,-1.87195102e-04,-9.11878988e-05
4.52000000e+02,4.20802517e-01,-9.97059667e-06,2.80178309e-05,-1.32345291e-06,-2.88360818e-04,6.83650050e-04,3.61274782e-01,-8.99032587e-08,9.47696006e-06,5.95277347e-02,-9.88069343e-06,1.85408709e-05,-2.42012904e-14,-9.29157529e-05,7.86955201e-04,-1.32345289e-06,-1.95445066e-04,-1.03305150e-04
4.53000000e+02,4.20714435e-01,-1.09202582e-05,2.84219367e-05,-1.29390403e-06,-4.27300955e-04,5.95903921e-04,3.61204694e-01,-1.21864912e-07,8.99321570e-06,5.95097434e-02,-1.07983934e-05,1.94287210e-05,-2.35344336e-14,-2.24846228e-04,7.10621586e-04,-1.29390401e-06,-2.02454727e-04,-1.14717663e-04
4.54000000e+02,4.20625774e-01,-1.27033656e-05,2.77324234e-05,-1.26876687e-06,-5.55344370e-04,4.97919360e-04,3.61134938e-01,-6.19697726e-07,7.97904956e-06,5.94908370e-02,-1.20836678e-05,1.97533739e-05,-2.21075824e-14,-3.48613197e-04,6.24609662e-04,-1.26876685e-06,-2.06731174e-04,-1.26690300e-04
4.55000000e+02,4.20543023e-01,-1.32250535e-05,2.77113242e-05,-1.24788643e-06,-6.73543594e-04,3.95530139e-04,3.61070258e-01,-2.45474358e-07,7.48447276e-06,5.94727660e-02,-1.29795791e-05,2.02268514e-05,-2.28954705e-14,-4.64094419e-04,5.33143130e-04,-1.24788641e-06,-2.09449175e-04,-1.37612989e-04
4.56000000e+02,4.20455389e-01,-1.48432532e-05,2.62606668e-05,-1.23090607e-06,-7.76322045e-04,2.86072666e-04,3.61001625e-01,-6.41734035e-07,6.15468172e-06,5.94537624e-02,-1.42015192e-05,2.01059851e-05,-2.24712977e-14,-5.67113930e-04,4.34719203e-04,-1.23090605e-06,-2.09208115e-04,-1.48646537e-04
4.57000000e+02,4.20369369e-01,-1.51801189e-05,2.54312673e-05,-1.21756339e-06,-8.65581481e-04,1.76124881e-04,3.60933751e-01,-2.08033566e-07,5.28994175e-06,5.94356171e-02,-1.49720853e-05,2.01413256e-05,-2.14622487e-14,-6.58266098e-04,3.34257808e-04,-1.21756337e-06,-2.07315382e-04,-1.58132927e-04
4.58000000e+02,4.20274460e-01,-1.61682257e-05,2.34917020e-05,-1.20740021e-06,-9.36863077e-04,6.39392758e-05,3.60857875e-01,-1.61542338e-07,3.89153638e-06,5.94165863e-02,-1.60066834e-05,1.96001656e-05,-1.99731100e-14,-7.34406864e-04,2.31159952e-04,-1.20740019e-06,-2.02456210e-04,-1.67220676e-04
4.59000000e+02,4.20177704e-01,-1.58935280e-05,2.21758525e-05,-1.20006483e-06,-9.92245839e-04,-4.46133460e-05,3.60779245e-01,6.80158522e-07,2.99469367e-06,5.93984576e-02,-1.65736865e-05,1.91811588e-05,-1.87098506e-14,-7.96302515e-04,1.29749478e-04,-1.20006481e-06,-1.95943320e-04,-1.74362824e-04
4.60000000e+02,4.20068832e-01,-1.65354761e-05,1.95934068e-05,-1.19506504e-06,-1.02787038e-03,-1.51812883e-04,3.60689329e-01,8.31302444e-07,1.40004448e-06,5.93795019e-02,-1.73667785e-05,1.81933624e-05,-1.94958108e-14,-8.41242135e-04,2.88958606e-05,-1.19506502e-06,-1.86628248e-04,-1.80708743e-04
4.61000000e+02,4.19955541e-01,-1.57991903e-05,1.77462312e-05,-1.19203303e-06,-1.04705558e-03,-2.51428966e-04,3.60593991e-01,1.84290487e-06,3.76305596e-07,5.93615499e-02,-1.76420952e-05,1.73699256e-05,-2.07330394e-14,-8.71065704e-04,-6.66732155e-05,-1.19203301e-06,-1.75989877e-04,-1.84755751e-04
4.62000000e+02,4.19828895e-01,-1.56425030e-05,1.48709128e-05,-1.19047320e-06,-1.04672019e-03,-3.45670029e-04,3.60486010e-01,2.46403235e-06,-1.17162226e-06,5.93428860e-02,-1.81065353e-05,1.60425351e-05,-2.36575514e-14,-8.83693227e-04,-1.57929659e-04,-1.19047317e-06,-1.63026968e-04,-1.87740370e-04
4.63000000e+02,4.19697522e-01,-1.42418752e-05,1.27479491e-05,-1.18995220e-06,-1.03063556e-03,-4.29630340e-04,3.60372263e-01,3.81832919e-06,-2.13814180e-06,5.93252604e-02,-1.80602044e-05,1.48860909e-05,-2.69089355e-14,-8.81479677e-04,-2.41317093e-04,-1.18995218e-06,-1.49155889e-04,-1.88313247e-04
4.64000000e+02,4.19552836e-01,-1.36669642e-05,9.53863191e-06,-1.19010850e-06,-9.96263541e-04,-5.06116332e-04,3.60245844e-01,4.53118314e-06,-3.73496289e-06,5.93069913e-02,-1.81981473e-05,1.32735948e-05,-3.03980857e-14,-8.62719625e-04,-3.18336886e-04,-1.19010848e-06,-1.33543919e-04,-1.87779444e-04
4.65000000e+02,4.19404303e-01,-1.18654935e-05,7.13294739e-06,-1.19054880e-06,-9.48282525e-04,-5.70435348e-04,3.60114456e-01,5.95196058e-06,-4.78328154e-06,5.92898457e-02,-1.78174541e-05,1.19162289e-05,-3.48763188e-14,-8.30574214e-04,-3.85579499e-04,-1.19054877e-06,-1.17708312e-04,-1.84855852e-04
4.66000000e+02,4.19244273e-01,-1.08309130e-05,4.00407721e-06,-1.19094597e-06,-8.85347247e-04,-6.25758287e-04,3.59972156e-01,6.78308611e-06,-6.18116285e-06,5.92721155e-02,-1.76139991e-05,1.01852401e-05,-3.93989184e-14,-7.84519834e-04,-4.44842590e-04,-1.19094594e-06,-1.00827413e-04,-1.80915697e-04
4.67000000e+02,4.19082866e-01,-8.70456686e-06,1.79577600e-06,-1.19095274e-06,-8.12171397e-04,-6.68286393e-04,3.59827340e-01,8.22818733e-06,-6.94038037e-06,5.92555267e-02,-1.69327542e-05,8.73615637e-06,-4.33909425e-14,-7.27876308e-04,-4.93471346e-04,-1.19095270e-06,-8.42950888e-05,-1.74815047e-04
4.68000000e+02,4.18912255e-01,-7.66383330e-06,-1.26436166e-06,-1.19035066e-06,-7.27239871e-04,-7.02017674e-04,3.59673902e-01,8.79281010e-06,-8.23019054e-06,5.92383527e-02,-1.64566434e-05,6.96582888e-06,-4.80614422e-14,-6.59919029e-04,-5.34058815e-04,-1.19035061e-06,-6.73208436e-05,-1.67958859e-04
4.69000000e+02,4.18742710e-01,-5.71018681e-06,-3.27917818e-06,-1.18893074e-06,-6.35901546e-04,-7.23126480e-04,3.59520388e-01,9.80109952e-06,-8.83449151e-06,5.92223229e-02,-1.55112863e-05,5.55531332e-06,-5.31261495e-14,-5.84573469e-04,-5.63925061e-04,-1.18893068e-06,-5.13280786e-05,-1.59201421e-04
4.70000000e+02,4.18566789e-01,-4.62110529e-06,-5.74601165e-06,-1.18654373e-06,-5.37412679e-04,-7.34930538e-04,3.59361112e-01,1.01682682e-05,-9.64650190e-06,5.92056761e-02,-1.47893735e-05,3.90049025e-06,-5.83291006e-14,-5.01941099e-04,-5.84943490e-04,-1.18654367e-06,-3.54715791e-05,-1.49987047e-04
4.71000000e+02,4.18394497e-01,-2.66489233e-06,-7.07841172e-06,-1.18302623e-06,-4.36606316e-04,-7.34251493e-04,3.59204388e-01,1.09880936e-05,-9.69011281e-06,5.91901093e-02,-1.36529859e-05,2.61170110e-06,-6.25687346e-14,-4.15624820e-04,-5.94996721e-04,-1.18302617e-06,-2.09814961e-05,-1.39254770e-04
4.72000000e+02,4.18217797e-01,-1.87518900e-06,-9.06878516e-06,-1.17831259e-06,-3.31943571e-04,-7.25202866e-04,3.59043918e-01,1.08986390e-05,-1.01793165e-05,5.91738772e-02,-1.27738280e-05,1.11053129e-06,-6.68991975e-14,-3.24935964e-04,-5.96781773e-04,-1.17831252e-06,-7.00760732e-06,-1.28421089e-04
4.73000000e+02,4.18046077e-01,-1.88224812e-07,-9.86873255e-06,-1.17230683e-06,-2.28588412e-04,-7.04475469e-04,3.58887386e-01,1.13089742e-05,-9.90154308e-06,5.91586912e-02,-1.14971990e-05,3.28105223e-08,-7.06831332e-14,-2.33818840e-04,-5.88086044e-04,-1.17230676e-06,5.23042815e-06,-1.16389421e-04
4.74000000e+02,4.17870790e-01,6.43166053e-07,-1.10320792e-05,-1.16496931e-06,-1.25293759e-04,-6.75880083e-04,3.58727995e-01,1.11488465e-05,-9.81822822e-06,5.91427961e-02,-1.05056805e-05,-1.21385102e-06,-7.34810536e-14,-1.41943585e-04,-5.71298826e-04,-1.16496923e-06,1.66498267e-05,-1.04581260e-04
4.75000000e+02,4.17700961e-01,2.22753069e-06,-1.10653359e-05,-1.15621877e-06,-2.64939104e-05,-6.37022024e-04,3.58573072e-01,1.13941096e-05,-9.01578839e-06,5.91278871e-02,-9.16657892e-06,-2.04954751e-06,-7.37492089e-14,-5.26747792e-05,-5.45097146e-04,-1.15621870e-06,2.61808689e-05,-9.19248751e-05
4.76000000e+02,4.17527513e-01,2.74007185e-06,-1.17824985e-05,-1.14605617e-06,6.97828324e-05,-5.92055273e-04,3.58415285e-01,1.08804263e-05,-8.74192964e-06,5.91122273e-02,-8.14035452e-06,-3.04056886e-06,-7.55175279e-14,3.50598034e-05,-5.12252553e-04,-1.14605609e-06,3.47230292e-05,-7.98027174e-05
4.77000000e+02,4.17358968e-01,4.12180021e-06,-1.13717349e-05,-1.13446092e-06,1.58749221e-04,-5.38301482e-04,3.58261435e-01,1.09075803e-05,-7.78407215e-06,5.90975334e-02,-6.78578010e-06,-3.58766273e-06,-7.51777090e-14,1.17552206e-04,-4.71177517e-04,-1.13446085e-06,4.11970148e-05,-6.71239638e-05
4.78000000e+02,4.17186038e-01,4.62722512e-06,-1.13823939e-05,-1.12143308e-06,2.41980944e-04,-4.79956803e-04,3.58103969e-01,1.03928419e-05,-7.12394400e-06,5.90820701e-02,-5.76561675e-06,-4.25844991e-06,-7.44017101e-14,1.95430548e-04,-4.24696854e-04,-1.12143300e-06,4.65503958e-05,-5.52599496e-05
4.79000000e+02,4.17017041e-01,5.91744915e-06,-1.04465964e-05,-1.10701829e-06,3.15626349e-04,-4.14974088e-04,3.57949482e-01,1.03837973e-05,-5.93603964e-06,5.90675602e-02,-4.46634813e-06,-4.51055675e-06,-7.41430876e-14,2.65805199e-04,-3.71791600e-04,-1.10701822e-06,4.98211501e-05,-4.31824890e-05
4.80000000e+02,4.16842723e-01,6.08725048e-06,-1.01835434e-05,-1.09119765e-06,3.81667961e-04,-3.48007784e-04,3.57790464e-01,9.61911833e-06,-5.29083494e-06,5.90522603e-02,-3.53186787e-06,-4.89270849e-06,-7.41179360e-14,3.29687843e-04,-3.15798387e-04,-1.09119757e-06,5.19801188e-05,-3.22093966e-05
4.81000000e+02,4.16671205e-01,7.01436684e-06,-8.95613513e-06,-1.07408809e-06,4.36241831e-04,-2.76716643e-04,3.57633265e-01,9.34519430e-06,-4.12073849e-06,5.90379391e-02,-2.33082745e-06,-4.83539664e-06,-7.36977591e-14,3.84194885e-04,-2.55444198e-04,-1.07408802e-06,5.20469453e-05,-2.12724453e-05
4.82000000e+02,4.16493389e-01,7.07358851e-06,-8.29142823e-06,-1.05575071e-06,4.81282459e-04,-2.05425150e-04,3.57470505e-01,8.58583000e-06,-3.39784992e-06,5.90228827e-02,-1.51224148e-06,-4.89357830e-06,-7.43067317e-14,4.30248423e-04,-1.93720943e-04,-1.05575064e-06,5.10340364e-05,-1.17042069e-05
4.83000000e+02,4.16318032e-01,7.79546538e-06,-6.73087808e-06,-1.03627076e-06,5.13502288e-04,-1.32448064e-04,3.57309230e-01,8.27208892e-06,-2.17237917e-06,5.90088008e-02,-4.76623567e-07,-4.55849890e-06,-7.54518146e-14,4.65363354e-04,-1.29981035e-04,-1.03627068e-06,4.81389361e-05,-2.46702887e-06
4.84000000e+02,4.16136142e-01,7.33668325e-06,-5.96905550e-06,-1.01575816e-06,5.35790745e-04,-6.23897135e-05,3.57142147e-01,7.18199911e-06,-1.60418405e-06,5.89939965e-02,1.54684142e-07,-4.36487145e-06,-7.58214890e-14,4.91415288e-04,-6.75600431e-05,-1.01575809e-06,4.43754587e-05,5.17032963e-06
4.85000000e+02,4.15956377e-01,7.61252328e-06,-4.33908794e-06,-9.94387076e-07,5.44892183e-04,6.92910308e-06,3.56976141e-01,6.61157657e-06,-5.61976101e-07,5.89802356e-02,1.00094672e-06,-3.77711185e-06,-7.61744024e-14,5.05962007e-04,-5.37096044e-06,-9.94387003e-07,3.89301750e-05,1.23000635e-05
4.86000000e+02,4.15770520e-01,7.00994604e-06,-3.39678419e-06,-9.72236469e-07,5.43693290e-04,7.12815640e-05,3.56804729e-01,5.58071811e-06,-6.24656830e-08,5.89657891e-02,1.42922795e-06,-3.33431851e-06,-7.68091237e-14,5.10821124e-04,5.36104336e-05,-9.72236391e-07,3.28721660e-05,1.76711305e-05
4.87000000e+02,4.15587662e-01,6.98054957e-06,-1.60795432e-06,-9.49501065e-07,5.29934799e-04,1.32383153e-04,3.56635286e-01,4.94055417e-06,9.56933764e-07,5.89523760e-02,2.03999540e-06,-2.56488808e-06,-7.78548253e-14,5.04402819e-04,1.10000068e-04,-9.49500987e-07,2.55319831e-05,2.23830853e-05
4.88000000e+02,4.15399489e-01,5.87234450e-06,-7.48123066e-07,-9.26319131e-07,5.07285260e-04,1.86042805e-04,3.56461196e-01,3.64567715e-06,1.23498059e-06,5.89382937e-02,2.22666734e-06,-1.98310366e-06,-8.03068869e-14,4.89327494e-04,1.60779579e-04,-9.26319048e-07,1.79577630e-05,2.52632262e-05
4.89000000e+02,4.15215079e-01,5.44605552e-06,8.65172606e-07,-9.02865306e-07,4.73435762e-04,2.34664413e-04,3.56289803e-01,2.83845977e-06,1.95188045e-06,5.89252762e-02,2.60759576e-06,-1.08670784e-06,-8.11703058e-14,4.63990494e-04,2.07168216e-04,-9.02865228e-07,9.44526871e-06,2.74961962e-05
4.90000000e+02,4.15026316e-01,4.25539493e-06,1.69707752e-06,-8.79290559e-07,4.32198085e-04,2.74929875e-04,3.56114685e-01,1.68915207e-06,2.09718319e-06,5.89116293e-02,2.56624286e-06,-4.00105674e-07,-8.29095157e-14,4.31124180e-04,2.46995407e-04,-8.79290477e-07,1.07390591e-06,2.79344678e-05
4.91000000e+02,4.14842827e-01,3.65451803e-06,3.16541768e-06,-8.55775783e-07,3.82074288e-04,3.08883398e-04,3.55943773e-01,9.40441422e-07,2.63393009e-06,5.88990545e-02,2.71407660e-06,5.31487600e-07,-8.44292420e-14,3.89860634e-04,2.81107479e-04,-8.55775700e-07,-7.78634662e-06,2.77759190e-05
4.92000000e+02,4.14656250e-01,2.19335225e-06,3.65072116e-06,-8.32456247e-07,3.27002148e-04,3.33267838e-04,3.55770432e-01,-2.58466593e-07,2.43889465e-06,5.88858196e-02,2.45181884e-06,1.21182651e-06,-8.50751311e-14,3.43118514e-04,3.07333396e-04,-8.32456165e-07,-1.61163661e-05,2.59344415e-05
4.93000000e+02,4.14475765e-01,1.45356762e-06,4.75372054e-06,-8.09553305e-07,2.65324497e-04,3.50681934e-04,3.55602125e-01,-9.37638038e-07,2.63432697e-06,5.88736397e-02,2.39120566e-06,2.11939359e-06,-8.52868764e-14,2.89917356e-04,3.27034227e-04,-8.09553218e-07,-2.45928595e-05,2.36477068e-05
4.94000000e+02,4.14293215e-01,-1.14614428e-07,4.99231956e-06,-7.87212261e-07,2.00780732e-04,3.57902064e-04,3.55432422e-01,-2.05859451e-06,2.22925126e-06,5.88607910e-02,1.94398008e-06,2.76306829e-06,-8.68412725e-14,2.33015037e-04,3.38020460e-04,-7.87212173e-07,-3.22343044e-05,1.98816038e-05
4.95000000e+02,4.14117916e-01,-1.02139397e-06,5.87632915e-06,-7.65568264e-07,1.31828860e-04,3.57650882e-04,3.55268975e-01,-2.73668360e-06,2.30438497e-06,5.88489406e-02,1.71528963e-06,3.57194416e-06,-8.84388996e-14,1.71483176e-04,3.41760799e-04,-7.65568172e-07,-3.96543148e-05,1.58900822e-05
4.96000000e+02,4.13941142e-01,-2.74763681e-06,5.76881022e-06,-7.44736845e-07,6.26757080e-05,3.47225336e-04,3.55104762e-01,-3.86527690e-06,1.68595296e-06,5.88363822e-02,1.11764009e-06,4.08285725e-06,-9.06661186e-14,1.08627414e-04,3.36568401e-04,-7.44736757e-07,-4.59517068e-05,1.06569341e-05
4.97000000e+02,4.13771542e-01,-3.83002604e-06,6.32506579e-06,-7.24845941e-07,-8.45630393e-06,3.29749555e-04,3.54946724e-01,-4.59417171e-06,1.57014374e-06,5.88248185e-02,7.64145661e-07,4.75492204e-06,-9.28160593e-14,4.33681638e-05,3.24282377e-04,-7.24845849e-07,-5.18244680e-05,5.46717738e-06
4.98000000e+02,4.13600282e-01,-5.66603405e-06,6.04495762e-06,-7.05934442e-07,-7.77047075e-05,3.03057035e-04,3.54787761e-01,-5.74943722e-06,9.21042329e-07,5.88125207e-02,8.34031702e-08,5.12391526e-06,-9.62816503e-14,-2.13067074e-05,3.03701204e-04,-7.05934345e-07,-5.63979998e-05,-6.44168680e-07
4.99000000e+02,4.13435887e-01,-6.68575931e-06,6.44035090e-06,-6.88050413e-07,-1.46500172e-04,2.70950356e-04,3.54634715e-01,-6.34939664e-06,8.30102805e-07,5.88011707e-02,-3.36362663e-07,5.61024806e-06,-9.97545061e-14,-8.61625829e-05,2.77381993e-04,-6.88050311e-07,-6.03375893e-05,-6.43163662e-06
5.00000000e+02,4.13269178e-01,-8.46345947e-06,5.84821929e-06,-6.71193095e-07,-2.10813268e-04,2.31246561e-04,3.54480126e-01,-7.40348526e-06,6.97317284e-08,5.87890526e-02,-1.05997420e-06,5.77848754e-06,-1.04804365e-13,-1.47963327e-04,2.44102985e-04,-6.71192988e-07,-6.28499401e-05,-1.28564242e-05
5.01000000e+02,4.13108184e-01,-9.43489649e-06,5.99598099e-06,-6.55378064e-07,-2.72665690e-04,1.87942249e-04,3.54330302e-01,-7.95075463e-06,-7.00200876e-08,5.87778807e-02,-1.48414183e-06,6.06600105e-06,-1.10721995e-13,-2.08001493e-04,2.06582619e-04,-6.55377952e-07,-6.46641973e-05,-1.86403702e-05
5.02000000e+02,4.12943575e-01,-1.08272462e-05,5.30574252e-06,-6.40561637e-07,-3.28301044e-04,1.39722329e-04,3.54177632e-01,-8.65102720e-06,-7.42544094e-07,5.87659420e-02,-2.17621892e-06,6.04828663e-06,-1.16047136e-13,-2.63260658e-04,1.64478007e-04,-6.40561525e-07,-6.50403856e-05,-2.47556782e-05
5.03000000e+02,4.12783507e-01,-1.12638156e-05,5.31051838e-06,-6.26695632e-07,-3.79529411e-04,9.03436983e-05,3.54028574e-01,-8.70659261e-06,-8.16554736e-07,5.87549339e-02,-2.55722298e-06,6.12707309e-06,-1.20486067e-13,-3.14846200e-04,1.20329424e-04,-6.26695510e-07,-6.46832104e-05,-2.99857255e-05
5.04000000e+02,4.12618587e-01,-1.23137251e-05,4.41324683e-06,-6.13712478e-07,-4.22901874e-04,3.77893984e-05,3.53875439e-01,-9.12402825e-06,-1.47478498e-06,5.87431485e-02,-3.18969689e-06,5.88803182e-06,-1.24525121e-13,-3.60009275e-04,7.31010250e-05,-6.13712351e-07,-6.28925987e-05,-3.53116264e-05
5.05000000e+02,4.12456675e-01,-1.24270023e-05,4.11987628e-06,-6.01564843e-07,-4.60444902e-04,-1.39232541e-05,3.53724362e-01,-8.94755645e-06,-1.64957720e-06,5.87323146e-02,-3.47944585e-06,5.76945349e-06,-1.28124721e-13,-3.99972658e-04,2.55866701e-05,-6.01564717e-07,-6.04722434e-05,-3.95099242e-05
5.06000000e+02,4.12288702e-01,-1.28703376e-05,3.11535475e-06,-5.90157961e-07,-4.89389992e-04,-6.62187796e-05,3.53567973e-01,-8.88754663e-06,-2.25130720e-06,5.87207284e-02,-3.98279098e-06,5.36666197e-06,-1.31362041e-13,-4.32614179e-04,-2.26466865e-05,-5.90157829e-07,-5.67758118e-05,-4.35720931e-05
5.07000000e+02,4.12123089e-01,-1.22856121e-05,2.83207439e-06,-5.79409242e-07,-5.11902305e-04,-1.15493925e-04,3.53412992e-01,-8.13732974e-06,-2.23243983e-06,5.87100965e-02,-4.14828239e-06,5.06451421e-06,-1.34619615e-13,-4.59386316e-04,-6.91132156e-05,-5.79409106e-07,-5.25159865e-05,-4.63807094e-05
5.08000000e+02,4.11950751e-01,-1.22778585e-05,1.62892536e-06,-5.69233430e-07,-5.24863692e-04,-1.63988993e-04,3.53252026e-01,-7.75202464e-06,-2.84698981e-06,5.86987242e-02,-4.52583391e-06,4.47591515e-06,-1.37705599e-13,-4.77761516e-04,-1.15048022e-04,-5.69233294e-07,-4.71021791e-05,-4.89409707e-05
5.09000000e+02,4.11780101e-01,-1.13892965e-05,9.77397330e-07,-5.59571159e-07,-5.30886991e-04,-2.08021004e-04,3.53091762e-01,-6.85111242e-06,-3.05116153e-06,5.86883374e-02,-4.53818413e-06,4.02855885e-06,-1.40692986e-13,-4.89533167e-04,-1.57888267e-04,-5.59571018e-07,-4.13538265e-05,-5.01327368e-05
5.10000000e+02,4.11602421e-01,-1.07919973e-05,-2.86944712e-07,-5.50320978e-07,-5.28072193e-04,-2.49271807e-04,3.52925196e-01,-6.04887897e-06,-3.62398610e-06,5.86772269e-02,-4.74311833e-06,3.33704139e-06,-1.43060043e-13,-4.93373732e-04,-1.98267912e-04,-5.50320837e-07,-3.46984608e-05,-5.10038950e-05
5.11000000e+02,4.11426713e-01,-9.26397661e-06,-8.80225699e-07,-5.41414796e-07,-5.18854642e-04,-2.84751096e-04,3.52759595e-01,-4.65908395e-06,-3.65478427e-06,5.86671186e-02,-4.60489266e-06,2.77455857e-06,-1.45351063e-13,-4.90992728e-04,-2.34216912e-04,-5.41414650e-07,-2.78619160e-05,-5.05341842e-05
5.12000000e+02,4.11244369e-01,-8.43284963e-06,-2.31939306e-06,-5.32779835e-07,-5.00993104e-04,-3.17134636e-04,3.52588061e-01,-3.76286800e-06,-4.29413917e-06,5.86563077e-02,-4.66998163e-06,1.97474614e-06,-1.47418081e-13,-4.80677232e-04,-2.67352948e-04,-5.32779689e-07,-2.03158708e-05,-4.97816884e-05
5.13000000e+02,4.11064086e-01,-6.85027961e-06,-3.13171121e-06,-5.24377311e-07,-4.77710323e-04,-3.43167880e-04,3.52417568e-01,-2.47605860e-06,-4.48355661e-06,5.86465188e-02,-4.37422100e-06,1.35184538e-06,-1.47905352e-13,-4.64838935e-04,-2.95467912e-04,-5.24377166e-07,-1.28713876e-05,-4.76999676e-05
5.14000000e+02,4.10877587e-01,-5.59553566e-06,-4.35480611e-06,-5.16134691e-07,-4.47939068e-04,-3.64604176e-04,3.52241533e-01,-1.32001050e-06,-4.88417727e-06,5.86360522e-02,-4.27552515e-06,5.29371150e-07,-1.50041065e-13,-4.42954938e-04,-3.19216670e-04,-5.16134541e-07,-4.98413055e-06,-4.53875068e-05
5.15000000e+02,4.10694114e-01,-3.55965821e-06,-4.91385759e-06,-5.07997052e-07,-4.14347305e-04,-3.78921465e-04,3.52067499e-01,2.90955477e-07,-4.79009245e-06,5.86266162e-02,-3.85061369e-06,-1.23765147e-07,-1.49686321e-13,-4.16983441e-04,-3.37036893e-04,-5.07996902e-07,2.63613618e-06,-4.18845721e-05
5.16000000e+02,4.10505250e-01,-2.30365573e-06,-6.16026468e-06,-4.99921435e-07,-3.75204425e-04,-3.88815270e-04,3.51888740e-01,1.33401595e-06,-5.19881196e-06,5.86165106e-02,-3.63767168e-06,-9.61452710e-07,-1.50229699e-13,-3.85705127e-04,-3.50536605e-04,-4.99921284e-07,1.05007012e-05,-3.82786650e-05
5.17000000e+02,4.10319933e-01,-2.94918209e-07,-6.57771778e-06,-4.91900064e-07,-3.34085765e-04,-3.91251708e-04,3.51712494e-01,2.79916786e-06,-4.98419414e-06,5.86074403e-02,-3.09408607e-06,-1.59352364e-06,-1.51669974e-13,-3.51946950e-04,-3.57653220e-04,-4.91899913e-07,1.78611851e-05,-3.35984879e-05
5.18000000e+02,4.10129959e-01,1.32291818e-06,-7.39351671e-06,-4.83898738e-07,-2.89589913e-04,-3.88484458e-04,3.51532275e-01,4.08757923e-06,-5.01620147e-06,5.85976856e-02,-2.76466104e-06,-2.37731525e-06,-1.53651295e-13,-3.14827269e-04,-3.59526375e-04,-4.83898584e-07,2.52373565e-05,-2.89580825e-05
5.19000000e+02,4.09944374e-01,3.66551189e-06,-7.51438611e-06,-4.75902495e-07,-2.44397056e-04,-3.78463470e-04,3.51355428e-01,5.81367678e-06,-4.55522751e-06,5.85889444e-02,-2.14816489e-06,-2.95915861e-06,-1.56091327e-13,-2.76370325e-04,-3.55000310e-04,-4.75902339e-07,3.19732692e-05,-2.34631597e-05
5.20000000e+02,4.09754661e-01,5.15460248e-06,-8.20678489e-06,-4.67888799e-07,-1.96856839e-04,-3.64416398e-04,3.51175162e-01,6.91980171e-06,-4.51823470e-06,5.85795014e-02,-1.76519923e-06,-3.68855021e-06,-1.59280763e-13,-2.35449030e-04,-3.46233434e-04,-4.67888639e-07,3.85921910e-05,-1.81829640e-05
5.21000000e+02,4.09569586e-01,7.33015346e-06,-8.16464904e-06,-4.59876464e-07,-1.50085967e-04,-3.43692136e-04,3.50998517e-01,8.42039757e-06,-3.97805016e-06,5.85710683e-02,-1.09024412e-06,-4.18659888e-06,-1.62014881e-13,-1.94479098e-04,-3.31512202e-04,-4.59876302e-07,4.43931310e-05,-1.21799342e-05
5.22000000e+02,4.09380570e-01,9.04506668e-06,-8.51930580e-06,-4.51840002e-07,-1.02785613e-04,-3.18911893e-04,3.50818652e-01,9.69973080e-06,-3.72117075e-06,5.85619166e-02,-6.54664146e-07,-4.79813504e-06,-1.63956244e-13,-1.52692344e-04,-3.12367798e-04,-4.51839838e-07,4.99067309e-05,-6.54409582e-06
5.23000000e+02,4.09196436e-01,1.14414753e-05,-8.25216673e-06,-4.43769839e-07,-5.73127785e-05,-2.88338806e-04,3.50642675e-01,1.14086645e-05,-3.05875604e-06,5.85537593e-02,3.28108026e-08,-5.19341068e-06,-1.65603080e-13,-1.11862382e-04,-2.87953336e-04,-4.43769674e-07,5.45496038e-05,-3.85469229e-07
5.24000000e+02,4.09008096e-01,1.29215994e-05,-8.63127715e-06,-4.35665253e-07,-1.19645276e-05,-2.55507154e-04,3.50463243e-01,1.24632001e-05,-2.92718908e-06,5.85448520e-02,4.58399359e-07,-5.70408806e-06,-1.68106539e-13,-7.08116406e-05,-2.60750410e-04,-4.35665084e-07,5.88471130e-05,5.24325599e-06
5.25000000e+02,4.08824293e-01,1.49659934e-05,-8.37327102e-06,-4.27546476e-07,3.04816607e-05,-2.18185521e-04,3.50287337e-01,1.38188452e-05,-2.39392407e-06,5.85369542e-02,1.14714813e-06,-5.97934695e-06,-1.69382619e-13,-3.16954347e-05,-2.29478868e-04,-4.27546307e-07,6.21770953e-05,1.12933464e-05
5.26000000e+02,4.08636315e-01,1.65325613e-05,-8.64772772e-06,-4.19389017e-07,7.14288433e-05,-1.79094154e-04,3.50107989e-01,1.49634688e-05,-2.30708165e-06,5.85283278e-02,1.56909257e-06,-6.34064604e-06,-1.72481723e-13,6.36055321e-06,-1.95778368e-04,-4.19388845e-07,6.50682901e-05,1.66842139e-05
5.27000000e+02,4.08452920e-01,1.85921181e-05,-8.26637365e-06,-4.11198934e-07,1.08406797e-04,-1.37000344e-04,3.49932235e-01,1.63799512e-05,-1.77803629e-06,5.85206863e-02,2.21216684e-06,-6.48833736e-06,-1.74956074e-13,4.13886806e-05,-1.59322655e-04,-4.11198759e-07,6.70181167e-05,2.23223106e-05
5.28000000e+02,4.08264904e-01,1.96408617e-05,-8.71017336e-06,-4.02977605e-07,1.43585371e-04,-9.54191195e-05,3.49752617e-01,1.70651608e-05,-1.97434891e-06,5.85122855e-02,2.57570100e-06,-6.73582446e-06,-1.76074281e-13,7.50259611e-05,-1.22612172e-04,-4.02977429e-07,6.85594101e-05,2.71930523e-05
5.29000000e+02,4.08081003e-01,2.11880091e-05,-8.59295007e-06,-3.94756989e-07,1.74205091e-04,-5.20946044e-05,3.49576108e-01,1.80166832e-05,-1.84181006e-06,5.85048939e-02,3.17132586e-06,-6.75114002e-06,-1.77441339e-13,1.05076175e-04,-8.43436233e-05,-3.94756812e-07,6.91289156e-05,3.22490191e-05
5.30000000e+02,4.07892523e-01,2.20388815e-05,-8.92870378e-06,-3.86513847e-07,2.01467055e-04,-1.00352105e-05,3.49395771e-01,1.85532578e-05,-2.08329858e-06,5.84967537e-02,3.48562371e-06,-6.84540520e-06,-1.80130245e-13,1.32182460e-04,-4.64904336e-05,-3.86513667e-07,6.92845952e-05,3.64552231e-05
5.31000000e+02,4.07708265e-01,2.33094656e-05,-8.59583185e-06,-3.78260667e-07,2.23228936e-04,3.23940923e-05,3.49218650e-01,1.93047085e-05,-1.85553625e-06,5.84896141e-02,4.00475704e-06,-6.74029560e-06,-1.82761743e-13,1.54641401e-04,-8.34713330e-06,-3.78260484e-07,6.85875353e-05,4.07412256e-05
5.32000000e+02,4.07519268e-01,2.35285854e-05,-9.02959473e-06,-3.69999015e-07,2.41671281e-04,7.17676405e-05,3.49037543e-01,1.92912039e-05,-2.29381840e-06,5.84817245e-02,4.23738146e-06,-6.73577634e-06,-1.85439182e-13,1.74089368e-04,2.76437873e-05,-3.69998829e-07,6.75819131e-05,4.41238531e-05
5.33000000e+02,4.07334395e-01,2.41798869e-05,-8.84283884e-06,-3.61745724e-07,2.54277619e-04,1.10454435e-04,3.48859536e-01,1.95033795e-05,-2.32224997e-06,5.84748576e-02,4.67650742e-06,-6.52058885e-06,-1.89366725e-13,1.88503248e-04,6.29109471e-05,-3.61745535e-07,6.57743716e-05,4.75434881e-05
5.34000000e+02,4.07145102e-01,2.41170576e-05,-8.98435474e-06,-3.53485596e-07,2.62481687e-04,1.45675576e-04,3.48677853e-01,1.92780878e-05,-2.59325413e-06,5.84672509e-02,4.83896980e-06,-6.39110062e-06,-1.92311980e-13,1.98783632e-04,9.56335573e-05,-3.53485404e-07,6.36980553e-05,5.00420182e-05
5.35000000e+02,4.06960299e-01,2.45635239e-05,-8.43496715e-06,-3.45227528e-07,2.64371727e-04,1.79496724e-04,3.48499641e-01,1.93785402e-05,-2.34510419e-06,5.84606567e-02,5.18498372e-06,-6.08986297e-06,-1.94457484e-13,2.03359323e-04,1.26981541e-04,-3.45227334e-07,6.10124045e-05,5.25151831e-05
5.36000000e+02,4.06771100e-01,2.39778426e-05,-8.56674812e-06,-3.36964826e-07,2.62675577e-04,2.08580358e-04,3.48317781e-01,1.87307100e-05,-2.65999029e-06,5.84533172e-02,5.24713268e-06,-5.90675781e-06,-1.96618077e-13,2.04434734e-04,1.54539522e-04,-3.36964630e-07,5.82408427e-05,5.40408368e-05
5.37000000e+02,4.06586503e-01,2.38760431e-05,-8.01878529e-06,-3.28712738e-07,2.55157943e-04,2.35636009e-04,3.48139494e-01,1.83641298e-05,-2.47834829e-06,5.84470090e-02,5.51191334e-06,-5.54043698e-06,-1.99959850e-13,2.00226983e-04,1.80050705e-04,-3.28712538e-07,5.49309600e-05,5.55853033e-05
5.38000000e+02,4.06397965e-01,2.33484038e-05,-7.80533796e-06,-3.20450604e-07,2.43618066e-04,2.58712867e-04,3.47957998e-01,1.78514874e-05,-2.52176627e-06,5.84399663e-02,5.49691637e-06,-5.28357170e-06,-2.02409434e-13,1.91990716e-04,2.02523929e-04,-3.20450401e-07,5.16273494e-05,5.61889374e-05
5.39000000e+02,4.06214492e-01,2.33335469e-05,-6.93518734e-06,-3.12185269e-07,2.26610371e-04,2.79493712e-04,3.47780544e-01,1.76682679e-05,-2.04980567e-06,5.84339464e-02,5.66527905e-06,-4.88538169e-06,-2.03751815e-13,1.78636313e-04,2.22694415e-04,-3.12185065e-07,4.79740586e-05,5.67992969e-05
5.40000000e+02,4.06027230e-01,2.24211815e-05,-6.74543899e-06,-3.03909139e-07,2.06791124e-04,2.95355530e-04,3.47600040e-01,1.68626816e-05,-2.11953311e-06,5.84271912e-02,5.55849987e-06,-4.62590586e-06,-2.04634379e-13,1.62291705e-04,2.38866161e-04,-3.03908934e-07,4.44994200e-05,5.64893694e-05
5.41000000e+02,4.05845150e-01,2.22252535e-05,-5.96705960e-06,-2.95651560e-07,1.82354906e-04,3.09037725e-04,3.47423677e-01,1.65782708e-05,-1.75602380e-06,5.84214735e-02,5.64698267e-06,-4.21103583e-06,-2.06548131e-13,1.41601224e-04,2.52800666e-04,-2.95651353e-07,4.07536821e-05,5.62370585e-05
5.42000000e+02,4.05659810e-01,2.15540237e-05,-5.44269041e-06,-2.87395684e-07,1.55029475e-04,3.18412492e-04,3.47244786e-01,1.60830318e-05,-1.51413646e-06,5.84150241e-02,5.47099187e-06,-3.92855397e-06,-2.07711412e-13,1.17755117e-04,2.63270902e-04,-2.87395477e-07,3.72743576e-05,5.51415907e-05
5.43000000e+02,4.05480123e-01,2.14761997e-05,-4.37563612e-06,-2.79161743e-07,1.23837427e-04,3.25640529e-04,3.47070532e-01,1.59979543e-05,-8.41174543e-07,5.84095908e-02,5.47824538e-06,-3.53446158e-06,-2.08127779e-13,9.01117281e-05,2.71525846e-04,-2.79161535e-07,3.37256989e-05,5.41146824e-05
5.44000000e+02,4.05297098e-01,2.07436572e-05,-4.01652733e-06,-2.70952807e-07,9.16663265e-05,3.28696767e-04,3.46893690e-01,1.55187027e-05,-7.19352547e-07,5.84034067e-02,5.22495455e-06,-3.29717479e-06,-2.07513461e-13,6.10887755e-05,2.76403285e-04,-2.70952599e-07,3.05775509e-05,5.22934814e-05
5.45000000e+02,4.05119655e-01,2.07069974e-05,-3.14624151e-06,-2.62793642e-07,5.69001240e-05,3.29863087e-04,3.46721417e-01,1.55412733e-05,-2.12031904e-07,5.83982396e-02,5.16572405e-06,-2.93420961e-06,-2.05754986e-13,2.94831191e-05,2.79235222e-04,-2.62793436e-07,2.74170049e-05,5.06278647e-05
5.46000000e+02,4.04939112e-01,2.02045265e-05,-2.56031068e-06,-2.54670326e-07,2.14121604e-05,3.27500842e-04,3.46546790e-01,1.53371327e-05,1.60093049e-07,5.83923228e-02,4.86739385e-06,-2.72040373e-06,-2.04933335e-13,-3.32476222e-06,2.79207366e-04,-2.54670121e-07,2.47369227e-05,4.82934762e-05
5.47000000e+02,4.04764174e-01,2.04609674e-05,-1.52022354e-06,-2.46603873e-07,-1.53894438e-05,3.23944415e-04,3.46376765e-01,1.56968358e-05,8.96701581e-07,5.83874085e-02,4.76413158e-06,-2.41692513e-06,-2.01725762e-13,-3.75984975e-05,2.77746158e-04,-2.46603671e-07,2.22090538e-05,4.61982573e-05
5.48000000e+02,4.04585701e-01,2.01566319e-05,-1.24439697e-06,-2.38580182e-07,-5.02869399e-05,3.17351557e-04,3.46203966e-01,1.57354917e-05,1.04587018e-06,5.83817344e-02,4.42114023e-06,-2.29026714e-06,-1.98281857e-13,-7.05521433e-05,2.73843906e-04,-2.38579984e-07,2.02652033e-05,4.35076512e-05
5.49000000e+02,4.04412417e-01,2.04888510e-05,-7.69347962e-07,-2.30627374e-07,-8.42265287e-05,3.09665639e-04,3.46035345e-01,1.61944842e-05,1.28080377e-06,5.83770703e-02,4.29436684e-06,-2.05015173e-06,-1.95465715e-13,-1.02645627e-04,2.68497757e-04,-2.30627178e-07,1.84190987e-05,4.11678820e-05
5.50000000e+02,4.04235527e-01,2.05491486e-05,-6.07223997e-07,-2.22726041e-07,-1.16448015e-04,2.99525147e-04,3.45863875e-01,1.66043379e-05,1.35567507e-06,5.83716518e-02,3.94481076e-06,-1.96289907e-06,-1.93596101e-13,-1.33627609e-04,2.61221654e-04,-2.22725847e-07,1.71795936e-05,3.83034938e-05
5.51000000e+02,4.04063636e-01,2.13182569e-05,-6.10426978e-09,-2.14897733e-07,-1.47483479e-04,2.88359737e-04,3.45696406e-01,1.75231181e-05,1.80115090e-06,5.83672312e-02,3.79513874e-06,-1.80725517e-06,-1.91138157e-13,-1.63692483e-04,2.52524035e-04,-2.14897542e-07,1.62090044e-05,3.58357017e-05
5.52000000e+02,4.03887590e-01,2.12527339e-05,-2.64697120e-07,-2.07134777e-07,-1.74236819e-04,2.73713838e-04,3.45525537e-01,1.78188942e-05,1.56587662e-06,5.83620539e-02,3.43383964e-06,-1.83057374e-06,-1.88729524e-13,-1.90142768e-04,2.40752249e-04,-2.07134588e-07,1.59059485e-05,3.29615891e-05
5.53000000e+02,4.03716099e-01,2.17912536e-05,-4.17371507e-07,-1.99468120e-07,-1.97871614e-04,2.57733020e-04,3.45358217e-01,1.84977058e-05,1.34952395e-06,5.83578807e-02,3.29354781e-06,-1.76689546e-06,-1.86654964e-13,-2.13765982e-04,2.27156992e-04,-1.99467933e-07,1.58943678e-05,3.05760281e-05
5.54000000e+02,4.03540279e-01,2.17950232e-05,-8.98324241e-07,-1.91877242e-07,-2.17218466e-04,2.38520483e-04,3.45187321e-01,1.88443239e-05,9.50913428e-07,5.83529567e-02,2.95069934e-06,-1.84923767e-06,-1.84797424e-13,-2.33681999e-04,2.10652457e-04,-1.91877057e-07,1.64635332e-05,2.78680262e-05
5.55000000e+02,4.03368866e-01,2.22746349e-05,-1.02927628e-06,-1.84388514e-07,-2.33351064e-04,2.18272143e-04,3.45019829e-01,1.94484820e-05,8.41151485e-07,5.83490364e-02,2.82615294e-06,-1.87042777e-06,-1.83087277e-13,-2.50673939e-04,1.92518861e-04,-1.84388331e-07,1.73228746e-05,2.57532822e-05
5.56000000e+02,4.03192789e-01,2.18781256e-05,-2.06772252e-06,-1.76994509e-07,-2.43945090e-04,1.94733638e-04,3.44848424e-01,1.93627462e-05,-7.69949374e-10,5.83443633e-02,2.51537940e-06,-2.06695257e-06,-1.82648870e-13,-2.62754058e-04,1.71317831e-04,-1.76994326e-07,1.88089674e-05,2.34158076e-05
5.57000000e+02,4.03020789e-01,2.19401276e-05,-2.94787513e-06,-1.69733891e-07,-2.50737916e-04,1.70073870e-04,3.44680082e-01,1.95139310e-05,-7.87434369e-07,5.83407056e-02,2.42619652e-06,-2.16044077e-06,-1.83733437e-13,-2.71215240e-04,1.48356206e-04,-1.69733707e-07,2.04773244e-05,2.17176635e-05
5.58000000e+02,4.02844109e-01,2.12056874e-05,-3.97346616e-06,-1.62582403e-07,-2.53424790e-04,1.42676495e-04,3.44507810e-01,1.90348349e-05,-1.57391511e-06,5.83362967e-02,2.17085242e-06,-2.39955105e-06,-1.85059499e-13,-2.76090101e-04,1.22751364e-04,-1.62582218e-07,2.26653117e-05,1.99251319e-05
5.59000000e+02,4.02671510e-01,2.10671950e-05,-4.57664916e-06,-1.55572386e-07,-2.53128556e-04,1.15854378e-04,3.44338607e-01,1.89272619e-05,-2.01161693e-06,5.83329028e-02,2.13993319e-06,-2.56503224e-06,-1.86535115e-13,-2.78150836e-04,9.70237195e-05,-1.55572200e-07,2.50222798e-05,1.88306588e-05
5.60000000e+02,4.02494048e-01,2.00521145e-05,-5.93978978e-06,-1.48694972e-07,-2.47865462e-04,8.67689174e-05,3.44165285e-01,1.81257407e-05,-3.04525430e-06,5.83287627e-02,1.92637376e-06,-2.89453550e-06,-1.88213546e-13,-2.75796688e-04,6.91647131e-05,-1.48694784e-07,2.79312265e-05,1.76042044e-05
5.61000000e+02,4.02320589e-01,1.92740003e-05,-7.01426145e-06,-1.41994329e-07,-2.38667980e-04,5.71781642e-05,3.43994937e-01,1.73167587e-05,-3.90792591e-06,5.83256515e-02,1.95724160e-06,-3.10633552e-06,-1.91763018e-13,-2.69484495e-04,4.00107078e-05,-1.41994137e-07,3.08165140e-05,1.71674561e-05
5.62000000e+02,4.02142485e-01,1.77923581e-05,-8.16191316e-06,-1.35444070e-07,-2.25779517e-04,2.61159286e-05,3.43820688e-01,1.59681732e-05,-4.70026164e-06,5.83217962e-02,1.82418489e-06,-3.46165152e-06,-1.94928317e-13,-2.59959254e-04,9.46073119e-06,-1.35443875e-07,3.41797363e-05,1.66551974e-05
5.63000000e+02,4.01968633e-01,1.68485004e-05,-9.09426541e-06,-1.29073785e-07,-2.08847990e-04,-3.82759347e-06,3.43649667e-01,1.49355958e-05,-5.37052423e-06,5.83189668e-02,1.91290467e-06,-3.72374119e-06,-1.97575607e-13,-2.46332294e-04,-2.07070016e-05,-1.29073588e-07,3.74843028e-05,1.68794082e-05
5.64000000e+02,4.01790148e-01,1.48650291e-05,-1.07014726e-05,-1.22872900e-07,-1.87906743e-04,-3.54444127e-05,3.43474748e-01,1.30213289e-05,-6.57657324e-06,5.83153985e-02,1.84370020e-06,-4.12489934e-06,-2.00349030e-13,-2.29019865e-04,-5.25382101e-05,-1.22872700e-07,4.11131215e-05,1.70937973e-05
5.65000000e+02,4.01615973e-01,1.34994972e-05,-1.17570983e-05,-1.16871238e-07,-1.65899865e-04,-6.38683027e-05,3.43303107e-01,1.15003463e-05,-7.36247236e-06,5.83128671e-02,1.99915090e-06,-4.39462591e-06,-2.03651761e-13,-2.10407098e-04,-8.18892989e-05,-1.16871034e-07,4.45072323e-05,1.80209964e-05
5.66000000e+02,4.01437519e-01,1.14981136e-05,-1.26224177e-05,-1.11036608e-07,-1.43944995e-04,-9.17183919e-05,3.43127926e-01,9.49210716e-06,-7.85707487e-06,5.83095930e-02,2.00600647e-06,-4.76534280e-06,-2.08224800e-13,-1.91970149e-04,-1.10683224e-04,-1.11036400e-07,4.80251538e-05,1.89648318e-05
5.67000000e+02,4.01263710e-01,1.03487997e-05,-1.27116410e-05,-1.05401037e-07,-1.24047843e-04,-1.13729898e-04,3.42956360e-01,8.12160017e-06,-7.68047504e-06,5.83073482e-02,2.22719958e-06,-5.03116600e-06,-2.10165495e-13,-1.75325640e-04,-1.34314178e-04,-1.05400827e-07,5.12777968e-05,2.05842801e-05
5.68000000e+02,4.01085668e-01,8.68447283e-06,-1.29142259e-05,-9.99450636e-08,-1.06016692e-04,-1.32316936e-04,3.42781304e-01,6.39896780e-06,-7.50683755e-06,5.83043655e-02,2.28550502e-06,-5.40738835e-06,-2.12454930e-13,-1.60637918e-04,-1.54444372e-04,-9.99448510e-08,5.46212261e-05,2.21274356e-05
5.69000000e+02,4.00912349e-01,8.00100921e-06,-1.21482067e-05,-9.47116471e-08,-9.21190656e-05,-1.43594466e-04,3.42609932e-01,5.44838148e-06,-6.50281467e-06,5.83024164e-02,2.55262773e-06,-5.64539206e-06,-2.14420593e-13,-1.49731704e-04,-1.67840418e-04,-9.47114327e-08,5.76126392e-05,2.42459520e-05
5.70000000e+02,4.00735089e-01,6.81535005e-06,-1.09269343e-05,-8.96646464e-08,-8.15614418e-05,-1.52128069e-04,3.42435373e-01,4.15727773e-06,-4.94111652e-06,5.82997181e-02,2.65807230e-06,-5.98581777e-06,-2.16010785e-13,-1.42286463e-04,-1.78338723e-04,-8.96644305e-08,6.07250217e-05,2.62106538e-05
5.71000000e+02,4.00562669e-01,6.65462089e-06,-9.10895778e-06,-8.48316523e-08,-7.25005226e-05,-1.53988946e-04,3.42264633e-01,3.71541185e-06,-2.88857686e-06,5.82980375e-02,2.93920902e-06,-6.22038093e-06,-2.17951117e-13,-1.36044799e-04,-1.82476159e-04,-8.48314344e-08,6.35442762e-05,2.84872135e-05
5.72000000e+02,4.00386246e-01,5.43179242e-06,-7.78860281e-06,-8.01889953e-08,-6.27101935e-05,-1.57789645e-04,3.42090643e-01,2.38583669e-06,-1.23602337e-06,5.82956025e-02,3.04595571e-06,-6.55257945e-06,-2.21495051e-13,-1.29061015e-04,-1.88300756e-04,-8.01887741e-08,6.63508214e-05,3.05111111e-05
5.73000000e+02,4.00214724e-01,4.68886448e-06,-5.95029656e-06,-7.57653460e-08,-5.42762962e-05,-1.59399803e-04,3.41920538e-01,1.36751240e-06,8.03878121e-07,5.82941868e-02,3.32135210e-06,-6.75417468e-06,-2.25693351e-13,-1.23083295e-04,-1.92138603e-04,-7.57651203e-08,6.88069986e-05,3.27388001e-05
5.74000000e+02,4.00039379e-01,2.62113627e-06,-4.42766325e-06,-7.15208738e-08,-4.34908726e-05,-1.67204534e-04,3.41747368e-01,-8.02579803e-07,2.59945539e-06,5.82920125e-02,3.42371608e-06,-7.02711862e-06,-2.28982112e-13,-1.14652272e-04,-2.01852670e-04,-7.15206448e-08,7.11613989e-05,3.46481362e-05
5.75000000e+02,3.99868950e-01,7.73581060e-07,-2.71577767e-06,-6.74726138e-08,-3.11629525e-05,-1.76748800e-04,3.41578097e-01,-2.91768689e-06,4.47296320e-06,5.82908528e-02,3.69126795e-06,-7.18874088e-06,-2.32428311e-13,-1.04290619e-04,-2.13542726e-04,-6.74723814e-08,7.31276666e-05,3.67939257e-05
5.76000000e+02,3.99694593e-01,-2.54530330e-06,-2.14623219e-06,-6.35900466e-08,-1.33528079e-05,-1.92770615e-04,3.41405654e-01,-6.32106912e-06,5.27638673e-06,5.82889391e-02,3.77576581e-06,-7.42261892e-06,-2.36479821e-13,-8.82566480e-05,-2.31318868e-04,-6.35898103e-08,7.49038402e-05,3.85482521e-05
5.77000000e+02,3.99525121e-01,-5.92250046e-06,-1.68788327e-06,-5.98919227e-08,8.50713006e-06,-2.13051108e-04,3.41237067e-01,-9.96229794e-06,5.84426810e-06,5.82880544e-02,4.03979748e-06,-7.53215138e-06,-2.40602674e-13,-6.78381971e-05,-2.53644153e-04,-5.98916820e-08,7.63453272e-05,4.05930455e-05
5.78000000e+02,3.99351849e-01,-1.06291262e-05,-2.56869551e-06,-5.63362415e-08,4.10090939e-05,-2.41381961e-04,3.41065437e-01,-1.47305785e-05,5.13070945e-06,5.82864139e-02,4.10145225e-06,-7.69940496e-06,-2.44108048e-13,-3.66137797e-05,-2.83432821e-04,-5.63359974e-08,7.76228735e-05,4.20508602e-05
5.79000000e+02,3.99183537e-01,-1.58654762e-05,-4.42861331e-06,-5.29372479e-08,8.52963343e-05,-2.78956002e-04,3.40897751e-01,-2.01922334e-05,3.32320872e-06,5.82857875e-02,4.32675713e-06,-7.75182203e-06,-2.47433316e-13,6.81134980e-06,-3.22639646e-04,-5.29370003e-08,7.84849842e-05,4.36836439e-05
5.80000000e+02,3.99011300e-01,-2.31218368e-05,-8.39300267e-06,-4.96588881e-08,1.44072904e-04,-3.30722078e-04,3.40726904e-01,-2.74735457e-05,-5.03608196e-07,5.82843979e-02,4.35170885e-06,-7.88939448e-06,-2.50666009e-13,6.48142271e-05,-3.75458875e-04,-4.96586372e-08,7.92586766e-05,4.47367965e-05
5.81000000e+02,3.98843992e-01,-3.14720101e-05,-1.38806993e-05,-4.65156075e-08,2.18081314e-04,-3.97741284e-04,3.40559975e-01,-3.60051695e-05,-6.01195044e-06,5.82840167e-02,4.53315944e-06,-7.86874891e-06,-2.53986903e-13,1.38677074e-04,-4.43607996e-04,-4.65153535e-08,7.94042403e-05,4.58667118e-05
5.82000000e+02,3.98672937e-01,-4.23269378e-05,-2.10255847e-05,-4.34556229e-08,3.05345549e-04,-4.85094561e-04,3.40390084e-01,-4.68330946e-05,-1.31215571e-05,5.82828515e-02,4.50615673e-06,-7.90402751e-06,-2.56297402e-13,2.25978741e-04,-5.31400619e-04,-4.34553666e-08,7.93668074e-05,4.63060569e-05
5.83000000e+02,3.98506889e-01,-5.48923702e-05,-2.92265304e-05,-4.04913858e-08,4.03536766e-04,-5.95030334e-04,3.40224224e-01,-5.95321658e-05,-2.14130229e-05,5.82826648e-02,4.63979561e-06,-7.81350749e-06,-2.56441832e-13,3.24784150e-04,-6.41900024e-04,-4.04911293e-08,7.87526168e-05,4.68696907e-05
5.84000000e+02,3.98337048e-01,-7.04732516e-05,-3.91824906e-05,-3.75855368e-08,5.10949106e-04,-7.30417521e-04,3.40055347e-01,-7.50382106e-05,-3.14027421e-05,5.82817019e-02,4.56495890e-06,-7.77974838e-06,-2.58098709e-13,4.33103850e-04,-7.77209871e-04,-3.75852787e-08,7.78452541e-05,4.67923516e-05
5.85000000e+02,3.98172319e-01,-8.81250930e-05,-4.92766451e-05,-3.47422901e-08,6.19381438e-04,-8.91145712e-04,3.39890627e-01,-9.27683806e-05,-4.16842466e-05,5.82816906e-02,4.64328770e-06,-7.59239847e-06,-2.60987854e-13,5.43058001e-04,-9.37934585e-04,-3.47420291e-08,7.63234382e-05,4.67888763e-05
5.86000000e+02,3.98003999e-01,-1.08887183e-04,-5.95595612e-05,-3.19222681e-08,7.25878979e-04,-1.07892573e-03,3.39723093e-01,-1.13435279e-04,-5.21015458e-05,5.82809048e-02,4.54809569e-06,-7.45801568e-06,-2.62761054e-13,6.51326642e-04,-1.12531992e-03,-3.19220053e-08,7.45523385e-05,4.63942013e-05
5.87000000e+02,3.97840865e-01,-1.31021183e-04,-6.92222435e-05,-2.91280945e-08,8.25890357e-04,-1.28624643e-03,3.39559767e-01,-1.35651313e-04,-6.20196286e-05,5.82810989e-02,4.63013004e-06,-7.20261487e-06,-2.62568885e-13,7.53658739e-04,-1.33255157e-03,-2.91278319e-08,7.22316160e-05,4.63051355e-05
5.88000000e+02,3.97674176e-01,-1.55372603e-04,-7.87035924e-05,-2.63235474e-08,9.15440246e-04,-1.51223680e-03,3.39393654e-01,-1.59901567e-04,-7.16935633e-05,5.82805235e-02,4.52896420e-06,-7.01002902e-06,-2.61736665e-13,8.45661842e-04,-1.55807534e-03,-2.63232857e-08,6.97784004e-05,4.58385369e-05
5.89000000e+02,3.97512699e-01,-1.80305074e-04,-8.67162823e-05,-2.35152243e-08,9.90314826e-04,-1.74906416e-03,3.39231778e-01,-1.84903430e-04,-8.00307638e-05,5.82809223e-02,4.59835617e-06,-6.68551830e-06,-2.61827751e-13,9.23459434e-04,-1.79469572e-03,-2.35149625e-08,6.68553941e-05,4.56315612e-05
5.90000000e+02,3.97347671e-01,-2.06442929e-04,-9.32592771e-05,-2.06666357e-08,1.04716572e-03,-1.99445255e-03,3.39067095e-01,-2.10954590e-04,-8.68328837e-05,5.82805753e-02,4.51166056e-06,-6.42639331e-06,-2.62906954e-13,9.83294990e-04,-2.03968552e-03,-2.06663728e-08,6.38707269e-05,4.52329675e-05
5.91000000e+02,3.97187843e-01,-2.31704028e-04,-9.78333768e-05,-1.77870221e-08,1.08446455e-03,-2.23752804e-03,3.38906600e-01,-2.36309392e-04,-9.17325682e-05,5.82812421e-02,4.60536444e-06,-6.10080862e-06,-2.64471005e-13,1.02368309e-03,-2.28274722e-03,-1.77867577e-08,6.07814623e-05,4.52191800e-05
5.92000000e+02,3.97024293e-01,-2.56769204e-04,-1.01415720e-04,-1.48469524e-08,1.10382458e-03,-2.47544991e-03,3.38743122e-01,-2.61288510e-04,-9.55739746e-05,5.82811724e-02,4.51930540e-06,-5.84174474e-06,-2.67776771e-13,1.04607257e-03,-2.52030727e-03,-1.48466846e-08,5.77520162e-05,4.48573595e-05
5.93000000e+02,3.96865699e-01,-2.80069367e-04,-1.02746483e-04,-1.18636960e-08,1.10254972e-03,-2.70084609e-03,3.38583594e-01,-2.84680856e-04,-9.72482187e-05,5.82821069e-02,4.61148894e-06,-5.49826426e-06,-2.71979438e-13,1.04794994e-03,-2.74572634e-03,-1.18634241e-08,5.45997781e-05,4.48802577e-05
5.94000000e+02,3.96703114e-01,-3.01978445e-04,-1.02195462e-04,-8.80754259e-09,1.07989646e-03,-2.90980953e-03,3.38420796e-01,-3.06517327e-04,-9.69473287e-05,5.82823189e-02,4.53888206e-06,-5.24813293e-06,-2.75246830e-13,1.02814749e-03,-2.95440604e-03,-8.80726735e-09,5.17489719e-05,4.45965138e-05
5.95000000e+02,3.96545170e-01,-3.20976714e-04,-9.95668977e-05,-5.69933562e-09,1.03778952e-03,-3.09683566e-03,3.38261611e-01,-3.25603214e-04,-9.46197133e-05,5.82835580e-02,4.62649992e-06,-4.94718452e-06,-2.77763565e-13,9.88838230e-04,-3.14141100e-03,-5.69905785e-09,4.89512908e-05,4.45753362e-05
5.96000000e+02,3.96382814e-01,-3.38214904e-04,-9.58142044e-05,-2.51540147e-09,9.78791767e-04,-3.26301803e-03,3.38098748e-01,-3.42764599e-04,-9.10750154e-05,5.82840668e-02,4.54969481e-06,-4.73918889e-06,-2.79751604e-13,9.32327510e-04,-3.30732306e-03,-2.51512172e-09,4.64642587e-05,4.43050325e-05
5.97000000e+02,3.96224667e-01,-3.51990754e-04,-9.00343436e-05,7.20131958e-10,9.02541124e-04,-3.40078787e-03,3.37939088e-01,-3.56620975e-04,-8.55776173e-05,5.82855782e-02,4.63022174e-06,-4.45672636e-06,-2.82563460e-13,8.58582629e-04,-3.44502288e-03,7.20414524e-10,4.39584952e-05,4.42350127e-05
5.98000000e+02,3.96061638e-01,-3.63610132e-04,-8.28563309e-05,4.02800626e-09,8.11003418e-04,-3.51499589e-03,3.37775277e-01,-3.68145423e-04,-7.85818171e-05,5.82863614e-02,4.53529123e-06,-4.27451342e-06,-2.85664465e-13,7.69157868e-04,-3.55881439e-03,4.02829192e-09,4.18455480e-05,4.38185035e-05
5.99000000e+02,3.95902379e-01,-3.71863434e-04,-7.40417012e-05,7.37844190e-09,7.05948729e-04,-3.60174551e-03,3.37614209e-01,-3.76469586e-04,-6.99829398e-05,5.82881715e-02,4.60615212e-06,-4.05876141e-06,-2.87691355e-13,6.66044731e-04,-3.64537868e-03,7.37872959e-09,3.99040011e-05,4.36331754e-05
6.00000000e+02,3.95737829e-01,-3.77922116e-04,-6.48736369e-05,1.07844036e-08,5.92812841e-04,-3.66483430e-03,3.37448578e-01,-3.82413615e-04,-6.09384843e-05,5.82892507e-02,4.49149949e-06,-3.93515274e-06,-2.89037535e-13,5.54464796e-04,-3.70791419e-03,1.07846927e-08,3.83480430e-05,4.30798929e-05
6.01000000e+02,3.95576679e-01,-3.80974654e-04,-5.45820270e-05,1.42093994e-08,4.72738997e-04,-3.70306824e-03,3.37285338e-01,-3.85515520e-04,-5.08071397e-05,5.82913422e-02,4.54086617e-06,-3.77488743e-06,-2.90964081e-13,4.35734348e-04,-3.74579359e-03,1.42096903e-08,3.70046485e-05,4.27253515e-05
6.02000000e+02,3.95410048e-01,-3.82333898e-04,-4.42033839e-05,1.76621502e-08,3.50438583e-04,-3.72243867e-03,3.37117336e-01,-3.86731798e-04,-4.05135282e-05,5.82927112e-02,4.39789980e-06,-3.68985577e-06,-2.93908313e-13,3.14500126e-04,-3.76435602e-03,1.76624441e-08,3.59384570e-05,4.19173495e-05
6.03000000e+02,3.95246790e-01,-3.81291442e-04,-3.32052263e-05,2.11045510e-08,2.25532402e-04,-3.72364905e-03,3.36951676e-01,-3.85727891e-04,-2.96079999e-05,5.82951139e-02,4.43644906e-06,-3.59722642e-06,-2.96574569e-13,1.90300290e-04,-3.76515863e-03,2.11048476e-08,3.52321112e-05,4.15095890e-05
6.04000000e+02,3.95078124e-01,-3.79045148e-04,-2.28937706e-05,2.45441951e-08,1.04084340e-04,-3.70947626e-03,3.36781324e-01,-3.83334240e-04,-1.93153531e-05,5.82968003e-02,4.28909199e-06,-3.57841754e-06,-2.98293832e-13,6.92885653e-05,-3.75018282e-03,2.45444934e-08,3.47957746e-05,4.07065611e-05
6.05000000e+02,3.94913091e-01,-3.74974254e-04,-1.24376391e-05,2.79370885e-08,-1.43800523e-05,-3.68166503e-03,3.36613580e-01,-3.79278472e-04,-8.90775333e-06,5.82995104e-02,4.30421813e-06,-3.52988583e-06,-3.01307850e-13,-4.89697160e-05,-3.72180421e-03,2.79373898e-08,3.45896635e-05,4.01391839e-05
6.06000000e+02,3.94743075e-01,-3.70441282e-04,-2.53151852e-06,3.12937180e-08,-1.28062045e-04,-3.64607246e-03,3.36441566e-01,-3.74586799e-04,1.01755282e-06,5.83015092e-02,4.14551728e-06,-3.54907134e-06,-3.03673886e-13,-1.62688932e-04,-3.68533645e-03,3.12940216e-08,3.46268873e-05,3.92639874e-05
6.07000000e+02,3.94577202e-01,-3.64600811e-04,7.33423124e-06,3.45759959e-08,-2.36925744e-04,-3.60185087e-03,3.36272649e-01,-3.68758371e-04,1.08908436e-05,5.83045534e-02,4.15756044e-06,-3.55661236e-06,-3.05614459e-13,-2.71880511e-04,-3.64057411e-03,3.45763016e-08,3.49547674e-05,3.87232449e-05
6.08000000e+02,3.94406899e-01,-3.58963378e-04,1.59685232e-05,3.77983085e-08,-3.36401530e-04,-3.55447203e-03,3.36100012e-01,-3.62974021e-04,1.95881927e-05,5.83068865e-02,4.01064248e-06,-3.61966946e-06,-3.07099383e-13,-3.71784409e-04,-3.59251005e-03,3.77986156e-08,3.53828786e-05,3.80380251e-05
6.09000000e+02,3.94241337e-01,-3.52301240e-04,2.45450889e-05,4.09251290e-08,-4.30241312e-04,-3.50002692e-03,3.35931082e-01,-3.56354103e-04,2.82077764e-05,5.83102543e-02,4.05286352e-06,-3.66268751e-06,-3.09437899e-13,-4.66360497e-04,-3.53782787e-03,4.09254385e-08,3.61191849e-05,3.78009531e-05
6.10000000e+02,3.94071994e-01,-3.45840534e-04,3.21801528e-05,4.39750871e-08,-5.14855978e-04,-3.44361979e-03,3.35759079e-01,-3.49771438e-04,3.59496346e-05,5.83129142e-02,3.93090362e-06,-3.76948187e-06,-3.11060598e-13,-5.51910783e-04,-3.48099969e-03,4.39753981e-08,3.70548041e-05,3.73799009e-05
6.11000000e+02,3.93908020e-01,-3.38615488e-04,3.94396173e-05,4.69177240e-08,-5.90914881e-04,-3.38296830e-03,3.35591392e-01,-3.42617615e-04,4.32993905e-05,5.83166287e-02,4.00212678e-06,-3.85977311e-06,-3.10896149e-13,-6.29155426e-04,-3.42043019e-03,4.69180349e-08,3.82405450e-05,3.74618891e-05
6.12000000e+02,3.93740762e-01,-3.31771770e-04,4.53460556e-05,4.97800831e-08,-6.56046475e-04,-3.32043104e-03,3.35421130e-01,-3.35661045e-04,4.93559856e-05,5.83196340e-02,3.88927510e-06,-4.00993004e-06,-3.10089981e-13,-6.95636240e-04,-3.35760146e-03,4.97803929e-08,3.95897630e-05,3.71704155e-05
6.13000000e+02,3.93579266e-01,-3.24751031e-04,5.08114700e-05,5.25338135e-08,-7.11682980e-04,-3.25808725e-03,3.35255594e-01,-3.28724838e-04,5.49376277e-05,5.83236729e-02,3.97380661e-06,-4.12615755e-06,-3.08183565e-13,-7.52770699e-04,-3.29549049e-03,5.25341218e-08,4.10877177e-05,3.74032447e-05
6.14000000e+02,3.93414786e-01,-3.18027297e-04,5.51697142e-05,5.52111462e-08,-7.56484386e-04,-3.19525959e-03,3.35087793e-01,-3.21925118e-04,5.94708477e-05,5.83269941e-02,3.89782116e-06,-4.30113371e-06,-3.06283494e-13,-7.99227108e-04,-3.23274946e-03,5.52114526e-08,4.27427234e-05,3.74898713e-05
6.15000000e+02,3.93256212e-01,-3.10741303e-04,5.91265406e-05,5.77858345e-08,-7.92725403e-04,-3.12864240e-03,3.34924859e-01,-3.14743289e-04,6.35631154e-05,5.83313540e-02,4.00198517e-06,-4.43657483e-06,-3.04730481e-13,-8.37145371e-04,-3.16655839e-03,5.77861394e-08,4.44199664e-05,3.79159887e-05
6.16000000e+02,3.93094735e-01,-3.04058352e-04,6.19418209e-05,6.02908453e-08,-8.20183456e-04,-3.06317582e-03,3.34759755e-01,-3.07980578e-04,6.65826253e-05,5.83349814e-02,3.92222632e-06,-4.64080414e-06,-3.01588321e-13,-8.66484105e-04,-3.10118521e-03,6.02911473e-08,4.63006480e-05,3.80093889e-05
6.17000000e+02,3.92939036e-01,-2.97294838e-04,6.46111563e-05,6.26998982e-08,-8.41125454e-04,-2.99816018e-03,3.34599423e-01,-3.01331317e-04,6.94088549e-05,5.83396124e-02,4.03647839e-06,-4.79769874e-06,-2.98626495e-13,-8.89337445e-04,-3.03671861e-03,6.27001972e-08,4.82119905e-05,3.85584288e-05
6.18000000e+02,3.92780189e-01,-2.90949044e-04,6.63255340e-05,6.50477559e-08,-8.53406595e-04,-2.93299291e-03,3.34436695e-01,-2.94913741e-04,7.13489634e-05,5.83434923e-02,3.96469720e-06,-5.02342911e-06,-2.94153274e-13,-9.03768640e-04,-2.97171833e-03,6.50480501e-08,5.03620450e-05,3.87254236e-05
6.19000000e+02,3.92626816e-01,-2.84240843e-04,6.77910481e-05,6.73066837e-08,-8.58662250e-04,-2.86597117e-03,3.34278434e-01,-2.88319029e-04,7.29873665e-05,5.83483817e-02,4.07818603e-06,-5.19631864e-06,-2.89204228e-13,-9.11035931e-04,-2.90525386e-03,6.73069730e-08,5.23736766e-05,3.92826792e-05
6.20000000e+02,3.92469875e-01,-2.77827566e-04,6.81862366e-05,6.95110708e-08,-8.56124051e-04,-2.79676913e-03,3.34117370e-01,-2.81839575e-04,7.36171024e-05,5.83525062e-02,4.01200908e-06,-5.43086593e-06,-2.85017960e-13,-9.10636834e-04,-2.83632281e-03,6.95113557e-08,5.45127826e-05,3.95536871e-05
6.21000000e+02,3.92317942e-01,-2.70946334e-04,6.83237569e-05,7.16292327e-08,-8.47159874e-04,-2.72312716e-03,3.33960334e-01,-2.75083823e-04,7.39156096e-05,5.83576069e-02,4.13748838e-06,-5.59185263e-06,-2.80976200e-13,-9.03625723e-04,-2.76336811e-03,7.16295132e-08,5.64658494e-05,4.02409525e-05
6.22000000e+02,3.92161993e-01,-2.63921627e-04,6.78059940e-05,7.36956092e-08,-8.31561954e-04,-2.64413065e-03,3.33800054e-01,-2.68006515e-04,7.36232118e-05,5.83619403e-02,4.08488789e-06,-5.81721781e-06,-2.77673357e-13,-8.90136128e-04,-2.68475633e-03,7.36958868e-08,5.85741765e-05,4.06256823e-05
6.23000000e+02,3.92010624e-01,-2.55871676e-04,6.65158541e-05,7.56758169e-08,-8.04956126e-04,-2.55643467e-03,3.33643350e-01,-2.60106346e-04,7.25032450e-05,5.83672732e-02,4.23467086e-06,-5.98739110e-06,-2.74296063e-13,-8.65462149e-04,-2.59793816e-03,7.56760912e-08,6.05060252e-05,4.15034927e-05
6.24000000e+02,3.91854784e-01,-2.47299913e-04,6.37368334e-05,7.75998514e-08,-7.67286393e-04,-2.45876745e-03,3.33482954e-01,-2.51489430e-04,6.99423472e-05,5.83718304e-02,4.18951680e-06,-6.20551378e-06,-2.72414333e-13,-8.29785500e-04,-2.50074442e-03,7.76001238e-08,6.24991042e-05,4.19769775e-05
6.25000000e+02,3.91703138e-01,-2.37578129e-04,6.01411063e-05,7.94314289e-08,-7.17659852e-04,-2.35089306e-03,3.33325742e-01,-2.41922603e-04,6.64834163e-05,5.83773963e-02,4.34447490e-06,-6.34231022e-06,-2.70080792e-13,-7.81811078e-04,-2.39380215e-03,7.94316988e-08,6.41512229e-05,4.29090896e-05
6.26000000e+02,3.91546770e-01,-2.27007810e-04,5.53830005e-05,8.12054026e-08,-6.57531299e-04,-2.23161615e-03,3.33164568e-01,-2.31316880e-04,6.19083721e-05,5.83822024e-02,4.30907006e-06,-6.52537164e-06,-2.67217882e-13,-7.23340206e-04,-2.27502384e-03,8.12056700e-08,6.58089101e-05,4.34076831e-05
6.27000000e+02,3.91394455e-01,-2.15067239e-04,4.95781478e-05,8.28824462e-08,-5.84681645e-04,-2.10148303e-03,3.33006428e-01,-2.19519345e-04,5.62061502e-05,5.83880267e-02,4.45210506e-06,-6.62800259e-06,-2.64545196e-13,-6.51739330e-04,-2.14565004e-03,8.28827108e-08,6.70576859e-05,4.41670112e-05
6.28000000e+02,3.91237285e-01,-2.02861685e-04,4.22449775e-05,8.44896338e-08,-5.00588732e-04,-1.96506650e-03,3.32844182e-01,-2.07258207e-04,4.90169866e-05,5.83931032e-02,4.39652250e-06,-6.77200924e-06,-2.63285212e-13,-5.68887014e-04,-2.00957511e-03,8.44898969e-08,6.82982793e-05,4.45086084e-05
6.29000000e+02,3.91084223e-01,-1.89538765e-04,3.42880286e-05,8.59954020e-08,-4.06821831e-04,-1.81946281e-03,3.32685007e-01,-1.94064994e-04,4.11182719e-05,5.83992165e-02,4.52622901e-06,-6.83024315e-06,-2.62351488e-13,-4.75936951e-04,-1.86459826e-03,8.59956646e-08,6.91151200e-05,4.51354465e-05
6.30000000e+02,3.90926520e-01,-1.75929515e-04,2.51745856e-05,8.74280298e-08,-3.04367353e-04,-1.66881881e-03,3.32521930e-01,-1.80406554e-04,3.20763096e-05,5.84045890e-02,4.47703966e-06,-6.90172397e-06,-2.62339253e-13,-3.74040260e-04,-1.71421018e-03,8.74282919e-08,6.96729068e-05,4.53913741e-05
6.31000000e+02,3.90773131e-01,-1.61389715e-04,1.56584767e-05,8.87518503e-08,-1.96012454e-04,-1.51343031e-03,3.32362135e-01,-1.65973111e-04,2.25630561e-05,5.84109964e-02,4.58339600e-06,-6.90457941e-06,-2.60706888e-13,-2.65901015e-04,-1.55919847e-03,8.87521110e-08,6.98885614e-05,4.57681648e-05
6.32000000e+02,3.90615354e-01,-1.47100775e-04,5.28825245e-06,9.00004291e-08,-8.32906682e-05,-1.35726553e-03,3.32198695e-01,-1.51597846e-04,1.22057508e-05,5.84166616e-02,4.49707074e-06,-6.91749839e-06,-2.59874630e-13,-1.53132574e-04,-1.40300681e-03,9.00006888e-08,6.98419054e-05,4.57412838e-05
6.33000000e+02,3.90462273e-01,-1.32564620e-04,-4.84521451e-06,9.11491748e-08,2.95408152e-05,-1.20024232e-03,3.32038915e-01,-1.37153097e-04,2.03524651e-06,5.84233603e-02,4.58847644e-06,-6.88046104e-06,-2.58946919e-13,-4.00705469e-05,-1.24620243e-03,9.11494335e-08,6.96113620e-05,4.59601093e-05
6.34000000e+02,3.90305243e-01,-1.18177726e-04,-1.57278383e-05,9.22341037e-08,1.45398270e-04,-1.04406560e-03,3.31875932e-01,-1.22687077e-04,-8.90038805e-06,5.84293126e-02,4.50935078e-06,-6.82745023e-06,-2.60369782e-13,7.65030395e-05,-1.08994092e-03,9.22343639e-08,6.88952312e-05,4.58753269e-05
6.35000000e+02,3.90153329e-01,-1.03330335e-04,-2.58047588e-05,9.32282572e-08,2.54567777e-04,-8.88182197e-04,3.31717043e-01,-1.07926104e-04,-1.90758179e-05,5.84362856e-02,4.59576936e-06,-6.72894084e-06,-2.60700512e-13,1.86524816e-04,-9.34213979e-04,9.32285178e-08,6.80429611e-05,4.60317842e-05
6.36000000e+02,3.89997840e-01,-8.93079103e-05,-3.61730849e-05,9.41692714e-08,3.62029293e-04,-7.36760971e-04,3.31555338e-01,-9.37980388e-05,-2.95441374e-05,5.84425012e-02,4.49012846e-06,-6.62894759e-06,-2.60134459e-13,2.95198405e-04,-7.82488761e-04,9.41695316e-08,6.68308879e-05,4.57277890e-05
6.37000000e+02,3.89847933e-01,-7.54429308e-05,-4.54565434e-05,9.50404719e-08,4.60243507e-04,-5.90722781e-04,3.31398204e-01,-7.99868640e-05,-3.89579740e-05,5.84497299e-02,4.54393313e-06,-6.49856968e-06,-2.60300830e-13,3.94609971e-04,-6.36261524e-04,9.50407326e-08,6.56335357e-05,4.55387462e-05
6.38000000e+02,3.89694968e-01,-6.27748964e-05,-5.48441497e-05,9.58808424e-08,5.55554974e-04,-4.55997038e-04,3.31238781e-01,-6.72038017e-05,-4.84729935e-05,5.84561859e-02,4.42890513e-06,-6.37115633e-06,-2.60120480e-13,4.91402396e-04,-5.01007275e-04,9.58811026e-08,6.41525772e-05,4.50102347e-05
6.39000000e+02,3.89548100e-01,-5.05598509e-05,-6.33316872e-05,9.66737069e-08,6.43061769e-04,-3.31001639e-04,3.31084465e-01,-5.49967949e-05,-5.71181916e-05,5.84636359e-02,4.43694406e-06,-6.21349572e-06,-2.61771465e-13,5.80385680e-04,-3.75395303e-04,9.66739685e-08,6.26760883e-05,4.43936645e-05
6.40000000e+02,3.89398644e-01,-4.06522394e-05,-7.17886594e-05,9.74635880e-08,7.25876353e-04,-2.25513069e-04,3.30928348e-01,-4.49177015e-05,-6.57208585e-05,5.84702982e-02,4.26546222e-06,-6.06780069e-06,-2.62483690e-13,6.64852869e-04,-2.68867050e-04,9.74638501e-08,6.10234842e-05,4.33539819e-05
6.41000000e+02,3.89255732e-01,-3.20596363e-05,-7.95068068e-05,9.82349480e-08,8.03129821e-04,-1.37201411e-04,3.30777789e-01,-3.63009130e-05,-7.36088926e-05,5.84779427e-02,4.24127671e-06,-5.89791420e-06,-2.64765056e-13,7.43698954e-04,-1.79555770e-04,9.82352126e-08,5.94308679e-05,4.23543594e-05
6.42000000e+02,3.89110708e-01,-2.57565230e-05,-8.72219578e-05,9.90297217e-08,8.77354523e-04,-7.09734003e-05,3.30625925e-01,-2.97960469e-05,-8.14648120e-05,5.84847843e-02,4.03952391e-06,-5.75714579e-06,-2.67333672e-13,8.19544447e-04,-1.11917389e-04,9.90299892e-08,5.78100782e-05,4.09439891e-05
6.43000000e+02,3.88972661e-01,-2.09546152e-05,-9.45340684e-05,9.98285885e-08,9.48277687e-04,-2.42381427e-05,3.30480064e-01,-2.49360787e-05,-8.89427230e-05,5.84925972e-02,3.98146343e-06,-5.59134533e-06,-2.70398741e-13,8.92034803e-04,-6.38697621e-05,9.98288589e-08,5.62428819e-05,3.96316194e-05
6.44000000e+02,3.88832791e-01,-1.87476667e-05,-1.01952954e-04,1.00675016e-07,1.01668391e-03,-3.65543260e-08,3.30333188e-01,-2.25011104e-05,-9.65002018e-05,5.84996026e-02,3.75344365e-06,-5.45275244e-06,-2.74003490e-13,9.62019181e-04,-3.80159271e-05,1.00675291e-07,5.46647323e-05,3.79793728e-05
6.45000000e+02,3.88700104e-01,-1.78569846e-05,-1.08945272e-04,1.01545955e-07,1.08258893e-03,6.94755811e-06,3.30192523e-01,-2.15464146e-05,-1.03648619e-04,5.85075805e-02,3.68942988e-06,-5.29665268e-06,-2.78506375e-13,1.02940702e-03,-2.96137726e-05,1.01546234e-07,5.31819050e-05,3.65613307e-05
6.46000000e+02,3.88565761e-01,-1.87135329e-05,-1.15899979e-04,1.02471930e-07,1.14506288e-03,-2.69342236e-06,3.30051012e-01,-2.21670024e-05,-1.10730932e-04,5.85147489e-02,3.45346945e-06,-5.16904668e-06,-2.81259105e-13,1.09334781e-03,-3.74579363e-05,1.02472211e-07,5.17150743e-05,3.47645139e-05
6.47000000e+02,3.88438704e-01,-2.04651148e-05,-1.22354286e-04,1.03427099e-07,1.20383337e-03,-2.60202597e-05,3.29915816e-01,-2.38330335e-05,-1.17335595e-04,5.85228883e-02,3.36791873e-06,-5.01869133e-06,-2.83342255e-13,1.15355639e-03,-5.91939900e-05,1.03427382e-07,5.02769850e-05,3.31737302e-05
6.48000000e+02,3.88309852e-01,-2.38939792e-05,-1.28509193e-04,1.04444621e-07,1.25606196e-03,-6.31973836e-05,3.29779635e-01,-2.70162740e-05,-1.23610265e-04,5.85302177e-02,3.12229478e-06,-4.89892764e-06,-2.85005304e-13,1.20720834e-03,-9.44868434e-05,1.04444907e-07,4.88536251e-05,3.12894597e-05
6.49000000e+02,3.88188023e-01,-2.78004365e-05,-1.33756674e-04,1.05496453e-07,1.30063219e-03,-1.10079567e-04,3.29649506e-01,-3.08475026e-05,-1.29021412e-04,5.85385173e-02,3.04706611e-06,-4.73526166e-06,-2.86058123e-13,1.25331413e-03,-1.39838201e-04,1.05496739e-07,4.73180549e-05,2.97586336e-05
6.50000000e+02,3.88064079e-01,-3.27607931e-05,-1.38200480e-04,1.06608564e-07,1.33471796e-03,-1.66360744e-04,3.29518078e-01,-3.55557399e-05,-1.33599108e-04,5.85460012e-02,2.79494681e-06,-4.60137166e-06,-2.85524133e-13,1.28892966e-03,-1.94162060e-04,1.06608850e-07,4.57882979e-05,2.78013157e-05
6.51000000e+02,3.87946703e-01,-3.80273004e-05,-1.41124310e-04,1.07748530e-07,1.35542591e-03,-2.30395288e-04,3.29392253e-01,-4.07272651e-05,-1.36686661e-04,5.85544503e-02,2.69996486e-06,-4.43764915e-06,-2.83916073e-13,1.31120090e-03,-2.56514803e-04,1.07748814e-07,4.42250198e-05,2.61195155e-05
6.52000000e+02,3.87826616e-01,-4.44782136e-05,-1.43005008e-04,1.08940045e-07,1.36256471e-03,-3.03298231e-04,3.29264538e-01,-4.69092392e-05,-1.38700175e-04,5.85620781e-02,2.43102587e-06,-4.30483288e-06,-2.81552400e-13,1.31982052e-03,-3.27322984e-04,1.08940326e-07,4.27441909e-05,2.40247532e-05
6.53000000e+02,3.87712455e-01,-5.11191739e-05,-1.43158046e-04,1.10147967e-07,1.35506793e-03,-3.82097116e-04,3.29141784e-01,-5.34432111e-05,-1.39005751e-04,5.85706707e-02,2.32403694e-06,-4.15229407e-06,-2.77850126e-13,1.31376738e-03,-4.04323454e-04,1.10148245e-07,4.13005576e-05,2.22263389e-05
6.54000000e+02,3.87594934e-01,-5.87365212e-05,-1.42147080e-04,1.11392515e-07,1.33392036e-03,-4.68223396e-04,3.29016492e-01,-6.07871199e-05,-1.38122665e-04,5.85784416e-02,2.05059855e-06,-4.02441532e-06,-2.75012823e-13,1.29401692e-03,-4.88358880e-04,1.11392790e-07,3.99034325e-05,2.01354822e-05
6.55000000e+02,3.87482646e-01,-6.63973440e-05,-1.39367452e-04,1.12641611e-07,1.29792641e-03,-5.57596886e-04,3.28895466e-01,-6.83461781e-05,-1.35476665e-04,5.85871794e-02,1.94883422e-06,-3.89078729e-06,-2.73140856e-13,1.25925917e-03,-5.76013401e-04,1.12641883e-07,3.86672443e-05,1.84165150e-05
6.56000000e+02,3.87366363e-01,-7.48522368e-05,-1.35799033e-04,1.13914969e-07,1.25165064e-03,-6.51377387e-04,3.28771261e-01,-7.65494884e-05,-1.32012132e-04,5.85951025e-02,1.69725161e-06,-3.78690081e-06,-2.69965322e-13,1.21414440e-03,-6.67956156e-04,1.13915239e-07,3.75062354e-05,1.65787679e-05
6.57000000e+02,3.87254753e-01,-8.28970944e-05,-1.30677015e-04,1.15177820e-07,1.19335521e-03,-7.43528235e-04,3.28650745e-01,-8.45160967e-05,-1.26988803e-04,5.86040086e-02,1.61900227e-06,-3.68821245e-06,-2.66203698e-13,1.15670982e-03,-7.58649938e-04,1.15178086e-07,3.66453899e-05,1.51217009e-05
6.58000000e+02,3.87138673e-01,-9.14092967e-05,-1.25199136e-04,1.16447393e-07,1.13018116e-03,-8.36823804e-04,3.28526562e-01,-9.28075688e-05,-1.21584195e-04,5.86121114e-02,1.39827248e-06,-3.61494117e-06,-2.61822208e-13,1.09435009e-03,-8.50421643e-04,1.16447654e-07,3.58310785e-05,1.35978426e-05
6.59000000e+02,3.87026961e-01,-9.90939925e-05,-1.18470329e-04,1.17688917e-07,1.05850115e-03,-9.24392874e-04,3.28405750e-01,-1.00463561e-04,-1.14925256e-04,5.86212110e-02,1.36956894e-06,-3.54507341e-06,-2.58033096e-13,1.02323220e-03,-9.37015311e-04,1.17689175e-07,3.52689508e-05,1.26224366e-05
6.60000000e+02,3.86910561e-01,-1.06505204e-04,-1.11747438e-04,1.18923510e-07,9.85116923e-04,-1.00615327e-03,3.28281043e-01,-1.07700505e-04,-1.08251474e-04,5.86295172e-02,1.19530103e-06,-3.49596340e-06,-2.54605517e-13,9.50392314e-04,-1.01771907e-03,1.18923765e-07,3.47246097e-05,1.15657920e-05
6.61000000e+02,3.86798477e-01,-1.12872214e-04,-1.04245543e-04,1.20110586e-07,9.08091297e-04,-1.07922306e-03,3.28159636e-01,-1.14077955e-04,-1.00792708e-04,5.86388408e-02,1.20574111e-06,-3.45283520e-06,-2.51748813e-13,8.73610696e-04,-1.09021220e-03,1.20110837e-07,3.44806014e-05,1.09891364e-05
6.62000000e+02,3.86681810e-01,-1.18804048e-04,-9.68928938e-05,1.21267295e-07,8.32262484e-04,-1.14525775e-03,3.28034429e-01,-1.19883504e-04,-9.34538349e-05,5.86473821e-02,1.07945552e-06,-3.43905897e-06,-2.48034723e-13,7.97962327e-04,-1.15562312e-03,1.21267543e-07,3.43001554e-05,1.03653621e-05
6.63000000e+02,3.86569720e-01,-1.23352977e-04,-8.92598536e-05,1.22367643e-07,7.57333897e-04,-1.20010055e-03,3.27912774e-01,-1.24481770e-04,-8.58299253e-05,5.86569461e-02,1.12879266e-06,-3.42992821e-06,-2.43224507e-13,7.22942321e-04,-1.21029036e-03,1.22367886e-07,3.43915744e-05,1.01898135e-05
6.64000000e+02,3.86453459e-01,-1.27404984e-04,-8.21494917e-05,1.23426258e-07,6.86124783e-04,-1.24635452e-03,3.27787720e-01,-1.28443226e-04,-7.86900303e-05,5.86657391e-02,1.03824265e-06,-3.45946153e-06,-2.38718182e-13,6.51497078e-04,-1.25633975e-03,1.23426496e-07,3.46277085e-05,9.98523045e-06
6.65000000e+02,3.86342166e-01,-1.30157351e-04,-7.51721537e-05,1.24407735e-07,6.19903766e-04,-1.28125222e-03,3.27666602e-01,-1.31285353e-04,-7.16953953e-05,5.86755642e-02,1.12800225e-06,-3.47675835e-06,-2.33169491e-13,5.84903157e-04,-1.29145502e-03,1.24407968e-07,3.50006079e-05,1.02027963e-05
6.66000000e+02,3.86227157e-01,-1.32269733e-04,-6.87187905e-05,1.25339956e-07,5.58341177e-04,-1.30715065e-03,3.27542538e-01,-1.33330132e-04,-6.51851728e-05,5.86846186e-02,1.06039913e-06,-3.53361756e-06,-2.27289901e-13,5.22843834e-04,-1.31738868e-03,1.25340184e-07,3.54973470e-05,1.02380301e-05
6.67000000e+02,3.86117716e-01,-1.33283925e-04,-6.24878615e-05,1.26184819e-07,5.01527531e-04,-1.32344119e-03,3.27423010e-01,-1.34454969e-04,-5.89140495e-05,5.86947058e-02,1.17104417e-06,-3.57381198e-06,-2.21370413e-13,4.65477293e-04,-1.33414022e-03,1.26185040e-07,3.60502408e-05,1.06990233e-05
6.68000000e+02,3.86005109e-01,-1.33861355e-04,-5.69077810e-05,1.26974558e-07,4.49367570e-04,-1.33133765e-03,3.27301089e-01,-1.34992943e-04,-5.32663205e-05,5.87040201e-02,1.13158792e-06,-3.64146083e-06,-2.15559423e-13,4.12688370e-04,-1.34239746e-03,1.26974773e-07,3.66791994e-05,1.10598097e-05
6.69000000e+02,3.85898492e-01,-1.33098414e-04,-5.13447767e-05,1.27674349e-07,4.00934757e-04,-1.32774759e-03,3.27184131e-01,-1.34371747e-04,-4.76559699e-05,5.87143607e-02,1.27333362e-06,-3.68880664e-06,-2.07982264e-13,3.63625392e-04,-1.33958172e-03,1.27674556e-07,3.73093647e-05,1.18341287e-05
6.70000000e+02,3.85789116e-01,-1.31781547e-04,-4.62201711e-05,1.28316210e-07,3.55082163e-04,-1.31543791e-03,3.27065202e-01,-1.33034275e-04,-4.24555340e-05,5.87239146e-02,1.25272781e-06,-3.76463675e-06,-2.03630346e-13,3.17109161e-04,-1.32783619e-03,1.28316414e-07,3.79730011e-05,1.23982811e-05
6.71000000e+02,3.85686164e-01,-1.29224779e-04,-4.10245643e-05,1.28866677e-07,3.10654713e-04,-1.29203584e-03,3.26951678e-01,-1.30632281e-04,-3.72088771e-05,5.87344862e-02,1.40750183e-06,-3.81568708e-06,-1.98766752e-13,2.72028430e-04,-1.30536040e-03,1.28866876e-07,3.86262837e-05,1.33245556e-05
6.72000000e+02,3.85580791e-01,-1.26314067e-04,-3.61519343e-05,1.29362853e-07,2.67886067e-04,-1.26159722e-03,3.26836535e-01,-1.27713743e-04,-3.22673299e-05,5.87442560e-02,1.39967624e-06,-3.88460437e-06,-1.93370256e-13,2.28644576e-04,-1.27564219e-03,1.29363046e-07,3.92414912e-05,1.40449669e-05
6.73000000e+02,3.85482045e-01,-1.22215670e-04,-3.07690551e-05,1.29771471e-07,2.22968428e-04,-1.22102999e-03,3.26727014e-01,-1.23788843e-04,-2.68363815e-05,5.87550307e-02,1.57317277e-06,-3.93267361e-06,-1.88120529e-13,1.83109599e-04,-1.23616516e-03,1.29771659e-07,3.98588285e-05,1.51351658e-05
6.74000000e+02,3.85380964e-01,-1.17658553e-04,-2.56939836e-05,1.30130092e-07,1.79263471e-04,-1.17342723e-03,3.26615975e-01,-1.19235701e-04,-2.16863916e-05,5.87649893e-02,1.57714707e-06,-4.00759194e-06,-1.82746223e-13,1.38770875e-04,-1.18937377e-03,1.30130274e-07,4.04925956e-05,1.59465330e-05
6.75000000e+02,3.85286593e-01,-1.12019147e-04,-2.03366056e-05,1.30404944e-07,1.34960081e-04,-1.11688210e-03,3.26510652e-01,-1.13773417e-04,-1.62828890e-05,5.87759402e-02,1.75426994e-06,-4.05371660e-06,-1.79353567e-13,9.38938815e-05,-1.13393825e-03,1.30405123e-07,4.10661999e-05,1.70561494e-05
6.76000000e+02,3.85189962e-01,-1.06308395e-04,-1.51837378e-05,1.30636147e-07,9.08038617e-05,-1.05674621e-03,3.26403895e-01,-1.08053121e-04,-1.10604314e-05,5.87860675e-02,1.74472638e-06,-4.12330639e-06,-1.76232305e-13,4.91239201e-05,-1.07452457e-03,1.30636323e-07,4.16799413e-05,1.77783535e-05
6.77000000e+02,3.85099977e-01,-9.99591400e-05,-9.82421239e-06,1.30792578e-07,4.74514693e-05,-9.91816699e-04,3.26302797e-01,-1.01867465e-04,-5.65320714e-06,5.87971792e-02,1.90832515e-06,-4.17100521e-06,-1.73362728e-13,5.19969047e-06,-1.01055731e-03,1.30792752e-07,4.22517788e-05,1.87406091e-05
6.78000000e+02,3.85007462e-01,-9.37227419e-05,-4.95853243e-06,1.30912885e-07,6.71429224e-06,-9.26011837e-04,3.26200004e-01,-9.56139518e-05,-7.21222652e-07,5.88074582e-02,1.89120996e-06,-4.23730980e-06,-1.70216937e-13,-3.60951506e-05,-9.45346441e-04,1.30913056e-07,4.28094429e-05,1.93345993e-05
6.79000000e+02,3.84921410e-01,-8.69550134e-05,-2.04226778e-08,1.30968026e-07,-3.23057205e-05,-8.57317615e-04,3.26102688e-01,-8.89918009e-05,4.25597479e-06,5.88187227e-02,2.03678729e-06,-4.27639748e-06,-1.66132608e-13,-7.56006525e-05,-8.77429748e-04,1.30968192e-07,4.32949319e-05,2.01121331e-05
6.80000000e+02,3.84832626e-01,-8.07400286e-05,4.28143676e-06,1.30999003e-07,-6.72788862e-05,-7.90933650e-04,3.26003475e-01,-8.27297853e-05,8.61760258e-06,5.88291516e-02,1.98975675e-06,-4.33616586e-06,-1.61706154e-13,-1.11070615e-04,-8.11393367e-04,1.30999165e-07,4.37917288e-05,2.04597158e-05
6.81000000e+02,3.84750001e-01,-7.45046475e-05,8.52426214e-06,1.30974946e-07,-9.92718856e-05,-7.26102173e-04,3.25909436e-01,-7.66336097e-05,1.28901076e-05,5.88405651e-02,2.12896242e-06,-4.36584547e-06,-1.56726129e-13,-1.43427850e-04,-7.47236310e-04,1.30975103e-07,4.41559642e-05,2.11341402e-05
6.82000000e+02,3.84664226e-01,-6.85483042e-05,1.20839129e-05,1.30933987e-07,-1.26996394e-04,-6.62491579e-04,3.25813086e-01,-7.06184145e-05,1.64989347e-05,5.88511402e-02,2.07011010e-06,-4.41502180e-06,-1.51254945e-13,-1.71547010e-04,-6.83793779e-04,1.30934138e-07,4.45506158e-05,2.13022026e-05
6.83000000e+02,3.84584260e-01,-6.26939970e-05,1.53363357e-05,1.30847319e-07,-1.49388445e-04,-6.01944925e-04,3.25721559e-01,-6.48800330e-05,1.97648859e-05,5.88627004e-02,2.18603612e-06,-4.42855025e-06,-1.46231991e-13,-1.94145992e-04,-6.23690460e-04,1.30847465e-07,4.47575466e-05,2.17455373e-05
6.84000000e+02,3.84500779e-01,-5.75329454e-05,1.79101180e-05,1.30752453e-07,-1.67871905e-04,-5.45605790e-04,3.25627358e-01,-5.96238830e-05,2.23736516e-05,5.88734218e-02,2.09093772e-06,-4.46353365e-06,-1.41566223e-13,-2.12839535e-04,-5.67229323e-04,1.30752594e-07,4.49676301e-05,2.16235344e-05
6.85000000e+02,3.84422706e-01,-5.26784567e-05,2.01577934e-05,1.30621159e-07,-1.81521253e-04,-4.93724676e-04,3.25537578e-01,-5.48797911e-05,2.46162679e-05,5.88851282e-02,2.20133421e-06,-4.45847449e-06,-1.37097114e-13,-2.26494211e-04,-5.15668093e-04,1.30621297e-07,4.49729584e-05,2.19434170e-05
6.86000000e+02,3.84340741e-01,-4.82000770e-05,2.17580738e-05,1.30488660e-07,-1.91143458e-04,-4.44440591e-04,3.25444746e-01,-5.03007483e-05,2.62292355e-05,5.88959948e-02,2.10067145e-06,-4.47116173e-06,-1.31977663e-13,-2.36094398e-04,-4.66152999e-04,1.30488791e-07,4.49509401e-05,2.17124088e-05
6.87000000e+02,3.84263853e-01,-4.38058114e-05,2.31246456e-05,1.30325837e-07,-1.96960955e-04,-3.98036648e-04,3.25356007e-01,-4.59876793e-05,2.75699022e-05,5.89078455e-02,2.18186807e-06,-4.44525665e-06,-1.26943015e-13,-2.41687596e-04,-4.19804859e-04,1.30325964e-07,4.47266416e-05,2.17682110e-05
6.88000000e+02,3.84182812e-01,-4.02355909e-05,2.37308698e-05,1.30170418e-07,-1.98681278e-04,-3.57124055e-04,3.25263952e-01,-4.23000345e-05,2.81669404e-05,5.89188595e-02,2.06444370e-06,-4.43607064e-06,-1.21875348e-13,-2.43172851e-04,-3.78532993e-04,1.30170540e-07,4.44915726e-05,2.14089385e-05
6.89000000e+02,3.84106635e-01,-3.65811915e-05,2.41885684e-05,1.29993206e-07,-1.97224898e-04,-3.17166895e-04,3.25175773e-01,-3.87274017e-05,2.85870916e-05,5.89308624e-02,2.14621014e-06,-4.39852315e-06,-1.16144884e-13,-2.41347369e-04,-3.38577882e-04,1.29993322e-07,4.41224716e-05,2.14109877e-05
6.90000000e+02,3.84026203e-01,-3.32151009e-05,2.39383568e-05,1.29832640e-07,-1.91815096e-04,-2.79386097e-04,3.25084171e-01,-3.52407979e-05,2.83073243e-05,5.89420324e-02,2.02569691e-06,-4.36896752e-06,-1.10216936e-13,-2.35490965e-04,-3.00345812e-04,1.29832750e-07,4.36758686e-05,2.09597154e-05
6.91000000e+02,3.83950612e-01,-2.96548593e-05,2.35766447e-05,1.29654135e-07,-1.84265088e-04,-2.41845062e-04,3.24996420e-01,-3.17397619e-05,2.78859972e-05,5.89541916e-02,2.08490252e-06,-4.30935249e-06,-1.06289442e-13,-2.27354155e-04,-2.62609429e-04,1.29654242e-07,4.30890669e-05,2.07643671e-05
6.92000000e+02,3.83870824e-01,-2.65843524e-05,2.25765389e-05,1.29497918e-07,-1.73737641e-04,-2.07077962e-04,3.24905304e-01,-2.85348481e-05,2.68404411e-05,5.89655203e-02,1.95049580e-06,-4.26390223e-06,-1.00950487e-13,-2.16205700e-04,-2.27278106e-04,1.29498019e-07,4.24680588e-05,2.02001442e-05
6.93000000e+02,3.83796067e-01,-2.32372496e-05,2.15879130e-05,1.29334507e-07,-1.62030277e-04,-1.72261132e-04,3.24818220e-01,-2.52378572e-05,2.57816096e-05,5.89778469e-02,2.00060756e-06,-4.19369663e-06,-9.44038535e-14,-2.03780866e-04,-1.92116749e-04,1.29334601e-07,4.17505889e-05,1.98556172e-05
6.94000000e+02,3.83705001e-01,-2.02407932e-05,2.00189070e-05,1.28284695e-07,-1.48289865e-04,-1.40398093e-04,3.24717141e-01,-2.20674920e-05,2.41558346e-05,5.89878606e-02,1.82669882e-06,-4.13692759e-06,-8.79715099e-14,-1.89296958e-04,-1.59287740e-04,1.28284783e-07,4.10070927e-05,1.88896474e-05
6.95000000e+02,3.83615641e-01,-1.69364901e-05,1.85772197e-05,1.28152250e-07,-1.34838048e-04,-1.08178193e-04,3.24615987e-01,-1.88113302e-05,2.26111321e-05,5.89996535e-02,1.87484008e-06,-4.03391236e-06,-7.98609987e-14,-1.74809843e-04,-1.26709067e-04,1.28152330e-07,3.99717958e-05,1.85308746e-05
6.96000000e+02,3.83514597e-01,-1.42739585e-05,1.70086575e-05,1.27275700e-07,-1.23210421e-04,-8.07574359e-05,3.24504375e-01,-1.59605351e-05,2.09481151e-05,5.90102212e-02,1.68657657e-06,-3.93945768e-06,-7.13021361e-14,-1.62070239e-04,-9.81602757e-05,1.27275771e-07,3.88598188e-05,1.74028397e-05
6.97000000e+02,3.83422970e-01,-1.11989541e-05,1.57014460e-05,1.27278794e-07,-1.13949129e-04,-5.30270546e-05,3.24400145e-01,-1.29118730e-05,1.95322275e-05,5.90228259e-02,1.71291887e-06,-3.83078153e-06,-6.22972949e-14,-1.51706073e-04,-6.98038510e-05,1.27278856e-07,3.77569435e-05,1.67767966e-05
6.98000000e+02,3.83328716e-01,-8.81614047e-06,1.39627426e-05,1.26541220e-07,-1.03621561e-04,-3.18432676e-05,3.24294428e-01,-1.03170441e-05,1.76872919e-05,5.90342884e-02,1.50090366e-06,-3.72454937e-06,-5.23466717e-14,-1.40171065e-04,-4.72406499e-05,1.26541272e-07,3.65495030e-05,1.53973823e-05
6.99000000e+02,3.83248153e-01,-6.11787063e-06,1.25434535e-05,1.26661162e-07,-9.52846131e-05,-1.03810599e-05,3.24200694e-01,-7.63274900e-06,1.61462041e-05,5.90474596e-02,1.51487837e-06,-3.60275056e-06,-4.04837309e-14,-1.30635018e-04,-2.50570025e-05,1.26661203e-07,3.53504052e-05,1.46759426e-05
7.00000000e+02,3.83165428e-01,-4.20951579e-06,1.11076434e-05,1.26006332e-07,-8.89512647e-05,4.78639731e-06,3.24106231e-01,-5.50818242e-06,1.46080359e-05,5.90591964e-02,1.29866664e-06,-3.50039249e-06,-2.93050123e-14,-1.23158484e-04,-8.48565276e-06,1.26006361e-07,3.42072187e-05,1.32720501e-05
7.01000000e+02,3.83094136e-01,-2.12013817e-06,9.90081726e-06,1.26188460e-07,-8.38872063e-05,1.95235450e-05,3.24021724e-01,-3.42593559e-06,1.33019773e-05,5.90724107e-02,1.30579742e-06,-3.40116003e-06,-1.79304373e-14,-1.17153107e-04,6.95825539e-06,1.26188478e-07,3.32659005e-05,1.25652896e-05
7.02000000e+02,3.83018192e-01,-7.30389420e-07,8.54371364e-06,1.25577412e-07,-7.90798247e-05,2.80925994e-05,3.23934062e-01,-1.84268833e-06,1.18522159e-05,5.90841296e-02,1.11229892e-06,-3.30850225e-06,-7.11599736e-15,-1.11359762e-04,1.67704587e-05,1.25577419e-07,3.22799370e-05,1.13221407e-05
7.03000000e+02,3.82951994e-01,9.42007641e-07,7.60182696e-06,1.25790582e-07,-7.63936089e-05,3.73024358e-05,3.23854627e-01,-1.79175423e-07,1.08199095e-05,5.90973673e-02,1.12118306e-06,-3.21808256e-06,4.05224690e-15,-1.07869746e-04,2.66124127e-05,1.25790578e-07,3.14761373e-05,1.06900230e-05
7.04000000e+02,3.82880487e-01,1.74318360e-06,6.66958029e-06,1.25203679e-07,-7.52219014e-05,3.97893446e-05,3.23771291e-01,8.03113322e-07,9.82472432e-06,5.91091959e-02,9.40070283e-07,-3.15514403e-06,1.43799969e-14,-1.05973600e-04,3.01956670e-05,1.25203664e-07,3.07516988e-05,9.59367764e-06
7.05000000e+02,3.82818529e-01,2.89025111e-06,5.83133281e-06,1.25435713e-07,-7.40209307e-05,4.40416916e-05,3.23695952e-01,1.93637188e-06,8.91496183e-06,5.91225764e-02,9.53879227e-07,-3.08362904e-06,2.48830148e-14,-1.04157416e-04,3.50135991e-05,1.25435688e-07,3.01364853e-05,9.02809241e-06
7.06000000e+02,3.82751215e-01,3.31078776e-06,5.03864632e-06,1.24851163e-07,-7.39222768e-05,4.19849729e-05,3.23616653e-01,2.51819637e-06,8.06369064e-06,5.91345633e-02,7.92591379e-07,-3.02504432e-06,3.22518812e-14,-1.03443942e-04,3.39065912e-05,1.24851131e-07,2.95216650e-05,8.07838173e-06
7.07000000e+02,3.82693233e-01,4.18018674e-06,4.60132743e-06,1.25078943e-07,-7.52586165e-05,4.21303436e-05,3.23545154e-01,3.36231245e-06,7.58094634e-06,5.91480792e-02,8.17874288e-07,-2.97961892e-06,4.01880486e-14,-1.04395037e-04,3.44558613e-05,1.25078903e-07,2.91364201e-05,7.67448236e-06
7.08000000e+02,3.82629571e-01,4.27489635e-06,3.98755101e-06,1.24478120e-07,-7.62486341e-05,3.68676649e-05,3.23469384e-01,3.60368276e-06,6.93083462e-06,5.91601879e-02,6.71213606e-07,-2.94328362e-06,4.83760701e-14,-1.04983599e-04,2.99777624e-05,1.24478071e-07,2.87349651e-05,6.88990243e-06
7.09000000e+02,3.82574811e-01,4.72839174e-06,3.49551865e-06,1.24691221e-07,-7.70491314e-05,3.38851473e-05,3.23401000e-01,4.02303300e-06,6.40442946e-06,5.91738111e-02,7.05358714e-07,-2.90891081e-06,5.55632586e-14,-1.05536612e-04,2.72984835e-05,1.24691165e-07,2.84874810e-05,6.58666380e-06
7.10000000e+02,3.82514132e-01,4.56483169e-06,3.01585985e-06,1.24065144e-07,-7.80201252e-05,2.56607728e-05,3.23328092e-01,3.98408763e-06,5.89609717e-06,5.91860400e-02,5.80744071e-07,-2.88023734e-06,6.20825132e-14,-1.06208739e-04,1.96845499e-05,1.24065082e-07,2.81886142e-05,5.97622292e-06
7.11000000e+02,3.82462206e-01,4.88252605e-06,2.71238566e-06,1.24255657e-07,-7.90498262e-05,2.04598155e-05,3.23262413e-01,4.25621121e-06,5.57316200e-06,5.91997932e-02,6.26314830e-07,-2.86077636e-06,6.80136454e-14,-1.07112908e-04,1.46443510e-05,1.24255589e-07,2.80630814e-05,5.81546448e-06
7.12000000e+02,3.82404678e-01,4.44369230e-06,2.26804558e-06,1.23596800e-07,-7.96635893e-05,1.01538744e-05,3.23192502e-01,3.93096851e-06,5.10971378e-06,5.92121757e-02,5.12723758e-07,-2.84166820e-06,7.42059785e-14,-1.07550238e-04,4.80954234e-06,1.23596726e-07,2.78866481e-05,5.34433203e-06
7.13000000e+02,3.82356181e-01,4.45457453e-06,1.96889794e-06,1.23764626e-07,-7.99178050e-05,3.17776176e-06,3.23130103e-01,3.89150117e-06,4.80273102e-06,5.92260783e-02,5.63073346e-07,-2.83383309e-06,7.97943478e-14,-1.07783936e-04,-2.08103814e-06,1.23764547e-07,2.78661304e-05,5.25879992e-06
7.14000000e+02,3.82302503e-01,3.76928487e-06,1.60302540e-06,1.23067451e-07,-7.96444770e-05,-8.94840395e-06,3.23063880e-01,3.29661498e-06,4.42227220e-06,5.92386223e-02,4.72669885e-07,-2.81924680e-06,8.56270790e-14,-1.07409302e-04,-1.39087824e-05,1.23067366e-07,2.77648255e-05,4.96037842e-06
7.15000000e+02,3.82258032e-01,3.66886250e-06,1.38557558e-06,1.23201466e-07,-7.94732020e-05,-1.67886594e-05,3.23005356e-01,3.13989672e-06,4.20783011e-06,5.92526758e-02,5.28965788e-07,-2.82225453e-06,9.11927122e-14,-1.07321665e-04,-2.17784334e-05,1.23201375e-07,2.78484632e-05,4.98977403e-06
7.16000000e+02,3.82216126e-01,2.85905883e-06,1.08842148e-06,1.23337072e-07,-7.86732066e-05,-2.84988087e-05,3.22949768e-01,2.41195795e-06,3.90375320e-06,5.92663578e-02,4.47100880e-07,-2.81533171e-06,9.58619164e-14,-1.06504122e-04,-3.33254605e-05,1.23336976e-07,2.78309153e-05,4.82665180e-06
7.17000000e+02,3.82185282e-01,2.26142018e-06,9.71350294e-07,1.23399679e-07,-7.79793432e-05,-3.87336137e-05,3.22904250e-01,1.74436192e-06,3.79857381e-06,5.92810314e-02,5.17058255e-07,-2.82722352e-06,1.00214631e-13,-1.05954311e-04,-4.37209206e-05,1.23399579e-07,2.79749671e-05,4.98730692e-06
7.18000000e+02,3.82154677e-01,1.37622271e-06,6.80163622e-07,1.23423751e-07,-7.65617399e-05,-5.00802336e-05,3.22859974e-01,9.25640405e-07,3.50337942e-06,5.92947036e-02,4.50582301e-07,-2.82321580e-06,1.05594600e-13,-1.04554522e-04,-5.50051076e-05,1.23423645e-07,2.79927819e-05,4.92487390e-06
7.19000000e+02,3.82130861e-01,7.63578335e-07,6.15170875e-07,1.23389216e-07,-7.55887723e-05,-5.99149959e-05,3.22821701e-01,2.38432167e-07,3.44644137e-06,5.93091590e-02,5.25146170e-07,-2.83127050e-06,1.09889933e-13,-1.03655518e-04,-6.50386034e-05,1.23389106e-07,2.80667460e-05,5.12360733e-06
7.20000000e+02,3.82095311e-01,-2.17722879e-07,4.61816438e-07,1.22402841e-07,-7.43808272e-05,-7.10934876e-05,3.22773927e-01,-6.67473006e-07,3.29303034e-06,5.93213836e-02,4.49750129e-07,-2.83121391e-06,1.12168531e-13,-1.02482129e-04,-7.60875329e-05,1.22402729e-07,2.81013017e-05,4.99404534e-06
7.21000000e+02,3.82062259e-01,-9.98175185e-07,5.18797209e-07,1.22345946e-07,-7.37035581e-05,-8.09069662e-05,3.22727094e-01,-1.52377953e-06,3.35883271e-06,5.93351656e-02,5.25604344e-07,-2.84003551e-06,1.13970237e-13,-1.01934303e-04,-8.60993555e-05,1.22345832e-07,2.82307447e-05,5.19238936e-06
7.22000000e+02,3.82019668e-01,-2.10229989e-06,4.93897492e-07,1.21384248e-07,-7.14165352e-05,-9.19654421e-05,3.22672021e-01,-2.56932660e-06,3.34042446e-06,5.93476466e-02,4.67026710e-07,-2.84652697e-06,1.15934910e-13,-9.98203458e-05,-9.72078462e-05,1.21384132e-07,2.84038105e-05,5.24240400e-06
7.23000000e+02,3.81984747e-01,-2.84011850e-06,7.05194853e-07,1.21297421e-07,-6.96287912e-05,-9.97145687e-05,3.22622803e-01,-3.40352332e-06,3.57855230e-06,5.93619436e-02,5.63404827e-07,-2.87335745e-06,1.18906514e-13,-9.83385344e-05,-1.05419853e-04,1.21297301e-07,2.87097433e-05,5.70528362e-06
7.24000000e+02,3.81947004e-01,-3.87316646e-06,7.05887844e-07,1.20284233e-07,-6.59197992e-05,-1.07630522e-04,3.22571878e-01,-4.40162348e-06,3.60109301e-06,5.93751253e-02,5.28457039e-07,-2.89520516e-06,1.22976829e-13,-9.49597292e-05,-1.13624717e-04,1.20284110e-07,2.90399303e-05,5.99419463e-06
7.25000000e+02,3.81920466e-01,-4.51466663e-06,9.62219042e-07,1.20161315e-07,-6.26015881e-05,-1.12637323e-04,3.22530580e-01,-5.15115194e-06,3.89058418e-06,5.93898864e-02,6.36485299e-07,-2.92836514e-06,1.28424198e-13,-9.19874197e-05,-1.19201477e-04,1.20161187e-07,2.93858318e-05,6.56415401e-06
7.26000000e+02,3.81892137e-01,-5.39573014e-06,1.09118339e-06,1.19125223e-07,-5.82597250e-05,-1.17964711e-04,3.22488835e-01,-6.00312868e-06,4.03643365e-06,5.94033023e-02,6.07398568e-07,-2.94525028e-06,1.33088139e-13,-8.78991528e-05,-1.24831305e-04,1.19125090e-07,2.96394277e-05,6.86659468e-06
7.27000000e+02,3.81873358e-01,-5.93378032e-06,1.39947267e-06,1.18997966e-07,-5.48609323e-05,-1.20863014e-04,3.22455279e-01,-6.65025366e-06,4.37335198e-06,5.94180790e-02,7.16473328e-07,-2.97387929e-06,1.37809750e-13,-8.47317958e-05,-1.28284765e-04,1.18997827e-07,2.98708632e-05,7.42175056e-06
7.28000000e+02,3.81850603e-01,-6.61108257e-06,1.54402664e-06,1.17959524e-07,-5.07899492e-05,-1.23770004e-04,3.22419169e-01,-7.29972802e-06,4.52343232e-06,5.94314342e-02,6.88645432e-07,-2.97940566e-06,1.41895078e-13,-8.07811670e-05,-1.31473322e-04,1.17959383e-07,2.99912177e-05,7.70331820e-06
7.29000000e+02,3.81835528e-01,-6.92120702e-06,1.91844896e-06,1.17835444e-07,-4.77136084e-05,-1.23951201e-04,3.22389350e-01,-7.70904077e-06,4.91479232e-06,5.94461778e-02,7.87833729e-07,-2.99634336e-06,1.48369791e-13,-7.78035461e-05,-1.32153135e-04,1.17835295e-07,3.00899375e-05,8.20193333e-06
7.30000000e+02,3.81816026e-01,-7.39763725e-06,2.17826537e-06,1.16798492e-07,-4.41418595e-05,-1.23953485e-04,3.22356423e-01,-8.15294167e-06,5.15946682e-06,5.94596030e-02,7.55304422e-07,-2.98120146e-06,1.55457102e-13,-7.41873787e-05,-1.32354071e-04,1.16798336e-07,3.00455191e-05,8.40058643e-06
7.31000000e+02,3.81804166e-01,-7.53572311e-06,2.57795260e-06,1.16678362e-07,-4.15182022e-05,-1.21903391e-04,3.22329709e-01,-8.38991914e-06,5.56839298e-06,5.94744571e-02,8.54196034e-07,-2.99044038e-06,1.64501608e-13,-7.15393870e-05,-1.30764438e-04,1.16678198e-07,3.00211848e-05,8.86104644e-06
7.32000000e+02,3.81788165e-01,-7.71286848e-06,2.80521368e-06,1.15646201e-07,-3.82429909e-05,-1.19136192e-04,3.22300150e-01,-8.52322089e-06,5.77116734e-06,5.94880142e-02,8.10352383e-07,-2.96595367e-06,1.73037597e-13,-6.80753886e-05,-1.28111738e-04,1.15646028e-07,2.98323978e-05,8.97554593e-06
7.33000000e+02,3.81779653e-01,-7.71607892e-06,3.15752232e-06,1.15534252e-07,-3.57352691e-05,-1.14816275e-04,3.22276673e-01,-8.61300155e-06,6.11716877e-06,5.95029800e-02,8.96922623e-07,-2.95964644e-06,1.80430528e-13,-6.53954100e-05,-1.24149449e-04,1.15534072e-07,2.96601406e-05,9.33317419e-06
7.34000000e+02,3.81767032e-01,-7.76350556e-06,3.33981664e-06,1.14516171e-07,-3.27528475e-05,-1.10123184e-04,3.22250403e-01,-8.60890271e-06,6.25988278e-06,5.95166285e-02,8.45397154e-07,-2.92006615e-06,1.88070435e-13,-6.20658926e-05,-1.19453348e-04,1.14515983e-07,2.93130450e-05,9.33016413e-06
7.35000000e+02,3.81761392e-01,-7.57610686e-06,3.60038834e-06,1.14420089e-07,-3.04442616e-05,-1.03992900e-04,3.22229736e-01,-8.50201262e-06,6.50428829e-06,5.95316557e-02,9.25905742e-07,-2.90389995e-06,1.96380068e-13,-5.94665828e-05,-1.13587197e-04,1.14419892e-07,2.90223212e-05,9.59429786e-06
7.36000000e+02,3.81751325e-01,-7.41686389e-06,3.68410906e-06,1.13421875e-07,-2.76167341e-05,-9.76892232e-05,3.22205956e-01,-8.27613539e-06,6.53094636e-06,5.95453684e-02,8.59271513e-07,-2.84683728e-06,2.03755825e-13,-5.61378070e-05,-1.07143768e-04,1.13421671e-07,2.85210730e-05,9.45454525e-06
7.37000000e+02,3.81747883e-01,-7.16927355e-06,3.89036714e-06,1.13351864e-07,-2.56707645e-05,-9.06597550e-05,3.22187423e-01,-8.09477537e-06,6.71196628e-06,5.95604603e-02,9.25501795e-07,-2.82159914e-06,2.10204701e-13,-5.37977334e-05,-1.00265533e-04,1.13351653e-07,2.81269688e-05,9.60577847e-06
7.38000000e+02,3.81743891e-01,-6.94314967e-06,3.97007736e-06,1.13316469e-07,-2.36904068e-05,-8.39007116e-05,3.22168855e-01,-7.79401891e-06,6.72309692e-06,5.95750354e-02,8.50869219e-07,-2.75301956e-06,2.16776467e-13,-5.12160852e-05,-9.32255553e-05,1.13316252e-07,2.75256787e-05,9.32484393e-06
7.39000000e+02,3.81743623e-01,-6.57906089e-06,4.05924926e-06,1.12294024e-07,-2.18753321e-05,-7.65856058e-05,3.22153878e-01,-7.48956881e-06,6.78076381e-06,5.95897445e-02,9.10507906e-07,-2.72151455e-06,2.23237967e-13,-4.89122317e-05,-8.59601954e-05,1.12293800e-07,2.70368997e-05,9.37458961e-06
7.40000000e+02,3.81739856e-01,-6.14589230e-06,4.01512785e-06,1.12245338e-07,-2.00417034e-05,-6.88892974e-05,3.22135933e-01,-6.97169988e-06,6.66224908e-06,5.96039228e-02,8.25807585e-07,-2.64712125e-06,2.30582356e-13,-4.64438407e-05,-7.79368041e-05,1.12245108e-07,2.64021373e-05,9.04750695e-06
7.41000000e+02,3.81740037e-01,-5.79138944e-06,4.05159601e-06,1.11274449e-07,-1.84361150e-05,-6.13855107e-05,3.22121403e-01,-6.66882902e-06,6.66465083e-06,5.96186342e-02,8.77439580e-07,-2.61305484e-06,2.34716311e-13,-4.43057845e-05,-7.04129530e-05,1.11274214e-07,2.58696695e-05,9.02744224e-06
7.42000000e+02,3.81737016e-01,-5.29545893e-06,3.95286724e-06,1.11263417e-07,-1.70272176e-05,-5.37070747e-05,3.22104083e-01,-6.08967821e-06,6.48791915e-06,5.96329332e-02,7.94219303e-07,-2.53505195e-06,2.38542430e-13,-4.22296725e-05,-6.23498087e-05,1.11263178e-07,2.52024549e-05,8.64273434e-06
7.43000000e+02,3.81739078e-01,-4.74448980e-06,3.87057404e-06,1.10329143e-07,-1.58616913e-05,-4.63286960e-05,3.22091265e-01,-5.58115246e-06,6.36194659e-06,5.96478130e-02,8.36662693e-07,-2.49137257e-06,2.41790392e-13,-4.04423489e-05,-5.48426997e-05,1.10328901e-07,2.45806577e-05,8.51400362e-06
7.44000000e+02,3.81738465e-01,-4.20974544e-06,3.70485995e-06,1.10350121e-07,-1.50162723e-05,-3.93892573e-05,3.22076222e-01,-4.94432597e-06,6.11410255e-06,5.96622434e-02,7.34580499e-07,-2.40924260e-06,2.45406394e-13,-3.88624968e-05,-4.74028922e-05,1.10349875e-07,2.38462245e-05,8.01363492e-06
7.45000000e+02,3.81743675e-01,-3.83074305e-06,3.54797615e-06,1.09449618e-07,-1.44494113e-05,-3.34507202e-05,3.22066418e-01,-4.60271725e-06,5.90913489e-06,5.96772567e-02,7.71974214e-07,-2.36115876e-06,2.48243898e-13,-3.76296676e-05,-4.12488350e-05,1.09449370e-07,2.31802564e-05,7.79811483e-06
7.46000000e+02,3.81746354e-01,-3.31049448e-06,3.33253956e-06,1.09501401e-07,-1.41005032e-05,-2.78644164e-05,3.22054584e-01,-3.97946391e-06,5.60754244e-06,5.96917688e-02,6.68969439e-07,-2.27500288e-06,2.50525829e-13,-3.65340307e-05,-3.51227824e-05,1.09501151e-07,2.24335275e-05,7.25836594e-06
7.47000000e+02,3.81755081e-01,-2.92034065e-06,3.07895271e-06,1.08625212e-07,-1.38306488e-05,-2.32653054e-05,3.22048228e-01,-3.61786135e-06,5.30616886e-06,5.97068533e-02,6.97520703e-07,-2.22721616e-06,2.50963996e-13,-3.55948036e-05,-3.02583484e-05,1.08624961e-07,2.17641548e-05,6.99304308e-06
7.48000000e+02,3.81760899e-01,-2.55507013e-06,2.81083089e-06,1.08700604e-07,-1.39682404e-05,-1.93611322e-05,3.22039496e-01,-3.14642072e-06,4.95242408e-06,5.97214032e-02,5.91350582e-07,-2.14159319e-06,2.51815997e-13,-3.50026143e-05,-2.58030704e-05,1.08700352e-07,2.10343739e-05,6.44193816e-06
7.49000000e+02,3.81772678e-01,-2.29791149e-06,2.56116552e-06,1.07844805e-07,-1.42947345e-05,-1.62684495e-05,3.22036149e-01,-2.91723720e-06,4.65546853e-06,5.97365296e-02,6.19325708e-07,-2.09430300e-06,2.51542369e-13,-3.46855837e-05,-2.24228969e-05,1.07844554e-07,2.03908492e-05,6.15444737e-06
7.50000000e+02,3.81781307e-01,-1.97105040e-06,2.32207089e-06,1.07935679e-07,-1.49658103e-05,-1.37169851e-05,3.22030187e-01,-2.48547950e-06,4.33640457e-06,5.97511204e-02,5.14429104e-07,-2.01433368e-06,2.50266031e-13,-3.46696101e-05,-1.93184066e-05,1.07935429e-07,1.97037998e-05,5.60142150e-06
7.51000000e+02,3.81796063e-01,-1.76279884e-06,2.02919901e-06,1.07093018e-07,-1.55967414e-05,-1.19596392e-05,3.22029760e-01,-2.30841707e-06,3.99991329e-06,5.97663028e-02,5.45618225e-07,-1.97071427e-06,2.48189041e-13,-3.46980606e-05,-1.72987886e-05,1.07092770e-07,1.91013192e-05,5.33914936e-06
7.52000000e+02,3.81807429e-01,-1.42743743e-06,1.75291551e-06,1.07195808e-07,-1.66929472e-05,-1.02415393e-05,3.22026495e-01,-1.86861418e-06,3.64633999e-06,5.97809340e-02,4.41176756e-07,-1.89342449e-06,2.45819003e-13,-3.51590568e-05,-1.50547433e-05,1.07195562e-07,1.84661096e-05,4.81320404e-06
7.53000000e+02,3.81824840e-01,-1.21971466e-06,1.55658306e-06,1.06359287e-07,-1.80804325e-05,-9.22017559e-06,3.22028681e-01,-1.69506543e-06,3.41108352e-06,5.97961589e-02,4.75350770e-07,-1.85450046e-06,2.43816327e-13,-3.60172129e-05,-1.38144647e-05,1.06359043e-07,1.79367803e-05,4.59428911e-06
7.54000000e+02,3.81838599e-01,-8.50653569e-07,1.38899939e-06,1.06460722e-07,-1.95976132e-05,-7.98685231e-06,3.22027769e-01,-1.22962282e-06,3.17315796e-06,5.98108298e-02,3.78969248e-07,-1.78415858e-06,2.41703835e-13,-3.69787262e-05,-1.21130406e-05,1.06460480e-07,1.73811130e-05,4.12618821e-06
7.55000000e+02,3.81858514e-01,-5.75481150e-07,1.16899668e-06,1.05622586e-07,-2.10225068e-05,-7.33905009e-06,3.22032419e-01,-9.96072200e-07,2.92768565e-06,5.98260955e-02,4.20591053e-07,-1.75868898e-06,2.38980891e-13,-3.79719275e-05,-1.13101463e-05,1.05622347e-07,1.69494206e-05,3.97109618e-06
7.56000000e+02,3.81874420e-01,-1.21730296e-07,9.69828278e-07,1.05718132e-07,-2.25089885e-05,-6.35875432e-06,3.22033629e-01,-4.51664740e-07,2.66364576e-06,5.98407917e-02,3.29934445e-07,-1.69381748e-06,2.35916422e-13,-3.89908169e-05,-9.93008600e-06,1.05717897e-07,1.64818284e-05,3.57133166e-06
7.57000000e+02,3.81896393e-01,1.82611334e-07,8.29931428e-07,1.04871958e-07,-2.39389167e-05,-5.93234384e-06,3.22040300e-01,-1.92656678e-07,2.50266957e-06,5.98560924e-02,3.75268012e-07,-1.67273814e-06,2.33318302e-13,-4.00843493e-05,-9.42299920e-06,1.04871725e-07,1.61454326e-05,3.49065535e-06
7.58000000e+02,3.81914240e-01,6.32913672e-07,7.00357875e-07,1.04955758e-07,-2.51484321e-05,-5.31377763e-06,3.22043416e-01,3.40483075e-07,2.32178530e-06,5.98708240e-02,2.92430598e-07,-1.62142743e-06,2.31717587e-13,-4.09390617e-05,-8.48140193e-06,1.04955526e-07,1.57906297e-05,3.16762431e-06
7.59000000e+02,3.81938327e-01,9.86334932e-07,5.05202701e-07,1.04094640e-07,-2.58668513e-05,-5.13935619e-06,3.22052161e-01,6.40657708e-07,2.11865028e-06,5.98861664e-02,3.45677226e-07,-1.61344758e-06,2.31517572e-13,-4.14346883e-05,-8.31215129e-06,1.04094409e-07,1.55678370e-05,3.17279508e-06
7.60000000e+02,3.81958025e-01,1.46104952e-06,3.10896433e-07,1.04160158e-07,-2.63372602e-05,-4.67883938e-06,3.22057095e-01,1.19164995e-06,1.88166618e-06,5.99009299e-02,2.69399565e-07,-1.57076975e-06,2.33028629e-13,-4.16427879e-05,-7.62072787e-06,1.04159925e-07,1.53055277e-05,2.94188847e-06
7.61000000e+02,3.81984023e-01,1.72419646e-06,1.16353107e-07,1.03280993e-07,-2.64044960e-05,-4.62354196e-06,3.22067715e-01,1.39257894e-06,1.68772010e-06,5.99163084e-02,3.31617512e-07,-1.57136699e-06,2.35421313e-13,-4.15874391e-05,-7.66967900e-06,1.03280757e-07,1.51829431e-05,3.04613704e-06
7.62000000e+02,3.82005580e-01,2.22807825e-06,-8.99823799e-08,1.03328213e-07,-2.61077386e-05,-3.82315863e-06,3.22074473e-01,1.96146174e-06,1.44581253e-06,5.99311073e-02,2.66616511e-07,-1.53579491e-06,2.39256699e-13,-4.11274533e-05,-6.72959322e-06,1.03327974e-07,1.50197147e-05,2.90643460e-06
7.63000000e+02,3.82033622e-01,2.64123486e-06,-3.44687942e-07,1.02428311e-07,-2.50966654e-05,-3.06020313e-06,3.22087099e-01,2.30240676e-06,1.20587702e-06,5.99465228e-02,3.38828092e-07,-1.55056496e-06,2.42372725e-13,-4.01055958e-05,-6.17980539e-06,1.02428069e-07,1.50089304e-05,3.11960227e-06
7.64000000e+02,3.82056965e-01,3.21293918e-06,-6.56738051e-07,1.02453162e-07,-2.37224484e-05,-1.31358840e-06,3.22095622e-01,2.93499153e-06,8.64907468e-07,5.99613423e-02,2.77947649e-07,-1.52164552e-06,2.46788364e-13,-3.86378742e-05,-4.37747458e-06,1.02452915e-07,1.49154258e-05,3.06388619e-06
7.65000000e+02,3.82086822e-01,3.59880204e-06,-8.95507178e-07,1.01531727e-07,-2.19739428e-05,5.54612134e-07,3.22110031e-01,3.24127279e-06,6.47300099e-07,5.99767905e-02,3.57529251e-07,-1.54280727e-06,2.52976119e-13,-3.69540052e-05,-2.80481878e-06,1.01531474e-07,1.49800624e-05,3.35943092e-06
7.66000000e+02,3.82111874e-01,4.27930349e-06,-1.15908968e-06,1.01534935e-07,-1.99582033e-05,3.52109604e-06,3.22120234e-01,3.96820855e-06,3.58325249e-07,5.99916403e-02,3.11094931e-07,-1.51741493e-06,2.58309439e-13,-3.49016600e-05,1.22196256e-07,1.01534677e-07,1.49434566e-05,3.39889979e-06
7.67000000e+02,3.82143709e-01,4.86638792e-06,-1.45689418e-06,1.00592241e-07,-1.72447341e-05,6.95873687e-06,3.22136589e-01,4.47369995e-06,9.01885916e-08,6.00071196e-02,3.92687976e-07,-1.54708277e-06,2.64081054e-13,-3.23140879e-05,3.19622007e-06,1.00591977e-07,1.50693538e-05,3.76251680e-06
7.68000000e+02,3.82170493e-01,5.61127791e-06,-1.78005640e-06,1.00576473e-07,-1.45765808e-05,1.14845079e-05,3.22148509e-01,5.26138131e-06,-2.57815639e-07,6.00219842e-02,3.49896603e-07,-1.52224076e-06,2.69881603e-13,-2.96343529e-05,7.62209922e-06,1.00576203e-07,1.50577721e-05,3.86240870e-06
7.69000000e+02,3.82204011e-01,6.16372755e-06,-1.98380217e-06,9.96150930e-08,-1.13739165e-05,1.64478822e-05,3.22166523e-01,5.72437934e-06,-4.30123326e-07,6.00374884e-02,4.39348215e-07,-1.55367885e-06,2.75433100e-13,-2.65813112e-05,1.21573862e-05,9.96148178e-08,1.52073947e-05,4.29049602e-06
7.70000000e+02,3.82232397e-01,7.06795797e-06,-2.20821109e-06,9.95816998e-08,-8.60726094e-06,2.29804125e-05,3.22180015e-01,6.66566450e-06,-6.71562512e-07,6.00523815e-02,4.02293477e-07,-1.53664858e-06,2.81799012e-13,-2.38643301e-05,1.85415956e-05,9.95814182e-08,1.52570691e-05,4.43881687e-06
7.71000000e+02,3.82267714e-01,7.88589266e-06,-2.47971925e-06,9.86044367e-08,-4.69381150e-06,3.02731206e-05,3.22199805e-01,7.39035040e-06,-9.07902708e-07,6.00679094e-02,4.95542253e-07,-1.57181655e-06,2.88905172e-13,-2.01394813e-05,2.53640809e-05,9.86041479e-08,1.54456698e-05,4.90903965e-06
7.72000000e+02,3.82297669e-01,8.92903520e-06,-2.73284224e-06,9.85574350e-08,-1.06198891e-06,3.90210119e-05,3.22214853e-01,8.46718635e-06,-1.17859596e-06,6.00828168e-02,4.61848860e-07,-1.55424628e-06,2.94064353e-13,-1.65443027e-05,3.39266738e-05,9.85571408e-08,1.54823139e-05,5.09433821e-06
7.73000000e+02,3.82334521e-01,9.83088153e-06,-2.92961908e-06,9.75692950e-08,3.06254101e-06,4.85912875e-05,3.22236156e-01,9.27445308e-06,-1.33925890e-06,6.00983646e-02,5.56428473e-07,-1.59036018e-06,2.98431912e-13,-1.26077684e-05,4.30115560e-05,9.75689969e-08,1.56703094e-05,5.57973155e-06
7.74000000e+02,3.82367082e-01,1.10764301e-05,-3.19696250e-06,9.66312520e-08,7.72421345e-06,5.99757626e-05,3.22254170e-01,1.05490830e-05,-1.62216049e-06,6.01129118e-02,5.27347119e-07,-1.57480200e-06,3.02120832e-13,-8.04544410e-06,5.41638690e-05,9.66309495e-08,1.57696575e-05,5.81189324e-06
7.75000000e+02,3.82405420e-01,1.22007083e-05,-3.46513194e-06,9.57203087e-08,1.32999135e-05,7.20706767e-05,3.22276971e-01,1.15763974e-05,-1.84829128e-06,6.01284498e-02,6.24310889e-07,-1.61684066e-06,3.06800087e-13,-2.70497401e-06,6.57468144e-05,9.57200018e-08,1.60048876e-05,6.32386233e-06
7.76000000e+02,3.82438646e-01,1.35109390e-05,-3.78793711e-06,9.57108863e-08,1.88925495e-05,8.49177807e-05,3.22295254e-01,1.29203198e-05,-2.18767338e-06,6.01433919e-02,5.90619212e-07,-1.60026373e-06,3.11246474e-13,2.84353653e-06,7.84126447e-05,9.57105750e-08,1.60490129e-05,6.50513618e-06
7.77000000e+02,3.82478699e-01,1.45296233e-05,-4.09784045e-06,9.47798605e-08,2.50276127e-05,9.74976922e-05,3.22319639e-01,1.38550602e-05,-2.46557771e-06,6.01590595e-02,6.74563094e-07,-1.63226275e-06,3.13537742e-13,8.85151096e-06,9.05871441e-05,9.47795468e-08,1.61761017e-05,6.91054826e-06
7.78000000e+02,3.82512892e-01,1.56347426e-05,-4.42177249e-06,9.47516769e-08,3.09156801e-05,1.09801533e-04,3.22338876e-01,1.50002228e-05,-2.81666264e-06,6.01740151e-02,6.34519876e-07,-1.60510986e-06,3.16326492e-13,1.47921576e-05,1.02793374e-04,9.47513603e-08,1.61235224e-05,7.00815907e-06
7.79000000e+02,3.82554084e-01,1.64915420e-05,-4.77796293e-06,9.38062928e-08,3.73176071e-05,1.21587299e-04,3.22364446e-01,1.57815478e-05,-3.14528786e-06,6.01896380e-02,7.09994168e-07,-1.63267506e-06,3.19058368e-13,2.11518687e-05,1.14274903e-04,9.38059738e-08,1.61657383e-05,7.31239571e-06
7.80000000e+02,3.82591247e-01,1.73626105e-05,-5.19571077e-06,9.29112162e-08,4.38319823e-05,1.33144290e-04,3.22386974e-01,1.67030421e-05,-3.59783172e-06,6.02042735e-02,6.59568372e-07,-1.59787906e-06,3.22309718e-13,2.77745737e-05,1.25807334e-04,9.29108938e-08,1.60574086e-05,7.33695645e-06
7.81000000e+02,3.82634678e-01,1.78341618e-05,-5.48358461e-06,9.20460122e-08,5.03239950e-05,1.43525705e-04,3.22414775e-01,1.71032124e-05,-3.86624019e-06,6.02199025e-02,7.30949311e-07,-1.61734444e-06,3.25146313e-13,3.42860937e-05,1.35925122e-04,9.20456869e-08,1.60379014e-05,7.60058404e-06
7.82000000e+02,3.82672914e-01,1.83905718e-05,-5.80629286e-06,9.20641062e-08,5.62611680e-05,1.53236884e-04,3.22438053e-01,1.77188156e-05,-4.23054452e-06,6.02348605e-02,6.71756200e-07,-1.57574835e-06,3.25720357e-13,4.04240971e-05,1.45710598e-04,9.20637804e-08,1.58370708e-05,7.52628585e-06
7.83000000e+02,3.82718250e-01,1.85801289e-05,-6.12674296e-06,9.11828268e-08,6.21924840e-05,1.61375750e-04,3.22467714e-01,1.78449264e-05,-4.53950486e-06,6.02505367e-02,7.35202499e-07,-1.58723811e-06,3.26259972e-13,4.64974143e-05,1.53706631e-04,9.11825005e-08,1.56950696e-05,7.66911927e-06
7.84000000e+02,3.82759011e-01,1.88350518e-05,-6.41621320e-06,9.03461541e-08,6.75067526e-05,1.68745710e-04,3.22493847e-01,1.81638155e-05,-4.88411892e-06,6.02651640e-02,6.71236407e-07,-1.53209427e-06,3.26106550e-13,5.21278334e-05,1.61224277e-04,9.03458278e-08,1.53789192e-05,7.52143244e-06
7.85000000e+02,3.82805226e-01,1.87255170e-05,-6.51390068e-06,8.95368213e-08,7.20312091e-05,1.74702072e-04,3.22524474e-01,1.79966547e-05,-4.97930409e-06,6.02807530e-02,7.28862369e-07,-1.53459660e-06,3.24421032e-13,5.68490432e-05,1.67086090e-04,8.95364969e-08,1.51821661e-05,7.61598155e-06
7.86000000e+02,3.82845522e-01,1.87880982e-05,-6.63381278e-06,8.95874551e-08,7.59027311e-05,1.79992494e-04,3.22549864e-01,1.81252788e-05,-5.15711102e-06,6.02956581e-02,6.62819372e-07,-1.47670175e-06,3.22217818e-13,6.10883106e-05,1.72588995e-04,8.95871332e-08,1.48144204e-05,7.40350011e-06
7.87000000e+02,3.82892879e-01,1.86203397e-05,-6.72246944e-06,8.87598917e-08,7.94169671e-05,1.83881745e-04,3.22581581e-01,1.79069948e-05,-5.24829508e-06,6.03112989e-02,7.13344921e-07,-1.47417434e-06,3.20563466e-13,6.48977475e-05,1.76493125e-04,8.87595712e-08,1.45192196e-05,7.38862099e-06
7.88000000e+02,3.82935892e-01,1.85658654e-05,-6.75532537e-06,8.79762191e-08,8.18040604e-05,1.86968110e-04,3.22609975e-01,1.79256702e-05,-5.34837411e-06,6.03259172e-02,6.40195271e-07,-1.40695127e-06,3.19013734e-13,6.77313102e-05,1.79850738e-04,8.79759001e-08,1.40727501e-05,7.11737269e-06
7.89000000e+02,3.82984708e-01,1.82210429e-05,-6.67577769e-06,8.72175571e-08,8.35140115e-05,1.89156098e-04,3.22643202e-01,1.75348865e-05,-5.27381537e-06,6.03415059e-02,6.86156387e-07,-1.40196229e-06,3.17264669e-13,6.97517169e-05,1.82080749e-04,8.72172396e-08,1.37622945e-05,7.07534829e-06
7.90000000e+02,3.83027617e-01,1.81137265e-05,-6.62126342e-06,8.73002377e-08,8.47140111e-05,1.90919739e-04,3.22671232e-01,1.74986980e-05,-5.28415844e-06,6.03563857e-02,6.15028496e-07,-1.33710496e-06,3.15130898e-13,7.13927277e-05,1.84135268e-04,8.72999226e-08,1.33212834e-05,6.78447153e-06
7.91000000e+02,3.83077697e-01,1.78712289e-05,-6.59916687e-06,8.65175052e-08,8.56141135e-05,1.92195421e-04,3.22705709e-01,1.72139925e-05,-5.26575072e-06,6.03719875e-02,6.57236354e-07,-1.33341613e-06,3.13380633e-13,7.26334480e-05,1.85502980e-04,8.65171920e-08,1.29806658e-05,6.69244055e-06
7.92000000e+02,3.83123427e-01,1.78549307e-05,-6.60488894e-06,8.57771006e-08,8.56804984e-05,1.93444473e-04,3.22736859e-01,1.72752024e-05,-5.34339956e-06,6.03865674e-02,5.79728289e-07,-1.26148939e-06,3.10882320e-13,7.31824252e-05,1.87086542e-04,8.57767898e-08,1.24980733e-05,6.35793180e-06
7.93000000e+02,3.83174950e-01,1.76212299e-05,-6.51432527e-06,8.50597292e-08,8.54614149e-05,1.94430207e-04,3.22772833e-01,1.69999369e-05,-5.25689100e-06,6.04021167e-02,6.21292991e-07,-1.25743426e-06,3.09538161e-13,7.32971700e-05,1.88160578e-04,8.50594195e-08,1.21642448e-05,6.26962884e-06
7.94000000e+02,3.83220288e-01,1.77184000e-05,-6.50720925e-06,8.51649685e-08,8.49499986e-05,1.96167973e-04,3.22803350e-01,1.71699619e-05,-5.31697010e-06,6.04169381e-02,5.48438101e-07,-1.19023912e-06,3.09081433e-13,7.32379521e-05,1.90205295e-04,8.51646597e-08,1.17120463e-05,5.96267732e-06
7.95000000e+02,3.83272642e-01,1.78890667e-05,-6.57600712e-06,8.44162259e-08,8.44848983e-05,1.98952037e-04,3.22840162e-01,1.73043159e-05,-5.38460978e-06,6.04324801e-02,5.84750876e-07,-1.19139734e-06,3.09376302e-13,7.30729659e-05,1.93131739e-04,8.44159166e-08,1.14119325e-05,5.82029853e-06
7.96000000e+02,3.83320563e-01,1.82064992e-05,-6.70747787e-06,8.37083169e-08,8.37747203e-05,2.01289461e-04,3.22873556e-01,1.76982759e-05,-5.59063690e-06,6.04470070e-02,5.08223350e-07,-1.11684098e-06,3.11114890e-13,7.28383536e-05,1.95783028e-04,8.37080057e-08,1.09363664e-05,5.50643366e-06
7.97000000e+02,3.83374284e-01,1.83813264e-05,-6.67284931e-06,8.30200692e-08,8.25807381e-05,2.04171723e-04,3.22911773e-01,1.78351793e-05,-5.55520972e-06,6.04625116e-02,5.46147102e-07,-1.11763957e-06,3.11453248e-13,7.19381554e-05,1.98775771e-04,8.30197580e-08,1.06425824e-05,5.39595237e-06
7.98000000e+02,3.83424394e-01,1.89754427e-05,-6.79542668e-06,8.23624478e-08,8.13821624e-05,2.08237499e-04,3.22947284e-01,1.85053732e-05,-5.74666449e-06,6.04771101e-02,4.70069577e-07,-1.04876220e-06,3.12982113e-13,7.11873446e-05,2.03201905e-04,8.23621346e-08,1.01948181e-05,5.03559425e-06
7.99000000e+02,3.83480011e-01,1.94996885e-05,-6.96384663e-06,8.17180779e-08,8.02523953e-05,2.11826727e-04,3.22987385e-01,1.89915961e-05,-5.90736969e-06,6.04926260e-02,5.08092354e-07,-1.05647694e-06,3.14102199e-13,7.03051952e-05,2.06908738e-04,8.17177637e-08,9.94720022e-06,4.91798900e-06
8.00000000e+02,3.83528536e-01,2.02225352e-05,-7.21354158e-06,8.18501280e-08,7.97028619e-05,2.15594726e-04,3.23021201e-01,1.97876786e-05,-6.23249929e-06,6.05073346e-02,4.34856568e-07,-9.81042297e-07,3.16314966e-13,7.01765619e-05,2.10979650e-04,8.18498114e-08,9.52630003e-06,4.61507505e-06
8.01000000e+02,3.83583121e-01,2.08072911e-05,-7.27030077e-06,8.11566570e-08,7.86713304e-05,2.19770801e-04,3.23060386e-01,2.03450686e-05,-6.27612319e-06,6.05227350e-02,4.62222470e-07,-9.94177589e-07,3.20717203e-13,6.93140602e-05,2.15308911e-04,8.11563365e-08,9.35727037e-06,4.46189043e-06
8.02000000e+02,3.83633104e-01,2.13240437e-05,-7.46391414e-06,8.04968186e-08,7.76585422e-05,2.21631159e-04,3.23095936e-01,2.09266429e-05,-6.52654365e-06,6.05371682e-02,3.97400782e-07,-9.37370491e-07,3.23368583e-13,6.85985849e-05,2.17403727e-04,8.04964952e-08,9.05995723e-06,4.22743214e-06
8.03000000e+02,3.83689330e-01,2.17890606e-05,-7.79773128e-06,7.98475527e-08,7.76839432e-05,2.23684242e-04,3.23136703e-01,2.13467468e-05,-6.84629045e-06,6.05526261e-02,4.42313757e-07,-9.51440823e-07,3.26882399e-13,6.87679376e-05,2.19496132e-04,7.98472259e-08,8.91600548e-06,4.18811003e-06
8.04000000e+02,3.83742530e-01,2.25015635e-05,-8.05028438e-06,7.92191405e-08,7.73529068e-05,2.25965608e-04,3.23175346e-01,2.21304362e-05,-7.15536925e-06,6.05671845e-02,3.71127328e-07,-8.94915125e-07,3.30241652e-13,6.86884014e-05,2.22051167e-04,7.92188103e-08,8.66450565e-06,3.91444025e-06
8.05000000e+02,3.83801570e-01,2.27763090e-05,-8.30664836e-06,7.85982327e-08,7.76243786e-05,2.26334651e-04,3.23218929e-01,2.23666551e-05,-7.38871882e-06,6.05826413e-02,4.09653851e-07,-9.17929545e-07,3.34403976e-13,6.90350911e-05,2.22453063e-04,7.85978987e-08,8.58928763e-06,3.88158799e-06
8.06000000e+02,3.83853340e-01,2.31440682e-05,-8.52796334e-06,7.87303747e-08,7.73530517e-05,2.26254052e-04,3.23256110e-01,2.27925674e-05,-7.66193761e-06,6.05972297e-02,3.51500789e-07,-8.66025721e-07,3.39868676e-13,6.89525209e-05,2.22532361e-04,7.87300348e-08,8.40053050e-06,3.72169088e-06
8.07000000e+02,3.83911092e-01,2.34451481e-05,-8.79037493e-06,7.80504874e-08,7.76420870e-05,2.26252629e-04,3.23298582e-01,2.30488631e-05,-7.89391922e-06,6.06125098e-02,3.96285073e-07,-8.96455684e-07,3.45482576e-13,6.92359984e-05,2.22534818e-04,7.80501421e-08,8.40608864e-06,3.71781137e-06
8.08000000e+02,3.83964060e-01,2.36885792e-05,-8.96169829e-06,7.74019067e-08,7.72780808e-05,2.24201195e-04,3.23337242e-01,2.33499354e-05,-8.11033100e-06,6.06268185e-02,3.38643791e-07,-8.51367277e-07,3.50424647e-13,6.89841718e-05,2.20610442e-04,7.74015560e-08,8.29390911e-06,3.59075196e-06
8.09000000e+02,3.84023096e-01,2.35705605e-05,-9.10472275e-06,7.67617836e-08,7.74978081e-05,2.21373964e-04,3.23380944e-01,2.31832192e-05,-8.22033909e-06,6.06421515e-02,3.87341285e-07,-8.84383679e-07,3.54791332e-13,6.91705900e-05,2.17708313e-04,7.67614286e-08,8.32721812e-06,3.66565112e-06
8.10000000e+02,3.84079023e-01,2.35483700e-05,-9.26145496e-06,7.61402018e-08,7.76135046e-05,2.18182493e-04,3.23422442e-01,2.32184469e-05,-8.42708429e-06,6.06565816e-02,3.29923185e-07,-8.34370660e-07,3.58247844e-13,6.94388717e-05,2.14636810e-04,7.61398434e-08,8.17463325e-06,3.54568237e-06
8.11000000e+02,3.84137605e-01,2.32898200e-05,-9.27641607e-06,7.62565933e-08,7.70133655e-05,2.13958814e-04,3.23465612e-01,2.29035192e-05,-8.40068510e-06,6.06719936e-02,3.86300874e-07,-8.75730943e-07,3.61291100e-13,6.87430933e-05,2.10308590e-04,7.62562319e-08,8.27027224e-06,3.65022451e-06
8.12000000e+02,3.84192893e-01,2.31352817e-05,-9.31904152e-06,7.55763461e-08,7.67410626e-05,2.09153370e-04,3.23506645e-01,2.28058782e-05,-8.49323848e-06,6.06862478e-02,3.29403479e-07,-8.25803003e-07,3.64089550e-13,6.85942861e-05,2.05605598e-04,7.55759818e-08,8.14677666e-06,3.54777136e-06
8.13000000e+02,3.84252881e-01,2.24532211e-05,-9.14794050e-06,7.49168320e-08,7.53882823e-05,2.02073473e-04,3.23551501e-01,2.20726881e-05,-8.27653376e-06,6.07013797e-02,3.80532947e-07,-8.71406744e-07,3.65142097e-13,6.70871791e-05,1.98413200e-04,7.49164668e-08,8.30110295e-06,3.66027265e-06
8.14000000e+02,3.84309390e-01,2.18324938e-05,-8.97521254e-06,7.42796777e-08,7.42641202e-05,1.94424570e-04,3.23593751e-01,2.15030567e-05,-8.14617091e-06,6.07156386e-02,3.29437092e-07,-8.29041631e-07,3.66348595e-13,6.60331644e-05,1.90822399e-04,7.42793115e-08,8.23095585e-06,3.60217111e-06
8.15000000e+02,3.84372038e-01,2.10127756e-05,-8.78583420e-06,7.36483064e-08,7.31551251e-05,1.86006450e-04,3.23641181e-01,2.06233709e-05,-7.90930278e-06,6.07308577e-02,3.89404733e-07,-8.76531402e-07,3.66151974e-13,6.47809880e-05,1.82258520e-04,7.36479402e-08,8.37413698e-06,3.74792954e-06
8.16000000e+02,3.84427464e-01,2.02445661e-05,-8.58575371e-06,7.37582544e-08,7.17995603e-05,1.76874267e-04,3.23682284e-01,1.99093840e-05,-7.75588106e-06,6.07451804e-02,3.35182041e-07,-8.29872664e-07,3.66182456e-13,6.35133270e-05,1.73188071e-04,7.37578883e-08,8.28623292e-06,3.68619550e-06
8.17000000e+02,3.84488999e-01,1.90408165e-05,-8.20703469e-06,7.30710547e-08,6.99531971e-05,1.66469288e-04,3.23728787e-01,1.86486193e-05,-7.33379969e-06,6.07602115e-02,3.92197232e-07,-8.73234990e-07,3.65653592e-13,6.15410488e-05,1.62626755e-04,7.30706890e-08,8.41214820e-06,3.84253379e-06
8.18000000e+02,3.84545777e-01,1.79501089e-05,-7.77478041e-06,7.24178873e-08,6.75519312e-05,1.55761182e-04,3.23771518e-01,1.76056247e-05,-6.94264692e-06,6.07742588e-02,3.44484191e-07,-8.32133493e-07,3.63261141e-13,5.91970984e-05,1.51929948e-04,7.24175240e-08,8.35483293e-06,3.83123449e-06
8.19000000e+02,3.84608631e-01,1.67029918e-05,-7.38217273e-06,7.17770036e-08,6.52506720e-05,1.44638106e-04,3.23819309e-01,1.62922079e-05,-6.50020592e-06,6.07893214e-02,4.10783911e-07,-8.81966808e-07,3.61279682e-13,5.67623133e-05,1.40624542e-04,7.17766423e-08,8.48835889e-06,4.01356439e-06
8.20000000e+02,3.84668325e-01,1.56354433e-05,-6.95986700e-06,7.11556339e-08,6.25562923e-05,1.33599673e-04,3.23864856e-01,1.52735766e-05,-6.12685465e-06,6.08034691e-02,3.61866736e-07,-8.33012338e-07,3.58959375e-13,5.41603998e-05,1.29599474e-04,7.11552750e-08,8.39589272e-06,4.00019911e-06
8.21000000e+02,3.84730179e-01,1.42342761e-05,-6.31726027e-06,7.12531075e-08,5.91233301e-05,1.22040260e-04,3.23911617e-01,1.38144758e-05,-5.43932397e-06,6.08185624e-02,4.19800274e-07,-8.77936315e-07,3.56125124e-13,5.06207502e-05,1.17880271e-04,7.12527511e-08,8.50258010e-06,4.15998899e-06
8.22000000e+02,3.84788648e-01,1.29297485e-05,-5.82083369e-06,7.05781114e-08,5.60674666e-05,1.10313553e-04,3.23956140e-01,1.25562268e-05,-4.98960195e-06,6.08325070e-02,3.73521754e-07,-8.31231737e-07,3.52691807e-13,4.76889170e-05,1.06166049e-04,7.05777588e-08,8.37854946e-06,4.14750391e-06
8.23000000e+02,3.84851904e-01,1.16174498e-05,-5.24193954e-06,6.99277980e-08,5.22971904e-05,9.90407008e-05,3.24004552e-01,1.11768205e-05,-4.36333017e-06,6.08473526e-02,4.40629299e-07,-8.78609341e-07,3.48562642e-13,4.38162147e-05,9.47007420e-05,6.99274493e-08,8.48097574e-06,4.33995903e-06
8.24000000e+02,3.84911910e-01,1.04912621e-05,-4.67577856e-06,6.93025340e-08,4.85929336e-05,8.81491373e-05,3.24050576e-01,1.00989975e-05,-3.85094181e-06,6.08613337e-02,3.92264652e-07,-8.24836765e-07,3.45089268e-13,4.02474246e-05,8.38393501e-05,6.93021888e-08,8.34550898e-06,4.30978724e-06
8.25000000e+02,3.84978220e-01,9.03761958e-06,-3.99699319e-06,6.86871244e-08,4.47061848e-05,7.68572785e-05,3.24101949e-01,8.58930330e-06,-3.12510568e-06,6.08762715e-02,4.48316279e-07,-8.71887517e-07,3.42004267e-13,3.62774015e-05,7.23950680e-05,6.86867820e-08,8.42878333e-06,4.46221045e-06
8.26000000e+02,3.85037003e-01,7.78930424e-06,-3.43621820e-06,6.87990754e-08,4.09029818e-05,6.60237619e-05,3.24146759e-01,7.38862818e-06,-2.62109208e-06,6.08902448e-02,4.00676081e-07,-8.15126127e-07,3.38407188e-13,3.26628280e-05,6.16111912e-05,6.87987374e-08,8.24015375e-06,4.41257068e-06
8.27000000e+02,3.85101820e-01,6.50888688e-06,-2.84532203e-06,6.81312832e-08,3.69556703e-05,5.55295035e-05,3.24196860e-01,6.04840708e-06,-1.98552784e-06,6.09049604e-02,4.60479785e-07,-8.59794197e-07,3.35332759e-13,2.86802652e-05,5.09868042e-05,6.81309481e-08,8.27540507e-06,4.54269974e-06
8.28000000e+02,3.85161956e-01,5.43474714e-06,-2.31886568e-06,6.75008232e-08,3.31180850e-05,4.55145377e-05,3.24243251e-01,5.02446694e-06,-1.51800783e-06,6.09187058e-02,4.10280177e-07,-8.00857850e-07,3.31830046e-13,2.50420982e-05,4.10369410e-05,6.75004916e-08,8.07598683e-06,4.47759673e-06
8.29000000e+02,3.85228276e-01,4.08354946e-06,-1.70555730e-06,6.68873568e-08,2.91985571e-05,3.54019233e-05,3.24294809e-01,3.62045574e-06,-8.63705362e-07,6.09334673e-02,4.63093705e-07,-8.41851942e-07,3.28867342e-13,2.11079215e-05,3.08286993e-05,6.68870280e-08,8.09063550e-06,4.57322393e-06
8.30000000e+02,3.85291489e-01,3.00092607e-06,-1.20124408e-06,6.62947839e-08,2.54700107e-05,2.57576340e-05,3.24344186e-01,2.58989339e-06,-4.21914701e-07,6.09473022e-02,4.11032683e-07,-7.79329379e-07,3.26322875e-13,1.76163419e-05,2.12751967e-05,6.62944576e-08,7.85366879e-06,4.48243736e-06
8.31000000e+02,3.85356579e-01,1.84679582e-06,-6.89738203e-07,6.64130164e-08,2.16594753e-05,1.63386333e-05,3.24394566e-01,1.38058465e-06,1.31320409e-07,6.09620132e-02,4.66211169e-07,-8.21058611e-07,3.24326452e-13,1.38287599e-05,1.17936047e-05,6.64126921e-08,7.83071535e-06,4.54502867e-06
8.32000000e+02,3.85418038e-01,9.95631808e-07,-2.98834808e-07,6.57687608e-08,1.79890513e-05,7.32327074e-06,3.24442423e-01,5.84501415e-07,4.55387491e-07,6.09756158e-02,4.11130393e-07,-7.54222299e-07,3.24898477e-13,1.04326653e-05,2.91602295e-06,6.57684359e-08,7.55638605e-06,4.40724777e-06
8.33000000e+02,3.85484292e-01,-7.89922819e-08,1.82447945e-07,6.51542279e-08,1.43187822e-05,-1.69737258e-06,3.24494156e-01,-5.37222198e-07,9.70671919e-07,6.09901361e-02,4.58229915e-07,-7.88223974e-07,3.25171597e-13,6.81900440e-06,-6.13711733e-06,6.51539031e-08,7.49977780e-06,4.43974476e-06
8.34000000e+02,3.85547389e-01,-9.00080110e-07,5.72625853e-07,6.45671117e-08,1.06776544e-05,-1.04775188e-05,3.24543599e-01,-1.30293743e-06,1.29624529e-06,6.10037900e-02,4.02857317e-07,-7.23619429e-07,3.25732621e-13,3.45697373e-06,-1.47545645e-05,6.45667859e-08,7.22068068e-06,4.27704566e-06
8.35000000e+02,3.85612728e-01,-1.78245176e-06,9.08383061e-07,6.47002107e-08,7.19087799e-06,-1.93379565e-05,3.24594391e-01,-2.23316356e-06,1.66935651e-06,6.10183380e-02,4.50711803e-07,-7.60973448e-07,3.24702515e-13,3.30873205e-08,-2.36120137e-05,6.46998859e-08,7.15779068e-06,4.27405713e-06
8.36000000e+02,3.85675330e-01,-2.45205432e-06,1.17914419e-06,6.40640242e-08,3.54419464e-06,-2.83339664e-05,3.24643463e-01,-2.84254890e-06,1.86804376e-06,6.10318671e-02,3.90494582e-07,-6.88899569e-07,3.26665414e-13,-3.30006109e-06,-3.24082273e-05,6.40636974e-08,6.84425572e-06,4.07426086e-06
8.37000000e+02,3.85743444e-01,-3.36644702e-06,1.57270715e-06,6.34593431e-08,-3.86320623e-07,-3.78668483e-05,3.24697147e-01,-3.79452328e-06,2.29371866e-06,6.10462968e-02,4.28076264e-07,-7.21011515e-07,3.29015352e-13,-7.13861180e-06,-4.18962526e-05,6.34590139e-08,6.75229121e-06,4.02940428e-06
8.38000000e+02,3.85808575e-01,-4.16603501e-06,1.85689442e-06,6.28843429e-08,-4.37139630e-06,-4.78011866e-05,3.24748763e-01,-4.53154113e-06,2.50760632e-06,6.10598126e-02,3.65506098e-07,-6.50711899e-07,3.31829475e-13,-1.08008720e-05,-5.15938598e-05,6.28840108e-08,6.42947573e-06,3.79267338e-06
8.39000000e+02,3.85875581e-01,-5.06460050e-06,2.11653304e-06,6.30270623e-08,-8.33290328e-06,-5.81466818e-05,3.24801421e-01,-5.46978578e-06,2.80544211e-06,6.10741598e-02,4.05185277e-07,-6.88909077e-07,3.34838825e-13,-1.46878175e-05,-6.18877638e-05,6.30267277e-08,6.35491420e-06,3.74108195e-06
8.40000000e+02,3.85939433e-01,-5.81480086e-06,2.32045215e-06,6.24035573e-08,-1.25520490e-05,-6.87735781e-05,3.24851936e-01,-6.15546699e-06,2.93318257e-06,6.10874967e-02,3.40666110e-07,-6.12730422e-07,3.38338931e-13,-1.85800843e-05,-7.22702705e-05,6.24032193e-08,6.02803530e-06,3.49669238e-06
8.41000000e+02,3.86008579e-01,-6.83279534e-06,2.69873645e-06,6.18124496e-08,-1.72496357e-05,-7.99743814e-05,3.24906832e-01,-7.20596602e-06,3.34288366e-06,6.11017474e-02,3.73170684e-07,-6.44147210e-07,3.42225981e-13,-2.31789141e-05,-8.34021188e-05,6.18121078e-08,5.92927834e-06,3.42773754e-06
8.42000000e+02,3.86074652e-01,-7.70969135e-06,3.02248956e-06,6.12521010e-08,-2.22061884e-05,-9.12791630e-05,3.24959563e-01,-8.02080049e-06,3.59486543e-06,6.11150886e-02,3.11109134e-07,-5.72375867e-07,3.46636071e-13,-2.78165159e-05,-9.44627981e-05,6.12517543e-08,5.61032748e-06,3.18363521e-06
8.43000000e+02,3.86142431e-01,-8.69870493e-06,3.30655140e-06,6.14029298e-08,-2.70589740e-05,-1.02761257e-04,3.25013190e-01,-9.04656446e-06,3.92030636e-06,6.11292405e-02,3.47859546e-07,-6.13754952e-07,3.49599150e-13,-3.26208847e-05,-1.05893130e-04,6.14025801e-08,5.56191070e-06,3.13187289e-06
8.44000000e+02,3.86207028e-01,-9.53748293e-06,3.55142520e-06,6.07924093e-08,-3.21066066e-05,-1.14125395e-04,3.25064620e-01,-9.82114228e-06,4.08745867e-06,6.11424078e-02,2.83659357e-07,-5.36033483e-07,3.52924432e-13,-3.73587385e-05,-1.17032013e-04,6.07920562e-08,5.25213187e-06,2.90661689e-06
8.45000000e+02,3.86277029e-01,-1.06296680e-05,4.01099627e-06,6.02145021e-08,-3.75431712e-05,-1.25779112e-04,3.25120534e-01,-1.09493432e-05,4.58442247e-06,6.11564947e-02,3.19675147e-07,-5.73426207e-07,3.56677873e-13,-4.27468221e-05,-1.28644917e-04,6.02141451e-08,5.20365084e-06,2.86580536e-06
8.46000000e+02,3.86339350e-01,-1.15193262e-05,4.35746979e-06,6.03680711e-08,-4.27349402e-05,-1.37081239e-04,3.25169796e-01,-1.17779869e-05,4.86401699e-06,6.11695539e-02,2.58660672e-07,-5.06547209e-07,3.60873913e-13,-4.76831193e-05,-1.39734421e-04,6.03677103e-08,4.94817912e-06,2.65318250e-06
8.47000000e+02,3.86408694e-01,-1.25352514e-05,4.61741269e-06,5.97477139e-08,-4.76798870e-05,-1.48471541e-04,3.25225126e-01,-1.28351809e-05,5.17089016e-06,6.11835681e-02,2.99929484e-07,-5.53477454e-07,3.64360262e-13,-5.26336150e-05,-1.51114021e-04,5.97473491e-08,4.95372787e-06,2.64248091e-06
8.48000000e+02,3.86474844e-01,-1.33216183e-05,4.88648258e-06,5.91705200e-08,-5.26189051e-05,-1.59284243e-04,3.25278202e-01,-1.35634908e-05,5.36584010e-06,6.11966412e-02,2.41872536e-07,-4.79357509e-07,3.66171256e-13,-5.73220832e-05,-1.61747831e-04,5.91701539e-08,4.70317839e-06,2.46358752e-06
8.49000000e+02,3.86543337e-01,-1.43398280e-05,5.31287492e-06,5.93130702e-08,-5.74680909e-05,-1.70090238e-04,3.25332809e-01,-1.46204086e-05,5.83904231e-06,6.12105282e-02,2.80580599e-07,-5.26167394e-07,3.68467998e-13,-6.21998324e-05,-1.72556043e-04,5.93127020e-08,4.73174128e-06,2.46580583e-06
8.50000000e+02,3.86609314e-01,-1.51134895e-05,5.58761884e-06,5.86978462e-08,-6.20112157e-05,-1.80169001e-04,3.25385842e-01,-1.53421662e-05,6.05060209e-06,6.12234721e-02,2.28676742e-07,-4.62983227e-07,3.71010483e-13,-6.65460624e-05,-1.82496369e-04,5.86974752e-08,4.53484672e-06,2.32736794e-06
8.51000000e+02,3.86681251e-01,-1.58816552e-05,5.80160721e-06,5.81171988e-08,-6.60802964e-05,-1.89437789e-04,3.25443918e-01,-1.61588106e-05,6.31804285e-06,6.12373323e-02,2.77155386e-07,-5.16435683e-07,3.72783115e-13,-7.06844924e-05,-1.91829414e-04,5.81168258e-08,4.60419618e-06,2.39162526e-06
8.52000000e+02,3.86750344e-01,-1.63725323e-05,6.00238862e-06,5.75690435e-08,-6.98731828e-05,-1.97417571e-04,3.25500095e-01,-1.65952619e-05,6.45022803e-06,6.12502482e-02,2.22729619e-07,-4.47839400e-07,3.73091975e-13,-7.42799282e-05,-1.99685396e-04,5.75686705e-08,4.40674553e-06,2.26782578e-06
8.53000000e+02,3.86820659e-01,-1.70821138e-05,6.32201159e-06,5.77232033e-08,-7.35512500e-05,-2.04928997e-04,3.25556786e-01,-1.73516524e-05,6.82246028e-06,6.12638730e-02,2.69538557e-07,-5.00448666e-07,3.72794903e-13,-7.80534217e-05,-2.07280172e-04,5.77228308e-08,4.50217167e-06,2.35117447e-06
8.54000000e+02,3.86886992e-01,-1.74019819e-05,6.50303179e-06,5.71249326e-08,-7.66044856e-05,-2.10652139e-04,3.25610454e-01,-1.76277862e-05,6.94589731e-06,6.12765380e-02,2.25804245e-07,-4.42865529e-07,3.71711722e-13,-8.09828348e-05,-2.12955610e-04,5.71245610e-08,4.37834952e-06,2.30347199e-06
8.55000000e+02,3.86958159e-01,-1.76914791e-05,6.61414960e-06,5.65589366e-08,-7.88794859e-05,-2.14979110e-04,3.25668023e-01,-1.79731091e-05,7.11800484e-06,6.12901356e-02,2.81630058e-07,-5.03855221e-07,3.70507377e-13,-8.34015995e-05,-2.17429114e-04,5.65585661e-08,4.52211372e-06,2.45000318e-06
8.56000000e+02,3.87021167e-01,-1.77347357e-05,6.67950355e-06,5.67215653e-08,-8.06699726e-05,-2.17857501e-04,3.25718531e-01,-1.79681337e-05,7.12195191e-06,6.13026360e-02,2.33398093e-07,-4.42448344e-07,3.67316976e-13,-8.50709524e-05,-2.20265388e-04,5.67211982e-08,4.40097952e-06,2.40788778e-06
8.57000000e+02,3.87090853e-01,-1.79398064e-05,6.82980985e-06,5.61155469e-08,-8.21156578e-05,-2.19625794e-04,3.25774659e-01,-1.82268819e-05,7.33245452e-06,6.13161943e-02,2.87075448e-07,-5.02644662e-07,3.62860121e-13,-8.66836244e-05,-2.22198057e-04,5.61151842e-08,4.56796677e-06,2.57226278e-06
8.58000000e+02,3.87157435e-01,-1.78105574e-05,6.84854455e-06,5.55523457e-08,-8.26965927e-05,-2.19761053e-04,3.25828608e-01,-1.80565353e-05,7.29678011e-06,6.13288270e-02,2.45977901e-07,-4.48235554e-07,3.58214502e-13,-8.71856378e-05,-2.22332875e-04,5.55519873e-08,4.48904517e-06,2.57182162e-06
8.59000000e+02,3.87231193e-01,-1.77020349e-05,6.79307975e-06,5.50107792e-08,-8.24849670e-05,-2.18571828e-04,3.25888783e-01,-1.80071970e-05,7.30807737e-06,6.13424098e-02,3.05162057e-07,-5.14997612e-07,3.52960756e-13,-8.71669709e-05,-2.21340051e-04,5.50104262e-08,4.68200402e-06,2.76822311e-06
8.60000000e+02,3.87296957e-01,-1.73317835e-05,6.65279523e-06,5.51783545e-08,-8.15914393e-05,-2.16060345e-04,3.25942218e-01,-1.75941299e-05,7.10954703e-06,6.13547387e-02,2.62346460e-07,-4.56751805e-07,3.47591313e-13,-8.61982122e-05,-2.18831472e-04,5.51780068e-08,4.60677294e-06,2.77112669e-06
8.61000000e+02,3.87368398e-01,-1.71264912e-05,6.62708567e-06,5.45853994e-08,-8.03019846e-05,-2.12654006e-04,3.26000359e-01,-1.74455963e-05,7.14671599e-06,6.13680386e-02,3.19105174e-07,-5.19630308e-07,3.42898724e-13,-8.51006280e-05,-2.15625375e-04,5.45850565e-08,4.79864349e-06,2.97136934e-06
8.62000000e+02,3.87435288e-01,-1.66580829e-05,6.50538253e-06,5.40336669e-08,-7.84662658e-05,-2.07968995e-04,3.26054914e-01,-1.69386535e-05,6.97328014e-06,6.13803737e-02,2.80570567e-07,-4.67897588e-07,3.38088354e-13,-8.32238792e-05,-2.10977918e-04,5.40333289e-08,4.75761331e-06,3.00892300e-06
8.63000000e+02,3.87508368e-01,-1.62122323e-05,6.30472950e-06,5.35033644e-08,-7.57680619e-05,-2.02142579e-04,3.26114684e-01,-1.65562373e-05,6.84249868e-06,6.13936846e-02,3.44005007e-07,-5.37769208e-07,3.32919647e-13,-8.07446167e-05,-2.05371371e-04,5.35030313e-08,4.97655468e-06,3.22879248e-06
8.64000000e+02,3.87578010e-01,-1.54609568e-05,6.03011011e-06,5.29952627e-08,-7.25723360e-05,-1.94965454e-04,3.26171995e-01,-1.57660099e-05,6.51049507e-06,6.14060150e-02,3.05053096e-07,-4.80384977e-07,3.27887974e-13,-7.74872181e-05,-1.98234616e-04,5.29949349e-08,4.91488169e-06,3.26916174e-06
8.65000000e+02,3.87648201e-01,-1.49781867e-05,5.90709320e-06,5.31622140e-08,-6.94672008e-05,-1.87750567e-04,3.26229249e-01,-1.53375929e-05,6.45098843e-06,6.14189524e-02,3.59406281e-07,-5.43895252e-07,3.23720776e-13,-7.45720339e-05,-1.91203676e-04,5.31618901e-08,5.10483276e-06,3.45310907e-06
8.66000000e+02,3.87713626e-01,-1.42704086e-05,5.73102409e-06,5.25962925e-08,-6.60575831e-05,-1.79555420e-04,3.26282634e-01,-1.45920096e-05,6.21970907e-06,6.14309914e-02,3.21601066e-07,-4.88684959e-07,3.20441274e-13,-7.10890156e-05,-1.83035701e-04,5.25959720e-08,5.03143251e-06,3.48028115e-06
8.67000000e+02,3.87784020e-01,-1.36176567e-05,5.47968625e-06,5.20599867e-08,-6.22083790e-05,-1.70860025e-04,3.26340003e-01,-1.40005429e-05,6.03901982e-06,6.14440163e-02,3.82886207e-07,-5.59333590e-07,3.19278618e-13,-6.74407796e-05,-1.74536880e-04,5.20596672e-08,5.23240032e-06,3.67685548e-06
8.68000000e+02,3.87851535e-01,-1.27173999e-05,5.15662040e-06,5.15542362e-08,-5.80802380e-05,-1.61402319e-04,3.26395378e-01,-1.30576966e-05,5.65496045e-06,6.14561569e-02,3.40296713e-07,-4.98340043e-07,3.17799111e-13,-6.32207019e-05,-1.65081855e-04,5.15539186e-08,5.14046353e-06,3.67953664e-06
8.69000000e+02,3.87925648e-01,-1.21532426e-05,5.01572233e-06,5.10595274e-08,-5.41411815e-05,-1.52390031e-04,3.26456429e-01,-1.25471671e-05,5.57531329e-06,6.14692188e-02,3.93924410e-07,-5.59590960e-07,3.16284209e-13,-5.94443879e-05,-1.56235805e-04,5.10592113e-08,5.30320634e-06,3.84577429e-06
8.70000000e+02,3.87995849e-01,-1.14664914e-05,4.83814373e-06,5.05809768e-08,-5.02391757e-05,-1.43266426e-04,3.26514636e-01,-1.18153307e-05,5.33923094e-06,6.14812131e-02,3.48839332e-07,-5.01087196e-07,3.15625157e-13,-5.54233272e-05,-1.47077620e-04,5.05806612e-08,5.18415164e-06,3.81119351e-06
8.71000000e+02,3.88065928e-01,-1.09910316e-05,4.59104815e-06,5.07509319e-08,-4.62494687e-05,-1.35099627e-04,3.26572157e-01,-1.13938229e-05,5.15895570e-06,6.14937715e-02,4.02791321e-07,-5.67907531e-07,3.16655463e-13,-5.15843562e-05,-1.39037115e-04,5.07506154e-08,5.33488753e-06,3.93748805e-06
8.72000000e+02,3.88130840e-01,-1.03241006e-05,4.30220997e-06,5.02114740e-08,-4.21791078e-05,-1.26630864e-04,3.26625390e-01,-1.06789156e-05,4.80137306e-06,6.15054507e-02,3.54815017e-07,-4.99163061e-07,3.18398538e-13,-4.73500090e-05,-1.30496545e-04,5.02111555e-08,5.17090122e-06,3.86568099e-06
8.73000000e+02,3.88200792e-01,-9.99522191e-06,4.22646335e-06,4.97017855e-08,-3.85059320e-05,-1.18913897e-04,3.26682640e-01,-1.03957722e-05,4.78463429e-06,6.15181519e-02,4.00550259e-07,-5.58170937e-07,3.20450661e-13,-4.37894427e-05,-1.22875628e-04,4.97014650e-08,5.28351078e-06,3.96173103e-06
8.74000000e+02,3.88268079e-01,-9.56272238e-06,4.04236270e-06,4.92210450e-08,-3.48648088e-05,-1.11319623e-04,3.26738096e-01,-9.91570819e-06,4.53503972e-06,6.15299829e-02,3.52985821e-07,-4.92677020e-07,3.21984809e-13,-3.99604760e-05,-1.15196136e-04,4.92207226e-08,5.09566720e-06,3.87651271e-06
8.75000000e+02,3.88342176e-01,-9.22855142e-06,3.85095556e-06,4.87496429e-08,-3.14932162e-05,-1.04022223e-04,3.26799447e-01,-9.63442564e-06,4.40789394e-06,6.15427288e-02,4.05874254e-07,-5.56938389e-07,3.24104961e-13,-3.66944513e-05,-1.07995645e-04,4.87493190e-08,5.20123508e-06,3.97342295e-06
8.76000000e+02,3.88412448e-01,-8.67845563e-06,3.63167477e-06,4.82935183e-08,-2.82009573e-05,-9.64750988e-05,3.26858051e-01,-9.03315592e-06,4.11162979e-06,6.15543967e-02,3.54700301e-07,-4.79955024e-07,3.26610636e-13,-3.31735660e-05,-1.00344960e-04,4.82931917e-08,4.97260875e-06,3.86986116e-06
8.77000000e+02,3.88487240e-01,-8.43600646e-06,3.65196725e-06,4.78421326e-08,-2.55322141e-05,-8.95560026e-05,3.26920376e-01,-8.83516754e-06,4.18693423e-06,6.15668638e-02,3.99161074e-07,-5.34966967e-07,3.29097807e-13,-3.05583357e-05,-9.34754460e-05,4.78418035e-08,5.02612165e-06,3.91944334e-06
8.78000000e+02,3.88556339e-01,-8.00490372e-06,3.55188012e-06,4.74040926e-08,-2.30011496e-05,-8.27367075e-05,3.26978071e-01,-8.35469746e-06,4.01525028e-06,6.15782679e-02,3.49793746e-07,-4.63370165e-07,3.31355406e-13,-2.77843570e-05,-8.65261850e-05,4.74037613e-08,4.78320734e-06,3.78947761e-06
8.79000000e+02,3.88629255e-01,-7.63209472e-06,3.42255716e-06,4.69684485e-08,-2.06636817e-05,-7.61275251e-05,3.27038695e-01,-8.02867113e-06,3.94738594e-06,6.15905603e-02,3.96576436e-07,-5.24828792e-07,3.33026467e-13,-2.55076913e-05,-7.99437770e-05,4.69681154e-08,4.84400959e-06,3.81625167e-06
8.80000000e+02,3.88696749e-01,-7.06503643e-06,3.24643982e-06,4.65448532e-08,-1.82510709e-05,-6.96525569e-05,3.27094880e-01,-7.40680190e-06,3.69075839e-06,6.16018695e-02,3.41765489e-07,-4.44318558e-07,3.34505627e-13,-2.28294853e-05,-7.33152421e-05,4.65445187e-08,4.57841443e-06,3.66268569e-06
8.81000000e+02,3.88768740e-01,-6.78706753e-06,3.26800615e-06,4.61230642e-08,-1.63637577e-05,-6.37822745e-05,3.27154637e-01,-7.17015833e-06,3.76786466e-06,6.16141027e-02,3.83090789e-07,-4.99858512e-07,3.35350374e-13,-2.09806373e-05,-6.74476806e-05,4.61227288e-08,4.61687959e-06,3.66540606e-06
8.82000000e+02,3.88835915e-01,-6.28530017e-06,3.14368319e-06,4.57117241e-08,-1.44602282e-05,-5.80108279e-05,3.27210567e-01,-6.61467328e-06,3.56949339e-06,6.16253481e-02,3.29373083e-07,-4.25810203e-07,3.36419094e-13,-1.88116651e-05,-6.15021453e-05,4.57113877e-08,4.35143688e-06,3.49131735e-06
8.83000000e+02,3.88907928e-01,-5.88074065e-06,2.94104460e-06,4.52996432e-08,-1.24487289e-05,-5.27720175e-05,3.27270429e-01,-6.25525451e-06,3.42651097e-06,6.16374992e-02,3.74513891e-07,-4.85466366e-07,3.37508701e-13,-1.68469471e-05,-5.62623837e-05,4.52993057e-08,4.39821822e-06,3.49036627e-06
8.84000000e+02,3.88975290e-01,-5.25821146e-06,2.72247405e-06,4.48972165e-08,-1.04641504e-05,-4.74558443e-05,3.27326643e-01,-5.57433934e-06,3.12924568e-06,6.16486470e-02,3.16127863e-07,-4.06771633e-07,3.37472409e-13,-1.45934580e-05,-5.07643473e-05,4.48968790e-08,4.12930756e-06,3.30850320e-06
8.85000000e+02,3.89047533e-01,-4.93308182e-06,2.59087414e-06,4.44940214e-08,-8.73818659e-06,-4.27347747e-05,3.27386842e-01,-5.28861238e-06,3.05181605e-06,6.16606896e-02,3.55530560e-07,-4.60941911e-07,3.37762704e-13,-1.28998669e-05,-4.60251930e-05,4.44936837e-08,4.16168027e-06,3.29041829e-06
8.86000000e+02,3.89114999e-01,-4.35878516e-06,2.38724987e-06,4.40996177e-08,-7.05122429e-06,-3.79373591e-05,3.27443284e-01,-4.65685727e-06,2.77491775e-06,6.16717172e-02,2.98072103e-07,-3.87667877e-07,3.38354517e-13,-1.09620719e-05,-4.10292221e-05,4.40992793e-08,3.91084764e-06,3.09186303e-06
8.87000000e+02,3.89187149e-01,-3.91735444e-06,2.07623128e-06,4.37030162e-08,-5.05056742e-06,-3.36004474e-05,3.27503515e-01,-4.26103559e-06,2.52439254e-06,6.16836337e-02,3.43681171e-07,-4.48161260e-07,3.37811235e-13,-9.01268348e-06,-3.67027845e-05,4.37026784e-08,3.96211604e-06,3.10233716e-06
8.88000000e+02,3.89254386e-01,-3.17391821e-06,1.74143694e-06,4.33153318e-08,-3.17483434e-06,-2.85736461e-05,3.27559846e-01,-3.46030953e-06,2.11285053e-06,6.16945383e-02,2.86391325e-07,-3.71413590e-07,3.37627869e-13,-6.88944969e-06,-3.15015502e-05,4.33149942e-08,3.71461537e-06,2.92790404e-06
8.89000000e+02,3.89326225e-01,-2.67271109e-06,1.49854997e-06,4.29264500e-08,-1.39049408e-06,-2.37829328e-05,3.27619888e-01,-3.00177907e-06,1.92356432e-06,6.17063354e-02,3.29067977e-07,-4.25014359e-07,3.36433426e-13,-5.14654847e-06,-2.67288449e-05,4.29261136e-08,3.75605441e-06,2.94591213e-06
8.90000000e+02,3.89393023e-01,-1.89870604e-06,1.20146734e-06,4.25455158e-08,3.34496561e-07,-1.84416979e-05,3.27675905e-01,-2.17247152e-06,1.55546202e-06,6.17171179e-02,2.73765484e-07,-3.53994688e-07,3.34732221e-13,-3.19826149e-06,-2.12302710e-05,4.25451811e-08,3.53275805e-06,2.78857308e-06
8.91000000e+02,3.89464306e-01,-1.22058452e-06,8.03187549e-07,4.21619159e-08,2.50721445e-06,-1.29774227e-05,3.27735510e-01,-1.54455442e-06,1.21616976e-06,6.17287944e-02,3.23969896e-07,-4.12982214e-07,3.31118081e-13,-1.08190671e-06,-1.58125895e-05,4.21615848e-08,3.58912117e-06,2.83516678e-06
8.92000000e+02,3.89530515e-01,-1.87076758e-07,4.13612762e-07,4.17862983e-08,4.37484274e-06,-6.47019808e-06,3.27791055e-01,-4.55495923e-07,7.54055313e-07,6.17394606e-02,2.68419166e-07,-3.40442553e-07,3.28088295e-13,9.83953140e-07,-9.16328101e-06,4.17859702e-08,3.39088960e-06,2.69308292e-06
8.93000000e+02,3.89601226e-01,6.06078126e-07,1.20915803e-07,4.14089147e-08,6.18340561e-06,1.50838311e-07,3.27850203e-01,2.92235919e-07,5.18147198e-07,6.17510254e-02,3.13842208e-07,-3.97231396e-07,3.24497911e-13,2.71528961e-06,-2.59643456e-06,4.14085902e-08,3.46811599e-06,2.74727287e-06
8.94000000e+02,3.89666860e-01,1.67196904e-06,-1.99891037e-07,4.10394073e-08,8.05389039e-06,7.58504342e-06,3.27905280e-01,1.41253655e-06,1.29726577e-07,6.17615815e-02,2.59432484e-07,-3.29617614e-07,3.20165617e-13,4.76616208e-06,4.96517653e-06,4.10390871e-08,3.28772828e-06,2.61986686e-06
8.95000000e+02,3.89736980e-01,2.68483170e-06,-6.39451211e-07,4.06665505e-08,1.03489556e-05,1.54953085e-05,3.27963942e-01,2.37252794e-06,-2.43155571e-07,6.17730366e-02,3.12303758e-07,-3.96295639e-07,3.15765394e-13,6.93523747e-06,1.27995299e-05,4.06662348e-08,3.41371814e-06,2.69577867e-06
8.96000000e+02,3.89802050e-01,4.03249351e-06,-1.14455481e-06,4.03008254e-08,1.30538047e-05,2.43959559e-05,3.28018563e-01,3.77098960e-06,-8.20181112e-07,6.17834849e-02,2.61503898e-07,-3.24373698e-07,3.12101693e-13,9.81526662e-06,2.17887177e-05,4.03005133e-08,3.23853810e-06,2.60723825e-06
8.97000000e+02,3.89871656e-01,5.20346023e-06,-1.46848680e-06,3.99329786e-08,1.53236602e-05,3.40804031e-05,3.28076820e-01,4.89631185e-06,-1.08418680e-06,6.17948354e-02,3.07148380e-07,-3.84299995e-07,3.08770520e-13,1.19632922e-05,3.13967573e-05,3.99326698e-08,3.36036806e-06,2.68364582e-06
8.98000000e+02,3.89936244e-01,6.57443083e-06,-1.81806975e-06,3.95725591e-08,1.78177245e-05,4.42477311e-05,3.28131067e-01,6.31694021e-06,-1.49637316e-06,6.18051771e-02,2.57490609e-07,-3.21696581e-07,3.05616324e-13,1.45948144e-05,4.16524340e-05,3.95722535e-08,3.22291009e-06,2.59529706e-06
8.99000000e+02,3.90005391e-01,7.86969076e-06,-2.33691963e-06,3.92083130e-08,2.09371375e-05,5.47107600e-05,3.28188974e-01,7.56005221e-06,-1.94842493e-06,6.18164183e-02,3.09638556e-07,-3.88494703e-07,3.01762023e-13,1.75606755e-05,5.20234835e-05,3.92080113e-08,3.37646204e-06,2.68727661e-06
9.00000000e+02,3.90069546e-01,9.37836827e-06,-2.82909192e-06,3.88517436e-08,2.42989885e-05,6.55972179e-05,3.28242897e-01,9.12182036e-06,-2.50933104e-06,6.18266510e-02,2.56547889e-07,-3.19760884e-07,2.98794700e-13,2.10681699e-05,6.29927533e-05,3.88514448e-08,3.23081862e-06,2.60446468e-06
9.01000000e+02,3.90138312e-01,1.05475748e-05,-3.22663029e-06,3.84922672e-08,2.75682322e-05,7.62991765e-05,3.28300528e-01,1.02473168e-05,-2.84407700e-06,6.18377837e-02,3.00257939e-07,-3.82553294e-07,2.96082563e-13,2.41831264e-05,7.36186644e-05,3.84919711e-08,3.38510581e-06,2.68051180e-06
9.02000000e+02,3.90202114e-01,1.17219431e-05,-3.61105171e-06,3.81399702e-08,3.09786049e-05,8.64811430e-05,3.28354208e-01,1.14764813e-05,-3.29014154e-06,6.18479040e-02,2.45461835e-07,-3.20910169e-07,2.93287761e-13,2.77196105e-05,8.39052200e-05,3.81396770e-08,3.25899442e-06,2.57592277e-06
9.03000000e+02,3.90270522e-01,1.26922118e-05,-4.13150834e-06,3.77839040e-08,3.48562303e-05,9.61799372e-05,3.28411603e-01,1.23994205e-05,-3.74528214e-06,6.18589191e-02,2.92791283e-07,-3.86226176e-07,2.91176833e-13,3.14366816e-05,9.35374892e-05,3.77836128e-08,3.41954868e-06,2.64244804e-06
9.04000000e+02,3.90333962e-01,1.36856294e-05,-4.57691122e-06,3.74345690e-08,3.87632110e-05,1.05105667e-04,3.28465041e-01,1.34515636e-05,-4.25839412e-06,6.18689212e-02,2.34065761e-07,-3.18517084e-07,2.89702821e-13,3.54812140e-05,1.02564692e-04,3.74342794e-08,3.28199700e-06,2.54097579e-06
9.05000000e+02,3.90402050e-01,1.42148893e-05,-4.89618067e-06,3.70826477e-08,4.24020601e-05,1.13121249e-04,3.28522229e-01,1.39380280e-05,-4.51796576e-06,6.18798204e-02,2.76861261e-07,-3.78214916e-07,2.86639520e-13,3.89826070e-05,1.10516480e-04,3.70823611e-08,3.41945309e-06,2.60476864e-06
9.06000000e+02,3.90465202e-01,1.47607655e-05,-5.13594492e-06,3.67379659e-08,4.56572367e-05,1.20361055e-04,3.28575499e-01,1.45375392e-05,-4.82208258e-06,6.18897042e-02,2.23226289e-07,-3.13862353e-07,2.85879467e-13,4.23721906e-05,1.17857717e-04,3.67376800e-08,3.28504608e-06,2.50333805e-06
9.07000000e+02,3.90532984e-01,1.50989564e-05,-5.44505224e-06,3.63897430e-08,4.90408923e-05,1.26880875e-04,3.28632503e-01,1.48291448e-05,-5.06463306e-06,6.19004817e-02,2.69811601e-07,-3.80419164e-07,2.84124651e-13,4.55979913e-05,1.24315596e-04,3.63894588e-08,3.44290104e-06,2.56527894e-06
9.08000000e+02,3.90595817e-01,1.54554235e-05,-5.66622324e-06,3.60482044e-08,5.21982968e-05,1.32496590e-04,3.28685573e-01,1.52412903e-05,-5.35608622e-06,6.19102453e-02,2.14133123e-07,-3.10137023e-07,2.84011674e-13,4.89055500e-05,1.30033034e-04,3.60479203e-08,3.29274690e-06,2.46355585e-06
9.09000000e+02,3.90663334e-01,1.54878440e-05,-5.71560435e-06,3.57043760e-08,5.47567186e-05,1.37514787e-04,3.28742428e-01,1.52260215e-05,-5.34547249e-06,6.19209072e-02,2.61822474e-07,-3.70131831e-07,2.84051484e-13,5.13415698e-05,1.34974835e-04,3.57040920e-08,3.41514890e-06,2.53995215e-06
9.10000000e+02,3.90725949e-01,1.56477114e-05,-5.69203413e-06,3.53677260e-08,5.67412655e-05,1.41991875e-04,3.28795399e-01,1.54354854e-05,-5.38645746e-06,6.19305521e-02,2.12225964e-07,-3.05576679e-07,2.83903050e-13,5.34657326e-05,1.39548235e-04,3.53674421e-08,3.27553319e-06,2.44363936e-06
9.11000000e+02,3.90793221e-01,1.56548733e-05,-5.74256784e-06,3.50271886e-08,5.88685936e-05,1.46004228e-04,3.28852130e-01,1.53930740e-05,-5.37237954e-06,6.19410911e-02,2.61799268e-07,-3.70188311e-07,2.83680502e-13,5.54564827e-05,1.43487732e-04,3.50269049e-08,3.41211070e-06,2.51649643e-06
9.12000000e+02,3.90855579e-01,1.57851293e-05,-5.68934213e-06,3.46937251e-08,6.06493340e-05,1.49662321e-04,3.28904965e-01,1.55745629e-05,-5.38818598e-06,6.19506158e-02,2.10566436e-07,-3.01156183e-07,2.84104749e-13,5.73921309e-05,1.47239114e-04,3.46934410e-08,3.25720270e-06,2.42320728e-06
9.13000000e+02,3.90922665e-01,1.56787062e-05,-5.57483189e-06,3.43583254e-08,6.21582991e-05,1.52986305e-04,3.28961628e-01,1.54186624e-05,-5.21167197e-06,6.19610376e-02,2.60043806e-07,-3.63159917e-07,2.84912913e-13,5.87764065e-05,1.50482060e-04,3.43580404e-08,3.38189247e-06,2.50424506e-06
9.14000000e+02,3.90984871e-01,1.57687975e-05,-5.42667513e-06,3.40302421e-08,6.33367976e-05,1.56324999e-04,3.29014426e-01,1.55566241e-05,-5.12627593e-06,6.19704433e-02,2.12173387e-07,-3.00399210e-07,2.86284427e-13,6.01011310e-05,1.53908746e-04,3.40299558e-08,3.23566633e-06,2.41625323e-06
9.15000000e+02,3.91051762e-01,1.57609796e-05,-5.42099756e-06,3.36986663e-08,6.49438544e-05,1.59786370e-04,3.29071016e-01,1.54974579e-05,-5.05441950e-06,6.19807438e-02,2.63521798e-07,-3.66578066e-07,2.87924582e-13,6.15705605e-05,1.57283236e-04,3.36983784e-08,3.37329435e-06,2.50313424e-06
9.16000000e+02,3.91113747e-01,1.59508064e-05,-5.39213562e-06,3.33744401e-08,6.65742373e-05,1.63591271e-04,3.29123717e-01,1.57373157e-05,-5.09136212e-06,6.19900297e-02,2.13490726e-07,-3.00773508e-07,2.89707082e-13,6.33479488e-05,1.61172552e-04,3.33741504e-08,3.22628852e-06,2.41871881e-06
9.17000000e+02,3.91180443e-01,1.60324385e-05,-5.37704410e-06,3.30478523e-08,6.83490882e-05,1.67946098e-04,3.29180228e-01,1.57654910e-05,-5.01309565e-06,6.20002138e-02,2.66947537e-07,-3.63948436e-07,2.90672366e-13,6.50050015e-05,1.65420639e-04,3.30475616e-08,3.34408653e-06,2.52545849e-06
9.18000000e+02,3.91242225e-01,1.64075925e-05,-5.37936936e-06,3.27286769e-08,7.00754979e-05,1.73251298e-04,3.29232841e-01,1.61890665e-05,-5.07995710e-06,6.20093838e-02,2.18525958e-07,-2.99412289e-07,2.92554846e-13,6.68862072e-05,1.70807007e-04,3.27283844e-08,3.18929120e-06,2.44429090e-06
9.19000000e+02,3.91308673e-01,1.67517379e-05,-5.51182219e-06,3.24068447e-08,7.24202750e-05,1.79378745e-04,3.29289220e-01,1.64814344e-05,-5.14339470e-06,6.20194508e-02,2.70303444e-07,-3.68427507e-07,2.94578050e-13,6.90894004e-05,1.76852702e-04,3.24065501e-08,3.33087464e-06,2.52604321e-06
9.20000000e+02,3.91370191e-01,1.74386449e-05,-5.71874845e-06,3.20922063e-08,7.51611662e-05,1.86628263e-04,3.29341684e-01,1.72210774e-05,-5.42162072e-06,6.20285072e-02,2.17567577e-07,-2.97127724e-07,2.96622677e-13,7.20145453e-05,1.84218719e-04,3.20919097e-08,3.14662077e-06,2.40954346e-06
9.21000000e+02,3.91436412e-01,1.79877691e-05,-5.87414783e-06,3.17762588e-08,7.78937302e-05,1.94213947e-04,3.29397946e-01,1.77191239e-05,-5.51214381e-06,6.20384645e-02,2.68645232e-07,-3.62004044e-07,2.97528409e-13,7.46218809e-05,1.91717447e-04,3.17759613e-08,3.27184911e-06,2.49650097e-06
9.22000000e+02,3.91497708e-01,1.88150197e-05,-6.10610925e-06,3.14666511e-08,8.09705554e-05,2.02625231e-04,3.29450301e-01,1.86027187e-05,-5.81202797e-06,6.20474084e-02,2.12301048e-07,-2.94081317e-07,2.97963049e-13,7.78816269e-05,2.00275708e-04,3.14663531e-08,3.08892822e-06,2.34952349e-06
9.23000000e+02,3.91563642e-01,1.95176486e-05,-6.49621419e-06,3.11546046e-08,8.45917316e-05,2.10769523e-04,3.29506390e-01,1.92532704e-05,-6.13503710e-06,6.20572510e-02,2.64378228e-07,-3.61177096e-07,2.98051150e-13,8.13870137e-05,2.08365242e-04,3.11543065e-08,3.20471793e-06,2.40428104e-06
9.24000000e+02,3.91624608e-01,2.04873193e-05,-6.91114491e-06,3.08492741e-08,8.84226175e-05,2.19059780e-04,3.29558528e-01,2.02778886e-05,-6.62518726e-06,6.20660809e-02,2.09430713e-07,-2.85957634e-07,2.98151082e-13,8.54334273e-05,2.16793552e-04,3.08489759e-08,2.98919000e-06,2.26622873e-06
9.25000000e+02,3.91690218e-01,2.12563696e-05,-7.28561493e-06,3.05425696e-08,9.22257074e-05,2.27100741e-04,3.29614406e-01,2.10056191e-05,-6.93838271e-06,6.20758115e-02,2.50750451e-07,-3.47232225e-07,2.96643185e-13,8.91420721e-05,2.24828389e-04,3.05422730e-08,3.08363536e-06,2.27235261e-06
9.26000000e+02,3.91750857e-01,2.20757448e-05,-7.65360476e-06,3.02419170e-08,9.57647316e-05,2.34155964e-04,3.29666329e-01,2.18825848e-05,-7.37609305e-06,6.20845293e-02,1.93159974e-07,-2.77511679e-07,2.95180699e-13,9.28869667e-05,2.32067931e-04,3.02416218e-08,2.87776499e-06,2.08803376e-06
9.27000000e+02,3.91816095e-01,2.27231371e-05,-8.15783000e-06,2.99386860e-08,9.95591090e-05,2.40175999e-04,3.29721948e-01,2.24834728e-05,-7.81390633e-06,6.20941455e-02,2.39664300e-07,-3.43923660e-07,2.92565567e-13,9.65745210e-05,2.38075474e-04,2.99383934e-08,2.98458811e-06,2.10052546e-06
9.28000000e+02,3.91876321e-01,2.35185674e-05,-8.64363897e-06,2.96413479e-08,1.03138629e-04,2.45565391e-04,3.29773571e-01,2.33433952e-05,-8.37350059e-06,6.21027494e-02,1.75172107e-07,-2.70138368e-07,2.90999381e-13,1.00358817e-04,2.43675643e-04,2.96410569e-08,2.77981207e-06,1.88974794e-06
9.29000000e+02,3.91941158e-01,2.39043002e-05,-9.07441126e-06,2.93428936e-08,1.06527551e-04,2.49232140e-04,3.29828904e-01,2.36890164e-05,-8.74578268e-06,6.21122543e-02,2.15283811e-07,-3.28628552e-07,2.88414672e-13,1.03678647e-04,2.47359952e-04,2.93426052e-08,2.84890448e-06,1.87218814e-06
9.30000000e+02,3.92000999e-01,2.43334076e-05,-9.39303694e-06,2.90504156e-08,1.08942203e-04,2.51677224e-04,3.29880252e-01,2.41776184e-05,-9.13408363e-06,6.21207473e-02,1.55789194e-07,-2.58953304e-07,2.85059216e-13,1.06296227e-04,2.49996045e-04,2.90501306e-08,2.64597590e-06,1.68117958e-06
9.31000000e+02,3.92065423e-01,2.45903707e-05,-9.82385191e-06,2.87552886e-08,1.11156656e-04,2.53214160e-04,3.29935283e-01,2.43909686e-05,-9.50093685e-06,6.21301390e-02,1.99402058e-07,-3.22915078e-07,2.82953986e-13,1.08425867e-04,2.51545237e-04,2.87550056e-08,2.73078877e-06,1.66892305e-06
9.32000000e+02,3.92124809e-01,2.49010582e-05,-1.01679821e-05,2.84662876e-08,1.12776476e-04,2.53483228e-04,3.29986292e-01,2.47655828e-05,-9.92515344e-06,6.21385188e-02,1.35475399e-07,-2.42828665e-07,2.81305302e-13,1.10289335e-04,2.52018512e-04,2.84660063e-08,2.48714106e-06,1.46471596e-06
9.33000000e+02,3.92188794e-01,2.47884292e-05,-1.02948105e-05,2.81761815e-08,1.13199347e-04,2.52000435e-04,3.30040994e-01,2.46126873e-05,-9.98939786e-06,6.21477992e-02,1.75741910e-07,-3.05412653e-07,2.78737032e-13,1.10613197e-04,2.50549100e-04,2.81759027e-08,2.58615038e-06,1.45133535e-06
9.34000000e+02,3.92247764e-01,2.47222377e-05,-1.03775862e-05,2.78922824e-08,1.13032451e-04,2.49280261e-04,3.30091697e-01,2.46074565e-05,-1.01447380e-05,6.21560662e-02,1.14781181e-07,-2.32848156e-07,2.75764467e-13,1.10658178e-04,2.48039861e-04,2.78920066e-08,2.37427342e-06,1.24040022e-06
9.35000000e+02,3.92311285e-01,2.43691109e-05,-1.05109626e-05,2.76057095e-08,1.12423886e-04,2.44689815e-04,3.30146054e-01,2.42107594e-05,-1.02174867e-05,6.21652295e-02,1.58351494e-07,-2.93475859e-07,2.72796180e-13,1.09991209e-04,2.43447332e-04,2.76054366e-08,2.43267710e-06,1.24248287e-06
9.36000000e+02,3.92369742e-01,2.40223863e-05,-1.04313252e-05,2.73252295e-08,1.10475986e-04,2.38910246e-04,3.30196362e-01,2.39299310e-05,-1.02155562e-05,6.21733810e-02,9.24552699e-08,-2.15769021e-07,2.70346411e-13,1.08256322e-04,2.37887662e-04,2.73249592e-08,2.21966317e-06,1.02258331e-06
9.37000000e+02,3.92432785e-01,2.32386585e-05,-1.02049413e-05,2.70436182e-08,1.07713789e-04,2.31070623e-04,3.30250352e-01,2.31055969e-05,-9.92495130e-06,6.21824319e-02,1.33061569e-07,-2.79989983e-07,2.67945242e-13,1.05380198e-04,2.30057845e-04,2.70433502e-08,2.33359032e-06,1.01277847e-06
9.38000000e+02,3.92490790e-01,2.24721934e-05,-9.98967777e-06,2.67678700e-08,1.04894384e-04,2.21878608e-04,3.30300320e-01,2.24000297e-05,-9.78434792e-06,6.21904693e-02,7.21637068e-08,-2.05329867e-07,2.65675341e-13,1.02781752e-04,2.21067993e-04,2.67676044e-08,2.11263259e-06,8.10615074e-07
9.39000000e+02,3.92553335e-01,2.14393522e-05,-9.69559085e-06,2.64892710e-08,1.00966992e-04,2.11239466e-04,3.30353931e-01,2.13267368e-05,-9.42451798e-06,6.21994039e-02,1.12615499e-07,-2.71072849e-07,2.63941087e-13,9.87400056e-05,2.10441551e-04,2.64890071e-08,2.22698659e-06,7.97915506e-07
9.40000000e+02,3.92610807e-01,2.04088999e-05,-9.29245461e-06,2.62164320e-08,9.64894002e-05,1.99374136e-04,3.30403481e-01,2.03579508e-05,-9.09830266e-06,6.22073254e-02,5.09491191e-08,-1.94151945e-07,2.64092884e-13,9.44738584e-05,1.98769968e-04,2.62161679e-08,2.01554198e-06,6.04168551e-07
9.41000000e+02,3.92672846e-01,1.90389804e-05,-8.77692958e-06,2.59422302e-08,9.11927097e-05,1.86112671e-04,3.30456700e-01,1.89432184e-05,-8.51686064e-06,6.22161480e-02,9.57620192e-08,-2.60068972e-07,2.61607008e-13,8.90426431e-05,1.85475046e-04,2.59419686e-08,2.15006670e-06,6.37625125e-07
9.42000000e+02,3.92729840e-01,1.77831195e-05,-8.16411591e-06,2.56734104e-08,8.54220781e-05,1.72548606e-04,3.30505882e-01,1.77452458e-05,-7.97592179e-06,6.22239574e-02,3.78737309e-08,-1.88194101e-07,2.60174321e-13,8.34632843e-05,1.72076364e-04,2.56731502e-08,1.95879375e-06,4.72242773e-07
9.43000000e+02,3.92791346e-01,1.63076966e-05,-7.60553672e-06,2.54014477e-08,7.93361427e-05,1.58099343e-04,3.30558681e-01,1.62221114e-05,-7.34907937e-06,6.22326652e-02,8.55852431e-08,-2.56457346e-07,2.58596042e-13,7.72450260e-05,1.57576624e-04,2.54011891e-08,2.09111665e-06,5.22718380e-07
9.44000000e+02,3.92847780e-01,1.49562483e-05,-6.95794054e-06,2.51350844e-08,7.28245930e-05,1.43392535e-04,3.30607416e-01,1.49274485e-05,-6.77456726e-06,6.22403623e-02,2.87997834e-08,-1.83373266e-07,2.58891091e-13,7.09096536e-05,1.43015882e-04,2.51348255e-08,1.91493930e-06,3.76653570e-07
9.45000000e+02,3.92908780e-01,1.33685101e-05,-6.23720268e-06,2.48672748e-08,6.59869879e-05,1.28210306e-04,3.30659820e-01,1.32894401e-05,-5.98815824e-06,6.22489619e-02,7.90700087e-08,-2.49044427e-07,2.58610338e-13,6.39320641e-05,1.27752102e-04,2.48670161e-08,2.05492406e-06,4.58204007e-07
9.46000000e+02,3.92964739e-01,1.19713379e-05,-5.44852321e-06,2.46049464e-08,5.88589217e-05,1.13318926e-04,3.30708188e-01,1.19451854e-05,-5.26632773e-06,6.22565504e-02,2.61525240e-08,-1.82195458e-07,2.58373662e-13,5.69550396e-05,1.12980206e-04,2.46046880e-08,1.90388223e-06,3.38720623e-07
9.47000000e+02,3.93025222e-01,1.04040207e-05,-4.79188228e-06,2.43392826e-08,5.20774796e-05,9.81812720e-05,3.30760185e-01,1.03254100e-05,-4.53868490e-06,6.22650391e-02,7.86106415e-08,-2.53197380e-07,2.58506063e-13,5.00156864e-05,9.77397448e-05,2.43390242e-08,2.06179288e-06,4.41527220e-07
9.48000000e+02,3.93080644e-01,9.04912435e-06,-4.05185079e-06,2.40787816e-08,4.49880258e-05,8.35938619e-05,3.30808125e-01,9.02264816e-06,-3.87150855e-06,6.22725175e-02,2.64762027e-08,-1.80342229e-07,2.59220120e-13,4.30830533e-05,8.32584366e-05,2.40785223e-08,1.90497240e-06,3.35425093e-07
9.49000000e+02,3.93140622e-01,7.50985810e-06,-3.26437906e-06,2.38171211e-08,3.79959015e-05,6.89433742e-05,3.30859723e-01,7.43042502e-06,-3.01356352e-06,6.22809001e-02,7.94330835e-08,-2.50815545e-07,2.60768147e-13,3.59188706e-05,6.84866995e-05,2.38168603e-08,2.07703087e-06,4.56674887e-07
9.50000000e+02,3.93195557e-01,6.13870597e-06,-2.49674017e-06,2.35606978e-08,3.12679023e-05,5.49171492e-05,3.30907284e-01,6.11030659e-06,-2.31231864e-06,6.22882738e-02,2.83993834e-08,-1.84421534e-07,2.61502310e-13,2.93271713e-05,5.45497993e-05,2.35604363e-08,1.94073107e-06,3.67349939e-07
9.51000000e+02,3.93255033e-01,4.68443085e-06,-1.85326797e-06,2.33015570e-08,2.49617465e-05,4.12486218e-05,3.30958483e-01,4.59991278e-06,-1.59550702e-06,6.22965502e-02,8.45180481e-08,-2.57760945e-07,2.62780582e-13,2.28472268e-05,4.07478552e-05,2.33012943e-08,2.11451968e-06,5.00766632e-07
9.52000000e+02,3.93309459e-01,3.47813888e-06,-1.18516376e-06,2.30470324e-08,1.87484134e-05,2.83276313e-05,3.31005640e-01,3.44300532e-06,-9.97532208e-07,6.23038193e-02,3.51335606e-08,-1.87631553e-07,2.64739407e-13,1.67685180e-05,2.79050859e-05,2.30467677e-08,1.97989546e-06,4.22545401e-07
9.53000000e+02,3.93368468e-01,2.13054037e-06,-5.27211517e-07,2.27912859e-08,1.30022624e-05,1.56938251e-05,3.31056475e-01,2.04196036e-06,-2.68620063e-07,6.23119941e-02,8.85800108e-08,-2.58591456e-07,2.67380982e-13,1.08483312e-05,1.51397982e-05,2.27910186e-08,2.15393118e-06,5.54026928e-07
9.54000000e+02,3.93422470e-01,9.51649521e-07,1.41867670e-07,2.25410593e-08,7.39303829e-06,3.62165425e-06,3.31103308e-01,9.10709492e-07,3.35087163e-07,6.23191616e-02,4.09400298e-08,-1.93219494e-07,2.69384558e-13,5.36521712e-06,3.14320304e-06,2.25407899e-08,2.02782120e-06,4.78451207e-07
9.55000000e+02,3.93481062e-01,-2.40229395e-07,6.27497332e-07,2.22879033e-08,2.50748070e-06,-7.96696850e-06,3.31153828e-01,-3.39172921e-07,8.93644305e-07,6.23272329e-02,9.89435259e-08,-2.66146971e-07,2.70222024e-13,3.11862717e-07,-8.59235036e-06,2.22876331e-08,2.19561799e-06,6.25381832e-07
9.56000000e+02,3.93534640e-01,-1.16192388e-06,1.15994811e-06,2.20405273e-08,-2.46826565e-06,-1.88086215e-05,3.31200343e-01,-1.21170284e-06,1.35744102e-06,6.23342978e-02,4.97789559e-08,-1.97492906e-07,2.71511224e-13,-4.53208921e-06,-1.93481350e-05,2.20402558e-08,2.06382356e-06,5.39513510e-07
9.57000000e+02,3.93592851e-01,-2.26758114e-06,1.65463131e-06,2.17921639e-08,-6.88622469e-06,-2.96608602e-05,3.31250581e-01,-2.37048622e-06,1.92073738e-06,6.23422699e-02,1.02905078e-07,-2.66106070e-07,2.72288149e-13,-9.10941123e-06,-3.03274739e-05,2.17918917e-08,2.22318654e-06,6.66613747e-07
9.58000000e+02,3.93646110e-01,-3.18455410e-06,2.15998381e-06,2.15495184e-08,-1.12365239e-05,-4.01319610e-05,3.31296875e-01,-3.24052369e-06,2.36092804e-06,6.23492360e-02,5.59695875e-08,-2.00944232e-07,2.72428507e-13,-1.33205591e-05,-4.07134875e-05,2.15492460e-08,2.08403526e-06,5.81526510e-07
9.59000000e+02,3.93704014e-01,-4.12769560e-06,2.48196928e-06,2.13040952e-08,-1.51225798e-05,-5.04563047e-05,3.31346907e-01,-4.23973072e-06,2.75665024e-06,6.23571057e-02,1.12035137e-07,-2.74680964e-07,2.71148037e-13,-1.73748676e-05,-5.11618192e-05,2.13038241e-08,2.25228785e-06,7.05514542e-07
9.60000000e+02,3.93756934e-01,-4.87553763e-06,2.84172652e-06,2.10636815e-08,-1.89583252e-05,-6.05051144e-05,3.31392965e-01,-4.93530083e-06,3.04399041e-06,6.23639695e-02,5.97632392e-08,-2.02263884e-07,2.70617056e-13,-2.10507480e-05,-6.10995046e-05,2.10634109e-08,2.09242280e-06,5.94390046e-07
9.61000000e+02,3.93814531e-01,-5.85246872e-06,3.19892925e-06,2.08227244e-08,-2.26422559e-05,-7.10770732e-05,3.31442789e-01,-5.96292478e-06,3.47180765e-06,6.23717405e-02,1.10456054e-07,-2.72878391e-07,2.69367761e-13,-2.48934364e-05,-7.17723123e-05,2.08224550e-08,2.25118050e-06,6.95238792e-07
9.62000000e+02,3.93867210e-01,-6.71311234e-06,3.54630583e-06,2.05872675e-08,-2.62652871e-05,-8.16297018e-05,3.31488708e-01,-6.77168926e-06,3.75033465e-06,6.23785046e-02,5.85769376e-08,-2.04028814e-07,2.66714617e-13,-2.83524648e-05,-8.22039983e-05,2.05870008e-08,2.08717767e-06,5.74296825e-07
9.63000000e+02,3.93924566e-01,-7.67675886e-06,3.75611613e-06,2.03496074e-08,-2.95892044e-05,-9.25509326e-05,3.31538393e-01,-7.78622666e-06,4.03040630e-06,6.23861729e-02,1.09467799e-07,-2.74290164e-07,2.64146778e-13,-3.18225846e-05,-9.32163658e-05,2.03493432e-08,2.23338016e-06,6.65433231e-07
9.64000000e+02,3.93976969e-01,-8.50603800e-06,4.07858794e-06,2.01172602e-08,-3.32872501e-05,-1.03382689e-04,3.31584133e-01,-8.56108459e-06,4.28007611e-06,6.23928363e-02,5.50465835e-08,-2.01488209e-07,2.60140292e-13,-3.53453782e-05,-1.03917781e-04,2.01170000e-08,2.05812811e-06,5.35092709e-07
9.65000000e+02,3.94034083e-01,-9.60121067e-06,4.33050505e-06,1.98845482e-08,-3.67271258e-05,-1.14744812e-04,3.31633675e-01,-9.70347888e-06,4.59909942e-06,6.24004065e-02,1.02268180e-07,-2.68594344e-07,2.56158196e-13,-3.89148016e-05,-1.15364788e-04,1.98842920e-08,2.18767584e-06,6.19976243e-07
9.66000000e+02,3.94081335e-01,-1.05753921e-05,4.69190685e-06,2.00158647e-08,-4.05519114e-05,-1.26007991e-04,3.31674754e-01,-1.06258163e-05,4.89020439e-06,6.24065793e-02,5.04241338e-08,-1.98297565e-07,2.51225949e-13,-4.25674071e-05,-1.26503636e-04,2.00156135e-08,2.01549576e-06,4.95644236e-07
9.67000000e+02,3.94133423e-01,-1.16174202e-05,4.91458287e-06,1.97529416e-08,-4.41742116e-05,-1.37306864e-04,3.31719449e-01,-1.17200251e-05,5.17925063e-06,6.24139729e-02,1.02604886e-07,-2.64667747e-07,2.46556610e-13,-4.63097893e-05,-1.37906395e-04,1.97526950e-08,2.13557774e-06,5.99530318e-07
9.68000000e+02,3.94182180e-01,-1.25085928e-05,5.27587527e-06,1.94948971e-08,-4.82585529e-05,-1.48030269e-04,3.31761618e-01,-1.25539559e-05,5.46666133e-06,6.24205616e-02,4.53630428e-08,-1.90786066e-07,2.42460168e-13,-5.02029420e-05,-1.48490691e-04,1.94946546e-08,1.94438902e-06,4.60421976e-07
9.69000000e+02,3.94238544e-01,-1.36393407e-05,5.58925855e-06,1.92479295e-08,-5.22339440e-05,-1.59207527e-04,3.31810383e-01,-1.37335226e-05,5.84335515e-06,6.24281606e-02,9.41818488e-08,-2.54096580e-07,2.38129160e-13,-5.42929265e-05,-1.59757175e-04,1.92476914e-08,2.05898279e-06,5.49647540e-07
9.70000000e+02,3.94292211e-01,-1.46284908e-05,6.06765589e-06,1.90136247e-08,-5.67511368e-05,-1.70249472e-04,3.31857498e-01,-1.46692183e-05,6.24981266e-06,6.24347135e-02,4.07275829e-08,-1.82156756e-07,2.34163507e-13,-5.86225870e-05,-1.70666454e-04,1.90133906e-08,1.87145013e-06,4.16982160e-07
9.71000000e+02,3.94351193e-01,-1.56986473e-05,6.36107251e-06,1.87810175e-08,-6.08041980e-05,-1.81246428e-04,3.31909147e-01,-1.57901406e-05,6.61043942e-06,6.24420472e-02,9.14933285e-08,-2.49366894e-07,2.30892438e-13,-6.27914638e-05,-1.81759901e-04,1.87807866e-08,1.98726588e-06,5.13472152e-07
9.72000000e+02,3.94399690e-01,-1.66125127e-05,6.75443405e-06,1.89033723e-08,-6.50313916e-05,-1.91765770e-04,3.31951788e-01,-1.66488823e-05,6.92979072e-06,6.24479022e-02,3.63696251e-08,-1.75356688e-07,2.27289057e-13,-6.68412216e-05,-1.92146576e-04,1.89031450e-08,1.80982992e-06,3.80806359e-07
9.73000000e+02,3.94451855e-01,-1.76686245e-05,7.08198893e-06,1.86471943e-08,-6.89156497e-05,-2.02205116e-04,3.31996953e-01,-1.77569633e-05,7.32315811e-06,6.24549032e-02,8.83388672e-08,-2.41169196e-07,2.23670183e-13,-7.08532333e-05,-2.02692087e-04,1.86469707e-08,1.93758343e-06,4.86970931e-07
9.74000000e+02,3.94499532e-01,-1.84871868e-05,7.50256899e-06,1.83961115e-08,-7.28424283e-05,-2.11648935e-04,3.32038429e-01,-1.85236626e-05,7.67420147e-06,6.24611029e-02,3.64758421e-08,-1.71632497e-07,2.21815864e-13,-7.46135332e-05,-2.12028810e-04,1.83958897e-08,1.77110521e-06,3.79875114e-07
9.75000000e+02,3.94553923e-01,-1.93240352e-05,7.73161241e-06,1.81549714e-08,-7.61733140e-05,-2.20408431e-04,3.32085585e-01,-1.94139316e-05,7.97147108e-06,6.24683378e-02,8.98964841e-08,-2.39858672e-07,2.19953076e-13,-7.80756939e-05,-2.20903808e-04,1.81547515e-08,1.90237977e-06,4.95376653e-07
9.76000000e+02,3.94600062e-01,-1.99484262e-05,8.05414431e-06,1.82759785e-08,-7.96605607e-05,-2.28322433e-04,3.32125871e-01,-1.99892473e-05,8.22156623e-06,6.24741896e-02,4.08211193e-08,-1.67421941e-07,2.19651106e-13,-8.13969706e-05,-2.28724191e-04,1.82757589e-08,1.73640987e-06,4.01758469e-07
9.77000000e+02,3.94651765e-01,-2.06245203e-05,8.30560652e-06,1.80215591e-08,-8.26991763e-05,-2.35342102e-04,3.32170600e-01,-2.07164988e-05,8.53961135e-06,6.24811658e-02,9.19784377e-08,-2.34004811e-07,2.19300324e-13,-8.45745519e-05,-2.35876296e-04,1.80213398e-08,1.87537526e-06,5.34194443e-07
9.78000000e+02,3.94699729e-01,-2.10608665e-05,8.61985933e-06,1.77723791e-08,-8.55651034e-05,-2.40765316e-04,3.32212480e-01,-2.11060576e-05,8.78730634e-06,6.24872503e-02,4.51910513e-08,-1.67446985e-07,2.20272729e-13,-8.72921113e-05,-2.41235929e-04,1.77721589e-08,1.72700806e-06,4.70612752e-07
9.79000000e+02,3.94754303e-01,-2.14425299e-05,8.69627132e-06,1.75341801e-08,-8.75332000e-05,-2.44872112e-04,3.32260010e-01,-2.15429307e-05,8.93274165e-06,6.24942938e-02,1.00400785e-07,-2.36470316e-07,2.21214927e-13,-8.94088225e-05,-2.45492908e-04,1.75339588e-08,1.87562235e-06,6.20795531e-07
9.80000000e+02,3.94805212e-01,-2.15453071e-05,8.84975685e-06,1.73107061e-08,-8.93096211e-05,-2.47272522e-04,3.32304914e-01,-2.16017927e-05,9.01838384e-06,6.25002982e-02,5.64856557e-08,-1.68626996e-07,2.23101641e-13,-9.10466568e-05,-2.47847295e-04,1.73104830e-08,1.73703531e-06,5.74772502e-07
9.81000000e+02,3.94860925e-01,-2.16107148e-05,8.84586860e-06,1.70917764e-08,-9.00568829e-05,-2.48212568e-04,3.32353807e-01,-2.17196455e-05,9.08291085e-06,6.25071187e-02,1.08930719e-07,-2.37042258e-07,2.24734077e-13,-9.19582610e-05,-2.48943440e-04,1.70915517e-08,1.90137787e-06,7.30872794e-07
9.82000000e+02,3.94906197e-01,-2.15316607e-05,8.93317255e-06,1.72175601e-08,-9.06002448e-05,-2.47937927e-04,3.32393669e-01,-2.15943135e-05,9.10605947e-06,6.25125294e-02,6.26528029e-08,-1.72886937e-07,2.26476149e-13,-9.23856590e-05,-2.48616112e-04,1.72173337e-08,1.78541409e-06,6.78184774e-07
9.83000000e+02,3.94955196e-01,-2.13858617e-05,8.76380347e-06,1.69761623e-08,-8.99722231e-05,-2.46297083e-04,3.32436121e-01,-2.15054970e-05,9.00865902e-06,6.25190769e-02,1.19635284e-07,-2.44855562e-07,2.28216202e-13,-9.19372867e-05,-2.47144847e-04,1.69759341e-08,1.96506334e-06,8.47764118e-07
9.84000000e+02,3.94999846e-01,-2.09476359e-05,8.67433509e-06,1.67410095e-08,-8.90688742e-05,-2.42989362e-04,3.32475022e-01,-2.10238474e-05,8.85207899e-06,6.25248252e-02,7.62114841e-08,-1.77743881e-07,2.30454028e-13,-9.09123193e-05,-2.43802119e-04,1.67407791e-08,1.84344497e-06,8.12757177e-07
9.85000000e+02,3.95051385e-01,-2.05527756e-05,8.46137907e-06,1.65179554e-08,-8.73960939e-05,-2.38552001e-04,3.32519778e-01,-2.06815106e-05,8.70845947e-06,6.25316088e-02,1.28735038e-07,-2.47080373e-07,2.32393753e-13,-8.94164145e-05,-2.39529803e-04,1.65177231e-08,2.02032090e-06,9.77801441e-07
9.86000000e+02,3.95095070e-01,-2.00492752e-05,8.36305240e-06,1.66460170e-08,-8.56060867e-05,-2.33240741e-04,3.32558005e-01,-2.01308508e-05,8.54695430e-06,6.25370631e-02,8.15756180e-08,-1.83901906e-07,2.34571592e-13,-8.75204041e-05,-2.34161461e-04,1.66457824e-08,1.91431714e-06,9.20720026e-07
9.87000000e+02,3.95144380e-01,-1.94630403e-05,8.01312966e-06,1.64085286e-08,-8.28410962e-05,-2.26771931e-04,3.32600789e-01,-1.96042585e-05,8.26885040e-06,6.25435915e-02,1.41218208e-07,-2.55720778e-07,2.36259113e-13,-8.49305556e-05,-2.27871578e-04,1.64082923e-08,2.08945951e-06,1.09964769e-06
9.88000000e+02,3.95190049e-01,-1.86107330e-05,7.78796732e-06,1.61770974e-08,-8.01350095e-05,-2.18940322e-04,3.32640824e-01,-1.87068621e-05,7.97496963e-06,6.25492243e-02,9.61290603e-08,-1.87002323e-07,2.36773269e-13,-8.20991476e-05,-2.20007462e-04,1.61768606e-08,1.96413777e-06,1.06713944e-06
9.89000000e+02,3.95242397e-01,-1.78842687e-05,7.46157741e-06,1.59580161e-08,-7.68864313e-05,-2.10379453e-04,3.32686587e-01,-1.80331619e-05,7.71921302e-06,6.25558111e-02,1.48893185e-07,-2.57635588e-07,2.37548403e-13,-7.90298400e-05,-2.11609084e-04,1.59577786e-08,2.14340861e-06,1.22963164e-06
9.90000000e+02,3.95286339e-01,-1.70366034e-05,7.29360831e-06,1.60820899e-08,-7.37999429e-05,-2.01271872e-04,3.32725294e-01,-1.71409752e-05,7.48631550e-06,6.25610467e-02,1.04371790e-07,-1.92707215e-07,2.38279024e-13,-7.58317245e-05,-2.02452534e-04,1.60818516e-08,2.03178139e-06,1.18066220e-06
9.91000000e+02,3.95335272e-01,-1.61592202e-05,6.86900101e-06,1.58506568e-08,-6.98952090e-05,-1.91642083e-04,3.32767935e-01,-1.63188310e-05,7.13502087e-06,6.25673374e-02,1.59610872e-07,-2.66019839e-07,2.38327264e-13,-7.21079277e-05,-1.92976245e-04,1.58504185e-08,2.21271874e-06,1.33416237e-06
9.92000000e+02,3.95380038e-01,-1.51604617e-05,6.59456027e-06,1.56256536e-08,-6.62401231e-05,-1.81524393e-04,3.32807297e-01,-1.52736867e-05,6.79102522e-06,6.25727426e-02,1.13224962e-07,-1.96464935e-07,2.38563007e-13,-6.83253921e-05,-1.82806727e-04,1.56254150e-08,2.08526873e-06,1.28233427e-06
9.93000000e+02,3.95426302e-01,-1.44171536e-05,6.25944695e-06,1.57359699e-08,-6.23878082e-05,-1.71853404e-04,3.32847493e-01,-1.45764864e-05,6.52554013e-06,6.25788085e-02,1.59332806e-07,-2.66093185e-07,2.39172168e-13,-6.46411480e-05,-1.73254087e-04,1.57357307e-08,2.25333995e-06,1.40068240e-06
9.94000000e+02,3.95468839e-01,-1.36053874e-05,6.06470036e-06,1.55062623e-08,-5.88252182e-05,-1.62051588e-04,3.32884762e-01,-1.37192765e-05,6.26701659e-06,6.25840772e-02,1.13889127e-07,-2.02316233e-07,2.39078203e-13,-6.09628683e-05,-1.63375988e-04,1.55060231e-08,2.13765018e-06,1.32439937e-06
9.95000000e+02,3.95517857e-01,-1.28404925e-05,5.63986419e-06,1.52801830e-08,-5.46910646e-05,-1.52460620e-04,3.32927486e-01,-1.30046003e-05,5.91301015e-06,6.25903718e-02,1.64107860e-07,-2.73145996e-07,2.39014829e-13,-5.69974692e-05,-1.53910428e-04,1.52799440e-08,2.30640485e-06,1.44980809e-06
9.96000000e+02,3.95564020e-01,-1.20765543e-05,5.42303789e-06,1.50724667e-08,-5.10596524e-05,-1.43031933e-04,3.32968328e-01,-1.21895000e-05,5.62591200e-06,6.25956910e-02,1.12945624e-07,-2.02874114e-07,2.38732684e-13,-5.32257944e-05,-1.44398570e-04,1.50722280e-08,2.16614227e-06,1.36663621e-06
9.97000000e+02,3.95611358e-01,-1.15862551e-05,5.14669095e-06,1.51808930e-08,-4.74521940e-05,-1.34467417e-04,3.33009801e-01,-1.17492274e-05,5.41859107e-06,6.26015577e-02,1.62972242e-07,-2.71900132e-07,2.38392523e-13,-4.97785649e-05,-1.35953006e-04,1.51806546e-08,2.32637087e-06,1.48558929e-06
9.98000000e+02,3.95653755e-01,-1.09597150e-05,5.05617027e-06,1.49651305e-08,-4.43785885e-05,-1.25707435e-04,3.33047206e-01,-1.10742463e-05,5.26152331e-06,6.26065474e-02,1.14531384e-07,-2.05353040e-07,2.37092494e-13,-4.65737808e-05,-1.27100092e-04,1.49648934e-08,2.19519227e-06,1.39265603e-06
9.99000000e+02,3.95701353e-01,-1.04212293e-05,4.72552669e-06,1.47497880e-08,-4.07344389e-05,-1.17287727e-04,3.33088798e-01,-1.05876497e-05,5.00120180e-06,6.26125549e-02,1.66420314e-07,-2.75675128e-07,2.37285416e-13,-4.30811872e-05,-1.18805906e-04,1.47495507e-08,2.34674818e-06,1.51817877e-06
1.00000000e+03,3.95740724e-01,-9.82365074e-06,4.65455625e-06,1.48629910e-08,-3.80801917e-05,-1.09078801e-04,3.33123385e-01,-9.94260686e-06,4.85857813e-06,6.26173389e-02,1.18956122e-07,-2.04021876e-07,2.36507624e-13,-4.02764037e-05,-1.10511703e-04,1.48627544e-08,2.19621206e-06,1.43290226e-06
1.00100000e+03,3.95785965e-01,-9.35013034e-06,4.48940435e-06,1.46445021e-08,-3.52816387e-05,-1.01009768e-04,3.33162729e-01,-9.51988498e-06,4.76315129e-06,6.26232366e-02,1.69754639e-07,-2.73746947e-07,2.35430807e-13,-3.76347803e-05,-1.02554155e-04,1.46442667e-08,2.35314160e-06,1.54438752e-06
1.00200000e+03,3.95828159e-01,-8.70665306e-06,4.46983676e-06,1.44353520e-08,-3.28684237e-05,-9.28201719e-05,3.33199891e-01,-8.82990522e-06,4.67654519e-06,6.26282665e-02,1.23252162e-07,-2.06708436e-07,2.34772427e-13,-3.50721871e-05,-9.42741309e-05,1.44351172e-08,2.20376343e-06,1.45395877e-06
1.00300000e+03,3.95872595e-01,-8.19130205e-06,4.24329331e-06,1.45375183e-08,-3.00473137e-05,-8.52351878e-05,3.33238652e-01,-8.36748511e-06,4.51864661e-06,6.26339444e-02,1.76183053e-07,-2.75353308e-07,2.34117687e-13,-3.23924607e-05,-8.68061660e-05,1.45372842e-08,2.34514702e-06,1.57097840e-06
1.00400000e+03,3.95913405e-01,-7.52567158e-06,4.21766529e-06,1.43258798e-08,-2.79700162e-05,-7.75116179e-05,3.33274629e-01,-7.65414213e-06,4.42326595e-06,6.26387755e-02,1.28470548e-07,-2.05600660e-07,2.33063362e-13,-3.01681073e-05,-7.89802119e-05,1.43256468e-08,2.19809109e-06,1.46859393e-06
1.00500000e+03,3.95960594e-01,-7.01280479e-06,4.05161142e-06,1.41194326e-08,-2.53651673e-05,-7.03160089e-05,3.33315982e-01,-7.18984178e-06,4.32579085e-06,6.26446125e-02,1.77036995e-07,-2.74179435e-07,2.31664565e-13,-2.77045796e-05,-7.18837620e-05,1.41192010e-08,2.33941226e-06,1.56775292e-06
1.00600000e+03,3.96000093e-01,-6.42343820e-06,4.01846752e-06,1.42297019e-08,-2.31685915e-05,-6.34701660e-05,3.33350910e-01,-6.55195505e-06,4.22700318e-06,6.26491833e-02,1.28516860e-07,-2.08535638e-07,2.29909635e-13,-2.53648168e-05,-6.49274771e-05,1.42294720e-08,2.19622525e-06,1.45731092e-06
1.00700000e+03,3.96045295e-01,-5.89174220e-06,3.71845479e-06,1.40199976e-08,-2.03149344e-05,-5.68520242e-05,3.33390482e-01,-6.07098759e-06,3.99774983e-06,6.26548115e-02,1.79245381e-07,-2.79295036e-07,2.28116113e-13,-2.26608278e-05,-5.83998991e-05,1.40197695e-08,2.34589338e-06,1.54787506e-06
1.00800000e+03,3.96086968e-01,-5.21408760e-06,3.56430007e-06,1.38206665e-08,-1.78610422e-05,-5.02874345e-05,3.33427422e-01,-5.34429162e-06,3.77414079e-06,6.26595460e-02,1.30204020e-07,-2.09840724e-07,2.26622664e-13,-2.00435892e-05,-5.17187030e-05,1.38204398e-08,2.18254699e-06,1.43126860e-06
1.00900000e+03,3.96130521e-01,-4.67144137e-06,3.27343801e-06,1.39198535e-08,-1.50391245e-05,-4.40662065e-05,3.33465581e-01,-4.84693237e-06,3.55041528e-06,6.26649412e-02,1.75491018e-07,-2.76977271e-07,2.25174703e-13,-1.73639999e-05,-4.55734105e-05,1.39196283e-08,2.32487543e-06,1.50720403e-06
1.01000000e+03,3.96170062e-01,-3.99056019e-06,3.12408968e-06,1.37193936e-08,-1.25280599e-05,-3.74445096e-05,3.33500573e-01,-4.11375715e-06,3.33515857e-06,6.26694882e-02,1.23196958e-07,-2.11068885e-07,2.24409440e-13,-1.47028708e-05,-3.88079397e-05,1.37191692e-08,2.17481095e-06,1.36343007e-06
1.01100000e+03,3.96215685e-01,-3.39821793e-06,2.71553692e-06,1.35223005e-08,-9.42514876e-06,-3.14615198e-05,3.33540634e-01,-3.57482024e-06,2.99607145e-06,6.26750494e-02,1.76602313e-07,-2.80534530e-07,2.24674966e-13,-1.17333764e-05,-3.29356139e-05,1.35220758e-08,2.30822759e-06,1.47409417e-06
1.01200000e+03,3.96253545e-01,-2.62142895e-06,2.42017950e-06,1.36292366e-08,-6.59028022e-06,-2.50924304e-05,3.33574174e-01,-2.74771629e-06,2.62606615e-06,6.26793720e-02,1.26287343e-07,-2.05886657e-07,2.23196639e-13,-8.70434247e-06,-2.64517132e-05,1.36290134e-08,2.11406224e-06,1.35928273e-06
1.01300000e+03,3.96297012e-01,-1.90192280e-06,1.98764934e-06,1.34309977e-08,-3.29713785e-06,-1.81071628e-05,3.33612262e-01,-2.07331742e-06,2.25543159e-06,6.26847500e-02,1.71394620e-07,-2.67782249e-07,2.23017899e-13,-5.51084371e-06,-1.95437140e-05,1.34307747e-08,2.21370586e-06,1.43655118e-06
1.01400000e+03,3.96332360e-01,-1.09331342e-06,1.85146731e-06,1.35327112e-08,-1.38231855e-06,-1.13529344e-05,3.33643402e-01,-1.21796505e-06,2.05834407e-06,6.26889567e-02,1.24651622e-07,-2.06876758e-07,2.24166401e-13,-3.48567377e-06,-1.26845109e-05,1.35324870e-08,2.10335521e-06,1.33157649e-06
1.01500000e+03,3.96374022e-01,-2.81264028e-07,1.36199385e-06,1.33251437e-08,1.79014981e-06,-4.33455861e-06,3.33679714e-01,-4.57060819e-07,1.63120897e-06,6.26943067e-02,1.75796791e-07,-2.69215126e-07,2.26406301e-13,-3.93250279e-07,-5.76660789e-06,1.33249173e-08,2.18340008e-06,1.43204929e-06
1.01600000e+03,3.96413334e-01,7.77164677e-07,1.07502881e-06,1.31330937e-08,4.17488158e-06,3.67804983e-06,3.33714520e-01,6.49662851e-07,1.27683651e-06,6.26988136e-02,1.27501824e-07,-2.01807695e-07,2.29019862e-13,2.12023888e-06,2.33880036e-06,1.31328646e-08,2.05464270e-06,1.33924947e-06
1.01700000e+03,3.96455606e-01,1.69892541e-06,6.16309242e-07,1.32278687e-08,7.46747396e-06,1.18958937e-05,3.33751619e-01,1.52220479e-06,8.89353827e-07,6.27039866e-02,1.76720618e-07,-2.73044586e-07,2.31586480e-13,5.24878271e-06,1.04403154e-05,1.32276371e-08,2.21869124e-06,1.45557829e-06
1.01800000e+03,3.96494249e-01,2.83589632e-06,2.53457956e-07,1.30393811e-08,1.08703090e-05,2.10897606e-05,3.33785986e-01,2.70421960e-06,4.53604226e-07,6.27082621e-02,1.31676723e-07,-2.00146272e-07,2.33584283e-13,8.83877104e-06,1.97240990e-05,1.30391475e-08,2.03153804e-06,1.36566168e-06
1.01900000e+03,3.96538817e-01,4.06774597e-06,-2.70943540e-07,1.28556437e-08,1.41669516e-05,3.10748921e-05,3.33825312e-01,3.88153580e-06,9.06918038e-10,6.27135051e-02,1.86210183e-07,-2.71850458e-07,2.35163301e-13,1.19840486e-05,2.95720322e-05,1.28554086e-08,2.18290293e-06,1.50285991e-06
1.02000000e+03,3.96575347e-01,5.47036082e-06,-6.68949937e-07,1.29563417e-08,1.73606097e-05,4.17902272e-05,3.33857847e-01,5.33485597e-06,-4.61747318e-07,6.27174994e-02,1.35504837e-07,-2.07202619e-07,2.37005944e-13,1.52846447e-05,4.03931276e-05,1.29561047e-08,2.07596501e-06,1.39709968e-06
1.02100000e+03,3.96616970e-01,6.75076262e-06,-1.28313336e-06,1.27728375e-08,2.17875729e-05,5.27794816e-05,3.33894431e-01,6.56662780e-06,-1.01092230e-06,6.27225401e-02,1.84134801e-07,-2.72211067e-07,2.37895564e-13,1.95853657e-05,5.12720396e-05,1.27725996e-08,2.20220724e-06,1.50744186e-06
1.02200000e+03,3.96650279e-01,8.19618455e-06,-1.72157692e-06,1.28696454e-08,2.57391772e-05,6.42583125e-05,3.33923841e-01,8.05859736e-06,-1.51484978e-06,6.27264398e-02,1.37587221e-07,-2.06727136e-07,2.38194641e-13,2.36726560e-05,6.28530354e-05,1.28694072e-08,2.06652110e-06,1.40527722e-06
1.02300000e+03,3.96689653e-01,9.62895301e-06,-2.39487285e-06,1.26776249e-08,3.03131924e-05,7.59571274e-05,3.33958180e-01,9.44583669e-06,-2.12003473e-06,6.27314747e-02,1.83116320e-07,-2.74838119e-07,2.38752476e-13,2.81059852e-05,7.44646793e-05,1.26773862e-08,2.20720716e-06,1.49244780e-06
1.02400000e+03,3.96726475e-01,1.10863691e-05,-2.92414842e-06,1.24998223e-08,3.48328264e-05,8.76302384e-05,3.33990804e-01,1.09562364e-05,-2.72235613e-06,6.27356716e-02,1.30132702e-07,-2.01792290e-07,2.39158017e-13,3.27978341e-05,8.62642508e-05,1.24995832e-08,2.03499235e-06,1.36598716e-06
1.02500000e+03,3.96766332e-01,1.22403281e-05,-3.54346889e-06,1.25878423e-08,3.95648887e-05,9.85788805e-05,3.34025780e-01,1.20696473e-05,-3.27185702e-06,6.27405524e-02,1.70680790e-07,-2.71611873e-07,2.39088863e-13,3.73540762e-05,9.71412999e-05,1.25876032e-08,2.21081256e-06,1.43758085e-06
1.02600000e+03,3.96802540e-01,1.34150030e-05,-3.97460930e-06,1.24136405e-08,4.41516004e-05,1.09226702e-04,3.34058007e-01,1.33001999e-05,-3.77219075e-06,6.27445322e-02,1.14803095e-07,-2.02418546e-07,2.37727728e-13,4.20960989e-05,1.07933659e-04,1.24134028e-08,2.05550155e-06,1.29304277e-06
1.02700000e+03,3.96840432e-01,1.43361283e-05,-4.65015829e-06,1.24945530e-08,4.92076053e-05,1.18747716e-04,3.34091201e-01,1.41790750e-05,-4.38086210e-06,6.27492321e-02,1.57053322e-07,-2.69296202e-07,2.37821567e-13,4.70240696e-05,1.17394115e-04,1.24943152e-08,2.18353567e-06,1.35360086e-06
1.02800000e+03,3.96874585e-01,1.51782421e-05,-5.07716823e-06,1.23143269e-08,5.35221966e-05,1.27593316e-04,3.34121467e-01,1.50810896e-05,-4.88369261e-06,6.27531178e-02,9.71525352e-08,-1.93475589e-07,2.39213740e-13,5.15188826e-05,1.26400441e-04,1.23140877e-08,2.00331373e-06,1.19287491e-06
1.02900000e+03,3.96911154e-01,1.56702753e-05,-5.50582059e-06,1.23960088e-08,5.75281389e-05,1.35022034e-04,3.34153358e-01,1.55344120e-05,-5.24648486e-06,6.27577979e-02,1.35863338e-07,-2.59335734e-07,2.40397885e-13,5.53824319e-05,1.33782711e-04,1.23957684e-08,2.14570711e-06,1.23932356e-06
1.03000000e+03,3.96944950e-01,1.61556854e-05,-5.75008893e-06,1.22167103e-08,6.12047360e-05,1.41912515e-04,3.34183268e-01,1.60757412e-05,-5.56559917e-06,6.27616801e-02,7.99441573e-08,-1.84489741e-07,2.40864299e-13,5.92524926e-05,1.40836670e-04,1.22164694e-08,1.95224305e-06,1.07584545e-06
1.03100000e+03,3.96981795e-01,1.64117574e-05,-6.07675810e-06,1.22937946e-08,6.44573704e-05,1.47501598e-04,3.34215452e-01,1.62898605e-05,-5.82585886e-06,6.27663438e-02,1.21896878e-07,-2.50899253e-07,2.40979848e-13,6.23769818e-05,1.46368372e-04,1.22935536e-08,2.08038856e-06,1.13322617e-06
1.03200000e+03,3.97016046e-01,1.66871930e-05,-6.15001287e-06,1.21151780e-08,6.68664977e-05,1.52678458e-04,3.34245881e-01,1.66196550e-05,-5.97459489e-06,6.27701649e-02,6.75379433e-08,-1.75417967e-07,2.40539597e-13,6.49696820e-05,1.51690359e-04,1.21149374e-08,1.89681559e-06,9.88099312e-07
1.03300000e+03,3.97053237e-01,1.66824517e-05,-6.26822213e-06,1.21905301e-08,6.90538470e-05,1.56656527e-04,3.34278502e-01,1.65720236e-05,-6.02808892e-06,6.27747345e-02,1.10428126e-07,-2.40133213e-07,2.39690261e-13,6.70321283e-05,1.55606362e-04,1.21902904e-08,2.02171872e-06,1.05016518e-06
1.03400000e+03,3.97087457e-01,1.67818919e-05,-6.14854870e-06,1.20149631e-08,7.05469798e-05,1.60416523e-04,3.34309011e-01,1.67205170e-05,-5.98049153e-06,6.27784471e-02,6.13749023e-08,-1.68057160e-07,2.38642977e-13,6.86971011e-05,1.59494443e-04,1.20147245e-08,1.84987894e-06,9.22080423e-07
1.03500000e+03,3.97124318e-01,1.67303754e-05,-6.20063404e-06,1.20854645e-08,7.20806389e-05,1.63292459e-04,3.34341403e-01,1.66225039e-05,-5.96451772e-06,6.27829144e-02,1.07871533e-07,-2.36116328e-07,2.37266998e-13,7.00974385e-05,1.62289124e-04,1.20852272e-08,1.98320058e-06,1.00333460e-06
1.03600000e+03,3.97157977e-01,1.67951933e-05,-6.04796074e-06,1.19124157e-08,7.29572081e-05,1.66266721e-04,3.34371446e-01,1.67362499e-05,-5.88420687e-06,6.27865301e-02,5.89433975e-08,-1.63753851e-07,2.35615303e-13,7.11523383e-05,1.65380838e-04,1.19121801e-08,1.80486988e-06,8.85882277e-07
1.03700000e+03,3.97194231e-01,1.66949772e-05,-6.03050393e-06,1.19821890e-08,7.39325605e-05,1.68690245e-04,3.34403320e-01,1.65921506e-05,-5.79937469e-06,6.27909106e-02,1.02826631e-07,-2.31129243e-07,2.32485261e-13,7.19842200e-05,1.67738260e-04,1.19819566e-08,1.94834049e-06,9.51985664e-07
1.03800000e+03,3.97227268e-01,1.67361997e-05,-5.81629914e-06,1.18133046e-08,7.45325036e-05,1.71351540e-04,3.34432815e-01,1.66800598e-05,-5.65405878e-06,6.27944512e-02,5.61398925e-08,-1.62240368e-07,2.29972417e-13,7.27433999e-05,1.70502417e-04,1.18130746e-08,1.78910354e-06,8.49123303e-07
1.03900000e+03,3.97262958e-01,1.66781661e-05,-5.87229369e-06,1.18784802e-08,7.56568116e-05,1.73752522e-04,3.34464198e-01,1.65715028e-05,-5.63922286e-06,6.27987598e-02,1.06663374e-07,-2.33070847e-07,2.27520947e-13,7.37200221e-05,1.72792862e-04,1.18782527e-08,1.93678952e-06,9.59660245e-07
1.04000000e+03,3.97295474e-01,1.69578322e-05,-5.78892246e-06,1.17129517e-08,7.64459394e-05,1.77871082e-04,3.34493243e-01,1.69055614e-05,-5.62694434e-06,6.28022319e-02,5.22707432e-08,-1.61978111e-07,2.24853563e-13,7.46717990e-05,1.77054073e-04,1.17127268e-08,1.77414027e-06,8.17008485e-07
1.04100000e+03,3.97330759e-01,1.69977989e-05,-5.87423397e-06,1.17806817e-08,7.79041145e-05,1.81339701e-04,3.34524283e-01,1.68920002e-05,-5.64454315e-06,6.28064782e-02,1.05798683e-07,-2.29690826e-07,2.21053403e-13,7.59839679e-05,1.80369783e-04,1.17804606e-08,1.92014624e-06,9.69918804e-07
1.04200000e+03,3.97362971e-01,1.74616678e-05,-5.81795920e-06,1.16193570e-08,7.92161225e-05,1.87359739e-04,3.34553082e-01,1.74135725e-05,-5.65726579e-06,6.28098897e-02,4.80953302e-08,-1.60693420e-07,2.17150669e-13,7.74497609e-05,1.86575678e-04,1.16191399e-08,1.76636167e-06,7.84060656e-07
1.04300000e+03,3.97398016e-01,1.77556253e-05,-6.02133158e-06,1.16812703e-08,8.12241871e-05,1.92406005e-04,3.34583953e-01,1.76434736e-05,-5.78305570e-06,6.28140625e-02,1.12151665e-07,-2.38275867e-07,2.13409501e-13,7.92709098e-05,1.91412095e-04,1.16810569e-08,1.95327735e-06,9.93909964e-07
1.04400000e+03,3.97429979e-01,1.85883788e-05,-6.21946386e-06,1.15237055e-08,8.37143946e-05,2.00577453e-04,3.34612568e-01,1.85301087e-05,-6.05571385e-06,6.28174105e-02,5.82700414e-08,-1.63750031e-07,2.09547683e-13,8.19410006e-05,1.99727490e-04,1.15234959e-08,1.77339393e-06,8.49963341e-07
1.04500000e+03,3.97464821e-01,1.91789761e-05,-6.55482453e-06,1.15855761e-08,8.68513432e-05,2.08122022e-04,3.34643302e-01,1.90657758e-05,-6.32026735e-06,6.28215187e-02,1.13200288e-07,-2.34557166e-07,2.05759041e-13,8.49014500e-05,2.07108629e-04,1.15853703e-08,1.94989315e-06,1.01339253e-06
1.04600000e+03,3.97496659e-01,2.00977278e-05,-6.76073074e-06,1.14322862e-08,9.02133294e-05,2.17224213e-04,3.34671852e-01,2.00300031e-05,-6.60101338e-06,6.28248056e-02,6.77247472e-08,-1.59717379e-07,2.01980964e-13,8.84667924e-05,2.16321467e-04,1.14320842e-08,1.74653717e-06,9.02745926e-07
1.04700000e+03,3.97531369e-01,2.09819301e-05,-7.20591980e-06,1.14886227e-08,9.37923444e-05,2.26001879e-04,3.34702532e-01,2.08622001e-05,-6.96424761e-06,6.28288364e-02,1.19729966e-07,-2.41672181e-07,1.98044188e-13,9.18263895e-05,2.24975197e-04,1.14884247e-08,1.96595536e-06,1.02668269e-06
1.04800000e+03,3.97558858e-01,2.20941213e-05,-7.64022512e-06,1.15516911e-08,9.80440390e-05,2.35665571e-04,3.34727051e-01,2.20247101e-05,-7.47346277e-06,6.28318071e-02,6.94111685e-08,-1.66762356e-07,1.94285798e-13,9.62606065e-05,2.34771473e-04,1.15514969e-08,1.78343270e-06,8.94098199e-07
1.04900000e+03,3.97592973e-01,2.29269469e-05,-8.21269697e-06,1.13917915e-08,1.02754463e-04,2.44006772e-04,3.34757011e-01,2.28103114e-05,-7.97617712e-06,6.28359624e-02,1.16635553e-07,-2.36519864e-07,1.92476720e-13,1.00809209e-04,2.43022229e-04,1.13915990e-08,1.94525384e-06,9.84542285e-07
1.05000000e+03,3.97621563e-01,2.38352909e-05,-8.55238970e-06,1.14563987e-08,1.06789877e-04,2.51731483e-04,3.34782540e-01,2.37687966e-05,-8.37841204e-06,6.28390221e-02,6.64942696e-08,-1.73977671e-07,1.90184070e-13,1.04971639e-04,2.50893050e-04,1.14562086e-08,1.81823742e-06,8.38432264e-07
1.05100000e+03,3.97658171e-01,2.46137200e-05,-9.22234946e-06,1.13013222e-08,1.11402503e-04,2.58419115e-04,3.34814949e-01,2.44941490e-05,-8.97455452e-06,6.28432210e-02,1.19570998e-07,-2.47794938e-07,1.89559089e-13,1.09417250e-04,2.57466204e-04,1.13011327e-08,1.98525295e-06,9.52911212e-07
1.05200000e+03,3.97688800e-01,2.54946978e-05,-9.75148332e-06,1.13551356e-08,1.15844753e-04,2.64919535e-04,3.34842613e-01,2.54272646e-05,-9.57502646e-06,6.28461878e-02,6.74332174e-08,-1.76456860e-07,1.88970032e-13,1.14017379e-04,2.64114286e-04,1.13549466e-08,1.82737403e-06,8.05249059e-07
1.05300000e+03,3.97722105e-01,2.60263616e-05,-1.03120863e-05,1.13935409e-08,1.20054951e-04,2.69597626e-04,3.34872141e-01,2.59140340e-05,-1.00630953e-05,6.28499618e-02,1.12327601e-07,-2.48990974e-07,1.88983254e-13,1.18061522e-04,2.68720598e-04,1.13933520e-08,1.99342834e-06,8.77028488e-07
1.05400000e+03,3.97752142e-01,2.65666171e-05,-1.06291384e-05,1.12444728e-08,1.22998423e-04,2.73103664e-04,3.34899157e-01,2.65047828e-05,-1.04548780e-05,6.28529850e-02,6.18342722e-08,-1.74260306e-07,1.88821730e-13,1.21211541e-04,2.72375855e-04,1.12442840e-08,1.78688198e-06,7.27809355e-07
1.05500000e+03,3.97785650e-01,2.68926215e-05,-1.10920135e-05,1.12853930e-08,1.25516109e-04,2.75204345e-04,3.34928865e-01,2.67852575e-05,-1.08457285e-05,6.28567847e-02,1.07364010e-07,-2.46285083e-07,1.89245372e-13,1.23579567e-04,2.74419409e-04,1.12852038e-08,1.93654246e-06,7.84936602e-07
1.05600000e+03,3.97812513e-01,2.71803638e-05,-1.13022130e-05,1.13335483e-08,1.27043758e-04,2.75949097e-04,3.34952983e-01,2.71258468e-05,-1.11256300e-05,6.28595293e-02,5.45170598e-08,-1.76582977e-07,1.90582443e-13,1.25257282e-04,2.75313206e-04,1.13333577e-08,1.78647624e-06,6.35890886e-07
1.05700000e+03,3.97846394e-01,2.71469213e-05,-1.15908969e-05,1.11858802e-08,1.28274917e-04,2.74944261e-04,3.34982928e-01,2.70505062e-05,-1.13533066e-05,6.28634656e-02,9.64151101e-08,-2.37590355e-07,1.92145004e-13,1.26410998e-04,2.74272099e-04,1.11856880e-08,1.86391936e-06,6.72162005e-07
1.05800000e+03,3.97874688e-01,2.71065068e-05,-1.14944941e-05,1.12338880e-08,1.27378925e-04,2.72657504e-04,3.35008426e-01,2.70637328e-05,-1.13273862e-05,6.28662627e-02,4.27740329e-08,-1.67107997e-07,1.93977309e-13,1.25693896e-04,2.72156700e-04,1.12336940e-08,1.68502888e-06,5.00803878e-07
1.05900000e+03,3.97906340e-01,2.67460831e-05,-1.15587929e-05,1.12656870e-08,1.26341834e-04,2.68129280e-04,3.35036437e-01,2.66665763e-05,-1.13191918e-05,6.28699026e-02,7.95068126e-08,-2.39601050e-07,1.95337839e-13,1.24498946e-04,2.67632826e-04,1.12654916e-08,1.84288806e-06,4.96454134e-07
1.06000000e+03,3.97935343e-01,2.61940638e-05,-1.14120663e-05,1.11242453e-08,1.24383915e-04,2.61226069e-04,3.35062556e-01,2.61682636e-05,-1.12556789e-05,6.28727869e-02,2.58002205e-08,-1.56387431e-07,1.96612121e-13,1.22796316e-04,2.60903394e-04,1.11240486e-08,1.58759902e-06,3.22674811e-07
1.06100000e+03,3.97968259e-01,2.53727660e-05,-1.11927033e-05,1.11591260e-08,1.21332082e-04,2.52762187e-04,3.35091823e-01,2.53115825e-05,-1.09686620e-05,6.28764348e-02,6.11834965e-08,-2.24041284e-07,1.96645783e-13,1.19615861e-04,2.52444912e-04,1.11589294e-08,1.71622090e-06,3.17274409e-07
1.06200000e+03,3.97994628e-01,2.44155993e-05,-1.06919660e-05,1.12025889e-08,1.16912060e-04,2.42481504e-04,3.35115630e-01,2.44103256e-05,-1.05401019e-05,6.28789982e-02,5.27370543e-09,-1.51864045e-07,1.95455768e-13,1.15380090e-04,2.42348375e-04,1.12023935e-08,1.53196952e-06,1.33129104e-07
1.06300000e+03,3.98023478e-01,2.31687752e-05,-1.03686711e-05,1.12323064e-08,1.12448579e-04,2.30217231e-04,3.35141015e-01,2.31242630e-05,-1.01523916e-05,6.28824622e-02,4.45122440e-08,-2.16279491e-07,1.94853068e-13,1.10820461e-04,2.30070891e-04,1.12321115e-08,1.62811836e-06,1.46339689e-07
1.06400000e+03,3.98050123e-01,2.18959438e-05,-9.72797266e-06,1.10922235e-08,1.06326879e-04,2.16729443e-04,3.35164879e-01,2.19039738e-05,-9.58539287e-06,6.28852434e-02,-8.02996580e-09,-1.42579811e-07,1.94577944e-13,1.04896899e-04,2.16753262e-04,1.10920289e-08,1.42998078e-06,-2.38184840e-08
1.06500000e+03,3.98081600e-01,2.04690352e-05,-9.17751087e-06,1.11253584e-08,1.00088172e-04,2.02604232e-04,3.35192760e-01,2.04412777e-05,-8.97128387e-06,6.28888404e-02,2.77574790e-08,-2.06226991e-07,1.93112981e-13,9.85487386e-05,2.02615342e-04,1.11251653e-08,1.53943337e-06,-1.11090994e-08
1.06600000e+03,3.98107428e-01,1.89189203e-05,-8.32822594e-06,1.11641708e-08,9.26251901e-05,1.87033962e-04,3.35216078e-01,1.89432598e-05,-8.19522177e-06,6.28913489e-02,-2.43395504e-08,-1.33004180e-07,1.90509148e-13,9.12796687e-05,1.87204986e-04,1.11639803e-08,1.34552159e-06,-1.71024068e-07
1.06700000e+03,3.98136310e-01,1.72190100e-05,-7.64855505e-06,1.11877209e-08,8.52283369e-05,1.70592793e-04,3.35241579e-01,1.71978209e-05,-7.44952881e-06,6.28947296e-02,2.11890755e-08,-1.99026243e-07,1.87680117e-13,8.37743127e-05,1.70709125e-04,1.11875332e-08,1.45402438e-06,-1.16331432e-07
1.06800000e+03,3.98163266e-01,1.56590059e-05,-6.73833241e-06,1.10548067e-08,7.66907254e-05,1.54109021e-04,3.35265866e-01,1.56949852e-05,-6.61262187e-06,6.28973995e-02,-3.59792778e-08,-1.25710561e-07,1.84123176e-13,7.54303365e-05,1.54407789e-04,1.10546226e-08,1.26038897e-06,-2.98767395e-07
1.06900000e+03,3.98194821e-01,1.39223368e-05,-5.96793329e-06,1.10827717e-08,6.85090748e-05,1.37267928e-04,3.35293961e-01,1.39157037e-05,-5.77855523e-06,6.29008596e-02,6.63313711e-09,-1.89378046e-07,1.79659707e-13,6.71379579e-05,1.37507368e-04,1.10825920e-08,1.37111736e-06,-2.39439148e-07
1.07000000e+03,3.98220412e-01,1.21637615e-05,-4.94535793e-06,1.11177311e-08,5.96045860e-05,1.19853594e-04,3.35317195e-01,1.22073027e-05,-4.82983706e-06,6.29032175e-02,-4.35412055e-08,-1.15520864e-07,1.75561106e-13,5.84285180e-05,1.20235397e-04,1.11175556e-08,1.17606828e-06,-3.81803283e-07
1.07100000e+03,3.98248687e-01,1.04218517e-05,-4.13008077e-06,1.11358332e-08,5.11118759e-05,1.02643516e-04,3.35342248e-01,1.04155574e-05,-3.94046260e-06,6.29064380e-02,6.29431138e-09,-1.89618152e-07,1.70593546e-13,4.97688935e-05,1.02923767e-04,1.11356626e-08,1.34298274e-06,-2.80252148e-07
1.07200000e+03,3.98274573e-01,8.86466723e-06,-3.25334422e-06,1.10105807e-08,4.26082452e-05,8.62123536e-05,3.35365621e-01,8.91299437e-06,-3.13829347e-06,6.29089539e-02,-4.83271467e-08,-1.15050750e-07,1.65510515e-13,4.14524127e-05,8.66512519e-05,1.10104152e-08,1.15583247e-06,-4.38898274e-07
1.07300000e+03,3.98304821e-01,7.21770168e-06,-2.48789463e-06,1.10335177e-08,3.47819055e-05,7.02297103e-05,3.35392547e-01,7.22237803e-06,-2.30676975e-06,6.29122719e-02,-4.67633951e-09,-1.81124875e-07,1.58830687e-13,3.34878702e-05,7.05932857e-05,1.10333589e-08,1.29403530e-06,-3.63575431e-07
1.07400000e+03,3.98329061e-01,5.58429205e-06,-1.47619019e-06,1.10607653e-08,2.62953434e-05,5.39395837e-05,3.35414561e-01,5.63743198e-06,-1.36298099e-06,6.29145007e-02,-5.31399418e-08,-1.13209198e-07,1.53021924e-13,2.51542348e-05,5.44183921e-05,1.10606123e-08,1.14110861e-06,-4.78808262e-07
1.07500000e+03,3.98356060e-01,4.01451225e-06,-7.93584927e-07,1.10737115e-08,1.89251552e-05,3.84590251e-05,3.35438461e-01,4.01754434e-06,-6.08818475e-07,6.29175998e-02,-3.03210088e-09,-1.84766453e-07,1.47762624e-13,1.76203503e-05,3.88207262e-05,1.10735638e-08,1.30480489e-06,-3.61701085e-07
1.07600000e+03,3.98376508e-01,2.67999164e-06,-2.24955017e-09,1.11006589e-08,1.17816603e-05,2.44010681e-05,3.35456772e-01,2.72903936e-06,1.11529597e-07,6.29197375e-02,-4.90477157e-08,-1.13779147e-07,1.43100532e-13,1.06298116e-05,2.48534757e-05,1.11005157e-08,1.15184869e-06,-4.52407637e-07
1.07700000e+03,3.98400795e-01,1.32348914e-06,6.32348646e-07,1.11210695e-08,5.41183627e-06,1.09586362e-05,3.35477922e-01,1.32526257e-06,8.15884562e-07,6.29228720e-02,-1.77342184e-09,-1.83535917e-07,1.37510669e-13,4.09328265e-06,1.12956718e-05,1.11209320e-08,1.31855362e-06,-3.37035606e-07
1.07800000e+03,3.98424600e-01,4.50299621e-08,1.42669503e-06,1.09979695e-08,-1.24722892e-06,-2.34284631e-06,3.35499229e-01,8.93174627e-08,1.54324109e-06,6.29253723e-02,-4.42875006e-08,-1.16546067e-07,1.32783261e-13,-2.41249013e-06,-1.91534588e-06,1.09978367e-08,1.16526121e-06,-4.27500432e-07
1.07900000e+03,3.98454471e-01,-1.05962139e-06,1.89803061e-06,1.10256340e-08,-6.77834380e-06,-1.45795445e-05,3.35525791e-01,-1.06415064e-06,2.08546513e-06,6.29286787e-02,4.52924555e-09,-1.87434517e-07,1.28514498e-13,-8.10503469e-06,-1.42601267e-05,1.10255055e-08,1.32669092e-06,-3.19417813e-07
1.08000000e+03,3.98479517e-01,-2.04805284e-06,2.51858039e-06,1.10582748e-08,-1.24741981e-05,-2.64006446e-05,3.35548653e-01,-2.00826798e-06,2.63707080e-06,6.29308620e-02,-3.97848619e-08,-1.18490402e-07,1.24809078e-13,-1.36564780e-05,-2.59938910e-05,1.10581500e-08,1.18227990e-06,-4.06753619e-07
1.08100000e+03,3.98507924e-01,-3.11546172e-06,2.97347021e-06,1.10767244e-08,-1.74728537e-05,-3.81194574e-05,3.35574054e-01,-3.12547312e-06,3.16273058e-06,6.29338680e-02,1.00114010e-08,-1.89260372e-07,1.22838853e-13,-1.88249404e-05,-3.78344536e-05,1.10766016e-08,1.35208663e-06,-2.85003728e-07
1.08200000e+03,3.98529858e-01,-3.98789558e-06,3.53751617e-06,1.11101682e-08,-2.23404521e-05,-4.90832523e-05,3.35593997e-01,-3.95535648e-06,3.66089664e-06,6.29358618e-02,-3.25391222e-08,-1.23380469e-07,1.20531720e-13,-2.35562374e-05,-4.87183222e-05,1.11100477e-08,1.21578522e-06,-3.64929781e-07
1.08300000e+03,3.98555090e-01,-4.80957574e-06,3.80293278e-06,1.11323885e-08,-2.62937193e-05,-5.97538806e-05,3.35616284e-01,-4.82803217e-06,3.99862391e-06,6.29388057e-02,1.84564444e-08,-1.95691136e-07,1.16927264e-13,-2.76840538e-05,-5.95173178e-05,1.11322716e-08,1.39033446e-06,-2.36562729e-07
1.08400000e+03,3.98574624e-01,-5.64539494e-06,4.20684834e-06,1.11806088e-08,-3.05045906e-05,-7.08571358e-05,3.35633793e-01,-5.61835636e-06,4.33476300e-06,6.29408325e-02,-2.70386055e-08,-1.27914695e-07,1.15181939e-13,-3.17540415e-05,-7.05297665e-05,1.11804936e-08,1.24945080e-06,-3.27369203e-07
1.08500000e+03,3.98598670e-01,-6.60622602e-06,4.48848879e-06,1.12161362e-08,-3.43365827e-05,-8.24402251e-05,3.35654816e-01,-6.62804701e-06,4.69008730e-06,6.29438546e-02,2.18210010e-08,-2.01598542e-07,1.12890950e-13,-3.57680882e-05,-8.22308077e-05,1.12160234e-08,1.43150548e-06,-2.09417470e-07
1.08600000e+03,3.98618223e-01,-7.52001159e-06,4.87583221e-06,1.12671841e-08,-3.83745894e-05,-9.41794126e-05,3.35672272e-01,-7.49503953e-06,5.00873671e-06,6.29459499e-02,-2.49720460e-08,-1.32904484e-07,1.12642776e-13,-3.96561056e-05,-9.38688000e-05,1.12670714e-08,1.28151622e-06,-3.10612590e-07
1.08700000e+03,3.98643211e-01,-8.51980442e-06,5.07814883e-06,1.12926048e-08,-4.20629327e-05,-1.06194338e-04,3.35694203e-01,-8.54360592e-06,5.28262471e-06,6.29490081e-02,2.38015247e-08,-2.04475900e-07,1.12309503e-13,-4.35083457e-05,-1.05994692e-04,1.12924924e-08,1.44541297e-06,-1.99646336e-07
1.08800000e+03,3.98668704e-01,-9.49457956e-06,5.45514789e-06,1.11592288e-08,-4.63128371e-05,-1.18383897e-04,3.35717364e-01,-9.47067999e-06,5.58963323e-06,6.29513400e-02,-2.38995728e-08,-1.34485326e-07,1.11206260e-13,-4.75939630e-05,-1.18083625e-04,1.11591176e-08,1.28112585e-06,-3.00271777e-07
1.08900000e+03,3.98700986e-01,-1.05776194e-05,5.69942443e-06,1.11871426e-08,-5.03549797e-05,-1.30674279e-04,3.35746542e-01,-1.05942513e-05,5.89936973e-06,6.29544441e-02,1.66319657e-08,-1.99945302e-07,1.11249459e-13,-5.17743501e-05,-1.30452038e-04,1.11870314e-08,1.41937015e-06,-2.22240649e-07
1.09000000e+03,3.98727962e-01,-1.18586914e-05,6.23087830e-06,1.12197216e-08,-5.54220332e-05,-1.44279397e-04,3.35771630e-01,-1.18404893e-05,6.36488532e-06,6.29563317e-02,-1.82021693e-08,-1.34007053e-07,1.11538892e-13,-5.67108542e-05,-1.44042070e-04,1.12196101e-08,1.28882092e-06,-2.37326743e-07
1.09100000e+03,3.98757159e-01,-1.29425888e-05,6.50218692e-06,1.12315805e-08,-5.95026648e-05,-1.56290151e-04,3.35798167e-01,-1.29658917e-05,6.70439376e-06,6.29589919e-02,2.33029214e-08,-2.02206857e-07,1.11642556e-13,-6.09310919e-05,-1.56127804e-04,1.12314688e-08,1.42842713e-06,-1.62347243e-07
1.09200000e+03,3.98778641e-01,-1.40845320e-05,6.96255690e-06,1.12608105e-08,-6.43840675e-05,-1.68959681e-04,3.35818005e-01,-1.40711575e-05,7.09824919e-06,6.29606371e-02,-1.33745091e-08,-1.35692256e-07,1.11253705e-13,-6.56899025e-05,-1.68775982e-04,1.12606993e-08,1.30583497e-06,-1.83698530e-07
1.09300000e+03,3.98802559e-01,-1.53071256e-05,7.27607066e-06,1.12769238e-08,-6.85861373e-05,-1.81345558e-04,3.35839310e-01,-1.53333821e-05,7.47620290e-06,6.29632507e-02,2.62564446e-08,-2.00132249e-07,1.11047651e-13,-7.00272644e-05,-1.81233009e-04,1.12768128e-08,1.44112712e-06,-1.12548744e-07
1.09400000e+03,3.98820272e-01,-1.65212744e-05,7.84871755e-06,1.13112939e-08,-7.34777366e-05,-1.93933252e-04,3.35855307e-01,-1.65038415e-05,7.98346642e-06,6.29649655e-02,-1.74328977e-08,-1.34748878e-07,1.10494589e-13,-7.47903194e-05,-1.93741971e-04,1.13111834e-08,1.31258293e-06,-1.91280943e-07
1.09500000e+03,3.98842334e-01,-1.77506989e-05,8.15333930e-06,1.13319986e-08,-7.75473147e-05,-2.06470299e-04,3.35874631e-01,-1.77798039e-05,8.35592871e-06,6.29677043e-02,2.91050676e-08,-2.02589395e-07,1.10770862e-13,-7.90097960e-05,-2.06373277e-04,1.13318878e-08,1.46248113e-06,-9.70218303e-08
1.09600000e+03,3.98860020e-01,-1.88988771e-05,8.63355293e-06,1.13690370e-08,-8.21033098e-05,-2.18814659e-04,3.35890482e-01,-1.88797974e-05,8.76568500e-06,6.29695402e-02,-1.90797112e-08,-1.32132069e-07,1.10663307e-13,-8.34064785e-05,-2.18612674e-04,1.13689263e-08,1.30316872e-06,-2.01984892e-07
1.09700000e+03,3.98883506e-01,-2.01276356e-05,8.97715619e-06,1.13876888e-08,-8.61050335e-05,-2.30876629e-04,3.35911147e-01,-2.01523028e-05,9.17642216e-06,6.29723587e-02,2.46672141e-08,-1.99265973e-07,1.10809728e-13,-8.75559682e-05,-2.30767895e-04,1.13875780e-08,1.45093452e-06,-1.08734851e-07
1.09800000e+03,3.98903514e-01,-2.12464703e-05,9.47392644e-06,1.14206368e-08,-9.03308825e-05,-2.42269469e-04,3.35929290e-01,-2.12275214e-05,9.60423001e-06,6.29742234e-02,-1.89489174e-08,-1.30303567e-07,1.10185733e-13,-9.16299313e-05,-2.42089770e-04,1.14205266e-08,1.29904880e-06,-1.79699194e-07
1.09900000e+03,3.98929509e-01,-2.22947330e-05,9.75068805e-06,1.14338454e-08,-9.38230918e-05,-2.52805635e-04,3.35952501e-01,-2.23267498e-05,9.95078527e-06,6.29770097e-02,3.20167565e-08,-2.00097224e-07,1.09262603e-13,-9.52630110e-05,-2.52749076e-04,1.14337362e-08,1.43991918e-06,-5.65589634e-08
1.10000000e+03,3.98951552e-01,-2.30754341e-05,1.00831854e-05,1.14638512e-08,-9.72668477e-05,-2.61684527e-04,3.35972765e-01,-2.30667602e-05,1.02157430e-05,6.29787868e-02,-8.67394851e-09,-1.32557581e-07,1.07859373e-13,-9.85665073e-05,-2.61590800e-04,1.14637434e-08,1.29965918e-06,-9.37268597e-08
1.10100000e+03,3.98978691e-01,-2.38351492e-05,1.02570219e-05,1.14753100e-08,-9.97809770e-05,-2.69188270e-04,3.35997246e-01,-2.38675199e-05,1.04532573e-05,6.29814466e-02,3.23707009e-08,-1.96235383e-07,1.05510467e-13,-1.01211481e-04,-2.69198381e-04,1.14752045e-08,1.43050362e-06,1.01109073e-08
1.10200000e+03,3.99000928e-01,-2.45175347e-05,1.05862080e-05,1.15008392e-08,-1.02418654e-04,-2.75787459e-04,3.36017833e-01,-2.45155311e-05,1.07165006e-05,6.29830957e-02,-2.00366632e-09,-1.30292568e-07,1.02734044e-13,-1.03720585e-04,-2.75785018e-04,1.15007364e-08,1.30193094e-06,-2.44058218e-09
1.10300000e+03,3.99027523e-01,-2.49385955e-05,1.06269174e-05,1.15055713e-08,-1.03792835e-04,-2.80152266e-04,3.36041877e-01,-2.49856071e-05,1.08290285e-05,6.29856462e-02,4.70115584e-08,-2.02111126e-07,9.97197414e-14,-1.05255824e-04,-2.80289443e-04,1.15054716e-08,1.46298975e-06,1.37177206e-07
1.10400000e+03,3.99048818e-01,-2.51065135e-05,1.06876606e-05,1.15263256e-08,-1.04742719e-04,-2.82608622e-04,3.36061600e-01,-2.51093626e-05,1.08216924e-05,6.29872168e-02,2.84905314e-09,-1.34031827e-07,9.59238376e-14,-1.06075415e-04,-2.82699582e-04,1.15262297e-08,1.33269566e-06,9.09589845e-08
1.10500000e+03,3.99074393e-01,-2.53290910e-05,1.06162641e-05,1.15281366e-08,-1.04801942e-04,-2.83974465e-04,3.36084680e-01,-2.53761455e-05,1.08157866e-05,6.29897132e-02,4.70545479e-08,-1.99522485e-07,9.15530799e-14,-1.06280797e-04,-2.84180608e-04,1.15280450e-08,1.47885554e-06,2.06143079e-07
1.10600000e+03,3.99094826e-01,-2.53654779e-05,1.06875460e-05,1.15459849e-08,-1.04776330e-04,-2.83881697e-04,3.36103577e-01,-2.53724293e-05,1.08218926e-05,6.29912487e-02,6.95144506e-09,-1.34346542e-07,8.74160645e-14,-1.06128082e-04,-2.84051433e-04,1.15458974e-08,1.35175169e-06,1.69735926e-07
1.10700000e+03,3.99119806e-01,-2.51932940e-05,1.04387665e-05,1.15465242e-08,-1.03435840e-04,-2.81941327e-04,3.36126084e-01,-2.52495862e-05,1.06426089e-05,6.29937218e-02,5.62922261e-08,-2.03842333e-07,8.21807418e-14,-1.04954650e-04,-2.82252359e-04,1.15464420e-08,1.51880947e-06,3.11032356e-07
1.10800000e+03,3.99139864e-01,-2.48757359e-05,1.03340847e-05,1.15653938e-08,-1.02024447e-04,-2.78657643e-04,3.36144632e-01,-2.48921116e-05,1.04728398e-05,6.29952332e-02,1.63756998e-08,-1.38755046e-07,7.58830416e-14,-1.03427722e-04,-2.78949914e-04,1.15653179e-08,1.40327479e-06,2.92271020e-07
1.10900000e+03,3.99164591e-01,-2.44937809e-05,1.00302792e-05,1.15674658e-08,-9.94644068e-05,-2.73721631e-04,3.36166921e-01,-2.45589070e-05,1.02359732e-05,6.29976701e-02,6.51261827e-08,-2.05693999e-07,7.02013672e-14,-1.01027861e-04,-2.74160471e-04,1.15673956e-08,1.56345351e-06,4.38839613e-07
1.11000000e+03,3.99184401e-01,-2.38801413e-05,9.86459287e-06,1.15847271e-08,-9.68245279e-05,-2.67114555e-04,3.36185264e-01,-2.39038185e-05,1.00035150e-05,6.29991352e-02,2.36771922e-08,-1.38922148e-07,6.55774024e-14,-9.82523325e-05,-2.67511601e-04,1.15846615e-08,1.42780443e-06,3.97045706e-07
1.11100000e+03,3.99208754e-01,-2.31574529e-05,9.44463325e-06,1.15852089e-08,-9.32419196e-05,-2.59322492e-04,3.36207233e-01,-2.32322321e-05,9.65293949e-06,6.30015212e-02,7.47791725e-08,-2.08306230e-07,6.03192064e-14,-9.48317708e-05,-2.59870977e-04,1.15851486e-08,1.58985145e-06,5.48485060e-07
1.11200000e+03,3.99228039e-01,-2.23021105e-05,9.17978035e-06,1.15987152e-08,-8.98305056e-05,-2.50458254e-04,3.36225107e-01,-2.23386406e-05,9.32281846e-06,6.30029306e-02,3.65300812e-08,-1.43038116e-07,5.49007383e-14,-9.12969394e-05,-2.50985896e-04,1.15986603e-08,1.46643415e-06,5.27642358e-07
1.11300000e+03,3.99251774e-01,-2.13830590e-05,8.71010022e-06,1.15933861e-08,-8.54931431e-05,-2.40384070e-04,3.36246515e-01,-2.14654904e-05,8.92048293e-06,6.30052586e-02,8.24313350e-08,-2.10382748e-07,4.96577730e-14,-8.71144221e-05,-2.41044034e-04,1.15933364e-08,1.62127910e-06,6.59964025e-07
1.11400000e+03,3.99270444e-01,-2.03917814e-05,8.44921135e-06,1.16003327e-08,-8.15162744e-05,-2.29700839e-04,3.36263830e-01,-2.04344893e-05,8.59275960e-06,6.30066148e-02,4.27079421e-08,-1.43548235e-07,4.53113033e-14,-8.30073653e-05,-2.30318428e-04,1.16002874e-08,1.49109105e-06,6.17588377e-07
1.11500000e+03,3.99293650e-01,-1.93638702e-05,7.93099949e-06,1.15918905e-08,-7.67699932e-05,-2.18519236e-04,3.36284754e-01,-1.94537788e-05,8.14516949e-06,6.30088969e-02,8.99086177e-08,-2.14170016e-07,4.15129727e-14,-7.84190083e-05,-2.19257988e-04,1.15918490e-08,1.64901510e-06,7.38752581e-07
1.11600000e+03,3.99311954e-01,-1.82913120e-05,7.59352593e-06,1.15996148e-08,-7.23906524e-05,-2.07144883e-04,3.36301735e-01,-1.83364131e-05,7.73810956e-06,6.30102204e-02,4.51010609e-08,-1.44583629e-07,3.85407408e-14,-7.38939332e-05,-2.07813794e-04,1.15995763e-08,1.50328103e-06,6.68910044e-07
1.11700000e+03,3.99335000e-01,-1.73580686e-05,7.11450967e-06,1.15954298e-08,-6.75717180e-05,-1.95964659e-04,3.36322523e-01,-1.74473742e-05,7.32715734e-06,6.30124772e-02,8.93056407e-08,-2.12647680e-07,3.79380083e-14,-6.92288572e-05,-1.96744183e-04,1.15953919e-08,1.65713948e-06,7.79524176e-07
1.11800000e+03,3.99353250e-01,-1.64382909e-05,6.83513577e-06,1.16046456e-08,-6.32270446e-05,-1.84887039e-04,3.36339481e-01,-1.64824610e-05,6.97907738e-06,6.30137680e-02,4.41701043e-08,-1.43941630e-07,3.76579296e-14,-6.47350600e-05,-1.85585166e-04,1.16046080e-08,1.50801561e-06,6.98127064e-07
1.11900000e+03,3.99376195e-01,-1.55652436e-05,6.34822627e-06,1.15966443e-08,-5.84619998e-05,-1.73995304e-04,3.36360215e-01,-1.56513684e-05,6.56198020e-06,6.30159793e-02,8.61247666e-08,-2.13753906e-07,3.75884104e-14,-6.01148712e-05,-1.74783641e-04,1.15966067e-08,1.65287115e-06,7.88336873e-07
1.12000000e+03,3.99394270e-01,-1.47105473e-05,6.06513526e-06,1.16003239e-08,-5.43145801e-05,-1.63352918e-04,3.36377052e-01,-1.47542746e-05,6.20876544e-06,6.30172191e-02,4.37273197e-08,-1.43630198e-07,3.89256651e-14,-5.58203080e-05,-1.64075289e-04,1.16002849e-08,1.50572741e-06,7.22370479e-07
1.12100000e+03,3.99416989e-01,-1.39424979e-05,5.65462059e-06,1.15892265e-08,-4.99279129e-05,-1.52902039e-04,3.36397611e-01,-1.40293479e-05,5.86452428e-06,6.30193798e-02,8.68500682e-08,-2.09903700e-07,3.98229935e-14,-5.15711164e-05,-1.53718160e-04,1.15891867e-08,1.64320333e-06,8.16121063e-07
1.12200000e+03,3.99434858e-01,-1.31832470e-05,5.51305730e-06,1.15886222e-08,-4.63991733e-05,-1.42686381e-04,3.36414286e-01,-1.32273532e-05,5.65164007e-06,6.30205722e-02,4.41060894e-08,-1.38582747e-07,4.18337153e-14,-4.78811991e-05,-1.43438718e-04,1.15885803e-08,1.48202580e-06,7.52337027e-07
1.12300000e+03,3.99457410e-01,-1.24360791e-05,5.20606886e-06,1.15751620e-08,-4.26695266e-05,-1.32560483e-04,3.36434724e-01,-1.25277540e-05,5.41612202e-06,6.30226854e-02,9.16749716e-08,-2.10053136e-07,4.36928120e-14,-4.42975369e-05,-1.33415951e-04,1.15751184e-08,1.62801032e-06,8.55467866e-07
1.12400000e+03,3.99475169e-01,-1.16130570e-05,5.05422969e-06,1.15769039e-08,-3.95508621e-05,-1.22577377e-04,3.36451330e-01,-1.16627383e-05,5.19243020e-06,6.30238397e-02,4.96813082e-08,-1.38200508e-07,4.49819918e-14,-4.10207359e-05,-1.23363999e-04,1.15768589e-08,1.46987379e-06,7.86621463e-07
1.12500000e+03,3.99497710e-01,-1.09049346e-05,4.79792049e-06,1.15681692e-08,-3.62375100e-05,-1.13025993e-04,3.36471791e-01,-1.09993397e-05,5.00258190e-06,6.30259199e-02,9.44051832e-08,-2.04661407e-07,4.55110275e-14,-3.78464482e-05,-1.13910687e-04,1.15681237e-08,1.60893830e-06,8.84694310e-07
1.12600000e+03,3.99515528e-01,-1.01961074e-05,4.80159629e-06,1.15743842e-08,-3.36336710e-05,-1.03851633e-04,3.36488487e-01,-1.02504905e-05,4.93711852e-06,6.30270415e-02,5.43830821e-08,-1.35522235e-07,4.52838022e-14,-3.50900905e-05,-1.04671840e-04,1.15743389e-08,1.45641956e-06,8.20206691e-07
1.12700000e+03,3.99538111e-01,-9.45721985e-06,4.54215225e-06,1.15669937e-08,-3.05487827e-05,-9.48891729e-05,3.36509025e-01,-9.55961306e-06,4.75068428e-06,6.30290870e-02,1.02393190e-07,-2.08532037e-07,4.49460526e-14,-3.21623101e-05,-9.58039662e-05,1.15669487e-08,1.61352743e-06,9.14793379e-07
1.12800000e+03,3.99555937e-01,-8.68841118e-06,4.38114874e-06,1.15751111e-08,-2.77760463e-05,-8.64350205e-05,3.36525762e-01,-8.74642237e-06,4.52027772e-06,6.30301755e-02,5.80111839e-08,-1.39128972e-07,4.42412604e-14,-2.92411219e-05,-8.72702728e-05,1.15750669e-08,1.46507563e-06,8.35252401e-07
1.12900000e+03,3.99578567e-01,-8.05931369e-06,4.13999174e-06,1.15726006e-08,-2.47355002e-05,-7.85098849e-05,3.36546373e-01,-8.16059954e-06,4.34775684e-06,6.30321942e-02,1.01285890e-07,-2.07765100e-07,4.36838291e-14,-2.63489181e-05,-7.94216418e-05,1.15725569e-08,1.61341787e-06,9.11757172e-07
1.13000000e+03,3.99596490e-01,-7.41058977e-06,4.05848698e-06,1.15863717e-08,-2.21620011e-05,-7.09482857e-05,3.36563237e-01,-7.46487436e-06,4.19577586e-06,6.30332516e-02,5.42846119e-08,-1.37288879e-07,4.36872765e-14,-2.36144609e-05,-7.17369544e-05,1.15863281e-08,1.45245982e-06,7.88668943e-07
1.13100000e+03,3.99619112e-01,-6.74176195e-06,3.72117076e-06,1.15806135e-08,-1.91664219e-05,-6.37454645e-05,3.36583883e-01,-6.83556386e-06,3.93252376e-06,6.30352271e-02,9.38019187e-08,-2.11352998e-07,4.25804195e-14,-2.07729653e-05,-6.45782469e-05,1.15805709e-08,1.60654334e-06,8.32782025e-07
1.13200000e+03,3.99636848e-01,-6.11757726e-06,3.52593929e-06,1.15892166e-08,-1.66210824e-05,-5.73012086e-05,3.36600613e-01,-6.16756025e-06,3.66595606e-06,6.30362355e-02,4.99829995e-08,-1.40016765e-07,4.15361410e-14,-1.80693289e-05,-5.80470412e-05,1.15891750e-08,1.44824644e-06,7.45832867e-07
1.13300000e+03,3.99659268e-01,-5.56274754e-06,3.13150973e-06,1.15829920e-08,-1.32626675e-05,-5.10001160e-05,3.36621099e-01,-5.65023367e-06,3.33068337e-06,6.30381710e-02,8.74861338e-08,-1.99173640e-07,3.94579872e-14,-1.47861915e-05,-5.17781475e-05,1.15829526e-08,1.52352399e-06,7.78031673e-07
1.13400000e+03,3.99676888e-01,-4.97317963e-06,3.01102675e-06,1.15972123e-08,-1.10618827e-05,-4.49941490e-05,3.36637741e-01,-5.02324762e-06,3.14220659e-06,6.30391471e-02,5.00679807e-08,-1.31179840e-07,3.90153917e-14,-1.24301901e-05,-4.57274078e-05,1.15971733e-08,1.36830735e-06,7.33258788e-07
1.13500000e+03,3.99699176e-01,-4.26669561e-06,2.63215549e-06,1.15929804e-08,-8.42577215e-06,-3.84566387e-05,3.36658124e-01,-4.36423265e-06,2.83098485e-06,6.30410514e-02,9.75370463e-08,-1.98829363e-07,3.86000643e-14,-9.91141782e-06,-3.92856934e-05,1.15929418e-08,1.48564567e-06,8.29054674e-07
1.13600000e+03,3.99716561e-01,-3.45967474e-06,2.45105969e-06,1.16018187e-08,-6.55691417e-06,-3.14714549e-05,3.36674571e-01,-3.50791988e-06,2.58239274e-06,6.30419913e-02,4.82451413e-08,-1.31333054e-07,3.76135137e-14,-7.91318576e-06,-3.21763963e-05,1.16017811e-08,1.35627158e-06,7.04941358e-07
1.13700000e+03,3.99738612e-01,-2.79492610e-06,2.09064934e-06,1.15941776e-08,-3.83568422e-06,-2.52074877e-05,3.36694751e-01,-2.89682061e-06,2.28836954e-06,6.30438606e-02,1.01894503e-07,-1.97720199e-07,3.71828233e-14,-5.32679464e-06,-2.60650261e-05,1.15941404e-08,1.49111042e-06,8.57538397e-07
1.13800000e+03,3.99755842e-01,-1.90849647e-06,1.85878812e-06,1.16055998e-08,-1.22089896e-06,-1.77030343e-05,3.36711070e-01,-1.96494411e-06,1.99462235e-06,6.30447729e-02,5.64476388e-08,-1.35834228e-07,3.58756554e-14,-2.60481102e-06,-1.84604823e-05,1.16055640e-08,1.38391206e-06,7.57447962e-07
1.13900000e+03,3.99777733e-01,-1.00597698e-06,1.40170659e-06,1.15970292e-08,1.72915050e-06,-1.01087887e-05,3.36731120e-01,-1.11974680e-06,1.61327298e-06,6.30466138e-02,1.13769828e-07,-2.11566385e-07,3.51845783e-14,1.64382395e-07,-1.10475375e-05,1.15969940e-08,1.56476811e-06,9.38748884e-07
1.14000000e+03,3.99794711e-01,1.03071581e-07,9.67082295e-07,1.16015134e-08,5.21527238e-06,-1.26270795e-06,3.36747219e-01,3.25855056e-08,1.10722347e-06,6.30474934e-02,7.04860750e-08,-1.40141181e-07,3.43279282e-14,3.80652049e-06,-2.12619641e-06,1.16014790e-08,1.40875187e-06,8.63488464e-07
1.14100000e+03,3.99816337e-01,1.23099548e-06,5.00731856e-07,1.15879368e-08,8.66381570e-06,8.30086559e-06,3.36767034e-01,1.10673957e-06,7.14291294e-07,6.30493020e-02,1.24255908e-07,-2.13559439e-07,3.18699437e-14,7.07283026e-06,7.28307455e-06,1.15879049e-08,1.59098542e-06,1.01779105e-06
1.14200000e+03,3.99833116e-01,2.50642952e-06,4.50218332e-08,1.15914021e-08,1.26278109e-05,1.84170987e-05,3.36782962e-01,2.42252129e-06,1.92533913e-07,6.30501556e-02,8.39082330e-08,-1.47512080e-07,2.87782579e-14,1.11627369e-05,1.74445926e-05,1.15913733e-08,1.46507399e-06,9.72506075e-07
1.14300000e+03,3.99854579e-01,3.86113830e-06,-5.97207616e-07,1.15777407e-08,1.70924940e-05,2.94367372e-05,3.36802638e-01,3.72051898e-06,-3.76476456e-07,6.30519401e-02,1.40619318e-07,-2.20731161e-07,2.50699828e-14,1.54554535e-05,2.82881646e-05,1.15777156e-08,1.63704047e-06,1.14857269e-06
1.14400000e+03,3.99871160e-01,5.42123086e-06,-1.16771542e-06,1.15758451e-08,2.16931103e-05,4.15686817e-05,3.36818393e-01,5.31851340e-06,-1.01492159e-06,6.30527664e-02,1.02717462e-07,-1.52793821e-07,2.08903349e-14,2.01844015e-05,4.04573592e-05,1.15758242e-08,1.50870882e-06,1.11132245e-06
1.14500000e+03,3.99892393e-01,6.99945385e-06,-1.86200399e-06,1.15561067e-08,2.69022725e-05,5.42978886e-05,3.36837876e-01,6.84599797e-06,-1.63674911e-06,6.30545182e-02,1.53455880e-07,-2.25254873e-07,1.73237515e-14,2.52076740e-05,5.30259833e-05,1.15560894e-08,1.69459846e-06,1.27190526e-06
1.14600000e+03,3.99908772e-01,8.61013677e-06,-2.44535466e-06,1.15522204e-08,3.22188463e-05,6.74054256e-05,3.36853462e-01,8.49630618e-06,-2.28276408e-06,6.30553118e-02,1.13830583e-07,-1.62590577e-07,1.47953016e-14,3.06157759e-05,6.61777793e-05,1.15522056e-08,1.60307038e-06,1.22764626e-06
1.14700000e+03,3.99929811e-01,1.02223286e-05,-3.27274348e-06,1.15315521e-08,3.84352893e-05,8.08648420e-05,3.36872777e-01,1.00634103e-05,-3.04416616e-06,6.30570349e-02,1.58918323e-07,-2.28577317e-07,1.20664946e-14,3.67200095e-05,7.95335053e-05,1.15315401e-08,1.71527978e-06,1.33133686e-06
1.14800000e+03,3.99945944e-01,1.17873811e-05,-3.94031406e-06,1.15219899e-08,4.39911537e-05,9.36471265e-05,3.36888147e-01,1.16710263e-05,-3.77363413e-06,6.30577966e-02,1.16354798e-07,-1.66679913e-07,8.02274728e-15,4.23644739e-05,9.23866481e-05,1.15219819e-08,1.62667978e-06,1.26047853e-06
1.14900000e+03,3.99966687e-01,1.31796457e-05,-4.69910660e-06,1.14938809e-08,4.99602242e-05,1.06164844e-04,3.36907206e-01,1.30255807e-05,-4.46179179e-06,6.30594811e-02,1.54065054e-07,-2.37314817e-07,4.46451244e-15,4.81417214e-05,1.04819074e-04,1.14938764e-08,1.81850276e-06,1.34577011e-06
1.15000000e+03,3.99982552e-01,1.43673461e-05,-5.29466938e-06,1.14802953e-08,5.60218781e-05,1.17709679e-04,3.36922348e-01,1.42639617e-05,-5.13198186e-06,6.30602036e-02,1.03384348e-07,-1.62687520e-07,1.76666290e-15,5.43829807e-05,1.16478623e-04,1.14802935e-08,1.63889753e-06,1.23105586e-06
1.15100000e+03,4.00003054e-01,1.54041374e-05,-5.92055933e-06,1.14515200e-08,6.13113729e-05,1.28614551e-04,3.36941204e-01,1.52613263e-05,-5.68701812e-06,6.30618523e-02,1.42811139e-07,-2.33541201e-07,-3.66372377e-16,5.95245762e-05,1.27322744e-04,1.14515204e-08,1.78679638e-06,1.29180698e-06
1.15200000e+03,4.00018635e-01,1.63042858e-05,-6.38359233e-06,1.14338878e-08,6.60443452e-05,1.38218425e-04,3.36956099e-01,1.62158315e-05,-6.22056604e-06,6.30625354e-02,8.84543183e-08,-1.63026263e-07,-1.78848527e-15,6.44030631e-05,1.37062121e-04,1.14338895e-08,1.64128181e-06,1.15630465e-06
1.15300000e+03,4.00038783e-01,1.68990874e-05,-6.79668362e-06,1.13992449e-08,7.03250165e-05,1.46727783e-04,3.36974642e-01,1.67743326e-05,-6.56877757e-06,6.30641414e-02,1.24754860e-07,-2.27906033e-07,-1.85042024e-15,6.85408556e-05,1.45523977e-04,1.13992467e-08,1.78416120e-06,1.20380653e-06
1.15400000e+03,4.00054018e-01,1.73367118e-05,-6.96751013e-06,1.13757907e-08,7.40032632e-05,1.53859480e-04,3.36989235e-01,1.72619160e-05,-6.81995089e-06,6.30647821e-02,7.47958582e-08,-1.47559251e-07,-2.96535652e-15,7.24447603e-05,1.52779487e-04,1.13757937e-08,1.55850294e-06,1.07999315e-06
1.15500000e+03,4.00073867e-01,1.76883081e-05,-7.16605623e-06,1.13402731e-08,7.67614816e-05,1.60401572e-04,3.37007516e-01,1.75740838e-05,-6.94990479e-06,6.30663491e-02,1.14224361e-07,-2.16151448e-07,-3.60298064e-15,7.50728787e-05,1.59286088e-04,1.13402767e-08,1.68860300e-06,1.11548365e-06
1.15600000e+03,4.00088805e-01,1.79615339e-05,-7.12891450e-06,1.13151281e-08,7.85231427e-05,1.65649773e-04,3.37021853e-01,1.78963714e-05,-6.99231627e-06,6.30669522e-02,6.51624804e-08,-1.36598245e-07,-5.13138856e-15,7.70475281e-05,1.64650688e-04,1.13151332e-08,1.47561473e-06,9.99084491e-07
1.15700000e+03,4.00108374e-01,1.80589511e-05,-7.11137572e-06,1.12803954e-08,8.02861494e-05,1.70254274e-04,3.37039889e-01,1.79536002e-05,-6.91246705e-06,6.30684838e-02,1.05350884e-07,-1.98908663e-07,-5.19896959e-15,7.86977867e-05,1.69206840e-04,1.12804006e-08,1.58836292e-06,1.04743383e-06
1.15800000e+03,4.00123130e-01,1.81420185e-05,-6.80064418e-06,1.12566957e-08,8.07176021e-05,1.74160090e-04,3.37054071e-01,1.80840271e-05,-6.67846164e-06,6.30690592e-02,5.79914034e-08,-1.22182566e-07,-4.18939872e-15,7.93426454e-05,1.73231259e-04,1.12566999e-08,1.37495684e-06,9.28829869e-07
1.15900000e+03,4.00142562e-01,1.81986623e-05,-6.67597290e-06,1.12209347e-08,8.13051856e-05,1.77717453e-04,3.37072004e-01,1.81012701e-05,-6.48328948e-06,6.30705569e-02,9.73921483e-08,-1.92683423e-07,-3.40035080e-15,7.97949994e-05,1.76756121e-04,1.12209381e-08,1.51018596e-06,9.61332107e-07
1.16000000e+03,4.00157167e-01,1.82276705e-05,-6.38673238e-06,1.11973509e-08,8.10000399e-05,1.80438511e-04,3.37086072e-01,1.81768904e-05,-6.26608633e-06,6.30710961e-02,5.07800566e-08,-1.20646063e-07,-2.53723235e-15,7.96534131e-05,1.79582762e-04,1.11973534e-08,1.34662692e-06,8.55749688e-07
1.16100000e+03,4.00176529e-01,1.82010101e-05,-6.23528548e-06,1.11647527e-08,8.14121308e-05,1.83419268e-04,3.37103963e-01,1.81127666e-05,-6.04834996e-06,6.30725644e-02,8.82435089e-08,-1.86935483e-07,-1.59715429e-15,7.99356982e-05,1.82528335e-04,1.11647543e-08,1.47643254e-06,8.90933158e-07
1.16200000e+03,4.00191161e-01,1.82202217e-05,-5.94600975e-06,1.11453507e-08,8.15349476e-05,1.86246892e-04,3.37118083e-01,1.81776447e-05,-5.83041714e-06,6.30730771e-02,4.25769969e-08,-1.15592617e-07,-6.98744730e-16,8.02463434e-05,1.85461075e-04,1.11453514e-08,1.28860403e-06,7.85817965e-07
1.16300000e+03,4.00210558e-01,1.83163118e-05,-5.88271893e-06,1.11143629e-08,8.18349624e-05,1.89620224e-04,3.37136040e-01,1.82287360e-05,-5.69456982e-06,6.30745185e-02,8.75757822e-08,-1.88149111e-07,3.58720292e-16,8.03928140e-05,1.88750012e-04,1.11143626e-08,1.44214804e-06,8.70212132e-07
1.16400000e+03,4.00225185e-01,1.85525348e-05,-5.81447278e-06,1.10971374e-08,8.26231993e-05,1.93972460e-04,3.37150185e-01,1.85139124e-05,-5.70472204e-06,6.30750009e-02,3.86222963e-08,-1.09750739e-07,1.81031296e-15,8.13950298e-05,1.93225953e-04,1.10971356e-08,1.22816930e-06,7.46507381e-07
1.16500000e+03,4.00244614e-01,1.87606005e-05,-5.74141377e-06,1.10706211e-08,8.31000839e-05,1.98618283e-04,3.37168194e-01,1.86731171e-05,-5.55799980e-06,6.30764185e-02,8.74834035e-08,-1.83413960e-07,3.95497973e-15,8.16873792e-05,1.97754993e-04,1.10706172e-08,1.41270478e-06,8.63289945e-07
1.16600000e+03,4.00259327e-01,1.92020554e-05,-5.69482200e-06,1.10560100e-08,8.45695644e-05,2.04686618e-04,3.37182450e-01,1.91581509e-05,-5.58498539e-06,6.30768772e-02,4.39045305e-08,-1.09836636e-07,6.97025926e-15,8.33439367e-05,2.03896941e-04,1.10560031e-08,1.22562784e-06,7.89676645e-07
1.16700000e+03,4.00278818e-01,1.98136382e-05,-5.90250613e-06,1.10271066e-08,8.66049582e-05,2.12226625e-04,3.37200550e-01,1.97197948e-05,-5.71584547e-06,6.30782680e-02,9.38433843e-08,-1.86660673e-07,9.70040232e-15,8.52001260e-05,2.11319515e-04,1.10270969e-08,1.40483184e-06,9.07110419e-07
1.16800000e+03,4.00293543e-01,2.06910391e-05,-6.13627384e-06,1.10133628e-08,8.95864427e-05,2.21191252e-04,3.37214845e-01,2.06375055e-05,-6.03328242e-06,6.30786979e-02,5.35335531e-08,-1.02991393e-07,1.16549397e-14,8.84324168e-05,2.20348546e-04,1.10133511e-08,1.15402631e-06,8.42705781e-07
1.16900000e+03,4.00313049e-01,2.15072492e-05,-6.35212763e-06,1.09842387e-08,9.20124025e-05,2.30254090e-04,3.37232987e-01,2.14119749e-05,-6.17215451e-06,6.30800611e-02,9.52742825e-08,-1.79973093e-07,1.26028106e-14,9.06586355e-05,2.29348953e-04,1.09842261e-08,1.35376693e-06,9.05137308e-07
1.17000000e+03,4.00327840e-01,2.24534977e-05,-6.67736242e-06,1.09712612e-08,9.59039472e-05,2.39782914e-04,3.37247370e-01,2.23930667e-05,-6.58010825e-06,6.30804688e-02,6.04309597e-08,-9.72541916e-08,1.48772013e-14,9.47967232e-05,2.38889366e-04,1.09712463e-08,1.10722410e-06,8.93547773e-07
1.17100000e+03,4.00347405e-01,2.35116248e-05,-7.04833408e-06,1.09433367e-08,9.92253420e-05,2.50049686e-04,3.37265600e-01,2.34051576e-05,-6.86038424e-06,6.30818067e-02,1.06467187e-07,-1.87949841e-07,1.65791689e-14,9.78355003e-05,2.49094916e-04,1.09433201e-08,1.38984144e-06,9.54769752e-07
1.17200000e+03,4.00362219e-01,2.45729989e-05,-7.58344725e-06,1.09293076e-08,1.04135411e-04,2.59411194e-04,3.37280033e-01,2.45086783e-05,-7.47049237e-06,6.30821864e-02,6.43205812e-08,-1.12954850e-07,1.80605342e-14,1.02925521e-04,2.58538034e-04,1.09292895e-08,1.20988926e-06,8.73159498e-07
1.17300000e+03,4.00381799e-01,2.55228884e-05,-8.17864931e-06,1.08993641e-08,1.09060905e-04,2.68244279e-04,3.37298298e-01,2.54159925e-05,-7.98677158e-06,6.30835005e-02,1.06895911e-07,-1.91877713e-07,1.78017456e-14,1.07627260e-04,2.67300242e-04,1.08993463e-08,1.43364498e-06,9.44037320e-07
1.17400000e+03,4.00396621e-01,2.64383674e-05,-8.63812977e-06,1.08824114e-08,1.13906511e-04,2.76398426e-04,3.37312763e-01,2.63734336e-05,-8.51350470e-06,6.30838577e-02,6.49338190e-08,-1.24625058e-07,1.63082208e-14,1.12618443e-04,2.75540615e-04,1.08823951e-08,1.28806833e-06,8.57811684e-07
1.17500000e+03,4.00416202e-01,2.72877303e-05,-9.36143199e-06,1.08508843e-08,1.19120173e-04,2.83709685e-04,3.37331055e-01,2.71789635e-05,-9.15696498e-06,6.30851481e-02,1.08766845e-07,-2.04467012e-07,1.47780387e-14,1.17643419e-04,2.82791475e-04,1.08508695e-08,1.47675379e-06,9.18209542e-07
1.17600000e+03,4.00431020e-01,2.80442255e-05,-9.93415933e-06,1.08340765e-08,1.23515362e-04,2.89601312e-04,3.37345538e-01,2.79761814e-05,-9.80296168e-06,6.30854830e-02,6.80441494e-08,-1.31197663e-07,1.10608296e-14,1.22207274e-04,2.88765613e-04,1.08340655e-08,1.30808800e-06,8.35699893e-07
1.17700000e+03,4.00450573e-01,2.87040527e-05,-1.04948935e-05,1.08009201e-08,1.27396148e-04,2.95013141e-04,3.37363821e-01,2.85956107e-05,-1.02917849e-05,6.30867525e-02,1.08441997e-07,-2.03108626e-07,7.23146131e-15,1.25924618e-04,2.94132347e-04,1.08009129e-08,1.47152955e-06,8.80793469e-07
1.17800000e+03,4.00465341e-01,2.91885444e-05,-1.07834641e-05,1.07797778e-08,1.29966958e-04,2.98555651e-04,3.37378276e-01,2.91238652e-05,-1.06528465e-05,6.30870641e-02,6.46791541e-08,-1.30617629e-07,2.85713324e-15,1.28688846e-04,2.97784399e-04,1.07797750e-08,1.27811211e-06,7.71250798e-07
1.17900000e+03,4.00484819e-01,2.95254268e-05,-1.12147996e-05,1.07419274e-08,1.32021178e-04,3.00559546e-04,3.37396514e-01,2.94153479e-05,-1.10079511e-05,6.30883059e-02,1.10078924e-07,-2.06848537e-07,-1.82043176e-15,1.30571107e-04,2.99717564e-04,1.07419293e-08,1.45007109e-06,8.41981841e-07
1.18000000e+03,4.00499486e-01,2.97516209e-05,-1.14604691e-05,1.07195138e-08,1.33214727e-04,3.01022601e-04,3.37410897e-01,2.96854590e-05,-1.13311094e-05,6.30885895e-02,6.61619118e-08,-1.29359729e-07,-7.38278012e-15,1.31985576e-04,3.00289854e-04,1.07195212e-08,1.22915114e-06,7.32747212e-07
1.18100000e+03,4.00518848e-01,2.97258590e-05,-1.16502564e-05,1.06825848e-08,1.33307853e-04,2.99708452e-04,3.37429044e-01,2.96276885e-05,-1.14491582e-05,6.30898064e-02,9.81704664e-08,-2.01098246e-07,-1.19327178e-14,1.31901109e-04,2.98978133e-04,1.06825967e-08,1.40674356e-06,7.30319738e-07
1.18200000e+03,4.00533418e-01,2.93443343e-05,-1.15409616e-05,1.06577791e-08,1.32165892e-04,2.95312336e-04,3.37443353e-01,2.92802074e-05,-1.14146025e-05,6.30900659e-02,6.41268621e-08,-1.26359053e-07,-1.56399499e-14,1.30968504e-04,2.94627928e-04,1.06577947e-08,1.19738843e-06,6.84407598e-07
1.18300000e+03,4.00552702e-01,2.89359248e-05,-1.15578862e-05,1.06183896e-08,1.30447096e-04,2.90286913e-04,3.37461449e-01,2.88412410e-05,-1.13543768e-05,6.30912528e-02,9.46838561e-08,-2.03509413e-07,-1.88346002e-14,1.29084411e-04,2.89643867e-04,1.06184084e-08,1.36268377e-06,6.43046081e-07
1.18400000e+03,4.00567166e-01,2.81696364e-05,-1.13875216e-05,1.05947666e-08,1.27488474e-04,2.81739598e-04,3.37475683e-01,2.81143705e-05,-1.12643319e-05,6.30914820e-02,5.52658781e-08,-1.23189684e-07,-2.28074341e-14,1.26345138e-04,2.81163486e-04,1.05947894e-08,1.14333564e-06,5.76111925e-07
1.18500000e+03,4.00586323e-01,2.72490362e-05,-1.11527016e-05,1.05564662e-08,1.23861853e-04,2.72366235e-04,3.37493679e-01,2.71628800e-05,-1.09634776e-05,6.30926436e-02,8.61561477e-08,-1.89224000e-07,-2.56437700e-14,1.22593786e-04,2.71806112e-04,1.05564918e-08,1.26806730e-06,5.60122791e-07
1.18600000e+03,4.00600674e-01,2.59960373e-05,-1.04772856e-05,1.05353065e-08,1.17893909e-04,2.60116932e-04,3.37507827e-01,2.59500147e-05,-1.03549126e-05,6.30928475e-02,4.60226617e-08,-1.22372971e-07,-2.80861412e-14,1.16769486e-04,2.59647701e-04,1.05353346e-08,1.12442314e-06,4.69231252e-07
1.18700000e+03,4.00619721e-01,2.47220910e-05,-1.01674712e-05,1.04977071e-08,1.12944239e-04,2.47237293e-04,3.37525738e-01,2.46450679e-05,-9.97741182e-06,6.30939831e-02,7.70230615e-08,-1.90059369e-07,-3.04872590e-14,1.11718541e-04,2.46800742e-04,1.04977376e-08,1.22569849e-06,4.36551604e-07
1.18800000e+03,4.00633894e-01,2.32194265e-05,-9.48197522e-06,1.04752844e-08,1.05864306e-04,2.32066558e-04,3.37539735e-01,2.31815449e-05,-9.37305670e-06,6.30941589e-02,3.78815984e-08,-1.08918539e-07,-3.10113577e-14,1.04860752e-04,2.31709759e-04,1.04753154e-08,1.00355398e-06,3.56799667e-07
1.18900000e+03,4.00652735e-01,2.16050295e-05,-8.75504626e-06,1.04365349e-08,9.80515245e-05,2.16288425e-04,3.37557465e-01,2.15452918e-05,-8.57998872e-06,6.30952688e-02,5.97376131e-08,-1.75057531e-07,-3.22616761e-14,9.69130625e-05,2.15993834e-04,1.04365672e-08,1.13846198e-06,2.94591133e-07
1.19000000e+03,4.00666713e-01,1.96724382e-05,-7.79172077e-06,1.04141702e-08,8.93620187e-05,1.97927361e-04,3.37571294e-01,1.96488373e-05,-7.68777878e-06,6.30954170e-02,2.36009224e-08,-1.03942008e-07,-3.28619618e-14,8.84149229e-05,1.97710143e-04,1.04142031e-08,9.47095974e-07,2.17218075e-07
1.19100000e+03,4.00685289e-01,1.79396793e-05,-7.01183049e-06,1.03722772e-08,8.06502899e-05,1.80537462e-04,3.37588791e-01,1.78882516e-05,-6.83118742e-06,6.30964990e-02,5.14276902e-08,-1.80643060e-07,-3.34124373e-14,7.95071283e-05,1.80349954e-04,1.03723106e-08,1.14316125e-06,1.87508332e-07
1.19200000e+03,4.00698940e-01,1.59922065e-05,-6.09322353e-06,1.03471375e-08,7.16500363e-05,1.61346716e-04,3.37602321e-01,1.59792501e-05,-5.99093984e-06,6.30966203e-02,1.29564103e-08,-1.02283674e-07,-3.21522923e-14,7.07215241e-05,1.61248794e-04,1.03471696e-08,9.28512149e-07,9.79212251e-08
1.19300000e+03,4.00717221e-01,1.40573122e-05,-5.24319413e-06,1.03061000e-08,6.28678449e-05,1.42506031e-04,3.37619542e-01,1.40157040e-05,-5.07369461e-06,6.30976801e-02,4.16081448e-08,-1.69499550e-07,-3.14383974e-14,6.17966261e-05,1.42403747e-04,1.03061315e-08,1.07121925e-06,1.02283414e-07
1.19400000e+03,4.00730612e-01,1.20626580e-05,-4.13214172e-06,1.02807391e-08,5.31306516e-05,1.23042408e-04,3.37632829e-01,1.20582685e-05,-4.03423724e-06,6.30977832e-02,4.38949517e-09,-9.79044550e-08,-2.97548132e-14,5.22256352e-05,1.23028314e-04,1.02807688e-08,9.05016795e-07,1.40940775e-08
1.19500000e+03,4.00748585e-01,1.01115846e-05,-3.28388523e-06,1.02356805e-08,4.41252148e-05,1.03865343e-04,3.37649765e-01,1.00757357e-05,-3.11259323e-06,6.30988199e-02,3.58488614e-08,-1.71292000e-07,-2.88295899e-14,4.30701720e-05,1.03820215e-04,1.02357093e-08,1.05504277e-06,4.51286493e-08
1.19600000e+03,4.00761645e-01,8.24908036e-06,-2.34150169e-06,1.02106431e-08,3.52691810e-05,8.53621464e-05,3.37662743e-01,8.24606950e-06,-2.24401759e-06,6.30989020e-02,3.01085271e-09,-9.74840986e-08,-2.65132493e-14,3.43821514e-05,8.53678209e-05,1.02106696e-08,8.87029589e-07,-5.67443944e-09
1.19700000e+03,4.00779362e-01,6.36160416e-06,-1.47317779e-06,1.01697115e-08,2.66193477e-05,6.70184838e-05,3.37679437e-01,6.32635120e-06,-1.30725498e-06,6.30999232e-02,3.52529490e-08,-1.65922806e-07,-2.42749507e-14,2.55837082e-05,6.69919740e-05,1.01697358e-08,1.03563950e-06,2.65096525e-08
1.19800000e+03,4.00792231e-01,4.63851654e-06,-4.39866429e-07,1.01474444e-08,1.79575428e-05,4.97145643e-05,3.37692239e-01,4.64289983e-06,-3.46581120e-07,6.30999905e-02,-4.38330255e-09,-9.32853074e-08,-2.19390229e-14,1.70923362e-05,4.97880145e-05,1.01474663e-08,8.65206627e-07,-7.34503811e-08
1.19900000e+03,4.00809745e-01,2.84544075e-06,2.93027443e-07,1.01051360e-08,1.02183620e-05,3.21747508e-05,3.37708749e-01,2.80879752e-06,4.66661769e-07,6.31009950e-02,3.66432337e-08,-1.73634326e-07,-2.00832551e-14,9.15431026e-06,3.21380297e-05,1.01051561e-08,1.06405171e-06,3.67211340e-08
1.20000000e+03,4.00822342e-01,1.34980156e-06,1.04909408e-06,1.00785301e-08,3.14159203e-06,1.66364741e-05,3.37721304e-01,1.35406099e-06,1.14042574e-06,6.31010398e-02,-4.25943210e-09,-9.13316578e-08,-1.92631634e-14,2.29227504e-06,1.67130241e-05,1.00785493e-08,8.49316989e-07,-7.65500319e-08
1.20100000e+03,4.00839604e-01,-1.55330143e-07,1.75253820e-06,1.00365267e-08,-3.75308828e-06,1.30580925e-06,3.37737580e-01,-1.97158875e-07,1.92024684e-06,6.31020232e-02,4.18287314e-08,-1.67708640e-07,-1.97558457e-14,-4.80538670e-06,1.24167983e-06,1.00365465e-08,1.05229842e-06,6.41294214e-08
1.20200000e+03,4.00852022e-01,-1.40649208e-06,2.53818442e-06,1.00155561e-08,-1.01715274e-05,-1.23996185e-05,3.37749969e-01,-1.40630679e-06,2.63438864e-06,6.31020524e-02,-1.85282534e-10,-9.62042206e-08,-1.95762268e-14,-1.10455529e-05,-1.23501368e-05,1.00155757e-08,8.74025538e-07,-4.94817066e-08
1.20300000e+03,4.00869104e-01,-2.68232703e-06,2.98457005e-06,9.97401701e-09,-1.56441333e-05,-2.61999113e-05,3.37766080e-01,-2.72774655e-06,3.15522630e-06,6.31030235e-02,4.54195213e-08,-1.70656246e-07,-2.04389956e-14,-1.67016743e-05,-2.62772433e-05,9.97403744e-09,1.05754094e-06,7.73320915e-08
1.20400000e+03,4.00881312e-01,-3.67398425e-06,3.57193065e-06,9.94982032e-09,-2.09719827e-05,-3.83810459e-05,3.37778278e-01,-3.68284855e-06,3.67283319e-06,6.31030343e-02,8.86430068e-09,-1.00902540e-07,-2.19138033e-14,-2.18664233e-05,-3.83538440e-05,9.94984225e-09,8.94440584e-07,-2.72018867e-08
1.20500000e+03,4.00898227e-01,-4.67864991e-06,3.91766769e-06,9.90884484e-09,-2.56095230e-05,-5.08771134e-05,3.37794241e-01,-4.72886414e-06,4.08890055e-06,6.31039875e-02,5.02142169e-08,-1.71232875e-07,-2.46205122e-14,-2.66764633e-05,-5.09658124e-05,9.90886950e-09,1.06694028e-06,8.86989187e-08
1.20600000e+03,4.00910307e-01,-5.66903436e-06,4.50616972e-06,9.88576195e-09,-3.04871799e-05,-6.32509819e-05,3.37806322e-01,-5.68287353e-06,4.60374512e-06,6.31039844e-02,1.38391757e-08,-9.75753961e-08,-2.71049086e-14,-3.13804010e-05,-6.32594089e-05,9.88578904e-09,8.93221081e-07,8.42725987e-09
1.20700000e+03,4.00927094e-01,-6.63569645e-06,4.78080810e-06,9.84401916e-09,-3.46219109e-05,-7.53266806e-05,3.37822174e-01,-6.68946657e-06,4.95698116e-06,6.31049216e-02,5.37701333e-08,-1.76173052e-07,-2.92217090e-14,-3.56927133e-05,-7.54149696e-05,9.84404839e-09,1.07080245e-06,8.82893046e-08
1.20800000e+03,4.00939053e-01,-7.54724371e-06,5.18650843e-06,9.81826195e-09,-3.91018089e-05,-8.78436589e-05,3.37834152e-01,-7.56316570e-06,5.29045392e-06,6.31049002e-02,1.59219976e-08,-1.03945466e-07,-3.23029840e-14,-4.00086424e-05,-8.78454986e-05,9.81829424e-09,9.06833446e-07,1.83986491e-09
1.20900000e+03,4.00955762e-01,-8.56817358e-06,5.40530507e-06,9.77832223e-09,-4.29691696e-05,-1.00474949e-04,3.37849941e-01,-8.61949539e-06,5.57644577e-06,6.31058202e-02,5.13217969e-08,-1.71140715e-07,-3.56006958e-14,-4.40301180e-05,-1.00544789e-04,9.77835783e-09,1.06094849e-06,6.98397045e-08
1.21000000e+03,4.00967713e-01,-9.65766082e-06,5.96786751e-06,9.75298712e-09,-4.78068969e-05,-1.13783827e-04,3.37861928e-01,-9.67342027e-06,6.07387422e-06,6.31057837e-02,1.57594428e-08,-1.06006735e-07,-3.85500980e-14,-4.87191421e-05,-1.13791994e-04,9.75302568e-09,9.12245449e-07,8.16755856e-09
1.21100000e+03,4.00984430e-01,-1.07362109e-05,6.13986934e-06,9.71197425e-09,-5.17232722e-05,-1.26563749e-04,3.37877742e-01,-1.07897651e-05,6.31735068e-06,6.31066858e-02,5.35541642e-08,-1.77481346e-07,-4.10126024e-14,-5.27900152e-05,-1.26641705e-04,9.71201525e-09,1.06674311e-06,7.79552259e-08
1.21200000e+03,4.00996377e-01,-1.18090744e-05,6.56207166e-06,9.68344356e-09,-5.65388017e-05,-1.39972595e-04,3.37889744e-01,-1.18263494e-05,6.66663518e-06,6.31066321e-02,1.72749869e-08,-1.04563500e-07,-4.40997345e-14,-5.74447546e-05,-1.39997123e-04,9.68348767e-09,9.05953367e-07,2.45275357e-08
1.21300000e+03,4.01013117e-01,-1.29853866e-05,6.89324079e-06,9.64237686e-09,-6.09981372e-05,-1.53090101e-04,3.37905603e-01,-1.30351474e-05,7.06488265e-06,6.31075156e-02,4.97608241e-08,-1.71641858e-07,-4.55412239e-14,-6.20393425e-05,-1.53172974e-04,9.64242238e-09,1.04120555e-06,8.28734313e-08
1.21400000e+03,4.01025130e-01,-1.42248737e-05,7.52242582e-06,9.61364630e-09,-6.65054525e-05,-1.66785083e-04,3.37917685e-01,-1.42453235e-05,7.62557835e-06,6.31074444e-02,2.04497948e-08,-1.03152534e-07,-4.76316866e-14,-6.74019388e-05,-1.66839144e-04,9.61369391e-09,8.96486513e-07,5.40616575e-08
1.21500000e+03,4.01041937e-01,-1.54368942e-05,7.82981381e-06,9.57109471e-09,-7.12073488e-05,-1.80048230e-04,3.37933625e-01,-1.54864233e-05,8.00481253e-06,6.31083104e-02,4.95290894e-08,-1.74998713e-07,-4.96135816e-14,-7.22505027e-05,-1.80150299e-04,9.57114431e-09,1.04315394e-06,1.02068758e-07
1.21600000e+03,4.01053966e-01,-1.66897770e-05,8.37973561e-06,9.53835699e-09,-7.66525431e-05,-1.93705600e-04,3.37945749e-01,-1.67087357e-05,8.48226436e-06,6.31082190e-02,1.89587132e-08,-1.02528731e-07,-5.06530892e-14,-7.75463285e-05,-1.93765832e-04,9.53840767e-09,8.93785099e-07,6.02312967e-08
1.21700000e+03,4.01070819e-01,-1.79987915e-05,8.74909613e-06,9.49508082e-09,-8.13265261e-05,-2.07102429e-04,3.37961755e-01,-1.80485090e-05,8.91875908e-06,6.31090644e-02,4.97174950e-08,-1.69662970e-07,-5.20888856e-14,-8.23662093e-05,-2.07208711e-04,9.49513295e-09,1.03968357e-06,1.06282285e-07
1.21800000e+03,4.01082964e-01,-1.92651693e-05,9.40972186e-06,9.46299800e-09,-8.66207657e-05,-2.20476715e-04,3.37974007e-01,-1.92824182e-05,9.51236541e-06,6.31089555e-02,1.72488589e-08,-1.02643552e-07,-5.40185719e-14,-8.75140463e-05,-2.20533501e-04,9.46305203e-09,8.93280468e-07,5.67871901e-08
1.21900000e+03,4.01099903e-01,-2.05786181e-05,9.69786639e-06,9.42007424e-09,-9.10600158e-05,-2.33995185e-04,3.37990120e-01,-2.06314754e-05,9.87390461e-06,6.31097829e-02,5.28572543e-08,-1.76038218e-07,-5.66875569e-14,-9.21168131e-05,-2.34135848e-04,9.42013089e-09,1.05679749e-06,1.40662524e-07
1.22000000e+03,4.01112072e-01,-2.17341300e-05,1.01841818e-05,9.38472100e-09,-9.58298254e-05,-2.46502151e-04,3.38002415e-01,-2.17470634e-05,1.02838293e-05,6.31096557e-02,1.29333096e-08,-9.96474745e-08,-5.96055868e-14,-9.67080416e-05,-2.46535936e-04,9.38478062e-09,8.78216352e-07,3.37854542e-08
1.22100000e+03,4.01129049e-01,-2.30178986e-05,1.05588284e-05,9.34145455e-09,-1.00120578e-04,-2.59200926e-04,3.38018581e-01,-2.30693338e-05,1.07278066e-05,6.31104680e-02,5.14352192e-08,-1.68978141e-07,-6.26782041e-14,-1.01167772e-04,-2.59337599e-04,9.34151723e-09,1.04719393e-06,1.36672996e-07
1.22200000e+03,4.01141292e-01,-2.40622614e-05,1.11150491e-05,9.30497603e-09,-1.04441473e-04,-2.70607738e-04,3.38030967e-01,-2.40842827e-05,1.12145315e-05,6.31103260e-02,2.20212739e-08,-9.94824433e-08,-6.54470466e-14,-1.05324154e-04,-2.70709104e-04,9.30504148e-09,8.82680244e-07,1.01366457e-07
1.22300000e+03,4.01158285e-01,-2.50816524e-05,1.13401181e-05,9.25980160e-09,-1.08046236e-04,-2.81098316e-04,3.38047166e-01,-2.51361077e-05,1.15150153e-05,6.31111189e-02,5.44553480e-08,-1.74897181e-07,-6.80680684e-14,-1.09106720e-04,-2.81292284e-04,9.25986968e-09,1.06048311e-06,1.93967467e-07
1.22400000e+03,4.01170462e-01,-2.59049263e-05,1.16783617e-05,9.22065605e-09,-1.11411570e-04,-2.90106886e-04,3.38059504e-01,-2.59325075e-05,1.17779208e-05,6.31109582e-02,2.75811785e-08,-9.95591294e-08,-6.85543132e-14,-1.12312959e-04,-2.90299252e-04,9.22072462e-09,9.01389167e-07,1.92365717e-07
1.22500000e+03,4.01187385e-01,-2.66585595e-05,1.18698833e-05,9.17574248e-09,-1.13958734e-04,-2.97630942e-04,3.38075648e-01,-2.67262912e-05,1.20450720e-05,6.31117351e-02,6.77316826e-08,-1.75188746e-07,-6.94562956e-14,-1.15041101e-04,-2.97945982e-04,9.17581192e-09,1.08236660e-06,3.15039881e-07
1.22600000e+03,4.01199500e-01,-2.71564392e-05,1.21875974e-05,9.13445942e-09,-1.16295721e-04,-3.03312344e-04,3.38087940e-01,-2.71943404e-05,1.22906510e-05,6.31115593e-02,3.79013097e-08,-1.03053681e-07,-6.96763872e-14,-1.17216378e-04,-3.03606510e-04,9.13452911e-09,9.20656789e-07,2.94166079e-07
1.22700000e+03,4.01216314e-01,-2.75698394e-05,1.21568269e-05,9.08820772e-09,-1.17479792e-04,-3.07597830e-04,3.38103996e-01,-2.76401844e-05,1.23351357e-05,6.31123179e-02,7.03450495e-08,-1.78308805e-07,-6.87325140e-14,-1.18587302e-04,-3.08002232e-04,9.08827643e-09,1.10751010e-06,4.04401762e-07
1.22800000e+03,4.01228273e-01,-2.77836646e-05,1.22426512e-05,9.04511585e-09,-1.18256681e-04,-3.10055877e-04,3.38116146e-01,-2.78275487e-05,1.23483108e-05,6.31121257e-02,4.38841295e-08,-1.05659662e-07,-6.71829089e-14,-1.19208647e-04,-3.10461401e-04,9.04518300e-09,9.51966266e-07,4.05523137e-07
1.22900000e+03,4.01244919e-01,-2.78915239e-05,1.21460286e-05,8.99857946e-09,-1.18111469e-04,-3.10717577e-04,3.38132052e-01,-2.79706749e-05,1.23220163e-05,6.31128688e-02,7.91509878e-08,-1.75987703e-07,-6.40826477e-14,-1.19231541e-04,-3.11211018e-04,8.99864355e-09,1.12007149e-06,4.93441303e-07
1.23000000e+03,4.01256731e-01,-2.77885527e-05,1.22108695e-05,8.95463653e-09,-1.17820674e-04,-3.10208048e-04,3.38144067e-01,-2.78362718e-05,1.23173804e-05,6.31126637e-02,4.77191083e-08,-1.06510883e-07,-6.03758041e-14,-1.18798946e-04,-3.10696812e-04,8.95469688e-09,9.78272377e-07,4.88763792e-07
1.23100000e+03,4.01273226e-01,-2.76066703e-05,1.19414402e-05,8.90852687e-09,-1.16187385e-04,-3.07885280e-04,3.38159833e-01,-2.76864893e-05,1.21220098e-05,6.31133905e-02,7.98189585e-08,-1.80569608e-07,-5.69843208e-14,-1.17336901e-04,-3.08453417e-04,8.90858386e-09,1.14951571e-06,5.68136737e-07
1.23200000e+03,4.01284850e-01,-2.72988477e-05,1.17799980e-05,8.86352133e-09,-1.14435962e-04,-3.04513253e-04,3.38171682e-01,-2.73516933e-05,1.18846642e-05,6.31131687e-02,5.28456522e-08,-1.04666188e-07,-5.41480645e-14,-1.15423344e-04,-3.05077933e-04,8.86357551e-09,9.87381917e-07,5.64680187e-07
1.23300000e+03,4.01301158e-01,-2.68546979e-05,1.14974107e-05,8.81860197e-09,-1.11826947e-04,-2.99316057e-04,3.38187275e-01,-2.69419354e-05,1.16722124e-05,6.31138826e-02,8.72374904e-08,-1.74801739e-07,-5.19718372e-14,-1.12980785e-04,-2.99975441e-04,8.81865396e-09,1.15383774e-06,6.59383444e-07
1.23400000e+03,4.01312619e-01,-2.61193866e-05,1.13626184e-05,8.77498505e-09,-1.09065425e-04,-2.92317931e-04,3.38198970e-01,-2.61656669e-05,1.14653470e-05,6.31136484e-02,4.62803777e-08,-1.02728615e-07,-4.91264824e-14,-1.10055957e-04,-2.92900108e-04,8.77503421e-09,9.90532369e-07,5.82176203e-07
1.23500000e+03,4.01328760e-01,-2.55200965e-05,1.09404217e-05,8.73035328e-09,-1.05450758e-04,-2.85007452e-04,3.38214411e-01,-2.56055778e-05,1.11174854e-05,6.31143483e-02,8.54813206e-08,-1.77063737e-07,-4.70860812e-14,-1.06612763e-04,-2.85711076e-04,8.73040040e-09,1.16200495e-06,7.03623673e-07
1.23600000e+03,4.01340011e-01,-2.46182110e-05,1.06662146e-05,8.68614138e-09,-1.01889333e-04,-2.75845213e-04,3.38225912e-01,-2.46693742e-05,1.07676885e-05,6.31140989e-02,5.11631823e-08,-1.01473926e-07,-4.54071337e-14,-1.02880278e-04,-2.76498746e-04,8.68618675e-09,9.90945091e-07,6.53533456e-07
1.23700000e+03,4.01355911e-01,-2.37164438e-05,1.02632428e-05,8.64055745e-09,-9.77797511e-05,-2.65823862e-04,3.38241125e-01,-2.38076986e-05,1.04360467e-05,6.31147848e-02,9.12548324e-08,-1.72803998e-07,-4.37110392e-14,-9.89466297e-05,-2.66604746e-04,8.64060117e-09,1.16687860e-06,7.80883735e-07
1.23800000e+03,4.01366940e-01,-2.25950336e-05,1.00211210e-05,8.59545573e-09,-9.35826873e-05,-2.54443267e-04,3.38252419e-01,-2.26455267e-05,1.01185924e-05,6.31145206e-02,5.04930599e-08,-9.74714966e-08,-4.37625188e-14,-9.45682859e-05,-2.55142496e-04,8.59549950e-09,9.85598183e-07,6.99228718e-07
1.23900000e+03,4.01382626e-01,-2.15726701e-05,9.58312056e-06,8.54927288e-09,-8.90064108e-05,-2.42746603e-04,3.38267436e-01,-2.16590466e-05,9.75353804e-06,6.31151901e-02,8.63765184e-08,-1.70417508e-07,-4.40509092e-14,-9.01571829e-05,-2.43532306e-04,8.54931694e-09,1.15077210e-06,7.85703205e-07
1.24000000e+03,4.01393402e-01,-2.04339303e-05,9.23110671e-06,8.50153788e-09,-8.45999874e-05,-2.30862901e-04,3.38278494e-01,-2.04844194e-05,9.33050131e-06,6.31149100e-02,5.04891034e-08,-9.93945981e-08,-4.57985415e-14,-8.55877102e-05,-2.31584638e-04,8.50158364e-09,9.87722644e-07,7.21736537e-07
1.24100000e+03,4.01408820e-01,-1.94427265e-05,8.76633624e-06,8.45385136e-09,-7.97127215e-05,-2.18885737e-04,3.38293256e-01,-1.95206804e-05,8.93331964e-06,6.31155640e-02,7.79539501e-08,-1.66983393e-07,-4.55890519e-14,-8.08547437e-05,-2.19653893e-04,8.45389698e-09,1.14202233e-06,7.68155909e-07
1.24200000e+03,4.01419398e-01,-1.84363860e-05,8.60329949e-06,8.40699918e-09,-7.56761228e-05,-2.07217755e-04,3.38304127e-01,-1.84795086e-05,8.69885389e-06,6.31152707e-02,4.31226053e-08,-9.55544140e-08,-4.49317940e-14,-7.66595010e-05,-2.07926379e-04,8.40704411e-09,9.83378234e-07,7.08624714e-07
1.24300000e+03,4.01434667e-01,-1.75170811e-05,8.17363162e-06,8.36048244e-09,-7.09492116e-05,-1.95385559e-04,3.38318758e-01,-1.75913745e-05,8.33967449e-06,6.31159095e-02,7.42933744e-08,-1.66042856e-07,-4.49746250e-14,-7.20856142e-05,-1.96161041e-04,8.36052742e-09,1.13640255e-06,7.75482820e-07
1.24400000e+03,4.01445097e-01,-1.65413538e-05,7.88115005e-06,8.31533019e-09,-6.67215224e-05,-1.83571605e-04,3.38329495e-01,-1.65813515e-05,7.97978810e-06,6.31156009e-02,3.99977117e-08,-9.86380368e-08,-4.55328233e-14,-6.77025761e-05,-1.84268597e-04,8.31537571e-09,9.81053727e-07,6.96991958e-07
1.24500000e+03,4.01460266e-01,-1.56605767e-05,7.50435045e-06,8.27105488e-09,-6.23516844e-05,-1.71957173e-04,3.38344037e-01,-1.57277116e-05,7.66575206e-06,6.31162277e-02,6.71349371e-08,-1.61401570e-07,-4.72766900e-14,-6.34687431e-05,-1.72702468e-04,8.27110215e-09,1.11705881e-06,7.45295085e-07
1.24600000e+03,4.01470672e-01,-1.47735291e-05,7.47126106e-06,8.23023356e-09,-5.90904557e-05,-1.60744485e-04,3.38354763e-01,-1.48064352e-05,7.56047661e-06,6.31159083e-02,3.29061893e-08,-8.92155539e-08,-4.85219324e-14,-6.00359074e-05,-1.61427045e-04,8.23028209e-09,9.45451904e-07,6.82560077e-07
1.24700000e+03,4.01485821e-01,-1.39052682e-05,7.14307392e-06,8.18721055e-09,-5.51816647e-05,-1.49155889e-04,3.38369298e-01,-1.39721889e-05,7.30363424e-06,6.31165230e-02,6.69206245e-08,-1.60560324e-07,-5.00733647e-14,-5.62819959e-05,-1.49907365e-04,8.18726059e-09,1.10033153e-06,7.51475763e-07
1.24800000e+03,4.01496158e-01,-1.29956880e-05,7.00671663e-06,8.14429423e-09,-5.20214012e-05,-1.37993135e-04,3.38379966e-01,-1.30244413e-05,7.09701038e-06,6.31161915e-02,2.87532615e-08,-9.02937438e-08,-5.24981419e-14,-5.29524494e-05,-1.38653526e-04,8.14434670e-09,9.31048033e-07,6.60390942e-07
1.24900000e+03,4.01511218e-01,-1.21889620e-05,6.77163892e-06,8.10028866e-09,-4.86392898e-05,-1.27351172e-04,3.38394423e-01,-1.22521479e-05,6.92476031e-06,6.31167961e-02,6.31859664e-08,-1.53121386e-07,-5.44436371e-14,-4.97127558e-05,-1.28081002e-04,8.10034308e-09,1.07346574e-06,7.29830857e-07
1.25000000e+03,4.01521523e-01,-1.12586119e-05,6.74197903e-06,8.05901529e-09,-4.56473049e-05,-1.16589289e-04,3.38405068e-01,-1.12835961e-05,6.82591623e-06,6.31164529e-02,2.49842167e-08,-8.39371959e-08,-5.68359508e-14,-4.65405810e-05,-1.17207863e-04,8.05907209e-09,8.93276135e-07,6.18573394e-07
1.25100000e+03,4.01536579e-01,-1.04570629e-05,6.40930647e-06,8.01563563e-09,-4.20295892e-05,-1.06370981e-04,3.38419536e-01,-1.05094727e-05,6.55934593e-06,6.31170435e-02,5.24098480e-08,-1.50039485e-07,-5.91254280e-14,-4.30711789e-05,-1.07020844e-04,8.01569476e-09,1.04158962e-06,6.49862845e-07
1.25200000e+03,4.01546869e-01,-9.60525045e-06,6.26814141e-06,7.97659983e-09,-3.89109718e-05,-9.65295841e-05,3.38430186e-01,-9.61189010e-06,6.35065400e-06,6.31166844e-02,6.63965161e-09,-8.25125841e-08,-6.07459036e-14,-3.97732792e-05,-9.69949159e-05,7.97666057e-09,8.62307442e-07,4.65331474e-07
1.25300000e+03,4.01561959e-01,-8.88773928e-06,5.93102701e-06,7.93675368e-09,-3.53728797e-05,-8.78425293e-05,3.38444698e-01,-8.92151080e-06,6.07489334e-06,6.31172617e-02,3.37714926e-08,-1.43866325e-07,-6.07978130e-14,-3.63564391e-05,-8.83193239e-05,7.93681447e-09,9.83559383e-07,4.76794439e-07
1.25400000e+03,4.01572370e-01,-8.18754175e-06,5.82948458e-06,7.90497640e-09,-3.24423603e-05,-7.99732653e-05,3.38455481e-01,-8.17698145e-06,5.90665386e-06,6.31168883e-02,-1.05602948e-08,-7.71692802e-08,-6.12969363e-14,-3.32519926e-05,-8.02995731e-05,7.90503767e-09,8.09632357e-07,3.26308092e-07
1.25500000e+03,4.01587608e-01,-7.70705012e-06,5.44331380e-06,7.86918846e-09,-2.91517701e-05,-7.31464467e-05,3.38470159e-01,-7.72944685e-06,5.58003220e-06,6.31174516e-02,2.23967337e-08,-1.36718415e-07,-6.20496772e-14,-3.00613109e-05,-7.35319277e-05,7.86925051e-09,9.09540855e-07,3.85480847e-07
1.25600000e+03,4.01598101e-01,-6.98497880e-06,5.22809356e-06,7.83919403e-09,-2.61846917e-05,-6.55227751e-05,3.38481034e-01,-6.97041669e-06,5.30185454e-06,6.31170668e-02,-1.45621221e-08,-7.37609865e-08,-6.31986475e-14,-2.69266206e-05,-6.57932933e-05,7.83925724e-09,7.41928860e-07,2.70518356e-07
1.25700000e+03,4.01613370e-01,-6.34917077e-06,4.85363614e-06,7.80240073e-09,-2.33576241e-05,-5.84797553e-05,3.38495752e-01,-6.37245664e-06,4.98563905e-06,6.31176196e-02,2.32858353e-08,-1.32002931e-07,-6.36048367e-14,-2.42292357e-05,-5.88363343e-05,7.80246433e-09,8.71611656e-07,3.56578715e-07
1.25800000e+03,4.01623925e-01,-5.61487964e-06,4.79021511e-06,7.77498384e-09,-2.11876503e-05,-5.13484825e-05,3.38506699e-01,-5.59771430e-06,4.86402986e-06,6.31172244e-02,-1.71653705e-08,-7.38147391e-08,-6.43165067e-14,-2.19114725e-05,-5.15815624e-05,7.77504813e-09,7.23822152e-07,2.33079995e-07
1.25900000e+03,4.01639261e-01,-4.98964615e-06,4.28430414e-06,7.73903441e-09,-1.77965407e-05,-4.43886738e-05,3.38521492e-01,-5.00910769e-06,4.42052260e-06,6.31177679e-02,1.94615339e-08,-1.36218424e-07,-6.52936205e-14,-1.86619549e-05,-4.47110525e-05,7.73909967e-09,8.65414143e-07,3.22378718e-07
1.26000000e+03,4.01649788e-01,-4.16558821e-06,4.04618994e-06,7.70836383e-09,-1.53173746e-05,-3.67782066e-05,3.38532426e-01,-4.14789977e-06,4.12675624e-06,6.31173633e-02,-1.76884398e-08,-8.05662954e-08,-6.59549232e-14,-1.60542547e-05,-3.69699566e-05,7.70842977e-09,7.36880147e-07,1.91749976e-07
1.26100000e+03,4.01665034e-01,-3.37509882e-06,3.57770459e-06,7.66831572e-09,-1.22351501e-05,-2.96138182e-05,3.38547134e-01,-3.40397663e-06,3.71367724e-06,6.31178990e-02,2.88778138e-08,-1.35972657e-07,-6.66737334e-14,-1.30922697e-05,-2.99597069e-05,7.66838239e-09,8.57119547e-07,3.45888639e-07
1.26200000e+03,4.01675503e-01,-2.33209399e-06,3.27778229e-06,7.63799435e-09,-9.01606944e-06,-2.09251157e-05,3.38558013e-01,-2.31455764e-06,3.35334623e-06,6.31174889e-02,-1.75363553e-08,-7.55639393e-08,-6.95719061e-14,-9.73240971e-06,-2.11144930e-05,7.63806389e-09,7.16340294e-07,1.89377315e-07
1.26300000e+03,4.01690734e-01,-1.57342914e-06,2.72980938e-06,7.60006069e-09,-5.29159088e-06,-1.34231495e-05,3.38572717e-01,-1.60581854e-06,2.87277507e-06,6.31180169e-02,3.23894065e-08,-1.42965688e-07,-7.22311316e-14,-6.16260806e-06,-1.38001059e-05,7.60013291e-09,8.71017196e-07,3.76956384e-07
1.26400000e+03,4.01701156e-01,-2.81832514e-07,2.27472959e-06,7.57038926e-09,-1.49388245e-06,-2.95792839e-06,3.38583554e-01,-2.77137452e-07,2.35183195e-06,6.31176025e-02,-4.69506146e-09,-7.71023612e-08,-7.44776074e-14,-2.18414118e-06,-3.22380795e-06,7.57046376e-09,6.90258734e-07,2.65879563e-07
1.26500000e+03,4.01716270e-01,8.55818243e-07,1.64965095e-06,7.52927485e-09,2.55115986e-06,6.65113464e-06,3.38598141e-01,8.09158933e-07,1.79651964e-06,6.31181285e-02,4.66593116e-08,-1.46868682e-07,-7.41125178e-14,1.65248727e-06,6.18537758e-06,7.52934896e-09,8.98672586e-07,4.65757066e-07
1.26600000e+03,4.01726603e-01,2.36760988e-06,1.19631904e-06,7.49751157e-09,6.96346870e-06,1.88069776e-05,3.38608887e-01,2.36751666e-06,1.28293749e-06,6.31177150e-02,9.32238496e-11,-8.66184567e-08,-7.39639420e-14,6.19635405e-06,1.84950255e-05,7.49758554e-09,7.67114668e-07,3.11952152e-07
1.26700000e+03,4.01741674e-01,3.65830218e-06,4.53624078e-07,7.45634907e-09,1.21232076e-05,2.99972607e-05,3.38623433e-01,3.60306851e-06,6.06729070e-07,6.31182398e-02,5.52336668e-08,-1.53104989e-07,-7.29254828e-14,1.11884267e-05,2.94488533e-05,7.45642202e-09,9.34780919e-07,5.48407384e-07
1.26800000e+03,4.01751921e-01,5.27151695e-06,-2.30139565e-07,7.42377947e-09,1.75478486e-05,4.29544589e-05,3.38634094e-01,5.24000926e-06,-1.35859393e-07,6.31178258e-02,3.15076966e-08,-9.42801723e-08,-7.23591323e-14,1.67331548e-05,4.24291757e-05,7.42385183e-09,8.14693879e-07,5.25283213e-07
1.26900000e+03,4.01766887e-01,6.97971295e-06,-1.01121688e-06,7.38157270e-09,2.32090703e-05,5.67275968e-05,3.38648535e-01,6.89932806e-06,-8.49213724e-07,6.31183510e-02,8.03848667e-08,-1.62003156e-07,-7.05016889e-14,2.21896884e-05,5.60029029e-05,7.38164322e-09,1.01938188e-06,7.24694174e-07
1.27000000e+03,4.01777072e-01,8.69688673e-06,-1.61790884e-06,7.34806913e-09,2.89931857e-05,7.06616507e-05,3.38659138e-01,8.64962539e-06,-1.51287978e-06,6.31179340e-02,4.72613386e-08,-1.05029049e-07,-6.72635825e-14,2.80807484e-05,6.99810904e-05,7.34813638e-09,9.12437253e-07,6.80560526e-07
1.27100000e+03,4.01792000e-01,1.02327296e-05,-2.55720722e-06,7.30374475e-09,3.58429993e-05,8.42610506e-05,3.38673545e-01,1.01392312e-05,-2.38211010e-06,6.31184553e-02,9.34982981e-08,-1.75097120e-07,-6.29164733e-14,3.47348555e-05,8.34122294e-05,7.30380763e-09,1.10814377e-06,8.48821305e-07
1.27200000e+03,4.01802083e-01,1.18161178e-05,-3.28104436e-06,7.27177076e-09,4.21080578e-05,9.77361963e-05,3.38684052e-01,1.17507159e-05,-3.17054032e-06,6.31180309e-02,6.54019379e-08,-1.10504042e-07,-5.87494284e-14,4.11393335e-05,9.69110832e-05,7.27182955e-09,9.68724326e-07,8.25112954e-07
1.27300000e+03,4.01816890e-01,1.32473532e-05,-4.06658750e-06,7.22738112e-09,4.83391278e-05,1.10809303e-04,3.38698343e-01,1.31458564e-05,-3.88577532e-06,6.31185471e-02,1.01496806e-07,-1.80812175e-07,-5.53798657e-14,4.71391611e-05,1.09868810e-04,7.22743651e-09,1.19996678e-06,9.40492600e-07
1.27400000e+03,4.01826880e-01,1.44928034e-05,-4.60851037e-06,7.19384175e-09,5.43558071e-05,1.22810480e-04,3.38708765e-01,1.44246041e-05,-4.48457596e-06,6.31181157e-02,6.81992774e-08,-1.23934419e-07,-5.29484365e-14,5.32697865e-05,1.21916238e-04,7.19389471e-09,1.08602093e-06,8.94242351e-07
1.27500000e+03,4.01841570e-01,1.54933842e-05,-5.39899099e-06,7.14554508e-09,6.07778531e-05,1.34076645e-04,3.38722946e-01,1.53973346e-05,-5.21348351e-06,6.31186234e-02,9.60496023e-08,-1.85507488e-07,-5.14715658e-14,5.95507495e-05,1.33123968e-04,7.14559658e-09,1.22710317e-06,9.52676945e-07
1.27600000e+03,4.01851347e-01,1.63368663e-05,-5.78015844e-06,7.10931948e-09,6.52252418e-05,1.43822501e-04,3.38733167e-01,1.62787343e-05,-5.65049588e-06,6.31181802e-02,5.81319725e-08,-1.29662550e-07,-5.11406995e-14,6.40870662e-05,1.42960701e-04,7.10937064e-09,1.13817535e-06,8.61799499e-07
1.27700000e+03,4.01865807e-01,1.69633321e-05,-6.24050912e-06,7.05870543e-09,6.99511814e-05,1.52514803e-04,3.38747127e-01,1.68648620e-05,-6.05849393e-06,6.31186790e-02,9.84701220e-08,-1.82015180e-07,-5.03248786e-14,6.86976414e-05,1.51539864e-04,7.05875571e-09,1.25354004e-06,9.74939069e-07
1.27800000e+03,4.01875432e-01,1.75196039e-05,-6.29866145e-06,7.02375362e-09,7.32616915e-05,1.60321584e-04,3.38757202e-01,1.74691079e-05,-6.17892251e-06,6.31182293e-02,5.04960364e-08,-1.19738931e-07,-4.98556570e-14,7.21675488e-05,1.59492352e-04,7.02380347e-09,1.09414269e-06,8.29232905e-07
1.27900000e+03,4.01889733e-01,1.77807773e-05,-6.50646098e-06,6.97001207e-09,7.60865170e-05,1.66804797e-04,3.38771013e-01,1.76974613e-05,-6.32892155e-06,6.31187202e-02,8.33159513e-08,-1.77539439e-07,-5.00499760e-14,7.48755632e-05,1.65909483e-04,6.97006211e-09,1.21095361e-06,8.95314341e-07
1.28000000e+03,4.01899132e-01,1.80842821e-05,-6.36423007e-06,6.93190199e-09,7.74484702e-05,1.72671557e-04,3.38780874e-01,1.80371142e-05,-6.25369616e-06,6.31182573e-02,4.71678994e-08,-1.10533893e-07,-5.07534305e-14,7.64116197e-05,1.71887906e-04,6.93195276e-09,1.03685046e-06,7.83651061e-07
1.28100000e+03,4.01913246e-01,1.82148539e-05,-6.33603186e-06,6.87869648e-09,7.90802128e-05,1.77224674e-04,3.38794508e-01,1.81332346e-05,-6.17390003e-06,6.31187366e-02,8.16192452e-08,-1.62131803e-07,-5.03840970e-14,7.79643245e-05,1.76370190e-04,6.87874686e-09,1.11588827e-06,8.54483861e-07
1.28200000e+03,4.01922509e-01,1.83833052e-05,-5.81986601e-06,6.84000974e-09,7.83566397e-05,1.81543703e-04,3.38804247e-01,1.83419049e-05,-5.71874230e-06,6.31182639e-02,4.14003726e-08,-1.01123695e-07,-5.11047245e-14,7.73864600e-05,1.80809667e-04,6.84006085e-09,9.70179564e-07,7.34035501e-07
1.28300000e+03,4.01936503e-01,1.83901826e-05,-5.81369658e-06,6.78391599e-09,7.96358458e-05,1.85248015e-04,3.38817771e-01,1.83259547e-05,-5.66199128e-06,6.31187335e-02,6.42278999e-08,-1.51705310e-07,-5.21128317e-14,7.86126650e-05,1.84510753e-04,6.78396812e-09,1.02318096e-06,7.37262111e-07
1.28400000e+03,4.01945622e-01,1.84328394e-05,-5.39135549e-06,6.74227084e-09,7.87672372e-05,1.88415038e-04,3.38827374e-01,1.84053782e-05,-5.30570902e-06,6.31182487e-02,2.74611841e-08,-8.56464826e-08,-5.26150999e-14,7.79405846e-05,1.87783746e-04,6.74232346e-09,8.26652613e-07,6.31292700e-07
1.28500000e+03,4.01959510e-01,1.85276991e-05,-5.18921385e-06,6.68465742e-09,7.82736465e-05,1.92004495e-04,3.38840805e-01,1.84774298e-05,-5.04996190e-06,6.31187051e-02,5.02693894e-08,-1.39251952e-07,-5.34034316e-14,7.73391850e-05,1.91387724e-04,6.68471082e-09,9.34461463e-07,6.16771122e-07
1.28600000e+03,4.01968590e-01,1.85090999e-05,-4.67383113e-06,6.64520157e-09,7.70455003e-05,1.94645681e-04,3.38850382e-01,1.84961940e-05,-4.58887629e-06,6.31182071e-02,1.29058908e-08,-8.49548446e-08,-5.44305460e-14,7.62287991e-05,1.94128229e-04,6.64525599e-09,8.16700909e-07,5.17451579e-07
1.28700000e+03,4.01982463e-01,1.85919757e-05,-4.70281893e-06,6.59124960e-09,7.79899230e-05,1.98592283e-04,3.38863811e-01,1.85603670e-05,-4.56398577e-06,6.31186510e-02,3.16087079e-08,-1.38833163e-07,-5.67520802e-14,7.70906157e-05,1.98091155e-04,6.59130635e-09,8.99307418e-07,5.01128547e-07
1.28800000e+03,4.01991524e-01,1.87607562e-05,-4.50332055e-06,6.55169965e-09,7.78826374e-05,2.02585087e-04,3.38873383e-01,1.87568276e-05,-4.42471888e-06,6.31181394e-02,3.92851472e-09,-7.86016875e-08,-5.80670050e-14,7.71400698e-05,2.02135075e-04,6.55175771e-09,7.42567441e-07,4.50011553e-07
1.28900000e+03,4.02005416e-01,1.91104064e-05,-4.63344839e-06,6.49634730e-09,7.93778661e-05,2.08145440e-04,3.38886842e-01,1.90769506e-05,-4.50476511e-06,6.31185732e-02,3.34558424e-08,-1.28683269e-07,-5.83838383e-14,7.85515345e-05,2.07656497e-04,6.49640570e-09,8.26331591e-07,4.88942880e-07
1.29000000e+03,4.02014547e-01,1.96414942e-05,-4.40580950e-06,6.45703962e-09,7.98459926e-05,2.14873509e-04,3.38896493e-01,1.96403214e-05,-4.34496116e-06,6.31180542e-02,1.17277172e-09,-6.08483594e-08,-5.77346988e-14,7.92355164e-05,2.14425374e-04,6.45709734e-09,6.10475854e-07,4.48134825e-07
1.29100000e+03,4.02028513e-01,2.03129710e-05,-4.52944917e-06,6.40276791e-09,8.12028904e-05,2.23362506e-04,3.38910034e-01,2.02754001e-05,-4.39644839e-06,6.31184782e-02,3.75709167e-08,-1.33000768e-07,-5.80797075e-14,8.04075259e-05,2.22838952e-04,6.40282597e-09,7.95364751e-07,5.23553462e-07
1.29200000e+03,4.02037702e-01,2.11328198e-05,-4.68554224e-06,6.36464926e-09,8.33617526e-05,2.31999029e-04,3.38919749e-01,2.11261609e-05,-4.61014011e-06,6.31179515e-02,6.65896022e-09,-7.54021389e-08,-5.88476368e-14,8.26896148e-05,2.31538613e-04,6.36470810e-09,6.72137982e-07,4.60416104e-07
1.29300000e+03,4.02051735e-01,2.20594780e-05,-5.04266602e-06,6.31266824e-09,8.64135604e-05,2.41732564e-04,3.38933365e-01,2.20113860e-05,-4.90679603e-06,6.31183701e-02,4.80920040e-08,-1.35869993e-07,-5.97605578e-14,8.55645271e-05,2.41170851e-04,6.31272801e-09,8.49033091e-07,5.61713073e-07
1.29400000e+03,4.02061044e-01,2.30983176e-05,-5.24636418e-06,6.27531624e-09,8.99382283e-05,2.51596321e-04,3.38943207e-01,2.30779450e-05,-5.15928712e-06,6.31178375e-02,2.03725942e-08,-8.70770739e-08,-6.12070629e-14,8.91725598e-05,2.51044889e-04,6.27537746e-09,7.65668217e-07,5.51432023e-07
1.29500000e+03,4.02075205e-01,2.40923033e-05,-6.02118764e-06,6.22071725e-09,9.57033137e-05,2.61471057e-04,3.38956955e-01,2.40301511e-05,-5.86430549e-06,6.31182487e-02,6.21522272e-08,-1.56882149e-07,-6.01267796e-14,9.47471500e-05,2.60808002e-04,6.22077736e-09,9.56163761e-07,6.63055762e-07
1.29600000e+03,4.02084561e-01,2.52354051e-05,-6.53869243e-06,6.18274654e-09,1.00506829e-04,2.71474739e-04,3.38966855e-01,2.51998015e-05,-6.43885958e-06,6.31177080e-02,3.56035980e-08,-9.98328317e-08,-6.04864568e-14,9.96711296e-05,2.70862494e-04,6.18280703e-09,8.35699552e-07,6.12244611e-07
1.29700000e+03,4.02098757e-01,2.62868212e-05,-7.34700656e-06,6.12906081e-09,1.06652193e-04,2.80934249e-04,3.38980642e-01,2.62184697e-05,-7.18555029e-06,6.31181145e-02,6.83514985e-08,-1.61456273e-07,-6.15845297e-14,1.05636047e-04,2.80275234e-04,6.12912238e-09,1.01614605e-06,6.59015554e-07
1.29800000e+03,4.02108195e-01,2.73608094e-05,-7.86366687e-06,6.09022552e-09,1.11945783e-04,2.89639879e-04,3.38990625e-01,2.73269567e-05,-7.75116958e-06,6.31175710e-02,3.38527026e-08,-1.12497300e-07,-6.15316993e-14,1.11023063e-04,2.89079880e-04,6.09028703e-09,9.22720190e-07,5.59998816e-07
1.29900000e+03,4.02122469e-01,2.81815489e-05,-8.74998161e-06,6.03454205e-09,1.17988228e-04,2.96797069e-04,3.39004497e-01,2.81196666e-05,-8.57426882e-06,6.31179725e-02,6.18823515e-08,-1.75712797e-07,-6.10977622e-14,1.16924379e-04,2.96190224e-04,6.03460313e-09,1.06384924e-06,6.06845047e-07
1.30000000e+03,4.02131915e-01,2.89273131e-05,-9.25612468e-06,5.99480055e-09,1.21964999e-04,3.02871077e-04,3.39014493e-01,2.88936981e-05,-9.14224355e-06,6.31174212e-02,3.36149887e-08,-1.13881152e-07,-5.94944702e-14,1.21049329e-04,3.02337165e-04,5.99486002e-09,9.15669762e-07,5.33912266e-07
1.30100000e+03,4.02146161e-01,2.95999887e-05,-9.84878324e-06,5.93819346e-09,1.25787786e-04,3.08073286e-04,3.39028344e-01,2.95270949e-05,-9.67312122e-06,6.31178184e-02,7.28938919e-08,-1.75662022e-07,-5.78641166e-14,1.24723182e-04,3.07456939e-04,5.93825133e-09,1.06460358e-06,6.16347595e-07
1.30200000e+03,4.02155599e-01,3.02457681e-05,-1.01722520e-05,5.89733281e-09,1.28782212e-04,3.12169451e-04,3.39038336e-01,3.02017868e-05,-1.00564865e-05,6.31172629e-02,4.39813396e-08,-1.15765541e-07,-5.74876097e-14,1.27901475e-04,3.11626797e-04,5.89739029e-09,8.80736859e-07,5.42653779e-07
1.30300000e+03,4.02169826e-01,3.04314075e-05,-1.06590957e-05,5.83922332e-09,1.30856537e-04,3.13093910e-04,3.39052175e-01,3.03539628e-05,-1.04921270e-05,6.31176519e-02,7.74446635e-08,-1.66968701e-07,-5.63763422e-14,1.29898223e-04,3.12463983e-04,5.83927968e-09,9.58314199e-07,6.29926911e-07
1.30400000e+03,4.02179182e-01,3.07500922e-05,-1.07482436e-05,5.79631731e-09,1.30919144e-04,3.14365729e-04,3.39062097e-01,3.06977769e-05,-1.06474734e-05,6.31170867e-02,5.23153962e-08,-1.00770193e-07,-5.56507822e-14,1.30159872e-04,3.13830899e-04,5.79637299e-09,7.59271183e-07,5.34830281e-07
1.30500000e+03,4.02193308e-01,3.06948933e-05,-1.08367053e-05,5.73785020e-09,1.30276515e-04,3.12246586e-04,3.39075840e-01,3.06183699e-05,-1.06728335e-05,6.31174671e-02,7.65233553e-08,-1.63871763e-07,-5.44653515e-14,1.29366426e-04,3.11703736e-04,5.73790467e-09,9.10088952e-07,5.42850339e-07
1.30600000e+03,4.02202587e-01,3.03784209e-05,-1.06048025e-05,5.69647028e-09,1.28330917e-04,3.07627590e-04,3.39085693e-01,3.03318850e-05,-1.04971577e-05,6.31168941e-02,4.65359203e-08,-1.07644809e-07,-5.26646216e-14,1.27567426e-04,3.07173640e-04,5.69652294e-09,7.63490824e-07,4.53949466e-07
1.30700000e+03,4.02216608e-01,2.97730249e-05,-1.06189784e-05,5.63604594e-09,1.26221103e-04,3.01012247e-04,3.39099345e-01,2.96893369e-05,-1.04470668e-05,6.31172633e-02,8.36879806e-08,-1.71911652e-07,-5.09047918e-14,1.25285133e-04,3.00452210e-04,5.63609685e-09,9.35970310e-07,5.60037004e-07
1.30800000e+03,4.02225719e-01,2.91490966e-05,-1.03397472e-05,5.59091353e-09,1.22998435e-04,2.93646682e-04,3.39109035e-01,2.91138580e-05,-1.02363437e-05,6.31166825e-02,3.52385785e-08,-1.03403441e-07,-4.88303953e-14,1.22288100e-04,2.93322231e-04,5.59096235e-09,7.10334152e-07,3.24450921e-07
1.30900000e+03,4.02239576e-01,2.80305622e-05,-9.95321296e-06,5.53143819e-09,1.18095445e-04,2.82044888e-04,3.39122531e-01,2.79563140e-05,-9.79331183e-06,6.31170435e-02,7.42482031e-08,-1.59901131e-07,-4.59786059e-14,1.17255526e-04,2.81619377e-04,5.53148415e-09,8.39919033e-07,4.25510867e-07
1.31000000e+03,4.02248520e-01,2.67950078e-05,-9.21431438e-06,5.48644550e-09,1.11767114e-04,2.69115772e-04,3.39132068e-01,2.67517203e-05,-9.10090752e-06,6.31164537e-02,4.32874152e-08,-1.13406869e-07,-4.29619443e-14,1.11014491e-04,2.68780467e-04,5.48648844e-09,7.52623372e-07,3.35304448e-07
1.31100000e+03,4.02262195e-01,2.53910694e-05,-8.86507439e-06,5.42565089e-09,1.06656173e-04,2.55142774e-04,3.39145386e-01,2.53173907e-05,-8.70569701e-06,6.31168093e-02,7.36786746e-08,-1.59377375e-07,-3.97201337e-14,1.05882606e-04,2.54730425e-04,5.42569057e-09,7.73567067e-07,4.12348787e-07
1.31200000e+03,4.02270956e-01,2.37804231e-05,-7.94300837e-06,5.38208829e-09,9.79580934e-05,2.39283720e-04,3.39154743e-01,2.37354041e-05,-7.83313663e-06,6.31162117e-02,4.50189501e-08,-1.09871752e-07,-3.61487918e-14,9.72346216e-05,2.38970612e-04,5.38212442e-09,7.23471724e-07,3.13108627e-07
1.31300000e+03,4.02284432e-01,2.20824696e-05,-7.21081950e-06,5.32094243e-09,9.00172242e-05,2.22203837e-04,3.39167870e-01,2.20090637e-05,-7.05095132e-06,6.31165607e-02,7.34058258e-08,-1.59868171e-07,-3.39235219e-14,8.92181595e-05,2.21853403e-04,5.32097638e-09,7.99064958e-07,3.50433808e-07
1.31400000e+03,4.02292991e-01,2.02419328e-05,-6.15254347e-06,5.27712905e-09,8.12347659e-05,2.03728566e-04,3.39177032e-01,2.02056887e-05,-6.04735983e-06,6.31159577e-02,3.62440566e-08,-1.05183630e-07,-3.20235995e-14,8.05619926e-05,2.03508308e-04,5.27716110e-09,6.72773563e-07,2.20258116e-07
1.31500000e+03,4.02306253e-01,1.81961220e-05,-5.39055104e-06,5.21502184e-09,7.27533763e-05,1.84285218e-04,3.39189952e-01,1.81253105e-05,-5.23313222e-06,6.31163020e-02,7.08115224e-08,-1.57418819e-07,-3.13628363e-14,7.20068337e-05,1.83943151e-04,5.21505321e-09,7.46542559e-07,3.42067577e-07
1.31600000e+03,4.02314567e-01,1.62050233e-05,-4.27153062e-06,5.16794538e-09,6.25949069e-05,1.64748257e-04,3.39198876e-01,1.61661806e-05,-4.17198495e-06,6.31156916e-02,3.88427560e-08,-9.95456599e-08,-3.07249042e-14,6.19578154e-05,1.64548123e-04,5.16797611e-09,6.37091802e-07,2.00133682e-07
1.31700000e+03,4.02327560e-01,1.41599288e-05,-3.30047906e-06,5.10548668e-09,5.27388727e-05,1.44441405e-04,3.39211528e-01,1.40921737e-05,-3.14350903e-06,6.31160316e-02,6.77550775e-08,-1.56970033e-07,-2.99354304e-14,5.19670064e-05,1.44171956e-04,5.10551659e-09,7.71866411e-07,2.69448578e-07
1.31800000e+03,4.02335621e-01,1.20209193e-05,-2.09147374e-06,5.06024291e-09,4.28198463e-05,1.23504094e-04,3.39220201e-01,1.19808996e-05,-1.98732061e-06,6.31154204e-02,4.00197568e-08,-1.04153134e-07,-3.06887034e-14,4.21528840e-05,1.23303665e-04,5.06027360e-09,6.66962318e-07,2.00428955e-07
1.31900000e+03,4.02348381e-01,1.00120388e-05,-1.21826495e-06,4.99544708e-09,3.35954302e-05,1.04018113e-04,3.39232623e-01,9.95060075e-06,-1.05512700e-06,6.31157573e-02,6.14380458e-08,-1.63137947e-07,-3.06323909e-14,3.28251246e-05,1.03769379e-04,4.99547772e-09,7.70305574e-07,2.48734198e-07
1.32000000e+03,4.02356170e-01,7.84182101e-06,-1.54950406e-07,4.94990711e-09,2.39425985e-05,8.32816124e-05,3.39241031e-01,7.79929049e-06,-4.89909259e-08,6.31151388e-02,4.25305189e-08,-1.05959480e-07,-3.11027270e-14,2.32686539e-05,8.30617129e-05,4.94993819e-09,6.73944577e-07,2.19899357e-07
1.32100000e+03,4.02368639e-01,5.93043556e-06,7.69942088e-07,4.88872241e-09,1.47746512e-05,6.42833858e-05,3.39253169e-01,5.86178524e-06,9.31589446e-07,6.31154710e-02,6.86502796e-08,-1.61647356e-07,-3.44345806e-14,1.39880654e-05,6.40198945e-05,4.88875684e-09,7.86585793e-07,2.63491706e-07
1.32200000e+03,4.02376201e-01,3.97979490e-06,1.92175760e-06,4.84356528e-09,5.52081112e-06,4.52759592e-05,3.39261346e-01,3.93380213e-06,2.02909864e-06,6.31148536e-02,4.59927920e-08,-1.07341042e-07,-3.85497544e-14,4.83685394e-06,4.50371225e-05,4.84360383e-09,6.83957179e-07,2.38836749e-07
1.32300000e+03,4.02388472e-01,2.18958562e-06,2.62409833e-06,4.78172640e-09,-2.15332902e-06,2.77026555e-05,3.39273286e-01,2.12307045e-06,2.79218992e-06,6.31151839e-02,6.65151701e-08,-1.68091592e-07,-4.15935868e-14,-2.96507669e-06,2.74284627e-05,4.78176800e-09,8.11747670e-07,2.74192807e-07
1.32400000e+03,4.02395781e-01,4.87253257e-07,3.53374098e-06,4.73729640e-09,-1.00943609e-05,1.04947274e-05,3.39281221e-01,4.34354379e-07,3.64230588e-06,6.31145618e-02,5.28988768e-08,-1.08564898e-07,-4.42181178e-14,-1.07751229e-05,1.02205538e-05,4.73734061e-09,6.80762002e-07,2.74173645e-07
1.32500000e+03,4.02407799e-01,-9.47632430e-07,4.17057964e-06,4.67487423e-09,-1.69752872e-05,-4.98316793e-06,3.39292910e-01,-1.02371304e-06,4.33871116e-06,6.31148882e-02,7.60806105e-08,-1.68131513e-07,-4.65087301e-14,-1.77938916e-05,-5.29100038e-06,4.67492074e-09,8.18604437e-07,3.07832448e-07
1.32600000e+03,4.02414934e-01,-2.39782950e-06,5.05355417e-06,4.63112869e-09,-2.39486546e-05,-2.03962733e-05,3.39300667e-01,-2.45737759e-06,5.16451563e-06,6.31142662e-02,5.95480878e-08,-1.10961466e-07,-5.05186335e-14,-2.46539495e-05,-2.06887474e-05,4.63117920e-09,7.05294883e-07,2.92474071e-07
1.32700000e+03,4.02426807e-01,-3.62149538e-06,5.49403541e-06,4.57277625e-09,-2.93717869e-05,-3.42365195e-05,3.39312218e-01,-3.70332293e-06,5.66640873e-06,6.31145883e-02,8.18275429e-08,-1.72373307e-07,-5.45744053e-14,-3.01948576e-05,-3.45694446e-05,4.57283083e-09,8.23070687e-07,3.32925150e-07
1.32800000e+03,4.02433779e-01,-4.80828305e-06,6.12850454e-06,4.53000165e-09,-3.51946563e-05,-4.80867348e-05,3.39319817e-01,-4.86819837e-06,6.24162223e-06,6.31139619e-02,5.99153171e-08,-1.13117703e-07,-5.81038879e-14,-3.59016231e-05,-4.83769861e-05,4.53005975e-09,7.06966877e-07,2.90251280e-07
1.32900000e+03,4.02445535e-01,-5.85375062e-06,6.51643536e-06,4.47351496e-09,-4.00686324e-05,-6.11824409e-05,3.39331253e-01,-5.94929188e-06,6.68822622e-06,6.31142841e-02,9.55412584e-08,-1.71790852e-07,-6.03163825e-14,-4.08896681e-05,-6.15636551e-05,4.47357527e-09,8.21035705e-07,3.81214368e-07
1.33000000e+03,4.02452491e-01,-6.83246905e-06,7.14335917e-06,4.43555955e-09,-4.52936068e-05,-7.39157488e-05,3.39338836e-01,-6.89351393e-06,7.25655007e-06,6.31136554e-02,6.10448581e-08,-1.13190880e-07,-6.30443126e-14,-4.59816526e-05,-7.41964578e-05,4.43562259e-09,6.88045798e-07,2.80708721e-07
1.33100000e+03,4.02464228e-01,-7.84729613e-06,7.36502147e-06,4.38081024e-09,-4.95288454e-05,-8.67384297e-05,3.39350252e-01,-7.93657789e-06,7.53820247e-06,6.31139744e-02,8.92817796e-08,-1.73180987e-07,-6.29717926e-14,-5.03262295e-05,-8.70606570e-05,4.38087322e-09,7.97383949e-07,3.22227440e-07
1.33200000e+03,4.02471106e-01,-9.01310394e-06,7.90172089e-06,4.34118275e-09,-5.47154221e-05,-1.00945645e-04,3.39357762e-01,-9.07683961e-06,8.01270316e-06,6.31133430e-02,6.37356609e-08,-1.10982288e-07,-6.26698243e-14,-5.53783747e-05,-1.01215414e-04,4.34124542e-09,6.62952517e-07,2.69769216e-07
1.33300000e+03,4.02482809e-01,-1.00108224e-05,8.15567246e-06,4.28774694e-09,-5.88958625e-05,-1.14071821e-04,3.39369147e-01,-1.01009631e-05,8.32526254e-06,6.31136608e-02,9.01407022e-08,-1.69590085e-07,-6.06300359e-14,-5.96679817e-05,-1.14387006e-04,4.28780758e-09,7.72119556e-07,3.15185537e-07
1.33400000e+03,4.02489745e-01,-1.11589525e-05,8.69572562e-06,4.25246889e-09,-6.38794744e-05,-1.27751274e-04,3.39376716e-01,-1.12206579e-05,8.80476420e-06,6.31130294e-02,6.17054286e-08,-1.09038563e-07,-5.80927076e-14,-6.45083111e-05,-1.28003977e-04,4.25252698e-09,6.28836514e-07,2.52703875e-07
1.33500000e+03,4.02501537e-01,-1.23333343e-05,8.99703392e-06,4.20201183e-09,-6.87011695e-05,-1.41655277e-04,3.39388191e-01,-1.24091348e-05,9.16769685e-06,6.31133453e-02,7.58005230e-08,-1.70662913e-07,-5.44070269e-14,-6.94555200e-05,-1.41907215e-04,4.20206624e-09,7.54350628e-07,2.51937712e-07
1.33600000e+03,4.02508547e-01,-1.37019560e-05,9.53148756e-06,4.16747551e-09,-7.40385185e-05,-1.56522037e-04,3.39395837e-01,-1.37536173e-05,9.63730349e-06,6.31127108e-02,5.16612565e-08,-1.05815939e-07,-4.98076336e-14,-7.46476399e-05,-1.56728315e-04,4.16752532e-09,6.09121459e-07,2.06277819e-07
1.33700000e+03,4.02520440e-01,-1.49524543e-05,9.87014809e-06,4.11847144e-09,-7.90146867e-05,-1.70623805e-04,3.39407411e-01,-1.50350488e-05,1.00397746e-05,6.31130267e-02,8.25945549e-08,-1.69626476e-07,-4.49344417e-14,-7.97688310e-05,-1.70894218e-04,4.11851637e-09,7.54144264e-07,2.70413317e-07
1.33800000e+03,4.02527610e-01,-1.62513505e-05,1.05018039e-05,4.08477516e-09,-8.45799930e-05,-1.85181457e-04,3.39415218e-01,-1.63062880e-05,1.06081909e-05,6.31123918e-02,5.49375713e-08,-1.06386948e-07,-4.06189811e-14,-8.51876672e-05,-1.85406164e-04,4.08481578e-09,6.07674250e-07,2.24707265e-07
1.33900000e+03,4.02539685e-01,-1.76553265e-05,1.08392959e-05,4.03851955e-09,-8.96189859e-05,-1.99887551e-04,3.39426982e-01,-1.77322139e-05,1.10135904e-05,6.31127030e-02,7.68874001e-08,-1.74294450e-07,-3.72428374e-14,-9.03945918e-05,-2.00177566e-04,4.03855679e-09,7.75606100e-07,2.90015573e-07
1.34000000e+03,4.02547030e-01,-1.91334512e-05,1.14039203e-05,4.00891776e-09,-9.51650885e-05,-2.14858243e-04,3.39434966e-01,-1.91896218e-05,1.15136619e-05,6.31120638e-02,5.61704994e-08,-1.09741591e-07,-3.37609230e-14,-9.58006784e-05,-2.15118114e-04,4.00895152e-09,6.35589579e-07,2.59870522e-07
1.34100000e+03,4.02559281e-01,-2.03988514e-05,1.17652586e-05,3.96426495e-09,-9.99693802e-05,-2.28863287e-04,3.39446910e-01,-2.04787070e-05,1.19370159e-05,6.31123723e-02,7.98555787e-08,-1.71757264e-07,-2.99083074e-14,-1.00750773e-04,-2.29164017e-04,3.96429486e-09,7.81392773e-07,3.00729473e-07
1.34200000e+03,4.02566832e-01,-2.19443739e-05,1.24346677e-05,3.93808802e-09,-1.05581261e-04,-2.44545135e-04,3.39455099e-01,-2.20060665e-05,1.25490088e-05,6.31117332e-02,6.16925733e-08,-1.14341066e-07,-2.57926642e-14,-1.06264421e-04,-2.44885491e-04,3.93811382e-09,6.83159726e-07,3.40356036e-07
1.34300000e+03,4.02579301e-01,-2.32528790e-05,1.26931609e-05,3.89495766e-09,-1.09737500e-04,-2.57911249e-04,3.39467261e-01,-2.33316481e-05,1.28718726e-05,6.31120393e-02,7.87690716e-08,-1.78711714e-07,-2.27086074e-14,-1.10565353e-04,-2.58260863e-04,3.89498037e-09,8.27852848e-07,3.49614542e-07
1.34400000e+03,4.02587031e-01,-2.46511105e-05,1.32213112e-05,3.87090750e-09,-1.14486947e-04,-2.71888043e-04,3.39475637e-01,-2.47186079e-05,1.33371238e-05,6.31113947e-02,6.74973584e-08,-1.15812608e-07,-2.00116081e-14,-1.15176476e-04,-2.72259379e-04,3.87092751e-09,6.89529391e-07,3.71335498e-07
1.34500000e+03,4.02599640e-01,-2.57802019e-05,1.35140474e-05,3.83142297e-09,-1.18734474e-04,-2.84644313e-04,3.39487939e-01,-2.58734614e-05,1.36952036e-05,6.31116989e-02,9.32595159e-08,-1.81156240e-07,-1.89893360e-14,-1.19593973e-04,-2.85093129e-04,3.83144195e-09,8.59498402e-07,4.48815846e-07
1.34600000e+03,4.02607486e-01,-2.69737367e-05,1.40187620e-05,3.80774256e-09,-1.22856639e-04,-2.96587062e-04,3.39496430e-01,-2.70497012e-05,1.41371860e-05,6.31110574e-02,7.59644513e-08,-1.18423952e-07,-1.78447789e-14,-1.23573662e-04,-2.97057280e-04,3.80776040e-09,7.17023357e-07,4.70218853e-07
1.34700000e+03,4.02620227e-01,-2.79128600e-05,1.42336093e-05,3.76885140e-09,-1.26223607e-04,-3.06649700e-04,3.39508868e-01,-2.80103158e-05,1.44188383e-05,6.31113605e-02,9.74557785e-08,-1.85228923e-07,-1.82244290e-14,-1.27118228e-04,-3.07188052e-04,3.76886962e-09,8.94621397e-07,5.38352772e-07
1.34800000e+03,4.02628191e-01,-2.88351114e-05,1.45741659e-05,3.74856976e-09,-1.29295642e-04,-3.15879944e-04,3.39517477e-01,-2.89130651e-05,1.46962292e-05,6.31107151e-02,7.79537034e-08,-1.22063332e-07,-1.80308990e-14,-1.30041173e-04,-3.16428092e-04,3.74858779e-09,7.45531677e-07,5.48148355e-07
1.34900000e+03,4.02640990e-01,-2.95084740e-05,1.46619866e-05,3.71307089e-09,-1.31530408e-04,-3.23106589e-04,3.39529974e-01,-2.96196509e-05,1.48509965e-05,6.31110158e-02,1.11176973e-07,-1.89009807e-07,-1.83142604e-14,-1.32460168e-04,-3.23773014e-04,3.71308920e-09,9.29760212e-07,6.66424681e-07
1.35000000e+03,4.02648965e-01,-2.99694915e-05,1.48478748e-05,3.69020847e-09,-1.32961859e-04,-3.27963629e-04,3.39538593e-01,-3.00523451e-05,1.49715614e-05,6.31103731e-02,8.28535509e-08,-1.23686610e-07,-1.98799927e-14,-1.33741566e-04,-3.28613243e-04,3.69022834e-09,7.79706779e-07,6.49613630e-07
1.35100000e+03,4.02661772e-01,-3.03425292e-05,1.47620093e-05,3.65164348e-09,-1.33510248e-04,-3.31538959e-04,3.39551097e-01,-3.04478253e-05,1.49543265e-05,6.31106750e-02,1.05296094e-07,-1.92317207e-07,-2.15087935e-14,-1.34462932e-04,-3.32252013e-04,3.65166499e-09,9.52683223e-07,7.13054424e-07
1.35200000e+03,4.02669748e-01,-3.05882651e-05,1.47915816e-05,3.63298199e-09,-1.33718404e-04,-3.33681577e-04,3.39559721e-01,-3.06693750e-05,1.49168355e-05,6.31100280e-02,8.11099088e-08,-1.25253951e-07,-2.39141969e-14,-1.34519976e-04,-3.34371967e-04,3.63300591e-09,8.01572063e-07,6.90389897e-07
1.35300000e+03,4.02682485e-01,-3.06342357e-05,1.45728662e-05,3.59620483e-09,-1.32853060e-04,-3.34156991e-04,3.39572158e-01,-3.07516816e-05,1.47640226e-05,6.31103276e-02,1.17445842e-07,-1.91156355e-07,-2.58203062e-14,-1.33834317e-04,-3.34969605e-04,3.59623065e-09,9.81257314e-07,8.12613117e-07
1.35400000e+03,4.02690343e-01,-3.04801595e-05,1.45077838e-05,3.57361270e-09,-1.31374355e-04,-3.32439762e-04,3.39580659e-01,-3.05660762e-05,1.46337533e-05,6.31096822e-02,8.59166653e-08,-1.25969511e-07,-2.84821725e-14,-1.32210419e-04,-3.33240702e-04,3.57364118e-09,8.36064384e-07,8.00940144e-07
1.35500000e+03,4.02702956e-01,-3.02055214e-05,1.41442098e-05,3.53427782e-09,-1.28992591e-04,-3.29051951e-04,3.39592974e-01,-3.03207749e-05,1.43358139e-05,6.31099833e-02,1.15253591e-07,-1.91604106e-07,-3.04680953e-14,-1.29995021e-04,-3.29947276e-04,3.53430829e-09,1.00243054e-06,8.95324947e-07
1.35600000e+03,4.02710662e-01,-2.97472242e-05,1.39660834e-05,3.51086960e-09,-1.26457399e-04,-3.23922837e-04,3.39601327e-01,-2.98359310e-05,1.40888318e-05,6.31093359e-02,8.87067637e-08,-1.22748322e-07,-3.25509256e-14,-1.27301150e-04,-3.24768474e-04,3.51090215e-09,8.43750617e-07,8.45637717e-07
1.35700000e+03,4.02723100e-01,-2.91058894e-05,1.35337373e-05,3.47280737e-09,-1.22765944e-04,-3.17352873e-04,3.39613465e-01,-2.92211057e-05,1.37209341e-05,6.31096339e-02,1.15216371e-07,-1.87196842e-07,-3.51377283e-14,-1.23757226e-04,-3.18267812e-04,3.47284251e-09,9.91281820e-07,9.14939500e-07
1.35800000e+03,4.02730620e-01,-2.83915072e-05,1.33482281e-05,3.44867793e-09,-1.19374083e-04,-3.09503687e-04,3.39621630e-01,-2.84785302e-05,1.34703871e-05,6.31089885e-02,8.70230626e-08,-1.22159004e-07,-3.89467003e-14,-1.20219651e-04,-3.10406564e-04,3.44871688e-09,8.45568518e-07,9.02876870e-07
1.35900000e+03,4.02742870e-01,-2.74758868e-05,1.28337292e-05,3.40924670e-09,-1.14963273e-04,-2.99880815e-04,3.39633581e-01,-2.75877193e-05,1.30228572e-05,6.31092877e-02,1.11832545e-07,-1.89128025e-07,-4.08139703e-14,-1.15963669e-04,-3.00859935e-04,3.40928752e-09,1.00039540e-06,9.79120560e-07
1.36000000e+03,4.02750196e-01,-2.64594523e-05,1.24923488e-05,3.38557451e-09,-1.10466541e-04,-2.88851167e-04,3.39641558e-01,-2.65429900e-05,1.26097886e-05,6.31086380e-02,8.35377109e-08,-1.17439707e-07,-4.28127401e-14,-1.11290389e-04,-2.89764038e-04,3.38561733e-09,8.23848489e-07,9.12870565e-07
1.36100000e+03,4.02762268e-01,-2.53172680e-05,1.19792386e-05,3.34678845e-09,-1.05511061e-04,-2.77076015e-04,3.39653334e-01,-2.54259055e-05,1.21597512e-05,6.31089341e-02,1.08637550e-07,-1.80512609e-07,-4.48782126e-14,-1.06473397e-04,-2.78052155e-04,3.34683333e-09,9.62336575e-07,9.76139859e-07
1.36200000e+03,4.02769422e-01,-2.41675950e-05,1.17321119e-05,3.32065267e-09,-1.01028217e-04,-2.64639932e-04,3.39661138e-01,-2.42455444e-05,1.18433017e-05,6.31082832e-02,7.79494665e-08,-1.11189811e-07,-4.72350689e-14,-1.01834283e-04,-2.65569017e-04,3.32069991e-09,8.06066319e-07,9.29085265e-07
1.36300000e+03,4.02781292e-01,-2.29813576e-05,1.12258595e-05,3.27929663e-09,-9.56930816e-05,-2.51579193e-04,3.39672717e-01,-2.30765663e-05,1.14053894e-05,6.31085750e-02,9.52086547e-08,-1.79529915e-07,-5.00508406e-14,-9.66449490e-05,-2.52528351e-04,3.27934668e-09,9.51867699e-07,9.49158223e-07
1.36400000e+03,4.02788248e-01,-2.19060541e-05,1.08740814e-05,3.25288697e-09,-9.06830606e-05,-2.38657952e-04,3.39680330e-01,-2.19731231e-05,1.09807127e-05,6.31079191e-02,6.70690062e-08,-1.06631280e-07,-5.28369620e-14,-9.14545758e-05,-2.39529713e-04,3.25293981e-09,7.71515565e-07,8.71761157e-07
1.36500000e+03,4.02799957e-01,-2.07603633e-05,1.04314976e-05,3.21220722e-09,-8.57467495e-05,-2.25949703e-04,3.39691749e-01,-2.08425984e-05,1.06024190e-05,6.31082070e-02,8.22351615e-08,-1.70921456e-07,-5.46140999e-14,-8.66482631e-05,-2.26815564e-04,3.21226183e-09,9.01513605e-07,8.65861435e-07
1.36600000e+03,4.02806773e-01,-1.95485054e-05,1.01760963e-05,3.18671856e-09,-8.08375172e-05,-2.12127739e-04,3.39699228e-01,-1.95802625e-05,1.02728363e-05,6.31075448e-02,3.17570419e-08,-9.67399273e-08,-5.64981247e-14,-8.15485132e-05,-2.12822913e-04,3.18677505e-09,7.10995750e-07,6.95174397e-07
1.36700000e+03,4.02818343e-01,-1.86451823e-05,9.77369880e-06,3.14506237e-09,-7.61264495e-05,-1.99913557e-04,3.39710514e-01,-1.86977005e-05,9.93894916e-06,6.31078273e-02,5.25182611e-08,-1.65250376e-07,-5.77792112e-14,-7.69831852e-05,-2.00629794e-04,3.14512015e-09,8.56735546e-07,7.16235921e-07
1.36800000e+03,4.02825023e-01,-1.77092063e-05,9.48959104e-06,3.11907115e-09,-7.16460939e-05,-1.87465670e-04,3.39717863e-01,-1.77260901e-05,9.57309190e-06,6.31071601e-02,1.68837071e-08,-8.35008739e-08,-5.74587857e-14,-7.22756041e-05,-1.88057406e-04,3.11912861e-09,6.29510551e-07,5.91736416e-07
1.36900000e+03,4.02836480e-01,-1.66785195e-05,9.23302360e-06,3.07803284e-09,-6.76283493e-05,-1.75066939e-04,3.39729043e-01,-1.67126316e-05,9.37854714e-06,6.31074374e-02,3.41120436e-08,-1.45523560e-07,-5.70404060e-14,-6.83690957e-05,-1.75649149e-04,3.07808988e-09,7.40746301e-07,5.82209811e-07
1.37000000e+03,4.02843063e-01,-1.56214919e-05,9.15448091e-06,3.05071172e-09,-6.40545035e-05,-1.62196334e-04,3.39736295e-01,-1.56105604e-05,9.22604556e-06,6.31067687e-02,-1.09314725e-08,-7.15646606e-08,-5.51564080e-14,-6.46002993e-05,-1.62624066e-04,3.05076688e-09,5.45795882e-07,4.27731126e-07
1.37100000e+03,4.02854430e-01,-1.47927510e-05,8.91935995e-06,3.00904650e-09,-6.06672305e-05,-1.50772239e-04,3.39747384e-01,-1.48012468e-05,9.05859805e-06,6.31070441e-02,8.49581129e-09,-1.39238086e-07,-5.37657912e-14,-6.13449475e-05,-1.51209600e-04,3.00910026e-09,6.77717173e-07,4.37361352e-07
1.37200000e+03,4.02860915e-01,-1.38038834e-05,8.82058527e-06,2.98144032e-09,-5.73331863e-05,-1.38616915e-04,3.39754546e-01,-1.37735801e-05,8.88409095e-06,6.31063711e-02,-3.03032574e-08,-6.35057141e-08,-5.25424087e-14,-5.78092384e-05,-1.38878666e-04,2.98149286e-09,4.76051993e-07,2.61750783e-07
1.37300000e+03,4.02872182e-01,-1.28263736e-05,8.55217993e-06,2.93801746e-09,-5.38163628e-05,-1.27315049e-04,3.39765540e-01,-1.28131251e-05,8.68197997e-06,6.31066430e-02,-1.32484835e-08,-1.29800026e-07,-5.11876730e-14,-5.44225271e-05,-1.27537206e-04,2.93806864e-09,6.06163973e-07,2.22156800e-07
1.37400000e+03,4.02878648e-01,-1.18446886e-05,8.43979464e-06,2.91303110e-09,-5.04432483e-05,-1.16055622e-04,3.39772680e-01,-1.17747303e-05,8.48994717e-06,6.31059661e-02,-6.99582723e-08,-5.01525249e-08,-4.73863190e-14,-5.08065372e-05,-1.16047574e-04,2.91307849e-09,3.63288884e-07,-8.04859173e-09
1.37500000e+03,4.02889926e-01,-1.11061393e-05,8.27103647e-06,2.87241150e-09,-4.77997984e-05,-1.06273524e-04,3.39783697e-01,-1.10517171e-05,8.39579933e-06,6.31062303e-02,-5.44221229e-08,-1.24762844e-07,-4.30834045e-14,-4.83293287e-05,-1.06193079e-04,2.87245458e-09,5.29530242e-07,-8.04452311e-08
1.37600000e+03,4.02896372e-01,-1.04121923e-05,8.12360775e-06,2.84628891e-09,-4.49275245e-05,-9.76244037e-05,3.39790823e-01,-1.03254184e-05,8.17423054e-06,6.31055467e-02,-8.67738753e-08,-5.06227676e-08,-3.99631053e-14,-4.52684058e-05,-9.74265908e-05,2.84632887e-09,3.40881288e-07,-1.97812704e-07
1.37700000e+03,4.02907611e-01,-9.53413295e-06,7.73676541e-06,2.80559618e-09,-4.12110178e-05,-8.81680872e-05,3.39801805e-01,-9.46117377e-06,7.85746877e-06,6.31058082e-02,-7.29591622e-08,-1.20703373e-07,-3.60040317e-14,-4.17018523e-05,-8.79031351e-05,2.80563218e-09,4.90834483e-07,-2.64952445e-07
1.37800000e+03,4.02914050e-01,-8.88844347e-06,7.52821287e-06,2.78153267e-09,-3.77602762e-05,-8.04403302e-05,3.39808925e-01,-8.78612061e-06,7.56659255e-06,6.31051227e-02,-1.02322856e-07,-3.83797011e-08,-3.23302698e-14,-3.80081252e-05,-8.01124255e-05,2.78156500e-09,2.47848987e-07,-3.27905112e-07
1.37900000e+03,4.02925320e-01,-8.17500795e-06,7.23159571e-06,2.74306832e-09,-3.49373813e-05,-7.20808227e-05,3.39819938e-01,-8.10319474e-06,7.35308032e-06,6.31053810e-02,-7.18132079e-08,-1.21484601e-07,-2.80331854e-14,-3.53735292e-05,-7.17865345e-05,2.74309635e-09,4.36147929e-07,-2.94288054e-07
1.38000000e+03,4.02931759e-01,-7.34502065e-06,6.86918370e-06,2.71791624e-09,-3.16963516e-05,-6.37936168e-05,3.39827065e-01,-7.23384837e-06,6.91099782e-06,6.31046940e-02,-1.11172279e-07,-4.18141317e-08,-2.37737554e-14,-3.19209662e-05,-6.33771225e-05,2.71794001e-09,2.24614508e-07,-4.16494358e-07
1.38100000e+03,4.02942986e-01,-6.44885007e-06,6.46295468e-06,2.67833134e-09,-2.82159530e-05,-5.50087849e-05,3.39838036e-01,-6.37466725e-06,6.57640767e-06,6.31049496e-02,-7.41828126e-08,-1.13452983e-07,-2.05691207e-14,-2.85880999e-05,-5.46414393e-05,2.67835191e-09,3.72146879e-07,-3.67345712e-07
1.38200000e+03,4.02949401e-01,-5.53587139e-06,6.23734398e-06,2.65399333e-09,-2.52992621e-05,-4.63902289e-05,3.39845137e-01,-5.41953603e-06,6.27832451e-06,6.31042629e-02,-1.16335361e-07,-4.09805310e-08,-1.88812205e-14,-2.54984558e-05,-4.58524941e-05,2.65401221e-09,1.99193583e-07,-5.37734717e-07
1.38300000e+03,4.02960621e-01,-4.66132417e-06,5.77295340e-06,2.61628396e-09,-2.20017963e-05,-3.81934388e-05,3.39856104e-01,-4.57151966e-06,5.89346407e-06,6.31045173e-02,-8.98045038e-08,-1.20510669e-07,-1.80015702e-14,-2.23656263e-05,-3.76892236e-05,2.61630196e-09,3.63829960e-07,-5.04215304e-07
1.38400000e+03,4.02966974e-01,-3.74128418e-06,5.37910163e-06,2.59089152e-09,-1.86387921e-05,-2.98863856e-05,3.39863142e-01,-3.63115223e-06,5.43082275e-06,6.31038303e-02,-1.10131948e-07,-5.17211146e-08,-1.59247843e-14,-1.88764114e-05,-2.93685955e-05,2.59090744e-09,2.37619223e-07,-5.17790058e-07
1.38500000e+03,4.02978116e-01,-2.50892270e-06,4.72471034e-06,2.55336791e-09,-1.37743428e-05,-1.95322088e-05,3.39874027e-01,-2.42648321e-06,4.83738336e-06,6.31040882e-02,-8.24394895e-08,-1.12673010e-07,-1.34350476e-14,-1.40797611e-05,-1.90146858e-05,2.55338134e-09,3.05418310e-07,-5.17523044e-07
1.38600000e+03,4.02984430e-01,-1.47609978e-06,4.52199177e-06,2.52706551e-09,-1.12533300e-05,-1.07280117e-05,3.39881026e-01,-1.38373211e-06,4.57312334e-06,6.31034028e-02,-9.23676721e-08,-5.11315678e-08,-1.17318153e-14,-1.14572567e-05,-1.02966077e-05,2.52707724e-09,2.03926637e-07,-4.31404052e-07
1.38700000e+03,4.02995525e-01,-2.05666248e-08,3.92300097e-06,2.49028047e-09,-7.07450496e-06,1.17945422e-06,3.39891865e-01,5.96454784e-08,4.05280544e-06,6.31036622e-02,-8.02121034e-08,-1.29804469e-07,-9.89726649e-15,-7.45340437e-06,1.67144074e-06,2.49029037e-09,3.78899391e-07,-4.91986522e-07
1.38800000e+03,4.03001758e-01,1.15792469e-06,3.29242462e-06,2.46415034e-09,-2.18331157e-06,1.13301360e-05,3.39898777e-01,1.23595737e-06,3.35192110e-06,6.31029795e-02,-7.80326814e-08,-5.94964823e-08,-9.68772679e-15,-2.41865379e-06,1.16976871e-05,2.46416003e-09,2.35342216e-07,-3.67551064e-07
1.38900000e+03,4.03012744e-01,2.83058435e-06,2.61147409e-06,2.42420490e-09,2.88678845e-06,2.44431811e-05,3.39909495e-01,2.87706439e-06,2.74476397e-06,6.31032475e-02,-4.64800412e-08,-1.33289879e-07,-8.57268475e-15,2.46392851e-06,2.47482773e-05,2.42421347e-09,4.22859934e-07,-3.05096255e-07
1.39000000e+03,4.03018867e-01,4.45985086e-06,2.18697921e-06,2.39693935e-09,7.31848712e-06,3.76140562e-05,3.39916296e-01,4.51642215e-06,2.25199086e-06,6.31025722e-02,-5.65713083e-08,-6.50116559e-08,-9.24406063e-15,7.02989702e-06,3.78288626e-05,2.39694859e-09,2.88590094e-07,-2.14806369e-07
1.39100000e+03,4.03029749e-01,6.18145991e-06,1.43937526e-06,2.35551916e-09,1.27156381e-05,5.15323077e-05,3.39926901e-01,6.21407550e-06,1.59248575e-06,6.31028472e-02,-3.26155931e-08,-1.53110498e-07,-9.40898675e-15,1.21826676e-05,5.17027745e-05,2.35552857e-09,5.32970486e-07,-1.70467128e-07
1.39200000e+03,4.03035744e-01,7.72215027e-06,7.56448779e-07,2.32580072e-09,1.84267260e-05,6.43953821e-05,3.39933563e-01,7.75274882e-06,8.33315143e-07,6.31021789e-02,-3.05985718e-08,-7.68663649e-08,-9.89297680e-15,1.80753027e-05,6.44306486e-05,2.32581061e-09,3.51423300e-07,-3.52661894e-08
1.39300000e+03,4.03046500e-01,9.74288304e-06,4.96671274e-08,2.28356757e-09,2.40153788e-05,8.01085157e-05,3.39944042e-01,9.75078508e-06,2.22089624e-07,6.31024578e-02,-7.90203075e-09,-1.72422497e-07,-1.07684363e-14,2.32966795e-05,8.01109535e-05,2.28357834e-09,7.18699231e-07,-2.43782770e-09
1.39400000e+03,4.03052387e-01,1.12665213e-05,-7.24745210e-07,2.25304497e-09,3.13306263e-05,9.30408514e-05,3.39950588e-01,1.12713370e-05,-6.31916670e-07,6.31017972e-02,-4.81574388e-09,-9.28285370e-08,-1.20726917e-14,3.08370049e-05,9.28700233e-05,2.25305704e-09,4.93621314e-07,1.70828392e-07
1.39500000e+03,4.03063007e-01,1.30142427e-05,-1.43951902e-06,2.20850188e-09,3.68986247e-05,1.07923901e-04,3.39960927e-01,1.30001086e-05,-1.25841498e-06,6.31020816e-02,1.41340922e-08,-1.81104033e-07,-1.20646603e-14,3.61438037e-05,1.07728619e-04,2.20851394e-09,7.54820956e-07,1.95281757e-07
1.39600000e+03,4.03068707e-01,1.43466775e-05,-2.07021851e-06,2.17287535e-09,4.29321954e-05,1.20116670e-04,3.39967282e-01,1.43299451e-05,-1.96329049e-06,6.31014222e-02,1.67324661e-08,-1.06928016e-07,-1.26162412e-14,4.23339034e-05,1.19760605e-04,2.17288796e-09,5.98291933e-07,3.56064277e-07
1.39700000e+03,4.03079152e-01,1.58711128e-05,-2.75763861e-06,2.12666559e-09,4.87950928e-05,1.33618924e-04,3.39977447e-01,1.58322893e-05,-2.56974694e-06,6.31017073e-02,3.88235861e-08,-1.87891672e-07,-1.36058913e-14,4.79349022e-05,1.33235109e-04,2.12667919e-09,8.60190529e-07,3.83814831e-07
1.39800000e+03,4.03084723e-01,1.69585948e-05,-3.24945234e-06,2.09546247e-09,5.47046624e-05,1.44822178e-04,3.39983677e-01,1.69344760e-05,-3.13563173e-06,6.31010468e-02,2.41188419e-08,-1.13820617e-07,-1.43843693e-14,5.40380703e-05,1.44375012e-04,2.09547685e-09,6.66592209e-07,4.47165935e-07
1.39900000e+03,4.03095052e-01,1.79184389e-05,-3.72864026e-06,2.04807422e-09,5.91840346e-05,1.55611633e-04,3.39993724e-01,1.78802698e-05,-3.52915863e-06,6.31013276e-02,3.81691279e-08,-1.99481624e-07,-1.60025372e-14,5.82639383e-05,1.55162830e-04,2.04809022e-09,9.20096749e-07,4.48802932e-07
1.40000000e+03,4.03100452e-01,1.85146061e-05,-4.10318622e-06,2.01405921e-09,6.37074515e-05,1.64050674e-04,3.39999789e-01,1.84908843e-05,-3.98684713e-06,6.31006643e-02,2.37218140e-08,-1.16339073e-07,-1.57211141e-14,6.29956161e-05,1.63586620e-04,2.01407493e-09,7.11835369e-07,4.64053060e-07
1.40100000e+03,4.03110567e-01,1.91659634e-05,-4.37447570e-06,1.96572416e-09,6.72873477e-05,1.72175344e-04,3.40009622e-01,1.91210978e-05,-4.18824707e-06,6.31009448e-02,4.48655864e-08,-1.86228636e-07,-1.56362490e-14,6.64095929e-05,1.71682290e-04,1.96573980e-09,8.77755146e-07,4.93053776e-07
1.40200000e+03,4.03115811e-01,1.95253685e-05,-4.25532537e-06,1.93090184e-09,6.95047416e-05,1.78871156e-04,3.40015532e-01,1.95011124e-05,-4.14031079e-06,6.31002773e-02,2.42561312e-08,-1.15014564e-07,-1.56838985e-14,6.88058860e-05,1.78368379e-04,1.93091752e-09,6.98855532e-07,5.02777981e-07
1.40300000e+03,4.03125832e-01,1.97698170e-05,-4.24963819e-06,1.88449283e-09,7.10164222e-05,1.84601631e-04,3.40025280e-01,1.97297531e-05,-4.05486359e-06,6.31005519e-02,4.00639243e-08,-1.94774582e-07,-1.50110896e-14,7.00939430e-05,1.84094149e-04,1.88450784e-09,9.22479139e-07,5.07482243e-07
1.40400000e+03,4.03130972e-01,1.98685129e-05,-4.16035071e-06,1.85134184e-09,7.27468740e-05,1.89420041e-04,3.40031094e-01,1.98515050e-05,-4.05551701e-06,6.30998789e-02,1.70079865e-08,-1.04833685e-07,-1.44856325e-14,7.21244515e-05,1.88966242e-04,1.85135633e-09,6.22422357e-07,4.53799629e-07
1.40500000e+03,4.03140814e-01,2.00274528e-05,-3.87759994e-06,1.80354739e-09,7.24369665e-05,1.93675229e-04,3.40040665e-01,1.99927243e-05,-3.69997011e-06,6.31001493e-02,3.47285602e-08,-1.77629829e-07,-1.67590220e-14,7.16089824e-05,1.93210631e-04,1.80356415e-09,8.27984293e-07,4.64597275e-07
1.40600000e+03,4.03145767e-01,1.99097223e-05,-3.53759003e-06,1.76621079e-09,7.29333622e-05,1.96706561e-04,3.40046290e-01,1.99036188e-05,-3.44575172e-06,6.30994755e-02,6.10348844e-09,-9.18383117e-08,-1.75585430e-14,7.23833050e-05,1.96310714e-04,1.76622835e-09,5.50057208e-07,3.95847940e-07
1.40700000e+03,4.03155512e-01,1.98515405e-05,-3.21453792e-06,1.71977307e-09,7.21043744e-05,1.99555649e-04,3.40055773e-01,1.98187928e-05,-3.04772225e-06,6.30997404e-02,3.27476690e-08,-1.66815675e-07,-1.68720563e-14,7.13907033e-05,1.99106321e-04,1.71978993e-09,7.13670767e-07,4.49328421e-07
1.40800000e+03,4.03160410e-01,1.98796515e-05,-2.75367158e-06,1.68674207e-09,7.08989858e-05,2.03076939e-04,3.40061353e-01,1.98880077e-05,-2.66294064e-06,6.30990557e-02,-8.35617069e-09,-9.07309360e-08,-1.50617859e-14,7.03851803e-05,2.02809640e-04,1.68675713e-09,5.13805404e-07,2.67298706e-07
1.40900000e+03,4.03170085e-01,1.97943355e-05,-2.54387138e-06,1.64360069e-09,7.06210350e-05,2.05114406e-04,3.40070773e-01,1.97864587e-05,-2.39010953e-06,6.30993113e-02,7.87678742e-09,-1.53761850e-07,-1.36439471e-14,7.00037127e-05,2.04857288e-04,1.64361434e-09,6.17322584e-07,2.57118211e-07
1.41000000e+03,4.03174913e-01,1.96130102e-05,-2.10590775e-06,1.60957817e-09,6.96682388e-05,2.07318246e-04,3.40076293e-01,1.96280650e-05,-2.01577663e-06,6.30986215e-02,-1.50547775e-08,-9.01311218e-08,-1.25912939e-14,6.91822027e-05,2.07114578e-04,1.60959076e-09,4.86035877e-07,2.03668504e-07
1.41100000e+03,4.03184561e-01,1.96602834e-05,-2.12346720e-06,1.56322260e-09,7.06090717e-05,2.10537560e-04,3.40085684e-01,1.96628199e-05,-1.97993987e-06,6.30988760e-02,-2.53650273e-09,-1.43527325e-07,-1.15526597e-14,7.01147253e-05,2.10351031e-04,1.56323415e-09,4.94346421e-07,1.86529227e-07
1.41200000e+03,4.03189401e-01,1.97325518e-05,-1.86783804e-06,1.52898958e-09,7.02460580e-05,2.14761651e-04,3.40091220e-01,1.97580934e-05,-1.78476699e-06,6.30981819e-02,-2.55416410e-08,-8.30710493e-08,-1.01969064e-14,6.98467017e-05,2.14653580e-04,1.52899978e-09,3.99356329e-07,1.08071199e-07
1.41300000e+03,4.03199076e-01,2.01834672e-05,-1.98483541e-06,1.48786625e-09,7.16161300e-05,2.20522235e-04,3.40100643e-01,2.01911615e-05,-1.84411556e-06,6.30984344e-02,-7.69437132e-09,-1.40719849e-07,-9.14591484e-15,7.11389677e-05,2.20405955e-04,1.48787540e-09,4.77162176e-07,1.16279906e-07
1.41400000e+03,4.03203966e-01,2.05224152e-05,-1.72771977e-06,1.45448756e-09,7.18204238e-05,2.26445476e-04,3.40106225e-01,2.05351588e-05,-1.63749339e-06,6.30977431e-02,-1.27435666e-08,-9.02263844e-08,-7.80173280e-15,7.13985244e-05,2.26256960e-04,1.45449536e-09,4.21899502e-07,1.88516087e-07
1.41500000e+03,4.03213700e-01,2.13294525e-05,-2.20953011e-06,1.41226782e-09,7.53066745e-05,2.35237649e-04,3.40115705e-01,2.13369076e-05,-2.05581777e-06,6.30979963e-02,-7.45507527e-09,-1.53712342e-07,-6.90067247e-15,7.47724491e-05,2.35087169e-04,1.41227472e-09,5.34225536e-07,1.50480152e-07
1.41600000e+03,4.03218641e-01,2.18627898e-05,-2.45440389e-06,1.37775347e-09,7.84293902e-05,2.42902525e-04,3.40121332e-01,2.18588929e-05,-2.36285942e-06,6.30973097e-02,3.89690533e-09,-9.15444691e-08,-5.14527307e-15,7.80074208e-05,2.42608152e-04,1.37775861e-09,4.21969828e-07,2.94373572e-07
1.41700000e+03,4.03228413e-01,2.30779005e-05,-2.86507684e-06,1.33688755e-09,8.19088858e-05,2.53805523e-04,3.40130848e-01,2.30553285e-05,-2.70201550e-06,6.30975669e-02,2.25719704e-08,-1.63061341e-07,-3.02236324e-15,8.12953780e-05,2.53489871e-04,1.33689057e-09,6.13507913e-07,3.15652151e-07
1.41800000e+03,4.03233420e-01,2.40809121e-05,-3.19636520e-06,1.30269564e-09,8.60798133e-05,2.63864709e-04,3.40136537e-01,2.40681747e-05,-3.08712587e-06,6.30968841e-02,1.27374156e-08,-1.09239330e-07,5.85553195e-16,8.55179149e-05,2.63502688e-04,1.30269505e-09,5.61898229e-07,3.62021385e-07
1.41900000e+03,4.03243239e-01,2.52129387e-05,-4.00233725e-06,1.26025907e-09,9.21355097e-05,2.74447084e-04,3.40146098e-01,2.51931395e-05,-3.81443537e-06,6.30971412e-02,1.97991600e-08,-1.87901864e-07,2.71697632e-15,9.13717464e-05,2.74136676e-04,1.26025636e-09,7.63763187e-07,3.10408981e-07
1.42000000e+03,4.03248262e-01,2.60560873e-05,-4.59250058e-06,1.22318146e-09,9.76012922e-05,2.83225494e-04,3.40151798e-01,2.60419134e-05,-4.46806295e-06,6.30964632e-02,1.41738942e-08,-1.24437607e-07,4.28148305e-15,9.69416701e-05,2.82882066e-04,1.22317717e-09,6.59622292e-07,3.43427849e-07
1.42100000e+03,4.03258112e-01,2.73549332e-05,-5.45988512e-06,1.18071709e-09,1.04005174e-04,2.93442596e-04,3.40161390e-01,2.73268153e-05,-5.27174415e-06,6.30967238e-02,2.81179142e-08,-1.88140965e-07,5.76924837e-15,1.03233871e-04,2.93129461e-04,1.18071132e-09,7.71302097e-07,3.13134830e-07
1.42200000e+03,4.03263197e-01,2.81885994e-05,-6.02264523e-06,1.14036726e-09,1.09289255e-04,3.01121881e-04,3.40167150e-01,2.81733593e-05,-5.88776265e-06,6.30960453e-02,1.52401009e-08,-1.34882605e-07,8.81594671e-15,1.08561347e-04,3.00797088e-04,1.14035844e-09,7.27908189e-07,3.24792460e-07
1.42300000e+03,4.03273055e-01,2.91939824e-05,-6.91876805e-06,1.09509152e-09,1.15562287e-04,3.09326646e-04,3.40176745e-01,2.91834415e-05,-6.72270609e-06,6.30963087e-02,1.05409170e-08,-1.96061966e-07,1.06321480e-14,1.14756056e-04,3.09132344e-04,1.09508089e-09,8.06231148e-07,1.94301257e-07
1.42400000e+03,4.03278066e-01,2.96645314e-05,-7.39633994e-06,1.04721602e-09,1.19606575e-04,3.14117524e-04,3.40182434e-01,2.96418262e-05,-7.26242286e-06,6.30956333e-02,2.27052929e-08,-1.33917080e-07,1.20710793e-14,1.18921349e-04,3.13795923e-04,1.04720395e-09,6.85226001e-07,3.21600792e-07
1.42500000e+03,4.03287865e-01,3.06700231e-05,-8.08628084e-06,1.00126709e-09,1.24114107e-04,3.20805799e-04,3.40191969e-01,3.06434791e-05,-7.90244227e-06,6.30958975e-02,2.65440239e-08,-1.83838558e-07,1.44355772e-14,1.23402193e-04,3.20578278e-04,1.00125266e-09,7.11913434e-07,2.27520170e-07
1.42600000e+03,4.03292849e-01,3.10728042e-05,-8.33808785e-06,9.52738286e-10,1.26271776e-04,3.23995346e-04,3.40197631e-01,3.10561830e-05,-8.20660146e-06,6.30952194e-02,1.66212454e-08,-1.31486370e-07,1.54020550e-14,1.25633223e-04,3.23722666e-04,9.52722885e-10,6.38552710e-07,2.72679672e-07
1.42700000e+03,4.03302621e-01,3.15040626e-05,-8.85806492e-06,9.05283473e-10,1.28783957e-04,3.26715658e-04,3.40207138e-01,3.14849695e-05,-8.66885787e-06,6.30954828e-02,1.90930407e-08,-1.89207055e-07,1.62035777e-14,1.28091836e-04,3.26564684e-04,9.05267270e-10,6.92120528e-07,1.50974091e-07
1.42800000e+03,4.03307543e-01,3.15022938e-05,-8.99510649e-06,8.55596384e-10,1.29552871e-04,3.26149135e-04,3.40212741e-01,3.14790548e-05,-8.86901088e-06,6.30948028e-02,2.32389470e-08,-1.26095589e-07,1.71544358e-14,1.28990045e-04,3.25891385e-04,8.55579228e-10,5.62826417e-07,2.57749752e-07
1.42900000e+03,4.03317241e-01,3.18533648e-05,-9.14314382e-06,8.08754204e-10,1.29147258e-04,3.26526891e-04,3.40222178e-01,3.18218131e-05,-8.95202875e-06,6.30950638e-02,3.15516322e-08,-1.91115045e-07,1.74690155e-14,1.28446708e-04,3.26365802e-04,8.08736731e-10,7.00550503e-07,1.61088941e-07
1.43000000e+03,4.03322128e-01,3.15084986e-05,-9.06084114e-06,7.58546897e-10,1.28363248e-04,3.22651311e-04,3.40227743e-01,3.14986486e-05,-8.93721081e-06,6.30943830e-02,9.85009417e-09,-1.23630358e-07,1.66340722e-14,1.27849202e-04,3.22553341e-04,7.58530261e-10,5.14045565e-07,9.79694508e-08
1.43100000e+03,4.03331772e-01,3.09790345e-05,-9.01743133e-06,7.08221597e-10,1.26004391e-04,3.16249394e-04,3.40237130e-01,3.09552388e-05,-8.81783040e-06,6.30946401e-02,2.37956656e-08,-1.99600921e-07,1.63097381e-14,1.25291276e-04,3.16185415e-04,7.08205286e-10,7.13115347e-07,6.39789710e-08
1.43200000e+03,4.03336541e-01,3.02112732e-05,-8.82231247e-06,6.57028311e-10,1.23663401e-04,3.08165501e-04,3.40242583e-01,3.01860799e-05,-8.69514837e-06,6.30939574e-02,2.51932579e-08,-1.27164098e-07,1.55927726e-14,1.23129386e-04,3.08019384e-04,6.57012720e-10,5.34014884e-07,1.46117124e-07
1.43300000e+03,4.03346042e-01,2.96634109e-05,-8.52032682e-06,6.07537825e-10,1.19656208e-04,3.00529385e-04,3.40251826e-01,2.96299053e-05,-8.32545675e-06,6.30942153e-02,3.35056066e-08,-1.94870096e-07,1.48237048e-14,1.18967208e-04,3.00467763e-04,6.07523003e-10,6.88999468e-07,6.16225384e-08
1.43400000e+03,4.03350691e-01,2.82971467e-05,-7.97389516e-06,5.54007724e-10,1.14957960e-04,2.87413269e-04,3.40257154e-01,2.82825619e-05,-7.84683933e-06,6.30935353e-02,1.45848021e-08,-1.27055849e-07,1.44883772e-14,1.14450072e-04,2.87381576e-04,5.53993238e-10,5.07888283e-07,3.16929632e-08
1.43500000e+03,4.03360062e-01,2.69712969e-05,-7.55101922e-06,5.02740181e-10,1.09516928e-04,2.73692419e-04,3.40266268e-01,2.69310980e-05,-7.35049566e-06,6.30937920e-02,4.01989271e-08,-2.00523547e-07,1.44766703e-14,1.08847200e-04,2.73610468e-04,5.02725704e-10,6.69727766e-07,8.19506492e-08
1.43600000e+03,4.03364540e-01,2.54770015e-05,-6.80266857e-06,4.48676856e-10,1.02363638e-04,2.59128972e-04,3.40271429e-01,2.54485163e-05,-6.67089091e-06,6.30931112e-02,2.84852363e-08,-1.31777638e-07,1.41324542e-14,1.01841303e-04,2.59012414e-04,4.48662724e-10,5.22334952e-07,1.16557953e-07
1.43700000e+03,4.03373741e-01,2.40740803e-05,-6.21873446e-06,3.98356574e-10,9.57195608e-05,2.44091065e-04,3.40280370e-01,2.40220564e-05,-6.02372617e-06,6.30933688e-02,5.20239536e-08,-1.95008306e-07,1.65299061e-14,9.50801331e-05,2.43972189e-04,3.98340044e-10,6.39427761e-07,1.18876064e-07
1.43800000e+03,4.03378059e-01,2.21986215e-05,-5.12805374e-06,3.43291970e-10,8.66261981e-05,2.25880511e-04,3.40285371e-01,2.21659500e-05,-4.99476495e-06,6.30926880e-02,3.26714534e-08,-1.33288805e-07,1.93761889e-14,8.60892756e-05,2.25758012e-04,3.43272594e-10,5.36922593e-07,1.22499051e-07
1.43900000e+03,4.03387085e-01,2.03921197e-05,-4.42210745e-06,2.91450362e-10,7.89439499e-05,2.07785394e-04,3.40294144e-01,2.03383995e-05,-4.21855112e-06,6.30929428e-02,5.37201350e-08,-2.03556310e-07,2.04444956e-14,7.82877067e-05,2.07641477e-04,2.91429918e-10,6.56243467e-07,1.43917093e-07
1.44000000e+03,4.03391197e-01,1.84118498e-05,-3.40576884e-06,2.34999132e-10,6.98024836e-05,1.89000383e-04,3.40298935e-01,1.83691631e-05,-3.26643790e-06,6.30922631e-02,4.26866981e-08,-1.39330944e-07,1.78778119e-14,6.92432271e-05,1.88823167e-04,2.34981255e-10,5.59256761e-07,1.77215862e-07
1.44100000e+03,4.03400009e-01,1.66540971e-05,-2.56066340e-06,1.84121409e-10,6.10637450e-05,1.70590738e-04,3.40307487e-01,1.65920824e-05,-2.36220536e-06,6.30925207e-02,6.20146992e-08,-1.98458034e-07,1.95222758e-14,6.04369439e-05,1.70447429e-04,1.84101887e-10,6.26801046e-07,1.43309026e-07
1.44200000e+03,4.03403926e-01,1.45153580e-05,-1.28345117e-06,1.27446608e-10,5.04555092e-05,1.49819228e-04,3.40312083e-01,1.44752154e-05,-1.14947350e-06,6.30918434e-02,4.01426568e-08,-1.33977673e-07,1.93660873e-14,4.99121307e-05,1.49672318e-04,1.27427242e-10,5.43378595e-07,1.46910067e-07
1.44300000e+03,4.03412547e-01,1.24037972e-05,-4.08929301e-07,7.55185020e-11,4.17621531e-05,1.29429049e-04,3.40320448e-01,1.23360876e-05,-1.95892060e-07,6.30921005e-02,6.77095558e-08,-2.13037242e-07,2.13123201e-14,4.10431202e-05,1.29217855e-04,7.54971897e-11,7.19032935e-07,2.11193942e-07
1.44400000e+03,4.03416274e-01,1.03326142e-05,6.66576168e-07,1.91437993e-11,3.22276563e-05,1.09710771e-04,3.40324850e-01,1.02827996e-05,8.07281673e-07,6.30914240e-02,4.98146167e-08,-1.40705506e-07,2.19206960e-14,3.16551248e-05,1.09510172e-04,1.91218786e-11,5.72531579e-07,2.00598684e-07
1.44500000e+03,4.03424716e-01,8.38914481e-06,1.68301715e-06,-2.96604644e-11,2.27225235e-05,8.99133709e-05,3.40333035e-01,8.30328461e-06,1.89546621e-06,6.30916792e-02,8.58601911e-08,-2.12449059e-07,2.46105743e-14,2.19934758e-05,8.95995643e-05,-2.96850750e-11,7.29047788e-07,3.13806542e-07
1.44600000e+03,4.03428276e-01,6.41090132e-06,2.75013990e-06,-8.42070978e-11,1.38972418e-05,7.08209220e-05,3.40337273e-01,6.35658375e-06,2.88892663e-06,6.30910034e-02,5.43175686e-08,-1.38786738e-07,2.54738568e-14,1.33209816e-05,7.05772214e-05,-8.42325718e-11,5.76260186e-07,2.43700448e-07
1.44700000e+03,4.03436547e-01,4.41281947e-06,3.69035449e-06,-1.30625475e-10,5.08058534e-06,5.13200042e-05,3.40345286e-01,4.31175229e-06,3.91594629e-06,6.30912618e-02,1.01067172e-07,-2.25591777e-07,2.61131073e-14,4.28997073e-06,5.08890981e-05,-1.30651588e-10,7.90614632e-07,4.30905962e-07
1.44800000e+03,4.03439920e-01,2.65021102e-06,4.52959537e-06,-1.81033766e-10,-2.79573982e-06,3.39808462e-05,3.40349337e-01,2.57003730e-06,4.67223714e-06,6.30905837e-02,8.01737138e-08,-1.42641777e-07,2.71225047e-14,-3.38698069e-06,3.35848006e-05,-1.81060888e-10,5.91240868e-07,3.96045546e-07
1.44900000e+03,4.03448008e-01,1.06057795e-06,5.43519877e-06,-2.24903295e-10,-1.09710451e-05,1.67386145e-05,3.40357168e-01,9.29785881e-07,5.65848495e-06,6.30908416e-02,1.30792072e-07,-2.23286186e-07,2.90683885e-14,-1.17700282e-05,1.61390710e-05,-2.24932363e-10,7.98983144e-07,5.99543521e-07
1.45000000e+03,4.03451217e-01,-3.44989791e-07,6.31876167e-06,-2.73815064e-10,-1.82233866e-05,1.51240280e-06,3.40361052e-01,-4.44388763e-07,6.47504105e-06,6.30901659e-02,9.93989732e-08,-1.56279377e-07,3.16718018e-14,-1.88941387e-05,9.64950198e-07,-2.73846736e-10,6.70752100e-07,5.47452601e-07
1.45100000e+03,4.03459157e-01,-1.73502650e-06,6.91890662e-06,-3.14512803e-10,-2.46864009e-05,-1.37705387e-05,3.40368732e-01,-1.87834623e-06,7.15809230e-06,6.30904246e-02,1.43319735e-07,-2.39185648e-07,3.18358102e-14,-2.55640986e-05,-1.44742232e-05,-3.14544639e-10,8.77697613e-07,7.03684523e-07
1.45200000e+03,4.03462227e-01,-2.96451751e-06,7.45388300e-06,-3.61242342e-10,-3.00552075e-05,-2.79156166e-05,3.40372478e-01,-3.08462300e-06,7.60979902e-06,6.30897504e-02,1.20105495e-07,-1.55916045e-07,3.36371035e-14,-3.07262347e-05,-2.85640119e-05,-3.61275979e-10,6.71027181e-07,6.48395367e-07
1.45300000e+03,4.03470058e-01,-3.96936309e-06,8.07498891e-06,-3.98898208e-10,-3.61695686e-05,-4.14055841e-05,3.40380049e-01,-4.12908224e-06,8.31056901e-06,6.30900095e-02,1.59719143e-07,-2.35580123e-07,3.72525234e-14,-3.70395327e-05,-4.21799820e-05,-3.98935461e-10,8.69964064e-07,7.74397952e-07
1.45400000e+03,4.03473054e-01,-5.06738424e-06,8.73482210e-06,-4.42791806e-10,-4.19406544e-05,-5.49328020e-05,3.40383717e-01,-5.19120590e-06,8.90149267e-06,6.30893349e-02,1.23821645e-07,-1.66670597e-07,3.81754597e-14,-4.26726087e-05,-5.56214130e-05,-4.42829982e-10,7.31954257e-07,6.88611153e-07
1.45500000e+03,4.03480803e-01,-6.19543392e-06,9.05228040e-06,-4.80808448e-10,-4.64177122e-05,-6.88971180e-05,3.40391207e-01,-6.35245928e-06,9.30079423e-06,6.30895967e-02,1.57025352e-07,-2.48513854e-07,3.82233621e-14,-4.73388403e-05,-6.96777707e-05,-4.80846671e-10,9.21128138e-07,7.80652649e-07
1.45600000e+03,4.03483725e-01,-7.23308225e-06,9.46601826e-06,-5.23690237e-10,-5.10547228e-05,-8.21564996e-05,3.40394799e-01,-7.36676742e-06,9.63291673e-06,6.30889241e-02,1.33685195e-07,-1.66898487e-07,3.92512309e-14,-5.17743627e-05,-8.28867942e-05,-5.23729491e-10,7.19639771e-07,7.30294664e-07
1.45700000e+03,4.03491428e-01,-8.29659671e-06,9.91566734e-06,-5.58529655e-10,-5.64316075e-05,-9.64848762e-05,3.40402237e-01,-8.45851149e-06,1.01638688e-05,6.30891898e-02,1.61914787e-07,-2.48201411e-07,4.03802245e-14,-5.73571503e-05,-9.72861093e-05,-5.58570037e-10,9.25542924e-07,8.01233117e-07
1.45800000e+03,4.03494342e-01,-9.50178121e-06,1.04750279e-05,-5.98556851e-10,-6.18212146e-05,-1.10765698e-04,3.40405821e-01,-9.62734883e-06,1.06441715e-05,6.30885222e-02,1.25567614e-07,-1.69143588e-07,4.07680612e-14,-6.25460369e-05,-1.11464159e-04,-5.98597617e-10,7.24822365e-07,6.98461128e-07
1.45900000e+03,4.03502087e-01,-1.07001460e-05,1.08012032e-05,-6.31794394e-10,-6.64097894e-05,-1.25322419e-04,3.40413298e-01,-1.08570543e-05,1.10487865e-05,6.30887887e-02,1.56908273e-07,-2.47583333e-07,3.91526467e-14,-6.73055696e-05,-1.26111513e-04,-6.31833546e-10,8.95780274e-07,7.89094236e-07
1.46000000e+03,4.03505067e-01,-1.19924901e-05,1.12843202e-05,-6.69534037e-10,-7.16662094e-05,-1.40159259e-04,3.40416947e-01,-1.21173450e-05,1.14513944e-05,6.30881219e-02,1.24854867e-07,-1.67074297e-07,4.00779724e-14,-7.23572100e-05,-1.40852597e-04,-6.69574117e-10,6.91000731e-07,6.93337988e-07
1.46100000e+03,4.03512899e-01,-1.33417876e-05,1.17108854e-05,-6.98724835e-10,-7.71179619e-05,-1.55879092e-04,3.40424511e-01,-1.34901311e-05,1.19430069e-05,6.30883895e-02,1.48343579e-07,-2.32121486e-07,4.07207543e-14,-7.79117333e-05,-1.56613804e-04,-6.98765553e-10,7.93771771e-07,7.34711843e-07
1.46200000e+03,4.03516023e-01,-1.47315911e-05,1.24055226e-05,-7.31672251e-10,-8.33536558e-05,-1.71041242e-04,3.40428297e-01,-1.48453706e-05,1.25685089e-05,6.30877243e-02,1.13779495e-07,-1.62986270e-07,4.04924109e-14,-8.40155070e-05,-1.71687440e-04,-7.31712745e-10,6.61851359e-07,6.46197982e-07
1.46300000e+03,4.03524017e-01,-1.62245939e-05,1.28558521e-05,-7.59069731e-10,-8.87484973e-05,-1.87104890e-04,3.40436023e-01,-1.63635719e-05,1.30875170e-05,6.30879935e-02,1.38977967e-07,-2.31664880e-07,3.84943838e-14,-8.95167131e-05,-1.87808444e-04,-7.59108226e-10,7.68215962e-07,7.03553812e-07
1.46400000e+03,4.03527277e-01,-1.78250520e-05,1.34759243e-05,-7.91242802e-10,-9.51510502e-05,-2.03571414e-04,3.40439949e-01,-1.79310103e-05,1.36383667e-05,6.30873302e-02,1.05958328e-07,-1.62442434e-07,3.86567026e-14,-9.57977388e-05,-2.04180835e-04,-7.91281462e-10,6.46688375e-07,6.09420593e-07
1.46500000e+03,4.03535424e-01,-1.93043626e-05,1.40142274e-05,-8.16398474e-10,-1.01202103e-04,-2.19685150e-04,3.40447818e-01,-1.94394289e-05,1.42451379e-05,6.30876041e-02,1.35066287e-07,-2.30910509e-07,3.71349458e-14,-1.01993206e-04,-2.20370356e-04,-8.16435607e-10,7.91103892e-07,6.85206238e-07
1.46600000e+03,4.03538871e-01,-2.07727668e-05,1.47252939e-05,-8.45869684e-10,-1.07019994e-04,-2.34962003e-04,3.40451927e-01,-2.08727192e-05,1.48877589e-05,6.30869446e-02,9.99524249e-08,-1.62464950e-07,3.69212433e-14,-1.07680556e-04,-2.35552358e-04,-8.45906603e-10,6.60561432e-07,5.90354190e-07
1.46700000e+03,4.03547219e-01,-2.23327079e-05,1.51854819e-05,-8.70237872e-10,-1.12362523e-04,-2.51180091e-04,3.40459998e-01,-2.24606381e-05,1.54267733e-05,6.30872213e-02,1.27930171e-07,-2.41291391e-07,3.64231094e-14,-1.13206877e-04,-2.51854388e-04,-8.70274295e-10,8.44353616e-07,6.74296824e-07
1.46800000e+03,4.03550857e-01,-2.38822319e-05,1.57906597e-05,-8.97522065e-10,-1.18112968e-04,-2.66865494e-04,3.40464292e-01,-2.39763480e-05,1.59570996e-05,6.30865642e-02,9.41161401e-08,-1.66439934e-07,3.77814368e-14,-1.18806555e-04,-2.67433417e-04,-8.97559845e-10,6.93586348e-07,5.67923852e-07
1.46900000e+03,4.03559396e-01,-2.52967117e-05,1.62643270e-05,-9.19297273e-10,-1.23260247e-04,-2.82088132e-04,3.40472552e-01,-2.54235365e-05,1.65052249e-05,6.30868439e-02,1.26824847e-07,-2.40897934e-07,3.64393763e-14,-1.24135645e-04,-2.82785983e-04,-9.19333711e-10,8.75398155e-07,6.97850791e-07
1.47000000e+03,4.03563259e-01,-2.65819596e-05,1.68931389e-05,-9.42662855e-10,-1.28300156e-04,-2.95310995e-04,3.40477069e-01,-2.66803628e-05,1.70691822e-05,6.30861895e-02,9.84032286e-08,-1.76043312e-07,3.62805241e-14,-1.29072824e-04,-2.95960462e-04,-9.42699133e-10,7.72667477e-07,6.49466336e-07
1.47100000e+03,4.03572009e-01,-2.77959065e-05,1.72090467e-05,-9.61273446e-10,-1.32377017e-04,-3.08371674e-04,3.40485537e-01,-2.79193613e-05,1.74562857e-05,6.30864724e-02,1.23454799e-07,-2.47239049e-07,3.70397940e-14,-1.33301483e-04,-3.09105956e-04,-9.61310482e-10,9.24466416e-07,7.34281959e-07
1.47200000e+03,4.03576027e-01,-2.89626321e-05,1.77018170e-05,-9.84303476e-10,-1.36666254e-04,-3.19827147e-04,3.40490206e-01,-2.90616504e-05,1.78797533e-05,6.30858192e-02,9.90182964e-08,-1.77936267e-07,3.58706000e-14,-1.37463862e-04,-3.20536907e-04,-9.84339345e-10,7.97608086e-07,7.09760535e-07
1.47300000e+03,4.03584921e-01,-2.97777136e-05,1.79655354e-05,-1.00263458e-09,-1.39954366e-04,-3.29057932e-04,3.40498813e-01,-2.99129866e-05,1.82149913e-05,6.30861055e-02,1.35272994e-07,-2.49455929e-07,3.56503925e-14,-1.40930587e-04,-3.29920038e-04,-1.00267023e-09,9.76220277e-07,8.62105684e-07
1.47400000e+03,4.03589076e-01,-3.04964667e-05,1.83628455e-05,-1.02534977e-09,-1.42834337e-04,-3.36540278e-04,3.40503617e-01,-3.05940898e-05,1.85488047e-05,6.30854570e-02,9.76230159e-08,-1.85959102e-07,3.76383958e-14,-1.43709878e-04,-3.37330024e-04,-1.02538741e-09,8.75541928e-07,7.89746511e-07
1.47500000e+03,4.03598051e-01,-3.10188762e-05,1.83820735e-05,-1.04418188e-09,-1.43883358e-04,-3.41984712e-04,3.40512308e-01,-3.11409674e-05,1.86371404e-05,6.30857437e-02,1.22091255e-07,-2.55066916e-07,3.61941353e-14,-1.44890184e-04,-3.42850858e-04,-1.04421807e-09,1.00682648e-06,8.66145440e-07
1.47600000e+03,4.03602248e-01,-3.15645461e-05,1.85569556e-05,-1.06768975e-09,-1.45374474e-04,-3.46742208e-04,3.40517150e-01,-3.16640561e-05,1.87472307e-05,6.30850987e-02,9.95099924e-08,-1.90274995e-07,3.68365307e-14,-1.46283695e-04,-3.47603911e-04,-1.06772658e-09,9.09220578e-07,8.61703510e-07
1.47700000e+03,4.03611262e-01,-3.17535505e-05,1.84740922e-05,-1.08710807e-09,-1.45381671e-04,-3.48955173e-04,3.40525873e-01,-3.18732492e-05,1.87197677e-05,6.30853877e-02,1.19698726e-07,-2.45675502e-07,3.76590158e-14,-1.46383659e-04,-3.49845582e-04,-1.08714573e-09,1.00198876e-06,8.90409163e-07
1.47800000e+03,4.03615491e-01,-3.18214059e-05,1.86176914e-05,-1.10782803e-09,-1.45236881e-04,-3.49475142e-04,3.40530747e-01,-3.19147318e-05,1.88027516e-05,6.30847431e-02,9.33258428e-08,-1.85060223e-07,3.86561717e-14,-1.46144329e-04,-3.50382283e-04,-1.10786668e-09,9.07448417e-07,9.07141489e-07
1.47900000e+03,4.03624528e-01,-3.17288560e-05,1.84172311e-05,-1.12582109e-09,-1.43731138e-04,-3.47636057e-04,3.40539496e-01,-3.18475746e-05,1.86717312e-05,6.30850337e-02,1.18718594e-07,-2.54500129e-07,4.20101452e-14,-1.44774303e-04,-3.48584108e-04,-1.12586309e-09,1.04316513e-06,9.48050169e-07
1.48000000e+03,4.03628753e-01,-3.15349707e-05,1.83264242e-05,-1.14636495e-09,-1.42267930e-04,-3.45097058e-04,3.40544363e-01,-3.16223803e-05,1.85167923e-05,6.30843899e-02,8.74095297e-08,-1.90368098e-07,4.51965662e-14,-1.43205869e-04,-3.46021733e-04,-1.14641015e-09,9.37939190e-07,9.24674380e-07
1.48100000e+03,4.03637744e-01,-3.10916948e-05,1.79801253e-05,-1.16399916e-09,-1.39342493e-04,-3.40062218e-04,3.40553063e-01,-3.12173989e-05,1.82266646e-05,6.30846812e-02,1.25704132e-07,-2.46539335e-07,4.69979485e-14,-1.40371352e-04,-3.41096762e-04,-1.16404615e-09,1.02885955e-06,1.03454449e-06
1.48200000e+03,4.03641891e-01,-3.03740377e-05,1.78608315e-05,-1.18520994e-09,-1.36565486e-04,-3.32649324e-04,3.40557851e-01,-3.04598499e-05,1.80436471e-05,6.30840409e-02,8.58122254e-08,-1.82815684e-07,4.79087089e-14,-1.37474816e-04,-3.33595898e-04,-1.18525785e-09,9.09330159e-07,9.46573919e-07
1.48300000e+03,4.03650776e-01,-2.96077720e-05,1.74927890e-05,-1.20488082e-09,-1.32865559e-04,-3.24149653e-04,3.40566440e-01,-2.97225041e-05,1.77391115e-05,6.30843354e-02,1.14732199e-07,-2.46322527e-07,5.16646048e-14,-1.33880400e-04,-3.25172279e-04,-1.20493248e-09,1.01484042e-06,1.02262522e-06
1.48400000e+03,4.03654799e-01,-2.87294752e-05,1.72513873e-05,-1.22679806e-09,-1.29224812e-04,-3.14631432e-04,3.40571103e-01,-2.88079459e-05,1.74280954e-05,6.30836962e-02,7.84707773e-08,-1.76708111e-07,5.54034538e-14,-1.30088899e-04,-3.15570058e-04,-1.22685347e-09,8.64087194e-07,9.38626294e-07
1.48500000e+03,4.03663560e-01,-2.77952793e-05,1.68027786e-05,-1.24574489e-09,-1.24869257e-04,-3.04247305e-04,3.40579571e-01,-2.79089225e-05,1.70426258e-05,6.30839911e-02,1.13643234e-07,-2.39847228e-07,5.79854103e-14,-1.25858147e-04,-3.05272845e-04,-1.24580288e-09,9.88890258e-07,1.02553941e-06
1.48600000e+03,4.03667466e-01,-2.66409965e-05,1.65564392e-05,-1.26668027e-09,-1.20495688e-04,-2.92245243e-04,3.40584116e-01,-2.67066603e-05,1.67264762e-05,6.30833500e-02,6.56637532e-08,-1.70036960e-07,6.10079248e-14,-1.21338966e-04,-2.93147711e-04,-1.26674127e-09,8.43278314e-07,9.02467839e-07
1.48700000e+03,4.03676091e-01,-2.54768514e-05,1.60700405e-05,-1.28632038e-09,-1.15092098e-04,-2.79034748e-04,3.40592450e-01,-2.55550122e-05,1.63005676e-05,6.30836414e-02,7.81608745e-08,-2.30527164e-07,6.50088359e-14,-1.16009498e-04,-2.79883715e-04,-1.28638539e-09,9.17401098e-07,8.48966858e-07
1.48800000e+03,4.03679830e-01,-2.44269550e-05,1.57057523e-05,-1.30988474e-09,-1.10202252e-04,-2.66821703e-04,3.40596833e-01,-2.44546636e-05,1.58651543e-05,6.30829975e-02,2.77086126e-08,-1.59401942e-07,6.81411355e-14,-1.10954226e-04,-2.67507435e-04,-1.30995288e-09,7.51974457e-07,6.85732680e-07
1.48900000e+03,4.03688287e-01,-2.33780633e-05,1.52016719e-05,-1.33127150e-09,-1.04890928e-04,-2.54318602e-04,3.40605000e-01,-2.34205436e-05,1.54136141e-05,6.30832866e-02,4.24802856e-08,-2.11942234e-07,7.25945956e-14,-1.05698843e-04,-2.54934022e-04,-1.33134409e-09,8.07915367e-07,6.15420535e-07
1.49000000e+03,4.03691870e-01,-2.24577899e-05,1.50250776e-05,-1.35501680e-09,-1.00575740e-04,-2.42506372e-04,3.40609231e-01,-2.24472909e-05,1.51652186e-05,6.30826396e-02,-1.04990860e-08,-1.40141056e-07,7.79615137e-14,-1.01211238e-04,-2.42962912e-04,-1.35509476e-09,6.35497796e-07,4.56539474e-07
1.49100000e+03,4.03700180e-01,-2.14577978e-05,1.46176618e-05,-1.37626828e-09,-9.54643005e-05,-2.29478511e-04,3.40617256e-01,-2.14540666e-05,1.48150235e-05,6.30829248e-02,-3.73122333e-09,-1.97361724e-07,8.17177302e-14,-9.61632987e-05,-2.29845974e-04,-1.37635000e-09,6.98997855e-07,3.67463374e-07
1.49200000e+03,4.03703619e-01,-2.05272531e-05,1.43388189e-05,-1.39971514e-09,-9.08826622e-05,-2.17167174e-04,3.40621346e-01,-2.04875542e-05,1.44620655e-05,6.30822716e-02,-3.96988436e-08,-1.23246579e-07,8.55179869e-14,-9.13895117e-05,-2.17426403e-04,-1.39980066e-09,5.06849750e-07,2.59229150e-07
1.49300000e+03,4.03711816e-01,-1.97302105e-05,1.40399456e-05,-1.41966231e-09,-8.69717839e-05,-2.05555699e-04,3.40629262e-01,-1.97095915e-05,1.42218804e-05,6.30825532e-02,-2.06189957e-08,-1.81934741e-07,8.71781377e-14,-8.75625984e-05,-2.05770237e-04,-1.41974949e-09,5.90814437e-07,2.14537880e-07
1.49400000e+03,4.03715185e-01,-1.87516081e-05,1.40041601e-05,-1.44194276e-09,-8.36045453e-05,-1.93294064e-04,3.40633284e-01,-1.86929353e-05,1.41173205e-05,6.30819008e-02,-5.86728335e-08,-1.13160406e-07,9.04619094e-14,-8.40280130e-05,-1.93416300e-04,-1.44203322e-09,4.23467691e-07,1.22235570e-07
1.49500000e+03,4.03723316e-01,-1.77139776e-05,1.37311227e-05,-1.46195491e-09,-7.95689834e-05,-1.79989408e-04,3.40641133e-01,-1.76579084e-05,1.39025441e-05,6.30821817e-02,-5.60692504e-08,-1.71421414e-07,9.20295716e-14,-8.00637577e-05,-1.79963058e-04,-1.46204693e-09,4.94774272e-07,-2.63497335e-08
1.49600000e+03,4.03726592e-01,-1.67669450e-05,1.35352594e-05,-1.48487039e-09,-7.56442132e-05,-1.67852839e-04,3.40645063e-01,-1.66650829e-05,1.36346288e-05,6.30815285e-02,-1.01862084e-07,-9.93693431e-08,9.23524627e-14,-7.59388297e-05,-1.67648245e-04,-1.48496274e-09,2.94616881e-07,-2.04594864e-07
1.49700000e+03,4.03734652e-01,-1.58697277e-05,1.32906753e-05,-1.50496035e-09,-7.24531494e-05,-1.56302259e-04,3.40652844e-01,-1.57871064e-05,1.34556424e-05,6.30818074e-02,-8.26212831e-08,-1.64967129e-07,8.98773196e-14,-7.28854064e-05,-1.56029701e-04,-1.50505022e-09,4.32256767e-07,-2.72558361e-07
1.49800000e+03,4.03737905e-01,-1.47778324e-05,1.32428204e-05,-1.52830610e-09,-6.91443452e-05,-1.44201299e-04,3.40656750e-01,-1.46450957e-05,1.33348576e-05,6.30811535e-02,-1.32736812e-07,-9.20371513e-08,8.88178953e-14,-6.93735864e-05,-1.43741570e-04,-1.52839492e-09,2.29241161e-07,-4.59729865e-07
1.49900000e+03,4.03745946e-01,-1.39561827e-05,1.28551500e-05,-1.54666394e-09,-6.48543876e-05,-1.33395274e-04,3.40664514e-01,-1.38361603e-05,1.30132801e-05,6.30814316e-02,-1.20022447e-07,-1.58130078e-07,8.69357428e-14,-6.51990870e-05,-1.32849048e-04,-1.54675088e-09,3.44699312e-07,-5.46226932e-07
1.50000000e+03,4.03749187e-01,-1.31279787e-05,1.26469308e-05,-1.56802906e-09,-6.13045609e-05,-1.23137489e-04,3.40668408e-01,-1.29662495e-05,1.27427569e-05,6.30807777e-02,-1.61729208e-07,-9.58260726e-08,8.46613796e-14,-6.15100160e-05,-1.22426918e-04,-1.56811372e-09,2.05455045e-07,-7.10570797e-07
1.50100000e+03,4.03757228e-01,-1.23404288e-05,1.21848763e-05,-1.58474454e-09,-5.71027960e-05,-1.13680954e-04,3.40676173e-01,-1.22161236e-05,1.23261171e-05,6.30810570e-02,-1.24305191e-07,-1.41240821e-07,8.25947302e-14,-5.73269933e-05,-1.13025578e-04,-1.58482714e-09,2.24197355e-07,-6.55376800e-07
1.50200000e+03,4.03760476e-01,-1.12932474e-05,1.20157010e-05,-1.60699720e-09,-5.36533334e-05,-1.02777942e-04,3.40680070e-01,-1.11088413e-05,1.20990948e-05,6.30804061e-02,-1.84406189e-07,-8.33938812e-08,8.38803087e-14,-5.37483478e-05,-1.01874474e-04,-1.60708108e-09,9.50141863e-08,-9.03468101e-07
1.50300000e+03,4.03768518e-01,-1.06025770e-05,1.16246871e-05,-1.62429138e-09,-5.00245978e-05,-9.39232157e-05,3.40687832e-01,-1.04571942e-05,1.17722270e-05,6.30806866e-02,-1.45382734e-07,-1.47539946e-07,8.38711907e-14,-5.02475098e-05,-9.30796114e-05,-1.62437525e-09,2.22912257e-07,-8.43604388e-07
1.50400000e+03,4.03771770e-01,-9.60412411e-06,1.12781816e-05,-1.64533828e-09,-4.59513089e-05,-8.37383937e-05,3.40691733e-01,-9.40376045e-06,1.13562294e-05,6.30800389e-02,-2.00363673e-07,-7.80477448e-08,8.28834295e-14,-4.59665112e-05,-8.26290397e-05,-1.64542116e-09,1.52022692e-08,-1.10935383e-06
1.50500000e+03,4.03779866e-01,-8.71816199e-06,1.08334764e-05,-1.66019529e-09,-4.26650532e-05,-7.46671816e-05,3.40699545e-01,-8.55685278e-06,1.09787828e-05,6.30803198e-02,-1.61309213e-07,-1.45306377e-07,8.15348595e-14,-4.28455173e-05,-7.36291324e-05,-1.66027683e-09,1.80464145e-07,-1.03804921e-06
1.50600000e+03,4.03783192e-01,-7.70130108e-06,1.05795801e-05,-1.67653431e-09,-3.90223377e-05,-6.49206767e-05,3.40703520e-01,-7.49089226e-06,1.06544514e-05,6.30796709e-02,-2.10408815e-07,-7.48711956e-08,8.29871219e-14,-3.89884736e-05,-6.36735685e-05,-1.67661730e-09,-3.38640975e-08,-1.24710834e-06
1.50700000e+03,4.03791335e-01,-6.65727274e-06,1.00338715e-05,-1.68775664e-09,-3.47173470e-05,-5.48559016e-05,3.40711379e-01,-6.47930359e-06,1.01751839e-05,6.30799556e-02,-1.77969151e-07,-1.41312332e-07,8.28185123e-14,-3.48209112e-05,-5.36457822e-05,-1.68783946e-09,1.03564166e-07,-1.21011931e-06
1.50800000e+03,4.03794684e-01,-5.59225163e-06,9.62874857e-06,-1.70579955e-09,-3.06813953e-05,-4.48709597e-05,3.40715377e-01,-5.37951661e-06,9.70222623e-06,6.30793087e-02,-2.12734996e-07,-7.34776677e-08,8.25690593e-14,-3.05815476e-05,-4.35427114e-05,-1.70588211e-09,-9.98477198e-08,-1.32824837e-06
1.50900000e+03,4.03802831e-01,-4.44133097e-06,9.19475305e-06,-1.71910215e-09,-2.78440363e-05,-3.48650099e-05,3.40723233e-01,-4.27280268e-06,9.33062429e-06,6.30795958e-02,-1.68528282e-07,-1.35871214e-07,8.41830103e-14,-2.78925142e-05,-3.36255051e-05,-1.71918633e-09,4.84779202e-08,-1.23950480e-06
1.51000000e+03,4.03806161e-01,-3.16751155e-06,8.80798035e-06,-1.73815088e-09,-2.33854311e-05,-2.42387627e-05,3.40727205e-01,-2.96123593e-06,8.88742358e-06,6.30789570e-02,-2.06275613e-07,-7.94432182e-08,8.65178349e-14,-2.33204726e-05,-2.28920416e-05,-1.73823740e-09,-6.49584379e-08,-1.34672111e-06
1.51100000e+03,4.03814280e-01,-1.79240316e-06,8.15210851e-06,-1.75201183e-09,-1.85397306e-05,-1.25448277e-05,3.40735032e-01,-1.63812231e-06,8.31098563e-06,6.30792495e-02,-1.54280846e-07,-1.58877102e-07,8.90358612e-14,-1.87147483e-05,-1.14124319e-05,-1.75210087e-09,1.75017710e-07,-1.13239587e-06
1.51200000e+03,4.03817587e-01,-3.53499202e-07,7.52037779e-06,-1.77410950e-09,-1.30898424e-05,-4.91620766e-08,3.40738970e-01,-1.68536277e-07,7.61364762e-06,6.30786162e-02,-1.84962925e-07,-9.32698409e-08,9.10916210e-14,-1.30890068e-05,1.17286610e-06,-1.77420060e-09,-8.35520339e-10,-1.22202817e-06
1.51300000e+03,4.03825667e-01,1.20967145e-06,6.80896568e-06,-1.79013720e-09,-8.03330218e-06,1.22335565e-05,3.40746747e-01,1.32779020e-06,6.97773179e-06,6.30789196e-02,-1.18118743e-07,-1.68766098e-07,9.27641708e-14,-8.24188082e-06,1.31815061e-05,-1.79022997e-09,2.08578637e-07,-9.47949604e-07
1.51400000e+03,4.03828927e-01,3.01596836e-06,6.35582311e-06,-1.81038434e-09,-3.36347953e-06,2.68795829e-05,3.40750632e-01,3.16684760e-06,6.46279828e-06,6.30782952e-02,-1.50879244e-07,-1.06975187e-07,9.59143821e-14,-3.47131889e-06,2.79077006e-05,-1.81048026e-09,1.07839367e-07,-1.02811771e-06
1.51500000e+03,4.03836965e-01,4.77942839e-06,5.51638079e-06,-1.82662133e-09,3.26703775e-06,4.10429748e-05,3.40758359e-01,4.87337343e-06,5.70023825e-06,6.30786065e-02,-9.39450329e-08,-1.83857481e-07,9.99024098e-14,2.94302036e-06,4.18015580e-05,-1.82672123e-09,3.24017395e-07,-7.58583223e-07
1.51600000e+03,4.03840174e-01,6.60791633e-06,4.79278562e-06,-1.85045941e-09,9.49768161e-06,5.62117805e-05,3.40762184e-01,6.71792567e-06,4.92374491e-06,6.30779895e-02,-1.10009330e-07,-1.30959274e-07,1.02806840e-13,9.24177339e-06,5.69689831e-05,-1.85056222e-09,2.55908266e-07,-7.57202991e-07
1.51700000e+03,4.03848145e-01,8.50152734e-06,3.88365608e-06,-1.86750496e-09,1.62660492e-05,7.07755450e-05,3.40769834e-01,8.56486204e-06,4.08385053e-06,6.30783096e-02,-6.33347006e-08,-2.00194467e-07,1.08499270e-13,1.58460668e-05,7.13630381e-05,-1.86761346e-09,4.19982314e-07,-5.87493024e-07
1.51800000e+03,4.03851277e-01,1.02500907e-05,3.28426984e-06,-1.89133701e-09,2.23535913e-05,8.57524547e-05,3.40773578e-01,1.03358294e-05,3.42443834e-06,6.30777004e-02,-8.57386881e-08,-1.40168498e-07,1.11217006e-13,2.20128482e-05,8.63383970e-05,-1.89144823e-09,3.40743134e-07,-5.85942560e-07
1.51900000e+03,4.03859151e-01,1.19883427e-05,2.45780402e-06,-1.91106362e-09,2.94775443e-05,1.00079334e-04,3.40781129e-01,1.20294847e-05,2.67463023e-06,6.30780245e-02,-4.11419349e-08,-2.16826213e-07,1.14886852e-13,2.89271854e-05,1.00470792e-04,-1.91117850e-09,5.50358933e-07,-3.91458123e-07
1.52000000e+03,4.03862170e-01,1.35354081e-05,1.77393016e-06,-1.93832612e-09,3.58484876e-05,1.14188339e-04,3.40784752e-01,1.36070824e-05,1.93774209e-06,6.30774195e-02,-7.16742454e-08,-1.63811929e-07,1.19133283e-13,3.53574731e-05,1.14630776e-04,-1.93844525e-09,4.91014528e-07,-4.42436929e-07
1.52100000e+03,4.03869935e-01,1.48920798e-05,9.70841456e-07,-1.95954538e-09,4.24326073e-05,1.26638861e-04,3.40792187e-01,1.49154199e-05,1.20132491e-06,6.30777475e-02,-2.33400582e-08,-2.30483451e-07,1.24251028e-13,4.17699745e-05,1.26888137e-04,-1.95966964e-09,6.62632740e-07,-2.49275532e-07
1.52200000e+03,4.03872849e-01,1.60440133e-05,4.28872529e-07,-1.98676249e-09,4.89027495e-05,1.38652546e-04,3.40795706e-01,1.61004343e-05,5.93230207e-07,6.30771421e-02,-5.64210071e-08,-1.64357679e-07,1.24897995e-13,4.83744603e-05,1.38969791e-04,-1.98688739e-09,5.28289309e-07,-3.17244229e-07
1.52300000e+03,4.03880486e-01,1.69365174e-05,2.75624832e-08,-2.00834024e-09,5.34504990e-05,1.48457950e-04,3.40803019e-01,1.69493761e-05,2.74436947e-07,6.30774654e-02,-1.28587191e-08,-2.46874464e-07,1.26335216e-13,5.26590720e-05,1.48548602e-04,-2.00846657e-09,7.91426742e-07,-9.06523142e-08
1.52400000e+03,4.03883267e-01,1.78490900e-05,-3.80007656e-07,-2.03799159e-09,5.83543889e-05,1.59366948e-04,3.40806407e-01,1.79026575e-05,-2.03475620e-07,6.30768597e-02,-5.35675462e-08,-1.76532037e-07,1.26263639e-13,5.77091859e-05,1.59618543e-04,-2.03811785e-09,6.45203201e-07,-2.51595043e-07
1.52500000e+03,4.03890772e-01,1.84410269e-05,-9.03104680e-07,-2.05877877e-09,6.38367457e-05,1.67230441e-04,3.40813595e-01,1.84444196e-05,-6.85949366e-07,6.30771783e-02,-3.39267160e-09,-2.17155313e-07,1.26563258e-13,6.31939397e-05,1.67266100e-04,-2.05890533e-09,6.42806163e-07,-3.56589717e-08
1.52600000e+03,4.03893441e-01,1.88276704e-05,-5.48041141e-07,-2.08721421e-09,6.46135241e-05,1.74255301e-04,3.40816874e-01,1.88833748e-05,-3.81641713e-07,6.30765660e-02,-5.57044444e-08,-1.66399428e-07,1.25786974e-13,6.39966419e-05,1.74479106e-04,-2.08734000e-09,6.16882493e-07,-2.23804774e-07
1.52700000e+03,4.03900832e-01,1.90007231e-05,-6.71510330e-07,-2.10770688e-09,6.76602462e-05,1.79444559e-04,3.40823949e-01,1.90096527e-05,-4.61057692e-07,6.30768819e-02,-8.92958592e-09,-2.10452638e-07,1.25832401e-13,6.70384758e-05,1.79450736e-04,-2.10783271e-09,6.21770826e-07,-6.17696315e-09
1.52800000e+03,4.03903357e-01,1.91762084e-05,-3.44788457e-07,-2.13428612e-09,6.82895780e-05,1.84856561e-04,3.40827092e-01,1.92211277e-05,-1.74508151e-07,6.30762672e-02,-4.49192697e-08,-1.70280305e-07,1.25882537e-13,6.76542833e-05,1.84982846e-04,-2.13441201e-09,6.35294724e-07,-1.26285577e-07
1.52900000e+03,4.03910628e-01,1.92129296e-05,-2.92947982e-07,-2.15562822e-09,6.96345168e-05,1.88361336e-04,3.40834048e-01,1.92071790e-05,-8.71667148e-08,6.30765796e-02,5.75060304e-09,-2.05781267e-07,1.26883822e-13,6.90548181e-05,1.88271323e-04,-2.15575510e-09,5.79698601e-07,9.00139529e-08
1.53000000e+03,4.03913060e-01,1.92901688e-05,3.09792175e-07,-2.18192583e-09,6.84112019e-05,1.92749824e-04,3.40837096e-01,1.93395392e-05,4.77671849e-07,6.30759649e-02,-4.93704694e-08,-1.67879675e-07,1.25960738e-13,6.77906483e-05,1.92896671e-04,-2.18205179e-09,6.20553717e-07,-1.46847037e-07
1.53100000e+03,4.03920237e-01,1.91963382e-05,5.60751182e-07,-2.20170801e-09,6.85726708e-05,1.95252991e-04,3.40843963e-01,1.92115174e-05,7.90384614e-07,6.30762726e-02,-1.51792710e-08,-2.29633433e-07,1.20943695e-13,6.78476258e-05,1.95274461e-04,-2.20182896e-09,7.25045102e-07,-2.14705507e-08
1.53200000e+03,4.03922583e-01,1.89334222e-05,8.10672403e-07,-2.22699558e-09,6.90109754e-05,1.96969873e-04,3.40846934e-01,1.89803579e-05,9.74094339e-07,6.30756506e-02,-4.69356363e-08,-1.63421935e-07,1.17984371e-13,6.84704437e-05,1.97107747e-04,-2.22711357e-09,5.40531746e-07,-1.37873613e-07
1.53300000e+03,4.03929710e-01,1.88086055e-05,1.01166407e-06,-2.24418671e-09,6.85549133e-05,1.98798836e-04,3.40853758e-01,1.88249512e-05,1.24809110e-06,6.30759532e-02,-1.63456857e-08,-2.36427024e-07,1.18068183e-13,6.77814797e-05,1.98884599e-04,-2.24430477e-09,7.73433599e-07,-8.57636784e-08
1.53400000e+03,4.03932014e-01,1.86213231e-05,1.29538355e-06,-2.26812953e-09,6.90506934e-05,2.00738603e-04,3.40856691e-01,1.86578589e-05,1.45836039e-06,6.30753234e-02,-3.65357964e-08,-1.62976838e-07,1.14675019e-13,6.85243658e-05,2.00830414e-04,-2.26824421e-09,5.26327528e-07,-9.18116227e-08
1.53500000e+03,4.03939086e-01,1.88121591e-05,1.46760330e-06,-2.28601189e-09,6.86517436e-05,2.04715524e-04,3.40863457e-01,1.88440757e-05,1.69602006e-06,6.30756288e-02,-3.19165629e-08,-2.28416760e-07,1.11004258e-13,6.79932439e-05,2.04873570e-04,-2.28612289e-09,6.58499480e-07,-1.58045764e-07
1.53600000e+03,4.03941374e-01,1.86194150e-05,1.68884897e-06,-2.30971612e-09,6.86988032e-05,2.06951295e-04,3.40866368e-01,1.86498918e-05,1.85770140e-06,6.30750044e-02,-3.04767463e-08,-1.68852423e-07,1.10729774e-13,6.81714330e-05,2.06992175e-04,-2.30982685e-09,5.27370156e-07,-4.08796476e-08
1.53700000e+03,4.03948477e-01,1.91655099e-05,1.52632605e-06,-2.32538813e-09,7.03010408e-05,2.13479501e-04,3.40873167e-01,1.91744047e-05,1.75134877e-06,6.30753121e-02,-8.89483325e-09,-2.25022719e-07,1.07362637e-13,6.96712845e-05,2.13500818e-04,-2.32549549e-09,6.29756178e-07,-2.13169868e-08
1.53800000e+03,4.03950835e-01,1.95715231e-05,1.67368443e-06,-2.34582571e-09,7.11036803e-05,2.19793184e-04,3.40876143e-01,1.95923301e-05,1.84592581e-06,6.30746904e-02,-2.08069975e-08,-1.72241378e-07,1.03579225e-13,7.05385319e-05,2.19745234e-04,-2.34592929e-09,5.65148308e-07,4.79501497e-08
1.53900000e+03,4.03958036e-01,2.02897869e-05,1.40771790e-06,-2.35797321e-09,7.36669446e-05,2.27915317e-04,3.40883035e-01,2.02811628e-05,1.65353103e-06,6.30750017e-02,8.62413455e-09,-2.45813129e-07,1.02568899e-13,7.28792839e-05,2.27767878e-04,-2.35807578e-09,7.87660560e-07,1.47439956e-07
1.54000000e+03,4.03960503e-01,2.10423126e-05,1.15242741e-06,-2.37514172e-09,7.73392113e-05,2.36964734e-04,3.40886118e-01,2.10397366e-05,1.34649136e-06,6.30743854e-02,2.57598945e-09,-1.94063946e-07,1.00358944e-13,7.66133401e-05,2.36731773e-04,-2.37524208e-09,7.25871349e-07,2.32960719e-07
1.54100000e+03,4.03967816e-01,2.23240254e-05,4.87493575e-07,-2.38926267e-09,8.25814598e-05,2.48582721e-04,3.40893112e-01,2.22898289e-05,7.35232260e-07,6.30747025e-02,3.41965533e-08,-2.47738684e-07,1.00048410e-13,8.17793256e-05,2.48256972e-04,-2.38936272e-09,8.02134413e-07,3.25749322e-07
1.54200000e+03,4.03970376e-01,2.33984857e-05,3.06896548e-07,-2.40946732e-09,8.59493068e-05,2.59519089e-04,3.40896281e-01,2.33821705e-05,5.11762422e-07,6.30740941e-02,1.63151694e-08,-2.04865875e-07,9.73513208e-14,8.51472105e-05,2.59177547e-04,-2.40956468e-09,8.02096467e-07,3.41541414e-07
1.54300000e+03,4.03977776e-01,2.46429130e-05,-4.41345096e-07,-2.42387654e-09,9.19424079e-05,2.71112469e-04,3.40903362e-01,2.46048166e-05,-1.74181822e-07,6.30744131e-02,3.80964638e-08,-2.67163274e-07,9.82313923e-14,9.10010902e-05,2.70735791e-04,-2.42397477e-09,9.41317651e-07,3.76677568e-07
1.54400000e+03,4.03980452e-01,2.58274154e-05,-1.07200116e-06,-2.44281562e-09,9.81633331e-05,2.82253864e-04,3.40906650e-01,2.58044081e-05,-8.58165744e-07,6.30738031e-02,2.30072395e-08,-2.13835410e-07,1.00171549e-13,9.73283984e-05,2.81901003e-04,-2.44291579e-09,8.34934807e-07,3.52860605e-07
1.54500000e+03,4.03988003e-01,2.70379645e-05,-1.88641302e-06,-2.45773070e-09,1.04344958e-04,2.92381879e-04,3.40913879e-01,2.69929418e-05,-1.62084045e-06,6.30741248e-02,4.50227078e-08,-2.65572573e-07,1.01370939e-13,1.03437272e-04,2.91980585e-04,-2.45783207e-09,9.07685184e-07,4.01294412e-07
1.54600000e+03,4.03990804e-01,2.81385563e-05,-2.35547568e-06,-2.47551931e-09,1.09407302e-04,3.02657961e-04,3.40917292e-01,2.81156741e-05,-2.15184329e-06,6.30735136e-02,2.28822190e-08,-2.03632390e-07,1.02650510e-13,1.08657169e-04,3.02340889e-04,-2.47562196e-09,7.50132475e-07,3.17072250e-07
1.54700000e+03,4.03998441e-01,2.92563365e-05,-3.09158840e-06,-2.49339733e-09,1.14946632e-04,3.11819729e-04,3.40924607e-01,2.92181615e-05,-2.82714925e-06,6.30738350e-02,3.81750637e-08,-2.64439150e-07,1.00996657e-13,1.14106385e-04,3.11514713e-04,-2.49349833e-09,8.40246483e-07,3.05015778e-07
1.54800000e+03,4.04001320e-01,3.02767549e-05,-3.63044485e-06,-2.51578133e-09,1.19785439e-04,3.20602459e-04,3.40928095e-01,3.02704986e-05,-3.44044847e-06,6.30732261e-02,6.25635003e-09,-1.89996384e-07,1.00434705e-13,1.19200954e-04,3.20432912e-04,-2.51588176e-09,5.84484463e-07,1.69546441e-07
1.54900000e+03,4.04009023e-01,3.08559480e-05,-3.92463300e-06,-2.53591620e-09,1.21326310e-04,3.25131805e-04,3.40935474e-01,3.08189016e-05,-3.65410820e-06,6.30735498e-02,3.70463701e-08,-2.70524797e-07,1.01942885e-13,1.20448824e-04,3.24876659e-04,-2.53601814e-09,8.77485657e-07,2.55145408e-07
1.55000000e+03,4.04011945e-01,3.15126591e-05,-4.26823736e-06,-2.55832094e-09,1.24736535e-04,3.30555444e-04,3.40938999e-01,3.15003085e-05,-4.06824662e-06,6.30729448e-02,1.23505879e-08,-1.99990732e-07,1.02343976e-13,1.24100825e-04,3.30385501e-04,-2.55842328e-09,6.35709187e-07,1.69942325e-07
1.55100000e+03,4.04019671e-01,3.21011797e-05,-4.63833237e-06,-2.57836826e-09,1.26597129e-04,3.34590999e-04,3.40946399e-01,3.20771331e-05,-4.38299720e-06,6.30732724e-02,2.40466674e-08,-2.55335183e-07,1.01954120e-13,1.25848898e-04,3.34460041e-04,-2.57847021e-09,7.48230727e-07,1.30957379e-07
1.55200000e+03,4.04022600e-01,3.22549897e-05,-4.43888605e-06,-2.60465872e-09,1.25713503e-04,3.35341560e-04,3.40949929e-01,3.22471110e-05,-4.22234270e-06,6.30726710e-02,7.87872567e-09,-2.16543328e-07,1.03051860e-13,1.24983776e-04,3.35214746e-04,-2.60476178e-09,7.29726824e-07,1.26813739e-07
1.55300000e+03,4.04030319e-01,3.23137757e-05,-4.89321704e-06,-2.62604916e-09,1.27716249e-04,3.34760617e-04,3.40957318e-01,3.22947778e-05,-4.64121457e-06,6.30729997e-02,1.89978911e-08,-2.52002490e-07,1.04176184e-13,1.27006855e-04,3.34725268e-04,-2.62615334e-09,7.09394595e-07,3.53492784e-08
1.55400000e+03,4.04033229e-01,3.20728867e-05,-4.54859097e-06,-2.65336489e-09,1.25434736e-04,3.31711743e-04,3.40960829e-01,3.20660670e-05,-4.33013158e-06,6.30724014e-02,6.81965371e-09,-2.18459365e-07,1.02626657e-13,1.24667055e-04,3.31642957e-04,-2.65346752e-09,7.67680217e-07,6.87868806e-08
1.55500000e+03,4.04040912e-01,3.17587173e-05,-4.60907112e-06,-2.67775003e-09,1.24852368e-04,3.27199989e-04,3.40968184e-01,3.17473287e-05,-4.35954272e-06,6.30727293e-02,1.13886809e-08,-2.49528401e-07,1.03318585e-13,1.24182562e-04,3.27255259e-04,-2.67785334e-09,6.69805452e-07,-5.52705246e-08
1.55600000e+03,4.04043768e-01,3.10637789e-05,-4.08531458e-06,-2.70692495e-09,1.21016299e-04,3.19809965e-04,3.40971636e-01,3.10672586e-05,-3.86750346e-06,6.30721318e-02,-3.47960467e-09,-2.17811114e-07,1.04122727e-13,1.20309640e-04,3.19870169e-04,-2.70702907e-09,7.06658358e-07,-6.02030693e-08
1.55700000e+03,4.04051393e-01,3.00959503e-05,-4.11925106e-06,-2.73048669e-09,1.19095498e-04,3.09639812e-04,3.40978931e-01,3.00938879e-05,-3.86769476e-06,6.30724624e-02,2.06241973e-09,-2.51556297e-07,1.06485980e-13,1.18418514e-04,3.09800452e-04,-2.73059318e-09,6.76983293e-07,-1.60639835e-07
1.55800000e+03,4.04054167e-01,2.88466375e-05,-3.30655818e-06,-2.75944812e-09,1.12966568e-04,2.97473119e-04,3.40982299e-01,2.88464693e-05,-3.10086377e-06,6.30718660e-02,1.68125491e-10,-2.05694409e-07,1.08383771e-13,1.12337518e-04,2.97573221e-04,-2.75955650e-09,6.29050620e-07,-1.00102168e-07
1.55900000e+03,4.04061679e-01,2.75940454e-05,-2.80022275e-06,-2.78243955e-09,1.07658740e-04,2.84177311e-04,3.40989482e-01,2.75813623e-05,-2.55086272e-06,6.30721971e-02,1.26830862e-08,-2.49360022e-07,1.10662897e-13,1.07029381e-04,2.84301473e-04,-2.78255021e-09,6.29359883e-07,-1.24162259e-07
1.56000000e+03,4.04064336e-01,2.62225359e-05,-1.89431147e-06,-2.81164363e-09,1.00062243e-04,2.70154618e-04,3.40992731e-01,2.62267678e-05,-1.67335695e-06,6.30716027e-02,-4.23189867e-09,-2.20954526e-07,1.14181399e-13,9.93489267e-05,2.70305386e-04,-2.81175781e-09,7.13316011e-07,-1.50768832e-07
1.56100000e+03,4.04071716e-01,2.44078397e-05,-1.54946259e-06,-2.83410096e-09,9.51515871e-05,2.52264836e-04,3.40999781e-01,2.43840076e-05,-1.29286651e-06,6.30719369e-02,2.38320804e-08,-2.56596081e-07,1.15102318e-13,9.44829535e-05,2.52361439e-04,-2.83421606e-09,6.68633441e-07,-9.66026020e-08
1.56200000e+03,4.04074210e-01,2.26755435e-05,-3.79155963e-07,-2.86591115e-09,8.60339782e-05,2.35244914e-04,3.41002865e-01,2.26699912e-05,-1.68325099e-07,6.30713447e-02,5.55240677e-09,-2.10830864e-07,1.17591122e-13,8.53921570e-05,2.35335115e-04,-2.86602874e-09,6.41820909e-07,-9.02009814e-08
1.56300000e+03,4.04081418e-01,2.07499406e-05,4.69723997e-07,-2.88860553e-09,7.79037751e-05,2.16214116e-04,3.41009741e-01,2.07131268e-05,7.35049527e-07,6.30716785e-02,3.68137512e-08,-2.65325528e-07,1.21824634e-13,7.71944719e-05,2.16234353e-04,-2.88872735e-09,7.09303308e-07,-2.02376702e-08
1.56400000e+03,4.04083745e-01,1.88291217e-05,1.50478059e-06,-2.91776241e-09,6.88642494e-05,1.97162035e-04,3.41012656e-01,1.88094903e-05,1.72001100e-06,6.30710888e-02,1.96314271e-08,-2.15230404e-07,1.22853238e-13,6.82074474e-05,1.97212135e-04,-2.91788526e-09,6.56802238e-07,-5.00999572e-08
1.56500000e+03,4.04090771e-01,1.67489852e-05,2.28266186e-06,-2.94004349e-09,6.09745539e-05,1.76051188e-04,3.41019344e-01,1.66996998e-05,2.54567589e-06,6.30714280e-02,4.92854217e-08,-2.63014033e-07,1.25988785e-13,6.02893319e-05,1.76002791e-04,-2.94016948e-09,6.85221746e-07,4.83964825e-08
1.56600000e+03,4.04092895e-01,1.46798766e-05,3.56746642e-06,-2.97369743e-09,5.10187050e-05,1.56425565e-04,3.41022054e-01,1.46426576e-05,3.80513380e-06,6.30708406e-02,3.72190310e-08,-2.37667379e-07,1.28168534e-13,5.02240909e-05,1.56347945e-04,-2.97382560e-09,7.94614308e-07,7.76199159e-08
1.56700000e+03,4.04099703e-01,1.26478447e-05,4.26218032e-06,-2.99577730e-09,4.35537058e-05,1.36037166e-04,3.41028524e-01,1.25800768e-05,4.53738661e-06,6.30711794e-02,6.77678733e-08,-2.75206273e-07,1.28733248e-13,4.27968328e-05,1.35888495e-04,-2.99590604e-09,7.56873036e-07,1.48671353e-07
1.56800000e+03,4.04101609e-01,1.03981532e-05,5.57722578e-06,-3.02757268e-09,3.29908884e-05,1.14372477e-04,3.41031013e-01,1.03408015e-05,5.80653990e-06,6.30705982e-02,5.73517249e-08,-2.29314126e-07,1.29065487e-13,3.22244113e-05,1.14166300e-04,-3.02770174e-09,7.66477200e-07,2.06177011e-07
1.56900000e+03,4.04108207e-01,8.42411892e-06,6.32014053e-06,-3.05110197e-09,2.55607216e-05,9.47056229e-05,3.41037266e-01,8.34029842e-06,6.61614543e-06,6.30709405e-02,8.38204889e-08,-2.96004909e-07,1.30801373e-13,2.46842628e-05,9.44447075e-05,-3.05123277e-09,8.76458844e-07,2.60915123e-07
1.57000000e+03,4.04109872e-01,6.23694693e-06,7.32677325e-06,-3.08000027e-09,1.73188875e-05,7.43895708e-05,3.41039517e-01,6.13948178e-06,7.56880048e-06,6.30703566e-02,9.74651663e-08,-2.42027229e-07,1.30268618e-13,1.64971613e-05,7.39176823e-05,-3.08013053e-09,8.21726154e-07,4.71888661e-07
1.57100000e+03,4.04116237e-01,4.62235717e-06,8.06866853e-06,-3.10356078e-09,9.72086029e-06,5.68806518e-05,3.41045535e-01,4.51721014e-06,8.36654286e-06,6.30707024e-02,1.05147060e-07,-2.97874325e-07,1.25224789e-13,8.83995837e-06,5.64750043e-05,-3.10368600e-09,8.80901917e-07,4.05647916e-07
1.57200000e+03,4.04117711e-01,2.61485312e-06,9.18802784e-06,-3.13505670e-09,8.87894870e-07,3.74636099e-05,3.41047592e-01,2.50566031e-06,9.42874737e-06,6.30701208e-02,1.09192806e-07,-2.40719518e-07,1.22337870e-13,7.10649611e-08,3.69379194e-05,-3.13517904e-09,8.16829908e-07,5.25690450e-07
1.57300000e+03,4.04123913e-01,9.19449006e-07,9.79994779e-06,-3.15932372e-09,-5.39682862e-06,1.92851903e-05,3.41053444e-01,7.67914022e-07,1.01150735e-05,6.30704663e-02,1.51534986e-07,-3.15125736e-07,1.18939515e-13,-6.39501887e-06,1.85748603e-05,-3.15944266e-09,9.98190241e-07,7.10329956e-07
1.57400000e+03,4.04125204e-01,-4.28807245e-07,1.05740862e-05,-3.19177294e-09,-1.20090592e-05,4.45578509e-06,3.41055314e-01,-5.84737372e-07,1.08304758e-05,6.30698886e-02,1.55930130e-07,-2.56389700e-07,1.15384831e-13,-1.29424524e-05,3.59640634e-06,-3.19188833e-09,9.33393290e-07,8.59378740e-07
1.57500000e+03,4.04131211e-01,-1.66731766e-06,1.10845140e-05,-3.21332685e-09,-1.76142595e-05,-1.06545449e-05,3.41060979e-01,-1.83734005e-06,1.14102136e-05,6.30702344e-02,1.70022389e-07,-3.25699589e-07,1.14307283e-13,-1.86800220e-05,-1.14850813e-05,-3.21344116e-09,1.06576249e-06,8.30536371e-07
1.57600000e+03,4.04132359e-01,-3.15473657e-06,1.18652880e-05,-3.24115923e-09,-2.40561778e-05,-2.68487266e-05,3.41062703e-01,-3.32945661e-06,1.21305016e-05,6.30696571e-02,1.74720040e-07,-2.65213568e-07,1.09086465e-13,-2.50413588e-05,-2.78411802e-05,-3.24126831e-09,9.85181031e-07,9.92453656e-07
1.57700000e+03,4.04138260e-01,-4.17443630e-06,1.20738766e-05,-3.26236145e-09,-2.78997060e-05,-4.05829282e-05,3.41068255e-01,-4.38079312e-06,1.24091844e-05,6.30700076e-02,2.06356796e-07,-3.35307738e-07,1.04830507e-13,-2.90269281e-05,-4.16773620e-05,-3.26246628e-09,1.12722207e-06,1.09443378e-06
1.57800000e+03,4.04139311e-01,-5.47397950e-06,1.27466776e-05,-3.29034427e-09,-3.37108796e-05,-5.55799176e-05,3.41069878e-01,-5.67424089e-06,1.30220100e-05,6.30694330e-02,2.00261398e-07,-2.75332404e-07,1.01696827e-13,-3.47629978e-05,-5.67557945e-05,-3.29044596e-09,1.05211821e-06,1.17587704e-06
1.57900000e+03,4.04145135e-01,-6.54221366e-06,1.30828376e-05,-3.30781984e-09,-3.82227005e-05,-6.97804238e-05,3.41075350e-01,-6.76206201e-06,1.34383666e-05,6.30697832e-02,2.19848344e-07,-3.55529009e-07,9.67832819e-14,-3.94705289e-05,-7.09782117e-05,-3.30791662e-09,1.24782842e-06,1.19778762e-06
1.58000000e+03,4.04146173e-01,-7.75537959e-06,1.35118520e-05,-3.33073048e-09,-4.26558882e-05,-8.46631944e-05,3.41076964e-01,-7.96496809e-06,1.37993057e-05,6.30692105e-02,2.09588484e-07,-2.87453640e-07,9.37306192e-14,-4.37913056e-05,-8.59245559e-05,-3.33082421e-09,1.13541742e-06,1.26136151e-06
1.58100000e+03,4.04152020e-01,-8.86930775e-06,1.36566049e-05,-3.34313418e-09,-4.64207866e-05,-9.90656330e-05,3.41082458e-01,-9.10107842e-06,1.40021740e-05,6.30695634e-02,2.31770659e-07,-3.45569046e-07,9.26845408e-14,-4.76129928e-05,-1.00357170e-04,-3.34322686e-09,1.19220623e-06,1.29153764e-06
1.58200000e+03,4.04153075e-01,-1.01497188e-05,1.42895536e-05,-3.36287082e-09,-5.20405879e-05,-1.14410984e-04,3.41084082e-01,-1.03627317e-05,1.45829024e-05,6.30689930e-02,2.13012845e-07,-2.93348809e-07,8.80631689e-14,-5.31967705e-05,-1.15728122e-04,-3.36295888e-09,1.15618237e-06,1.31713724e-06
1.58300000e+03,4.04158938e-01,-1.14818846e-05,1.44890821e-05,-3.37383901e-09,-5.62863249e-05,-1.30434967e-04,3.41089587e-01,-1.17082046e-05,1.48447121e-05,6.30693486e-02,2.26320026e-07,-3.55629963e-07,8.78750482e-14,-5.75566921e-05,-1.31743388e-04,-3.37392688e-09,1.27036700e-06,1.30842104e-06
1.58400000e+03,4.04160058e-01,-1.30085080e-05,1.50307675e-05,-3.39298696e-09,-6.13901086e-05,-1.47097380e-04,3.41091273e-01,-1.32205256e-05,1.53271261e-05,6.30687849e-02,2.12017611e-07,-2.96358632e-07,8.63873156e-14,-6.25701171e-05,-1.48455472e-04,-3.39307335e-09,1.18000869e-06,1.35809169e-06
1.58500000e+03,4.04166018e-01,-1.42949815e-05,1.52431700e-05,-3.40266128e-09,-6.58512162e-05,-1.62802427e-04,3.41096873e-01,-1.45244359e-05,1.56016720e-05,6.30691448e-02,2.29454388e-07,-3.58501943e-07,8.66988595e-14,-6.71249631e-05,-1.64146853e-04,-3.40274798e-09,1.27374687e-06,1.34442576e-06
1.58600000e+03,4.04167243e-01,-1.58533460e-05,1.58587951e-05,-3.41995623e-09,-7.13380927e-05,-1.79610479e-04,3.41098659e-01,-1.60578234e-05,1.61448439e-05,6.30685826e-02,2.04477461e-07,-2.86048812e-07,8.70507711e-14,-7.24509192e-05,-1.80941514e-04,-3.42004328e-09,1.11282660e-06,1.33103386e-06
1.58700000e+03,4.04173347e-01,-1.73456111e-05,1.62508787e-05,-3.42458067e-09,-7.65724296e-05,-1.96242323e-04,3.41104401e-01,-1.75615117e-05,1.66040383e-05,6.30689460e-02,2.15900582e-07,-3.53159563e-07,8.77570160e-14,-7.77926507e-05,-1.97525827e-04,-3.42466843e-09,1.22022111e-06,1.28350347e-06
1.58800000e+03,4.04174771e-01,-1.91338820e-05,1.69355969e-05,-3.43584677e-09,-8.30285011e-05,-2.14772254e-04,3.41106385e-01,-1.93405894e-05,1.72189032e-05,6.30683869e-02,2.06707396e-07,-2.83306386e-07,8.49176742e-14,-8.41207618e-05,-2.16137944e-04,-3.43593169e-09,1.09226057e-06,1.36569043e-06
1.58900000e+03,4.04181097e-01,-2.05556264e-05,1.71620458e-05,-3.43690419e-09,-8.71650190e-05,-2.30901113e-04,3.41112345e-01,-2.07622528e-05,1.75033858e-05,6.30687507e-02,2.06626342e-07,-3.41340039e-07,8.51577509e-14,-8.83140793e-05,-2.32144808e-04,-3.43698935e-09,1.14906038e-06,1.24369500e-06
1.59000000e+03,4.04182723e-01,-2.24128066e-05,1.79956352e-05,-3.44746455e-09,-9.39360650e-05,-2.48963385e-04,3.41114526e-01,-2.26020775e-05,1.82737833e-05,6.30681963e-02,1.89270957e-07,-2.78148182e-07,8.72970131e-14,-9.49859871e-05,-2.50249150e-04,-3.44755185e-09,1.04992238e-06,1.28576435e-06
1.59100000e+03,4.04189224e-01,-2.39254511e-05,1.83741360e-05,-3.44770451e-09,-9.92457469e-05,-2.65584854e-04,3.41120660e-01,-2.41245097e-05,1.87237328e-05,6.30685639e-02,1.99058593e-07,-3.49596840e-07,8.99292119e-14,-1.00428155e-04,-2.66788335e-04,-3.44779444e-09,1.18240857e-06,1.20348117e-06
1.59200000e+03,4.04191060e-01,-2.55959753e-05,1.90024933e-05,-3.45332571e-09,-1.05017821e-04,-2.82710787e-04,3.41123047e-01,-2.57780817e-05,1.92813223e-05,6.30680138e-02,1.82106341e-07,-2.78828948e-07,8.80876382e-14,-1.06089246e-04,-2.83970127e-04,-3.45341379e-09,1.07142496e-06,1.25933936e-06
1.59300000e+03,4.04197833e-01,-2.70557947e-05,1.93827555e-05,-3.45149808e-09,-1.09722140e-04,-2.98233658e-04,3.41129446e-01,-2.72544432e-05,1.97310187e-05,6.30683865e-02,1.98648513e-07,-3.48263172e-07,9.07991884e-14,-1.10898994e-04,-2.99466272e-04,-3.45158888e-09,1.17685414e-06,1.23261412e-06
1.59400000e+03,4.04199903e-01,-2.85183989e-05,2.00754774e-05,-3.45527922e-09,-1.15381237e-04,-3.13048227e-04,3.41132063e-01,-2.86990569e-05,2.03571682e-05,6.30678399e-02,1.80658035e-07,-2.81690834e-07,9.41072656e-14,-1.16476721e-04,-3.14331906e-04,-3.45537332e-09,1.09548472e-06,1.28367893e-06
1.59500000e+03,4.04206816e-01,-2.97010772e-05,2.02849389e-05,-3.45035633e-09,-1.19154971e-04,-3.25914353e-04,3.41138604e-01,-2.98955797e-05,2.06415294e-05,6.30682134e-02,1.94502503e-07,-3.56590511e-07,9.69616480e-14,-1.20400375e-04,-3.27185101e-04,-3.45045329e-09,1.24540322e-06,1.27074715e-06
1.59600000e+03,4.04209045e-01,-3.08332259e-05,2.08075471e-05,-3.45353984e-09,-1.23315714e-04,-3.37047124e-04,3.41141376e-01,-3.10120662e-05,2.10913842e-05,6.30676715e-02,1.78840352e-07,-2.83837095e-07,9.81418754e-14,-1.24465956e-04,-3.38365922e-04,-3.45363798e-09,1.15024180e-06,1.31879797e-06
1.59700000e+03,4.04216153e-01,-3.16878778e-05,2.09174061e-05,-3.45014591e-09,-1.25845499e-04,-3.46743182e-04,3.41148104e-01,-3.18914930e-05,2.12818819e-05,6.30680492e-02,2.03615234e-07,-3.64475765e-07,9.68494966e-14,-1.27171945e-04,-3.48131787e-04,-3.45024276e-09,1.32644565e-06,1.38860541e-06
1.59800000e+03,4.04218510e-01,-3.23699820e-05,2.12416674e-05,-3.45253847e-09,-1.28159643e-04,-3.53579571e-04,3.41151005e-01,-3.25395757e-05,2.15351434e-05,6.30675057e-02,1.69593757e-07,-2.93476053e-07,9.90913754e-14,-1.29367618e-04,-3.54911808e-04,-3.45263756e-09,1.20797476e-06,1.33223651e-06
1.59900000e+03,4.04225711e-01,-3.29975336e-05,2.11812430e-05,-3.44651636e-09,-1.29319181e-04,-3.59861461e-04,3.41157826e-01,-3.31845711e-05,2.15518324e-05,6.30678851e-02,1.87037592e-07,-3.70589436e-07,1.02085236e-13,-1.30699269e-04,-3.61210426e-04,-3.44661845e-09,1.38008837e-06,1.34896486e-06
1.60000000e+03,4.04228186e-01,-3.35051284e-05,2.13973468e-05,-3.44651373e-09,-1.30258864e-04,-3.64055149e-04,3.41160837e-01,-3.36710489e-05,2.16867664e-05,6.30673466e-02,1.65920487e-07,-2.89419628e-07,1.03079894e-13,-1.31484115e-04,-3.65400137e-04,-3.44661681e-09,1.22525147e-06,1.34498826e-06
1.60100000e+03,4.04235465e-01,-3.35309176e-05,2.12562926e-05,-3.44196810e-09,-1.29873653e-04,-3.65321742e-04,3.41167738e-01,-3.37085792e-05,2.16263949e-05,6.30677275e-02,1.77661613e-07,-3.70102341e-07,1.04353755e-13,-1.31274115e-04,-3.66681508e-04,-3.44207245e-09,1.40046302e-06,1.35976592e-06
1.60200000e+03,4.04237954e-01,-3.35753883e-05,2.13631923e-05,-3.44239056e-09,-1.29519791e-04,-3.64549285e-04,3.41170764e-01,-3.37335130e-05,2.16572048e-05,6.30671883e-02,1.58124686e-07,-2.94012499e-07,1.01266236e-13,-1.30801891e-04,-3.65903305e-04,-3.44249183e-09,1.28210001e-06,1.35402087e-06
1.60300000e+03,4.04245233e-01,-3.34469140e-05,2.10308427e-05,-3.43570831e-09,-1.27362719e-04,-3.63376371e-04,3.41177659e-01,-3.36124803e-05,2.14023013e-05,6.30675719e-02,1.65566237e-07,-3.71458629e-07,1.00846835e-13,-1.28795597e-04,-3.64714965e-04,-3.43580916e-09,1.43287865e-06,1.33859388e-06
1.60400000e+03,4.04247719e-01,-3.32331367e-05,2.09201115e-05,-3.43382018e-09,-1.25017941e-04,-3.59374020e-04,3.41180685e-01,-3.33856106e-05,2.12071782e-05,6.30670335e-02,1.52473976e-07,-2.87066693e-07,9.55872350e-14,-1.26264476e-04,-3.60753161e-04,-3.43391577e-09,1.24653477e-06,1.37914114e-06
1.60500000e+03,4.04254982e-01,-3.25920501e-05,2.05482993e-05,-3.42726765e-09,-1.22065678e-04,-3.53361570e-04,3.41187564e-01,-3.27555960e-05,2.09205608e-05,6.30674190e-02,1.63545873e-07,-3.72261480e-07,9.49403821e-14,-1.23503173e-04,-3.54720689e-04,-3.42736259e-09,1.43749514e-06,1.35911856e-06
1.60600000e+03,4.04257402e-01,-3.19123417e-05,2.04015809e-05,-3.42458996e-09,-1.18772638e-04,-3.45345834e-04,3.41190522e-01,-3.20544810e-05,2.06849147e-05,6.30668821e-02,1.42139314e-07,-2.83333793e-07,9.06242502e-14,-1.20007351e-04,-3.46686916e-04,-3.42468058e-09,1.23471247e-06,1.34108185e-06
1.60700000e+03,4.04264580e-01,-3.10613125e-05,1.99412335e-05,-3.41667020e-09,-1.14734681e-04,-3.36690162e-04,3.41197314e-01,-3.12098197e-05,2.03091694e-05,6.30672665e-02,1.48507115e-07,-3.67935868e-07,8.63524975e-14,-1.16150981e-04,-3.38023617e-04,-3.41675655e-09,1.41630016e-06,1.33345521e-06
1.60800000e+03,4.04266926e-01,-2.99602266e-05,1.96069697e-05,-3.41298832e-09,-1.09972340e-04,-3.24654767e-04,3.41200195e-01,-3.00713718e-05,1.98701950e-05,6.30667288e-02,1.11145196e-07,-2.63225320e-07,8.17937753e-14,-1.11095758e-04,-3.25849269e-04,-3.41307012e-09,1.12341835e-06,1.19450170e-06
1.60900000e+03,4.04273998e-01,-2.88037262e-05,1.91805097e-05,-3.40892827e-09,-1.05536257e-04,-3.12923085e-04,3.41206886e-01,-2.89213643e-05,1.95306218e-05,6.30671117e-02,1.17638078e-07,-3.50112033e-07,8.00293680e-14,-1.06866430e-04,-3.14086339e-04,-3.40900830e-09,1.33017300e-06,1.16325371e-06
1.61000000e+03,4.04276193e-01,-2.76240564e-05,1.89288732e-05,-3.40814121e-09,-1.00633035e-04,-2.99555330e-04,3.41209623e-01,-2.76942174e-05,1.91762437e-05,6.30665678e-02,7.01610415e-08,-2.47370461e-07,7.71167505e-14,-1.01660559e-04,-3.00510156e-04,-3.40821833e-09,1.02752493e-06,9.54825399e-07
1.61100000e+03,4.04283094e-01,-2.65369053e-05,1.84008537e-05,-3.40281029e-09,-9.55031101e-05,-2.87303489e-04,3.41216151e-01,-2.65975244e-05,1.87305480e-05,6.30669448e-02,6.06190366e-08,-3.29694231e-07,7.53108975e-14,-9.66568447e-05,-2.88120164e-04,-3.40288561e-09,1.15373436e-06,8.16675272e-07
1.61200000e+03,4.04285136e-01,-2.55738620e-05,1.80943282e-05,-3.40223642e-09,-9.09042808e-05,-2.74546112e-04,3.41218740e-01,-2.56022301e-05,1.83285270e-05,6.30663951e-02,2.83681088e-08,-2.34198804e-07,6.68095941e-14,-9.18344503e-05,-2.75232254e-04,-3.40230323e-09,9.30169218e-07,6.86141750e-07
1.61300000e+03,4.04291898e-01,-2.43541484e-05,1.75741264e-05,-3.39991539e-09,-8.54009808e-05,-2.60969882e-04,3.41225131e-01,-2.43826779e-05,1.78832555e-05,6.30667674e-02,2.85294073e-08,-3.09129068e-07,6.47154551e-14,-8.64457088e-05,-2.61587320e-04,-3.39998010e-09,1.04472818e-06,6.17438200e-07
1.61400000e+03,4.04293785e-01,-2.34967395e-05,1.75565084e-05,-3.40123936e-09,-8.14171469e-05,-2.48475082e-04,3.41227568e-01,-2.34857879e-05,1.77656789e-05,6.30662169e-02,-1.09516051e-08,-2.09170516e-07,6.29011337e-14,-8.21801622e-05,-2.48929040e-04,-3.40130227e-09,7.63015146e-07,4.53957945e-07
1.61500000e+03,4.04300387e-01,-2.23914300e-05,1.70744688e-05,-3.39855585e-09,-7.64343155e-05,-2.35143152e-04,3.41233802e-01,-2.23866648e-05,1.73757505e-05,6.30665849e-02,-4.76520353e-09,-3.01281643e-07,6.18187860e-14,-7.73842498e-05,-2.35532073e-04,-3.39861766e-09,9.49934615e-07,3.88921105e-07
1.61600000e+03,4.04302153e-01,-2.13956050e-05,1.68313774e-05,-3.39927543e-09,-7.20907849e-05,-2.21442140e-04,3.41236120e-01,-2.13598173e-05,1.70274286e-05,6.30660344e-02,-3.57876460e-08,-1.96051181e-07,5.44053322e-14,-7.27697322e-05,-2.21702817e-04,-3.39932984e-09,6.78947189e-07,2.60676570e-07
1.61700000e+03,4.04308685e-01,-2.01554852e-05,1.65153731e-05,-3.39745791e-09,-6.75559329e-05,-2.07528816e-04,3.41242279e-01,-2.01096130e-05,1.67916182e-05,6.30664044e-02,-4.58722433e-08,-2.76245145e-07,5.57774096e-14,-6.83413590e-05,-2.07613938e-04,-3.39751368e-09,7.85426402e-07,8.51221562e-08
1.61800000e+03,4.04310354e-01,-1.91116991e-05,1.64603356e-05,-3.39742890e-09,-6.40479113e-05,-1.93723443e-04,3.41244507e-01,-1.90265393e-05,1.66385882e-05,6.30658485e-02,-8.51597313e-08,-1.78252554e-07,5.17029408e-14,-6.45777183e-05,-1.93617964e-04,-3.39748060e-09,5.29807308e-07,-1.05478250e-07
1.61900000e+03,4.04316773e-01,-1.79999564e-05,1.60967243e-05,-3.39466382e-09,-6.00288931e-05,-1.80501169e-04,3.41250558e-01,-1.79112186e-05,1.63638893e-05,6.30662161e-02,-8.87377616e-08,-2.67164919e-07,4.72800531e-14,-6.07212432e-05,-1.80283448e-04,-3.39471110e-09,6.92350229e-07,-2.17721524e-07
1.62000000e+03,4.04318403e-01,-1.69936034e-05,1.59710549e-05,-3.39555270e-09,-5.64213987e-05,-1.67144714e-04,3.41252745e-01,-1.68736581e-05,1.61355477e-05,6.30656598e-02,-1.19945298e-07,-1.64492896e-07,4.63902298e-14,-5.68532443e-05,-1.66757011e-04,-3.39559909e-09,4.31845193e-07,-3.87702744e-07
1.62100000e+03,4.04324830e-01,-1.57029242e-05,1.56700130e-05,-3.39156226e-09,-5.23039873e-05,-1.53816500e-04,3.41258803e-01,-1.55956900e-05,1.59239252e-05,6.30660262e-02,-1.07234205e-07,-2.53912223e-07,4.78406597e-14,-5.29088187e-05,-1.53396312e-04,-3.39161011e-09,6.04831335e-07,-4.20188157e-07
1.62200000e+03,4.04326421e-01,-1.46800781e-05,1.55674673e-05,-3.39186675e-09,-4.86680030e-05,-1.41059524e-04,3.41260951e-01,-1.45305699e-05,1.57309192e-05,6.30654692e-02,-1.49508246e-07,-1.63451900e-07,4.70486053e-14,-4.90449115e-05,-1.40425248e-04,-3.39191380e-09,3.76908635e-07,-6.34275697e-07
1.62300000e+03,4.04332793e-01,-1.36116964e-05,1.51700857e-05,-3.38643566e-09,-4.46366614e-05,-1.29306778e-04,3.41266958e-01,-1.34669120e-05,1.54146701e-05,6.30658341e-02,-1.44784419e-07,-2.44584447e-07,4.93443987e-14,-4.51344505e-05,-1.28597101e-04,-3.38648501e-09,4.97789077e-07,-7.09677321e-07
1.62400000e+03,4.04334400e-01,-1.25559580e-05,1.49301634e-05,-3.38668545e-09,-4.08161641e-05,-1.17057146e-04,3.41269121e-01,-1.23940246e-05,1.50842991e-05,6.30652785e-02,-1.61933430e-07,-1.54135812e-07,4.85542064e-14,-4.11370299e-05,-1.16283828e-04,-3.38673400e-09,3.20865834e-07,-7.73318702e-07
1.62500000e+03,4.04340811e-01,-1.13343802e-05,1.45128340e-05,-3.38125779e-09,-3.64795318e-05,-1.05036012e-04,3.41275167e-01,-1.11652917e-05,1.47459870e-05,6.30656454e-02,-1.69088430e-07,-2.33152941e-07,4.96072111e-14,-3.68789955e-05,-1.04076534e-04,-3.38130740e-09,3.99463664e-07,-9.59477224e-07
1.62600000e+03,4.04342395e-01,-1.05427838e-05,1.43758083e-05,-3.38244553e-09,-3.34856752e-05,-9.47816359e-05,3.41277307e-01,-1.03539748e-05,1.45241468e-05,6.30650871e-02,-1.88808937e-07,-1.48338461e-07,4.96380344e-14,-3.37097205e-05,-9.37212770e-05,-3.38249517e-09,2.24045315e-07,-1.06035923e-06
1.62700000e+03,4.04348783e-01,-9.37122781e-06,1.39482386e-05,-3.37644216e-09,-2.96958704e-05,-8.37907339e-05,3.41283331e-01,-9.18281867e-06,1.41828926e-05,6.30654536e-02,-1.88409131e-07,-2.34653994e-07,5.53437215e-14,-3.00516587e-05,-8.26380390e-05,-3.37649750e-09,3.55788386e-07,-1.15269468e-06
1.62800000e+03,4.04350428e-01,-8.41947038e-06,1.36398043e-05,-3.37489886e-09,-2.59339841e-05,-7.32915479e-05,3.41285529e-01,-8.21019568e-06,1.37794378e-05,6.30648996e-02,-2.09274721e-07,-1.39633448e-07,5.54523920e-14,-2.60862348e-05,-7.20147136e-05,-3.37495431e-09,1.52250650e-07,-1.27683463e-06
1.62900000e+03,4.04356871e-01,-7.13723062e-06,1.32392235e-05,-3.36838388e-09,-2.21686040e-05,-6.20309845e-05,3.41291600e-01,-6.92681531e-06,1.34731440e-05,6.30652684e-02,-2.10415284e-07,-2.33920466e-07,5.73001324e-14,-2.24766003e-05,-6.06060568e-05,-3.36844118e-09,3.07996355e-07,-1.42492786e-06
1.63000000e+03,4.04358485e-01,-6.21584595e-06,1.28567617e-05,-3.36824427e-09,-1.83552210e-05,-5.23776204e-05,3.41293775e-01,-5.98580236e-06,1.29858419e-05,6.30647117e-02,-2.30043626e-07,-1.29080137e-07,5.84631265e-14,-1.83708643e-05,-5.08867522e-05,-3.36830273e-09,1.56433670e-08,-1.49086829e-06
1.63100000e+03,4.04364916e-01,-4.93383760e-06,1.25029353e-05,-3.36094804e-09,-1.52095849e-05,-4.13453715e-05,3.41299831e-01,-4.70627083e-06,1.27299562e-05,6.30650836e-02,-2.27566755e-07,-2.27020955e-07,6.62891944e-14,-1.54358769e-05,-3.97548445e-05,-3.36101433e-09,2.26292002e-07,-1.59052706e-06
1.63200000e+03,4.04366577e-01,-4.03805243e-06,1.20586829e-05,-3.36229162e-09,-1.09722442e-05,-3.17336225e-05,3.41302045e-01,-3.80179280e-06,1.21887714e-05,6.30645308e-02,-2.36259639e-07,-1.30088446e-07,6.30516522e-14,-1.09643455e-05,-3.01067543e-05,-3.36235467e-09,-7.89864729e-09,-1.62686825e-06
1.63300000e+03,4.04373023e-01,-2.64882075e-06,1.15542773e-05,-3.35810488e-09,-7.22840418e-06,-2.07903953e-05,3.41308116e-01,-2.43632235e-06,1.17819768e-05,6.30649082e-02,-2.12498393e-07,-2.27699526e-07,6.21377094e-14,-7.42432334e-06,-1.92043461e-05,-3.35816702e-09,1.95919150e-07,-1.58604916e-06
1.63400000e+03,4.04374673e-01,-1.45613528e-06,1.11934393e-05,-3.36069690e-09,-3.57635801e-06,-9.85609091e-06,3.41310315e-01,-1.23529651e-06,1.13374960e-05,6.30643565e-02,-2.20838771e-07,-1.44056752e-07,6.20085863e-14,-3.64633710e-06,-8.29746791e-06,-3.36075891e-09,6.99790956e-08,-1.55862301e-06
1.63500000e+03,4.04381111e-01,6.69560757e-08,1.05742907e-05,-3.35647334e-09,1.47917669e-06,2.52364238e-06,3.41316373e-01,2.81158862e-07,1.08135500e-05,6.30647385e-02,-2.14202786e-07,-2.39259262e-07,6.24964121e-14,1.23632684e-06,4.15803076e-06,-3.35653583e-09,2.42849852e-07,-1.63438839e-06
1.63600000e+03,4.04382753e-01,1.27563600e-06,1.00641684e-05,-3.35973769e-09,5.94485189e-06,1.35554895e-05,3.41318559e-01,1.46731068e-06,1.02262726e-05,6.30641947e-02,-1.91674679e-07,-1.62104215e-07,5.89204675e-14,5.78962713e-06,1.49533162e-05,-3.35979661e-09,1.55224758e-07,-1.39782674e-06
1.63700000e+03,4.04389184e-01,3.21443051e-06,9.41373915e-06,-3.35831483e-09,1.04976889e-05,2.82058656e-05,3.41324600e-01,3.39491651e-06,9.66900114e-06,6.30645829e-02,-1.80486002e-07,-2.55262016e-07,5.77055747e-14,1.01247521e-05,2.96447253e-05,-3.35837253e-09,3.72936749e-07,-1.43885976e-06
1.63800000e+03,4.04390798e-01,4.69915006e-06,8.78475151e-06,-3.36066179e-09,1.66114711e-05,4.11022112e-05,3.41326750e-01,4.87030410e-06,8.95436739e-06,6.30640484e-02,-1.71154076e-07,-1.69615854e-07,5.40223426e-14,1.64059594e-05,4.23934135e-05,-3.36071582e-09,2.05511685e-07,-1.29120228e-06
1.63900000e+03,4.04397194e-01,6.58231415e-06,8.14744068e-06,-3.35748497e-09,2.16801465e-05,5.57703763e-05,3.41332750e-01,6.73336315e-06,8.42252625e-06,6.30644437e-02,-1.51048975e-07,-2.75085578e-07,5.31431022e-14,2.12211758e-05,5.70460441e-05,-3.35753811e-09,4.58970742e-07,-1.27566804e-06
1.64000000e+03,4.04398789e-01,8.26523658e-06,7.42785482e-06,-3.36138867e-09,2.73752298e-05,6.97611102e-05,3.41334874e-01,8.42057384e-06,7.61708763e-06,6.30639146e-02,-1.55337237e-07,-1.89232818e-07,4.79825567e-14,2.70462778e-05,7.09202514e-05,-3.36143665e-09,3.28952050e-07,-1.15914128e-06
1.64100000e+03,4.04405161e-01,1.02852775e-05,6.50132377e-06,-3.35940185e-09,3.44622929e-05,8.55954636e-05,3.41340847e-01,1.04125687e-05,6.79269418e-06,6.30643153e-02,-1.27291130e-07,-2.91370403e-07,4.06180215e-14,3.38676834e-05,8.67032041e-05,-3.35944246e-09,5.94609534e-07,-1.10774024e-06
1.64200000e+03,4.04406710e-01,1.17794007e-05,5.87591670e-06,-3.36249505e-09,4.07046101e-05,9.89479135e-05,3.41342918e-01,1.19004405e-05,6.07828327e-06,6.30637909e-02,-1.21039693e-07,-2.02366577e-07,3.64844654e-14,4.02724174e-05,9.99008162e-05,-3.36253153e-09,4.32192665e-07,-9.52902386e-07
1.64300000e+03,4.04413012e-01,1.36405398e-05,5.23897513e-06,-3.36110768e-09,4.64447141e-05,1.13838161e-04,3.41348820e-01,1.37596153e-05,5.54514376e-06,6.30641912e-02,-1.19075527e-07,-3.06168633e-07,3.46325014e-14,4.57656945e-05,1.14843648e-04,-3.36114232e-09,6.79019511e-07,-1.00548795e-06
1.64400000e+03,4.04414475e-01,1.48728438e-05,4.47202593e-06,-3.36737554e-09,5.28294765e-05,1.25981695e-04,3.41350808e-01,1.49863025e-05,4.69851733e-06,6.30636668e-02,-1.13458766e-07,-2.26491404e-07,2.52757195e-14,5.22213753e-05,1.26816207e-04,-3.36740081e-09,6.08101230e-07,-8.34512933e-07
1.64500000e+03,4.04420684e-01,1.63866133e-05,3.70023442e-06,-3.36771795e-09,5.94141793e-05,1.39306147e-04,3.41356613e-01,1.64813138e-05,4.01839870e-06,6.30640694e-02,-9.47004835e-08,-3.18164277e-07,2.08153363e-14,5.85955243e-05,1.40096503e-04,-3.36773876e-09,8.18654856e-07,-7.90356824e-07
1.64600000e+03,4.04422042e-01,1.73775236e-05,3.27548128e-06,-3.37454400e-09,6.46285214e-05,1.50878428e-04,3.41358499e-01,1.74679278e-05,3.50758167e-06,6.30635434e-02,-9.04043024e-08,-2.32100383e-07,1.91345904e-14,6.39410065e-05,1.51511232e-04,-3.37456313e-09,6.87514892e-07,-6.32803842e-07
1.64700000e+03,4.04428118e-01,1.85099902e-05,2.77363910e-06,-3.37698176e-09,6.99804037e-05,1.62234570e-04,3.41364177e-01,1.86094916e-05,3.09405034e-06,6.30639430e-02,-9.95013722e-08,-3.20411234e-07,1.55818282e-14,6.91339993e-05,1.62984221e-04,-3.37699734e-09,8.46404655e-07,-7.49650762e-07
1.64800000e+03,4.04429367e-01,1.89108607e-05,2.53098370e-06,-3.38381932e-09,7.37809926e-05,1.70098890e-04,3.41365953e-01,1.90154652e-05,2.77673713e-06,6.30634127e-02,-1.04604554e-07,-2.45753435e-07,7.34020820e-15,7.30049392e-05,1.70771402e-04,-3.38382666e-09,7.76053363e-07,-6.72512054e-07
1.64900000e+03,4.04435366e-01,1.97681002e-05,2.14754156e-06,-3.38257858e-09,7.80486769e-05,1.79362577e-04,3.41371556e-01,1.98578001e-05,2.45376611e-06,6.30638095e-02,-8.96998687e-08,-3.06224554e-07,1.88800336e-15,7.72619650e-05,1.80011506e-04,-3.38258047e-09,7.86712181e-07,-6.48928729e-07
1.65000000e+03,4.04436498e-01,1.98991372e-05,2.29064750e-06,-3.38878175e-09,7.96990202e-05,1.85328042e-04,3.41373225e-01,2.00006557e-05,2.52473026e-06,6.30632742e-02,-1.01518404e-07,-2.34082766e-07,-2.37136800e-15,7.89474206e-05,1.85947910e-04,-3.38877937e-09,7.51599568e-07,-6.19868092e-07
1.65100000e+03,4.04442349e-01,2.01645064e-05,2.26344705e-06,-3.38651485e-09,8.23524418e-05,1.90524934e-04,3.41378683e-01,2.02555622e-05,2.57194714e-06,6.30636648e-02,-9.10558166e-08,-3.08500086e-07,-3.58182548e-15,8.15328137e-05,1.91166666e-04,-3.38651127e-09,8.19628425e-07,-6.41732875e-07
1.65200000e+03,4.04443369e-01,2.01886879e-05,2.53457183e-06,-3.39183662e-09,8.28056337e-05,1.95019684e-04,3.41380238e-01,2.02763994e-05,2.76655692e-06,6.30631311e-02,-8.77115529e-08,-2.31985095e-07,-1.19228436e-14,8.20896226e-05,1.95509312e-04,-3.39182470e-09,7.16011356e-07,-4.89628038e-07
1.65300000e+03,4.04449157e-01,2.04996650e-05,2.77988561e-06,-3.39132295e-09,8.28263153e-05,2.00440394e-04,3.41385638e-01,2.05707675e-05,3.09899956e-06,6.30635189e-02,-7.11024748e-08,-3.19113953e-07,-1.36348274e-14,8.19342869e-05,2.00930703e-04,-3.39130931e-09,8.92028043e-07,-4.90308659e-07
1.65400000e+03,4.04450107e-01,2.02711458e-05,3.07675491e-06,-3.39401888e-09,8.27030044e-05,2.03090012e-04,3.41387124e-01,2.03647002e-05,3.31244454e-06,6.30629809e-02,-9.35544373e-08,-2.35689630e-07,-1.43310947e-14,8.19534964e-05,2.03612701e-04,-3.39400455e-09,7.49508103e-07,-5.22689543e-07
1.65500000e+03,4.04455798e-01,2.00898107e-05,3.30161511e-06,-3.39036149e-09,8.34085909e-05,2.04756332e-04,3.41392433e-01,2.01429838e-05,3.63461322e-06,6.30633660e-02,-5.31730307e-08,-3.32998109e-07,-1.46088742e-14,8.24395851e-05,2.05092235e-04,-3.39034688e-09,9.69005885e-07,-3.35902326e-07
1.65600000e+03,4.04456666e-01,1.99878566e-05,3.55089273e-06,-3.39672442e-09,8.31151065e-05,2.08158735e-04,3.41393841e-01,2.00531139e-05,3.79026669e-06,6.30628245e-02,-6.52573053e-08,-2.39373963e-07,-1.37589019e-14,8.23669091e-05,2.08494775e-04,-3.39671066e-09,7.48197284e-07,-3.36039869e-07
1.65700000e+03,4.04462303e-01,2.01382932e-05,3.88185272e-06,-3.39577538e-09,8.21518040e-05,2.11373075e-04,3.41399094e-01,2.01812590e-05,4.20241513e-06,6.30632100e-02,-4.29658006e-08,-3.20562425e-07,-1.29413922e-14,8.12708523e-05,2.11669007e-04,-3.39576244e-09,8.80951373e-07,-2.95932475e-07
1.65800000e+03,4.04463135e-01,1.98056432e-05,4.15498016e-06,-3.40086078e-09,8.15143394e-05,2.12900508e-04,3.41400468e-01,1.98760604e-05,4.40861821e-06,6.30626669e-02,-7.04171291e-08,-2.53638058e-07,-1.51480615e-14,8.06734141e-05,2.13237740e-04,-3.40084563e-09,8.40925407e-07,-3.37232519e-07
1.65900000e+03,4.04468765e-01,1.99147985e-05,4.20774825e-06,-3.39480196e-09,8.25373851e-05,2.16649286e-04,3.41405714e-01,1.99442212e-05,4.53256585e-06,6.30630509e-02,-2.94227509e-08,-3.24817587e-07,-1.07430152e-14,8.16418426e-05,2.16798402e-04,-3.39479121e-09,8.95542111e-07,-1.49116240e-07
1.66000000e+03,4.04469621e-01,2.01903041e-05,4.47095360e-06,-3.39753192e-09,8.17038971e-05,2.22537037e-04,3.41407112e-01,2.02258415e-05,4.73481275e-06,6.30625098e-02,-3.55373860e-08,-2.63859169e-07,-1.09348927e-14,8.08184881e-05,2.22629740e-04,-3.39752098e-09,8.85409026e-07,-9.27036686e-08
1.66100000e+03,4.04475301e-01,2.07161636e-05,4.20320802e-06,-3.39002785e-09,8.41806201e-05,2.28455763e-04,3.41412399e-01,2.07210810e-05,4.53063273e-06,6.30629019e-02,-4.91735886e-09,-3.27424684e-07,-1.14117643e-14,8.32570215e-05,2.28411054e-04,-3.39001644e-09,9.23598407e-07,4.47088522e-08
1.66200000e+03,4.04476223e-01,2.10335125e-05,4.45513844e-06,-3.39423914e-09,8.36414506e-05,2.35337287e-04,3.41413856e-01,2.10443160e-05,4.74430645e-06,6.30623654e-02,-1.08034651e-08,-2.89168002e-07,-6.28286453e-15,8.25567604e-05,2.35204720e-04,-3.39423286e-09,1.08469011e-06,1.32566863e-07
1.66300000e+03,4.04481972e-01,2.20048901e-05,3.88523500e-06,-3.38517817e-09,8.88777147e-05,2.45053896e-04,3.41419212e-01,2.19805692e-05,4.22637469e-06,6.30627615e-02,2.43209584e-08,-3.41139700e-07,-4.88918239e-15,8.78441272e-05,2.44739086e-04,-3.38517327e-09,1.03358753e-06,3.14809731e-07
1.66400000e+03,4.04482988e-01,2.28903229e-05,3.86587171e-06,-3.38439486e-09,9.03505220e-05,2.55318401e-04,3.41420757e-01,2.28681388e-05,4.15092907e-06,6.30622289e-02,2.21841490e-08,-2.85057365e-07,-4.91387953e-15,8.92786131e-05,2.54910801e-04,-3.38438994e-09,1.07190887e-06,4.07600134e-07
1.66500000e+03,4.04488847e-01,2.41461751e-05,3.34094410e-06,-3.38048722e-09,9.46770984e-05,2.66709455e-04,3.41426217e-01,2.40840537e-05,3.70001738e-06,6.30626284e-02,6.21214125e-08,-3.59073273e-07,-3.29238116e-15,9.34810695e-05,2.66138009e-04,-3.38048393e-09,1.19602909e-06,5.71446717e-07
1.66600000e+03,4.04489971e-01,2.55210889e-05,2.84380385e-06,-3.38291175e-09,9.96883872e-05,2.80377444e-04,3.41427872e-01,2.55063321e-05,3.13315155e-06,6.30620974e-02,1.47567649e-08,-2.89347702e-07,-2.33457360e-15,9.86099629e-05,2.80045125e-04,-3.38290941e-09,1.07842428e-06,3.32318565e-07
1.66700000e+03,4.04495939e-01,2.64464026e-05,2.18384149e-06,-3.37846226e-09,1.04762963e-04,2.89006308e-04,3.41433447e-01,2.63914644e-05,2.55042435e-06,6.30624915e-02,5.49382405e-08,-3.66582858e-07,-4.07344806e-16,1.03542805e-04,2.88474739e-04,-3.37846186e-09,1.22015748e-06,5.31568687e-07
1.66800000e+03,4.04497195e-01,2.76600088e-05,1.86898000e-06,-3.38053925e-09,1.08170490e-04,3.01100581e-04,3.41435234e-01,2.76600911e-05,2.17013569e-06,6.30619612e-02,-8.23295899e-11,-3.01155693e-07,-3.98445959e-15,1.07029681e-04,3.00901699e-04,-3.38053527e-09,1.14080883e-06,1.98881764e-07
1.66900000e+03,4.04503319e-01,2.87530404e-05,9.78826939e-07,-3.37695381e-09,1.14799768e-04,3.09900158e-04,3.41440964e-01,2.87025472e-05,1.33966175e-06,6.30623541e-02,5.04931556e-08,-3.60834807e-07,-5.30254255e-15,1.13668544e-04,3.09476476e-04,-3.37694851e-09,1.13122461e-06,4.23682506e-07
1.67000000e+03,4.04504712e-01,2.97957787e-05,5.35584311e-07,-3.37938652e-09,1.18252751e-04,3.19837934e-04,3.41442890e-01,2.97836149e-05,8.37631289e-07,6.30618227e-02,1.21638328e-08,-3.02046978e-07,-6.80029012e-15,1.17142816e-04,3.19627478e-04,-3.37937972e-09,1.10993431e-06,2.10455927e-07
1.67100000e+03,4.04510924e-01,3.07499472e-05,8.31326179e-09,-3.37724073e-09,1.22221189e-04,3.26963894e-04,3.41448708e-01,3.07173742e-05,3.69015292e-07,6.30622180e-02,3.25730416e-08,-3.60702030e-07,-9.13196435e-15,1.21079005e-04,3.26681120e-04,-3.37723160e-09,1.14218490e-06,2.82774268e-07
1.67200000e+03,4.04512368e-01,3.14364315e-05,-2.89869810e-07,-3.37877208e-09,1.24626460e-04,3.33471818e-04,3.41450677e-01,3.14196489e-05,5.98690663e-09,6.30616897e-02,1.67826032e-08,-2.95856716e-07,-1.45213715e-14,1.23580586e-04,3.33274418e-04,-3.37875756e-09,1.04587394e-06,1.97400058e-07
1.67300000e+03,4.04518662e-01,3.22828965e-05,-7.02336416e-07,-3.37900359e-09,1.26915460e-04,3.39346957e-04,3.41456570e-01,3.22338883e-05,-3.26727423e-07,6.30620904e-02,4.90081870e-08,-3.75608991e-07,-1.54915675e-14,1.25716521e-04,3.39006568e-04,-3.37898810e-09,1.19893894e-06,3.40389179e-07
1.67400000e+03,4.04520160e-01,3.27593310e-05,-9.24541199e-07,-3.38678452e-09,1.28238948e-04,3.43609547e-04,3.41458594e-01,3.27364745e-05,-6.18221242e-07,6.30615652e-02,2.28565527e-08,-3.06319955e-07,-2.11819386e-14,1.27154353e-04,3.43397223e-04,-3.38676334e-09,1.08459565e-06,2.12323821e-07
1.67500000e+03,4.04526451e-01,3.31825300e-05,-1.37822253e-06,-3.38642142e-09,1.30385891e-04,3.45680222e-04,3.41464485e-01,3.31368593e-05,-1.00360310e-06,6.30619682e-02,4.56706420e-08,-3.74619434e-07,-2.50133824e-14,1.29222063e-04,3.45399101e-04,-3.38639641e-09,1.16382788e-06,2.81120660e-07
1.67600000e+03,4.04527968e-01,3.33565173e-05,-1.33899268e-06,-3.39154279e-09,1.29642828e-04,3.46505583e-04,3.41466520e-01,3.33315402e-05,-1.03965774e-06,6.30614465e-02,2.49770833e-08,-2.99334941e-07,-3.37229877e-14,1.28609214e-04,3.46289678e-04,-3.39150906e-09,1.03361370e-06,2.15905308e-07
1.67700000e+03,4.04534294e-01,3.34102729e-05,-1.32790165e-06,-3.39817688e-09,1.28788713e-04,3.45273705e-04,3.41472438e-01,3.33748434e-05,-9.60126584e-07,6.30618550e-02,3.54294583e-08,-3.67775070e-07,-3.96602947e-14,1.27632045e-04,3.45111650e-04,-3.39813722e-09,1.15666834e-06,1.62055976e-07
1.67800000e+03,4.04535768e-01,3.28808069e-05,-1.14137964e-06,-3.40603295e-09,1.27234599e-04,3.40406920e-04,3.41474436e-01,3.28550087e-05,-8.29643141e-07,6.30613322e-02,2.57982575e-08,-3.11736497e-07,-4.55554548e-14,1.26162707e-04,3.40235084e-04,-3.40598740e-09,1.07189238e-06,1.71836659e-07
1.67900000e+03,4.04542020e-01,3.25318550e-05,-1.29903824e-06,-3.41056408e-09,1.26037031e-04,3.35236365e-04,3.41480277e-01,3.25037102e-05,-9.41087904e-07,6.30617410e-02,2.81448450e-08,-3.57950335e-07,-5.12015854e-14,1.24971260e-04,3.35176052e-04,-3.41051288e-09,1.06577078e-06,6.03124255e-08
1.68000000e+03,4.04543463e-01,3.16423474e-05,-6.34139412e-07,-3.41899031e-09,1.21182628e-04,3.26173831e-04,3.41482240e-01,3.16238299e-05,-3.40249794e-07,6.30612221e-02,1.85174703e-08,-2.93889617e-07,-5.96432605e-14,1.20229242e-04,3.26073995e-04,-3.41893067e-09,9.53386637e-07,9.98356908e-08
1.68100000e+03,4.04549645e-01,3.07961857e-05,-2.43263622e-07,-3.42548254e-09,1.16516737e-04,3.17005919e-04,3.41488013e-01,3.07750503e-05,1.26939405e-07,6.30616333e-02,2.11354030e-08,-3.70203028e-07,-6.36156485e-14,1.15379472e-04,3.17025303e-04,-3.42541892e-09,1.13726409e-06,-1.93841372e-08
1.68200000e+03,4.04550995e-01,2.92860521e-05,8.15220055e-08,-3.43342704e-09,1.12619138e-04,3.03397991e-04,3.41489881e-01,2.92720623e-05,3.76061554e-07,6.30611143e-02,1.39898491e-08,-2.94539548e-07,-7.02675829e-14,1.11709668e-04,3.03359719e-04,-3.43335677e-09,9.09469925e-07,3.82711574e-08
1.68300000e+03,4.04557095e-01,2.80952281e-05,8.18407211e-07,-3.43930530e-09,1.05134651e-04,2.90628475e-04,3.41495570e-01,2.80797654e-05,1.18584547e-06,6.30615259e-02,1.54626418e-08,-3.67438265e-07,-7.23507997e-14,1.04036186e-04,2.90734286e-04,-3.43923295e-09,1.09846505e-06,-1.05810321e-07
1.68400000e+03,4.04558328e-01,2.63894760e-05,1.78995489e-06,-3.44626703e-09,9.71949541e-05,2.73954040e-04,3.41497320e-01,2.63738512e-05,2.07570165e-06,6.30610085e-02,1.56248301e-08,-2.85746756e-07,-7.84425036e-14,9.63382500e-05,2.73963625e-04,-3.44618858e-09,8.56704404e-07,-9.58457802e-09
1.68500000e+03,4.04564304e-01,2.46733962e-05,2.62983277e-06,-3.45428085e-09,8.88351013e-05,2.56514669e-04,3.41502883e-01,2.46556453e-05,2.99784742e-06,6.30614216e-02,1.77509598e-08,-3.68014648e-07,-8.20776846e-14,8.77415451e-05,2.56656104e-04,-3.45419877e-09,1.09355649e-06,-1.41435738e-07
1.68600000e+03,4.04565413e-01,2.26795875e-05,3.40467434e-06,-3.46354597e-09,8.15057797e-05,2.37561491e-04,3.41504503e-01,2.26577910e-05,3.70151461e-06,6.30609073e-02,2.17965222e-08,-2.96840267e-07,-8.59463448e-14,8.05834975e-05,2.37558846e-04,-3.46346003e-09,9.22282264e-07,2.64450256e-09
1.68700000e+03,4.04571229e-01,2.09135142e-05,4.35249933e-06,-3.47017683e-09,7.21713210e-05,2.19282932e-04,3.41509904e-01,2.08786301e-05,4.73040515e-06,6.30613228e-02,3.48840999e-08,-3.77905808e-07,-8.57548405e-14,7.10329717e-05,2.19338040e-04,-3.47009108e-09,1.13834940e-06,-5.51081269e-08
1.68800000e+03,4.04572151e-01,1.88297033e-05,5.41070934e-06,-3.47734157e-09,6.28524941e-05,1.99083185e-04,3.41511340e-01,1.88156070e-05,5.70709464e-06,6.30608120e-02,1.40963175e-08,-2.96385312e-07,-8.95806353e-14,6.19330854e-05,1.99187189e-04,-3.47725199e-09,9.19408916e-07,-1.04003213e-07
1.68900000e+03,4.04577800e-01,1.66133873e-05,6.45137354e-06,-3.48573053e-09,5.30981283e-05,1.76775992e-04,3.41516572e-01,1.65676211e-05,6.83615594e-06,6.30612295e-02,4.57662014e-08,-3.84782384e-07,-9.49706091e-14,5.19352874e-05,1.76812530e-04,-3.48563555e-09,1.16284074e-06,-3.65373467e-08
1.69000000e+03,4.04578539e-01,1.43186191e-05,7.29193994e-06,-3.49344278e-09,4.48369352e-05,1.55262323e-04,3.41517817e-01,1.42880916e-05,7.60219522e-06,6.30607221e-02,3.05275000e-08,-3.10255274e-07,-9.41866409e-14,4.38315390e-05,1.55279375e-04,-3.49334860e-09,1.00539623e-06,-1.70522849e-08
1.69100000e+03,4.04583977e-01,1.22304616e-05,8.27019814e-06,-3.50324669e-09,3.53873371e-05,1.34117463e-04,3.41522834e-01,1.21765620e-05,8.65310574e-06,6.30611435e-02,5.38995177e-08,-3.82907571e-07,-9.39273268e-14,3.42416457e-05,1.34103104e-04,-3.50315276e-09,1.14569139e-06,1.43597059e-08
1.69200000e+03,4.04584495e-01,9.98994026e-06,9.49859545e-06,-3.51171077e-09,2.54301465e-05,1.12473579e-04,3.41523857e-01,9.92538196e-06,9.80210794e-06,6.30606370e-02,6.45582849e-08,-3.03512479e-07,-9.90915121e-14,2.44649731e-05,1.12304780e-04,-3.51161168e-09,9.65173383e-07,1.68798286e-07
1.69300000e+03,4.04589712e-01,8.24076124e-06,1.05216343e-05,-3.52530496e-09,1.57711466e-05,9.30228094e-05,3.41528653e-01,8.16572640e-06,1.09234657e-05,6.30610602e-02,7.50348368e-08,-4.01831378e-07,-9.71830720e-14,1.44920910e-05,9.28790557e-05,-3.52520778e-09,1.27905552e-06,1.43753827e-07
1.69400000e+03,4.04590046e-01,6.03360940e-06,1.12748341e-05,-3.53756888e-09,8.63144032e-06,7.19849689e-05,3.41529493e-01,5.94890813e-06,1.15907792e-05,6.30605537e-02,8.47012998e-08,-3.15945021e-07,-9.76624941e-14,7.60468413e-06,7.16772639e-05,-3.53747121e-09,1.02675618e-06,3.07705153e-07
1.69500000e+03,4.04595077e-01,4.17561885e-06,1.23532276e-05,-3.54789654e-09,-1.24365359e-06,5.24397254e-05,3.41534104e-01,4.06089670e-06,1.27724686e-05,6.30609735e-02,1.14722144e-07,-4.19241036e-07,-1.00613994e-13,-2.62806808e-06,5.20201412e-05,-3.54779592e-09,1.38441449e-06,4.19583911e-07
1.69600000e+03,4.04595197e-01,2.50535375e-06,1.31464829e-05,-3.55941048e-09,-8.39337688e-06,3.46087881e-05,3.41534725e-01,2.39632333e-06,1.34778635e-05,6.30604704e-02,1.09030414e-07,-3.31380611e-07,-1.01389913e-13,-9.52191288e-06,3.41035091e-05,-3.55930909e-09,1.12853602e-06,5.05278930e-07
1.69700000e+03,4.04600068e-01,1.02536336e-06,1.38746920e-05,-3.57086335e-09,-1.61481369e-05,1.75824315e-05,3.41539174e-01,8.85929255e-07,1.43016595e-05,6.30608941e-02,1.39434098e-07,-4.26967558e-07,-1.03840600e-13,-1.76054416e-05,1.70290227e-05,-3.57075951e-09,1.45730472e-06,5.53408796e-07
1.69800000e+03,4.04600080e-01,-5.57060678e-07,1.45490280e-05,-3.57944580e-09,-2.21280073e-05,3.03264703e-07,3.41539685e-01,-6.97966233e-07,1.48851238e-05,6.30603922e-02,1.40905556e-07,-3.36095851e-07,-1.04932381e-13,-2.32936911e-05,-4.21159227e-07,-3.57934087e-09,1.16568378e-06,7.24423931e-07
1.69900000e+03,4.04604799e-01,-1.86981845e-06,1.52914140e-05,-3.58752855e-09,-2.96762293e-05,-1.58069053e-05,3.41543981e-01,-2.04276885e-06,1.57318708e-05,6.30608155e-02,1.72950394e-07,-4.40456770e-07,-1.02127889e-13,-3.12091358e-05,-1.66174013e-05,-3.58742643e-09,1.53290647e-06,8.10496039e-07
1.70000000e+03,4.04604678e-01,-3.07079132e-06,1.57949537e-05,-3.59389353e-09,-3.48480211e-05,-3.07989864e-05,3.41544362e-01,-3.25155271e-06,1.61480441e-05,6.30603156e-02,1.80761392e-07,-3.53090426e-07,-1.04733990e-13,-3.61559270e-05,-3.17949890e-05,-3.59378880e-09,1.30790583e-06,9.96002567e-07
1.70100000e+03,4.04609342e-01,-4.05984608e-06,1.64559472e-05,-3.60182038e-09,-4.17223493e-05,-4.49281307e-05,3.41548601e-01,-4.26849109e-06,1.69051289e-05,6.30607420e-02,2.08645019e-07,-4.49181640e-07,-1.09438307e-13,-4.33299752e-05,-4.59921060e-05,-3.60171094e-09,1.60762590e-06,1.06397533e-06
1.70200000e+03,4.04609164e-01,-5.37027229e-06,1.69128133e-05,-3.60363196e-09,-4.69839966e-05,-6.05571162e-05,3.41548920e-01,-5.57853165e-06,1.72844513e-05,6.30602425e-02,2.08259358e-07,-3.71638011e-07,-1.06412535e-13,-4.83963653e-05,-6.17778795e-05,-3.60352555e-09,1.41236870e-06,1.22076322e-06
1.70300000e+03,4.04613746e-01,-6.41681500e-06,1.73314846e-05,-3.60823904e-09,-5.27387959e-05,-7.46330564e-05,3.41553074e-01,-6.64496314e-06,1.78013190e-05,6.30606708e-02,2.28148139e-07,-4.69834394e-07,-1.06758014e-13,-5.44846136e-05,-7.58855475e-05,-3.60813228e-09,1.74581774e-06,1.25249089e-06
1.70400000e+03,4.04613552e-01,-7.71669417e-06,1.78817147e-05,-3.61152857e-09,-5.80601915e-05,-9.05633512e-05,3.41553374e-01,-7.94933695e-06,1.82581211e-05,6.30601771e-02,2.32642795e-07,-3.76406461e-07,-1.12378816e-13,-5.95383149e-05,-9.20149176e-05,-3.61141619e-09,1.47812329e-06,1.45156628e-06
1.70500000e+03,4.04618177e-01,-8.76747436e-06,1.83809517e-05,-3.61600513e-09,-6.42433420e-05,-1.05094485e-04,3.41557569e-01,-9.01910495e-06,1.88513723e-05,6.30606086e-02,2.51630591e-07,-4.70420626e-07,-1.12126540e-13,-6.59974986e-05,-1.06550567e-04,-3.61589300e-09,1.75415674e-06,1.45608165e-06
1.70600000e+03,4.04618037e-01,-1.01987960e-05,1.88816636e-05,-3.61483136e-09,-7.01594565e-05,-1.21120083e-04,3.41557920e-01,-1.04522709e-05,1.92728150e-05,6.30601180e-02,2.53474899e-07,-3.91151401e-07,-1.12242154e-13,-7.17730355e-05,-1.22748717e-04,-3.61471912e-09,1.61357860e-06,1.62863434e-06
1.70700000e+03,4.04622714e-01,-1.14268582e-05,1.94035702e-05,-3.61362200e-09,-7.60187933e-05,-1.36286961e-04,3.41562163e-01,-1.16893880e-05,1.98819782e-05,6.30605518e-02,2.62529841e-07,-4.78408109e-07,-1.16233291e-13,-7.78524750e-05,-1.37876801e-04,-3.61350577e-09,1.83368184e-06,1.58984058e-06
1.70800000e+03,4.04622659e-01,-1.30111993e-05,1.99874459e-05,-3.60797893e-09,-8.19058008e-05,-1.53931238e-04,3.41562594e-01,-1.32709746e-05,2.03855679e-05,6.30600651e-02,2.59775272e-07,-3.98122005e-07,-1.17985343e-13,-8.35677674e-05,-1.55667236e-04,-3.60786094e-09,1.66196698e-06,1.73599886e-06
1.70900000e+03,4.04627483e-01,-1.43540899e-05,2.04705892e-05,-3.60763645e-09,-8.82259580e-05,-1.69472880e-04,3.41566980e-01,-1.46256898e-05,2.09470965e-05,6.30605031e-02,2.71599866e-07,-4.76507285e-07,-1.22702316e-13,-9.00534229e-05,-1.71181092e-04,-3.60751375e-09,1.82746493e-06,1.70821202e-06
1.71000000e+03,4.04627584e-01,-1.62217435e-05,2.12557854e-05,-3.60333778e-09,-9.56044454e-05,-1.87783464e-04,3.41567567e-01,-1.64894827e-05,2.16622687e-05,6.30600172e-02,2.67739176e-07,-4.06483296e-07,-1.25068221e-13,-9.73454075e-05,-1.89598888e-04,-3.60321271e-09,1.74096232e-06,1.81542515e-06
1.71100000e+03,4.04632572e-01,-1.76649950e-05,2.16728223e-05,-3.59548274e-09,-1.01171682e-04,-2.04353949e-04,3.41572113e-01,-1.79384721e-05,2.21454141e-05,6.30604572e-02,2.73477139e-07,-4.72591825e-07,-1.23476892e-13,-1.02981874e-04,-2.06093504e-04,-3.59535926e-09,1.81019208e-06,1.73955512e-06
1.71200000e+03,4.04632887e-01,-1.94561453e-05,2.25790938e-05,-3.58762498e-09,-1.09295396e-04,-2.22951560e-04,3.41572916e-01,-1.97236117e-05,2.29793383e-05,6.30599729e-02,2.67466342e-07,-4.00244517e-07,-1.29016135e-13,-1.10999764e-04,-2.24798934e-04,-3.58749597e-09,1.70436792e-06,1.84737377e-06
1.71300000e+03,4.04638147e-01,-2.11333238e-05,2.32432318e-05,-3.58020773e-09,-1.16329219e-04,-2.40481437e-04,3.41577733e-01,-2.13994318e-05,2.37169948e-05,6.30604125e-02,2.66108008e-07,-4.73762940e-07,-1.34744261e-13,-1.18128894e-04,-2.42193068e-04,-3.58007298e-09,1.79967468e-06,1.71163011e-06
1.71400000e+03,4.04638691e-01,-2.30778785e-05,2.39365266e-05,-3.56995487e-09,-1.23459242e-04,-2.59554212e-04,3.41578764e-01,-2.33298142e-05,2.43326681e-05,6.30599281e-02,2.51935674e-07,-3.96141480e-07,-1.34957772e-13,-1.25097969e-04,-2.61293562e-04,-3.56981992e-09,1.63872646e-06,1.73935013e-06
1.71500000e+03,4.04644149e-01,-2.46227340e-05,2.45016526e-05,-3.55614827e-09,-1.30170826e-04,-2.76548326e-04,3.41583779e-01,-2.48841452e-05,2.49657840e-05,6.30603701e-02,2.61411263e-07,-4.64131409e-07,-1.40510671e-13,-1.31901479e-04,-2.78262695e-04,-3.55600777e-09,1.73065302e-06,1.71436944e-06
1.71600000e+03,4.04644904e-01,-2.65073064e-05,2.54282925e-05,-3.54415846e-09,-1.37829071e-04,-2.94810210e-04,3.41585013e-01,-2.67694070e-05,2.58158939e-05,6.30598912e-02,2.62100596e-07,-3.87601479e-07,-1.47158820e-13,-1.39410973e-04,-2.96652195e-04,-3.54401130e-09,1.58190230e-06,1.84198545e-06
1.71700000e+03,4.04650565e-01,-2.78755163e-05,2.59166252e-05,-3.53309055e-09,-1.43879465e-04,-3.09746344e-04,3.41590226e-01,-2.81352961e-05,2.63753189e-05,6.30603374e-02,2.59779864e-07,-4.58693684e-07,-1.47853315e-13,-1.45558406e-04,-3.11468358e-04,-3.53294269e-09,1.67894081e-06,1.72201401e-06
1.71800000e+03,4.04651529e-01,-2.96331741e-05,2.66561779e-05,-3.51977256e-09,-1.50959390e-04,-3.26250715e-04,3.41591671e-01,-2.98983350e-05,2.70383572e-05,6.30598581e-02,2.65160910e-07,-3.82179246e-07,-1.54310360e-13,-1.52507756e-04,-3.28135927e-04,-3.51961825e-09,1.54836580e-06,1.88521113e-06
1.71900000e+03,4.04657373e-01,-3.05720902e-05,2.70955893e-05,-3.50360010e-09,-1.55971948e-04,-3.37295480e-04,3.41597068e-01,-3.08217378e-05,2.75545539e-05,6.30603047e-02,2.49647583e-07,-4.58964631e-07,-1.59130047e-13,-1.57676068e-04,-3.39005482e-04,-3.50344097e-09,1.70411938e-06,1.71000224e-06
1.72000000e+03,4.04658489e-01,-3.19154170e-05,2.77789100e-05,-3.48594046e-09,-1.61635083e-04,-3.50040461e-04,3.41598660e-01,-3.21679228e-05,2.81693759e-05,6.30598285e-02,2.52505815e-07,-3.90465833e-07,-1.57700058e-13,-1.63237844e-04,-3.51901574e-04,-3.48578276e-09,1.60276110e-06,1.86111213e-06
1.72100000e+03,4.04664508e-01,-3.27117307e-05,2.78002310e-05,-3.46822503e-09,-1.63933969e-04,-3.58683185e-04,3.41604233e-01,-3.29596134e-05,2.82652072e-05,6.30602759e-02,2.47882629e-07,-4.64976108e-07,-1.67995410e-13,-1.65685861e-04,-3.60416214e-04,-3.46805703e-09,1.75189222e-06,1.73302907e-06
1.72200000e+03,4.04665788e-01,-3.36549788e-05,2.82539136e-05,-3.45096178e-09,-1.67716632e-04,-3.66976380e-04,3.41605985e-01,-3.39077392e-05,2.86509670e-05,6.30598025e-02,2.52760379e-07,-3.97053366e-07,-1.73123144e-13,-1.69389387e-04,-3.68889766e-04,-3.45078865e-09,1.67275476e-06,1.91338572e-06
1.72300000e+03,4.04671872e-01,-3.39236897e-05,2.82415629e-05,-3.43325721e-09,-1.68699611e-04,-3.70359250e-04,3.41611624e-01,-3.41559771e-05,2.87037160e-05,6.30602479e-02,2.32287458e-07,-4.62153175e-07,-1.72869299e-13,-1.70446520e-04,-3.72049138e-04,-3.43308434e-09,1.74690916e-06,1.68988828e-06
1.72400000e+03,4.04673179e-01,-3.45631241e-05,2.85232458e-05,-3.41294513e-09,-1.70973329e-04,-3.75524917e-04,3.41613403e-01,-3.47940070e-05,2.89231792e-05,6.30597764e-02,2.30882852e-07,-3.99933328e-07,-1.78309762e-13,-1.72705437e-04,-3.77376885e-04,-3.41276682e-09,1.73210823e-06,1.85196832e-06
1.72500000e+03,4.04679326e-01,-3.45185332e-05,2.82692825e-05,-3.39924664e-09,-1.69575453e-04,-3.75065955e-04,3.41619101e-01,-3.47389744e-05,2.87435656e-05,6.30602273e-02,2.20441205e-07,-4.74283056e-07,-1.85804702e-13,-1.71423539e-04,-3.76719413e-04,-3.39906084e-09,1.84808643e-06,1.65345764e-06
1.72600000e+03,4.04680641e-01,-3.47608006e-05,2.82697788e-05,-3.38203595e-09,-1.69078232e-04,-3.75596823e-04,3.41620884e-01,-3.49704847e-05,2.86738999e-05,6.30597546e-02,2.09684135e-07,-4.04121112e-07,-1.80252764e-13,-1.70848711e-04,-3.77373462e-04,-3.38185570e-09,1.77047894e-06,1.77663903e-06
1.72700000e+03,4.04686721e-01,-3.44569778e-05,2.78620833e-05,-3.36724131e-09,-1.66323198e-04,-3.71769653e-04,3.41626514e-01,-3.46527646e-05,2.83188717e-05,6.30602067e-02,1.95786776e-07,-4.56788468e-07,-1.83885942e-13,-1.68094280e-04,-3.73318422e-04,-3.36705742e-09,1.77108232e-06,1.54876970e-06
1.72800000e+03,4.04687963e-01,-3.41536265e-05,2.78348658e-05,-3.34891386e-09,-1.64785823e-04,-3.67867931e-04,3.41628227e-01,-3.43296582e-05,2.82183645e-05,6.30597356e-02,1.76031751e-07,-3.83498685e-07,-1.85553474e-13,-1.66460387e-04,-3.69452129e-04,-3.34872831e-09,1.67456473e-06,1.58419885e-06
1.72900000e+03,4.04693958e-01,-3.33280321e-05,2.74017054e-05,-3.33540384e-09,-1.60802515e-04,-3.59541354e-04,3.41633771e-01,-3.34891681e-05,2.78606178e-05,6.30601864e-02,1.61135955e-07,-4.58912430e-07,-1.86034976e-13,-1.62602409e-04,-3.60912277e-04,-3.33521780e-09,1.79989399e-06,1.37092255e-06
1.73000000e+03,4.04695082e-01,-3.28650340e-05,2.70746195e-05,-3.32181315e-09,-1.57280765e-04,-3.52362661e-04,3.41635371e-01,-3.30010951e-05,2.74509034e-05,6.30597118e-02,1.36061066e-07,-3.76283855e-07,-1.88036087e-13,-1.58926698e-04,-3.53761115e-04,-3.32162511e-09,1.64593217e-06,1.39845408e-06
1.73100000e+03,4.04700937e-01,-3.19581805e-05,2.65899938e-05,-3.30831856e-09,-1.52306920e-04,-3.42110891e-04,3.41640778e-01,-3.20805370e-05,2.70266522e-05,6.30601596e-02,1.22356472e-07,-4.36658382e-07,-1.89851411e-13,-1.53964954e-04,-3.43284303e-04,-3.30812871e-09,1.65803307e-06,1.17341224e-06
1.73200000e+03,4.04701902e-01,-3.11054552e-05,2.63064574e-05,-3.29762639e-09,-1.48419591e-04,-3.31802264e-04,3.41642221e-01,-3.11977191e-05,2.66790391e-05,6.30596819e-02,9.22638344e-08,-3.72581615e-07,-1.88574916e-13,-1.50039999e-04,-3.32909768e-04,-3.29743782e-09,1.62040843e-06,1.10750374e-06
1.73300000e+03,4.04707613e-01,-2.99971627e-05,2.55820937e-05,-3.28722556e-09,-1.42133184e-04,-3.19764621e-04,3.41647485e-01,-3.00784009e-05,2.60065367e-05,6.30601281e-02,8.12381899e-08,-4.24443053e-07,-1.93628774e-13,-1.43719787e-04,-3.20685938e-04,-3.28703193e-09,1.58660326e-06,9.21316762e-07
1.73400000e+03,4.04708445e-01,-2.92341209e-05,2.52792922e-05,-3.27899464e-09,-1.37531435e-04,-3.08446672e-04,3.41648799e-01,-2.92929947e-05,2.56290317e-05,6.30596457e-02,5.88737264e-08,-3.49739460e-07,-1.94496436e-13,-1.39024527e-04,-3.09363885e-04,-3.27880015e-09,1.49309146e-06,9.17213651e-07
1.73500000e+03,4.04713993e-01,-2.79340055e-05,2.46852945e-05,-3.27044338e-09,-1.31193575e-04,-2.94462592e-04,3.41653909e-01,-2.79815410e-05,2.50962431e-05,6.30600834e-02,4.75355610e-08,-4.10948535e-07,-1.97496152e-13,-1.32690105e-04,-2.95160767e-04,-3.27024589e-09,1.49652930e-06,6.98174410e-07
1.73600000e+03,4.04714674e-01,-2.69906372e-05,2.44049238e-05,-3.26468938e-09,-1.26901461e-04,-2.82198485e-04,3.41655075e-01,-2.69984876e-05,2.47371204e-05,6.30595971e-02,7.85039145e-09,-3.32196562e-07,-1.98274624e-13,-1.28275871e-04,-2.82785464e-04,-3.26449111e-09,1.37441025e-06,5.86977762e-07
1.73700000e+03,4.04720112e-01,-2.60100204e-05,2.39669778e-05,-3.25664307e-09,-1.21649137e-04,-2.69430517e-04,3.41660081e-01,-2.60296732e-05,2.43717923e-05,6.30600320e-02,1.96527661e-08,-4.04814492e-07,-2.04513063e-13,-1.23103672e-04,-2.69937309e-04,-3.25643855e-09,1.45453509e-06,5.06791998e-07
1.73800000e+03,4.04720704e-01,-2.50266544e-05,2.34900697e-05,-3.25207612e-09,-1.16007729e-04,-2.55907801e-04,3.41661160e-01,-2.50055136e-05,2.38101763e-05,6.30595434e-02,-2.11408608e-08,-3.20106566e-07,-2.01694270e-13,-1.17284992e-04,-2.56282914e-04,-3.25187443e-09,1.27726298e-06,3.75113374e-07
1.73900000e+03,4.04726037e-01,-2.37075412e-05,2.30431569e-05,-3.24156792e-09,-1.10603074e-04,-2.41226960e-04,3.41666064e-01,-2.36758512e-05,2.34302397e-05,6.30599729e-02,-3.16899749e-08,-3.87082756e-07,-2.04975107e-13,-1.11940156e-04,-2.41408740e-04,-3.24136294e-09,1.33708190e-06,1.81780474e-07
1.74000000e+03,4.04726539e-01,-2.28289773e-05,2.28232738e-05,-3.23705302e-09,-1.06154545e-04,-2.28196960e-04,3.41667061e-01,-2.27581460e-05,2.31203887e-05,6.30594800e-02,-7.08312846e-08,-2.97114928e-07,-2.06772232e-13,-1.07275904e-04,-2.28233693e-04,-3.23684625e-09,1.12135903e-06,3.67336447e-08
1.74100000e+03,4.04731814e-01,-2.16383644e-05,2.24388324e-05,-3.22720009e-09,-1.01673688e-04,-2.13974821e-04,3.41671903e-01,-2.15669565e-05,2.28107415e-05,6.30599102e-02,-7.14079154e-08,-3.71909081e-07,-2.10399288e-13,-1.02881799e-04,-2.13806277e-04,-3.22698969e-09,1.20811094e-06,-1.68543768e-07
1.74200000e+03,4.04732246e-01,-2.06040587e-05,2.21494054e-05,-3.22537243e-09,-9.73708586e-05,-2.00870864e-04,3.41672833e-01,-2.04894298e-05,2.24254188e-05,6.30594130e-02,-1.14628959e-07,-2.76013384e-07,-2.07184041e-13,-9.83539956e-05,-2.00577591e-04,-3.22516525e-09,9.83137271e-07,-2.93272565e-07
1.74300000e+03,4.04737452e-01,-1.93841696e-05,2.20126232e-05,-3.21676327e-09,-9.37753383e-05,-1.86697916e-04,3.41677612e-01,-1.92606157e-05,2.23691606e-05,6.30598387e-02,-1.23553911e-07,-3.56537338e-07,-2.08498477e-13,-9.48752713e-05,-1.86181929e-04,-3.21655477e-09,1.09993306e-06,-5.15987116e-07
1.74400000e+03,4.04737848e-01,-1.84650976e-05,2.16519966e-05,-3.21404634e-09,-8.91567844e-05,-1.74296721e-04,3.41678505e-01,-1.83050916e-05,2.19121263e-05,6.30593411e-02,-1.60006024e-07,-2.60129697e-07,-2.11086848e-13,-9.00025353e-05,-1.73622800e-04,-3.21383526e-09,8.45750683e-07,-6.73920661e-07
1.74500000e+03,4.04743058e-01,-1.72833028e-05,2.13438577e-05,-3.20226759e-09,-8.56945211e-05,-1.61534530e-04,3.41683294e-01,-1.71392506e-05,2.16881335e-05,6.30597651e-02,-1.44052174e-07,-3.44275773e-07,-2.13486442e-13,-8.66995467e-05,-1.60811886e-04,-3.20205411e-09,1.00502596e-06,-7.22643688e-07
1.74600000e+03,4.04743447e-01,-1.63064270e-05,2.10930759e-05,-3.19968394e-09,-8.12011942e-05,-1.48791182e-04,3.41684186e-01,-1.61185978e-05,2.13453668e-05,6.30592613e-02,-1.87829214e-07,-2.52290896e-07,-2.14814675e-13,-8.19597973e-05,-1.47861168e-04,-3.19946913e-09,7.58603210e-07,-9.30013288e-07
1.74700000e+03,4.04748632e-01,-1.51431266e-05,2.08341788e-05,-3.18897033e-09,-7.80491151e-05,-1.36483725e-04,3.41688950e-01,-1.49658574e-05,2.11736655e-05,6.30596834e-02,-1.77269242e-07,-3.39486683e-07,-2.14743313e-13,-7.89786601e-05,-1.35489762e-04,-3.18875558e-09,9.29545280e-07,-9.93963981e-07
1.74800000e+03,4.04749033e-01,-1.41298727e-05,2.02991904e-05,-3.18471292e-09,-7.29772896e-05,-1.24631849e-04,3.41689854e-01,-1.39057033e-05,2.05271319e-05,6.30591788e-02,-2.24169369e-07,-2.27941462e-07,-2.16495671e-13,-7.35663830e-05,-1.23381913e-04,-3.18449643e-09,5.89093513e-07,-1.24993637e-06
1.74900000e+03,4.04754262e-01,-1.30879002e-05,2.01961732e-05,-3.17287028e-09,-7.06855982e-05,-1.13939270e-04,3.41694666e-01,-1.28871997e-05,2.05256058e-05,6.30595974e-02,-2.00700516e-07,-3.29432553e-07,-2.22338485e-13,-7.15252913e-05,-1.12671098e-04,-3.17264794e-09,8.39692795e-07,-1.26817194e-06
1.75000000e+03,4.04754686e-01,-1.21796173e-05,1.97059078e-05,-3.16751040e-09,-6.56366310e-05,-1.03230422e-04,3.41695594e-01,-1.19448073e-05,1.99346714e-05,6.30590913e-02,-2.34810029e-07,-2.28763622e-07,-2.21126434e-13,-6.61698736e-05,-1.01820004e-04,-3.16728928e-09,5.33242285e-07,-1.41041766e-06
1.75100000e+03,4.04759938e-01,-1.08902089e-05,1.94192981e-05,-3.15408222e-09,-6.30877570e-05,-9.10397189e-05,3.41700429e-01,-1.06515828e-05,1.97417918e-05,6.30595076e-02,-2.38626128e-07,-3.22493597e-07,-2.23219390e-13,-6.38328738e-05,-8.94695402e-05,-3.15385899e-09,7.45116674e-07,-1.57017883e-06
1.75200000e+03,4.04760412e-01,-1.00836911e-05,1.89781657e-05,-3.14498846e-09,-5.88016524e-05,-8.11835587e-05,3.41701411e-01,-9.83566619e-06,1.91899003e-05,6.30590018e-02,-2.48024886e-07,-2.11734605e-07,-2.24239905e-13,-5.91958229e-05,-7.95676378e-05,-3.14476422e-09,3.94170554e-07,-1.61592097e-06
1.75300000e+03,4.04765711e-01,-8.65155711e-06,1.87366602e-05,-3.12764237e-09,-5.61455084e-05,-6.93256991e-05,3.41706292e-01,-8.40723345e-06,1.90574467e-05,6.30594193e-02,-2.44323664e-07,-3.20786480e-07,-2.26687298e-13,-5.68427754e-05,-6.76100967e-05,-3.12741568e-09,6.97267370e-07,-1.71560281e-06
1.75400000e+03,4.04766213e-01,-7.78369004e-06,1.81338614e-05,-3.12141478e-09,-5.09061519e-05,-5.94646138e-05,3.41707299e-01,-7.52808589e-06,1.83556201e-05,6.30589127e-02,-2.55604160e-07,-2.21758692e-07,-2.23314354e-13,-5.13290084e-05,-5.77798502e-05,-3.12119146e-09,4.22856136e-07,-1.68476380e-06
1.75500000e+03,4.04771535e-01,-6.53666295e-06,1.78540680e-05,-3.10783726e-09,-4.82591055e-05,-4.78843900e-05,3.41712203e-01,-6.28759653e-06,1.81667021e-05,6.30593317e-02,-2.49066449e-07,-3.12634091e-07,-2.24521702e-13,-4.88601759e-05,-4.60570526e-05,-3.10761274e-09,6.01070507e-07,-1.82733741e-06
1.75600000e+03,4.04772056e-01,-5.34251241e-06,1.74015200e-05,-3.09887651e-09,-4.44449343e-05,-3.73295577e-05,3.41713226e-01,-5.09034962e-06,1.76242646e-05,6.30588291e-02,-2.52162791e-07,-2.22744593e-07,-2.27684220e-13,-4.48664237e-05,-3.55506486e-05,-3.09864882e-09,4.21489363e-07,-1.77890906e-06
1.75700000e+03,4.04777409e-01,-3.77517188e-06,1.68937502e-05,-3.08446885e-09,-4.01256117e-05,-2.51853905e-05,3.41718159e-01,-3.53855825e-06,1.72292300e-05,6.30592520e-02,-2.36613630e-07,-3.35479852e-07,-2.23555097e-13,-4.08900641e-05,-2.34059796e-05,-3.08424530e-09,7.64452372e-07,-1.77941089e-06
1.75800000e+03,4.04777977e-01,-2.62841693e-06,1.61621453e-05,-3.07570188e-09,-3.36895186e-05,-1.37633157e-05,3.41719226e-01,-2.36975766e-06,1.63987460e-05,6.30587536e-02,-2.58659264e-07,-2.36600634e-07,-2.23800428e-13,-3.41797408e-05,-1.19311317e-05,-3.07547808e-09,4.90222206e-07,-1.83218402e-06
1.75900000e+03,4.04783362e-01,-1.09844820e-06,1.57227614e-05,-3.06296016e-09,-3.02499159e-05,-1.23011950e-06,3.41724184e-01,-8.69857456e-07,1.60622289e-05,6.30591800e-02,-2.28590745e-07,-3.39467473e-07,-2.26274536e-13,-3.09873559e-05,5.64011364e-07,-3.06273388e-09,7.37439983e-07,-1.79413087e-06
1.76000000e+03,4.04783937e-01,4.34780407e-07,1.49330033e-05,-3.05252584e-09,-2.44286255e-05,1.12873189e-05,3.41725249e-01,6.63505470e-07,1.51755562e-05,6.30586871e-02,-2.28725065e-07,-2.42552883e-07,-2.26202396e-13,-2.49683739e-05,1.29799214e-05,-3.05229963e-09,5.39748385e-07,-1.69260240e-06
1.76100000e+03,4.04789298e-01,2.46377727e-06,1.43011254e-05,-3.03857454e-09,-1.86158412e-05,2.68860596e-05,3.41730179e-01,2.68369309e-06,1.46519827e-05,6.30591217e-02,-2.19915822e-07,-3.50857344e-07,-2.23294809e-13,-1.94498066e-05,2.86630453e-05,-3.03835124e-09,8.33965410e-07,-1.77698568e-06
1.76200000e+03,4.04789839e-01,3.85629705e-06,1.34498223e-05,-3.03099762e-09,-1.18851022e-05,3.92628945e-05,3.41731204e-01,4.07711642e-06,1.37083672e-05,6.30586361e-02,-2.20819353e-07,-2.58544847e-07,-2.23819353e-13,-1.25227098e-05,4.09015401e-05,-3.03077380e-09,6.37607555e-07,-1.63864560e-06
1.76300000e+03,4.04795169e-01,5.80372838e-06,1.28028876e-05,-3.02183779e-09,-6.68228441e-06,5.44776766e-05,3.41736091e-01,5.99978590e-06,1.31626895e-05,6.30590765e-02,-1.96057546e-07,-3.59801843e-07,-2.22430081e-13,-7.56240690e-06,5.60877086e-05,-3.02161536e-09,8.80122510e-07,-1.61003204e-06
1.76400000e+03,4.04795655e-01,7.55995519e-06,1.19705401e-05,-3.01675525e-09,2.89612066e-07,6.89967902e-05,3.41737057e-01,7.74232090e-06,1.22359741e-05,6.30585980e-02,-1.82365718e-07,-2.65433973e-07,-2.26104997e-13,-4.36623741e-07,7.04194902e-05,-3.01652914e-09,7.26235806e-07,-1.42269967e-06
1.76500000e+03,4.04800923e-01,9.66491464e-06,1.11701835e-05,-3.00741611e-09,7.23315187e-06,8.51474634e-05,3.41741879e-01,9.84306186e-06,1.15504133e-05,6.30590427e-02,-1.78147205e-07,-3.80229770e-07,-2.21304725e-13,6.19979205e-06,8.66178537e-05,-3.00719480e-09,1.03335979e-06,-1.47039022e-06
1.76600000e+03,4.04801401e-01,1.10747471e-05,1.02594485e-05,-3.00117040e-09,1.42563904e-05,9.84535073e-05,3.41742835e-01,1.12535016e-05,1.05438542e-05,6.30585642e-02,-1.78754468e-07,-2.84405704e-07,-2.18452957e-13,1.33899282e-05,9.97919443e-05,-3.00095194e-09,8.66462144e-07,-1.33843709e-06
1.76700000e+03,4.04806634e-01,1.27188746e-05,9.62088377e-06,-2.99492116e-09,2.04206757e-05,1.12682500e-04,3.41747625e-01,1.28700016e-05,1.00188395e-05,6.30590088e-02,-1.51126932e-07,-3.97955728e-07,-2.21772759e-13,1.92232306e-05,1.13939217e-04,-2.99469939e-09,1.19744511e-06,-1.25671697e-06
1.76800000e+03,4.04807007e-01,1.40944469e-05,8.79119580e-06,-2.98844371e-09,2.76180439e-05,1.25277933e-04,3.41748475e-01,1.42391353e-05,9.07892095e-06,6.30585315e-02,-1.44688353e-07,-2.87725128e-07,-2.17490634e-13,2.66819001e-05,1.26339997e-04,-2.98822622e-09,9.36143839e-07,-1.06206359e-06
1.76900000e+03,4.04812158e-01,1.58301051e-05,8.25255938e-06,-2.98198014e-09,3.32692075e-05,1.40475653e-04,3.41753180e-01,1.59643786e-05,8.65495813e-06,6.30589777e-02,-1.34273540e-07,-4.02398726e-07,-2.15752972e-13,3.20180038e-05,1.41543411e-04,-2.98176439e-09,1.25120368e-06,-1.06775806e-06
1.77000000e+03,4.04812461e-01,1.64147785e-05,7.64480682e-06,-2.97722854e-09,3.92294401e-05,1.49641135e-04,3.41753963e-01,1.65551944e-05,7.94714159e-06,6.30584980e-02,-1.40415907e-07,-3.02334766e-07,-2.15834521e-13,3.81768465e-05,1.50601468e-04,-2.97701270e-09,1.05259361e-06,-9.60334000e-07
1.77100000e+03,4.04817499e-01,1.74667839e-05,7.31313638e-06,-2.97241425e-09,4.36043041e-05,1.60774809e-04,3.41758558e-01,1.75739723e-05,7.72097896e-06,6.30589404e-02,-1.07188366e-07,-4.07842587e-07,-2.09684993e-13,4.23087683e-05,1.61623901e-04,-2.97220457e-09,1.29553580e-06,-8.49091796e-07
1.77200000e+03,4.04817682e-01,1.82769948e-05,6.90611037e-06,-2.96977518e-09,4.80220927e-05,1.70663992e-04,3.41759222e-01,1.84099590e-05,7.20342185e-06,6.30584599e-02,-1.32964153e-07,-2.97311479e-07,-2.07732251e-13,4.69567474e-05,1.71531410e-04,-2.96956745e-09,1.06534534e-06,-8.67418056e-07
1.77300000e+03,4.04822658e-01,1.90474158e-05,6.86788176e-06,-2.96414528e-09,5.12056576e-05,1.80124074e-04,3.41763762e-01,1.91532056e-05,7.26953990e-06,6.30588972e-02,-1.05789810e-07,-4.01658160e-07,-2.06942011e-13,4.99247325e-05,1.80943283e-04,-2.96393834e-09,1.28092520e-06,-8.19209396e-07
1.77400000e+03,4.04822767e-01,1.90776878e-05,6.81235619e-06,-2.96010883e-09,5.31499186e-05,1.84845281e-04,3.41764356e-01,1.92202607e-05,7.10759816e-06,6.30584124e-02,-1.42572927e-07,-2.95241962e-07,-2.06106370e-13,5.21093348e-05,1.85728700e-04,-2.95990272e-09,1.04058378e-06,-8.83418777e-07
1.77500000e+03,4.04827599e-01,1.94066636e-05,7.11098330e-06,-2.95844302e-09,5.33008052e-05,1.91088287e-04,3.41768751e-01,1.94989428e-05,7.51413760e-06,6.30588474e-02,-9.22791678e-08,-4.03154314e-07,-2.02960788e-13,5.19830205e-05,1.91768769e-04,-2.95824006e-09,1.31778469e-06,-6.80482301e-07
1.77600000e+03,4.04827572e-01,1.94683715e-05,7.18089557e-06,-2.95589763e-09,5.48435444e-05,1.95883604e-04,3.41769214e-01,1.95883651e-05,7.48698052e-06,6.30583584e-02,-1.19993572e-07,-3.06084946e-07,-2.05946073e-13,5.36925749e-05,1.96626730e-04,-2.95569169e-09,1.15096929e-06,-7.43125847e-07
1.77700000e+03,4.04832329e-01,1.98460141e-05,7.30883241e-06,-2.95214181e-09,5.64272367e-05,2.00963744e-04,3.41773535e-01,1.99175036e-05,7.71406173e-06,6.30587933e-02,-7.14894812e-08,-4.05229320e-07,-2.00793206e-13,5.51271682e-05,2.01514888e-04,-2.95194102e-09,1.30006849e-06,-5.51144151e-07
1.77800000e+03,4.04832232e-01,1.96653133e-05,7.63265431e-06,-2.94706760e-09,5.48384815e-05,2.03758209e-04,3.41773936e-01,1.97731254e-05,7.94176275e-06,6.30582950e-02,-1.07812087e-07,-3.09108450e-07,-1.97136075e-13,5.36755239e-05,2.04392801e-04,-2.94687046e-09,1.16295747e-06,-6.34591622e-07
1.77900000e+03,4.04836904e-01,1.95174984e-05,8.05080896e-06,-2.94274177e-09,5.45229043e-05,2.06171086e-04,3.41778181e-01,1.95746671e-05,8.46009389e-06,6.30587237e-02,-5.71687408e-08,-4.09284941e-07,-2.01962998e-13,5.31903407e-05,2.06610689e-04,-2.94253981e-09,1.33256398e-06,-4.39603068e-07
1.78000000e+03,4.04836757e-01,1.96287627e-05,8.16914761e-06,-2.93785397e-09,5.45168096e-05,2.09989553e-04,3.41778529e-01,1.97133979e-05,8.48248012e-06,6.30582261e-02,-8.46351915e-08,-3.13332511e-07,-2.01064968e-13,5.33286873e-05,2.10464890e-04,-2.93765290e-09,1.18812222e-06,-4.75336824e-07
1.78100000e+03,4.04841409e-01,1.98062511e-05,8.51602592e-06,-2.93247301e-09,5.35936385e-05,2.13586867e-04,3.41782756e-01,1.98500784e-05,8.93822315e-06,6.30586533e-02,-4.38272600e-08,-4.22197237e-07,-2.00295120e-13,5.21764574e-05,2.13895370e-04,-2.93227272e-09,1.41718110e-06,-3.08503216e-07
1.78200000e+03,4.04841238e-01,1.97465779e-05,8.65767693e-06,-2.92784828e-09,5.36307329e-05,2.17451814e-04,3.41783083e-01,1.98201615e-05,8.97755935e-06,6.30581565e-02,-7.35835945e-08,-3.19882405e-07,-2.00726090e-13,5.24034450e-05,2.17794207e-04,-2.92764755e-09,1.22728797e-06,-3.42393117e-07
1.78300000e+03,4.04845879e-01,1.99475442e-05,8.81609406e-06,-2.92104496e-09,5.42660485e-05,2.21717847e-04,3.41787294e-01,1.99654173e-05,9.23875910e-06,6.30585867e-02,-1.78731564e-08,-4.22665040e-07,-2.03640143e-13,5.28390064e-05,2.21797143e-04,-2.92084132e-09,1.42704174e-06,-7.92957151e-08
1.78400000e+03,4.04845736e-01,2.03988696e-05,8.92996566e-06,-2.91483139e-09,5.38994601e-05,2.28271476e-04,3.41787642e-01,2.04355869e-05,9.25536614e-06,6.30580931e-02,-3.67173247e-08,-3.25400466e-07,-2.06850249e-13,5.26193836e-05,2.28307757e-04,-2.91462455e-09,1.28007612e-06,-3.62810162e-08
1.78500000e+03,4.04850435e-01,2.10938817e-05,8.91766344e-06,-2.91126620e-09,5.56735650e-05,2.36312686e-04,3.41791911e-01,2.10754736e-05,9.35027148e-06,6.30585249e-02,1.84081348e-08,-4.32608009e-07,-2.05747505e-13,5.41464077e-05,2.36084938e-04,-2.91106045e-09,1.52715731e-06,2.27748983e-07
1.78600000e+03,4.04850365e-01,2.18392588e-05,8.79364512e-06,-2.90456110e-09,5.74401684e-05,2.45727582e-04,3.41792330e-01,2.18378096e-05,9.12426213e-06,6.30580335e-02,1.44926062e-09,-3.30617016e-07,-2.06210395e-13,5.60957713e-05,2.45451987e-04,-2.90435489e-09,1.34439682e-06,2.75595667e-07
1.78700000e+03,4.04855162e-01,2.28627876e-05,8.66900819e-06,-2.89999906e-09,6.00271600e-05,2.55931688e-04,3.41796693e-01,2.28097681e-05,9.11159003e-06,6.30584689e-02,5.30195223e-08,-4.42581864e-07,-2.07395756e-13,5.84245707e-05,2.55395945e-04,-2.89979166e-09,1.60258944e-06,5.35743594e-07
1.78800000e+03,4.04855189e-01,2.39748638e-05,8.25924564e-06,-2.89060041e-09,6.34764436e-05,2.67796698e-04,3.41797214e-01,2.39615393e-05,8.59856952e-06,6.30579756e-02,1.33244405e-08,-3.39323883e-07,-2.11608364e-13,6.20993939e-05,2.67423611e-04,-2.89038880e-09,1.37704961e-06,3.73088169e-07
1.78900000e+03,4.04860091e-01,2.52976189e-05,7.76877013e-06,-2.88634543e-09,6.80215054e-05,2.79867069e-04,3.41801681e-01,2.52411173e-05,8.20537382e-06,6.30584117e-02,5.65016427e-08,-4.36603692e-07,-2.06576375e-13,6.64599773e-05,2.79337495e-04,-2.88613885e-09,1.56152834e-06,5.29573585e-07
1.79000000e+03,4.04860227e-01,2.64911810e-05,7.45271263e-06,-2.88180340e-09,7.07921223e-05,2.91872066e-04,3.41802311e-01,2.64714119e-05,7.80429258e-06,6.30579168e-02,1.97690829e-08,-3.51579978e-07,-2.12160930e-13,6.93002392e-05,2.91475284e-04,-2.88159124e-09,1.49188313e-06,3.96782241e-07
1.79100000e+03,4.04865226e-01,2.76917852e-05,6.98586514e-06,-2.88187964e-09,7.61446850e-05,3.02574597e-04,3.41806877e-01,2.76496992e-05,7.42316984e-06,6.30583494e-02,4.20859973e-08,-4.37304686e-07,-2.16356408e-13,7.46035598e-05,3.02194926e-04,-2.88166328e-09,1.54112504e-06,3.79671313e-07
1.79200000e+03,4.04865444e-01,2.85787006e-05,6.51653927e-06,-2.87715800e-09,7.87554334e-05,3.11028124e-04,3.41807588e-01,2.85631257e-05,6.87320228e-06,6.30578557e-02,1.55749257e-08,-3.56663002e-07,-2.14247336e-13,7.72548968e-05,3.10718464e-04,-2.87694375e-09,1.50053660e-06,3.09660079e-07
1.79300000e+03,4.04870540e-01,2.98086464e-05,6.04236716e-06,-2.87517379e-09,8.27721656e-05,3.20938112e-04,3.41812250e-01,2.97556129e-05,6.49943450e-06,6.30582903e-02,5.30334840e-08,-4.57067347e-07,-2.15457243e-13,8.10969076e-05,3.20477334e-04,-2.87495833e-09,1.67525830e-06,4.60777923e-07
1.79400000e+03,4.04870856e-01,3.07110040e-05,5.64963896e-06,-2.87454447e-09,8.58398776e-05,3.30014595e-04,3.41813057e-01,3.06910583e-05,6.01691958e-06,6.30577978e-02,1.99457021e-08,-3.67280602e-07,-2.16012864e-13,8.43037287e-05,3.29721387e-04,-2.87432846e-09,1.53614889e-06,2.93207568e-07
1.79500000e+03,4.04876041e-01,3.17083547e-05,5.07132566e-06,-2.87285072e-09,9.01024019e-05,3.37374273e-04,3.41817808e-01,3.16661582e-05,5.53114858e-06,6.30582323e-02,4.21964291e-08,-4.59822892e-07,-2.12665033e-13,8.84562180e-05,3.37025309e-04,-2.87263805e-09,1.64618426e-06,3.48963998e-07
1.79600000e+03,4.04876434e-01,3.22388945e-05,4.80855133e-06,-2.87326771e-09,9.06736022e-05,3.42578894e-04,3.41818692e-01,3.22169294e-05,5.16668606e-06,6.30577441e-02,2.19650682e-08,-3.58134712e-07,-2.15551149e-13,8.91903226e-05,3.42281115e-04,-2.87305216e-09,1.48327978e-06,2.97778535e-07
1.79700000e+03,4.04881686e-01,3.29986186e-05,4.57672565e-06,-2.87368929e-09,9.28448386e-05,3.47899879e-04,3.41823501e-01,3.29460808e-05,5.04543357e-06,6.30581845e-02,5.25377436e-08,-4.68707912e-07,-2.19617155e-13,9.11364592e-05,3.47541498e-04,-2.87346968e-09,1.70837935e-06,3.58380917e-07
1.79800000e+03,4.04882134e-01,3.32690571e-05,4.25101032e-06,-2.87441271e-09,9.40848908e-05,3.50415448e-04,3.41824436e-01,3.32244355e-05,4.62671614e-06,6.30576986e-02,4.46215791e-08,-3.75705819e-07,-2.16280326e-13,9.25290912e-05,3.49994830e-04,-2.87419643e-09,1.55579916e-06,4.20617434e-07
1.79900000e+03,4.04887421e-01,3.37858503e-05,3.98825407e-06,-2.87635474e-09,9.53527137e-05,3.53141965e-04,3.41829279e-01,3.37315602e-05,4.45208113e-06,6.30581425e-02,5.42901479e-08,-4.63827075e-07,-2.11265001e-13,9.36800209e-05,3.52748019e-04,-2.87614347e-09,1.67269290e-06,3.93946335e-07
1.80000000e+03,4.04887860e-01,3.37449684e-05,4.06001099e-06,-2.87760030e-09,9.38139290e-05,3.53081904e-04,3.41830203e-01,3.37090396e-05,4.43200745e-06,6.30576597e-02,3.59288333e-08,-3.71996453e-07,-2.10469038e-13,9.22714165e-05,3.52786284e-04,-2.87738984e-09,1.54251230e-06,2.95620211e-07
1.80100000e+03,4.04893143e-01,3.36723802e-05,3.96123421e-06,-2.88267835e-09,9.36962577e-05,3.49929820e-04,3.41835035e-01,3.36073641e-05,4.43202705e-06,6.30581063e-02,6.50160785e-08,-4.70792847e-07,-2.13359214e-13,9.19902256e-05,3.49542659e-04,-2.88246500e-09,1.70603206e-06,3.87161031e-07
1.80200000e+03,4.04893598e-01,3.32642078e-05,4.04753246e-06,-2.88692188e-09,9.13709888e-05,3.45937731e-04,3.41835973e-01,3.32285817e-05,4.42026136e-06,6.30576262e-02,3.56261516e-08,-3.72728895e-07,-2.09164522e-13,8.98447505e-05,3.45658425e-04,-2.88671272e-09,1.52623809e-06,2.79306781e-07
1.80300000e+03,4.04898831e-01,3.25921151e-05,4.17904282e-06,-2.89335519e-09,8.96146671e-05,3.38944769e-04,3.41840758e-01,3.25406127e-05,4.64616033e-06,6.30580709e-02,5.15024090e-08,-4.67117484e-07,-2.03697863e-13,8.79487105e-05,3.38669048e-04,-2.89315149e-09,1.66595633e-06,2.75721366e-07
1.80400000e+03,4.04899197e-01,3.16688003e-05,4.56083482e-06,-2.90005468e-09,8.49191652e-05,3.29821971e-04,3.41841606e-01,3.16313215e-05,4.94104100e-06,6.30575924e-02,3.74787824e-08,-3.80206186e-07,-2.04089090e-13,8.33756635e-05,3.29576504e-04,-2.89985060e-09,1.54350184e-06,2.45466849e-07
1.80500000e+03,4.04904379e-01,3.07203518e-05,4.96508152e-06,-2.90751480e-09,8.03318708e-05,3.18900186e-04,3.41846339e-01,3.06713322e-05,5.43846269e-06,6.30580413e-02,4.90195865e-08,-4.73381161e-07,-2.02653668e-13,7.86129577e-05,3.18712193e-04,-2.90731215e-09,1.71891330e-06,1.87993269e-07
1.80600000e+03,4.04904663e-01,2.91120069e-05,5.49797291e-06,-2.91374915e-09,7.47857511e-05,3.05096505e-04,3.41847104e-01,2.90837729e-05,5.86973532e-06,6.30575597e-02,2.82340280e-08,-3.71762426e-07,-1.95486909e-13,7.32937227e-05,3.04969529e-04,-2.91355367e-09,1.49202825e-06,1.26975483e-07
1.80700000e+03,4.04909712e-01,2.78359836e-05,5.96616245e-06,-2.92305880e-09,6.96710905e-05,2.91265050e-04,3.41851702e-01,2.77991091e-05,6.43508469e-06,6.30580098e-02,3.68744618e-08,-4.68922255e-07,-1.92160929e-13,6.79966105e-05,2.91189578e-04,-2.92286664e-09,1.67448008e-06,7.54714404e-08
1.80800000e+03,4.04909883e-01,2.59929951e-05,6.82605768e-06,-2.93023525e-09,6.13027431e-05,2.73846335e-04,3.41852352e-01,2.59616177e-05,7.19618787e-06,6.30575309e-02,3.13774072e-08,-3.70130174e-07,-1.96780160e-13,5.98184812e-05,2.73757983e-04,-2.93003847e-09,1.48426191e-06,8.83518064e-08
1.80900000e+03,4.04914828e-01,2.43614976e-05,7.48871219e-06,-2.93973686e-09,5.48392854e-05,2.56971688e-04,3.41856846e-01,2.43361990e-05,7.95583286e-06,6.30579798e-02,2.52986277e-08,-4.67120674e-07,-1.90685972e-13,5.31922402e-05,2.57044031e-04,-2.93954618e-09,1.64704509e-06,-7.23427049e-08
1.81000000e+03,4.04914867e-01,2.20463951e-05,8.44618858e-06,-2.94562943e-09,4.55340003e-05,2.36134628e-04,3.41857363e-01,2.20093482e-05,8.82399893e-06,6.30575041e-02,3.70469277e-08,-3.77810377e-07,-1.84531990e-13,4.40023563e-05,2.36042017e-04,-2.94544490e-09,1.53164403e-06,9.26107068e-08
1.81100000e+03,4.04919664e-01,2.03292922e-05,9.17008603e-06,-2.95661148e-09,3.84852123e-05,2.18029768e-04,3.41861711e-01,2.03011490e-05,9.63793816e-06,6.30579538e-02,2.81431694e-08,-4.67852149e-07,-1.85731777e-13,3.68114093e-05,2.18131642e-04,-2.95642575e-09,1.67380304e-06,-1.01874325e-07
1.81200000e+03,4.04919547e-01,1.78585884e-05,1.01980446e-05,-2.96162044e-09,2.89336970e-05,1.95010271e-04,3.41862070e-01,1.78304059e-05,1.05720246e-05,6.30574776e-02,2.81825103e-08,-3.73980009e-07,-1.91394714e-13,2.74207371e-05,1.95036898e-04,-2.96142905e-09,1.51295989e-06,-2.66261822e-08
1.81300000e+03,4.04924181e-01,1.58200846e-05,1.11139713e-05,-2.96982610e-09,2.04351295e-05,1.73929027e-04,3.41866246e-01,1.57672424e-05,1.15872533e-05,6.30579328e-02,5.28422703e-08,-4.73282004e-07,-1.85152347e-13,1.87396779e-05,1.73906672e-04,-2.96964095e-09,1.69545160e-06,2.23557725e-08
1.81400000e+03,4.04923904e-01,1.35841309e-05,1.18552447e-05,-2.97611695e-09,1.26375324e-05,1.53032000e-04,3.41866444e-01,1.35472385e-05,1.22330149e-05,6.30574597e-02,3.68924175e-08,-3.77770171e-07,-1.84567502e-13,1.10953729e-05,1.53009909e-04,-2.97593238e-09,1.54215950e-06,2.20909841e-08
1.81500000e+03,4.04928343e-01,1.12808789e-05,1.29717601e-05,-2.99088836e-09,3.29386456e-06,1.30466919e-04,3.41870431e-01,1.12188866e-05,1.34470028e-05,6.30579106e-02,6.19923269e-08,-4.75242782e-07,-1.89560509e-13,1.59343735e-06,1.30433181e-04,-2.99069880e-09,1.70042721e-06,3.37373587e-08
1.81600000e+03,4.04927884e-01,9.14264247e-06,1.39800895e-05,-2.99695838e-09,-6.38856372e-06,1.09123653e-04,3.41870443e-01,9.06846191e-06,1.43683959e-05,6.30574395e-02,7.41805675e-08,-3.88306370e-07,-1.90493732e-13,-7.98540121e-06,1.08891795e-04,-2.99676789e-09,1.59683747e-06,2.31857940e-07
1.81700000e+03,4.04932167e-01,7.25948413e-06,1.48576404e-05,-3.00893591e-09,-1.47038109e-05,8.92174257e-05,3.41874276e-01,7.17142082e-06,1.53524178e-05,6.30578919e-02,8.80633080e-08,-4.94777414e-07,-1.90792245e-13,-1.65631969e-05,8.90266820e-05,-3.00874512e-09,1.85938602e-06,1.90743759e-07
1.81800000e+03,4.04931541e-01,5.19781409e-06,1.55684424e-05,-3.01837574e-09,-2.14859272e-05,6.93747768e-05,3.41874123e-01,5.12872774e-06,1.59581791e-05,6.30574185e-02,6.90863595e-08,-3.89736677e-07,-1.88134576e-13,-2.30931140e-05,6.92036331e-05,-3.01818760e-09,1.60718677e-06,1.71143816e-07
1.81900000e+03,4.04935657e-01,3.23874759e-06,1.65587211e-05,-3.02656342e-09,-3.03521143e-05,4.84275373e-05,3.41877785e-01,3.12284299e-06,1.70567005e-05,6.30578732e-02,1.15904601e-07,-4.97979423e-07,-1.90976492e-13,-3.22055352e-05,4.80427922e-05,-3.02637245e-09,1.85342094e-06,3.84745202e-07
1.82000000e+03,4.04934879e-01,1.60224441e-06,1.72517448e-05,-3.03153136e-09,-3.77166978e-05,3.10764514e-05,3.41877482e-01,1.48901272e-06,1.76501165e-05,6.30573986e-02,1.13231687e-07,-3.98371661e-07,-1.94459418e-13,-3.93899386e-05,3.06091139e-05,-3.03133689e-09,1.67324082e-06,4.67337479e-07
1.82100000e+03,4.04938847e-01,3.00891623e-07,1.81390555e-05,-3.03949821e-09,-4.56173201e-05,1.48920084e-05,3.41880991e-01,1.62017144e-07,1.86465434e-05,6.30578557e-02,1.38874479e-07,-5.07487911e-07,-1.97258693e-13,-4.75608548e-05,1.43916714e-05,-3.03930095e-09,1.94353469e-06,5.00337109e-07
1.82200000e+03,4.04937925e-01,-1.37086103e-06,1.85643291e-05,-3.04409890e-09,-5.07815256e-05,-3.30478870e-06,3.41880540e-01,-1.49765574e-06,1.89713597e-05,6.30573842e-02,1.26794718e-07,-4.07030539e-07,-1.98628785e-13,-5.25016885e-05,-3.86658678e-06,-3.04390026e-09,1.72016244e-06,5.61798082e-07
1.82300000e+03,4.04941761e-01,-2.56233070e-06,1.91654790e-05,-3.04981449e-09,-5.73769357e-05,-1.89904504e-05,3.41883915e-01,-2.72151434e-06,1.96717547e-05,6.30578441e-02,1.59183646e-07,-5.06275682e-07,-2.02379980e-13,-5.93088229e-05,-1.96678925e-05,-3.04961211e-09,1.93188730e-06,6.77442092e-07
1.82400000e+03,4.04940711e-01,-3.84778153e-06,1.98253337e-05,-3.05347887e-09,-6.41576697e-05,-3.44344819e-05,3.41883338e-01,-4.01047850e-06,2.02329029e-05,6.30573741e-02,1.62696975e-07,-4.07569158e-07,-2.03990031e-13,-6.59133324e-05,-3.52519375e-05,-3.05327488e-09,1.75566285e-06,8.17455608e-07
1.82500000e+03,4.04944461e-01,-4.73589773e-06,2.04640144e-05,-3.05507726e-09,-7.06297839e-05,-4.84618457e-05,3.41886630e-01,-4.92836431e-06,2.09925233e-05,6.30578328e-02,1.92466562e-07,-5.28508905e-07,-2.01958830e-13,-7.27060949e-05,-4.93761221e-05,-3.05487530e-09,2.07631086e-06,9.14276191e-07
1.82600000e+03,4.04943368e-01,-6.14517795e-06,2.08084390e-05,-3.05567884e-09,-7.57316380e-05,-6.49086405e-05,3.41886006e-01,-6.32209675e-06,2.12311278e-05,6.30573628e-02,1.76918780e-07,-4.22688752e-07,-2.05218276e-13,-7.75869471e-05,-6.58940305e-05,-3.05547362e-09,1.85530919e-06,9.85389753e-07
1.82700000e+03,4.04947067e-01,-7.27228769e-06,2.12430538e-05,-3.05842627e-09,-8.09104972e-05,-7.96127605e-05,3.41889245e-01,-7.49529030e-06,2.17813226e-05,6.30578227e-02,2.23002602e-07,-5.38268834e-07,-2.06029311e-13,-8.30753092e-05,-8.07772577e-05,-3.05822024e-09,2.16481159e-06,1.16449708e-06
1.82800000e+03,4.04945966e-01,-8.33713180e-06,2.16817977e-05,-3.06127104e-09,-8.63176794e-05,-9.35515878e-05,3.41888609e-01,-8.55500180e-06,2.21030071e-05,6.30573554e-02,2.17869994e-07,-4.21209338e-07,-2.05015527e-13,-8.81495749e-05,-9.48116057e-05,-3.06106602e-09,1.83189555e-06,1.26001803e-06
1.82900000e+03,4.04949717e-01,-9.35332279e-06,2.23077608e-05,-3.05743291e-09,-9.35686261e-05,-1.08699143e-04,3.41891897e-01,-9.60187923e-06,2.28540735e-05,6.30578207e-02,2.48556437e-07,-5.46312742e-07,-2.06081960e-13,-9.58196030e-05,-1.10095504e-04,-3.05722683e-09,2.25097722e-06,1.39636039e-06
1.83000000e+03,4.04948670e-01,-1.09161186e-05,2.27774136e-05,-3.05853172e-09,-9.88316631e-05,-1.25274371e-04,3.41891313e-01,-1.11611353e-05,2.32208738e-05,6.30573586e-02,2.45016633e-07,-4.43460223e-07,-2.06482494e-13,-1.00849881e-04,-1.26803905e-04,-3.05832523e-09,2.01821770e-06,1.52953400e-06
1.83100000e+03,4.04952491e-01,-1.20613784e-05,2.31324607e-05,-3.05379610e-09,-1.03758109e-04,-1.40043278e-04,3.41894666e-01,-1.23410240e-05,2.36883097e-05,6.30578258e-02,2.79645635e-07,-5.55849045e-07,-2.05462887e-13,-1.06092254e-04,-1.41692376e-04,-3.05359063e-09,2.33414411e-06,1.64909743e-06
