time,Fx,Fy,Fz,Mx,My,Mz,Fx_p,Fy_p,Fz_p,Fx_v,Fy_v,Fz_v,Mx_p,My_p,Mz_p,Mx_v,My_v,Mz_v
1.00000000e+00,5.46616369e+02,-2.03243588e-02,-7.32822232e-03,1.14678146e-11,2.46056287e-03,-1.02535517e-02,1.00526767e+02,-1.71167382e-02,-6.16468987e-03,4.46089602e+02,-3.20762056e-03,-1.16353245e-03,-2.12666963e-13,2.07255320e-03,-8.63462843e-03,1.16804816e-11,3.88009669e-04,-1.61892323e-03
2.00000000e+00,5.79725457e+02,-2.69961003e-02,-9.68245143e-03,9.28872885e-12,3.28839556e-03,-1.37389182e-02,1.32124073e+02,-2.41328053e-02,-8.64271746e-03,4.47601384e+02,-2.86329498e-03,-1.03973397e-03,-2.50235137e-13,2.90867555e-03,-1.22035401e-02,9.53896399e-12,3.79720010e-04,-1.53537816e-03
3.00000000e+00,5.91886178e+02,-3.37821644e-02,-1.21039000e-02,6.73536424e-12,4.09647233e-03,-1.71746655e-02,1.47831308e+02,-3.14073394e-02,-1.12404184e-02,4.44054871e+02,-2.37482508e-03,-8.63481556e-04,-2.58453909e-13,3.77926282e-03,-1.58973746e-02,6.99381815e-12,3.17209503e-04,-1.27729092e-03
4.00000000e+00,5.99444049e+02,-3.71813011e-02,-1.33182709e-02,-6.21558075e-12,4.50122712e-03,-1.88972605e-02,1.58151816e+02,-3.54085361e-02,-1.26714789e-02,4.41292233e+02,-1.77276507e-03,-6.46792083e-04,-2.63963027e-13,4.25826056e-03,-1.79304367e-02,-5.95161773e-12,2.42966562e-04,-9.66823808e-04
5.00000000e+00,6.00705025e+02,-3.69337717e-02,-1.32659674e-02,-5.02489238e-11,4.48154257e-03,-1.87533363e-02,1.65003442e+02,-3.58130576e-02,-1.28544294e-02,4.35701584e+02,-1.12071413e-03,-4.11537964e-04,-2.62749908e-13,4.32051514e-03,-1.81258487e-02,-4.99861739e-11,1.61027433e-04,-6.27487660e-04
6.00000000e+00,5.98048746e+02,-3.26997789e-02,-1.17629863e-02,-1.06685976e-10,3.95974904e-03,-1.65978926e-02,1.70593269e+02,-3.21787403e-02,-1.15680264e-02,4.27455477e+02,-5.21038595e-04,-1.94959965e-04,-2.67050353e-13,3.87518171e-03,-1.62862004e-02,-1.06418926e-10,8.45673228e-05,-3.11692208e-04
7.00000000e+00,5.89785010e+02,-2.63295985e-02,-9.45877686e-03,-2.84715098e-10,3.19087566e-03,-1.33479913e-02,1.73911023e+02,-2.62769138e-02,-9.43331053e-03,4.15873988e+02,-5.26847112e-05,-2.54663307e-05,-2.55093379e-13,3.16799716e-03,-1.32869020e-02,-2.84460004e-10,2.28785015e-05,-6.10892757e-05
8.00000000e+00,5.78590431e+02,-1.86948870e-02,-6.76185886e-03,-1.71397943e-09,2.27316644e-03,-9.45631079e-03,1.77002954e+02,-1.89266512e-02,-6.84111147e-03,4.01587478e+02,2.31764228e-04,7.92526117e-05,-2.37058797e-13,2.28978825e-03,-9.55119866e-03,-1.71374237e-09,-1.66218051e-05,9.48878629e-05
9.00000000e+00,5.65162651e+02,-1.15205250e-02,-4.19302750e-03,-4.10875144e-09,1.40908993e-03,-5.80632322e-03,1.80784475e+02,-1.17959455e-02,-4.29044309e-03,3.84378176e+02,2.75420466e-04,9.74155910e-05,-2.21303961e-13,1.43575787e-03,-5.93341337e-03,-4.10853013e-09,-2.66679416e-05,1.27090151e-04
1.00000000e+01,5.47564719e+02,-5.91665440e-03,-2.18397830e-03,-1.04213635e-08,7.33371999e-04,-2.95856052e-03,1.82499293e+02,-6.08066555e-03,-2.24264554e-03,3.65065426e+02,1.64011159e-04,5.86672301e-05,-1.32080154e-13,7.50269228e-04,-3.03726514e-03,-1.04212314e-08,-1.68972287e-05,7.87046237e-05
1.10000000e+01,5.28955458e+02,-2.69971952e-03,-1.04008280e-03,-1.80663528e-08,3.38743119e-04,-1.33446874e-03,1.85244336e+02,-2.80866434e-03,-1.08182896e-03,3.43711122e+02,1.08944817e-04,4.17461524e-05,-1.09840356e-13,3.52228403e-04,-1.38980282e-03,-1.80662430e-08,-1.34852837e-05,5.53340817e-05
1.20000000e+01,5.07299985e+02,-9.51702135e-04,-4.10392599e-04,-3.90074395e-08,1.23527259e-04,-4.55700087e-04,1.86132648e+02,-9.79960137e-04,-4.22210656e-04,3.21167337e+02,2.82580013e-05,1.18180563e-05,-1.99856852e-13,1.28290453e-04,-4.73770691e-04,-3.90072397e-08,-4.76319375e-06,1.80706046e-05
1.30000000e+01,4.85278234e+02,-6.71261224e-05,-5.96075464e-05,-5.51426334e-08,6.10979590e-06,-2.35769527e-05,1.87400016e+02,-7.19901893e-05,-6.37190506e-05,2.97878218e+02,4.86406695e-06,4.11150423e-06,-2.85773911e-13,8.93841502e-06,-3.16009714e-05,-5.51423476e-08,-2.82861912e-06,8.02401875e-06
1.40000000e+01,4.64977134e+02,1.02654581e-04,1.59783066e-05,-5.68587012e-08,-2.11732550e-05,6.24891968e-05,1.89365028e+02,1.18795734e-04,2.22465001e-05,2.75612106e+02,-1.61411533e-05,-6.26819342e-06,-3.83043158e-13,-2.12298119e-05,6.33405297e-05,-5.68583182e-08,5.65568877e-08,-8.51332911e-07
1.50000000e+01,4.45733784e+02,2.07356393e-05,-2.70799791e-05,-9.19831679e-08,-2.26835041e-05,6.18050968e-05,1.92932359e+02,3.01173511e-05,-1.43506541e-05,2.52801425e+02,-9.38171179e-06,-1.27293249e-05,-3.29803162e-13,-2.49840276e-05,5.67094933e-05,-9.19828381e-08,2.30052355e-06,5.09560344e-06
1.60000000e+01,4.29770845e+02,-1.15848409e-03,-7.59286858e-04,-7.93910288e-08,4.80093629e-04,-8.04124732e-04,1.95040667e+02,-1.22125086e-03,-7.83863518e-04,2.34730178e+02,6.27667682e-05,2.45766605e-05,-4.01716198e-13,5.06537933e-04,-8.60955802e-04,-7.93906271e-08,-2.64443038e-05,5.68310698e-05
1.70000000e+01,4.14564623e+02,3.02304827e-03,8.14897714e-04,-1.19159344e-07,-8.36919498e-04,2.02298246e-03,1.97997894e+02,3.09373807e-03,8.60668545e-04,2.16566729e+02,-7.06898086e-05,-4.57708318e-05,-5.65645567e-13,-8.64829150e-04,2.06771147e-03,-1.19158778e-07,2.79096519e-05,-4.47290090e-05
1.80000000e+01,3.99660390e+02,6.80333859e-04,-1.18865707e-03,-1.29375751e-07,3.98043501e-04,-1.85450529e-04,1.99854897e+02,6.20643804e-04,-1.19848911e-03,1.99805493e+02,5.96900550e-05,9.83203592e-06,-6.45845698e-13,4.09834085e-04,-2.16634616e-04,-1.29375105e-07,-1.17905835e-05,3.11840878e-05
1.90000000e+01,3.85003735e+02,4.93058243e-03,-1.03549521e-03,-2.58069548e-07,4.72373960e-04,1.20552016e-03,2.01518806e+02,4.92167583e-03,-1.02675396e-03,1.83484928e+02,8.90660727e-06,-8.74124570e-06,-6.16690368e-14,4.88858770e-04,1.20692862e-03,-2.58069487e-07,-1.64848107e-05,-1.40846015e-06
2.00000000e+01,3.71238036e+02,8.05662208e-03,-1.15437298e-03,6.38429191e-09,-5.25106080e-04,2.74774826e-03,2.01936768e+02,8.07676042e-03,-1.21398976e-03,1.69301267e+02,-2.01383430e-05,5.96167770e-05,3.02564090e-12,-4.91863936e-04,2.71291203e-03,6.38126626e-09,-3.32421433e-05,3.48362356e-05
2.10000000e+01,3.58754406e+02,5.79529711e-03,1.62838929e-03,-2.01284167e-07,-1.58652695e-03,4.25187766e-03,2.02163263e+02,5.82205799e-03,1.59754474e-03,1.56591144e+02,-2.67608884e-05,3.08445583e-05,2.02085953e-12,-1.57307515e-03,4.24648777e-03,-2.01286188e-07,-1.34518062e-05,5.38988543e-06
2.20000000e+01,3.46385762e+02,9.21215578e-03,3.83793122e-03,2.25498089e-07,-2.24855611e-03,6.73349473e-03,2.01172777e+02,9.33110207e-03,3.79031503e-03,1.45212985e+02,-1.18946292e-04,4.76161833e-05,-5.81216767e-12,-2.22630287e-03,6.68895747e-03,2.25503901e-07,-2.22532442e-05,4.45372535e-05
2.30000000e+01,3.34868736e+02,5.77125692e-03,9.23029651e-03,3.98480360e-09,-3.94386947e-03,7.60766010e-03,1.99987415e+02,5.93339934e-03,9.24675887e-03,1.34881321e+02,-1.62142418e-04,-1.64623640e-05,-2.13838099e-12,-3.96656189e-03,7.75862369e-03,3.98694198e-09,2.26924202e-05,-1.50963585e-04
2.40000000e+01,3.23204871e+02,9.62156884e-03,1.84031991e-02,6.68647341e-07,-7.34848150e-03,1.08254467e-02,1.97603288e+02,8.50944332e-03,1.86447064e-02,1.25601583e+02,1.11212552e-03,-2.41507264e-04,3.36394089e-11,-7.31387680e-03,1.02073954e-02,6.68613701e-07,-3.46047013e-05,6.18051349e-04
2.50000000e+01,3.12242488e+02,2.91547130e-02,1.35127976e-02,7.62676365e-07,-5.90058020e-03,1.92027957e-02,1.95161428e+02,2.91134661e-02,1.32966893e-02,1.17081061e+02,4.12468345e-05,2.16108337e-04,8.41944449e-11,-5.78051325e-03,1.91697497e-02,7.62592171e-07,-1.20066952e-04,3.30460504e-05
2.60000000e+01,3.01170055e+02,1.09472157e-02,3.01069609e-02,1.69546738e-06,-9.67327759e-03,9.97571577e-03,1.91742690e+02,1.11735701e-02,2.98994633e-02,1.09427365e+02,-2.26354329e-04,2.07497694e-04,1.27019695e-10,-9.59721531e-03,1.01413466e-02,1.69534036e-06,-7.60622773e-05,-1.65630781e-04
2.70000000e+01,2.90850016e+02,1.05316670e-02,4.49490467e-02,2.19568452e-06,-1.40127440e-02,1.01488029e-02,1.88508924e+02,9.78211513e-03,4.48563264e-02,1.02341092e+02,7.49551911e-04,9.27202906e-05,1.54939448e-10,-1.38545408e-02,9.78249678e-03,2.19552958e-06,-1.58203198e-04,3.66306165e-04
2.80000000e+01,2.80475817e+02,1.67503468e-02,4.67835335e-02,2.93464598e-06,-1.28484000e-02,1.14929596e-02,1.84540704e+02,1.65354380e-02,4.65343271e-02,9.59351130e+01,2.14908793e-04,2.49206384e-04,1.53020228e-10,-1.25801917e-02,1.16901566e-02,2.93449296e-06,-2.68208307e-04,-1.97197044e-04
2.90000000e+01,2.70856913e+02,2.17425529e-02,5.88031747e-02,3.68769543e-06,-1.88025856e-02,7.86171159e-03,1.80814445e+02,2.13382817e-02,5.88497210e-02,9.00424681e+01,4.04271274e-04,-4.65463213e-05,1.29336004e-10,-1.88277019e-02,7.78948043e-03,3.68756609e-06,2.51163588e-05,7.22311605e-05
3.00000000e+01,2.61617840e+02,2.82249583e-02,6.35571484e-02,4.09164453e-06,-1.67225016e-02,9.89944846e-03,1.76897563e+02,2.84555459e-02,6.32515899e-02,8.47202763e+01,-2.30587658e-04,3.05558438e-04,7.75695455e-11,-1.65449038e-02,1.01113416e-02,4.09156696e-06,-1.77597754e-04,-2.11893180e-04
3.10000000e+01,2.52816904e+02,2.54071318e-02,6.92417044e-02,4.30583202e-06,-1.81985188e-02,3.04685847e-03,1.73015805e+02,2.41929410e-02,6.83938934e-02,7.98010987e+01,1.21419086e-03,8.47811032e-04,1.46374005e-13,-1.77794147e-02,2.38723118e-03,4.30583187e-06,-4.19104156e-04,6.59627290e-04
3.20000000e+01,2.44166850e+02,5.62223733e-02,9.46863630e-02,4.32341318e-06,-2.86931284e-02,1.75332921e-02,1.68946610e+02,5.68102792e-02,9.49970766e-02,7.52202403e+01,-5.87905958e-04,-3.10713619e-04,-9.26237596e-11,-2.87617021e-02,1.80527943e-02,4.32350580e-06,6.85737015e-05,-5.19502137e-04
3.30000000e+01,2.35233970e+02,4.79101839e-02,8.54726662e-02,4.11019716e-06,-2.30744988e-02,6.46817864e-03,1.64291024e+02,4.72457428e-02,8.52356265e-02,7.09429457e+01,6.64441055e-04,2.37039677e-04,-1.84782967e-10,-2.28421114e-02,6.06032838e-03,4.11038194e-06,-2.32387310e-04,4.07850258e-04
3.40000000e+01,2.26301556e+02,7.49332401e-02,1.06134563e-01,3.38845197e-06,-3.29632049e-02,2.11686505e-02,1.59099270e+02,7.53810490e-02,1.06015057e-01,6.72022860e+01,-4.47808919e-04,1.19505875e-04,-2.56223476e-10,-3.28047559e-02,2.15595306e-02,3.38870819e-06,-1.58448982e-04,-3.90880105e-04
3.50000000e+01,2.18355307e+02,7.22582314e-02,1.19434691e-01,2.07523130e-06,-3.83698461e-02,1.44580275e-02,1.54424978e+02,7.22217435e-02,1.21072568e-01,6.39303295e+01,3.64879125e-05,-1.63787644e-03,-2.94170402e-10,-3.90171068e-02,1.44446552e-02,2.07552547e-06,6.47260665e-04,1.33722314e-05
3.60000000e+01,2.11793039e+02,8.53979524e-02,1.06759386e-01,-2.13298983e-06,-3.37767899e-02,2.26326835e-02,1.50756540e+02,8.66489147e-02,1.06599407e-01,6.10364990e+01,-1.25096222e-03,1.59978670e-04,-3.05671694e-10,-3.36711270e-02,2.34603156e-02,-2.13268416e-06,-1.05662903e-04,-8.27632179e-04
3.70000000e+01,2.06680038e+02,6.77769726e-02,1.09102608e-01,-8.13228568e-06,-3.52730457e-02,1.04321860e-02,1.48213786e+02,6.76661316e-02,1.09450006e-01,5.84662516e+01,1.10840906e-04,-3.47397301e-04,-2.72780539e-10,-3.53805112e-02,1.02788060e-02,-8.13201290e-06,1.07465438e-04,1.53380068e-04
3.80000000e+01,2.01952217e+02,7.02027599e-02,1.04774023e-01,-2.18966601e-05,-3.51625887e-02,1.51771328e-02,1.45784587e+02,7.16049160e-02,1.05763733e-01,5.61676297e+01,-1.40215607e-03,-9.89709969e-04,-2.08205468e-10,-3.56719690e-02,1.61454500e-02,-2.18964519e-05,5.09380336e-04,-9.68317279e-04
3.90000000e+01,1.98182968e+02,5.30864309e-02,8.48152568e-02,-3.97076373e-05,-2.68185639e-02,7.10163707e-03,1.44077171e+02,5.42696483e-02,8.52174707e-02,5.41057970e+01,-1.18321737e-03,-4.02213941e-04,-1.34115520e-10,-2.69690752e-02,7.91760073e-03,-3.97075032e-05,1.50511275e-04,-8.15963660e-04
4.00000000e+01,1.94401286e+02,4.88316036e-02,7.67021705e-02,-7.16249940e-05,-2.54427124e-02,8.77917631e-03,1.42143903e+02,5.08805870e-02,7.65974782e-02,5.22573826e+01,-2.04898335e-03,1.04692273e-04,-6.30069019e-11,-2.52772278e-02,1.02682113e-02,-7.16249310e-05,-1.65484548e-04,-1.48903500e-03
4.10000000e+01,1.91407730e+02,3.36549349e-02,5.77871559e-02,-1.02950659e-04,-1.84459627e-02,3.60538396e-03,1.40803997e+02,3.59747878e-02,5.74863796e-02,5.06037333e+01,-2.31985289e-03,3.00776358e-04,2.65095919e-12,-1.80623457e-02,5.24670872e-03,-1.02950662e-04,-3.83617029e-04,-1.64132476e-03
4.20000000e+01,1.88163813e+02,2.05454044e-02,3.18939566e-02,-1.48661685e-04,-7.88959157e-03,7.40547341e-04,1.39028288e+02,2.32544551e-02,3.08433117e-02,4.91355249e+01,-2.70905068e-03,1.05064491e-03,6.03861504e-11,-6.93528860e-03,2.66231017e-03,-1.48661745e-04,-9.54302961e-04,-1.92176282e-03
4.30000000e+01,1.85590065e+02,1.00343251e-02,1.03985120e-02,-1.85296633e-04,-3.61652287e-04,-4.38733139e-04,1.37754818e+02,1.26306505e-02,9.73164777e-03,4.78352474e+01,-2.59632537e-03,6.66864242e-04,1.08340389e-10,2.80558546e-04,1.41310823e-03,-1.85296741e-04,-6.42210833e-04,-1.85184137e-03
4.40000000e+01,1.82629427e+02,4.08345383e-03,-1.43612850e-02,-2.27994184e-04,1.01624392e-02,-4.96638819e-04,1.35912360e+02,6.61718825e-03,-1.56112093e-02,4.67170669e+01,-2.53373442e-03,1.24992426e-03,1.40603048e-10,1.11797617e-02,1.29239579e-03,-2.27994325e-04,-1.01732256e-03,-1.78903461e-03
4.50000000e+01,1.80230031e+02,-2.77343092e-03,-3.32615430e-02,-2.57257698e-04,1.82968493e-02,7.76435386e-05,1.34473970e+02,-7.13737858e-04,-3.36759674e-02,4.57560610e+01,-2.05969306e-03,4.14424378e-04,1.54208527e-10,1.86132918e-02,1.61706653e-03,-2.57257852e-04,-3.16442529e-04,-1.53942299e-03
4.60000000e+01,1.77712487e+02,3.74458665e-03,-5.41735897e-02,-2.81048695e-04,2.63793371e-02,5.05228504e-03,1.32748510e+02,5.95875357e-03,-5.40019652e-02,4.49639774e+01,-2.21416693e-03,-1.71624438e-04,1.54583276e-10,2.61544000e-02,6.62821021e-03,-2.81048850e-04,2.24937114e-04,-1.57592516e-03
4.70000000e+01,1.75943831e+02,7.31390592e-03,-7.64139918e-02,-2.88061860e-04,3.68041288e-02,9.36454546e-03,1.31668956e+02,9.27861453e-03,-7.47091114e-02,4.42748754e+01,-1.96470861e-03,-1.70488040e-03,1.43355820e-10,3.53343309e-02,1.06000336e-02,-2.88062004e-04,1.46979786e-03,-1.23548812e-03
4.80000000e+01,1.74041084e+02,-3.22520124e-03,-9.56971262e-02,-2.88268939e-04,4.77239704e-02,7.85519150e-03,1.30302429e+02,-1.96898094e-03,-9.28911858e-02,4.37386546e+01,-1.25622031e-03,-2.80594040e-03,1.22016604e-10,4.53831704e-02,8.43480295e-03,-2.88269061e-04,2.34080000e-03,-5.79611458e-04
4.90000000e+01,1.72868968e+02,-7.25571794e-03,-1.08960666e-01,-2.75300168e-04,5.42930931e-02,1.15528644e-02,1.29605356e+02,-6.81836258e-03,-1.05726285e-01,4.32636116e+01,-4.37355358e-04,-3.23438182e-03,9.21094095e-11,5.16149177e-02,1.15003354e-02,-2.75300260e-04,2.67817540e-03,5.25289875e-05
5.00000000e+01,1.71660104e+02,-1.15995213e-02,-1.17861716e-01,-2.60915890e-04,5.87804860e-02,1.19571029e-02,1.28776617e+02,-1.24203783e-02,-1.14827046e-01,4.28834867e+01,8.20856994e-04,-3.03466944e-03,5.78424071e-11,5.62728130e-02,1.10229086e-02,-2.60915948e-04,2.50767293e-03,9.34194308e-04
5.10000000e+01,1.71060957e+02,-2.22951724e-03,-1.27733883e-01,-2.39445997e-04,6.37816371e-02,1.90968952e-02,1.28530358e+02,-3.21786427e-03,-1.24707136e-01,4.25305988e+01,9.88347034e-04,-3.02674754e-03,2.47154881e-11,6.12244831e-02,1.80420957e-02,-2.39446022e-04,2.55715395e-03,1.05479946e-03
5.20000000e+01,1.70584059e+02,-1.71638853e-03,-1.33578993e-01,-2.18334518e-04,6.68255977e-02,2.06579753e-02,1.28362423e+02,-1.98514845e-03,-1.31231300e-01,4.22216358e+01,2.68759917e-04,-2.34769219e-03,1.36285822e-12,6.47286994e-02,2.02429752e-02,-2.18334519e-04,2.09689832e-03,4.15000102e-04
5.30000000e+01,1.70512423e+02,-4.04617368e-03,-1.35864076e-01,-1.97551135e-04,6.86417699e-02,2.04387029e-02,1.28624607e+02,-3.10017838e-03,-1.33746082e-01,4.18878158e+01,-9.45995302e-04,-2.11799401e-03,-2.03202560e-11,6.67717463e-02,2.08793564e-02,-1.97551115e-04,1.87002359e-03,-4.40653531e-04
5.40000000e+01,1.70187372e+02,-1.17520916e-02,-1.35691407e-01,-1.76821788e-04,6.92116791e-02,1.72706960e-02,1.28650297e+02,-1.07498082e-02,-1.34429742e-01,4.15370757e+01,-1.00228339e-03,-1.26166477e-03,-3.31011014e-11,6.79605378e-02,1.79262048e-02,-1.76821754e-04,1.25114131e-03,-6.55508818e-04
5.50000000e+01,1.70005109e+02,-7.24363164e-03,-1.27395566e-01,-1.59884696e-04,6.56434327e-02,1.93924336e-02,1.28848785e+02,-5.58515025e-03,-1.26496817e-01,4.11563232e+01,-1.65848139e-03,-8.98748968e-04,-3.65680154e-11,6.46438122e-02,2.06953311e-02,-1.59884659e-04,9.99620423e-04,-1.30289754e-03
5.60000000e+01,1.69647476e+02,3.48514463e-03,-1.12901527e-01,-1.44361101e-04,5.83935082e-02,2.47194916e-02,1.28899640e+02,4.96681449e-03,-1.12622648e-01,4.07478358e+01,-1.48166985e-03,-2.78878196e-04,-3.40018355e-11,5.78648430e-02,2.59995409e-02,-1.44361067e-04,5.28665248e-04,-1.28004933e-03
5.70000000e+01,1.69108424e+02,7.62008084e-03,-9.71525037e-02,-1.32900109e-04,5.06736108e-02,2.48549721e-02,1.28787738e+02,9.71635126e-03,-9.69264092e-02,4.03206862e+01,-2.09627042e-03,-2.26094577e-04,-2.88839018e-11,5.01984259e-02,2.65863006e-02,-1.32900081e-04,4.75184953e-04,-1.73132844e-03
5.80000000e+01,1.68571501e+02,8.90046897e-03,-7.93683573e-02,-1.22877455e-04,4.20047080e-02,2.35039027e-02,1.28717353e+02,1.05770819e-02,-7.90662839e-02,3.98541484e+01,-1.67661294e-03,-3.02073390e-04,-2.25562940e-11,4.14528212e-02,2.49521185e-02,-1.22877432e-04,5.51886828e-04,-1.44821581e-03
5.90000000e+01,1.67813604e+02,8.14151840e-03,-5.93266035e-02,-1.16764262e-04,3.22289035e-02,1.98672491e-02,1.28441247e+02,9.46616827e-03,-5.87757847e-02,3.93723574e+01,-1.32464987e-03,-5.50818827e-04,-1.42125082e-11,3.14876359e-02,2.10440853e-02,-1.16764248e-04,7.41267631e-04,-1.17683613e-03
6.00000000e+01,1.67122057e+02,7.80324282e-03,-3.80434800e-02,-1.11458914e-04,2.08030229e-02,1.69228606e-02,1.28264306e+02,8.75243146e-03,-3.72124433e-02,3.88577509e+01,-9.49188643e-04,-8.31036738e-04,-7.07186610e-12,1.98790427e-02,1.78722111e-02,-1.11458907e-04,9.23980157e-04,-9.49350473e-04
6.10000000e+01,1.66325816e+02,3.50787055e-03,-1.37973486e-02,-1.07292674e-04,7.50366429e-03,1.18012876e-02,1.27993124e+02,4.40144095e-03,-1.32573621e-02,3.83326919e+01,-8.93570396e-04,-5.39986440e-04,4.42055042e-13,6.80447202e-03,1.24884946e-02,-1.07292674e-04,6.99192269e-04,-6.87206987e-04
6.20000000e+01,1.65617842e+02,5.04990348e-03,8.81068414e-03,-1.02645280e-04,-5.20779287e-03,8.38229880e-03,1.27834386e+02,5.25478793e-03,9.47968155e-03,3.77834555e+01,-2.04884452e-04,-6.68997406e-04,1.88818136e-12,-5.99674493e-03,8.65923723e-03,-1.02645282e-04,7.88952061e-04,-2.76938435e-04
6.30000000e+01,1.65018554e+02,2.51996387e-03,3.00776904e-02,-9.60788312e-05,-1.68231951e-02,3.64630303e-03,1.27793592e+02,2.00501661e-03,3.07609855e-02,3.72249616e+01,5.14947260e-04,-6.83295010e-04,8.14876195e-12,-1.75828131e-02,3.32748438e-03,-9.60788393e-05,7.59618013e-04,3.18818654e-04
6.40000000e+01,1.64669783e+02,-8.10841283e-06,4.79926338e-02,-8.83452994e-05,-2.69845795e-02,-6.59119091e-04,1.28029865e+02,-1.03350143e-03,4.87943211e-02,3.66399184e+01,1.02539302e-03,-8.01687311e-04,7.67659480e-12,-2.77560665e-02,-1.42269973e-03,-8.83453070e-05,7.71487042e-04,7.63580641e-04
6.50000000e+01,1.64322922e+02,-1.00917714e-03,6.27283443e-02,-7.91551231e-05,-3.57729831e-02,-4.44615836e-03,1.28268206e+02,-2.43818155e-03,6.37754825e-02,3.60547155e+01,1.42900441e-03,-1.04713816e-03,7.13660429e-12,-3.66544909e-02,-5.55505993e-03,-7.91551302e-05,8.81507775e-04,1.10890157e-03
6.60000000e+01,1.64280112e+02,-2.07808493e-03,7.45256894e-02,-7.03242674e-05,-4.38721486e-02,-7.49015855e-03,1.28833876e+02,-3.92160324e-03,7.55849681e-02,3.54462363e+01,1.84351832e-03,-1.05927879e-03,7.71462634e-12,-4.46883028e-02,-8.99614734e-03,-7.03242751e-05,8.16154188e-04,1.50598878e-03
6.70000000e+01,1.64200865e+02,-3.70308537e-03,8.17924738e-02,-6.15011938e-05,-4.90364178e-02,-1.00986513e-02,1.29354180e+02,-6.07803854e-03,8.29178086e-02,3.48466853e+01,2.37495317e-03,-1.12533480e-03,5.64454297e-12,-4.98772107e-02,-1.21110644e-02,-6.15011994e-05,8.40792855e-04,2.01241314e-03
6.80000000e+01,1.64328792e+02,-3.23141911e-03,8.70735466e-02,-5.55897060e-05,-5.27494857e-02,-1.11482825e-02,1.30088062e+02,-5.97010360e-03,8.82784444e-02,3.42407297e+01,2.73868449e-03,-1.20489786e-03,3.52408601e-12,-5.37039066e-02,-1.34836612e-02,-5.55897095e-05,9.54420946e-04,2.33537874e-03
6.90000000e+01,1.64293598e+02,-3.72217626e-03,8.87227939e-02,-5.21805106e-05,-5.35750617e-02,-1.21840072e-02,1.30651727e+02,-6.49870413e-03,9.04760260e-02,3.36418711e+01,2.77652787e-03,-1.75323212e-03,6.57665607e-13,-5.49258826e-02,-1.46100705e-02,-5.21805113e-05,1.35082087e-03,2.42606325e-03
7.00000000e+01,1.64376525e+02,-3.68757860e-03,8.58879136e-02,-5.02915912e-05,-5.21762603e-02,-1.28982410e-02,1.31332850e+02,-6.16026057e-03,8.79635325e-02,3.30436742e+01,2.47268196e-03,-2.07561898e-03,-1.40670615e-12,-5.36906363e-02,-1.50912048e-02,-5.02915898e-05,1.51437599e-03,2.19296377e-03
7.10000000e+01,1.64205248e+02,-2.86796230e-03,8.05635849e-02,-4.94855380e-05,-5.02241749e-02,-1.24595526e-02,1.31750158e+02,-4.91090896e-03,8.31427647e-02,3.24550900e+01,2.04294666e-03,-2.57917977e-03,-4.22861452e-12,-5.20171825e-02,-1.43202917e-02,-4.94855338e-05,1.79300760e-03,1.86073908e-03
7.20000000e+01,1.63923747e+02,-2.51517423e-03,7.36527260e-02,-5.02496428e-05,-4.71983951e-02,-1.19917441e-02,1.32044361e+02,-3.89041798e-03,7.64273415e-02,3.18793860e+01,1.37524375e-03,-2.77461551e-03,-5.45158515e-12,-4.90371233e-02,-1.33315300e-02,-5.02496374e-05,1.83872816e-03,1.33978583e-03
7.30000000e+01,1.63463914e+02,-9.75457354e-04,6.45731746e-02,-5.08531762e-05,-4.34011724e-02,-1.01878073e-02,1.32141045e+02,-1.87545894e-03,6.76181087e-02,3.13228695e+01,9.00001586e-04,-3.04493414e-03,-8.01518992e-12,-4.53444181e-02,-1.11279399e-02,-5.08531682e-05,1.94324571e-03,9.40132593e-04
7.40000000e+01,1.62918892e+02,1.02844509e-03,5.42838125e-02,-5.20765258e-05,-3.86295932e-02,-7.65489892e-03,1.32131145e+02,7.38066425e-04,5.74543263e-02,3.07877475e+01,2.90378665e-04,-3.17051379e-03,-1.06518406e-11,-4.05718131e-02,-8.06283946e-03,-5.20765151e-05,1.94221984e-03,4.07940538e-04
7.50000000e+01,1.62094972e+02,4.00704250e-03,4.26802604e-02,-5.29059091e-05,-3.33163808e-02,-4.33553697e-03,1.31809814e+02,4.06729534e-03,4.61609780e-02,3.02851577e+01,-6.02528440e-05,-3.48071764e-03,-1.21117698e-11,-3.54788736e-02,-4.40670428e-03,-5.29058970e-05,2.16249281e-03,7.11673143e-05
7.60000000e+01,1.61332244e+02,6.62817320e-03,3.09795890e-02,-5.37627013e-05,-2.74378413e-02,-1.32774093e-03,1.31520883e+02,7.27756478e-03,3.44050915e-02,2.98113607e+01,-6.49391574e-04,-3.42550245e-03,-1.20517735e-11,-2.95795314e-02,-8.73865298e-04,-5.37626892e-05,2.14169008e-03,-4.53875636e-04
7.70000000e+01,1.60405050e+02,9.15265825e-03,1.86750470e-02,-5.41900549e-05,-2.09835364e-02,1.43156234e-03,1.31031182e+02,9.83869368e-03,2.22863894e-02,2.93738675e+01,-6.86035434e-04,-3.61134238e-03,-1.34885376e-11,-2.33194374e-02,1.98614455e-03,-5.41900414e-05,2.33590097e-03,-5.54582200e-04
7.80000000e+01,1.59536434e+02,1.10497184e-02,7.57824454e-03,-5.40513696e-05,-1.48008027e-02,3.65210910e-03,1.30568242e+02,1.20299509e-02,1.09648905e-02,2.89681927e+01,-9.80232484e-04,-3.38664600e-03,-1.30798537e-11,-1.70212772e-02,4.51461945e-03,-5.40513565e-05,2.22047446e-03,-8.62510349e-04
7.90000000e+01,1.58675179e+02,1.24338972e-02,-2.35418713e-03,-5.12345841e-05,-8.51553067e-03,5.10935457e-03,1.30077883e+02,1.35983378e-02,5.08264415e-04,2.85972954e+01,-1.16444060e-03,-2.86245154e-03,-1.27331798e-11,-1.03676508e-02,6.19387654e-03,-5.12345713e-05,1.85212012e-03,-1.08452196e-03
8.00000000e+01,1.57841131e+02,1.29139282e-02,-1.09879317e-02,-4.45321405e-05,-2.84705201e-03,5.58170986e-03,1.29582920e+02,1.46593379e-02,-8.75794875e-03,2.82582116e+01,-1.74540970e-03,-2.22998291e-03,-1.16106660e-11,-4.26155560e-03,7.19905299e-03,-4.45321289e-05,1.41450359e-03,-1.61734313e-03
8.10000000e+01,1.57072409e+02,1.11543804e-02,-1.88177766e-02,-3.22224487e-05,2.70371778e-03,4.08980278e-03,1.29122398e+02,1.39603544e-02,-1.74228406e-02,2.79500112e+01,-2.80597396e-03,-1.39493598e-03,-9.22588070e-12,1.88103210e-03,6.58171982e-03,-3.22224395e-05,8.22685674e-04,-2.49191704e-03
8.20000000e+01,1.56364571e+02,7.95297296e-03,-2.45039504e-02,-1.12249126e-05,7.31787945e-03,1.78525635e-03,1.28698042e+02,1.19479676e-02,-2.40635040e-02,2.76665298e+01,-3.99499465e-03,-4.40446422e-04,-7.99089090e-12,7.18568162e-03,5.23443704e-03,-1.12249046e-05,1.32197824e-04,-3.44918069e-03
8.30000000e+01,1.55695661e+02,3.56594485e-03,-2.86897513e-02,2.04705018e-05,1.17067806e-02,-1.71618613e-03,1.28287767e+02,9.25719517e-03,-2.90302657e-02,2.74078938e+01,-5.69125032e-03,3.40514405e-04,-5.92334999e-12,1.21148274e-02,3.09295302e-03,2.04705077e-05,-4.08046718e-04,-4.80913915e-03
8.40000000e+01,1.55098029e+02,-1.87178749e-03,-3.15873707e-02,6.87026031e-05,1.54457377e-02,-6.17088931e-03,1.27931483e+02,5.67898915e-03,-3.25895415e-02,2.71665455e+01,-7.55077664e-03,1.00217087e-03,-3.72751651e-12,1.63137551e-02,1.35366557e-04,6.87026068e-05,-8.68017450e-04,-6.30625587e-03
8.50000000e+01,1.54575263e+02,-7.89092901e-03,-3.29225489e-02,1.25061151e-04,1.87021540e-02,-1.12081554e-02,1.27635705e+02,1.30771483e-03,-3.49604013e-02,2.69395579e+01,-9.19864384e-03,2.03785246e-03,-1.82209946e-12,2.03345160e-02,-3.59737714e-03,1.25061153e-04,-1.63236202e-03,-7.61077822e-03
8.60000000e+01,1.54087877e+02,-1.35750729e-02,-3.22552890e-02,1.91205097e-04,2.01761362e-02,-1.61891643e-02,1.27367756e+02,-3.26786199e-03,-3.59223809e-02,2.67201206e+01,-1.03072109e-02,3.66709189e-03,-1.03287475e-13,2.30613531e-02,-7.68373896e-03,1.91205097e-04,-2.88521686e-03,-8.50542533e-03
8.70000000e+01,1.53569834e+02,-1.93301497e-02,-2.98475773e-02,2.61013708e-04,2.06174950e-02,-2.16571669e-02,1.27061992e+02,-8.80566390e-03,-3.53768882e-02,2.65078413e+01,-1.05244858e-02,5.52931093e-03,1.50969828e-12,2.49882783e-02,-1.29648115e-02,2.61013707e-04,-4.37078331e-03,-8.69235538e-03
8.80000000e+01,1.53020228e+02,-2.41336230e-02,-2.60513697e-02,3.27391913e-04,1.96469179e-02,-2.66002023e-02,1.26723602e+02,-1.38183672e-02,-3.40839789e-02,2.62966263e+01,-1.03152558e-02,8.03260913e-03,2.31981227e-12,2.60277663e-02,-1.80646281e-02,3.27391911e-04,-6.38084832e-03,-8.53557419e-03
8.90000000e+01,1.52381487e+02,-2.88586522e-02,-2.11156999e-02,3.85694315e-04,1.75102988e-02,-3.12837663e-02,1.26293969e+02,-1.91694523e-02,-3.20880821e-02,2.60875185e+01,-9.68919985e-03,1.09723822e-02,2.80292836e-12,2.62494765e-02,-2.32489138e-02,3.85694313e-04,-8.73917762e-03,-8.03485247e-03
9.00000000e+01,1.51667306e+02,-3.25743403e-02,-1.53729333e-02,4.28524585e-04,1.44815556e-02,-3.51686291e-02,1.25790184e+02,-2.29291006e-02,-2.91658042e-02,2.58771217e+01,-9.64523963e-03,1.37928709e-02,3.37251239e-12,2.54754519e-02,-2.71802550e-02,4.28524582e-04,-1.09938963e-02,-7.98837411e-03
9.10000000e+01,1.50835396e+02,-3.59991781e-02,-9.83635690e-03,4.53619045e-04,1.14194610e-02,-3.84360655e-02,1.25168731e+02,-2.53203462e-02,-2.58444291e-02,2.56666653e+01,-1.06788319e-02,1.60080722e-02,3.07828242e-12,2.41578356e-02,-2.96493107e-02,4.53619042e-04,-1.27383746e-02,-8.78675474e-03
9.20000000e+01,1.49939866e+02,-3.97337300e-02,-4.77639582e-03,4.60381361e-04,8.40604481e-03,-4.13903815e-02,1.24486776e+02,-2.74062363e-02,-2.24619886e-02,2.54530902e+01,-1.23274937e-02,1.76855927e-02,3.36328169e-12,2.24496709e-02,-3.13193302e-02,4.60381357e-04,-1.40436261e-02,-1.00710514e-02
9.30000000e+01,1.49029762e+02,-4.34402648e-02,-1.19740826e-04,4.54917101e-04,5.85170670e-03,-4.37799023e-02,1.23792883e+02,-2.87798055e-02,-1.92045575e-02,2.52368795e+01,-1.46604593e-02,1.90848167e-02,2.42671712e-12,2.09687277e-02,-3.18845581e-02,4.54917098e-04,-1.51170210e-02,-1.18953442e-02
9.40000000e+01,1.48102604e+02,-4.66976617e-02,4.10631656e-03,4.43083477e-04,3.64505048e-03,-4.53540444e-02,1.23084595e+02,-2.87712050e-02,-1.58324201e-02,2.50180089e+01,-1.79264568e-02,1.99387367e-02,2.55439349e-12,1.94140135e-02,-3.08734683e-02,4.43083475e-04,-1.57689630e-02,-1.44805761e-02
9.50000000e+01,1.47206464e+02,-4.91520473e-02,8.13076058e-03,4.29343182e-04,1.39845112e-03,-4.61061971e-02,1.22409863e+02,-2.74298899e-02,-1.21878176e-02,2.47966010e+01,-2.17221574e-02,2.03185781e-02,1.91523344e-12,1.74348082e-02,-2.86184584e-02,4.29343180e-04,-1.60363571e-02,-1.74877387e-02
9.60000000e+01,1.46324907e+02,-5.09179165e-02,1.10537689e-02,4.14627522e-04,7.10321394e-05,-4.61521866e-02,1.21753695e+02,-2.50549111e-02,-8.77971355e-03,2.45712125e+01,-2.58630054e-02,1.98334825e-02,8.42711773e-13,1.56947865e-02,-2.53845401e-02,4.14627521e-04,-1.56237544e-02,-2.07676465e-02
9.70000000e+01,1.45486868e+02,-5.18855347e-02,1.26750245e-02,4.00582393e-04,-2.79480768e-04,-4.53203914e-02,1.21141529e+02,-2.21063274e-02,-5.90270281e-03,2.43453384e+01,-2.97792072e-02,1.85777274e-02,8.20009340e-13,1.42908038e-02,-2.14355205e-02,4.00582392e-04,-1.45702846e-02,-2.38848709e-02
9.80000000e+01,1.44711762e+02,-5.18195409e-02,1.32211175e-02,3.87954382e-04,4.01561381e-04,-4.33920095e-02,1.20591517e+02,-1.86586754e-02,-3.34297881e-03,2.41202451e+01,-3.31608656e-02,1.65640963e-02,6.78372869e-13,1.33120438e-02,-1.68320458e-02,3.87954382e-04,-1.29104825e-02,-2.65599637e-02
9.90000000e+01,1.44015460e+02,-5.01646410e-02,1.18591112e-02,3.73538605e-04,3.04224798e-03,-3.99165111e-02,1.20115708e+02,-1.45273096e-02,-1.24117358e-03,2.38997516e+01,-3.56373314e-02,1.31002848e-02,4.26684415e-14,1.30799328e-02,-1.13981927e-02,3.73538605e-04,-1.00376848e-02,-2.85183183e-02
1.00000000e+02,1.43469461e+02,-4.60776169e-02,8.86967181e-03,3.53416128e-04,8.05606629e-03,-3.41476681e-02,1.19785948e+02,-9.94563116e-03,4.16956296e-04,2.36835129e+01,-3.61319857e-02,8.45271552e-03,1.30781036e-13,1.42689356e-02,-5.28217966e-03,3.53416128e-04,-6.21286933e-03,-2.88654884e-02
1.01000000e+02,1.43114768e+02,-4.06224417e-02,3.39842074e-03,3.31240972e-04,1.63739911e-02,-2.67573464e-02,1.19641644e+02,-5.00809173e-03,1.95482563e-03,2.34731240e+01,-3.56143500e-02,1.44359511e-03,3.71995912e-14,1.68199803e-02,1.67565871e-03,3.31240972e-04,-4.45989247e-04,-2.84330052e-02
1.02000000e+02,1.42949136e+02,-3.30909596e-02,-3.38063903e-03,3.06427523e-04,2.72313489e-02,-1.76398721e-02,1.19679088e+02,-1.15327534e-04,3.12101604e-03,2.32700483e+01,-3.29756320e-02,-6.50165507e-03,-2.14938764e-13,2.12047114e-02,8.65878510e-03,3.06427523e-04,6.02663759e-03,-2.62986572e-02
1.03000000e+02,1.42994846e+02,-2.52580170e-02,-1.24654577e-02,2.83901895e-04,4.04572599e-02,-8.32269665e-03,1.19920431e+02,4.72357816e-03,3.91627827e-03,2.30744156e+01,-2.99815951e-02,-1.63817359e-02,-4.36674502e-13,2.63824924e-02,1.55500883e-02,2.83901895e-04,1.40747675e-02,-2.38727850e-02
1.04000000e+02,1.43213032e+02,-1.78215505e-02,-2.20143073e-02,2.60927103e-04,5.48205210e-02,2.32192338e-04,1.20325729e+02,8.06530444e-03,4.27575437e-03,2.28873029e+01,-2.58868549e-02,-2.62900616e-02,-5.85229797e-13,3.27268421e-02,2.08189998e-02,2.60927104e-04,2.20936788e-02,-2.05868075e-02
1.05000000e+02,1.43609920e+02,-9.80965201e-03,-3.26528865e-02,2.43196892e-04,7.04913848e-02,8.64806587e-03,1.20905208e+02,1.14136570e-02,4.43690820e-03,2.27047120e+01,-2.12233090e-02,-3.70897947e-02,-4.81895603e-13,3.96332713e-02,2.55064945e-02,2.43196892e-04,3.08581135e-02,-1.68584286e-02
1.06000000e+02,1.44058759e+02,-2.61823142e-03,-4.18429038e-02,2.32707965e-04,8.55389416e-02,1.49535592e-02,1.21530677e+02,1.39195142e-02,4.53667498e-03,2.25280818e+01,-1.65377456e-02,-4.63795788e-02,-3.11845918e-13,4.71990821e-02,2.81066577e-02,2.32707965e-04,3.83398595e-02,-1.31530985e-02
1.07000000e+02,1.44531575e+02,3.59057257e-03,-5.01821474e-02,2.34788881e-04,9.94609893e-02,1.87046142e-02,1.22176795e+02,1.56225393e-02,4.06864572e-03,2.23547799e+01,-1.20319668e-02,-5.42507932e-02,-7.31292099e-13,5.48013116e-02,2.83394801e-02,2.34788881e-04,4.46596776e-02,-9.63486591e-03
1.08000000e+02,1.44962714e+02,8.71628491e-03,-5.56435193e-02,2.47449203e-04,1.10213677e-01,1.99262937e-02,1.22776315e+02,1.61574539e-02,3.64111874e-03,2.21863982e+01,-7.44116902e-03,-5.92846380e-02,-3.97069769e-13,6.15939870e-02,2.60042489e-02,2.47449203e-04,4.86196904e-02,-6.07795514e-03
1.09000000e+02,1.45318033e+02,1.26199266e-02,-5.97814464e-02,2.71580258e-04,1.18373441e-01,1.89675309e-02,1.23299133e+02,1.56171647e-02,2.62022747e-03,2.20189001e+01,-2.99723813e-03,-6.24016739e-02,-2.61014819e-13,6.73848570e-02,2.16213863e-02,2.71580258e-04,5.09885841e-02,-2.65385536e-03
1.10000000e+02,1.45545897e+02,1.51110374e-02,-6.15353042e-02,2.97336561e-04,1.22540034e-01,1.57970059e-02,1.23693284e+02,1.47623296e-02,1.61212645e-03,2.18526130e+01,3.48707792e-04,-6.31474306e-02,-9.77045231e-14,7.11410820e-02,1.58545007e-02,2.97336562e-04,5.13989518e-02,-5.74948204e-05
1.11000000e+02,1.45611927e+02,1.59719557e-02,-6.16348141e-02,3.27791535e-04,1.23542488e-01,1.12464357e-02,1.23922545e+02,1.33187878e-02,7.02959565e-04,2.16893819e+01,2.65316789e-03,-6.23377737e-02,-1.09655474e-13,7.30069994e-02,9.48028403e-03,3.27791535e-04,5.05354885e-02,1.76615168e-03
1.12000000e+02,1.45524555e+02,1.54965413e-02,-5.96432528e-02,3.59010427e-04,1.20918725e-01,6.18003212e-03,1.23994537e+02,1.17267399e-02,-1.39027566e-04,2.15300183e+01,3.76980137e-03,-5.95042252e-02,-5.97913012e-13,7.28780453e-02,3.46536745e-03,3.59010427e-04,4.80406800e-02,2.71466467e-03
1.13000000e+02,1.45328666e+02,1.43195785e-02,-5.59683529e-02,3.96941326e-04,1.15556964e-01,1.34764611e-03,1.23952391e+02,1.02967814e-02,-1.18535262e-03,2.13762754e+01,4.02279716e-03,-5.47830003e-02,2.26771339e-13,7.15322635e-02,-1.69542348e-03,3.96941326e-04,4.40247007e-02,3.04306959e-03
1.14000000e+02,1.45075345e+02,1.24648553e-02,-4.99346793e-02,4.29070921e-04,1.07217998e-01,-2.25496285e-03,1.23846392e+02,8.88700558e-03,-1.93808511e-03,2.12289529e+01,3.57784972e-03,-4.79965942e-02,-2.53528264e-13,6.88335282e-02,-5.10485293e-03,4.29070921e-04,3.83844703e-02,2.84989008e-03
1.15000000e+02,1.44756511e+02,1.07860289e-02,-4.17123302e-02,4.66533174e-04,9.66853788e-02,-3.90637704e-03,1.23666519e+02,7.92355628e-03,-2.53856698e-03,2.10899921e+01,2.86247263e-03,-3.91737632e-02,-6.87760952e-13,6.55689857e-02,-6.36252811e-03,4.66533175e-04,3.11163930e-02,2.45615108e-03
1.16000000e+02,1.44463536e+02,1.00668448e-02,-3.25863224e-02,4.98475887e-04,8.49100866e-02,-2.78475597e-03,1.23502779e+02,7.62444329e-03,-2.96602035e-03,2.09607575e+01,2.44240150e-03,-2.96203021e-02,-2.90740152e-13,6.15811181e-02,-5.08891848e-03,4.98475887e-04,2.33289685e-02,2.30416251e-03
1.17000000e+02,1.44195396e+02,1.06108023e-02,-2.33618997e-02,5.33019988e-04,7.34841788e-02,1.14278226e-03,1.23354798e+02,7.30429276e-03,-3.29884989e-03,2.08405983e+01,3.30650956e-03,-2.00630499e-02,-5.51992791e-14,5.79078144e-02,-2.03016083e-03,5.33019988e-04,1.55763644e-02,3.17294309e-03
1.18000000e+02,1.43991427e+02,1.36507533e-02,-1.61591005e-02,5.61717715e-04,6.47516652e-02,8.18748956e-03,1.23267313e+02,7.17896604e-03,-3.41269792e-03,2.07241148e+01,6.47178723e-03,-1.27464026e-02,1.30772417e-14,5.50799846e-02,2.36217339e-03,5.61717715e-04,9.67168061e-03,5.82531617e-03
1.19000000e+02,1.43800712e+02,1.89620318e-02,-1.12757097e-02,5.76669287e-04,5.88268645e-02,1.66783718e-02,1.23191311e+02,7.70474987e-03,-3.38712092e-03,2.06094009e+01,1.12572819e-02,-7.88858878e-03,-8.15749773e-15,5.30772387e-02,6.97213988e-03,5.76669287e-04,5.74962580e-03,9.70623196e-03
1.20000000e+02,1.43529174e+02,2.49083777e-02,-7.14462394e-03,5.75374145e-04,5.38464669e-02,2.44118039e-02,1.23037311e+02,8.38682311e-03,-3.01478752e-03,2.04918630e+01,1.65215546e-02,-4.12983642e-03,3.39426807e-13,5.11414129e-02,1.05355688e-02,5.75374145e-04,2.70505399e-03,1.38762351e-02
1.21000000e+02,1.43162752e+02,2.97804470e-02,-2.54028381e-03,5.56005786e-04,4.88120399e-02,2.95798654e-02,1.22790042e+02,8.72335046e-03,-2.56084668e-03,2.03727098e+01,2.10570965e-02,2.05628705e-05,4.13722493e-13,4.94478615e-02,1.21678447e-02,5.56005785e-04,-6.35821540e-04,1.74120207e-02
1.22000000e+02,1.42682917e+02,3.37816017e-02,1.97406846e-03,5.15377763e-04,4.40696568e-02,3.24216467e-02,1.22431017e+02,9.54005399e-03,-1.77683523e-03,2.02518999e+01,2.42415477e-02,3.75090369e-03,5.64384705e-13,4.76696171e-02,1.25791163e-02,5.15377762e-04,-3.59996031e-03,1.98425304e-02
1.23000000e+02,1.42098257e+02,3.61665926e-02,7.02538678e-03,4.59385638e-04,3.93779897e-02,3.27291136e-02,1.21966936e+02,1.01656306e-02,-8.45008513e-04,2.01313215e+01,2.60009620e-02,7.87039530e-03,2.90890230e-13,4.62560208e-02,1.15853720e-02,4.59385637e-04,-6.87803101e-03,2.11437416e-02
1.24000000e+02,1.41393432e+02,3.75532681e-02,1.12351174e-02,3.90111897e-04,3.58695882e-02,3.17520486e-02,1.21384116e+02,1.11327759e-02,2.55410829e-04,2.00093162e+01,2.64204923e-02,1.09797065e-02,7.09392227e-13,4.52056355e-02,1.03778830e-02,3.90111897e-04,-9.33604731e-03,2.13741655e-02
1.25000000e+02,1.40594179e+02,3.79454506e-02,1.61354634e-02,3.20991603e-04,3.16524358e-02,3.00616947e-02,1.20704331e+02,1.18058634e-02,1.42284433e-03,1.98898480e+01,2.61395872e-02,1.47126191e-02,1.07295248e-12,4.39581845e-02,8.97978472e-03,3.20991602e-04,-1.23057487e-02,2.10819100e-02
1.26000000e+02,1.39719116e+02,3.74607756e-02,2.02489292e-02,2.57245062e-04,2.80456635e-02,2.82477745e-02,1.19948072e+02,1.21743923e-02,2.57826927e-03,1.97710442e+01,2.52863833e-02,1.76706599e-02,1.20396917e-12,4.27391023e-02,7.88851693e-03,2.57245061e-04,-1.46934388e-02,2.03592576e-02
1.27000000e+02,1.38807571e+02,3.65697616e-02,2.49019036e-02,2.05594563e-04,2.31949651e-02,2.68743170e-02,1.19150058e+02,1.23849266e-02,3.71367305e-03,1.96575128e+01,2.41848350e-02,2.11882305e-02,1.20958480e-12,4.07571782e-02,7.43466152e-03,2.05594562e-04,-1.75622131e-02,1.94396555e-02
1.28000000e+02,1.37867814e+02,3.58384649e-02,2.91986534e-02,1.64093167e-04,1.73561923e-02,2.63619916e-02,1.18322767e+02,1.26154362e-02,4.86303096e-03,1.95450467e+01,2.32230287e-02,2.43356224e-02,6.77327756e-13,3.75315052e-02,7.72698725e-03,1.64093166e-04,-2.01753129e-02,1.86350044e-02
1.29000000e+02,1.36995253e+02,3.52173093e-02,3.33956252e-02,1.38274831e-04,1.02524385e-02,2.63290042e-02,1.17556258e+02,1.26371585e-02,5.84541631e-03,1.94389956e+01,2.25801508e-02,2.75502089e-02,1.33336621e-12,3.30975163e-02,8.23406649e-03,1.38274830e-04,-2.28450778e-02,1.80949377e-02
1.30000000e+02,1.36162706e+02,3.54099727e-02,3.66602775e-02,1.20797457e-04,2.74057360e-03,2.69975072e-02,1.16827674e+02,1.27020080e-02,6.72969816e-03,1.93350317e+01,2.27079646e-02,2.99305793e-02,1.71085042e-12,2.75703536e-02,8.84258247e-03,1.20797455e-04,-2.48297800e-02,1.81549247e-02
1.31000000e+02,1.35487946e+02,3.57920676e-02,3.87629980e-02,1.13938653e-04,-4.32651480e-03,2.75971100e-02,1.16250217e+02,1.25107997e-02,7.41975161e-03,1.92377298e+01,2.32812679e-02,3.13432464e-02,1.60850211e-12,2.16652410e-02,9.04349500e-03,1.13938651e-04,-2.59917558e-02,1.85536150e-02
1.32000000e+02,1.34952829e+02,3.48841200e-02,3.91805245e-02,1.10663802e-04,-1.00241676e-02,2.63678805e-02,1.15809940e+02,1.19856800e-02,7.81756570e-03,1.91428887e+01,2.28984400e-02,3.13629588e-02,1.64819846e-12,1.59808679e-02,8.20878342e-03,1.10663800e-04,-2.60050356e-02,1.81590971e-02
1.33000000e+02,1.34581112e+02,3.40237854e-02,3.77207739e-02,1.10757097e-04,-1.36792917e-02,2.41124587e-02,1.15528417e+02,1.14931413e-02,8.02619036e-03,1.90526942e+01,2.25306441e-02,2.96945835e-02,1.72318551e-12,1.09462885e-02,6.33447434e-03,1.10757096e-04,-2.46255802e-02,1.77779843e-02
1.34000000e+02,1.34331930e+02,3.12585085e-02,3.54535700e-02,1.08027662e-04,-1.63432683e-02,1.90327991e-02,1.15368577e+02,1.07723386e-02,8.00183914e-03,1.89633536e+01,2.04861699e-02,2.74517309e-02,1.95027240e-12,6.42572868e-03,3.01806163e-03,1.08027660e-04,-2.27689970e-02,1.60147375e-02
1.35000000e+02,1.34187030e+02,2.76848164e-02,3.25225692e-02,1.04069981e-04,-1.76523909e-02,1.16336734e-02,1.15309347e+02,1.00817911e-02,7.82566904e-03,1.88776832e+01,1.76030253e-02,2.46969002e-02,1.36374541e-12,2.81986617e-03,-1.94897283e-03,1.04069980e-04,-2.04722571e-02,1.35826462e-02
1.36000000e+02,1.34136060e+02,2.14023283e-02,3.07496795e-02,9.34977914e-05,-1.91616637e-02,1.64997271e-04,1.15345217e+02,9.27907658e-03,7.50308150e-03,1.87908430e+01,1.21232518e-02,2.32465980e-02,2.02403187e-12,3.80263667e-05,-8.89966454e-03,9.34977893e-05,-1.91996901e-02,9.06466181e-03
1.37000000e+02,1.34125145e+02,1.39281145e-02,3.03147226e-02,7.73180330e-05,-2.06848435e-02,-1.33263340e-02,1.15419524e+02,8.81044031e-03,7.05262322e-03,1.87056207e+01,5.11767418e-03,2.32620994e-02,1.91233773e-12,-1.58522589e-03,-1.66802223e-02,7.73180311e-05,-1.90996176e-02,3.35388821e-03
1.38000000e+02,1.34073397e+02,4.08608893e-03,3.19487150e-02,5.37976326e-05,-2.34941542e-02,-2.93981514e-02,1.15455917e+02,7.59651230e-03,6.28237229e-03,1.86174795e+01,-3.51042337e-03,2.56663427e-02,2.06037905e-12,-2.55425093e-03,-2.57513830e-02,5.37976305e-05,-2.09399033e-02,-3.64676843e-03
1.39000000e+02,1.33938855e+02,-6.03019425e-03,3.53110174e-02,2.63527654e-05,-2.73141527e-02,-4.62033669e-02,1.15408575e+02,7.08413288e-03,5.47041661e-03,1.85302804e+01,-1.31143271e-02,2.98406008e-02,2.00020367e-12,-3.06046191e-03,-3.47980158e-02,2.63527634e-05,-2.42536908e-02,-1.14053511e-02
1.40000000e+02,1.33652791e+02,-1.68326570e-02,4.01045223e-02,-6.63993983e-06,-3.25765177e-02,-6.38471189e-02,1.15208047e+02,6.34093430e-03,4.42754270e-03,1.84447437e+01,-2.31735913e-02,3.56769796e-02,1.70142204e-12,-3.63053532e-03,-4.43104307e-02,-6.63994153e-06,-2.89459824e-02,-1.95366883e-02
1.41000000e+02,1.33280326e+02,-2.76932119e-02,4.54661014e-02,-4.09135717e-05,-3.87324736e-02,-8.17710399e-02,1.14913886e+02,5.86263471e-03,3.46708548e-03,1.83664394e+01,-3.35558466e-02,4.19990159e-02,2.83298388e-12,-4.72555583e-03,-5.38785537e-02,-4.09135745e-05,-3.40069178e-02,-2.78924861e-02
1.42000000e+02,1.32838271e+02,-3.85550485e-02,5.03841013e-02,-7.59914384e-05,-4.45576261e-02,-9.94720213e-02,1.14543257e+02,5.12181047e-03,2.33614758e-03,1.82950135e+01,-4.36768590e-02,4.80479538e-02,1.57109946e-12,-5.74817683e-03,-6.34907711e-02,-7.59914399e-05,-3.88094492e-02,-3.59812503e-02
1.43000000e+02,1.32437018e+02,-4.75081201e-02,5.29703152e-02,-1.04867845e-04,-4.75892074e-02,-1.14219581e-01,1.14208760e+02,4.84846301e-03,1.33055713e-03,1.82282582e+01,-5.23565831e-02,5.16397581e-02,1.27889551e-12,-6.02174522e-03,-7.14126515e-02,-1.04867846e-04,-4.15674621e-02,-4.28069300e-02
1.44000000e+02,1.32048400e+02,-5.37769691e-02,5.24320887e-02,-1.23274478e-04,-4.66546950e-02,-1.23747826e-01,1.13882588e+02,4.28817880e-03,2.46720717e-04,1.81658119e+01,-5.80651479e-02,5.21853680e-02,1.66759683e-12,-4.81417501e-03,-7.65902667e-02,-1.23274480e-04,-4.18405200e-02,-4.71575598e-02
1.45000000e+02,1.31723441e+02,-5.64107314e-02,4.84669440e-02,-1.21989790e-04,-4.15277762e-02,-1.26503742e-01,1.13613918e+02,3.87780764e-03,-6.99946683e-04,1.81095225e+01,-6.02885391e-02,4.91668907e-02,2.05531168e-12,-2.31969146e-03,-7.78764928e-02,-1.21989792e-04,-3.92080847e-02,-4.86272493e-02
1.46000000e+02,1.31414886e+02,-5.54864365e-02,4.10581560e-02,-9.52996214e-05,-3.21494865e-02,-1.22197640e-01,1.13355932e+02,3.35349211e-03,-1.38769759e-03,1.80589537e+01,-5.88399286e-02,4.24458536e-02,1.08806531e-12,1.45746307e-03,-7.50750950e-02,-9.52996225e-05,-3.36069496e-02,-4.71225450e-02
1.47000000e+02,1.31174577e+02,-5.14301254e-02,3.08501770e-02,-4.48947110e-05,-1.96857437e-02,-1.11926901e-01,1.13162382e+02,2.68592834e-03,-2.18251061e-03,1.80121956e+01,-5.41160537e-02,3.30326876e-02,8.43003714e-13,6.18625380e-03,-6.89061366e-02,-4.48947119e-05,-2.58719975e-02,-4.30207641e-02
1.48000000e+02,1.30950518e+02,-4.39642024e-02,1.99659564e-02,1.58807217e-05,-6.42248618e-03,-9.72245608e-02,1.12984906e+02,2.52405906e-03,-2.76234081e-03,1.79656127e+01,-4.64882614e-02,2.27282972e-02,1.10874412e-12,1.10497623e-02,-6.05382021e-02,1.58807206e-05,-1.74722485e-02,-3.66863587e-02
1.49000000e+02,1.30738476e+02,-3.45225927e-02,9.64532114e-03,7.97128863e-05,5.91929522e-03,-8.07453505e-02,1.12819341e+02,1.98069373e-03,-3.17936580e-03,1.79191356e+01,-3.65032864e-02,1.28246869e-02,8.64439692e-13,1.53424903e-02,-5.22072485e-02,7.97128854e-05,-9.42319504e-03,-2.85381020e-02
1.50000000e+02,1.30474186e+02,-2.30580893e-02,1.74449850e-04,1.36885722e-04,1.75538947e-02,-6.34895045e-02,1.12602207e+02,1.86972560e-03,-3.60483952e-03,1.78719793e+01,-2.49278149e-02,3.77928937e-03,1.02722390e-12,1.96439865e-02,-4.42874816e-02,1.36885721e-04,-2.09009183e-03,-1.92020229e-02
1.51000000e+02,1.30172387e+02,-1.09841760e-02,-7.32285004e-03,1.86496739e-04,2.79552044e-02,-4.70430012e-02,1.12347575e+02,1.58632279e-03,-3.88274500e-03,1.78248125e+01,-1.25704988e-02,-3.44010504e-03,1.15052061e-12,2.42297706e-02,-3.77464761e-02,1.86496738e-04,3.72543380e-03,-9.29652501e-03
1.52000000e+02,1.29792244e+02,2.26398935e-04,-1.21087942e-02,2.19281145e-04,3.65064328e-02,-3.28785904e-02,1.12014699e+02,1.27690200e-03,-4.15379546e-03,1.77775450e+01,-1.05050307e-03,-7.95499871e-03,7.88275387e-13,2.91420624e-02,-3.27811671e-02,2.19281144e-04,7.36437045e-03,-9.74233078e-05
1.53000000e+02,1.29330583e+02,1.00583977e-02,-1.36705094e-02,2.37892144e-04,4.33159241e-02,-2.10165415e-02,1.11598591e+02,1.16100423e-03,-4.31878894e-03,1.77319924e+01,8.89739349e-03,-9.35172044e-03,4.56105501e-13,3.48303241e-02,-2.88330585e-02,2.37892144e-04,8.48560000e-03,7.81651697e-03
1.54000000e+02,1.28775890e+02,1.69171171e-02,-1.27363535e-02,2.40853860e-04,4.92757550e-02,-1.22871981e-02,1.11086806e+02,9.74103161e-04,-4.53750417e-03,1.76890840e+01,1.59430139e-02,-8.19884933e-03,3.78549041e-13,4.17336253e-02,-2.56622513e-02,2.40853860e-04,7.54212976e-03,1.33750532e-02
1.55000000e+02,1.28203049e+02,2.01288155e-02,-9.54691354e-03,2.31127892e-04,5.40053374e-02,-6.68214501e-03,1.10555086e+02,8.17854270e-04,-4.68139391e-03,1.76479633e+01,1.93109612e-02,-4.86551963e-03,4.39248115e-13,4.91859675e-02,-2.26734609e-02,2.31127891e-04,4.81936985e-03,1.59913159e-02
1.56000000e+02,1.27613190e+02,2.01233777e-02,-5.30104065e-03,2.15072886e-04,5.81921514e-02,-3.33808920e-03,1.10002656e+02,7.44784973e-04,-4.83582168e-03,1.76105340e+01,1.93785927e-02,-4.65218970e-04,3.43652573e-13,5.69954126e-02,-1.93201049e-02,2.15072886e-04,1.19673881e-03,1.59820157e-02
1.57000000e+02,1.27050476e+02,1.79873273e-02,-1.07039373e-03,1.99905051e-04,6.22527145e-02,-6.82767020e-04,1.09473879e+02,7.74896105e-04,-4.89134423e-03,1.75765969e+01,1.72124312e-02,3.82095050e-03,2.03070546e-13,6.46175394e-02,-1.49050875e-02,1.99905051e-04,-2.36482488e-03,1.42223205e-02
1.58000000e+02,1.26577742e+02,1.50681492e-02,2.32952868e-03,1.89914140e-04,6.61539866e-02,2.95884962e-03,1.09031076e+02,9.45874916e-04,-4.91822485e-03,1.75466653e+01,1.41222743e-02,7.24775353e-03,-1.06754479e-14,7.14207539e-02,-8.77770165e-03,1.89914140e-04,-5.26676731e-03,1.17365513e-02
1.59000000e+02,1.26228658e+02,1.24103512e-02,4.48277212e-03,1.87981941e-04,6.99187813e-02,8.44001126e-03,1.08708303e+02,1.19546755e-03,-4.84961241e-03,1.75203552e+01,1.12148836e-02,9.33238453e-03,-1.32590928e-13,7.70002195e-02,-9.74450882e-04,1.87981941e-04,-7.08143824e-03,9.41446215e-03
1.60000000e+02,1.25991050e+02,1.08792466e-02,5.46924639e-03,1.91014837e-04,7.34647895e-02,1.60948616e-02,1.08495677e+02,1.54598305e-03,-4.66692587e-03,1.74953731e+01,9.33326352e-03,1.01361723e-02,-2.15695409e-13,8.12944987e-02,8.17114729e-03,1.91014837e-04,-7.82970929e-03,7.92371427e-03
1.61000000e+02,1.25870042e+02,1.09842251e-02,5.71328147e-03,1.97728200e-04,7.60182153e-02,2.59181505e-02,1.08401212e+02,1.89588342e-03,-4.31955032e-03,1.74688302e+01,9.08834170e-03,1.00328318e-02,-2.88477436e-13,8.38294066e-02,1.81692879e-02,1.97728200e-04,-7.81119131e-03,7.74886253e-03
1.62000000e+02,1.25791456e+02,1.28288697e-02,5.99602159e-03,2.05654425e-04,7.71366723e-02,3.73547553e-02,1.08350692e+02,2.24119306e-03,-3.75281720e-03,1.74407634e+01,1.05876766e-02,9.74883879e-03,-3.80033353e-13,8.47870453e-02,2.83801070e-02,2.05654426e-04,-7.65037298e-03,8.97464835e-03
1.63000000e+02,1.25690549e+02,1.59273748e-02,7.18757923e-03,2.09578060e-04,7.56523832e-02,4.95758760e-02,1.08278999e+02,2.52983087e-03,-2.95751695e-03,1.74115496e+01,1.33975439e-02,1.01450962e-02,-4.55817173e-13,8.37122726e-02,3.83348749e-02,2.09578060e-04,-8.05988941e-03,1.12410011e-02
1.64000000e+02,1.25539757e+02,1.98205894e-02,1.00548711e-02,2.08402476e-04,7.03909546e-02,6.21047793e-02,1.08155948e+02,2.72707046e-03,-1.96013471e-03,1.73838091e+01,1.70935189e-02,1.20150059e-02,-5.02506882e-13,8.00901205e-02,4.79144174e-02,2.08402476e-04,-9.69916590e-03,1.41903620e-02
1.65000000e+02,1.25329114e+02,2.38203458e-02,1.49587508e-02,2.02688866e-04,6.05727965e-02,7.39970108e-02,1.07968106e+02,2.80548995e-03,-8.57789616e-04,1.73610077e+01,2.10148558e-02,1.58165405e-02,-5.56931701e-13,7.35088963e-02,5.67104068e-02,2.02688866e-04,-1.29360997e-02,1.72866040e-02
1.66000000e+02,1.25104490e+02,2.68963459e-02,2.18737579e-02,1.91367181e-04,4.61593202e-02,8.37578171e-02,1.07761677e+02,2.72394111e-03,2.17468043e-04,1.73428126e+01,2.41724048e-02,2.16562899e-02,-7.39077043e-13,6.39787217e-02,6.40302745e-02,1.91367182e-04,-1.78194015e-02,1.97275425e-02
1.67000000e+02,1.24914415e+02,2.83600081e-02,3.06203242e-02,1.77041682e-04,2.76350777e-02,9.00223968e-02,1.07585138e+02,2.45358883e-03,1.14801366e-03,1.73292777e+01,2.59064193e-02,2.94723105e-02,-8.62034628e-13,5.18996092e-02,6.90319848e-02,1.77041683e-04,-2.42645314e-02,2.09904120e-02
1.68000000e+02,1.24776111e+02,2.77237394e-02,4.04152888e-02,1.61494633e-04,6.87270538e-03,9.21725970e-02,1.07458499e+02,2.02591948e-03,1.88470752e-03,1.73176125e+01,2.56978199e-02,3.85305813e-02,-9.08826817e-13,3.85258039e-02,7.15135154e-02,1.61494634e-04,-3.16530985e-02,2.06590816e-02
1.69000000e+02,1.24664814e+02,2.47324776e-02,5.01518693e-02,1.47254496e-04,-1.40654009e-02,8.98932336e-02,1.07360006e+02,1.48403016e-03,2.40053878e-03,1.73048086e+01,2.32484475e-02,4.77513305e-02,-8.78780624e-13,2.50242233e-02,7.13629397e-02,1.47254497e-04,-3.90896241e-02,1.85302939e-02
1.70000000e+02,1.24560799e+02,1.95027093e-02,5.88072513e-02,1.34569315e-04,-3.35084438e-02,8.37958199e-02,1.07269736e+02,8.65549202e-04,2.73611681e-03,1.72910626e+01,1.86371601e-02,5.60711345e-02,-8.54870474e-13,1.22367248e-02,6.90872389e-02,1.34569316e-04,-4.57451686e-02,1.47085810e-02
1.71000000e+02,1.24427623e+02,1.26442385e-02,6.53294115e-02,1.27572942e-04,-5.00999782e-02,7.51126141e-02,1.07149211e+02,1.89921117e-04,2.91733975e-03,1.72784118e+01,1.24543174e-02,6.24120717e-02,-8.49928966e-13,6.88023685e-04,6.54174311e-02,1.27572943e-04,-5.07880019e-02,9.69518295e-03
1.72000000e+02,1.24272234e+02,4.80847654e-03,6.94118517e-02,1.26231626e-04,-6.36958267e-02,6.54110443e-02,1.07004488e+02,-5.10802784e-04,2.94559857e-03,1.72677456e+01,5.31927932e-03,6.64662531e-02,-8.89152154e-13,-9.70089336e-03,6.14433314e-02,1.26231627e-04,-5.39949334e-02,3.96771292e-03
1.73000000e+02,1.24125548e+02,-3.17693686e-03,7.09869907e-02,1.31598351e-04,-7.44347423e-02,5.62404484e-02,1.06867011e+02,-1.25246767e-03,2.82749412e-03,1.72585373e+01,-1.92446919e-03,6.81594966e-02,-9.44455720e-13,-1.91411605e-02,5.80555668e-02,1.31598352e-04,-5.52935817e-02,-1.81511840e-03
1.74000000e+02,1.24006264e+02,-1.03191669e-02,6.98332226e-02,1.44311071e-04,-8.23619044e-02,4.86182633e-02,1.06757847e+02,-2.00112006e-03,2.57978634e-03,1.72484174e+01,-8.31804681e-03,6.72534363e-02,-9.73093774e-13,-2.78904188e-02,5.55219171e-02,1.44311072e-04,-5.44714857e-02,-6.90365387e-03
1.75000000e+02,1.23907586e+02,-1.58264988e-02,6.58409030e-02,1.63765576e-04,-8.70011666e-02,4.31809719e-02,1.06672706e+02,-2.75943082e-03,2.19363218e-03,1.72348799e+01,-1.30670680e-02,6.36472708e-02,-1.00256718e-12,-3.55561663e-02,5.38452597e-02,1.63765577e-04,-5.14450003e-02,-1.06642879e-02
1.76000000e+02,1.23806430e+02,-1.92836262e-02,5.92133217e-02,1.87772356e-04,-8.78565513e-02,4.01489594e-02,1.06588760e+02,-3.52440464e-03,1.69423758e-03,1.72176707e+01,-1.57592215e-02,5.75190841e-02,-1.00073851e-12,-4.14963559e-02,5.29079313e-02,1.87772357e-04,-4.63601953e-02,-1.27589719e-02
1.77000000e+02,1.23683741e+02,-2.05605602e-02,5.04519138e-02,2.13226726e-04,-8.51493377e-02,3.96339737e-02,1.06486493e+02,-4.29791187e-03,1.06239586e-03,1.71972481e+01,-1.62626483e-02,4.93895179e-02,-9.69965670e-13,-4.55021080e-02,5.27042602e-02,2.13226727e-04,-3.96472297e-02,-1.30702865e-02
1.78000000e+02,1.23513521e+02,-1.98894434e-02,4.02737451e-02,2.35526407e-04,-7.91019957e-02,4.16586150e-02,1.06335895e+02,-5.05928526e-03,2.98148236e-04,1.71776253e+01,-1.48301581e-02,3.99755969e-02,-9.42872770e-13,-4.71816717e-02,5.34698098e-02,2.35526408e-04,-3.19203240e-02,-1.18111948e-02
1.79000000e+02,1.23302781e+02,-1.78122551e-02,2.95220409e-02,2.50780075e-04,-7.05153129e-02,4.58100808e-02,1.06140627e+02,-5.80249765e-03,-5.97713139e-04,1.71621541e+01,-1.20097575e-02,3.01197540e-02,-9.29356954e-13,-4.66483025e-02,5.52591222e-02,2.50780076e-04,-2.38670104e-02,-9.44904136e-03
1.80000000e+02,1.23069675e+02,-1.50690186e-02,1.90250527e-02,2.56511936e-04,-6.02725161e-02,5.09599677e-02,1.05918779e+02,-6.48272139e-03,-1.63996715e-03,1.71508957e+01,-8.58629726e-03,2.06650198e-02,-9.52711583e-13,-4.41235348e-02,5.76133566e-02,2.56511937e-04,-1.61489813e-02,-6.65338882e-03
1.81000000e+02,1.22841816e+02,-1.23986827e-02,9.23352792e-03,2.51908041e-04,-4.88233652e-02,5.56036004e-02,1.05698337e+02,-7.10332872e-03,-2.85840972e-03,1.71434794e+01,-5.29535399e-03,1.20919376e-02,-9.76842243e-13,-3.96752985e-02,5.96335640e-02,2.51908042e-04,-9.14806670e-03,-4.02996358e-03
1.82000000e+02,1.22627261e+02,-1.04258135e-02,4.35357381e-05,2.38423929e-04,-3.57868289e-02,5.80576181e-02,1.05487489e+02,-7.66293116e-03,-4.26112121e-03,1.71397721e+01,-2.76288233e-03,4.30465694e-03,-9.85549394e-13,-3.29947131e-02,6.01576814e-02,2.38423930e-04,-2.79211581e-03,-2.10006332e-03
1.83000000e+02,1.22465196e+02,-9.73047412e-03,-7.98749414e-03,2.15609819e-04,-2.19921719e-02,5.65557859e-02,1.05326261e+02,-8.15095238e-03,-5.81480547e-03,1.71389342e+01,-1.57952175e-03,-2.17268867e-03,-9.85039627e-13,-2.44774573e-02,5.78854051e-02,2.15609820e-04,2.48528537e-03,-1.32961915e-03
1.84000000e+02,1.22365582e+02,-1.05748957e-02,-1.52591827e-02,1.86366518e-04,-7.31506266e-03,4.98422599e-02,1.05226706e+02,-8.53216316e-03,-7.46032589e-03,1.71388761e+01,-2.04273251e-03,-7.79885678e-03,-9.91802969e-13,-1.43449214e-02,5.17809615e-02,1.86366519e-04,7.02985873e-03,-1.93870159e-03
1.85000000e+02,1.22309200e+02,-1.29026165e-02,-2.18281517e-02,1.53043703e-04,7.67203349e-03,3.75146998e-02,1.05169751e+02,-8.70811018e-03,-9.10434759e-03,1.71394494e+01,-4.19450627e-03,-1.27238041e-02,-9.91984469e-13,-3.26703202e-03,4.14309894e-02,1.53043704e-04,1.09390655e-02,-3.91628958e-03
1.86000000e+02,1.22287351e+02,-1.64684359e-02,-2.73957278e-02,1.18509273e-04,2.14268916e-02,2.02112567e-02,1.05149594e+02,-8.68805633e-03,-1.06029482e-02,1.71377572e+01,-7.78037959e-03,-1.67927795e-02,-9.90472248e-13,7.33207846e-03,2.72222343e-02,1.18509274e-04,1.40948131e-02,-7.01097761e-03
1.87000000e+02,1.22247154e+02,-2.07026908e-02,-3.17258067e-02,8.60424926e-05,3.25214958e-02,-2.25659736e-04,1.05111268e+02,-8.45134763e-03,-1.18225901e-02,1.71358866e+01,-1.22513432e-02,-1.99032166e-02,-9.98327515e-13,1.60787003e-02,1.05152501e-02,8.60424936e-05,1.64427956e-02,-1.07409098e-02
1.88000000e+02,1.22143382e+02,-2.48473095e-02,-3.44426281e-02,5.80566959e-05,4.00696405e-02,-2.15226771e-02,1.05010345e+02,-8.01693522e-03,-1.26248416e-02,1.71330372e+01,-1.68303743e-02,-2.18177865e-02,-1.05064222e-12,2.22508360e-02,-7.06391166e-03,5.80566970e-05,1.78188045e-02,-1.44587654e-02
1.89000000e+02,1.22009646e+02,-2.81295579e-02,-3.51389932e-02,3.63909244e-05,4.36014471e-02,-4.16083243e-02,1.04877997e+02,-7.44472005e-03,-1.29588166e-02,1.71316492e+01,-2.06848378e-02,-2.21801767e-02,-1.10534805e-12,2.56397312e-02,-2.41074358e-02,3.63909255e-05,1.79617159e-02,-1.75008885e-02
1.90000000e+02,1.21862031e+02,-2.97805130e-02,-3.34397870e-02,2.21034922e-05,4.30270136e-02,-5.84468409e-02,1.04731762e+02,-6.77375629e-03,-1.27799980e-02,1.71302690e+01,-2.30067567e-02,-2.06597889e-02,-1.23178914e-12,2.64190337e-02,-3.92141031e-02,2.21034934e-05,1.66079799e-02,-1.92327378e-02
1.91000000e+02,1.21714519e+02,-2.92206025e-02,-2.93129590e-02,1.52785512e-05,3.86520298e-02,-7.04469505e-02,1.04585863e+02,-6.04790877e-03,-1.21646731e-02,1.71286562e+01,-2.31726938e-02,-1.71482858e-02,-1.31730531e-12,2.49799229e-02,-5.12666699e-02,1.52785526e-05,1.36721070e-02,-1.91802806e-02
1.92000000e+02,1.21571239e+02,-2.61843579e-02,-2.30135624e-02,1.58061205e-05,3.07758881e-02,-7.68340027e-02,1.04445143e+02,-5.27254032e-03,-1.12240549e-02,1.71260960e+01,-2.09118176e-02,-1.17895075e-02,-1.41778776e-12,2.15126065e-02,-5.96828157e-02,1.58061219e-05,9.26328165e-03,-1.71511870e-02
1.93000000e+02,1.21431956e+02,-2.08447485e-02,-1.51580691e-02,2.29751565e-05,2.00079634e-02,-7.76077130e-02,1.04308383e+02,-4.44890091e-03,-1.00731937e-02,1.71235724e+01,-1.63958476e-02,-5.08487537e-03,-1.55607707e-12,1.62077546e-02,-6.43017695e-02,2.29751580e-05,3.80020870e-03,-1.33059435e-02
1.94000000e+02,1.21323516e+02,-1.36982397e-02,-6.66179840e-03,3.55364378e-05,7.48790948e-03,-7.31998075e-02,1.04201751e+02,-3.54323411e-03,-8.85961078e-03,1.71217645e+01,-1.01550056e-02,2.19781239e-03,-1.71863771e-12,9.59940607e-03,-6.51065500e-02,3.55364396e-05,-2.11149660e-03,-8.09325750e-03
1.95000000e+02,1.21266307e+02,-5.59264083e-03,1.66795583e-03,5.15583460e-05,-5.81123316e-03,-6.47548662e-02,1.04144042e+02,-2.54392399e-03,-7.68352415e-03,1.71222651e+01,-3.04871684e-03,9.35147998e-03,-1.86163416e-12,2.08091129e-03,-6.25330726e-02,5.15583479e-05,-7.89214445e-03,-2.22179358e-03
1.96000000e+02,1.21287246e+02,2.48694327e-03,9.12077852e-03,6.87296009e-05,-1.86034421e-02,-5.38044970e-02,1.04162629e+02,-1.45126647e-03,-6.63091820e-03,1.71246169e+01,3.93820975e-03,1.57516967e-02,-1.99145804e-12,-5.56585444e-03,-5.73007004e-02,6.87296029e-05,-1.30375877e-02,3.49620338e-03
1.97000000e+02,1.21410484e+02,9.63734947e-03,1.52320912e-02,8.41817463e-05,-2.98122970e-02,-4.21066958e-02,1.04282062e+02,-2.80711694e-04,-5.76472706e-03,1.71284215e+01,9.91806117e-03,2.09968183e-02,-2.11748443e-12,-1.25993812e-02,-5.04507825e-02,8.41817484e-05,-1.72129159e-02,8.34408669e-03
1.98000000e+02,1.21622804e+02,1.52019024e-02,1.97589777e-02,9.56252153e-05,-3.85776931e-02,-3.13559591e-02,1.04490871e+02,9.72806266e-04,-5.10904804e-03,1.71319331e+01,1.42290961e-02,2.48680258e-02,-2.24726843e-12,-1.83358268e-02,-4.31537751e-02,9.56252175e-05,-2.02418662e-02,1.17978161e-02
1.99000000e+02,1.21898338e+02,1.89018914e-02,2.26528043e-02,1.01839462e-04,-4.39764448e-02,-2.26220950e-02,1.04764558e+02,2.27829806e-03,-4.68922909e-03,1.71337803e+01,1.66235933e-02,2.73420334e-02,-2.38296120e-12,-2.18806966e-02,-3.62847791e-02,1.01839464e-04,-2.20957482e-02,1.36626841e-02
2.00000000e+02,1.22183053e+02,2.06290144e-02,2.39724270e-02,1.01921618e-04,-4.53109500e-02,-1.67763814e-02,1.05050099e+02,3.64093769e-03,-4.51592488e-03,1.71329536e+01,1.69880767e-02,2.84883518e-02,-2.50128725e-12,-2.24572502e-02,-3.06455086e-02,1.01921620e-04,-2.28536998e-02,1.38691272e-02
2.01000000e+02,1.22431624e+02,2.04266296e-02,2.38818133e-02,9.69190154e-05,-4.22594171e-02,-1.39984837e-02,1.05301665e+02,4.95702260e-03,-4.59016429e-03,1.71299588e+01,1.54696070e-02,2.84719776e-02,-2.61172040e-12,-1.95943082e-02,-2.65379391e-02,9.69190180e-05,-2.26651089e-02,1.25394554e-02
2.02000000e+02,1.22619224e+02,1.84486520e-02,2.25489578e-02,8.82837222e-05,-3.51088203e-02,-1.42556865e-02,1.05493542e+02,6.16813691e-03,-4.89850396e-03,1.71256821e+01,1.22805151e-02,2.74474618e-02,-2.75170086e-12,-1.34287057e-02,-2.41300574e-02,8.82837249e-05,-2.16801146e-02,9.87437091e-03
2.03000000e+02,1.22744874e+02,1.48694404e-02,2.02156119e-02,7.84497266e-05,-2.44189354e-02,-1.71817632e-02,1.05622352e+02,7.06665700e-03,-5.37183873e-03,1.71225218e+01,7.80278336e-03,2.55874506e-02,-2.87806049e-12,-4.37206677e-03,-2.33793258e-02,7.84497295e-05,-2.00468686e-02,6.19756263e-03
2.04000000e+02,1.22817310e+02,1.01406859e-02,1.71092343e-02,6.92277019e-05,-1.09645438e-02,-2.19745211e-02,1.05697057e+02,7.59365250e-03,-5.96422733e-03,1.71202526e+01,2.54703342e-03,2.30734616e-02,-3.00671777e-12,6.95745456e-03,-2.39041680e-02,6.92277049e-05,-1.79219983e-02,1.92964688e-03
2.05000000e+02,1.22877685e+02,4.93841915e-03,1.35691162e-02,6.18321225e-05,4.32802400e-03,-2.74983750e-02,1.05758990e+02,7.76598104e-03,-6.59998230e-03,1.71186948e+01,-2.82756189e-03,2.01690985e-02,-3.09281855e-12,1.98367602e-02,-2.50936428e-02,6.18321256e-05,-1.55087362e-02,-2.40473223e-03
2.06000000e+02,1.22925224e+02,7.01790198e-05,9.92766988e-03,5.65732775e-05,2.05900117e-02,-3.27612045e-02,1.05809103e+02,7.73196148e-03,-7.23019792e-03,1.71161207e+01,-7.66178246e-03,1.71578678e-02,-3.16570461e-12,3.36293100e-02,-2.64864614e-02,5.65732807e-05,-1.30392983e-02,-6.27474312e-03
2.07000000e+02,1.22940209e+02,-3.87245690e-03,6.54278405e-03,5.34397699e-05,3.71639140e-02,-3.70360099e-02,1.05828299e+02,7.53765023e-03,-7.78548547e-03,1.71119097e+01,-1.14101071e-02,1.43282695e-02,-3.21808454e-12,4.78968284e-02,-2.77775762e-02,5.34397732e-05,-1.07329144e-02,-9.25843363e-03
2.08000000e+02,1.22891480e+02,-6.66364797e-03,3.72776413e-03,5.18814299e-05,5.33762001e-02,-3.98653881e-02,1.05785860e+02,7.12734278e-03,-8.16889612e-03,1.71056198e+01,-1.37909907e-02,1.18966603e-02,-3.23459904e-12,6.21450196e-02,-2.87443441e-02,5.18814331e-05,-8.76881953e-03,-1.11210440e-02
2.09000000e+02,1.22758678e+02,-8.16353711e-03,1.78380075e-03,5.11161770e-05,6.85645656e-02,-4.09366683e-02,1.05660413e+02,6.61860516e-03,-8.23866754e-03,1.70982645e+01,-1.47821423e-02,1.00224683e-02,-3.26651072e-12,7.58383053e-02,-2.90744007e-02,5.11161803e-05,-7.27373973e-03,-1.18622676e-02
2.10000000e+02,1.22532434e+02,-8.75202042e-03,8.53671923e-04,5.06531509e-05,8.20400057e-02,-4.03336429e-02,1.05441737e+02,5.85065942e-03,-7.95949770e-03,1.70906966e+01,-1.46026798e-02,8.81316963e-03,-3.27642415e-12,8.83864292e-02,-2.86780834e-02,5.06531541e-05,-6.34642348e-03,-1.16555595e-02
2.11000000e+02,1.22220572e+02,-8.84018995e-03,1.15118604e-03,5.01339329e-05,9.30661530e-02,-3.84395157e-02,1.05135685e+02,4.72792821e-03,-7.17231834e-03,1.70848867e+01,-1.35681182e-02,8.32350438e-03,-3.28813869e-12,9.90977646e-02,-2.76562578e-02,5.01339362e-05,-6.03161162e-03,-1.07832579e-02
2.12000000e+02,1.21843876e+02,-8.72639702e-03,2.64130357e-03,4.96523726e-05,1.01081625e-01,-3.57413787e-02,1.04763146e+02,3.39456114e-03,-5.91161318e-03,1.70807303e+01,-1.21209582e-02,8.55291675e-03,-3.29622857e-12,1.07409862e-01,-2.61488184e-02,4.96523759e-05,-6.32823685e-03,-9.59256029e-03
2.13000000e+02,1.21447022e+02,-8.87222239e-03,5.17932544e-03,4.96180650e-05,1.05849845e-01,-3.29680012e-02,1.04368409e+02,1.73900284e-03,-4.26634887e-03,1.70786127e+01,-1.06112252e-02,9.44567431e-03,-3.29926091e-12,1.13022654e-01,-2.45897839e-02,4.96180683e-05,-7.17280828e-03,-8.37821737e-03
2.14000000e+02,1.21062106e+02,-9.49723820e-03,8.39105087e-03,5.05283504e-05,1.07603132e-01,-3.05374414e-02,1.03983919e+02,-1.51273814e-04,-2.46722962e-03,1.70781871e+01,-9.34596438e-03,1.08582805e-02,-3.31621897e-12,1.16043755e-01,-2.31775442e-02,5.05283537e-05,-8.44062343e-03,-7.35989725e-03
2.15000000e+02,1.20722052e+02,-1.06567208e-02,1.18202818e-02,5.29095929e-05,1.06918594e-01,-2.85741911e-02,1.03642684e+02,-2.23440274e-03,-7.79797443e-04,1.70793680e+01,-8.42231805e-03,1.26000792e-02,-3.32078100e-12,1.16876646e-01,-2.19447686e-02,5.29095962e-05,-9.95805247e-03,-6.62942247e-03
2.16000000e+02,1.20451652e+02,-1.23122880e-02,1.48529000e-02,5.71279585e-05,1.04500307e-01,-2.69104991e-02,1.03370173e+02,-4.49663653e-03,4.03857601e-04,1.70814789e+01,-7.81565150e-03,1.44490424e-02,-3.33228279e-12,1.16044737e-01,-2.07740180e-02,5.71279619e-05,-1.15444303e-02,-6.13648112e-03
2.17000000e+02,1.20269590e+02,-1.42659432e-02,1.71495071e-02,6.33254905e-05,1.00927667e-01,-2.52738200e-02,1.03185171e+02,-6.86972985e-03,8.79700727e-04,1.70844188e+01,-7.39621333e-03,1.62698064e-02,-3.32089070e-12,1.14016749e-01,-1.94839414e-02,6.33254938e-05,-1.30890820e-02,-5.78987861e-03
2.18000000e+02,1.20180681e+02,-1.63264127e-02,1.84363029e-02,7.13806812e-05,9.64228402e-02,-2.31808231e-02,1.03093307e+02,-9.26305942e-03,4.50172587e-04,1.70873747e+01,-7.06335325e-03,1.79861303e-02,-3.29625537e-12,1.10977172e-01,-1.77000240e-02,7.13806845e-05,-1.45543317e-02,-5.48079901e-03
2.19000000e+02,1.20190557e+02,-1.81623122e-02,1.87015283e-02,8.12384868e-05,9.08739053e-02,-1.98600169e-02,1.03099511e+02,-1.16049403e-02,-8.81595202e-04,1.70910467e+01,-6.55737189e-03,1.95831235e-02,-3.27205808e-12,1.06806615e-01,-1.48355032e-02,8.12384900e-05,-1.59327098e-02,-5.02451377e-03
2.20000000e+02,1.20295034e+02,-1.94207575e-02,1.78454004e-02,9.30433853e-05,8.41120778e-02,-1.43749118e-02,1.03200002e+02,-1.36761671e-02,-3.22093113e-03,1.70950320e+01,-5.74459038e-03,2.10663315e-02,-3.23006130e-12,1.01350522e-01,-1.01051798e-02,9.30433885e-05,-1.72384446e-02,-4.26973199e-03
2.21000000e+02,1.20492588e+02,-1.99128973e-02,1.61961146e-02,1.06889102e-04,7.57985027e-02,-6.15356642e-03,1.03393348e+02,-1.54332680e-02,-6.26099625e-03,1.70992405e+01,-4.47962923e-03,2.24571109e-02,-3.20597877e-12,9.42630397e-02,-3.02040583e-03,1.06889105e-04,-1.84645370e-02,-3.13316059e-03
2.22000000e+02,1.20771938e+02,-1.97794248e-02,1.36423172e-02,1.22848824e-04,6.60859148e-02,4.98718878e-03,1.03668946e+02,-1.69771754e-02,-1.00331861e-02,1.71029918e+01,-2.80224945e-03,2.36755032e-02,-3.17886454e-12,8.56459118e-02,6.63095935e-03,1.22848827e-04,-1.95599970e-02,-1.64377058e-03
2.23000000e+02,1.21114819e+02,-1.89623055e-02,1.03540045e-02,1.40722250e-04,5.52045941e-02,1.88525050e-02,1.04008789e+02,-1.81701434e-02,-1.43126584e-02,1.71060304e+01,-7.92162070e-04,2.46666628e-02,-3.13160545e-12,7.56456222e-02,1.87682147e-02,1.40722253e-04,-2.04410280e-02,8.42903069e-05
2.24000000e+02,1.21491218e+02,-1.79145322e-02,6.07450894e-03,1.59698918e-04,4.38165199e-02,3.43846976e-02,1.04383747e+02,-1.91769059e-02,-1.92174416e-02,1.71074710e+01,1.26237372e-03,2.52919505e-02,-3.09601347e-12,6.48191149e-02,3.25580709e-02,1.59698921e-04,-2.10025950e-02,1.82662679e-03
2.25000000e+02,1.21880943e+02,-1.70051231e-02,1.15494256e-03,1.78600370e-04,3.26232495e-02,5.03580067e-02,1.04773862e+02,-2.01421669e-02,-2.43477971e-02,1.71070817e+01,3.13704386e-03,2.55027396e-02,-3.07108647e-12,5.37917646e-02,4.70006677e-02,1.78600373e-04,-2.11685151e-02,3.35733895e-03
2.26000000e+02,1.22251380e+02,-1.67212078e-02,-4.39942561e-03,1.95390933e-04,2.23054621e-02,6.52531938e-02,1.05147432e+02,-2.12491747e-02,-2.96092945e-02,1.71039479e+01,4.52796699e-03,2.52098689e-02,-3.06235513e-12,4.32174272e-02,6.08109305e-02,1.95390936e-04,-2.09119651e-02,4.44226326e-03
2.27000000e+02,1.22572285e+02,-1.70832749e-02,-1.02144340e-02,2.08632245e-04,1.30820678e-02,7.78410357e-02,1.05474660e+02,-2.24017327e-02,-3.47485473e-02,1.70976257e+01,5.31845784e-03,2.45341133e-02,-3.02265139e-12,3.33983647e-02,7.28829702e-02,2.08632248e-04,-2.03162969e-02,4.95806549e-03
2.28000000e+02,1.22805010e+02,-1.81211202e-02,-1.62091181e-02,2.17118578e-04,4.86697997e-03,8.71363863e-02,1.05717469e+02,-2.34478372e-02,-3.97910949e-02,1.70875403e+01,5.32671705e-03,2.35819768e-02,-2.99980396e-12,2.43856329e-02,8.23282156e-02,2.17118581e-04,-1.95186529e-02,4.80817078e-03
2.29000000e+02,1.22919403e+02,-1.97915583e-02,-2.19444812e-02,2.20507844e-04,-2.87215591e-03,9.25953298e-02,1.05844938e+02,-2.43925288e-02,-4.45455321e-02,1.70744652e+01,4.60097049e-03,2.26010509e-02,-2.98583077e-12,1.58255085e-02,8.85787573e-02,2.20507847e-04,-1.86976644e-02,4.01657244e-03
2.30000000e+02,1.22897992e+02,-2.20232754e-02,-2.73452604e-02,2.18569836e-04,-1.07411660e-02,9.40469926e-02,1.05838690e+02,-2.51828818e-02,-4.90603858e-02,1.70593019e+01,3.15960634e-03,2.17151253e-02,-2.94285114e-12,7.27125867e-03,9.13907739e-02,2.18569839e-04,-1.80124247e-02,2.65621873e-03
2.31000000e+02,1.22732703e+02,-2.45012833e-02,-3.22915335e-02,2.11943127e-04,-1.94075080e-02,9.15483502e-02,1.05686131e+02,-2.57196068e-02,-5.34296852e-02,1.70465716e+01,1.21832356e-03,2.11381517e-02,-2.88984311e-12,-1.82628523e-03,9.06406138e-02,2.11943130e-04,-1.75812228e-02,9.07736442e-04
2.32000000e+02,1.22448862e+02,-2.71905970e-02,-3.70335762e-02,2.01950318e-04,-2.93491072e-02,8.59750840e-02,1.05411952e+02,-2.61012103e-02,-5.79487698e-02,1.70369098e+01,-1.08938678e-03,2.09151936e-02,-2.83143002e-12,-1.18858762e-02,8.70533328e-02,2.01950321e-04,-1.74632310e-02,-1.07824878e-03
2.33000000e+02,1.22130699e+02,-3.00638907e-02,-4.14544972e-02,1.89693920e-04,-4.01907060e-02,7.79612617e-02,1.05099283e+02,-2.65779273e-02,-6.25279765e-02,1.70314165e+01,-3.48596336e-03,2.10734793e-02,-2.77096843e-12,-2.25761744e-02,8.10790969e-02,1.89693923e-04,-1.76145317e-02,-3.11783515e-03
2.34000000e+02,1.21836530e+02,-3.33507592e-02,-4.60838100e-02,1.76457354e-04,-5.12395569e-02,6.79600387e-02,1.04807447e+02,-2.75596480e-02,-6.74787354e-02,1.70290825e+01,-5.79111113e-03,2.13949254e-02,-2.71849696e-12,-3.33451024e-02,7.29945454e-02,1.76457357e-04,-1.78944545e-02,-5.03450665e-03
2.35000000e+02,1.21604200e+02,-3.69122189e-02,-5.07560581e-02,1.63020912e-04,-6.18370235e-02,5.62803271e-02,1.04575411e+02,-2.91845783e-02,-7.25151127e-02,1.70287888e+01,-7.72764059e-03,2.17590547e-02,-2.69185041e-12,-4.36801646e-02,6.29485694e-02,1.63020915e-04,-1.81568589e-02,-6.66824226e-03
2.36000000e+02,1.21438005e+02,-4.06854849e-02,-5.59516618e-02,1.49978206e-04,-7.11624971e-02,4.32461002e-02,1.04409480e+02,-3.14260534e-02,-7.79061094e-02,1.70285244e+01,-9.25943149e-03,2.19544477e-02,-2.68142615e-12,-5.28915174e-02,5.11851620e-02,1.49978209e-04,-1.82709797e-02,-7.93906188e-03
2.37000000e+02,1.21332541e+02,-4.45674236e-02,-6.10597105e-02,1.37637502e-04,-7.88790036e-02,2.92305985e-02,1.04305113e+02,-3.42996397e-02,-8.30180419e-02,1.70274283e+01,-1.02677839e-02,2.19583314e-02,-2.67008569e-12,-6.07103447e-02,3.80355312e-02,1.37637504e-04,-1.81686589e-02,-8.80493278e-03
2.38000000e+02,1.21271805e+02,-4.83988310e-02,-6.59852612e-02,1.25999327e-04,-8.45341304e-02,1.47654521e-02,1.04247204e+02,-3.75732980e-02,-8.76041424e-02,1.70246006e+01,-1.08255330e-02,2.16188812e-02,-2.64507605e-12,-6.67518702e-02,2.40487174e-02,1.25999330e-04,-1.77822602e-02,-9.28326533e-03
2.39000000e+02,1.21242084e+02,-5.17763902e-02,-7.01813669e-02,1.14693687e-04,-8.76773905e-02,2.02744475e-04,1.04221510e+02,-4.08202438e-02,-9.11424654e-02,1.70205738e+01,-1.09561464e-02,2.09610985e-02,-2.59837859e-12,-7.05985713e-02,9.65376906e-03,1.14693689e-04,-1.70788192e-02,-9.45102458e-03
2.40000000e+02,1.21224445e+02,-5.46618368e-02,-7.38339389e-02,1.03137808e-04,-8.75983752e-02,-1.44870675e-02,1.04208991e+02,-4.37407314e-02,-9.36984091e-02,1.70154540e+01,-1.09211054e-02,1.98644702e-02,-2.53464588e-12,-7.15856686e-02,-5.02914704e-03,1.03137810e-04,-1.60127066e-02,-9.45792045e-03
2.41000000e+02,1.21194179e+02,-5.72681299e-02,-7.68625988e-02,9.05541686e-05,-8.35053907e-02,-2.98371822e-02,1.04183660e+02,-4.64880151e-02,-9.52552418e-02,1.70105187e+01,-1.07801148e-02,1.83926430e-02,-2.46505045e-12,-6.89259323e-02,-2.04339038e-02,9.05541710e-05,-1.45794585e-02,-9.40327843e-03
2.42000000e+02,1.21137171e+02,-5.94061119e-02,-7.92569878e-02,7.60649000e-05,-7.54159023e-02,-4.56605958e-02,1.04132014e+02,-4.87050394e-02,-9.57732421e-02,1.70051568e+01,-1.07010726e-02,1.65162543e-02,-2.41994883e-12,-6.25768803e-02,-3.62808092e-02,7.60649024e-05,-1.28390220e-02,-9.37978661e-03
2.43000000e+02,1.21054185e+02,-6.04864412e-02,-8.07318561e-02,5.94194903e-05,-6.33876200e-02,-6.18011658e-02,1.04054664e+02,-4.98348409e-02,-9.51693579e-02,1.69995213e+01,-1.06516003e-02,1.44375018e-02,-2.38500588e-12,-5.24689235e-02,-5.23811894e-02,5.94194927e-05,-1.09186965e-02,-9.41997638e-03
2.44000000e+02,1.20929567e+02,-6.05302762e-02,-8.14519870e-02,4.08524373e-05,-4.80332106e-02,-7.81299885e-02,1.03936430e+02,-4.97585724e-02,-9.37243505e-02,1.69931370e+01,-1.07717037e-02,1.22723636e-02,-2.34983268e-12,-3.90459903e-02,-6.85811088e-02,4.08524397e-05,-8.98722024e-03,-9.54887971e-03
2.45000000e+02,1.20754599e+02,-5.94227496e-02,-8.07984043e-02,2.09806907e-05,-3.04596568e-02,-9.42883818e-02,1.03768310e+02,-4.84727461e-02,-9.11168157e-02,1.69862886e+01,-1.09500035e-02,1.03184114e-02,-2.28933761e-12,-2.32098679e-02,-8.45569362e-02,2.09806930e-05,-7.24978887e-03,-9.73144554e-03
2.46000000e+02,1.20518088e+02,-5.76332257e-02,-7.90337697e-02,7.54940729e-07,-1.17662454e-02,-1.10047790e-01,1.03539360e+02,-4.63929856e-02,-8.77290386e-02,1.69787275e+01,-1.12402401e-02,8.69526897e-03,-2.22836588e-12,-5.89680205e-03,-1.00097851e-01,7.54942957e-07,-5.86944332e-03,-9.94993911e-03
2.47000000e+02,1.20221057e+02,-5.50213876e-02,-7.58267895e-02,-1.89588924e-05,6.82110211e-03,-1.25056399e-01,1.03250296e+02,-4.35523948e-02,-8.34465641e-02,1.69707609e+01,-1.14689928e-02,7.61977465e-03,-2.16496912e-12,1.17927633e-02,-1.14918211e-01,-1.89588903e-05,-4.97166117e-03,-1.01381885e-02
2.48000000e+02,1.19862400e+02,-5.19373055e-02,-7.17364074e-02,-3.71267702e-05,2.43360196e-02,-1.38911283e-01,1.02900288e+02,-4.02069654e-02,-7.88186214e-02,1.69621127e+01,-1.17303401e-02,7.08221404e-03,-2.10633324e-12,2.89278734e-02,-1.28631714e-01,-3.71267681e-05,-4.59185385e-03,-1.02795685e-02
2.49000000e+02,1.19455721e+02,-4.81565822e-02,-6.65490836e-02,-5.29373436e-05,3.98935014e-02,-1.50861200e-01,1.02502130e+02,-3.62779548e-02,-7.37104754e-02,1.69535916e+01,-1.18786274e-02,7.16139176e-03,-2.04919042e-12,4.46166511e-02,-1.40529135e-01,-5.29373415e-05,-4.72314970e-03,-1.03320656e-02
2.50000000e+02,1.19016592e+02,-4.43500706e-02,-6.05530837e-02,-6.57978748e-05,5.27743535e-02,-1.60629813e-01,1.02070856e+02,-3.23920365e-02,-6.82157743e-02,1.69457359e+01,-1.19580341e-02,7.66269063e-03,-2.00580235e-12,5.80131639e-02,-1.50367775e-01,-6.57978728e-05,-5.23881043e-03,-1.02620374e-02
2.51000000e+02,1.18576078e+02,-4.01267877e-02,-5.39009791e-02,-7.52780709e-05,6.28310990e-02,-1.67594588e-01,1.01637154e+02,-2.83425153e-02,-6.24127702e-02,1.69389236e+01,-1.17842725e-02,8.51179111e-03,-1.97644166e-12,6.88519392e-02,-1.57581536e-01,-7.52780689e-05,-6.02084026e-03,-1.00130517e-02
2.52000000e+02,1.18162427e+02,-3.58723516e-02,-4.72348949e-02,-8.10211912e-05,7.02902525e-02,-1.71277618e-01,1.01229826e+02,-2.44280471e-02,-5.67064130e-02,1.69326011e+01,-1.14443045e-02,9.47151802e-03,-1.96054874e-12,7.72079293e-02,-1.61726095e-01,-8.10211893e-05,-6.91767675e-03,-9.55152298e-03
2.53000000e+02,1.17796081e+02,-3.13319303e-02,-4.04077272e-02,-8.28145744e-05,7.55336451e-02,-1.71072141e-01,1.00868977e+02,-2.06021693e-02,-5.08916007e-02,1.69271038e+01,-1.07297610e-02,1.04838735e-02,-1.94037649e-12,8.33448891e-02,-1.62267798e-01,-8.28145724e-05,-7.81124402e-03,-8.80434302e-03
2.54000000e+02,1.17487371e+02,-2.69262339e-02,-3.38504987e-02,-8.06094775e-05,7.92072186e-02,-1.66606366e-01,1.00565039e+02,-1.72128305e-02,-4.51697758e-02,1.69223318e+01,-9.71340343e-03,1.13192771e-02,-1.90725945e-12,8.77848052e-02,-1.58862624e-01,-8.06094756e-05,-8.57758665e-03,-7.74374210e-03
2.55000000e+02,1.17243412e+02,-2.21508597e-02,-2.73514455e-02,-7.45433629e-05,8.21844775e-02,-1.57524413e-01,1.00324249e+02,-1.39262987e-02,-3.92887366e-02,1.69191627e+01,-8.22456094e-03,1.19372911e-02,-1.85436721e-12,9.12964287e-02,-1.51185290e-01,-7.45433610e-05,-9.11195121e-03,-6.33912232e-03
2.56000000e+02,1.17077257e+02,-1.74109150e-02,-2.16075986e-02,-6.49675113e-05,8.54103446e-02,-1.43870255e-01,1.00160174e+02,-1.09229507e-02,-3.37470015e-02,1.69170832e+01,-6.48796431e-03,1.21394030e-02,-1.79557191e-12,9.47168629e-02,-1.39195236e-01,-6.49675095e-05,-9.30651834e-03,-4.67501945e-03
2.57000000e+02,1.17000524e+02,-1.25541562e-02,-1.62300695e-02,-5.22206246e-05,8.93188586e-02,-1.25906916e-01,1.00083564e+02,-8.06160850e-03,-2.82081720e-02,1.69169600e+01,-4.49254768e-03,1.19781025e-02,-1.73465960e-12,9.84474669e-02,-1.23039577e-01,-5.22206229e-05,-9.12860825e-03,-2.86733903e-03
2.58000000e+02,1.16996711e+02,-8.38683264e-03,-1.17086747e-02,-3.65434535e-05,9.42665107e-02,-1.04673541e-01,1.00080567e+02,-5.79901425e-03,-2.30778059e-02,1.69161445e+01,-2.58781838e-03,1.13691311e-02,-1.70690052e-12,1.02884822e-01,-1.03548969e-01,-3.65434518e-05,-8.61831085e-03,-1.12457177e-03
2.59000000e+02,1.17058316e+02,-4.71372958e-03,-7.66527557e-03,-1.82924835e-05,1.00046641e-01,-8.13064566e-02,1.00143699e+02,-3.87436376e-03,-1.82189277e-02,1.69146171e+01,-8.39365821e-04,1.05536521e-02,-1.63055818e-12,1.07967707e-01,-8.16770652e-02,-1.82924819e-05,-7.92106546e-03,3.70608604e-04
2.60000000e+02,1.17158283e+02,-2.23628106e-03,-4.75304063e-03,2.22318202e-06,1.06207751e-01,-5.72200884e-02,1.00247306e+02,-2.61629343e-03,-1.43353659e-02,1.69109770e+01,3.80012374e-04,9.58232529e-03,-1.54776236e-12,1.13378378e-01,-5.86646956e-02,2.22318356e-06,-7.17062711e-03,1.44460723e-03
2.61000000e+02,1.17272931e+02,-7.32880560e-04,-2.35496175e-03,2.41076083e-05,1.11841605e-01,-3.35768760e-02,1.00367479e+02,-1.86587945e-03,-1.11073048e-02,1.69054519e+01,1.13299889e-03,8.75234303e-03,-1.47525529e-12,1.18368623e-01,-3.56072855e-02,2.41076098e-05,-6.52701813e-03,2.03040946e-03
2.62000000e+02,1.17375650e+02,-6.02148593e-04,-6.04769599e-04,4.62833520e-05,1.16210218e-01,-1.14245488e-02,1.00478388e+02,-1.80898536e-03,-8.64464211e-03,1.68972615e+01,1.20683677e-03,8.03987251e-03,-1.37556058e-12,1.22265089e-01,-1.35104719e-02,4.62833533e-05,-6.05487050e-03,2.08592309e-03
2.63000000e+02,1.17453876e+02,-1.41888632e-03,9.93230954e-04,6.72835404e-05,1.18726713e-01,8.42631563e-03,1.00566544e+02,-2.30768098e-03,-6.65333994e-03,1.68873323e+01,8.88794665e-04,7.64657090e-03,-1.29626617e-12,1.24553993e-01,6.70698487e-03,6.72835417e-05,-5.82728015e-03,1.71933077e-03
2.64000000e+02,1.17499972e+02,-3.23559349e-03,2.14752012e-03,8.57043097e-05,1.18991942e-01,2.55560984e-02,1.00623758e+02,-3.31805134e-03,-5.34027581e-03,1.68762137e+01,8.24578487e-05,7.48779594e-03,-1.21241667e-12,1.24852889e-01,2.45469391e-02,8.57043109e-05,-5.86094695e-03,1.00915929e-03
2.65000000e+02,1.17524089e+02,-5.48943389e-03,3.56597689e-03,1.00541594e-04,1.16442198e-01,3.99969446e-02,1.00658531e+02,-4.66366458e-03,-4.16652177e-03,1.68655583e+01,-8.25769308e-04,7.73249867e-03,-1.11737055e-12,1.22646364e-01,3.98394434e-02,1.00541595e-04,-6.20416626e-03,1.57501258e-04
2.66000000e+02,1.17539163e+02,-8.49199199e-03,4.97884973e-03,1.11564518e-04,1.10517250e-01,5.20377439e-02,1.00683392e+02,-6.62658440e-03,-3.28861575e-03,1.68557717e+01,-1.86540759e-03,8.26746548e-03,-1.02624294e-12,1.17369934e-01,5.27552601e-02,1.11564519e-04,-6.85268394e-03,-7.17516196e-04
2.67000000e+02,1.17562767e+02,-1.15217024e-02,6.92859088e-03,1.19077365e-04,1.00674802e-01,6.24225704e-02,1.00714715e+02,-8.89548628e-03,-2.32184616e-03,1.68480517e+01,-2.62621615e-03,9.25043703e-03,-9.11340961e-13,1.08505464e-01,6.38609722e-02,1.19077366e-04,-7.83066190e-03,-1.43840182e-03
2.68000000e+02,1.17606265e+02,-1.45857360e-02,8.86092717e-03,1.23745542e-04,8.67271851e-02,7.17770704e-02,1.00764519e+02,-1.13258990e-02,-1.65887129e-03,1.68417452e+01,-3.25983699e-03,1.05197985e-02,-8.14856413e-13,9.58160100e-02,7.37443190e-02,1.23745543e-04,-9.08882491e-03,-1.96724867e-03
2.69000000e+02,1.17692136e+02,-1.71431844e-02,1.12440343e-02,1.26083046e-04,6.87715517e-02,8.03261329e-02,1.00855272e+02,-1.36263222e-02,-9.28510809e-04,1.68368641e+01,-3.51686218e-03,1.21725451e-02,-7.25394551e-13,7.93786959e-02,8.25776938e-02,1.26083047e-04,-1.06071442e-02,-2.25156088e-03
2.70000000e+02,1.17817073e+02,-1.97826494e-02,1.34942550e-02,1.26377741e-04,4.72891416e-02,8.78315923e-02,1.00984855e+02,-1.61321204e-02,-4.49674476e-04,1.68322184e+01,-3.65052901e-03,1.39439295e-02,-6.08129657e-13,5.95387192e-02,9.02120681e-02,1.26377741e-04,-1.22495776e-02,-2.38047575e-03
2.71000000e+02,1.17973461e+02,-2.17759751e-02,1.58747982e-02,1.24654728e-04,2.29589776e-02,9.40096704e-02,1.01146292e+02,-1.82722085e-02,5.21024510e-05,1.68271694e+01,-3.50376661e-03,1.58226957e-02,-5.03080419e-13,3.68586391e-02,9.64031757e-02,1.24654729e-04,-1.38996615e-02,-2.39350538e-03
2.72000000e+02,1.18135689e+02,-2.34299387e-02,1.76400724e-02,1.20820778e-04,-3.05223114e-03,9.82859570e-02,1.01315186e+02,-1.99968943e-02,1.75169070e-04,1.68205024e+01,-3.43304443e-03,1.74649034e-02,-4.08956006e-13,1.23002849e-02,1.00710547e-01,1.20820779e-04,-1.53525160e-02,-2.42459016e-03
2.73000000e+02,1.18279052e+02,-2.44332247e-02,1.90436970e-02,1.14678916e-04,-2.94907156e-02,1.00054451e-01,1.01466787e+02,-2.11260997e-02,2.19950651e-04,1.68122650e+01,-3.30712501e-03,1.88237463e-02,-3.26001075e-13,-1.30414884e-02,1.02558440e-01,1.14678916e-04,-1.64492272e-02,-2.50398870e-03
2.74000000e+02,1.18376413e+02,-2.53515773e-02,1.95803757e-02,1.06037766e-04,-5.48611094e-02,9.88800336e-02,1.01574407e+02,-2.19066950e-02,5.65646670e-05,1.68020059e+01,-3.44488228e-03,1.95238110e-02,-2.05506762e-13,-3.78661288e-02,1.01617387e-01,1.06037766e-04,-1.69949806e-02,-2.73735302e-03
2.75000000e+02,1.18415892e+02,-2.57086735e-02,1.94548138e-02,9.47141690e-05,-7.78220760e-02,9.46361106e-02,1.01625678e+02,-2.20656410e-02,-1.43456405e-04,1.67902134e+01,-3.64303248e-03,1.95982702e-02,-1.01566081e-13,-6.09094565e-02,9.77565654e-02,9.47141691e-05,-1.69126195e-02,-3.12045479e-03
2.76000000e+02,1.18387164e+02,-2.60335834e-02,1.81005022e-02,8.09469461e-05,-9.71446805e-02,8.73839881e-02,1.01609815e+02,-2.18763650e-02,-7.45106600e-04,1.67773485e+01,-4.15721841e-03,1.88456088e-02,-6.43003570e-16,-8.09863899e-02,9.10586747e-02,8.09469461e-05,-1.61582907e-02,-3.67468662e-03
2.77000000e+02,1.18295620e+02,-2.59177504e-02,1.61301419e-02,6.51642020e-05,-1.12265411e-01,7.76309216e-02,1.01531442e+02,-2.12111240e-02,-1.37391945e-03,1.67641785e+01,-4.70662638e-03,1.75040614e-02,9.29615270e-14,-9.74248446e-02,8.19461898e-02,6.51642019e-05,-1.48405662e-02,-4.31526822e-03
2.78000000e+02,1.18151951e+02,-2.60018194e-02,1.32077411e-02,4.85043955e-05,-1.22956022e-01,6.59538793e-02,1.01400722e+02,-2.05712494e-02,-2.36074379e-03,1.67512297e+01,-5.43057002e-03,1.55684848e-02,1.80462657e-13,-1.09855831e-01,7.09347399e-02,4.85043954e-05,-1.31001906e-02,-4.98086062e-03
2.79000000e+02,1.17979277e+02,-2.56290919e-02,1.00416396e-02,3.20437371e-05,-1.29693006e-01,5.31531576e-02,1.01239918e+02,-1.96603458e-02,-3.40439769e-03,1.67393590e+01,-5.96874603e-03,1.34460373e-02,2.46612588e-13,-1.18516502e-01,5.87005461e-02,3.20437369e-05,-1.11765040e-02,-5.54738845e-03
2.80000000e+02,1.17792612e+02,-2.51711902e-02,6.38978270e-03,1.68918414e-05,-1.33220122e-01,3.98950541e-02,1.01063864e+02,-1.86702752e-02,-4.85387232e-03,1.67287489e+01,-6.50091498e-03,1.12436550e-02,3.09096466e-13,-1.23928209e-01,4.58719130e-02,1.68918411e-05,-9.29191367e-03,-5.97685892e-03
2.81000000e+02,1.17609127e+02,-2.40895024e-02,3.21165998e-03,3.61017773e-06,-1.34744717e-01,2.68549971e-02,1.00889807e+02,-1.73522310e-02,-6.17193607e-03,1.67193200e+01,-6.73727140e-03,9.38359605e-03,3.79575149e-13,-1.27071159e-01,3.30560925e-02,3.61017735e-06,-7.67355876e-03,-6.20109538e-03
2.82000000e+02,1.17436652e+02,-2.30544124e-02,7.06452718e-05,-7.24815993e-06,-1.35129809e-01,1.44468059e-02,1.00726065e+02,-1.61868278e-02,-7.74896563e-03,1.67105877e+01,-6.86758460e-03,7.81961090e-03,4.68821192e-13,-1.28730378e-01,2.06842467e-02,-7.24816039e-06,-6.39943149e-03,-6.23744085e-03
2.83000000e+02,1.17281715e+02,-2.14138722e-02,-2.27749247e-03,-1.58069927e-05,-1.35234774e-01,2.80837055e-03,1.00579020e+02,-1.47601244e-02,-9.08695985e-03,1.67026954e+01,-6.65374781e-03,6.80946738e-03,5.27990248e-13,-1.29690991e-01,8.89180624e-03,-1.58069932e-05,-5.54378343e-03,-6.08343569e-03
2.84000000e+02,1.17145481e+02,-1.96634011e-02,-4.52533057e-03,-2.22655688e-05,-1.35205463e-01,-8.31351358e-03,1.00450253e+02,-1.32468646e-02,-1.06550317e-02,1.66952284e+01,-6.41653653e-03,6.12970108e-03,5.84766013e-13,-1.30181542e-01,-2.47323317e-03,-2.22655694e-05,-5.02392090e-03,-5.84028042e-03
2.85000000e+02,1.17033503e+02,-1.73926123e-02,-6.04457389e-03,-2.70852018e-05,-1.35091480e-01,-1.91932047e-02,1.00345019e+02,-1.13890864e-02,-1.19049812e-02,1.66884843e+01,-6.00352587e-03,5.86040729e-03,6.26119542e-13,-1.30331476e-01,-1.36521087e-02,-2.70852025e-05,-4.76000451e-03,-5.54109606e-03
2.86000000e+02,1.16946283e+02,-1.54288373e-02,-7.59053644e-03,-3.06869940e-05,-1.34362808e-01,-3.02155622e-02,1.00264566e+02,-9.70615502e-03,-1.32406150e-02,1.66817168e+01,-5.72268225e-03,5.65007859e-03,6.66101474e-13,-1.29776353e-01,-2.49352511e-02,-3.06869946e-05,-4.58645501e-03,-5.28031107e-03
2.87000000e+02,1.16886802e+02,-1.31446255e-02,-8.81636705e-03,-3.34020240e-05,-1.32388295e-01,-4.14917855e-02,1.00212148e+02,-7.78722838e-03,-1.43406885e-02,1.66746546e+01,-5.35739711e-03,5.52432144e-03,7.01867713e-13,-1.28002714e-01,-3.64371867e-02,-3.34020247e-05,-4.38558130e-03,-5.05459884e-03
2.88000000e+02,1.16843089e+02,-1.10788729e-02,-1.04249439e-02,-3.54834905e-05,-1.28466424e-01,-5.32016594e-02,1.00176662e+02,-5.85902073e-03,-1.55739324e-02,1.66664270e+01,-5.21985215e-03,5.14898846e-03,7.11435933e-13,-1.24445929e-01,-4.82709141e-02,-3.54834912e-05,-4.02049441e-03,-4.93074539e-03
2.89000000e+02,1.16804109e+02,-8.82451250e-03,-1.17820164e-02,-3.70334639e-05,-1.22246335e-01,-6.52319305e-02,1.00146791e+02,-3.75202760e-03,-1.64096273e-02,1.66573178e+01,-5.07248490e-03,4.62761089e-03,7.36013470e-13,-1.18802426e-01,-6.03648772e-02,-3.70334646e-05,-3.44390931e-03,-4.86705334e-03
2.90000000e+02,1.16755907e+02,-7.16461948e-03,-1.33903750e-02,-3.80815207e-05,-1.13542088e-01,-7.74226669e-02,1.00108659e+02,-2.03341682e-03,-1.70931883e-02,1.66472480e+01,-5.13120265e-03,3.70281327e-03,7.83085264e-13,-1.10937882e-01,-7.25552520e-02,-3.80815215e-05,-2.60420576e-03,-4.86741482e-03
2.91000000e+02,1.16695266e+02,-5.44732186e-03,-1.45953840e-02,-3.85843065e-05,-1.02547112e-01,-8.92522860e-02,1.00057679e+02,-3.76527393e-04,-1.71804996e-02,1.66375868e+01,-5.07079447e-03,2.58511567e-03,8.38954891e-13,-1.01009635e-01,-8.44173375e-02,-3.85843073e-05,-1.53747722e-03,-4.83494853e-03
2.92000000e+02,1.16627379e+02,-4.08419486e-03,-1.59790795e-02,-3.85980820e-05,-8.93967212e-02,-1.00047255e-01,9.99990043e+01,1.01073513e-03,-1.71002484e-02,1.66283746e+01,-5.09492999e-03,1.12116887e-03,8.79956257e-13,-8.91314928e-02,-9.52928272e-02,-3.85980829e-05,-2.65228473e-04,-4.75442802e-03
2.93000000e+02,1.16571421e+02,-2.47717372e-03,-1.68179822e-02,-3.82588921e-05,-7.44108882e-02,-1.08968791e-01,9.99515997e+01,2.43624706e-03,-1.64175859e-02,1.66198210e+01,-4.91342078e-03,-4.00396334e-04,9.04930620e-13,-7.55236065e-02,-1.04428623e-01,-3.82588930e-05,1.11271831e-03,-4.54016824e-03
2.94000000e+02,1.16534827e+02,-1.24661044e-03,-1.77226494e-02,-3.78969440e-05,-5.77406935e-02,-1.15459816e-01,9.99235970e+01,3.45413636e-03,-1.55998965e-02,1.66112301e+01,-4.70074680e-03,-2.12275286e-03,9.23601237e-13,-6.03088242e-02,-1.11268448e-01,-3.78969449e-05,2.56813069e-03,-4.19136769e-03
2.95000000e+02,1.16521835e+02,4.09288568e-04,-1.81305778e-02,-3.79460081e-05,-3.96638967e-02,-1.18910358e-01,9.99190938e+01,4.59855999e-03,-1.43615494e-02,1.66027416e+01,-4.18927143e-03,-3.76902835e-03,9.49777753e-13,-4.36849900e-02,-1.15250305e-01,-3.79460090e-05,4.02109335e-03,-3.66005305e-03
2.96000000e+02,1.16525048e+02,1.95003696e-03,-1.86534896e-02,-3.88728567e-05,-2.02904638e-02,-1.19053788e-01,9.99312679e+01,5.58147432e-03,-1.31599680e-02,1.65937796e+01,-3.63143736e-03,-5.49352159e-03,9.72913859e-13,-2.57492751e-02,-1.16057652e-01,-3.88728577e-05,5.45881133e-03,-2.99613597e-03
2.97000000e+02,1.16535812e+02,3.82053065e-03,-1.86727983e-02,-4.10432011e-05,1.27221683e-04,-1.15564137e-01,9.99510633e+01,6.63377849e-03,-1.16317509e-02,1.65847486e+01,-2.81324785e-03,-7.04104744e-03,9.79833365e-13,-6.68578960e-03,-1.13377815e-01,-4.10432020e-05,6.81301128e-03,-2.18632141e-03
2.98000000e+02,1.16539742e+02,5.29887913e-03,-1.87558550e-02,-4.46076741e-05,2.12637514e-02,-1.08528578e-01,9.99646051e+01,7.28533178e-03,-1.01586110e-02,1.65751370e+01,-1.98645265e-03,-8.59724404e-03,9.70706603e-13,1.31847833e-02,-1.07239404e-01,-4.46076750e-05,8.07896808e-03,-1.28917369e-03
2.99000000e+02,1.16531920e+02,6.95394520e-03,-1.83710370e-02,-4.94048070e-05,4.24924518e-02,-9.81358460e-02,9.99664287e+01,7.87825957e-03,-8.49659007e-03,1.65654913e+01,-9.24314365e-04,-9.87444697e-03,9.68594254e-13,3.33336913e-02,-9.78341917e-02,-4.94048079e-05,9.15876048e-03,-3.01654306e-04
3.00000000e+02,1.16509941e+02,8.27735172e-03,-1.80855519e-02,-5.50153607e-05,6.31772569e-02,-8.49494367e-02,9.99543225e+01,8.19969850e-03,-7.06223890e-03,1.65556182e+01,7.76532225e-05,-1.10233130e-02,9.46925509e-13,5.31578254e-02,-8.56441597e-02,-5.50153616e-05,1.00194315e-02,6.94723049e-04
3.01000000e+02,1.16482307e+02,9.66327101e-03,-1.71436813e-02,-6.07839253e-05,8.23340880e-02,-6.95666689e-02,9.99361046e+01,8.47769451e-03,-5.41957357e-03,1.65462022e+01,1.18557650e-03,-1.17241077e-02,9.59597560e-13,7.17867539e-02,-7.12405293e-02,-6.07839262e-05,1.05473341e-02,1.67386042e-03
3.02000000e+02,1.16456073e+02,1.03315555e-02,-1.60758281e-02,-6.60645265e-05,9.92228859e-02,-5.28752074e-02,9.99193936e+01,8.21073190e-03,-3.91501726e-03,1.65366792e+01,2.12082356e-03,-1.21608108e-02,9.79325147e-13,8.84841881e-02,-5.54332121e-02,-6.60645275e-05,1.07386978e-02,2.55800470e-03
3.03000000e+02,1.16437473e+02,1.09757015e-02,-1.43026404e-02,-7.03736163e-05,1.13159655e-01,-3.54758086e-02,9.99103357e+01,7.87807123e-03,-2.21557034e-03,1.65271377e+01,3.09763026e-03,-1.20870701e-02,9.79082490e-13,1.02597994e-01,-3.88296590e-02,-7.03736173e-05,1.05616611e-02,3.35385041e-03
3.04000000e+02,1.16418076e+02,1.10706546e-02,-1.25439691e-02,-7.34493566e-05,1.23931484e-01,-1.79215466e-02,9.99014260e+01,7.23162167e-03,-7.75340941e-04,1.65166502e+01,3.83903296e-03,-1.17686282e-02,9.81076111e-13,1.13837028e-01,-2.19366554e-02,-7.34493576e-05,1.00944556e-02,4.01510872e-03
3.05000000e+02,1.16385801e+02,1.11390990e-02,-1.01154514e-02,-7.51397797e-05,1.31354190e-01,-3.90154531e-04,9.98805017e+01,6.57806479e-03,9.31405264e-04,1.65052990e+01,4.56103425e-03,-1.10468567e-02,9.98529857e-13,1.21981934e-01,-4.96997890e-03,-7.51397807e-05,9.37225689e-03,4.57982437e-03
3.06000000e+02,1.16319107e+02,1.04223161e-02,-7.85149612e-03,-7.53998648e-05,1.35586200e-01,1.68085154e-02,9.98261840e+01,5.39621747e-03,2.37947610e-03,1.64929227e+01,5.02609858e-03,-1.02309722e-02,1.02038955e-12,1.27083106e-01,1.18085717e-02,-7.53998658e-05,8.50309354e-03,4.99994375e-03
3.07000000e+02,1.16209041e+02,9.67903605e-03,-5.15932655e-03,-7.43019738e-05,1.36629448e-01,3.36138755e-02,9.97289641e+01,4.19407765e-03,3.99297656e-03,1.64800764e+01,5.48495840e-03,-9.15230311e-03,1.02987298e-12,1.29118893e-01,2.82979949e-02,-7.43019749e-05,7.51055484e-03,5.31588059e-03
3.08000000e+02,1.16052067e+02,8.30605438e-03,-2.75245388e-03,-7.19014375e-05,1.34714136e-01,4.95607296e-02,9.95853352e+01,2.63209496e-03,5.33942217e-03,1.64667316e+01,5.67395942e-03,-8.09187605e-03,1.05704414e-12,1.28250093e-01,4.40847863e-02,-7.19014386e-05,6.46404278e-03,5.47594321e-03
3.09000000e+02,1.15854596e+02,6.84676675e-03,3.81313920e-05,-6.83687140e-05,1.29821110e-01,6.44412086e-02,9.94008156e+01,1.02916392e-03,6.88640628e-03,1.64537807e+01,5.81760283e-03,-6.84827488e-03,1.08607796e-12,1.24468885e-01,5.89260534e-02,-6.83687151e-05,5.35222459e-03,5.51515521e-03
3.10000000e+02,1.15621162e+02,4.56853460e-03,2.44227469e-03,-6.39011201e-05,1.22204148e-01,7.78738912e-02,9.91799718e+01,-1.11888755e-03,8.12862349e-03,1.64411904e+01,5.68742215e-03,-5.68634880e-03,1.12371212e-12,1.17972461e-01,7.24757404e-02,-6.39011212e-05,4.23168673e-03,5.39815075e-03
3.11000000e+02,1.15367521e+02,2.19784224e-03,5.05705067e-03,-5.87970066e-05,1.11990371e-01,8.97838432e-02,9.89377264e+01,-3.35644276e-03,9.44975669e-03,1.64297949e+01,5.55428501e-03,-4.39270601e-03,1.13591786e-12,1.08898642e-01,8.46067871e-02,-5.87970077e-05,3.09172900e-03,5.17705612e-03
3.12000000e+02,1.15107024e+02,-6.39943496e-04,7.15008361e-03,-5.33781867e-05,9.96862138e-02,9.99468484e-02,9.86876564e+01,-5.81601302e-03,1.03935990e-02,1.64193672e+01,5.17606952e-03,-3.24351537e-03,1.14400895e-12,9.76782189e-02,9.51226151e-02,-5.33781878e-05,2.00799495e-03,4.82423331e-03
3.13000000e+02,1.14865077e+02,-3.28024801e-03,9.20219934e-03,-4.80286963e-05,8.57058594e-02,1.08387121e-01,9.84547753e+01,-8.07169949e-03,1.12497098e-02,1.64103017e+01,4.79145148e-03,-2.04751050e-03,1.13608964e-12,8.47187149e-02,1.04000925e-01,-4.80286975e-05,9.87144573e-04,4.38619602e-03
3.14000000e+02,1.14654439e+02,-6.24217160e-03,1.05575893e-02,-4.31587261e-05,7.06883333e-02,1.14852212e-01,9.82526527e+01,-1.04283801e-02,1.16324426e-02,1.64017861e+01,4.18620850e-03,-1.07485326e-03,1.11788096e-12,7.05964627e-02,1.11014994e-01,-4.31587272e-05,9.18706369e-05,3.83721718e-03
3.15000000e+02,1.14483590e+02,-8.77272138e-03,1.16893246e-02,-3.91319427e-05,5.50567652e-02,1.19239655e-01,9.80897895e+01,-1.23927606e-02,1.17905945e-02,1.63938005e+01,3.62003926e-03,-1.01269944e-04,1.08209106e-12,5.57615786e-02,1.16026335e-01,-3.91319438e-05,-7.04813399e-04,3.21332072e-03
3.16000000e+02,1.14346768e+02,-1.12145055e-02,1.20074862e-02,-3.63112044e-05,3.92721565e-02,1.21242041e-01,9.79613925e+01,-1.40507035e-02,1.13776582e-02,1.63853754e+01,2.83619800e-03,6.29827918e-04,1.05541189e-12,4.06359887e-02,1.18768982e-01,-3.63112055e-05,-1.36383218e-03,2.47305938e-03
3.17000000e+02,1.14239092e+02,-1.31741981e-02,1.21560476e-02,-3.49482188e-05,2.34231212e-02,1.20695270e-01,9.78622796e+01,-1.52194506e-02,1.08008093e-02,1.63768127e+01,2.04525250e-03,1.35523832e-03,1.00639419e-12,2.53561404e-02,1.19039434e-01,-3.49482198e-05,-1.93301911e-03,1.65583610e-03
3.18000000e+02,1.14146747e+02,-1.54991682e-02,1.16008550e-02,-3.51504036e-05,7.69655135e-03,1.17303662e-01,9.77791503e+01,-1.65473208e-02,9.74560281e-03,1.63675970e+01,1.04815265e-03,1.85525221e-03,9.31587797e-13,1.00873000e-02,1.16560931e-01,-3.51504045e-05,-2.39074867e-03,7.42731146e-04
3.19000000e+02,1.14064316e+02,-1.73529491e-02,1.08967721e-02,-3.68623185e-05,-7.87606864e-03,1.11133184e-01,9.77060830e+01,-1.74777029e-02,8.52828485e-03,1.63582328e+01,1.24753835e-04,2.36848726e-03,8.67446274e-13,-5.09618898e-03,1.11332940e-01,-3.68623194e-05,-2.77987965e-03,-1.99755996e-04
3.20000000e+02,1.13979306e+02,-1.91522305e-02,9.41201670e-03,-3.98464553e-05,-2.30831960e-02,1.02174399e-01,9.76311093e+01,-1.82001428e-02,6.72280358e-03,1.63481968e+01,-9.52087654e-04,2.68921312e-03,8.05303854e-13,-2.00053588e-02,1.03365014e-01,-3.98464561e-05,-3.07783718e-03,-1.19061432e-03
3.21000000e+02,1.13886765e+02,-2.04648301e-02,7.85757898e-03,-4.37619987e-05,-3.78402925e-02,9.06881650e-02,9.75487681e+01,-1.85146402e-02,4.81117585e-03,1.63379968e+01,-1.95018986e-03,3.04640313e-03,7.70372918e-13,-3.45239546e-02,9.28562347e-02,-4.37619995e-05,-3.31633785e-03,-2.16806978e-03
3.22000000e+02,1.13779153e+02,-2.20236970e-02,5.80281956e-03,-4.82201940e-05,-5.18670946e-02,7.68799550e-02,9.74518412e+01,-1.89898748e-02,2.59249483e-03,1.63273118e+01,-3.03382217e-03,3.21032473e-03,7.53021678e-13,-4.84073587e-02,8.00035501e-02,-4.82201948e-05,-3.45973593e-03,-3.12359509e-03
3.23000000e+02,1.13657060e+02,-2.29125350e-02,3.85235387e-03,-5.27957034e-05,-6.49409529e-02,6.14142548e-02,9.73404056e+01,-1.89984343e-02,4.52771873e-04,1.63166543e+01,-3.91410073e-03,3.39958200e-03,7.63501810e-13,-6.14106674e-02,6.53927016e-02,-5.27957041e-05,-3.53028550e-03,-3.97844677e-03
3.24000000e+02,1.13519882e+02,-2.34768241e-02,1.49870854e-03,-5.70770965e-05,-7.67177774e-02,4.48218424e-02,9.72141320e+01,-1.86751424e-02,-1.87938179e-03,1.63057503e+01,-4.80168173e-03,3.37809033e-03,7.86716325e-13,-7.32360021e-02,4.95584357e-02,-5.70770972e-05,-3.48177537e-03,-4.73659323e-03
3.25000000e+02,1.13373999e+02,-2.32770381e-02,-4.79663779e-04,-6.07077261e-05,-8.69696699e-02,2.78076285e-02,9.70789280e+01,-1.78098798e-02,-3.83201976e-03,1.62950714e+01,-5.46715825e-03,3.35235598e-03,7.98203878e-13,-8.36372754e-02,3.31569349e-02,-6.07077269e-05,-3.33239444e-03,-5.34930645e-03
3.26000000e+02,1.13222739e+02,-2.30373264e-02,-2.64188438e-03,-6.34329549e-05,-9.52564556e-02,1.07740216e-02,9.69384865e+01,-1.69194343e-02,-5.69837217e-03,1.62842524e+01,-6.11789208e-03,3.05648779e-03,8.16409399e-13,-9.22323386e-02,1.66173923e-02,-6.34329557e-05,-3.02411707e-03,-5.84337073e-03
3.27000000e+02,1.13073872e+02,-2.20619157e-02,-4.50079485e-03,-6.51110189e-05,-1.01258608e-01,-5.71776531e-03,9.68000557e+01,-1.55704782e-02,-7.19720980e-03,1.62738164e+01,-6.49143746e-03,2.69641494e-03,8.30336270e-13,-9.86867197e-02,4.64388446e-04,-6.51110197e-05,-2.57188821e-03,-6.18215375e-03
3.28000000e+02,1.12929402e+02,-2.07999171e-02,-6.73467460e-03,-6.57740830e-05,-1.04518163e-01,-2.14168291e-02,9.66660555e+01,-1.39574312e-02,-8.75846118e-03,1.62633464e+01,-6.84248598e-03,2.02378659e-03,8.34615996e-13,-1.02593201e-01,-1.50048605e-02,-6.57740838e-05,-1.92496239e-03,-6.41196866e-03
3.29000000e+02,1.12792445e+02,-1.88176717e-02,-8.70833690e-03,-6.55561239e-05,-1.04831335e-01,-3.60156845e-02,9.65392716e+01,-1.18450707e-02,-9.96175036e-03,1.62531736e+01,-6.97260105e-03,1.25341347e-03,8.27974346e-13,-1.03721542e-01,-2.94997705e-02,-6.55561247e-05,-1.10979307e-03,-6.51591398e-03
3.30000000e+02,1.12660569e+02,-1.69341448e-02,-1.10259408e-02,-6.46985875e-05,-1.01897414e-01,-4.95263780e-02,9.64175796e+01,-9.81755473e-03,-1.11788771e-02,1.62429898e+01,-7.11659012e-03,1.52936284e-04,8.05680345e-13,-1.01805396e-01,-4.29810158e-02,-6.46985883e-05,-9.20181024e-05,-6.54536221e-03
3.31000000e+02,1.12537794e+02,-1.44883079e-02,-1.30949869e-02,-6.35151782e-05,-9.57316948e-02,-6.16565965e-02,9.63044535e+01,-7.44458460e-03,-1.20556911e-02,1.62333409e+01,-7.04372331e-03,-1.03929578e-03,8.02385586e-13,-9.68104351e-02,-5.51853494e-02,-6.35151790e-05,1.07874032e-03,-6.47124711e-03
3.32000000e+02,1.12428022e+02,-1.20911116e-02,-1.55022842e-02,-6.23149091e-05,-8.62735915e-02,-7.24070020e-02,9.62038742e+01,-5.08414251e-03,-1.29818831e-02,1.62241480e+01,-7.00696904e-03,-2.52040112e-03,7.90317587e-13,-8.86856687e-02,-6.60718627e-02,-6.23149099e-05,2.41207723e-03,-6.33513929e-03
3.33000000e+02,1.12343146e+02,-9.36154434e-03,-1.75056066e-02,-6.14427551e-05,-7.38823130e-02,-8.14660495e-02,9.61272070e+01,-2.58318606e-03,-1.34881235e-02,1.62159390e+01,-6.77835829e-03,-4.01748311e-03,8.02033685e-13,-7.77044927e-02,-7.53710955e-02,-6.14427559e-05,3.82217972e-03,-6.09495393e-03
3.34000000e+02,1.12293351e+02,-7.04521333e-03,-1.95750392e-02,-6.12217067e-05,-5.88087919e-02,-8.87147258e-02,9.60849988e+01,-4.79047341e-04,-1.38786986e-02,1.62083526e+01,-6.56616599e-03,-5.69634061e-03,8.65778889e-13,-6.40972620e-02,-8.29420948e-02,-6.12217075e-05,5.28847016e-03,-5.77263108e-03
3.35000000e+02,1.12290109e+02,-4.51744362e-03,-2.10713413e-02,-6.19755135e-05,-4.17167706e-02,-9.37367851e-02,9.60885981e+01,1.58747186e-03,-1.38228282e-02,1.62015108e+01,-6.10491548e-03,-7.24851306e-03,9.50474162e-13,-4.84157305e-02,-8.84199419e-02,-6.19755145e-05,6.69895990e-03,-5.31684317e-03
3.36000000e+02,1.12335281e+02,-2.27216600e-03,-2.24799104e-02,-6.39746223e-05,-2.31320468e-02,-9.63223957e-02,9.61405353e+01,3.35749587e-03,-1.36793782e-02,1.61947459e+01,-5.62966187e-03,-8.80053214e-03,1.08147528e-12,-3.11379698e-02,-9.15696325e-02,-6.39746234e-05,8.00592299e-03,-4.75276321e-03
3.37000000e+02,1.12426901e+02,1.57352807e-04,-2.30908851e-02,-6.74125140e-05,-3.88035134e-03,-9.61212718e-02,9.62389663e+01,5.05664559e-03,-1.30602999e-02,1.61879347e+01,-4.89929278e-03,-1.00305852e-02,1.22780721e-12,-1.29776484e-02,-9.20774413e-02,-6.74125153e-05,9.09729702e-03,-4.04383046e-03
3.38000000e+02,1.12550335e+02,2.08585866e-03,-2.33211883e-02,-7.23462015e-05,1.54332481e-02,-9.30251486e-02,9.63700756e+01,6.25244281e-03,-1.22209370e-02,1.61802595e+01,-4.16658415e-03,-1.11002513e-02,1.39453202e-12,5.49270119e-03,-8.97902745e-02,-7.23462029e-05,9.94054690e-03,-3.23487414e-03
3.39000000e+02,1.12688692e+02,4.07157208e-03,-2.26491299e-02,-7.86584894e-05,3.40238700e-02,-8.68584942e-02,9.65170112e+01,7.24672228e-03,-1.09411267e-02,1.61716806e+01,-3.17515020e-03,-1.17080032e-02,1.54790824e-12,2.35739750e-02,-8.45460501e-02,-7.86584910e-05,1.04498950e-02,-2.31244407e-03
3.40000000e+02,1.12818227e+02,5.75194363e-03,-2.16181163e-02,-8.60286612e-05,5.13376776e-02,-7.77931965e-02,9.66567462e+01,7.99039193e-03,-9.56893929e-03,1.61614807e+01,-2.23844830e-03,-1.20491770e-02,1.69252754e-12,4.07026135e-02,-7.64364557e-02,-8.60286629e-05,1.06350641e-02,-1.35674079e-03
3.41000000e+02,1.12921633e+02,7.46647635e-03,-1.95735845e-02,-9.39386852e-05,6.67107286e-02,-6.61190529e-02,9.67714979e+01,8.63804152e-03,-7.68090054e-03,1.61501354e+01,-1.17156517e-03,-1.18926840e-02,1.85669888e-12,5.62471169e-02,-6.57299286e-02,-9.39386870e-05,1.04636116e-02,-3.89124276e-04
3.42000000e+02,1.12981243e+02,8.41450668e-03,-1.72243494e-02,-1.01750542e-04,7.98144898e-02,-5.24789502e-02,9.68438941e+01,8.70707100e-03,-5.72083676e-03,1.61373492e+01,-2.92564320e-04,-1.15035127e-02,1.99932196e-12,6.98151727e-02,-5.29721273e-02,-1.01750544e-04,9.99931710e-03,4.93177129e-04
3.43000000e+02,1.12991989e+02,9.15366000e-03,-1.41267437e-02,-1.08766210e-04,9.03084289e-02,-3.74520379e-02,9.68679740e+01,8.51871227e-03,-3.42896317e-03,1.61240151e+01,6.34947722e-04,-1.06977805e-02,2.12961234e-12,8.10464660e-02,-3.87264621e-02,-1.08766212e-04,9.26196288e-03,1.27442414e-03
3.44000000e+02,1.12951216e+02,9.36577698e-03,-1.10033994e-02,-1.14381547e-04,9.81957798e-02,-2.17952793e-02,9.68411217e+01,8.09994353e-03,-1.22819711e-03,1.61100945e+01,1.26583345e-03,-9.77520229e-03,2.27723605e-12,8.98432479e-02,-2.36621538e-02,-1.14381549e-04,8.35253181e-03,1.86687454e-03
3.45000000e+02,1.12866775e+02,9.39289010e-03,-7.29597263e-03,-1.18106548e-04,1.03466265e-01,-6.14549890e-03,9.67701149e+01,7.59126684e-03,1.29876362e-03,1.60966602e+01,1.80162326e-03,-8.59473625e-03,2.45350735e-12,9.61520764e-02,-8.41750975e-03,-1.18106550e-04,7.31418827e-03,2.27201086e-03
3.46000000e+02,1.12742505e+02,8.40224286e-03,-3.87717768e-03,-1.19697880e-04,1.06407406e-01,8.78863759e-03,9.66587587e+01,6.43432091e-03,3.58221763e-03,1.60837462e+01,1.96792195e-03,-7.45939531e-03,2.65413856e-12,1.00161607e-01,6.34331052e-03,-1.19697882e-04,6.24579958e-03,2.44532707e-03
3.47000000e+02,1.12594026e+02,7.16622280e-03,-2.03914732e-04,-1.19108079e-04,1.07213474e-01,2.26529277e-02,9.65221617e+01,5.09647350e-03,5.99636939e-03,1.60718639e+01,2.06974930e-03,-6.20028412e-03,2.86418570e-12,1.02049172e-01,2.02147848e-02,-1.19108081e-04,5.16430148e-03,2.43814292e-03
3.48000000e+02,1.12429659e+02,5.36367437e-03,2.96076800e-03,-1.16495573e-04,1.06251742e-01,3.51015231e-02,9.63691777e+01,3.52239682e-03,8.04289548e-03,1.60604817e+01,1.84127755e-03,-5.08212748e-03,3.02406257e-12,1.02118362e-01,3.28683894e-02,-1.16495576e-04,4.13337946e-03,2.23313368e-03
3.49000000e+02,1.12259197e+02,3.54833233e-03,6.26661335e-03,-1.12142798e-04,1.03622082e-01,4.60390587e-02,9.62092102e+01,1.99839686e-03,1.01733235e-02,1.60499865e+01,1.54993547e-03,-3.90671013e-03,3.19771363e-12,1.00486248e-01,4.41431488e-02,-1.12142801e-04,3.13583349e-03,1.89590991e-03
3.50000000e+02,1.12086704e+02,9.22545494e-04,8.88322257e-03,-1.06425698e-04,9.96026737e-02,5.52531321e-02,9.60468420e+01,-7.64607000e-05,1.17901085e-02,1.60398622e+01,9.99006194e-04,-2.90688596e-03,3.32845442e-12,9.73952883e-02,5.38248053e-02,-1.06425701e-04,2.20738546e-03,1.42832678e-03
3.51000000e+02,1.11919611e+02,-1.51029814e-03,1.14654913e-02,-9.96759420e-05,9.41805810e-02,6.28691031e-02,9.58892393e+01,-2.01763422e-03,1.32973890e-02,1.60303720e+01,5.07336078e-04,-1.83189764e-03,3.42547610e-12,9.28879490e-02,6.19666653e-02,-9.96759454e-05,1.29263194e-03,9.02437718e-04
3.52000000e+02,1.11760318e+02,-4.13102245e-03,1.33132549e-02,-9.22933972e-05,8.75307959e-02,6.88155878e-02,9.57392136e+01,-3.95820513e-03,1.42054399e-02,1.60211042e+01,-1.72817324e-04,-8.92184964e-04,3.47280599e-12,8.71179149e-02,6.85111133e-02,-9.22934007e-05,4.12881038e-04,3.04474557e-04
3.53000000e+02,1.11614895e+02,-6.35832844e-03,1.51583999e-02,-8.45292357e-05,7.95454952e-02,7.31612108e-02,9.56026067e+01,-5.58239498e-03,1.49699718e-02,1.60122878e+01,-7.75933461e-04,1.88428118e-04,3.47015045e-12,8.00458236e-02,7.34762630e-02,-8.45292392e-05,-5.00328417e-04,-3.15052249e-04
3.54000000e+02,1.11483478e+02,-8.96007268e-03,1.63613353e-02,-7.67108908e-05,7.03495324e-02,7.57779522e-02,9.54799177e+01,-7.42659449e-03,1.51824006e-02,1.60035598e+01,-1.53347820e-03,1.17893467e-03,3.45910694e-12,7.17706567e-02,7.67543119e-02,-7.67108942e-05,-1.42112428e-03,-9.76359668e-04
3.55000000e+02,1.11369950e+02,-1.10278497e-02,1.76020894e-02,-6.89941918e-05,5.98527553e-02,7.67668443e-02,9.53747655e+01,-8.86767926e-03,1.52467144e-02,1.59951844e+01,-2.16017043e-03,2.35537498e-03,3.42301724e-12,6.22630282e-02,7.84010140e-02,-6.89941953e-05,-2.41027291e-03,-1.63416975e-03
3.56000000e+02,1.11272144e+02,-1.31288213e-02,1.82347710e-02,-6.16390786e-05,4.82510900e-02,7.60740214e-02,9.52852374e+01,-1.02059399e-02,1.47650439e-02,1.59869066e+01,-2.92288138e-03,3.46972717e-03,3.38240911e-12,5.16741422e-02,7.83873339e-02,-6.16390820e-05,-3.42305221e-03,-2.31331258e-03
3.57000000e+02,1.11190573e+02,-1.46231300e-02,1.90086892e-02,-5.47702924e-05,3.55785239e-02,7.38194538e-02,9.52115343e+01,-1.10578733e-02,1.42428343e-02,1.59790386e+01,-3.56525669e-03,4.76585495e-03,3.33427714e-12,4.00680793e-02,7.67902811e-02,-5.47702958e-05,-4.48955540e-03,-2.97082728e-03
3.58000000e+02,1.11124717e+02,-1.63535557e-02,1.93109437e-02,-4.85896452e-05,2.21295816e-02,7.00193213e-02,9.51536360e+01,-1.20224019e-02,1.33668137e-02,1.59710806e+01,-4.33115378e-03,5.94412994e-03,3.28969317e-12,2.76632197e-02,7.36466530e-02,-4.85896485e-05,-5.53363801e-03,-3.62733170e-03
3.59000000e+02,1.11077149e+02,-1.74534995e-02,1.96721764e-02,-4.32309754e-05,8.12863274e-03,6.49811385e-02,9.51138047e+01,-1.25314563e-02,1.24483862e-02,1.59633445e+01,-4.92204326e-03,7.22379029e-03,3.25849536e-12,1.46886591e-02,6.92140267e-02,-4.32309787e-05,-6.56002632e-03,-4.23288824e-03
3.60000000e+02,1.11044758e+02,-1.84839383e-02,1.94602239e-02,-3.88568049e-05,-5.97089290e-03,5.88465264e-02,9.50894685e+01,-1.28727340e-02,1.11585667e-02,1.59552896e+01,-5.61120421e-03,8.30165713e-03,3.22286482e-12,1.51303444e-03,6.36650293e-02,-3.88568081e-05,-7.48392734e-03,-4.81850293e-03
3.61000000e+02,1.11028228e+02,-1.88479863e-02,1.93961659e-02,-3.55793448e-05,-1.98942047e-02,5.19161176e-02,9.50809908e+01,-1.27069644e-02,1.00236393e-02,1.59472372e+01,-6.14102187e-03,9.37252651e-03,3.15549106e-12,-1.15972193e-02,5.72578639e-02,-3.55793480e-05,-8.29698540e-03,-5.34174634e-03
3.62000000e+02,1.11021696e+02,-1.94727816e-02,1.87685574e-02,-3.34861123e-05,-3.31361099e-02,4.42597965e-02,9.50830113e+01,-1.27101274e-02,8.63667412e-03,1.59386842e+01,-6.76265419e-03,1.01318833e-02,3.06770236e-12,-2.42146040e-02,5.00966150e-02,-3.34861153e-05,-8.92150584e-03,-5.83681847e-03
3.63000000e+02,1.11023812e+02,-1.95009422e-02,1.81874845e-02,-3.26071218e-05,-4.54095478e-02,3.61832995e-02,9.50937665e+01,-1.23142513e-02,7.39226774e-03,1.59300452e+01,-7.18669084e-03,1.07952168e-02,2.97734313e-12,-3.60451264e-02,4.24455457e-02,-3.26071247e-05,-9.36442139e-03,-6.26224623e-03
3.64000000e+02,1.11027972e+02,-1.95625464e-02,1.70096685e-02,-3.29132785e-05,-5.62833101e-02,2.77494161e-02,9.51071721e+01,-1.18623780e-02,5.92277834e-03,1.59208001e+01,-7.70016832e-03,1.10868902e-02,2.88364829e-12,-4.67143789e-02,3.44108552e-02,-3.29132814e-05,-9.56893120e-03,-6.66143919e-03
3.65000000e+02,1.11031928e+02,-1.91109361e-02,1.59499160e-02,-3.43143658e-05,-6.55809776e-02,1.91897667e-02,9.51204534e+01,-1.10571627e-02,4.70637296e-03,1.59114741e+01,-8.05377347e-03,1.12435430e-02,2.78609363e-12,-5.60141508e-02,2.61913436e-02,-3.43143686e-05,-9.56682681e-03,-7.00157689e-03
3.66000000e+02,1.11029194e+02,-1.90859168e-02,1.42949301e-02,-3.66582053e-05,-7.30009576e-02,1.05118906e-02,9.51275289e+01,-1.05775868e-02,3.27711679e-03,1.59016651e+01,-8.50832992e-03,1.10178133e-02,2.65731508e-12,-6.36718090e-02,1.78346843e-02,-3.66582079e-05,-9.32914862e-03,-7.32279363e-03
3.67000000e+02,1.11018887e+02,-1.86254234e-02,1.27591104e-02,-3.97373164e-05,-7.85340667e-02,1.97574370e-03,9.51270335e+01,-9.84665860e-03,2.07807605e-03,1.58918539e+01,-8.77876481e-03,1.06810344e-02,2.52279996e-12,-6.96206318e-02,9.56135904e-03,-3.97373189e-05,-8.91343494e-03,-7.58561534e-03
3.68000000e+02,1.10995917e+02,-1.83735337e-02,1.07129562e-02,-4.33162789e-05,-8.20526139e-02,-6.37849608e-03,9.51141861e+01,-9.22044734e-03,6.93268353e-04,1.58817308e+01,-9.15308638e-03,1.00196878e-02,2.41171522e-12,-7.37367084e-02,1.45424850e-03,-4.33162813e-05,-8.31590549e-03,-7.83274458e-03
3.69000000e+02,1.10960713e+02,-1.77234927e-02,8.92661764e-03,-4.71418806e-05,-8.37166559e-02,-1.43324801e-02,9.50887361e+01,-8.35530825e-03,-4.02807393e-04,1.58719769e+01,-9.36818446e-03,9.32942503e-03,2.31350896e-12,-7.61007956e-02,-6.30516660e-03,-4.71418829e-05,-7.61586023e-03,-8.02731354e-03
3.70000000e+02,1.10911524e+02,-1.75252579e-02,6.77030931e-03,-5.09850872e-05,-8.35461081e-02,-2.18823839e-02,9.50494490e+01,-7.83607682e-03,-1.63080042e-03,1.58620753e+01,-9.68918104e-03,8.40110973e-03,2.22236526e-12,-7.67315973e-02,-1.36748213e-02,-5.09850895e-05,-6.81451082e-03,-8.20756257e-03
3.71000000e+02,1.10852837e+02,-1.69002988e-02,4.95420782e-03,-5.46517775e-05,-8.18142893e-02,-2.87867801e-02,9.50002872e+01,-7.07469088e-03,-2.57947347e-03,1.58525500e+01,-9.82560797e-03,7.53368128e-03,2.11596259e-12,-7.58249102e-02,-2.04549414e-02,-5.46517797e-05,-5.98937906e-03,-8.33183870e-03
3.72000000e+02,1.10784166e+02,-1.65069640e-02,2.86640431e-03,-5.80118725e-05,-7.86199995e-02,-3.50510305e-02,9.49412295e+01,-6.44318149e-03,-3.64977779e-03,1.58429361e+01,-1.00637825e-02,6.51618210e-03,2.02103995e-12,-7.34845884e-02,-2.66104756e-02,-5.80118745e-05,-5.13541108e-03,-8.44055483e-03
3.73000000e+02,1.10709452e+02,-1.57020060e-02,1.24809646e-03,-6.09943593e-05,-7.42653129e-02,-4.04999784e-02,9.48757171e+01,-5.57199601e-03,-4.38487984e-03,1.58337353e+01,-1.01300100e-02,5.63297630e-03,1.92720479e-12,-6.99503726e-02,-3.20073686e-02,-6.09943612e-05,-4.31494027e-03,-8.49260983e-03
3.74000000e+02,1.10628265e+02,-1.53164526e-02,-5.37160255e-04,-6.35979040e-05,-6.88317520e-02,-4.51901415e-02,9.48037626e+01,-5.02850471e-03,-5.18125220e-03,1.58245020e+01,-1.02879479e-02,4.64409195e-03,1.79455417e-12,-6.53298385e-02,-3.66673152e-02,-6.35979057e-05,-3.50191355e-03,-8.52282629e-03
3.75000000e+02,1.10545429e+02,-1.45041193e-02,-1.85632036e-03,-6.58719835e-05,-6.25641486e-02,-4.89519066e-02,9.47296812e+01,-4.26225369e-03,-5.66414769e-03,1.58157479e+01,-1.02418656e-02,3.80782733e-03,1.67664872e-12,-5.98262746e-02,-4.04671038e-02,-6.58719852e-05,-2.73787404e-03,-8.48480278e-03
3.76000000e+02,1.10461576e+02,-1.38885056e-02,-3.34066038e-03,-6.79103066e-05,-5.54799595e-02,-5.18428715e-02,9.46545645e+01,-3.61574162e-03,-6.21453222e-03,1.58070112e+01,-1.02727640e-02,2.87387184e-03,1.57854855e-12,-5.34987456e-02,-4.34282353e-02,-6.79103082e-05,-1.98121395e-03,-8.41463616e-03
3.77000000e+02,1.10381600e+02,-1.28655542e-02,-4.32065402e-03,-6.98231166e-05,-4.77518828e-02,-5.37497545e-02,9.45828566e+01,-2.76268221e-03,-6.40147445e-03,1.57987437e+01,-1.01028720e-02,2.08082043e-03,1.50462829e-12,-4.64924227e-02,-4.54817319e-02,-6.98231181e-05,-1.25946009e-03,-8.26802254e-03
3.78000000e+02,1.10305750e+02,-1.22239643e-02,-5.48225222e-03,-7.17253120e-05,-3.93504084e-02,-5.47653511e-02,9.45152779e+01,-2.22981690e-03,-6.64336111e-03,1.57904721e+01,-9.99414741e-03,1.16110889e-03,1.42871598e-12,-3.88271781e-02,-4.66864342e-02,-7.17253134e-05,-5.23230286e-04,-8.07891693e-03
3.79000000e+02,1.10238486e+02,-1.11662222e-02,-6.22124630e-03,-7.37055590e-05,-3.04282368e-02,-5.47625235e-02,9.44558333e+01,-1.51329378e-03,-6.57589768e-03,1.57826530e+01,-9.65292839e-03,3.54651377e-04,1.32164006e-12,-3.06274721e-02,-4.69608463e-02,-7.37055604e-05,1.99235259e-04,-7.80167721e-03
3.80000000e+02,1.10179301e+02,-1.02623724e-02,-7.15167680e-03,-7.58157530e-05,-2.09734442e-02,-5.38286430e-02,9.44044766e+01,-8.95992393e-04,-6.56377226e-03,1.57748249e+01,-9.36638004e-03,-5.87904539e-04,1.23999825e-12,-2.19197396e-02,-4.63521275e-02,-7.58157543e-05,9.46295441e-04,-7.47651545e-03
3.81000000e+02,1.10132109e+02,-9.02886861e-03,-7.62884111e-03,-7.80571427e-05,-1.11942587e-02,-5.19137322e-02,9.43646926e+01,-1.65039379e-04,-6.21908070e-03,1.57674165e+01,-8.86382923e-03,-1.40976041e-03,1.15424866e-12,-1.28680242e-02,-4.48481336e-02,-7.80571438e-05,1.67376552e-03,-7.06559856e-03
3.82000000e+02,1.10095691e+02,-8.19546320e-03,-8.28418804e-03,-8.03857447e-05,-1.14882200e-03,-4.91680863e-02,9.43357798e+01,2.24223442e-04,-5.94047077e-03,1.57599111e+01,-8.41968664e-03,-2.34371727e-03,1.06788406e-12,-3.54928422e-03,-4.25553193e-02,-8.03857458e-05,2.40046222e-03,-6.61276700e-03
3.83000000e+02,1.10072622e+02,-7.01668497e-03,-8.46923366e-03,-8.27110618e-05,8.86468393e-03,-4.55463463e-02,9.43199512e+01,7.40011449e-04,-5.35533805e-03,1.57526713e+01,-7.75669642e-03,-3.11389562e-03,9.88956560e-13,5.80196489e-03,-3.94609875e-02,-8.27110628e-05,3.06271904e-03,-6.08535884e-03
3.84000000e+02,1.10059367e+02,-6.06476590e-03,-8.84959425e-03,-8.49184511e-05,1.87135305e-02,-4.12129477e-02,9.43142351e+01,1.11314844e-03,-4.93059482e-03,1.57451316e+01,-7.17791434e-03,-3.91899943e-03,9.04940077e-13,1.50516318e-02,-3.56751977e-02,-8.49184520e-05,3.66189874e-03,-5.53775000e-03
3.85000000e+02,1.10055628e+02,-4.87018635e-03,-8.69588659e-03,-8.68768615e-05,2.80425812e-02,-3.61912653e-02,9.43179757e+01,1.56347414e-03,-4.22624968e-03,1.57376522e+01,-6.43366050e-03,-4.46963690e-03,8.30836851e-13,2.39162210e-02,-3.12441287e-02,-8.68768623e-05,4.12636013e-03,-4.94713653e-03
3.86000000e+02,1.10055510e+02,-4.14072101e-03,-8.60421226e-03,-8.84598504e-05,3.66934197e-02,-3.06947009e-02,9.43258090e+01,1.67327787e-03,-3.62345693e-03,1.57297011e+01,-5.81399888e-03,-4.98075533e-03,7.82197563e-13,3.22319197e-02,-2.63241657e-02,-8.84598512e-05,4.46149997e-03,-4.37053519e-03
3.87000000e+02,1.10057365e+02,-3.17159467e-03,-8.01995790e-03,-8.95529635e-05,4.43500847e-02,-2.47378894e-02,9.43356770e+01,1.88099549e-03,-2.84788447e-03,1.57216876e+01,-5.05259015e-03,-5.17207343e-03,7.65327722e-13,3.97428417e-02,-2.09532277e-02,-8.95529643e-05,4.60724294e-03,-3.78466174e-03
3.88000000e+02,1.10054798e+02,-2.49552948e-03,-7.50423144e-03,-9.00684119e-05,5.09023919e-02,-1.85255615e-02,9.43416351e+01,1.96673670e-03,-2.23526748e-03,1.57131631e+01,-4.46226618e-03,-5.26896396e-03,7.57154971e-13,4.63160043e-02,-1.52756423e-02,-9.00684126e-05,4.58638758e-03,-3.24991919e-03
3.89000000e+02,1.10046817e+02,-1.66614052e-03,-6.42769886e-03,-8.99451265e-05,5.61104757e-02,-1.21206767e-02,9.43421651e+01,2.12792492e-03,-1.40922569e-03,1.57046520e+01,-3.79406544e-03,-5.01847317e-03,7.39412726e-13,5.17486464e-02,-9.37753677e-03,-8.99451272e-05,4.36182931e-03,-2.74313995e-03
3.90000000e+02,1.10028717e+02,-1.39248212e-03,-5.40953986e-03,-8.91574122e-05,5.99694789e-02,-5.75383537e-03,9.43329462e+01,1.93610756e-03,-7.23006883e-04,1.56957711e+01,-3.32858968e-03,-4.68653298e-03,7.24052766e-13,5.59868312e-02,-3.43830604e-03,-8.91574130e-05,3.98264776e-03,-2.31552933e-03
3.91000000e+02,1.10001829e+02,-9.75911044e-04,-3.92278559e-03,-8.77075176e-05,6.23585871e-02,5.52679513e-04,9.43147532e+01,1.81730829e-03,1.23788893e-04,1.56870754e+01,-2.79321934e-03,-4.04657449e-03,7.00749306e-13,5.89251395e-02,2.48817990e-03,-8.77075183e-05,3.43344756e-03,-1.93550039e-03
3.92000000e+02,1.09963720e+02,-8.83706165e-04,-2.57019148e-03,-8.56316304e-05,6.33811286e-02,6.61207957e-03,9.42854894e+01,1.59751143e-03,8.05025997e-04,1.56782310e+01,-2.48121760e-03,-3.37521747e-03,6.73446712e-13,6.06011175e-02,8.26210881e-03,-8.56316311e-05,2.78001112e-03,-1.65002924e-03
3.93000000e+02,1.09917467e+02,-6.87822105e-04,-8.05357254e-04,-8.29873508e-05,6.30084018e-02,1.23786203e-02,9.42476610e+01,1.43943390e-03,1.65794803e-03,1.56698063e+01,-2.12725601e-03,-2.46330529e-03,6.41305957e-13,6.09885052e-02,1.38005371e-02,-8.29873514e-05,2.01989658e-03,-1.42191681e-03
3.94000000e+02,1.09862755e+02,-1.08224292e-03,7.52797821e-04,-7.98546184e-05,6.14363781e-02,1.76481705e-02,9.42013825e+01,9.19438339e-04,2.35293917e-03,1.56613728e+01,-2.00168126e-03,-1.60014135e-03,6.17443205e-13,6.02146671e-02,1.89374994e-02,-7.98546190e-05,1.22171098e-03,-1.28932887e-03
3.95000000e+02,1.09804597e+02,-1.35615237e-03,2.59577395e-03,-7.63254562e-05,5.87177750e-02,2.24457428e-02,9.41512045e+01,4.54906624e-04,3.17285493e-03,1.56533923e+01,-1.81105900e-03,-5.77080981e-04,6.04777592e-13,5.83388853e-02,2.36526034e-02,-7.63254568e-05,3.78889713e-04,-1.20686056e-03
3.96000000e+02,1.09742948e+02,-1.94731803e-03,4.09599943e-03,-7.25018639e-05,5.50755671e-02,2.66466480e-02,9.40975360e+01,-1.10642285e-04,3.75767220e-03,1.56454116e+01,-1.83667574e-03,3.38327231e-04,5.98693217e-13,5.55252639e-02,2.78583750e-02,-7.25018645e-05,-4.49696748e-04,-1.21172700e-03
3.97000000e+02,1.09682079e+02,-2.37978415e-03,5.84482472e-03,-6.84839946e-05,5.05416689e-02,3.02720831e-02,9.40442025e+01,-5.71169189e-04,4.47798245e-03,1.56378762e+01,-1.80861496e-03,1.36684227e-03,5.64647023e-13,5.18239043e-02,3.15334035e-02,-6.84839952e-05,-1.28223539e-03,-1.26132036e-03
3.98000000e+02,1.09621414e+02,-3.34064700e-03,7.18996331e-03,-6.43701378e-05,4.53325764e-02,3.31784028e-02,9.39910848e+01,-1.35177237e-03,4.94402091e-03,1.56303290e+01,-1.98887462e-03,2.24594239e-03,5.16141525e-13,4.74032773e-02,3.45695986e-02,-6.43701383e-05,-2.07070094e-03,-1.39119581e-03
3.99000000e+02,1.09565059e+02,-4.07952597e-03,8.65627941e-03,-6.02540952e-05,3.94868626e-02,3.54399868e-02,9.39418536e+01,-1.98876407e-03,5.44729052e-03,1.56232059e+01,-2.09076190e-03,3.20898889e-03,4.77304480e-13,4.23304846e-02,3.69973863e-02,-6.02540957e-05,-2.84362207e-03,-1.55739949e-03
4.00000000e+02,1.09512492e+02,-5.04864924e-03,9.69910226e-03,-5.62272416e-05,3.31923602e-02,3.69543323e-02,9.38964597e+01,-2.65180107e-03,5.68567074e-03,1.56160324e+01,-2.39684817e-03,4.01343152e-03,4.76171334e-13,3.67544140e-02,3.87540301e-02,-5.62272421e-05,-3.56205376e-03,-1.79969784e-03
4.01000000e+02,1.09467340e+02,-5.82064600e-03,1.08365990e-02,-5.23707906e-05,2.64721362e-02,3.77592725e-02,9.38581057e+01,-3.18110684e-03,5.93871919e-03,1.56092345e+01,-2.63953916e-03,4.89787981e-03,5.07365518e-13,3.07319851e-02,3.98370098e-02,-5.23707911e-05,-4.25984890e-03,-2.07773732e-03
4.02000000e+02,1.09428222e+02,-6.95078453e-03,1.15351251e-02,-4.87640866e-05,1.95074254e-02,3.77546420e-02,9.38258744e+01,-3.87323672e-03,5.91658617e-03,1.56023479e+01,-3.07754781e-03,5.61853890e-03,5.62763764e-13,2.44061062e-02,4.01824690e-02,-4.87640871e-05,-4.89868078e-03,-2.42782700e-03
4.03000000e+02,1.09398429e+02,-7.78086979e-03,1.23298443e-02,-4.54716933e-05,1.23258104e-02,3.70233539e-02,9.38026382e+01,-4.34278950e-03,5.92340170e-03,1.55957909e+01,-3.43808029e-03,6.40644255e-03,6.43567995e-13,1.78352000e-02,3.98309558e-02,-4.54716940e-05,-5.50938955e-03,-2.80760189e-03
4.04000000e+02,1.09376057e+02,-8.80163108e-03,1.26663578e-02,-4.25520066e-05,5.12049790e-03,3.54912704e-02,9.37869782e+01,-4.81249027e-03,5.64928485e-03,1.55890785e+01,-3.98914081e-03,7.01707294e-03,7.22055993e-13,1.11710872e-02,3.87438896e-02,-4.25520073e-05,-6.05058931e-03,-3.25261922e-03
4.05000000e+02,1.09363304e+02,-9.51515566e-03,1.30801185e-02,-4.00583193e-05,-2.06448280e-03,3.32506036e-02,9.37806550e+01,-5.05469329e-03,5.39919515e-03,1.55826494e+01,-4.46046237e-03,7.68092332e-03,7.86669971e-13,4.48356992e-03,3.69678535e-02,-4.00583200e-05,-6.54805272e-03,-3.71724984e-03
4.06000000e+02,1.09357431e+02,-1.05075576e-02,1.30137078e-02,-3.80282021e-05,-9.01553508e-03,3.02469222e-02,9.37814368e+01,-5.40486526e-03,4.86796044e-03,1.55759939e+01,-5.10269229e-03,8.14574736e-03,8.64611008e-13,-2.06105333e-03,3.44768786e-02,-3.80282030e-05,-6.95448176e-03,-4.22995640e-03
4.07000000e+02,1.09359687e+02,-1.11836967e-02,1.30559443e-02,-3.64852040e-05,-1.56801368e-02,2.66256175e-02,9.37901805e+01,-5.55187341e-03,4.43015341e-03,1.55695067e+01,-5.63182327e-03,8.62579093e-03,9.47061707e-13,-8.38944329e-03,3.13653408e-02,-3.64852050e-05,-7.29069355e-03,-4.73972328e-03
4.08000000e+02,1.09365831e+02,-1.19746823e-02,1.26211353e-02,-3.54413277e-05,-2.18367558e-02,2.23995018e-02,9.38031130e+01,-5.67174011e-03,3.74773717e-03,1.55627175e+01,-6.30294223e-03,8.87339814e-03,1.02391980e-12,-1.43272737e-02,2.76713783e-02,-3.54413288e-05,-7.50948206e-03,-5.27187650e-03
4.09000000e+02,1.09376153e+02,-1.24107066e-02,1.22518579e-02,-3.48828306e-05,-2.74405126e-02,1.77339678e-02,9.38201153e+01,-5.57223864e-03,3.14053367e-03,1.55560373e+01,-6.83846794e-03,9.11132421e-03,1.11059117e-12,-1.98056416e-02,2.35069255e-02,-3.48828317e-05,-7.63487103e-03,-5.77295770e-03
4.10000000e+02,1.09385933e+02,-1.31005842e-02,1.14036225e-02,-3.47798379e-05,-3.22960184e-02,1.26517783e-02,9.38369252e+01,-5.62313693e-03,2.30802404e-03,1.55490078e+01,-7.47744729e-03,9.09559842e-03,1.14829166e-12,-2.46716733e-02,1.89160915e-02,-3.47798391e-05,-7.62434512e-03,-6.26431330e-03
4.11000000e+02,1.09395235e+02,-1.34439326e-02,1.07018928e-02,-3.50836962e-05,-3.63920571e-02,7.37068861e-03,9.38531505e+01,-5.51316823e-03,1.65404871e-03,1.55420850e+01,-7.93076435e-03,9.04784412e-03,1.18864396e-12,-2.88835623e-02,1.40609573e-02,-3.50836974e-05,-7.50849481e-03,-6.69026871e-03
4.12000000e+02,1.09399761e+02,-1.38079125e-02,9.59377428e-03,-3.57314872e-05,-3.95700140e-02,1.96612617e-03,9.38649314e+01,-5.35998194e-03,8.50624179e-04,1.55348293e+01,-8.44793053e-03,8.74315010e-03,1.21016938e-12,-3.23135594e-02,9.04140703e-03,-3.57314884e-05,-7.25645460e-03,-7.07528086e-03
4.13000000e+02,1.09400171e+02,-1.37794029e-02,8.61514198e-03,-3.66498209e-05,-4.18617991e-02,-3.36923363e-03,9.38724480e+01,-5.01662552e-03,1.94758479e-04,1.55277234e+01,-8.76277734e-03,8.42038350e-03,1.25253290e-12,-3.49517056e-02,4.00172159e-03,-3.66498221e-05,-6.91009352e-03,-7.37095522e-03
4.14000000e+02,1.09392674e+02,-1.39784318e-02,7.27528019e-03,-3.77631721e-05,-4.31752698e-02,-8.59515891e-03,9.38723048e+01,-4.86404435e-03,-5.90625018e-04,1.55203693e+01,-9.11438747e-03,7.86590521e-03,1.27492324e-12,-3.67257697e-02,-9.90726596e-04,-3.77631734e-05,-6.44950014e-03,-7.60443231e-03
4.15000000e+02,1.09379234e+02,-1.37605270e-02,6.18934691e-03,-3.89942406e-05,-4.35953355e-02,-1.34952187e-02,9.38659838e+01,-4.52791036e-03,-1.13285872e-03,1.55132501e+01,-9.23261660e-03,7.32220564e-03,1.29345145e-12,-3.76714153e-02,-5.76267522e-03,-3.89942419e-05,-5.92392029e-03,-7.73254349e-03
4.16000000e+02,1.09357391e+02,-1.35487975e-02,4.82240795e-03,-4.02756061e-05,-4.30688089e-02,-1.80304803e-02,9.38514172e+01,-4.16860883e-03,-1.76342726e-03,1.55059735e+01,-9.38018866e-03,6.58583521e-03,1.29737520e-12,-3.77484692e-02,-1.02373243e-02,-4.02756074e-05,-5.32033973e-03,-7.79315600e-03
4.17000000e+02,1.09329865e+02,-1.29428373e-02,3.71826778e-03,-4.15477160e-05,-4.17269904e-02,-2.20567549e-02,9.38308333e+01,-3.63477280e-03,-2.19214084e-03,1.54990317e+01,-9.30806451e-03,5.91040863e-03,1.33628129e-12,-3.70340275e-02,-1.43040040e-02,-4.15477174e-05,-4.69296293e-03,-7.75275086e-03
4.18000000e+02,1.09295270e+02,-1.25657705e-02,2.35291768e-03,-4.27672546e-05,-3.95656625e-02,-2.55961783e-02,9.38032679e+01,-3.29593064e-03,-2.73994108e-03,1.54920020e+01,-9.26983982e-03,5.09285876e-03,1.40193259e-12,-3.55376792e-02,-1.79434553e-02,-4.27672560e-05,-4.02798330e-03,-7.65272301e-03
4.19000000e+02,1.09257333e+02,-1.17631531e-02,1.37808500e-03,-4.39020416e-05,-3.67615011e-02,-2.85007932e-02,9.37719843e+01,-2.74840423e-03,-2.99615810e-03,1.54853491e+01,-9.01474889e-03,4.37424310e-03,1.40092820e-12,-3.33874089e-02,-2.10380472e-02,-4.39020430e-05,-3.37409226e-03,-7.46274598e-03
4.20000000e+02,1.09215074e+02,-1.10498134e-02,1.96445083e-04,-4.49356071e-05,-3.33145493e-02,-3.08102245e-02,9.37364361e+01,-2.23645591e-03,-3.34873883e-03,1.54786383e+01,-8.81335747e-03,3.54518391e-03,1.40935137e-12,-3.06023940e-02,-2.35818706e-02,-4.49356085e-05,-2.71215527e-03,-7.22835393e-03
4.21000000e+02,1.09172235e+02,-9.98058658e-03,-6.40815729e-04,-4.58584578e-05,-2.93992164e-02,-3.24376194e-02,9.36999095e+01,-1.55760505e-03,-3.49326865e-03,1.54723250e+01,-8.42298153e-03,2.85245292e-03,1.43661186e-12,-2.73119627e-02,-2.55165511e-02,-4.58584592e-05,-2.08725363e-03,-6.92106838e-03
4.22000000e+02,1.09127925e+02,-9.17633276e-03,-1.64108104e-03,-4.66701629e-05,-2.50348973e-02,-3.34661313e-02,9.36619711e+01,-1.07813375e-03,-3.71905753e-03,1.54659537e+01,-8.09819900e-03,2.07797649e-03,1.46482676e-12,-2.35598763e-02,-2.68822287e-02,-4.66701644e-05,-1.47502103e-03,-6.58390256e-03
4.23000000e+02,1.09085934e+02,-8.00320638e-03,-2.20165533e-03,-4.73713130e-05,-2.04048302e-02,-3.37989194e-02,9.36259844e+01,-4.07666449e-04,-3.65357528e-03,1.54599491e+01,-7.59553993e-03,1.45191995e-03,1.49167969e-12,-1.94903531e-02,-2.76113004e-02,-4.73713145e-05,-9.14477077e-04,-6.18761904e-03
4.24000000e+02,1.09045063e+02,-7.05633039e-03,-2.93928293e-03,-4.79660981e-05,-1.55175090e-02,-3.35332316e-02,9.35912157e+01,1.22560859e-04,-3.69494106e-03,1.54538469e+01,-7.17889125e-03,7.55658128e-04,1.47899198e-12,-1.51384884e-02,-2.77567001e-02,-4.79660995e-05,-3.79020621e-04,-5.77653154e-03
4.25000000e+02,1.09008325e+02,-5.81845822e-03,-3.27439723e-03,-4.84556159e-05,-1.05597655e-02,-3.26166030e-02,9.35602516e+01,7.87233176e-04,-3.50218359e-03,1.54480733e+01,-6.60569140e-03,2.27786353e-04,1.44914347e-12,-1.06525072e-02,-2.72953408e-02,-4.84556173e-05,9.27417121e-05,-5.32126227e-03
4.26000000e+02,1.08973838e+02,-4.92539700e-03,-3.73552583e-03,-4.88398664e-05,-5.55263122e-03,-3.11720194e-02,9.35316814e+01,1.20142165e-03,-3.38065660e-03,1.54421563e+01,-6.12681865e-03,-3.54869231e-04,1.40812261e-12,-6.08216675e-03,-2.63080705e-02,-4.88398678e-05,5.29535529e-04,-4.86394890e-03
4.27000000e+02,1.08943962e+02,-3.72613305e-03,-3.77927709e-03,-4.91140405e-05,-6.71042059e-04,-2.91463360e-02,9.35074541e+01,1.77713550e-03,-3.01450489e-03,1.54365077e+01,-5.50326855e-03,-7.64772196e-04,1.33534128e-12,-1.56645950e-03,-2.47709613e-02,-4.91140419e-05,8.95417441e-04,-4.37537468e-03
4.28000000e+02,1.08916097e+02,-2.81306839e-03,-3.96004367e-03,-4.92727193e-05,4.07947725e-03,-2.66768040e-02,9.34854439e+01,2.18369327e-03,-2.73648019e-03,1.54306536e+01,-4.99676166e-03,-1.22356348e-03,1.24219733e-12,2.86039030e-03,-2.27773386e-02,-4.92727206e-05,1.21908695e-03,-3.89946540e-03
4.29000000e+02,1.08892037e+02,-1.69347509e-03,-3.75422710e-03,-4.93067808e-05,8.53765165e-03,-2.37539373e-02,9.34670146e+01,2.67269148e-03,-2.26132270e-03,1.54250221e+01,-4.36616657e-03,-1.49290439e-03,1.13494013e-12,7.07512001e-03,-2.03464372e-02,-4.93067819e-05,1.46253164e-03,-3.40750016e-03
4.30000000e+02,1.08868690e+02,-9.77802906e-04,-3.70869284e-03,-4.92081932e-05,1.27046444e-02,-2.05395514e-02,9.34495430e+01,2.88480607e-03,-1.91385880e-03,1.54191471e+01,-3.86260898e-03,-1.79483404e-03,1.01480093e-12,1.10500124e-02,-1.75966291e-02,-4.92081942e-05,1.65463201e-03,-2.94292236e-03
4.31000000e+02,1.08847521e+02,1.25182286e-05,-3.26155817e-03,-4.89679357e-05,1.64262770e-02,-1.70160330e-02,9.34340540e+01,3.26626192e-03,-1.35622849e-03,1.54134675e+01,-3.25374369e-03,-1.90532968e-03,9.06068263e-13,1.46658521e-02,-1.45373678e-02,-4.89679366e-05,1.76042489e-03,-2.47866518e-03
4.32000000e+02,1.08825292e+02,6.21491555e-04,-3.00851830e-03,-4.85812778e-05,1.97302247e-02,-1.33587058e-02,9.34177587e+01,3.42007204e-03,-9.64192934e-04,1.54075328e+01,-2.79858049e-03,-2.04432536e-03,8.08583082e-13,1.79204828e-02,-1.12990328e-02,-4.85812786e-05,1.80974193e-03,-2.05967301e-03
4.33000000e+02,1.08803462e+02,1.37825393e-03,-2.40747290e-03,-4.80455705e-05,2.24858508e-02,-9.57701943e-03,9.34016601e+01,3.63948880e-03,-4.27818158e-04,1.54018015e+01,-2.26123487e-03,-1.97965475e-03,6.99357649e-13,2.07168827e-02,-7.91894958e-03,-4.80455712e-05,1.76896803e-03,-1.65806984e-03
4.34000000e+02,1.08779044e+02,1.71533103e-03,-1.99745236e-03,-4.73630843e-05,2.47328515e-02,-5.83659595e-03,9.33832079e+01,3.60336933e-03,-5.77432231e-05,1.53958362e+01,-1.88803831e-03,-1.93970914e-03,5.65129993e-13,2.30604262e-02,-4.52089579e-03,-4.73630849e-05,1.67242529e-03,-1.31570016e-03
4.35000000e+02,1.08753759e+02,2.25322830e-03,-1.24030949e-03,-4.65386209e-05,2.63659313e-02,-2.12800504e-03,9.33636723e+01,3.70066388e-03,4.69029631e-04,1.53900866e+01,-1.44743558e-03,-1.70933912e-03,4.40227272e-13,2.48729672e-02,-1.12504057e-03,-4.65386213e-05,1.49296411e-03,-1.00296447e-03
4.36000000e+02,1.08724824e+02,2.37971582e-03,-7.43879598e-04,-4.55844721e-05,2.74681827e-02,1.38825534e-03,9.33406886e+01,3.56849278e-03,7.73479412e-04,1.53841354e+01,-1.18877696e-03,-1.51735901e-03,3.20000738e-13,2.61994053e-02,2.14792389e-03,-4.55844724e-05,1.26877741e-03,-7.59668548e-04
4.37000000e+02,1.08694418e+02,2.66791690e-03,7.42504176e-05,-4.45133149e-05,2.79577968e-02,4.73286430e-03,9.33159741e+01,3.54015054e-03,1.21765190e-03,1.53784438e+01,-8.72233643e-04,-1.14340148e-03,2.03280521e-13,2.69828801e-02,5.28477341e-03,-4.45133151e-05,9.74916676e-04,-5.51909114e-04
4.38000000e+02,1.08660157e+02,2.53577004e-03,6.64956788e-04,-4.33442834e-05,2.79337887e-02,7.76866707e-03,9.32875586e+01,3.26975019e-03,1.48977995e-03,1.53725988e+01,-7.33980144e-04,-8.24823162e-04,9.30511802e-14,2.72803695e-02,8.18313564e-03,-4.33442835e-05,6.53419203e-04,-4.14468566e-04
4.39000000e+02,1.08624578e+02,2.61637129e-03,1.51947379e-03,-4.20948383e-05,2.73481580e-02,1.05450295e-02,9.32575228e+01,3.15519828e-03,1.87407799e-03,1.53670548e+01,-5.38826985e-04,-3.54604192e-04,-6.08752412e-16,2.70652044e-02,1.08562475e-02,-4.20948383e-05,2.82953562e-04,-3.11218080e-04
4.40000000e+02,1.08585745e+02,2.31876567e-03,2.09805069e-03,-4.07859450e-05,2.63217287e-02,1.29435118e-02,9.32243622e+01,2.83979649e-03,2.06357704e-03,1.53613830e+01,-5.21030814e-04,3.44736467e-05,-9.16216428e-14,2.64167903e-02,1.32178564e-02,-4.07859449e-05,-9.50615663e-05,-2.74344626e-04
4.41000000e+02,1.08546571e+02,2.22322906e-03,2.91888491e-03,-3.94396685e-05,2.48208687e-02,1.50254544e-02,9.31905260e+01,2.66505742e-03,2.35977393e-03,1.53560448e+01,-4.41828365e-04,5.59110988e-04,-1.85660743e-13,2.53247075e-02,1.52912989e-02,-3.94396683e-05,-5.03838794e-04,-2.65844451e-04
4.42000000e+02,1.08505378e+02,1.75571141e-03,3.47421260e-03,-3.80755206e-05,2.29685880e-02,1.66897575e-02,9.31547914e+01,2.27919379e-03,2.48911993e-03,1.53505867e+01,-5.23482388e-04,9.85092678e-04,-2.38137928e-13,2.38715012e-02,1.70047672e-02,-3.80755203e-05,-9.02913227e-04,-3.15009680e-04
4.43000000e+02,1.08465092e+02,1.57190736e-03,4.25391963e-03,-3.67151795e-05,2.07436978e-02,1.80266907e-02,9.31196332e+01,2.11055709e-03,2.73623659e-03,1.53454585e+01,-5.38649734e-04,1.51768304e-03,-3.13623210e-13,2.20589943e-02,1.84116874e-02,-3.67151792e-05,-1.31529653e-03,-3.84996719e-04
4.44000000e+02,1.08424022e+02,1.02012989e-03,4.70144518e-03,-3.53787639e-05,1.82752900e-02,1.89374758e-02,9.30838243e+01,1.72931830e-03,2.76983499e-03,1.53401974e+01,-7.09188412e-04,1.93161020e-03,-3.61365872e-13,1.99783153e-02,1.94425536e-02,-3.53787635e-05,-1.70302532e-03,-5.05077850e-04
4.45000000e+02,1.08385166e+02,7.12383329e-04,5.34127451e-03,-3.40841177e-05,1.55340528e-02,1.95100885e-02,9.30499164e+01,1.51526361e-03,2.89833211e-03,1.53352495e+01,-8.02880283e-04,2.44294240e-03,-4.10059465e-13,1.76263629e-02,2.01474713e-02,-3.40841173e-05,-2.09231003e-03,-6.37382848e-04
4.46000000e+02,1.08346724e+02,1.20032687e-04,5.71367332e-03,-3.28480460e-05,1.26416601e-02,1.96746366e-02,9.30165611e+01,1.15492999e-03,2.88565557e-03,1.53301629e+01,-1.03489730e-03,2.82801775e-03,-4.58623153e-13,1.50886421e-02,2.04850040e-02,-3.28480456e-05,-2.44698195e-03,-8.10367425e-04
4.47000000e+02,1.08311385e+02,-1.85804712e-04,6.26283040e-03,-3.16849729e-05,9.58000400e-03,1.95280357e-02,9.29860116e+01,1.00219647e-03,2.97315976e-03,1.53253735e+01,-1.18800118e-03,3.28967064e-03,-4.89678630e-13,1.23726342e-02,2.05165200e-02,-3.16849724e-05,-2.79263016e-03,-9.88484279e-04
4.48000000e+02,1.08277192e+02,-8.36059669e-04,6.45884797e-03,-3.06036358e-05,6.47498850e-03,1.89932792e-02,9.29567730e+01,6.35366443e-04,2.84413258e-03,1.53204192e+01,-1.47142611e-03,3.61471539e-03,-5.02895635e-13,9.57117945e-03,2.01934467e-02,-3.06036353e-05,-3.09619096e-03,-1.20016746e-03
4.49000000e+02,1.08246487e+02,-1.15871658e-03,6.84869855e-03,-2.96135074e-05,3.29688282e-03,1.81906377e-02,9.29307465e+01,5.08888706e-04,2.83523412e-03,1.53157406e+01,-1.66760528e-03,4.01346443e-03,-4.98944472e-13,6.68215913e-03,1.96007225e-02,-2.96135069e-05,-3.38527631e-03,-1.41008473e-03
4.50000000e+02,1.08217063e+02,-1.73474783e-03,6.96698529e-03,-2.87173022e-05,1.58839208e-04,1.70554859e-02,9.29061933e+01,2.44651987e-04,2.69187896e-03,1.53108696e+01,-1.97939981e-03,4.27510632e-03,-4.93982140e-13,3.78671882e-03,1.87015233e-02,-2.87173017e-05,-3.62787961e-03,-1.64603741e-03
4.51000000e+02,1.08191018e+02,-1.99245385e-03,7.26171438e-03,-2.79184322e-05,-2.95694805e-03,1.57011585e-02,9.28847750e+01,2.12380513e-04,2.66853635e-03,1.53062433e+01,-2.20483436e-03,4.59317803e-03,-4.93695302e-13,8.92478896e-04,1.75763206e-02,-2.79184317e-05,-3.84942695e-03,-1.87516207e-03
4.52000000e+02,1.08165794e+02,-2.56290650e-03,7.20188404e-03,-2.72151100e-05,-5.92977002e-03,1.40583856e-02,9.28644009e+01,-2.31093137e-05,2.43601896e-03,1.53013930e+01,-2.53979719e-03,4.76586509e-03,-4.97668467e-13,-1.91069317e-03,1.61827234e-02,-2.72151095e-05,-4.01907686e-03,-2.12433779e-03
4.53000000e+02,1.08143153e+02,-2.80701364e-03,7.30575799e-03,-2.66074753e-05,-8.78689556e-03,1.22539991e-02,9.28463850e+01,-3.13249432e-05,2.31167419e-03,1.52967684e+01,-2.77568870e-03,4.99408380e-03,-4.83955413e-13,-4.62367401e-03,1.46130206e-02,-2.66074748e-05,-4.16322155e-03,-2.35902146e-03
4.54000000e+02,1.08120363e+02,-3.26535505e-03,7.12852105e-03,-2.60905618e-05,-1.14199440e-02,1.02390724e-02,9.28284546e+01,-1.59291102e-04,2.05098638e-03,1.52919086e+01,-3.10606395e-03,5.07753468e-03,-4.54614050e-13,-7.16878284e-03,1.28442958e-02,-2.60905614e-05,-4.25116118e-03,-2.60522337e-03
4.55000000e+02,1.08099092e+02,-3.39945309e-03,7.12309758e-03,-2.56611824e-05,-1.38505593e-02,8.13356951e-03,9.28118289e+01,-6.30983127e-05,1.92385717e-03,1.52872635e+01,-3.33635477e-03,5.19924040e-03,-4.70815958e-13,-9.54350592e-03,1.09634040e-02,-2.56611820e-05,-4.30705339e-03,-2.82983444e-03
4.56000000e+02,1.08076566e+02,-3.81540558e-03,6.75021123e-03,-2.53120031e-05,-1.59640662e-02,5.88271711e-03,9.27941869e+01,-1.64955457e-04,1.58203910e-03,1.52823787e+01,-3.65045012e-03,5.16817213e-03,-4.62093388e-13,-1.16619699e-02,8.93944231e-03,-2.53120026e-05,-4.30209629e-03,-3.05672520e-03
4.57000000e+02,1.08054455e+02,-3.90199570e-03,6.53701704e-03,-2.50376280e-05,-1.77995719e-02,3.62178206e-03,9.27767401e+01,-5.34742902e-05,1.35976076e-03,1.52777145e+01,-3.84852141e-03,5.17725628e-03,-4.41343591e-13,-1.35363972e-02,6.87358269e-03,-2.50376276e-05,-4.26317468e-03,-3.25180063e-03
4.58000000e+02,1.08030059e+02,-4.15598505e-03,6.03845865e-03,-2.48286353e-05,-1.92653864e-02,1.31482912e-03,9.27572366e+01,-4.15238849e-05,1.00030562e-03,1.52728227e+01,-4.11446117e-03,5.03815303e-03,-4.10721365e-13,-1.51021343e-02,4.75350764e-03,-2.48286349e-05,-4.16325205e-03,-3.43867852e-03
4.59000000e+02,1.08005188e+02,-4.08537498e-03,5.70022420e-03,-2.46777926e-05,-2.04042618e-02,-9.17416185e-04,9.27370249e+01,1.74832335e-04,7.69775384e-04,1.52681628e+01,-4.26020731e-03,4.93044881e-03,-3.84744057e-13,-1.63749389e-02,2.66813144e-03,-2.46777922e-05,-4.02932282e-03,-3.58554763e-03
4.60000000e+02,1.07977203e+02,-4.25038547e-03,5.03641571e-03,-2.45749783e-05,-2.11368348e-02,-3.12183703e-03,9.27139123e+01,2.13683344e-04,3.59876466e-04,1.52632903e+01,-4.46406881e-03,4.67653925e-03,-4.00906320e-13,-1.72990645e-02,5.94206277e-04,-2.45749779e-05,-3.83777032e-03,-3.71604331e-03
4.61000000e+02,1.07948082e+02,-4.06112582e-03,4.56160577e-03,-2.45126288e-05,-2.15313537e-02,-5.17031390e-03,9.26894061e+01,4.73712158e-04,9.67280184e-05,1.52586758e+01,-4.53483798e-03,4.46487775e-03,-4.26348337e-13,-1.79123479e-02,-1.37104908e-03,-2.45126284e-05,-3.61900589e-03,-3.79926483e-03
4.62000000e+02,1.07915528e+02,-4.02084990e-03,3.82251538e-03,-2.44805529e-05,-2.15244570e-02,-7.10826037e-03,9.26616499e+01,6.33370774e-04,-3.01161345e-04,1.52538783e+01,-4.65422067e-03,4.12367672e-03,-4.86487172e-13,-1.81720167e-02,-3.24762068e-03,-2.44805524e-05,-3.35244030e-03,-3.86063968e-03
4.63000000e+02,1.07881759e+02,-3.66082350e-03,3.27681508e-03,-2.44698394e-05,-2.11936972e-02,-8.83479638e-03,9.26324116e+01,9.81487971e-04,-5.49601765e-04,1.52493477e+01,-4.64231147e-03,3.82641684e-03,-5.53347713e-13,-1.81264979e-02,-4.96237621e-03,-2.44698389e-05,-3.06719936e-03,-3.87242017e-03
4.64000000e+02,1.07844568e+02,-3.51304466e-03,2.45187149e-03,-2.44730535e-05,-2.04868807e-02,-1.04076326e-02,9.25999161e+01,1.16472455e-03,-9.60058960e-04,1.52446517e+01,-4.67776921e-03,3.41193045e-03,-6.25097606e-13,-1.77407215e-02,-6.54618937e-03,-2.44730529e-05,-2.74615924e-03,-3.86144319e-03
4.65000000e+02,1.07806388e+02,-3.04998302e-03,1.83349882e-03,-2.44821076e-05,-1.95002127e-02,-1.17302706e-02,9.25661434e+01,1.52993035e-03,-1.22952555e-03,1.52402445e+01,-4.57991337e-03,3.06302437e-03,-7.17186720e-13,-1.70796924e-02,-7.92894737e-03,-2.44821069e-05,-2.42052032e-03,-3.80132327e-03
4.66000000e+02,1.07765253e+02,-2.78404775e-03,1.02923384e-03,-2.44902750e-05,-1.82060295e-02,-1.28679158e-02,9.25295657e+01,1.74356822e-03,-1.58884598e-03,1.52356870e+01,-4.52761597e-03,2.61807982e-03,-8.10188175e-13,-1.61326432e-02,-9.14761676e-03,-2.44902742e-05,-2.07338631e-03,-3.72029905e-03
4.67000000e+02,1.07723764e+02,-2.23747803e-03,4.61597850e-04,-2.44904142e-05,-1.67012621e-02,-1.37424517e-02,9.24923412e+01,2.11502636e-03,-1.78400015e-03,1.52314229e+01,-4.35250440e-03,2.24559800e-03,-8.92279026e-13,-1.49678418e-02,-1.01476047e-02,-2.44904133e-05,-1.73342028e-03,-3.59484701e-03
4.68000000e+02,1.07679909e+02,-1.96996116e-03,-3.24999680e-04,-2.44780331e-05,-1.49547543e-02,-1.44360922e-02,9.24529005e+01,2.26016064e-03,-2.11554128e-03,1.52270084e+01,-4.23012180e-03,1.79054160e-03,-9.88321857e-13,-1.35703876e-02,-1.09822339e-02,-2.44780321e-05,-1.38436672e-03,-3.45385831e-03
4.69000000e+02,1.07636328e+02,-1.46778326e-03,-8.42901118e-04,-2.44488342e-05,-1.30764989e-02,-1.48701677e-02,9.24134402e+01,2.51933786e-03,-2.27087470e-03,1.52228880e+01,-3.98712111e-03,1.42797358e-03,-1.09247106e-12,-1.20210029e-02,-1.15963949e-02,-2.44488331e-05,-1.05549604e-03,-3.27377283e-03
4.70000000e+02,1.07591108e+02,-1.18783872e-03,-1.47699191e-03,-2.43997485e-05,-1.10512018e-02,-1.51129030e-02,9.23724989e+01,2.61371726e-03,-2.47959909e-03,1.52186090e+01,-3.80155598e-03,1.00260718e-03,-1.19946307e-12,-1.03217743e-02,-1.20286119e-02,-2.43997473e-05,-7.29427485e-04,-3.08429107e-03
4.71000000e+02,1.07546821e+02,-6.85001119e-04,-1.81948062e-03,-2.43274157e-05,-8.97824836e-03,-1.50989393e-02,9.23322136e+01,2.82445048e-03,-2.49080912e-03,1.52146076e+01,-3.50945159e-03,6.71328503e-04,-1.28664570e-12,-8.54679083e-03,-1.22353437e-02,-2.43274144e-05,-4.31457530e-04,-2.86359557e-03
4.72000000e+02,1.07501401e+02,-4.82010680e-04,-2.33109905e-03,-2.42304856e-05,-6.82599338e-03,-1.49128659e-02,9.22909654e+01,2.80145648e-03,-2.61655718e-03,1.52104352e+01,-3.28346716e-03,2.85458127e-04,-1.37569611e-12,-6.68189093e-03,-1.22720510e-02,-2.42304842e-05,-1.44102448e-04,-2.64081483e-03
4.73000000e+02,1.07457261e+02,-4.83825202e-05,-2.53672269e-03,-2.41069849e-05,-4.70062722e-03,-1.44866336e-02,9.22507294e+01,2.90693169e-03,-2.54515652e-03,1.52065317e+01,-2.95531421e-03,8.43382834e-06,-1.45350789e-12,-4.80818426e-03,-1.20932345e-02,-2.41069834e-05,1.07557040e-04,-2.39339901e-03
4.74000000e+02,1.07412204e+02,1.65323552e-04,-2.83575682e-03,-2.39560982e-05,-2.57650529e-03,-1.38986062e-02,9.22097583e+01,2.86577144e-03,-2.52374073e-03,1.52024459e+01,-2.70044789e-03,-3.12016097e-04,-1.51104353e-12,-2.91888760e-03,-1.17480269e-02,-2.39560967e-05,3.42382311e-04,-2.15057934e-03
4.75000000e+02,1.07368550e+02,5.72578860e-04,-2.84430534e-03,-2.37761547e-05,-5.44813254e-04,-1.30995401e-02,9.21699360e+01,2.92881545e-03,-2.31747642e-03,1.51986136e+01,-2.35623659e-03,-5.26828915e-04,-1.51655780e-12,-1.08318921e-03,-1.12092230e-02,-2.37761531e-05,5.38375957e-04,-1.89031704e-03
4.76000000e+02,1.07323966e+02,7.04325747e-04,-3.02864944e-03,-2.35671737e-05,1.43499436e-03,-1.21748566e-02,9.21293774e+01,2.79677499e-03,-2.24708200e-03,1.51945883e+01,-2.09244925e-03,-7.81567438e-04,-1.55292101e-12,7.20959846e-04,-1.05338161e-02,-2.35671721e-05,7.14034518e-04,-1.64104043e-03
4.77000000e+02,1.07280642e+02,1.05949412e-03,-2.92306411e-03,-2.33287324e-05,3.26447392e-03,-1.10694789e-02,9.20898308e+01,2.80375482e-03,-2.00086813e-03,1.51908113e+01,-1.74426070e-03,-9.22195976e-04,-1.54593307e-12,2.41731020e-03,-9.68916073e-03,-2.33287309e-05,8.47163719e-04,-1.38031814e-03
4.78000000e+02,1.07236191e+02,1.18941180e-03,-2.92580396e-03,-2.30608315e-05,4.97602745e-03,-9.86969548e-03,9.20493548e+01,2.67144313e-03,-1.83118453e-03,1.51868365e+01,-1.48203133e-03,-1.09461944e-03,-1.52997565e-12,4.01877832e-03,-8.73334556e-03,-2.30608299e-05,9.57249127e-04,-1.13634992e-03
4.79000000e+02,1.07192751e+02,1.52105931e-03,-2.68526054e-03,-2.27644099e-05,6.49045066e-03,-8.53340937e-03,9.20096444e+01,2.66911825e-03,-1.52583793e-03,1.51831068e+01,-1.14805894e-03,-1.15942261e-03,-1.52465741e-12,5.46594267e-03,-7.64541693e-03,-2.27644084e-05,1.02450799e-03,-8.87992448e-04
4.80000000e+02,1.07147943e+02,1.56470614e-03,-2.61764371e-03,-2.24390787e-05,7.84851163e-03,-7.15633329e-03,9.19687694e+01,2.47256024e-03,-1.35999035e-03,1.51791740e+01,-9.07854105e-04,-1.25765336e-03,-1.52414020e-12,6.77960722e-03,-6.49398840e-03,-2.24390771e-05,1.06890441e-03,-6.62344890e-04
4.81000000e+02,1.07103855e+02,1.80301811e-03,-2.30214276e-03,-2.20872427e-05,8.97075319e-03,-5.69032250e-03,9.19283619e+01,2.40214904e-03,-1.05922121e-03,1.51754928e+01,-5.99130927e-04,-1.24292155e-03,-1.51549980e-12,7.90047458e-03,-5.25288198e-03,-2.20872412e-05,1.07027861e-03,-4.37440527e-04
4.82000000e+02,1.07058148e+02,1.81824083e-03,-2.13128221e-03,-2.17101580e-05,9.89695589e-03,-4.22430448e-03,9.18865251e+01,2.20695714e-03,-8.73405267e-04,1.51716226e+01,-3.88716307e-04,-1.25787694e-03,-1.52802254e-12,8.84750645e-03,-3.98362249e-03,-2.17101565e-05,1.04944944e-03,-2.40681989e-04
4.83000000e+02,1.07013073e+02,2.00379672e-03,-1.73014833e-03,-2.13095777e-05,1.05595153e-02,-2.72362439e-03,9.18450698e+01,2.12631111e-03,-5.58402358e-04,1.51680029e+01,-1.22514397e-04,-1.17174597e-03,-1.55156970e-12,9.56959992e-03,-2.67289311e-03,-2.13095762e-05,9.89915418e-04,-5.07312815e-05
4.84000000e+02,1.06966319e+02,1.88586840e-03,-1.53432454e-03,-2.08877625e-05,1.10178488e-02,-1.28296436e-03,9.18021219e+01,1.84610739e-03,-4.12349819e-04,1.51641975e+01,3.97610100e-05,-1.12197472e-03,-1.55917158e-12,1.01053245e-02,-1.38928555e-03,-2.08877610e-05,9.12524338e-04,1.06321191e-04
4.85000000e+02,1.06920111e+02,1.95677210e-03,-1.11534716e-03,-2.04482936e-05,1.12050082e-02,1.42488109e-04,9.17594505e+01,1.69948230e-03,-1.44453963e-04,1.51606603e+01,2.57289802e-04,-9.70893200e-04,-1.56642879e-12,1.04044591e-02,-1.10446906e-04,-2.04482921e-05,8.00549069e-04,2.52935015e-04
4.86000000e+02,1.06872337e+02,1.80188176e-03,-8.73131325e-04,-1.99927948e-05,1.11803545e-02,1.46581385e-03,9.17153897e+01,1.43450379e-03,-1.60565822e-05,1.51569469e+01,3.67377975e-04,-8.57074743e-04,-1.57948102e-12,1.05043806e-02,1.10242974e-03,-1.99927932e-05,6.75973891e-04,3.63384113e-04
4.87000000e+02,1.06825334e+02,1.79432550e-03,-4.13318952e-04,-1.95252704e-05,1.08974288e-02,2.72228959e-03,9.16718350e+01,1.26995192e-03,2.45976429e-04,1.51534991e+01,5.24373581e-04,-6.59295381e-04,-1.60098453e-12,1.03723964e-02,2.26201018e-03,-1.95252688e-05,5.25032453e-04,4.60279413e-04
4.88000000e+02,1.06776965e+02,1.50946532e-03,-1.92302380e-04,-1.90485637e-05,1.04316701e-02,3.82573144e-03,9.16270858e+01,9.37108378e-04,3.17447380e-04,1.51498793e+01,5.72356940e-04,-5.09749759e-04,-1.65140803e-12,1.00623917e-02,3.30622563e-03,-1.90485620e-05,3.69278342e-04,5.19505813e-04
4.89000000e+02,1.06729563e+02,1.39988925e-03,2.22389549e-04,-1.85662659e-05,9.73559864e-03,4.82557238e-03,9.15830297e+01,7.29616014e-04,5.01723945e-04,1.51465332e+01,6.70273238e-04,-2.79334396e-04,-1.66916313e-12,9.54136882e-03,4.26014840e-03,-1.85662643e-05,1.94229825e-04,5.65423974e-04
4.90000000e+02,1.06681042e+02,1.09383417e-03,4.36227756e-04,-1.80814815e-05,8.88759876e-03,5.65357991e-03,9.15380164e+01,4.34190547e-04,5.39073499e-04,1.51430253e+01,6.59643623e-04,-1.02845744e-04,-1.70492775e-12,8.86551527e-03,5.07914344e-03,-1.80814798e-05,2.20834964e-05,5.74436467e-04
4.91000000e+02,1.06633877e+02,9.39380893e-04,8.13659385e-04,-1.75979303e-05,7.85686721e-03,6.35179053e-03,9.14940841e+01,2.41737131e-04,6.77042384e-04,1.51397930e+01,6.97643762e-04,1.36617002e-04,-1.73617897e-12,8.01698343e-03,5.78061442e-03,-1.75979286e-05,-1.60116222e-04,5.71176115e-04
4.92000000e+02,1.06585918e+02,5.63793413e-04,9.38404922e-04,-1.71183940e-05,6.72437936e-03,6.85322523e-03,9.14495274e+01,-6.64379208e-05,6.26909216e-04,1.51363910e+01,6.30231334e-04,3.11495706e-04,-1.74946085e-12,7.05579174e-03,6.31991673e-03,-1.71183923e-05,-3.31412379e-04,5.33308494e-04
4.93000000e+02,1.06539525e+02,3.73634400e-04,1.22192700e-03,-1.66474244e-05,5.45605765e-03,7.21132375e-03,9.14062645e+01,-2.41016531e-04,6.77144401e-04,1.51332602e+01,6.14650931e-04,5.44782604e-04,-1.75381512e-12,5.96177823e-03,6.72503902e-03,-1.66474226e-05,-5.05720583e-04,4.86284731e-04
4.94000000e+02,1.06492601e+02,-2.94612320e-05,1.28325803e-03,-1.61880095e-05,4.12879799e-03,7.35979647e-03,9.13626430e+01,-5.29154415e-04,5.73021127e-04,1.51299575e+01,4.99693183e-04,7.10236902e-04,-1.78577928e-12,4.79165508e-03,6.95095681e-03,-1.61880077e-05,-6.62857087e-04,4.08839657e-04
4.95000000e+02,1.06447541e+02,-2.62545696e-04,1.51048956e-03,-1.57429285e-05,2.71089127e-03,7.35463122e-03,9.13206297e+01,-7.03454810e-04,5.92333982e-04,1.51269114e+01,4.40909113e-04,9.18155574e-04,-1.81863243e-12,3.52633135e-03,7.02787208e-03,-1.57429266e-05,-8.15440074e-04,3.26759140e-04
4.96000000e+02,1.06402102e+02,-7.06270295e-04,1.48285220e-03,-1.53145571e-05,1.28884547e-03,7.14024325e-03,9.12784191e+01,-9.93555715e-04,4.33368228e-04,1.51236833e+01,2.87285420e-04,1.04948397e-03,-1.86443233e-12,2.23378332e-03,6.92109708e-03,-1.53145553e-05,-9.44937857e-04,2.19146169e-04
4.97000000e+02,1.06358507e+02,-9.84494606e-04,1.62583572e-03,-1.49055262e-05,-1.73893034e-04,6.78087625e-03,9.12377961e+01,-1.18091554e-03,4.03599879e-04,1.51207109e+01,1.96420931e-04,1.22223584e-03,-1.90864310e-12,8.91810612e-04,6.66845076e-03,-1.49055243e-05,-1.06570365e-03,1.12425484e-04
4.98000000e+02,1.06314485e+02,-1.45643395e-03,1.55383491e-03,-1.45166355e-05,-1.59789755e-03,6.23197886e-03,9.11969352e+01,-1.47787244e-03,2.36750663e-04,1.51175498e+01,2.14384890e-05,1.31708424e-03,-1.97990853e-12,-4.38145083e-04,6.24522536e-03,-1.45166335e-05,-1.15975246e-03,-1.32465019e-05
4.99000000e+02,1.06272228e+02,-1.71855071e-03,1.65546935e-03,-1.41488734e-05,-3.01258795e-03,5.57174622e-03,9.11575954e+01,-1.63208988e-03,2.13374981e-04,1.51146323e+01,-8.64608292e-05,1.44209436e-03,-2.05132335e-12,-1.77182290e-03,5.70400457e-03,-1.41488713e-05,-1.24076506e-03,-1.32258350e-04
5.00000000e+02,1.06229376e+02,-2.17550223e-03,1.50326402e-03,-1.38022243e-05,-4.33510420e-03,4.75528864e-03,9.11178587e+01,-1.90303962e-03,1.79242934e-05,1.51115174e+01,-2.72462608e-04,1.48533972e-03,-2.15516722e-12,-3.04267587e-03,5.01966450e-03,-1.38022221e-05,-1.29242833e-03,-2.64375858e-04
5.01000000e+02,1.06187993e+02,-2.42520667e-03,1.54124564e-03,-1.34770085e-05,-5.60701986e-03,3.86479107e-03,9.10793469e+01,-2.04371327e-03,-1.79984151e-05,1.51086457e+01,-3.81493393e-04,1.55924405e-03,-2.27685568e-12,-4.27728367e-03,4.24810635e-03,-1.34770062e-05,-1.32973620e-03,-3.83315282e-04
5.02000000e+02,1.06145681e+02,-2.78310521e-03,1.36382229e-03,-1.31723277e-05,-6.75108949e-03,2.87321032e-03,9.10401038e+01,-2.22371585e-03,-1.90868325e-04,1.51055769e+01,-5.59389353e-04,1.55469062e-03,-2.38636037e-12,-5.41361746e-03,3.38227906e-03,-1.31723254e-05,-1.33747203e-03,-5.09068741e-04
5.03000000e+02,1.06104536e+02,-2.89532383e-03,1.36504991e-03,-1.28871911e-05,-7.80453508e-03,1.85780217e-03,9.10017888e+01,-2.23799874e-03,-2.09892498e-04,1.51027473e+01,-6.57325095e-04,1.57494240e-03,-2.47764129e-12,-6.47440790e-03,2.47442012e-03,-1.28871886e-05,-1.33012718e-03,-6.16617949e-04
5.04000000e+02,1.06062144e+02,-3.16519936e-03,1.13440944e-03,-1.26202092e-05,-8.69643410e-03,7.77090464e-04,9.09624260e+01,-2.34529909e-03,-3.79088248e-04,1.50997179e+01,-8.19900269e-04,1.51349769e-03,-2.56069925e-12,-7.40312855e-03,1.50322873e-03,-1.26202066e-05,-1.29330555e-03,-7.26138263e-04
5.05000000e+02,1.06020525e+02,-3.19431685e-03,1.05899958e-03,-1.23704087e-05,-9.46845828e-03,-2.86313845e-04,9.09235922e+01,-2.29993764e-03,-4.24017968e-04,1.50969331e+01,-8.94379210e-04,1.48301755e-03,-2.63472040e-12,-8.22492422e-03,5.26157022e-04,-1.23704061e-05,-1.24353405e-03,-8.12470867e-04
5.06000000e+02,1.05977348e+02,-3.30827463e-03,8.00790887e-04,-1.21358408e-05,-1.00636769e-02,-1.36170419e-03,9.08833930e+01,-2.28451233e-03,-5.78690528e-04,1.50939549e+01,-1.02376229e-03,1.37948142e-03,-2.70129173e-12,-8.89615520e-03,-4.65700034e-04,-1.21358381e-05,-1.16752168e-03,-8.96004155e-04
5.07000000e+02,1.05934778e+02,-3.15797301e-03,7.27974673e-04,-1.19148072e-05,-1.05266137e-02,-2.37498430e-03,9.08435557e+01,-2.09167174e-03,-5.73840737e-04,1.50912220e+01,-1.06630127e-03,1.30181541e-03,-2.76827956e-12,-9.44668982e-03,-1.42122455e-03,-1.19148044e-05,-1.07992384e-03,-9.53759745e-04
5.08000000e+02,1.05890479e+02,-3.15597998e-03,4.18709484e-04,-1.17055547e-05,-1.07931480e-02,-3.37222310e-03,9.08021800e+01,-1.99263043e-03,-7.31808631e-04,1.50882988e+01,-1.16334955e-03,1.15051811e-03,-2.83173886e-12,-9.82455221e-03,-2.36581487e-03,-1.17055519e-05,-9.68595842e-04,-1.00640823e-03
5.09000000e+02,1.05846614e+02,-2.92757827e-03,2.51236516e-04,-1.15068625e-05,-1.09170094e-02,-4.27768488e-03,9.07609847e+01,-1.76105414e-03,-7.84290247e-04,1.50856289e+01,-1.16652413e-03,1.03552676e-03,-2.89317064e-12,-1.00666211e-02,-3.24676951e-03,-1.15068596e-05,-8.50388351e-04,-1.03091537e-03
5.10000000e+02,1.05800942e+02,-2.77404461e-03,-7.37581202e-05,-1.13166444e-05,-1.08591267e-02,-5.12595469e-03,9.07181694e+01,-1.55484288e-03,-9.31532770e-04,1.50827730e+01,-1.21920174e-03,8.57774650e-04,-2.94184612e-12,-1.01455974e-02,-4.07712507e-03,-1.13166415e-05,-7.13529299e-04,-1.04882962e-03
5.11000000e+02,1.05755777e+02,-2.38127232e-03,-2.26258893e-04,-1.11335002e-05,-1.06695796e-02,-5.85554072e-03,9.06756024e+01,-1.19760100e-03,-9.39449331e-04,1.50801747e+01,-1.18367132e-03,7.13190438e-04,-2.98895801e-12,-1.00966351e-02,-4.81637010e-03,-1.11334972e-05,-5.72944532e-04,-1.03917062e-03
5.12000000e+02,1.05708906e+02,-2.16763408e-03,-5.96191756e-04,-1.09559333e-05,-1.03022800e-02,-6.52146664e-03,9.06315102e+01,-9.67231869e-04,-1.10379324e-03,1.50773958e+01,-1.20040221e-03,5.07601488e-04,-3.03146358e-12,-9.88451018e-03,-5.49777014e-03,-1.09559303e-05,-4.17769801e-04,-1.02369651e-03
5.13000000e+02,1.05662565e+02,-1.76084007e-03,-8.04995257e-04,-1.07831462e-05,-9.82349949e-03,-7.05680689e-03,9.05876856e+01,-6.36462079e-04,-1.15248232e-03,1.50748796e+01,-1.12437799e-03,3.47487059e-04,-3.04148368e-12,-9.55881592e-03,-6.07591829e-03,-1.07831432e-05,-2.64683562e-04,-9.80888595e-04
5.14000000e+02,1.05614626e+02,-1.43831259e-03,-1.11938746e-03,-1.06136473e-05,-9.21129186e-03,-7.49761680e-03,9.05424363e+01,-3.39304016e-04,-1.25546044e-03,1.50721892e+01,-1.09900857e-03,1.36072976e-04,-3.08540188e-12,-9.10879962e-03,-6.56428099e-03,-1.06136442e-05,-1.02492246e-04,-9.33335808e-04
5.15000000e+02,1.05567465e+02,-9.14997514e-04,-1.26308966e-03,-1.04463072e-05,-8.52052037e-03,-7.79203346e-03,9.04977015e+01,7.47890731e-05,-1.23127627e-03,1.50697637e+01,-9.89786587e-04,-3.18133920e-05,-3.07810702e-12,-8.57472912e-03,-6.93073101e-03,-1.04463041e-05,5.42087562e-05,-8.61302452e-04
5.16000000e+02,1.05518918e+02,-5.92146533e-04,-1.58347418e-03,-1.02802425e-05,-7.71559731e-03,-7.99548686e-03,9.04517523e+01,3.42904066e-04,-1.33633617e-03,1.50671661e+01,-9.35050599e-04,-2.47138008e-04,-3.08928089e-12,-7.93153075e-03,-7.20833526e-03,-1.02802394e-05,2.15933440e-04,-7.87151603e-04
5.17000000e+02,1.05471283e+02,-7.58076793e-05,-1.69077902e-03,-1.01152933e-05,-6.87004484e-03,-8.04558907e-03,9.04064487e+01,7.19516168e-04,-1.28116942e-03,1.50648346e+01,-7.95323847e-04,-4.09609599e-04,-3.11889830e-12,-7.23733718e-03,-7.35467930e-03,-1.01152902e-05,3.67292341e-04,-6.90909769e-04
5.18000000e+02,1.05422451e+02,3.40051424e-04,-1.90047724e-03,-9.95075630e-06,-5.95504478e-03,-7.98868413e-03,9.03601242e+01,1.05069774e-03,-1.28939679e-03,1.50623272e+01,-7.10646311e-04,-6.11080452e-04,-3.15964163e-12,-6.47401861e-03,-7.39319834e-03,-9.95075314e-06,5.18973836e-04,-5.95485790e-04
5.19000000e+02,1.05374747e+02,9.42206826e-04,-1.93154629e-03,-9.78632383e-06,-5.02571169e-03,-7.78261537e-03,9.03146663e+01,1.49438499e-03,-1.17090507e-03,1.50600803e+01,-5.52178164e-04,-7.60641221e-04,-3.20981775e-12,-5.68320092e-03,-7.30012562e-03,-9.78632062e-06,6.57489233e-04,-4.82489756e-04
5.20000000e+02,1.05325982e+02,1.32497228e-03,-2.10952494e-03,-9.62153246e-06,-4.04810817e-03,-7.49375537e-03,9.02683295e+01,1.77871048e-03,-1.16139620e-03,1.50576530e+01,-4.53738200e-04,-9.48128746e-04,-3.27540440e-12,-4.84170703e-03,-7.11984606e-03,-9.62152918e-06,7.93598863e-04,-3.73909310e-04
5.21000000e+02,1.05278409e+02,1.88418994e-03,-2.09869407e-03,-9.45676908e-06,-3.08632523e-03,-7.06758754e-03,9.02229236e+01,2.16443332e-03,-1.02254368e-03,1.50554853e+01,-2.80243384e-04,-1.07615039e-03,-3.33162802e-12,-3.99921298e-03,-6.81712283e-03,-9.45676575e-06,9.12887745e-04,-2.50464709e-04
5.22000000e+02,1.05229823e+02,2.32500230e-03,-2.18985733e-03,-9.29150956e-06,-2.11365417e-03,-6.55801366e-03,9.01766898e+01,2.49328139e-03,-9.56513739e-04,1.50531329e+01,-1.68279096e-04,-1.23334359e-03,-3.37154967e-12,-3.13992202e-03,-6.42344273e-03,-9.29150619e-06,1.02626785e-03,-1.34570929e-04
5.23000000e+02,1.05182492e+02,2.94099063e-03,-2.12119018e-03,-9.12555702e-06,-1.17856371e-03,-5.92931736e-03,9.01314556e+01,2.93255673e-03,-7.86242388e-04,1.50510361e+01,8.43390041e-06,-1.33494779e-03,-3.40541474e-12,-2.30030628e-03,-5.92139068e-03,-9.12555362e-06,1.12174257e-03,-7.92667982e-06
5.24000000e+02,1.05134080e+02,3.32145129e-03,-2.21863917e-03,-8.95889660e-06,-2.46035150e-04,-5.25417659e-03,9.00853333e+01,3.20362136e-03,-7.52423569e-04,1.50487465e+01,1.17829929e-04,-1.46621560e-03,-3.45689516e-12,-1.45615048e-03,-5.36199742e-03,-8.95889314e-06,1.21011533e-03,1.07820828e-04
5.25000000e+02,1.05086834e+02,3.84695550e-03,-2.15231961e-03,-8.79194439e-06,6.26816220e-04,-4.48670513e-03,9.00401172e+01,3.55208514e-03,-6.15349690e-04,1.50467164e+01,2.94870356e-04,-1.53696992e-03,-3.48313611e-12,-6.51775924e-04,-4.71893830e-03,-8.79194091e-06,1.27859214e-03,2.32233171e-04
5.26000000e+02,1.05038515e+02,4.24963624e-03,-2.22286773e-03,-8.62419672e-06,1.46884246e-03,-3.68284135e-03,8.99940164e+01,3.84630656e-03,-5.93027153e-04,1.50444990e+01,4.03329679e-04,-1.62984057e-03,-3.54686520e-12,1.30796611e-04,-4.02593079e-03,-8.62419318e-06,1.33804585e-03,3.43089439e-04
5.27000000e+02,1.04991374e+02,4.77903799e-03,-2.12484202e-03,-8.45577818e-06,2.22924661e-03,-2.81723619e-03,8.99488395e+01,4.21040835e-03,-4.57037919e-04,1.50425348e+01,5.68629637e-04,-1.66780410e-03,-3.59774705e-12,8.51105080e-04,-3.27626585e-03,-8.45577458e-06,1.37814153e-03,4.59029659e-04
5.28000000e+02,1.04943045e+02,5.04861383e-03,-2.23891916e-03,-8.28671710e-06,2.95264882e-03,-1.96217169e-03,8.99026694e+01,4.38653903e-03,-5.07499382e-04,1.50403754e+01,6.62074804e-04,-1.73141978e-03,-3.62074155e-12,1.54281257e-03,-2.52136190e-03,-8.28671348e-06,1.40983625e-03,5.59190209e-04
5.29000000e+02,1.04895774e+02,5.44630256e-03,-2.20878733e-03,-8.11767068e-06,3.58230404e-03,-1.07125866e-03,8.98572982e+01,4.63112450e-03,-4.73430741e-04,1.50384754e+01,8.15178061e-04,-1.73535659e-03,-3.64885333e-12,2.16075664e-03,-1.73441833e-03,-8.11766703e-06,1.42154740e-03,6.63159676e-04
5.30000000e+02,1.04847326e+02,5.66501631e-03,-2.29509163e-03,-7.94816105e-06,4.14291134e-03,-2.06361221e-04,8.98109434e+01,4.76904910e-03,-5.35504509e-04,1.50363830e+01,8.95967209e-04,-1.75958712e-03,-3.70414724e-12,2.71816260e-03,-9.56016081e-04,-7.94815735e-06,1.42474875e-03,7.49654860e-04
5.31000000e+02,1.04799963e+02,5.99161543e-03,-2.20952808e-03,-7.77844499e-06,4.59041648e-03,6.66142920e-04,8.97654151e+01,4.96220684e-03,-4.76959010e-04,1.50345478e+01,1.02940859e-03,-1.73256907e-03,-3.75826062e-12,3.18000188e-03,-1.71648080e-04,-7.77844123e-06,1.41041461e-03,8.37791000e-04
5.32000000e+02,1.04751382e+02,6.04793940e-03,-2.32102529e-03,-7.60855472e-06,4.96965963e-03,1.47580939e-03,8.97188622e+01,4.95873553e-03,-5.89617881e-04,1.50325198e+01,1.08920387e-03,-1.73140741e-03,-3.81331871e-12,3.57992436e-03,5.68458995e-04,-7.60855091e-06,1.38973528e-03,9.07350391e-04
5.33000000e+02,1.04703861e+02,6.21535415e-03,-2.27302035e-03,-7.43883640e-06,5.22889279e-03,2.27135366e-03,8.96731060e+01,5.01327451e-03,-5.96926117e-04,1.50307547e+01,1.20207964e-03,-1.67609423e-03,-3.89408359e-12,3.87632728e-03,1.29368286e-03,-7.43883251e-06,1.35256551e-03,9.77670796e-04
5.34000000e+02,1.04655204e+02,6.19920410e-03,-2.30939651e-03,-7.26897746e-06,5.39759891e-03,2.99563120e-03,8.96264050e+01,4.95536408e-03,-6.66586773e-04,1.50287994e+01,1.24384002e-03,-1.64280974e-03,-3.95464897e-12,4.08773018e-03,1.96658133e-03,-7.26897351e-06,1.30986873e-03,1.02904986e-03
5.35000000e+02,1.04607701e+02,6.31396668e-03,-2.16817838e-03,-7.09916091e-06,5.43646516e-03,3.69111968e-03,8.95805964e+01,4.98118501e-03,-6.02800711e-04,1.50271044e+01,1.33278167e-03,-1.56537767e-03,-3.99876850e-12,4.18182339e-03,2.61121236e-03,-7.09915691e-06,1.25464177e-03,1.07990732e-03
5.36000000e+02,1.04559068e+02,6.16341938e-03,-2.20205221e-03,-6.92924905e-06,5.40158602e-03,4.28918729e-03,8.95338498e+01,4.81466254e-03,-6.83741068e-04,1.50252178e+01,1.34875684e-03,-1.51831114e-03,-4.04319832e-12,4.20393785e-03,3.17790686e-03,-6.92924501e-06,1.19764816e-03,1.11128043e-03
5.37000000e+02,1.04511618e+02,6.13725217e-03,-2.06120031e-03,-6.75955544e-06,5.24699552e-03,4.84555200e-03,8.94880217e+01,4.72043440e-03,-6.37050634e-04,1.50235963e+01,1.41681777e-03,-1.42414967e-03,-4.11191760e-12,4.11741085e-03,3.70251160e-03,-6.75955133e-06,1.12958467e-03,1.14304040e-03
5.38000000e+02,1.04463155e+02,6.00162437e-03,-2.00633443e-03,-6.58965526e-06,5.00969277e-03,5.32009796e-03,8.94413690e+01,4.58866151e-03,-6.48211072e-04,1.50217860e+01,1.41296285e-03,-1.35812336e-03,-4.16229015e-12,3.94804260e-03,4.16464460e-03,-6.58965109e-06,1.06165016e-03,1.15545336e-03
5.39000000e+02,1.04415994e+02,5.99780544e-03,-1.78266530e-03,-6.41968927e-06,4.65995136e-03,5.74742937e-03,8.93957550e+01,4.54156557e-03,-5.26895275e-04,1.50202386e+01,1.45623988e-03,-1.25577003e-03,-4.18989450e-12,3.67342644e-03,4.57942475e-03,-6.41968508e-06,9.86524924e-04,1.16800462e-03
5.40000000e+02,1.04367859e+02,5.76328515e-03,-1.73389116e-03,-6.24950127e-06,4.25239399e-03,6.07360729e-03,8.93493571e+01,4.33449247e-03,-5.44818465e-04,1.50185022e+01,1.42879267e-03,-1.18907269e-03,-4.20804328e-12,3.33732055e-03,4.91197593e-03,-6.24949706e-06,9.15073442e-04,1.16163136e-03
5.41000000e+02,1.04321056e+02,5.71292255e-03,-1.53381150e-03,-6.07969476e-06,3.74989453e-03,6.35496406e-03,8.93040237e+01,4.26138570e-03,-4.51379687e-04,1.50170325e+01,1.45153686e-03,-1.08243182e-03,-4.24739715e-12,2.91184738e-03,5.19852115e-03,-6.07969051e-06,8.38047151e-04,1.15644291e-03
5.42000000e+02,1.04273415e+02,5.54038532e-03,-1.39902426e-03,-5.90992328e-06,3.18798212e-03,6.54774412e-03,8.92580403e+01,4.13408627e-03,-3.89203405e-04,1.50153747e+01,1.40629905e-03,-1.00982086e-03,-4.27131853e-12,2.42148281e-03,5.41382810e-03,-5.90991901e-06,7.66499310e-04,1.13391602e-03
5.43000000e+02,1.04227227e+02,5.52038093e-03,-1.12474174e-03,-5.74060285e-06,2.54655770e-03,6.69637941e-03,8.92132490e+01,4.11221739e-03,-2.16220932e-04,1.50139781e+01,1.40816354e-03,-9.08520809e-04,-4.27988057e-12,1.85303200e-03,5.58358044e-03,-5.74059857e-06,6.93525700e-04,1.11279897e-03
5.44000000e+02,1.04180181e+02,5.33208348e-03,-1.03243410e-03,-5.57179661e-06,1.88500032e-03,6.75922702e-03,8.91677922e+01,3.98902746e-03,-1.84907020e-04,1.50123885e+01,1.34305603e-03,-8.47527081e-04,-4.26724791e-12,1.25621224e-03,5.68387871e-03,-5.57179235e-06,6.28788078e-04,1.07534831e-03
5.45000000e+02,1.04134570e+02,5.32266022e-03,-8.08730219e-04,-5.40401387e-06,1.17007800e-03,6.78321089e-03,8.91235101e+01,3.99482917e-03,-5.45020486e-05,1.50110603e+01,1.32783104e-03,-7.54228171e-04,-4.23108714e-12,6.06282493e-04,5.74211385e-03,-5.40400964e-06,5.63795508e-04,1.04109704e-03
5.46000000e+02,1.04088162e+02,5.19350186e-03,-6.58118778e-04,-5.23696830e-06,4.40313590e-04,6.73463437e-03,8.90786228e+01,3.94235554e-03,4.11513502e-05,1.50095394e+01,1.25114632e-03,-6.99270128e-04,-4.21419094e-12,-6.83694666e-05,5.74154103e-03,-5.23696408e-06,5.08683057e-04,9.93093337e-04
5.47000000e+02,1.04043195e+02,5.25941907e-03,-3.90768068e-04,-5.07109205e-06,-3.16464155e-04,6.66150101e-03,8.90349185e+01,4.03481595e-03,2.30493960e-04,1.50082762e+01,1.22460312e-03,-6.21262029e-04,-4.14823132e-12,-7.73164832e-04,5.71149316e-03,-5.07108790e-06,4.56700678e-04,9.50007851e-04
5.48000000e+02,1.03997319e+02,5.18119071e-03,-3.19867826e-04,-4.90609515e-06,-1.03408636e-03,6.52592735e-03,8.89905012e+01,4.04475231e-03,2.68837218e-04,1.50068177e+01,1.13643841e-03,-5.88705044e-04,-4.07741184e-12,-1.45081425e-03,5.63124836e-03,-4.90609107e-06,4.16727888e-04,8.94678990e-04
5.49000000e+02,1.03952777e+02,5.26658647e-03,-1.97758164e-04,-4.74255586e-06,-1.73201043e-03,6.36787631e-03,8.89471578e+01,4.16273470e-03,3.29226065e-04,1.50056188e+01,1.10385176e-03,-5.26984228e-04,-4.01950148e-12,-2.11077555e-03,5.52131167e-03,-4.74255184e-06,3.78765117e-04,8.46564640e-04
5.50000000e+02,1.03907308e+02,5.28208575e-03,-1.56084774e-04,-4.58007509e-06,-2.39460393e-03,6.15935012e-03,8.89030819e+01,4.26808614e-03,3.48471467e-04,1.50042260e+01,1.01399961e-03,-5.04556241e-04,-3.98105528e-12,-2.74788022e-03,5.37168795e-03,-4.58007111e-06,3.53276286e-04,7.87662176e-04
5.51000000e+02,1.03863124e+02,5.47978229e-03,-1.56908089e-06,-4.41909599e-06,-3.03280840e-03,5.92974778e-03,8.88600346e+01,4.50425534e-03,4.62979449e-04,1.50030897e+01,9.75526948e-04,-4.64548530e-04,-3.93051081e-12,-3.36612577e-03,5.19283258e-03,-4.41909206e-06,3.33317365e-04,7.36915198e-04
5.52000000e+02,1.03817872e+02,5.46293984e-03,-6.80394556e-05,-4.25946076e-06,-3.58295650e-03,5.62857367e-03,8.88161134e+01,4.58028354e-03,4.02503031e-04,1.50017589e+01,8.82656298e-04,-4.70542486e-04,-3.88098037e-12,-3.91004191e-03,4.95076091e-03,-4.25945688e-06,3.27085411e-04,6.77812762e-04
5.53000000e+02,1.03773791e+02,5.60136442e-03,-1.07283865e-04,-4.10180581e-06,-4.06897571e-03,5.29994868e-03,8.87731043e+01,4.75476964e-03,3.46890344e-04,1.50006862e+01,8.46594780e-04,-4.54174210e-04,-3.83831971e-12,-4.39582298e-03,4.67119192e-03,-4.10180197e-06,3.26847268e-04,6.28756763e-04
5.54000000e+02,1.03728597e+02,5.60233340e-03,-2.30911059e-04,-3.94570914e-06,-4.46681888e-03,4.90486751e-03,8.87291763e+01,4.84386660e-03,2.44428923e-04,1.49994205e+01,7.58466796e-04,-4.75339983e-04,-3.80012177e-12,-4.80537030e-03,4.33179733e-03,-3.94570534e-06,3.38551424e-04,5.73070182e-04
5.55000000e+02,1.03684536e+02,5.72561588e-03,-2.64571816e-04,-3.79171307e-06,-4.79856505e-03,4.48848640e-03,8.86861231e+01,4.99916329e-03,2.16215005e-04,1.49984128e+01,7.26452587e-04,-4.80786822e-04,-3.76495480e-12,-5.15478773e-03,3.95890322e-03,-3.79170931e-06,3.56222677e-04,5.29583185e-04
5.56000000e+02,1.03639276e+02,5.62369457e-03,-5.31500738e-04,-3.63966485e-06,-5.01641760e-03,4.00444727e-03,8.86420640e+01,4.97712522e-03,-1.97912755e-07,1.49972116e+01,6.46569351e-04,-5.31302826e-04,-3.75593952e-12,-5.40319987e-03,3.52293125e-03,-3.63966109e-06,3.86782267e-04,4.81516021e-04
5.57000000e+02,1.03595064e+02,5.63963195e-03,-7.57740844e-04,-3.49035955e-06,-5.15610333e-03,3.49735079e-03,8.85987922e+01,5.01598674e-03,-2.02407211e-04,1.49962714e+01,6.23645208e-04,-5.55333634e-04,-3.77824226e-12,-5.57719321e-03,3.05075492e-03,-3.49035577e-06,4.21089887e-04,4.46595868e-04
5.58000000e+02,1.03549649e+02,5.45084670e-03,-1.02136538e-03,-3.34329840e-06,-5.21135545e-03,2.93395895e-03,8.85545104e+01,4.89283679e-03,-4.04569294e-04,1.49951381e+01,5.58009913e-04,-6.16796084e-04,-3.80551102e-12,-5.67743848e-03,2.52422420e-03,-3.34329459e-06,4.66083036e-04,4.09734758e-04
5.59000000e+02,1.03505283e+02,5.41524774e-03,-1.17641143e-03,-3.19914640e-06,-5.20526379e-03,2.38239655e-03,8.85110174e+01,4.86518551e-03,-5.17078994e-04,1.49942657e+01,5.50062235e-04,-6.59332437e-04,-3.83585517e-12,-5.71981485e-03,1.99516823e-03,-3.19914256e-06,5.14551060e-04,3.87228323e-04
5.60000000e+02,1.03459667e+02,5.15432488e-03,-1.52680189e-03,-3.05772120e-06,-5.09703500e-03,1.78429139e-03,8.84664654e+01,4.65915734e-03,-7.82771813e-04,1.49932015e+01,4.95167540e-04,-7.44030080e-04,-3.87036993e-12,-5.67140481e-03,1.42228353e-03,-3.05771733e-06,5.74369814e-04,3.62007863e-04
5.61000000e+02,1.03415080e+02,4.95431339e-03,-1.80299102e-03,-2.91993108e-06,-4.90790061e-03,1.17579554e-03,8.84226781e+01,4.45121138e-03,-1.00451849e-03,1.49924018e+01,5.03102009e-04,-7.98472524e-04,-3.94336027e-12,-5.54160266e-03,8.22768840e-04,-2.91992714e-06,6.33702048e-04,3.53026695e-04
5.62000000e+02,1.03369299e+02,4.57346252e-03,-2.09799082e-03,-2.78523342e-06,-4.64286591e-03,5.37040544e-04,8.83778881e+01,4.10456226e-03,-1.20818558e-03,1.49914108e+01,4.68900254e-04,-8.89805242e-04,-4.00845059e-12,-5.34572831e-03,1.94547791e-04,-2.78522941e-06,7.02862397e-04,3.42492752e-04
5.63000000e+02,1.03324611e+02,4.33084726e-03,-2.33764866e-03,-2.65423668e-06,-4.29469080e-03,-7.87095457e-05,8.83339278e+01,3.83914190e-03,-1.38047420e-03,1.49906835e+01,4.91705359e-04,-9.57174462e-04,-4.06288871e-12,-5.06550737e-03,-4.25812904e-04,-2.65423262e-06,7.70816563e-04,3.47103359e-04
5.64000000e+02,1.03278732e+02,3.82100300e-03,-2.75077556e-03,-2.52672345e-06,-3.86406093e-03,-7.28868842e-04,8.82889655e+01,3.34708640e-03,-1.69048482e-03,1.49897663e+01,4.73916595e-04,-1.06029074e-03,-4.11992058e-12,-4.70949950e-03,-1.08038084e-03,-2.52671933e-06,8.45438562e-04,3.51511997e-04
5.65000000e+02,1.03233961e+02,3.46999786e-03,-3.02212040e-03,-2.40330697e-06,-3.41151774e-03,-1.31336965e-03,8.82448456e+01,2.95612322e-03,-1.89249740e-03,1.49891156e+01,5.13874647e-04,-1.12962300e-03,-4.18783701e-12,-4.32675184e-03,-1.68394830e-03,-2.40330278e-06,9.15234093e-04,3.70578656e-04
5.66000000e+02,1.03188090e+02,2.95554932e-03,-3.24454768e-03,-2.28332529e-06,-2.96004402e-03,-1.88607098e-03,8.81998159e+01,2.43991247e-03,-2.01963322e-03,1.49882740e+01,5.15636847e-04,-1.22491446e-03,-4.28187568e-12,-3.94761966e-03,-2.27605840e-03,-2.28332101e-06,9.87575632e-04,3.89987418e-04
5.67000000e+02,1.03143413e+02,2.66012226e-03,-3.26748223e-03,-2.16743701e-06,-2.55088463e-03,-2.33870935e-03,8.81557156e+01,2.08762851e-03,-1.97423886e-03,1.49876970e+01,5.72493750e-04,-1.29324337e-03,-4.32178358e-12,-3.60534670e-03,-2.76199864e-03,-2.16743269e-06,1.05446206e-03,4.23289293e-04
5.68000000e+02,1.03097648e+02,2.23231293e-03,-3.31955595e-03,-2.05524192e-06,-2.18009716e-03,-2.72092792e-03,8.81107181e+01,1.64483197e-03,-1.92960596e-03,1.49869303e+01,5.87480957e-04,-1.38994999e-03,-4.36886288e-12,-3.30331255e-03,-3.17595023e-03,-2.05523755e-06,1.12321539e-03,4.55022306e-04
5.69000000e+02,1.03053097e+02,2.05663103e-03,-3.12265343e-03,-1.94762343e-06,-1.89431032e-03,-2.95283584e-03,8.80666676e+01,1.40048713e-03,-1.67152544e-03,1.49864293e+01,6.56143902e-04,-1.45112800e-03,-4.40928421e-12,-3.07904027e-03,-3.45142271e-03,-1.94761902e-06,1.18472996e-03,4.98586876e-04
5.70000000e+02,1.03007533e+02,1.75186155e-03,-2.80872969e-03,-1.84383834e-06,-1.67720634e-03,-3.12831844e-03,8.80217977e+01,1.06861349e-03,-1.27009647e-03,1.49857357e+01,6.83248054e-04,-1.53863322e-03,-4.44198447e-12,-2.92593844e-03,-3.66730689e-03,-1.84383390e-06,1.24873211e-03,5.38988445e-04
5.71000000e+02,1.02963213e+02,1.71054669e-03,-2.34142528e-03,-1.74445402e-06,-1.49088017e-03,-3.16658498e-03,8.79779096e+01,9.55033435e-04,-7.42498433e-04,1.49853037e+01,7.55513252e-04,-1.59892685e-03,-4.48188491e-12,-2.79758663e-03,-3.75238795e-03,-1.74444954e-06,1.30670646e-03,5.85802973e-04
5.72000000e+02,1.02917864e+02,1.39622297e-03,-2.00203272e-03,-1.64898374e-06,-1.28955462e-03,-3.24474148e-03,8.79331862e+01,6.13270856e-04,-3.17715421e-04,1.49846778e+01,7.82952109e-04,-1.68431730e-03,-4.55476136e-12,-2.65397408e-03,-3.87216331e-03,-1.64897919e-06,1.36441946e-03,6.27421829e-04
5.73000000e+02,1.02873775e+02,1.20525598e-03,-1.52950262e-03,-1.55801707e-06,-1.11612235e-03,-3.27785231e-03,8.78894612e+01,3.51514210e-04,2.06634019e-04,1.49843139e+01,8.53741773e-04,-1.73613664e-03,-4.64109401e-12,-2.53104995e-03,-3.95108370e-03,-1.55801243e-06,1.41492759e-03,6.73231394e-04
5.74000000e+02,1.02828703e+02,6.73753779e-04,-1.13811513e-03,-1.47073495e-06,-8.94333960e-04,-3.43834658e-03,8.78449484e+01,-2.06300291e-04,6.68180785e-04,1.49837550e+01,8.80054071e-04,-1.80629591e-03,-4.70872317e-12,-2.35767677e-03,-4.15084102e-03,-1.47073024e-06,1.46334281e-03,7.12494438e-04
5.75000000e+02,1.02784895e+02,1.98846267e-04,-6.98081014e-04,-1.38748768e-06,-6.40826110e-04,-3.63461216e-03,8.78014379e+01,-7.49981063e-04,1.14975932e-03,1.49834569e+01,9.48827330e-04,-1.84784034e-03,-4.77958981e-12,-2.14460269e-03,-4.39123201e-03,-1.38748290e-06,1.50377658e-03,7.56619845e-04
5.76000000e+02,1.02740077e+02,-6.54261184e-04,-5.51681369e-04,-1.30764767e-06,-2.74583351e-04,-3.96408022e-03,8.77571121e+01,-1.62480839e-03,1.35627649e-03,1.49829650e+01,9.70547206e-04,-1.90795786e-03,-4.86290391e-12,-1.81488466e-03,-4.75677554e-03,-1.30764281e-06,1.54030131e-03,7.92695316e-04
5.77000000e+02,1.02696515e+02,-1.52235773e-03,-4.33864407e-04,-1.23160050e-06,1.74938208e-04,-4.38112251e-03,8.77137775e+01,-2.56077334e-03,1.50224838e-03,1.49827376e+01,1.03841561e-03,-1.93611279e-03,-4.94768510e-12,-1.39500543e-03,-5.21586637e-03,-1.23159555e-06,1.56994364e-03,8.34743867e-04
5.78000000e+02,1.02651976e+02,-2.73217918e-03,-6.60274067e-04,-1.15848248e-06,8.43299367e-04,-4.96371013e-03,8.76696605e+01,-3.78644294e-03,1.31883066e-03,1.49823159e+01,1.05426375e-03,-1.97910473e-03,-5.01976861e-12,-7.52915374e-04,-5.82843208e-03,-1.15847746e-06,1.59621474e-03,8.64721955e-04
5.79000000e+02,1.02608712e+02,-4.07816438e-03,-1.13835934e-03,-1.08858654e-06,1.75400961e-03,-5.73637204e-03,8.76265575e+01,-5.19034195e-03,8.54219012e-04,1.49821549e+01,1.11217757e-03,-1.99257835e-03,-5.08814849e-12,1.40066664e-04,-6.63467010e-03,-1.08858145e-06,1.61394294e-03,8.98298055e-04
5.80000000e+02,1.02564439e+02,-5.94338613e-03,-2.15739156e-03,-1.02117128e-06,2.96267430e-03,-6.80087495e-03,8.75826418e+01,-7.06197745e-03,-1.29450700e-04,1.49817977e+01,1.11859132e-03,-2.02794086e-03,-5.15462466e-12,1.33282137e-03,-7.72082974e-03,-1.02116612e-06,1.62985293e-03,9.19954786e-04
5.81000000e+02,1.02521433e+02,-8.08976853e-03,-3.56798452e-03,-9.56533751e-07,4.48456224e-03,-8.17903888e-03,8.75397333e+01,-9.25500108e-03,-1.54535053e-03,1.49816997e+01,1.16523255e-03,-2.02263399e-03,-5.22291458e-12,2.85171598e-03,-9.12222893e-03,-9.56528528e-07,1.63284626e-03,9.43190043e-04
5.82000000e+02,1.02477464e+02,-1.08799892e-02,-5.40455195e-03,-8.93609096e-07,6.27903920e-03,-9.97534688e-03,8.74960635e+01,-1.20382808e-02,-3.37284971e-03,1.49814002e+01,1.15829160e-03,-2.03170223e-03,-5.27042703e-12,4.64696270e-03,-1.09275715e-02,-8.93603826e-07,1.63207650e-03,9.52224612e-04
5.83000000e+02,1.02434782e+02,-1.41098890e-02,-7.51257595e-03,-8.32653365e-07,8.29821553e-03,-1.22360349e-02,8.74534296e+01,-1.53025320e-02,-5.50414157e-03,1.49813522e+01,1.19264300e-03,-2.00843438e-03,-5.27339705e-12,6.67876908e-03,-1.31998499e-02,-8.32648091e-07,1.61944646e-03,9.63815016e-04
5.84000000e+02,1.02391125e+02,-1.81148993e-02,-1.00717202e-02,-7.72898311e-07,1.05070124e-02,-1.50200986e-02,8.74100205e+01,-1.92883058e-02,-8.07196344e-03,1.49811047e+01,1.17340649e-03,-1.99975672e-03,-5.30746860e-12,8.90622464e-03,-1.59823232e-02,-7.72893003e-07,1.60078771e-03,9.62224638e-04
5.85000000e+02,1.02348782e+02,-2.26522425e-02,-1.26663868e-02,-7.14430592e-07,1.27367841e-02,-1.83252675e-02,8.73676799e+01,-2.38457831e-02,-1.07147877e-02,1.49811018e+01,1.19354063e-03,-1.95159909e-03,-5.36688015e-12,1.11672906e-02,-1.92874206e-02,-7.14425225e-07,1.56949352e-03,9.62153172e-04
5.86000000e+02,1.02305516e+02,-2.79890641e-02,-1.53095739e-02,-6.56440460e-07,1.49267693e-02,-2.21867224e-02,8.73246158e+01,-2.91581360e-02,-1.33925175e-02,1.49808998e+01,1.16907186e-03,-1.91705647e-03,-5.40334374e-12,1.33936962e-02,-2.31407595e-02,-6.56435057e-07,1.53307313e-03,9.54037187e-04
5.87000000e+02,1.02263583e+02,-3.36785302e-02,-1.77933321e-02,-5.98981868e-07,1.69833749e-02,-2.64500066e-02,8.72826335e+01,-3.48686887e-02,-1.59419255e-02,1.49809497e+01,1.19015850e-03,-1.85140660e-03,-5.39939202e-12,1.54980244e-02,-2.74022123e-02,-5.98976468e-07,1.48535045e-03,9.52205664e-04
5.88000000e+02,1.02220736e+02,-3.99379764e-02,-2.02304792e-02,-5.41309957e-07,1.88248534e-02,-3.10972084e-02,8.72399346e+01,-4.11021306e-02,-1.84285761e-02,1.49808018e+01,1.16415418e-03,-1.80190309e-03,-5.38227849e-12,1.73899501e-02,-3.20398191e-02,-5.41304575e-07,1.43490322e-03,9.42610663e-04
5.89000000e+02,1.02179229e+02,-4.63467796e-02,-2.22901127e-02,-4.83560399e-07,2.03645530e-02,-3.59672589e-02,8.71983251e+01,-4.75287708e-02,-2.05716239e-02,1.49809043e+01,1.18199114e-03,-1.71848876e-03,-5.38415155e-12,1.89897577e-02,-3.69056134e-02,-4.83555014e-07,1.37479535e-03,9.38354473e-04
5.90000000e+02,1.02136809e+02,-5.30654225e-02,-2.39719663e-02,-4.24982831e-07,2.15336186e-02,-4.10133562e-02,8.71559937e+01,-5.42251289e-02,-2.23200847e-02,1.49808151e+01,1.15970634e-03,-1.65188160e-03,-5.40634398e-12,2.02201991e-02,-4.19435141e-02,-4.24977425e-07,1.31341950e-03,9.30157906e-04
5.91000000e+02,1.02095726e+02,-5.95586983e-02,-2.51477224e-02,-3.65767275e-07,2.23006212e-02,-4.60118915e-02,8.71147391e+01,-6.07424908e-02,-2.35795312e-02,1.49809865e+01,1.18379259e-03,-1.56819121e-03,-5.43850668e-12,2.10507285e-02,-4.69417659e-02,-3.65761837e-07,1.24989274e-03,9.29874383e-04
5.92000000e+02,1.02053686e+02,-6.60016130e-02,-2.60685509e-02,-3.05308515e-07,2.26987354e-02,-5.09044493e-02,8.70727177e+01,-6.71632844e-02,-2.45669511e-02,1.49809686e+01,1.16167142e-03,-1.50159976e-03,-5.50648551e-12,2.15111394e-02,-5.18268834e-02,-3.05303008e-07,1.18759607e-03,9.22434009e-04
5.93000000e+02,1.02012920e+02,-7.19908372e-02,-2.64106189e-02,-2.43961678e-07,2.26725196e-02,-5.55394324e-02,8.70317115e+01,-7.31762040e-02,-2.49973096e-02,1.49812088e+01,1.18536687e-03,-1.41330932e-03,-5.59290796e-12,2.15497452e-02,-5.64623372e-02,-2.43956086e-07,1.12277434e-03,9.22904882e-04
5.94000000e+02,1.01971128e+02,-7.76224879e-02,-2.62689809e-02,-1.81115806e-07,2.22066843e-02,-5.98364973e-02,8.69898649e+01,-7.87891914e-02,-2.49199669e-02,1.49812633e+01,1.16670353e-03,-1.34901395e-03,-5.66009770e-12,2.11425331e-02,-6.07535673e-02,-1.81110146e-07,1.06415117e-03,9.17070053e-04
5.95000000e+02,1.01930529e+02,-8.25059256e-02,-2.55933178e-02,-1.17199520e-07,2.13408091e-02,-6.36824496e-02,8.69489469e+01,-8.36951510e-02,-2.43216616e-02,1.49815818e+01,1.18922539e-03,-1.27165623e-03,-5.71185112e-12,2.03341887e-02,-6.45990842e-02,-1.17193808e-07,1.00662045e-03,9.16634562e-04
5.96000000e+02,1.01888796e+02,-8.69369411e-02,-2.46287013e-02,-5.17260018e-08,2.01275961e-02,-6.70997767e-02,8.69070836e+01,-8.81064240e-02,-2.34105096e-02,1.49817126e+01,1.16948291e-03,-1.21819169e-03,-5.75273258e-12,1.91721183e-02,-6.80108528e-02,-5.17202491e-08,9.55477829e-04,9.11076114e-04
5.97000000e+02,1.01848145e+02,-9.04779744e-02,-2.31430086e-02,1.48085892e-08,1.85595995e-02,-6.99328366e-02,8.68660437e+01,-9.16681565e-02,-2.19974229e-02,1.49821011e+01,1.19018207e-03,-1.14558570e-03,-5.81055480e-12,1.76556495e-02,-7.08424728e-02,1.48143998e-08,9.03950019e-04,9.09636246e-04
5.98000000e+02,1.01806239e+02,-9.34646943e-02,-2.12979259e-02,8.28307775e-08,1.66772441e-02,-7.22813778e-02,8.68239365e+01,-9.46304748e-02,-2.01991773e-02,1.49823024e+01,1.16578052e-03,-1.09874851e-03,-5.87432298e-12,1.58167441e-02,-7.31824491e-02,8.28366518e-08,8.60499973e-04,9.01071270e-04
5.99000000e+02,1.01765302e+02,-9.55861765e-02,-1.90321566e-02,1.51728185e-07,1.45169293e-02,-7.40652724e-02,8.67825345e+01,-9.67701715e-02,-1.79888664e-02,1.49827677e+01,1.18399506e-03,-1.04329022e-03,-5.91600338e-12,1.36963548e-02,-7.49625326e-02,1.51734101e-07,8.20574553e-04,8.97260235e-04
6.00000000e+02,1.01723005e+02,-9.71435391e-02,-1.66755382e-02,2.21767415e-07,1.21904350e-02,-7.53626123e-02,8.67399598e+01,-9.82980631e-02,-1.56640212e-02,1.49830451e+01,1.15452401e-03,-1.01151705e-03,-5.94368583e-12,1.14018567e-02,-7.62484950e-02,2.21773359e-07,7.88578272e-04,8.85882691e-04
6.01000000e+02,1.01681582e+02,-9.79281832e-02,-1.40301164e-02,2.92198056e-07,9.72127055e-03,-7.61488443e-02,8.66979994e+01,-9.90953967e-02,-1.30597950e-02,1.49835827e+01,1.16721354e-03,-9.70321421e-04,-5.98330278e-12,8.96031746e-03,-7.70274363e-02,2.92204039e-07,7.60953089e-04,8.78592001e-04
6.02000000e+02,1.01638750e+02,-9.82775721e-02,-1.13623230e-02,3.63199444e-07,7.20631956e-03,-7.65471723e-02,8.66548152e+01,-9.94080366e-02,-1.04138587e-02,1.49839346e+01,1.13046454e-03,-9.48464334e-04,-6.04384712e-12,6.46729133e-03,-7.74091488e-02,3.63205488e-07,7.39028230e-04,8.61976477e-04
6.03000000e+02,1.01596785e+02,-9.80096123e-02,-8.53528561e-03,4.33987997e-07,4.63778430e-03,-7.65720621e-02,8.66122329e+01,-9.91499858e-02,-7.61063132e-03,1.49845522e+01,1.14037349e-03,-9.24654289e-04,-6.09867527e-12,3.91328116e-03,-7.74256535e-02,4.33994096e-07,7.24503135e-04,8.53591407e-04
6.04000000e+02,1.01553430e+02,-9.74322104e-02,-5.88476252e-03,5.04719861e-07,2.14036082e-03,-7.62806169e-02,8.65684445e+01,-9.85347063e-02,-4.96494298e-03,1.49849857e+01,1.10249588e-03,-9.19819532e-04,-6.13402969e-12,1.42483039e-03,-7.71176951e-02,5.04725995e-07,7.15530432e-04,8.37078169e-04
6.05000000e+02,1.01511009e+02,-9.63858016e-02,-3.19705101e-03,5.74490359e-07,-2.95707315e-04,-7.57087147e-02,8.65253264e+01,-9.74921856e-02,-2.28970639e-03,1.49856823e+01,1.10638400e-03,-9.07344628e-04,-6.19600910e-12,-1.00699934e-03,-7.65341254e-02,5.74496555e-07,7.11292023e-04,8.25410786e-04
6.06000000e+02,1.01467307e+02,-9.52206172e-02,-6.50717855e-04,6.43515134e-07,-2.63343155e-03,-7.49767993e-02,8.64811110e+01,-9.62862077e-02,2.61558342e-04,1.49861961e+01,1.06559051e-03,-9.12276197e-04,-6.24466360e-12,-3.34548903e-03,-7.57842128e-02,6.43521379e-07,7.12057482e-04,8.07413492e-04
6.07000000e+02,1.01424670e+02,-9.37193449e-02,1.88523812e-03,7.11010967e-07,-4.87207375e-03,-7.40674390e-02,8.64376913e+01,-9.47880311e-02,2.79945271e-03,1.49869786e+01,1.06868616e-03,-9.14214590e-04,-6.28456900e-12,-5.59087367e-03,-7.48637328e-02,7.11017252e-07,7.18799915e-04,7.96293817e-04
6.08000000e+02,1.01380894e+02,-9.22702629e-02,4.10465224e-03,7.77273687e-07,-6.91766558e-03,-7.30931539e-02,8.63933156e+01,-9.33011843e-02,5.03507543e-03,1.49875783e+01,1.03092142e-03,-9.30423192e-04,-6.31510454e-12,-7.64526906e-03,-7.38753570e-02,7.77280002e-07,7.27603473e-04,7.82203152e-04
6.09000000e+02,1.01338337e+02,-9.05577838e-02,6.30922802e-03,8.41572738e-07,-8.84736022e-03,-7.19735602e-02,8.63498927e+01,-9.15995580e-02,7.25070885e-03,1.49884440e+01,1.04177419e-03,-9.41480830e-04,-6.36319312e-12,-9.59010489e-03,-7.27508882e-02,8.41579101e-07,7.42744667e-04,7.77328070e-04
6.10000000e+02,1.01294808e+02,-8.88970823e-02,8.27179410e-03,9.04291209e-07,-1.05873522e-02,-7.08136199e-02,8.63056801e+01,-8.99075071e-02,9.24072604e-03,1.49891277e+01,1.01042483e-03,-9.68931942e-04,-6.39656185e-12,-1.13493367e-02,-7.15822896e-02,9.04297605e-07,7.61984474e-04,7.68669672e-04
6.11000000e+02,1.01252659e+02,-8.70399098e-02,1.01378137e-02,9.64802760e-07,-1.21514059e-02,-6.95664000e-02,8.62625768e+01,-8.80686423e-02,1.11299547e-02,1.49900825e+01,1.02873249e-03,-9.92140984e-04,-6.39318016e-12,-1.29377736e-02,-7.03367557e-02,9.64809153e-07,7.86367714e-04,7.70355654e-04
6.12000000e+02,1.01209666e+02,-8.52807563e-02,1.16560427e-02,1.02366350e-06,-1.34907535e-02,-6.82804015e-02,8.62188114e+01,-8.62804807e-02,1.26867810e-02,1.49908550e+01,9.99724365e-04,-1.03073829e-03,-6.37660235e-12,-1.43048662e-02,-6.90447634e-02,1.02366987e-06,8.14112649e-04,7.64361875e-04
6.13000000e+02,1.01168154e+02,-8.34761004e-02,1.30609081e-02,1.08029043e-06,-1.46348468e-02,-6.69983814e-02,8.61762609e+01,-8.44975533e-02,1.41215223e-02,1.49918932e+01,1.02145289e-03,-1.06061416e-03,-6.33739937e-12,-1.54797630e-02,-6.77675311e-02,1.08029677e-06,8.44916165e-04,7.69149709e-04
6.14000000e+02,1.01125875e+02,-8.17477883e-02,1.41811793e-02,1.13534634e-06,-1.55561302e-02,-6.57064113e-02,8.61331284e+01,-8.27497094e-02,1.52867704e-02,1.49927469e+01,1.00192110e-03,-1.10559116e-03,-6.29832683e-12,-1.64350794e-02,-6.64773424e-02,1.13535264e-06,8.78949233e-04,7.70931072e-04
6.15000000e+02,1.01085114e+02,-7.98749496e-02,1.51982675e-02,1.18829150e-06,-1.63013802e-02,-6.43365144e-02,8.60912467e+01,-8.09036457e-02,1.63386733e-02,1.49938676e+01,1.02869609e-03,-1.14040582e-03,-6.26639113e-12,-1.72148198e-02,-6.51162080e-02,1.18829777e-06,9.13439582e-04,7.79693630e-04
6.16000000e+02,1.01043607e+02,-7.81571207e-02,1.59219253e-02,1.23980383e-06,-1.68660198e-02,-6.29902782e-02,8.60488073e+01,-7.91653150e-02,1.71148276e-02,1.49948000e+01,1.00819436e-03,-1.19290224e-03,-6.20177664e-12,-1.78181332e-02,-6.37718925e-02,1.23981004e-06,9.52113385e-04,7.81614286e-04
6.17000000e+02,1.01003585e+02,-7.64185834e-02,1.66080685e-02,1.28934291e-06,-1.72966651e-02,-6.16533149e-02,8.60075947e+01,-7.74561459e-02,1.78412999e-02,1.49959904e+01,1.03756245e-03,-1.23323144e-03,-6.14087048e-12,-1.82880828e-02,-6.24462195e-02,1.28934906e-06,9.91417688e-04,7.92904585e-04
6.18000000e+02,1.00962754e+02,-7.47874194e-02,1.70487432e-02,1.33762359e-06,-1.75492110e-02,-6.03132337e-02,8.59657660e+01,-7.58065308e-02,1.83399979e-02,1.49969877e+01,1.01911135e-03,-1.29125463e-03,-6.04888444e-12,-1.85848418e-02,-6.11095723e-02,1.33762964e-06,1.03563080e-03,7.96338619e-04
6.19000000e+02,1.00923330e+02,-7.30631003e-02,1.74254484e-02,1.38407554e-06,-1.76572868e-02,-5.89350178e-02,8.59250854e+01,-7.41113835e-02,1.87611436e-02,1.49982445e+01,1.04828325e-03,-1.33569527e-03,-5.94711366e-12,-1.87342843e-02,-5.97428157e-02,1.38408149e-06,1.07699742e-03,8.07797866e-04
6.20000000e+02,1.00882989e+02,-7.14145902e-02,1.75270302e-02,1.42940593e-06,-1.76050920e-02,-5.75119665e-02,8.58836846e+01,-7.24458629e-02,1.89230150e-02,1.49993047e+01,1.03127270e-03,-1.39598482e-03,-5.86102844e-12,-1.87260774e-02,-5.83253373e-02,1.42941179e-06,1.12098539e-03,8.13370795e-04
6.21000000e+02,1.00843935e+02,-6.96457940e-02,1.75623793e-02,1.47296321e-06,-1.74207552e-02,-5.59976140e-02,8.58433190e+01,-7.07093207e-02,1.89997452e-02,1.50006158e+01,1.06352671e-03,-1.43736588e-03,-5.77791482e-12,-1.85819029e-02,-5.68251175e-02,1.47296898e-06,1.16114770e-03,8.27503526e-04
6.22000000e+02,1.00803849e+02,-6.78401179e-02,1.74292902e-02,1.51545559e-06,-1.71000040e-02,-5.43731522e-02,8.58021195e+01,-6.88901238e-02,1.89245854e-02,1.50017297e+01,1.05000594e-03,-1.49529520e-03,-5.70999611e-12,-1.83045067e-02,-5.52085672e-02,1.51546130e-06,1.20450274e-03,8.35415001e-04
6.23000000e+02,1.00764940e+02,-6.57709064e-02,1.70976643e-02,1.55617602e-06,-1.65528893e-02,-5.25697969e-02,8.57618395e+01,-6.68594135e-02,1.86367019e-02,1.50031005e+01,1.08850712e-03,-1.53903764e-03,-5.64054638e-12,-1.77971180e-02,-5.34232629e-02,1.55618166e-06,1.24422873e-03,8.53466045e-04
6.24000000e+02,1.00724882e+02,-6.35675653e-02,1.63833269e-02,1.59574132e-06,-1.57782596e-02,-5.05613959e-02,8.57206101e+01,-6.46444657e-02,1.79784322e-02,1.50042719e+01,1.07690043e-03,-1.59510530e-03,-5.60185102e-12,-1.70634735e-02,-5.14245985e-02,1.59574692e-06,1.28521384e-03,8.63202652e-04
6.25000000e+02,1.00685902e+02,-6.10686151e-02,1.54590580e-02,1.63340536e-06,-1.47577535e-02,-4.83430977e-02,8.56801993e+01,-6.21853469e-02,1.70893263e-02,1.50057026e+01,1.11673186e-03,-1.63026834e-03,-5.55386475e-12,-1.60769411e-02,-4.92254680e-02,1.63341091e-06,1.31918754e-03,8.82370340e-04
6.26000000e+02,1.00645708e+02,-5.83515523e-02,1.42360038e-02,1.66988485e-06,-1.35212870e-02,-4.58903212e-02,8.56387701e+01,-5.94591834e-02,1.59133274e-02,1.50069380e+01,1.10763117e-03,-1.67732363e-03,-5.49499268e-12,-1.48745627e-02,-4.67829445e-02,1.66989035e-06,1.35327575e-03,8.92623276e-04
6.27000000e+02,1.00606556e+02,-5.52822708e-02,1.27438870e-02,1.70437110e-06,-1.20232274e-02,-4.32143005e-02,8.55981209e+01,-5.64266687e-02,1.44475915e-02,1.50084351e+01,1.14439781e-03,-1.70370455e-03,-5.44003233e-12,-1.34021826e-02,-4.41225384e-02,1.70437654e-06,1.37895522e-03,9.08237883e-04
6.28000000e+02,1.00566156e+02,-5.21448763e-02,1.08589216e-02,1.73742085e-06,-1.02939646e-02,-4.04090697e-02,8.55564162e+01,-5.32749868e-02,1.25996425e-02,1.50097400e+01,1.13011051e-03,-1.74072095e-03,-5.41412237e-12,-1.16984311e-02,-4.13243321e-02,1.73742626e-06,1.40446643e-03,9.15262390e-04
6.29000000e+02,1.00526812e+02,-4.87202671e-02,8.81361611e-03,1.76838504e-06,-8.36576866e-03,-3.74149169e-02,8.55155007e+01,-4.98837182e-02,1.05693059e-02,1.50113114e+01,1.16345111e-03,-1.75568977e-03,-5.39492154e-12,-9.78703237e-03,-3.83430694e-02,1.76839044e-06,1.42126371e-03,9.28152512e-04
6.30000000e+02,1.00486275e+02,-4.52220576e-02,6.47103791e-03,1.79784519e-06,-6.25892387e-03,-3.43171163e-02,8.54735824e+01,-4.63728647e-02,8.24510157e-03,1.50126924e+01,1.15080716e-03,-1.77406366e-03,-5.39466993e-12,-7.69165774e-03,-3.52505316e-02,1.79785058e-06,1.43273388e-03,9.33415334e-04
6.31000000e+02,1.00446847e+02,-4.14846537e-02,4.02495588e-03,1.82506786e-06,-4.03074447e-03,-3.11217513e-02,8.54325077e+01,-4.26627994e-02,5.79975352e-03,1.50143394e+01,1.17814568e-03,-1.77479764e-03,-5.36110244e-12,-5.46791301e-03,-3.20629148e-02,1.82507322e-06,1.43716854e-03,9.41163550e-04
6.32000000e+02,1.00406291e+02,-3.78117323e-02,1.35932653e-03,1.85074328e-06,-1.71276566e-03,-2.79104231e-02,8.53904959e+01,-3.89676884e-02,3.13744495e-03,1.50157956e+01,1.15595608e-03,-1.77811842e-03,-5.34398813e-12,-3.14897478e-03,-2.88510339e-02,1.85074862e-06,1.43620912e-03,9.40610778e-04
6.33000000e+02,1.00366942e+02,-3.40752653e-02,-1.24544520e-03,1.87436576e-06,6.07468940e-04,-2.46814425e-02,8.53494250e+01,-3.52547169e-02,5.23152894e-04,1.50175175e+01,1.17945159e-03,-1.76859810e-03,-5.32491094e-12,-8.23999354e-04,-2.56265531e-02,1.87437108e-06,1.43146829e-03,9.45110643e-04
6.34000000e+02,1.00326578e+02,-3.03771653e-02,-4.04278503e-03,1.89667593e-06,2.98992876e-03,-2.14698686e-02,8.53075309e+01,-3.15362779e-02,-2.28781317e-03,1.50190475e+01,1.15911262e-03,-1.75497186e-03,-5.35417029e-12,1.57318679e-03,-2.24132358e-02,1.89668128e-06,1.41674198e-03,9.43367201e-04
6.35000000e+02,1.00287529e+02,-2.65606960e-02,-6.63302170e-03,1.91711942e-06,5.23485951e-03,-1.82643266e-02,8.52666890e+01,-2.77420222e-02,-4.90337132e-03,1.50208399e+01,1.18132621e-03,-1.72965037e-03,-5.36097133e-12,3.83564337e-03,-1.92109111e-02,1.91712478e-06,1.39921614e-03,9.46584545e-04
6.36000000e+02,1.00247561e+02,-2.29562815e-02,-9.29816315e-03,1.93647017e-06,7.44466762e-03,-1.51505435e-02,8.52251234e+01,-2.41104531e-02,-7.59421569e-03,1.50224376e+01,1.15417159e-03,-1.70394746e-03,-5.34933119e-12,6.07037621e-03,-1.60908768e-02,1.93647552e-06,1.37429141e-03,9.40333274e-04
6.37000000e+02,1.00209028e+02,-1.93923377e-02,-1.16844432e-02,1.95438529e-06,9.46431684e-03,-1.21474556e-02,8.51847327e+01,-2.05603396e-02,-1.00140090e-02,1.50242957e+01,1.16800189e-03,-1.67043428e-03,-5.35275238e-12,8.11464744e-03,-1.30839014e-02,1.95439065e-06,1.34966940e-03,9.36445852e-04
6.38000000e+02,1.00169709e+02,-1.61360644e-02,-1.40974941e-02,1.97166643e-06,1.14242748e-02,-9.37699367e-03,8.51437536e+01,-1.72744988e-02,-1.24598110e-02,1.50259552e+01,1.13843435e-03,-1.63768313e-03,-5.34904372e-12,1.01050594e-02,-1.03025714e-02,1.97167178e-06,1.31921539e-03,9.25577691e-04
6.39000000e+02,1.00131957e+02,-1.29962303e-02,-1.62791855e-02,1.98797067e-06,1.32237397e-02,-6.80662375e-03,8.51040870e+01,-1.41367310e-02,-1.46820285e-02,1.50278702e+01,1.14050073e-03,-1.59715703e-03,-5.38299410e-12,1.19348864e-02,-7.71952246e-03,1.98797605e-06,1.28885329e-03,9.12898717e-04
6.40000000e+02,1.00093540e+02,-1.04495139e-02,-1.84530202e-02,2.00421356e-06,1.49267153e-02,-4.63738674e-03,8.50639577e+01,-1.15459358e-02,-1.68933135e-02,1.50295827e+01,1.09642193e-03,-1.55970664e-03,-5.39764011e-12,1.36718457e-02,-5.52890571e-03,2.00421895e-06,1.25486961e-03,8.91518978e-04
6.41000000e+02,1.00056805e+02,-8.24081576e-03,-2.04369426e-02,2.02007559e-06,1.65153337e-02,-2.82137088e-03,8.50252571e+01,-9.33102089e-03,-1.89209047e-02,1.50315477e+01,1.09020513e-03,-1.51603792e-03,-5.44455347e-12,1.52932142e-02,-3.69233390e-03,2.02008103e-06,1.22211950e-03,8.70963025e-04
6.42000000e+02,1.00019527e+02,-6.62062286e-03,-2.24200948e-02,2.03641909e-06,1.80416694e-02,-1.45947686e-03,8.49862210e+01,-7.65896815e-03,-2.09402409e-02,1.50333063e+01,1.03834529e-03,-1.47985390e-03,-5.49737375e-12,1.68528794e-02,-2.30143743e-03,2.03642459e-06,1.18879004e-03,8.41960571e-04
6.43000000e+02,9.99840425e+01,-5.38630950e-03,-2.42996469e-02,2.05284676e-06,1.95001132e-02,-4.98426287e-04,8.49487279e+01,-6.40973056e-03,-2.28624114e-02,1.50353146e+01,1.02342105e-03,-1.43723548e-03,-5.56040296e-12,1.83435505e-02,-1.31339966e-03,2.05285232e-06,1.15656266e-03,8.14973373e-04
6.44000000e+02,9.99480893e+01,-4.81902122e-03,-2.62066452e-02,2.07025246e-06,2.09067994e-02,-7.51692785e-07,8.49109740e+01,-5.78383059e-03,-2.48050345e-02,1.50371153e+01,9.64809374e-04,-1.40161067e-03,-5.63453000e-12,1.97826894e-02,-7.81748735e-04,2.07025810e-06,1.12411004e-03,7.80997042e-04
6.45000000e+02,9.99139828e+01,-4.59007455e-03,-2.80039956e-02,2.08816220e-06,2.22620514e-02,1.42867613e-04,8.48748167e+01,-5.53842942e-03,-2.66425098e-02,1.50391660e+01,9.48354862e-04,-1.36148578e-03,-5.72712605e-12,2.11684338e-02,-6.08969214e-04,2.08816793e-06,1.09361760e-03,7.51836827e-04
6.46000000e+02,9.98794504e+01,-4.81024725e-03,-2.97916784e-02,2.10720369e-06,2.35467481e-02,-5.53867729e-05,8.48384418e+01,-5.69794932e-03,-2.84629932e-02,1.50410086e+01,8.87702070e-04,-1.32868511e-03,-5.78373240e-12,2.24832940e-02,-7.70274370e-04,2.10720947e-06,1.06345411e-03,7.14887597e-04
6.47000000e+02,9.98467907e+01,-5.26048515e-03,-3.14507351e-02,2.12684550e-06,2.47552877e-02,-5.35073235e-04,8.48036899e+01,-6.12619671e-03,-3.01606983e-02,1.50431008e+01,8.65711561e-04,-1.29003680e-03,-5.82656972e-12,2.37214061e-02,-1.21724841e-03,2.12685133e-06,1.03388165e-03,6.82175172e-04
6.48000000e+02,9.98136699e+01,-6.14186259e-03,-3.30328321e-02,2.14776955e-06,2.58293017e-02,-1.29957306e-03,8.47686851e+01,-6.94443739e-03,-3.17735801e-02,1.50449848e+01,8.02574797e-04,-1.25925197e-03,-5.86076818e-12,2.48246896e-02,-1.94300063e-03,2.14777542e-06,1.00461208e-03,6.43427568e-04
6.49000000e+02,9.97823542e+01,-7.14600356e-03,-3.43816784e-02,2.16939912e-06,2.67458312e-02,-2.26364498e-03,8.47352359e+01,-7.92924109e-03,-3.31644962e-02,1.50471182e+01,7.83237533e-04,-1.21718221e-03,-5.88241806e-12,2.57727961e-02,-2.87559307e-03,2.16940500e-06,9.73035050e-04,6.11948095e-04
6.50000000e+02,9.97504948e+01,-8.42104564e-03,-3.55239430e-02,2.19226826e-06,2.74467613e-02,-3.42099513e-03,8.47014529e+01,-9.13947680e-03,-3.43411768e-02,1.50490419e+01,7.18431161e-04,-1.18276626e-03,-5.87143723e-12,2.65051837e-02,-3.99269350e-03,2.19227413e-06,9.41577562e-04,5.71698366e-04
6.51000000e+02,9.97203237e+01,-9.77478265e-03,-3.62755033e-02,2.21571019e-06,2.78725938e-02,-4.73778331e-03,8.46691100e+01,-1.04687990e-02,-3.51348213e-02,1.50512137e+01,6.94016389e-04,-1.14068197e-03,-5.83836955e-12,2.69631631e-02,-5.27489761e-03,2.21571603e-06,9.09430754e-04,5.37114303e-04
6.52000000e+02,9.96894558e+01,-1.14329670e-02,-3.67589299e-02,2.24021216e-06,2.80193939e-02,-6.23693873e-03,8.46362814e+01,-1.20578535e-02,-3.56523879e-02,1.50531744e+01,6.24886574e-04,-1.10654202e-03,-5.78976364e-12,2.71404145e-02,-6.73097694e-03,2.24021795e-06,8.78979409e-04,4.94038206e-04
6.53000000e+02,9.96601110e+01,-1.31400023e-02,-3.67982677e-02,2.26505153e-06,2.78652324e-02,-7.85733664e-03,8.46047279e+01,-1.37373878e-02,-3.57309352e-02,1.50553831e+01,5.97385450e-04,-1.06733246e-03,-5.71363114e-12,2.70159395e-02,-8.31439276e-03,2.26505724e-06,8.49292945e-04,4.57056125e-04
6.54000000e+02,9.96299026e+01,-1.50980144e-02,-3.65384026e-02,2.29064406e-06,2.74303596e-02,-9.62841302e-03,8.45725220e+01,-1.56251135e-02,-3.55039409e-02,1.50573806e+01,5.27099082e-04,-1.03446168e-03,-5.65528563e-12,2.66097967e-02,-1.00424734e-02,2.29064971e-06,8.20562861e-04,4.14060342e-04
6.55000000e+02,9.96010395e+01,-1.70672017e-02,-3.58239092e-02,2.31633011e-06,2.66901903e-02,-1.14662641e-02,8.45414128e+01,-1.75681426e-02,-3.48237961e-02,1.50596266e+01,5.00940921e-04,-1.00011307e-03,-5.61679103e-12,2.58950481e-02,-1.18449761e-02,2.31633572e-06,7.95142238e-04,3.78711987e-04
6.56000000e+02,9.95711494e+01,-1.92405019e-02,-3.49066596e-02,2.34251510e-06,2.57385885e-02,-1.33947397e-02,8.45094861e+01,-1.96767744e-02,-3.39332501e-02,1.50616632e+01,4.36272504e-04,-9.73409417e-04,-5.55149026e-12,2.49673209e-02,-1.37356608e-02,2.34252065e-06,7.71267580e-04,3.40921078e-04
6.57000000e+02,9.95424604e+01,-2.13084040e-02,-3.35900631e-02,2.36848401e-06,2.45398178e-02,-1.52897036e-02,8.44785079e+01,-2.17245628e-02,-3.26420212e-02,1.50639525e+01,4.16158790e-04,-9.48041926e-04,-5.47413728e-12,2.37862524e-02,-1.56006620e-02,2.36848948e-06,7.53565397e-04,3.10958365e-04
6.58000000e+02,9.95126225e+01,-2.34964354e-02,-3.21819938e-02,2.39459113e-06,2.32407247e-02,-1.72082072e-02,8.44465872e+01,-2.38558563e-02,-3.12527860e-02,1.50660353e+01,3.59420979e-04,-9.29207803e-04,-5.38403757e-12,2.25039046e-02,-1.74878293e-02,2.39459651e-06,7.36820129e-04,2.79622175e-04
6.59000000e+02,9.94839073e+01,-2.54717592e-02,-3.04523777e-02,2.42012149e-06,2.17667172e-02,-1.90089527e-02,8.44155330e+01,-2.58238020e-02,-2.95411292e-02,1.50683743e+01,3.52042838e-04,-9.11248542e-04,-5.30611934e-12,2.10414565e-02,-1.92685169e-02,2.42012680e-06,7.25260693e-04,2.59564203e-04
6.60000000e+02,9.94539869e+01,-2.73767847e-02,-2.87242824e-02,2.44550930e-06,2.02576648e-02,-2.06902503e-02,8.43834775e+01,-2.76840326e-02,-2.78256574e-02,1.50705094e+01,3.07247888e-04,-8.98624990e-04,-5.23563559e-12,1.95435978e-02,-2.09280860e-02,2.44551454e-06,7.14067019e-04,2.37835664e-04
6.61000000e+02,9.94251761e+01,-2.90134022e-02,-2.67959471e-02,2.46991999e-06,1.86737317e-02,-2.21928367e-02,8.43522701e+01,-2.93233337e-02,-2.59084081e-02,1.50729060e+01,3.09931474e-04,-8.87539039e-04,-5.17689113e-12,1.79646824e-02,-2.24188142e-02,2.46992516e-06,7.09049301e-04,2.25977482e-04
6.62000000e+02,9.93951875e+01,-3.05381591e-02,-2.49059746e-02,2.49370624e-06,1.71144095e-02,-2.35507554e-02,8.43200861e+01,-3.08156293e-02,-2.40219767e-02,1.50751015e+01,2.77470211e-04,-8.83997907e-04,-5.10051565e-12,1.64090708e-02,-2.37639058e-02,2.49371134e-06,7.05338661e-04,2.13150365e-04
6.63000000e+02,9.93663751e+01,-3.17074452e-02,-2.29439287e-02,2.51633347e-06,1.55735993e-02,-2.46785270e-02,8.42888152e+01,-3.19975973e-02,-2.20622778e-02,1.50775599e+01,2.90152148e-04,-8.81650877e-04,-5.00159972e-12,1.48663807e-02,-2.48880674e-02,2.51633847e-06,7.07218575e-04,2.09540432e-04
6.64000000e+02,9.93364905e+01,-3.27489990e-02,-2.11162354e-02,2.53810253e-06,1.41092753e-02,-2.56296805e-02,8.42566704e+01,-3.30158756e-02,-2.02269931e-02,1.50798201e+01,2.66876590e-04,-8.89242313e-04,-4.90893293e-12,1.33972010e-02,-2.58350140e-02,2.53810744e-06,7.12074369e-04,2.05333445e-04
6.65000000e+02,9.93078831e+01,-3.34564854e-02,-1.93227354e-02,2.55828536e-06,1.27475251e-02,-2.63473071e-02,8.42255375e+01,-3.37464343e-02,-1.84290470e-02,1.50823456e+01,2.89948976e-04,-8.93688398e-04,-4.79483124e-12,1.20277825e-02,-2.65571145e-02,2.55829015e-06,7.19742566e-04,2.09807407e-04
6.66000000e+02,9.92783204e+01,-3.39994657e-02,-1.76639213e-02,2.57745529e-06,1.14815695e-02,-2.68798749e-02,8.41936474e+01,-3.42720375e-02,-1.67556174e-02,1.50846730e+01,2.72571835e-04,-9.08303858e-04,-4.67392501e-12,1.07516122e-02,-2.70904069e-02,2.57745996e-06,7.29957368e-04,2.10531946e-04
6.67000000e+02,9.92501891e+01,-3.42601600e-02,-1.60622831e-02,2.59482880e-06,1.03132698e-02,-2.72148691e-02,8.41629231e+01,-3.45611728e-02,-1.51436474e-02,1.50872659e+01,3.01012748e-04,-9.18635690e-04,-4.55219835e-12,9.57194293e-03,-2.74348808e-02,2.59483335e-06,7.41326919e-04,2.20011678e-04
6.68000000e+02,9.92212438e+01,-3.44085863e-02,-1.46279432e-02,2.61106877e-06,9.24066716e-03,-2.73772495e-02,8.41315837e+01,-3.46994570e-02,-1.36919187e-02,1.50896601e+01,2.90870659e-04,-9.36024587e-04,-4.43270279e-12,8.48640651e-03,-2.76046803e-02,2.61107320e-06,7.54260645e-04,2.27430788e-04
6.69000000e+02,9.91938382e+01,-3.42124750e-02,-1.31979927e-02,2.62545907e-06,8.24470855e-03,-2.73034246e-02,8.41015201e+01,-3.45397809e-02,-1.22497980e-02,1.50923181e+01,3.27305890e-04,-9.48194659e-04,-4.27688825e-12,7.47748936e-03,-2.75467783e-02,2.62546334e-06,7.67219186e-04,2.43353663e-04
6.70000000e+02,9.91657236e+01,-3.38739790e-02,-1.18807310e-02,2.63865812e-06,7.30180881e-03,-2.70502918e-02,8.40709497e+01,-3.41959883e-02,-1.09130444e-02,1.50947739e+01,3.22009239e-04,-9.67686521e-04,-4.18739663e-12,6.52094279e-03,-2.73052466e-02,2.63866231e-06,7.80866017e-04,2.54954733e-04
6.71000000e+02,9.91392601e+01,-3.32167711e-02,-1.05452187e-02,2.64997778e-06,6.38821535e-03,-2.65690584e-02,8.40417688e+01,-3.35785644e-02,-9.56440986e-03,1.50974913e+01,3.61793352e-04,-9.80808826e-04,-4.08738307e-12,5.59391542e-03,-2.68430608e-02,2.64998186e-06,7.94299934e-04,2.74002380e-04
6.72000000e+02,9.91121744e+01,-3.24685828e-02,-9.29272644e-03,2.66018099e-06,5.50873305e-03,-2.59431272e-02,8.40121718e+01,-3.28283646e-02,-8.29420267e-03,1.51000026e+01,3.59781812e-04,-9.98523771e-04,-3.97641106e-12,4.70178216e-03,-2.62319439e-02,2.66018497e-06,8.06950888e-04,2.88816712e-04
6.73000000e+02,9.90867921e+01,-3.14151045e-02,-7.90907644e-03,2.66858370e-06,4.58505947e-03,-2.51089141e-02,8.39840199e+01,-3.18194829e-02,-6.89819665e-03,1.51027722e+01,4.04378480e-04,-1.01087980e-03,-3.86845716e-12,3.76541383e-03,-2.54201494e-02,2.66858757e-06,8.19645637e-04,3.11235254e-04
6.74000000e+02,9.90608096e+01,-3.02437137e-02,-6.60454732e-03,2.67595828e-06,3.68632314e-03,-2.41300246e-02,8.39554776e+01,-3.06491138e-02,-5.57441003e-03,1.51053320e+01,4.05400058e-04,-1.03013729e-03,-3.75794147e-12,2.85364489e-03,-2.44579446e-02,2.67596203e-06,8.32678244e-04,3.27919978e-04
6.75000000e+02,9.90365517e+01,-2.87941243e-02,-5.22745233e-03,2.68161025e-06,2.77528081e-03,-2.29672466e-02,8.39284048e+01,-2.92450531e-02,-4.18545886e-03,1.51081469e+01,4.50928863e-04,-1.04199347e-03,-3.68817585e-12,1.93080713e-03,-2.33179844e-02,2.68161394e-06,8.44473680e-04,3.50737815e-04
6.76000000e+02,9.90117132e+01,-2.73261957e-02,-3.90292592e-03,2.68636465e-06,1.86726484e-03,-2.17306292e-02,8.39009631e+01,-2.77746714e-02,-2.84304464e-03,1.51107501e+01,4.48475726e-04,-1.05988128e-03,-3.62399110e-12,1.01017035e-03,-2.20962182e-02,2.68636827e-06,8.57094484e-04,3.65589015e-04
6.77000000e+02,9.89885828e+01,-2.56941423e-02,-2.52527894e-03,2.68958145e-06,9.75778547e-04,-2.03954371e-02,8.38749764e+01,-2.61846705e-02,-1.45313684e-03,1.51136063e+01,4.90528209e-04,-1.07214209e-03,-3.56498193e-12,1.06924959e-04,-2.07808137e-02,2.68958502e-06,8.68853587e-04,3.85376567e-04
6.78000000e+02,9.89648022e+01,-2.40910983e-02,-1.27457317e-03,2.69205542e-06,1.38070800e-04,-1.90422446e-02,8.38485537e+01,-2.45772271e-02,-1.85387724e-04,1.51162485e+01,4.86128811e-04,-1.08918545e-03,-3.50029279e-12,-7.42250433e-04,-1.94398359e-02,2.69205892e-06,8.80321234e-04,3.97591212e-04
6.79000000e+02,9.89426829e+01,-2.23514777e-02,-5.24957688e-06,2.69318931e-06,-6.64325668e-04,-1.76296361e-02,8.38235389e+01,-2.28750267e-02,1.09398322e-03,1.51191440e+01,5.23548947e-04,-1.09923280e-03,-3.41630380e-12,-1.55463036e-03,-1.80432163e-02,2.69319273e-06,8.90304692e-04,4.13580196e-04
6.80000000e+02,9.89198613e+01,-2.07539379e-02,1.10052813e-03,2.69382632e-06,-1.38350392e-03,-1.62645351e-02,8.37980366e+01,-2.12653978e-02,2.21512417e-03,1.51218247e+01,5.11459913e-04,-1.11459605e-03,-3.32527946e-12,-2.28402461e-03,-1.66852629e-02,2.69382964e-06,9.00520681e-04,4.20727789e-04
6.81000000e+02,9.88986228e+01,-1.91511553e-02,2.19113134e-03,2.69333162e-06,-2.04139888e-03,-1.49313590e-02,8.37738643e+01,-1.96983975e-02,3.31335643e-03,1.51247585e+01,5.47242236e-04,-1.12222509e-03,-3.22287163e-12,-2.94940959e-03,-1.53659554e-02,2.69333484e-06,9.08010715e-04,4.34596461e-04
6.82000000e+02,9.88765746e+01,-1.76200984e-02,3.10612694e-03,2.69248934e-06,-2.61151781e-03,-1.36232888e-02,8.37490978e+01,-1.81522129e-02,4.24099262e-03,1.51274768e+01,5.32114457e-04,-1.13486569e-03,-3.11036376e-12,-3.52764403e-03,-1.40613412e-02,2.69249245e-06,9.16126218e-04,4.38052448e-04
6.83000000e+02,9.88560195e+01,-1.61152695e-02,3.94215067e-03,2.69070713e-06,-3.07198159e-03,-1.23782246e-02,8.37255712e+01,-1.66771823e-02,5.08049380e-03,1.51304483e+01,5.61912830e-04,-1.13834313e-03,-3.00707315e-12,-3.99236308e-03,-1.28253936e-02,2.69071013e-06,9.20381485e-04,4.47169057e-04
6.84000000e+02,9.88345612e+01,-1.47886395e-02,4.60373228e-03,2.68875633e-06,-3.45207021e-03,-1.12196826e-02,8.37013570e+01,-1.53261076e-02,5.75106776e-03,1.51332042e+01,5.37468122e-04,-1.14733549e-03,-2.91112762e-12,-4.37677179e-03,-1.16643428e-02,2.68875924e-06,9.24701582e-04,4.44660224e-04
6.85000000e+02,9.88144927e+01,-1.35408104e-02,5.18148929e-03,2.68605645e-06,-3.73275152e-03,-1.01528141e-02,8.36782795e+01,-1.41066556e-02,6.32752433e-03,1.51362133e+01,5.65845149e-04,-1.14603505e-03,-2.81922615e-12,-4.65756267e-03,-1.06040523e-02,2.68605927e-06,9.24811153e-04,4.51238199e-04
6.86000000e+02,9.87934240e+01,-1.23896588e-02,5.59283568e-03,2.68333176e-06,-3.93061982e-03,-9.13935016e-03,8.36544174e+01,-1.29296289e-02,6.74213194e-03,1.51390065e+01,5.39970144e-04,-1.14929626e-03,-2.71395121e-12,-4.85497820e-03,-9.58583797e-03,2.68333447e-06,9.24358374e-04,4.46487813e-04
6.87000000e+02,9.87736601e+01,-1.12601284e-02,5.94410810e-03,2.67998353e-06,-4.05024917e-03,-8.18511265e-03,8.36316074e+01,-1.18209698e-02,7.08674556e-03,1.51420527e+01,5.60841447e-04,-1.14263745e-03,-2.61042013e-12,-4.96999513e-03,-8.63274796e-03,2.67998614e-06,9.19745964e-04,4.47635313e-04
6.88000000e+02,9.87528287e+01,-1.03424159e-02,6.09993589e-03,2.67678753e-06,-4.08562540e-03,-7.34379770e-03,8.36079449e+01,-1.08730738e-02,7.24021211e-03,1.51448838e+01,5.30657928e-04,-1.14027622e-03,-2.50621006e-12,-5.00053748e-03,-7.78404503e-03,2.67679003e-06,9.14912071e-04,4.40247335e-04
6.89000000e+02,9.87332479e+01,-9.40306549e-03,6.21758569e-03,2.67314340e-06,-4.05567682e-03,-6.52213000e-03,8.35852788e+01,-9.95474120e-03,7.34821047e-03,1.51479691e+01,5.51675703e-04,-1.13062477e-03,-2.38837042e-12,-4.96299880e-03,-6.96241947e-03,2.67314578e-06,9.07321982e-04,4.40289475e-04
6.90000000e+02,9.87125730e+01,-8.53782385e-03,6.15326968e-03,2.66984156e-06,-3.94443119e-03,-5.74521640e-03,8.35617327e+01,-9.05852206e-03,7.27629728e-03,1.51508403e+01,5.20698205e-04,-1.12302760e-03,-2.26646979e-12,-4.84256936e-03,-6.17622604e-03,2.66984382e-06,8.98138165e-04,4.31009638e-04
6.91000000e+02,9.86931426e+01,-7.62267638e-03,6.06029287e-03,2.66617084e-06,-3.78917497e-03,-4.97323322e-03,8.35391768e+01,-8.15859318e-03,7.16799665e-03,1.51539658e+01,5.35916795e-04,-1.10770377e-03,-2.18570591e-12,-4.67524632e-03,-5.40022577e-03,2.66617303e-06,8.86071341e-04,4.26992552e-04
6.92000000e+02,9.86726335e+01,-6.83341346e-03,5.80321922e-03,2.66295843e-06,-3.57269153e-03,-4.25829244e-03,8.35157556e+01,-7.33478148e-03,6.89924016e-03,1.51568778e+01,5.01368025e-04,-1.09602094e-03,-2.07591717e-12,-4.44599264e-03,-4.67368247e-03,2.66296050e-06,8.73301108e-04,4.15390033e-04
6.93000000e+02,9.86534173e+01,-5.97305257e-03,5.54909645e-03,2.65959809e-06,-3.33194463e-03,-3.54232902e-03,8.34933710e+01,-6.48730165e-03,6.62707129e-03,1.51600463e+01,5.14249076e-04,-1.07797484e-03,-1.94129405e-12,-4.19049189e-03,-3.95063430e-03,2.65960003e-06,8.58547260e-04,4.08305276e-04
6.94000000e+02,9.86300093e+01,-5.20282408e-03,5.14578902e-03,2.63801006e-06,-3.04939070e-03,-2.88710653e-03,8.34673890e+01,-5.67237053e-03,6.20917158e-03,1.51626203e+01,4.69546451e-04,-1.06338256e-03,-1.80902116e-12,-3.89264892e-03,-3.27554787e-03,2.63801187e-06,8.43258215e-04,3.88441347e-04
6.95000000e+02,9.86070394e+01,-4.35346469e-03,4.77520842e-03,2.63528650e-06,-2.77277134e-03,-2.22454566e-03,8.34413879e+01,-4.83538568e-03,5.81211128e-03,1.51656516e+01,4.81920990e-04,-1.03690286e-03,-1.64223891e-12,-3.59474000e-03,-2.60560930e-03,2.63528814e-06,8.21968663e-04,3.81063645e-04
6.96000000e+02,9.85810664e+01,-3.66907038e-03,4.37201506e-03,2.61726137e-06,-2.53366412e-03,-1.66067299e-03,8.34126984e+01,-4.10259891e-03,5.38463867e-03,1.51683680e+01,4.33528523e-04,-1.01262362e-03,-1.46623689e-12,-3.33276640e-03,-2.01854005e-03,2.61726284e-06,7.99102285e-04,3.57867057e-04
6.97000000e+02,9.85575142e+01,-2.87865142e-03,4.03600099e-03,2.61732500e-06,-2.34321755e-03,-1.09043330e-03,8.33859063e+01,-3.31895114e-03,5.02068979e-03,1.51716080e+01,4.40299719e-04,-9.84688801e-04,-1.28106389e-12,-3.11964062e-03,-1.43542658e-03,2.61732628e-06,7.76423070e-04,3.44993283e-04
6.98000000e+02,9.85332865e+01,-2.26615763e-03,3.58907344e-03,2.60215773e-06,-2.13084438e-03,-6.54815916e-04,8.33587321e+01,-2.65195959e-03,4.54645564e-03,1.51745544e+01,3.85801962e-04,-9.57382201e-04,-1.07644210e-12,-2.88243799e-03,-9.71443316e-04,2.60215881e-06,7.51593606e-04,3.16627400e-04
6.99000000e+02,9.85125781e+01,-1.57257694e-03,3.22425023e-03,2.60462419e-06,-1.95940574e-03,-2.13473169e-04,8.33346381e+01,-1.96197105e-03,4.15032448e-03,1.51779400e+01,3.89394110e-04,-9.26074249e-04,-8.32495951e-13,-2.68634144e-03,-5.15265087e-04,2.60462502e-06,7.26935699e-04,3.01791919e-04
7.00000000e+02,9.84913138e+01,-1.08204110e-03,2.85518032e-03,2.59115845e-06,-1.82916856e-03,9.84261158e-05,8.33103569e+01,-1.41585875e-03,3.75494379e-03,1.51809569e+01,3.33817652e-04,-8.99763471e-04,-6.02619956e-13,-2.53259610e-03,-1.74496555e-04,2.59115905e-06,7.03427537e-04,2.72922671e-04
7.01000000e+02,9.84729884e+01,-5.44973996e-04,2.54496995e-03,2.59490368e-06,-1.72503270e-03,4.01476639e-04,8.32886347e+01,-8.80624590e-04,3.41922606e-03,1.51843536e+01,3.35650594e-04,-8.74256120e-04,-3.68716424e-13,-2.40910324e-03,1.43087589e-04,2.59490405e-06,6.84070537e-04,2.58389050e-04
7.02000000e+02,9.84534673e+01,-1.87744009e-04,2.19613128e-03,2.58233825e-06,-1.62617507e-03,5.77688241e-04,8.32661014e+01,-4.73656498e-04,3.04657005e-03,1.51873659e+01,2.85912490e-04,-8.50438765e-04,-1.46331350e-13,-2.28997054e-03,3.44862953e-04,2.58233840e-06,6.63795463e-04,2.32825287e-04
7.03000000e+02,9.84364515e+01,2.42139722e-04,1.95402265e-03,2.58672183e-06,-1.57093649e-03,7.67076702e-04,8.32456829e+01,-4.60564067e-05,2.78121936e-03,1.51907686e+01,2.88196129e-04,-8.27196705e-04,8.33292552e-14,-2.21820285e-03,5.47250102e-04,2.58672175e-06,6.47266353e-04,2.19826599e-04
7.04000000e+02,9.84180708e+01,4.48079161e-04,1.71439195e-03,2.57465291e-06,-1.54684183e-03,8.18216789e-04,8.32242616e+01,2.06437430e-04,2.52541053e-03,1.51938091e+01,2.41641731e-04,-8.11018579e-04,2.95706174e-13,-2.17921103e-03,6.20935125e-04,2.57465261e-06,6.32369207e-04,1.97281664e-04
7.05000000e+02,9.84021446e+01,7.42928794e-04,1.49892341e-03,2.57942440e-06,-1.52214541e-03,9.05660845e-04,8.32048961e+01,4.97737523e-04,2.29155931e-03,1.51972485e+01,2.45191271e-04,-7.92635905e-04,5.11687253e-13,-2.14186354e-03,7.20009715e-04,2.57942389e-06,6.19718131e-04,1.85651130e-04
7.06000000e+02,9.83848420e+01,8.51026247e-04,1.29516616e-03,2.56740389e-06,-1.52011672e-03,8.63367066e-04,8.31845124e+01,6.47293444e-04,2.07274307e-03,1.52003297e+01,2.03732802e-04,-7.77576911e-04,6.63218531e-13,-2.12719186e-03,6.97245517e-04,2.56740322e-06,6.07075140e-04,1.66121549e-04
7.07000000e+02,9.83699379e+01,1.07450217e-03,1.18275489e-03,2.57208789e-06,-1.54759683e-03,8.66356429e-04,8.31661340e+01,8.64270487e-04,1.94865536e-03,1.52038039e+01,2.10231684e-04,-7.65900472e-04,8.26415626e-13,-2.14674991e-03,7.08540552e-04,2.57208706e-06,5.99153074e-04,1.57815877e-04
7.08000000e+02,9.83535738e+01,1.09884694e-03,1.02498584e-03,2.55973272e-06,-1.56795527e-03,7.58136196e-04,8.31466575e+01,9.26313867e-04,1.78154645e-03,1.52069164e+01,1.72533076e-04,-7.56560613e-04,9.94791775e-13,-2.15885294e-03,6.16454197e-04,2.55973172e-06,5.90897667e-04,1.41681998e-04
7.09000000e+02,9.83394978e+01,1.21541632e-03,8.98510667e-04,2.56411487e-06,-1.58441647e-03,6.96804552e-04,8.31290796e+01,1.03410636e-03,1.64623587e-03,1.52104182e+01,1.81309955e-04,-7.47725204e-04,1.14258708e-12,-2.17022494e-03,5.61358267e-04,2.56411373e-06,5.85808474e-04,1.35446285e-04
7.10000000e+02,9.83239006e+01,1.17337379e-03,7.75216074e-04,2.55124041e-06,-1.60438371e-03,5.27680849e-04,8.31103390e+01,1.02409559e-03,1.51557086e-03,1.52135616e+01,1.49278203e-04,-7.40354790e-04,1.27664718e-12,-2.18404637e-03,4.04787497e-04,2.55123913e-06,5.79662662e-04,1.22893352e-04
7.11000000e+02,9.83105531e+01,1.25503600e-03,6.97209111e-04,2.55515806e-06,-1.62555819e-03,4.20729839e-04,8.30934563e+01,1.09404399e-03,1.43256152e-03,1.52170968e+01,1.60992005e-04,-7.35352413e-04,1.39861330e-12,-2.20263943e-03,3.01142277e-04,2.55515666e-06,5.77081240e-04,1.19587561e-04
7.12000000e+02,9.82957657e+01,1.14223534e-03,5.82993069e-04,2.54160951e-06,-1.63817944e-03,2.08801391e-04,8.30754860e+01,1.01044151e-03,1.31343380e-03,1.52202797e+01,1.31793823e-04,-7.30440728e-04,1.52595068e-12,-2.21163256e-03,9.89020636e-05,2.54160799e-06,5.73453116e-04,1.09899327e-04
7.13000000e+02,9.82832999e+01,1.14503258e-03,5.06098231e-04,2.54506065e-06,-1.64340706e-03,6.53465910e-05,8.30594466e+01,1.00029657e-03,1.23452497e-03,1.52238533e+01,1.44736006e-04,-7.28426742e-04,1.64086832e-12,-2.21643826e-03,-4.27938776e-05,2.54505901e-06,5.73031196e-04,1.08140469e-04
7.14000000e+02,9.82695020e+01,9.68881302e-04,4.12051991e-04,2.53072414e-06,-1.63778642e-03,-1.84012439e-04,8.30424243e+01,8.47383185e-04,1.13672938e-03,1.52270777e+01,1.21498117e-04,-7.24677389e-04,1.76081095e-12,-2.20873441e-03,-2.86016253e-04,2.53072238e-06,5.70947992e-04,1.02003814e-04
7.15000000e+02,9.82580710e+01,9.43068090e-04,3.56157286e-04,2.53347998e-06,-1.63426437e-03,-3.45237226e-04,8.30273809e+01,8.07099311e-04,1.08160780e-03,1.52306901e+01,1.35968779e-04,-7.25450514e-04,1.87526105e-12,-2.20693226e-03,-4.47845523e-04,2.53347811e-06,5.72667894e-04,1.02608297e-04
7.16000000e+02,9.82472991e+01,7.34910930e-04,2.79774880e-04,2.53626854e-06,-1.61781349e-03,-5.86041414e-04,8.30130920e+01,6.19985235e-04,1.00344591e-03,1.52342070e+01,1.14925695e-04,-7.23671029e-04,1.97127724e-12,-2.19012053e-03,-6.85295311e-04,2.53626657e-06,5.72307044e-04,9.92538977e-05
7.17000000e+02,9.82393707e+01,5.81290034e-04,2.49682147e-04,2.53755598e-06,-1.60354508e-03,-7.96507039e-04,8.30013919e+01,4.48382044e-04,9.76409922e-04,1.52379788e+01,1.32907990e-04,-7.26727775e-04,2.06078523e-12,-2.17881437e-03,-8.99064603e-04,2.53755392e-06,5.75269283e-04,1.02557564e-04
7.18000000e+02,9.82315040e+01,3.53753165e-04,1.74833646e-04,2.53805098e-06,-1.57439389e-03,-1.02983571e-03,8.29900108e+01,2.37932582e-04,9.00531251e-04,1.52414932e+01,1.15820582e-04,-7.25697605e-04,2.17141739e-12,-2.15002951e-03,-1.13110942e-03,2.53804881e-06,5.75635622e-04,1.01273709e-04
7.19000000e+02,9.82253820e+01,1.96275102e-04,1.58127491e-04,2.53734081e-06,-1.55438606e-03,-1.23207497e-03,8.29801730e+01,6.12881425e-05,8.85895528e-04,1.52452089e+01,1.34986960e-04,-7.27768037e-04,2.25974539e-12,-2.13154266e-03,-1.33743538e-03,2.53733855e-06,5.77156599e-04,1.05360407e-04
7.20000000e+02,9.82162442e+01,-5.59648935e-05,1.18708277e-04,2.51705728e-06,-1.52954622e-03,-1.46194630e-03,8.29678929e+01,-1.71571568e-04,8.46461767e-04,1.52483512e+01,1.15606675e-04,-7.27753490e-04,2.30660183e-12,-2.10741341e-03,-1.56464243e-03,2.51705498e-06,5.77867193e-04,1.02696131e-04
7.21000000e+02,9.82077483e+01,-2.56577390e-04,1.33354982e-04,2.51588730e-06,-1.51561905e-03,-1.66374789e-03,8.29558545e+01,-3.91682122e-04,8.63376032e-04,1.52518938e+01,1.35104732e-04,-7.30021051e-04,2.34365160e-12,-2.09614808e-03,-1.77052271e-03,2.51588496e-06,5.80529022e-04,1.06774821e-04
7.22000000e+02,9.81968003e+01,-5.40388729e-04,1.26954598e-04,2.49611123e-06,-1.46858936e-03,-1.89115125e-03,8.29416983e+01,-6.60436288e-04,8.58644257e-04,1.52551020e+01,1.20047559e-04,-7.31689659e-04,2.38405259e-12,-2.05267726e-03,-1.99895456e-03,2.49610884e-06,5.84087898e-04,1.07803308e-04
7.23000000e+02,9.81878239e+01,-7.30042383e-04,1.81267835e-04,2.49432573e-06,-1.43182670e-03,-2.05050209e-03,8.29290469e+01,-8.74863595e-04,9.19854172e-04,1.52587770e+01,1.44821212e-04,-7.38586338e-04,2.44515980e-12,-2.02220571e-03,-2.16782393e-03,2.49432328e-06,5.90379013e-04,1.17321833e-04
7.24000000e+02,9.81781222e+01,-9.95583698e-04,1.81445966e-04,2.47349082e-06,-1.35555604e-03,-2.21328351e-03,8.29159569e+01,-1.13142170e-03,9.25648182e-04,1.52621653e+01,1.35838007e-04,-7.44202215e-04,2.52886060e-12,-1.95272492e-03,-2.33654643e-03,2.47348829e-06,5.97168885e-04,1.23262917e-04
7.25000000e+02,9.81713008e+01,-1.16047904e-03,2.47334991e-04,2.47096318e-06,-1.28732129e-03,-2.31624195e-03,8.29053413e+01,-1.32408533e-03,1.00006086e-03,1.52659596e+01,1.63606288e-04,-7.52725870e-04,2.64087876e-12,-1.89160319e-03,-2.45122535e-03,2.47096054e-06,6.04281905e-04,1.34983400e-04
7.26000000e+02,9.81640189e+01,-1.38695329e-03,2.80484819e-04,2.44965728e-06,-1.19803645e-03,-2.42579283e-03,8.28946108e+01,-1.54308293e-03,1.03755095e-03,1.52694081e+01,1.56129647e-04,-7.57066134e-04,2.73678672e-12,-1.80753323e-03,-2.56699553e-03,2.44965454e-06,6.09496779e-04,1.41202704e-04
7.27000000e+02,9.81591919e+01,-1.52525718e-03,3.59729486e-04,2.44704039e-06,-1.12814464e-03,-2.48539272e-03,8.28859855e+01,-1.70942411e-03,1.12415461e-03,1.52732064e+01,1.84166927e-04,-7.64425121e-04,2.83388059e-12,-1.74240060e-03,-2.63801149e-03,2.44703755e-06,6.14255953e-04,1.52618772e-04
7.28000000e+02,9.81533428e+01,-1.69935532e-03,3.96886571e-04,2.42568618e-06,-1.04443010e-03,-2.54517123e-03,8.28767036e+01,-1.87636919e-03,1.16273223e-03,1.52766393e+01,1.77013865e-04,-7.65845654e-04,2.91789011e-12,-1.66116099e-03,-2.70358008e-03,2.42568327e-06,6.16730889e-04,1.58408849e-04
7.29000000e+02,9.81494677e+01,-1.77907171e-03,4.93130499e-04,2.42313462e-06,-9.81169101e-04,-2.54889732e-03,8.28690386e+01,-1.98158158e-03,1.26332993e-03,1.52804291e+01,2.02509865e-04,-7.70199429e-04,3.05103427e-12,-1.59993004e-03,-2.71755955e-03,2.42313157e-06,6.18760934e-04,1.68662229e-04
7.30000000e+02,9.81444548e+01,-1.90153641e-03,5.59915386e-04,2.40181104e-06,-9.07720671e-04,-2.54894429e-03,8.28605748e+01,-2.09568473e-03,1.32622264e-03,1.52838800e+01,1.94148322e-04,-7.66307259e-04,3.19677573e-12,-1.52556820e-03,-2.72169156e-03,2.40180784e-06,6.17847528e-04,1.72747275e-04
7.31000000e+02,9.81414063e+01,-1.93703089e-03,6.62653569e-04,2.39934073e-06,-8.53768527e-04,-2.50678673e-03,8.28537081e+01,-2.15659895e-03,1.43133566e-03,1.52876982e+01,2.19568060e-04,-7.68682091e-04,3.38276437e-12,-1.47111565e-03,-2.68900278e-03,2.39933735e-06,6.17347124e-04,1.82216044e-04
7.32000000e+02,9.81372932e+01,-1.98256548e-03,7.21070224e-04,2.37811566e-06,-7.86418010e-04,-2.44988283e-03,8.28461102e+01,-2.19086369e-03,1.48345809e-03,1.52911830e+01,2.08298205e-04,-7.62387868e-04,3.55829603e-12,-1.39988297e-03,-2.63445341e-03,2.37811210e-06,6.13464961e-04,1.84570579e-04
7.33000000e+02,9.81351053e+01,-1.98339071e-03,8.11629910e-04,2.37581357e-06,-7.34849932e-04,-2.36104929e-03,8.28400754e+01,-2.21394149e-03,1.57239653e-03,1.52950299e+01,2.30550778e-04,-7.60766618e-04,3.71032217e-12,-1.34477265e-03,-2.55297403e-03,2.37580986e-06,6.09922714e-04,1.91924745e-04
7.34000000e+02,9.81318611e+01,-1.99558156e-03,8.58488017e-04,2.35487804e-06,-6.73520259e-04,-2.26454190e-03,8.28333229e+01,-2.21288790e-03,1.60908066e-03,1.52985382e+01,2.17306339e-04,-7.50592644e-04,3.86742704e-12,-1.27630540e-03,-2.45640474e-03,2.35487417e-06,6.02785138e-04,1.91862847e-04
7.35000000e+02,9.81304113e+01,-1.94741139e-03,9.25467048e-04,2.35290223e-06,-6.26047155e-04,-2.13848047e-03,8.28280104e+01,-2.18541218e-03,1.67190423e-03,1.53024009e+01,2.38000786e-04,-7.46437180e-04,4.03830399e-12,-1.22285393e-03,-2.33577488e-03,2.35289819e-06,5.96806776e-04,1.97294418e-04
7.36000000e+02,9.81278237e+01,-1.90647855e-03,9.46987163e-04,2.33237525e-06,-5.67902681e-04,-2.00885346e-03,8.28218979e+01,-2.12735124e-03,1.67875659e-03,1.53059257e+01,2.20872694e-04,-7.31769424e-04,4.18997696e-12,-1.15440193e-03,-2.20327404e-03,2.33237106e-06,5.86499251e-04,1.94420585e-04
7.37000000e+02,9.81269390e+01,-1.84283633e-03,1.00000507e-03,2.33093555e-06,-5.27886315e-04,-1.86430147e-03,8.28171340e+01,-2.08073329e-03,1.72528712e-03,1.53098050e+01,2.37896953e-04,-7.25282049e-04,4.32258980e-12,-1.10628132e-03,-2.06183197e-03,2.33093122e-06,5.78395003e-04,1.97530502e-04
7.38000000e+02,9.81259128e+01,-1.78471199e-03,1.02049430e-03,2.33020770e-06,-4.87162801e-04,-1.72531042e-03,8.28123613e+01,-2.00342491e-03,1.72814821e-03,1.53135515e+01,2.18712914e-04,-7.07653911e-04,4.45772975e-12,-1.05319304e-03,-1.91706386e-03,2.33020325e-06,5.66030244e-04,1.91753444e-04
7.39000000e+02,9.81258439e+01,-1.69112426e-03,1.04341562e-03,2.30918243e-06,-4.49838120e-04,-1.57488466e-03,8.28085115e+01,-1.92516709e-03,1.74297128e-03,1.53173324e+01,2.34042827e-04,-6.99555659e-04,4.59060220e-12,-1.00581725e-03,-1.76766106e-03,2.30917784e-06,5.55979132e-04,1.92776400e-04
7.40000000e+02,9.81248756e+01,-1.57977981e-03,1.03207437e-03,2.30818128e-06,-4.12131901e-04,-1.41661996e-03,8.28038987e+01,-1.79205072e-03,1.71250749e-03,1.53209769e+01,2.12270910e-04,-6.80433125e-04,4.74163013e-12,-9.55057959e-04,-1.60267032e-03,2.30817654e-06,5.42926058e-04,1.86050365e-04
7.41000000e+02,9.81249222e+01,-1.48865611e-03,1.04144838e-03,2.28821619e-06,-3.79115036e-04,-1.26231422e-03,8.28001638e+01,-1.71419884e-03,1.71312485e-03,1.53247584e+01,2.25542731e-04,-6.71676475e-04,4.82663960e-12,-9.11091578e-04,-1.44795198e-03,2.28821136e-06,5.31976542e-04,1.85637760e-04
7.42000000e+02,9.81241457e+01,-1.36117893e-03,1.01607050e-03,2.28798932e-06,-3.50142870e-04,-1.10441704e-03,8.27957117e+01,-1.56533018e-03,1.66769660e-03,1.53284339e+01,2.04151254e-04,-6.51626109e-04,4.90531882e-12,-8.68398999e-04,-1.28214377e-03,2.28798442e-06,5.18256130e-04,1.77726736e-04
7.43000000e+02,9.81246757e+01,-1.21955427e-03,9.94917324e-04,2.26877718e-06,-3.26175317e-04,-9.52690155e-04,8.27924170e+01,-1.43461544e-03,1.63531580e-03,1.53322587e+01,2.15061177e-04,-6.40398481e-04,4.97210900e-12,-8.31644985e-04,-1.12776971e-03,2.26877220e-06,5.05469668e-04,1.75079554e-04
7.44000000e+02,9.81245182e+01,-1.08210013e-03,9.52321105e-04,2.26920856e-06,-3.08790362e-04,-8.09989507e-04,8.27885502e+01,-1.27092145e-03,1.57160837e-03,1.53359680e+01,1.88821311e-04,-6.19287262e-04,5.04646743e-12,-7.99157355e-04,-9.74779621e-04,2.26920351e-06,4.90366993e-04,1.64790114e-04
7.45000000e+02,9.81258572e+01,-9.84678909e-04,9.11994682e-04,2.25069088e-06,-2.97133592e-04,-6.87871115e-04,8.27860301e+01,-1.18311214e-03,1.51892216e-03,1.53398271e+01,1.98433233e-04,-6.06927482e-04,5.10481707e-12,-7.73805804e-04,-8.48229335e-04,2.25068577e-06,4.76672213e-04,1.60358220e-04
7.46000000e+02,9.81265458e+01,-8.50950860e-04,8.56617471e-04,2.25175573e-06,-2.89958746e-04,-5.72995951e-04,8.27829883e+01,-1.02290708e-03,1.44139889e-03,1.53435574e+01,1.71956221e-04,-5.84781418e-04,5.15174205e-12,-7.51275439e-04,-7.22254928e-04,2.25175058e-06,4.61316692e-04,1.49258977e-04
7.47000000e+02,9.81287891e+01,-7.50663202e-04,7.91433870e-04,2.23373802e-06,-2.84409537e-04,-4.78421136e-04,8.27813544e+01,-9.29958424e-04,1.36393188e-03,1.53474348e+01,1.79295222e-04,-5.72498012e-04,5.16075239e-12,-7.31961439e-04,-6.22224088e-04,2.23373286e-06,4.47551902e-04,1.43802953e-04
7.48000000e+02,9.81302847e+01,-6.56771713e-04,7.22514109e-04,2.23528837e-06,-2.87238932e-04,-3.98136828e-04,8.27791100e+01,-8.08776282e-04,1.27300304e-03,1.53511748e+01,1.52004569e-04,-5.50488932e-04,5.17827269e-12,-7.19783826e-04,-5.30607016e-04,2.23528319e-06,4.32544894e-04,1.32470188e-04
7.49000000e+02,9.81333125e+01,-5.90669997e-04,6.58338511e-04,2.21768996e-06,-2.93952863e-04,-3.34539779e-04,8.27782495e+01,-7.49865473e-04,1.19667167e-03,1.53550630e+01,1.59195476e-04,-5.38333156e-04,5.17264588e-12,-7.13264498e-04,-4.61098088e-04,2.21768479e-06,4.19311635e-04,1.26558309e-04
7.50000000e+02,9.81355305e+01,-5.06651512e-04,5.96880083e-04,2.21955867e-06,-3.07752676e-04,-2.82072189e-04,8.27767170e+01,-6.38883688e-04,1.11465741e-03,1.53588135e+01,1.32232176e-04,-5.17777326e-04,5.14639962e-12,-7.12936022e-04,-3.97258230e-04,2.21955352e-06,4.05183346e-04,1.15186042e-04
7.51000000e+02,9.81393234e+01,-4.53121189e-04,5.21598407e-04,2.20223043e-06,-3.20726963e-04,-2.45934627e-04,8.27766074e+01,-5.93370418e-04,1.02816352e-03,1.53627161e+01,1.40249229e-04,-5.06565111e-04,5.10368899e-12,-7.13521069e-04,-3.55727379e-04,2.20222532e-06,3.92794106e-04,1.09792752e-04
7.52000000e+02,9.81422451e+01,-3.66917726e-04,4.50580712e-04,2.20434417e-06,-3.43269029e-04,-2.10604107e-04,8.27757680e+01,-4.80320646e-04,9.37278759e-04,1.53664770e+01,1.13402920e-04,-4.86698047e-04,5.05495221e-12,-7.23000864e-04,-3.09581469e-04,2.20433912e-06,3.79731836e-04,9.89773618e-05
7.53000000e+02,9.81467205e+01,-3.13523325e-04,4.00114153e-04,2.18714219e-06,-3.71800883e-04,-1.89601074e-04,8.27763300e+01,-4.35710554e-04,8.76806918e-04,1.53703905e+01,1.22187229e-04,-4.76692765e-04,5.01376975e-12,-7.40647743e-04,-2.84076731e-04,2.18713717e-06,3.68846860e-04,9.44756572e-05
7.54000000e+02,9.81502572e+01,-2.18657482e-04,3.57037364e-04,2.18922807e-06,-4.02999756e-04,-1.64239364e-04,8.27760956e+01,-3.16070183e-04,8.15648996e-04,1.53741616e+01,9.74127007e-05,-4.58611632e-04,4.97032906e-12,-7.60420030e-04,-2.49089128e-04,2.18922309e-06,3.57420274e-04,8.48497632e-05
7.55000000e+02,9.81553763e+01,-1.47925388e-04,3.00486448e-04,2.17199289e-06,-4.32300864e-04,-1.50918143e-04,8.27772907e+01,-2.56036825e-04,7.52551210e-04,1.53780856e+01,1.08111438e-04,-4.52064762e-04,4.91433522e-12,-7.80843939e-04,-2.32578638e-04,2.17198797e-06,3.48543075e-04,8.16604947e-05
7.56000000e+02,9.81594649e+01,-3.12903407e-05,2.49290918e-04,2.17395767e-06,-4.62868450e-04,-1.30759619e-04,8.27776017e+01,-1.16098819e-04,6.84680692e-04,1.53818632e+01,8.48084785e-05,-4.35389774e-04,4.85131835e-12,-8.01796092e-04,-2.04199470e-04,2.17395282e-06,3.38927642e-04,7.34398506e-05
7.57000000e+02,9.81651128e+01,4.69395955e-05,2.13330929e-04,2.15655718e-06,-4.92273089e-04,-1.21991035e-04,8.27793166e+01,-4.95217155e-05,6.43302333e-04,1.53857962e+01,9.64613111e-05,-4.29971404e-04,4.79789134e-12,-8.24283183e-04,-1.93771881e-04,2.15655238e-06,3.32010094e-04,7.17808458e-05
7.58000000e+02,9.81697005e+01,1.62688214e-04,1.80024507e-04,2.15828041e-06,-5.17145219e-04,-1.09271015e-04,8.27801176e+01,8.75199665e-05,5.96806675e-04,1.53895829e+01,7.51682476e-05,-4.16782168e-04,4.76497469e-12,-8.41859246e-04,-1.74409142e-04,2.15827564e-06,3.24714027e-04,6.51381272e-05
7.59000000e+02,9.81758919e+01,2.53533895e-04,1.29860562e-04,2.14057264e-06,-5.31918589e-04,-1.05684262e-04,8.27823653e+01,1.64678791e-04,5.44591539e-04,1.53935266e+01,8.88551046e-05,-4.14730977e-04,4.76086165e-12,-8.52051169e-04,-1.70928720e-04,2.14056788e-06,3.20132581e-04,6.52444576e-05
7.60000000e+02,9.81809551e+01,3.75557596e-04,7.99148252e-05,2.14191993e-06,-5.41591944e-04,-9.62143251e-05,8.27836336e+01,3.06309393e-04,4.83675617e-04,1.53973215e+01,6.92482024e-05,-4.03760792e-04,4.79193459e-12,-8.56330471e-04,-1.56710485e-04,2.14191514e-06,3.14738527e-04,6.04961595e-05
7.61000000e+02,9.81876379e+01,4.43198582e-04,2.99081534e-05,2.12384102e-06,-5.42974562e-04,-9.50772046e-05,8.27863635e+01,3.57957477e-04,4.33822464e-04,1.54012745e+01,8.52411050e-05,-4.03914311e-04,4.84113707e-12,-8.55192295e-04,-1.57717102e-04,2.12383618e-06,3.12217733e-04,6.26398975e-05
7.62000000e+02,9.81931790e+01,5.72719609e-04,-2.31296515e-05,2.12481205e-06,-5.36872127e-04,-7.86183490e-05,8.27881005e+01,5.04186781e-04,3.71640982e-04,1.54050785e+01,6.85328283e-05,-3.94770633e-04,4.92000685e-12,-8.45733276e-04,-1.38385445e-04,2.12480713e-06,3.08861150e-04,5.97670961e-05
7.63000000e+02,9.82003871e+01,6.78920049e-04,-8.86008127e-05,2.10630672e-06,-5.16080705e-04,-6.29291487e-05,8.27913461e+01,5.91825490e-04,3.09966411e-04,1.54090410e+01,8.70945590e-05,-3.98567223e-04,4.98408392e-12,-8.24720089e-04,-1.27079764e-04,2.10630173e-06,3.08639384e-04,6.41506156e-05
7.64000000e+02,9.82063874e+01,8.25874617e-04,-1.68812186e-04,2.10681774e-06,-4.87821696e-04,-2.70122590e-05,8.27935370e+01,7.54429160e-04,2.22321396e-04,1.54128503e+01,7.14454570e-05,-3.91133582e-04,5.07488588e-12,-7.94538279e-04,-9.00171449e-05,2.10681267e-06,3.06716583e-04,6.30048859e-05
7.65000000e+02,9.82140620e+01,9.25059297e-04,-2.30186943e-04,2.08786962e-06,-4.51865922e-04,1.14048865e-05,8.27972408e+01,8.33157671e-04,1.66386194e-04,1.54168212e+01,9.19016255e-05,-3.96573136e-04,5.20212912e-12,-7.59911674e-04,-5.76774974e-05,2.08786442e-06,3.08045752e-04,6.90823839e-05
7.66000000e+02,9.82205016e+01,1.09997978e-03,-2.97939891e-04,2.08793558e-06,-4.10414829e-04,7.24068196e-05,8.27998633e+01,1.02001393e-03,9.21062340e-05,1.54206383e+01,7.99658484e-05,-3.90046125e-04,5.31180199e-12,-7.17707831e-04,2.51280913e-06,2.08793027e-06,3.07293001e-04,6.98940105e-05
7.67000000e+02,9.82286846e+01,1.25088775e-03,-3.74489480e-04,2.06855030e-06,-3.54615817e-04,1.43097490e-04,8.28040674e+01,1.14994870e-03,2.31826575e-05,1.54246172e+01,1.00939051e-04,-3.97672138e-04,5.43048784e-12,-6.64497733e-04,6.57261624e-05,2.06854487e-06,3.09881915e-04,7.73713275e-05
7.68000000e+02,9.82355693e+01,1.44235908e-03,-4.57557183e-04,2.06822605e-06,-2.99748670e-04,2.36164161e-04,8.28071312e+01,1.35241940e-03,-6.62705952e-05,1.54284381e+01,8.99396805e-05,-3.91286587e-04,5.54976869e-12,-6.09392422e-04,1.56738685e-04,2.06822050e-06,3.09643752e-04,7.94254763e-05
7.69000000e+02,9.82441850e+01,1.58436430e-03,-5.09929310e-04,2.04845650e-06,-2.33889991e-04,3.38229582e-04,8.28117617e+01,1.47143140e-03,-1.10561675e-04,1.54324234e+01,1.12932900e-04,-3.99367635e-04,5.66392810e-12,-5.46610539e-04,2.50001040e-04,2.04845084e-06,3.12720548e-04,8.82285424e-05
7.70000000e+02,9.82514815e+01,1.81679352e-03,-5.67612826e-04,2.04776981e-06,-1.76997271e-04,4.72562681e-04,8.28152299e+01,1.71338541e-03,-1.72622761e-04,1.54362516e+01,1.03408111e-04,-3.94990065e-04,5.79483490e-12,-4.90739310e-04,3.81284110e-04,2.04776402e-06,3.13742038e-04,9.12785702e-05
7.71000000e+02,9.82605597e+01,2.02704073e-03,-6.37403036e-04,2.02767365e-06,-9.65222075e-05,6.22527859e-04,8.28203167e+01,1.89966335e-03,-2.33373170e-04,1.54402430e+01,1.27377378e-04,-4.04029867e-04,5.94096396e-12,-4.14142578e-04,5.21579761e-04,2.02766771e-06,3.17620370e-04,1.00948098e-04
7.72000000e+02,9.82682596e+01,2.29517682e-03,-7.02467401e-04,2.02670712e-06,-2.18384385e-05,8.02417014e-04,8.28241847e+01,2.17646021e-03,-3.02953909e-04,1.54440749e+01,1.18716611e-04,-3.99513492e-04,6.04705590e-12,-3.40212346e-04,6.97658490e-04,2.02670107e-06,3.18373908e-04,1.04758525e-04
7.73000000e+02,9.82777321e+01,2.52699322e-03,-7.53048191e-04,2.00638729e-06,6.29772241e-05,9.99217445e-04,8.28296607e+01,2.38396526e-03,-3.44251750e-04,1.54480714e+01,1.43027965e-04,-4.08796441e-04,6.13686913e-12,-2.59262570e-04,8.84477429e-04,2.00638116e-06,3.22239794e-04,1.14740016e-04
7.74000000e+02,9.82861019e+01,2.84715705e-03,-8.21767868e-04,1.98709764e-06,1.58838533e-04,1.23332456e-03,8.28342912e+01,2.71160435e-03,-4.16970600e-04,1.54518107e+01,1.35552706e-04,-4.04797268e-04,6.21272704e-12,-1.65444229e-04,1.11381043e-03,1.98709142e-06,3.24282762e-04,1.19514123e-04
7.75000000e+02,9.82959566e+01,3.13614878e-03,-8.90699872e-04,1.96836526e-06,2.73495647e-04,1.48204094e-03,8.28401520e+01,2.97567188e-03,-4.75096716e-04,1.54558047e+01,1.60476899e-04,-4.15603155e-04,6.30894992e-12,-5.56243179e-05,1.35199883e-03,1.96835895e-06,3.29119965e-04,1.30042110e-04
7.76000000e+02,9.83044971e+01,3.47293894e-03,-9.73675795e-04,1.96817150e-06,3.88501026e-04,1.74622514e-03,8.28448516e+01,3.32112237e-03,-5.62333680e-04,1.54596455e+01,1.51816573e-04,-4.11342114e-04,6.40038416e-12,5.84736782e-05,1.61245537e-03,1.96816510e-06,3.30027347e-04,1.33769774e-04
7.77000000e+02,9.83147925e+01,3.73478811e-03,-1.05333535e-03,1.94902615e-06,5.14660724e-04,2.00491487e-03,8.28511197e+01,3.56139406e-03,-6.33768002e-04,1.54636728e+01,1.73394050e-04,-4.19567350e-04,6.44750113e-12,1.82019959e-04,1.86280832e-03,1.94901970e-06,3.32640765e-04,1.42106553e-04
7.78000000e+02,9.83235818e+01,4.01885512e-03,-1.13660093e-03,1.94844659e-06,6.35741270e-04,2.25792756e-03,8.28560646e+01,3.85575404e-03,-7.24013138e-04,1.54675171e+01,1.63101083e-04,-4.12587796e-04,6.50484820e-12,3.04181730e-04,2.11381377e-03,1.94844008e-06,3.31559539e-04,1.44113794e-04
7.79000000e+02,9.83341700e+01,4.23909236e-03,-1.22815842e-03,1.92900598e-06,7.67388680e-04,2.50028670e-03,8.28626371e+01,4.05659088e-03,-8.08485086e-04,1.54715329e+01,1.82501482e-04,-4.19673333e-04,6.56102573e-12,4.34961025e-04,2.34991667e-03,1.92899942e-06,3.32427654e-04,1.50370030e-04
7.80000000e+02,9.83437228e+01,4.46299743e-03,-1.33553902e-03,1.91059988e-06,9.01348443e-04,2.73794140e-03,8.28684279e+01,4.29345772e-03,-9.24809879e-04,1.54752949e+01,1.69539710e-04,-4.10729144e-04,6.62788557e-12,5.71148450e-04,2.58706631e-03,1.91059325e-06,3.30199993e-04,1.50875090e-04
7.81000000e+02,9.83548864e+01,4.58420801e-03,-1.40953597e-03,1.89280807e-06,1.03484835e-03,2.95142187e-03,8.28755741e+01,4.39632008e-03,-9.93803323e-04,1.54793123e+01,1.87887927e-04,-4.15732651e-04,6.68621649e-12,7.05049500e-04,2.79512562e-03,1.89280138e-06,3.29798852e-04,1.56296253e-04
7.82000000e+02,9.83647148e+01,4.72723124e-03,-1.49248698e-03,1.89318015e-06,1.15693869e-03,3.15111979e-03,8.28815576e+01,4.55455869e-03,-1.08744646e-03,1.54831572e+01,1.72672548e-04,-4.05040523e-04,6.69802098e-12,8.31269659e-04,2.99635138e-03,1.89317345e-06,3.25669029e-04,1.54768406e-04
7.83000000e+02,9.83763684e+01,4.77595622e-03,-1.57485754e-03,1.87505777e-06,1.27890859e-03,3.31848512e-03,8.28891818e+01,4.58697503e-03,-1.16686362e-03,1.54871867e+01,1.88981194e-04,-4.07993926e-04,6.70911747e-12,9.56159631e-04,3.16077953e-03,1.87505106e-06,3.22748957e-04,1.57705592e-04
7.84000000e+02,9.83868458e+01,4.84148325e-03,-1.64926484e-03,1.85785267e-06,1.38818970e-03,3.47003888e-03,8.28958991e+01,4.66894432e-03,-1.25544544e-03,1.54909466e+01,1.72538937e-04,-3.93819397e-04,6.70596253e-12,1.07194197e-03,3.31537028e-03,1.85784596e-06,3.16247730e-04,1.54668602e-04
7.85000000e+02,9.83987253e+01,4.81332772e-03,-1.67437506e-03,1.84120978e-06,1.48122934e-03,3.59252382e-03,8.29037717e+01,4.62597623e-03,-1.27991245e-03,1.54949537e+01,1.87351486e-04,-3.94462611e-04,6.67130203e-12,1.16902759e-03,3.43591093e-03,1.84120311e-06,3.12201754e-04,1.56612883e-04
7.86000000e+02,9.84090831e+01,4.82941398e-03,-1.70519804e-03,1.84225100e-06,1.56084222e-03,3.70131457e-03,8.29102981e+01,4.65903861e-03,-1.32561709e-03,1.54987850e+01,1.70375368e-04,-3.79580946e-04,6.62599575e-12,1.25620268e-03,3.54907110e-03,1.84224438e-06,3.04639537e-04,1.52243475e-04
7.87000000e+02,9.84212562e+01,4.78629225e-03,-1.72798692e-03,1.82523322e-06,1.63310797e-03,3.78129202e-03,8.29184509e+01,4.60292947e-03,-1.34905563e-03,1.55028054e+01,1.83362781e-04,-3.78931283e-04,6.59197613e-12,1.33453886e-03,3.62935452e-03,1.82522663e-06,2.98569111e-04,1.51937505e-04
7.88000000e+02,9.84323124e+01,4.77228984e-03,-1.73643242e-03,1.80911800e-06,1.68219548e-03,3.84475915e-03,8.29257494e+01,4.60772992e-03,-1.37478059e-03,1.55065630e+01,1.64559923e-04,-3.61651832e-04,6.56010789e-12,1.39280744e-03,3.69839952e-03,1.80911144e-06,2.89388039e-04,1.46359632e-04
7.89000000e+02,9.84448604e+01,4.68365442e-03,-1.71598497e-03,1.79351709e-06,1.71735843e-03,3.88975231e-03,8.29342904e+01,4.50728036e-03,-1.35561553e-03,1.55105700e+01,1.76374065e-04,-3.60369432e-04,6.52414060e-12,1.43435451e-03,3.74425685e-03,1.79351056e-06,2.83003918e-04,1.45495454e-04
7.90000000e+02,9.84558901e+01,4.65606912e-03,-1.70197227e-03,1.79521731e-06,1.74203488e-03,3.92601933e-03,8.29414954e+01,4.49797823e-03,-1.35827418e-03,1.55143948e+01,1.58090893e-04,-3.43698087e-04,6.48026234e-12,1.46809979e-03,3.78650538e-03,1.79521083e-06,2.73935091e-04,1.39513947e-04
7.91000000e+02,9.84687629e+01,4.59373598e-03,-1.69629243e-03,1.77912142e-06,1.76054433e-03,3.95225208e-03,8.29503576e+01,4.42479570e-03,-1.35354254e-03,1.55184052e+01,1.68940273e-04,-3.42749886e-04,6.44427039e-12,1.49361361e-03,3.81463063e-03,1.77911498e-06,2.66930727e-04,1.37621448e-04
7.92000000e+02,9.84805176e+01,4.58954659e-03,-1.69776327e-03,1.76389595e-06,1.76190945e-03,3.97793724e-03,8.29583647e+01,4.44052949e-03,-1.37350190e-03,1.55221529e+01,1.49017100e-04,-3.24261371e-04,6.39289580e-12,1.50490262e-03,3.84719454e-03,1.76388956e-06,2.57006833e-04,1.30742705e-04
7.93000000e+02,9.84937614e+01,4.52947462e-03,-1.67448420e-03,1.74914413e-06,1.75740428e-03,3.99820759e-03,8.29676116e+01,4.36977346e-03,-1.35126518e-03,1.55261498e+01,1.59701159e-04,-3.23219016e-04,6.36525488e-12,1.50726220e-03,3.86928072e-03,1.74913776e-06,2.50142077e-04,1.28926868e-04
7.94000000e+02,9.85054155e+01,4.55445186e-03,-1.67265505e-03,1.75130824e-06,1.74688766e-03,4.03394251e-03,8.29754559e+01,4.41347779e-03,-1.36670830e-03,1.55299596e+01,1.40974068e-04,-3.05946743e-04,6.35586286e-12,1.50604446e-03,3.91132771e-03,1.75130189e-06,2.40843196e-04,1.22614804e-04
7.95000000e+02,9.85188728e+01,4.59832114e-03,-1.69033930e-03,1.73591131e-06,1.73732347e-03,4.09119323e-03,8.29849183e+01,4.44801301e-03,-1.38409484e-03,1.55339546e+01,1.50308138e-04,-3.06244459e-04,6.36192646e-12,1.50265173e-03,3.97150626e-03,1.73590495e-06,2.34671741e-04,1.19686967e-04
7.96000000e+02,9.85311907e+01,4.67991603e-03,-1.72413339e-03,1.72135407e-06,1.72271957e-03,4.13925935e-03,8.29935020e+01,4.54927902e-03,-1.43705338e-03,1.55376887e+01,1.30637009e-04,-2.87080012e-04,6.39767829e-12,1.49782723e-03,4.02602661e-03,1.72134767e-06,2.24892334e-04,1.13232739e-04
7.97000000e+02,9.85449996e+01,4.72485474e-03,-1.71523224e-03,1.70720114e-06,1.69816686e-03,4.19852937e-03,8.30033255e+01,4.58446957e-03,-1.42794695e-03,1.55416741e+01,1.40385175e-04,-2.87285286e-04,6.40463620e-12,1.47931581e-03,4.08756853e-03,1.70719474e-06,2.18851044e-04,1.10960833e-04
7.98000000e+02,9.85578802e+01,4.87757023e-03,-1.74674032e-03,1.69367800e-06,1.67351969e-03,4.28213683e-03,8.30124537e+01,4.75674052e-03,-1.47715972e-03,1.55454266e+01,1.20829717e-04,-2.69580603e-04,6.43607534e-12,1.46387635e-03,4.17858630e-03,1.69367156e-06,2.09643345e-04,1.03550531e-04
7.99000000e+02,9.85721762e+01,5.01232575e-03,-1.79003207e-03,1.68042736e-06,1.65028748e-03,4.35594469e-03,8.30227613e+01,4.88172241e-03,-1.51846842e-03,1.55494149e+01,1.30603337e-04,-2.71563648e-04,6.45910848e-12,1.44573608e-03,4.25481256e-03,1.68042090e-06,2.04551402e-04,1.01132130e-04
8.00000000e+02,9.85846494e+01,5.19813092e-03,-1.85421527e-03,1.68314280e-06,1.63898703e-03,4.43342875e-03,8.30314538e+01,5.08635258e-03,-1.60204183e-03,1.55531957e+01,1.11778338e-04,-2.52173442e-04,6.50461119e-12,1.44309090e-03,4.33852565e-03,1.68313629e-06,1.95896130e-04,9.49030934e-05
8.01000000e+02,9.85986804e+01,5.34844036e-03,-1.86880502e-03,1.66888246e-06,1.61777491e-03,4.51930438e-03,8.30415261e+01,5.22962771e-03,-1.61325520e-03,1.55571543e+01,1.18812646e-04,-2.55549822e-04,6.59513754e-12,1.42535466e-03,4.42755133e-03,1.66887587e-06,1.92420252e-04,9.17530485e-05
8.02000000e+02,9.86115284e+01,5.48126978e-03,-1.91857265e-03,1.65531373e-06,1.59694822e-03,4.55756024e-03,8.30506641e+01,5.37911932e-03,-1.67762489e-03,1.55608643e+01,1.02150461e-04,-2.40947759e-04,6.64965977e-12,1.41064183e-03,4.47062853e-03,1.65530708e-06,1.86306389e-04,8.69317146e-05
8.03000000e+02,9.86259809e+01,5.60080072e-03,-2.00437916e-03,1.64196241e-06,1.59747056e-03,4.59977927e-03,8.30611432e+01,5.48710554e-03,-1.75981467e-03,1.55648377e+01,1.13695182e-04,-2.44564488e-04,6.72191687e-12,1.41412435e-03,4.51365617e-03,1.64195569e-06,1.83346206e-04,8.61231059e-05
8.04000000e+02,9.86396560e+01,5.78394706e-03,-2.06929704e-03,1.62903992e-06,1.59066322e-03,4.64669262e-03,8.30710762e+01,5.68855010e-03,-1.83926228e-03,1.55685799e+01,9.53969630e-05,-2.30034758e-04,6.79099560e-12,1.41248879e-03,4.56619718e-03,1.62903313e-06,1.78174435e-04,8.04954382e-05
8.05000000e+02,9.86548320e+01,5.85456941e-03,-2.13519449e-03,1.61627175e-06,1.59624569e-03,4.65428152e-03,8.30822791e+01,5.74926934e-03,-1.89924396e-03,1.55725530e+01,1.05300069e-04,-2.35950533e-04,6.87658844e-12,1.41961802e-03,4.57446165e-03,1.61626488e-06,1.76627673e-04,7.98198738e-05
8.06000000e+02,9.86681392e+01,5.94910061e-03,-2.19208272e-03,1.61898908e-06,1.59066620e-03,4.65262411e-03,8.30918362e+01,5.85874858e-03,-1.96947388e-03,1.55763029e+01,9.03520308e-05,-2.22608839e-04,6.98896298e-12,1.41792007e-03,4.57609231e-03,1.61898209e-06,1.72746125e-04,7.65317949e-05
8.07000000e+02,9.86829841e+01,6.02649215e-03,-2.25953469e-03,1.60500807e-06,1.59660984e-03,4.65259484e-03,8.31027535e+01,5.92462848e-03,-2.02910393e-03,1.55802306e+01,1.01863672e-04,-2.30430753e-04,7.10440563e-12,1.42374942e-03,4.57614283e-03,1.60500097e-06,1.72860421e-04,7.64520178e-05
8.08000000e+02,9.86965994e+01,6.08906525e-03,-2.30357275e-03,1.59167084e-06,1.58912452e-03,4.61040973e-03,8.31126909e+01,6.00201806e-03,-2.08473181e-03,1.55839086e+01,8.70471850e-05,-2.18840938e-04,7.20603298e-12,1.41857093e-03,4.53657052e-03,1.59166363e-06,1.70553593e-04,7.38392041e-05
8.09000000e+02,9.87117743e+01,6.05872895e-03,-2.34033668e-03,1.57850753e-06,1.59364293e-03,4.55227137e-03,8.31239244e+01,5.95916425e-03,-2.11300900e-03,1.55878499e+01,9.95647032e-05,-2.27327687e-04,7.29582826e-12,1.42240438e-03,4.47689196e-03,1.57850023e-06,1.71238550e-04,7.53794093e-05
8.10000000e+02,9.87261503e+01,6.05302497e-03,-2.38062414e-03,1.56572550e-06,1.59602208e-03,4.48664285e-03,8.31345912e+01,5.96821939e-03,-2.16615212e-03,1.55915591e+01,8.48055841e-05,-2.14472018e-04,7.36690698e-12,1.42792125e-03,4.41373045e-03,1.56571813e-06,1.68100838e-04,7.29124060e-05
8.11000000e+02,9.87412086e+01,5.98656561e-03,-2.38446984e-03,1.56811894e-06,1.58368099e-03,4.39978833e-03,8.31456879e+01,5.88726834e-03,-2.15936630e-03,1.55955207e+01,9.92972692e-05,-2.25103532e-04,7.42948764e-12,1.41361346e-03,4.32472615e-03,1.56811151e-06,1.70067531e-04,7.50621808e-05
8.12000000e+02,9.87554201e+01,5.94684209e-03,-2.39542656e-03,1.55413053e-06,1.57808143e-03,4.30097053e-03,8.31562354e+01,5.86217009e-03,-2.18315682e-03,1.55991847e+01,8.46719956e-05,-2.12269732e-04,7.48703416e-12,1.41055343e-03,4.22801517e-03,1.55412304e-06,1.67528003e-04,7.29553634e-05
8.13000000e+02,9.87708398e+01,5.77152082e-03,-2.35144565e-03,1.54056847e-06,1.55026324e-03,4.15538154e-03,8.31677655e+01,5.67370617e-03,-2.12745364e-03,1.56030743e+01,9.78146440e-05,-2.23992012e-04,7.50867844e-12,1.37956171e-03,4.08011274e-03,1.54056096e-06,1.70701525e-04,7.52688078e-05
8.14000000e+02,9.87853652e+01,5.61196508e-03,-2.30704654e-03,1.52746621e-06,1.52714629e-03,3.99809167e-03,8.31786257e+01,5.52728444e-03,-2.09394433e-03,1.56067395e+01,8.46806358e-05,-2.13102210e-04,7.53348852e-12,1.35788725e-03,3.92401765e-03,1.52745868e-06,1.69259040e-04,7.40740244e-05
8.15000000e+02,9.88014688e+01,5.40125941e-03,-2.25836751e-03,1.51448287e-06,1.50434123e-03,3.82498384e-03,8.31908173e+01,5.30116431e-03,-2.03305822e-03,1.56106515e+01,1.00095105e-04,-2.25309287e-04,7.52944528e-12,1.33213785e-03,3.74791248e-03,1.51447534e-06,1.72203376e-04,7.70713592e-05
8.16000000e+02,9.88157158e+01,5.20379388e-03,-2.20693753e-03,1.51674381e-06,1.47646578e-03,3.63719222e-03,8.32013827e+01,5.11763652e-03,-1.99362171e-03,1.56143331e+01,8.61573546e-05,-2.13315824e-04,7.53007209e-12,1.30607003e-03,3.56139034e-03,1.51673628e-06,1.70395742e-04,7.58018781e-05
8.17000000e+02,9.88315330e+01,4.89437432e-03,-2.10958915e-03,1.50261243e-06,1.43849769e-03,3.42322720e-03,8.32133362e+01,4.79356142e-03,-1.88512719e-03,1.56181968e+01,1.00812907e-04,-2.24461956e-04,7.51919669e-12,1.26551266e-03,3.34421043e-03,1.50260491e-06,1.72985028e-04,7.90167743e-05
8.18000000e+02,9.88461276e+01,4.61401180e-03,-1.99847972e-03,1.48918088e-06,1.38911874e-03,3.20302874e-03,8.32243200e+01,4.52546336e-03,-1.78458276e-03,1.56218076e+01,8.85484392e-05,-2.13896962e-04,7.46999900e-12,1.21731233e-03,3.12424432e-03,1.48917341e-06,1.71806413e-04,7.87844187e-05
8.19000000e+02,9.88622840e+01,4.29344479e-03,-1.89756131e-03,1.47600193e-06,1.34179630e-03,2.97429697e-03,8.32366046e+01,4.18785424e-03,-1.67085487e-03,1.56256794e+01,1.05590547e-04,-2.26706439e-04,7.42925283e-12,1.16724410e-03,2.89176317e-03,1.47599450e-06,1.74552203e-04,8.25337990e-05
8.20000000e+02,9.88776281e+01,4.01903524e-03,-1.78900912e-03,1.46322426e-06,1.28638984e-03,2.74730575e-03,8.32483121e+01,3.92601868e-03,-1.57488625e-03,1.56293160e+01,9.30165606e-05,-2.14122866e-04,7.38153870e-12,1.11373909e-03,2.66504679e-03,1.46321688e-06,1.72650755e-04,8.22589592e-05
8.21000000e+02,9.88935276e+01,3.65887017e-03,-1.62382934e-03,1.46522868e-06,1.21579538e-03,2.50960127e-03,8.32603319e+01,3.55096200e-03,-1.39815893e-03,1.56331957e+01,1.07908171e-04,-2.25670415e-04,7.32325598e-12,1.04095074e-03,2.42405644e-03,1.46522135e-06,1.74844644e-04,8.55448329e-05
8.22000000e+02,9.89085567e+01,3.32354598e-03,-1.49622465e-03,1.45134825e-06,1.15295547e-03,2.26845659e-03,8.32717765e+01,3.22753354e-03,-1.28255948e-03,1.56367801e+01,9.60124416e-05,-2.13665169e-04,7.25265421e-12,9.80661353e-04,2.18316850e-03,1.45134100e-06,1.72294113e-04,8.52880933e-05
8.23000000e+02,9.89248166e+01,2.98622426e-03,-1.34742196e-03,1.43797539e-06,1.07542458e-03,2.03664486e-03,8.32842206e+01,2.87296206e-03,-1.12157854e-03,1.56405961e+01,1.13262198e-04,-2.25843414e-04,7.16774324e-12,9.01024202e-04,1.94739918e-03,1.43796822e-06,1.74400378e-04,8.92456858e-05
8.24000000e+02,9.89402408e+01,2.69674170e-03,-1.20189229e-03,1.42511764e-06,9.99251295e-04,1.81267384e-03,8.32960509e+01,2.59591147e-03,-9.89870931e-04,1.56441899e+01,1.00830237e-04,-2.12021364e-04,7.09631777e-12,8.27636617e-04,1.72404860e-03,1.42511054e-06,1.71614678e-04,8.86252415e-05
8.25000000e+02,9.89572857e+01,2.32308805e-03,-1.02741292e-03,1.41246253e-06,9.19325295e-04,1.58047126e-03,8.33092561e+01,2.20784994e-03,-8.03297327e-04,1.56480296e+01,1.15238109e-04,-2.24115593e-04,7.03287867e-12,7.45998187e-04,1.48871163e-03,1.41245549e-06,1.73327108e-04,9.17596293e-05
8.26000000e+02,9.89723957e+01,2.00221302e-03,-8.83267698e-04,1.41476466e-06,8.41117308e-04,1.35769390e-03,8.33207744e+01,1.89922066e-03,-6.73742420e-04,1.56516214e+01,1.02992365e-04,-2.09525279e-04,6.95890936e-12,6.71669125e-04,1.26695505e-03,1.41475771e-06,1.69448183e-04,9.07388510e-05
8.27000000e+02,9.89890566e+01,1.67308628e-03,-7.31379934e-04,1.40103237e-06,7.59945915e-04,1.14189295e-03,8.33336526e+01,1.55472158e-03,-5.10372886e-04,1.56554040e+01,1.18364695e-04,-2.21007048e-04,6.89568769e-12,5.89772833e-04,1.04847817e-03,1.40102548e-06,1.70173081e-04,9.34147882e-05
8.28000000e+02,9.90045144e+01,1.39698247e-03,-5.96056197e-04,1.38806777e-06,6.81030901e-04,9.35948035e-04,8.33455772e+01,1.29152140e-03,-3.90198528e-04,1.56589372e+01,1.05461064e-04,-2.05857669e-04,6.82365888e-12,5.14958600e-04,8.43872007e-04,1.38806095e-06,1.66072301e-04,9.20760282e-05
8.29000000e+02,9.90215616e+01,1.04966190e-03,-4.38407454e-04,1.37545262e-06,6.00430840e-04,7.27995102e-04,8.33588300e+01,9.30625303e-04,-2.22012399e-04,1.56627316e+01,1.19036594e-04,-2.16395055e-04,6.76273468e-12,4.34057307e-04,6.33952623e-04,1.37544586e-06,1.66373532e-04,9.40424789e-05
8.30000000e+02,9.90378102e+01,7.71377400e-04,-3.08775528e-04,1.36326712e-06,5.23758070e-04,5.29672675e-04,8.33715224e+01,6.65722907e-04,-1.08451677e-04,1.56662878e+01,1.05654493e-04,-2.00323852e-04,6.71041099e-12,3.62257454e-04,4.37497106e-04,1.36326041e-06,1.61500616e-04,9.21755696e-05
8.31000000e+02,9.90545415e+01,4.74712314e-04,-1.77294758e-04,1.36569842e-06,4.45399302e-04,3.35983018e-04,8.33844723e+01,3.54874387e-04,3.37554452e-05,1.56700692e+01,1.19837927e-04,-2.11050203e-04,6.66935711e-12,2.84370694e-04,2.42520339e-04,1.36569175e-06,1.61028608e-04,9.34626795e-05
8.32000000e+02,9.90703394e+01,2.55923624e-04,-7.68144271e-05,1.35245013e-06,3.69921746e-04,1.50593661e-04,8.33967737e+01,1.50244015e-04,1.17055739e-04,1.56735657e+01,1.05679609e-04,-1.93870166e-04,6.68112006e-12,2.14534368e-04,5.99642684e-05,1.35244345e-06,1.55387378e-04,9.06293923e-05
8.33000000e+02,9.90873697e+01,-2.03046858e-05,4.68975969e-05,1.33981305e-06,2.94447374e-04,-3.49042879e-05,8.34100716e+01,-1.38091060e-04,2.49507773e-04,1.56772981e+01,1.17786374e-04,-2.02610176e-04,6.68673642e-12,1.40224071e-04,-1.26201939e-04,1.33980637e-06,1.54223302e-04,9.12976511e-05
8.34000000e+02,9.91035884e+01,-2.31362399e-04,1.47191444e-04,1.32773976e-06,2.19572255e-04,-2.15456723e-04,8.34227806e+01,-3.34915443e-04,3.33195252e-04,1.56808078e+01,1.03553044e-04,-1.86003807e-04,6.69827317e-12,7.10882267e-05,-3.03408676e-04,1.32773306e-06,1.48484028e-04,8.79519531e-05
8.35000000e+02,9.91203837e+01,-4.58172901e-04,2.33496643e-04,1.33047677e-06,1.47871174e-04,-3.97660249e-04,8.34358365e+01,-5.74026771e-04,4.29102168e-04,1.56845473e+01,1.15853870e-04,-1.95605525e-04,6.67709035e-12,6.80398268e-07,-4.85550747e-04,1.33047009e-06,1.47190776e-04,8.78904977e-05
8.36000000e+02,9.91364753e+01,-6.30291863e-04,3.03094831e-04,1.31739441e-06,7.28818126e-05,-5.82651644e-04,8.34484504e+01,-7.30667110e-04,4.80174020e-04,1.56880249e+01,1.00375247e-04,-1.77079190e-04,6.71745486e-12,-6.78615196e-05,-6.66433588e-04,1.31738769e-06,1.40743332e-04,8.37819440e-05
8.37000000e+02,9.91539837e+01,-8.65333262e-04,4.04258793e-04,1.30495992e-06,-7.94418764e-06,-7.78683121e-04,8.34622496e+01,-9.75368747e-04,5.89592245e-04,1.56917340e+01,1.10035485e-04,-1.85333452e-04,6.76577831e-12,-1.46796387e-04,-8.61542647e-04,1.30495315e-06,1.38852200e-04,8.28595259e-05
8.38000000e+02,9.91707255e+01,-1.07086452e-03,4.77308124e-04,1.29313578e-06,-8.98921529e-05,-9.82970034e-04,8.34755173e+01,-1.16481657e-03,6.44571309e-04,1.56952082e+01,9.39520457e-05,-1.67263185e-04,6.82364714e-12,-2.22106067e-04,-1.06096149e-03,1.29312895e-06,1.32213914e-04,7.79914589e-05
8.39000000e+02,9.91879490e+01,-1.30183759e-03,5.44047308e-04,1.29607062e-06,-1.71355458e-04,-1.19571186e-03,8.34890529e+01,-1.40598903e-03,7.21128942e-04,1.56988961e+01,1.04151438e-04,-1.77081634e-04,6.88553057e-12,-3.02036110e-04,-1.27264241e-03,1.29606374e-06,1.30680652e-04,7.69305475e-05
8.40000000e+02,9.92043619e+01,-1.49467393e-03,5.96463992e-04,1.28324904e-06,-2.58116773e-04,-1.41424034e-03,8.35020376e+01,-1.58224095e-03,7.53964173e-04,1.57023243e+01,8.75670149e-05,-1.57500181e-04,6.95750574e-12,-3.82075581e-04,-1.48614533e-03,1.28324209e-06,1.23958807e-04,7.19049896e-05
8.41000000e+02,9.92221358e+01,-1.75634580e-03,6.93700630e-04,1.27109367e-06,-3.54716612e-04,-1.64457048e-03,8.35161484e+01,-1.85226800e-03,8.59276384e-04,1.57059874e+01,9.59222003e-05,-1.65575755e-04,7.03743794e-12,-4.76644610e-04,-1.71505750e-03,1.27108664e-06,1.21927997e-04,7.04870219e-05
8.42000000e+02,9.92391195e+01,-1.98174881e-03,7.76920219e-04,1.25957082e-06,-4.56641756e-04,-1.87703880e-03,8.35297028e+01,-2.06171831e-03,9.24047405e-04,1.57094167e+01,7.99694991e-05,-1.47127186e-04,7.12812579e-12,-5.72010937e-04,-1.94250617e-03,1.25956369e-06,1.15369182e-04,6.54673709e-05
8.43000000e+02,9.92565419e+01,-2.23597124e-03,8.49937306e-04,1.26267242e-06,-5.56433061e-04,-2.11315332e-03,8.35434875e+01,-2.32538730e-03,1.00770084e-03,1.57130544e+01,8.94160621e-05,-1.57763533e-04,7.18905769e-12,-6.70806614e-04,-2.17755627e-03,1.26266523e-06,1.14373553e-04,6.44029452e-05
8.44000000e+02,9.92731464e+01,-2.45157615e-03,9.12881248e-04,1.25011785e-06,-6.60231146e-04,-2.34684224e-03,8.35567074e+01,-2.52448978e-03,1.05066675e-03,1.57164390e+01,7.29136313e-05,-1.37785505e-04,7.25743785e-12,-7.68234495e-04,-2.40661309e-03,1.25011059e-06,1.08003349e-04,5.97708447e-05
8.45000000e+02,9.92911399e+01,-2.73231846e-03,1.03101236e-03,1.23823393e-06,-7.72027117e-04,-2.58648596e-03,8.35710799e+01,-2.81448982e-03,1.17840953e-03,1.57200600e+01,8.21713624e-05,-1.47397172e-04,7.33462254e-12,-8.79033516e-04,-2.64541757e-03,1.23822659e-06,1.07006399e-04,5.89316080e-05
8.46000000e+02,9.93071593e+01,-2.96100194e-03,1.12007215e-03,1.24139188e-06,-8.78789180e-04,-2.81889969e-03,8.35837425e+01,-3.02748975e-03,1.25027831e-03,1.57234168e+01,6.64878081e-05,-1.30206163e-04,7.42090873e-12,-9.80542131e-04,-2.87345898e-03,1.24138446e-06,1.01752951e-04,5.45592918e-05
8.47000000e+02,9.93249839e+01,-3.22214191e-03,1.18688955e-03,1.22863503e-06,-9.80475664e-04,-3.05312662e-03,8.35979648e+01,-3.29923772e-03,1.32915897e-03,1.57270191e+01,7.70958098e-05,-1.42269416e-04,7.49260102e-12,-1.08234272e-03,-3.10746584e-03,1.22862753e-06,1.01867054e-04,5.43392275e-05
8.48000000e+02,9.93419874e+01,-3.42427471e-03,1.25605301e-03,1.21676578e-06,-1.08204023e-03,-3.27547597e-03,8.36116079e+01,-3.48644718e-03,1.37927016e-03,1.57303795e+01,6.21724773e-05,-1.23217147e-04,7.52984178e-12,-1.17875505e-03,-3.32613649e-03,1.21675825e-06,9.67148256e-05,5.06605146e-05
8.49000000e+02,9.93595935e+01,-3.68600190e-03,1.36565565e-03,1.21969714e-06,-1.18175751e-03,-3.49768737e-03,8.36256444e+01,-3.75812415e-03,1.50090511e-03,1.57339491e+01,7.21222474e-05,-1.35249462e-04,7.57707133e-12,-1.27905970e-03,-3.54839350e-03,1.21968957e-06,9.73021846e-05,5.07061312e-05
8.50000000e+02,9.93765526e+01,-3.88486885e-03,1.43627760e-03,1.20704585e-06,-1.27518104e-03,-3.70494421e-03,8.36392763e+01,-3.94364940e-03,1.55528580e-03,1.57372763e+01,5.87805451e-05,-1.19008196e-04,7.62935426e-12,-1.36843434e-03,-3.75280354e-03,1.20703822e-06,9.32533009e-05,4.78593338e-05
8.51000000e+02,9.93950436e+01,-4.08232312e-03,1.49128255e-03,1.19510558e-06,-1.35885646e-03,-3.89554492e-03,8.36542045e+01,-4.15356493e-03,1.62403050e-03,1.57408390e+01,7.12418086e-05,-1.32747960e-04,7.66580617e-12,-1.45353584e-03,-3.94472562e-03,1.19509791e-06,9.46793834e-05,4.91807030e-05
8.52000000e+02,9.94128037e+01,-4.20850134e-03,1.54289270e-03,1.18383347e-06,-1.43685230e-03,-4.05963889e-03,8.36686447e+01,-4.26575320e-03,1.65800823e-03,1.57441590e+01,5.72518584e-05,-1.15115529e-04,7.67215748e-12,-1.52747136e-03,-4.10627381e-03,1.18382580e-06,9.06190644e-05,4.66349256e-05
8.53000000e+02,9.94308780e+01,-4.39089676e-03,1.62505065e-03,1.18700357e-06,-1.51248703e-03,-4.21410174e-03,8.36832167e+01,-4.46018069e-03,1.75368921e-03,1.57476612e+01,6.92839298e-05,-1.28638554e-04,7.66604857e-12,-1.60506841e-03,-4.26245063e-03,1.18699591e-06,9.25813803e-05,4.83488844e-05
8.54000000e+02,9.94479288e+01,-4.47311771e-03,1.67158125e-03,1.17470090e-06,-1.57527290e-03,-4.33179079e-03,8.36970121e+01,-4.53115989e-03,1.78541826e-03,1.57509167e+01,5.80421801e-05,-1.13837013e-04,7.64377436e-12,-1.66530803e-03,-4.37915873e-03,1.17469326e-06,9.00351369e-05,4.73679442e-05
8.55000000e+02,9.94662219e+01,-4.54753193e-03,1.70014369e-03,1.16306192e-06,-1.62205536e-03,-4.42076941e-03,8.37118100e+01,-4.61992393e-03,1.82965789e-03,1.57544119e+01,7.23920073e-05,-1.29514197e-04,7.61900854e-12,-1.71504682e-03,-4.47115058e-03,1.16305430e-06,9.29914630e-05,5.03811701e-05
8.56000000e+02,9.94824180e+01,-4.55865088e-03,1.71694269e-03,1.16640617e-06,-1.65887442e-03,-4.47995981e-03,8.37247929e+01,-4.61864503e-03,1.83067247e-03,1.57576251e+01,5.99941518e-05,-1.13729777e-04,7.55340205e-12,-1.74937492e-03,-4.52947493e-03,1.16639862e-06,9.05004938e-05,4.95151208e-05
8.57000000e+02,9.95003304e+01,-4.61136360e-03,1.75557839e-03,1.15394418e-06,-1.68860308e-03,-4.51632249e-03,8.37392202e+01,-4.68515532e-03,1.88478142e-03,1.57611102e+01,7.37917255e-05,-1.29203027e-04,7.46175253e-12,-1.78253745e-03,-4.56921777e-03,1.15393672e-06,9.39343722e-05,5.28952817e-05
8.58000000e+02,9.95174451e+01,-4.57814058e-03,1.76039408e-03,1.14236267e-06,-1.70054926e-03,-4.51910392e-03,8.37530877e+01,-4.64136833e-03,1.87561144e-03,1.57643574e+01,6.32277468e-05,-1.15217359e-04,7.36622134e-12,-1.79286071e-03,-4.57199013e-03,1.14235530e-06,9.23114507e-05,5.28862098e-05
8.59000000e+02,9.95364044e+01,-4.55024528e-03,1.74613705e-03,1.13122605e-06,-1.69619745e-03,-4.49464903e-03,8.37685556e+01,-4.62868610e-03,1.87851536e-03,1.57678488e+01,7.84408240e-05,-1.32378309e-04,7.25818481e-12,-1.79247685e-03,-4.55157398e-03,1.13121879e-06,9.62794018e-05,5.69249544e-05
8.60000000e+02,9.95533087e+01,-4.45507345e-03,1.71007741e-03,1.13467202e-06,-1.67782320e-03,-4.44300362e-03,8.37822908e+01,-4.52250868e-03,1.82748384e-03,1.57710179e+01,6.74352268e-05,-1.17406431e-04,7.14776910e-12,-1.77255557e-03,-4.49998828e-03,1.13466487e-06,9.47323712e-05,5.69846627e-05
8.61000000e+02,9.95716724e+01,-4.40230379e-03,1.70346886e-03,1.12247866e-06,-1.65130722e-03,-4.37295662e-03,8.37972358e+01,-4.48432864e-03,1.83703799e-03,1.57744366e+01,8.20248528e-05,-1.33569127e-04,7.05127204e-12,-1.74998516e-03,-4.43405901e-03,1.12247161e-06,9.86779428e-05,6.11023958e-05
8.62000000e+02,9.95888662e+01,-4.28190112e-03,1.67218550e-03,1.11113299e-06,-1.61355802e-03,-4.27661539e-03,8.38112588e+01,-4.35402079e-03,1.79245692e-03,1.57776073e+01,7.21196688e-05,-1.20271415e-04,6.95235296e-12,-1.71139223e-03,-4.33849003e-03,1.11112604e-06,9.78342098e-05,6.18746386e-05
8.63000000e+02,9.96076511e+01,-4.16729679e-03,1.62060835e-03,1.10022800e-06,-1.55807292e-03,-4.15680262e-03,8.38266224e+01,-4.25572205e-03,1.75884001e-03,1.57810288e+01,8.84252665e-05,-1.38231667e-04,6.84606512e-12,-1.66040938e-03,-4.22319859e-03,1.10022115e-06,1.02336458e-04,6.63959722e-05
8.64000000e+02,9.96255524e+01,-3.97418408e-03,1.55001841e-03,1.08977954e-06,-1.49235692e-03,-4.00921425e-03,8.38413541e+01,-4.05259690e-03,1.67349966e-03,1.57841983e+01,7.84128160e-05,-1.23481254e-04,6.74259524e-12,-1.59342516e-03,-4.07644037e-03,1.08977280e-06,1.01068232e-04,6.72261142e-05
8.65000000e+02,9.96435948e+01,-3.85008974e-03,1.51839735e-03,1.09321268e-06,-1.42850380e-03,-3.86084937e-03,8.38560710e+01,-3.94247385e-03,1.65820369e-03,1.57875238e+01,9.23841095e-05,-1.39806345e-04,6.65690216e-12,-1.53347814e-03,-3.93185812e-03,1.09320602e-06,1.04974332e-04,7.10087549e-05
8.66000000e+02,9.96604119e+01,-3.66815790e-03,1.47313941e-03,1.08157523e-06,-1.35838939e-03,-3.69232670e-03,8.38697935e+01,-3.75082431e-03,1.59875415e-03,1.57906184e+01,8.26664131e-05,-1.25614735e-04,6.58946341e-12,-1.46185434e-03,-3.76389421e-03,1.08156864e-06,1.03464950e-04,7.15675138e-05
8.67000000e+02,9.96785065e+01,-3.50037033e-03,1.40853391e-03,1.07054679e-06,-1.27923545e-03,-3.51351705e-03,8.38845401e+01,-3.59878987e-03,1.55230862e-03,1.57939664e+01,9.84195410e-05,-1.43774715e-04,6.56555489e-12,-1.38683305e-03,-3.58912687e-03,1.07054022e-06,1.07597595e-04,7.56098125e-05
8.68000000e+02,9.96958611e+01,-3.26896252e-03,1.32549098e-03,1.06014668e-06,-1.19434553e-03,-3.31903147e-03,8.38987740e+01,-3.35643458e-03,1.45358752e-03,1.57970871e+01,8.74720628e-05,-1.28096540e-04,6.53513072e-12,-1.30005257e-03,-3.39469642e-03,1.06014015e-06,1.05707033e-04,7.56649471e-05
8.69000000e+02,9.97149114e+01,-3.12394790e-03,1.28927363e-03,1.04997363e-06,-1.11334389e-03,-3.13370535e-03,8.39144669e+01,-3.22520478e-03,1.43311450e-03,1.58004446e+01,1.01256872e-04,-1.43840871e-04,6.50397870e-12,-1.22239752e-03,-3.21278876e-03,1.04996713e-06,1.09053630e-04,7.90834110e-05
8.70000000e+02,9.97329565e+01,-2.94742093e-03,1.24362768e-03,1.04013285e-06,-1.03310415e-03,-2.94609012e-03,8.39294288e+01,-3.03708885e-03,1.37243037e-03,1.58035277e+01,8.96679126e-05,-1.28802686e-04,6.49042614e-12,-1.13970957e-03,-3.02446243e-03,1.04012636e-06,1.06605423e-04,7.83723017e-05
8.71000000e+02,9.97509701e+01,-2.82520568e-03,1.18011264e-03,1.04362776e-06,-9.51060948e-04,-2.77815038e-03,8.39442144e+01,-2.92874176e-03,1.32609126e-03,1.58067558e+01,1.03536080e-04,-1.45978616e-04,6.51161307e-12,-1.06076606e-03,-2.85911977e-03,1.04362125e-06,1.09705113e-04,8.09693868e-05
8.72000000e+02,9.97676555e+01,-2.65377343e-03,1.10586781e-03,1.03253450e-06,-8.67359201e-04,-2.60400115e-03,8.39578976e+01,-2.74497737e-03,1.23417591e-03,1.58097579e+01,9.12039414e-05,-1.28308094e-04,6.54745716e-12,-9.73692146e-04,-2.68349392e-03,1.03252795e-06,1.06332945e-04,7.94927666e-05
8.73000000e+02,9.97856364e+01,-2.56923633e-03,1.08639741e-03,1.02205341e-06,-7.91825056e-04,-2.44531162e-03,8.39726137e+01,-2.67219635e-03,1.22987327e-03,1.58130227e+01,1.02960023e-04,-1.43475859e-04,6.58965645e-12,-9.00473672e-04,-2.52677954e-03,1.02204682e-06,1.08648616e-04,8.14679125e-05
8.74000000e+02,9.98029321e+01,-2.45806386e-03,1.03907499e-03,1.01216760e-06,-7.16950032e-04,-2.28914514e-03,8.39868683e+01,-2.54879761e-03,1.16571587e-03,1.58160638e+01,9.07337529e-05,-1.26640880e-04,6.62120423e-12,-8.21735886e-04,-2.36886065e-03,1.01216097e-06,1.04785854e-04,7.97155071e-05
8.75000000e+02,9.98219786e+01,-2.37216640e-03,9.89874463e-04,1.00247382e-06,-6.47617560e-04,-2.13908346e-03,8.40026385e+01,-2.47649493e-03,1.13303350e-03,1.58193401e+01,1.04328537e-04,-1.43159037e-04,6.66480243e-12,-7.54574282e-04,-2.22079180e-03,1.00246716e-06,1.06956722e-04,8.17083417e-05
8.76000000e+02,9.98400417e+01,-2.23076623e-03,9.33509115e-04,9.93094203e-07,-5.79916481e-04,-1.98388655e-03,8.40177024e+01,-2.32194068e-03,1.05687985e-03,1.58223393e+01,9.11744540e-05,-1.23370736e-04,6.71632842e-12,-6.82171795e-04,-2.06346528e-03,9.93087487e-07,1.02255315e-04,7.95787266e-05
8.77000000e+02,9.98592667e+01,-2.16844553e-03,9.38725225e-04,9.83812036e-07,-5.25037204e-04,-1.84160422e-03,8.40337228e+01,-2.27104847e-03,1.07623659e-03,1.58255439e+01,1.02602938e-04,-1.37511361e-04,6.76747390e-12,-6.28392943e-04,-1.92220254e-03,9.83805268e-07,1.03355739e-04,8.05983204e-05
8.78000000e+02,9.98770283e+01,-2.05763210e-03,9.12998184e-04,9.74804305e-07,-4.72989113e-04,-1.70137417e-03,8.40485530e+01,-2.14754534e-03,1.03210584e-03,1.58284753e+01,8.99132413e-05,-1.19107657e-04,6.81389852e-12,-5.71349631e-04,-1.77929991e-03,9.74797492e-07,9.83605182e-05,7.79257421e-05
8.79000000e+02,9.98957712e+01,-1.96180287e-03,8.79756175e-04,9.65845844e-07,-4.24922086e-04,-1.56546482e-03,8.40641362e+01,-2.06374143e-03,1.01466155e-03,1.58316350e+01,1.01938566e-04,-1.34905379e-04,6.84826174e-12,-5.24532924e-04,-1.64394114e-03,9.65838995e-07,9.96108384e-05,7.84763161e-05
8.80000000e+02,9.99131204e+01,-1.81604255e-03,8.34485839e-04,9.57135150e-07,-3.75309841e-04,-1.43231541e-03,8.40785785e+01,-1.90389215e-03,9.48696349e-04,1.58345420e+01,8.78496063e-05,-1.14210509e-04,6.87867877e-12,-4.69459056e-04,-1.50763383e-03,9.57128271e-07,9.41492149e-05,7.53184290e-05
8.81000000e+02,9.99316253e+01,-1.74459163e-03,8.40029387e-04,9.48461601e-07,-3.36499669e-04,-1.31160059e-03,8.40939388e+01,-1.84306376e-03,9.68516244e-04,1.58376865e+01,9.84721281e-05,-1.28486857e-04,6.89604991e-12,-4.31439870e-04,-1.38697496e-03,9.48454705e-07,9.49402015e-05,7.53743699e-05
8.82000000e+02,9.99488924e+01,-1.61561411e-03,8.08072610e-04,9.40002920e-07,-2.97356028e-04,-1.19291820e-03,8.41083153e+01,-1.70027830e-03,9.17525612e-04,1.58405771e+01,8.46641823e-05,-1.09453002e-04,6.91802676e-12,-3.86837741e-04,-1.26471266e-03,9.39996002e-07,8.94817129e-05,7.17944591e-05
8.83000000e+02,9.99674030e+01,-1.51162352e-03,7.55985081e-04,9.31529005e-07,-2.55992128e-04,-1.08518879e-03,8.41237026e+01,-1.60789098e-03,8.80772488e-04,1.58437005e+01,9.62674671e-05,-1.24787407e-04,6.94043314e-12,-3.46435839e-04,-1.15696369e-03,9.31522065e-07,9.04437112e-05,7.17749014e-05
8.84000000e+02,9.99847183e+01,-1.35160460e-03,6.99802296e-04,9.23253617e-07,-2.15181819e-04,-9.75868513e-04,8.41381524e+01,-1.43286415e-03,8.04361501e-04,1.58465660e+01,8.12595456e-05,-1.04559205e-04,6.93968684e-12,-3.00095728e-04,-1.04390363e-03,9.23246677e-07,8.49139087e-05,6.80351207e-05
8.85000000e+02,1.00003288e+02,-1.26803118e-03,6.65975006e-04,9.14962428e-07,-1.79689589e-04,-8.78785778e-04,8.41536262e+01,-1.35941905e-03,7.84458489e-04,1.58496615e+01,9.13878692e-05,-1.18483483e-04,6.94565637e-12,-2.65269201e-04,-9.46449005e-04,9.14955483e-07,8.55796119e-05,6.76632279e-05
8.86000000e+02,1.00020630e+02,-1.12041026e-03,6.13634110e-04,9.06852022e-07,-1.44999375e-04,-7.80133084e-04,8.41681344e+01,-1.19702864e-03,7.13282762e-04,1.58524961e+01,7.66183765e-05,-9.96486523e-05,6.95782626e-12,-2.25420936e-04,-8.43713278e-04,9.06845064e-07,8.04215608e-05,6.35801939e-05
8.87000000e+02,1.00039176e+02,-1.00694206e-03,5.33687885e-04,8.98696422e-07,-1.03858435e-04,-6.90950063e-04,8.41836166e+01,-1.09528408e-03,6.48886147e-04,1.58555592e+01,8.83420256e-05,-1.15198262e-04,6.94665436e-12,-1.85334265e-04,-7.54745644e-04,8.98689475e-07,8.14758296e-05,6.37955809e-05
8.88000000e+02,1.00056459e+02,-8.15844415e-04,4.47630187e-04,8.90724189e-07,-6.52863923e-05,-5.87580349e-04,8.41980963e+01,-8.89460289e-04,5.43100732e-04,1.58583622e+01,7.36158741e-05,-9.54705457e-05,6.94288367e-12,-1.41672688e-04,-6.47788937e-04,8.90717246e-07,7.63862961e-05,6.02085876e-05
8.89000000e+02,1.00074925e+02,-6.87010904e-04,3.85196952e-04,8.82727335e-07,-2.85937256e-05,-4.89065480e-04,8.42135300e+01,-7.71596660e-04,4.94445385e-04,1.58613946e+01,8.45857560e-05,-1.09248433e-04,6.91832149e-12,-1.05832162e-04,-5.49644381e-04,8.82720417e-07,7.72384369e-05,6.05789009e-05
8.90000000e+02,1.00092095e+02,-4.88055651e-04,3.08832916e-04,8.74893912e-07,6.87849235e-06,-3.79229842e-04,8.42279289e+01,-5.58426097e-04,3.99825994e-04,1.58641662e+01,7.03704464e-05,-9.09930786e-05,6.88333838e-12,-6.57681415e-05,-4.36573267e-04,8.74887028e-07,7.26466339e-05,5.73434253e-05
8.91000000e+02,1.00110418e+02,-3.13746921e-04,2.06456510e-04,8.67005672e-07,5.15576464e-05,-2.66864037e-04,8.42432501e+01,-3.97022234e-04,3.12612123e-04,1.58671676e+01,8.32753123e-05,-1.06155613e-04,6.80901824e-12,-2.22480226e-05,-3.25165602e-04,8.66998863e-07,7.38056691e-05,5.83015650e-05
8.92000000e+02,1.00127437e+02,-4.80874169e-05,1.06317693e-04,8.59281578e-07,8.99630245e-05,-1.33051317e-04,8.42575278e+01,-1.17083611e-04,1.93827243e-04,1.58699093e+01,6.89961942e-05,-8.75095504e-05,6.74671457e-12,2.02337331e-05,-1.88431110e-04,8.59274831e-07,6.97292913e-05,5.53797928e-05
8.93000000e+02,1.00145613e+02,1.55790232e-04,3.10809781e-05,8.51521168e-07,1.27153798e-04,3.10179622e-06,8.42727314e+01,7.51182062e-05,1.33187899e-04,1.58728820e+01,8.06720262e-05,-1.02106921e-04,6.67288294e-12,5.58364449e-05,-5.33923433e-05,8.51514496e-07,7.13173528e-05,5.64941396e-05
8.94000000e+02,1.00162484e+02,4.29773709e-04,-5.13812818e-05,8.43922723e-07,1.65617916e-04,1.55976680e-04,8.42868888e+01,3.63087510e-04,3.33457564e-05,1.58755954e+01,6.66861997e-05,-8.47270382e-05,6.58379488e-12,9.80100043e-05,1.02102481e-04,8.43916140e-07,6.76079112e-05,5.38741985e-05
8.95000000e+02,1.00180508e+02,6.90126463e-04,-1.64368665e-04,8.36255403e-07,2.12812986e-04,3.18641127e-04,8.43019678e+01,6.09849890e-04,-6.25022768e-05,1.58785399e+01,8.02765731e-05,-1.01866388e-04,6.49330994e-12,1.42614255e-04,2.63205900e-04,8.36248910e-07,7.01987309e-05,5.54352275e-05
8.96000000e+02,1.00197234e+02,1.03653815e-03,-2.94203753e-04,8.28734736e-07,2.68434735e-04,5.01671513e-04,8.43160079e+01,9.69319498e-04,-2.10824645e-04,1.58812256e+01,6.72186493e-05,-8.33791082e-05,6.41797063e-12,2.01838357e-04,4.48057006e-04,8.28728318e-07,6.65963783e-05,5.36145074e-05
8.97000000e+02,1.00215126e+02,1.33753099e-03,-3.77469321e-04,8.21170438e-07,3.15111400e-04,7.00819736e-04,8.43309825e+01,1.25857959e-03,-2.78686371e-04,1.58841432e+01,7.89514014e-05,-9.87829502e-05,6.34946933e-12,2.46009745e-04,6.45634005e-04,8.21164088e-07,6.91016551e-05,5.51857309e-05
8.98000000e+02,1.00231728e+02,1.68993412e-03,-4.67328378e-04,8.13758874e-07,3.66398629e-04,9.09897783e-04,8.43449265e+01,1.62374707e-03,-3.84637413e-04,1.58868015e+01,6.61870474e-05,-8.26909649e-05,6.28460734e-12,3.00123621e-04,8.56528831e-04,8.13752589e-07,6.62750084e-05,5.33689521e-05
8.99000000e+02,1.00249502e+02,2.02287609e-03,-6.00696901e-04,8.06268621e-07,4.30545354e-04,1.12505654e-03,8.43598113e+01,1.94328460e-03,-5.00835716e-04,1.58896910e+01,7.95914924e-05,-9.98611852e-05,6.20534859e-12,3.61112747e-04,1.06979615e-03,8.06262416e-07,6.94326070e-05,5.52603934e-05
9.00000000e+02,1.00265993e+02,2.41067629e-03,-7.27208042e-04,7.98936228e-07,4.99677503e-04,1.34892257e-03,8.43736721e+01,2.34473156e-03,-6.45014641e-04,1.58923213e+01,6.59447248e-05,-8.21934007e-05,6.14432940e-12,4.33239866e-04,1.29536510e-03,7.98930083e-07,6.64376372e-05,5.35574725e-05
9.01000000e+02,1.00283669e+02,2.71121667e-03,-8.29393869e-04,7.91544057e-07,5.66905302e-04,1.56899461e-03,8.43884859e+01,2.63403644e-03,-7.31059902e-04,1.58951829e+01,7.71802379e-05,-9.83339671e-05,6.08855779e-12,4.97294947e-04,1.51387332e-03,7.91537968e-07,6.96103551e-05,5.51212839e-05
9.02000000e+02,1.00300069e+02,3.01308389e-03,-9.28208030e-04,7.84299523e-07,6.37035239e-04,1.77837368e-03,8.44022843e+01,2.94998880e-03,-8.45719210e-04,1.58977843e+01,6.30950939e-05,-8.24888205e-05,6.03108628e-12,5.70018203e-04,1.72540313e-03,7.84293492e-07,6.70170363e-05,5.29705448e-05
9.03000000e+02,1.00317653e+02,3.26248801e-03,-1.06198956e-03,7.76977478e-07,7.16773626e-04,1.97781693e-03,8.44170375e+01,3.18722705e-03,-9.62711487e-04,1.59006157e+01,7.52609604e-05,-9.92780682e-05,5.98767776e-12,6.46454997e-04,1.92347838e-03,7.76971490e-07,7.03186286e-05,5.43385514e-05
9.04000000e+02,1.00333960e+02,3.51784249e-03,-1.17647879e-03,7.69793853e-07,7.97115669e-04,2.16136311e-03,8.44307735e+01,3.45767671e-03,-1.09460510e-03,1.59031867e+01,6.01657735e-05,-8.18736865e-05,5.95736658e-12,7.29625614e-04,2.10911121e-03,7.69787896e-07,6.74900547e-05,5.22519050e-05
9.05000000e+02,1.00351462e+02,3.65388685e-03,-1.25854587e-03,7.62557042e-07,8.71943929e-04,2.32619325e-03,8.44454733e+01,3.58272064e-03,-1.16132707e-03,1.59059883e+01,7.11662049e-05,-9.72188024e-05,5.89437374e-12,8.01627266e-04,2.27262952e-03,7.62551148e-07,7.03166629e-05,5.35637230e-05
9.06000000e+02,1.00367695e+02,3.79420240e-03,-1.32017642e-03,7.55469104e-07,9.38882457e-04,2.47507057e-03,8.44591663e+01,3.73682287e-03,-1.23949922e-03,1.59085289e+01,5.73795256e-05,-8.06772043e-05,5.87874421e-12,8.71329702e-04,2.42359264e-03,7.55463225e-07,6.75527553e-05,5.14779331e-05
9.07000000e+02,1.00385118e+02,3.88113318e-03,-1.39963136e-03,7.48308346e-07,1.00846299e-03,2.60914230e-03,8.44738189e+01,3.81177906e-03,-1.30184596e-03,1.59112992e+01,6.93541149e-05,-9.77853964e-05,5.84265868e-12,9.37664152e-04,2.55639063e-03,7.48302503e-07,7.07988397e-05,5.27516680e-05
9.08000000e+02,1.00401269e+02,3.97276177e-03,-1.45648258e-03,7.41285043e-07,1.07339096e-03,2.72462227e-03,8.44874604e+01,3.91771961e-03,-1.37676296e-03,1.59138089e+01,5.50421595e-05,-7.97196215e-05,5.84033546e-12,1.00567985e-03,2.67396240e-03,7.41279202e-07,6.77111126e-05,5.06598632e-05
9.09000000e+02,1.00418624e+02,3.98109536e-03,-1.46917582e-03,7.34214655e-07,1.12600162e-03,2.82781504e-03,8.45020747e+01,3.91379482e-03,-1.37403474e-03,1.59165495e+01,6.73005380e-05,-9.51410740e-05,5.84115409e-12,1.05577347e-03,2.77558419e-03,7.34208814e-07,7.02281527e-05,5.22308551e-05
9.10000000e+02,1.00434719e+02,4.02218869e-03,-1.46311718e-03,7.27291879e-07,1.16681128e-03,2.91988061e-03,8.45156908e+01,3.96763676e-03,-1.38456978e-03,1.59190287e+01,5.45519311e-05,-7.85474013e-05,5.83810174e-12,1.09945415e-03,2.86963030e-03,7.27286041e-07,6.73571349e-05,5.02503062e-05
9.11000000e+02,1.00452011e+02,4.02402964e-03,-1.47610669e-03,7.20289164e-07,1.21055705e-03,3.00238951e-03,8.45302732e+01,3.95673507e-03,-1.38095110e-03,1.59217377e+01,6.72945729e-05,-9.51555921e-05,5.83352532e-12,1.14039137e-03,2.95064099e-03,7.20283331e-07,7.01656760e-05,5.17485184e-05
9.12000000e+02,1.00468040e+02,4.05751149e-03,-1.46242521e-03,7.13431915e-07,1.24717569e-03,3.07761350e-03,8.45438543e+01,4.00338614e-03,-1.38501409e-03,1.59241860e+01,5.41253554e-05,-7.74111284e-05,5.84224943e-12,1.18019549e-03,3.02778335e-03,7.13426073e-07,6.69801918e-05,4.98301468e-05
9.13000000e+02,1.00485284e+02,4.03015581e-03,-1.43299076e-03,7.06534851e-07,1.27820562e-03,3.14596696e-03,8.45584193e+01,3.96331248e-03,-1.33964179e-03,1.59268649e+01,6.68433378e-05,-9.33489682e-05,5.85886827e-12,1.20866134e-03,3.09447037e-03,7.06528992e-07,6.95442768e-05,5.14965846e-05
9.14000000e+02,1.00501274e+02,4.05331345e-03,-1.39490759e-03,6.99788240e-07,1.30243993e-03,3.21462292e-03,8.45719910e+01,3.99877503e-03,-1.31769104e-03,1.59292826e+01,5.45384163e-05,-7.72165511e-05,5.88707170e-12,1.23590260e-03,3.16493577e-03,6.99782353e-07,6.65373241e-05,4.96871457e-05
9.15000000e+02,1.00518468e+02,4.05130390e-03,-1.39344819e-03,6.92969810e-07,1.33548699e-03,3.28580156e-03,8.45865373e+01,3.98356656e-03,-1.29922060e-03,1.59319303e+01,6.77373432e-05,-9.42275913e-05,5.92079938e-12,1.26611953e-03,3.23432782e-03,6.92963889e-07,6.93674675e-05,5.14737420e-05
9.16000000e+02,1.00534401e+02,4.10009820e-03,-1.38602933e-03,6.86302514e-07,1.36901372e-03,3.36404447e-03,8.46000838e+01,4.04522116e-03,-1.30871657e-03,1.59343172e+01,5.48770336e-05,-7.73127631e-05,5.95745420e-12,1.30266924e-03,3.31430662e-03,6.86296556e-07,6.63444815e-05,4.97378472e-05
9.17000000e+02,1.00551545e+02,4.12108144e-03,-1.38215011e-03,6.79586654e-07,1.40551125e-03,3.45359589e-03,8.46146097e+01,4.05246353e-03,-1.28859845e-03,1.59369350e+01,6.86179172e-05,-9.35516542e-05,5.97730403e-12,1.33674440e-03,3.40166308e-03,6.79580677e-07,6.87668463e-05,5.19328116e-05
9.18000000e+02,1.00567426e+02,4.21751343e-03,-1.38274781e-03,6.73023223e-07,1.44101265e-03,3.56269052e-03,8.46281338e+01,4.16134211e-03,-1.30578495e-03,1.59392921e+01,5.61713221e-05,-7.69628666e-05,6.01601481e-12,1.37542898e-03,3.51242681e-03,6.73017207e-07,6.55836791e-05,5.02637044e-05
9.19000000e+02,1.00584506e+02,4.30597479e-03,-1.41679434e-03,6.66405157e-07,1.48922998e-03,3.68869360e-03,8.46426257e+01,4.23649425e-03,-1.32209136e-03,1.59418798e+01,6.94805412e-05,-9.47029836e-05,6.05761941e-12,1.42073482e-03,3.63674876e-03,6.66399099e-07,6.84951607e-05,5.19448357e-05
9.20000000e+02,1.00600319e+02,4.48254181e-03,-1.46998400e-03,6.59935022e-07,1.54559289e-03,3.83777063e-03,8.46561115e+01,4.42661684e-03,-1.39360837e-03,1.59442077e+01,5.59249737e-05,-7.63756274e-05,6.09966454e-12,1.48088667e-03,3.78822146e-03,6.59928923e-07,6.47062165e-05,4.95491678e-05
9.21000000e+02,1.00617341e+02,4.62369223e-03,-1.50992886e-03,6.53437967e-07,1.60178456e-03,3.99376049e-03,8.46705734e+01,4.55463793e-03,-1.41687701e-03,1.59467672e+01,6.90543039e-05,-9.30518553e-05,6.11828975e-12,1.53450318e-03,3.94242316e-03,6.53431849e-07,6.72813765e-05,5.13373373e-05
9.22000000e+02,1.00633097e+02,4.83633406e-03,-1.56955372e-03,6.47071282e-07,1.66505552e-03,4.16672775e-03,8.46840310e+01,4.78176283e-03,-1.49396117e-03,1.59490662e+01,5.45712313e-05,-7.55925592e-05,6.12722756e-12,1.60153567e-03,4.11841282e-03,6.47065155e-07,6.35198431e-05,4.83149341e-05
9.23000000e+02,1.00650045e+02,5.01694232e-03,-1.66982881e-03,6.40654446e-07,1.73952036e-03,4.33420465e-03,8.46984486e+01,4.94898484e-03,-1.57698952e-03,1.59515962e+01,6.79574855e-05,-9.28392912e-05,6.12903925e-12,1.67361945e-03,4.28476370e-03,6.40648317e-07,6.59009100e-05,4.94409530e-05
9.24000000e+02,1.00665716e+02,5.26619273e-03,-1.77648528e-03,6.34375716e-07,1.81829761e-03,4.50468315e-03,8.47118503e+01,5.21235931e-03,-1.70298088e-03,1.59538659e+01,5.38334217e-05,-7.35043952e-05,6.13109423e-12,1.75682875e-03,4.45808107e-03,6.34369584e-07,6.14688547e-05,4.66020843e-05
9.25000000e+02,1.00682581e+02,5.46387438e-03,-1.87274147e-03,6.28068733e-07,1.89650327e-03,4.67003518e-03,8.47262136e+01,5.39941987e-03,-1.78348666e-03,1.59563671e+01,6.44545138e-05,-8.92548114e-05,6.10008626e-12,1.83309227e-03,4.62330717e-03,6.28062633e-07,6.34110024e-05,4.67280142e-05
9.26000000e+02,1.00698168e+02,5.67449189e-03,-1.96733195e-03,6.21886197e-07,1.96927876e-03,4.81511679e-03,8.47395602e+01,5.62484080e-03,-1.89599855e-03,1.59586080e+01,4.96510861e-05,-7.13333924e-05,6.07001211e-12,1.91010122e-03,4.77217906e-03,6.21880127e-07,5.91775425e-05,4.29377336e-05
9.27000000e+02,1.00714937e+02,5.84090178e-03,-2.09694126e-03,6.15650641e-07,2.04730526e-03,4.93891108e-03,8.47538569e+01,5.77929692e-03,-2.00853690e-03,1.59610798e+01,6.16048581e-05,-8.84043566e-05,6.01623528e-12,1.98593104e-03,4.89571647e-03,6.15644625e-07,6.13742227e-05,4.31946093e-05
9.28000000e+02,1.00730418e+02,6.04536430e-03,-2.22181673e-03,6.09536266e-07,2.12091349e-03,5.04973701e-03,8.47671265e+01,6.00033693e-03,-2.15237862e-03,1.59632914e+01,4.50273685e-05,-6.94381091e-05,5.98402867e-12,2.06375022e-03,5.01087677e-03,6.09530282e-07,5.71632665e-05,3.88602403e-05
9.29000000e+02,1.00747084e+02,6.14451555e-03,-2.33254522e-03,6.03398936e-07,2.19060233e-03,5.12513899e-03,8.47813495e+01,6.08917761e-03,-2.24807241e-03,1.59657346e+01,5.53379399e-05,-8.44728034e-05,5.93087746e-12,2.13201826e-03,5.08663984e-03,6.03393005e-07,5.85840631e-05,3.84991455e-05
9.30000000e+02,1.00762466e+02,6.25481610e-03,-2.41444682e-03,5.97384502e-07,2.24025654e-03,5.17541901e-03,8.47945483e+01,6.21477104e-03,-2.34788379e-03,1.59679177e+01,4.00450595e-05,-6.65630282e-05,5.86187681e-12,2.18584544e-03,5.14084771e-03,5.97378640e-07,5.44110975e-05,3.45712998e-05
9.31000000e+02,1.00779026e+02,6.32086754e-03,-2.52518628e-03,5.91315593e-07,2.28579393e-03,5.20702412e-03,8.48086940e+01,6.26961195e-03,-2.44218211e-03,1.59703318e+01,5.12555916e-05,-8.30041752e-05,5.81858546e-12,2.22963876e-03,5.17270486e-03,5.91309774e-07,5.61551651e-05,3.43192600e-05
9.32000000e+02,1.00794291e+02,6.40072867e-03,-2.61364373e-03,5.85372658e-07,2.31910345e-03,5.21255716e-03,8.48218055e+01,6.36590519e-03,-2.55122548e-03,1.59724858e+01,3.48234707e-05,-6.24182469e-05,5.78468239e-12,2.26795859e-03,5.18243715e-03,5.85366874e-07,5.11448628e-05,3.01200033e-05
9.33000000e+02,1.00810738e+02,6.37177779e-03,-2.64624452e-03,5.79406999e-07,2.32779925e-03,5.18206542e-03,8.48358667e+01,6.32660395e-03,-2.56773928e-03,1.59748713e+01,4.51738344e-05,-7.85052389e-05,5.73186922e-12,2.27461839e-03,5.15222058e-03,5.79401267e-07,5.31808623e-05,2.98448482e-05
9.34000000e+02,1.00825896e+02,6.35476349e-03,-2.66752172e-03,5.73568979e-07,2.32436725e-03,5.12612854e-03,8.48488996e+01,6.32525939e-03,-2.60766892e-03,1.59769963e+01,2.95040954e-05,-5.98527924e-05,5.67074224e-12,2.27554336e-03,5.10062130e-03,5.73563308e-07,4.88238847e-05,2.55072380e-05
9.35000000e+02,1.00842224e+02,6.26399351e-03,-2.70180564e-03,5.67675974e-07,2.31185288e-03,5.03173191e-03,8.48628720e+01,6.22328982e-03,-2.62636871e-03,1.59793517e+01,4.07036898e-05,-7.54369284e-05,5.60970322e-12,2.26182800e-03,5.00618184e-03,5.67670364e-07,5.00248815e-05,2.55500650e-05
9.36000000e+02,1.00857250e+02,6.17486916e-03,-2.68133514e-03,5.61908264e-07,2.27179681e-03,4.91288248e-03,8.48758033e+01,6.15110386e-03,-2.62587248e-03,1.59814470e+01,2.37652991e-05,-5.54626613e-05,5.55932686e-12,2.22615228e-03,4.89185437e-03,5.61902705e-07,4.56445234e-05,2.10281130e-05
9.37000000e+02,1.00873455e+02,5.97341471e-03,-2.62314395e-03,5.56117288e-07,2.21499578e-03,4.75167071e-03,8.48896813e+01,5.93921171e-03,-2.55117352e-03,1.59837735e+01,3.42030042e-05,-7.19704319e-05,5.50994990e-12,2.16700849e-03,4.73084422e-03,5.56111778e-07,4.79872891e-05,2.08264890e-05
9.38000000e+02,1.00888365e+02,5.77639759e-03,-2.56781123e-03,5.50446882e-07,2.15701835e-03,4.56264872e-03,8.49025255e+01,5.75784817e-03,-2.51503192e-03,1.59858395e+01,1.85494248e-05,-5.27793138e-05,5.46327230e-12,2.11357477e-03,4.54597946e-03,5.50441419e-07,4.34435769e-05,1.66692583e-05
9.39000000e+02,1.00904442e+02,5.51090943e-03,-2.49221723e-03,5.44717850e-07,2.07625657e-03,4.34386843e-03,8.49163058e+01,5.48196202e-03,-2.42253891e-03,1.59881361e+01,2.89474145e-05,-6.96783140e-05,5.42760961e-12,2.03046145e-03,4.32746032e-03,5.44712423e-07,4.57951201e-05,1.64081080e-05
9.40000000e+02,1.00919215e+02,5.24603532e-03,-2.38859249e-03,5.39107266e-07,1.98418064e-03,4.09987315e-03,8.49290427e+01,5.23293903e-03,-2.33868642e-03,1.59901723e+01,1.30962903e-05,-4.99060686e-05,5.43073111e-12,1.94273361e-03,4.08744920e-03,5.39101835e-07,4.14470332e-05,1.24239506e-05
9.41000000e+02,1.00935162e+02,4.89390237e-03,-2.25607861e-03,5.33468658e-07,1.87526100e-03,3.82716815e-03,8.49427223e+01,4.86928708e-03,-2.18922881e-03,1.59924401e+01,2.46152873e-05,-6.68498065e-05,5.37961226e-12,1.83104764e-03,3.81405621e-03,5.33463279e-07,4.42133613e-05,1.31119421e-05
9.42000000e+02,1.00949812e+02,4.57108777e-03,-2.09855703e-03,5.27940724e-07,1.75659537e-03,3.54824057e-03,8.49553644e+01,4.56135247e-03,-2.05018240e-03,1.59944475e+01,9.73530815e-06,-4.83746259e-05,5.35015089e-12,1.71631529e-03,3.53852950e-03,5.27935374e-07,4.02800788e-05,9.71106634e-06
9.43000000e+02,1.00965622e+02,4.19183555e-03,-1.95497623e-03,5.22348161e-07,1.63144592e-03,3.25111001e-03,8.49689362e+01,4.16983617e-03,-1.88905478e-03,1.59966858e+01,2.19993831e-05,-6.59214508e-05,5.31769561e-12,1.58844479e-03,3.24036098e-03,5.22342843e-07,4.30011292e-05,1.07490324e-05
9.44000000e+02,1.00980128e+02,3.84445056e-03,-1.78851393e-03,5.16870741e-07,1.49754426e-03,2.94868340e-03,8.49814633e+01,3.83704768e-03,-1.74137848e-03,1.59986643e+01,7.40288214e-06,-4.71354475e-05,5.32376291e-12,1.45816599e-03,2.94093801e-03,5.16865417e-07,3.93782683e-05,7.74539710e-06
9.45000000e+02,1.00995808e+02,3.43632809e-03,-1.60325082e-03,5.11363580e-07,1.35693769e-03,2.63648034e-03,8.49949337e+01,3.41600343e-03,-1.53923483e-03,1.60008748e+01,2.03246652e-05,-6.40159863e-05,5.31798959e-12,1.31468082e-03,2.62705796e-03,5.11358262e-07,4.22568752e-05,9.42237715e-06
9.46000000e+02,1.01010192e+02,3.07718994e-03,-1.40052356e-03,5.05969134e-07,1.21035816e-03,2.33025824e-03,8.50073664e+01,3.07046752e-03,-1.35369086e-03,1.60028254e+01,6.72241352e-06,-4.68326961e-05,5.31312265e-12,1.17120727e-03,2.32329289e-03,5.05963821e-07,3.91508938e-05,6.96535475e-06
9.47000000e+02,1.01025739e+02,2.67431660e-03,-1.23173634e-03,5.00506100e-07,1.07090651e-03,2.01897181e-03,8.50207320e+01,2.65411002e-03,-1.16665285e-03,1.60050074e+01,2.02065865e-05,-6.50834883e-05,5.31584531e-12,1.02850838e-03,2.00989237e-03,5.00500785e-07,4.23981236e-05,9.07944044e-06
9.48000000e+02,1.01039985e+02,2.32604531e-03,-1.04151387e-03,4.95149230e-07,9.25120993e-04,1.71900045e-03,8.50330550e+01,2.31923970e-03,-9.95157538e-04,1.60069297e+01,6.80561398e-06,-4.63563301e-05,5.33052898e-12,8.85947681e-04,1.71210286e-03,4.95143899e-07,3.91733118e-05,6.89758640e-06
9.49000000e+02,1.01055402e+02,1.93038238e-03,-8.39097056e-04,4.89768518e-07,7.81336934e-04,1.41773198e-03,8.50463180e+01,1.90996439e-03,-7.74625810e-04,1.60090844e+01,2.04179923e-05,-6.44712459e-05,5.36236216e-12,7.38625461e-04,1.40834105e-03,4.89763156e-07,4.27114733e-05,9.39093276e-06
9.50000000e+02,1.01069523e+02,1.57793259e-03,-6.41778203e-04,4.84495503e-07,6.42984269e-04,1.12930067e-03,8.50585433e+01,1.57063263e-03,-5.94373302e-04,1.60109798e+01,7.29996074e-06,-4.74049011e-05,5.37745928e-12,6.03075626e-04,1.12174659e-03,4.84490125e-07,3.99086429e-05,7.55407988e-06
9.51000000e+02,1.01084811e+02,1.20411633e-03,-4.76375956e-04,4.79166605e-07,5.13306270e-04,8.48224952e-04,8.50717039e+01,1.18239126e-03,-4.10119419e-04,1.60131072e+01,2.17250644e-05,-6.62565365e-05,5.40374530e-12,4.69823888e-04,8.37927329e-04,4.79161202e-07,4.34823826e-05,1.02976229e-05
9.52000000e+02,1.01098801e+02,8.94043259e-04,-3.04642140e-04,4.73932633e-07,3.85537052e-04,5.82521370e-04,8.50838254e+01,8.85012302e-04,-2.56412115e-04,1.60149757e+01,9.03095711e-06,-4.82300251e-05,5.44402602e-12,3.44823044e-04,5.73832267e-04,4.73927189e-07,4.07140083e-05,8.68910369e-06
9.53000000e+02,1.01113969e+02,5.47647843e-04,-1.35517850e-04,4.68673535e-07,2.67374833e-04,3.22723365e-04,8.50968923e+01,5.24878665e-04,-6.90478341e-05,1.60170770e+01,2.27691775e-05,-6.64700163e-05,5.49834662e-12,2.23082004e-04,3.11330513e-04,4.68668037e-07,4.42928294e-05,1.13928525e-05
9.54000000e+02,1.01127850e+02,2.44618133e-04,3.64665812e-05,4.63527945e-07,1.52028341e-04,7.44746700e-05,8.51089307e+01,2.34094644e-04,8.61329665e-05,1.60189194e+01,1.05234894e-05,-4.96663853e-05,5.53954760e-12,1.10328802e-04,6.46359352e-05,4.63522405e-07,4.16995397e-05,9.83873483e-06
9.55000000e+02,1.01142911e+02,-6.17501137e-05,1.61295963e-04,4.58322118e-07,5.15631215e-05,-1.63830479e-04,8.51219165e+01,-8.71831960e-05,2.29708098e-04,1.60209941e+01,2.54330823e-05,-6.84121347e-05,5.55676901e-12,6.41305640e-06,-1.76690654e-04,4.58316561e-07,4.51500651e-05,1.28601745e-05
9.56000000e+02,1.01156683e+02,-2.98668412e-04,2.98160547e-04,4.53235148e-07,-5.07567142e-05,-3.86775154e-04,8.51338732e+01,-3.11463916e-04,3.48925398e-04,1.60228101e+01,1.27955040e-05,-5.07648507e-05,5.58327974e-12,-9.31965961e-05,-3.97869557e-04,4.53229565e-07,4.24398820e-05,1.10944027e-05
9.57000000e+02,1.01171646e+02,-5.82873687e-04,4.25317109e-04,4.48127874e-07,-1.41606370e-04,-6.09937510e-04,8.51467866e+01,-6.09325072e-04,4.93718730e-04,1.60248593e+01,2.64513853e-05,-6.84016211e-05,5.59925622e-12,-1.87323347e-04,-6.23645566e-04,4.48122275e-07,4.57169770e-05,1.37080559e-05
9.58000000e+02,1.01185336e+02,-8.18578334e-04,5.55216175e-04,4.43138180e-07,-2.31064688e-04,-8.25262255e-04,8.51586863e+01,-8.32965118e-04,6.06868177e-04,1.60266499e+01,1.43867839e-05,-5.16520020e-05,5.60214250e-12,-2.73920197e-04,-8.37220601e-04,4.43132578e-07,4.28555096e-05,1.19583461e-05
9.59000000e+02,1.01200220e+02,-1.06100951e-03,6.37981398e-04,4.38091368e-07,-3.10976438e-04,-1.03756913e-03,8.51715470e+01,-1.08980774e-03,7.08587165e-04,1.60286728e+01,2.87982344e-05,-7.06057673e-05,5.57581128e-12,-3.57291846e-04,-1.05207713e-03,4.38085792e-07,4.63154080e-05,1.45080008e-05
9.60000000e+02,1.01213823e+02,-1.25323965e-03,7.30455721e-04,4.33147568e-07,-3.89853618e-04,-1.24421000e-03,8.51833859e+01,-1.26860157e-03,7.82446935e-04,1.60304371e+01,1.53619286e-05,-5.19912138e-05,5.56489234e-12,-4.32881607e-04,-1.25643287e-03,4.33142003e-07,4.30279886e-05,1.22228682e-05
9.61000000e+02,1.01228628e+02,-1.50435632e-03,8.22273415e-04,4.28192594e-07,-4.65608923e-04,-1.46160876e-03,8.51961931e+01,-1.53274866e-03,8.92415838e-04,1.60324346e+01,2.83923369e-05,-7.01424223e-05,5.53920218e-12,-5.11901560e-04,-1.47590546e-03,4.28187055e-07,4.62926368e-05,1.42966932e-05
9.62000000e+02,1.01242169e+02,-1.72558171e-03,9.11565333e-04,4.23350726e-07,-5.40111909e-04,-1.67861002e-03,8.52079962e+01,-1.74063870e-03,9.64010215e-04,1.60341733e+01,1.50569940e-05,-5.24448827e-05,5.48464368e-12,-5.83032038e-04,-1.69041969e-03,4.23345242e-07,4.29201292e-05,1.18096769e-05
9.63000000e+02,1.01256912e+02,-1.97328363e-03,9.65496326e-04,4.18463550e-07,-6.08464002e-04,-1.90319111e-03,8.52207678e+01,-2.00142194e-03,1.03600164e-03,1.60361444e+01,2.81383093e-05,-7.05053135e-05,5.43183937e-12,-6.54390597e-04,-1.91687489e-03,4.18458118e-07,4.59265957e-05,1.36837801e-05
9.64000000e+02,1.01270382e+02,-2.18644689e-03,1.04838656e-03,4.13685628e-07,-6.84509564e-04,-2.12593227e-03,8.52325250e+01,-2.20059642e-03,1.10017838e-03,1.60378572e+01,1.41495290e-05,-5.17918292e-05,5.34945114e-12,-7.26832326e-04,-2.13693576e-03,4.13680279e-07,4.23227624e-05,1.10034946e-05
9.65000000e+02,1.01285063e+02,-2.46795714e-03,1.11314096e-03,4.08900205e-07,-7.55246191e-04,-2.35957975e-03,8.52452597e+01,-2.49424482e-03,1.18218219e-03,1.60398031e+01,2.62876728e-05,-6.90412233e-05,5.26756443e-12,-8.00232936e-04,-2.37232876e-03,4.08894937e-07,4.49867450e-05,1.27490155e-05
9.66000000e+02,1.01297209e+02,-2.71836703e-03,1.20603801e-03,4.11600561e-07,-8.33897996e-04,-2.59119257e-03,8.52558188e+01,-2.73132838e-03,1.25700969e-03,1.60413898e+01,1.29613447e-05,-5.09716856e-05,5.16613912e-12,-8.75344078e-04,-2.60138486e-03,4.11595395e-07,4.14460828e-05,1.01922874e-05
9.67000000e+02,1.01310598e+02,-2.98621665e-03,1.26327609e-03,4.06193884e-07,-9.08385949e-04,-2.82353938e-03,8.52673076e+01,-3.01259087e-03,1.33130800e-03,1.60432903e+01,2.63742219e-05,-6.80319054e-05,5.07012015e-12,-9.52301363e-04,-2.83586796e-03,4.06188814e-07,4.39154145e-05,1.23285713e-05
9.68000000e+02,1.01323131e+02,-3.21528941e-03,1.35614502e-03,4.00887530e-07,-9.92375184e-04,-3.04405244e-03,8.52781468e+01,-3.22694982e-03,1.40518590e-03,1.60449839e+01,1.16604092e-05,-4.90408813e-05,4.98588208e-12,-1.03235905e-03,-3.05352043e-03,4.00882544e-07,3.99838640e-05,9.46798683e-06
9.69000000e+02,1.01337619e+02,-3.50594414e-03,1.43669908e-03,3.95808959e-07,-1.07412400e-03,-3.27389840e-03,8.52906817e+01,-3.53015325e-03,1.50201371e-03,1.60469372e+01,2.42091101e-05,-6.53146244e-05,4.89682045e-12,-1.11646433e-03,-3.28520120e-03,3.95804062e-07,4.23403377e-05,1.13027960e-05
9.70000000e+02,1.01351414e+02,-3.76020165e-03,1.55966942e-03,3.90990782e-07,-1.16701427e-03,-3.50096183e-03,8.53027924e+01,-3.77067053e-03,1.60649217e-03,1.60486216e+01,1.04688807e-05,-4.68227478e-05,4.81527189e-12,-1.20549824e-03,-3.50953653e-03,3.90985967e-07,3.84839693e-05,8.57470278e-06
9.71000000e+02,1.01366575e+02,-4.03528159e-03,1.63509112e-03,3.86207513e-07,-1.25036027e-03,-3.72710011e-03,8.53160686e+01,-4.05879962e-03,1.69919000e-03,1.60505067e+01,2.35180355e-05,-6.40988754e-05,4.74800656e-12,-1.29122584e-03,-3.73765901e-03,3.86202765e-07,4.08655716e-05,1.05588956e-05
9.72000000e+02,1.01379041e+02,-4.27018744e-03,1.73620331e-03,3.88723582e-07,-1.33728708e-03,-3.94341687e-03,8.53270295e+01,-4.27953613e-03,1.78127812e-03,1.60520117e+01,9.34868309e-06,-4.50748145e-05,4.67390766e-12,-1.37450391e-03,-3.95124766e-03,3.88718909e-07,3.72168289e-05,7.83079389e-06
9.73000000e+02,1.01392450e+02,-4.54165724e-03,1.82040013e-03,3.83455612e-07,-1.41716186e-03,-4.15808862e-03,8.53386388e+01,-4.56436443e-03,1.88239181e-03,1.60538113e+01,2.27071924e-05,-6.19916861e-05,4.59949015e-12,-1.45700578e-03,-4.16810255e-03,3.83451013e-07,3.98439158e-05,1.00139320e-05
9.74000000e+02,1.01404705e+02,-4.75206577e-03,1.92850874e-03,3.78292415e-07,-1.49791102e-03,-4.35228863e-03,8.53493002e+01,-4.76144176e-03,1.97262626e-03,1.60554049e+01,9.37598579e-06,-4.41175244e-05,4.56135847e-12,-1.53433152e-03,-4.36010027e-03,3.78287854e-07,3.64205049e-05,7.81164403e-06
9.75000000e+02,1.01418686e+02,-4.96717468e-03,1.98738354e-03,3.73333680e-07,-1.56640641e-03,-4.53241642e-03,8.53614214e+01,-4.99028225e-03,2.04903836e-03,1.60572646e+01,2.31075723e-05,-6.16548207e-05,4.52305263e-12,-1.60552641e-03,-4.54260321e-03,3.73329157e-07,3.91199977e-05,1.01867849e-05
9.76000000e+02,1.01430546e+02,-5.12767217e-03,2.07028922e-03,3.75822035e-07,-1.63811716e-03,-4.69515770e-03,8.53717768e+01,-5.13816510e-03,2.11332443e-03,1.60587688e+01,1.04929239e-05,-4.30352159e-05,4.51684300e-12,-1.67382420e-03,-4.70341935e-03,3.75817518e-07,3.57070397e-05,8.26164713e-06
9.77000000e+02,1.01443836e+02,-5.30145978e-03,2.13492669e-03,3.70590226e-07,-1.70060239e-03,-4.83950818e-03,8.53832742e+01,-5.32510251e-03,2.19507680e-03,1.60605620e+01,2.36427311e-05,-6.01501064e-05,4.50962961e-12,-1.73916708e-03,-4.85049320e-03,3.70585716e-07,3.85646846e-05,1.09850229e-05
9.78000000e+02,1.01456165e+02,-5.41362102e-03,2.21570426e-03,3.65466160e-07,-1.75953650e-03,-4.95102963e-03,8.53940393e+01,-5.42523722e-03,2.25874592e-03,1.60621260e+01,1.16161994e-05,-4.30416533e-05,4.52962588e-12,-1.79505020e-03,-4.96070718e-03,3.65461631e-07,3.55137036e-05,9.67754705e-06
9.79000000e+02,1.01470193e+02,-5.51172623e-03,2.23534569e-03,3.60567902e-07,-1.80000788e-03,-5.03548062e-03,8.54062567e+01,-5.53753390e-03,2.29612955e-03,1.60639365e+01,2.58076655e-05,-6.07838558e-05,4.54900097e-12,-1.83857765e-03,-5.04824648e-03,3.60563353e-07,3.85697657e-05,1.27658631e-05
9.80000000e+02,1.01483279e+02,-5.53814474e-03,2.27479860e-03,3.55972447e-07,-1.83653770e-03,-5.08484196e-03,8.54177993e+01,-5.55266418e-03,2.31814357e-03,1.60654799e+01,1.45194374e-05,-4.33449710e-05,4.58779883e-12,-1.87225761e-03,-5.09666142e-03,3.55967860e-07,3.57199012e-05,1.18194586e-05
9.81000000e+02,1.01497600e+02,-5.55495757e-03,2.27379914e-03,3.51470439e-07,-1.85190418e-03,-5.10417279e-03,8.54303670e+01,-5.58295782e-03,2.33473001e-03,1.60672331e+01,2.80002548e-05,-6.09308714e-05,4.62136777e-12,-1.89100358e-03,-5.11920225e-03,3.51465818e-07,3.90993949e-05,1.50294607e-05
9.82000000e+02,1.01509237e+02,-5.53463700e-03,2.29624031e-03,3.54057020e-07,-1.86307772e-03,-5.09852516e-03,8.54406133e+01,-5.55074168e-03,2.34068028e-03,1.60686239e+01,1.61046807e-05,-4.44399737e-05,4.65719125e-12,-1.89979247e-03,-5.11247116e-03,3.54052363e-07,3.67147486e-05,1.39459992e-05
9.83000000e+02,1.01521832e+02,-5.49715987e-03,2.25270459e-03,3.49092983e-07,-1.85016326e-03,-5.06478331e-03,8.54515256e+01,-5.52791170e-03,2.31564384e-03,1.60703069e+01,3.07518254e-05,-6.29392536e-05,4.69297320e-12,-1.89057227e-03,-5.08221649e-03,3.49088290e-07,4.04090047e-05,1.74331807e-05
9.84000000e+02,1.01533309e+02,-5.38451549e-03,2.22970706e-03,3.44257368e-07,-1.83158705e-03,-4.99676428e-03,8.54615249e+01,-5.40410538e-03,2.27539550e-03,1.60717845e+01,1.95898916e-05,-4.56884341e-05,4.73899123e-12,-1.86949513e-03,-5.01347758e-03,3.44252629e-07,3.79080792e-05,1.67133079e-05
9.85000000e+02,1.01546557e+02,-5.28301805e-03,2.17496747e-03,3.39670547e-07,-1.79718847e-03,-4.90551564e-03,8.54730293e+01,-5.31610893e-03,2.23847861e-03,1.60735282e+01,3.30908848e-05,-6.35111332e-05,4.77887917e-12,-1.83873377e-03,-4.92562288e-03,3.39665769e-07,4.15453056e-05,2.01072313e-05
9.86000000e+02,1.01557786e+02,-5.15359507e-03,2.14969295e-03,3.42303969e-07,-1.76037927e-03,-4.79629639e-03,8.54828553e+01,-5.17456379e-03,2.19696428e-03,1.60749302e+01,2.09687232e-05,-4.72713324e-05,4.82366365e-12,-1.79974475e-03,-4.81522982e-03,3.42299145e-07,3.93654744e-05,1.89334253e-05
9.87000000e+02,1.01570461e+02,-5.00290546e-03,2.05974655e-03,3.37420324e-07,-1.70352079e-03,-4.66327362e-03,8.54938529e+01,-5.03920510e-03,2.12547866e-03,1.60766083e+01,3.62996393e-05,-6.57321188e-05,4.85836534e-12,-1.74648784e-03,-4.68588646e-03,3.37415466e-07,4.29670524e-05,2.26128430e-05
9.88000000e+02,1.01582200e+02,-4.78382290e-03,2.00186937e-03,3.32661239e-07,-1.64787359e-03,-4.50222664e-03,8.55041436e+01,-4.80853254e-03,2.04993765e-03,1.60780562e+01,2.47096339e-05,-4.80682837e-05,4.86893831e-12,-1.68826357e-03,-4.52417100e-03,3.32656370e-07,4.03899717e-05,2.19443525e-05
9.89000000e+02,1.01595656e+02,-4.59708783e-03,1.91797200e-03,3.28156114e-07,-1.58107075e-03,-4.32618336e-03,8.55159068e+01,-4.63536030e-03,1.98419632e-03,1.60797493e+01,3.82724649e-05,-6.62243138e-05,4.88487794e-12,-1.62514720e-03,-4.35146915e-03,3.28151229e-07,4.40764462e-05,2.52857961e-05
9.90000000e+02,1.01606951e+02,-4.37919846e-03,1.87479614e-03,3.30707532e-07,-1.51760108e-03,-4.13889764e-03,8.55258563e+01,-4.40602686e-03,1.92433084e-03,1.60810951e+01,2.68283984e-05,-4.95347059e-05,4.89990221e-12,-1.55938206e-03,-4.16317644e-03,3.30702632e-07,4.17809759e-05,2.42788024e-05
9.91000000e+02,1.01619529e+02,-4.15367021e-03,1.76565234e-03,3.25948408e-07,-1.43730524e-03,-3.94087340e-03,8.55368171e+01,-4.19469762e-03,1.83403180e-03,1.60827121e+01,4.10274084e-05,-6.83794557e-05,4.90089421e-12,-1.48280696e-03,-3.96830874e-03,3.25943507e-07,4.55017201e-05,2.74353363e-05
9.92000000e+02,1.01631036e+02,-3.89694290e-03,1.69510832e-03,3.21321506e-07,-1.36214309e-03,-3.73281609e-03,8.55469349e+01,-3.92604697e-03,1.74560894e-03,1.60841015e+01,2.91040748e-05,-5.05006145e-05,4.90574196e-12,-1.40502397e-03,-3.75918565e-03,3.21316600e-07,4.28808744e-05,2.63695580e-05
9.93000000e+02,1.01642928e+02,-3.70587818e-03,1.60896863e-03,3.23590018e-07,-1.28292518e-03,-3.53394463e-03,8.55572672e+01,-3.74683411e-03,1.67736694e-03,1.60856607e+01,4.09559325e-05,-6.83983092e-05,4.91826858e-12,-1.32926222e-03,-3.56274787e-03,3.23585100e-07,4.63370432e-05,2.88032354e-05
9.94000000e+02,1.01653862e+02,-3.49721655e-03,1.55890971e-03,3.18866376e-07,-1.20966509e-03,-3.33238286e-03,8.55668471e+01,-3.52649135e-03,1.61091438e-03,1.60870150e+01,2.92747961e-05,-5.20046700e-05,4.91633631e-12,-1.25362312e-03,-3.35961744e-03,3.18861459e-07,4.39580316e-05,2.72345727e-05
9.95000000e+02,1.01666462e+02,-3.30060303e-03,1.44970708e-03,3.14217347e-07,-1.12465153e-03,-3.13515691e-03,8.55778291e+01,-3.34278637e-03,1.51991828e-03,1.60886330e+01,4.21833431e-05,-7.02112091e-05,4.91503311e-12,-1.17207978e-03,-3.16497035e-03,3.14212432e-07,4.74282547e-05,2.98134421e-05
9.96000000e+02,1.01678328e+02,-3.10423545e-03,1.39397265e-03,3.09945928e-07,-1.04997620e-03,-2.94126808e-03,8.55883275e+01,-3.13326772e-03,1.44612072e-03,1.60900003e+01,2.90322719e-05,-5.21480713e-05,4.90923115e-12,-1.09452013e-03,-2.96937120e-03,3.09941019e-07,4.45439348e-05,2.81031191e-05
9.97000000e+02,1.01690496e+02,-2.97820577e-03,1.32293865e-03,3.12175575e-07,-9.75793450e-04,-2.76514979e-03,8.55989880e+01,-3.02009721e-03,1.39282961e-03,1.60915083e+01,4.18914365e-05,-6.98909642e-05,4.90223618e-12,-1.02363228e-03,-2.79569903e-03,3.12170672e-07,4.78388303e-05,3.05492365e-05
9.98000000e+02,1.01701394e+02,-2.81715585e-03,1.29967063e-03,3.07738697e-07,-9.12588699e-04,-2.58501202e-03,8.56086028e+01,-2.84659573e-03,1.35245590e-03,1.60927909e+01,2.94398859e-05,-5.27852704e-05,4.87550275e-12,-9.57730009e-04,-2.61365021e-03,3.07733821e-07,4.51413108e-05,2.86381834e-05
9.99000000e+02,1.01713629e+02,-2.67874003e-03,1.21467987e-03,3.03310454e-07,-8.37651441e-04,-2.41187153e-03,8.56192937e+01,-2.72151778e-03,1.28554118e-03,1.60943351e+01,4.27777513e-05,-7.08613137e-05,4.87946995e-12,-8.85909305e-04,-2.44309093e-03,3.03305574e-07,4.82578636e-05,3.12193974e-05
1.00000000e+03,1.01723749e+02,-2.52513457e-03,1.19643717e-03,3.05638328e-07,-7.83070253e-04,-2.24306551e-03,8.56281842e+01,-2.55571182e-03,1.24888027e-03,1.60955648e+01,3.05772490e-05,-5.24430993e-05,4.86347566e-12,-8.28232534e-04,-2.27253130e-03,3.05633464e-07,4.51622815e-05,2.94657954e-05
1.00100000e+03,1.01735378e+02,-2.40341783e-03,1.15398546e-03,3.01145385e-07,-7.25521605e-04,-2.07713619e-03,8.56382976e+01,-2.44705266e-03,1.22435114e-03,1.60970808e+01,4.36348278e-05,-7.03656815e-05,4.84133230e-12,-7.73910941e-04,-2.10889454e-03,3.01140543e-07,4.83893359e-05,3.17583467e-05
1.00200000e+03,1.01746224e+02,-2.23801428e-03,1.14895568e-03,2.96844481e-07,-6.75896937e-04,-1.90872767e-03,8.56478498e+01,-2.26969581e-03,1.20208935e-03,1.60983737e+01,3.16815310e-05,-5.31336702e-05,4.82779355e-12,-7.21214502e-04,-1.93862647e-03,2.96839653e-07,4.53175656e-05,2.98987955e-05
1.00300000e+03,1.01757646e+02,-2.10554513e-03,1.09072349e-03,2.98945401e-07,-6.17884430e-04,-1.75275221e-03,8.56578131e+01,-2.15083236e-03,1.16150208e-03,1.60998332e+01,4.52872287e-05,-7.07785909e-05,4.81432967e-12,-6.66109368e-04,-1.78505736e-03,2.98940586e-07,4.82249377e-05,3.23051540e-05
1.00400000e+03,1.01768136e+02,-1.93444718e-03,1.08413590e-03,2.94593327e-07,-5.75167475e-04,-1.59392691e-03,8.56670610e+01,-1.96747008e-03,1.13698482e-03,1.61010750e+01,3.30228985e-05,-5.28489203e-05,4.79264882e-12,-6.20368396e-04,-1.62412666e-03,2.94588534e-07,4.52009212e-05,3.01997488e-05
1.00500000e+03,1.01780266e+02,-1.80261659e-03,1.04145234e-03,2.90348005e-07,-5.21602102e-04,-1.44595845e-03,8.56776906e+01,-1.84812332e-03,1.11192919e-03,1.61025754e+01,4.55067315e-05,-7.04768511e-05,4.76388436e-12,-5.69709112e-04,-1.47819728e-03,2.90343241e-07,4.81070098e-05,3.22388260e-05
1.00600000e+03,1.01790419e+02,-1.65112200e-03,1.03293282e-03,2.92615551e-07,-4.76432340e-04,-1.30518248e-03,8.56866688e+01,-1.68415680e-03,1.08653617e-03,1.61037503e+01,3.30348030e-05,-5.36033460e-05,4.72779647e-12,-5.21594893e-04,-1.33515021e-03,2.92610824e-07,4.51625527e-05,2.99677282e-05
1.00700000e+03,1.01802038e+02,-1.51445143e-03,9.55815611e-04,2.88303252e-07,-4.17750545e-04,-1.16908889e-03,8.56968407e+01,-1.56052582e-03,1.02760741e-03,1.61051970e+01,4.60743892e-05,-7.17917981e-05,4.69091501e-12,-4.65990831e-04,-1.20091895e-03,2.88298561e-07,4.82402857e-05,3.18300635e-05
1.00800000e+03,1.01812750e+02,-1.34026272e-03,9.16190687e-04,2.84204263e-07,-3.67289403e-04,-1.03409653e-03,8.57063360e+01,-1.37373120e-03,9.70129500e-04,1.61064140e+01,3.34684815e-05,-5.39388135e-05,4.66020414e-12,-4.12170680e-04,-1.06352873e-03,2.84199602e-07,4.48812768e-05,2.94322013e-05
1.00900000e+03,1.01823945e+02,-1.20077743e-03,8.41425627e-04,2.86243916e-07,-3.09260288e-04,-9.06164963e-04,8.57161446e+01,-1.24588677e-03,9.12621651e-04,1.61078008e+01,4.51093436e-05,-7.11960248e-05,4.63042869e-12,-3.57068366e-04,-9.37158679e-04,2.86239286e-07,4.78080785e-05,3.09937159e-05
1.01000000e+03,1.01834109e+02,-1.02575934e-03,8.03036169e-04,2.82121717e-07,-2.57623467e-04,-7.69998268e-04,8.57251390e+01,-1.05742668e-03,8.57290677e-04,1.61089696e+01,3.16673410e-05,-5.42545080e-05,4.61469203e-12,-3.02345662e-04,-7.98035457e-04,2.82117102e-07,4.47221951e-05,2.80371890e-05
1.01100000e+03,1.01845836e+02,-8.73499862e-04,6.98019130e-04,2.78068749e-07,-1.93816084e-04,-6.46965763e-04,8.57354365e+01,-9.18894860e-04,7.70129536e-04,1.61103991e+01,4.53949979e-05,-7.21104057e-05,4.62015223e-12,-2.41281822e-04,-6.77278617e-04,2.78064129e-07,4.74657371e-05,3.03128542e-05
1.01200000e+03,1.01855568e+02,-6.73829012e-04,6.22098553e-04,2.80267754e-07,-1.35520652e-04,-5.15993617e-04,8.57440580e+01,-7.06290725e-04,6.75020988e-04,1.61115102e+01,3.24617136e-05,-5.29224348e-05,4.58975233e-12,-1.78993628e-04,-5.43945522e-04,2.80263164e-07,4.34729759e-05,2.79519042e-05
1.01300000e+03,1.01866741e+02,-4.88882509e-04,5.10918211e-04,2.76191224e-07,-6.78014069e-05,-3.72350557e-04,8.57538484e+01,-5.32938888e-04,5.79750688e-04,1.61128926e+01,4.40563790e-05,-6.88324770e-05,4.58607678e-12,-1.13323426e-04,-4.01891388e-04,2.76186638e-07,4.55220190e-05,2.95408307e-05
1.01400000e+03,1.01875827e+02,-2.81032336e-04,4.75913103e-04,2.78282832e-07,-2.84256064e-05,-2.33458520e-04,8.57618527e+01,-3.13073594e-04,5.29090040e-04,1.61139739e+01,3.20412573e-05,-5.31769368e-05,4.60969425e-12,-7.16784060e-05,-2.60840681e-04,2.78278222e-07,4.32527995e-05,2.73821611e-05
1.01500000e+03,1.01886536e+02,-7.22979206e-05,3.50095686e-04,2.74014474e-07,3.68121325e-05,-8.91346330e-05,8.57711867e+01,-1.17485862e-04,4.19296479e-04,1.61153491e+01,4.51879414e-05,-6.92007930e-05,4.65575492e-12,-8.08668712e-06,-1.18582888e-04,2.74009818e-07,4.48988196e-05,2.94482551e-05
1.01600000e+03,1.01896641e+02,1.99767423e-04,2.76332342e-04,2.70065211e-07,8.58510798e-05,7.56343727e-05,8.57801334e+01,1.66993531e-04,3.28206294e-04,1.61165076e+01,3.27738914e-05,-5.18739521e-05,4.70949944e-12,4.35999905e-05,4.80944268e-05,2.70060501e-07,4.22510893e-05,2.75399459e-05
1.01700000e+03,1.01907507e+02,4.36702748e-04,1.58420104e-04,2.72014137e-07,1.53559015e-04,2.44623781e-04,8.57896696e+01,3.91277340e-04,2.28605246e-04,1.61178373e+01,4.54254078e-05,-7.01851421e-05,4.76227864e-12,1.07934478e-04,2.14691682e-04,2.72009375e-07,4.56245369e-05,2.99320988e-05
1.01800000e+03,1.01917440e+02,7.28957089e-04,6.51504684e-05,2.68138131e-07,2.23533950e-04,4.33683852e-04,8.57985035e+01,6.95110055e-04,1.16597357e-04,1.61189363e+01,3.38470344e-05,-5.14468891e-05,4.80336089e-12,1.81757979e-04,4.05600773e-04,2.68133328e-07,4.17759717e-05,2.80830791e-05
1.01900000e+03,1.01928896e+02,1.04559967e-03,-6.96450757e-05,2.64359809e-07,2.91325171e-04,6.39015262e-04,8.58086120e+01,9.97735007e-04,2.33120064e-07,1.61202840e+01,4.78646670e-05,-6.98781958e-05,4.83583137e-12,2.46436575e-04,6.08110877e-04,2.64354973e-07,4.48885962e-05,3.09043846e-05
1.02000000e+03,1.01938286e+02,1.40613684e-03,-1.71951208e-04,2.66430533e-07,3.56998651e-04,8.59362372e-04,8.58169752e+01,1.37130580e-03,-1.18690510e-04,1.61213107e+01,3.48310375e-05,-5.32606980e-05,4.87372296e-12,3.14309096e-04,8.30632811e-04,2.66425659e-07,4.26895552e-05,2.87295613e-05
1.02100000e+03,1.01948985e+02,1.73525958e-03,-3.29824879e-04,2.62657005e-07,4.48033466e-04,1.08534228e-03,8.58263788e+01,1.68792838e-03,-2.59853990e-04,1.61226064e+01,4.73311974e-05,-6.99708890e-05,4.89201685e-12,4.02747901e-04,1.05434367e-03,2.62652113e-07,4.52855647e-05,3.09986066e-05
1.02200000e+03,1.01957547e+02,2.10680016e-03,-4.42525239e-04,2.64647735e-07,5.29293134e-04,1.32138970e-03,8.58339387e+01,2.07143386e-03,-3.89386762e-04,1.61236088e+01,3.53663071e-05,-5.31384768e-05,4.89816700e-12,4.86797780e-04,1.29249198e-03,2.64642837e-07,4.24953534e-05,2.88977218e-05
1.02300000e+03,1.01967668e+02,2.47508821e-03,-6.15593570e-04,2.60699081e-07,6.23351884e-04,1.56196081e-03,8.58427654e+01,2.42801881e-03,-5.44947407e-04,1.61249030e+01,4.70694004e-05,-7.06461633e-05,4.90963816e-12,5.77963502e-04,1.53127053e-03,2.60694171e-07,4.53883816e-05,3.06902729e-05
1.02400000e+03,1.01977133e+02,2.84971184e-03,-7.51641976e-04,2.57042799e-07,7.16292356e-04,1.80200335e-03,8.58511511e+01,2.81626169e-03,-6.99771984e-04,1.61259818e+01,3.34501493e-05,-5.18699921e-05,4.91797759e-12,6.74445351e-04,1.77391357e-03,2.57037881e-07,4.18470051e-05,2.80897722e-05
1.02500000e+03,1.01987378e+02,3.14633292e-03,-9.10836107e-04,2.58852816e-07,8.13601142e-04,2.02714812e-03,8.58601417e+01,3.10246002e-03,-8.41019239e-04,1.61272364e+01,4.38728915e-05,-6.98168682e-05,4.91655551e-12,7.68138620e-04,1.99758612e-03,2.58847899e-07,4.54625220e-05,2.95620045e-05
1.02600000e+03,1.01996685e+02,3.44827893e-03,-1.02165922e-03,2.55270580e-07,9.07920980e-04,2.24610689e-03,8.58684256e+01,3.41876920e-03,-9.69628248e-04,1.61282594e+01,2.95097282e-05,-5.20309690e-05,4.88856552e-12,8.65652229e-04,2.21951712e-03,2.55265692e-07,4.22687504e-05,2.65897646e-05
1.02700000e+03,1.02006425e+02,3.68505092e-03,-1.19530669e-03,2.56934442e-07,1.01189123e-03,2.44189433e-03,8.58769578e+01,3.64468092e-03,-1.12608506e-03,1.61294675e+01,4.03699993e-05,-6.92216333e-05,4.89049521e-12,9.66989620e-04,2.41405927e-03,2.56929551e-07,4.49016078e-05,2.78350639e-05
1.02800000e+03,1.02015204e+02,3.90151329e-03,-1.30506808e-03,2.53228324e-07,1.10061526e-03,2.62379274e-03,8.58847377e+01,3.87654058e-03,-1.25533586e-03,1.61304663e+01,2.49727145e-05,-4.97322137e-05,4.91912346e-12,1.05941968e-03,2.59926280e-03,2.53223405e-07,4.11955750e-05,2.45299411e-05
1.02900000e+03,1.02024604e+02,4.02798868e-03,-1.41525165e-03,2.54908007e-07,1.18299232e-03,2.77655479e-03,8.58929351e+01,3.99306549e-03,-1.34859032e-03,1.61316693e+01,3.49231890e-05,-6.66613304e-05,4.94347387e-12,1.13886861e-03,2.75106969e-03,2.54903064e-07,4.41237119e-05,2.54850980e-05
1.03000000e+03,1.02033291e+02,4.15276161e-03,-1.47803996e-03,2.51220963e-07,1.25859682e-03,2.91824869e-03,8.59006233e+01,4.13221225e-03,-1.43061752e-03,1.61326672e+01,2.05493620e-05,-4.74224334e-05,4.95306509e-12,1.21845144e-03,2.89612531e-03,2.51216010e-07,4.01453719e-05,2.21233805e-05
1.03100000e+03,1.02042762e+02,4.21858401e-03,-1.56200911e-03,2.52806102e-07,1.32548307e-03,3.03318100e-03,8.59088961e+01,4.18725085e-03,-1.49751635e-03,1.61338660e+01,3.13331601e-05,-6.44927629e-05,4.95544119e-12,1.28270255e-03,3.00987765e-03,2.52801147e-07,4.27805199e-05,2.33033413e-05
1.03200000e+03,1.02051566e+02,4.28938375e-03,-1.58083899e-03,2.49133081e-07,1.37502368e-03,3.13963647e-03,8.59167179e+01,4.27202336e-03,-1.53574842e-03,1.61348482e+01,1.73603887e-05,-4.50905661e-05,4.94638801e-12,1.33601810e-03,3.11931748e-03,2.49128134e-07,3.90055774e-05,2.03189938e-05
1.03300000e+03,1.02061126e+02,4.28816503e-03,-1.61122426e-03,2.50682601e-07,1.42000371e-03,3.22144036e-03,8.59251031e+01,4.25977987e-03,-1.54949887e-03,1.61360228e+01,2.83851581e-05,-6.17253904e-05,4.92892250e-12,1.37842966e-03,3.19984506e-03,2.50677672e-07,4.15740499e-05,2.15952986e-05
1.03400000e+03,1.02069922e+02,4.31372578e-03,-1.58046263e-03,2.47072292e-07,1.45070807e-03,3.29875985e-03,8.59329451e+01,4.29794958e-03,-1.53726413e-03,1.61369771e+01,1.57762009e-05,-4.31984968e-05,4.90738645e-12,1.41266769e-03,3.27979845e-03,2.47067385e-07,3.80403854e-05,1.89614001e-05
1.03500000e+03,1.02079397e+02,4.30048365e-03,-1.59385098e-03,2.48522062e-07,1.48224580e-03,3.35789978e-03,8.59412714e+01,4.27275566e-03,-1.53315812e-03,1.61381254e+01,2.77279948e-05,-6.06928643e-05,4.87909121e-12,1.44146383e-03,3.33726749e-03,2.48517183e-07,4.07819739e-05,2.06322879e-05
1.03600000e+03,1.02088049e+02,4.31714486e-03,-1.55460685e-03,2.44963536e-07,1.50027132e-03,3.41906165e-03,8.59489940e+01,4.30199366e-03,-1.51251450e-03,1.61390548e+01,1.51511912e-05,-4.20923465e-05,4.84512622e-12,1.46315649e-03,3.40084462e-03,2.44958691e-07,3.71148319e-05,1.82170317e-05
1.03700000e+03,1.02097368e+02,4.29138467e-03,-1.55011964e-03,2.46398334e-07,1.52032819e-03,3.46889832e-03,8.59571870e+01,4.26495345e-03,-1.49070869e-03,1.61401808e+01,2.64312206e-05,-5.94109518e-05,4.78076093e-12,1.48026307e-03,3.44932196e-03,2.46393554e-07,4.00651208e-05,1.95763630e-05
1.03800000e+03,1.02105860e+02,4.30198076e-03,-1.49505906e-03,2.42925442e-07,1.53266525e-03,3.52362443e-03,8.59647687e+01,4.28755020e-03,-1.45335575e-03,1.61410909e+01,1.44305602e-05,-4.17033109e-05,4.72908752e-12,1.49587463e-03,3.50616330e-03,2.42920713e-07,3.67906173e-05,1.74611306e-05
1.03900000e+03,1.02115034e+02,4.28706343e-03,-1.50945226e-03,2.44265696e-07,1.55578520e-03,3.57299755e-03,8.59728354e+01,4.25964599e-03,-1.44954223e-03,1.61421984e+01,2.74174419e-05,-5.99100344e-05,4.67867617e-12,1.51595761e-03,3.55326337e-03,2.44261018e-07,3.98275900e-05,1.97341809e-05
1.04000000e+03,1.02123392e+02,4.35895060e-03,-1.48802198e-03,2.40861814e-07,1.57201260e-03,3.65769044e-03,8.59803013e+01,4.34551459e-03,-1.44638608e-03,1.61430909e+01,1.34360091e-05,-4.16358987e-05,4.62382486e-12,1.53552968e-03,3.64088971e-03,2.40857190e-07,3.64829170e-05,1.68007306e-05
1.04100000e+03,1.02132462e+02,4.36922389e-03,-1.50995100e-03,2.42254594e-07,1.60199810e-03,3.72901815e-03,8.59882800e+01,4.34202871e-03,-1.45090979e-03,1.61441824e+01,2.71951760e-05,-5.90412119e-05,4.54567944e-12,1.56251275e-03,3.70907302e-03,2.42250048e-07,3.94853422e-05,1.99451350e-05
1.04200000e+03,1.02140742e+02,4.48845976e-03,-1.49548577e-03,2.38937160e-07,1.62897786e-03,3.85281249e-03,8.59956829e+01,4.47609703e-03,-1.45418010e-03,1.61450593e+01,1.23627340e-05,-4.13056735e-05,4.46542472e-12,1.59265490e-03,3.83668929e-03,2.38932695e-07,3.63229601e-05,1.61232008e-05
1.04300000e+03,1.02149750e+02,4.56402049e-03,-1.54776192e-03,2.40210327e-07,1.67027113e-03,3.95658247e-03,8.60036180e+01,4.53519230e-03,-1.48651395e-03,1.61461319e+01,2.88281876e-05,-6.12479662e-05,4.38849240e-12,1.63010449e-03,3.93614399e-03,2.40205939e-07,4.01666410e-05,2.04384824e-05
1.04400000e+03,1.02157966e+02,4.77807682e-03,-1.59869112e-03,2.36970209e-07,1.72147905e-03,4.12461781e-03,8.60109734e+01,4.76309871e-03,-1.55659976e-03,1.61469925e+01,1.49781074e-05,-4.20913645e-05,4.30907907e-12,1.68501148e-03,4.10713941e-03,2.36965900e-07,3.64675695e-05,1.74784049e-05
1.04500000e+03,1.02166922e+02,4.92988777e-03,-1.68489439e-03,2.38242498e-07,1.78598637e-03,4.27976218e-03,8.60188736e+01,4.90079004e-03,-1.62460230e-03,1.61480485e+01,2.90977325e-05,-6.02920873e-05,4.23117052e-12,1.74588932e-03,4.25892306e-03,2.38238267e-07,4.00970494e-05,2.08391164e-05
1.04600000e+03,1.02175106e+02,5.16604964e-03,-1.73782185e-03,2.35090289e-07,1.85512130e-03,4.46693707e-03,8.60262123e+01,5.14864123e-03,-1.69676707e-03,1.61488934e+01,1.74084060e-05,-4.10547857e-05,4.15347921e-12,1.81920601e-03,4.44837326e-03,2.35086135e-07,3.59152947e-05,1.85638110e-05
1.04700000e+03,1.02184028e+02,5.39333069e-03,-1.85225612e-03,2.36248777e-07,1.92871915e-03,4.64743850e-03,8.60340983e+01,5.36255452e-03,-1.79013514e-03,1.61499295e+01,3.07761629e-05,-6.21209766e-05,4.07252447e-12,1.88829181e-03,4.62632609e-03,2.36244704e-07,4.04273481e-05,2.11124114e-05
1.04800000e+03,1.02191094e+02,5.67921550e-03,-1.96389276e-03,2.37545698e-07,2.01614979e-03,4.84615991e-03,8.60404009e+01,5.66137360e-03,-1.92102709e-03,1.61506931e+01,1.78418946e-05,-4.28656719e-05,3.99523800e-12,1.97947579e-03,4.82777393e-03,2.37541703e-07,3.66740039e-05,1.83859816e-05
1.04900000e+03,1.02199863e+02,5.89329036e-03,-2.11104462e-03,2.34257567e-07,2.11301362e-03,5.01768600e-03,8.60481020e+01,5.86330961e-03,-2.05024803e-03,1.61517612e+01,2.99807551e-05,-6.07965918e-05,3.95803664e-12,2.07301197e-03,4.99744015e-03,2.34253609e-07,4.00016479e-05,2.02458481e-05
1.05000000e+03,1.02207212e+02,6.12677697e-03,-2.19836143e-03,2.35586132e-07,2.19599672e-03,5.17653476e-03,8.60546641e+01,6.10968485e-03,-2.15364109e-03,1.61525477e+01,1.70921161e-05,-4.47203431e-05,3.91089123e-12,2.15860700e-03,5.15929347e-03,2.35582222e-07,3.73897182e-05,1.72412831e-05
1.05100000e+03,1.02216622e+02,6.32686941e-03,-2.37057221e-03,2.32397183e-07,2.29084946e-03,5.31405734e-03,8.60629949e+01,6.29613411e-03,-2.30687740e-03,1.61536270e+01,3.07353007e-05,-6.36948097e-05,3.89803930e-12,2.25002528e-03,5.29446195e-03,2.32393285e-07,4.08241782e-05,1.95953957e-05
1.05200000e+03,1.02224495e+02,6.55332163e-03,-2.50658419e-03,2.33503785e-07,2.38219863e-03,5.44773013e-03,8.60701056e+01,6.53598816e-03,-2.46122658e-03,1.61543896e+01,1.73334693e-05,-4.53576099e-05,3.88592610e-12,2.34462103e-03,5.43117122e-03,2.33499899e-07,3.75776008e-05,1.65589131e-05
1.05300000e+03,1.02233056e+02,6.68998392e-03,-2.65068519e-03,2.34293542e-07,2.46877593e-03,5.54392906e-03,8.60776958e+01,6.66111051e-03,-2.58668294e-03,1.61553597e+01,2.88734113e-05,-6.40022464e-05,3.88619799e-12,2.42778363e-03,5.52589410e-03,2.34289656e-07,4.09922945e-05,1.80349649e-05
1.05400000e+03,1.02240777e+02,6.82885466e-03,-2.73218231e-03,2.31228147e-07,2.52930466e-03,5.61602624e-03,8.60846402e+01,6.81296038e-03,-2.68738931e-03,1.61561368e+01,1.58942803e-05,-4.47929935e-05,3.88287646e-12,2.49255973e-03,5.60105978e-03,2.31224264e-07,3.67449338e-05,1.49664650e-05
1.05500000e+03,1.02249390e+02,6.91265294e-03,-2.85116273e-03,2.32069619e-07,2.58107765e-03,5.65922405e-03,8.60922766e+01,6.88505540e-03,-2.78785602e-03,1.61571135e+01,2.75975379e-05,-6.33067067e-05,3.89158812e-12,2.54125514e-03,5.64308283e-03,2.32065727e-07,3.98225096e-05,1.61412135e-05
1.05600000e+03,1.02256295e+02,6.98661609e-03,-2.90519375e-03,2.33059871e-07,2.61249178e-03,5.67453890e-03,8.60984758e+01,6.97260268e-03,-2.85980372e-03,1.61578190e+01,1.40134168e-05,-4.53900277e-05,3.91908327e-12,2.57575519e-03,5.66146262e-03,2.33055952e-07,3.67365903e-05,1.30762797e-05
1.05700000e+03,1.02265004e+02,6.97801980e-03,-2.97939893e-03,2.30023265e-07,2.63780899e-03,5.65387575e-03,8.61061732e+01,6.95323664e-03,-2.91832717e-03,1.61588308e+01,2.47831620e-05,-6.10717578e-05,3.95121532e-12,2.59947988e-03,5.64005360e-03,2.30019314e-07,3.83291086e-05,1.38221487e-05
1.05800000e+03,1.02272277e+02,6.96763141e-03,-2.95461894e-03,2.31010484e-07,2.61938407e-03,5.60685152e-03,8.61127274e+01,6.95663650e-03,-2.91166443e-03,1.61595498e+01,1.09949134e-05,-4.29545177e-05,3.98889432e-12,2.58473361e-03,5.59655313e-03,2.31006495e-07,3.46504557e-05,1.02983888e-05
1.05900000e+03,1.02280413e+02,6.87498576e-03,-2.97114670e-03,2.31664389e-07,2.59805761e-03,5.51373442e-03,8.61199275e+01,6.85454882e-03,-2.90955810e-03,1.61604854e+01,2.04369441e-05,-6.15885999e-05,4.01687187e-12,2.56016098e-03,5.50352548e-03,2.31660372e-07,3.78966271e-05,1.02089419e-05
1.06000000e+03,1.02287868e+02,6.73309116e-03,-2.93343115e-03,2.28755822e-07,2.55779552e-03,5.37177873e-03,8.61266412e+01,6.72645931e-03,-2.89323232e-03,1.61612268e+01,6.63185515e-06,-4.01988343e-05,4.04307585e-12,2.52514859e-03,5.36514334e-03,2.28751778e-07,3.26469357e-05,6.63539324e-06
1.06100000e+03,1.02296329e+02,6.52197948e-03,-2.87704467e-03,2.29473100e-07,2.49503850e-03,5.19772987e-03,8.61341643e+01,6.50625248e-03,-2.81945565e-03,1.61621645e+01,1.57270007e-05,-5.75890172e-05,4.04376807e-12,2.45974662e-03,5.19120553e-03,2.29469056e-07,3.52918795e-05,6.52434090e-06
1.06200000e+03,1.02303107e+02,6.27594317e-03,-2.74833193e-03,2.30366859e-07,2.40414642e-03,4.98632083e-03,8.61402837e+01,6.27458758e-03,-2.70929581e-03,1.61628234e+01,1.35558727e-06,-3.90361141e-05,4.01929693e-12,2.37264343e-03,4.98358320e-03,2.30362840e-07,3.15029863e-05,2.73762910e-06
1.06300000e+03,1.02310523e+02,5.95545147e-03,-2.66523011e-03,2.30977960e-07,2.31236067e-03,4.73412180e-03,8.61468089e+01,5.94400976e-03,-2.60963623e-03,1.61637138e+01,1.14417144e-05,-5.55938758e-05,4.00690318e-12,2.27888051e-03,4.73111251e-03,2.30973953e-07,3.34801639e-05,3.00928782e-06
1.06400000e+03,1.02317372e+02,5.62827468e-03,-2.50054086e-03,2.28097335e-07,2.18647577e-03,4.45676276e-03,8.61529431e+01,5.63033875e-03,-2.46389123e-03,1.61644287e+01,-2.06407422e-06,-3.66496345e-05,4.00124562e-12,2.15707005e-03,4.45725256e-03,2.28093334e-07,2.94057188e-05,-4.89796544e-07
1.06500000e+03,1.02325463e+02,5.26149287e-03,-2.35904661e-03,2.28778713e-07,2.05818476e-03,4.16629593e-03,8.61601098e+01,5.25435791e-03,-2.30603669e-03,1.61653533e+01,7.13496151e-06,-5.30099164e-05,3.97112053e-12,2.02652829e-03,4.16652438e-03,2.28774741e-07,3.16564708e-05,-2.28444367e-07
1.06600000e+03,1.02332102e+02,4.86304133e-03,-2.14074093e-03,2.29576840e-07,1.90471812e-03,3.84611330e-03,8.61661036e+01,4.86929773e-03,-2.10655268e-03,1.61659981e+01,-6.25639508e-06,-3.41882527e-05,3.91757605e-12,1.87704920e-03,3.84963019e-03,2.29572922e-07,2.76689240e-05,-3.51689040e-06
1.06700000e+03,1.02339526e+02,4.42608543e-03,-1.96603394e-03,2.30061117e-07,1.75261133e-03,3.50802178e-03,8.61726586e+01,4.42063885e-03,-1.91487495e-03,1.61668671e+01,5.44657669e-06,-5.11589896e-05,3.85940065e-12,1.72271119e-03,3.51041399e-03,2.30057258e-07,2.99001446e-05,-2.39220655e-06
1.06800000e+03,1.02346455e+02,4.02509192e-03,-1.73206444e-03,2.27327908e-07,1.57704631e-03,3.16905417e-03,8.61789013e+01,4.03434027e-03,-1.69975099e-03,1.61675534e+01,-9.24834572e-06,-3.23134536e-05,3.78625674e-12,1.55112803e-03,3.17519794e-03,2.27324122e-07,2.59182810e-05,-6.14376792e-06
1.06900000e+03,1.02354566e+02,3.57868729e-03,-1.53403608e-03,2.27902971e-07,1.40880117e-03,2.82273872e-03,8.61861230e+01,3.57698227e-03,-1.48535712e-03,1.61684428e+01,1.70502436e-06,-4.86789549e-05,3.69447122e-12,1.38060591e-03,2.82766248e-03,2.27899277e-07,2.81952683e-05,-4.92375868e-06
1.07000000e+03,1.02361144e+02,3.12665173e-03,-1.27118671e-03,2.28621867e-07,1.22569179e-03,2.46463529e-03,8.61920954e+01,3.13784384e-03,-1.24149248e-03,1.61690489e+01,-1.11921124e-05,-2.96942282e-05,3.61018875e-12,1.20150746e-03,2.47248658e-03,2.28618257e-07,2.41843343e-05,-7.85129435e-06
1.07100000e+03,1.02368412e+02,2.67890001e-03,-1.06162261e-03,2.28994114e-07,1.05105011e-03,2.11073212e-03,8.61985351e+01,2.67728208e-03,-1.01288193e-03,1.61698767e+01,1.61793041e-06,-4.87406733e-05,3.50803727e-12,1.02343340e-03,2.11649514e-03,2.28990606e-07,2.76167159e-05,-5.76302562e-06
1.07200000e+03,1.02375066e+02,2.27863126e-03,-8.36260589e-04,2.26418457e-07,8.76183860e-04,1.77284637e-03,8.62045430e+01,2.29105358e-03,-8.06687202e-04,1.61705234e+01,-1.24223216e-05,-2.95733872e-05,3.40351125e-12,8.52415649e-04,1.78187175e-03,2.26415054e-07,2.37682108e-05,-9.02537954e-06
1.07300000e+03,1.02382841e+02,1.85528461e-03,-6.39504487e-04,2.26890127e-07,7.15245233e-04,1.44418383e-03,8.62114644e+01,1.85648665e-03,-5.92946981e-04,1.61713763e+01,-1.20203648e-06,-4.65575065e-05,3.26614917e-12,6.88635058e-04,1.45166029e-03,2.26886860e-07,2.66101746e-05,-7.47646197e-06
1.07400000e+03,1.02389072e+02,1.43542246e-03,-3.79449450e-04,2.27450439e-07,5.40729978e-04,1.10919829e-03,8.62171228e+01,1.44908189e-03,-3.50349428e-04,1.61719492e+01,-1.36594335e-05,-2.91000227e-05,3.14669942e-12,5.17264544e-04,1.11904437e-03,2.27447293e-07,2.34654336e-05,-9.84607720e-06
1.07500000e+03,1.02396012e+02,1.03191613e-03,-2.03988190e-04,2.27716661e-07,3.89171520e-04,7.90860477e-04,8.62232662e+01,1.03269552e-03,-1.56494629e-04,1.61727458e+01,-7.79390774e-07,-4.74935611e-05,3.03854867e-12,3.62339882e-04,7.98298395e-04,2.27713623e-07,2.68316374e-05,-7.43791845e-06
1.07600000e+03,1.02401268e+02,6.88882343e-04,-5.78238889e-07,2.28270798e-07,2.42274719e-04,5.01776639e-04,8.62279731e+01,7.01489885e-04,2.86682871e-05,1.61732953e+01,-1.26075413e-05,-2.92465260e-05,2.94267873e-12,2.18588429e-04,5.11079821e-04,2.28267855e-07,2.36862895e-05,-9.30318224e-06
1.07700000e+03,1.02407511e+02,3.40198189e-04,1.62542976e-04,2.28690516e-07,1.11287465e-04,2.25350285e-04,8.62334097e+01,3.40654041e-04,2.09720232e-04,1.61741010e+01,-4.55851792e-07,-4.71772563e-05,2.82773036e-12,8.41731027e-05,2.32280989e-04,2.28687689e-07,2.71143624e-05,-6.93070454e-06
1.07800000e+03,1.02413630e+02,1.15747920e-05,3.66726896e-04,2.26159123e-07,-2.56476616e-05,-4.81776266e-05,8.62388864e+01,2.29587369e-05,3.96684648e-04,1.61747437e+01,-1.13839449e-05,-2.99577530e-05,2.73051729e-12,-4.96097624e-05,-3.93866291e-05,2.26156393e-07,2.39621008e-05,-8.79099754e-06
1.07900000e+03,1.02421308e+02,-2.72371920e-04,4.87882035e-04,2.26728009e-07,-1.39387938e-04,-2.99809616e-04,8.62457143e+01,-2.73536146e-04,5.36061412e-04,1.61755936e+01,1.16422650e-06,-4.81793776e-05,2.64273566e-12,-1.66669633e-04,-2.93241199e-04,2.26725366e-07,2.72816956e-05,-6.56841725e-06
1.08000000e+03,1.02427746e+02,-5.26444717e-04,6.47392154e-04,2.27399225e-07,-2.56515870e-04,-5.42895362e-04,8.62515909e+01,-5.16218159e-04,6.77849692e-04,1.61761548e+01,-1.02265576e-05,-3.04575374e-05,2.56653846e-12,-2.80827938e-04,-5.34530997e-04,2.27396658e-07,2.43120684e-05,-8.36436597e-06
1.08100000e+03,1.02435048e+02,-8.00818382e-04,7.64319968e-04,2.27778617e-07,-3.59306805e-04,-7.83877702e-04,8.62581200e+01,-8.03391777e-04,8.12968675e-04,1.61769275e+01,2.57339510e-06,-4.86487071e-05,2.52602330e-12,-3.87110731e-04,-7.78016966e-04,2.27776091e-07,2.78039256e-05,-5.86073578e-06
1.08200000e+03,1.02440686e+02,-1.02507441e-03,9.09305981e-04,2.28466346e-07,-4.59402717e-04,-1.00933407e-03,8.62632464e+01,-1.01671035e-03,9.41020492e-04,1.61774400e+01,-8.36406592e-06,-3.17145117e-05,2.47858009e-12,-4.84403779e-04,-1.00182975e-03,2.28463867e-07,2.50010621e-05,-7.50431245e-06
1.08300000e+03,1.02447172e+02,-1.23628438e-03,9.77530378e-04,2.28923277e-07,-5.40696580e-04,-1.22876184e-03,8.62689750e+01,-1.24102854e-03,1.02783209e-03,1.61781967e+01,4.74416355e-06,-5.03017123e-05,2.40445908e-12,-5.69287024e-04,-1.22389723e-03,2.28920873e-07,2.85904433e-05,-4.86460882e-06
1.08400000e+03,1.02452193e+02,-1.45112874e-03,1.08135544e-03,2.29914867e-07,-6.27287744e-04,-1.45708603e-03,8.62734758e+01,-1.44417857e-03,1.11423545e-03,1.61787177e+01,-6.95017761e-06,-3.28800186e-05,2.36856871e-12,-6.52981096e-04,-1.45035410e-03,2.29912498e-07,2.56933516e-05,-6.73192738e-06
1.08500000e+03,1.02458374e+02,-1.69810696e-03,1.15375012e-03,2.30645442e-07,-7.06087742e-04,-1.69527739e-03,8.62788795e+01,-1.70371597e-03,1.20557030e-03,1.61794945e+01,5.60901089e-06,-5.18201899e-05,2.32145746e-12,-7.35524814e-04,-1.69097099e-03,2.30643121e-07,2.94370724e-05,-4.30640142e-06
1.08600000e+03,1.02463400e+02,-1.93299230e-03,1.25331537e-03,2.31695175e-07,-7.89124165e-04,-1.93667871e-03,8.62833667e+01,-1.92657332e-03,1.28747800e-03,1.61800331e+01,-6.41897583e-06,-3.41626262e-05,2.31635407e-12,-8.15476901e-04,-1.93029136e-03,2.31692859e-07,2.63527358e-05,-6.38734915e-06
1.08700000e+03,1.02469823e+02,-2.18998550e-03,1.30532014e-03,2.32217919e-07,-8.64970210e-04,-2.18375023e-03,8.62890038e+01,-2.19610359e-03,1.35787994e-03,1.61808192e+01,6.11809749e-06,-5.25598046e-05,2.30950074e-12,-8.94693272e-04,-2.17964476e-03,2.32215609e-07,2.97230620e-05,-4.10547059e-06
1.08800000e+03,1.02476376e+02,-2.44054799e-03,1.40222641e-03,2.29475214e-07,-9.52364038e-04,-2.43441285e-03,8.62949573e+01,-2.43440469e-03,1.43679539e-03,1.61814186e+01,-6.14330039e-06,-3.45689759e-05,2.28681396e-12,-9.78708746e-04,-2.42823814e-03,2.29472927e-07,2.63447084e-05,-6.17470360e-06
1.08900000e+03,1.02484674e+02,-2.71893953e-03,1.46501683e-03,2.30049226e-07,-1.03548551e-03,-2.68714878e-03,8.63024575e+01,-2.72321472e-03,1.51641206e-03,1.61822165e+01,4.27518778e-06,-5.13952304e-05,2.28770230e-12,-1.06467304e-03,-2.68257868e-03,2.30046938e-07,2.91875250e-05,-4.57009363e-06
1.09000000e+03,1.02491608e+02,-3.04823456e-03,1.60162516e-03,2.30719171e-07,-1.13968296e-03,-2.96692056e-03,8.63089063e+01,-3.04355576e-03,1.63607119e-03,1.61827017e+01,-4.67880303e-06,-3.44460375e-05,2.29365411e-12,-1.16618591e-03,-2.96204024e-03,2.30716878e-07,2.65029475e-05,-4.88031979e-06
1.09100000e+03,1.02499113e+02,-3.32684653e-03,1.67136408e-03,2.30963033e-07,-1.22359591e-03,-3.21390631e-03,8.63157275e+01,-3.33283647e-03,1.72334063e-03,1.61833855e+01,5.98993328e-06,-5.19765552e-05,2.29578584e-12,-1.25296968e-03,-3.21056785e-03,2.30960737e-07,2.93737700e-05,-3.33846262e-06
1.09200000e+03,1.02504635e+02,-3.62037899e-03,1.78970055e-03,2.31564112e-07,-1.32397569e-03,-3.47443892e-03,8.63208268e+01,-3.61694112e-03,1.82457977e-03,1.61838084e+01,-3.43787012e-06,-3.48792131e-05,2.28778961e-12,-1.35082851e-03,-3.47066139e-03,2.31561825e-07,2.68528196e-05,-3.77752444e-06
1.09300000e+03,1.02510783e+02,-3.93464234e-03,1.87028815e-03,2.31895461e-07,-1.41038586e-03,-3.72913858e-03,8.63263032e+01,-3.94139146e-03,1.92173143e-03,1.61844802e+01,6.74912594e-06,-5.14432845e-05,2.28355238e-12,-1.44002079e-03,-3.72682416e-03,2.31893177e-07,2.96349291e-05,-2.31442042e-06
1.09400000e+03,1.02515336e+02,-4.24673497e-03,2.01748500e-03,2.32602238e-07,-1.51097532e-03,-3.98798835e-03,8.63304151e+01,-4.24225390e-03,2.05212172e-03,1.61849210e+01,-4.48106451e-06,-3.46367209e-05,2.27217936e-12,-1.53796690e-03,-3.98405490e-03,2.32599966e-07,2.69915828e-05,-3.93344703e-06
1.09500000e+03,1.02521007e+02,-4.56275417e-03,2.09578694e-03,2.33028002e-07,-1.59466097e-03,-4.24579662e-03,8.63353822e+01,-4.57023552e-03,2.14786183e-03,1.61856250e+01,7.48135437e-06,-5.20748852e-05,2.27786057e-12,-1.62473502e-03,-4.24380149e-03,2.33025724e-07,3.00740468e-05,-1.99512938e-06
1.09600000e+03,1.02525553e+02,-4.85788932e-03,2.21922415e-03,2.33789650e-07,-1.68834916e-03,-4.49964254e-03,8.63394566e+01,-4.85298495e-03,2.25318823e-03,1.61860969e+01,-4.90437207e-06,-3.39640796e-05,2.27564883e-12,-1.71514715e-03,-4.49548898e-03,2.33787374e-07,2.67979917e-05,-4.15356000e-06
1.09700000e+03,1.02531590e+02,-5.17373731e-03,2.30754615e-03,2.34173200e-07,-1.77063947e-03,-4.74768148e-03,8.63447686e+01,-5.18007793e-03,2.35876676e-03,1.61868214e+01,6.34061986e-06,-5.12206115e-05,2.27865979e-12,-1.80047608e-03,-4.74544549e-03,2.34170922e-07,2.98366056e-05,-2.23599261e-06
1.09800000e+03,1.02536733e+02,-5.46132982e-03,2.43523918e-03,2.34850733e-07,-1.85753863e-03,-4.98196060e-03,8.63494323e+01,-5.45645907e-03,2.46873325e-03,1.61873007e+01,-4.87075200e-06,-3.34940695e-05,2.26582813e-12,-1.88425190e-03,-4.97826531e-03,2.34848468e-07,2.67132709e-05,-3.69528323e-06
1.09900000e+03,1.02543415e+02,-5.73078203e-03,2.50637977e-03,2.35122352e-07,-1.92935143e-03,-5.19862333e-03,8.63553985e+01,-5.73901183e-03,2.55781405e-03,1.61880169e+01,8.22979367e-06,-5.14342815e-05,2.24684516e-12,-1.95896152e-03,-5.19746026e-03,2.35120105e-07,2.96100894e-05,-1.16306247e-06
1.10000000e+03,1.02549081e+02,-5.93145847e-03,2.59184703e-03,2.35739383e-07,-2.00016785e-03,-5.38120634e-03,8.63606073e+01,-5.92922886e-03,2.62592049e-03,1.61884737e+01,-2.22960769e-06,-3.40734560e-05,2.21798953e-12,-2.02689368e-03,-5.37927896e-03,2.35737165e-07,2.67258224e-05,-1.92737254e-06
1.10100000e+03,1.02556057e+02,-6.12674054e-03,2.63653108e-03,2.35975018e-07,-2.05186769e-03,-5.53551119e-03,8.63669000e+01,-6.13506131e-03,2.68697269e-03,1.61891574e+01,8.32077383e-06,-5.04416091e-05,2.16968730e-12,-2.08128416e-03,-5.53571911e-03,2.35972848e-07,2.94164705e-05,2.07917828e-07
1.10200000e+03,1.02561773e+02,-6.30214532e-03,2.72114721e-03,2.36499993e-07,-2.10610813e-03,-5.67121503e-03,8.63721919e+01,-6.30163028e-03,2.75463846e-03,1.61895813e+01,-5.15035320e-07,-3.34912423e-05,2.11259373e-12,-2.13288067e-03,-5.67116484e-03,2.36497880e-07,2.67725384e-05,-5.01874392e-08
1.10300000e+03,1.02568609e+02,-6.41037750e-03,2.73161141e-03,2.36597303e-07,-2.13436639e-03,-5.76097168e-03,8.63783723e+01,-6.42246165e-03,2.78356336e-03,1.61902369e+01,1.20841543e-05,-5.19519479e-05,2.05060846e-12,-2.16445090e-03,-5.76379255e-03,2.36595252e-07,3.00845059e-05,2.82087314e-06
1.10400000e+03,1.02574083e+02,-6.45354022e-03,2.74722524e-03,2.37024089e-07,-2.15389954e-03,-5.81148350e-03,8.63834420e+01,-6.45427256e-03,2.78167765e-03,1.61906406e+01,7.32339001e-07,-3.44524055e-05,1.97255057e-12,-2.18130472e-03,-5.81335396e-03,2.37022117e-07,2.74051753e-05,1.87045474e-06
1.10500000e+03,1.02580657e+02,-6.51075298e-03,2.72887302e-03,2.37061329e-07,-2.15511738e-03,-5.83957029e-03,8.63893746e+01,-6.52284818e-03,2.78015957e-03,1.61912823e+01,1.20952046e-05,-5.12865470e-05,1.88267155e-12,-2.18552814e-03,-5.84380936e-03,2.37059446e-07,3.04107656e-05,4.23906776e-06
1.10600000e+03,1.02585909e+02,-6.52010609e-03,2.74719579e-03,2.37428356e-07,-2.15459072e-03,-5.83766265e-03,8.63942320e+01,-6.52189294e-03,2.78172909e-03,1.61916770e+01,1.78684429e-06,-3.45333020e-05,1.79759914e-12,-2.18238776e-03,-5.84115305e-03,2.37426558e-07,2.77970381e-05,3.49040140e-06
1.10700000e+03,1.02592330e+02,-6.47584684e-03,2.68324790e-03,2.37439446e-07,-2.12702526e-03,-5.79776143e-03,8.64000173e+01,-6.49031655e-03,2.73564485e-03,1.61923127e+01,1.44697170e-05,-5.23969485e-05,1.68994145e-12,-2.15825763e-03,-5.80415741e-03,2.37437756e-07,3.12323668e-05,6.39598108e-06
1.10800000e+03,1.02597486e+02,-6.39421966e-03,2.65633982e-03,2.37827475e-07,-2.09800177e-03,-5.73023668e-03,8.64047852e+01,-6.39842898e-03,2.69200631e-03,1.61927012e+01,4.20931553e-06,-3.56664922e-05,1.56043733e-12,-2.12685832e-03,-5.73624686e-03,2.37825915e-07,2.88565445e-05,6.01017830e-06
1.10900000e+03,1.02603842e+02,-6.29603947e-03,2.57824768e-03,2.37870083e-07,-2.04535783e-03,-5.62873394e-03,8.64105145e+01,-6.31277992e-03,2.63112059e-03,1.61933276e+01,1.67404542e-05,-5.28729127e-05,1.44360099e-12,-2.07750825e-03,-5.63775812e-03,2.37868640e-07,3.21504143e-05,9.02417325e-06
1.11000000e+03,1.02608934e+02,-6.13830560e-03,2.53565860e-03,2.38225040e-07,-1.99107211e-03,-5.49286790e-03,8.64152294e+01,-6.14439174e-03,2.57136805e-03,1.61937042e+01,6.08613826e-06,-3.57094453e-05,1.34851509e-12,-2.02043308e-03,-5.50103263e-03,2.38223691e-07,2.93609651e-05,8.16473520e-06
1.11100000e+03,1.02615194e+02,-5.95254112e-03,2.42770947e-03,2.38234947e-07,-1.91740037e-03,-5.33263413e-03,8.64208764e+01,-5.97176284e-03,2.48125385e-03,1.61943175e+01,1.92217210e-05,-5.35443774e-05,1.24038704e-12,-1.95009362e-03,-5.34391302e-03,2.38233707e-07,3.26932539e-05,1.12788911e-05
1.11200000e+03,1.02620151e+02,-5.73267839e-03,2.35962997e-03,2.38512687e-07,-1.84724902e-03,-5.15035245e-03,8.64254710e+01,-5.74206832e-03,2.39639741e-03,1.61946798e+01,9.38992777e-06,-3.67674403e-05,1.12896320e-12,-1.87740435e-03,-5.16120273e-03,2.38511558e-07,3.01553357e-05,1.08502877e-05
1.11300000e+03,1.02626252e+02,-5.49643946e-03,2.23890036e-03,2.38403101e-07,-1.75805673e-03,-4.94318979e-03,8.64309738e+01,-5.51762814e-03,2.29297849e-03,1.61952782e+01,2.11886822e-05,-5.40781390e-05,1.02114835e-12,-1.79139625e-03,-4.95676110e-03,2.38402080e-07,3.33395232e-05,1.35713129e-05
1.11400000e+03,1.02631051e+02,-5.24163506e-03,2.17183980e-03,2.38545950e-07,-1.67627753e-03,-4.72350286e-03,8.64354246e+01,-5.25261298e-03,2.20873837e-03,1.61956268e+01,1.09779250e-05,-3.68985644e-05,9.31768781e-13,-1.70693990e-03,-4.73620278e-03,2.38545018e-07,3.06623731e-05,1.26999121e-05
1.11500000e+03,1.02637016e+02,-4.97741414e-03,2.03863528e-03,2.38372347e-07,-1.57867635e-03,-4.49356754e-03,8.64408030e+01,-5.00052483e-03,2.09368692e-03,1.61962134e+01,2.31106912e-05,-5.50516428e-05,8.53660988e-13,-1.61258623e-03,-4.50875904e-03,2.38371493e-07,3.39098785e-05,1.51914984e-05
1.11600000e+03,1.02641721e+02,-4.70171686e-03,1.95188890e-03,2.38531187e-07,-1.48862083e-03,-4.25966859e-03,8.64451678e+01,-4.71330993e-03,1.98905361e-03,1.61965536e+01,1.15930677e-05,-3.71647090e-05,7.92540855e-13,-1.51953387e-03,-4.27342387e-03,2.38530395e-07,3.09130445e-05,1.37552763e-05
1.11700000e+03,1.02647645e+02,-4.46182994e-03,1.82875947e-03,2.38445128e-07,-1.38952563e-03,-4.02976162e-03,8.64505113e+01,-4.48478564e-03,1.88341980e-03,1.61971337e+01,2.29556981e-05,-5.46603316e-05,7.80146434e-13,-1.42360257e-03,-4.04579154e-03,2.38444348e-07,3.40769459e-05,1.60299139e-05
1.11800000e+03,1.02652336e+02,-4.22540435e-03,1.75694740e-03,2.38634639e-07,-1.30018300e-03,-3.80196459e-03,8.64548702e+01,-4.23675812e-03,1.79394708e-03,1.61974655e+01,1.13537686e-05,-3.69996853e-05,7.74386977e-13,-1.33119340e-03,-3.81632068e-03,2.38633865e-07,3.10104050e-05,1.43560868e-05
1.11900000e+03,1.02658234e+02,-4.00099065e-03,1.63178904e-03,2.38470101e-07,-1.20219597e-03,-3.57799004e-03,8.64601998e+01,-4.02312872e-03,1.68673373e-03,1.61980339e+01,2.21380657e-05,-5.49446832e-05,7.72957402e-13,-1.23618515e-03,-3.59420118e-03,2.38469328e-07,3.39891732e-05,1.62111357e-05
1.12000000e+03,1.02662880e+02,-3.78129399e-03,1.55902150e-03,2.38545768e-07,-1.11690961e-03,-3.35914305e-03,8.64645277e+01,-3.79253394e-03,1.59594113e-03,1.61983526e+01,1.12399524e-05,-3.69196328e-05,8.00456328e-13,-1.14787297e-03,-3.37399767e-03,2.38544967e-07,3.09633511e-05,1.48546215e-05
1.12100000e+03,1.02668720e+02,-3.58386961e-03,1.45350016e-03,2.38317565e-07,-1.02670343e-03,-3.14423413e-03,8.64698124e+01,-3.60619411e-03,1.50745516e-03,1.61989080e+01,2.23245019e-05,-5.39550013e-05,8.18908736e-13,-1.06049380e-03,-3.16101661e-03,2.38316747e-07,3.37903669e-05,1.67824819e-05
1.12200000e+03,1.02673313e+02,-3.38870688e-03,1.41711182e-03,2.38305137e-07,-9.54139430e-04,-2.93416224e-03,8.64740986e+01,-3.40004420e-03,1.45273403e-03,1.61992145e+01,1.13373138e-05,-3.56222034e-05,8.60256647e-13,-9.84615388e-04,-2.94963309e-03,2.38304277e-07,3.04759579e-05,1.54708451e-05
1.12300000e+03,1.02679110e+02,-3.19665000e-03,1.33820153e-03,2.38028347e-07,-8.77444035e-04,-2.72593614e-03,8.64793521e+01,-3.22021473e-03,1.39219495e-03,1.61997577e+01,2.35647262e-05,-5.39934134e-05,8.98486584e-13,-9.10921977e-04,-2.74352774e-03,2.38027449e-07,3.34779421e-05,1.75915984e-05
1.12400000e+03,1.02683675e+02,-2.98509509e-03,1.29917181e-03,2.38064166e-07,-8.13312703e-04,-2.52064640e-03,8.64836208e+01,-2.99786549e-03,1.33469576e-03,1.62000544e+01,1.27704040e-05,-3.55239503e-05,9.24996913e-13,-8.43538770e-04,-2.53682226e-03,2.38063241e-07,3.02260674e-05,1.61758605e-05
1.12500000e+03,1.02689469e+02,-2.80307474e-03,1.23328844e-03,2.37884548e-07,-7.45177870e-04,-2.32423444e-03,8.64888801e+01,-2.82734125e-03,1.28589593e-03,1.62005891e+01,2.42665174e-05,-5.26074885e-05,9.35875852e-13,-7.78263620e-04,-2.34242704e-03,2.37883612e-07,3.30857506e-05,1.81926027e-05
1.12600000e+03,1.02694049e+02,-2.62087324e-03,1.23423329e-03,2.38012352e-07,-6.91633264e-04,-2.13557551e-03,8.64931718e+01,-2.63485221e-03,1.26906880e-03,1.62008774e+01,1.39789783e-05,-3.48355096e-05,9.31203256e-13,-7.21582662e-04,-2.15244201e-03,2.38011421e-07,2.99493984e-05,1.68664976e-05
1.12700000e+03,1.02699854e+02,-2.43094481e-03,1.16754412e-03,2.37860375e-07,-6.28196496e-04,-1.95127402e-03,8.64984510e+01,-2.45726462e-03,1.22114654e-03,1.62014032e+01,2.63198062e-05,-5.36024203e-05,9.24257868e-13,-6.61376616e-04,-1.97008557e-03,2.37859451e-07,3.31801202e-05,1.88115514e-05
1.12800000e+03,1.02704436e+02,-2.23332527e-03,1.12615874e-03,2.38027300e-07,-5.71178733e-04,-1.77742523e-03,8.65027533e+01,-2.24823684e-03,1.16192135e-03,1.62016830e+01,1.49115690e-05,-3.57626086e-05,9.09764723e-13,-6.01306132e-04,-1.79460112e-03,2.38026391e-07,3.01273994e-05,1.71758933e-05
1.12900000e+03,1.02710253e+02,-2.07161799e-03,1.06417019e-03,2.37975675e-07,-5.08653806e-04,-1.61445499e-03,8.65080513e+01,-2.09765316e-03,1.11757547e-03,1.62022019e+01,2.60351788e-05,-5.34052818e-05,8.98301862e-13,-5.41831673e-04,-1.63320410e-03,2.37974776e-07,3.31778672e-05,1.87491157e-05
1.13000000e+03,1.02714860e+02,-1.90486581e-03,1.04321968e-03,2.38258860e-07,-4.55733100e-04,-1.45896041e-03,8.65123859e+01,-1.91881947e-03,1.07850930e-03,1.62024737e+01,1.39536669e-05,-3.52896193e-05,8.98372754e-13,-4.85601071e-04,-1.47517837e-03,2.38257962e-07,2.98679714e-05,1.62179643e-05
1.13100000e+03,1.02720675e+02,-1.73294599e-03,9.56513743e-04,2.38140450e-07,-3.94132861e-04,-1.31084364e-03,8.65176931e+01,-1.75705744e-03,1.01084128e-03,1.62029815e+01,2.41114504e-05,-5.43275382e-05,8.75611662e-13,-4.27169363e-04,-1.32796874e-03,2.38139574e-07,3.30365012e-05,1.71250932e-05
1.13200000e+03,1.02725234e+02,-1.57250153e-03,9.06330186e-04,2.38317360e-07,-3.41791222e-04,-1.17832579e-03,8.65219933e+01,-1.58534948e-03,9.42320998e-04,1.62032407e+01,1.28479527e-05,-3.59908127e-05,8.54137414e-13,-3.71572551e-04,-1.19366288e-03,2.38316506e-07,2.97813287e-05,1.53370954e-05
1.13300000e+03,1.02730997e+02,-1.42988452e-03,8.04943465e-04,2.38189360e-07,-2.72729731e-04,-1.04875191e-03,8.65272591e+01,-1.45237252e-03,8.56140343e-04,1.62037382e+01,2.24880003e-05,-5.11968776e-05,8.11402850e-13,-3.04059046e-04,-1.06475113e-03,2.38188549e-07,3.13293149e-05,1.59992225e-05
1.13400000e+03,1.02735526e+02,-1.27833818e-03,7.73973744e-04,2.38481783e-07,-2.27473417e-04,-9.25246909e-04,8.65315369e+01,-1.29120798e-03,8.07693057e-04,1.62039891e+01,1.28697968e-05,-3.37193124e-05,8.02301441e-13,-2.55610901e-04,-9.40325435e-04,2.38480980e-07,2.81374839e-05,1.50785256e-05
1.13500000e+03,1.02741255e+02,-1.09673897e-03,6.76586230e-04,2.38394758e-07,-1.73265187e-04,-7.90811403e-04,8.65367763e+01,-1.12181052e-03,7.27694613e-04,1.62044786e+01,2.50715517e-05,-5.11083824e-05,7.93760767e-13,-2.03815583e-04,-8.07859848e-04,2.38393964e-07,3.05503959e-05,1.70484450e-05
1.13600000e+03,1.02745724e+02,-8.89297117e-04,6.30036197e-04,2.38576507e-07,-1.34834522e-04,-6.47170066e-04,8.65410041e+01,-9.01698360e-04,6.63794893e-04,1.62047202e+01,1.24012424e-05,-3.37586957e-05,7.73473620e-13,-1.62724506e-04,-6.61666280e-04,2.38575733e-07,2.78899838e-05,1.44962140e-05
1.13700000e+03,1.02751392e+02,-7.18425839e-04,5.37393996e-04,2.38419378e-07,-7.88759217e-05,-5.18359622e-04,8.65461911e+01,-7.44617460e-04,5.88217272e-04,1.62052007e+01,2.61916205e-05,-5.08232756e-05,7.64617024e-13,-1.09538693e-04,-5.35993798e-04,2.38418613e-07,3.06627714e-05,1.76341762e-05
1.13800000e+03,1.02755821e+02,-4.90572246e-04,4.77794892e-04,2.38654261e-07,-2.51062196e-05,-3.64040173e-04,8.65503859e+01,-5.05081911e-04,5.12710598e-04,1.62054352e+01,1.45096653e-05,-3.49157063e-05,7.37736796e-13,-5.35645945e-05,-3.79616118e-04,2.38653524e-07,2.84583749e-05,1.55759449e-05
1.13900000e+03,1.02761448e+02,-2.58582813e-04,3.60303707e-04,2.38478017e-07,3.55577602e-05,-2.07874261e-04,8.65555397e+01,-2.87826943e-04,4.14686095e-04,1.62059084e+01,2.92441306e-05,-5.43823887e-05,7.23525681e-13,3.38031291e-06,-2.27178426e-04,2.38477294e-07,3.21774473e-05,1.93041656e-05
1.14000000e+03,1.02765812e+02,2.64941841e-05,2.48585073e-04,2.38570228e-07,1.07245381e-04,-2.59659678e-05,8.65596779e+01,8.37598861e-06,2.84607866e-04,1.62061345e+01,1.81181955e-05,-3.60227934e-05,7.05909773e-13,7.82762070e-05,-4.37224995e-05,2.38569522e-07,2.89691737e-05,1.77565317e-05
1.14100000e+03,1.02771371e+02,3.16423022e-04,1.28711347e-04,2.38291043e-07,1.78160247e-04,1.70696644e-04,8.65647713e+01,2.84483481e-04,1.83606043e-04,1.62065994e+01,3.19395404e-05,-5.48946961e-05,6.55364476e-13,1.45443674e-04,1.49767078e-04,2.38290387e-07,3.27165727e-05,2.09295663e-05
1.14200000e+03,1.02775684e+02,6.44268816e-04,1.15727025e-05,2.38362303e-07,2.59674719e-04,3.78723990e-04,8.65688656e+01,6.22700503e-04,4.94901592e-05,1.62068188e+01,2.15683136e-05,-3.79174567e-05,5.91787928e-13,2.29547353e-04,3.58725651e-04,2.38361711e-07,3.01273658e-05,1.99983389e-05
1.14300000e+03,1.02781201e+02,9.92491902e-04,-1.53510099e-04,2.38081374e-07,3.51485196e-04,6.05328709e-04,8.65739233e+01,9.56346205e-04,-9.67719374e-05,1.62072775e+01,3.61456969e-05,-5.67381618e-05,5.15532010e-13,3.17821560e-04,5.81709787e-04,2.38080858e-07,3.36636356e-05,2.36189228e-05
1.14400000e+03,1.02785463e+02,1.39350816e-03,-3.00157105e-04,2.38042393e-07,4.46090964e-04,8.54806572e-04,8.65779729e+01,1.36710500e-03,-2.60881995e-04,1.62074899e+01,2.64031593e-05,-3.92751097e-05,4.29582918e-13,4.15066304e-04,8.31953652e-04,2.38041963e-07,3.10246600e-05,2.28529194e-05
1.14500000e+03,1.02790921e+02,1.79918478e-03,-4.78621519e-04,2.37636499e-07,5.53210696e-04,1.11656637e-03,8.65829810e+01,1.75973949e-03,-4.20720553e-04,1.62079402e+01,3.94452894e-05,-5.79009659e-05,3.56240708e-13,5.18363454e-04,1.09041127e-03,2.37636143e-07,3.48472417e-05,2.61550988e-05
1.14600000e+03,1.02795131e+02,2.21320511e-03,-6.28569739e-04,2.37556581e-07,6.62539210e-04,1.38610604e-03,8.65869873e+01,2.18394536e-03,-5.86776408e-04,1.62081442e+01,2.92597474e-05,-4.17933309e-05,3.04246383e-13,6.29574126e-04,1.36086107e-03,2.37556277e-07,3.29650842e-05,2.52449693e-05
1.14700000e+03,1.02800539e+02,2.62761331e-03,-8.41247101e-04,2.37131565e-07,7.90372381e-04,1.66288166e-03,8.65919521e+01,2.58676392e-03,-7.82492112e-04,1.62085871e+01,4.08493911e-05,-5.87549884e-05,2.48131971e-13,7.55099854e-04,1.63550443e-03,2.37131317e-07,3.52725266e-05,2.73772334e-05
1.14800000e+03,1.02804686e+02,3.02990449e-03,-1.01284375e-03,2.36934930e-07,9.04621598e-04,1.92573293e-03,8.65959030e+01,2.99999591e-03,-9.69999265e-04,1.62087829e+01,2.99085879e-05,-4.28444804e-05,1.64977498e-13,8.71171017e-04,1.89981281e-03,2.36934765e-07,3.34505812e-05,2.59201227e-05
1.14900000e+03,1.02810018e+02,3.38778118e-03,-1.20788868e-03,2.36356905e-07,1.02736787e-03,2.18314372e-03,8.66008020e+01,3.34817930e-03,-1.14688775e-03,1.62092159e+01,3.96018756e-05,-6.10009318e-05,9.18069667e-14,9.89972695e-04,2.15546969e-03,2.36356813e-07,3.73951746e-05,2.76740346e-05
1.15000000e+03,1.02814096e+02,3.69307534e-03,-1.36097598e-03,2.36077534e-07,1.15201800e-03,2.42054842e-03,8.66046942e+01,3.66650076e-03,-1.31915773e-03,1.62094016e+01,2.65745799e-05,-4.18182498e-05,3.63291544e-14,1.11831618e-03,2.39523334e-03,2.36077497e-07,3.37018236e-05,2.53150832e-05
1.15100000e+03,1.02819366e+02,3.95957887e-03,-1.52185877e-03,2.35485808e-07,1.26078967e-03,2.64479312e-03,8.66095410e+01,3.92286978e-03,-1.46182783e-03,1.62098254e+01,3.67090966e-05,-6.00309371e-05,-7.53397758e-15,1.22404649e-03,2.61822877e-03,2.35485815e-07,3.67431737e-05,2.65643520e-05
1.15200000e+03,1.02823371e+02,4.19095881e-03,-1.64087976e-03,2.35123223e-07,1.35811717e-03,2.84228447e-03,8.66133697e+01,4.16822195e-03,-1.59897443e-03,1.62100010e+01,2.27368687e-05,-4.19053226e-05,-3.67779034e-14,1.32436631e-03,2.81850655e-03,2.35123259e-07,3.37508534e-05,2.37779206e-05
1.15300000e+03,1.02828550e+02,4.34385047e-03,-1.74706341e-03,2.34410836e-07,1.44614368e-03,3.01726848e-03,8.66181361e+01,4.31178268e-03,-1.68848097e-03,1.62104138e+01,3.20677942e-05,-5.85824373e-05,-3.80515166e-14,1.40945470e-03,2.99251375e-03,2.34410874e-07,3.66889846e-05,2.47547359e-05
1.15400000e+03,1.02832466e+02,4.45634027e-03,-1.79097376e-03,2.33928531e-07,1.52178210e-03,3.16392268e-03,8.66218874e+01,4.43711426e-03,-1.75304418e-03,1.62105785e+01,1.92260100e-05,-3.79295820e-05,-6.09787499e-14,1.48973349e-03,3.14171401e-03,2.33928592e-07,3.20486122e-05,2.22086727e-05
1.15500000e+03,1.02837568e+02,4.54671685e-03,-1.84200933e-03,2.33198157e-07,1.57850132e-03,3.29845240e-03,8.66265863e+01,4.51735588e-03,-1.78644837e-03,1.62109813e+01,2.93609668e-05,-5.55609628e-05,-7.40906713e-14,1.54377737e-03,3.27551391e-03,2.33198231e-07,3.47239528e-05,2.29384891e-05
1.15600000e+03,1.02841408e+02,4.61694856e-03,-1.83246218e-03,2.32681083e-07,1.61472762e-03,3.40637491e-03,8.66302715e+01,4.60019877e-03,-1.79735009e-03,1.62111363e+01,1.67497844e-05,-3.51120942e-05,-1.05520418e-13,1.58438350e-03,3.38583002e-03,2.32681188e-07,3.03441224e-05,2.05448899e-05
1.15700000e+03,1.02846438e+02,4.64198931e-03,-1.82795390e-03,2.31966850e-07,1.65098159e-03,3.50106056e-03,8.66349078e+01,4.61490924e-03,-1.77682513e-03,1.62115300e+01,2.70800709e-05,-5.11287662e-05,-1.06910135e-13,1.61831895e-03,3.47952143e-03,2.31966957e-07,3.26626442e-05,2.15391319e-05
1.15800000e+03,1.02850231e+02,4.66334149e-03,-1.74808146e-03,2.31479496e-07,1.65985386e-03,3.58137865e-03,8.66385531e+01,4.64843501e-03,-1.71667487e-03,1.62116779e+01,1.49064845e-05,-3.14065951e-05,-8.61496062e-14,1.63157964e-03,3.56227845e-03,2.31479582e-07,2.82742222e-05,1.91001938e-05
1.15900000e+03,1.02855226e+02,4.67790157e-03,-1.71603515e-03,2.30744117e-07,1.67193676e-03,3.65453126e-03,8.66431627e+01,4.65286726e-03,-1.66650656e-03,1.62120629e+01,2.50343062e-05,-4.95285904e-05,-6.99238488e-14,1.64088172e-03,3.63476270e-03,2.30744187e-07,3.10550355e-05,1.97685606e-05
1.16000000e+03,1.02858980e+02,4.68535803e-03,-1.64168690e-03,2.30259145e-07,1.66566183e-03,3.71048633e-03,8.66467790e+01,4.67230520e-03,-1.61067526e-03,1.62122015e+01,1.30528334e-05,-3.10116425e-05,-5.21749259e-14,1.63797018e-03,3.69288894e-03,2.30259197e-07,2.76916538e-05,1.75973937e-05
1.16100000e+03,1.02863957e+02,4.67850508e-03,-1.60275801e-03,2.29588805e-07,1.67413595e-03,3.77178177e-03,8.66513777e+01,4.65582240e-03,-1.55470690e-03,1.62125789e+01,2.26826809e-05,-4.80511027e-05,-3.28434275e-14,1.64377501e-03,3.75346088e-03,2.29588838e-07,3.03609397e-05,1.83208966e-05
1.16200000e+03,1.02867718e+02,4.68344334e-03,-1.52840071e-03,2.29189829e-07,1.67666152e-03,3.82992823e-03,8.66550071e+01,4.67249908e-03,-1.49868804e-03,1.62127107e+01,1.09442660e-05,-2.97126722e-05,-1.43687883e-14,1.65016303e-03,3.81376890e-03,2.29189843e-07,2.64984875e-05,1.61593376e-05
1.16300000e+03,1.02872704e+02,4.70814296e-03,-1.51213203e-03,2.28552605e-07,1.68283094e-03,3.89929647e-03,8.66596229e+01,4.68563191e-03,-1.46376897e-03,1.62130812e+01,2.25110441e-05,-4.83630614e-05,7.37662228e-15,1.65317501e-03,3.88140167e-03,2.28552598e-07,2.96559230e-05,1.78947953e-05
1.16400000e+03,1.02876464e+02,4.76886324e-03,-1.49458960e-03,2.28198384e-07,1.69904002e-03,3.98879462e-03,8.66632589e+01,4.75893551e-03,-1.46637856e-03,1.62132052e+01,9.92772423e-06,-2.82110382e-05,3.72267619e-14,1.67378429e-03,3.97344366e-03,2.28198347e-07,2.52557250e-05,1.53509659e-05
1.16500000e+03,1.02881458e+02,4.82234579e-03,-1.47581004e-03,2.27653110e-07,1.70884654e-03,4.08432999e-03,8.66678880e+01,4.79985849e-03,-1.42866413e-03,1.62135696e+01,2.24872985e-05,-4.71459076e-05,8.13290807e-14,1.67979608e-03,4.06657754e-03,2.27653029e-07,2.90504601e-05,1.77524494e-05
1.16600000e+03,1.02885240e+02,4.93582021e-03,-1.46383379e-03,2.27352652e-07,1.73906452e-03,4.20911751e-03,8.66715526e+01,4.92453471e-03,-1.43560068e-03,1.62136875e+01,1.12855038e-05,-2.82331176e-05,1.43334433e-13,1.71386106e-03,4.19287882e-03,2.27352509e-07,2.52034631e-05,1.62386864e-05
1.16700000e+03,1.02890250e+02,5.09302541e-03,-1.51721826e-03,2.26758291e-07,1.78091978e-03,4.36416808e-03,8.66762051e+01,5.06890330e-03,-1.46923780e-03,1.62140450e+01,2.41221090e-05,-4.79804638e-05,1.99476320e-13,1.75203121e-03,4.34551452e-03,2.26758091e-07,2.88885633e-05,1.86535612e-05
1.16800000e+03,1.02894035e+02,5.31855819e-03,-1.57730742e-03,2.26475667e-07,1.84223018e-03,4.54851412e-03,8.66798795e+01,5.30479758e-03,-1.55083384e-03,1.62141555e+01,1.37606099e-05,-2.64735722e-05,2.39668871e-13,1.81849912e-03,4.53118496e-03,2.26475427e-07,2.37310694e-05,1.73291625e-05
1.16900000e+03,1.02899049e+02,5.52836210e-03,-1.63279187e-03,2.25876767e-07,1.89211693e-03,4.73487976e-03,8.66845429e+01,5.50387218e-03,-1.58653042e-03,1.62145059e+01,2.44899163e-05,-4.62614450e-05,2.59160620e-13,1.86427845e-03,4.71626677e-03,2.25876508e-07,2.78384789e-05,1.86129867e-05
1.17000000e+03,1.02902851e+02,5.77159192e-03,-1.71639232e-03,2.25609901e-07,1.97214155e-03,4.93082779e-03,8.66882399e+01,5.75605836e-03,-1.69139348e-03,1.62146107e+01,1.55335638e-05,-2.49988449e-05,3.05930545e-13,1.94937291e-03,4.91245312e-03,2.25609595e-07,2.27686421e-05,1.83746628e-05
1.17100000e+03,1.02907880e+02,6.04357973e-03,-1.81174927e-03,2.25035670e-07,2.04044177e-03,5.14195077e-03,8.66929258e+01,6.01621272e-03,-1.76343743e-03,1.62149546e+01,2.73670127e-05,-4.83118397e-05,3.40929323e-13,2.01186146e-03,5.12231716e-03,2.25035329e-07,2.85803049e-05,1.96336142e-05
1.17200000e+03,1.02911688e+02,6.31640218e-03,-1.94929821e-03,2.24747179e-07,2.14141103e-03,5.33445816e-03,8.66966360e+01,6.29986880e-03,-1.92026356e-03,1.62150522e+01,1.65333772e-05,-2.90346434e-05,3.71391700e-13,2.11653121e-03,5.31650276e-03,2.24746807e-07,2.48798194e-05,1.79554041e-05
1.17300000e+03,1.02916721e+02,6.56056792e-03,-2.10229279e-03,2.24131429e-07,2.24269750e-03,5.51609922e-03,8.67013308e+01,6.53309071e-03,-2.05297130e-03,1.62153900e+01,2.74772148e-05,-4.93214855e-05,3.66070044e-13,2.21321643e-03,5.49668630e-03,2.24131063e-07,2.94810684e-05,1.94129155e-05
1.17400000e+03,1.02920531e+02,6.79588854e-03,-2.22040061e-03,2.23782820e-07,2.34234117e-03,5.68377879e-03,8.67050491e+01,6.77919753e-03,-2.18836618e-03,1.62154818e+01,1.66910078e-05,-3.20344290e-05,3.35357623e-13,2.31585370e-03,5.66613900e-03,2.23782484e-07,2.64874715e-05,1.76397960e-05
1.17500000e+03,1.02925564e+02,7.01421427e-03,-2.40632288e-03,2.23134504e-07,2.44955342e-03,5.83412543e-03,8.67097508e+01,6.98625614e-03,-2.35376536e-03,1.62158135e+01,2.79581316e-05,-5.25575199e-05,3.03891394e-13,2.41918588e-03,5.81524363e-03,2.23134201e-07,3.03675458e-05,1.88818004e-05
1.17600000e+03,1.02929373e+02,7.20866868e-03,-2.55354041e-03,2.22788875e-07,2.53993485e-03,5.95527919e-03,8.67134738e+01,7.19117817e-03,-2.51981652e-03,1.62158996e+01,1.74905072e-05,-3.37238937e-05,2.27451760e-13,2.51303570e-03,5.93809410e-03,2.22788647e-07,2.68991503e-05,1.71850954e-05
1.17700000e+03,1.02934399e+02,7.37827490e-03,-2.69767514e-03,2.22107056e-07,2.61973822e-03,6.06656650e-03,8.67181734e+01,7.35040027e-03,-2.64546679e-03,1.62162259e+01,2.78746307e-05,-5.22083516e-05,1.48705718e-13,2.58947811e-03,6.04845411e-03,2.22106907e-07,3.02601160e-05,1.81123869e-05
1.17800000e+03,1.02938195e+02,7.50281177e-03,-2.77185120e-03,2.21672292e-07,2.67260363e-03,6.13941366e-03,8.67218888e+01,7.48618622e-03,-2.73827640e-03,1.62163060e+01,1.66255471e-05,-3.35747981e-05,5.87532770e-14,2.64632090e-03,6.12355387e-03,2.21672234e-07,2.62827347e-05,1.58597825e-05
1.17900000e+03,1.02943202e+02,7.58940621e-03,-2.88272446e-03,2.20893947e-07,2.71484603e-03,6.18062119e-03,8.67265769e+01,7.56111082e-03,-2.82955478e-03,1.62166252e+01,2.82953969e-05,-5.31696826e-05,-3.74348421e-14,2.68502718e-03,6.16330691e-03,2.20893985e-07,2.98188504e-05,1.73142756e-05
1.18000000e+03,1.02946972e+02,7.64754860e-03,-2.94587292e-03,2.20433039e-07,2.73938984e-03,6.19014333e-03,8.67302741e+01,7.63054191e-03,-2.91262146e-03,1.62166981e+01,1.70066847e-05,-3.32514593e-05,-1.51817395e-13,2.71411393e-03,6.17507532e-03,2.20433191e-07,2.52759151e-05,1.50680057e-05
1.18100000e+03,1.02951949e+02,7.64092659e-03,-2.99465708e-03,2.19673641e-07,2.74130485e-03,6.16311955e-03,8.67349386e+01,7.61569222e-03,-2.94296549e-03,1.62170109e+01,2.52343701e-05,-5.16915908e-05,-2.45381023e-13,2.71237697e-03,6.14810146e-03,2.19673887e-07,2.89278753e-05,1.50180878e-05
1.18200000e+03,1.02955694e+02,7.54285703e-03,-2.96656323e-03,2.19163544e-07,2.71782190e-03,6.07271905e-03,8.67386166e+01,7.52637344e-03,-2.93408308e-03,1.62170776e+01,1.64835824e-05,-3.24801463e-05,-3.21615491e-13,2.69319914e-03,6.05864509e-03,2.19163865e-07,2.46227559e-05,1.40739636e-05
1.18300000e+03,1.02960651e+02,7.43787682e-03,-2.97091365e-03,2.18353549e-07,2.68247705e-03,5.96937768e-03,8.67432683e+01,7.41353867e-03,-2.91860227e-03,1.62173827e+01,2.43381493e-05,-5.23113726e-05,-3.87309372e-13,2.65445520e-03,5.95615427e-03,2.18353936e-07,2.80218423e-05,1.32234171e-05
1.18400000e+03,1.02964369e+02,7.24090510e-03,-2.92712202e-03,2.17867774e-07,2.62163679e-03,5.79361313e-03,8.67469270e+01,7.22669920e-03,-2.89545655e-03,1.62174416e+01,1.42058979e-05,-3.16654713e-05,-4.69005601e-13,2.59812556e-03,5.78176612e-03,2.17868243e-07,2.35112296e-05,1.18470021e-05
1.18500000e+03,1.02969293e+02,7.00426807e-03,-2.86676237e-03,2.17080175e-07,2.54706000e-03,5.60086196e-03,8.67515527e+01,6.98212194e-03,-2.81812301e-03,1.62177402e+01,2.21461321e-05,-4.86393579e-05,-5.27331208e-13,2.52098382e-03,5.58934375e-03,2.17080702e-07,2.60761760e-05,1.15182061e-05
1.18600000e+03,1.02972982e+02,6.68218917e-03,-2.69314908e-03,2.16645053e-07,2.42433688e-03,5.34897077e-03,8.67551896e+01,6.67035921e-03,-2.66169354e-03,1.62177926e+01,1.18299619e-05,-3.14555381e-05,-5.77555437e-13,2.40121456e-03,5.33932163e-03,2.16645630e-07,2.31223184e-05,9.64913829e-06
1.18700000e+03,1.02977878e+02,6.35472578e-03,-2.61351240e-03,2.15871870e-07,2.32255328e-03,5.08411753e-03,8.67597934e+01,6.33492727e-03,-2.56465831e-03,1.62180845e+01,1.97985047e-05,-4.88540866e-05,-6.26931342e-13,2.29734836e-03,5.07514041e-03,2.15872497e-07,2.52049158e-05,8.97712328e-06
1.18800000e+03,1.02981521e+02,5.96847121e-03,-2.43730809e-03,2.15410775e-07,2.17696354e-03,4.77215084e-03,8.67633914e+01,5.95873388e-03,-2.40931097e-03,1.62181297e+01,9.73733047e-06,-2.79971241e-05,-6.37708758e-13,2.15632675e-03,4.76481372e-03,2.15411412e-07,2.06367993e-05,7.33712708e-06
1.18900000e+03,1.02986364e+02,5.55349618e-03,-2.25045358e-03,2.14613942e-07,2.01630372e-03,4.44769378e-03,8.67679488e+01,5.53814083e-03,-2.20545566e-03,1.62184150e+01,1.53553415e-05,-4.49979172e-05,-6.63419951e-13,1.99289271e-03,4.44163589e-03,2.14614605e-07,2.34110090e-05,6.05788844e-06
1.19000000e+03,1.02989957e+02,5.05673044e-03,-2.00283418e-03,2.14154040e-07,1.83761519e-03,4.07012207e-03,8.67715035e+01,5.05066391e-03,-1.97611626e-03,1.62184531e+01,6.06653338e-06,-2.67179243e-05,-6.75764056e-13,1.81813938e-03,4.06565526e-03,2.14154716e-07,1.94758128e-05,4.46681085e-06
1.19100000e+03,1.02994732e+02,4.61133092e-03,-1.80236615e-03,2.13292565e-07,1.65846967e-03,3.71252113e-03,8.67760011e+01,4.59811162e-03,-1.75593249e-03,1.62187312e+01,1.32193053e-05,-4.64336578e-05,-6.87083877e-13,1.63496202e-03,3.70866526e-03,2.13293252e-07,2.35076435e-05,3.85586811e-06
1.19200000e+03,1.02998241e+02,4.11073995e-03,-1.56624149e-03,2.12775598e-07,1.47339101e-03,3.31788807e-03,8.67794789e+01,4.10740955e-03,-1.53994983e-03,1.62187624e+01,3.33039929e-06,-2.62916555e-05,-6.61170613e-13,1.45429735e-03,3.31587444e-03,2.12776259e-07,1.90936603e-05,2.01362428e-06
1.19300000e+03,1.03002940e+02,3.61338222e-03,-1.34774445e-03,2.11931715e-07,1.29279652e-03,2.93045357e-03,8.67839054e+01,3.60268700e-03,-1.30417520e-03,1.62190348e+01,1.06952260e-05,-4.35692579e-05,-6.46490282e-13,1.27076828e-03,2.92835024e-03,2.11932362e-07,2.20282487e-05,2.10332710e-06
1.19400000e+03,1.03006382e+02,3.10066345e-03,-1.06215237e-03,2.11410200e-07,1.09256364e-03,2.53020916e-03,8.67873208e+01,3.09953514e-03,-1.03698637e-03,1.62190613e+01,1.12830416e-06,-2.51659928e-05,-6.11869534e-13,1.07395314e-03,2.52991934e-03,2.11410811e-07,1.86105085e-05,2.89826610e-07
1.19500000e+03,1.03011002e+02,2.59914694e-03,-8.44111047e-04,2.10483628e-07,9.07378393e-04,2.13585744e-03,8.67916742e+01,2.58993212e-03,-8.00081046e-04,1.62193278e+01,9.21482263e-06,-4.40300009e-05,-5.92843504e-13,8.85682793e-04,2.13492943e-03,2.10484221e-07,2.16956001e-05,9.28012735e-07
1.19600000e+03,1.03014359e+02,2.12039684e-03,-6.01874701e-04,2.09968767e-07,7.25265428e-04,1.75536295e-03,8.67950100e+01,2.11962291e-03,-5.76816760e-04,1.62193489e+01,7.73929006e-07,-2.50579417e-05,-5.45210934e-13,7.07024803e-04,1.75547964e-03,2.09969312e-07,1.82406247e-05,-1.16687562e-07
1.19700000e+03,1.03018913e+02,1.63522778e-03,-3.78675124e-04,2.09127061e-07,5.47392711e-04,1.37814908e-03,8.67993012e+01,1.62616613e-03,-3.36025255e-04,1.62196114e+01,9.06164547e-06,-4.26498686e-05,-4.99183197e-13,5.26096114e-04,1.37760394e-03,2.09127560e-07,2.12965968e-05,5.45136970e-07
1.19800000e+03,1.03022221e+02,1.19231422e-03,-1.13066105e-04,2.08669166e-07,3.69273814e-04,1.02231619e-03,8.68025919e+01,1.19344093e-03,-8.90874472e-05,1.62196287e+01,-1.12671237e-06,-2.39786573e-05,-4.51147841e-13,3.51481951e-04,1.02382660e-03,2.08669617e-07,1.77918635e-05,-1.51041279e-06
1.19900000e+03,1.03026723e+02,7.31410450e-04,7.53216645e-05,2.07799149e-07,2.10127496e-04,6.61632444e-04,8.68068358e+01,7.21991437e-04,1.19953752e-04,1.62198869e+01,9.41901321e-06,-4.46320875e-05,-4.12986358e-13,1.88246638e-04,6.60877321e-04,2.07799562e-07,2.18808574e-05,7.55122977e-07
1.20000000e+03,1.03029961e+02,3.46961702e-04,2.69665911e-04,2.07252032e-07,6.46028069e-05,3.42107732e-04,8.68100629e+01,3.48056574e-04,2.93142390e-04,1.62198984e+01,-1.09487191e-06,-2.34764786e-05,-3.96122225e-13,4.71376934e-05,3.43681885e-04,2.07252428e-07,1.74651135e-05,-1.57415313e-06
1.20100000e+03,1.03034398e+02,-3.99270623e-05,4.50483727e-04,2.06388287e-07,-7.71774422e-05,2.68522908e-05,8.68142467e+01,-5.06789893e-05,4.93592638e-04,1.62201512e+01,1.07519270e-05,-4.31089110e-05,-4.06253604e-13,-9.88166083e-05,2.55335516e-05,2.06388694e-07,2.16391661e-05,1.31873922e-06
1.20200000e+03,1.03037590e+02,-3.61533799e-04,6.52431300e-04,2.05957053e-07,-2.09164402e-04,-2.54982235e-04,8.68174313e+01,-3.61486172e-04,6.77160253e-04,1.62201587e+01,-4.76262181e-08,-2.47289536e-05,-4.02559972e-13,-2.27137615e-04,-2.53964707e-04,2.05957455e-07,1.79732131e-05,-1.01752777e-06
1.20300000e+03,1.03041981e+02,-6.89482647e-04,7.67173142e-04,2.05102855e-07,-3.21701517e-04,-5.38767539e-04,8.68215725e+01,-7.01157574e-04,8.11039725e-04,1.62204083e+01,1.16749268e-05,-4.38665825e-05,-4.20301704e-13,-3.43448489e-04,-5.40357774e-04,2.05103275e-07,2.17469717e-05,1.59023518e-06
1.20400000e+03,1.03045119e+02,-9.44384617e-04,9.18152100e-04,2.04605281e-07,-4.31261900e-04,-7.89256934e-04,8.68247081e+01,-9.46663154e-04,9.44088740e-04,1.62204111e+01,2.27853704e-06,-2.59366398e-05,-4.50629231e-13,-4.49654923e-04,-7.88697562e-04,2.04605732e-07,1.83930223e-05,-5.59371878e-07
1.20500000e+03,1.03049467e+02,-1.20263036e-03,1.00702258e-03,2.03762673e-07,-5.26626962e-04,-1.04622252e-03,8.68288112e+01,-1.21553775e-03,1.05103738e-03,1.62206561e+01,1.29073863e-05,-4.40148030e-05,-5.06289225e-13,-5.48567220e-04,-1.04804650e-03,2.03763180e-07,2.19402570e-05,1.82397939e-06
1.20600000e+03,1.03052572e+02,-1.45720517e-03,1.15829494e-03,2.03288003e-07,-6.26929714e-04,-1.30067524e-03,8.68319167e+01,-1.46076248e-03,1.18337635e-03,1.62206553e+01,3.55731101e-06,-2.50814094e-05,-5.57377647e-13,-6.45297659e-04,-1.30084853e-03,2.03288560e-07,1.83679448e-05,1.73295780e-07
1.20700000e+03,1.03056887e+02,-1.70568223e-03,1.22888976e-03,2.02429616e-07,-7.11955149e-04,-1.54899648e-03,8.68359912e+01,-1.71950365e-03,1.27417442e-03,1.62208962e+01,1.38214220e-05,-4.52846579e-05,-6.00906931e-13,-7.33974826e-04,-1.55081203e-03,2.02430217e-07,2.20196777e-05,1.81555620e-06
1.20800000e+03,1.03059961e+02,-1.93999222e-03,1.33317359e-03,2.01899952e-07,-8.04078501e-04,-1.80639207e-03,8.68390701e+01,-1.94408491e-03,1.35989241e-03,1.62208907e+01,4.09269300e-06,-2.67188132e-05,-6.64269394e-13,-8.22726367e-04,-1.80642990e-03,2.01900616e-07,1.86478656e-05,3.78344599e-08
1.20900000e+03,1.03064256e+02,-2.20241862e-03,1.38941449e-03,2.01078643e-07,-8.83605807e-04,-2.06613833e-03,8.68431286e+01,-2.21561071e-03,1.43340560e-03,1.62211272e+01,1.31920858e-05,-4.39911135e-05,-7.32082605e-13,-9.05422850e-04,-2.06757450e-03,2.01079375e-07,2.18170436e-05,1.43616386e-06
1.21000000e+03,1.03067328e+02,-2.48246745e-03,1.53401917e-03,2.00557659e-07,-9.83087458e-04,-2.33981832e-03,8.68462099e+01,-2.48651836e-03,1.56126782e-03,1.62211178e+01,4.05090885e-06,-2.72486551e-05,-7.92733273e-13,-1.00184661e-03,-2.33998627e-03,2.00558452e-07,1.87591565e-05,1.67955356e-07
1.21100000e+03,1.03071625e+02,-2.75970493e-03,1.57823163e-03,1.99714282e-07,-1.06362269e-03,-2.60262102e-03,8.68502748e+01,-2.77347084e-03,1.62385258e-03,1.62213497e+01,1.37659079e-05,-4.56209504e-05,-8.43371515e-13,-1.08555889e-03,-2.60422407e-03,1.99715125e-07,2.19362025e-05,1.60304914e-06
1.21200000e+03,1.03074696e+02,-3.03548068e-03,1.68675724e-03,1.99127585e-07,-1.16264787e-03,-2.87835672e-03,8.68533598e+01,-3.03992116e-03,1.71363492e-03,1.62213359e+01,4.44047410e-06,-2.68776767e-05,-9.06854424e-13,-1.18127763e-03,-2.87886110e-03,1.99128492e-07,1.86297679e-05,5.04377282e-07
1.21300000e+03,1.03078999e+02,-3.33784755e-03,1.77188309e-03,1.98283101e-07,-1.25434838e-03,-3.14810138e-03,8.68574364e+01,-3.35063839e-03,1.81600302e-03,1.62215630e+01,1.27908433e-05,-4.41199306e-05,-9.36496802e-13,-1.27575943e-03,-3.14980557e-03,1.98284037e-07,2.14110554e-05,1.70418572e-06
1.21400000e+03,1.03082087e+02,-3.65645331e-03,1.93361287e-03,1.97692294e-07,-1.36759925e-03,-3.42972110e-03,8.68605421e+01,-3.66170986e-03,1.96012786e-03,1.62215447e+01,5.25654720e-06,-2.65149928e-05,-9.79484485e-13,-1.38603434e-03,-3.43083281e-03,1.97693273e-07,1.84350942e-05,1.11170858e-06
1.21500000e+03,1.03086407e+02,-3.96799889e-03,2.01262586e-03,1.96817275e-07,-1.46428771e-03,-3.70246070e-03,8.68646393e+01,-3.98073017e-03,2.05760866e-03,1.62217673e+01,1.27312767e-05,-4.49827982e-05,-1.02023961e-12,-1.48573883e-03,-3.70455961e-03,1.96818295e-07,2.14511216e-05,2.09891297e-06
1.21600000e+03,1.03089499e+02,-4.29004797e-03,2.15398131e-03,1.96144066e-07,-1.57626114e-03,-3.98330699e-03,8.68677557e+01,-4.29492124e-03,2.18033596e-03,1.62217438e+01,4.87326997e-06,-2.63546466e-05,-1.04161575e-12,-1.59464069e-03,-3.98454557e-03,1.96145108e-07,1.83795431e-05,1.23857929e-06
1.21700000e+03,1.03093831e+02,-4.62652551e-03,2.24892412e-03,1.95254147e-07,-1.67237560e-03,-4.25879556e-03,8.68718700e+01,-4.63930521e-03,2.29253538e-03,1.62219611e+01,1.27797057e-05,-4.36112644e-05,-1.07114106e-12,-1.69375535e-03,-4.26098112e-03,1.95255219e-07,2.13797578e-05,2.18555874e-06
1.21800000e+03,1.03096953e+02,-4.95204343e-03,2.41873562e-03,1.94594405e-07,-1.78124484e-03,-4.53382058e-03,8.68750195e+01,-4.95647719e-03,2.44511978e-03,1.62219331e+01,4.43375798e-06,-2.63841610e-05,-1.11082258e-12,-1.79961401e-03,-4.53498833e-03,1.94595516e-07,1.83691660e-05,1.16775566e-06
1.21900000e+03,1.03101307e+02,-5.28966078e-03,2.49280215e-03,1.93711733e-07,-1.87253232e-03,-4.81181058e-03,8.68791613e+01,-5.30324755e-03,2.53805215e-03,1.62221458e+01,1.35867697e-05,-4.52499994e-05,-1.16570683e-12,-1.89426400e-03,-4.81470313e-03,1.93712898e-07,2.17316836e-05,2.89254423e-06
1.22000000e+03,1.03104435e+02,-5.58668102e-03,2.61780780e-03,1.92984739e-07,-1.97061733e-03,-5.06900027e-03,8.68823215e+01,-5.59000549e-03,2.64342183e-03,1.62221131e+01,3.32446134e-06,-2.56140298e-05,-1.22571237e-12,-1.98867672e-03,-5.06969502e-03,1.92985965e-07,1.80593918e-05,6.94754491e-07
1.22100000e+03,1.03108799e+02,-5.91666917e-03,2.71410939e-03,1.92095020e-07,-2.05885115e-03,-5.33013427e-03,8.68864769e+01,-5.92989041e-03,2.75754462e-03,1.62223219e+01,1.32212406e-05,-4.34352317e-05,-1.28889680e-12,-2.08038535e-03,-5.33294478e-03,1.92096309e-07,2.15341987e-05,2.81050469e-06
1.22200000e+03,1.03111946e+02,-6.18511892e-03,2.85708394e-03,1.91344886e-07,-2.14770481e-03,-5.56470071e-03,8.68896608e+01,-6.19077941e-03,2.88265554e-03,1.62222854e+01,5.66049033e-06,-2.55716091e-05,-1.34583449e-12,-2.16585600e-03,-5.56678518e-03,1.91346232e-07,1.81511860e-05,2.08447106e-06
1.22300000e+03,1.03116314e+02,-6.44714976e-03,2.91493713e-03,1.90415932e-07,-2.22183214e-03,-5.78042598e-03,8.68938248e+01,-6.46114731e-03,2.95989383e-03,1.62224892e+01,1.39975540e-05,-4.49566999e-05,-1.39973244e-12,-2.24363962e-03,-5.78441468e-03,1.90417332e-07,2.18074737e-05,3.98869194e-06
1.22400000e+03,1.03119444e+02,-6.65876941e-03,3.00188144e-03,1.89610954e-07,-2.29103590e-03,-5.96567566e-03,8.68969962e+01,-6.66585905e-03,3.02747276e-03,1.62224479e+01,7.08964409e-06,-2.55913210e-05,-1.40973144e-12,-2.30957181e-03,-5.96963142e-03,1.89612364e-07,1.85359110e-05,3.95575400e-06
1.22500000e+03,1.03123794e+02,-6.85248815e-03,3.05111138e-03,1.88687364e-07,-2.34341507e-03,-6.12039821e-03,8.69011460e+01,-6.86989834e-03,3.09614302e-03,1.62226476e+01,1.74101887e-05,-4.50316455e-05,-1.42827955e-12,-2.36567255e-03,-6.12687660e-03,1.88688792e-07,2.22574795e-05,6.47839069e-06
1.22600000e+03,1.03126908e+02,-6.98046634e-03,3.13277866e-03,1.87838431e-07,-2.39147220e-03,-6.23722896e-03,8.69043056e+01,-6.99020873e-03,3.15926824e-03,1.62226024e+01,9.74239719e-06,-2.64895830e-05,-1.43280545e-12,-2.41040432e-03,-6.24327810e-03,1.87839864e-07,1.89321249e-05,6.04914776e-06
1.22700000e+03,1.03131230e+02,-7.08672941e-03,3.12486923e-03,1.86887324e-07,-2.41582110e-03,-6.32535447e-03,8.69084327e+01,-7.10481135e-03,3.17070288e-03,1.62227974e+01,1.80819454e-05,-4.58336457e-05,-1.41339591e-12,-2.43859562e-03,-6.33367047e-03,1.86888737e-07,2.27745233e-05,8.31600305e-06
1.22800000e+03,1.03134304e+02,-7.14169241e-03,3.14693005e-03,1.86001195e-07,-2.43179682e-03,-6.37590106e-03,8.69115558e+01,-7.15297267e-03,3.17408949e-03,1.62227480e+01,1.12802598e-05,-2.71594413e-05,-1.38153027e-12,-2.45137279e-03,-6.38424013e-03,1.86002576e-07,1.95759641e-05,8.33906270e-06
1.22900000e+03,1.03138583e+02,-7.16941727e-03,3.12209355e-03,1.85044234e-07,-2.42881073e-03,-6.38950806e-03,8.69156443e+01,-7.18976275e-03,3.16733057e-03,1.62229390e+01,2.03454806e-05,-4.52370147e-05,-1.31777738e-12,-2.45184356e-03,-6.39965504e-03,1.85045552e-07,2.30328322e-05,1.01469869e-05
1.23000000e+03,1.03141619e+02,-7.14294888e-03,3.13876069e-03,1.84140604e-07,-2.42283090e-03,-6.37903025e-03,8.69187328e+01,-7.15521491e-03,3.16613894e-03,1.62228863e+01,1.22660275e-05,-2.73782445e-05,-1.24155090e-12,-2.44294781e-03,-6.38908105e-03,1.84141845e-07,2.01169155e-05,1.00507999e-05
1.23100000e+03,1.03145859e+02,-7.09619666e-03,3.06950483e-03,1.83192418e-07,-2.38924441e-03,-6.33126552e-03,8.69227854e+01,-7.11671384e-03,3.11591961e-03,1.62230731e+01,2.05171801e-05,-4.64147772e-05,-1.17180940e-12,-2.41288272e-03,-6.34294852e-03,1.83193590e-07,2.36383148e-05,1.16830026e-05
1.23200000e+03,1.03148847e+02,-7.01707194e-03,3.02800670e-03,1.82266937e-07,-2.35322865e-03,-6.26192411e-03,8.69258311e+01,-7.03065573e-03,3.05491077e-03,1.62230161e+01,1.35837874e-05,-2.69040722e-05,-1.11348543e-12,-2.37353289e-03,-6.27353603e-03,1.82268051e-07,2.03042415e-05,1.16119231e-05
1.23300000e+03,1.03153039e+02,-6.90290481e-03,2.95536862e-03,1.81343228e-07,-2.29957759e-03,-6.15505045e-03,8.69298391e+01,-6.92532890e-03,3.00030079e-03,1.62231996e+01,2.24240874e-05,-4.49321668e-05,-1.06873411e-12,-2.32330479e-03,-6.16860982e-03,1.81344297e-07,2.37271918e-05,1.35593740e-05
1.23400000e+03,1.03155985e+02,-6.71389565e-03,2.92072074e-03,1.80446302e-07,-2.24279044e-03,-6.01114297e-03,8.69328454e+01,-6.72579185e-03,2.94712677e-03,1.62231394e+01,1.18962069e-05,-2.64060260e-05,-1.01022304e-12,-2.26315947e-03,-6.02311468e-03,1.80447313e-07,2.03690265e-05,1.19717062e-05
1.23500000e+03,1.03160134e+02,-6.55985026e-03,2.81219658e-03,1.79528507e-07,-2.16845945e-03,-5.86081236e-03,8.69368144e+01,-6.58182293e-03,2.85771019e-03,1.62233193e+01,2.19726702e-05,-4.55136054e-05,-9.68264810e-13,-2.19235459e-03,-5.87528148e-03,1.79529476e-07,2.38951400e-05,1.44691175e-05
1.23600000e+03,1.03163026e+02,-6.32802380e-03,2.74171261e-03,1.78619346e-07,-2.09522332e-03,-5.67240266e-03,8.69397706e+01,-6.34117511e-03,2.76779612e-03,1.62232552e+01,1.31513145e-05,-2.60835127e-05,-9.33739410e-13,-2.11560084e-03,-5.68584173e-03,1.78620279e-07,2.03775136e-05,1.34390765e-05
1.23700000e+03,1.03167113e+02,-6.09622774e-03,2.63813014e-03,1.77681971e-07,-2.01071505e-03,-5.46632646e-03,8.69436811e+01,-6.11968447e-03,2.68254879e-03,1.62234315e+01,2.34567309e-05,-4.44186547e-05,-8.98861404e-13,-2.03471041e-03,-5.48238433e-03,1.77682870e-07,2.39953604e-05,1.60578715e-05
1.23800000e+03,1.03169948e+02,-5.80797323e-03,2.57589359e-03,1.76754512e-07,-1.92440782e-03,-5.23229913e-03,8.69465842e+01,-5.82095230e-03,2.60094829e-03,1.62233636e+01,1.29790619e-05,-2.50547024e-05,-8.99920015e-13,-1.94467539e-03,-5.24667787e-03,1.76755412e-07,2.02675613e-05,1.43787409e-05
1.23900000e+03,1.03173980e+02,-5.54517831e-03,2.46330714e-03,1.75804821e-07,-1.83030257e-03,-4.99177225e-03,8.69504444e+01,-5.56738109e-03,2.50711235e-03,1.62235357e+01,2.22027776e-05,-4.38052159e-05,-9.05850395e-13,-1.85396672e-03,-5.00792923e-03,1.75805727e-07,2.36641508e-05,1.61569777e-05
1.24000000e+03,1.03176750e+02,-5.25246928e-03,2.37282323e-03,1.74823212e-07,-1.73969013e-03,-4.74739918e-03,8.69532867e+01,-5.26544733e-03,2.39837226e-03,1.62234637e+01,1.29780449e-05,-2.55490288e-05,-9.41788208e-13,-1.76000138e-03,-4.76224077e-03,1.74824153e-07,2.03112481e-05,1.48415853e-05
1.24100000e+03,1.03180713e+02,-4.99768387e-03,2.25335563e-03,1.73842600e-07,-1.63918978e-03,-4.50110418e-03,8.69570812e+01,-5.01772165e-03,2.29627812e-03,1.62236318e+01,2.00377863e-05,-4.29224888e-05,-9.37480323e-13,-1.66267400e-03,-4.51690032e-03,1.73843538e-07,2.34842230e-05,1.57961401e-05
1.24200000e+03,1.03183432e+02,-4.73900762e-03,2.21144761e-03,1.72879145e-07,-1.55618231e-03,-4.26116709e-03,8.69598755e+01,-4.75009213e-03,2.23600953e-03,1.62235564e+01,1.10845127e-05,-2.45619231e-05,-9.23964658e-13,-1.57640422e-03,-4.27573904e-03,1.72880069e-07,2.02219109e-05,1.45719575e-05
1.24300000e+03,1.03187357e+02,-4.50270355e-03,2.10100301e-03,1.71922588e-07,-1.45897945e-03,-4.01785317e-03,8.69636365e+01,-4.52180040e-03,2.14368374e-03,1.62237206e+01,1.90968483e-05,-4.26807271e-05,-9.24845423e-13,-1.48234811e-03,-4.03379998e-03,1.71923513e-07,2.33686596e-05,1.59468086e-05
1.24400000e+03,1.03190038e+02,-4.25189631e-03,2.02582166e-03,1.70994090e-07,-1.37204245e-03,-3.77491438e-03,8.69663964e+01,-4.26217757e-03,2.05117622e-03,1.62236413e+01,1.02812699e-05,-2.53545574e-05,-9.36324055e-13,-1.39221656e-03,-3.78924712e-03,1.70995026e-07,2.01741104e-05,1.43327448e-05
1.24500000e+03,1.03193937e+02,-4.02549568e-03,1.92896666e-03,1.70083625e-07,-1.28218234e-03,-3.53607850e-03,8.69701342e+01,-4.04275248e-03,1.97045437e-03,1.62238024e+01,1.72567974e-05,-4.14877010e-05,-9.72184434e-13,-1.30515322e-03,-3.55140454e-03,1.70084597e-07,2.29708803e-05,1.53260366e-05
1.24600000e+03,1.03196612e+02,-3.79748323e-03,1.92046115e-03,1.69244187e-07,-1.21511936e-03,-3.30550397e-03,8.69728913e+01,-3.80594165e-03,1.94339369e-03,1.62237203e+01,8.45841921e-06,-2.29325416e-05,-9.97791247e-13,-1.23456136e-03,-3.31953994e-03,1.69245185e-07,1.94420046e-05,1.40359717e-05
1.24700000e+03,1.03200506e+02,-3.57429987e-03,1.83610181e-03,1.68359474e-07,-1.13474009e-03,-3.06719936e-03,8.69766277e+01,-3.59150158e-03,1.87737327e-03,1.62238783e+01,1.72017091e-05,-4.12714617e-05,-1.02969446e-12,-1.15736699e-03,-3.08265250e-03,1.68360503e-07,2.26269053e-05,1.54531343e-05
1.24800000e+03,1.03203163e+02,-3.34049550e-03,1.80105165e-03,1.67476955e-07,-1.06975333e-03,-2.83765166e-03,8.69793698e+01,-3.34788642e-03,1.82426134e-03,1.62237931e+01,7.39092386e-06,-2.32096865e-05,-1.07955689e-12,-1.08889914e-03,-2.85123176e-03,1.67478034e-07,1.91458075e-05,1.35800919e-05
1.24900000e+03,1.03207034e+02,-3.13312943e-03,1.74062576e-03,1.66572037e-07,-1.00020455e-03,-2.61881335e-03,8.69830858e+01,-3.14937116e-03,1.77998507e-03,1.62239485e+01,1.62417285e-05,-3.93593089e-05,-1.11956350e-12,-1.02227900e-03,-2.63382138e-03,1.66573156e-07,2.20744449e-05,1.50080346e-05
1.25000000e+03,1.03209683e+02,-2.89398625e-03,1.73300179e-03,1.65723303e-07,-9.38678222e-04,-2.39750905e-03,8.69858222e+01,-2.90040835e-03,1.75457755e-03,1.62238603e+01,6.42210426e-06,-2.15757584e-05,-1.16875836e-12,-9.57047299e-04,-2.41022922e-03,1.65724471e-07,1.83690769e-05,1.27201677e-05
1.25100000e+03,1.03213553e+02,-2.68795092e-03,1.64748949e-03,1.64831256e-07,-8.64284544e-04,-2.18738267e-03,8.69895410e+01,-2.70142268e-03,1.68605660e-03,1.62240121e+01,1.34717655e-05,-3.85671173e-05,-1.21583852e-12,-8.85703498e-04,-2.20074627e-03,1.64832472e-07,2.14189534e-05,1.33635951e-05
1.25200000e+03,1.03216198e+02,-2.46899555e-03,1.61120351e-03,1.64028535e-07,-8.00154180e-04,-1.98500697e-03,8.69922785e+01,-2.47070225e-03,1.63241308e-03,1.62239198e+01,1.70669889e-06,-2.12095670e-05,-1.24916152e-12,-8.17886425e-04,-1.99457592e-03,1.64029784e-07,1.77322455e-05,9.56894435e-06
1.25300000e+03,1.03220077e+02,-2.28456185e-03,1.52454945e-03,1.63209150e-07,-7.27397859e-04,-1.80636884e-03,8.69960088e+01,-2.29324270e-03,1.56152978e-03,1.62240682e+01,8.68084236e-06,-3.69803284e-05,-1.25022897e-12,-7.47623495e-04,-1.81617351e-03,1.63210400e-07,2.02256360e-05,9.80466551e-06
1.25400000e+03,1.03222753e+02,-2.10457856e-03,1.49844833e-03,1.62555691e-07,-6.67135489e-04,-1.64454753e-03,8.69987806e+01,-2.10186407e-03,1.51828442e-03,1.62239722e+01,-2.71448630e-06,-1.98360897e-05,-1.26049280e-12,-6.83784539e-04,-1.65125763e-03,1.62556951e-07,1.66490500e-05,6.71010698e-06
1.25500000e+03,1.03226670e+02,-1.98106989e-03,1.39918450e-03,1.61819758e-07,-5.99468726e-04,-1.50416277e-03,8.70025535e+01,-1.98682689e-03,1.43432748e-03,1.62241170e+01,5.75700094e-06,-3.51429834e-05,-1.27597195e-12,-6.18172266e-04,-1.51208969e-03,1.61821034e-07,1.87035400e-05,7.92691873e-06
1.25600000e+03,1.03229367e+02,-1.79546402e-03,1.34386290e-03,1.61202961e-07,-5.38454569e-04,-1.34739175e-03,8.70053488e+01,-1.79172088e-03,1.36282290e-03,1.62240181e+01,-3.74314182e-06,-1.89599999e-05,-1.29959905e-12,-5.53711383e-04,-1.35295461e-03,1.61204261e-07,1.52568145e-05,5.56286269e-06
1.25700000e+03,1.03233292e+02,-1.63203182e-03,1.24760995e-03,1.60446354e-07,-4.80319552e-04,-1.20256109e-03,8.70091322e+01,-1.63801737e-03,1.28154083e-03,1.62241602e+01,5.98554134e-06,-3.39308851e-05,-1.30795181e-12,-4.98243127e-04,-1.20989368e-03,1.60447662e-07,1.79235747e-05,7.33258349e-06
1.25800000e+03,1.03236005e+02,-1.44328489e-03,1.23130780e-03,1.59882561e-07,-4.35696828e-04,-1.05591562e-03,8.70119460e+01,-1.43887260e-03,1.25028162e-03,1.62240586e+01,-4.41229759e-06,-1.89738168e-05,-1.32258639e-12,-4.50581301e-04,-1.06070861e-03,1.59883883e-07,1.48844733e-05,4.79299087e-06
1.25900000e+03,1.03239947e+02,-1.28257084e-03,1.10126518e-03,1.59143307e-07,-3.65963012e-04,-9.12796090e-04,8.70157484e+01,-1.28757336e-03,1.13627965e-03,1.62241983e+01,5.00251824e-06,-3.50144627e-05,-1.34267948e-12,-3.83759143e-04,-9.19425394e-04,1.59144649e-07,1.77961308e-05,6.62930446e-06
1.26000000e+03,1.03242653e+02,-1.07074967e-03,1.04005877e-03,1.58512606e-07,-3.14982144e-04,-7.56296601e-04,8.70185590e+01,-1.06620292e-03,1.06076805e-03,1.62240943e+01,-4.54675069e-06,-2.07092804e-05,-1.35627832e-12,-3.30135138e-04,-7.60239694e-04,1.58513962e-07,1.51529942e-05,3.94309208e-06
1.26100000e+03,1.03246572e+02,-8.67557177e-04,9.19636271e-04,1.57689068e-07,-2.51600155e-04,-6.08970153e-04,8.70223397e+01,-8.74980117e-04,9.54587560e-04,1.62242320e+01,7.42293959e-06,-3.49512891e-05,-1.37105973e-12,-2.69225718e-04,-6.16082909e-04,1.57690439e-07,1.76255631e-05,7.11275579e-06
1.26200000e+03,1.03249263e+02,-5.99456487e-04,8.42542309e-04,1.57065548e-07,-1.85403893e-04,-4.30298140e-04,8.70251362e+01,-5.94948829e-04,8.61965751e-04,1.62241266e+01,-4.50765791e-06,-1.94234425e-05,-1.43065693e-12,-2.00134511e-04,-4.34192441e-04,1.57066978e-07,1.47306185e-05,3.89430136e-06
1.26300000e+03,1.03253178e+02,-4.04444377e-04,7.01687816e-04,1.56285491e-07,-1.08814773e-04,-2.76029837e-04,8.70289156e+01,-4.12769959e-04,7.38436639e-04,1.62242623e+01,8.32558204e-06,-3.67488229e-05,-1.48534049e-12,-1.26726123e-04,-2.83781461e-04,1.56286976e-07,1.79113504e-05,7.75162410e-06
1.26400000e+03,1.03255857e+02,-7.24440478e-05,5.84711172e-04,1.55675336e-07,-3.07197746e-05,-6.08259999e-05,8.70317013e+01,-7.12371989e-05,6.04530060e-04,1.62241558e+01,-1.20684889e-06,-1.98188884e-05,-1.53153638e-12,-4.49140594e-05,-6.62934717e-05,1.55676868e-07,1.41942847e-05,5.46747188e-06
1.26500000e+03,1.03259742e+02,2.19985043e-04,4.24036925e-04,1.54829871e-07,5.24613272e-05,1.36772045e-04,8.70354509e+01,2.07991433e-04,4.61788999e-04,1.62242910e+01,1.19936105e-05,-3.77520736e-05,-1.52402878e-12,3.39812792e-05,1.27194349e-04,1.54831395e-07,1.84800480e-05,9.57769611e-06
1.26600000e+03,1.03262398e+02,6.08585721e-04,3.07509564e-04,1.54176700e-07,1.43194794e-04,3.86741349e-04,8.70382131e+01,6.08561758e-04,3.29774531e-04,1.62241847e+01,2.39628598e-08,-2.22649670e-05,-1.52097351e-12,1.27420066e-04,3.80326454e-04,1.54178221e-07,1.57747283e-05,6.41489552e-06
1.26700000e+03,1.03266272e+02,9.40353596e-04,1.16602460e-04,1.53330246e-07,2.49298201e-04,6.16855155e-04,8.70419522e+01,9.26155978e-04,1.55957555e-04,1.62243196e+01,1.41976181e-05,-3.93550943e-05,-1.49961893e-12,2.30075631e-04,6.05577861e-04,1.53331746e-07,1.92225695e-05,1.12772938e-05
1.26800000e+03,1.03268906e+02,1.35502473e-03,-5.91565588e-05,1.52660494e-07,3.60848979e-04,8.83303301e-04,8.70446925e+01,1.34692579e-03,-3.49221749e-05,1.62242132e+01,8.09894162e-06,-2.42343838e-05,-1.48797266e-12,3.44095846e-04,8.72501526e-04,1.52661982e-07,1.67531337e-05,1.08017749e-05
1.26900000e+03,1.03272753e+02,1.79411045e-03,-2.59929712e-04,1.51792566e-07,4.77264734e-04,1.16653020e-03,8.70484044e+01,1.77344780e-03,-2.18287375e-04,1.62243482e+01,2.06626448e-05,-4.16423365e-05,-1.44977672e-12,4.56302454e-04,1.15162780e-03,1.51794016e-07,2.09622797e-05,1.49024053e-05
1.27000000e+03,1.03275371e+02,2.23550388e-03,-4.15877726e-04,1.51103608e-07,5.96207642e-04,1.45306613e-03,8.70511298e+01,2.22335552e-03,-3.88880381e-04,1.62242410e+01,1.21483594e-05,-2.69973443e-05,-1.38318922e-12,5.77444541e-04,1.43907128e-03,1.51104991e-07,1.87631007e-05,1.39948535e-05
1.27100000e+03,1.03279208e+02,2.63028683e-03,-6.57321043e-04,1.50192134e-07,7.37065264e-04,1.73272033e-03,8.70548332e+01,2.60625342e-03,-6.12312949e-04,1.62243750e+01,2.40334058e-05,-4.50080935e-05,-1.29379650e-12,7.14277710e-04,1.71526541e-03,1.50193427e-07,2.27875539e-05,1.74549204e-05
1.27200000e+03,1.03281800e+02,3.03729117e-03,-8.43380812e-04,1.49534630e-07,8.65898149e-04,2.00981940e-03,8.70575339e+01,3.02047983e-03,-8.14976140e-04,1.62242659e+01,1.68113361e-05,-2.84046719e-05,-1.20810657e-12,8.45977577e-04,1.99285201e-03,1.49535839e-07,1.99205721e-05,1.69673886e-05
1.27300000e+03,1.03285606e+02,3.40518515e-03,-1.04530189e-03,1.48621814e-07,9.94032105e-04,2.27865105e-03,8.70612075e+01,3.37909576e-03,-9.98824761e-04,1.62243986e+01,2.60893938e-05,-4.64771280e-05,-1.13881584e-12,9.69356329e-04,2.25931103e-03,1.48622953e-07,2.46757762e-05,1.93400229e-05
1.27400000e+03,1.03288174e+02,3.72532369e-03,-1.18460124e-03,1.47932120e-07,1.11775739e-03,2.52543985e-03,8.70638863e+01,3.70779331e-03,-1.15274434e-03,1.62242877e+01,1.75303823e-05,-3.18569028e-05,-1.08881662e-12,1.09542477e-03,2.50705091e-03,1.47933209e-07,2.23326262e-05,1.83889459e-05
1.27500000e+03,1.03291950e+02,3.98251945e-03,-1.38779148e-03,1.46938961e-07,1.24981852e-03,2.75711408e-03,8.70675315e+01,3.95783024e-03,-1.34010744e-03,1.62244182e+01,2.46892095e-05,-4.76840417e-05,-1.05844667e-12,1.22458471e-03,2.73752350e-03,1.46940020e-07,2.52338014e-05,1.95905783e-05
1.27600000e+03,1.03294463e+02,4.19933351e-03,-1.48576922e-03,1.46194028e-07,1.34127336e-03,2.95752508e-03,8.70701588e+01,4.18439089e-03,-1.45243992e-03,1.62243043e+01,1.49426173e-05,-3.33292984e-05,-1.05164283e-12,1.31786824e-03,2.93980328e-03,1.46195080e-07,2.34051148e-05,1.77218003e-05
1.27700000e+03,1.03298180e+02,4.36036433e-03,-1.60410073e-03,1.45153215e-07,1.43845624e-03,3.13627112e-03,8.70737471e+01,4.33505294e-03,-1.55731437e-03,1.62244325e+01,2.53113955e-05,-4.67863563e-05,-1.03486652e-12,1.41267880e-03,3.11622275e-03,1.45154249e-07,2.57774415e-05,2.00483703e-05
1.27800000e+03,1.03300654e+02,4.50335202e-03,-1.61904858e-03,1.44434476e-07,1.50653263e-03,3.29680756e-03,8.70763370e+01,4.49037220e-03,-1.58827011e-03,1.62243169e+01,1.29798270e-05,-3.07784674e-05,-1.02521758e-12,1.48403299e-03,3.27975545e-03,1.44435501e-07,2.24996398e-05,1.70521101e-05
1.27900000e+03,1.03304330e+02,4.57048571e-03,-1.67246271e-03,1.43329350e-07,1.56462154e-03,3.43012651e-03,8.70798871e+01,4.54906964e-03,-1.62682683e-03,1.62244431e+01,2.14160697e-05,-4.56358829e-05,-1.02921350e-12,1.53971983e-03,3.41171552e-03,1.43330379e-07,2.49017064e-05,1.84109900e-05
1.28000000e+03,1.03306746e+02,4.64850056e-03,-1.63590276e-03,1.42545665e-07,1.59262836e-03,3.55076889e-03,8.70824218e+01,4.63637622e-03,-1.60749041e-03,1.62243241e+01,1.21243412e-05,-2.84123450e-05,-1.04367914e-12,1.57130686e-03,3.53465412e-03,1.42546709e-07,2.13214986e-05,1.61147780e-05
1.28100000e+03,1.03310374e+02,4.68206356e-03,-1.62865451e-03,1.41451562e-07,1.62618305e-03,3.64439789e-03,8.70859262e+01,4.66108363e-03,-1.58697910e-03,1.62244473e+01,2.09799374e-05,-4.16754047e-05,-1.03608427e-12,1.60323624e-03,3.62682653e-03,1.41452598e-07,2.29468096e-05,1.75713636e-05
1.28200000e+03,1.03312755e+02,4.72536339e-03,-1.49597591e-03,1.40656019e-07,1.61130370e-03,3.73321318e-03,8.70884296e+01,4.71472157e-03,-1.46998242e-03,1.62243258e+01,1.06418189e-05,-2.59934870e-05,-1.05090305e-12,1.59135320e-03,3.71811868e-03,1.40657070e-07,1.99504972e-05,1.50944977e-05
1.28300000e+03,1.03316352e+02,4.72713119e-03,-1.49439008e-03,1.39502523e-07,1.63760893e-03,3.80938760e-03,8.70919059e+01,4.71062164e-03,-1.45539477e-03,1.62244465e+01,1.65095538e-05,-3.89953116e-05,-1.07163348e-12,1.61656853e-03,3.79422675e-03,1.39503595e-07,2.10404028e-05,1.51608488e-05
1.28400000e+03,1.03318696e+02,4.73809596e-03,-1.38582880e-03,1.38646144e-07,1.61974711e-03,3.87451337e-03,8.70943745e+01,4.73103716e-03,-1.36381368e-03,1.62243219e+01,7.05879995e-06,-2.20151245e-05,-1.08196198e-12,1.60274806e-03,3.86153165e-03,1.38647226e-07,1.69990497e-05,1.29817239e-05
1.28500000e+03,1.03322266e+02,4.76247933e-03,-1.33386901e-03,1.37461398e-07,1.60959705e-03,3.94832594e-03,8.70978267e+01,4.74955777e-03,-1.29807479e-03,1.62244392e+01,1.29215682e-05,-3.57942202e-05,-1.09817301e-12,1.59038105e-03,3.93564283e-03,1.37462496e-07,1.92160003e-05,1.26831063e-05
1.28600000e+03,1.03324600e+02,4.75769845e-03,-1.20139171e-03,1.36650039e-07,1.58434180e-03,4.00263854e-03,8.71002885e+01,4.75438104e-03,-1.17955437e-03,1.62243112e+01,3.31741345e-06,-2.18373414e-05,-1.11929430e-12,1.56754739e-03,3.99199781e-03,1.36651158e-07,1.67944057e-05,1.06407274e-05
1.28700000e+03,1.03328166e+02,4.77900139e-03,-1.20884292e-03,1.35540586e-07,1.60376264e-03,4.08379534e-03,8.71037405e+01,4.77087649e-03,-1.17315635e-03,1.62244253e+01,8.12490622e-06,-3.56865721e-05,-1.16703367e-12,1.58526954e-03,4.07349028e-03,1.35541753e-07,1.84931025e-05,1.03050652e-05
1.28800000e+03,1.03330495e+02,4.82238581e-03,-1.15756257e-03,1.34727292e-07,1.60155645e-03,4.16590223e-03,8.71062008e+01,4.82137599e-03,-1.13735829e-03,1.62242938e+01,1.00981077e-06,-2.02042849e-05,-1.19407341e-12,1.58628650e-03,4.15664832e-03,1.34728486e-07,1.52699461e-05,9.25390985e-06
1.28900000e+03,1.03334066e+02,4.91226217e-03,-1.19101147e-03,1.33589042e-07,1.63230391e-03,4.28024375e-03,8.71096605e+01,4.90366246e-03,-1.15793389e-03,1.62244053e+01,8.59970560e-06,-3.30775777e-05,-1.20058868e-12,1.61531146e-03,4.27018927e-03,1.33590243e-07,1.69924483e-05,1.00544826e-05
1.29000000e+03,1.03336413e+02,5.04877639e-03,-1.13249770e-03,1.32780730e-07,1.64193033e-03,4.41859785e-03,8.71121413e+01,5.04847493e-03,-1.11685685e-03,1.62242719e+01,3.01456809e-07,-1.56408549e-05,-1.18723996e-12,1.62937667e-03,4.40938253e-03,1.32781917e-07,1.25536522e-05,9.21531734e-06
1.29100000e+03,1.03340003e+02,5.22137713e-03,-1.16427884e-03,1.31664702e-07,1.66983319e-03,4.59316317e-03,8.71156219e+01,5.21171965e-03,-1.13009146e-03,1.62243809e+01,9.65747084e-06,-3.41873756e-05,-1.19433462e-12,1.65347754e-03,4.58239697e-03,1.31665896e-07,1.63556550e-05,1.07662048e-05
1.29200000e+03,1.03342365e+02,5.43211636e-03,-1.20440201e-03,1.30880841e-07,1.71422742e-03,4.77076219e-03,8.71181191e+01,5.43040470e-03,-1.18502016e-03,1.62242455e+01,1.71166210e-06,-1.93818523e-05,-1.21012610e-12,1.70040577e-03,4.76129433e-03,1.30882051e-07,1.38216547e-05,9.46786608e-06
1.29300000e+03,1.03345972e+02,5.67031056e-03,-1.29619941e-03,1.29811918e-07,1.77698393e-03,4.97091984e-03,8.71216191e+01,5.65794868e-03,-1.26127451e-03,1.62243531e+01,1.23618790e-05,-3.49248996e-05,-1.22889915e-12,1.75952465e-03,4.95936893e-03,1.29813147e-07,1.74592755e-05,1.15509082e-05
1.29400000e+03,1.03348365e+02,5.93734058e-03,-1.34855930e-03,1.29043822e-07,1.84946420e-03,5.17375534e-03,8.71241489e+01,5.93210388e-03,-1.32617645e-03,1.62242162e+01,5.23670305e-06,-2.23828529e-05,-1.25864467e-12,1.83371921e-03,5.16241585e-03,1.29045081e-07,1.57449839e-05,1.13394916e-05
1.29500000e+03,1.03352005e+02,6.19284110e-03,-1.54772492e-03,1.27921064e-07,1.96801578e-03,5.37681661e-03,8.71276826e+01,6.17686509e-03,-1.50739892e-03,1.62243219e+01,1.59760095e-05,-4.03259999e-05,-1.23643003e-12,1.94835350e-03,5.36318172e-03,1.27922300e-07,1.96622802e-05,1.36348905e-05
1.29600000e+03,1.03354410e+02,6.48667136e-03,-1.68074769e-03,1.27140245e-07,2.06679391e-03,5.58252948e-03,8.71302275e+01,6.47751958e-03,-1.65508601e-03,1.62241829e+01,9.15177854e-06,-2.56616752e-05,-1.24382633e-12,2.04960882e-03,5.56993945e-03,1.27141489e-07,1.71850884e-05,1.25900244e-05
1.29700000e+03,1.03358059e+02,6.75693412e-03,-1.88852197e-03,1.26036267e-07,2.19316542e-03,5.77705217e-03,8.71337713e+01,6.73936461e-03,-1.84702021e-03,1.62242874e+01,1.75695102e-05,-4.15017621e-05,-1.26640679e-12,2.17226968e-03,5.76350037e-03,1.26037533e-07,2.08957390e-05,1.35518088e-05
1.29800000e+03,1.03360485e+02,7.03299899e-03,-2.02132767e-03,1.25237669e-07,2.30202131e-03,5.95607226e-03,8.71363375e+01,7.02429728e-03,-1.99241064e-03,1.62241477e+01,8.70171711e-06,-2.89170318e-05,-1.26532040e-12,2.28304676e-03,5.94455661e-03,1.25238934e-07,1.89745561e-05,1.15156567e-05
1.29900000e+03,1.03364154e+02,7.24396717e-03,-2.24915173e-03,1.24092610e-07,2.42627643e-03,6.10325068e-03,8.71399031e+01,7.22806053e-03,-2.20398538e-03,1.62242509e+01,1.59066389e-05,-4.51663511e-05,-1.25639704e-12,2.40439974e-03,6.09077169e-03,1.24093866e-07,2.18766938e-05,1.24789893e-05
1.30000000e+03,1.03366582e+02,7.43566320e-03,-2.37925401e-03,1.23275377e-07,2.50805362e-03,6.22815486e-03,8.71424727e+01,7.42702259e-03,-2.34998127e-03,1.62241092e+01,8.64061359e-06,-2.92727461e-05,-1.22342740e-12,2.48922404e-03,6.21717564e-03,1.23276600e-07,1.88295731e-05,1.09792203e-05
1.30100000e+03,1.03370244e+02,7.60857209e-03,-2.53159479e-03,1.22111325e-07,2.58666432e-03,6.33513161e-03,8.71460329e+01,7.58983498e-03,-2.48644149e-03,1.62242113e+01,1.87371163e-05,-4.51532995e-05,-1.18990127e-12,2.56477211e-03,6.32245722e-03,1.22112515e-07,2.18922059e-05,1.26743970e-05
1.30200000e+03,1.03372670e+02,7.77456739e-03,-2.61474130e-03,1.21271078e-07,2.64824085e-03,6.41936399e-03,8.71486013e+01,7.76326215e-03,-2.58498417e-03,1.62240685e+01,1.13052473e-05,-2.97571215e-05,-1.18215889e-12,2.63012962e-03,6.40820501e-03,1.21272260e-07,1.81112228e-05,1.11589783e-05
1.30300000e+03,1.03376327e+02,7.82228532e-03,-2.73988273e-03,1.20076131e-07,2.69089669e-03,6.43837431e-03,8.71521586e+01,7.80237845e-03,-2.69696401e-03,1.62241685e+01,1.99068760e-05,-4.29187122e-05,-1.15930710e-12,2.67119019e-03,6.42542067e-03,1.20077290e-07,1.97065012e-05,1.29536382e-05
1.30400000e+03,1.03378732e+02,7.90420211e-03,-2.76279788e-03,1.19193824e-07,2.69218411e-03,6.46452763e-03,8.71547090e+01,7.89075463e-03,-2.73689526e-03,1.62240232e+01,1.34474870e-05,-2.59026207e-05,-1.14438689e-12,2.67657067e-03,6.45352953e-03,1.19194969e-07,1.56134371e-05,1.09980981e-05
1.30500000e+03,1.03382363e+02,7.89001342e-03,-2.78553664e-03,1.17991523e-07,2.67896927e-03,6.42095018e-03,8.71582418e+01,7.87034336e-03,-2.74341398e-03,1.62241210e+01,1.96700570e-05,-4.21226554e-05,-1.12001003e-12,2.66025446e-03,6.40978716e-03,1.17992643e-07,1.87148109e-05,1.11630203e-05
1.30600000e+03,1.03384748e+02,7.80866532e-03,-2.72592685e-03,1.17140598e-07,2.63896056e-03,6.32596644e-03,8.71607743e+01,7.79670343e-03,-2.69825714e-03,1.62239737e+01,1.19618932e-05,-2.76697163e-05,-1.08298033e-12,2.62326035e-03,6.31663155e-03,1.17141681e-07,1.57002086e-05,9.33488798e-06
1.30700000e+03,1.03388352e+02,7.65305042e-03,-2.72957073e-03,1.15898049e-07,2.59557494e-03,6.18993041e-03,8.71642835e+01,7.63153872e-03,-2.68538145e-03,1.62240686e+01,2.15116985e-05,-4.41892803e-05,-1.04679169e-12,2.57632791e-03,6.17841397e-03,1.15899096e-07,1.92470278e-05,1.15164420e-05
1.30800000e+03,1.03390694e+02,7.49267187e-03,-2.65779533e-03,1.14969959e-07,2.52930490e-03,6.03846702e-03,8.71667744e+01,7.48361392e-03,-2.63121584e-03,1.62239193e+01,9.05795159e-06,-2.65794876e-05,-1.00413439e-12,2.51469779e-03,6.03179510e-03,1.14970963e-07,1.46071099e-05,6.67191666e-06
1.30900000e+03,1.03394256e+02,7.20515656e-03,-2.55843808e-03,1.13746925e-07,2.42848121e-03,5.79989102e-03,8.71702435e+01,7.18607132e-03,-2.51733606e-03,1.62240121e+01,1.90852372e-05,-4.11020183e-05,-9.45491002e-13,2.41120935e-03,5.79114094e-03,1.13747870e-07,1.72718566e-05,8.75008469e-06
1.31000000e+03,1.03396555e+02,6.88756168e-03,-2.36850682e-03,1.12821708e-07,2.29834722e-03,5.53402035e-03,8.71726949e+01,6.87643480e-03,-2.33935599e-03,1.62238605e+01,1.11268765e-05,-2.91508333e-05,-8.83457228e-13,2.28287049e-03,5.52712524e-03,1.12822591e-07,1.54767334e-05,6.89510551e-06
1.31100000e+03,1.03400070e+02,6.52668431e-03,-2.27873592e-03,1.11571545e-07,2.19324727e-03,5.24668358e-03,8.71761183e+01,6.50774547e-03,-2.23776853e-03,1.62239519e+01,1.89388419e-05,-4.09673889e-05,-8.16793556e-13,2.17733986e-03,5.23820416e-03,1.11572361e-07,1.59074136e-05,8.47942343e-06
1.31200000e+03,1.03402322e+02,6.11267338e-03,-2.04172212e-03,1.10675736e-07,2.01438243e-03,4.92056251e-03,8.71785234e+01,6.10110142e-03,-2.01347998e-03,1.62237983e+01,1.15719614e-05,-2.82421440e-05,-7.43353495e-13,1.99950516e-03,4.91412383e-03,1.10676479e-07,1.48772672e-05,6.43867693e-06
1.31300000e+03,1.03405786e+02,5.67622046e-03,-1.85351557e-03,1.09418350e-07,1.85108865e-03,4.56933663e-03,8.71818977e+01,5.65735175e-03,-1.81242202e-03,1.62238880e+01,1.88687071e-05,-4.10935461e-05,-6.97593675e-13,1.83465691e-03,4.56213041e-03,1.09419048e-07,1.64317450e-05,7.20622137e-06
1.31400000e+03,1.03407986e+02,5.20311701e-03,-1.58148947e-03,1.08517384e-07,1.67048867e-03,4.18941641e-03,8.71842527e+01,5.19380060e-03,-1.55445239e-03,1.62237330e+01,9.31640616e-06,-2.70370789e-05,-6.58524212e-13,1.65665395e-03,4.18488708e-03,1.08518043e-07,1.38347246e-05,4.52932538e-06
1.31500000e+03,1.03411395e+02,4.67724861e-03,-1.38562202e-03,1.07240229e-07,1.49607978e-03,3.78958892e-03,8.71875737e+01,4.65904676e-03,-1.34515807e-03,1.62238215e+01,1.82018506e-05,-4.04639489e-05,-6.44936465e-13,1.48072809e-03,3.78255474e-03,1.07240874e-07,1.53516893e-05,7.03418057e-06
1.31600000e+03,1.03413532e+02,4.16544375e-03,-1.09798179e-03,1.06272162e-07,1.28718390e-03,3.38783639e-03,8.71898676e+01,4.15545936e-03,-1.07239393e-03,1.62236646e+01,9.98439261e-06,-2.55878587e-05,-6.31818209e-13,1.27408293e-03,3.38372090e-03,1.06272794e-07,1.31009750e-05,4.11549224e-06
1.31700000e+03,1.03416872e+02,3.63975945e-03,-8.48376434e-04,1.04987779e-07,1.08450721e-03,2.97025206e-03,8.71931199e+01,3.62234325e-03,-8.08027844e-04,1.62237520e+01,1.74162023e-05,-4.03485902e-05,-6.15583694e-13,1.06863477e-03,2.96471119e-03,1.04988394e-07,1.58724418e-05,5.54086409e-06
1.31800000e+03,1.03418944e+02,3.08993467e-03,-5.37605905e-04,1.04057399e-07,8.80535165e-04,2.53970314e-03,8.71953491e+01,3.07964774e-03,-5.10833712e-04,1.62235949e+01,1.02869365e-05,-2.67721936e-05,-6.31073786e-13,8.66819942e-04,2.53558157e-03,1.04058030e-07,1.37152238e-05,4.12156415e-06
1.31900000e+03,1.03422224e+02,2.57355905e-03,-3.13150683e-04,1.02724956e-07,6.90846891e-04,2.13899895e-03,8.71985423e+01,2.55776662e-03,-2.71216653e-04,1.62236815e+01,1.57924317e-05,-4.19340306e-05,-6.29915792e-13,6.75006545e-04,2.13388405e-03,1.02725586e-07,1.58403452e-05,5.11489946e-06
1.32000000e+03,1.03424226e+02,2.01571227e-03,-3.98294521e-05,1.01788485e-07,4.92348800e-04,1.71257944e-03,8.72007034e+01,2.00477995e-03,-1.25929437e-05,1.62235225e+01,1.09323190e-05,-2.72365084e-05,-6.39587651e-13,4.78489995e-04,1.70805749e-03,1.01789124e-07,1.38588050e-05,4.52194797e-06
1.32100000e+03,1.03427431e+02,1.52439742e-03,1.97910882e-04,1.00530300e-07,3.03821733e-04,1.32190530e-03,8.72038235e+01,1.50675110e-03,2.39461762e-04,1.62236079e+01,1.76463108e-05,-4.15508794e-05,-7.08102942e-13,2.87646606e-04,1.31648694e-03,1.00531008e-07,1.61751270e-05,5.41836865e-06
1.32200000e+03,1.03429375e+02,1.02299216e-03,4.93980973e-04,9.96017017e-08,1.13528393e-04,9.31041975e-04,8.72059254e+01,1.01116988e-03,5.21572607e-04,1.62234492e+01,1.18222840e-05,-2.75916340e-05,-7.92726208e-13,9.94636917e-05,9.26130604e-04,9.96024944e-08,1.40647013e-05,4.91137112e-06
1.32300000e+03,1.03432529e+02,5.62825216e-04,6.74515166e-04,9.83300646e-08,-4.42804467e-05,5.69669545e-04,8.72089946e+01,5.45727728e-04,7.17722514e-04,1.62235341e+01,1.70974885e-05,-4.32073473e-05,-8.55318714e-13,-6.09729955e-05,5.64031122e-04,9.83309199e-08,1.66925487e-05,5.63842305e-06
1.32400000e+03,1.03434408e+02,1.25246721e-04,9.08335582e-04,9.74164185e-08,-2.07577572e-04,2.15810596e-04,8.72110342e+01,1.11649252e-04,9.36241803e-04,1.62233742e+01,1.35974686e-05,-2.79062219e-05,-9.09288824e-13,-2.21576569e-04,2.10172567e-04,9.74173278e-08,1.39989966e-05,5.63802901e-06
1.32500000e+03,1.03437497e+02,-2.43585554e-04,1.07203270e-03,9.61327869e-08,-3.49074988e-04,-1.02472451e-04,8.72140387e+01,-2.63141805e-04,1.11525031e-03,1.62234581e+01,1.95562510e-05,-4.32176089e-05,-9.56392326e-13,-3.65908537e-04,-1.08802630e-04,9.61337432e-08,1.68335493e-05,6.33017909e-06
1.32600000e+03,1.03439331e+02,-6.16353566e-04,1.29899817e-03,9.52332159e-08,-4.92473336e-04,-4.19423175e-04,8.72160327e+01,-6.31660190e-04,1.32752042e-03,1.62232982e+01,1.53066247e-05,-2.85222511e-05,-1.03885084e-12,-5.06976820e-04,-4.25437529e-04,9.52342547e-08,1.45034838e-05,6.01435378e-06
1.32700000e+03,1.03442383e+02,-9.30892540e-04,1.41222231e-03,9.40332730e-08,-6.03993090e-04,-7.04030069e-04,8.72190019e+01,-9.51926020e-04,1.45653026e-03,1.62233810e+01,2.10334796e-05,-4.43079471e-05,-1.12225258e-12,-6.20918482e-04,-7.10876248e-04,9.40343952e-08,1.69253920e-05,6.84617830e-06
1.32800000e+03,1.03444175e+02,-1.23595210e-03,1.57531035e-03,9.31536682e-08,-7.23732922e-04,-9.88841967e-04,8.72209550e+01,-1.25135312e-03,1.60438685e-03,1.62232200e+01,1.54010197e-05,-2.90765042e-05,-1.19483186e-12,-7.38270788e-04,-9.94810612e-04,9.31548630e-08,1.45378662e-05,5.96864495e-06
1.32900000e+03,1.03447197e+02,-1.50468583e-03,1.67502659e-03,9.19920919e-08,-8.23959985e-04,-1.25813835e-03,8.72238946e+01,-1.52924437e-03,1.71918482e-03,1.62233028e+01,2.45585415e-05,-4.41582290e-05,-1.24032897e-12,-8.40843530e-04,-1.26597753e-03,9.19933322e-08,1.68835452e-05,7.83918406e-06
1.33000000e+03,1.03448985e+02,-1.75626193e-03,1.83617513e-03,9.12115876e-08,-9.31404875e-04,-1.51998248e-03,8.72258440e+01,-1.77195330e-03,1.86527045e-03,1.62231412e+01,1.56913642e-05,-2.90953142e-05,-1.29642535e-12,-9.45553654e-04,-1.52575490e-03,9.12128840e-08,1.41487785e-05,5.77241446e-06
1.33100000e+03,1.03452002e+02,-2.01711963e-03,1.89315264e-03,9.00857384e-08,-1.01849712e-03,-1.78366445e-03,8.72287784e+01,-2.04006919e-03,1.93766820e-03,1.62232232e+01,2.29495647e-05,-4.45155582e-05,-1.29493407e-12,-1.03489430e-03,-1.79029064e-03,9.00870334e-08,1.63971772e-05,6.62619362e-06
1.33200000e+03,1.03453770e+02,-2.31678639e-03,2.03110932e-03,8.92708499e-08,-1.12515241e-03,-2.07581759e-03,8.72307087e+01,-2.33316942e-03,2.05963692e-03,1.62230609e+01,1.63830255e-05,-2.85276034e-05,-1.28872448e-12,-1.13878518e-03,-2.08136505e-03,8.92721386e-08,1.36327674e-05,5.54745759e-06
1.33300000e+03,1.03456778e+02,-2.57324639e-03,2.09638667e-03,8.81720112e-08,-1.21111780e-03,-2.34574055e-03,8.72336353e+01,-2.59641674e-03,2.13997920e-03,1.62231426e+01,2.31703477e-05,-4.35925296e-05,-1.24677885e-12,-1.22699544e-03,-2.35222193e-03,8.81732580e-08,1.58776474e-05,6.48138592e-06
1.33400000e+03,1.03458561e+02,-2.86836915e-03,2.23520542e-03,8.74465632e-08,-1.31359938e-03,-2.62704093e-03,8.72355808e+01,-2.88423031e-03,2.26323340e-03,1.62229803e+01,1.58611615e-05,-2.80279757e-05,-1.19460195e-12,-1.32653060e-03,-2.63223746e-03,8.74477578e-08,1.29312156e-05,5.19653076e-06
1.33500000e+03,1.03461592e+02,-3.17023983e-03,2.31265565e-03,8.64089787e-08,-1.41275135e-03,-2.91295892e-03,8.72385303e+01,-3.18972408e-03,2.35652395e-03,1.62230615e+01,1.94842555e-05,-4.38682962e-05,-1.11881066e-12,-1.42826360e-03,-2.91813969e-03,8.64100975e-08,1.55122522e-05,5.18077560e-06
1.33600000e+03,1.03463394e+02,-3.52203919e-03,2.45003506e-03,8.56987836e-08,-1.52250708e-03,-3.21867474e-03,8.72404959e+01,-3.53531853e-03,2.47723467e-03,1.62228984e+01,1.32793427e-05,-2.71996116e-05,-1.02423004e-12,-1.53503288e-03,-3.22291658e-03,8.56998078e-08,1.25258008e-05,4.24183852e-06
1.33700000e+03,1.03466451e+02,-3.84347533e-03,2.53708655e-03,8.46910777e-08,-1.62483559e-03,-3.50865949e-03,8.72434709e+01,-3.86470596e-03,2.58068844e-03,1.62229796e+01,2.12306373e-05,-4.36018839e-05,-9.24019106e-13,-1.64034360e-03,-3.51422019e-03,8.46920017e-08,1.55080086e-05,5.56070270e-06
1.33800000e+03,1.03468294e+02,-4.17735198e-03,2.69945144e-03,8.39981571e-08,-1.73927897e-03,-3.80801892e-03,8.72454776e+01,-4.19147349e-03,2.72679783e-03,1.62228164e+01,1.41215078e-05,-2.73463876e-05,-8.35277199e-13,-1.75177501e-03,-3.81263974e-03,8.39989924e-08,1.24960408e-05,4.62081641e-06
1.33900000e+03,1.03471398e+02,-4.53823904e-03,2.78620256e-03,8.30469697e-08,-1.84289939e-03,-4.11043086e-03,8.72485015e+01,-4.55800268e-03,2.83100433e-03,1.62228964e+01,1.97636334e-05,-4.48017700e-05,-7.65851138e-13,-1.85884873e-03,-4.11639466e-03,8.30477355e-08,1.59493437e-05,5.96379793e-06
1.34000000e+03,1.03473286e+02,-4.91818576e-03,2.93133726e-03,8.24382470e-08,-1.95694787e-03,-4.41828393e-03,8.72505537e+01,-4.93262419e-03,2.95954595e-03,1.62227321e+01,1.44384276e-05,-2.82086866e-05,-6.94250038e-13,-1.97001796e-03,-4.42362783e-03,8.24389413e-08,1.30700837e-05,5.34390366e-06
1.34100000e+03,1.03476435e+02,-5.24345239e-03,3.02421799e-03,8.15200193e-08,-2.05574196e-03,-4.70627968e-03,8.72536238e+01,-5.26397899e-03,3.06836759e-03,1.62228114e+01,2.05265932e-05,-4.41495953e-05,-6.15025944e-13,-2.07181030e-03,-4.71246380e-03,8.15206343e-08,1.60683392e-05,6.18411553e-06
1.34200000e+03,1.03478376e+02,-5.64072346e-03,3.19628721e-03,8.09817244e-08,-2.17114308e-03,-5.02875675e-03,8.72557289e+01,-5.65658132e-03,3.22567818e-03,1.62226471e+01,1.58578571e-05,-2.93909653e-05,-5.30393026e-13,-2.18519139e-03,-5.03575573e-03,8.09822548e-08,1.40483027e-05,6.99898492e-06
1.34300000e+03,1.03481581e+02,-5.97707006e-03,3.26273197e-03,8.00948038e-08,-2.25661081e-03,-5.30361372e-03,8.72588551e+01,-5.99731737e-03,3.30866918e-03,1.62227258e+01,2.02473104e-05,-4.59372120e-05,-4.66973357e-13,-2.27363454e-03,-5.31080309e-03,8.00952708e-08,1.70237310e-05,7.18937421e-06
1.34400000e+03,1.03483568e+02,-6.33648050e-03,3.39849114e-03,7.96002432e-08,-2.35427709e-03,-5.59102855e-03,8.72610082e+01,-6.35383046e-03,3.42826036e-03,1.62225601e+01,1.73499565e-05,-2.97692201e-05,-4.11513029e-13,-2.36845637e-03,-5.59866459e-03,7.96006547e-08,1.41792867e-05,7.63603779e-06
1.34500000e+03,1.03486809e+02,-6.62670944e-03,3.47373793e-03,7.87882944e-08,-2.44162203e-03,-5.85334486e-03,8.72641704e+01,-6.65068147e-03,3.52030350e-03,1.62226383e+01,2.39720277e-05,-4.65655687e-05,-3.90491316e-13,-2.45929651e-03,-5.86257418e-03,7.87886849e-08,1.76744812e-05,9.22932168e-06
1.34600000e+03,1.03488826e+02,-6.93350333e-03,3.60347304e-03,7.83013372e-08,-2.52638905e-03,-6.09893216e-03,8.72663529e+01,-6.95302972e-03,3.63391350e-03,1.62224734e+01,1.95263927e-05,-3.04404566e-05,-3.66954969e-13,-2.54113371e-03,-6.10860160e-03,7.83017041e-08,1.47446648e-05,9.66944703e-06
1.34700000e+03,1.03492101e+02,-7.17490163e-03,3.65869878e-03,7.75015904e-08,-2.59562642e-03,-6.30585739e-03,8.72695500e+01,-7.19995229e-03,3.70631122e-03,1.62225513e+01,2.50506621e-05,-4.76124375e-05,-3.74761986e-13,-2.61402316e-03,-6.31692792e-03,7.75019652e-08,1.83967405e-05,1.10705336e-05
1.34800000e+03,1.03494148e+02,-7.41196308e-03,3.74623763e-03,7.70845246e-08,-2.65879888e-03,-6.49566551e-03,8.72717630e+01,-7.43200080e-03,3.77761358e-03,1.62223854e+01,2.00377229e-05,-3.13759464e-05,-3.70782290e-13,-2.67412978e-03,-6.50693747e-03,7.70848954e-08,1.53309018e-05,1.12719672e-05
1.34900000e+03,1.03497438e+02,-7.58504854e-03,3.76881165e-03,7.63545359e-08,-2.70475397e-03,-6.64427220e-03,8.72749751e+01,-7.61362619e-03,3.81739595e-03,1.62224627e+01,2.85776466e-05,-4.85843002e-05,-3.76609253e-13,-2.72387329e-03,-6.65797637e-03,7.63549125e-08,1.91193251e-05,1.37041680e-05
1.35000000e+03,1.03499488e+02,-7.70355146e-03,3.81659354e-03,7.58843995e-08,-2.73418993e-03,-6.74415098e-03,8.72771908e+01,-7.72484868e-03,3.84838675e-03,1.62222975e+01,2.12972113e-05,-3.17932042e-05,-4.08806527e-13,-2.75022360e-03,-6.75750945e-03,7.58848083e-08,1.60336689e-05,1.33584703e-05
1.35100000e+03,1.03502780e+02,-7.79943949e-03,3.79452212e-03,7.50913601e-08,-2.74546685e-03,-6.81767305e-03,8.72804048e+01,-7.82650548e-03,3.84395658e-03,1.62223751e+01,2.70659875e-05,-4.94344558e-05,-4.42300724e-13,-2.76505756e-03,-6.83233610e-03,7.50918024e-08,1.95907074e-05,1.46630488e-05
1.35200000e+03,1.03504830e+02,-7.86260503e-03,3.80212356e-03,7.47076105e-08,-2.74974730e-03,-6.86173324e-03,8.72826215e+01,-7.88345404e-03,3.83431964e-03,1.62222088e+01,2.08490143e-05,-3.21960837e-05,-4.91764757e-13,-2.76623060e-03,-6.87593022e-03,7.47081023e-08,1.64833004e-05,1.41969819e-05
1.35300000e+03,1.03508104e+02,-7.87442161e-03,3.74590356e-03,7.39513354e-08,-2.73195261e-03,-6.87150953e-03,8.72858185e+01,-7.90461065e-03,3.79503962e-03,1.62222858e+01,3.01890370e-05,-4.91360629e-05,-5.30961449e-13,-2.75213090e-03,-6.88821988e-03,7.39518663e-08,2.01782969e-05,1.67103455e-05
1.35400000e+03,1.03510124e+02,-7.83481687e-03,3.72917436e-03,7.34867573e-08,-2.70154494e-03,-6.83619691e-03,8.72880037e+01,-7.85690144e-03,3.76155437e-03,1.62221199e+01,2.20845740e-05,-3.23800160e-05,-5.85699311e-13,-2.71873753e-03,-6.85266722e-03,7.34873430e-08,1.71925907e-05,1.64703058e-05
1.35500000e+03,1.03513366e+02,-7.76422210e-03,3.63571895e-03,7.26778859e-08,-2.65256702e-03,-6.76653092e-03,8.72911691e+01,-7.79384762e-03,3.68497011e-03,1.62221973e+01,2.96255266e-05,-4.92511556e-05,-6.26537264e-13,-2.67318071e-03,-6.78494213e-03,7.26785125e-08,2.06136971e-05,1.84112081e-05
1.35600000e+03,1.03515347e+02,-7.64641845e-03,3.58993220e-03,7.21965260e-08,-2.60043407e-03,-6.66105728e-03,8.72933163e+01,-7.66922021e-03,3.62148422e-03,1.62220309e+01,2.28017589e-05,-3.15520207e-05,-6.69367996e-13,-2.61778472e-03,-6.67844673e-03,7.21971954e-08,1.73506482e-05,1.73894540e-05
1.35700000e+03,1.03518544e+02,-7.48156560e-03,3.47879915e-03,7.14138251e-08,-2.52452403e-03,-6.52595440e-03,8.72964362e+01,-7.51118156e-03,3.52691744e-03,1.62221075e+01,2.96159593e-05,-4.81182841e-05,-7.22562271e-13,-2.54490847e-03,-6.54476896e-03,7.14145476e-08,2.03844380e-05,1.88145562e-05
1.35800000e+03,1.03520477e+02,-7.29793619e-03,3.43111468e-03,7.09176342e-08,-2.45477476e-03,-6.36454598e-03,8.72985352e+01,-7.32030516e-03,3.46251522e-03,1.62219416e+01,2.23689695e-05,-3.14005385e-05,-8.00888890e-13,-2.47216279e-03,-6.38311248e-03,7.09184351e-08,1.73880310e-05,1.85665037e-05
1.35900000e+03,1.03523626e+02,-7.06257921e-03,3.29886456e-03,7.01067816e-08,-2.36407212e-03,-6.16666396e-03,8.73016071e+01,-7.09132537e-03,3.34747924e-03,1.62220185e+01,2.87461590e-05,-4.86146878e-05,-8.39286902e-13,-2.38464397e-03,-6.18679832e-03,7.01076209e-08,2.05718470e-05,2.01343573e-05
1.36000000e+03,1.03525509e+02,-6.80130835e-03,3.21111395e-03,6.96199934e-08,-2.27160259e-03,-5.93985341e-03,8.73036574e+01,-6.82278142e-03,3.24130141e-03,1.62218515e+01,2.14730722e-05,-3.01874600e-05,-8.80389037e-13,-2.28854397e-03,-5.95862543e-03,6.96208738e-08,1.69413865e-05,1.87720112e-05
1.36100000e+03,1.03528612e+02,-6.50771391e-03,3.07922078e-03,6.88224078e-08,-2.16969951e-03,-5.69771254e-03,8.73066844e+01,-6.53563881e-03,3.12562091e-03,1.62219276e+01,2.79248967e-05,-4.64001257e-05,-9.22862826e-13,-2.18948872e-03,-5.71778560e-03,6.88233307e-08,1.97892162e-05,2.00730630e-05
1.36200000e+03,1.03530451e+02,-6.21219455e-03,3.01569774e-03,6.82849590e-08,-2.07751558e-03,-5.44198045e-03,8.73086904e+01,-6.23223118e-03,3.04427869e-03,1.62217603e+01,2.00366338e-05,-2.85809464e-05,-9.71328551e-13,-2.09409130e-03,-5.46108590e-03,6.82859304e-08,1.65757190e-05,1.91054457e-05
1.36300000e+03,1.03533502e+02,-5.90727645e-03,2.88556735e-03,6.74345252e-08,-1.96780537e-03,-5.17340311e-03,8.73116667e+01,-5.93174950e-03,2.93171488e-03,1.62218353e+01,2.44730469e-05,-4.61475276e-05,-1.02923128e-12,-1.98737930e-03,-5.19292133e-03,6.74355544e-08,1.95739372e-05,1.95182203e-05
1.36400000e+03,1.03535290e+02,-5.63087349e-03,2.79514404e-03,6.68914445e-08,-1.86478072e-03,-4.90769438e-03,8.73136236e+01,-5.64811334e-03,2.82255324e-03,1.62216667e+01,1.72398501e-05,-2.74091921e-05,-1.08652429e-12,-1.88064594e-03,-4.92562103e-03,6.68925310e-08,1.58652271e-05,1.79266490e-05
1.36500000e+03,1.03538300e+02,-5.33637772e-03,2.68137944e-03,6.60549176e-08,-1.76327182e-03,-4.64636556e-03,8.73165589e+01,-5.35751598e-03,2.72531420e-03,1.62217407e+01,2.11382565e-05,-4.39347539e-05,-1.12306885e-12,-1.78181029e-03,-4.66417089e-03,6.60560406e-08,1.85384699e-05,1.78053288e-05
1.36600000e+03,1.03540052e+02,-5.02487397e-03,2.61572946e-03,6.55307759e-08,-1.66231976e-03,-4.36213461e-03,8.73184813e+01,-5.03303700e-03,2.64059612e-03,1.62215705e+01,8.16303494e-06,-2.48666551e-05,-1.16181140e-12,-1.67694048e-03,-4.37642998e-03,6.55319377e-08,1.46207148e-05,1.42953690e-05
1.36700000e+03,1.03543026e+02,-4.79267796e-03,2.51229460e-03,6.46741700e-08,-1.56544270e-03,-4.11096565e-03,8.73213825e+01,-4.80617759e-03,2.55477162e-03,1.62216431e+01,1.34996327e-05,-4.24770230e-05,-1.18815530e-12,-1.58306037e-03,-4.12569413e-03,6.46753582e-08,1.76176666e-05,1.47284722e-05
1.36800000e+03,1.03544743e+02,-4.55208866e-03,2.43926571e-03,6.41396939e-08,-1.47330994e-03,-3.85499083e-03,8.73232715e+01,-4.55642856e-03,2.46072931e-03,1.62214716e+01,4.33989700e-06,-2.14636034e-05,-1.18156616e-12,-1.48625501e-03,-3.86715913e-03,6.41408754e-08,1.29450763e-05,1.21682997e-05
1.36900000e+03,1.03547688e+02,-4.28715427e-03,2.37331596e-03,6.32957937e-08,-1.39069018e-03,-3.60002685e-03,8.73261453e+01,-4.29592265e-03,2.41072227e-03,1.62215429e+01,8.76837978e-06,-3.74063148e-05,-1.17296272e-12,-1.40592268e-03,-3.61199925e-03,6.32969667e-08,1.52324967e-05,1.19723973e-05
1.37000000e+03,1.03549380e+02,-4.01544908e-03,2.35312684e-03,6.27339699e-08,-1.31719863e-03,-3.33535938e-03,8.73280094e+01,-4.01263918e-03,2.37152228e-03,1.62213710e+01,-2.80989623e-06,-1.83954421e-05,-1.13422072e-12,-1.32842222e-03,-3.34415513e-03,6.27351042e-08,1.12235916e-05,8.79574148e-06
1.37100000e+03,1.03552302e+02,-3.80242416e-03,2.29268983e-03,6.18771781e-08,-1.24754371e-03,-3.10043753e-03,8.73308598e+01,-3.80460798e-03,2.32848049e-03,1.62214418e+01,2.18381815e-06,-3.57906561e-05,-1.10562447e-12,-1.26148009e-03,-3.10943130e-03,6.18782837e-08,1.39363836e-05,8.99377471e-06
1.37200000e+03,1.03553969e+02,-3.54823925e-03,2.26730015e-03,6.13094925e-08,-1.17898337e-03,-2.85047889e-03,8.73327006e+01,-3.54044990e-03,2.28362406e-03,1.62212688e+01,-7.78934481e-06,-1.63239185e-05,-1.08046718e-12,-1.18877277e-03,-2.85586146e-03,6.13105730e-08,9.78939806e-06,5.38256880e-06
1.37300000e+03,1.03556865e+02,-3.29697384e-03,2.19830751e-03,6.04165571e-08,-1.10666441e-03,-2.61807053e-03,8.73355267e+01,-3.29356836e-03,2.23167215e-03,1.62213387e+01,-3.40547567e-06,-3.33646362e-05,-1.05260878e-12,-1.11912940e-03,-2.62263890e-03,6.04176097e-08,1.24649839e-05,4.56836939e-06
1.37400000e+03,1.03558527e+02,-3.04463518e-03,2.16941927e-03,5.99027447e-08,-1.03730064e-03,-2.38653488e-03,8.73373620e+01,-3.02665265e-03,2.18231080e-03,1.62211647e+01,-1.79825257e-05,-1.28915286e-05,-9.74438814e-13,-1.04477121e-03,-2.38636937e-03,5.99037192e-08,7.47056951e-06,-1.65508956e-07
1.37500000e+03,1.03561426e+02,-2.85479370e-03,2.12604058e-03,5.90674548e-08,-9.82941488e-04,-2.18537859e-03,8.73401937e+01,-2.84080468e-03,2.15811043e-03,1.62212326e+01,-1.39890136e-05,-3.20698465e-05,-8.85954901e-13,-9.93830598e-04,-2.18372434e-03,5.90683408e-08,1.08891096e-05,-1.65425290e-06
1.37600000e+03,1.03563083e+02,-2.67641708e-03,2.08814455e-03,5.85302772e-08,-9.23876862e-04,-2.00752053e-03,8.73420256e+01,-2.65411217e-03,2.10115696e-03,1.62210569e+01,-2.23049168e-05,-1.30124028e-05,-8.21789955e-13,-9.30886648e-04,-2.00345276e-03,5.85310990e-08,7.00978606e-06,-4.06776430e-06
1.37700000e+03,1.03565972e+02,-2.45071505e-03,1.98870810e-03,5.76934835e-08,-8.47451673e-04,-1.81306352e-03,8.73448484e+01,-2.43196115e-03,2.01973447e-03,1.62211241e+01,-1.87538938e-05,-3.10263737e-05,-7.40376689e-13,-8.57545054e-04,-1.80761512e-03,5.76942239e-08,1.00933810e-05,-5.44840688e-06
1.37800000e+03,1.03567627e+02,-2.28474286e-03,1.93510041e-03,5.71986484e-08,-7.76491603e-04,-1.65415212e-03,8.73466787e+01,-2.25844113e-03,1.94496577e-03,1.62209479e+01,-2.63017270e-05,-9.86536601e-06,-6.64830493e-13,-7.81588299e-04,-1.64740918e-03,5.71993132e-08,5.09669623e-06,-6.74294765e-06
1.37900000e+03,1.03570524e+02,-2.10135679e-03,1.85885602e-03,5.64076783e-08,-7.18442393e-04,-1.48224958e-03,8.73495095e+01,-2.08289746e-03,1.89008321e-03,1.62210143e+01,-1.84593303e-05,-3.12271858e-05,-5.76466468e-13,-7.27411215e-04,-1.47619792e-03,5.64082547e-08,8.96882222e-06,-6.05165602e-06
1.38000000e+03,1.03572179e+02,-1.88801150e-03,1.76569930e-03,5.58904581e-08,-6.51794779e-04,-1.31183383e-03,8.73513415e+01,-1.85943506e-03,1.77644747e-03,1.62208377e+01,-2.85764400e-05,-1.07481742e-05,-4.88876758e-13,-6.56413688e-04,-1.30326916e-03,5.58909469e-08,4.61890900e-06,-8.56467176e-06
1.38100000e+03,1.03575065e+02,-1.65765403e-03,1.66127957e-03,5.50764454e-08,-5.80224850e-04,-1.13118504e-03,8.73541614e+01,-1.63858560e-03,1.69044226e-03,1.62209034e+01,-1.90684288e-05,-2.91626867e-05,-4.22977560e-13,-5.87877573e-04,-1.12363105e-03,5.50768684e-08,7.65272279e-06,-7.55399296e-06
1.38200000e+03,1.03576714e+02,-1.42297610e-03,1.60328714e-03,5.45759656e-08,-5.20246846e-04,-9.53955500e-04,8.73559868e+01,-1.39307251e-03,1.61382104e-03,1.62207269e+01,-2.99035919e-05,-1.05339001e-05,-3.88268059e-13,-5.24343007e-04,-9.42897675e-04,5.45763539e-08,4.09616031e-06,-1.10578241e-05
1.38300000e+03,1.03579598e+02,-1.19817684e-03,1.48391719e-03,5.38005208e-08,-4.52438695e-04,-7.85399036e-04,8.73588058e+01,-1.17509291e-03,1.51489403e-03,1.62207923e+01,-2.30839291e-05,-3.09768400e-05,-3.70179180e-13,-4.59920391e-04,-7.75030496e-04,5.38008910e-08,7.48169604e-06,-1.03685404e-05
1.38400000e+03,1.03581231e+02,-9.61683825e-04,1.38267899e-03,5.32783578e-08,-3.83282831e-04,-6.14575151e-04,8.73606149e+01,-9.33374798e-04,1.39597372e-03,1.62206157e+01,-2.83090266e-05,-1.32947290e-05,-3.27472744e-13,-3.88169166e-04,-6.03927463e-04,5.32786853e-08,4.88633425e-06,-1.06476878e-05
1.38500000e+03,1.03584095e+02,-6.44909678e-04,1.21447003e-03,5.25067329e-08,-2.83251676e-04,-4.01654799e-04,8.73634129e+01,-6.23718900e-04,1.24343223e-03,1.62206820e+01,-2.11907783e-05,-2.89621974e-05,-2.76274505e-13,-2.89532211e-04,-3.91012602e-04,5.25070092e-08,6.28053544e-06,-1.06421970e-05
1.38600000e+03,1.03585718e+02,-3.79426211e-04,1.16236194e-03,5.19658580e-08,-2.31410284e-04,-2.20607788e-04,8.73652119e+01,-3.55683429e-04,1.17550513e-03,1.62205058e+01,-2.37427824e-05,-1.31431881e-05,-2.41249720e-13,-2.35603774e-04,-2.11736518e-04,5.19660992e-08,4.19348948e-06,-8.87127049e-06
1.38700000e+03,1.03588570e+02,-5.28657793e-06,1.00839348e-03,5.12094208e-08,-1.45478112e-04,2.42539618e-05,8.73679980e+01,1.53316586e-05,1.04175926e-03,1.62205725e+01,-2.06182366e-05,-3.33657782e-05,-2.03524579e-13,-1.53269692e-04,3.43710330e-05,5.12096243e-08,7.79157953e-06,-1.01170712e-05
1.38800000e+03,1.03590172e+02,2.97640433e-04,8.46306068e-04,5.06720883e-08,-4.48969995e-05,2.32989701e-04,8.73697748e+01,3.17698457e-04,8.61599427e-04,1.62203970e+01,-2.00580239e-05,-1.52933597e-05,-1.99215664e-13,-4.97365100e-05,2.40547917e-04,5.06722875e-08,4.83951053e-06,-7.55821576e-06
1.38900000e+03,1.03592996e+02,7.27591665e-04,6.71270149e-04,4.98506615e-08,5.93630983e-05,5.02642638e-04,8.73725297e+01,7.39539195e-04,7.05531840e-04,1.62204659e+01,-1.19475297e-05,-3.42616906e-05,-1.76286256e-13,5.06675266e-05,5.08916550e-04,4.98508378e-08,8.69557166e-06,-6.27391279e-06
1.39000000e+03,1.03594570e+02,1.14638884e-03,5.62155246e-04,4.92899804e-08,1.50495292e-04,7.73484776e-04,8.73742780e+01,1.16093029e-03,5.78866262e-04,1.62202923e+01,-1.45414541e-05,-1.67110155e-05,-1.90092239e-13,1.44560807e-04,7.77901993e-04,4.92901704e-08,5.93448478e-06,-4.41721721e-06
1.39100000e+03,1.03597367e+02,1.58892234e-03,3.69986303e-04,4.84382274e-08,2.61480772e-04,1.05969575e-03,8.73770040e+01,1.59730606e-03,4.09342813e-04,1.62203630e+01,-8.38372249e-06,-3.93565102e-05,-1.93483733e-13,2.50520918e-04,1.06320118e-03,4.84384209e-08,1.09598538e-05,-3.50543764e-06
1.39200000e+03,1.03598908e+02,1.98495133e-03,1.94442475e-04,4.78271058e-08,3.78921964e-04,1.32420836e-03,8.73787164e+01,1.99281658e-03,2.14200701e-04,1.62201912e+01,-7.86525432e-06,-1.97582264e-05,-2.03436367e-13,3.71695395e-04,1.32493357e-03,4.78273092e-08,7.22656900e-06,-7.25203910e-07
1.39300000e+03,1.03601673e+02,2.50437352e-03,1.27667589e-05,4.69586353e-08,4.93845433e-04,1.64732878e-03,8.73814099e+01,2.50640471e-03,5.70873500e-05,1.62202629e+01,-2.03118897e-06,-4.43205911e-05,-2.21439067e-13,4.79066306e-04,1.64737891e-03,4.69588568e-08,1.47791270e-05,-5.01307970e-08
1.39400000e+03,1.03603186e+02,2.89601932e-03,-1.86293185e-04,4.63309773e-08,6.44274106e-04,1.91326566e-03,8.73830925e+01,2.89725719e-03,-1.62431938e-04,1.62200931e+01,-1.23786988e-06,-2.38612461e-05,-2.48259405e-13,6.34123417e-04,1.90975280e-03,4.63312255e-08,1.01506886e-05,3.51286656e-06
1.39500000e+03,1.03605916e+02,3.34526491e-03,-3.70023256e-04,4.54150058e-08,7.58772845e-04,2.21931647e-03,8.73857502e+01,3.34163180e-03,-3.23471107e-04,1.62201662e+01,3.63311826e-06,-4.65521492e-05,-2.48094250e-13,7.43250921e-04,2.21530075e-03,4.54152539e-08,1.55219239e-05,4.01571862e-06
1.39600000e+03,1.03607381e+02,3.68776256e-03,-5.32142322e-04,4.46823919e-08,8.82845480e-04,2.47004511e-03,8.73873838e+01,3.68346154e-03,-5.04656855e-04,1.62199967e+01,4.30102104e-06,-2.74854672e-05,-2.59436804e-13,8.70542375e-04,2.46272310e-03,4.46826513e-08,1.23031055e-05,7.32200473e-06
1.39700000e+03,1.03610066e+02,4.07961325e-03,-7.08841222e-04,4.37321476e-08,1.00340844e-03,2.74770163e-03,8.73899965e+01,4.06963379e-03,-6.60544334e-04,1.62200700e+01,9.97946506e-06,-4.82968877e-05,-2.79787686e-13,9.85719723e-04,2.73980897e-03,4.37324273e-08,1.76887139e-05,7.89265925e-06
1.39800000e+03,1.03611498e+02,4.35914664e-03,-8.35260196e-04,4.30904954e-08,1.12493115e-03,2.97808216e-03,8.73915979e+01,4.35294698e-03,-8.06003011e-04,1.62199002e+01,6.19966275e-06,-2.92571857e-05,-2.95796088e-13,1.11122354e-03,2.96888677e-03,4.30907912e-08,1.37076130e-05,9.19539337e-06
1.39900000e+03,1.03614153e+02,4.60587116e-03,-9.58433749e-04,4.21160170e-08,1.21704369e-03,3.19995346e-03,8.73941806e+01,4.59605992e-03,-9.07157705e-04,1.62199724e+01,9.81123891e-06,-5.12760437e-05,-3.29071634e-13,1.19812309e-03,3.19072440e-03,4.21163460e-08,1.89206084e-05,9.22905612e-06
1.40000000e+03,1.03615541e+02,4.75911381e-03,-1.05470946e-03,4.14165419e-08,1.31006195e-03,3.37349149e-03,8.73957395e+01,4.75301620e-03,-1.02480491e-03,1.62198019e+01,6.09760812e-06,-2.99045460e-05,-3.23284529e-13,1.29542397e-03,3.36394883e-03,4.14168652e-08,1.46379805e-05,9.54265541e-06
1.40100000e+03,1.03618141e+02,4.92654289e-03,-1.12444346e-03,4.04225938e-08,1.38367792e-03,3.54056491e-03,8.73982670e+01,4.91501035e-03,-1.07657405e-03,1.62198740e+01,1.15325398e-05,-4.78694102e-05,-3.21539386e-13,1.36562802e-03,3.53042589e-03,4.04229154e-08,1.80499077e-05,1.01390179e-05
1.40200000e+03,1.03619489e+02,5.01892671e-03,-1.09381629e-03,3.97065173e-08,1.42927578e-03,3.67825569e-03,8.73997862e+01,5.01269176e-03,-1.06425220e-03,1.62197024e+01,6.23495246e-06,-2.95640855e-05,-3.22519237e-13,1.41490471e-03,3.66791671e-03,3.97068398e-08,1.43710668e-05,1.03389837e-05
1.40300000e+03,1.03622065e+02,5.08176132e-03,-1.09235442e-03,3.87521756e-08,1.46036155e-03,3.79609555e-03,8.74022920e+01,5.07146303e-03,-1.04228830e-03,1.62197730e+01,1.02982896e-05,-5.00661153e-05,-3.08683786e-13,1.44139195e-03,3.78565982e-03,3.87524843e-08,1.89695992e-05,1.04357208e-05
1.40400000e+03,1.03623386e+02,5.10713076e-03,-1.06940339e-03,3.80704682e-08,1.49594607e-03,3.89517997e-03,8.74037863e+01,5.10275892e-03,-1.04245626e-03,1.62196000e+01,4.37184258e-06,-2.69471267e-05,-2.97878436e-13,1.48314675e-03,3.88584816e-03,3.80707661e-08,1.27993167e-05,9.33180678e-06
1.40500000e+03,1.03625916e+02,5.14798569e-03,-9.96723308e-04,3.70876367e-08,1.48957322e-03,3.98268243e-03,8.74062466e+01,5.13905884e-03,-9.51064191e-04,1.62196695e+01,8.92685320e-06,-4.56591173e-05,-3.44627772e-13,1.47254679e-03,3.97312858e-03,3.70879813e-08,1.70264340e-05,9.55384649e-06
1.40600000e+03,1.03627189e+02,5.11772347e-03,-9.09324967e-04,3.63198574e-08,1.49978096e-03,4.04501790e-03,8.74076924e+01,5.11615459e-03,-8.85718255e-04,1.62194963e+01,1.56888005e-06,-2.36067122e-05,-3.61068894e-13,1.48846974e-03,4.03687780e-03,3.63202185e-08,1.13112203e-05,8.14010468e-06
1.40700000e+03,1.03629694e+02,5.10276805e-03,-8.26285568e-04,3.53649252e-08,1.48273389e-03,4.10360573e-03,8.74101300e+01,5.09435038e-03,-7.83406191e-04,1.62195644e+01,8.41767213e-06,-4.28793774e-05,-3.46952178e-13,1.46805816e-03,4.09436587e-03,3.53652721e-08,1.46757231e-05,9.23986212e-06
1.40800000e+03,1.03630953e+02,5.10999389e-03,-7.07821510e-04,3.46856851e-08,1.45794662e-03,4.17601653e-03,8.74115644e+01,5.11214181e-03,-6.84499445e-04,1.62193884e+01,-2.14792403e-06,-2.33220652e-05,-3.09726290e-13,1.44738087e-03,4.17051987e-03,3.46859949e-08,1.05657485e-05,5.49665472e-06
1.40900000e+03,1.03633440e+02,5.08806371e-03,-6.53893113e-04,3.37985381e-08,1.45223092e-03,4.21791442e-03,8.74139857e+01,5.08603901e-03,-6.14369175e-04,1.62194541e+01,2.02470026e-06,-3.95239379e-05,-2.80570255e-13,1.43953648e-03,4.21262712e-03,3.37988187e-08,1.26944464e-05,5.28730591e-06
1.41000000e+03,1.03634681e+02,5.04145469e-03,-5.41316115e-04,3.30989086e-08,1.43263789e-03,4.26323357e-03,8.74154046e+01,5.04532447e-03,-5.18148230e-04,1.62192768e+01,-3.86977715e-06,-2.31678851e-05,-2.58923795e-13,1.42264318e-03,4.25904539e-03,3.30991675e-08,9.99470382e-06,4.18818130e-06
1.41100000e+03,1.03637161e+02,5.05360610e-03,-5.45829709e-04,3.21456659e-08,1.45198491e-03,4.32943463e-03,8.74178185e+01,5.05425810e-03,-5.08936519e-04,1.62193422e+01,-6.51999027e-07,-3.68931897e-05,-2.37565616e-13,1.44181931e-03,4.32559890e-03,3.21459034e-08,1.01655995e-05,3.83573408e-06
1.41200000e+03,1.03638405e+02,5.07218243e-03,-4.80121142e-04,3.14417078e-08,1.44452000e-03,4.41629764e-03,8.74192415e+01,5.07874782e-03,-4.58768024e-04,1.62191638e+01,-6.56538821e-06,-2.13531185e-05,-2.09686290e-13,1.43630775e-03,4.41407530e-03,3.14419175e-08,8.21225021e-06,2.22234546e-06
1.41300000e+03,1.03640892e+02,5.18808863e-03,-5.10194900e-04,3.05960593e-08,1.47269377e-03,4.53475665e-03,8.74216637e+01,5.19006644e-03,-4.74023362e-04,1.62192287e+01,-1.97781085e-06,-3.61715380e-05,-1.88073997e-13,1.46288154e-03,4.53236551e-03,3.05962474e-08,9.81222756e-06,2.39114698e-06
1.41400000e+03,1.03642149e+02,5.27521403e-03,-4.44104238e-04,2.99096693e-08,1.47689481e-03,4.65656049e-03,8.74230985e+01,5.27848972e-03,-4.20911866e-04,1.62190510e+01,-3.27568857e-06,-2.31923720e-05,-1.60432619e-13,1.46821899e-03,4.65268390e-03,2.99098298e-08,8.67582162e-06,3.87659130e-06
1.41500000e+03,1.03644651e+02,5.48266010e-03,-5.67951875e-04,2.90414746e-08,1.54858508e-03,4.83736025e-03,8.74255352e+01,5.48457640e-03,-5.28440663e-04,1.62191161e+01,-1.91630065e-06,-3.95112122e-05,-1.41903470e-13,1.53759942e-03,4.83426582e-03,2.90416165e-08,1.09856623e-05,3.09443114e-06
1.41600000e+03,1.03645921e+02,5.61975256e-03,-6.30895812e-04,2.83317313e-08,1.61279972e-03,4.99497859e-03,8.74269816e+01,5.61875088e-03,-6.07364631e-04,1.62189396e+01,1.00168569e-06,-2.35311810e-05,-1.05805935e-13,1.60412246e-03,4.98892518e-03,2.83318371e-08,8.67726778e-06,6.05341458e-06
1.41700000e+03,1.03648433e+02,5.93209245e-03,-7.36457837e-04,2.74913761e-08,1.68435108e-03,5.21918474e-03,8.74294277e+01,5.92629040e-03,-6.94543498e-04,1.62190057e+01,5.80204490e-06,-4.19143392e-05,-6.21510199e-14,1.67173508e-03,5.21269376e-03,2.74914382e-08,1.26160026e-05,6.49098125e-06
1.41800000e+03,1.03649720e+02,6.18991303e-03,-8.21614334e-04,2.67882633e-08,1.77012085e-03,5.42603899e-03,8.74308902e+01,6.18663892e-03,-7.93534752e-04,1.62188302e+01,3.27410750e-06,-2.80795823e-05,1.20411497e-14,1.75856613e-03,5.41859448e-03,2.67882513e-08,1.15547157e-05,7.44450502e-06
1.41900000e+03,1.03652244e+02,6.48089643e-03,-1.02878659e-03,2.59156099e-08,1.89464847e-03,5.64365195e-03,8.74333478e+01,6.47580713e-03,-9.80487080e-04,1.62188963e+01,5.08930383e-06,-4.82995074e-05,5.58711298e-14,1.87894266e-03,5.63726879e-03,2.59155540e-08,1.57058094e-05,6.38316218e-06
1.42000000e+03,1.03653535e+02,6.69762481e-03,-1.18048598e-03,2.51531563e-08,2.00704527e-03,5.82416867e-03,8.74348130e+01,6.69398146e-03,-1.14849973e-03,1.62187220e+01,3.64334921e-06,-3.19862455e-05,8.80432023e-14,1.99348099e-03,5.81710651e-03,2.51530682e-08,1.35642856e-05,7.06215282e-06
1.42100000e+03,1.03656067e+02,7.03148852e-03,-1.40344410e-03,2.42799311e-08,2.13873287e-03,6.03427025e-03,8.74372785e+01,7.02426091e-03,-1.35508313e-03,1.62187890e+01,7.22761010e-06,-4.83609676e-05,1.18637186e-13,2.12287203e-03,6.02783103e-03,2.42798125e-08,1.58608374e-05,6.43921576e-06
1.42200000e+03,1.03657374e+02,7.24577947e-03,-1.54809959e-03,2.34501886e-08,2.24739322e-03,6.19218489e-03,8.74387591e+01,7.24186205e-03,-1.51342850e-03,1.62186146e+01,3.91741386e-06,-3.46710951e-05,1.81288626e-13,2.23242472e-03,6.18550595e-03,2.34500073e-08,1.49684974e-05,6.67893997e-06
1.42300000e+03,1.03659908e+02,7.50420961e-03,-1.77844478e-03,2.25191513e-08,2.37639008e-03,6.36090535e-03,8.74412255e+01,7.50150011e-03,-1.72804775e-03,1.62186823e+01,2.70950531e-06,-5.03970328e-05,2.18636474e-13,2.35981097e-03,6.35690979e-03,2.25189327e-08,1.65791085e-05,3.99555590e-06
1.42400000e+03,1.03661196e+02,7.62516256e-03,-1.90120294e-03,2.15346530e-08,2.45955566e-03,6.45942360e-03,8.74426877e+01,7.61932625e-03,-1.86678003e-03,1.62185087e+01,5.83631499e-06,-3.44229103e-05,2.48226249e-13,2.44546487e-03,6.45281030e-03,2.15344048e-08,1.40907930e-05,6.61330741e-06
1.42500000e+03,1.03663715e+02,7.88362063e-03,-2.07854980e-03,2.05897723e-08,2.55224727e-03,6.59695939e-03,8.74451386e+01,7.87679758e-03,-2.03129475e-03,1.62185766e+01,6.82304718e-06,-4.72550492e-05,2.96849112e-13,2.53760768e-03,6.59228073e-03,2.05894755e-08,1.46395858e-05,4.67866020e-06
1.42600000e+03,1.03664996e+02,7.98715409e-03,-2.14327590e-03,1.95918397e-08,2.59661696e-03,6.66254833e-03,8.74465942e+01,7.98288166e-03,-2.10947779e-03,1.62184023e+01,4.27243216e-06,-3.37981050e-05,3.16723487e-13,2.58348594e-03,6.65694102e-03,1.95915230e-08,1.31310167e-05,5.60730739e-06
1.42700000e+03,1.03667508e+02,8.09800751e-03,-2.27693416e-03,1.86159924e-08,2.64827673e-03,6.71848806e-03,8.74490378e+01,8.09309971e-03,-2.22829916e-03,1.62184700e+01,4.90779837e-06,-4.86350022e-05,3.33205772e-13,2.63404416e-03,6.71538347e-03,1.86156592e-08,1.42325701e-05,3.10458835e-06
1.42800000e+03,1.03668773e+02,8.09755285e-03,-2.31216021e-03,1.75942412e-08,2.66408847e-03,6.70683824e-03,8.74504780e+01,8.09157936e-03,-2.27974778e-03,1.62182952e+01,5.97348888e-06,-3.24124239e-05,3.52758948e-13,2.65251467e-03,6.70153795e-03,1.75938884e-08,1.15738027e-05,5.30029274e-06
1.42900000e+03,1.03671266e+02,8.18779440e-03,-2.35021268e-03,1.66309919e-08,2.65574756e-03,6.71460632e-03,8.74529037e+01,8.17968417e-03,-2.30108723e-03,1.62183623e+01,8.11023511e-06,-4.91254444e-05,3.59227876e-13,2.64134164e-03,6.71129373e-03,1.66306326e-08,1.44059217e-05,3.31258727e-06
1.43000000e+03,1.03672522e+02,8.09914779e-03,-2.32905707e-03,1.55985431e-08,2.63962539e-03,6.63490998e-03,8.74543343e+01,8.09661586e-03,-2.29727833e-03,1.62181873e+01,2.53193176e-06,-3.17787449e-05,3.42058340e-13,2.62905471e-03,6.63289536e-03,1.55982010e-08,1.05706871e-05,2.01461598e-06
1.43100000e+03,1.03675001e+02,7.96305090e-03,-2.31789873e-03,1.45636679e-08,2.59111854e-03,6.50326278e-03,8.74567472e+01,7.95693431e-03,-2.26659202e-03,1.62182534e+01,6.11659143e-06,-5.13067086e-05,3.35388825e-13,2.57645424e-03,6.50194713e-03,1.45633325e-08,1.46643016e-05,1.31564540e-06
1.43200000e+03,1.03676227e+02,7.76570059e-03,-2.26774412e-03,1.35109437e-08,2.54297908e-03,6.33702790e-03,8.74581489e+01,7.75922475e-03,-2.23505704e-03,1.62180779e+01,6.47583756e-06,-3.26870802e-05,3.20645351e-13,2.53199775e-03,6.33402319e-03,1.35106231e-08,1.09813305e-05,3.00471106e-06
1.43300000e+03,1.03678669e+02,7.62487453e-03,-2.19011978e-03,1.24932354e-08,2.46057629e-03,6.18000098e-03,8.74605246e+01,7.61626204e-03,-2.14002912e-03,1.62181442e+01,8.61249730e-06,-5.00906669e-05,3.04830459e-13,2.44640790e-03,6.17873379e-03,1.24929306e-08,1.41683895e-05,1.26718839e-06
1.43400000e+03,1.03679864e+02,7.27368116e-03,-2.04966146e-03,1.13924576e-08,2.36396287e-03,5.91028489e-03,8.74618942e+01,7.26993219e-03,-2.01700221e-03,1.62179694e+01,3.74897163e-06,-3.26592551e-05,2.97934876e-13,2.35351880e-03,5.90963316e-03,1.13921597e-08,1.04440705e-05,6.51725100e-07
1.43500000e+03,1.03682273e+02,6.93287619e-03,-1.94096270e-03,1.03382064e-08,2.25207502e-03,5.62813322e-03,8.74642371e+01,6.92254319e-03,-1.88941883e-03,1.62180354e+01,1.03329916e-05,-5.15438664e-05,2.97694139e-13,2.23830293e-03,5.62644801e-03,1.03379087e-08,1.37720917e-05,1.68520989e-06
1.43600000e+03,1.03683424e+02,6.54877284e-03,-1.74860182e-03,9.22646353e-09,2.10497679e-03,5.32865464e-03,8.74655635e+01,6.54145082e-03,-1.71472884e-03,1.62178604e+01,7.32202894e-06,-3.38729742e-05,2.90615776e-13,2.09423564e-03,5.32625777e-03,9.22617291e-09,1.07411477e-05,2.39686466e-06
1.43700000e+03,1.03685789e+02,6.18815693e-03,-1.59850363e-03,8.19169153e-09,1.96834988e-03,5.01941938e-03,8.74678619e+01,6.17478436e-03,-1.54837744e-03,1.62179266e+01,1.33725727e-05,-5.01261931e-05,3.39916297e-13,1.95520087e-03,5.01697485e-03,8.19135161e-09,1.31490110e-05,2.44453364e-06
1.43800000e+03,1.03686899e+02,5.70607689e-03,-1.31814802e-03,7.05935864e-09,1.78135655e-03,4.64494272e-03,8.74691473e+01,5.69767881e-03,-1.28388661e-03,1.62177516e+01,8.39808119e-06,-3.42614145e-05,3.98446450e-13,1.77031543e-03,4.64242369e-03,7.05896019e-09,1.10411238e-05,2.51903572e-06
1.43900000e+03,1.03689219e+02,5.24172201e-03,-1.13668703e-03,5.99330253e-09,1.62338098e-03,4.27283987e-03,8.74714024e+01,5.22791344e-03,-1.08436360e-03,1.62178171e+01,1.38085701e-05,-5.23234273e-05,4.20414805e-13,1.60988618e-03,4.26988040e-03,5.99288212e-09,1.34948044e-05,2.95947025e-06
1.44000000e+03,1.03690276e+02,4.73270068e-03,-8.75440797e-04,4.83245546e-09,1.43539846e-03,3.88655024e-03,8.74726338e+01,4.72172821e-03,-8.39626273e-04,1.62176424e+01,1.09724643e-05,-3.58145248e-05,3.67634250e-13,1.42389807e-03,3.88290602e-03,4.83208783e-09,1.15003973e-05,3.64421669e-06
1.44100000e+03,1.03692541e+02,4.28087657e-03,-6.58209441e-04,3.78622040e-09,1.25569752e-03,3.50797952e-03,8.74748323e+01,4.26493591e-03,-6.07196508e-04,1.62177086e+01,1.59406584e-05,-5.10129336e-05,4.01450539e-13,1.24280816e-03,3.50503255e-03,3.78581895e-09,1.28893588e-05,2.94696614e-06
1.44200000e+03,1.03693548e+02,3.73112128e-03,-3.29906570e-04,2.62077587e-09,1.03755277e-03,3.08084008e-03,8.74760136e+01,3.72080276e-03,-2.95468085e-04,1.62175345e+01,1.03185275e-05,-3.44384855e-05,3.98238723e-13,1.02637889e-03,3.07781906e-03,2.62037763e-09,1.11738832e-05,3.02101692e-06
1.44300000e+03,1.03695764e+02,3.18835206e-03,-1.05113826e-04,1.55294104e-09,8.58785063e-04,2.66154222e-03,8.74781637e+01,3.17094756e-03,-5.03533591e-05,1.62176006e+01,1.74045011e-05,-5.47604673e-05,4.38260502e-13,8.43999074e-04,2.65719929e-03,1.55250278e-09,1.47859892e-05,4.34293228e-06
1.44400000e+03,1.03696722e+02,2.65596182e-03,1.71341039e-04,3.93667655e-10,6.62720378e-04,2.25606115e-03,8.74792953e+01,2.64315715e-03,2.07508890e-04,1.62174267e+01,1.28046705e-05,-3.61678510e-05,4.50770970e-13,6.50947001e-04,2.25193609e-03,3.93216884e-10,1.17733769e-05,4.12505440e-06
1.44500000e+03,1.03698892e+02,2.15639991e-03,4.32613588e-04,-6.09929372e-10,4.67259525e-04,1.84895304e-03,8.74813993e+01,2.13432985e-03,4.87222865e-04,1.62174923e+01,2.20700575e-05,-5.46092769e-05,5.06084865e-13,4.52267594e-04,1.84250001e-03,-6.10435457e-10,1.49919318e-05,6.45302867e-06
1.44600000e+03,1.03699807e+02,1.64789944e-03,7.06913703e-04,-1.73161086e-09,2.85778935e-04,1.45634134e-03,8.74824885e+01,1.63393730e-03,7.42588342e-04,1.62173186e+01,1.39621383e-05,-3.56746386e-05,5.23837161e-13,2.73928884e-04,1.45132995e-03,-1.73213470e-09,1.18500509e-05,5.01138684e-06
1.44700000e+03,1.03701933e+02,1.13429959e-03,9.48592529e-04,-2.68614520e-09,1.04475715e-04,1.05533000e-03,8.74845484e+01,1.10832063e-03,1.00658010e-03,1.62173850e+01,2.59789581e-05,-5.79875659e-05,5.36982527e-13,8.82177405e-05,1.04646897e-03,-2.68668218e-09,1.62579749e-05,8.86102790e-06
1.44800000e+03,1.03702800e+02,6.81227339e-04,1.16431642e-03,-3.72272698e-09,-5.74908002e-05,6.98772477e-04,8.74855897e+01,6.60618970e-04,1.20098198e-03,1.62172107e+01,2.06083687e-05,-3.66655627e-05,5.57739488e-13,-6.96489096e-05,6.90628308e-04,-3.72328472e-09,1.21581094e-05,8.14416821e-06
1.44900000e+03,1.03704879e+02,2.72617800e-04,1.39709856e-03,-4.62484752e-09,-2.25605457e-04,3.44208118e-04,8.74876024e+01,2.38998162e-04,1.45449348e-03,1.62172770e+01,3.36196380e-05,-5.73949219e-05,5.97754090e-13,-2.42035520e-04,3.31879275e-04,-4.62544528e-09,1.64300626e-05,1.23288428e-05
1.45000000e+03,1.03705704e+02,-8.86784019e-05,1.62421527e-03,-5.63065526e-09,-3.74740549e-04,3.11006219e-05,8.74886009e+01,-1.14228555e-04,1.66438633e-03,1.62171033e+01,2.55501534e-05,-4.01710595e-05,6.51289942e-13,-3.88533705e-04,1.98429620e-05,-5.63130655e-09,1.37931558e-05,1.12576599e-05
1.45100000e+03,1.03707745e+02,-4.45982405e-04,1.77848040e-03,-6.46755202e-09,-5.07644142e-04,-2.83173449e-04,8.74905751e+01,-4.82822234e-04,1.83996223e-03,1.62171698e+01,3.68398294e-05,-6.14818223e-05,6.54662566e-13,-5.25692867e-04,-2.97643818e-04,-6.46820668e-09,1.80487246e-05,1.44703688e-05
1.45200000e+03,1.03708534e+02,-7.62018708e-04,1.91599418e-03,-7.42848499e-09,-6.18046757e-04,-5.74048816e-04,8.74915379e+01,-7.92891399e-04,1.95607184e-03,1.62169965e+01,3.08726915e-05,-4.00776661e-05,6.91703850e-13,-6.31845570e-04,-5.87382234e-04,-7.42917669e-09,1.37988125e-05,1.33334183e-05
1.45300000e+03,1.03710547e+02,-1.02031070e-03,2.07564725e-03,-8.20282954e-09,-7.43780743e-04,-8.51452680e-04,8.74934840e+01,-1.06136594e-03,2.13620228e-03,1.62170631e+01,4.10552391e-05,-6.05550347e-05,7.66050318e-13,-7.61670437e-04,-8.67377179e-04,-8.20359559e-09,1.78896941e-05,1.59244997e-05
1.45400000e+03,1.03711317e+02,-1.30255314e-03,2.24525503e-03,-9.10544503e-09,-8.62455714e-04,-1.12962255e-03,8.74944268e+01,-1.33438106e-03,2.28809711e-03,1.62168897e+01,3.18279145e-05,-4.28420857e-05,7.85029318e-13,-8.77507414e-04,-1.14378295e-03,-9.10623006e-09,1.50516996e-05,1.41604043e-05
1.45500000e+03,1.03713309e+02,-1.59251431e-03,2.32685656e-03,-9.88720845e-09,-9.54520659e-04,-1.41678078e-03,8.74963521e+01,-1.63287712e-03,2.39073616e-03,1.62169570e+01,4.03628097e-05,-6.38796044e-05,7.86014370e-13,-9.73462476e-04,-1.43283390e-03,-9.88799446e-09,1.89418176e-05,1.60531195e-05
1.45600000e+03,1.03714060e+02,-1.85923813e-03,2.43320641e-03,-1.07690174e-08,-1.04987483e-03,-1.68944294e-03,8.74972755e+01,-1.89360143e-03,2.47610707e-03,1.62167841e+01,3.43633050e-05,-4.29006639e-05,8.07151172e-13,-1.06467330e-03,-1.70446051e-03,-1.07698246e-08,1.47984680e-05,1.50175722e-05
1.45700000e+03,1.03716040e+02,-2.13261075e-03,2.54878711e-03,-1.14854453e-08,-1.16044356e-03,-1.98408761e-03,8.74991874e+01,-2.17423037e-03,2.61258641e-03,1.62168524e+01,4.16196215e-05,-6.37992920e-05,8.30367475e-13,-1.17947616e-03,-2.00056394e-03,-1.14862757e-08,1.90326020e-05,1.64763304e-05
1.45800000e+03,1.03716789e+02,-2.44239915e-03,2.69256877e-03,-1.23085532e-08,-1.27127391e-03,-2.27775438e-03,8.75001087e+01,-2.47467586e-03,2.73604653e-03,1.62166808e+01,3.22767096e-05,-4.34777592e-05,8.38342840e-13,-1.28617895e-03,-2.29211733e-03,-1.23093915e-08,1.49050414e-05,1.43629564e-05
1.45900000e+03,1.03718780e+02,-2.75043457e-03,2.77641097e-03,-1.29920406e-08,-1.36563206e-03,-2.57709465e-03,8.75020306e+01,-2.79076728e-03,2.84005138e-03,1.62167493e+01,4.03327148e-05,-6.36404173e-05,8.05123915e-13,-1.38405263e-03,-2.59332136e-03,-1.29928457e-08,1.84205713e-05,1.62267099e-05
1.46000000e+03,1.03719546e+02,-3.08262704e-03,2.90059446e-03,-1.37681079e-08,-1.47372359e-03,-2.88219522e-03,8.75029685e+01,-3.11472054e-03,2.94354031e-03,1.62165779e+01,3.20935006e-05,-4.29458554e-05,8.24152050e-13,-1.48793313e-03,-2.89645282e-03,-1.37689321e-08,1.42095429e-05,1.42576056e-05
1.46100000e+03,1.03721559e+02,-3.42945916e-03,3.01024155e-03,-1.43683792e-08,-1.58583188e-03,-3.20545341e-03,8.75049128e+01,-3.46759035e-03,3.06990755e-03,1.62166467e+01,3.81311906e-05,-5.96660044e-05,8.37370034e-13,-1.60215477e-03,-3.22056182e-03,-1.43692165e-08,1.63228974e-05,1.51084058e-05
1.46200000e+03,1.03722362e+02,-3.78670323e-03,3.18879558e-03,-1.50459005e-08,-1.71406092e-03,-3.51724355e-03,8.75058859e+01,-3.81594984e-03,3.23069062e-03,1.62164757e+01,2.92466156e-05,-4.18950424e-05,8.32674445e-13,-1.72767104e-03,-3.53053179e-03,-1.50467332e-08,1.36101235e-05,1.32882319e-05
1.46300000e+03,1.03724417e+02,-4.17047431e-03,3.30455118e-03,-1.56092945e-08,-1.82499891e-03,-3.84757185e-03,8.75078718e+01,-4.20619810e-03,3.36409982e-03,1.62165449e+01,3.57237934e-05,-5.95486356e-05,7.91587583e-13,-1.84079628e-03,-3.86203954e-03,-1.56100861e-08,1.57973750e-05,1.44676809e-05
1.46400000e+03,1.03725255e+02,-4.58186638e-03,3.46393852e-03,-1.62708924e-08,-1.95665919e-03,-4.18618478e-03,8.75088810e+01,-4.60910259e-03,3.50569378e-03,1.62163744e+01,2.72362124e-05,-4.17552513e-05,7.94925460e-13,-1.96995751e-03,-4.19871674e-03,-1.62716874e-08,1.32983162e-05,1.25319521e-05
1.46500000e+03,1.03727349e+02,-4.96211792e-03,3.60230743e-03,-1.67881865e-08,-2.08109132e-03,-4.51754307e-03,8.75109038e+01,-4.99683623e-03,3.66166216e-03,1.62164448e+01,3.47183099e-05,-5.93547270e-05,7.63632485e-13,-2.09735935e-03,-4.53163345e-03,-1.67889501e-08,1.62680359e-05,1.40903866e-05
1.46600000e+03,1.03728235e+02,-5.33956601e-03,3.78508456e-03,-1.73942241e-08,-2.20072879e-03,-4.83169195e-03,8.75119600e+01,-5.36525843e-03,3.82684560e-03,1.62162753e+01,2.56924162e-05,-4.17610389e-05,7.59237969e-13,-2.21431239e-03,-4.84383183e-03,-1.73949833e-08,1.35835978e-05,1.21398760e-05
1.46700000e+03,1.03730381e+02,-5.74054333e-03,3.90337424e-03,-1.78953246e-08,-2.31059104e-03,-5.16519610e-03,8.75140346e+01,-5.77342733e-03,3.96539734e-03,1.62163464e+01,3.28839965e-05,-6.20230960e-05,7.48994484e-13,-2.32795409e-03,-5.17906215e-03,-1.78960736e-08,1.73630481e-05,1.38660485e-05
1.46800000e+03,1.03731316e+02,-6.13884298e-03,4.05893305e-03,-1.84563890e-08,-2.42884156e-03,-5.48774627e-03,8.75151384e+01,-6.16303520e-03,4.10171584e-03,1.62161775e+01,2.41922199e-05,-4.27827946e-05,7.76926742e-13,-2.44310428e-03,-5.49942489e-03,-1.84571659e-08,1.42627128e-05,1.16786249e-05
1.46900000e+03,1.03733511e+02,-6.50242999e-03,4.18068754e-03,-1.89041682e-08,-2.53468873e-03,-5.80078029e-03,8.75172615e+01,-6.53502987e-03,4.24260950e-03,1.62162494e+01,3.25998770e-05,-6.19219592e-05,7.49328991e-13,-2.55269017e-03,-5.81513069e-03,-1.89049175e-08,1.80014392e-05,1.43504056e-05
1.47000000e+03,1.03734504e+02,-6.83279841e-03,4.34232141e-03,-1.93846514e-08,-2.63832800e-03,-6.07269149e-03,8.75184227e+01,-6.85809261e-03,4.38757272e-03,1.62160812e+01,2.52942008e-05,-4.52513088e-05,7.46062400e-13,-2.65421692e-03,-6.08604693e-03,-1.93853974e-08,1.58889147e-05,1.33554414e-05
1.47100000e+03,1.03736753e+02,-7.14483916e-03,4.42352439e-03,-1.97673543e-08,-2.72216340e-03,-6.34126758e-03,8.75205994e+01,-7.17657277e-03,4.48707631e-03,1.62161539e+01,3.17336181e-05,-6.35519204e-05,7.61675811e-13,-2.74117387e-03,-6.35636715e-03,-1.97681159e-08,1.90104650e-05,1.50995658e-05
1.47200000e+03,1.03737786e+02,-7.44474183e-03,4.55018926e-03,-2.02409373e-08,-2.81036606e-03,-6.57683467e-03,8.75217995e+01,-7.47019413e-03,4.59592715e-03,1.62159860e+01,2.54523018e-05,-4.57378861e-05,7.37632837e-13,-2.82676784e-03,-6.59142998e-03,-2.02416749e-08,1.64017863e-05,1.45953142e-05
1.47300000e+03,1.03740072e+02,-7.65425563e-03,4.61797714e-03,-2.06178929e-08,-2.87798187e-03,-6.76665392e-03,8.75240119e+01,-7.68902708e-03,4.68209890e-03,1.62160596e+01,3.47714433e-05,-6.41217614e-05,7.33104553e-13,-2.89805659e-03,-6.78438202e-03,-2.06186260e-08,2.00747167e-05,1.77280966e-05
1.47400000e+03,1.03741140e+02,-7.83900858e-03,4.72010430e-03,-2.10850017e-08,-2.93720476e-03,-6.92051875e-03,8.75252467e+01,-7.86410223e-03,4.76790443e-03,1.62158929e+01,2.50936499e-05,-4.78001275e-05,7.73985289e-13,-2.95520915e-03,-6.93675887e-03,-2.10857757e-08,1.80043957e-05,1.62401231e-05
1.47500000e+03,1.03743447e+02,-7.97329207e-03,4.72504677e-03,-2.14722598e-08,-2.95877653e-03,-7.03247656e-03,8.75274808e+01,-8.00467520e-03,4.79061082e-03,1.62159666e+01,3.13831240e-05,-6.55640459e-05,7.44285925e-13,-2.97948062e-03,-7.05028773e-03,-2.14730041e-08,2.07040939e-05,1.78111690e-05
1.47600000e+03,1.03744526e+02,-8.11355459e-03,4.76999961e-03,-2.19556689e-08,-2.98943943e-03,-7.13030835e-03,8.75287254e+01,-8.13913328e-03,4.81890913e-03,1.62158008e+01,2.55786905e-05,-4.89095125e-05,7.57495962e-13,-3.00813638e-03,-7.14802817e-03,-2.19564264e-08,1.86969539e-05,1.77198264e-05
1.47700000e+03,1.03746843e+02,-8.16213749e-03,4.74869986e-03,-2.23549818e-08,-2.98958741e-03,-7.17581514e-03,8.75309675e+01,-8.19290562e-03,4.81184987e-03,1.62158751e+01,3.07681328e-05,-6.31500161e-05,7.74409313e-13,-3.01019202e-03,-7.19412526e-03,-2.23557562e-08,2.06046125e-05,1.83101213e-05
1.47800000e+03,1.03747930e+02,-8.17957950e-03,4.78561151e-03,-2.27810611e-08,-2.98660999e-03,-7.18650763e-03,8.75322205e+01,-8.20356858e-03,4.83318059e-03,1.62157094e+01,2.39890768e-05,-4.75690737e-05,7.94914544e-13,-3.00527050e-03,-7.20516183e-03,-2.27818560e-08,1.86605117e-05,1.86542001e-05
1.47900000e+03,1.03750253e+02,-8.15578987e-03,4.73408391e-03,-2.31510653e-08,-2.95564633e-03,-7.14868921e-03,8.75344693e+01,-8.18630606e-03,4.79950226e-03,1.62157841e+01,3.05161934e-05,-6.54183553e-05,8.63884702e-13,-2.97709768e-03,-7.16818465e-03,-2.31519291e-08,2.14513516e-05,1.94954346e-05
1.48000000e+03,1.03751339e+02,-8.10595235e-03,4.71074233e-03,-2.35735235e-08,-2.92555733e-03,-7.09647796e-03,8.75357204e+01,-8.12842066e-03,4.75967577e-03,1.62156186e+01,2.24683095e-05,-4.89334443e-05,9.29409360e-13,-2.94484484e-03,-7.11549270e-03,-2.35744530e-08,1.92875153e-05,1.90147415e-05
1.48100000e+03,1.03753650e+02,-7.99200983e-03,4.62172741e-03,-2.39361483e-08,-2.86539948e-03,-6.99294293e-03,8.75379566e+01,-8.02432163e-03,4.68509947e-03,1.62156935e+01,3.23118011e-05,-6.33720613e-05,9.66452473e-13,-2.88655665e-03,-7.01421700e-03,-2.39371147e-08,2.11571758e-05,2.12740792e-05
1.48200000e+03,1.03754716e+02,-7.80753862e-03,4.59106336e-03,-2.43723209e-08,-2.80829389e-03,-6.84050628e-03,8.75391873e+01,-7.82959635e-03,4.63805548e-03,1.62155289e+01,2.20577281e-05,-4.69921231e-05,9.85181093e-13,-2.82699310e-03,-6.85997136e-03,-2.43733061e-08,1.86992073e-05,1.94650774e-05
1.48300000e+03,1.03757000e+02,-7.61057274e-03,4.49645934e-03,-2.47768272e-08,-2.73220965e-03,-6.66572147e-03,8.75413951e+01,-7.64006424e-03,4.55977567e-03,1.62156046e+01,2.94915048e-05,-6.33163316e-05,1.06241627e-12,-2.75307854e-03,-6.68675045e-03,-2.47778896e-08,2.08688904e-05,2.10289748e-05
1.48400000e+03,1.03758034e+02,-7.38480967e-03,4.43440789e-03,-2.52275272e-08,-2.65734236e-03,-6.46999147e-03,8.75425937e+01,-7.40498030e-03,4.47983009e-03,1.62154403e+01,2.01706349e-05,-4.54221929e-05,1.13930090e-12,-2.67511120e-03,-6.48929311e-03,-2.52286665e-08,1.77688438e-05,1.93016447e-05
1.48500000e+03,1.03760286e+02,-7.14467792e-03,4.31909463e-03,-2.56171444e-08,-2.56777596e-03,-6.25645523e-03,8.75447703e+01,-7.17388951e-03,4.38074651e-03,1.62155161e+01,2.92115900e-05,-6.16518789e-05,1.19239552e-12,-2.58811122e-03,-6.27754413e-03,-2.56183368e-08,2.03352586e-05,2.10889014e-05
1.48600000e+03,1.03761290e+02,-6.84797364e-03,4.25577396e-03,-2.60476535e-08,-2.47783913e-03,-6.00964824e-03,8.75459387e+01,-6.86485227e-03,4.29948136e-03,1.62153513e+01,1.68786348e-05,-4.37073974e-05,1.25454965e-12,-2.49518006e-03,-6.02820633e-03,-2.60489080e-08,1.73409359e-05,1.85580925e-05
1.48700000e+03,1.03763507e+02,-6.54873426e-03,4.13074689e-03,-2.64515273e-08,-2.36672123e-03,-5.73799136e-03,8.75480809e+01,-6.56882523e-03,4.19000308e-03,1.62154262e+01,2.00909755e-05,-5.92561897e-05,1.33682325e-12,-2.38558640e-03,-5.75544927e-03,-2.64528641e-08,1.88651758e-05,1.74579135e-05
1.48800000e+03,1.03764468e+02,-6.27886211e-03,4.03710792e-03,-2.69360981e-08,-2.26616783e-03,-5.48684576e-03,8.75492076e+01,-6.28598451e-03,4.07808163e-03,1.62152607e+01,7.12240057e-06,-4.09737036e-05,1.40123497e-12,-2.28163122e-03,-5.50094697e-03,-2.69374993e-08,1.54633893e-05,1.41012122e-05
1.48900000e+03,1.03766642e+02,-6.00924824e-03,3.90753582e-03,-2.73758892e-08,-2.15694727e-03,-5.22973555e-03,8.75513069e+01,-6.02016765e-03,3.96201482e-03,1.62153350e+01,1.09194067e-05,-5.44789993e-05,1.49281466e-12,-2.17356101e-03,-5.24239088e-03,-2.73773820e-08,1.66137423e-05,1.26553332e-05
1.49000000e+03,1.03767563e+02,-5.77269523e-03,3.86214289e-03,-2.78641808e-08,-2.06821097e-03,-4.98683221e-03,8.75523944e+01,-5.76999648e-03,3.89816565e-03,1.62151687e+01,-2.69875281e-06,-3.60227612e-05,1.60317844e-12,-2.08127917e-03,-4.99622036e-03,-2.78657840e-08,1.30681963e-05,9.38814816e-06
1.49100000e+03,1.03769699e+02,-5.51565080e-03,3.75741810e-03,-2.83011903e-08,-1.96310078e-03,-4.71893096e-03,8.75544571e+01,-5.51469170e-03,3.80814923e-03,1.62152420e+01,-9.59097720e-07,-5.07311310e-05,1.68042021e-12,-1.97747478e-03,-4.72648737e-03,-2.83028708e-08,1.43739935e-05,7.55641253e-06
1.49200000e+03,1.03770583e+02,-5.27645758e-03,3.68574252e-03,-2.87833449e-08,-1.86888527e-03,-4.46576413e-03,8.75555085e+01,-5.26625313e-03,3.71742262e-03,1.62150741e+01,-1.02044469e-05,-3.16800958e-05,1.75856761e-12,-1.87930798e-03,-4.47109485e-03,-2.87851035e-08,1.04227144e-05,5.33071467e-06
1.49300000e+03,1.03772690e+02,-5.07158061e-03,3.60891821e-03,-2.91935328e-08,-1.78846308e-03,-4.22698905e-03,8.75575432e+01,-5.06628057e-03,3.65568389e-03,1.62151465e+01,-5.30003969e-06,-4.67656796e-05,1.79270648e-12,-1.80061242e-03,-4.23140075e-03,-2.91953255e-08,1.21493404e-05,4.41169607e-06
1.49400000e+03,1.03773556e+02,-4.82003433e-03,3.59971966e-03,-2.96517016e-08,-1.71922014e-03,-3.97484428e-03,8.75585772e+01,-4.80495269e-03,3.62880714e-03,1.62149788e+01,-1.50816437e-05,-2.90874809e-05,1.86023303e-12,-1.72792821e-03,-3.97735790e-03,-2.96535619e-08,8.70806941e-06,2.51361757e-06
1.49500000e+03,1.03775646e+02,-4.55331510e-03,3.52953637e-03,-3.00632258e-08,-1.63623399e-03,-3.70125110e-03,8.75605946e+01,-4.53890270e-03,3.57359963e-03,1.62150510e+01,-1.44124019e-05,-4.40632664e-05,1.89246999e-12,-1.64640839e-03,-3.70070925e-03,-3.00651182e-08,1.01743977e-05,-5.41848440e-07
1.49600000e+03,1.03776488e+02,-4.30988373e-03,3.47919042e-03,-3.05344533e-08,-1.55552613e-03,-3.45167815e-03,8.75616050e+01,-4.28370044e-03,3.50473295e-03,1.62148831e+01,-2.61832874e-05,-2.55425371e-05,1.89910983e-12,-1.56158454e-03,-3.44747092e-03,-3.05363524e-08,6.05841793e-06,-4.20723071e-06
1.49700000e+03,1.03778560e+02,-4.07925721e-03,3.41632093e-03,-3.09475774e-08,-1.48990600e-03,-3.21415529e-03,8.75636049e+01,-4.05801970e-03,3.45872514e-03,1.62149548e+01,-2.12375077e-05,-4.24042153e-05,1.84821169e-12,-1.49879481e-03,-3.20855048e-03,-3.09494256e-08,8.88880548e-06,-5.60481277e-06
1.49800000e+03,1.03779396e+02,-3.79858940e-03,3.40402001e-03,-3.14276528e-08,-1.42186469e-03,-2.96531459e-03,8.75646089e+01,-3.76446988e-03,3.42767783e-03,1.62147867e+01,-3.41195266e-05,-2.36578232e-05,1.82642599e-12,-1.42657874e-03,-2.95586084e-03,-3.14294793e-08,4.71405017e-06,-9.45375447e-06
1.49900000e+03,1.03781463e+02,-3.58738726e-03,3.30437070e-03,-3.18051582e-08,-1.33364722e-03,-2.74310256e-03,8.75666048e+01,-3.55653592e-03,3.34501748e-03,1.62148582e+01,-3.08513443e-05,-4.06467756e-05,1.78772194e-12,-1.34073552e-03,-2.73187011e-03,-3.18069460e-08,7.08829882e-06,-1.12324556e-05
1.50000000e+03,1.03782296e+02,-3.37450035e-03,3.25084870e-03,-3.22445046e-08,-1.26064959e-03,-2.53216437e-03,8.75676056e+01,-3.33292843e-03,3.27548045e-03,1.62146901e+01,-4.15719191e-05,-2.46317520e-05,1.74095258e-12,-1.26487451e-03,-2.51755239e-03,-3.22462455e-08,4.22491924e-06,-1.46119762e-05
1.50100000e+03,1.03784363e+02,-3.17206344e-03,3.13207923e-03,-3.25882370e-08,-1.17424569e-03,-2.33770288e-03,8.75696015e+01,-3.14011123e-03,3.16838468e-03,1.62147619e+01,-3.19522083e-05,-3.63054520e-05,1.69845459e-12,-1.17885602e-03,-2.32422590e-03,-3.25899355e-08,4.61033078e-06,-1.34769825e-05
1.50200000e+03,1.03785198e+02,-2.90288919e-03,3.08859330e-03,-3.30458343e-08,-1.10331192e-03,-2.11349642e-03,8.75706032e+01,-2.85548824e-03,3.11002940e-03,1.62145946e+01,-4.74009567e-05,-2.14361013e-05,1.72489086e-12,-1.10526577e-03,-2.09491776e-03,-3.30475592e-08,1.95384476e-06,-1.85786616e-05
1.50300000e+03,1.03787265e+02,-2.72535479e-03,2.98808457e-03,-3.34014670e-08,-1.02869163e-03,-1.93141035e-03,8.75725986e+01,-2.68798467e-03,3.02600918e-03,1.62146667e+01,-3.73701161e-05,-3.79246196e-05,1.72470336e-12,-1.03327553e-03,-1.91406271e-03,-3.34031917e-08,4.58390439e-06,-1.73476412e-05
1.50400000e+03,1.03788101e+02,-2.46870603e-03,2.89901658e-03,-3.38342694e-08,-9.44929675e-04,-1.72197256e-03,8.75736012e+01,-2.41720326e-03,2.91907847e-03,1.62145002e+01,-5.15027713e-05,-2.00618959e-05,1.70439132e-12,-9.45242290e-04,-1.69916012e-03,-3.38359738e-08,3.12615149e-07,-2.28124373e-05
1.50500000e+03,1.03790182e+02,-2.24097261e-03,2.78470668e-03,-3.41397847e-08,-8.77352044e-04,-1.53543473e-03,8.75756092e+01,-2.19950865e-03,2.82205717e-03,1.62145724e+01,-4.14639608e-05,-3.73504887e-05,1.67665971e-12,-8.81063057e-04,-1.51408858e-03,-3.41414614e-08,3.71101345e-06,-2.13461494e-05
1.50600000e+03,1.03791037e+02,-1.97959212e-03,2.71944354e-03,-3.44757757e-08,-8.02444277e-04,-1.33501037e-03,8.75766311e+01,-1.92550728e-03,2.73868892e-03,1.62144056e+01,-5.40848395e-05,-1.92453752e-05,1.70652362e-12,-8.01747905e-04,-1.30936519e-03,-3.44774822e-08,-6.96371689e-07,-2.56451819e-05
1.50700000e+03,1.03793130e+02,-1.71122834e-03,2.57917108e-03,-3.47065486e-08,-7.13917671e-04,-1.12804119e-03,8.75786512e+01,-1.66548200e-03,2.61549491e-03,1.62144788e+01,-4.57463389e-05,-3.63238336e-05,1.70305638e-12,-7.16047335e-04,-1.10315664e-03,-3.47082517e-08,2.12966411e-06,-2.48845501e-05
1.50800000e+03,1.03793991e+02,-1.43746844e-03,2.47503566e-03,-3.50775777e-08,-6.30923505e-04,-9.22713680e-04,8.75796788e+01,-1.38278566e-03,2.49392283e-03,1.62143125e+01,-5.46827760e-05,-1.88871738e-05,1.69792670e-12,-6.28870264e-04,-8.95399958e-04,-3.50792756e-08,-2.05324017e-06,-2.73137225e-05
1.50900000e+03,1.03796085e+02,-1.14162837e-03,2.36347865e-03,-3.53511287e-08,-5.72576860e-04,-7.16954169e-04,8.75816983e+01,-1.09830877e-03,2.39840387e-03,1.62143863e+01,-4.33195970e-05,-3.49252135e-05,1.73111553e-12,-5.73573746e-04,-6.91465344e-04,-3.53528598e-08,9.96886191e-07,-2.54888250e-05
1.51000000e+03,1.03796941e+02,-8.14197606e-04,2.26406010e-03,-3.57428414e-08,-4.80891367e-04,-4.98439037e-04,8.75827193e+01,-7.61175191e-04,2.28448070e-03,1.62142221e+01,-5.30224146e-05,-2.04205974e-05,1.77912820e-12,-4.79555580e-04,-4.70745446e-04,-3.57446205e-08,-1.33578688e-06,-2.76935907e-05
1.51100000e+03,1.03799028e+02,-4.60730872e-04,2.09547057e-03,-3.60278741e-08,-3.81245758e-04,-2.57968277e-04,8.75847312e+01,-4.21073528e-04,2.13630937e-03,1.62142973e+01,-3.96573440e-05,-4.08387953e-05,1.83090818e-12,-3.84844772e-04,-2.34682010e-04,-3.60297051e-08,3.59901452e-06,-2.32862673e-05
1.51200000e+03,1.03799878e+02,-9.08657156e-05,1.93308643e-03,-3.64822843e-08,-2.69175803e-04,-1.01095499e-06,8.75857434e+01,-4.33216520e-05,1.95706111e-03,1.62141345e+01,-4.75440636e-05,-2.39746817e-05,1.87318224e-12,-2.69158621e-04,2.41184855e-05,-3.64841575e-08,-1.71814031e-08,-2.51294405e-05
1.51300000e+03,1.03801955e+02,3.10941755e-04,1.75022047e-03,-3.68118733e-08,-1.65194546e-04,2.51567384e-04,8.75877424e+01,3.41303759e-04,1.79360120e-03,1.62142125e+01,-3.03620038e-05,-4.33807268e-05,1.90757608e-12,-1.69483698e-04,2.71060751e-04,-3.68137809e-08,4.28915190e-06,-1.94933666e-05
1.51400000e+03,1.03802793e+02,7.75243966e-04,1.63374178e-03,-3.72282298e-08,-6.91656384e-05,5.52744114e-04,8.75887411e+01,8.14026940e-04,1.66123937e-03,1.62140520e+01,-3.87829745e-05,-2.74975924e-05,1.97235613e-12,-7.13832165e-05,5.73886035e-04,-3.72302022e-08,2.21757813e-06,-2.11419207e-05
1.51500000e+03,1.03804859e+02,1.22853511e-03,1.41796611e-03,-3.75621225e-08,6.71824371e-05,8.43996084e-04,8.75907273e+01,1.25268335e-03,1.46522602e-03,1.62141320e+01,-2.41482374e-05,-4.72599131e-05,2.05436480e-12,6.05194354e-05,8.59595374e-04,-3.75641769e-08,6.66300175e-06,-1.55992901e-05
1.51600000e+03,1.03805684e+02,1.69854145e-03,1.23196854e-03,-3.80523222e-08,1.95307629e-04,1.15592310e-03,8.75917104e+01,1.72681896e-03,1.26563116e-03,1.62139734e+01,-2.82775079e-05,-3.36626168e-05,2.11409067e-12,1.90045205e-04,1.17149400e-03,-3.80544363e-08,5.26242494e-06,-1.55709074e-05
1.51700000e+03,1.03807733e+02,2.18528744e-03,9.98280017e-04,-3.84028420e-08,3.34490418e-04,1.45540822e-03,8.75936769e+01,2.20156740e-03,1.04973929e-03,1.62140557e+01,-1.62799601e-05,-5.14592774e-05,2.23114820e-12,3.25854021e-04,1.46748926e-03,-3.84050731e-08,8.63639710e-06,-1.20810398e-05
1.51800000e+03,1.03808538e+02,2.63474946e-03,8.44209911e-04,-3.88929175e-08,4.59672907e-04,1.76338914e-03,8.75946391e+01,2.65678829e-03,8.80239726e-04,1.62138991e+01,-2.20388256e-05,-3.60298152e-05,2.28703495e-12,4.52665962e-04,1.77543829e-03,-3.88952045e-08,7.00694509e-06,-1.20491565e-05
1.51900000e+03,1.03810562e+02,3.08156097e-03,6.31769803e-04,-3.92985698e-08,6.06167855e-04,2.05800302e-03,8.75965801e+01,3.09213636e-03,6.87504211e-04,1.62139824e+01,-1.05753884e-05,-5.57344087e-05,2.36250062e-12,5.94850430e-04,2.06605286e-03,-3.93009323e-08,1.13174249e-05,-8.04983374e-06
1.52000000e+03,1.03811338e+02,3.47922864e-03,4.55982455e-04,-3.98591882e-08,7.37178124e-04,2.34813660e-03,8.75975115e+01,3.49765225e-03,4.98089730e-04,1.62138269e+01,-1.84236105e-05,-4.21072752e-05,2.44982301e-12,7.27081041e-04,2.35723475e-03,-3.98616380e-08,1.00970834e-05,-9.09814744e-06
1.52100000e+03,1.03813334e+02,3.82795629e-03,2.49551352e-04,-4.02955351e-08,8.72572093e-04,2.60416560e-03,8.75994225e+01,3.83395577e-03,3.08796306e-04,1.62139112e+01,-5.99947916e-06,-5.92449534e-05,2.55506288e-12,8.58945901e-04,2.60929163e-03,-4.02980902e-08,1.36261916e-05,-5.12603128e-06
1.52200000e+03,1.03814083e+02,4.12405670e-03,1.10240162e-04,-4.08552200e-08,1.00562226e-03,2.85121161e-03,8.76003271e+01,4.13855951e-03,1.52487720e-04,1.62137556e+01,-1.45028197e-05,-4.22475584e-05,2.56836693e-12,9.94758671e-04,2.85773533e-03,-4.08577884e-08,1.08635914e-05,-6.52372029e-06
1.52300000e+03,1.03816046e+02,4.35347171e-03,7.08483853e-06,-4.12989386e-08,1.09914089e-03,3.05284715e-03,8.76022069e+01,4.35677700e-03,7.05430436e-05,1.62138387e+01,-3.30528812e-06,-6.34582050e-05,2.59792153e-12,1.08286621e-03,3.05471129e-03,-4.13015365e-08,1.62746749e-05,-1.86414846e-06
1.52400000e+03,1.03816761e+02,4.58804525e-03,-9.76796199e-05,-4.19086806e-08,1.19998309e-03,3.27717668e-03,8.76030779e+01,4.60181460e-03,-5.23026861e-05,1.62136830e+01,-1.37693477e-05,-4.53769339e-05,2.59644964e-12,1.18671532e-03,3.28235041e-03,-4.19112770e-08,1.32677755e-05,-5.17372905e-06
1.52500000e+03,1.03818690e+02,4.74020055e-03,-2.32139854e-04,-4.23361423e-08,1.31272072e-03,3.43887932e-03,8.76049254e+01,4.74107262e-03,-1.76320851e-04,1.62137649e+01,-8.72074199e-07,-5.58190028e-05,2.60261092e-12,1.29950224e-03,3.43961261e-03,-4.23387449e-08,1.32184835e-05,-7.33280973e-07
1.52600000e+03,1.03819376e+02,4.83958587e-03,-1.40872031e-04,-4.29208807e-08,1.32869417e-03,3.58333655e-03,8.76057682e+01,4.85390450e-03,-9.80996484e-05,1.62136075e+01,-1.43186298e-05,-4.27723827e-05,2.58664764e-12,1.31600878e-03,3.58793881e-03,-4.29234673e-08,1.26853965e-05,-4.60225785e-06
1.52700000e+03,1.03821276e+02,4.88406847e-03,-1.72609348e-04,-4.33422860e-08,1.39134610e-03,3.69004699e-03,8.76075870e+01,4.88636379e-03,-1.18513244e-04,1.62136887e+01,-2.29531838e-06,-5.40961040e-05,2.58758178e-12,1.37856019e-03,3.69017401e-03,-4.33448736e-08,1.27859188e-05,-1.27021317e-07
1.52800000e+03,1.03821925e+02,4.92917634e-03,-8.86266495e-05,-4.38888541e-08,1.40428750e-03,3.80133785e-03,8.76083947e+01,4.94072268e-03,-4.48567012e-05,1.62135307e+01,-1.15463389e-05,-4.37699483e-05,2.58861276e-12,1.39122348e-03,3.80393475e-03,-4.38914427e-08,1.30640204e-05,-2.59690077e-06
1.52900000e+03,1.03823794e+02,4.93861539e-03,-7.53012395e-05,-4.43277269e-08,1.43194444e-03,3.87340906e-03,8.76101827e+01,4.93713722e-03,-2.24058948e-05,1.62136110e+01,1.47817211e-06,-5.28953447e-05,2.60920291e-12,1.42002368e-03,3.87155804e-03,-4.43303361e-08,1.19207575e-05,1.85102138e-06
1.53000000e+03,1.03824419e+02,4.95846945e-03,7.96309794e-05,-4.48685035e-08,1.40678854e-03,3.96365267e-03,8.76109664e+01,4.97115995e-03,1.22783854e-04,1.62134530e+01,-1.26905040e-05,-4.31528749e-05,2.59022087e-12,1.39402765e-03,3.96667239e-03,-4.48710937e-08,1.27608905e-05,-3.01972080e-06
1.53100000e+03,1.03826264e+02,4.93435062e-03,1.44139102e-04,-4.52752987e-08,1.41010894e-03,4.01512709e-03,8.76127314e+01,4.93825240e-03,2.03165561e-04,1.62135321e+01,-3.90177775e-06,-5.90264593e-05,2.48705181e-12,1.39519932e-03,4.01556860e-03,-4.52777857e-08,1.49096217e-05,-4.41514310e-07
1.53200000e+03,1.03826867e+02,4.86676901e-03,2.08380465e-04,-4.57953051e-08,1.41912211e-03,4.05043257e-03,8.76134952e+01,4.87883365e-03,2.50387494e-04,1.62133722e+01,-1.20646388e-05,-4.20070285e-05,2.42619711e-12,1.40800677e-03,4.05326777e-03,-4.57977313e-08,1.11153414e-05,-2.83519384e-06
1.53300000e+03,1.03828699e+02,4.83468531e-03,2.60044661e-04,-4.61488185e-08,1.40974378e-03,4.08804283e-03,8.76152491e+01,4.83888691e-03,3.20817389e-04,1.62134500e+01,-4.20160053e-06,-6.07727276e-05,2.42792061e-12,1.39383911e-03,4.08980645e-03,-4.61512464e-08,1.59046690e-05,-1.76361994e-06
1.53400000e+03,1.03829291e+02,4.78654505e-03,3.32973745e-04,-4.66411720e-08,1.41993886e-03,4.12793165e-03,8.76160030e+01,4.79593644e-03,3.74866363e-04,1.62132881e+01,-9.39139683e-06,-4.18926180e-05,2.35814454e-12,1.40911561e-03,4.12981964e-03,-4.66435302e-08,1.08232499e-05,-1.88798815e-06
1.53500000e+03,1.03831109e+02,4.83559876e-03,3.77242222e-04,-4.70088996e-08,1.41173497e-03,4.20971194e-03,8.76177423e+01,4.84380280e-03,4.35955940e-04,1.62133666e+01,-8.20403925e-06,-5.87137178e-05,2.28266006e-12,1.39819377e-03,4.21296195e-03,-4.70111823e-08,1.35411964e-05,-3.25000823e-06
1.53600000e+03,1.03831697e+02,4.78605458e-03,4.34112637e-04,-4.74963468e-08,1.41270269e-03,4.25568770e-03,8.76184905e+01,4.79388852e-03,4.77515553e-04,1.62132061e+01,-7.83393952e-06,-4.34029164e-05,2.27701565e-12,1.40185800e-03,4.25652834e-03,-4.74986238e-08,1.08446902e-05,-8.40637471e-07
1.53700000e+03,1.03833523e+02,4.92642632e-03,3.92336697e-04,-4.78186214e-08,1.44565065e-03,4.38993187e-03,8.76202382e+01,4.92871271e-03,4.50177988e-04,1.62132852e+01,-2.28638533e-06,-5.78412916e-05,2.20777480e-12,1.43270052e-03,4.39037023e-03,-4.78208292e-08,1.29501273e-05,-4.38356466e-07
1.53800000e+03,1.03834129e+02,5.03079057e-03,4.30214646e-04,-4.82388940e-08,1.46215590e-03,4.51976466e-03,8.76210033e+01,5.03613893e-03,4.74488681e-04,1.62131254e+01,-5.34836488e-06,-4.42740352e-05,2.12997379e-12,1.45053435e-03,4.51877862e-03,-4.82410240e-08,1.16215494e-05,9.86033269e-07
1.53900000e+03,1.03835980e+02,5.21541775e-03,3.61848892e-04,-4.84886918e-08,1.51486614e-03,4.68678590e-03,8.76227748e+01,5.21320095e-03,4.25034285e-04,1.62132054e+01,2.21680319e-06,-6.31853926e-05,2.10919772e-12,1.49866891e-03,4.68375399e-03,-4.84908010e-08,1.61972282e-05,3.03191341e-06
1.54000000e+03,1.03836614e+02,5.40885181e-03,2.96227378e-04,-4.88417402e-08,1.59038159e-03,4.87287553e-03,8.76235673e+01,5.40818966e-03,3.46110827e-04,1.62130470e+01,6.62148950e-07,-4.98834487e-05,2.06375283e-12,1.57545498e-03,4.86808499e-03,-4.88438039e-08,1.49266124e-05,4.79053810e-06
1.54100000e+03,1.03838494e+02,5.73831154e-03,1.25308494e-04,-4.91321194e-08,1.69818170e-03,5.11178453e-03,8.76253651e+01,5.72952144e-03,1.88988844e-04,1.62131285e+01,8.79010271e-06,-6.36803497e-05,2.05736711e-12,1.68168684e-03,5.10508591e-03,-4.91341768e-08,1.64948644e-05,6.69861660e-06
1.54200000e+03,1.03839152e+02,6.01449773e-03,7.88866688e-05,-4.95476022e-08,1.76743715e-03,5.33667688e-03,8.76261795e+01,6.01030398e-03,1.31546715e-04,1.62129721e+01,4.19375640e-06,-5.26600464e-05,2.00190493e-12,1.75094307e-03,5.32965352e-03,-4.95496041e-08,1.64940841e-05,7.02336070e-06
1.54300000e+03,1.03841054e+02,6.33437337e-03,-1.13446191e-04,-4.98439092e-08,1.89067758e-03,5.57507986e-03,8.76279998e+01,6.32458081e-03,-4.47728194e-05,1.62130541e+01,9.79256087e-06,-6.86733718e-05,2.02000247e-12,1.87132059e-03,5.56733397e-03,-4.98459292e-08,1.93569890e-05,7.74589059e-06
1.54400000e+03,1.03841742e+02,6.63884549e-03,-2.75554094e-04,-5.02333671e-08,2.01860292e-03,5.80418834e-03,8.76288450e+01,6.63293156e-03,-2.20588460e-04,1.62128973e+01,5.91392929e-06,-5.49656336e-05,2.05989931e-12,2.00143356e-03,5.79693221e-03,-5.02354270e-08,1.71693624e-05,7.25612534e-06
1.54500000e+03,1.03843683e+02,6.95001286e-03,-4.84895773e-04,-5.05400765e-08,2.14572010e-03,6.01245798e-03,8.76307030e+01,6.93843993e-03,-4.16631286e-04,1.62129800e+01,1.15729273e-05,-6.82644877e-05,2.08456321e-12,2.12705471e-03,6.00420588e-03,-5.05421611e-08,1.86653805e-05,8.25210440e-06
1.54600000e+03,1.03844403e+02,7.23291607e-03,-6.05466667e-04,-5.09058765e-08,2.24982070e-03,6.22377241e-03,8.76315805e+01,7.22703427e-03,-5.53123684e-04,1.62128229e+01,5.88179320e-06,-5.23429834e-05,2.11087595e-12,2.23439518e-03,6.21725223e-03,-5.09079874e-08,1.54255113e-05,6.52018376e-06
1.54700000e+03,1.03846366e+02,7.52023750e-03,-7.94681830e-04,-5.12735151e-08,2.36372992e-03,6.41217240e-03,8.76334608e+01,7.51042474e-03,-7.26708684e-04,1.62129055e+01,9.81276468e-06,-6.79731453e-05,2.07686658e-12,2.34645132e-03,6.40590014e-03,-5.12755920e-08,1.72785902e-05,6.27225789e-06
1.54800000e+03,1.03847106e+02,7.78253244e-03,-9.33192969e-04,-5.17338132e-08,2.46323376e-03,6.59277797e-03,8.76343572e+01,7.78092427e-03,-8.84355072e-04,1.62127490e+01,1.60817258e-06,-4.88378964e-05,2.06531077e-12,2.45121458e-03,6.58929146e-03,-5.17358785e-08,1.20191726e-05,3.48650489e-06
1.54900000e+03,1.03849086e+02,7.93141196e-03,-1.00881299e-03,-5.21478609e-08,2.49491981e-03,6.68591815e-03,8.76362541e+01,7.92188932e-03,-9.39275548e-04,1.62128322e+01,9.52263800e-06,-6.95374393e-05,2.09632456e-12,2.47687544e-03,6.68067141e-03,-5.21499572e-08,1.80443660e-05,5.24673776e-06
1.55000000e+03,1.03849837e+02,8.10021722e-03,-1.09713527e-03,-5.26085856e-08,2.56504670e-03,6.79744832e-03,8.76371601e+01,8.09704255e-03,-1.04572836e-03,1.62126767e+01,3.17467479e-06,-5.14069081e-05,2.10457248e-12,2.55197415e-03,6.79395367e-03,-5.26106902e-08,1.30725433e-05,3.49464574e-06
1.55100000e+03,1.03851823e+02,8.25149436e-03,-1.19226688e-03,-5.30208330e-08,2.60330742e-03,6.88043433e-03,8.76390623e+01,8.24531325e-03,-1.12663388e-03,1.62127609e+01,6.18111055e-06,-6.56330030e-05,2.09655558e-12,2.58792101e-03,6.87774136e-03,-5.30229295e-08,1.53864043e-05,2.69297038e-06
1.55200000e+03,1.03852576e+02,8.29103068e-03,-1.14099991e-03,-5.35614627e-08,2.58513680e-03,6.89586867e-03,8.76399696e+01,8.28900548e-03,-1.08533821e-03,1.62126063e+01,2.02519848e-06,-5.56616941e-05,2.11912920e-12,2.57013090e-03,6.89326090e-03,-5.35635819e-08,1.50058953e-05,2.60776174e-06
1.55300000e+03,1.03854560e+02,8.30614140e-03,-1.25778408e-03,-5.40013296e-08,2.62632070e-03,6.88392232e-03,8.76418689e+01,8.30125806e-03,-1.19300774e-03,1.62126908e+01,4.88334051e-06,-6.47763461e-05,2.14224947e-12,2.61173291e-03,6.88319541e-03,-5.40034719e-08,1.45877891e-05,7.26912529e-07
1.55400000e+03,1.03855308e+02,8.24422173e-03,-1.16919917e-03,-5.45630425e-08,2.57940430e-03,6.82122614e-03,8.76427714e+01,8.24246876e-03,-1.11304496e-03,1.62125370e+01,1.75296779e-06,-5.61542048e-05,2.11038545e-12,2.56361794e-03,6.81981163e-03,-5.45651529e-08,1.57863581e-05,1.41451389e-06
1.55500000e+03,1.03857283e+02,8.16346562e-03,-1.18474538e-03,-5.50644915e-08,2.56742865e-03,6.72844770e-03,8.76446620e+01,8.16053820e-03,-1.12060499e-03,1.62126213e+01,2.92742001e-06,-6.41403901e-05,2.12461406e-12,2.55365496e-03,6.72958426e-03,-5.50666161e-08,1.37736892e-05,-1.13656738e-06
1.55600000e+03,1.03858017e+02,7.98483417e-03,-1.05011562e-03,-5.56644364e-08,2.48854482e-03,6.57648136e-03,8.76455493e+01,7.98572859e-03,-9.94128043e-04,1.62124677e+01,-8.94420035e-07,-5.59875741e-05,2.14115021e-12,2.47401330e-03,6.57771936e-03,-5.56665775e-08,1.45315219e-05,-1.23799883e-06
1.55700000e+03,1.03859977e+02,7.73605725e-03,-1.05883887e-03,-5.61489534e-08,2.44904601e-03,6.36734522e-03,8.76474245e+01,7.73552711e-03,-9.94177217e-04,1.62125527e+01,5.30137675e-07,-6.46616537e-05,2.18974747e-12,2.43512472e-03,6.37064857e-03,-5.61511432e-08,1.39212923e-05,-3.30335197e-06
1.55800000e+03,1.03860690e+02,7.41492582e-03,-8.49939050e-04,-5.67445080e-08,2.32301245e-03,6.11715279e-03,8.76482902e+01,7.41488260e-03,-7.97066032e-04,1.62123994e+01,4.32160609e-08,-5.28730180e-05,2.22877310e-12,2.31007683e-03,6.11921126e-03,-5.67467367e-08,1.29356184e-05,-2.05847258e-06
1.55900000e+03,1.03862621e+02,7.09295147e-03,-7.19787322e-04,-5.72172971e-08,2.21386378e-03,5.84374157e-03,8.76501365e+01,7.08969133e-03,-6.55690213e-04,1.62124845e+01,3.26014230e-06,-6.40971090e-05,2.27564040e-12,2.20092181e-03,5.84629480e-03,-5.72195728e-08,1.29419780e-05,-2.55323746e-06
1.56000000e+03,1.03863304e+02,6.74040982e-03,-4.86926043e-04,-5.78178415e-08,2.05765156e-03,5.55538288e-03,8.76509718e+01,6.74149761e-03,-4.30130466e-04,1.62123317e+01,-1.08779454e-06,-5.67955770e-05,2.34799388e-12,2.04298313e-03,5.55848324e-03,-5.78201895e-08,1.46684280e-05,-3.10036746e-06
1.56100000e+03,1.03865201e+02,6.27394861e-03,-3.98283862e-04,-5.82796477e-08,1.95667023e-03,5.18750249e-03,8.76527838e+01,6.26782265e-03,-3.32326750e-04,1.62124176e+01,6.12595171e-06,-6.59571122e-05,2.36693140e-12,1.94292064e-03,5.18948900e-03,-5.82820146e-08,1.37495883e-05,-1.98650849e-06
1.56200000e+03,1.03865842e+02,5.82866802e-03,-9.74606952e-05,-5.89337834e-08,1.76917831e-03,4.83750965e-03,8.76535767e+01,5.82724080e-03,-4.32673695e-05,1.62122654e+01,1.42722646e-06,-5.41933257e-05,2.41811045e-12,1.75598008e-03,4.83936452e-03,-5.89362015e-08,1.31982230e-05,-1.85486738e-06
1.56300000e+03,1.03867695e+02,5.33369861e-03,1.20740887e-04,-5.94004642e-08,1.60199112e-03,4.44616571e-03,8.76553441e+01,5.32423577e-03,1.88941873e-04,1.62123512e+01,9.46284414e-06,-6.82009856e-05,2.50516719e-12,1.58740521e-03,4.44658187e-03,-5.94029693e-08,1.45859119e-05,-4.16161705e-07
1.56400000e+03,1.03868293e+02,4.83995894e-03,3.86798512e-04,-6.00000381e-08,1.41610488e-03,4.05438413e-03,8.76560933e+01,4.83491275e-03,4.42122724e-04,1.62121996e+01,5.04618870e-06,-5.53242117e-05,2.52631912e-12,1.40259859e-03,4.05541437e-03,-6.00025644e-08,1.35062948e-05,-1.03024130e-06
1.56500000e+03,1.03870099e+02,4.30526723e-03,5.86750132e-04,-6.04582199e-08,1.25386342e-03,3.62026666e-03,8.76578126e+01,4.29259859e-03,6.54356956e-04,1.62122868e+01,1.26686428e-05,-6.76068240e-05,2.59079762e-12,1.23977271e-03,3.61927145e-03,-6.04608107e-08,1.40907055e-05,9.95211529e-07
1.56600000e+03,1.03870645e+02,3.77341020e-03,9.17004586e-04,-6.11502699e-08,1.04913417e-03,3.21669092e-03,8.76585091e+01,3.76384318e-03,9.78096143e-04,1.62121358e+01,9.56701986e-06,-6.10915565e-05,2.63562136e-12,1.03279395e-03,3.21509477e-03,-6.11529055e-08,1.63402231e-05,1.59615392e-06
1.56700000e+03,1.03872395e+02,3.25108362e-03,1.09557833e-03,-6.16043141e-08,8.95626045e-04,2.79742968e-03,8.76601721e+01,3.23366412e-03,1.16631913e-03,1.62122229e+01,1.74194914e-05,-7.07407960e-05,2.64723398e-12,8.80061923e-04,2.79437245e-03,-6.16069614e-08,1.55641223e-05,3.05723550e-06
1.56800000e+03,1.03872885e+02,2.67280838e-03,1.43360610e-03,-6.22581452e-08,6.78415266e-04,2.35192316e-03,8.76608119e+01,2.65806633e-03,1.49255048e-03,1.62120735e+01,1.47420574e-05,-5.89443825e-05,2.65406605e-12,6.62653647e-04,2.34768339e-03,-6.22607992e-08,1.57616196e-05,4.23976553e-06
1.56900000e+03,1.03874581e+02,2.16538988e-03,1.62456970e-03,-6.27419950e-08,5.25623424e-04,1.94749955e-03,8.76624194e+01,2.14384412e-03,1.70065671e-03,1.62121615e+01,2.15457593e-05,-7.60870117e-05,2.68976230e-12,5.07600174e-04,1.94213416e-03,-6.27446847e-08,1.80232509e-05,5.36538454e-06
1.57000000e+03,1.03875009e+02,1.60318508e-03,1.88332107e-03,-6.33362513e-08,3.56140687e-04,1.52972602e-03,8.76629979e+01,1.57813201e-03,1.94553331e-03,1.62120114e+01,2.50530752e-05,-6.22122406e-05,2.67880689e-12,3.39242943e-04,1.52002224e-03,-6.33389301e-08,1.68977434e-05,9.70378449e-06
1.57100000e+03,1.03876645e+02,1.18816051e-03,2.07402262e-03,-6.38207430e-08,1.99897012e-04,1.16967758e-03,8.76645449e+01,1.16113284e-03,2.15059016e-03,1.62121003e+01,2.70276787e-05,-7.65675385e-05,2.57508701e-12,1.81782395e-04,1.16133596e-03,-6.38233181e-08,1.81146170e-05,8.34162862e-06
1.57200000e+03,1.03877024e+02,6.72138717e-04,2.36174996e-03,-6.44684162e-08,1.82584181e-05,7.70391040e-04,8.76650736e+01,6.44071093e-04,2.42362606e-03,1.62119508e+01,2.80676235e-05,-6.18760981e-05,2.51572124e-12,1.46135969e-06,7.59580891e-04,-6.44709319e-08,1.67970584e-05,1.08101492e-05
1.57300000e+03,1.03878618e+02,2.36341105e-04,2.51904181e-03,-6.49674363e-08,-1.10978852e-04,3.96575180e-04,8.76665779e+01,1.97389575e-04,2.60004376e-03,1.62120396e+01,3.89515305e-05,-8.10019523e-05,2.44583842e-12,-1.31505353e-04,3.81968156e-04,-6.49698822e-08,2.05265008e-05,1.46070236e-05
1.57400000e+03,1.03878950e+02,-1.10223381e-04,2.71803133e-03,-6.56347128e-08,-2.46950884e-04,9.16274999e-05,8.76670585e+01,-1.50304667e-04,2.78393539e-03,1.62118911e+01,4.00812868e-05,-6.59040628e-05,2.37274092e-12,-2.66144918e-04,7.39554793e-05,-6.56370856e-08,1.91940347e-05,1.76720205e-05
1.57500000e+03,1.03880494e+02,-4.28578090e-04,2.84923501e-03,-6.60779414e-08,-3.62214634e-04,-2.19097038e-04,8.76685145e+01,-4.72281742e-04,2.93295493e-03,1.62119800e+01,4.37036519e-05,-8.37199237e-05,2.35058253e-12,-3.84130671e-04,-2.36175953e-04,-6.60802920e-08,2.19160374e-05,1.70789142e-05
1.57600000e+03,1.03880789e+02,-8.10913843e-04,3.04993018e-03,-6.66502784e-08,-4.94684412e-04,-5.52109593e-04,8.76689578e+01,-8.55825009e-04,3.11810239e-03,1.62118316e+01,4.49111664e-05,-6.81722066e-05,2.24322310e-12,-5.14943395e-04,-5.72518128e-04,-6.66525216e-08,2.02589831e-05,2.04085353e-05
1.57700000e+03,1.03882306e+02,-1.07302404e-03,3.10354715e-03,-6.70862750e-08,-5.73721635e-04,-8.34535818e-04,8.76703848e+01,-1.12606733e-03,3.18973682e-03,1.62119217e+01,5.30432824e-05,-8.61896645e-05,2.15570480e-12,-5.96901510e-04,-8.57041443e-04,-6.70884307e-08,2.31798748e-05,2.25056257e-05
1.57800000e+03,1.03882576e+02,-1.40706701e-03,3.27648826e-03,-6.76617056e-08,-6.93220960e-04,-1.14292965e-03,8.76708022e+01,-1.45854349e-03,3.34726147e-03,1.62117740e+01,5.14764819e-05,-7.07732176e-05,2.09126469e-12,-7.14856421e-04,-1.16711005e-03,-6.76637968e-08,2.16354603e-05,2.41804018e-05
1.57900000e+03,1.03884073e+02,-1.68165281e-03,3.36289699e-03,-6.80210683e-08,-7.86000764e-04,-1.43494483e-03,8.76722087e+01,-1.73816405e-03,3.45428446e-03,1.62118640e+01,5.65112368e-05,-9.13874704e-05,1.99022394e-12,-8.11660754e-04,-1.45957580e-03,-6.80230585e-08,2.56599894e-05,2.46309646e-05
1.58000000e+03,1.03884340e+02,-1.99349281e-03,3.47317362e-03,-6.84921962e-08,-8.77163578e-04,-1.74098990e-03,8.76726236e+01,-2.04736679e-03,3.54706256e-03,1.62117168e+01,5.38739763e-05,-7.38889382e-05,1.92744985e-12,-9.00511980e-04,-1.76692818e-03,-6.84941236e-08,2.33484016e-05,2.59382801e-05
1.58100000e+03,1.03885843e+02,-2.27982409e-03,3.51038184e-03,-6.87472624e-08,-9.54583881e-04,-2.03715756e-03,8.76740356e+01,-2.33939992e-03,3.59920914e-03,1.62118075e+01,5.95758257e-05,-8.88272973e-05,1.90593859e-12,-9.79100071e-04,-2.06371637e-03,-6.87491683e-08,2.45161905e-05,2.65588135e-05
1.58200000e+03,1.03886114e+02,-2.60894922e-03,3.67307905e-03,-6.91531211e-08,-1.07014788e-03,-2.35271501e-03,8.76744531e+01,-2.66370341e-03,3.74848332e-03,1.62116609e+01,5.47541960e-05,-7.54042707e-05,1.81090601e-12,-1.09392329e-03,-2.37980025e-03,-6.91549320e-08,2.37754061e-05,2.70852364e-05
1.58300000e+03,1.03887621e+02,-2.95137770e-03,3.72436716e-03,-6.93786678e-08,-1.15745601e-03,-2.68222765e-03,8.76758683e+01,-3.00955245e-03,3.81578058e-03,1.62117523e+01,5.81747597e-05,-9.14134204e-05,1.80703755e-12,-1.18357948e-03,-2.70913364e-03,-6.93804748e-08,2.61234664e-05,2.69059990e-05
1.58400000e+03,1.03887909e+02,-3.34379082e-03,3.86360545e-03,-6.97724209e-08,-1.26240877e-03,-3.02486878e-03,8.76763016e+01,-3.39828919e-03,3.93978339e-03,1.62116074e+01,5.44983746e-05,-7.61779348e-05,1.77644424e-12,-1.28667413e-03,-3.05279619e-03,-6.97741973e-08,2.42653638e-05,2.79274121e-05
1.58500000e+03,1.03889441e+02,-3.67447427e-03,3.91820278e-03,-6.99713608e-08,-1.35414572e-03,-3.34782290e-03,8.76777410e+01,-3.73345471e-03,4.01035443e-03,1.62116999e+01,5.89804363e-05,-9.21516525e-05,1.78285074e-12,-1.38033869e-03,-3.37546929e-03,-6.99731436e-08,2.61929692e-05,2.76463897e-05
1.58600000e+03,1.03889756e+02,-4.07504634e-03,4.07644701e-03,-7.03270093e-08,-1.46697629e-03,-3.69345892e-03,8.76782002e+01,-4.12760654e-03,4.14997485e-03,1.62115554e+01,5.25602058e-05,-7.35278324e-05,1.79008735e-12,-1.48986014e-03,-3.72082993e-03,-7.03287993e-08,2.28838503e-05,2.73710025e-05
1.58700000e+03,1.03891325e+02,-4.45862780e-03,4.17723071e-03,-7.04221050e-08,-1.57461371e-03,-4.03547144e-03,8.76796761e+01,-4.51412428e-03,4.26800913e-03,1.62116488e+01,5.54964785e-05,-9.07784127e-05,1.80461037e-12,-1.59970599e-03,-4.06186505e-03,-7.04239096e-08,2.50922806e-05,2.63936010e-05
1.58800000e+03,1.03891691e+02,-4.91829649e-03,4.35323509e-03,-7.06537777e-08,-1.70737453e-03,-4.41651567e-03,8.76801862e+01,-4.97142989e-03,4.42605799e-03,1.62115051e+01,5.31334028e-05,-7.28229014e-05,1.74622295e-12,-1.72983547e-03,-4.44459934e-03,-7.06555240e-08,2.24609363e-05,2.80836703e-05
1.58900000e+03,1.03893317e+02,-5.28375084e-03,4.41144298e-03,-7.06755223e-08,-1.79243671e-03,-4.74818495e-03,8.76817180e+01,-5.33686341e-03,4.49918323e-03,1.62115986e+01,5.31125682e-05,-8.77402461e-05,1.75115982e-12,-1.81606566e-03,-4.77375994e-03,-7.06772734e-08,2.36289516e-05,2.55749910e-05
1.59000000e+03,1.03893735e+02,-5.76113241e-03,4.62571417e-03,-7.08926826e-08,-1.93167458e-03,-5.11961239e-03,8.76822788e+01,-5.80978384e-03,4.69721117e-03,1.62114561e+01,4.86514281e-05,-7.14970033e-05,1.79515100e-12,-1.95326488e-03,-5.14605249e-03,-7.08944777e-08,2.15903058e-05,2.64400932e-05
1.59100000e+03,1.03895406e+02,-6.14995231e-03,4.72300646e-03,-7.08976170e-08,-2.04086137e-03,-5.46141155e-03,8.76838554e+01,-6.20111962e-03,4.81286909e-03,1.62115506e+01,5.11673051e-05,-8.98626273e-05,1.84927879e-12,-2.06517608e-03,-5.48615960e-03,-7.08994663e-08,2.43147142e-05,2.47480452e-05
1.59200000e+03,1.03895878e+02,-6.57935465e-03,4.88452349e-03,-7.10132097e-08,-2.15955667e-03,-5.81358439e-03,8.76844689e+01,-6.62616444e-03,4.95619548e-03,1.62114092e+01,4.68097889e-05,-7.16719918e-05,1.81140919e-12,-2.18158915e-03,-5.83948109e-03,-7.10150211e-08,2.20324788e-05,2.58966972e-05
1.59300000e+03,1.03897619e+02,-6.95459604e-03,4.98226853e-03,-7.09756269e-08,-2.25629495e-03,-6.13279230e-03,8.76861137e+01,-7.00565794e-03,5.07178835e-03,1.62115050e+01,5.10618956e-05,-8.95198129e-05,1.86716874e-12,-2.28049544e-03,-6.15813943e-03,-7.09774941e-08,2.42004945e-05,2.53471269e-05
1.59400000e+03,1.03898151e+02,-7.33055326e-03,5.16033024e-03,-7.10533811e-08,-2.37266700e-03,-6.43743488e-03,8.76867865e+01,-7.37699076e-03,5.23273787e-03,1.62113645e+01,4.64375069e-05,-7.24076296e-05,1.93519510e-12,-2.39519423e-03,-6.46383209e-03,-7.10553163e-08,2.25272369e-05,2.63972091e-05
1.59500000e+03,1.03899928e+02,-7.63455653e-03,5.21417157e-03,-7.09521483e-08,-2.45026901e-03,-6.70201026e-03,8.76884678e+01,-7.68455270e-03,5.30583190e-03,1.62114605e+01,4.99961784e-05,-9.16603257e-05,1.99389181e-12,-2.47587913e-03,-6.72814155e-03,-7.09541422e-08,2.56101184e-05,2.61312838e-05
1.59600000e+03,1.03900501e+02,-7.92557132e-03,5.34850617e-03,-7.10176130e-08,-2.53582935e-03,-6.93094140e-03,8.76891803e+01,-7.97154160e-03,5.42146549e-03,1.62113212e+01,4.59702781e-05,-7.29593183e-05,2.01816167e-12,-2.55948260e-03,-6.95806079e-03,-7.10196311e-08,2.36532460e-05,2.71193872e-05
1.59700000e+03,1.03902328e+02,-8.14525657e-03,5.37674503e-03,-7.09478213e-08,-2.58785113e-03,-7.13032837e-03,8.76909098e+01,-8.19759514e-03,5.47043223e-03,1.62114183e+01,5.23385734e-05,-9.36872024e-05,1.99158556e-12,-2.61512778e-03,-7.15888326e-03,-7.09498129e-08,2.72766518e-05,2.85548876e-05
1.59800000e+03,1.03902934e+02,-8.32058902e-03,5.46009524e-03,-7.09970212e-08,-2.63543852e-03,-7.27090995e-03,8.76916555e+01,-8.36418250e-03,5.53553222e-03,1.62112786e+01,4.35934736e-05,-7.54369783e-05,2.03768692e-12,-2.66027897e-03,-7.29830568e-03,-7.09990589e-08,2.48404502e-05,2.73957335e-05
1.59900000e+03,1.03904785e+02,-8.48189893e-03,5.44456336e-03,-7.08731843e-08,-2.65928294e-03,-7.40008895e-03,8.76934089e+01,-8.52997628e-03,5.53982206e-03,1.62113761e+01,4.80773495e-05,-9.52586997e-05,2.09925181e-12,-2.68766268e-03,-7.42782868e-03,-7.08752836e-08,2.83797456e-05,2.77397305e-05
1.60000000e+03,1.03905421e+02,-8.61237439e-03,5.50011207e-03,-7.08731302e-08,-2.67860630e-03,-7.48632675e-03,8.76941829e+01,-8.65502366e-03,5.57450636e-03,1.62112377e+01,4.26492724e-05,-7.43942885e-05,2.11970568e-12,-2.70380202e-03,-7.51398471e-03,-7.08752499e-08,2.51957234e-05,2.76579568e-05
1.60100000e+03,1.03907292e+02,-8.61900340e-03,5.46385460e-03,-7.07796550e-08,-2.67068493e-03,-7.51237262e-03,8.76959567e+01,-8.66467069e-03,5.55898809e-03,1.62113356e+01,4.56672874e-05,-9.51334937e-05,2.14590099e-12,-2.69948365e-03,-7.54033446e-03,-7.07818009e-08,2.87987241e-05,2.79618405e-05
1.60200000e+03,1.03907932e+02,-8.63043444e-03,5.49133279e-03,-7.07883425e-08,-2.66340822e-03,-7.49648802e-03,8.76967345e+01,-8.67107983e-03,5.56690766e-03,1.62111970e+01,4.06453895e-05,-7.55748698e-05,2.08241013e-12,-2.68977296e-03,-7.52433172e-03,-7.07904249e-08,2.63647407e-05,2.78437009e-05
1.60300000e+03,1.03909803e+02,-8.59741058e-03,5.40590351e-03,-7.06509305e-08,-2.61905080e-03,-7.47236855e-03,8.76985069e+01,-8.63996880e-03,5.50138563e-03,1.62112956e+01,4.25582138e-05,-9.54821228e-05,2.07378570e-12,-2.64851611e-03,-7.49989502e-03,-7.06530043e-08,2.94653099e-05,2.75264646e-05
1.60400000e+03,1.03910442e+02,-8.54245988e-03,5.37744045e-03,-7.06121036e-08,-2.57083346e-03,-7.39006535e-03,8.76992846e+01,-8.58165277e-03,5.45122992e-03,1.62111572e+01,3.91928945e-05,-7.37894750e-05,1.96562877e-12,-2.59646684e-03,-7.41842562e-03,-7.06140693e-08,2.56333872e-05,2.83602670e-05
1.60500000e+03,1.03912309e+02,-8.37767085e-03,5.28186743e-03,-7.04773592e-08,-2.51012395e-03,-7.26642703e-03,8.77010528e+01,-8.41970974e-03,5.37755592e-03,1.62112563e+01,4.20388863e-05,-9.56884928e-05,1.95232707e-12,-2.53968419e-03,-7.29437556e-03,-7.04793116e-08,2.95602420e-05,2.79485284e-05
1.60600000e+03,1.03912931e+02,-8.20295422e-03,5.24415400e-03,-7.04222959e-08,-2.44240682e-03,-7.10159372e-03,8.77018131e+01,-8.23949063e-03,5.31698395e-03,1.62111183e+01,3.65364064e-05,-7.28299462e-05,1.86357136e-12,-2.46779710e-03,-7.12917134e-03,-7.04241595e-08,2.53902768e-05,2.75776266e-05
1.60700000e+03,1.03914776e+02,-7.98420019e-03,5.12582333e-03,-7.02594363e-08,-2.35937142e-03,-6.92360092e-03,8.77035590e+01,-8.02237342e-03,5.22039994e-03,1.62112171e+01,3.81732270e-05,-9.45766095e-05,1.77572825e-12,-2.38849581e-03,-6.95102172e-03,-7.02612120e-08,2.91243946e-05,2.74207944e-05
1.60800000e+03,1.03915379e+02,-7.70116996e-03,5.03990199e-03,-7.01837232e-08,-2.26143998e-03,-6.67610849e-03,8.77042997e+01,-7.72973944e-03,5.10756312e-03,1.62110789e+01,2.85694783e-05,-6.76611347e-05,1.68198398e-12,-2.28454164e-03,-6.70067189e-03,-7.01854052e-08,2.31016561e-05,2.45633940e-05
1.60900000e+03,1.03917197e+02,-7.40389563e-03,4.93028197e-03,-7.01002334e-08,-2.17021764e-03,-6.43486150e-03,8.77060196e+01,-7.43413408e-03,5.02027703e-03,1.62111773e+01,3.02384507e-05,-8.99950559e-05,1.64570121e-12,-2.19757094e-03,-6.45878232e-03,-7.01018791e-08,2.73533001e-05,2.39208191e-05
1.61000000e+03,1.03917761e+02,-7.10066568e-03,4.86559971e-03,-7.00840486e-08,-2.06938916e-03,-6.15997079e-03,8.77067231e+01,-7.11870032e-03,4.92918541e-03,1.62110375e+01,1.80346468e-05,-6.35856995e-05,1.58580697e-12,-2.09051889e-03,-6.17960555e-03,-7.00856344e-08,2.11297310e-05,1.96347585e-05
1.61100000e+03,1.03919535e+02,-6.82121737e-03,4.72987417e-03,-6.99744251e-08,-1.96389885e-03,-5.90802740e-03,8.77084010e+01,-6.83679928e-03,4.81462090e-03,1.62111344e+01,1.55819083e-05,-8.47467323e-05,1.54867192e-12,-1.98762392e-03,-5.92482128e-03,-6.99759738e-08,2.37250659e-05,1.67938785e-05
1.61200000e+03,1.03920060e+02,-6.57367049e-03,4.65108287e-03,-6.99626241e-08,-1.86932983e-03,-5.64568833e-03,8.77090665e+01,-6.58096242e-03,4.71128284e-03,1.62109931e+01,7.29192171e-06,-6.01999717e-05,1.37385353e-12,-1.88845757e-03,-5.65979796e-03,-6.99639979e-08,1.91277358e-05,1.41096242e-05
1.61300000e+03,1.03921798e+02,-6.26014745e-03,4.51736683e-03,-6.99148950e-08,-1.75616153e-03,-5.36651058e-03,8.77107092e+01,-6.26748084e-03,4.59682737e-03,1.62110888e+01,7.33338293e-06,-7.94605303e-05,1.33079025e-12,-1.77764502e-03,-5.37920741e-03,-6.99162258e-08,2.14834938e-05,1.26968239e-05
1.61400000e+03,1.03922283e+02,-6.03975353e-03,4.51283819e-03,-6.99421209e-08,-1.67423910e-03,-5.10957106e-03,8.77113357e+01,-6.03693846e-03,4.56660473e-03,1.62109473e+01,-2.81507124e-06,-5.37665390e-05,1.29348106e-12,-1.68992953e-03,-5.11890612e-03,-6.99434144e-08,1.56904269e-05,9.33506234e-06
1.61500000e+03,1.03923980e+02,-5.75563764e-03,4.38893163e-03,-6.98869378e-08,-1.57177357e-03,-4.83541703e-03,8.77129382e+01,-5.75441276e-03,4.46637501e-03,1.62110419e+01,-1.22487866e-06,-7.74433774e-05,1.27122397e-12,-1.59130775e-03,-4.84341469e-03,-6.98882090e-08,1.95341858e-05,7.99766321e-06
1.61600000e+03,1.03924434e+02,-5.49966435e-03,4.32644584e-03,-6.99017352e-08,-1.48245444e-03,-4.55367332e-03,8.77135339e+01,-5.49046526e-03,4.37684010e-03,1.62109004e+01,-9.19908744e-06,-5.03942604e-05,1.11877581e-12,-1.49641612e-03,-4.55903380e-03,-6.99028540e-08,1.39616773e-05,5.36047899e-06
1.61700000e+03,1.03926113e+02,-5.18089597e-03,4.24521805e-03,-6.98643601e-08,-1.38920103e-03,-4.26756366e-03,8.77151172e+01,-5.16910467e-03,4.31622588e-03,1.62109955e+01,-1.17912974e-05,-7.10078345e-05,1.14699082e-12,-1.40535231e-03,-4.26931409e-03,-6.98655071e-08,1.61512856e-05,1.75042786e-06
1.61800000e+03,1.03926542e+02,-4.91259444e-03,4.23107088e-03,-6.98637636e-08,-1.31706307e-03,-3.98367389e-03,8.77156898e+01,-4.89070443e-03,4.27689006e-03,1.62108526e+01,-2.18900068e-05,-4.58191866e-05,1.06320460e-12,-1.32795787e-03,-3.98150486e-03,-6.98648268e-08,1.08948071e-05,-2.16902480e-06
1.61900000e+03,1.03928192e+02,-4.62682492e-03,4.13760588e-03,-6.98069033e-08,-1.23441712e-03,-3.71177481e-03,8.77172453e+01,-4.60401520e-03,4.20627968e-03,1.62109471e+01,-2.28097268e-05,-6.86737947e-05,9.72253593e-13,-1.24865441e-03,-3.70729765e-03,-6.98078755e-08,1.42372936e-05,-4.47716362e-06
1.62000000e+03,1.03928611e+02,-4.36814547e-03,4.10530299e-03,-6.98251820e-08,-1.16023363e-03,-3.43711646e-03,8.77178073e+01,-4.33731395e-03,4.14758530e-03,1.62108041e+01,-3.08315134e-05,-4.22823152e-05,9.53955518e-13,-1.16911398e-03,-3.42914385e-03,-6.98261360e-08,8.88034198e-06,-7.97260918e-06
1.62100000e+03,1.03930263e+02,-4.03638095e-03,4.02792125e-03,-6.97431238e-08,-1.07556435e-03,-3.16303885e-03,8.77193646e+01,-4.00881678e-03,4.09318849e-03,1.62108983e+01,-2.75641720e-05,-6.52672360e-05,9.83781747e-13,-1.08800193e-03,-3.15439822e-03,-6.97441076e-08,1.24375799e-05,-8.64063001e-06
1.62200000e+03,1.03930672e+02,-3.77346200e-03,4.00156225e-03,-6.97493852e-08,-1.00079500e-03,-2.90070801e-03,8.77199168e+01,-3.73503144e-03,4.04357698e-03,1.62107551e+01,-3.84305643e-05,-4.20147311e-05,9.67494165e-13,-1.00854564e-03,-2.88766494e-03,-6.97503526e-08,7.75064219e-06,-1.30430654e-05
1.62300000e+03,1.03932310e+02,-3.49883828e-03,3.89941670e-03,-6.96377018e-08,-9.17895636e-04,-2.65902789e-03,8.77214609e+01,-3.46162196e-03,3.96228626e-03,1.62108489e+01,-3.72163213e-05,-6.28695643e-05,1.01470421e-12,-9.28132029e-04,-2.64443429e-03,-6.96387165e-08,1.02363933e-05,-1.45936030e-05
1.62400000e+03,1.03932723e+02,-3.22746446e-03,3.83774552e-03,-6.96428383e-08,-8.39332013e-04,-2.40712993e-03,8.77220168e+01,-3.18584005e-03,3.87736558e-03,1.62107061e+01,-4.16244137e-05,-3.96200636e-05,9.98454920e-13,-8.45930207e-04,-2.39122763e-03,-6.96438367e-08,6.59819395e-06,-1.59023063e-05
1.62500000e+03,1.03934371e+02,-2.91346222e-03,3.73047250e-03,-6.95312255e-08,-7.50154739e-04,-2.15993073e-03,8.77235710e+01,-2.86999863e-03,3.79040364e-03,1.62108004e+01,-4.34635810e-05,-5.99311362e-05,1.02010861e-12,-7.58369196e-04,-2.14020031e-03,-6.95322456e-08,8.21445741e-06,-1.97304173e-05
1.62600000e+03,1.03934778e+02,-2.70998517e-03,3.69525052e-03,-6.95556499e-08,-6.88589920e-04,-1.94906266e-03,8.77241211e+01,-2.66145250e-03,3.73338040e-03,1.62106569e+01,-4.85326675e-05,-3.81298751e-05,1.02074245e-12,-6.93197125e-04,-1.92725774e-03,-6.95566706e-08,4.60720426e-06,-2.18049263e-05
1.62700000e+03,1.03936420e+02,-2.40884086e-03,3.58534524e-03,-6.94321982e-08,-6.10657450e-04,-1.72304887e-03,8.77256694e+01,-2.36041096e-03,3.64566222e-03,1.62107511e+01,-4.84298987e-05,-6.03169767e-05,1.13807258e-12,-6.17973781e-04,-1.69934518e-03,-6.94333362e-08,7.31633138e-06,-2.37036863e-05
1.62800000e+03,1.03936843e+02,-2.16419499e-03,3.50606331e-03,-6.94004623e-08,-5.33299088e-04,-1.50714659e-03,8.77262344e+01,-2.11040167e-03,3.54195559e-03,1.62106087e+01,-5.37933246e-05,-3.58922823e-05,1.14030725e-12,-5.36429928e-04,-1.48089013e-03,-6.94016026e-08,3.13083916e-06,-2.62564650e-05
1.62900000e+03,1.03938499e+02,-1.83459981e-03,3.40309544e-03,-6.92664900e-08,-4.55868880e-04,-1.27558756e-03,8.77277950e+01,-1.78051330e-03,3.46322386e-03,1.62107035e+01,-5.40865022e-05,-6.01284260e-05,1.17830366e-12,-4.62202430e-04,-1.24628575e-03,-6.92676683e-08,6.33354962e-06,-2.93018121e-05
1.63000000e+03,1.03938914e+02,-1.59776115e-03,3.30478499e-03,-6.92636192e-08,-3.77451554e-04,-1.07707852e-03,8.77283540e+01,-1.53862926e-03,3.33796458e-03,1.62105604e+01,-5.91318978e-05,-3.31795912e-05,1.20221914e-12,-3.77773240e-04,-1.04642073e-03,-6.92648214e-08,3.21685760e-07,-3.06577923e-05
1.63100000e+03,1.03940567e+02,-1.26822545e-03,3.21383516e-03,-6.91135816e-08,-3.12765586e-04,-8.50214485e-04,8.77299106e+01,-1.20973022e-03,3.27219009e-03,1.62106560e+01,-5.84952269e-05,-5.83549310e-05,1.36315218e-12,-3.17418991e-04,-8.17507338e-04,-6.91149448e-08,4.65340451e-06,-3.27071471e-05
1.63200000e+03,1.03940994e+02,-1.03796705e-03,3.09964167e-03,-6.91412105e-08,-2.25630115e-04,-6.52561207e-04,8.77304798e+01,-9.77237352e-04,3.13308044e-03,1.62105139e+01,-6.07297021e-05,-3.34387736e-05,1.29657628e-12,-2.25467689e-04,-6.19106750e-04,-6.91425071e-08,-1.62425541e-07,-3.34544570e-05
1.63300000e+03,1.03942651e+02,-6.80869976e-04,2.96998599e-03,-6.90551156e-08,-1.48642852e-04,-4.27527788e-04,8.77320402e+01,-6.26248017e-04,3.02851534e-03,1.62106109e+01,-5.46219581e-05,-5.85293554e-05,1.27778222e-12,-1.52671678e-04,-3.94912723e-04,-6.90563934e-08,4.02882579e-06,-3.26150647e-05
1.63400000e+03,1.03943075e+02,-3.74294408e-04,2.87723385e-03,-6.91084172e-08,-7.35432110e-05,-2.02677856e-04,8.77326056e+01,-3.17528585e-04,2.91426313e-03,1.62104691e+01,-5.67658225e-05,-3.70292769e-05,1.27512697e-12,-7.49822413e-05,-1.70626775e-04,-6.91096923e-08,1.43903026e-06,-3.20510813e-05
1.63500000e+03,1.03944730e+02,1.72108217e-05,2.71808392e-03,-6.90215651e-08,3.04173696e-05,5.18954656e-05,8.77341628e+01,7.22708879e-05,2.77958466e-03,1.62105673e+01,-5.50600662e-05,-6.15007445e-05,1.28515848e-12,2.54234742e-05,8.55045644e-05,-6.90228502e-08,4.99389542e-06,-3.36090989e-05
1.63600000e+03,1.03945152e+02,3.27897707e-04,2.58695878e-03,-6.90886923e-08,1.22248247e-04,2.78751239e-04,8.77347246e+01,3.77167004e-04,2.62862709e-03,1.62104275e+01,-4.92692962e-05,-4.16683134e-05,1.21162377e-12,1.19056249e-04,3.07495751e-04,-6.90899039e-08,3.19199786e-06,-2.87445123e-05
1.63700000e+03,1.03946805e+02,8.26257958e-04,2.41976825e-03,-6.90594330e-08,2.15871494e-04,5.80017415e-04,8.77362775e+01,8.72651244e-04,2.48538244e-03,1.62105273e+01,-4.63932865e-05,-6.56141956e-05,1.18664106e-12,2.08202528e-04,6.09605718e-04,-6.90606196e-08,7.66896546e-06,-2.95883038e-05
1.63800000e+03,1.03947220e+02,1.20789985e-03,2.25808921e-03,-6.91076953e-08,3.41593576e-04,8.45214206e-04,8.77368301e+01,1.25189439e-03,2.30168837e-03,1.62103899e+01,-4.39945480e-05,-4.35991535e-05,1.11090012e-12,3.37367492e-04,8.71766123e-04,-6.91088062e-08,4.22608396e-06,-2.65519173e-05
1.63900000e+03,1.03948864e+02,1.69196050e-03,2.09427072e-03,-6.90423679e-08,4.45824380e-04,1.14684619e-03,8.77383724e+01,1.73078711e-03,2.16498049e-03,1.62104915e+01,-3.88266032e-05,-7.07097719e-05,1.09281967e-12,4.36386236e-04,1.17307866e-03,-6.90434607e-08,9.43814407e-06,-2.62324756e-05
1.64000000e+03,1.03949274e+02,2.12454974e-03,1.90930373e-03,-6.91226425e-08,5.62936456e-04,1.43454767e-03,8.77389183e+01,2.16447863e-03,1.95794535e-03,1.62103555e+01,-3.99288856e-05,-4.86416244e-05,9.86699678e-13,5.56171980e-04,1.45838392e-03,-6.91236292e-08,6.76447659e-06,-2.38362522e-05
1.64100000e+03,1.03950912e+02,2.64379410e-03,1.67114221e-03,-6.90817861e-08,7.08672809e-04,1.76016082e-03,8.77404537e+01,2.67651383e-03,1.74603794e-03,1.62104585e+01,-3.27197333e-05,-7.48957284e-05,8.35257466e-13,6.96445428e-04,1.78294008e-03,-6.90826213e-08,1.22273817e-05,-2.27792559e-05
1.64200000e+03,1.03951310e+02,3.02785317e-03,1.51038354e-03,-6.91453938e-08,8.37038050e-04,2.03473681e-03,8.77409860e+01,3.05896600e-03,1.56240115e-03,1.62103237e+01,-3.11128237e-05,-5.20176107e-05,7.50256192e-13,8.28150562e-04,2.05433203e-03,-6.91461440e-08,8.88748730e-06,-1.95952142e-05
1.64300000e+03,1.03952930e+02,3.50625235e-03,1.34665997e-03,-6.91168644e-08,9.55075918e-04,2.34093563e-03,8.77425031e+01,3.53686030e-03,1.42535953e-03,1.62104266e+01,-3.06079418e-05,-7.86995609e-05,7.12172930e-13,9.41112753e-04,2.36161219e-03,-6.91175766e-08,1.39631645e-05,-2.06765689e-05
1.64400000e+03,1.03953306e+02,3.82301172e-03,1.14951840e-03,-6.92457548e-08,1.08637036e-03,2.59065181e-03,8.77430141e+01,3.85217590e-03,1.20773721e-03,1.62102918e+01,-2.91641732e-05,-5.82188118e-05,5.19762721e-13,1.07386554e-03,2.60781249e-03,-6.92462746e-08,1.25048211e-05,-1.71606871e-05
1.64500000e+03,1.03954902e+02,4.21212081e-03,9.51132131e-04,-6.92527961e-08,1.22177632e-03,2.86465206e-03,8.77445063e+01,4.23646323e-03,1.03291513e-03,1.62103953e+01,-2.43424233e-05,-8.17829986e-05,4.28040668e-13,1.20494173e-03,2.88090473e-03,-6.92532241e-08,1.68345861e-05,-1.62526734e-05
1.64600000e+03,1.03955251e+02,4.46683078e-03,8.41950843e-04,-6.93931650e-08,1.32900257e-03,3.10262117e-03,8.77449910e+01,4.49006888e-03,9.01611423e-04,1.62102601e+01,-2.32381052e-05,-5.96605800e-05,3.93478287e-13,1.31486471e-03,3.11563397e-03,-6.93935585e-08,1.41378611e-05,-1.30127986e-05
1.64700000e+03,1.03956813e+02,4.75792732e-03,7.12954091e-04,-6.94432944e-08,1.43905716e-03,3.33614566e-03,8.77464505e+01,4.78350379e-03,7.95314662e-04,1.62103628e+01,-2.55764747e-05,-8.23605709e-05,3.20420292e-13,1.42165194e-03,3.35156126e-03,-6.94436149e-08,1.74052251e-05,-1.54156055e-05
1.64800000e+03,1.03957134e+02,4.86096964e-03,6.50580380e-04,-6.95839001e-08,1.51721139e-03,3.49786529e-03,8.77469072e+01,4.88785787e-03,7.13750428e-04,1.62102265e+01,-2.68882294e-05,-6.31700485e-05,1.50941958e-13,1.50125285e-03,3.51169464e-03,-6.95840511e-08,1.59585411e-05,-1.38293470e-05
1.64900000e+03,1.03958676e+02,5.08132003e-03,5.52017938e-04,-6.95583859e-08,1.60497084e-03,3.68836112e-03,8.77483474e+01,5.10437706e-03,6.30731873e-04,1.62103285e+01,-2.30570330e-05,-7.87139352e-05,3.88243653e-14,1.58879312e-03,3.70170551e-03,-6.95584248e-08,1.61777260e-05,-1.33443862e-05
1.65000000e+03,1.03958967e+02,5.11500263e-03,5.88802813e-04,-6.96859460e-08,1.63890803e-03,3.81103326e-03,8.77487764e+01,5.14109758e-03,6.48972957e-04,1.62101909e+01,-2.60949456e-05,-6.01701446e-05,-4.87641384e-14,1.62345235e-03,3.82378005e-03,-6.96858972e-08,1.54556802e-05,-1.27467915e-05
1.65100000e+03,1.03960471e+02,5.18321482e-03,5.81811035e-04,-6.96393302e-08,1.69347224e-03,3.91790066e-03,8.77501793e+01,5.20662039e-03,6.61109887e-04,1.62102913e+01,-2.34055746e-05,-7.92988526e-05,-7.36556425e-14,1.67661764e-03,3.93109707e-03,-6.96392565e-08,1.68546063e-05,-1.31964127e-05
1.65200000e+03,1.03960733e+02,5.18943059e-03,6.51502696e-04,-6.97487656e-08,1.70279155e-03,4.01032943e-03,8.77505791e+01,5.21197654e-03,7.11133641e-04,1.62101541e+01,-2.25459435e-05,-5.96309456e-05,-2.45177972e-13,1.68806770e-03,4.02039800e-03,-6.97485204e-08,1.47238543e-05,-1.00685720e-05
1.65300000e+03,1.03962221e+02,5.26936616e-03,7.14559733e-04,-6.97382025e-08,1.70321684e-03,4.12179938e-03,8.77519672e+01,5.28764280e-03,7.96586843e-04,1.62102538e+01,-1.82766389e-05,-8.20271095e-05,-2.80382721e-13,1.68487342e-03,4.13188194e-03,-6.97379221e-08,1.83434115e-05,-1.00825681e-05
1.65400000e+03,1.03962465e+02,5.21062611e-03,7.90868935e-04,-6.97936409e-08,1.70068111e-03,4.17628536e-03,8.77523491e+01,5.23467394e-03,8.51452118e-04,1.62101155e+01,-2.40478362e-05,-6.05831832e-05,-2.94700563e-13,1.68526844e-03,4.18703380e-03,-6.97933462e-08,1.54126719e-05,-1.07484394e-05
1.65500000e+03,1.03963928e+02,5.16401457e-03,8.48668450e-04,-6.97184314e-08,1.71519059e-03,4.21055110e-03,8.77537136e+01,5.17768251e-03,9.34264432e-04,1.62102145e+01,-1.36679389e-05,-8.55959826e-05,-3.00412742e-13,1.69526423e-03,4.21745850e-03,-6.97181309e-08,1.99263620e-05,-6.90740009e-06
1.65600000e+03,1.03964151e+02,5.13780763e-03,9.12744378e-04,-6.98492769e-08,1.70915546e-03,4.28051714e-03,8.77540757e+01,5.15458179e-03,9.74274606e-04,1.62100753e+01,-1.67741588e-05,-6.15302280e-05,-2.82934154e-13,1.69376974e-03,4.28742737e-03,-6.98489940e-08,1.53857166e-05,-6.91022849e-06
1.65700000e+03,1.03965600e+02,5.17647682e-03,9.97816470e-04,-6.98297612e-08,1.68934638e-03,4.34661592e-03,8.77554259e+01,5.18752103e-03,1.08021590e-03,1.62101744e+01,-1.10442066e-05,-8.23994341e-05,-2.66123117e-13,1.67123074e-03,4.35270139e-03,-6.98294951e-08,1.81156340e-05,-6.08547142e-06
1.65800000e+03,1.03965814e+02,5.09097033e-03,1.06802291e-03,-6.99343358e-08,1.67623774e-03,4.37802561e-03,8.77557790e+01,5.10907080e-03,1.13321967e-03,1.62100348e+01,-1.81004732e-05,-6.51967630e-05,-3.11500438e-13,1.65894519e-03,4.38496036e-03,-6.99340243e-08,1.72925514e-05,-6.93475380e-06
1.65900000e+03,1.03967261e+02,5.11902829e-03,1.08158676e-03,-6.98097439e-08,1.69727536e-03,4.45511442e-03,8.77571276e+01,5.12659130e-03,1.16507997e-03,1.62101335e+01,-7.56301374e-06,-8.34932083e-05,-2.20916315e-13,1.67885968e-03,4.45818080e-03,-6.98095229e-08,1.84156738e-05,-3.06638404e-06
1.66000000e+03,1.03967481e+02,5.18984604e-03,1.14924276e-03,-6.98658820e-08,1.68013575e-03,4.57618846e-03,8.77574870e+01,5.19898080e-03,1.21706682e-03,1.62099944e+01,-9.13475899e-06,-6.78240632e-05,-2.24862030e-13,1.66192845e-03,4.57809479e-03,-6.98656571e-08,1.82072999e-05,-1.90633193e-06
1.66100000e+03,1.03968941e+02,5.32501636e-03,1.08041971e-03,-6.97115705e-08,1.73106638e-03,4.69789947e-03,8.77588458e+01,5.32628035e-03,1.16458307e-03,1.62100952e+01,-1.26398965e-06,-8.41633533e-05,-2.34668282e-13,1.71207376e-03,4.69698009e-03,-6.97113359e-08,1.89926155e-05,9.19380148e-07
1.66200000e+03,1.03969178e+02,5.40658977e-03,1.14517753e-03,-6.97981704e-08,1.71997905e-03,4.83940917e-03,8.77592205e+01,5.40936676e-03,1.21950714e-03,1.62099573e+01,-2.77699238e-06,-7.43296091e-05,-1.29199043e-13,1.69767379e-03,4.83668310e-03,-6.97980412e-08,2.23052596e-05,2.72606735e-06
1.66300000e+03,1.03970656e+02,5.65627894e-03,9.98685872e-04,-6.96118430e-08,1.82765610e-03,5.03921877e-03,8.77605971e+01,5.65002732e-03,1.08637462e-03,1.62100591e+01,6.25161608e-06,-8.76887496e-05,-1.00539759e-13,1.80640170e-03,5.03274511e-03,-6.96117424e-08,2.12544007e-05,6.47365795e-06
1.66400000e+03,1.03970917e+02,5.88387629e-03,9.93708607e-04,-6.95957353e-08,1.85794249e-03,5.25029514e-03,8.77609943e+01,5.87817394e-03,1.06698159e-03,1.62099222e+01,5.70235680e-06,-7.32729844e-05,-1.01047624e-13,1.83590006e-03,5.24191337e-03,-6.95956342e-08,2.20424298e-05,8.38177347e-06
1.66500000e+03,1.03972423e+02,6.20668864e-03,8.58777829e-04,-6.95153798e-08,1.94691298e-03,5.48453754e-03,8.77623978e+01,6.19072055e-03,9.51076340e-04,1.62100249e+01,1.59680887e-05,-9.22985109e-05,-6.77035918e-14,1.92231818e-03,5.47278647e-03,-6.95153121e-08,2.45948027e-05,1.17510681e-05
1.66600000e+03,1.03972712e+02,6.56010535e-03,7.30989690e-04,-6.95652370e-08,2.04996370e-03,5.76560218e-03,8.77628232e+01,6.55631218e-03,8.05365490e-04,1.62098884e+01,3.79317407e-06,-7.43758003e-05,-4.80075089e-14,2.02778729e-03,5.75876847e-03,-6.95651890e-08,2.21764108e-05,6.83370466e-06
1.66700000e+03,1.03974246e+02,6.79795396e-03,5.61348708e-04,-6.94737391e-08,2.15431583e-03,5.94304369e-03,8.77642561e+01,6.78383228e-03,6.55577531e-04,1.62099897e+01,1.41216798e-05,-9.42288232e-05,-8.37652297e-15,2.12922486e-03,5.93211266e-03,-6.94737307e-08,2.50909721e-05,1.09310276e-05
1.66800000e+03,1.03974569e+02,7.10990712e-03,4.80414679e-04,-6.95164497e-08,2.22438725e-03,6.19174689e-03,8.77647156e+01,7.10992828e-03,5.57825681e-04,1.62098534e+01,-2.11625290e-08,-7.74110025e-05,-8.19352961e-14,2.20092798e-03,6.18765714e-03,-6.95163678e-08,2.34592690e-05,4.08974815e-06
1.66900000e+03,1.03976143e+02,7.39086702e-03,2.51603992e-04,-6.94427197e-08,2.36070985e-03,6.37269890e-03,8.77661885e+01,7.37788793e-03,3.44355299e-04,1.62099544e+01,1.29790865e-05,-9.27513069e-05,-1.09039980e-13,2.33744767e-03,6.36398642e-03,-6.94426106e-08,2.32621819e-05,8.71248680e-06
1.67000000e+03,1.03976501e+02,7.65889921e-03,1.37670047e-04,-6.94927453e-08,2.43171600e-03,6.57705649e-03,8.77666835e+01,7.65577254e-03,2.15310151e-04,1.62098178e+01,3.12667006e-06,-7.76401042e-05,-1.39839236e-13,2.40889163e-03,6.57272874e-03,-6.94926055e-08,2.28243742e-05,4.32775595e-06
1.67100000e+03,1.03978098e+02,7.90416484e-03,2.13689445e-06,-6.94486199e-08,2.51332185e-03,6.72359272e-03,8.77681789e+01,7.89579205e-03,9.48540716e-05,1.62099194e+01,8.37278479e-06,-9.27171771e-05,-1.87787123e-13,2.48983429e-03,6.71777783e-03,-6.94484321e-08,2.34875660e-05,5.81488979e-06
1.67200000e+03,1.03978469e+02,8.08062319e-03,-7.45100062e-05,-6.94801101e-08,2.56278315e-03,6.85741981e-03,8.77686851e+01,8.07630928e-03,1.53891311e-06,1.62097836e+01,4.31390862e-06,-7.60489193e-05,-2.98613362e-13,2.54127610e-03,6.85336053e-03,-6.94798115e-08,2.15070549e-05,4.05927876e-06
1.67300000e+03,1.03980087e+02,8.29820401e-03,-1.80533084e-04,-6.94848708e-08,2.60985349e-03,6.97823451e-03,8.77702000e+01,8.28560663e-03,-8.39841250e-05,1.62098866e+01,1.25973806e-05,-9.65489586e-05,-3.18564197e-13,2.58519885e-03,6.97123485e-03,-6.94845523e-08,2.46546401e-05,6.99966646e-06
1.67400000e+03,1.03980472e+02,8.42066982e-03,-2.37650035e-04,-6.96448756e-08,2.63706933e-03,7.06588920e-03,8.77707202e+01,8.41479462e-03,-1.58911577e-04,1.62097516e+01,5.87519577e-06,-7.87384576e-05,-4.35579374e-13,2.61476602e-03,7.06152303e-03,-6.96444400e-08,2.23033171e-05,4.36616680e-06
1.67500000e+03,1.03982089e+02,8.52945160e-03,-3.54267212e-04,-6.96374090e-08,2.68121846e-03,7.10846998e-03,8.77722343e+01,8.51771213e-03,-2.57972616e-04,1.62098552e+01,1.17394765e-05,-9.62945964e-05,-5.14368096e-13,2.65728583e-03,7.10268909e-03,-6.96368946e-08,2.39326261e-05,5.78088547e-06
1.67600000e+03,1.03982479e+02,8.57417443e-03,-3.44183319e-04,-6.97427233e-08,2.66593832e-03,7.12544246e-03,8.77727576e+01,8.56775416e-03,-2.67240334e-04,1.62097211e+01,6.42027065e-06,-7.69429846e-05,-6.93469947e-13,2.64468338e-03,7.12100265e-03,-6.97420298e-08,2.12549388e-05,4.43981547e-06
1.67700000e+03,1.03984105e+02,8.58799212e-03,-3.41332409e-04,-6.98791449e-08,2.64837454e-03,7.10011048e-03,8.77742786e+01,8.57888510e-03,-2.46797132e-04,1.62098261e+01,9.10701655e-06,-9.45352769e-05,-8.15563044e-13,2.62458914e-03,7.09677801e-03,-6.98783294e-08,2.37853994e-05,3.33247310e-06
1.67800000e+03,1.03984484e+02,8.45189477e-03,-2.93387586e-04,-7.00406948e-08,2.61641619e-03,7.00003129e-03,8.77747924e+01,8.44526342e-03,-2.13256826e-04,1.62096917e+01,6.63135055e-06,-8.01307605e-05,-9.36789442e-13,2.59437410e-03,6.99649769e-03,-7.00397581e-08,2.20420907e-05,3.53360029e-06
1.67900000e+03,1.03986091e+02,8.36219792e-03,-3.33913171e-04,-7.01338717e-08,2.59178973e-03,6.89370546e-03,8.77762938e+01,8.35496339e-03,-2.41903307e-04,1.62097968e+01,7.23453255e-06,-9.20098637e-05,-1.05289487e-12,2.56987352e-03,6.89246521e-03,-7.01328188e-08,2.19162079e-05,1.24024760e-06
1.68000000e+03,1.03986462e+02,8.13355313e-03,-1.63003286e-04,-7.03071464e-08,2.49196517e-03,6.70734609e-03,8.77767982e+01,8.12879328e-03,-8.74600023e-05,1.62096634e+01,4.75985005e-06,-7.55432833e-05,-1.22648708e-12,2.47236000e-03,6.70529309e-03,-7.03059199e-08,1.96051722e-05,2.05299281e-06
1.68100000e+03,1.03988051e+02,7.91605027e-03,-6.25300511e-05,-7.04406507e-08,2.39601710e-03,6.51881974e-03,8.77782823e+01,7.91061749e-03,3.26293238e-05,1.62097691e+01,5.43278036e-06,-9.51593750e-05,-1.30817414e-12,2.37263072e-03,6.51921835e-03,-7.04393425e-08,2.33863759e-05,-3.98609896e-07
1.68200000e+03,1.03988398e+02,7.52787579e-03,2.09549423e-05,-7.06040191e-08,2.31586799e-03,6.23899017e-03,8.77787623e+01,7.52427975e-03,9.66652883e-05,1.62096357e+01,3.59604108e-06,-7.57103459e-05,-1.44496263e-12,2.29716591e-03,6.23820317e-03,-7.06025741e-08,1.87020814e-05,7.86997218e-07
1.68300000e+03,1.03989966e+02,7.22177870e-03,2.10368670e-04,-7.07248981e-08,2.16195912e-03,5.97640148e-03,8.77802248e+01,7.21780408e-03,3.04817372e-04,1.62097415e+01,3.97461722e-06,-9.44487025e-05,-1.48780131e-12,2.13937060e-03,5.97857733e-03,-7.07234103e-08,2.25885235e-05,-2.17585341e-06
1.68400000e+03,1.03990283e+02,6.78332117e-03,4.60101554e-04,-7.08680570e-08,1.99868945e-03,5.63351313e-03,8.77806745e+01,6.77930487e-03,5.33551744e-04,1.62096085e+01,4.01630714e-06,-7.34501898e-05,-1.61306938e-12,1.98107243e-03,5.63371022e-03,-7.08664439e-08,1.76170262e-05,-1.97094542e-07
1.68500000e+03,1.03991819e+02,6.34220896e-03,6.75989184e-04,-7.10328509e-08,1.82677981e-03,5.27489484e-03,8.77821045e+01,6.33764614e-03,7.70586044e-04,1.62097147e+01,4.56282124e-06,-9.45968596e-05,-1.68782221e-12,1.80429223e-03,5.27780328e-03,-7.10311631e-08,2.24875852e-05,-2.90844438e-06
1.68600000e+03,1.03992104e+02,5.82970750e-03,8.75159459e-04,-7.12233763e-08,1.67606172e-03,4.88514707e-03,8.77825210e+01,5.82410479e-03,9.51461197e-04,1.62095825e+01,5.60271870e-06,-7.63017375e-05,-1.76737624e-12,1.65709617e-03,4.88509269e-03,-7.12216090e-08,1.89655507e-05,5.43808000e-08
1.68700000e+03,1.03993599e+02,5.37574462e-03,1.11879451e-03,-7.13597315e-08,1.48411056e-03,4.50927197e-03,8.77839093e+01,5.36677779e-03,1.21593386e-03,1.62096893e+01,8.96683411e-06,-9.71393473e-05,-1.76343820e-12,1.46070187e-03,4.51040520e-03,-7.13579680e-08,2.34086939e-05,-1.13322788e-06
1.68800000e+03,1.03993836e+02,4.84010844e-03,1.39080364e-03,-7.15070651e-08,1.29248085e-03,4.09389011e-03,8.77842782e+01,4.83648503e-03,1.46698843e-03,1.62095580e+01,3.62340839e-06,-7.61847928e-05,-1.84211076e-12,1.27357439e-03,4.09602881e-03,-7.15052230e-08,1.89064640e-05,-2.13869256e-06
1.68900000e+03,1.03995288e+02,4.27041227e-03,1.65830268e-03,-7.16795732e-08,1.09189484e-03,3.63517133e-03,8.77856231e+01,4.25864823e-03,1.75720963e-03,1.62096653e+01,1.17640397e-05,-9.89069467e-05,-1.95294865e-12,1.06798251e-03,3.63592268e-03,-7.16776202e-08,2.39123269e-05,-7.51343628e-07
1.69000000e+03,1.03995478e+02,3.68055024e-03,1.87436729e-03,-7.18381659e-08,9.22014010e-04,3.19277034e-03,8.77859432e+01,3.67270325e-03,1.95411731e-03,1.62095349e+01,7.84698557e-06,-7.97500175e-05,-1.93682735e-12,9.01339328e-04,3.19312100e-03,-7.18362291e-08,2.06746827e-05,-3.50658346e-07
1.69100000e+03,1.03996876e+02,3.14379675e-03,2.12582509e-03,-7.20397706e-08,7.27695157e-04,2.75795345e-03,8.77872327e+01,3.12994207e-03,2.22425013e-03,1.62096432e+01,1.38546798e-05,-9.84250327e-05,-1.93149489e-12,7.04135484e-04,2.75765816e-03,-7.20378391e-08,2.35596726e-05,2.95288917e-07
1.69200000e+03,1.03997009e+02,2.56787870e-03,2.44158026e-03,-7.22138235e-08,5.22938315e-04,2.31287475e-03,8.77874958e+01,2.55128422e-03,2.51959707e-03,1.62095130e+01,1.65944781e-05,-7.80168059e-05,-2.03768973e-12,5.03090764e-04,2.30940363e-03,-7.22117858e-08,1.98475515e-05,3.47112005e-06
1.69300000e+03,1.03998350e+02,2.11825844e-03,2.70454878e-03,-7.24933707e-08,3.24313382e-04,1.91289465e-03,8.77887285e+01,2.09897100e-03,2.80783811e-03,1.62096218e+01,1.92874386e-05,-1.03289330e-04,-1.99844511e-12,2.98011247e-04,1.90993854e-03,-7.24913722e-08,2.63021347e-05,2.95611289e-06
1.69400000e+03,1.03998436e+02,1.55091789e-03,2.89815611e-03,-7.27455623e-08,1.77494489e-04,1.48027847e-03,8.77889445e+01,1.52914573e-03,2.97936866e-03,1.62094916e+01,2.17721686e-05,-8.12125468e-05,-2.00830381e-12,1.56380566e-04,1.47395091e-03,-7.27435540e-08,2.11139227e-05,6.32756144e-06
1.69500000e+03,1.03999729e+02,1.07332801e-03,3.17535332e-03,-7.29579374e-08,-2.55741395e-05,1.07835563e-03,8.77901298e+01,1.04383909e-03,3.28311774e-03,1.62095995e+01,2.94889202e-05,-1.07764421e-04,-2.06899761e-12,-5.40428460e-05,1.06972742e-03,-7.29558684e-08,2.84687066e-05,8.62820446e-06
1.69600000e+03,1.03999760e+02,6.43992292e-04,3.37925679e-03,-7.31947068e-08,-1.72599020e-04,7.11685295e-04,8.77902894e+01,6.15966411e-04,3.46443700e-03,1.62094702e+01,2.80258812e-05,-8.51802103e-05,-2.08495340e-12,-1.95805914e-04,7.01294882e-04,-7.31926219e-08,2.32068944e-05,1.03904125e-05
1.69700000e+03,1.04001012e+02,2.63566013e-04,3.56644035e-03,-7.34302204e-08,-3.32065704e-04,3.61560131e-04,8.77914329e+01,2.27724972e-04,3.67619084e-03,1.62095791e+01,3.58410403e-05,-1.09750496e-04,-2.13534862e-12,-3.62033304e-04,3.50179990e-04,-7.34280851e-08,2.99676007e-05,1.13801414e-05
1.69800000e+03,1.04001015e+02,-1.43190471e-04,3.73977602e-03,-7.36067075e-08,-4.55034061e-04,6.23624928e-06,8.77915644e+01,-1.79409744e-04,3.82616827e-03,1.62094501e+01,3.62192733e-05,-8.63922462e-05,-2.15779970e-12,-4.79004852e-04,-8.66059880e-06,-7.36045497e-08,2.39707903e-05,1.48968481e-05
1.69900000e+03,1.04002228e+02,-4.80630200e-04,3.93060372e-03,-7.37729189e-08,-6.10253557e-04,-3.25048714e-04,8.77926687e+01,-5.25086485e-04,4.04382157e-03,1.62095589e+01,4.44562852e-05,-1.13217850e-04,-2.10012893e-12,-6.41775811e-04,-3.41715524e-04,-7.37708188e-08,3.15222535e-05,1.66668105e-05
1.70000000e+03,1.04002197e+02,-7.89336013e-04,4.06003681e-03,-7.39038066e-08,-7.16604816e-04,-6.33341615e-04,8.77927665e+01,-8.35800087e-04,4.15079745e-03,1.62094304e+01,4.64640745e-05,-9.07606413e-05,-2.15372005e-12,-7.43500221e-04,-6.53823129e-04,-7.39016529e-08,2.68954043e-05,2.04815141e-05
1.70100000e+03,1.04003396e+02,-1.04356903e-03,4.22994285e-03,-7.40668121e-08,-8.57966549e-04,-9.23889328e-04,8.77938561e+01,-1.09720049e-03,4.34540340e-03,1.62095400e+01,5.36314618e-05,-1.15460547e-04,-2.25045828e-12,-8.91025311e-04,-9.45768615e-04,-7.40645616e-08,3.30587628e-05,2.18792868e-05
1.70200000e+03,1.04003350e+02,-1.38040944e-03,4.34737866e-03,-7.41040648e-08,-9.66165570e-04,-1.24527935e-03,8.77939382e+01,-1.43394177e-03,4.44290689e-03,1.62094116e+01,5.35323290e-05,-9.55282323e-05,-2.18823717e-12,-9.95209119e-04,-1.27038278e-03,-7.41018766e-08,2.90435491e-05,2.51034283e-05
1.70300000e+03,1.04004528e+02,-1.64941953e-03,4.45499663e-03,-7.41988035e-08,-1.08450563e-03,-1.53473299e-03,8.77950058e+01,-1.70806420e-03,4.57576589e-03,1.62095217e+01,5.86446698e-05,-1.20769264e-04,-2.19534149e-12,-1.12040613e-03,-1.56048886e-03,-7.41966082e-08,3.59005004e-05,2.57558672e-05
1.70400000e+03,1.04004478e+02,-1.98354886e-03,4.59643131e-03,-7.42664484e-08,-1.19393330e-03,-1.86231905e-03,8.77950831e+01,-2.04334886e-03,4.69318525e-03,1.62093948e+01,5.98000050e-05,-9.67539455e-05,-2.31092607e-12,-1.22432901e-03,-1.89216865e-03,-7.42641375e-08,3.03957078e-05,2.98495969e-05
1.70500000e+03,1.04005667e+02,-2.25364818e-03,4.72475841e-03,-7.43585031e-08,-1.32108185e-03,-2.16113316e-03,8.77961612e+01,-2.31832893e-03,4.84567836e-03,1.62095057e+01,6.46807508e-05,-1.20919953e-04,-2.30573835e-12,-1.35715383e-03,-2.19107561e-03,-7.43561974e-08,3.60719813e-05,2.99424497e-05
1.70600000e+03,1.04005631e+02,-2.62156434e-03,4.85346463e-03,-7.43343662e-08,-1.44273915e-03,-2.49067900e-03,8.77962516e+01,-2.68671916e-03,4.95400871e-03,1.62093796e+01,6.51548234e-05,-1.00544080e-04,-2.30811579e-12,-1.47592033e-03,-2.52416977e-03,-7.43320581e-08,3.31811724e-05,3.34907744e-05
1.70700000e+03,1.04006833e+02,-2.93723335e-03,4.98761887e-03,-7.43094972e-08,-1.56322889e-03,-2.80256638e-03,8.77973421e+01,-3.00471571e-03,5.11059197e-03,1.62094911e+01,6.74823643e-05,-1.22973107e-04,-2.39018841e-12,-1.60093620e-03,-2.83525941e-03,-7.43071070e-08,3.77073130e-05,3.26930304e-05
1.70800000e+03,1.04006819e+02,-3.34448262e-03,5.13770205e-03,-7.41934546e-08,-1.68428764e-03,-3.16539828e-03,8.77974530e+01,-3.41125693e-03,5.24003790e-03,1.62093660e+01,6.67743120e-05,-1.02335849e-04,-2.42621711e-12,-1.71846385e-03,-3.20109686e-03,-7.41910283e-08,3.41762173e-05,3.56985879e-05
1.70900000e+03,1.04008059e+02,-3.68966789e-03,5.26189233e-03,-7.41864121e-08,-1.81425356e-03,-3.48499221e-03,8.77985803e+01,-3.75948167e-03,5.38437684e-03,1.62094786e+01,6.98137819e-05,-1.22484507e-04,-2.52321561e-12,-1.85183303e-03,-3.52011940e-03,-7.41838888e-08,3.75794702e-05,3.51271872e-05
1.71000000e+03,1.04008085e+02,-4.16974161e-03,5.46372422e-03,-7.40980153e-08,-1.96598268e-03,-3.86152585e-03,8.77987314e+01,-4.23856302e-03,5.56820931e-03,1.62093537e+01,6.88214052e-05,-1.04485089e-04,-2.57186739e-12,-2.00178333e-03,-3.89885773e-03,-7.40954435e-08,3.58006551e-05,3.73318875e-05
1.71100000e+03,1.04009367e+02,-4.54072428e-03,5.57092208e-03,-7.39364865e-08,-2.08046575e-03,-4.20227661e-03,8.77998999e+01,-4.61102061e-03,5.69240013e-03,1.62094668e+01,7.02963283e-05,-1.21478052e-04,-2.53914376e-12,-2.11769002e-03,-4.23804833e-03,-7.39339474e-08,3.72242762e-05,3.57717178e-05
1.71200000e+03,1.04009448e+02,-5.00113312e-03,5.80387595e-03,-7.37749019e-08,-2.24751951e-03,-4.58471260e-03,8.78001061e+01,-5.06988440e-03,5.90675739e-03,1.62093423e+01,6.87512744e-05,-1.02881433e-04,-2.65305118e-12,-2.28256765e-03,-4.62270147e-03,-7.37722489e-08,3.50481381e-05,3.79888698e-05
1.71300000e+03,1.04010800e+02,-5.43224591e-03,5.97459028e-03,-7.36223756e-08,-2.39216104e-03,-4.94519202e-03,8.78013443e+01,-5.50064803e-03,6.09636936e-03,1.62094553e+01,6.84021194e-05,-1.21779083e-04,-2.77084273e-12,-2.42916904e-03,-4.98038950e-03,-7.36196047e-08,3.70079994e-05,3.51974758e-05
1.71400000e+03,1.04010940e+02,-5.93208680e-03,6.15279924e-03,-7.34115388e-08,-2.53878082e-03,-5.33739914e-03,8.78016095e+01,-5.99684597e-03,6.25462600e-03,1.62093308e+01,6.47591713e-05,-1.01826762e-04,-2.77523332e-12,-2.57247912e-03,-5.37316665e-03,-7.34087636e-08,3.36983058e-05,3.57675024e-05
1.71500000e+03,1.04012343e+02,-6.32918642e-03,6.29806288e-03,-7.31276238e-08,-2.67679591e-03,-5.68686129e-03,8.78028985e+01,-6.39638125e-03,6.41736621e-03,1.62094444e+01,6.71948376e-05,-1.19303332e-04,-2.88942155e-12,-2.71238457e-03,-5.72211509e-03,-7.31247344e-08,3.55886575e-05,3.52538065e-05
1.71600000e+03,1.04012537e+02,-6.81360906e-03,6.53625236e-03,-7.28810686e-08,-2.83427789e-03,-6.06239348e-03,8.78032156e+01,-6.88098109e-03,6.63588394e-03,1.62093213e+01,6.73720283e-05,-9.96315851e-05,-3.02613220e-12,-2.86680768e-03,-6.10027155e-03,-7.28780424e-08,3.25297899e-05,3.78780659e-05
1.71700000e+03,1.04013992e+02,-7.16530256e-03,6.66177655e-03,-7.26534712e-08,-2.95869649e-03,-6.36953591e-03,8.78045558e+01,-7.23207805e-03,6.77968214e-03,1.62094360e+01,6.67754925e-05,-1.17905584e-04,-3.04041361e-12,-2.99322175e-03,-6.40494692e-03,-7.26504308e-08,3.45252623e-05,3.54110074e-05
1.71800000e+03,1.04014240e+02,-7.61710227e-03,6.85187597e-03,-7.23796040e-08,-3.10428606e-03,-6.70892711e-03,8.78049270e+01,-7.68526094e-03,6.95011379e-03,1.62093128e+01,6.81586711e-05,-9.82378194e-05,-3.17319445e-12,-3.13612621e-03,-6.74769406e-03,-7.23764308e-08,3.18401548e-05,3.87669467e-05
1.71900000e+03,1.04015742e+02,-7.85844732e-03,6.96482509e-03,-7.20470380e-08,-3.20736288e-03,-6.93604851e-03,8.78063145e+01,-7.92261834e-03,7.08280032e-03,1.62094276e+01,6.41710254e-05,-1.17975230e-04,-3.27230513e-12,-3.24240590e-03,-6.97121251e-03,-7.20437657e-08,3.50430273e-05,3.51640007e-05
1.72000000e+03,1.04016029e+02,-8.20374470e-03,7.14047027e-03,-7.16838902e-08,-3.32381797e-03,-7.19813269e-03,8.78067236e+01,-8.26865043e-03,7.24083813e-03,1.62093052e+01,6.49057238e-05,-1.00367857e-04,-3.24289924e-12,-3.35677669e-03,-7.23640408e-03,-7.16806473e-08,3.29587243e-05,3.82713816e-05
1.72100000e+03,1.04017576e+02,-8.40843432e-03,7.14595076e-03,-7.13195952e-08,-3.37109160e-03,-7.37585921e-03,8.78081561e+01,-8.47215168e-03,7.26547122e-03,1.62094202e+01,6.37173504e-05,-1.19520459e-04,-3.45460992e-12,-3.40711702e-03,-7.41149673e-03,-7.13161405e-08,3.60254143e-05,3.56375179e-05
1.72200000e+03,1.04017905e+02,-8.65089290e-03,7.26256826e-03,-7.09645985e-08,-3.44887722e-03,-7.54639813e-03,8.78086064e+01,-8.71586406e-03,7.36462942e-03,1.62092985e+01,6.49711587e-05,-1.02061159e-04,-3.56005519e-12,-3.48327528e-03,-7.58574445e-03,-7.09610384e-08,3.43980541e-05,3.93463208e-05
1.72300000e+03,1.04019469e+02,-8.71996407e-03,7.25939354e-03,-7.06005268e-08,-3.46909091e-03,-7.61596249e-03,8.78100560e+01,-8.77967273e-03,7.37818837e-03,1.62094130e+01,5.97086670e-05,-1.18794834e-04,-3.55483520e-12,-3.50501385e-03,-7.65071288e-03,-7.05969720e-08,3.59229441e-05,3.47503830e-05
1.72400000e+03,1.04019805e+02,-8.88432843e-03,7.33179915e-03,-7.01828350e-08,-3.51584701e-03,-7.72218780e-03,8.78105133e+01,-8.94367605e-03,7.43460059e-03,1.62092918e+01,5.93476179e-05,-1.02801443e-04,-3.66671134e-12,-3.55146559e-03,-7.76027115e-03,-7.01791683e-08,3.56185820e-05,3.80833509e-05
1.72500000e+03,1.04021385e+02,-8.87286649e-03,7.26651878e-03,-6.99011431e-08,-3.48710148e-03,-7.71274985e-03,8.78119778e+01,-8.92953012e-03,7.38843156e-03,1.62094077e+01,5.66636297e-05,-1.21912777e-04,-3.82083515e-12,-3.52510500e-03,-7.74675108e-03,-6.98973223e-08,3.80035248e-05,3.40012337e-05
1.72600000e+03,1.04021723e+02,-8.93514047e-03,7.26664635e-03,-6.95472273e-08,-3.47687677e-03,-7.72366647e-03,8.78124363e+01,-8.98903903e-03,7.37052425e-03,1.62092862e+01,5.38985629e-05,-1.03877898e-04,-3.70666668e-12,-3.51328440e-03,-7.76020077e-03,-6.95435207e-08,3.64076264e-05,3.65343007e-05
1.72700000e+03,1.04023286e+02,-8.85704390e-03,7.16184965e-03,-6.92429946e-08,-3.42022304e-03,-7.64496562e-03,8.78138834e+01,-8.90737019e-03,7.27926550e-03,1.62094024e+01,5.03262961e-05,-1.17415855e-04,-3.78137831e-12,-3.45664307e-03,-7.67681408e-03,-6.92392132e-08,3.64200341e-05,3.18484606e-05
1.72800000e+03,1.04023605e+02,-8.77906851e-03,7.15485351e-03,-6.88661142e-08,-3.38860889e-03,-7.56473172e-03,8.78143236e+01,-8.82431685e-03,7.25343049e-03,1.62092813e+01,4.52483371e-05,-9.85769763e-05,-3.81566898e-12,-3.42304416e-03,-7.59730873e-03,-6.88622985e-08,3.44352738e-05,3.25770155e-05
1.72900000e+03,1.04025146e+02,-8.56685242e-03,7.04351115e-03,-6.85882978e-08,-3.30669728e-03,-7.39350636e-03,8.78157487e+01,-8.60827185e-03,7.16147296e-03,1.62093972e+01,4.14194255e-05,-1.17961812e-04,-3.82557045e-12,-3.34370979e-03,-7.42169762e-03,-6.85844722e-08,3.70125092e-05,2.81912622e-05
1.73000000e+03,1.04025435e+02,-8.44784040e-03,6.95943489e-03,-6.83088227e-08,-3.23427702e-03,-7.24588576e-03,8.78161600e+01,-8.48281441e-03,7.05615732e-03,1.62092752e+01,3.49740144e-05,-9.67224300e-05,-3.86672073e-12,-3.26812350e-03,-7.27464317e-03,-6.83049560e-08,3.38464819e-05,2.87574128e-05
1.73100000e+03,1.04026940e+02,-8.21473691e-03,6.83486356e-03,-6.80313239e-08,-3.13199628e-03,-7.03507126e-03,8.78175498e+01,-8.24618821e-03,6.94710505e-03,1.62093903e+01,3.14512971e-05,-1.12241488e-04,-3.90405054e-12,-3.16609161e-03,-7.05920098e-03,-6.80274198e-08,3.40953214e-05,2.41297163e-05
1.73200000e+03,1.04027188e+02,-7.99554691e-03,6.76198155e-03,-6.78114532e-08,-3.05205834e-03,-6.82308759e-03,8.78179208e+01,-8.01926300e-03,6.85775234e-03,1.62092675e+01,2.37160913e-05,-9.57707822e-05,-3.87780106e-12,-3.08537996e-03,-6.84586198e-03,-6.78075754e-08,3.33216190e-05,2.27743925e-05
1.73300000e+03,1.04028656e+02,-7.71066425e-03,6.57578642e-03,-6.75975734e-08,-2.92278645e-03,-6.57554891e-03,8.78192740e+01,-7.73154624e-03,6.68488800e-03,1.62093822e+01,2.08819885e-05,-1.09101581e-04,-3.98172715e-12,-2.95541291e-03,-6.59449461e-03,-6.75935917e-08,3.26264591e-05,1.89456964e-05
1.73400000e+03,1.04028870e+02,-7.51452707e-03,6.49795238e-03,-6.74283152e-08,-2.82815740e-03,-6.34280981e-03,8.78196117e+01,-7.52966035e-03,6.58785167e-03,1.62092582e+01,1.51332825e-05,-8.98992873e-05,-3.99956951e-12,-2.85886091e-03,-6.36167113e-03,-6.74243157e-08,3.07035090e-05,1.88613212e-05
1.73500000e+03,1.04030296e+02,-7.18033700e-03,6.34526738e-03,-6.72524695e-08,-2.69782745e-03,-6.05524517e-03,8.78209251e+01,-7.19255585e-03,6.45090024e-03,1.62093707e+01,1.22188473e-05,-1.05632863e-04,-4.06125481e-12,-2.72860165e-03,-6.06960223e-03,-6.72484082e-08,3.07742037e-05,1.43570604e-05
1.73600000e+03,1.04030471e+02,-6.93784753e-03,6.27319908e-03,-6.71341459e-08,-2.60956562e-03,-5.80304956e-03,8.78212248e+01,-6.93986544e-03,6.35858903e-03,1.62092457e+01,2.01791527e-06,-8.53899477e-05,-4.07726310e-12,-2.63782860e-03,-5.81512001e-03,-6.71300686e-08,2.82629823e-05,1.20704441e-05
1.73700000e+03,1.04031869e+02,-6.68578347e-03,6.16062662e-03,-6.69686837e-08,-2.50155832e-03,-5.54049268e-03,8.78225116e+01,-6.69083514e-03,6.26468275e-03,1.62093575e+01,5.05167379e-06,-1.04056129e-04,-4.20554859e-12,-2.53146897e-03,-5.55091421e-03,-6.69644781e-08,2.99106467e-05,1.04215268e-05
1.73800000e+03,1.04032021e+02,-6.43301273e-03,6.03803909e-03,-6.68747704e-08,-2.38555002e-03,-5.26241538e-03,8.78227891e+01,-6.42757855e-03,6.12032134e-03,1.62092319e+01,-5.43418327e-06,-8.22822572e-05,-4.14758372e-12,-2.41181529e-03,-5.27012910e-03,-6.68706228e-08,2.62652733e-05,7.71372496e-06
1.73900000e+03,1.04033392e+02,-6.09393935e-03,5.92316173e-03,-6.66586826e-08,-2.27441022e-03,-4.96052274e-03,8.78240495e+01,-6.08579356e-03,6.02265998e-03,1.62093423e+01,-8.14579561e-06,-9.94982492e-05,-4.21504993e-12,-2.30190559e-03,-4.96426082e-03,-6.66544676e-08,2.74953726e-05,3.73808208e-06
1.74000000e+03,1.04033521e+02,-5.86810763e-03,5.86664155e-03,-6.65658395e-08,-2.18293194e-03,-4.69257751e-03,8.78243059e+01,-5.84990070e-03,5.94301389e-03,1.62092156e+01,-1.82069304e-05,-7.63723382e-05,-4.25200550e-12,-2.20599125e-03,-4.69333289e-03,-6.65615875e-08,2.30593088e-05,7.55380244e-07
1.74100000e+03,1.04034877e+02,-5.56206479e-03,5.76782226e-03,-6.63632267e-08,-2.09078887e-03,-4.40011748e-03,8.78255504e+01,-5.54370964e-03,5.86342017e-03,1.62093262e+01,-1.83551513e-05,-9.55979099e-05,-4.32659125e-12,-2.11563212e-03,-4.39665160e-03,-6.63589001e-08,2.48432505e-05,-3.46588620e-06
1.74200000e+03,1.04034988e+02,-5.29620020e-03,5.69342607e-03,-6.63256433e-08,-2.00230670e-03,-4.13065144e-03,8.78257894e+01,-5.26673523e-03,5.76437434e-03,1.62091984e+01,-2.94649673e-05,-7.09482611e-05,-4.26047381e-12,-2.02252365e-03,-4.12462066e-03,-6.63213828e-08,2.02169558e-05,-6.03077378e-06
1.74300000e+03,1.04036326e+02,-4.98263203e-03,5.65826670e-03,-6.61486068e-08,-1.92836944e-03,-3.83920296e-03,8.78270179e+01,-4.95087294e-03,5.74991336e-03,1.62093078e+01,-3.17590944e-05,-9.16466577e-05,-4.28750350e-12,-1.95098815e-03,-3.82859235e-03,-6.61443193e-08,2.26187113e-05,-1.06106126e-05
1.74400000e+03,1.04036428e+02,-4.74638783e-03,5.56556890e-03,-6.60927368e-08,-1.83339481e-03,-3.58418830e-03,8.78272476e+01,-4.70525885e-03,5.63243432e-03,1.62091799e+01,-4.11289809e-05,-6.68654158e-05,-4.34073003e-12,-1.85078659e-03,-3.57032999e-03,-6.60883961e-08,1.73917770e-05,-1.38583132e-05
1.74500000e+03,1.04037767e+02,-4.44261167e-03,5.48636290e-03,-6.58505219e-08,-1.76219781e-03,-3.32175023e-03,8.78284786e+01,-4.40558357e-03,5.57485777e-03,1.62092889e+01,-3.70281003e-05,-8.84948659e-05,-4.39007461e-12,-1.78286487e-03,-3.30688999e-03,-6.58461318e-08,2.06670686e-05,-1.48602397e-05
1.74600000e+03,1.04037867e+02,-4.19150921e-03,5.42190033e-03,-6.57973924e-08,-1.66979831e-03,-3.05969963e-03,8.78287077e+01,-4.14322838e-03,5.48675081e-03,1.62091594e+01,-4.82808331e-05,-6.48504798e-05,-4.41738800e-12,-1.68539801e-03,-3.04057510e-03,-6.57929751e-08,1.55997011e-05,-1.91245293e-05
1.74700000e+03,1.04039200e+02,-3.89248698e-03,5.35535175e-03,-6.55770807e-08,-1.60497985e-03,-2.80661259e-03,8.78299323e+01,-3.84692055e-03,5.44261559e-03,1.62092679e+01,-4.55664297e-05,-8.72638474e-05,-4.41592054e-12,-1.62409475e-03,-2.78617300e-03,-6.55726647e-08,1.91149053e-05,-2.04395932e-05
1.74800000e+03,1.04039303e+02,-3.63203364e-03,5.21783487e-03,-6.54895326e-08,-1.50068427e-03,-2.56289397e-03,8.78301646e+01,-3.57441169e-03,5.27642642e-03,1.62091382e+01,-5.76219410e-05,-5.85915442e-05,-4.45195553e-12,-1.51279822e-03,-2.53719063e-03,-6.54850807e-08,1.21139518e-05,-2.57033368e-05
1.74900000e+03,1.04040647e+02,-3.36419830e-03,5.19135468e-03,-6.52460039e-08,-1.45355858e-03,-2.34301481e-03,8.78314015e+01,-3.31260895e-03,5.27603415e-03,1.62092458e+01,-5.15893557e-05,-8.46794691e-05,-4.57210551e-12,-1.47082579e-03,-2.31693648e-03,-6.52414318e-08,1.72672043e-05,-2.60783278e-05
1.75000000e+03,1.04040756e+02,-3.13072742e-03,5.06533369e-03,-6.51357849e-08,-1.34973305e-03,-2.12280110e-03,8.78316402e+01,-3.07037034e-03,5.12413657e-03,1.62091157e+01,-6.03570848e-05,-5.88028775e-05,-4.54718123e-12,-1.36069850e-03,-2.09379767e-03,-6.51312378e-08,1.09654430e-05,-2.90034284e-05
1.75100000e+03,1.04042106e+02,-2.79928956e-03,4.99166169e-03,-6.48596515e-08,-1.29731873e-03,-1.87211494e-03,8.78328829e+01,-2.73795156e-03,5.07455753e-03,1.62092227e+01,-6.13379995e-05,-8.28958350e-05,-4.59022019e-12,-1.31264110e-03,-1.83982623e-03,-6.48550612e-08,1.53223678e-05,-3.22887117e-05
1.75200000e+03,1.04042228e+02,-2.59197702e-03,4.87827015e-03,-6.46726500e-08,-1.20918049e-03,-1.66943566e-03,8.78331353e+01,-2.52822310e-03,4.93269578e-03,1.62090927e+01,-6.37539170e-05,-5.44256291e-05,-4.61120577e-12,-1.21728610e-03,-1.63620632e-03,-6.46680388e-08,8.10561139e-06,-3.32293402e-05
1.75300000e+03,1.04043590e+02,-2.22385206e-03,4.81619204e-03,-6.43159500e-08,-1.15456030e-03,-1.42559400e-03,8.78343901e+01,-2.16104953e-03,4.89864907e-03,1.62092000e+01,-6.28025309e-05,-8.24570267e-05,-4.66153326e-12,-1.16889870e-03,-1.39031484e-03,-6.43112885e-08,1.43384083e-05,-3.52791693e-05
1.75400000e+03,1.04043719e+02,-2.00076991e-03,4.66124474e-03,-6.41878875e-08,-1.04681966e-03,-1.22281344e-03,8.78346489e+01,-1.93506777e-03,4.71824702e-03,1.62090698e+01,-6.57021426e-05,-5.70022849e-05,-4.59217299e-12,-1.05551516e-03,-1.18816844e-03,-6.41832954e-08,8.69549356e-06,-3.46450047e-05
1.75500000e+03,1.04045087e+02,-1.68022602e-03,4.58932483e-03,-6.39086834e-08,-9.92386548e-04,-9.84681006e-04,8.78359095e+01,-1.61620438e-03,4.66968631e-03,1.62091775e+01,-6.40216470e-05,-8.03614839e-05,-4.61700056e-12,-1.00474679e-03,-9.47104158e-04,-6.39040664e-08,1.23602433e-05,-3.75768479e-05
1.75600000e+03,1.04045221e+02,-1.37327386e-03,4.47299899e-03,-6.37244170e-08,-9.13953015e-04,-7.67634429e-04,8.78361725e+01,-1.30845631e-03,4.53025469e-03,1.62090483e+01,-6.48175507e-05,-5.72557073e-05,-4.68203368e-12,-9.22620403e-04,-7.31053448e-04,-6.37197349e-08,8.66738764e-06,-3.65809810e-05
1.75700000e+03,1.04046597e+02,-9.70394539e-04,4.34247855e-03,-6.34281420e-08,-8.25131691e-04,-5.17905222e-04,8.78374403e+01,-9.09573845e-04,4.42871245e-03,1.62091570e+01,-6.08206942e-05,-8.62339057e-05,-4.59712356e-12,-8.40851673e-04,-4.81313921e-04,-6.34235449e-08,1.57199816e-05,-3.65913006e-05
1.75800000e+03,1.04046743e+02,-6.75625246e-04,4.15442212e-03,-6.32478605e-08,-6.92781699e-04,-2.83024918e-04,8.78377146e+01,-6.09137800e-04,4.21523948e-03,1.62090289e+01,-6.64874461e-05,-6.08173535e-05,-4.60216849e-12,-7.02862489e-04,-2.45348405e-04,-6.32432583e-08,1.00807903e-05,-3.76765122e-05
1.75900000e+03,1.04048127e+02,-2.82352213e-04,4.04148004e-03,-6.29858434e-08,-6.22050684e-04,-2.52958283e-05,8.78389890e+01,-2.23593773e-04,4.12873895e-03,1.62091385e+01,-5.87584401e-05,-8.72589096e-05,-4.65304533e-12,-6.37215191e-04,1.15981696e-05,-6.29811903e-08,1.51645065e-05,-3.68939979e-05
1.76000000e+03,1.04048275e+02,1.11758761e-04,3.83847553e-03,-6.27712749e-08,-5.02343322e-04,2.32109223e-04,8.78392629e+01,1.70551727e-04,3.90082289e-03,1.62090118e+01,-5.87929666e-05,-6.23473581e-05,-4.65156187e-12,-5.13442555e-04,2.66915419e-04,-6.27666233e-08,1.10992326e-05,-3.48061954e-05
1.76100000e+03,1.04049653e+02,6.33305205e-04,3.67605354e-03,-6.24843844e-08,-3.82810874e-04,5.52877299e-04,8.78405300e+01,6.89833787e-04,3.76624017e-03,1.62091235e+01,-5.65285819e-05,-9.01866355e-05,-4.59177107e-12,-3.99960302e-04,5.89418729e-04,-6.24797926e-08,1.71494280e-05,-3.65414291e-05
1.76200000e+03,1.04049792e+02,9.91247474e-04,3.45722911e-03,-6.23285747e-08,-2.44401869e-04,8.07391018e-04,8.78407937e+01,1.04800831e-03,3.52368715e-03,1.62089987e+01,-5.67608313e-05,-6.64580357e-05,-4.60255764e-12,-2.57513450e-04,8.41087661e-04,-6.23239722e-08,1.31115808e-05,-3.36966431e-05
1.76300000e+03,1.04051162e+02,1.49182779e-03,3.29093684e-03,-6.21402147e-08,-1.37412600e-04,1.12026348e-03,8.78420498e+01,1.54222368e-03,3.38342263e-03,1.62091119e+01,-5.03958967e-05,-9.24857873e-05,-4.57398905e-12,-1.55511189e-04,1.15337172e-03,-6.21356407e-08,1.80985895e-05,-3.31082418e-05
1.76400000e+03,1.04051287e+02,1.94325966e-03,3.07698486e-03,-6.20356987e-08,5.95550033e-06,1.41883041e-03,8.78422981e+01,1.99013612e-03,3.14521372e-03,1.62089889e+01,-4.68764607e-05,-6.82288611e-05,-4.64955899e-12,-8.97860669e-06,1.44808641e-03,-6.20310491e-08,1.49341070e-05,-2.92559922e-05
1.76500000e+03,1.04052641e+02,2.48433202e-03,2.87125604e-03,-6.18436513e-08,1.48740482e-04,1.75094827e-03,8.78435375e+01,2.53012413e-03,2.96899276e-03,1.62091032e+01,-4.57921069e-05,-9.77367133e-05,-4.55084755e-12,1.27490764e-04,1.78118496e-03,-6.18391004e-08,2.12497174e-05,-3.02366871e-05
1.76600000e+03,1.04052764e+02,2.84672446e-03,2.63715483e-03,-6.17152162e-08,2.93164365e-04,2.02456998e-03,8.78437833e+01,2.89267266e-03,2.71026031e-03,1.62089802e+01,-4.59482017e-05,-7.31054771e-05,-4.49220460e-12,2.75346684e-04,2.05209322e-03,-6.17107240e-08,1.78176816e-05,-2.75232405e-05
1.76700000e+03,1.04054109e+02,3.26934160e-03,2.47301404e-03,-6.15867087e-08,4.19924980e-04,2.31717095e-03,8.78450145e+01,3.30818824e-03,2.57530715e-03,1.62090945e+01,-3.88466417e-05,-1.02293108e-04,-4.56047207e-12,3.95301058e-04,2.34301372e-03,-6.15821482e-08,2.46239214e-05,-2.58427711e-05
1.76800000e+03,1.04054205e+02,3.62292758e-03,2.25974569e-03,-6.14535083e-08,5.67929617e-04,2.57617986e-03,8.78452330e+01,3.66011921e-03,2.33370442e-03,1.62089718e+01,-3.71916278e-05,-7.39587233e-05,-4.47241566e-12,5.48679020e-04,2.59801984e-03,-6.14490359e-08,1.92505962e-05,-2.18399742e-05
1.76900000e+03,1.04055529e+02,4.06907235e-03,2.12129111e-03,-6.13205933e-08,6.84138540e-04,2.88870146e-03,8.78464425e+01,4.10358689e-03,2.22472628e-03,1.62090865e+01,-3.45145372e-05,-1.03435165e-04,-4.43668289e-12,6.58409143e-04,2.91065853e-03,-6.13161566e-08,2.57293974e-05,-2.19570737e-05
1.77000000e+03,1.04055607e+02,4.21936057e-03,1.96507047e-03,-6.12228826e-08,8.06703072e-04,3.07717782e-03,8.78466437e+01,4.25545398e-03,2.04278455e-03,1.62089632e+01,-3.60934108e-05,-7.77140790e-05,-4.43835983e-12,7.85057836e-04,3.09692585e-03,-6.12184443e-08,2.16452362e-05,-1.97480358e-05
1.77100000e+03,1.04056902e+02,4.48977483e-03,1.87981576e-03,-6.11238830e-08,8.96666534e-04,3.30612755e-03,8.78478249e+01,4.51732722e-03,1.98465025e-03,1.62090769e+01,-2.75523893e-05,-1.04834490e-04,-4.31190269e-12,8.70025504e-04,3.32358803e-03,-6.11195711e-08,2.66410304e-05,-1.74604827e-05
1.77200000e+03,1.04056949e+02,4.69803668e-03,1.77519117e-03,-6.10696140e-08,9.87512685e-04,3.50948589e-03,8.78479956e+01,4.73221465e-03,1.85161403e-03,1.62089534e+01,-3.41779639e-05,-7.64228608e-05,-4.27174704e-12,9.65605226e-04,3.52732323e-03,-6.10653423e-08,2.19074592e-05,-1.78373387e-05
1.77300000e+03,1.04058228e+02,4.89607066e-03,1.76536464e-03,-6.09538423e-08,1.05297861e-03,3.70402034e-03,8.78491625e+01,4.92326356e-03,1.86860944e-03,1.62090658e+01,-2.71928953e-05,-1.03244805e-04,-4.25549678e-12,1.02663803e-03,3.72086632e-03,-6.09495868e-08,2.63405823e-05,-1.68459895e-05
1.77400000e+03,1.04058256e+02,4.90385196e-03,1.75109199e-03,-6.08708378e-08,1.09295984e-03,3.80110590e-03,8.78493151e+01,4.94049983e-03,1.82698289e-03,1.62089412e+01,-3.66478650e-05,-7.58908989e-05,-4.23831289e-12,1.07156157e-03,3.81927227e-03,-6.08665995e-08,2.13982696e-05,-1.81663730e-05
1.77500000e+03,1.04059498e+02,4.98841403e-03,1.82785303e-03,-6.08365826e-08,1.09606263e-03,3.92948530e-03,8.78504449e+01,5.01213406e-03,1.93148241e-03,1.62090530e+01,-2.37200327e-05,-1.03629386e-04,-4.17362803e-12,1.06896408e-03,3.94347854e-03,-6.08324090e-08,2.70985503e-05,-1.39932449e-05
1.77600000e+03,1.04059491e+02,5.00427583e-03,1.84582373e-03,-6.07842400e-08,1.12778708e-03,4.02809483e-03,8.78505639e+01,5.03511975e-03,1.92450178e-03,1.62089273e+01,-3.08439220e-05,-7.86780494e-05,-4.23501659e-12,1.10411887e-03,4.04337626e-03,-6.07800050e-08,2.36682059e-05,-1.52814290e-05
1.77700000e+03,1.04060714e+02,5.10134752e-03,1.87870944e-03,-6.07070063e-08,1.16035368e-03,4.13256139e-03,8.78516745e+01,5.11972363e-03,1.98287220e-03,1.62090391e+01,-1.83761175e-05,-1.04162759e-04,-4.12905450e-12,1.13361944e-03,4.14389496e-03,-6.07028772e-08,2.67342395e-05,-1.13335719e-05
1.77800000e+03,1.04060689e+02,5.05489902e-03,1.96194671e-03,-6.06026616e-08,1.12768297e-03,4.19002597e-03,8.78517776e+01,5.08261173e-03,2.04140194e-03,1.62089110e+01,-2.77127145e-05,-7.94552304e-05,-4.05385029e-12,1.10376824e-03,4.20307554e-03,-6.05986078e-08,2.39147273e-05,-1.30495620e-05
1.77900000e+03,1.04061890e+02,5.01690372e-03,2.06943188e-03,-6.05137066e-08,1.12119353e-03,4.23964369e-03,8.78528689e+01,5.03159874e-03,2.17463712e-03,1.62090212e+01,-1.46950220e-05,-1.05205242e-04,-4.15310977e-12,1.09379107e-03,4.24868357e-03,-6.05095535e-08,2.74024675e-05,-9.03987271e-06
1.78000000e+03,1.04061852e+02,5.04550382e-03,2.09985041e-03,-6.04131951e-08,1.12106820e-03,4.31816557e-03,8.78529584e+01,5.06725900e-03,2.18039142e-03,1.62088933e+01,-2.17551757e-05,-8.05410102e-05,-4.13464294e-12,1.09663599e-03,4.32794026e-03,-6.04090605e-08,2.44322081e-05,-9.77469153e-06
1.78100000e+03,1.04063048e+02,5.09112658e-03,2.18901425e-03,-6.03025427e-08,1.10208437e-03,4.39213971e-03,8.78540449e+01,5.10239222e-03,2.29753855e-03,1.62090031e+01,-1.12656417e-05,-1.08524302e-04,-4.11881200e-12,1.07294186e-03,4.39848368e-03,-6.02984239e-08,2.91425100e-05,-6.34397257e-06
1.78200000e+03,1.04063004e+02,5.07578778e-03,2.22542514e-03,-6.02074410e-08,1.10284717e-03,4.47161738e-03,8.78541289e+01,5.09470219e-03,2.30764978e-03,1.62088754e+01,-1.89144019e-05,-8.22246374e-05,-4.12767435e-12,1.07760957e-03,4.47865825e-03,-6.02033133e-08,2.52376015e-05,-7.04087487e-06
1.78300000e+03,1.04064197e+02,5.12744546e-03,2.26614570e-03,-6.00675394e-08,1.11591162e-03,4.55934287e-03,8.78552113e+01,5.13203969e-03,2.37479025e-03,1.62089860e+01,-4.59423143e-06,-1.08644549e-04,-4.18759811e-12,1.08656633e-03,4.56097349e-03,-6.00633518e-08,2.93452814e-05,-1.63061458e-06
1.78400000e+03,1.04064160e+02,5.24345706e-03,2.29541599e-03,-5.99397655e-08,1.10837320e-03,4.69410984e-03,8.78553009e+01,5.25289511e-03,2.37905903e-03,1.62088591e+01,-9.43805806e-06,-8.36430354e-05,-4.25360981e-12,1.08205007e-03,4.69485591e-03,-5.99355119e-08,2.63231220e-05,-7.46072520e-07
1.78500000e+03,1.04065368e+02,5.42210746e-03,2.29225375e-03,-5.98664518e-08,1.14485539e-03,4.85946701e-03,8.78563982e+01,5.41737571e-03,2.40345411e-03,1.62089701e+01,4.73174574e-06,-1.11200354e-04,-4.23093330e-12,1.11345136e-03,4.85478365e-03,-5.98622209e-08,3.14040294e-05,4.68336544e-06
1.78600000e+03,1.04065350e+02,5.61370400e-03,2.26037528e-03,-5.97285701e-08,1.18118332e-03,5.05307226e-03,8.78565057e+01,5.61333147e-03,2.34535921e-03,1.62088438e+01,3.72527301e-07,-8.49839310e-05,-4.24045204e-12,1.15353752e-03,5.04740499e-03,-5.97243296e-08,2.76457946e-05,5.66727108e-06
1.78700000e+03,1.04066583e+02,5.87679845e-03,2.22833780e-03,-5.96347575e-08,1.23438148e-03,5.26290660e-03,8.78576272e+01,5.86316997e-03,2.34210189e-03,1.62089557e+01,1.36284801e-05,-1.13764098e-04,-4.26482746e-12,1.20142629e-03,5.25188972e-03,-5.96304927e-08,3.29551943e-05,1.10168792e-05
1.78800000e+03,1.04066590e+02,6.16265367e-03,2.12300979e-03,-5.94414865e-08,1.30531157e-03,5.50689530e-03,8.78577612e+01,6.15922867e-03,2.21023179e-03,1.62088289e+01,3.42500015e-06,-8.72220003e-05,-4.35145433e-12,1.27699431e-03,5.49922323e-03,-5.94371350e-08,2.83172573e-05,7.67207921e-06
1.78900000e+03,1.04067850e+02,6.50266318e-03,1.99693480e-03,-5.93539882e-08,1.39877493e-03,5.75510697e-03,8.78589095e+01,6.48813964e-03,2.10916223e-03,1.62089410e+01,1.45235468e-05,-1.12227430e-04,-4.24797794e-12,1.36666411e-03,5.74421697e-03,-5.93497402e-08,3.21108255e-05,1.08900009e-05
1.79000000e+03,1.04067885e+02,6.80946410e-03,1.91569334e-03,-5.92605871e-08,1.45574911e-03,6.00197433e-03,8.78590713e+01,6.80438252e-03,2.00606572e-03,1.62088138e+01,5.08157261e-06,-9.03723861e-05,-4.36281715e-12,1.42507045e-03,5.99381501e-03,-5.92562243e-08,3.06786613e-05,8.15931739e-06
1.79100000e+03,1.04069170e+02,7.11807514e-03,1.79569185e-03,-5.92621549e-08,1.56581769e-03,6.22205813e-03,8.78602450e+01,7.10725708e-03,1.90809947e-03,1.62089250e+01,1.08180563e-05,-1.12407618e-04,-4.44909177e-12,1.53412643e-03,6.21425068e-03,-5.92577059e-08,3.16912580e-05,7.80745312e-06
1.79200000e+03,1.04069226e+02,7.34605360e-03,1.67505330e-03,-5.91650605e-08,1.61950438e-03,6.39589407e-03,8.78604278e+01,7.34205012e-03,1.76673226e-03,1.62087981e+01,4.00347940e-06,-9.16789593e-05,-4.40572141e-12,1.58864777e-03,6.38952631e-03,-5.91606547e-08,3.08566088e-05,6.36776197e-06
1.79300000e+03,1.04070536e+02,7.66220681e-03,1.55316904e-03,-5.91242577e-08,1.70210332e-03,6.59968025e-03,8.78616262e+01,7.64857474e-03,1.67065658e-03,1.62089098e+01,1.36320689e-05,-1.17487540e-04,-4.43060159e-12,1.66765379e-03,6.59020494e-03,-5.91198271e-08,3.44495362e-05,9.47530643e-06
1.79400000e+03,1.04070617e+02,7.89415461e-03,1.45221965e-03,-5.91113166e-08,1.76518688e-03,6.78632646e-03,8.78618336e+01,7.88902764e-03,1.54662783e-03,1.62087832e+01,5.12697197e-06,-9.44081756e-05,-4.44202722e-12,1.73359795e-03,6.78029702e-03,-5.91068746e-08,3.15889298e-05,6.02943721e-06
1.79500000e+03,1.04071950e+02,8.15052007e-03,1.30356627e-03,-5.90764868e-08,1.85284022e-03,6.93766879e-03,8.78630549e+01,8.13967362e-03,1.42176212e-03,1.62088949e+01,1.08464424e-05,-1.18195843e-04,-4.37318337e-12,1.81898856e-03,6.93049279e-03,-5.90721136e-08,3.38516659e-05,7.17599660e-06
1.79600000e+03,1.04072051e+02,8.28689345e-03,1.23602106e-03,-5.90850617e-08,1.86458622e-03,7.04469514e-03,8.78632821e+01,8.28124741e-03,1.32807832e-03,1.62087694e+01,5.64604284e-06,-9.20572572e-05,-4.43253264e-12,1.83408448e-03,7.03857170e-03,-5.90806292e-08,3.05017443e-05,6.12343328e-06
1.79700000e+03,1.04073401e+02,8.48217783e-03,1.17643109e-03,-5.90937310e-08,1.90923491e-03,7.15411437e-03,8.78645183e+01,8.46867319e-03,1.29691080e-03,1.62088826e+01,1.35046406e-05,-1.20479706e-04,-4.51614484e-12,1.87410428e-03,7.14674473e-03,-5.90892149e-08,3.51306281e-05,7.36964345e-06
1.79800000e+03,1.04073516e+02,8.55169309e-03,1.09270712e-03,-5.91086072e-08,1.93473499e-03,7.20584381e-03,8.78647586e+01,8.54022328e-03,1.18928097e-03,1.62087577e+01,1.14698186e-05,-9.65738478e-05,-4.44752724e-12,1.90274197e-03,7.19719435e-03,-5.91041597e-08,3.19930124e-05,8.64945753e-06
1.79900000e+03,1.04074875e+02,8.68453296e-03,1.02516656e-03,-5.91485424e-08,1.96080614e-03,7.26191114e-03,8.78660035e+01,8.67057787e-03,1.14439166e-03,1.62088718e+01,1.39550899e-05,-1.19225104e-04,-4.34439352e-12,1.92640936e-03,7.25381014e-03,-5.91441980e-08,3.43967821e-05,8.10100063e-06
1.80000000e+03,1.04074988e+02,8.67402441e-03,1.04361142e-03,-5.91741559e-08,1.92916301e-03,7.26067607e-03,8.78662408e+01,8.66478903e-03,1.13923179e-03,1.62087477e+01,9.23537913e-06,-9.56203685e-05,-4.32802557e-12,1.89744322e-03,7.25459702e-03,-5.91698279e-08,3.17197852e-05,6.07905011e-06
1.80100000e+03,1.04076346e+02,8.65536586e-03,1.01822120e-03,-5.92785795e-08,1.92674325e-03,7.19585750e-03,8.78674831e+01,8.63865371e-03,1.13923683e-03,1.62088625e+01,1.67121523e-05,-1.21015631e-04,-4.38745831e-12,1.89166089e-03,7.18789603e-03,-5.92741921e-08,3.50823591e-05,7.96146955e-06
1.80200000e+03,1.04076463e+02,8.55044661e-03,1.04040386e-03,-5.93658422e-08,1.87892708e-03,7.11376532e-03,8.78677242e+01,8.54128903e-03,1.13621250e-03,1.62087391e+01,9.15757587e-06,-9.58086401e-05,-4.30119986e-12,1.84754195e-03,7.10802174e-03,-5.93615410e-08,3.13851269e-05,5.74358537e-06
1.80300000e+03,1.04077808e+02,8.37768756e-03,1.07420813e-03,-5.94981349e-08,1.84281058e-03,6.96996402e-03,8.78689541e+01,8.36444905e-03,1.19427903e-03,1.62088534e+01,1.32385115e-05,-1.20070892e-04,-4.18878505e-12,1.80855232e-03,6.96429417e-03,-5.94939461e-08,3.42582532e-05,5.66985591e-06
1.80400000e+03,1.04077902e+02,8.14035275e-03,1.17234641e-03,-5.96359014e-08,1.74625361e-03,6.78236540e-03,8.78691720e+01,8.13071896e-03,1.27007706e-03,1.62087304e+01,9.63378806e-06,-9.77306512e-05,-4.19683013e-12,1.71451348e-03,6.77731769e-03,-5.96317046e-08,3.17401338e-05,5.04771062e-06
1.80500000e+03,1.04079234e+02,7.89655743e-03,1.27625659e-03,-5.97893092e-08,1.65192179e-03,6.55777291e-03,8.78703886e+01,7.88395712e-03,1.39793754e-03,1.62088458e+01,1.26003108e-05,-1.21680948e-04,-4.16731251e-12,1.61657455e-03,6.55390707e-03,-5.97851419e-08,3.53472453e-05,3.86584022e-06
1.80600000e+03,1.04079307e+02,7.48313808e-03,1.41323443e-03,-5.99175106e-08,1.53787296e-03,6.27391793e-03,8.78705853e+01,7.47588063e-03,1.50879464e-03,1.62087220e+01,7.25745673e-06,-9.55602127e-05,-4.01993732e-12,1.50719131e-03,6.27130684e-03,-5.99134907e-08,3.06816454e-05,2.61108779e-06
1.80700000e+03,1.04080605e+02,7.15514082e-03,1.53358089e-03,-6.01089516e-08,1.43269653e-03,5.98949181e-03,8.78717671e+01,7.14566237e-03,1.65411569e-03,1.62088377e+01,9.47844958e-06,-1.20534802e-04,-3.95154280e-12,1.39826300e-03,5.98793983e-03,-6.01050000e-08,3.44335331e-05,1.55197328e-06
1.80800000e+03,1.04080649e+02,6.68140717e-03,1.75461391e-03,-6.02565260e-08,1.26061221e-03,5.63129830e-03,8.78719343e+01,6.67334172e-03,1.84975456e-03,1.62087146e+01,8.06545120e-06,-9.51406480e-05,-4.04653135e-12,1.23009027e-03,5.62948146e-03,-6.02524794e-08,3.05219406e-05,1.81684147e-06
1.80900000e+03,1.04081920e+02,6.26203654e-03,1.92494690e-03,-6.04519145e-08,1.12769950e-03,5.28429285e-03,8.78730895e+01,6.25553362e-03,2.04501861e-03,1.62088300e+01,6.50292250e-06,-1.20071712e-04,-3.92121220e-12,1.09383013e-03,5.28578049e-03,-6.04479933e-08,3.38693677e-05,-1.48763485e-06
1.81000000e+03,1.04081930e+02,5.66694765e-03,2.17106281e-03,-6.05730875e-08,9.36348259e-04,4.85580546e-03,8.78732222e+01,5.65742487e-03,2.26817762e-03,1.62087077e+01,9.52278133e-06,-9.71148171e-05,-3.79466347e-12,9.04851965e-04,4.85390104e-03,-6.05692929e-08,3.14962932e-05,1.90442029e-06
1.81100000e+03,1.04083163e+02,5.22557243e-03,2.35713808e-03,-6.07989194e-08,7.91398983e-04,4.48350226e-03,8.78743399e+01,5.21833833e-03,2.47739781e-03,1.62088233e+01,7.23410186e-06,-1.20259735e-04,-3.81933555e-12,7.56979372e-04,4.48559717e-03,-6.07951000e-08,3.44196106e-05,-2.09491470e-06
1.81200000e+03,1.04083133e+02,4.59048679e-03,2.62137119e-03,-6.09019222e-08,5.94984332e-04,4.01013587e-03,8.78744323e+01,4.58324258e-03,2.71750142e-03,1.62087009e+01,7.24421428e-06,-9.61302345e-05,-3.93578657e-12,5.63872254e-04,4.01068341e-03,-6.08979864e-08,3.11120778e-05,-5.47533254e-07
1.81300000e+03,1.04084324e+02,4.06649663e-03,2.85680688e-03,-6.10706610e-08,4.20222203e-04,3.57662715e-03,8.78755057e+01,4.05291371e-03,2.97846234e-03,1.62088179e+01,1.35829181e-05,-1.21655460e-04,-3.80742031e-12,3.85357417e-04,3.57616744e-03,-6.10668536e-08,3.48647854e-05,4.59717761e-07
1.81400000e+03,1.04084253e+02,3.49175266e-03,3.04734859e-03,-6.12000242e-08,2.59874630e-04,3.14690661e-03,8.78755566e+01,3.48226960e-03,3.14445307e-03,1.62086963e+01,9.48306503e-06,-9.71044822e-05,-3.79539373e-12,2.28162100e-04,3.14645234e-03,-6.11962289e-08,3.17125303e-05,4.54272727e-07
1.81500000e+03,1.04085394e+02,2.89970991e-03,3.33434490e-03,-6.15037793e-08,6.77340959e-05,2.68288469e-03,8.78765814e+01,2.88377500e-03,3.45650437e-03,1.62088122e+01,1.59349077e-05,-1.22159471e-04,-3.89806850e-12,3.27669934e-05,2.68219092e-03,-6.14998813e-08,3.49671025e-05,6.93765468e-07
1.81600000e+03,1.04085276e+02,2.35008381e-03,3.59353241e-03,-6.16286016e-08,-1.31372611e-04,2.24398783e-03,8.78765845e+01,2.33101596e-03,3.69334518e-03,1.62086911e+01,1.90678517e-05,-9.98127748e-05,-3.91725904e-12,-1.64209524e-04,2.23921997e-03,-6.16246844e-08,3.28369125e-05,4.76786087e-06
1.81700000e+03,1.04086377e+02,1.86602464e-03,3.81910374e-03,-6.18749040e-08,-3.02364994e-04,1.83464182e-03,8.78775698e+01,1.84338828e-03,3.94628452e-03,1.62088074e+01,2.26363609e-05,-1.27180779e-04,-3.92339758e-12,-3.40600881e-04,1.83071942e-03,-6.18709806e-08,3.82358864e-05,3.92240053e-06
1.81800000e+03,1.04086216e+02,1.33607967e-03,4.00181288e-03,-6.20690220e-08,-4.41830509e-04,1.42660322e-03,8.78775304e+01,1.31832127e-03,4.10199331e-03,1.62086857e+01,1.77584036e-05,-1.00180430e-04,-3.86874603e-12,-4.74880242e-04,1.42308387e-03,-6.20651532e-08,3.30497326e-05,3.51935285e-06
1.81900000e+03,1.04087274e+02,8.32508578e-04,4.25636050e-03,-6.22373912e-08,-6.24152263e-04,9.95850133e-04,8.78784717e+01,8.02715712e-04,4.38436434e-03,1.62088026e+01,2.97928665e-05,-1.28003844e-04,-3.92718637e-12,-6.62265485e-04,9.87938342e-04,-6.22334640e-08,3.81132222e-05,7.91179113e-06
1.82000000e+03,1.04087074e+02,4.11851242e-04,4.43449980e-03,-6.23395504e-08,-7.75595468e-04,6.39047326e-04,8.78783937e+01,3.82745438e-04,4.53689983e-03,1.62086806e+01,2.91058034e-05,-1.02400022e-04,-3.99880827e-12,-8.10003517e-04,6.29437130e-04,-6.23355515e-08,3.44080493e-05,9.61019527e-06
1.82100000e+03,1.04088094e+02,7.73431242e-05,4.66257986e-03,-6.25033785e-08,-9.38061624e-04,3.06235035e-04,8.78792958e+01,4.16459320e-05,4.79302783e-03,1.62087981e+01,3.56971921e-05,-1.30447967e-04,-4.05637178e-12,-9.78027919e-04,2.95946245e-04,-6.24993221e-08,3.99662957e-05,1.02887903e-05
1.82200000e+03,1.04087857e+02,-3.52374963e-04,4.77189494e-03,-6.25979857e-08,-1.04425688e-03,-6.79587368e-05,8.78791799e+01,-3.84967095e-04,4.87652070e-03,1.62086769e+01,3.25921323e-05,-1.04625756e-04,-4.08454595e-12,-1.07962982e-03,-7.95113931e-05,-6.25939011e-08,3.53729321e-05,1.15526563e-05
1.82300000e+03,1.04088843e+02,-6.58638015e-04,4.92641839e-03,-6.27155196e-08,-1.17988302e-03,-3.90514233e-04,8.78800474e+01,-6.99555606e-04,5.05655476e-03,1.62087951e+01,4.09175914e-05,-1.30136368e-04,-4.16168446e-12,-1.21960980e-03,-4.04444959e-04,-6.27113579e-08,3.97267822e-05,1.39307269e-05
1.82400000e+03,1.04088573e+02,-9.89058591e-04,5.09603169e-03,-6.27908729e-08,-1.31932011e-03,-7.08100913e-04,8.78798990e+01,-1.03087927e-03,5.20079590e-03,1.62086743e+01,4.18206801e-05,-1.04764206e-04,-4.19479310e-12,-1.35542306e-03,-7.24910838e-04,-6.27866781e-08,3.61029525e-05,1.68099251e-05
1.82500000e+03,1.04089537e+02,-1.21734571e-03,5.26020229e-03,-6.28237416e-08,-1.45241083e-03,-9.96555640e-04,8.78807452e+01,-1.26681856e-03,5.39605363e-03,1.62087922e+01,4.94728469e-05,-1.35851339e-04,-4.15302405e-12,-1.49510750e-03,-1.01535656e-03,-6.28195886e-08,4.26966673e-05,1.88009161e-05
1.82600000e+03,1.04089256e+02,-1.57959619e-03,5.34873543e-03,-6.28361123e-08,-1.55732391e-03,-1.33476286e-03,8.78805850e+01,-1.62507254e-03,5.45738607e-03,1.62086714e+01,4.54763447e-05,-1.08650644e-04,-4.22005038e-12,-1.59547596e-03,-1.35502614e-03,-6.28318922e-08,3.81520517e-05,2.02632752e-05
1.82700000e+03,1.04090207e+02,-1.86931575e-03,5.46045161e-03,-6.28926098e-08,-1.66382050e-03,-1.63713421e-03,8.78814175e+01,-1.92663778e-03,5.59881170e-03,1.62087896e+01,5.73220277e-05,-1.38360094e-04,-4.23672827e-12,-1.70833708e-03,-1.66108060e-03,-6.28883730e-08,4.45165712e-05,2.39463874e-05
1.82800000e+03,1.04089924e+02,-2.14303015e-03,5.57322918e-03,-6.29511087e-08,-1.77501226e-03,-1.92376830e-03,8.78812540e+01,-2.19903286e-03,5.68149955e-03,1.62086695e+01,5.60027089e-05,-1.08270366e-04,-4.21588110e-12,-1.81268284e-03,-1.94967895e-03,-6.29468928e-08,3.76705802e-05,2.59106532e-05
1.82900000e+03,1.04090888e+02,-2.40423844e-03,5.73413077e-03,-6.28721826e-08,-1.92411867e-03,-2.23525833e-03,8.78820992e+01,-2.46812899e-03,5.87455852e-03,1.62087891e+01,6.38905504e-05,-1.40427752e-04,-4.23781093e-12,-1.97040712e-03,-2.26397269e-03,-6.28679448e-08,4.62884567e-05,2.87143588e-05
1.83000000e+03,1.04090619e+02,-2.80594957e-03,5.85485336e-03,-6.28947781e-08,-2.03234627e-03,-2.57610660e-03,8.78819491e+01,-2.86893022e-03,5.96884323e-03,1.62086703e+01,6.29806563e-05,-1.13989877e-04,-4.24604741e-12,-2.07384833e-03,-2.60755951e-03,-6.28905320e-08,4.15020560e-05,3.14529030e-05
1.83100000e+03,1.04091601e+02,-3.10033452e-03,5.94611695e-03,-6.27973962e-08,-2.13365231e-03,-2.87981023e-03,8.78828108e+01,-3.17221644e-03,6.08899597e-03,1.62087904e+01,7.18819183e-05,-1.42879025e-04,-4.22508050e-12,-2.18165099e-03,-2.91372181e-03,-6.27931711e-08,4.79986769e-05,3.39115714e-05
